# Blender 4.5.3 LTS
# www.blender.org
mtllib COFRE.mtl
o COFRE
v -3.599286 -0.142558 -7.684319
v -3.256701 -0.173193 -7.914458
v -3.524479 -0.419624 -8.582288
v -4.203212 -0.377807 -8.137002
v -4.203013 -0.172336 -7.516135
v -4.543953 -0.327236 -7.829311
v -4.523462 -0.259868 -7.637177
v -5.310132 -0.456391 -7.911530
v -5.144050 -0.646484 -8.471670
v -5.570051 -0.591894 -8.262732
v -5.720947 -0.395610 -7.749204
v -3.432914 -0.692229 -9.302944
v -4.110146 -0.739931 -9.157111
v -2.838915 -0.270295 -8.353848
v -2.688596 -0.622463 -9.384282
v -1.781136 -0.567524 -9.455994
v -1.864015 -0.225776 -8.457847
v -0.846060 -0.536445 -9.496887
v -0.867653 -0.202963 -8.520432
v 0.045248 -0.193828 -8.540754
v 0.045248 -0.526694 -9.511462
v -5.013044 -0.811721 -8.895334
v -4.813777 -1.085454 -9.506814
v -5.226410 -1.093999 -9.321807
v -5.428896 -0.789580 -8.723391
v -4.628820 -0.808708 -9.034861
v -3.928940 -1.012446 -9.790302
v -4.431247 -1.053877 -9.642780
v -3.328125 -0.960249 -9.939582
v -2.592925 -0.901796 -10.040693
v -1.720119 -0.853593 -10.118443
v -0.827948 -0.823183 -10.158237
v 0.045248 -0.817739 -10.177409
v -4.621978 -1.407407 -10.067912
v -5.015764 -1.459326 -9.911933
v -3.736602 -1.304433 -10.375481
v -4.241483 -1.360354 -10.213706
v -3.232654 -1.254248 -10.476672
v -1.665293 -1.147216 -10.641667
v -2.514415 -1.199160 -10.576914
v -0.809375 -1.125180 -10.690417
v 0.045248 -1.120537 -10.710769
v -3.595551 -1.546030 -10.771215
v -4.122733 -1.613215 -10.592575
v -3.155397 -1.512592 -10.865979
v -1.622837 -1.419863 -11.018869
v -2.464690 -1.469970 -10.954553
v -0.788172 -1.399960 -11.064421
v 0.045248 -1.387626 -11.091579
v -1.917330 0.016233 -7.631631
v -1.934951 0.129082 -7.178479
v -0.894336 0.148238 -7.253508
v -0.883221 0.037310 -7.701921
v -2.970210 -0.023232 -7.506460
v -2.955014 0.095205 -7.052229
v -6.764992 -0.040220 -6.148364
v -6.885571 0.153877 -5.495979
v -6.447372 0.138181 -5.671631
v -6.300443 -0.050586 -6.384851
v -6.527417 -0.449350 -7.321902
v -6.652503 -0.227073 -6.745708
v -6.158232 -0.236052 -7.028896
v -6.014601 -0.442578 -7.606780
v -5.801163 -0.773916 -8.450759
v -6.378405 -0.704975 -7.958032
v -5.895715 -0.619399 -8.080183
v -6.238149 -1.033520 -8.550200
v -5.629232 -1.095791 -9.029072
v -6.147188 -1.272612 -8.971204
v -5.491979 -1.379470 -9.529746
v -7.262193 0.010799 -5.893713
v -7.362801 0.203919 -5.288591
v -6.280240 0.174038 -5.763875
v -6.096423 -0.015620 -6.505703
v -7.065108 -0.411592 -6.976199
v -7.157419 -0.193012 -6.474216
v -5.923212 -0.212397 -7.163293
v -6.961980 -0.654233 -7.500871
v -5.763699 -0.405908 -7.740288
v -5.613937 -0.599394 -8.243281
v -6.862333 -0.936272 -7.996116
v -5.474361 -0.788232 -8.691125
v -5.268870 -1.094316 -9.281912
v -6.797832 -1.168286 -8.376348
v -5.067025 -1.450632 -9.871081
v -7.836075 0.039710 -5.561655
v -7.902342 0.233731 -5.018108
v -7.760278 -0.181885 -6.084368
v -7.628381 -0.592739 -6.912263
v -7.701149 -0.383008 -6.509431
v -7.551875 -0.828008 -7.299180
v -7.455889 -1.072343 -7.719714
v -3.291101 0.193272 -6.537151
v -3.487817 0.184590 -6.502014
v -3.293291 0.197039 -6.519368
v -5.281256 0.077154 -6.065166
v -5.489768 0.253457 -5.218709
v -4.505330 0.310640 -5.488442
v -4.323302 0.138548 -6.323855
v -6.258075 0.185176 -5.772742
v -6.443059 0.348682 -4.964570
v -6.420937 0.343711 -4.969468
v -6.235300 0.179400 -5.780307
v -7.007586 0.314605 -4.765049
v -6.603051 0.310776 -4.889228
v -7.466207 0.368472 -4.635478
v -7.961743 0.399751 -4.468845
v -1.560948 0.817261 -2.978271
v -1.585464 0.963240 -2.502078
v -0.747633 0.973330 -2.561946
v -0.746701 0.832461 -3.024543
v -3.600349 0.742690 -2.678230
v -3.636687 0.925129 -2.165051
v -3.149063 0.941059 -2.272319
v -3.122170 0.774038 -2.764824
v -5.004751 0.765032 -2.761387
v -5.194729 0.911196 -1.638747
v -4.061043 0.942441 -2.070417
v -3.919529 0.803892 -3.058599
v -6.054831 0.709795 -2.433306
v -6.264213 0.855268 -1.222822
v -7.093055 0.765556 -1.756511
v -7.232239 0.819758 -0.975439
v -7.211943 0.818322 -0.976309
v -7.071637 0.762366 -1.762109
v -2.316439 0.184663 -3.703616
v -2.339675 0.544832 -3.334861
v -1.557407 0.574990 -3.422627
v -1.552731 0.210430 -3.806975
v -3.028810 0.150513 -3.580254
v -3.085206 0.502561 -3.216177
v -6.740179 0.580112 -3.470637
v -6.910274 0.682485 -2.616174
v -6.683953 0.690547 -2.254565
v -6.347857 0.476567 -3.901438
v -6.861498 0.574702 -3.389629
v -6.846771 0.577036 -3.394207
v -6.860912 0.564141 -3.434451
v -6.870699 0.563852 -3.422915
v -8.624480 0.793647 -3.446955
v -8.646651 0.875669 -3.044145
v -8.633401 0.852656 -3.043335
v -8.609725 0.769741 -3.447285
v -3.603506 0.227053 -3.607563
v -3.577229 0.171562 -3.530894
v -3.415353 -0.204189 -3.857785
v -3.440311 -0.152681 -3.969380
v -2.303882 -0.196956 -3.951448
v -2.973258 -0.226543 -3.822200
v -1.541851 -0.173960 -4.067183
v -3.867911 0.747212 -2.634067
v -3.999725 0.929663 -2.078674
v -3.951016 0.918374 -2.082932
v -3.794122 0.734189 -2.637156
v -6.589411 0.475239 -4.193691
v -6.073594 0.278574 -5.048476
v -6.751744 0.454656 -4.149929
v -6.632974 0.471909 -4.180007
v -6.464518 0.337193 -4.957961
v -7.106769 0.450845 -4.096591
v -7.548489 0.495806 -4.018161
v -8.564304 0.539390 -4.288315
v -8.594600 0.688467 -3.844460
v -8.580332 0.664560 -3.847419
v -8.550876 0.515483 -4.292163
v -8.333858 0.023501 -5.266379
v -8.366387 0.212073 -4.814807
v -8.278152 -0.408428 -6.088396
v -8.308621 -0.191748 -5.706296
v -8.241290 -0.608413 -6.399805
v -8.171894 -0.830356 -6.741621
v -8.061177 -0.994287 -7.039033
v -8.397393 0.387388 -4.320622
v -7.616335 0.600620 -3.444438
v -7.614166 0.597270 -3.462790
v -7.951077 0.626748 -3.462710
v -7.952971 0.630457 -3.444358
v -5.005690 -0.412292 -7.844006
v -5.074885 -0.356797 -7.649783
v -4.617935 -0.729526 -8.856179
v -4.586665 -0.709814 -8.825191
v -5.853374 0.095852 -5.910808
v -6.892189 0.807632 -1.049089
v -4.769827 -0.700166 -8.713745
v -5.881461 -0.202168 -7.167273
v -5.455028 -0.293659 -7.392444
v -6.049653 -0.011938 -6.528613
v -5.645716 -0.092344 -6.675806
v -8.405446 0.640247 -3.442329
v -8.406013 0.636919 -3.456023
v -8.439292 0.639639 -3.444858
v -8.429559 0.642505 -3.432991
v -8.392341 0.023579 -5.242820
v -8.421255 0.218560 -4.796416
v -8.362261 -0.192036 -5.688105
v -8.291781 -0.615005 -6.368825
v -8.326269 -0.409541 -6.052851
v -8.227875 -0.839397 -6.694777
v -8.136102 -1.002876 -6.964343
v -8.455448 0.396626 -4.303379
v -8.528246 0.809306 -1.808081
v -8.541542 0.812949 -1.808992
v -8.560468 0.798603 -1.421274
v -8.547171 0.794917 -1.420083
v -8.601557 0.829394 -1.813069
v -8.582991 0.821452 -2.214722
v -8.629581 0.867287 -2.216780
v -8.644361 0.876909 -1.812690
v -8.511993 0.639775 -3.444788
v -8.487563 0.543076 -3.854216
v -8.533210 0.585606 -3.857195
v -8.562255 0.692837 -3.448376
v -8.464239 0.098306 -5.219590
v -8.509483 0.318774 -4.772414
v -8.470609 0.248867 -4.783630
v -8.443590 0.060579 -5.225517
v -8.416430 -0.145437 -5.652388
v -8.506252 0.436040 -4.304929
v -8.682989 0.936560 -1.813660
v -8.693362 0.913628 -1.425141
v -8.657839 0.859023 -1.427212
v -8.372552 -0.885971 -6.594729
v -8.319416 -0.866636 -6.643618
v -8.268401 -1.121582 -6.914922
v -8.303390 -1.211181 -6.940981
v -8.346822 -0.584345 -6.316038
v -8.374488 -0.386904 -6.031220
v -8.270772 -0.851924 -6.672917
v -8.209442 -1.044306 -6.919011
v -8.619504 0.814973 -1.426582
v -8.522968 0.803162 -2.209692
v -8.422818 0.538193 -3.862244
v -3.721666 0.483735 -3.108179
v -3.761622 0.540776 -3.167407
v -7.004656 0.665725 -2.605847
v -7.162489 0.743501 -1.739897
v -7.146365 0.748642 -1.743606
v -6.988530 0.670127 -2.607895
v -8.679436 0.961391 -2.226755
v -8.667245 0.938379 -2.224316
v -8.653255 0.911870 -2.635137
v -8.664943 0.934883 -2.639475
v -4.721987 0.527891 -4.302170
v -5.741224 0.469077 -4.045151
v -8.562048 0.791518 -2.616184
v -8.536656 0.725061 -3.036748
v -8.588151 0.774067 -3.040576
v -8.614803 0.836162 -2.620872
v -8.466140 0.714897 -3.032639
v -8.479437 0.716811 -3.033408
v -8.503546 0.774651 -2.610386
v -8.490249 0.770815 -2.609065
v -1.024675 1.037392 -2.125967
v -0.474431 1.039350 -2.157134
v -2.380324 0.954001 -2.409104
v -2.130261 1.031680 -1.996277
v -1.586257 1.034206 -2.074416
v -3.169404 1.022832 -1.789958
v -2.654734 1.028442 -1.904582
v -4.102442 1.012759 -1.502651
v -3.666584 1.016784 -1.653801
v -7.400919 0.830327 -0.253662
v -7.417045 0.822099 -0.250525
v -7.471031 0.828669 0.067061
v -7.458527 0.836186 0.064673
v -7.332167 0.857553 -0.257580
v -7.380408 0.871596 0.056074
v -7.076231 0.890483 0.112612
v -7.008020 0.864162 -0.312749
v -8.644065 0.675869 -0.339648
v -8.650765 0.609507 0.020339
v -8.616344 0.611352 0.017910
v -8.603640 0.673486 -0.338489
v -8.732932 0.678950 0.022568
v -8.713326 0.655937 0.021399
v -8.710650 0.736101 -0.328464
v -8.728890 0.759111 -0.324475
v -8.690364 0.628989 0.020029
v -8.682696 0.700835 -0.334580
v -4.192221 -0.072458 -7.188015
v -4.262101 0.016236 -6.830425
v -3.909782 0.045645 -6.871838
v -3.821194 -0.049243 -7.275568
v -3.683488 0.574072 -4.526152
v -4.488049 1.011423 -1.320942
v -4.484944 1.007261 -1.353821
v -4.942513 0.999301 -1.141323
v -4.949059 1.003003 -1.108447
v -7.460740 0.944836 1.780627
v -7.382292 0.939692 1.500818
v -7.406858 0.937348 1.491033
v -7.491837 0.942465 1.772004
v -7.828758 0.773896 1.716540
v -7.606640 0.927175 1.739941
v -7.536391 0.903242 1.054553
v -7.750827 0.770654 1.040757
v -8.242896 0.529296 1.671606
v -8.195157 0.586443 1.015259
v -8.687113 0.300544 1.610583
v -8.662017 0.313442 1.614177
v -8.638595 0.426323 0.987310
v -8.672216 0.413999 0.985190
v -8.710548 0.414931 0.986470
v -8.722394 0.290473 1.610395
v -8.752004 0.289296 1.609529
v -8.744065 0.433388 0.987400
v -7.528877 0.954282 2.110378
v -7.553903 0.952368 2.110129
v -7.508439 0.910649 1.050115
v -7.422658 0.886040 0.369741
v -7.441244 0.885146 0.372070
v -7.523178 0.911088 1.052944
v -7.636949 0.937565 2.103640
v -7.525017 0.835239 0.384646
v -7.668835 0.765649 0.382847
v -8.156079 0.583449 2.302820
v -7.897939 0.778959 2.369050
v -8.143358 0.647236 0.382607
v -8.418133 0.402739 2.254424
v -8.704805 0.217627 2.213877
v -8.611323 0.542143 0.382456
v -8.661301 0.535276 0.380327
v -8.739496 0.192651 2.212444
v -8.707767 0.559687 0.373381
v -8.766256 0.174311 2.212468
v -8.736976 0.590923 0.369622
v -9.130365 -0.035323 1.514604
v -9.553675 -0.603074 1.443672
v -9.375067 -0.577574 2.208437
v -9.087871 -0.185152 2.211938
v -9.515686 -0.154219 0.730559
v -9.514092 -0.337618 1.090918
v -9.129963 0.182295 0.877861
v -9.132149 0.402431 0.262324
v -9.522483 0.129160 0.117512
v -9.132588 0.600952 -0.361091
v -9.510908 0.356596 -0.447275
v -9.507265 0.603447 -1.703882
v -9.502728 0.525740 -1.070322
v -9.126243 0.756013 -1.046482
v -9.129367 0.826799 -1.761050
v -9.512070 0.592783 -2.334204
v -9.119882 0.810078 -2.488523
v -9.510803 0.491975 -2.988086
v -9.088377 0.687046 -3.232380
v -9.497709 0.308408 -3.606894
v -9.049850 0.471421 -3.947270
v -9.510164 0.044648 -4.128579
v -9.010325 0.237439 -4.476672
v -9.088366 -0.227395 -5.113029
v -9.239957 -0.210054 -4.902744
v -9.210645 -0.185400 -4.910581
v -8.936773 -0.244736 -5.323318
v -8.930010 -0.218891 -5.294648
v -8.645437 -0.303826 -5.721111
v -8.630334 -0.284748 -5.716604
v -8.525222 -0.313047 -5.863205
v -8.529593 -0.335818 -5.884997
v -8.554603 -1.266152 -6.623945
v -8.576034 -0.916943 -6.346255
v -7.297399 0.791352 -0.966182
v -7.281273 0.798418 -0.969282
v -6.386852 0.929072 -0.469936
v -8.636347 0.737529 -0.689702
v -8.590487 0.730390 -0.686133
v -8.575092 0.765364 -1.033557
v -8.630946 0.777685 -1.039753
v -8.726124 0.836408 -0.679495
v -8.708847 0.813398 -0.682534
v -8.703246 0.869189 -1.036794
v -8.718776 0.892202 -1.034504
v -8.677007 0.770986 -0.688152
v -8.669797 0.819634 -1.041733
v -9.719345 -1.026402 1.589975
v -9.598099 -0.997474 2.212290
v -8.814130 0.120781 2.212436
v -8.794844 0.257851 1.598782
v -9.831397 -0.524058 0.429080
v -9.834626 -0.722420 0.644123
v -8.786906 0.410825 0.975244
v -9.825994 -0.343477 0.207336
v -8.784839 0.578300 0.356626
v -9.819788 -0.034068 -0.297346
v -8.780796 0.668408 0.013992
v -9.809781 0.316396 -1.374241
v -8.766640 0.886416 -1.035915
v -8.756197 0.931504 -1.421933
v -9.809695 0.365444 -1.940278
v -8.745753 0.955051 -1.808161
v -8.727299 0.957385 -2.215791
v -9.811397 0.328245 -2.528948
v -8.712806 0.931960 -2.623591
v -8.694512 0.873704 -3.024922
v -9.812800 0.208970 -3.085608
v -8.672343 0.792859 -3.424814
v -8.642463 0.688926 -3.816101
v -9.832300 -0.141416 -3.870811
v -9.842504 -0.140137 -3.848718
v -9.828254 -0.122021 -3.838791
v -8.612167 0.542900 -4.254700
v -8.570641 0.342559 -4.739917
v -9.814597 0.179038 -0.815242
v -8.776754 0.750571 -0.328823
v -8.773988 0.829140 -0.682385
v -9.842569 -0.945716 0.834690
v -9.851019 -1.185132 1.007600
v -9.816907 -1.442286 1.708926
v -9.765201 -1.417415 2.212576
v -8.530807 0.130835 -5.183142
v -8.978686 0.009727 -4.892307
v -9.004321 -0.888567 -5.691553
v -8.999407 -0.535615 -5.385984
v -8.842071 -0.548144 -5.638904
v -8.809358 -0.908608 -6.003301
v -9.007609 -1.202011 -5.902461
v -8.796042 -1.230849 -6.242256
v -9.005048 -0.295801 -5.138330
v -8.886817 -0.312612 -5.333374
v -9.504719 -0.844490 -4.874695
v -9.512478 -0.509263 -4.560837
v -9.219775 -0.516289 -5.027773
v -9.225618 -0.856677 -5.322109
v -9.500761 -1.178613 -5.110293
v -9.237212 -1.190051 -5.552617
v -9.528440 -0.229102 -4.223472
v -9.206813 -0.267771 -4.803723
v -9.242939 -1.518762 -5.745981
v -9.510123 -1.527563 -5.300947
v -9.016177 -1.536001 -6.084329
v -8.695757 -1.473742 -6.525864
v -8.899343 -1.552334 -6.263469
v -9.255504 -1.860954 -5.897561
v -9.272243 -2.223042 -6.010727
v -9.509458 -2.213095 -5.562104
v -9.511140 -1.862412 -5.444231
v -8.279304 -1.854546 -7.322380
v -8.267503 -2.088833 -7.433269
v -8.528094 -2.091113 -7.036753
v -8.531375 -1.838220 -6.935193
v -8.608393 -0.566733 -5.993515
v -8.631363 -0.347583 -5.726760
v -8.518023 -0.362632 -5.903191
v -8.446978 -0.580141 -6.225752
v -9.204324 -0.220029 -4.760688
v -9.007239 -0.252056 -5.091460
v -9.490574 -0.191206 -4.289575
v -8.311269 -1.297988 -6.990022
v -8.296787 -1.588198 -7.173530
v -8.539520 -1.569016 -6.803525
v -8.899449 -0.269570 -5.272368
v -8.633610 -0.316499 -5.691714
v -4.570583 -1.531474 -10.251889
v -3.578210 -1.707321 -10.964470
v -3.398685 -1.713027 -11.036423
v -1.598762 -1.639770 -11.301797
v -2.442226 -1.663950 -11.208354
v -0.777482 -1.622573 -11.347180
v -3.125225 -1.693107 -11.099977
v -5.742510 -0.394074 -7.745124
v -5.903377 -0.200996 -7.166862
v -5.266927 -0.265112 -7.296621
v -5.162867 -0.307815 -7.467275
v -5.574535 -0.158232 -6.947639
v -8.708332 0.936638 -1.424272
v -8.509671 0.799111 -2.208574
v -8.697890 0.959570 -1.814038
v -8.457290 0.646831 -3.413809
v -9.823460 -0.176670 -0.043325
v -9.810205 0.257856 -1.082776
v -9.810211 0.350979 -1.659700
v -9.812902 0.356330 -2.227585
v -9.814189 0.279438 -2.798892
v -9.818112 -0.004006 -3.630405
v -9.815717 0.117832 -3.354014
v -9.817636 0.080945 -0.551675
v -9.860007 -1.473184 1.168388
v -6.785404 0.579477 -3.447866
v -7.086686 0.548950 -3.461411
v -6.900277 0.550334 -3.461921
v -7.309368 0.561235 -3.461560
v -8.019932 0.537329 -3.938752
v -3.680158 0.359927 -5.638535
v -3.591517 0.369610 -5.625779
v -5.066063 -0.105166 -6.842739
v -5.105911 -0.071396 -6.698147
v -4.497362 0.027237 -6.676875
v -4.462226 -0.001845 -6.805454
v -4.331285 0.040564 -6.709582
v -5.494694 -0.122007 -6.778696
v -5.363534 -0.151260 -6.881474
v -5.372059 -0.163061 -6.923428
v -5.332125 -0.222793 -7.137815
v -4.481716 -0.193728 -7.451821
v -4.420874 -0.127270 -7.265564
v -6.073845 -0.005293 -6.517278
v -5.591874 -0.591181 -8.254277
v -5.450447 -0.786611 -8.709477
v -5.248125 -1.091928 -9.302714
v -5.041019 -1.455004 -9.891843
v -7.252017 0.811245 -0.974919
v -7.114170 0.758904 -1.751013
v -6.930932 0.686186 -2.614153
v -6.762671 0.585493 -3.460801
v -6.951461 0.680244 -2.612605
v -6.611466 0.479663 -4.187805
v -7.397298 0.872280 0.056636
v -7.413441 0.861862 0.057634
v -7.454889 0.876284 0.375459
v -7.591641 0.934257 1.743711
v -7.664829 0.947126 2.439556
v -7.647862 0.956640 2.444670
v -7.620811 0.945825 2.107031
v -7.348727 0.858154 -0.258791
v -7.367368 0.847441 -0.260200
v -4.722543 -0.731230 -8.810278
v -7.568427 0.964863 2.457327
v -7.589153 0.963330 2.454531
v -7.575893 0.936054 1.748694
v -7.603564 0.948571 2.109639
v -7.146378 0.938920 0.915137
v -7.001108 0.942133 0.660718
v -7.021796 0.938676 0.651860
v -7.169122 0.935695 0.901213
v -7.271315 0.937248 1.193889
v -7.298378 0.934213 1.177485
v -6.651963 0.956230 0.183215
v -6.434122 0.964101 -0.054001
v -6.458269 0.958962 -0.071025
v -6.676601 0.951504 0.168342
v -6.862700 0.944126 0.408596
v -6.830783 0.948696 0.411575
v -6.172578 0.969155 -0.335420
v -6.152462 0.974013 -0.313020
v -5.396165 0.988615 -0.904158
v -5.385930 0.993840 -0.871279
v -4.108406 1.017495 -1.469775
v -2.365400 0.799751 -2.882109
v -0.748093 0.589458 -3.473655
v 0.045248 0.596196 -3.502034
v 0.045248 0.237490 -3.892532
v -0.739386 0.228359 -3.868779
v -0.742170 -0.163215 -4.128088
v 0.045248 -0.155356 -4.157146
v -3.531161 0.468628 -3.118974
v -3.404424 0.117329 -3.494578
v -3.241295 -0.244807 -3.757815
v 0.045248 1.044863 -2.135513
v 0.045248 1.039721 -2.168389
v -0.474507 1.044431 -2.124258
v -1.024897 1.042480 -2.093088
v -1.586318 1.039663 -2.041540
v -2.131063 1.037168 -1.963391
v -2.655676 1.033862 -1.871706
v -3.171826 1.028330 -1.757080
v -3.669765 1.022593 -1.620925
v -3.910142 0.789729 -2.658467
v -3.653197 0.457961 -3.095474
v 0.045248 0.838743 -3.042957
v -2.292263 -0.579800 -4.125488
v -2.915862 -0.599150 -3.997539
v -1.551498 -0.561189 -4.241004
v -0.742581 -0.552996 -4.311606
v -3.062019 -0.603227 -3.971450
v -3.643657 0.543101 -4.510017
v -3.653500 0.575278 -4.532329
v -3.890105 0.804888 -3.066057
v -3.882179 0.785566 -3.042205
v -4.036726 0.942973 -2.079385
v -3.184247 -0.594487 -4.016592
v -3.350584 -0.240923 -3.776238
v -3.439068 0.355169 -5.752510
v -3.434415 0.339448 -5.747522
v -3.290098 0.178911 -6.515639
v -3.293291 0.197039 -6.519368
v -3.507271 0.115176 -3.481943
v -3.261580 -0.574033 -4.144812
v -3.288074 -0.550212 -4.324690
v -5.331969 -0.143584 -6.861462
v -5.384122 -0.095783 -6.687661
v -3.495785 0.184160 -6.500715
v -3.363282 0.034849 -7.151670
v -4.423246 -0.001411 -6.823637
v -4.408978 -0.008916 -6.858144
v -4.390554 -0.074624 -7.101247
v -4.676435 -0.739824 -8.852160
v -4.564131 -0.670410 -8.740835
v -8.582794 0.571425 0.136953
v -8.599447 0.568242 0.136794
v -7.637509 0.730652 0.153157
v -8.122324 0.644199 0.152498
v -7.504277 0.776176 0.125317
v -8.572317 0.537441 0.007454
v -8.594515 0.534629 0.007285
v -7.620376 0.639165 0.007764
v -8.109868 0.587304 0.011272
v -7.487658 0.667075 -0.008909
v -8.583566 0.398777 -0.154241
v -8.589001 0.472929 -0.087917
v -8.565294 0.474892 -0.087029
v -8.557776 0.398930 -0.153491
v -7.604837 0.513755 -0.079641
v -7.589922 0.363969 -0.126514
v -8.097189 0.394404 -0.140137
v -8.101368 0.495464 -0.087178
v -7.477559 0.521533 -0.093845
v -7.473345 0.355664 -0.133760
v -7.162489 0.743501 -1.739897
v -7.162489 0.721106 -1.739897
v -7.297399 0.768952 -0.966182
v -7.297399 0.791352 -0.966182
v -6.856792 0.329065 -3.315999
v -6.925589 0.451941 -2.985579
v -6.861498 0.550205 -3.389629
v -6.904703 0.552871 -3.443577
v -6.904703 0.528972 -3.443577
v -6.870699 0.539788 -3.422915
v -7.311995 0.564202 -3.443208
v -7.616335 0.569856 -3.444438
v -7.312057 0.534912 -3.443208
v -7.952990 0.600254 -3.444358
v -8.405446 0.613665 -3.442329
v -8.188870 0.611865 -3.443628
v -8.188873 0.640664 -3.443628
v -8.528292 0.780893 -1.808430
v -8.528309 0.770146 -1.808562
v -8.506949 0.772312 -2.209773
v -8.561794 0.762431 -1.032078
v -8.564125 0.732280 -1.032078
v -8.547171 0.764765 -1.420093
v -8.547171 0.794917 -1.420083
v -7.004656 0.665725 -2.605847
v -7.004656 0.643327 -2.605847
v -8.490249 0.719643 -2.609065
v -8.466140 0.628408 -3.032639
v -8.466140 0.688242 -3.032639
v -8.490249 0.744160 -2.609065
v -8.611323 0.542143 0.382456
v -8.599447 0.568242 0.136794
v -8.601724 0.580810 0.113704
v -8.589862 0.646740 -0.340737
v -8.586153 0.446455 -0.360991
v -8.583040 0.533349 -0.685093
v -8.578094 0.698166 -0.685093
v -8.547171 0.719643 -1.420115
v -8.577189 0.728318 -0.685093
v -7.447552 0.353825 -0.135369
v -7.454591 0.524321 -0.095884
v -7.449230 0.536135 -0.123423
v -7.441435 0.361440 -0.169216
v -7.525017 0.835239 0.384646
v -7.471031 0.828669 0.067061
v -7.482231 0.794170 0.109565
v -6.761174 0.025098 -3.858364
v -7.598073 0.186328 -3.837654
v -7.098341 0.098940 -3.843401
v -8.051492 0.256118 -3.825227
v -8.431688 0.301238 -3.802917
v -8.429559 0.617012 -3.432991
v -8.443849 0.622251 -3.409350
v -8.431688 0.301238 -3.802917
v -7.417045 0.822099 -0.250525
v -7.421631 0.799702 -0.230991
v -8.594515 0.534629 0.007285
v -8.595736 0.550547 -0.009128
v -8.583853 0.404082 -0.177253
v -8.589783 0.489123 -0.103811
v -8.589001 0.472929 -0.087917
v -8.583566 0.398777 -0.154241
v -3.735373 0.336909 -5.715315
v -3.637986 0.341196 -5.745112
v -3.355545 0.036131 -7.149680
v -3.001259 0.203989 -6.584712
v -0.905549 0.251768 -6.801167
v 0.045248 0.255865 -6.824267
v 0.045248 0.152945 -7.277139
v -1.952723 0.234541 -6.721408
v -0.883070 0.035237 -7.709739
v 0.045248 0.040576 -7.733909
v -1.916968 0.014160 -7.639436
v -2.971152 -0.025371 -7.513877
v -3.345918 0.017315 -7.224751
v -3.208143 -0.022007 -7.421032
v -3.267225 -0.011772 -7.362195
v -3.308085 0.003672 -7.290095
v -3.261669 -0.009719 -7.356719
v -3.204109 -0.019892 -7.414785
v -3.314549 0.002034 -7.293794
v -3.338301 0.018599 -7.222710
v -3.132760 -0.025327 -7.459678
v -3.052362 -0.026352 -7.490725
v -3.054890 -0.028613 -7.498013
v -3.135330 -0.027597 -7.466985
v -1.944371 0.430235 -6.761692
v -0.894959 0.444883 -6.841111
v -0.905549 0.251768 -6.801167
v -1.952723 0.234541 -6.721408
v -3.009548 0.402290 -6.623735
v -3.001259 0.203989 -6.584712
v -3.206699 0.392617 -6.594338
v -3.291101 0.193272 -6.537151
v -3.288393 0.311646 -6.563869
v -3.280559 0.342586 -6.571887
v -3.264857 0.366406 -6.579595
v -3.239477 0.383921 -6.587451
v -0.894005 0.449033 -6.820759
v -0.904546 0.237285 -6.779375
v 0.045248 0.241304 -6.802436
v 0.045248 0.453860 -6.842529
v -1.942399 0.434329 -6.741401
v -1.950698 0.219995 -6.699677
v -3.006886 0.406377 -6.603525
v -2.998514 0.189527 -6.563091
v -3.207036 0.396909 -6.574216
v -3.293291 0.197039 -6.519368
v -3.290098 0.178911 -6.515639
v -3.280775 0.347012 -6.551814
v -3.288608 0.316079 -6.543789
v -3.265064 0.370850 -6.559531
v -3.239700 0.388347 -6.567368
v -1.942399 0.434329 -6.741401
v -0.894005 0.449033 -6.820759
v -0.894959 0.444883 -6.841111
v -1.944371 0.430235 -6.761692
v -3.006886 0.406377 -6.603525
v -3.009548 0.402290 -6.623735
v -3.207036 0.396909 -6.574216
v -3.206699 0.392617 -6.594338
v -3.291101 0.193272 -6.537151
v -3.293291 0.197039 -6.519368
v -3.288608 0.316079 -6.543789
v -3.288393 0.311646 -6.563869
v -3.280775 0.347012 -6.551814
v -3.280559 0.342586 -6.571887
v -3.265064 0.370850 -6.559531
v -3.264857 0.366406 -6.579595
v -3.239700 0.388347 -6.567368
v -3.239477 0.383921 -6.587451
v -3.495408 0.373223 -5.644121
v -3.602793 0.350628 -5.714243
v -3.626998 0.346951 -5.722532
v -3.479635 0.355254 -5.737346
v -5.800124 0.982942 -0.600046
v -5.818794 0.977805 -0.625098
v -3.180189 -0.251938 -6.382151
v -3.141891 -0.168274 -6.991682
v -3.289518 0.172188 -6.514800
v -3.629929 0.341582 -5.746850
v -3.621842 0.345972 -5.729079
v -3.602886 0.348911 -5.722251
v -3.439068 0.355169 -5.752510
v -0.904546 0.237285 -6.779375
v -1.950698 0.219995 -6.699677
v -1.943382 -0.045835 -7.619255
v -0.904391 -0.021728 -7.680749
v -2.998514 0.189527 -6.563091
v -3.001548 -0.084968 -7.489575
v -3.083150 -0.064697 -7.390214
v -3.137778 0.000320 -7.118782
v -3.139705 -0.138886 -7.035984
v -3.447197 0.343777 -5.646111
v -3.456412 0.374688 -5.651570
v -3.234347 -0.370254 -5.520210
v -3.433446 0.332110 -5.737566
v -3.137984 0.005923 -7.124409
v -0.883070 0.035237 -7.709739
v -1.916968 0.014160 -7.639436
v -1.916912 0.010811 -7.634358
v -0.883033 0.031880 -7.704660
v -2.971152 -0.025371 -7.513877
v -2.970328 -0.028672 -7.508947
v -3.054890 -0.028613 -7.498013
v -3.053221 -0.031845 -7.493154
v -3.135330 -0.027597 -7.466985
v -3.133626 -0.030825 -7.462117
v -3.208143 -0.022007 -7.421032
v -3.205695 -0.025317 -7.416704
v -3.267225 -0.011772 -7.362195
v -3.264009 -0.015112 -7.358266
v -3.314549 0.002034 -7.293794
v -3.310881 -0.001521 -7.290774
v -3.345918 0.017315 -7.224751
v -3.341681 0.013579 -7.222570
v -3.363282 0.034849 -7.151670
v -3.358984 0.031109 -7.149529
v -3.495785 0.184160 -6.500715
v -3.491393 0.179966 -6.500325
v -3.637986 0.341196 -5.745112
v -3.633539 0.336963 -5.745022
v -3.626998 0.346951 -5.722532
v -3.624067 0.342027 -5.724861
v -3.602793 0.350628 -5.714243
v -3.602493 0.345332 -5.717292
v -3.479635 0.355254 -5.737346
v -3.442335 0.352217 -5.748320
v -3.440479 0.356729 -5.744692
v -3.433446 0.332110 -5.737566
v -3.438229 0.334414 -5.743132
v -3.289518 0.172188 -6.514800
v -3.294265 0.175069 -6.515989
v -3.289518 0.172188 -6.514800
v -3.137778 0.000320 -7.118782
v -3.142304 0.002295 -7.122251
v -3.294265 0.175069 -6.515989
v -3.137984 0.005923 -7.124409
v -3.290098 0.178911 -6.515639
v -3.290098 0.178911 -6.515639
v -3.434415 0.339448 -5.747522
v -3.439068 0.355169 -5.752510
v -3.602886 0.348911 -5.722251
v -3.621842 0.345972 -5.729079
v -3.629929 0.341582 -5.746850
v -3.487817 0.184590 -6.502014
v -3.355545 0.036131 -7.149680
v -3.338301 0.018599 -7.222710
v -3.308085 0.003672 -7.290095
v -3.261669 -0.009719 -7.356719
v -3.204109 -0.019892 -7.414785
v -3.132760 -0.025327 -7.459678
v -3.052362 -0.026352 -7.490725
v -2.970210 -0.023232 -7.506460
v -1.917330 0.016233 -7.631631
v -0.883221 0.037310 -7.701921
v 0.045248 0.042622 -7.726081
v 0.045248 0.037198 -7.728843
v -3.290098 0.178911 -6.515639
v -9.615555 -0.177217 -4.078198
v -9.520701 -0.154009 -4.428669
v -9.524521 -0.177886 -4.463147
v -9.227650 -0.213501 -4.853684
v -9.054335 -0.237739 -5.103984
v -9.508074 -0.184531 -4.385857
v -8.919446 -0.256265 -5.299658
v -8.639198 -0.310513 -5.705608
v -8.523107 -0.342871 -5.874460
v -8.722116 -1.606894 -6.552124
v -8.689561 -1.596601 -6.596868
v -8.255532 -2.304375 -7.525651
v -8.534046 -2.274575 -7.093520
v -8.623898 -1.803933 -6.786663
v -8.657352 -1.909326 -6.777946
v -8.640105 -1.818367 -6.767969
v -9.026810 -1.864507 -6.224902
v -8.842731 -1.735732 -6.429214
v -8.846817 -1.773169 -6.439600
v -8.809036 -2.044302 -6.604275
v -9.043209 -2.232929 -6.346816
v -8.827699 -2.020107 -6.568088
v -8.741233 -2.044800 -6.703706
v -8.706659 -2.013847 -6.743569
v -8.661350 -1.606843 -6.644509
v -8.710065 -2.036016 -6.674807
v -8.677453 -1.856640 -6.646577
v -8.679245 -2.008169 -6.710322
v -8.807022 -1.674170 -6.454712
v -8.828273 -1.699907 -6.434651
v -8.839501 -1.803335 -6.463310
v -8.845486 -1.908423 -6.498325
v -8.594181 -1.700171 -6.788100
v -8.604698 -1.674267 -6.760852
v -8.605095 -1.773742 -6.802756
v -8.594347 -1.736172 -6.803286
v -8.828572 -1.817815 -6.485491
v -8.845956 -1.965615 -6.520556
v -8.677514 -1.966596 -6.769499
v -8.862043 -2.244375 -6.601086
v -8.776919 -2.055408 -6.655183
v -8.722075 -1.623698 -6.559492
v -8.804017 -1.688594 -6.465529
v -8.693131 -1.614560 -6.599226
v -8.668084 -1.623657 -6.641560
v -8.613440 -1.688706 -6.753826
v -8.604775 -1.710044 -6.776287
v -8.604888 -1.737668 -6.787922
v -8.613082 -1.766509 -6.787483
v -8.627993 -1.790552 -6.774636
v -8.648084 -1.808315 -6.751665
v -8.666920 -1.906506 -6.762571
v -8.685116 -1.958220 -6.754944
v -8.711077 -2.000351 -6.731814
v -8.741846 -2.027939 -6.696267
v -8.773627 -2.037397 -6.653025
v -8.802291 -2.027485 -6.607683
v -8.823881 -1.999548 -6.565949
v -8.835285 -1.957287 -6.533062
v -8.834832 -1.905637 -6.512971
v -8.816482 -1.807822 -6.499045
v -8.829939 -1.789985 -6.471716
v -8.835804 -1.765952 -6.452864
v -8.832664 -1.737224 -6.444888
v -8.821538 -1.709775 -6.449036
v -8.687064 -1.644809 -6.540310
v -8.762874 -1.705591 -6.453823
v -8.660285 -1.636802 -6.577275
v -8.636971 -1.644680 -6.616469
v -8.586279 -1.704414 -6.720488
v -8.578356 -1.724262 -6.741191
v -8.578335 -1.749741 -6.752097
v -8.585968 -1.776384 -6.751545
v -8.599983 -1.798152 -6.739082
v -8.618644 -1.814236 -6.717558
v -8.634381 -1.914985 -6.742439
v -8.653096 -1.966377 -6.733862
v -8.741863 -2.044861 -6.631313
v -8.770688 -2.035542 -6.585952
v -8.792604 -2.008208 -6.543977
v -8.804259 -1.966208 -6.510839
v -8.803938 -1.914619 -6.490579
v -8.774245 -1.814267 -6.484402
v -8.787113 -1.798398 -6.458801
v -8.792808 -1.776435 -6.441118
v -8.789804 -1.749856 -6.433862
v -8.779264 -1.724643 -6.438078
v -8.731225 -1.856499 -6.566279
v -8.706337 -1.866982 -6.607974
v -9.811866 -0.157849 -3.826138
v -9.801489 -0.159595 -3.849138
v -7.089332 0.551660 -3.443069
v -7.089358 0.524731 -3.443069
v -6.861498 0.574702 -3.389629
v -6.761174 0.025098 -3.858364
v -6.870699 0.563852 -3.422915
v -6.870699 0.539788 -3.422915
v -7.080427 0.622715 -2.190132
v -7.231462 0.603872 -1.344333
v -7.462139 0.680131 -0.035789
v -7.467234 0.670449 -0.012288
v -7.486558 0.783381 0.124238
v -7.162489 0.634712 -1.739897
v -7.297399 0.540654 -0.966182
v -7.004656 0.561533 -2.605847
v -8.429559 0.617012 -3.432991
v -8.450787 0.482075 -3.419397
v -8.443849 0.647983 -3.409350
v -8.429559 0.642505 -3.432991
v -8.466140 0.714897 -3.032639
v -8.490249 0.770815 -2.609065
v -8.509671 0.799111 -2.208574
v -8.570992 0.643496 -1.032078
v -8.590343 0.672700 -0.338110
v -8.186969 0.637002 -3.460342
v -7.629587 0.960344 2.449087
v -8.603046 0.612065 0.016980
v -8.590343 0.672700 -0.338110
v -8.577189 0.728318 -0.685093
v -8.561794 0.762431 -1.032078
v -8.443849 0.647983 -3.409350
v -8.528246 0.809306 -1.808081
v -7.486558 0.783381 0.124238
v -7.467234 0.670449 -0.012288
v -7.454591 0.524321 -0.095884
v -7.447552 0.353825 -0.135369
v -8.603046 0.612065 0.016980
v -7.119839 0.907309 0.384565
v -3.440479 0.356729 -5.744692
v -3.494573 -1.717250 -11.009722
v -4.490516 -0.194402 -7.449780
v -4.428798 -0.127636 -7.263206
v -5.063492 -0.107119 -6.851196
v -5.329260 -0.145884 -6.869790
v -4.996936 -0.411025 -7.842068
v -4.762622 -0.698625 -8.712356
v -5.155787 -0.307234 -7.465786
v -5.068192 -0.356176 -7.649053
v -4.532126 -0.260708 -7.635828
v -4.552881 -0.328232 -7.828171
v -5.363157 -0.163120 -6.921770
v -5.326628 -0.222617 -7.136575
v -5.258931 -0.263896 -7.292544
v -4.459640 -0.003725 -6.813921
v -5.356147 -0.152712 -6.886514
v -4.673267 -0.736247 -8.844853
v -4.620311 -0.727197 -8.849592
v -4.592969 -0.709956 -8.822372
v -4.714145 -0.728906 -8.807817
v -4.572113 -0.671396 -8.739846
v -4.398850 -0.074714 -7.097620
v -4.417895 -0.010229 -6.859014
v -4.429124 -0.003872 -6.830076
v -4.428798 -0.127636 -7.263206
v -4.490516 -0.194402 -7.449780
v -4.491130 -0.208279 -7.430439
v -4.429210 -0.141211 -7.243073
v -5.329260 -0.145884 -6.869790
v -5.063492 -0.107119 -6.851196
v -5.063492 -0.123154 -6.851196
v -5.329260 -0.161924 -6.869790
v -4.762622 -0.698625 -8.712356
v -4.996936 -0.411025 -7.842068
v -4.991782 -0.430981 -7.838547
v -4.760865 -0.707094 -8.696123
v -5.155787 -0.307234 -7.465786
v -5.154149 -0.321213 -7.446702
v -5.067040 -0.369817 -7.629101
v -5.068192 -0.356176 -7.649053
v -4.532126 -0.260708 -7.635828
v -4.532535 -0.274267 -7.615647
v -4.552881 -0.328232 -7.828171
v -4.553352 -0.348100 -7.824414
v -5.326628 -0.222617 -7.136575
v -5.363157 -0.163120 -6.921770
v -5.363157 -0.179157 -6.921770
v -5.326375 -0.234638 -7.112395
v -5.257780 -0.277583 -7.272690
v -5.258931 -0.263896 -7.292544
v -4.459640 -0.003725 -6.813921
v -4.459640 -0.019765 -6.813921
v -5.356147 -0.152712 -6.886514
v -5.356147 -0.168750 -6.886514
v -5.363157 -0.163120 -6.921770
v -5.363157 -0.179157 -6.921770
v -4.673267 -0.736247 -8.844853
v -4.680033 -0.740317 -8.806719
v -4.620233 -0.730009 -8.810447
v -4.620311 -0.727197 -8.849592
v -4.592969 -0.709956 -8.822372
v -4.592607 -0.712832 -8.784638
v -4.714145 -0.728906 -8.807817
v -4.721042 -0.732929 -8.771973
v -4.572113 -0.671396 -8.739846
v -4.575077 -0.680537 -8.719004
v -4.398850 -0.074714 -7.097620
v -4.399682 -0.086745 -7.073469
v -4.417895 -0.010229 -6.859014
v -4.417895 -0.026264 -6.859014
v -4.429124 -0.003872 -6.830076
v -4.429124 -0.019907 -6.830076
v -4.504921 -0.519333 -6.996699
v -4.438973 -0.462759 -6.766221
v -5.118033 -0.629453 -7.025869
v -5.050604 -0.629240 -7.231418
v -4.540769 -0.548418 -7.207556
v -4.939471 -0.633540 -7.802873
v -4.559032 -0.587600 -7.779172
v -5.320743 -0.502256 -6.574065
v -5.290029 -0.546938 -6.701855
v -5.229375 -0.593335 -6.819219
v -4.416700 -0.408781 -6.672937
v -4.859653 -0.683535 -7.794485
v -4.615890 -0.639077 -7.780852
v -4.578616 -0.620400 -7.778623
v -4.907466 -0.676850 -7.803093
v -4.419144 -0.365327 -6.532502
v -4.560226 -0.581821 -7.181696
v -4.596478 -0.599375 -7.181577
v -4.980509 -0.669878 -7.203977
v -5.022779 -0.662285 -7.217244
v -4.523643 -0.553867 -6.960402
v -4.556090 -0.567881 -6.951528
v -5.057050 -0.659399 -6.978327
v -5.093058 -0.656089 -6.995869
v -4.461799 -0.495361 -6.743618
v -4.495822 -0.508974 -6.732414
v -5.161637 -0.630171 -6.768320
v -5.200965 -0.626640 -6.787671
v -4.441061 -0.457270 -6.643948
v -4.485200 -0.480534 -6.638540
v -5.200788 -0.605542 -6.658452
v -5.257333 -0.594216 -6.664421
v -4.446276 -0.422424 -6.523486
v -4.492920 -0.449878 -6.526035
v -5.220511 -0.575195 -6.539240
v -5.279162 -0.563161 -6.542119
v -4.519104 -0.121235 -5.698230
v -4.521801 0.200523 -5.737424
v -4.595205 -0.249966 -5.680908
v -4.707882 -0.275483 -5.670801
v -5.188643 -0.351929 -5.719941
v -5.309322 -0.332129 -5.724211
v -5.406571 -0.199880 -5.760246
v -5.447804 0.099024 -5.811646
v -5.447804 0.099024 -5.811646
v -4.498846 -0.079253 -5.231025
v -4.503821 0.311658 -5.241292
v -4.606888 -0.222280 -5.201846
v -4.739679 -0.259482 -5.207812
v -5.084552 -0.289658 -5.211042
v -5.247579 -0.247715 -5.221929
v -5.365131 -0.076963 -5.206264
v -5.379694 0.232290 -5.224746
v -5.379694 0.232290 -5.224746
v -4.498846 -0.079253 -5.231025
v -4.930334 0.005083 -4.841147
v -4.606888 -0.222280 -5.201846
v -4.739679 -0.259482 -5.207812
v -5.084552 -0.289658 -5.211042
v -5.247579 -0.247715 -5.221929
v -5.365131 -0.076963 -5.206264
v -9.840557 -0.534788 0.420332
v -9.842553 -0.731936 0.633079
v -9.834361 -0.187744 -0.049153
v -9.836055 -0.354073 0.199468
v -9.829602 0.070190 -0.555754
v -9.831202 -0.045091 -0.302214
v -9.822882 0.340420 -1.657861
v -9.822449 0.305693 -1.373633
v -9.825472 0.346450 -2.223137
v -9.822484 0.355212 -1.937590
v -9.826296 0.270959 -2.791345
v -9.824058 0.318955 -2.523569
v -9.827478 0.110786 -3.344666
v -9.824969 0.201348 -3.077283
v -9.822713 0.246958 -1.083276
v -9.826893 0.168218 -0.817920
v -9.848682 -0.953460 0.821345
v -9.854557 -1.189400 0.991958
v -9.831485 -0.011479 -3.619787
v -9.861351 -1.474190 1.151816
v -9.684852 -0.136934 -4.147571
v -9.703374 -0.157612 -4.149909
v -9.806269 -0.039111 -3.606843
v -9.841202 -0.119314 -3.809614
v -9.811098 -0.141541 -3.795039
v -9.807679 -0.745393 0.620054
v -9.807454 -0.551475 0.406457
v -9.804574 -0.373628 0.185564
v -9.804379 -0.209934 -0.062407
v -9.802505 -0.069541 -0.314280
v -9.802062 0.043811 -0.566360
v -9.797145 0.275639 -1.378479
v -9.797888 0.309839 -1.660510
v -9.797692 0.324355 -1.938030
v -9.800802 0.315547 -2.221299
v -9.799419 0.288247 -2.519451
v -9.801583 0.240698 -2.784988
v -9.800088 0.171770 -3.068735
v -9.802191 0.082314 -3.333850
v -9.800340 0.140263 -0.826887
v -9.796910 0.217768 -1.090283
v -9.816091 -1.195320 0.984729
v -9.811887 -0.963228 0.810498
v -9.822139 -1.478736 1.148428
v -8.487945 -0.101960 -5.606196
v -8.413836 -0.356191 -6.021743
v -8.444708 -0.109411 -5.645400
v -9.675227 -0.166587 -4.099180
v -9.637623 -0.174748 -4.040872
v -8.384783 -0.578847 -6.299214
v -8.522778 0.342681 -4.768577
v -8.482944 0.132478 -5.214231
v -8.442803 -0.358325 -5.997544
v -4.118713 -1.622075 -10.605500
v -4.567072 -1.540439 -10.264894
v -3.577098 -1.717665 -10.976855
v -2.441107 -1.673762 -11.221179
v -3.123582 -1.702939 -11.112721
v -1.597686 -1.649687 -11.314533
v -0.777008 -1.632587 -11.359885
v -3.394595 -1.721633 -11.048557
v -5.011065 -1.467475 -9.925100
v -5.036380 -1.463139 -9.905036
v -5.488445 -1.387387 -9.543398
v -6.144157 -1.280449 -8.985029
v -6.795515 -1.176626 -8.390012
v -7.452757 -1.080317 -7.733440
v -8.061835 -1.002881 -7.047449
v -8.133347 -1.012163 -6.977136
v -8.205323 -1.053764 -6.931475
v -8.261572 -1.124936 -6.925976
v -8.296131 -1.212131 -6.951897
v -8.302335 -1.299160 -7.003467
v -8.287921 -1.588899 -7.187046
v -8.270486 -1.855127 -7.335935
v -8.258661 -2.088969 -7.446811
v -5.062474 -1.458667 -9.884365
v -3.489311 -1.726171 -11.022148
v -8.245850 -2.305429 -7.540805
v -9.272127 -2.237998 -6.016894
v -9.509375 -2.228369 -5.567412
v -8.866186 -2.260015 -6.600835
v -9.043891 -2.248276 -6.351894
v -8.254376 -2.320740 -7.533108
v -8.533170 -2.289441 -7.100129
v -8.244620 -2.321855 -7.548313
v -4.109607 -1.643852 -10.587498
v -4.557444 -1.562331 -10.247312
v -3.568954 -1.739389 -10.958332
v -2.437825 -1.696979 -11.202966
v -3.118701 -1.725878 -11.094519
v -1.595594 -1.672983 -11.296249
v -0.776029 -1.655707 -11.341282
v -3.388579 -1.744233 -11.030273
v -5.026660 -1.485351 -9.887915
v -5.478991 -1.410522 -9.527375
v -6.134175 -1.303642 -8.969404
v -6.784063 -1.199150 -8.374429
v -7.438674 -1.101037 -7.717517
v -8.044882 -1.021079 -7.031235
v -8.114681 -1.028393 -6.960713
v -8.185838 -1.068576 -6.914673
v -8.241079 -1.138611 -6.909404
v -8.274264 -1.224204 -6.935854
v -8.279408 -1.309175 -6.987483
v -8.264290 -1.597072 -7.171040
v -8.246410 -1.861975 -7.319973
v -8.234340 -2.094882 -7.430850
v -3.482434 -1.748271 -11.003564
v -8.221380 -2.309536 -7.524431
v -8.220237 -2.327388 -7.532310
v -4.159574 -1.645546 -10.441225
v -4.535094 -1.576401 -10.188874
v -3.442409 -1.761479 -10.914719
v -2.424518 -1.698891 -11.068789
v -3.113534 -1.726765 -10.959582
v -1.593930 -1.674047 -11.158115
v -0.778468 -1.658969 -11.211572
v 0.045248 -1.652783 -11.357156
v 0.045248 -1.655495 -11.222588
v -3.381903 -1.746677 -10.923018
v -5.460375 -1.415593 -9.464121
v -6.111898 -1.312441 -8.907558
v -6.764004 -1.209228 -8.298140
v -7.405061 -1.116689 -7.636977
v -8.024459 -1.029790 -6.902597
v -5.006778 -1.495170 -9.831516
v -8.104706 -1.053891 -6.845090
v -8.167350 -1.099160 -6.830166
v -8.216125 -1.155600 -6.827265
v -8.256246 -1.230844 -6.840122
v -8.280889 -1.313669 -6.861032
v -8.278877 -1.626106 -7.054668
v -8.273541 -1.884414 -7.201059
v -8.264304 -2.125561 -7.319324
v -8.257935 -2.321965 -7.433269
v -8.230013 -2.326318 -7.517095
v -9.518361 -2.228003 -5.550378
v -9.518460 -2.212715 -5.545081
v -9.520741 -1.862466 -5.427197
v -9.520346 -1.527900 -5.283914
v -9.510905 -1.178174 -5.093259
v -9.515339 -0.844026 -4.857661
v -9.523151 -0.509009 -4.543816
v -9.534468 -0.234385 -4.216374
v -9.474899 -2.234814 -5.549060
v -9.238956 -2.245737 -5.996724
v -9.012343 -2.256848 -6.329573
v -8.834508 -2.268203 -6.578555
v -8.230013 -2.326318 -7.517095
v -8.257935 -2.321965 -7.433269
v -8.500908 -2.297212 -7.078547
v -8.220237 -2.327388 -7.532310
v -9.483843 -2.234170 -5.532016
v -9.484053 -2.218862 -5.526499
v -9.483843 -2.234170 -5.532016
v -9.486837 -1.869722 -5.408095
v -9.487332 -1.537847 -5.264470
v -9.478834 -1.190654 -5.073696
v -9.484461 -0.859392 -4.838240
v -9.492779 -0.526553 -4.525471
v -9.514110 -0.248679 -4.203738
v -7.631235 0.961088 2.470583
v -7.591349 0.964013 2.475981
v -7.900215 0.779125 2.390505
v -7.666614 0.947739 2.461045
v -8.157950 0.582807 2.324302
v -8.419382 0.400808 2.275874
v -8.705432 0.214687 2.235239
v -8.740101 0.189194 2.233728
v -8.766756 0.170271 2.233652
v -9.763041 -1.416558 2.234019
v -9.593978 -0.996490 2.233442
v -9.371196 -0.579053 2.229409
v -9.086588 -0.189676 2.232993
v -8.814620 0.116403 2.233555
v -7.649583 0.957329 2.466165
v -7.570869 0.965512 2.478750
v -7.630514 0.927548 2.468765
v -7.875948 0.744379 2.393083
v -8.133148 0.548310 2.325171
v -8.395571 0.365649 2.274211
v -8.681248 0.179941 2.231543
v -8.727149 0.146796 2.228628
v -9.555871 -1.014266 2.227305
v -9.721862 -1.426109 2.229504
v -9.053986 -0.215997 2.225913
v -9.335760 -0.601285 2.221941
v -8.783180 0.088383 2.227883
v -7.586559 0.919899 2.466863
v -7.642708 0.868481 2.449609
v -7.608647 0.855683 2.450129
v -8.739950 0.133452 2.228457
v -9.860284 -1.483438 1.173738
v -9.818723 -1.453194 1.711838
v -9.768240 -1.428404 2.212556
v -9.861579 -1.484444 1.157182
v -9.822348 -1.488946 1.153904
v -9.766110 -1.427537 2.234001
v -9.724930 -1.437090 2.229522
v -9.822139 -1.478736 1.148428
v -9.721862 -1.426109 2.229504
v -9.724930 -1.437090 2.229522
v -9.822348 -1.488946 1.153904
v -9.849790 -1.490933 1.176465
v -9.809239 -1.462036 1.712878
v -9.853539 -1.491036 1.166838
v -9.828908 -1.494483 1.164900
v -9.734731 -1.442408 2.222659
v -9.828908 -1.494483 1.164900
v -9.761253 -1.436241 2.225713
v -9.734731 -1.442408 2.222659
v -9.762333 -1.436822 2.214175
v -9.545027 -0.709913 1.383164
v -9.335760 -0.601285 2.221941
v -9.555871 -1.014266 2.227305
v -9.385458 -0.550791 1.875725
v -9.210980 -0.358116 2.033735
v -9.053986 -0.215997 2.225913
v -9.014461 -0.156495 2.135586
v -8.796872 0.073217 2.222542
v -8.783180 0.088383 2.227883
v -9.481101 -0.675743 1.664343
v -9.816091 -1.195320 0.984729
v -9.811887 -0.963228 0.810498
v -9.618293 -0.615264 1.061020
v -9.762333 -1.436822 2.214175
v -9.809239 -1.462036 1.712878
v -9.849790 -1.490933 1.176465
v -9.853539 -1.491036 1.166838
v -9.761253 -1.436241 2.225713
v 0.045248 0.042622 -7.726081
v 0.045248 0.973813 -2.589844
v 0.045248 -1.619331 -11.363704
v 0.045248 0.255865 -6.824267
v 0.045248 0.449795 -6.862913
v 0.045248 0.453860 -6.842529
v 0.045248 0.449795 -6.862913
v 0.045248 0.241304 -6.802436
v 0.045248 -0.017236 -7.712658
v 0.045248 0.040576 -7.733909
v 0.045248 -1.629848 -11.375998
v 0.045248 -0.549756 -4.335127
v -3.180189 -0.251938 -6.382151
v -3.289518 0.172188 -6.514800
v 3.689784 -0.142558 -7.684319
v 3.614976 -0.419621 -8.582277
v 3.347197 -0.173191 -7.914458
v 4.293709 -0.377807 -8.137002
v 4.293510 -0.172334 -7.516135
v 4.634449 -0.327231 -7.829311
v 4.613960 -0.259865 -7.637177
v 5.400628 -0.456391 -7.911530
v 5.811443 -0.395610 -7.749204
v 5.660548 -0.591894 -8.262732
v 5.234546 -0.646482 -8.471670
v 3.523411 -0.692229 -9.302944
v 4.200643 -0.739931 -9.157111
v 2.929412 -0.270293 -8.353848
v 2.779093 -0.622460 -9.384282
v 1.871634 -0.567524 -9.455994
v 1.954512 -0.225776 -8.457847
v 0.936557 -0.536445 -9.496887
v 0.958150 -0.202963 -8.520432
v 5.103541 -0.811718 -8.895334
v 5.519392 -0.789577 -8.723391
v 5.316906 -1.093999 -9.321807
v 4.904274 -1.085454 -9.506814
v 4.719318 -0.808706 -9.034861
v 4.521744 -1.053877 -9.642780
v 4.019437 -1.012446 -9.790302
v 3.418622 -0.960249 -9.939582
v 2.683423 -0.901796 -10.040693
v 1.810616 -0.853593 -10.118443
v 0.918445 -0.823183 -10.158237
v 5.106262 -1.459326 -9.911933
v 4.712475 -1.407404 -10.067912
v 3.827100 -1.304433 -10.375481
v 4.331980 -1.360354 -10.213706
v 3.323151 -1.254248 -10.476672
v 1.755790 -1.147216 -10.641667
v 2.604912 -1.199160 -10.576914
v 0.899873 -1.125180 -10.690417
v 4.213230 -1.613212 -10.592575
v 3.686048 -1.546030 -10.771215
v 3.245893 -1.512592 -10.865979
v 2.555187 -1.469970 -10.954553
v 1.713334 -1.419863 -11.018869
v 0.878669 -1.399960 -11.064421
v 2.007827 0.016236 -7.631631
v 0.973718 0.037310 -7.701921
v 0.984834 0.148238 -7.253508
v 2.025448 0.129082 -7.178479
v 3.060707 -0.023232 -7.506460
v 3.045511 0.095205 -7.052229
v 6.855489 -0.040220 -6.148364
v 6.390939 -0.050586 -6.384841
v 6.537870 0.138184 -5.671631
v 6.976068 0.153877 -5.495979
v 6.617913 -0.449345 -7.321902
v 6.105099 -0.442575 -7.606780
v 6.248728 -0.236050 -7.028896
v 6.743000 -0.227070 -6.745708
v 5.891660 -0.773916 -8.450759
v 5.986211 -0.619399 -8.080183
v 6.468901 -0.704975 -7.958032
v 6.328646 -1.033520 -8.550200
v 5.719728 -1.095791 -9.029072
v 6.237685 -1.272612 -8.971204
v 5.582477 -1.379467 -9.529746
v 7.352690 0.010799 -5.893713
v 7.453296 0.203921 -5.288591
v 6.370737 0.174043 -5.763875
v 6.186921 -0.015620 -6.505703
v 7.155605 -0.411592 -6.976199
v 7.247914 -0.193010 -6.474216
v 6.013710 -0.212397 -7.163293
v 7.052475 -0.654233 -7.500862
v 5.854196 -0.405905 -7.740288
v 5.704433 -0.599394 -8.243281
v 6.952829 -0.936269 -7.996116
v 5.564857 -0.788232 -8.691125
v 5.359366 -1.094314 -9.281912
v 6.888330 -1.168283 -8.376348
v 5.157523 -1.450629 -9.871081
v 7.992838 0.233731 -5.018108
v 7.926570 0.039712 -5.561655
v 7.850774 -0.181882 -6.084368
v 7.791646 -0.383008 -6.509431
v 7.718875 -0.592739 -6.912263
v 7.642371 -0.828003 -7.299180
v 7.546385 -1.072341 -7.719714
v 3.381598 0.193272 -6.537151
v 3.383788 0.197039 -6.519368
v 3.578315 0.184590 -6.502014
v 5.371752 0.077154 -6.065166
v 4.413799 0.138550 -6.323855
v 4.595827 0.310640 -5.488442
v 5.580264 0.253457 -5.218699
v 6.348571 0.185176 -5.772742
v 6.325796 0.179404 -5.780307
v 6.511433 0.343713 -4.969468
v 6.533555 0.348687 -4.964570
v 6.693547 0.310776 -4.889219
v 7.098082 0.314605 -4.765049
v 7.556703 0.368472 -4.635478
v 8.052238 0.399753 -4.468845
v 1.651445 0.817261 -2.978271
v 0.837197 0.832461 -3.024543
v 0.838130 0.973330 -2.561946
v 1.675961 0.963240 -2.502078
v 3.690846 0.742690 -2.678230
v 3.212666 0.774038 -2.764824
v 3.239560 0.941059 -2.272319
v 3.727185 0.925129 -2.165051
v 5.095247 0.765034 -2.761387
v 4.010026 0.803892 -3.058599
v 4.151539 0.942441 -2.070417
v 5.285226 0.911196 -1.638747
v 6.145327 0.709795 -2.433306
v 6.354709 0.855268 -1.222822
v 7.183550 0.765556 -1.756511
v 7.162132 0.762368 -1.762109
v 7.302439 0.818325 -0.976309
v 7.322733 0.819761 -0.975439
v 2.406936 0.184663 -3.703616
v 1.643228 0.210430 -3.806975
v 1.647904 0.574993 -3.422627
v 2.430172 0.544834 -3.334861
v 3.119307 0.150515 -3.580254
v 3.175703 0.502563 -3.216177
v 6.830676 0.580117 -3.470637
v 6.438354 0.476567 -3.901438
v 6.774449 0.690547 -2.254565
v 7.000770 0.682485 -2.616174
v 6.951994 0.574702 -3.389629
v 6.961195 0.563855 -3.422915
v 6.951410 0.564141 -3.434451
v 6.937267 0.577036 -3.394207
v 8.714976 0.793652 -3.446955
v 8.700221 0.769746 -3.447285
v 8.723898 0.852659 -3.043335
v 8.737146 0.875669 -3.044145
v 3.694003 0.227056 -3.607563
v 3.530808 -0.152681 -3.969380
v 3.505850 -0.204187 -3.857785
v 3.667726 0.171562 -3.530894
v 3.063755 -0.226543 -3.822200
v 2.394379 -0.196956 -3.951448
v 1.632349 -0.173960 -4.067183
v 3.958408 0.747212 -2.634067
v 3.884619 0.734192 -2.637156
v 4.041513 0.918374 -2.082932
v 4.090222 0.929665 -2.078674
v 6.164091 0.278577 -5.048476
v 6.679909 0.475239 -4.193691
v 6.555015 0.337195 -4.957961
v 6.723470 0.471909 -4.180007
v 6.842242 0.454658 -4.149929
v 7.197265 0.450845 -4.096591
v 7.638986 0.495808 -4.018161
v 8.654800 0.539395 -4.288315
v 8.641373 0.515486 -4.292163
v 8.670828 0.664563 -3.847419
v 8.685096 0.688472 -3.844460
v 8.424354 0.023504 -5.266379
v 8.456884 0.212075 -4.814807
v 8.399117 -0.191748 -5.706296
v 8.368649 -0.408428 -6.088396
v 8.331787 -0.608413 -6.399805
v 8.262390 -0.830356 -6.741621
v 8.151673 -0.994287 -7.039033
v 8.487890 0.387390 -4.320622
v 7.706831 0.600623 -3.444438
v 8.043468 0.630459 -3.444358
v 8.041573 0.626748 -3.462710
v 7.704662 0.597270 -3.462790
v 5.096187 -0.412290 -7.844006
v 5.165381 -0.356794 -7.649783
v 4.677162 -0.709812 -8.825191
v 4.708433 -0.729526 -8.856179
v 5.943870 0.095855 -5.910808
v 6.982686 0.807634 -1.049089
v 4.860324 -0.700163 -8.713745
v 5.545524 -0.293657 -7.392444
v 5.971957 -0.202168 -7.167273
v 6.140149 -0.011936 -6.528613
v 5.736213 -0.092344 -6.675806
v 8.495943 0.640249 -3.442329
v 8.520056 0.642505 -3.432991
v 8.529789 0.639641 -3.444846
v 8.496509 0.636919 -3.456023
v 8.482838 0.023579 -5.242820
v 8.511751 0.218565 -4.796416
v 8.452756 -0.192036 -5.688105
v 8.382278 -0.615005 -6.368825
v 8.416765 -0.409538 -6.052851
v 8.318372 -0.839394 -6.694777
v 8.226599 -1.002873 -6.964343
v 8.545944 0.396626 -4.303379
v 8.618742 0.809309 -1.808081
v 8.637667 0.794917 -1.420083
v 8.650964 0.798603 -1.421274
v 8.632040 0.812954 -1.808992
v 8.692054 0.829394 -1.813069
v 8.734857 0.876911 -1.812690
v 8.720078 0.867290 -2.216780
v 8.673488 0.821455 -2.214722
v 8.602490 0.639778 -3.444788
v 8.652753 0.692842 -3.448376
v 8.623706 0.585606 -3.857195
v 8.578059 0.543076 -3.854216
v 8.554736 0.098308 -5.219590
v 8.534087 0.060581 -5.225517
v 8.561107 0.248867 -4.783630
v 8.599980 0.318777 -4.772405
v 8.506926 -0.145434 -5.652388
v 8.596748 0.436040 -4.304929
v 8.773486 0.936562 -1.813660
v 8.748336 0.859023 -1.427212
v 8.783859 0.913628 -1.425141
v 8.463048 -0.885971 -6.594729
v 8.393886 -1.211179 -6.940981
v 8.358898 -1.121582 -6.914922
v 8.409913 -0.866636 -6.643618
v 8.464985 -0.386904 -6.031209
v 8.437319 -0.584345 -6.316038
v 8.361268 -0.851924 -6.672917
v 8.299939 -1.044306 -6.919011
v 8.710001 0.814975 -1.426582
v 8.613466 0.803164 -2.209692
v 8.513314 0.538193 -3.862244
v 3.812163 0.483735 -3.108179
v 3.852118 0.540776 -3.167407
v 7.095151 0.665727 -2.605847
v 7.079026 0.670127 -2.607886
v 7.236860 0.748642 -1.743606
v 7.252986 0.743503 -1.739897
v 8.769934 0.961391 -2.226755
v 8.755439 0.934883 -2.639475
v 8.743752 0.911872 -2.635137
v 8.757742 0.938379 -2.224316
v 5.831720 0.469080 -4.045151
v 4.812484 0.527891 -4.302170
v 8.652544 0.791521 -2.616184
v 8.705299 0.836164 -2.620872
v 8.678648 0.774067 -3.040566
v 8.627153 0.725063 -3.036748
v 8.556636 0.714897 -3.032639
v 8.580746 0.770818 -2.609065
v 8.594042 0.774651 -2.610386
v 8.569934 0.716814 -3.033408
v 0.564928 1.039350 -2.157134
v 1.115171 1.037392 -2.125967
v 2.470821 0.954004 -2.409104
v 1.676754 1.034206 -2.074416
v 2.220758 1.031680 -1.996277
v 2.745231 1.028442 -1.904582
v 3.259900 1.022832 -1.789958
v 3.757081 1.016787 -1.653801
v 4.192938 1.012759 -1.502651
v 7.491415 0.830327 -0.253662
v 7.549023 0.836186 0.064673
v 7.561527 0.828672 0.067061
v 7.507541 0.822099 -0.250525
v 7.422662 0.857553 -0.257580
v 7.098516 0.864162 -0.312749
v 7.166727 0.890483 0.112612
v 7.470904 0.871601 0.056074
v 8.734561 0.675874 -0.339648
v 8.694137 0.673488 -0.338489
v 8.706840 0.611355 0.017910
v 8.741261 0.609507 0.020339
v 8.823429 0.678952 0.022568
v 8.819387 0.759116 -0.324475
v 8.801147 0.736103 -0.328464
v 8.803823 0.655942 0.021399
v 8.780860 0.628989 0.020029
v 8.773193 0.700837 -0.334580
v 4.282718 -0.072456 -7.188015
v 3.911690 -0.049243 -7.275568
v 4.000279 0.045645 -6.871838
v 4.352598 0.016236 -6.830425
v 3.773985 0.574075 -4.526152
v 4.578547 1.011426 -1.320942
v 5.039557 1.003003 -1.108447
v 5.033010 0.999304 -1.141323
v 4.575441 1.007263 -1.353821
v 7.551237 0.944838 1.780627
v 7.582333 0.942465 1.772004
v 7.497354 0.937348 1.491033
v 7.472788 0.939692 1.500818
v 7.919255 0.773901 1.716540
v 7.841322 0.770654 1.040757
v 7.626887 0.903242 1.054553
v 7.697135 0.927177 1.739941
v 8.333393 0.529296 1.671606
v 8.285654 0.586443 1.015259
v 8.777610 0.300546 1.610583
v 8.762712 0.414004 0.985190
v 8.729092 0.426323 0.987310
v 8.752513 0.313444 1.614177
v 8.801044 0.414936 0.986470
v 8.812890 0.290478 1.610395
v 8.842500 0.289296 1.609529
v 8.834561 0.433388 0.987400
v 7.619373 0.954282 2.110378
v 7.644398 0.952368 2.110129
v 7.598934 0.910649 1.050115
v 7.613674 0.911091 1.052944
v 7.531741 0.885146 0.372070
v 7.513155 0.886040 0.369741
v 7.727446 0.937568 2.103640
v 7.759331 0.765649 0.382847
v 7.615514 0.835239 0.384646
v 8.246576 0.583452 2.302820
v 7.988435 0.778962 2.369050
v 8.233854 0.647236 0.382607
v 8.508629 0.402739 2.254424
v 8.795301 0.217627 2.213877
v 8.701821 0.542143 0.382456
v 8.751798 0.535278 0.380327
v 8.829992 0.192653 2.212444
v 8.798264 0.559687 0.373381
v 8.856750 0.174311 2.212468
v 8.827472 0.590925 0.369622
v 9.220861 -0.035318 1.514604
v 9.178368 -0.185149 2.211938
v 9.465564 -0.577571 2.208437
v 9.643989 -0.602603 1.443511
v 9.606182 -0.154219 0.730559
v 9.220460 0.182295 0.877861
v 9.604589 -0.337615 1.090918
v 9.222645 0.402431 0.262324
v 9.612981 0.129162 0.117512
v 9.223085 0.600957 -0.361091
v 9.601404 0.356596 -0.447275
v 9.597762 0.603450 -1.703882
v 9.219863 0.826802 -1.761040
v 9.216740 0.756015 -1.046482
v 9.593226 0.525742 -1.070322
v 9.602566 0.592786 -2.334204
v 9.210379 0.810078 -2.488513
v 9.601299 0.491978 -2.988086
v 9.178873 0.687046 -3.232380
v 9.588206 0.308411 -3.606894
v 9.140347 0.471421 -3.947270
v 9.600660 0.044648 -4.128579
v 9.100821 0.237441 -4.476672
v 9.027271 -0.244731 -5.323318
v 9.020507 -0.218889 -5.294648
v 9.301141 -0.185395 -4.910581
v 9.330453 -0.210054 -4.902744
v 9.178862 -0.227392 -5.113029
v 8.735933 -0.303823 -5.721111
v 8.620089 -0.335815 -5.884997
v 8.615719 -0.313047 -5.863205
v 8.720831 -0.284746 -5.716604
v 8.666530 -0.916941 -6.346255
v 8.645100 -1.266152 -6.623945
v 7.387894 0.791352 -0.966182
v 7.371768 0.798423 -0.969282
v 6.477348 0.929074 -0.469936
v 8.726843 0.737529 -0.689702
v 8.721442 0.777685 -1.039753
v 8.665588 0.765366 -1.033557
v 8.680984 0.730390 -0.686133
v 8.816621 0.836411 -0.679495
v 8.809273 0.892204 -1.034504
v 8.793742 0.869194 -1.036794
v 8.799345 0.813398 -0.682534
v 8.767504 0.770986 -0.688152
v 8.760294 0.819636 -1.041733
v 8.904626 0.120783 2.212436
v 8.885341 0.257854 1.598782
v 9.921895 -0.524058 0.429080
v 9.925123 -0.722417 0.644123
v 8.877402 0.410825 0.975244
v 9.916492 -0.343474 0.207346
v 8.875335 0.578303 0.356626
v 9.910285 -0.034065 -0.297346
v 8.871292 0.668410 0.013992
v 9.900277 0.316399 -1.374241
v 8.846693 0.931504 -1.421933
v 8.857135 0.886416 -1.035906
v 9.900191 0.365444 -1.940278
v 8.817797 0.957388 -2.215791
v 8.836251 0.955054 -1.808152
v 9.901894 0.328247 -2.528938
v 8.785009 0.873706 -3.024922
v 8.803303 0.931963 -2.623591
v 9.903297 0.208970 -3.085608
v 8.732959 0.688928 -3.816101
v 8.762839 0.792861 -3.424814
v 9.922796 -0.141416 -3.870811
v 9.918751 -0.122021 -3.838791
v 9.933000 -0.140132 -3.848718
v 8.702664 0.542900 -4.254700
v 8.661137 0.342561 -4.739917
v 9.905094 0.179040 -0.815242
v 8.864484 0.829140 -0.682385
v 8.867250 0.750571 -0.328813
v 9.809842 -1.026397 1.589975
v 9.941517 -1.185132 1.007600
v 9.933064 -0.945713 0.834690
v 9.907404 -1.442286 1.708926
v 9.688596 -0.997471 2.212290
v 9.855698 -1.417413 2.212576
v 9.069182 0.009727 -4.892307
v 8.621304 0.130835 -5.183142
v 9.094817 -0.888564 -5.691553
v 8.899854 -0.908608 -6.003301
v 8.932568 -0.548142 -5.638904
v 9.089904 -0.535613 -5.385984
v 9.098105 -1.202007 -5.902461
v 8.886539 -1.230847 -6.242256
v 8.977314 -0.312607 -5.333374
v 9.095544 -0.295798 -5.138330
v 9.595215 -0.844487 -4.874695
v 9.316115 -0.856675 -5.322109
v 9.310272 -0.516286 -5.027773
v 9.602975 -0.509263 -4.560837
v 9.591257 -1.178611 -5.110293
v 9.327708 -1.190049 -5.552617
v 9.297310 -0.267768 -4.803723
v 9.618936 -0.229097 -4.223472
v 9.600619 -1.527563 -5.300937
v 9.333435 -1.518760 -5.745981
v 9.106674 -1.536001 -6.084329
v 8.989840 -1.552331 -6.263469
v 8.786254 -1.473740 -6.525864
v 9.346002 -1.860952 -5.897561
v 9.601636 -1.862412 -5.444231
v 9.599954 -2.213091 -5.562104
v 9.362739 -2.223037 -6.010727
v 8.369800 -1.854546 -7.322380
v 8.621872 -1.838218 -6.935193
v 8.618590 -2.091113 -7.036753
v 8.357999 -2.088833 -7.433269
v 8.698889 -0.566733 -5.993515
v 8.537474 -0.580141 -6.225752
v 8.608519 -0.362627 -5.903191
v 8.721859 -0.347583 -5.726760
v 9.097736 -0.252053 -5.091460
v 9.294820 -0.220029 -4.760688
v 9.581071 -0.191206 -4.289575
v 8.401766 -1.297988 -6.990022
v 8.630016 -1.569013 -6.803525
v 8.387283 -1.588198 -7.173530
v 8.724106 -0.316499 -5.691714
v 8.989945 -0.269570 -5.272368
v 4.661080 -1.531474 -10.251889
v 3.668707 -1.707319 -10.964470
v 3.489182 -1.713027 -11.036423
v 2.532724 -1.663950 -11.208354
v 1.689259 -1.639768 -11.301797
v 0.867980 -1.622573 -11.347180
v 3.215722 -1.693107 -11.099977
v 5.993875 -0.200996 -7.166862
v 5.833008 -0.394072 -7.745124
v 5.253363 -0.307812 -7.467275
v 5.357423 -0.265112 -7.296621
v 5.665031 -0.158230 -6.947629
v 8.798830 0.936640 -1.424272
v 8.600168 0.799111 -2.208574
v 8.788387 0.959573 -1.814028
v 8.547786 0.646836 -3.413799
v 9.913956 -0.176665 -0.043325
v 9.900702 0.257856 -1.082776
v 9.900706 0.350981 -1.659700
v 9.903399 0.356333 -2.227585
v 9.904688 0.279443 -2.798892
v 9.908608 -0.004004 -3.630393
v 9.906215 0.117834 -3.354014
v 9.908131 0.080947 -0.551675
v 9.950504 -1.473179 1.168388
v 6.875901 0.579477 -3.447866
v 6.990773 0.550337 -3.461921
v 7.177182 0.548950 -3.461411
v 7.399863 0.561238 -3.461560
v 8.110428 0.537329 -3.938752
v 3.770654 0.359927 -5.638535
v 3.682014 0.369610 -5.625779
v 5.156559 -0.105166 -6.842739
v 4.552723 -0.001845 -6.805454
v 4.587859 0.027237 -6.676875
v 5.196407 -0.071394 -6.698147
v 4.421782 0.040567 -6.709582
v 5.462555 -0.163061 -6.923428
v 5.454030 -0.151260 -6.881474
v 5.585190 -0.122007 -6.778696
v 5.422623 -0.222793 -7.137815
v 4.572214 -0.193725 -7.451811
v 4.511371 -0.127270 -7.265554
v 6.164342 -0.005293 -6.517278
v 5.682370 -0.591179 -8.254277
v 5.540944 -0.786611 -8.709477
v 5.338622 -1.091928 -9.302714
v 5.131516 -1.455004 -9.891843
v 7.204666 0.758906 -1.751013
v 7.342513 0.811245 -0.974919
v 7.021428 0.686191 -2.614153
v 7.041957 0.680244 -2.612605
v 6.853168 0.585493 -3.460801
v 6.701963 0.479666 -4.187795
v 7.545385 0.876286 0.375459
v 7.503937 0.861865 0.057634
v 7.487794 0.872280 0.056646
v 7.682136 0.934260 1.743711
v 7.755326 0.947128 2.439556
v 7.711307 0.945825 2.107031
v 7.738358 0.956640 2.444670
v 7.439224 0.858154 -0.258791
v 7.457865 0.847444 -0.260200
v 4.813040 -0.731230 -8.810278
v 7.658923 0.964863 2.457327
v 7.679649 0.963332 2.454531
v 7.666389 0.936054 1.748694
v 7.694060 0.948574 2.109639
v 7.236874 0.938923 0.915137
v 7.259618 0.935698 0.901213
v 7.112292 0.938676 0.651860
v 7.091604 0.942133 0.660718
v 7.361811 0.937251 1.193889
v 7.388874 0.934213 1.177485
v 6.742460 0.956233 0.183215
v 6.767097 0.951504 0.168342
v 6.548765 0.958962 -0.071025
v 6.524618 0.964101 -0.054001
v 6.953198 0.944126 0.408596
v 6.921280 0.948696 0.411575
v 6.263075 0.969155 -0.335420
v 6.242959 0.974013 -0.313020
v 5.476426 0.993842 -0.871279
v 5.486662 0.988618 -0.904158
v 4.198903 1.017495 -1.469775
v 2.455897 0.799751 -2.882109
v 0.838590 0.589458 -3.473655
v 0.829883 0.228359 -3.868779
v 0.832667 -0.163215 -4.128088
v 3.621658 0.468630 -3.118974
v 3.494921 0.117329 -3.494578
v 3.331792 -0.244805 -3.757815
v 0.565004 1.044431 -2.124258
v 1.115393 1.042480 -2.093088
v 1.676815 1.039663 -2.041540
v 2.221560 1.037168 -1.963391
v 2.746173 1.033862 -1.871706
v 3.262323 1.028330 -1.757080
v 3.760263 1.022593 -1.620925
v 4.000638 0.789729 -2.658467
v 3.743694 0.457964 -3.095474
v 3.006360 -0.599150 -3.997539
v 2.382760 -0.579800 -4.125488
v 1.641995 -0.561189 -4.241004
v 0.833078 -0.552996 -4.311606
v 3.152516 -0.603225 -3.971450
v 3.734154 0.543101 -4.510017
v 3.972675 0.785569 -3.042205
v 3.980602 0.804888 -3.066057
v 3.743997 0.575278 -4.532329
v 4.127221 0.942973 -2.079385
v 3.441082 -0.240923 -3.776238
v 3.274744 -0.594487 -4.016592
v 3.529566 0.355169 -5.752510
v 3.383788 0.197039 -6.519368
v 3.380595 0.178911 -6.515639
v 3.524912 0.339448 -5.747522
v 3.597768 0.115176 -3.481943
v 3.352077 -0.574033 -4.144812
v 3.378571 -0.550210 -4.324690
v 5.474619 -0.095781 -6.687661
v 5.422466 -0.143584 -6.861462
v 3.586282 0.184160 -6.500715
v 3.453779 0.034851 -7.151670
v 4.513743 -0.001411 -6.823637
v 4.499475 -0.008913 -6.858144
v 4.481052 -0.074624 -7.101247
v 4.766932 -0.739824 -8.852160
v 4.654628 -0.670407 -8.740835
v 8.689943 0.568242 0.136804
v 8.673290 0.571430 0.136963
v 7.728005 0.730654 0.153157
v 8.212821 0.644199 0.152498
v 7.594773 0.776181 0.125317
v 8.685013 0.534631 0.007285
v 8.662813 0.537441 0.007454
v 8.200365 0.587307 0.011272
v 7.710872 0.639165 0.007764
v 7.578154 0.667075 -0.008909
v 8.674062 0.398779 -0.154241
v 8.648273 0.398930 -0.153491
v 8.655791 0.474895 -0.087029
v 8.679498 0.472934 -0.087917
v 7.695332 0.513757 -0.079641
v 8.191864 0.495466 -0.087168
v 8.187685 0.394404 -0.140137
v 7.680419 0.363969 -0.126514
v 7.563841 0.355664 -0.133760
v 7.568055 0.521538 -0.093845
v 7.252986 0.743503 -1.739897
v 7.387894 0.791352 -0.966182
v 7.387894 0.768955 -0.966182
v 7.252986 0.721106 -1.739897
v 6.947288 0.329067 -3.315999
v 6.951994 0.550205 -3.389629
v 7.016085 0.451943 -2.985579
v 6.995199 0.552871 -3.443577
v 6.961195 0.539790 -3.422915
v 6.995199 0.528975 -3.443577
v 7.402491 0.564204 -3.443208
v 7.402552 0.534912 -3.443208
v 7.706831 0.569858 -3.444438
v 8.043485 0.600256 -3.444358
v 8.279370 0.640664 -3.443628
v 8.279366 0.611865 -3.443628
v 8.495943 0.613667 -3.442329
v 8.618788 0.780893 -1.808430
v 8.597446 0.772314 -2.209773
v 8.618805 0.770151 -1.808562
v 8.652290 0.762431 -1.032078
v 8.637667 0.794917 -1.420083
v 8.637667 0.764765 -1.420093
v 8.654623 0.732280 -1.032078
v 7.095151 0.665727 -2.605847
v 7.095151 0.643330 -2.605847
v 8.580746 0.719646 -2.609065
v 8.580746 0.744162 -2.609065
v 8.556636 0.688242 -3.032639
v 8.556636 0.628408 -3.032639
v 8.701821 0.542143 0.382456
v 8.692220 0.580810 0.113704
v 8.689943 0.568242 0.136804
v 8.680359 0.646743 -0.340727
v 8.668591 0.698169 -0.685093
v 8.673536 0.533349 -0.685093
v 8.676649 0.446455 -0.360991
v 8.637667 0.719648 -1.420115
v 8.667686 0.728320 -0.685093
v 7.538048 0.353828 -0.135359
v 7.531930 0.361440 -0.169216
v 7.539725 0.536137 -0.123423
v 7.545087 0.524321 -0.095884
v 7.615514 0.835239 0.384646
v 7.572726 0.794172 0.109565
v 7.561527 0.828672 0.067061
v 6.851671 0.025103 -3.858364
v 7.188837 0.098940 -3.843401
v 7.688569 0.186331 -3.837654
v 8.141989 0.256121 -3.825227
v 8.522185 0.301240 -3.802917
v 8.520056 0.617012 -3.432991
v 8.522185 0.301240 -3.802917
v 8.534345 0.622251 -3.409341
v 7.507541 0.822099 -0.250525
v 7.512127 0.799702 -0.230991
v 8.686233 0.550547 -0.009128
v 8.685013 0.534631 0.007285
v 8.674350 0.404082 -0.177244
v 8.674062 0.398779 -0.154241
v 8.679498 0.472934 -0.087917
v 8.680280 0.489126 -0.103811
v 3.728483 0.341196 -5.745112
v 3.825870 0.336909 -5.715315
v 3.446043 0.036133 -7.149680
v 3.091756 0.203989 -6.584712
v 0.996046 0.251768 -6.801167
v 2.043221 0.234541 -6.721408
v 0.973567 0.035240 -7.709739
v 2.007465 0.014160 -7.639436
v 3.061650 -0.025371 -7.513877
v 3.436415 0.017315 -7.224751
v 3.298640 -0.022007 -7.421032
v 3.357722 -0.011770 -7.362195
v 3.398582 0.003672 -7.290095
v 3.352166 -0.009719 -7.356719
v 3.294606 -0.019892 -7.414785
v 3.405047 0.002036 -7.293794
v 3.428797 0.018599 -7.222710
v 3.223257 -0.025327 -7.459678
v 3.142859 -0.026352 -7.490725
v 3.145387 -0.028613 -7.498013
v 3.225828 -0.027597 -7.466985
v 2.034868 0.430237 -6.761692
v 2.043221 0.234541 -6.721408
v 0.996046 0.251768 -6.801167
v 0.985456 0.444883 -6.841111
v 3.100044 0.402290 -6.623735
v 3.091756 0.203989 -6.584712
v 3.297195 0.392620 -6.594338
v 3.378890 0.311646 -6.563869
v 3.381598 0.193272 -6.537151
v 3.371056 0.342586 -6.571887
v 3.355354 0.366406 -6.579595
v 3.329973 0.383926 -6.587441
v 0.984502 0.449033 -6.820759
v 0.995044 0.237285 -6.779375
v 2.041195 0.219995 -6.699677
v 2.032897 0.434329 -6.741401
v 3.089011 0.189529 -6.563091
v 3.097383 0.406377 -6.603525
v 3.297533 0.396912 -6.574216
v 3.383788 0.197039 -6.519368
v 3.380595 0.178911 -6.515639
v 3.371271 0.347012 -6.551814
v 3.379105 0.316079 -6.543789
v 3.355561 0.370850 -6.559531
v 3.330197 0.388347 -6.567368
v 2.032897 0.434329 -6.741401
v 2.034868 0.430237 -6.761692
v 0.985456 0.444883 -6.841111
v 0.984502 0.449033 -6.820759
v 3.097383 0.406377 -6.603525
v 3.100044 0.402290 -6.623735
v 3.297533 0.396912 -6.574216
v 3.297195 0.392620 -6.594338
v 3.381598 0.193272 -6.537151
v 3.378890 0.311646 -6.563869
v 3.379105 0.316079 -6.543789
v 3.383788 0.197039 -6.519368
v 3.371056 0.342586 -6.571887
v 3.371271 0.347012 -6.551814
v 3.355354 0.366406 -6.579595
v 3.355561 0.370850 -6.559531
v 3.329973 0.383926 -6.587441
v 3.330197 0.388347 -6.567368
v 3.585905 0.373223 -5.644121
v 3.717494 0.346953 -5.722532
v 3.693290 0.350630 -5.714243
v 3.570131 0.355257 -5.737346
v 5.890620 0.982942 -0.600046
v 5.909292 0.977807 -0.625098
v 3.270686 -0.251938 -6.382151
v 3.380015 0.172188 -6.514800
v 3.232388 -0.168274 -6.991682
v 3.529566 0.355169 -5.752510
v 3.693382 0.348911 -5.722251
v 3.712338 0.345972 -5.729079
v 3.720425 0.341582 -5.746850
v 0.995044 0.237285 -6.779375
v 0.994888 -0.021728 -7.680749
v 2.033879 -0.045835 -7.619255
v 2.041195 0.219995 -6.699677
v 3.092045 -0.084966 -7.489575
v 3.089011 0.189529 -6.563091
v 3.173646 -0.064697 -7.390214
v 3.228275 0.000323 -7.118782
v 3.230202 -0.138886 -7.035984
v 3.546909 0.374688 -5.651570
v 3.537694 0.343777 -5.646111
v 3.324844 -0.370254 -5.520210
v 3.523944 0.332110 -5.737566
v 3.228481 0.005923 -7.124409
v 0.973567 0.035240 -7.709739
v 0.973530 0.031880 -7.704660
v 2.007410 0.010811 -7.634358
v 2.007465 0.014160 -7.639436
v 3.060825 -0.028672 -7.508947
v 3.061650 -0.025371 -7.513877
v 3.143717 -0.031845 -7.493154
v 3.145387 -0.028613 -7.498013
v 3.224123 -0.030825 -7.462117
v 3.225828 -0.027597 -7.466985
v 3.296192 -0.025317 -7.416704
v 3.298640 -0.022007 -7.421032
v 3.354506 -0.015112 -7.358266
v 3.357722 -0.011770 -7.362195
v 3.401378 -0.001521 -7.290774
v 3.405047 0.002036 -7.293794
v 3.432178 0.013579 -7.222570
v 3.436415 0.017315 -7.224751
v 3.449481 0.031111 -7.149529
v 3.453779 0.034851 -7.151670
v 3.581890 0.179966 -6.500325
v 3.586282 0.184160 -6.500715
v 3.724036 0.336963 -5.745022
v 3.728483 0.341196 -5.745112
v 3.714564 0.342027 -5.724861
v 3.717494 0.346953 -5.722532
v 3.692990 0.345332 -5.717292
v 3.693290 0.350630 -5.714243
v 3.570131 0.355257 -5.737346
v 3.532832 0.352217 -5.748320
v 3.530976 0.356729 -5.744692
v 3.528726 0.334414 -5.743132
v 3.523944 0.332110 -5.737566
v 3.384763 0.175071 -6.515989
v 3.380015 0.172188 -6.514800
v 3.380015 0.172188 -6.514800
v 3.384763 0.175071 -6.515989
v 3.232801 0.002295 -7.122251
v 3.228275 0.000323 -7.118782
v 3.228481 0.005923 -7.124409
v 3.380595 0.178911 -6.515639
v 3.380595 0.178911 -6.515639
v 3.524912 0.339448 -5.747522
v 3.529566 0.355169 -5.752510
v 3.693382 0.348911 -5.722251
v 3.712338 0.345972 -5.729079
v 3.720425 0.341582 -5.746850
v 3.578315 0.184590 -6.502014
v 3.446043 0.036133 -7.149680
v 3.428797 0.018599 -7.222710
v 3.398582 0.003672 -7.290095
v 3.352166 -0.009719 -7.356719
v 3.294606 -0.019892 -7.414785
v 3.223257 -0.025327 -7.459678
v 3.142859 -0.026352 -7.490725
v 3.060707 -0.023232 -7.506460
v 2.007827 0.016236 -7.631631
v 0.973718 0.037310 -7.701921
v 3.380595 0.178911 -6.515639
v 9.706052 -0.177217 -4.078198
v 9.611198 -0.154006 -4.428669
v 9.615019 -0.177886 -4.463147
v 9.318146 -0.213496 -4.853684
v 9.144832 -0.237737 -5.103984
v 9.598570 -0.184529 -4.385857
v 9.009943 -0.256265 -5.299658
v 8.729695 -0.310508 -5.705598
v 8.613604 -0.342871 -5.874460
v 8.812613 -1.606892 -6.552124
v 8.780057 -1.596601 -6.596868
v 8.346029 -2.304375 -7.525651
v 8.624542 -2.274573 -7.093520
v 8.714395 -1.803930 -6.786663
v 8.730601 -1.818364 -6.767969
v 8.747849 -1.909326 -6.777946
v 9.117307 -1.864504 -6.224902
v 8.937314 -1.773169 -6.439600
v 8.933228 -1.735730 -6.429214
v 8.899532 -2.044299 -6.604275
v 8.918195 -2.020107 -6.568088
v 9.133705 -2.232927 -6.346816
v 8.797155 -2.013843 -6.743569
v 8.831730 -2.044795 -6.703706
v 8.751846 -1.606841 -6.644509
v 8.800561 -2.036011 -6.674797
v 8.769742 -2.008164 -6.710322
v 8.767949 -1.856638 -6.646577
v 8.897519 -1.674165 -6.454712
v 8.918769 -1.699907 -6.434651
v 8.929998 -1.803335 -6.463310
v 8.935983 -1.908423 -6.498325
v 8.684676 -1.700166 -6.788100
v 8.695194 -1.674267 -6.760852
v 8.695591 -1.773740 -6.802756
v 8.684845 -1.736172 -6.803286
v 8.919069 -1.817812 -6.485481
v 8.936454 -1.965613 -6.520556
v 8.768011 -1.966592 -6.769499
v 8.952539 -2.244372 -6.601086
v 8.867416 -2.055405 -6.655183
v 8.894514 -1.688594 -6.465529
v 8.812571 -1.623696 -6.559492
v 8.783629 -1.614560 -6.599226
v 8.758581 -1.623652 -6.641560
v 8.703936 -1.688706 -6.753826
v 8.695272 -1.710044 -6.776287
v 8.695384 -1.737666 -6.787922
v 8.703580 -1.766509 -6.787483
v 8.718490 -1.790549 -6.774636
v 8.738582 -1.808313 -6.751665
v 8.757416 -1.906504 -6.762571
v 8.775613 -1.958218 -6.754944
v 8.801574 -2.000346 -6.731814
v 8.832343 -2.027939 -6.696267
v 8.864124 -2.037395 -6.653025
v 8.892788 -2.027485 -6.607683
v 8.914377 -1.999546 -6.565949
v 8.925781 -1.957285 -6.533062
v 8.925329 -1.905635 -6.512971
v 8.906979 -1.807817 -6.499045
v 8.920435 -1.789985 -6.471716
v 8.926302 -1.765949 -6.452864
v 8.923161 -1.737221 -6.444888
v 8.912034 -1.709775 -6.449036
v 8.853370 -1.705588 -6.453823
v 8.777561 -1.644809 -6.540310
v 8.750782 -1.636799 -6.577275
v 8.727468 -1.644678 -6.616469
v 8.676775 -1.704409 -6.720488
v 8.668852 -1.724262 -6.741191
v 8.668832 -1.749736 -6.752097
v 8.676464 -1.776382 -6.751545
v 8.690481 -1.798149 -6.739082
v 8.709141 -1.814233 -6.717558
v 8.724877 -1.914985 -6.742439
v 8.743593 -1.966377 -6.733862
v 8.832359 -2.044858 -6.631313
v 8.861185 -2.035539 -6.585952
v 8.883101 -2.008205 -6.543967
v 8.894755 -1.966206 -6.510839
v 8.894435 -1.914616 -6.490579
v 8.864742 -1.814265 -6.484402
v 8.877609 -1.798398 -6.458801
v 8.883304 -1.776430 -6.441118
v 8.880301 -1.749853 -6.433862
v 8.869761 -1.724643 -6.438078
v 8.796833 -1.866980 -6.607974
v 8.821720 -1.856499 -6.566279
v 9.902363 -0.157847 -3.826138
v 9.891985 -0.159592 -3.849138
v 7.179827 0.551660 -3.443069
v 7.179855 0.524731 -3.443069
v 6.951994 0.574702 -3.389629
v 6.851671 0.025103 -3.858364
v 6.961195 0.539790 -3.422915
v 6.961195 0.563855 -3.422915
v 7.170923 0.622715 -2.190132
v 7.321958 0.603872 -1.344333
v 7.577055 0.783383 0.124238
v 7.557730 0.670449 -0.012288
v 7.552634 0.680136 -0.035789
v 7.252986 0.634714 -1.739897
v 7.387894 0.540657 -0.966182
v 7.095151 0.561538 -2.605847
v 8.520056 0.617012 -3.432991
v 8.541284 0.482080 -3.419397
v 8.534345 0.647983 -3.409341
v 8.520056 0.642505 -3.432991
v 8.556636 0.714897 -3.032639
v 8.580746 0.770818 -2.609065
v 8.600168 0.799111 -2.208574
v 8.661489 0.643498 -1.032078
v 8.680839 0.672705 -0.338110
v 8.277466 0.637002 -3.460342
v 7.720083 0.960346 2.449087
v 8.693543 0.612068 0.016980
v 8.680839 0.672705 -0.338110
v 8.652290 0.762431 -1.032078
v 8.667686 0.728320 -0.685093
v 8.534345 0.647983 -3.409341
v 8.618742 0.809309 -1.808081
v 7.577055 0.783383 0.124238
v 7.557730 0.670449 -0.012288
v 7.545087 0.524321 -0.095884
v 7.538048 0.353828 -0.135359
v 8.693543 0.612068 0.016980
v 7.210336 0.907309 0.384565
v 3.530976 0.356729 -5.744692
v 3.585070 -1.717248 -11.009722
v 4.519295 -0.127634 -7.263206
v 4.581013 -0.194402 -7.449780
v 5.419756 -0.145884 -6.869790
v 5.153990 -0.107119 -6.851196
v 4.853119 -0.698625 -8.712356
v 5.087435 -0.411023 -7.842068
v 5.158688 -0.356174 -7.649053
v 5.246284 -0.307234 -7.465786
v 4.622624 -0.260708 -7.635828
v 4.643378 -0.328230 -7.828171
v 5.417125 -0.222617 -7.136575
v 5.453653 -0.163120 -6.921770
v 5.349427 -0.263896 -7.292544
v 4.550137 -0.003725 -6.813921
v 5.446644 -0.152710 -6.886514
v 4.710809 -0.727197 -8.849592
v 4.763764 -0.736245 -8.844853
v 4.683467 -0.709956 -8.822372
v 4.804642 -0.728903 -8.807817
v 4.662610 -0.671394 -8.739846
v 4.489347 -0.074712 -7.097620
v 4.508392 -0.010229 -6.859014
v 4.519622 -0.003869 -6.830076
v 4.519295 -0.127634 -7.263206
v 4.519708 -0.141211 -7.243073
v 4.581627 -0.208276 -7.430439
v 4.581013 -0.194402 -7.449780
v 5.419756 -0.145884 -6.869790
v 5.419756 -0.161921 -6.869790
v 5.153990 -0.123154 -6.851196
v 5.153990 -0.107119 -6.851196
v 4.853119 -0.698625 -8.712356
v 4.851363 -0.707094 -8.696123
v 5.082280 -0.430981 -7.838547
v 5.087435 -0.411023 -7.842068
v 5.246284 -0.307234 -7.465786
v 5.158688 -0.356174 -7.649053
v 5.157537 -0.369817 -7.629101
v 5.244645 -0.321211 -7.446702
v 4.623031 -0.274265 -7.615647
v 4.622624 -0.260708 -7.635828
v 4.643850 -0.348098 -7.824414
v 4.643378 -0.328230 -7.828171
v 5.417125 -0.222617 -7.136575
v 5.416872 -0.234638 -7.112395
v 5.453653 -0.179157 -6.921770
v 5.453653 -0.163120 -6.921770
v 5.349427 -0.263896 -7.292544
v 5.348277 -0.277580 -7.272690
v 4.550137 -0.019765 -6.813921
v 4.550137 -0.003725 -6.813921
v 5.446644 -0.152710 -6.886514
v 5.446644 -0.168750 -6.886514
v 5.453653 -0.163120 -6.921770
v 5.453653 -0.179157 -6.921770
v 4.763764 -0.736245 -8.844853
v 4.710809 -0.727197 -8.849592
v 4.710730 -0.730009 -8.810447
v 4.770530 -0.740317 -8.806719
v 4.683467 -0.709956 -8.822372
v 4.683105 -0.712829 -8.784626
v 4.804642 -0.728903 -8.807817
v 4.811539 -0.732927 -8.771963
v 4.662610 -0.671394 -8.739846
v 4.665574 -0.680537 -8.719004
v 4.489347 -0.074712 -7.097620
v 4.490179 -0.086743 -7.073469
v 4.508392 -0.010229 -6.859014
v 4.508392 -0.026264 -6.859014
v 4.519622 -0.003869 -6.830076
v 4.519622 -0.019907 -6.830076
v 4.595418 -0.519331 -6.996699
v 4.529470 -0.462756 -6.766221
v 5.141102 -0.629240 -7.231418
v 5.208531 -0.629453 -7.025869
v 4.631266 -0.548418 -7.207556
v 5.029969 -0.633540 -7.802873
v 4.649529 -0.587597 -7.779172
v 5.380526 -0.546938 -6.701855
v 5.411241 -0.502256 -6.574065
v 5.319873 -0.593335 -6.819219
v 4.507197 -0.408779 -6.672937
v 4.706387 -0.639077 -7.780852
v 4.950150 -0.683535 -7.794485
v 4.669114 -0.620400 -7.778623
v 4.997964 -0.676850 -7.803093
v 4.509641 -0.365327 -6.532502
v 4.650723 -0.581821 -7.181696
v 4.686975 -0.599375 -7.181577
v 5.071006 -0.669878 -7.203977
v 5.113277 -0.662282 -7.217244
v 4.614142 -0.553867 -6.960402
v 4.646587 -0.567881 -6.951528
v 5.147547 -0.659399 -6.978327
v 5.183555 -0.656089 -6.995869
v 4.552297 -0.495361 -6.743618
v 4.586320 -0.508974 -6.732414
v 5.252134 -0.630171 -6.768320
v 5.291463 -0.626640 -6.787671
v 4.531559 -0.457270 -6.643948
v 4.575697 -0.480532 -6.638540
v 5.291284 -0.605542 -6.658452
v 5.347829 -0.594214 -6.664421
v 4.536773 -0.422422 -6.523486
v 4.583418 -0.449878 -6.526035
v 5.311007 -0.575195 -6.539240
v 5.369658 -0.563161 -6.542119
v 4.609601 -0.121235 -5.698230
v 4.612298 0.200523 -5.737424
v 4.685701 -0.249963 -5.680908
v 4.798379 -0.275483 -5.670801
v 5.279140 -0.351929 -5.719941
v 5.399818 -0.332129 -5.724211
v 5.497068 -0.199878 -5.760246
v 5.538302 0.099024 -5.811646
v 5.538302 0.099024 -5.811646
v 4.594318 0.311660 -5.241279
v 4.589343 -0.079253 -5.231025
v 4.697386 -0.222278 -5.201846
v 4.830176 -0.259482 -5.207812
v 5.175049 -0.289658 -5.211042
v 5.338076 -0.247715 -5.221919
v 5.455627 -0.076963 -5.206264
v 5.470191 0.232290 -5.224746
v 5.470191 0.232290 -5.224746
v 5.020832 0.005083 -4.841147
v 4.589343 -0.079253 -5.231025
v 4.697386 -0.222278 -5.201846
v 4.830176 -0.259482 -5.207812
v 5.175049 -0.289658 -5.211042
v 5.338076 -0.247715 -5.221919
v 5.455627 -0.076963 -5.206264
v 9.931053 -0.534785 0.420332
v 9.933050 -0.731934 0.633079
v 9.924857 -0.187744 -0.049153
v 9.926552 -0.354070 0.199468
v 9.920098 0.070190 -0.555745
v 9.921698 -0.045088 -0.302214
v 9.913378 0.340420 -1.657861
v 9.912946 0.305693 -1.373633
v 9.915967 0.346450 -2.223137
v 9.912981 0.355215 -1.937590
v 9.916792 0.270962 -2.791345
v 9.914555 0.318957 -2.523569
v 9.917975 0.110786 -3.344666
v 9.915467 0.201348 -3.077283
v 9.913210 0.246960 -1.083276
v 9.917390 0.168222 -0.817920
v 9.945053 -1.189395 0.991958
v 9.939179 -0.953457 0.821345
v 9.921982 -0.011479 -3.619787
v 9.951847 -1.474185 1.151816
v 9.793871 -0.157607 -4.149909
v 9.775348 -0.136931 -4.147571
v 9.896766 -0.039111 -3.606843
v 9.901594 -0.141538 -3.795039
v 9.931699 -0.119311 -3.809614
v 9.898176 -0.745391 0.620054
v 9.897950 -0.551475 0.406457
v 9.895072 -0.373626 0.185564
v 9.894876 -0.209932 -0.062407
v 9.893003 -0.069541 -0.314280
v 9.892558 0.043813 -0.566360
v 9.887641 0.275644 -1.378479
v 9.888386 0.309839 -1.660510
v 9.888189 0.324360 -1.938020
v 9.891299 0.315549 -2.221299
v 9.889915 0.288249 -2.519451
v 9.892080 0.240698 -2.784988
v 9.890583 0.171772 -3.068735
v 9.892689 0.082319 -3.333850
v 9.890836 0.140266 -0.826887
v 9.887406 0.217771 -1.090283
v 9.906588 -1.195318 0.984729
v 9.902383 -0.963225 0.810498
v 9.912636 -1.478733 1.148428
v 8.578440 -0.101958 -5.606196
v 8.504333 -0.356191 -6.021743
v 8.535205 -0.109409 -5.645400
v 9.765723 -0.166582 -4.099180
v 9.728121 -0.174746 -4.040872
v 8.475280 -0.578845 -6.299214
v 8.613274 0.342686 -4.768577
v 8.573441 0.132481 -5.214221
v 8.533299 -0.358320 -5.997544
v 4.657568 -1.540439 -10.264894
v 4.209210 -1.622072 -10.605500
v 3.667595 -1.717663 -10.976855
v 3.214079 -1.702939 -11.112721
v 2.531604 -1.673762 -11.221179
v 1.688184 -1.649687 -11.314533
v 0.867505 -1.632587 -11.359885
v 3.485092 -1.721630 -11.048557
v 5.126878 -1.463134 -9.905036
v 5.101563 -1.467475 -9.925100
v 6.234653 -1.280449 -8.985029
v 5.578941 -1.387387 -9.543398
v 6.886011 -1.176623 -8.390012
v 7.543253 -1.080317 -7.733440
v 8.152333 -1.002881 -7.047449
v 8.223845 -1.012163 -6.977136
v 8.295819 -1.053764 -6.931475
v 8.352068 -1.124936 -6.925976
v 8.386627 -1.212131 -6.951897
v 8.392832 -1.299155 -7.003467
v 8.378417 -1.588896 -7.187046
v 8.360983 -1.855127 -7.335935
v 8.349157 -2.088967 -7.446811
v 5.152970 -1.458667 -9.884365
v 3.579808 -1.726171 -11.022148
v 8.336346 -2.305429 -7.540805
v 9.599871 -2.228366 -5.567412
v 9.362624 -2.237998 -6.016885
v 9.134389 -2.248276 -6.351894
v 8.956682 -2.260010 -6.600835
v 8.623665 -2.289438 -7.100129
v 8.344872 -2.320737 -7.533108
v 8.335117 -2.321855 -7.548313
v 4.200104 -1.643852 -10.587498
v 4.647942 -1.562329 -10.247312
v 3.659451 -1.739389 -10.958332
v 2.528322 -1.696979 -11.202966
v 3.209198 -1.725878 -11.094519
v 1.686092 -1.672983 -11.296249
v 0.866526 -1.655707 -11.341282
v 3.479076 -1.744233 -11.030273
v 5.117157 -1.485351 -9.887915
v 5.569488 -1.410522 -9.527375
v 6.224671 -1.303640 -8.969404
v 6.874561 -1.199148 -8.374429
v 7.529171 -1.101035 -7.717517
v 8.135379 -1.021079 -7.031235
v 8.205177 -1.028391 -6.960713
v 8.276335 -1.068574 -6.914673
v 8.331575 -1.138608 -6.909404
v 8.364760 -1.224201 -6.935854
v 8.369904 -1.309170 -6.987483
v 8.354787 -1.597070 -7.171040
v 8.336906 -1.861972 -7.319973
v 8.324836 -2.094882 -7.430850
v 3.572932 -1.748271 -11.003564
v 8.311876 -2.309536 -7.524431
v 8.310733 -2.327388 -7.532300
v 4.625591 -1.576401 -10.188874
v 4.250070 -1.645546 -10.441225
v 3.532906 -1.761479 -10.914719
v 3.204032 -1.726762 -10.959582
v 2.515015 -1.698891 -11.068789
v 1.684427 -1.674045 -11.158115
v 0.868965 -1.658969 -11.211572
v 3.472400 -1.746674 -10.923018
v 6.202395 -1.312441 -8.907558
v 5.550871 -1.415593 -9.464121
v 6.854500 -1.209226 -8.298140
v 7.495558 -1.116689 -7.636977
v 8.114955 -1.029787 -6.902597
v 5.097275 -1.495170 -9.831516
v 8.195203 -1.053891 -6.845080
v 8.306623 -1.155600 -6.827265
v 8.257847 -1.099160 -6.830166
v 8.371386 -1.313667 -6.861032
v 8.346742 -1.230844 -6.840122
v 8.369373 -1.626103 -7.054668
v 8.354801 -2.125559 -7.319324
v 8.364038 -1.884409 -7.201059
v 8.320509 -2.326318 -7.517085
v 8.348432 -2.321963 -7.433269
v 9.608857 -2.228003 -5.550378
v 9.608956 -2.212715 -5.545081
v 9.611237 -1.862466 -5.427197
v 9.610842 -1.527900 -5.283914
v 9.601401 -1.178171 -5.093259
v 9.605837 -0.844023 -4.857661
v 9.613648 -0.509006 -4.543816
v 9.624965 -0.234382 -4.216374
v 9.565395 -2.234812 -5.549050
v 9.329453 -2.245737 -5.996724
v 9.102840 -2.256845 -6.329573
v 8.925004 -2.268203 -6.578555
v 8.591404 -2.297212 -7.078547
v 8.348432 -2.321963 -7.433269
v 8.320509 -2.326318 -7.517085
v 8.310733 -2.327388 -7.532300
v 9.574550 -2.218862 -5.526499
v 9.574340 -2.234170 -5.532016
v 9.574340 -2.234170 -5.532016
v 9.577334 -1.869717 -5.408095
v 9.577828 -1.537844 -5.264470
v 9.569331 -1.190649 -5.073696
v 9.574958 -0.859390 -4.838240
v 9.583274 -0.526553 -4.525461
v 9.604606 -0.248677 -4.203738
v 7.721731 0.961091 2.470583
v 7.681844 0.964013 2.475981
v 7.990710 0.779130 2.390505
v 7.757110 0.947739 2.461045
v 8.248446 0.582807 2.324302
v 8.509878 0.400808 2.275874
v 8.795928 0.214692 2.235239
v 8.830597 0.189194 2.233728
v 8.857253 0.170273 2.233652
v 9.853539 -1.416556 2.234019
v 9.684474 -0.996490 2.233442
v 9.461692 -0.579051 2.229409
v 9.177084 -0.189673 2.232993
v 8.905116 0.116406 2.233555
v 7.740080 0.957329 2.466165
v 7.661365 0.965517 2.478750
v 7.721009 0.927551 2.468765
v 7.966444 0.744379 2.393083
v 8.223646 0.548313 2.325171
v 8.486067 0.365651 2.274211
v 8.771745 0.179943 2.231543
v 8.817646 0.146801 2.228628
v 9.646368 -1.014263 2.227305
v 9.812358 -1.426106 2.229504
v 9.144482 -0.215992 2.225913
v 9.426256 -0.601285 2.221941
v 8.873676 0.088383 2.227883
v 7.677054 0.919902 2.466863
v 7.699142 0.855686 2.450129
v 7.733204 0.868481 2.449609
v 8.830447 0.133454 2.228457
v 9.909220 -1.453191 1.711838
v 9.950780 -1.483438 1.173738
v 9.858737 -1.428399 2.212556
v 9.952076 -1.484439 1.157182
v 9.912844 -1.488946 1.153904
v 9.856606 -1.427535 2.234001
v 9.815426 -1.437085 2.229522
v 9.912636 -1.478733 1.148428
v 9.912844 -1.488946 1.153904
v 9.815426 -1.437085 2.229522
v 9.812358 -1.426106 2.229504
v 9.899735 -1.462032 1.712878
v 9.940287 -1.490933 1.176465
v 9.944036 -1.491036 1.166838
v 9.919404 -1.494483 1.164900
v 9.919404 -1.494483 1.164900
v 9.825227 -1.442405 2.222659
v 9.825227 -1.442405 2.222659
v 9.851748 -1.436238 2.225713
v 9.852830 -1.436817 2.214175
v 9.635524 -0.709908 1.383164
v 9.426256 -0.601285 2.221941
v 9.475954 -0.550789 1.875725
v 9.646368 -1.014263 2.227305
v 9.301476 -0.358116 2.033735
v 9.144482 -0.215992 2.225913
v 9.104957 -0.156495 2.135586
v 8.887368 0.073217 2.222542
v 8.873676 0.088383 2.227883
v 9.571598 -0.675740 1.664343
v 9.906588 -1.195318 0.984729
v 9.708791 -0.615262 1.061020
v 9.902383 -0.963225 0.810498
v 9.852830 -1.436817 2.214175
v 9.851748 -1.436238 2.225713
v 9.944036 -1.491036 1.166838
v 9.940287 -1.490933 1.176465
v 9.899735 -1.462032 1.712878
v 3.380015 0.172188 -6.514800
v 3.270686 -0.251938 -6.382151
v -1.024897 1.042480 -2.093088
v -1.024897 0.996865 -2.090720
v -0.474507 0.998816 -2.121887
v -0.474507 1.044431 -2.124258
v -2.131063 1.037168 -1.963391
v -2.131063 0.991553 -1.961030
v -1.586318 0.994048 -2.039170
v -1.586318 1.039663 -2.041540
v -3.171826 1.028330 -1.757080
v -3.160921 0.982715 -1.757361
v -2.662099 0.988374 -1.866648
v -2.655676 1.033862 -1.871706
v -5.800124 0.982942 -0.600046
v -5.800124 0.937329 -0.599197
v -5.385930 0.948227 -0.870481
v -5.385930 0.993840 -0.871279
v -3.669765 1.022593 -1.620925
v -4.108406 1.017495 -1.469775
v -4.070620 0.971880 -1.481780
v -3.634161 0.976977 -1.629182
v -6.152462 0.974013 -0.313020
v -6.434122 0.964101 -0.054001
v -6.432728 0.918486 -0.055071
v -6.150226 0.928398 -0.315019
v -4.488049 1.011423 -1.320942
v -4.949059 1.003003 -1.108447
v -4.944458 0.957387 -1.110246
v -4.474558 0.965808 -1.325901
v -6.651963 0.956230 0.183215
v -6.830783 0.948696 0.411575
v -6.831168 0.903081 0.412456
v -6.651136 0.910615 0.182766
v -7.146378 0.938920 0.915137
v -7.151063 0.893305 0.925503
v -7.000395 0.896518 0.660327
v -7.001108 0.942133 0.660718
v -7.382292 0.939692 1.500818
v -7.460740 0.944836 1.780627
v -7.469937 0.899221 1.778562
v -7.382706 0.894077 1.492241
v -7.528877 0.954282 2.110378
v -7.568427 0.964863 2.457327
v -7.584222 0.919235 2.445427
v -7.547060 0.908666 2.104663
v -7.271315 0.937248 1.193889
v -7.274698 0.891635 1.199756
v -1.024897 0.939016 -2.087710
v -0.474507 0.940967 -2.118889
v -2.131063 0.933701 -1.958022
v -1.586318 0.936196 -2.036172
v -3.143267 0.908867 -1.757820
v -2.665204 0.932138 -1.861489
v -3.839044 0.686885 -1.555310
v -3.616093 0.789768 -1.627143
v -6.418588 0.455481 -0.065906
v -6.118356 0.416157 -0.342727
v -6.834240 0.539170 0.419443
v -6.643619 0.496013 0.178638
v -7.149409 0.645932 0.932271
v -6.995621 0.590871 0.657708
v -7.483550 0.831699 1.775503
v -7.383502 0.785493 1.475698
v -7.606405 0.855144 2.428679
v -7.571732 0.846777 2.096907
v -7.268305 0.690210 1.167070
v -4.339100 0.355669 -1.372532
v 0.045248 0.941396 -2.130144
v 0.045248 0.999248 -2.133142
v -3.386564 0.860849 -1.691257
v -7.570869 0.965512 2.478750
v -7.586559 0.919899 2.466863
v -7.608647 0.855683 2.450129
v -1.024897 0.901587 -2.085771
v -0.474507 0.903537 -2.116938
v -2.131063 0.896274 -1.956084
v -1.586318 0.898769 -2.034233
v -3.134225 0.871045 -1.758052
v -2.667212 0.895757 -1.858152
v -3.811769 0.653960 -1.563977
v -3.587512 0.753999 -1.634470
v -4.293976 0.355259 -1.392295
v 0.045248 0.903970 -2.128196
v -3.367603 0.822981 -1.694936
v -4.884269 0.360596 -1.133716
v -1.019102 0.896040 -2.120269
v -0.489198 0.897724 -2.151436
v -2.121043 0.891304 -1.990578
v -1.596952 0.893257 -2.068728
v -3.133440 0.863877 -1.792546
v -2.662360 0.890173 -1.892649
v -3.804098 0.652466 -1.598474
v -3.596001 0.745605 -1.667436
v -4.271208 0.366116 -1.433967
v -3.371425 0.815293 -1.729563
v -4.039741 0.476484 -1.857632
v -3.645537 0.627012 -2.311523
v -3.116581 0.709995 -2.533096
v -2.545148 0.755286 -2.726040
v -1.855122 0.759443 -2.906140
v -0.865460 0.748901 -3.034939
v 0.045248 0.752610 -3.061409
v 0.045248 0.898374 -2.162693
v 0.045248 1.044863 -2.135513
v 1.115393 1.042480 -2.093088
v 0.565004 1.044431 -2.124258
v 0.565004 0.998818 -2.121887
v 1.115393 0.996868 -2.090720
v 2.221560 1.037168 -1.963391
v 1.676815 1.039663 -2.041540
v 1.676815 0.994048 -2.039170
v 2.221560 0.991553 -1.961030
v 3.262323 1.028330 -1.757080
v 2.746173 1.033862 -1.871706
v 2.752597 0.988374 -1.866648
v 3.251418 0.982717 -1.757361
v 5.890620 0.982942 -0.600046
v 5.476426 0.993842 -0.871279
v 5.476426 0.948227 -0.870481
v 5.890620 0.937329 -0.599197
v 3.760263 1.022593 -1.620925
v 3.724658 0.976977 -1.629182
v 4.161117 0.971880 -1.481780
v 4.198903 1.017495 -1.469775
v 6.242959 0.974013 -0.313020
v 6.240723 0.928398 -0.315019
v 6.523224 0.918486 -0.055071
v 6.524618 0.964101 -0.054001
v 4.578547 1.011426 -1.320942
v 4.565055 0.965810 -1.325901
v 5.034956 0.957387 -1.110246
v 5.039557 1.003003 -1.108447
v 6.742460 0.956233 0.183215
v 6.741632 0.910620 0.182766
v 6.921664 0.903081 0.412456
v 6.921280 0.948696 0.411575
v 7.236874 0.938923 0.915137
v 7.091604 0.942133 0.660718
v 7.090891 0.896518 0.660327
v 7.241559 0.893310 0.925503
v 7.472788 0.939692 1.500818
v 7.473202 0.894079 1.492241
v 7.560433 0.899223 1.778562
v 7.551237 0.944838 1.780627
v 7.619373 0.954282 2.110378
v 7.637557 0.908666 2.104663
v 7.674718 0.919238 2.445427
v 7.658923 0.964863 2.457327
v 7.361811 0.937251 1.193889
v 7.365195 0.891635 1.199756
v 1.115393 0.939018 -2.087710
v 0.565004 0.940967 -2.118889
v 2.221560 0.933701 -1.958022
v 1.676815 0.936196 -2.036172
v 3.233764 0.908867 -1.757820
v 2.755701 0.932138 -1.861489
v 5.890620 0.392143 -0.589060
v 5.476426 0.367119 -0.860293
v 3.706590 0.789768 -1.627143
v 3.929541 0.686885 -1.555310
v 6.509084 0.455483 -0.065906
v 6.215627 0.416672 -0.337480
v 6.924736 0.539174 0.419443
v 6.734116 0.496015 0.178638
v 7.239905 0.645932 0.932271
v 7.086118 0.590874 0.657708
v 7.574045 0.831699 1.775503
v 7.474000 0.785493 1.475698
v 7.696902 0.855146 2.428679
v 7.662228 0.846777 2.096907
v 7.358800 0.690210 1.167070
v 4.974766 0.360596 -1.133716
v 4.429597 0.355669 -1.372532
v 3.477060 0.860852 -1.691257
v 7.677054 0.919902 2.466863
v 7.661365 0.965517 2.478750
v 7.699142 0.855686 2.450129
v 1.115393 0.901587 -2.085771
v 0.565004 0.903537 -2.116938
v 2.221560 0.896274 -1.956084
v 1.676815 0.898769 -2.034233
v 3.224723 0.871045 -1.758052
v 2.757709 0.895757 -1.858152
v 3.902266 0.653960 -1.563977
v 3.678009 0.753999 -1.634470
v 4.384473 0.355259 -1.392295
v 3.458100 0.822983 -1.694936
v 0.579695 0.897727 -2.151436
v 1.109599 0.896040 -2.120269
v 1.687449 0.893257 -2.068728
v 2.211540 0.891304 -1.990578
v 2.752857 0.890176 -1.892649
v 3.223937 0.863877 -1.792546
v 3.686498 0.745605 -1.667436
v 3.894595 0.652466 -1.598474
v 4.361705 0.366116 -1.433967
v 3.461922 0.815293 -1.729563
v 4.130238 0.476484 -1.857632
v 3.736034 0.627014 -2.311523
v 3.207078 0.709995 -2.533096
v 2.635645 0.755286 -2.726040
v 1.945619 0.759443 -2.906140
v 0.955957 0.748901 -3.034939
v -5.049727 0.909043 -1.051560
v -5.385930 0.904455 -0.869651
v -5.800124 0.892573 -0.598337
v -6.103117 0.795327 -0.355813
v -6.107559 0.445639 -0.352104
v -4.978299 0.855210 -1.088445
v -5.007328 0.894465 -1.073601
v -6.033105 0.886548 -0.412949
v -6.081241 0.859321 -0.370876
v -5.390451 0.889199 -0.876938
v -5.054336 0.897922 -1.058855
v -5.050085 0.898203 -1.050969
v -5.385930 0.889375 -0.869360
v -5.805088 0.875683 -0.604844
v -5.800124 0.875654 -0.598008
v -6.105279 0.440378 -0.364690
v -6.099444 0.791611 -0.369587
v -6.094247 0.791584 -0.363489
v -6.100078 0.440371 -0.358611
v -5.016054 0.884248 -1.078638
v -4.988388 0.847368 -1.092732
v -4.984052 0.847551 -1.084927
v -5.011783 0.884551 -1.070771
v -4.911942 0.381792 -1.130117
v -4.907576 0.381909 -1.122351
v -6.078074 0.850537 -0.384192
v -6.035923 0.874602 -0.421916
v -6.030776 0.874438 -0.415630
v -6.072894 0.850444 -0.378025
v -5.456064 0.862456 -0.988323
v -5.129504 0.864851 -1.188674
v -5.880136 0.851357 -0.709683
v -6.169955 0.785600 -0.491829
v -5.098475 0.853638 -1.197910
v -5.074605 0.832705 -1.200000
v -6.159957 0.827407 -0.517129
v -6.126206 0.848310 -0.544558
v -4.900250 0.390683 -1.125940
v -9.332808 -0.364438 -5.116279
v -9.431652 -0.625107 -5.382544
v -9.672881 -0.598633 -5.016738
v -9.602247 -0.341304 -4.721364
v -8.953575 -0.253791 -5.320119
v -9.041824 -0.405874 -5.494721
v -9.245646 -0.219516 -4.915828
v -9.103261 -0.565317 -5.653227
v -9.150107 -0.731758 -5.794223
v -9.517487 -1.017710 -5.692664
v -9.193940 -0.928498 -5.949121
v -9.234573 -1.137436 -6.104512
v -9.576499 -1.496055 -5.982358
v -9.269008 -1.376699 -6.265688
v -9.292872 -1.615190 -6.414739
v -9.611249 -2.004067 -6.235090
v -9.305328 -1.853721 -6.555703
v -9.314529 -2.144477 -6.712842
v -9.760020 -0.339316 -4.417395
v -9.794416 -0.592798 -4.717366
v -9.842330 -0.523887 -4.364856
v -9.839504 -0.343350 -4.139983
v -9.529470 -0.188291 -4.479590
v -9.708184 -0.169907 -4.166164
v -9.848257 -0.942986 -4.774094
v -9.844687 -0.716758 -4.572124
v -9.820904 -1.020442 -5.089661
v -9.857102 -1.401460 -5.098196
v -9.852526 -1.171890 -4.954543
v -9.839975 -1.507488 -5.371550
v -9.862973 -1.890962 -5.338052
v -9.861278 -1.645757 -5.228196
v -9.855103 -2.025029 -5.583926
v -9.854208 -2.441567 -5.721650
v -9.873816 -2.439131 -5.520161
v -9.871216 -2.168501 -5.436443
v -9.524521 -0.177886 -4.463147
v -9.239957 -0.210054 -4.902744
v -9.723660 -1.009526 -5.355195
v -9.832824 -0.155840 -3.890041
v -9.832300 -0.141416 -3.870811
v -9.703374 -0.157610 -4.149909
v -9.757321 -1.500205 -5.639963
v -9.783759 -2.016743 -5.861487
v -9.619590 -2.424927 -6.424953
v -9.619651 -2.435036 -6.429382
v -9.791348 -2.447861 -6.021474
v -9.791260 -2.437693 -6.017844
v -9.315115 -2.403066 -6.835732
v -9.315137 -2.412446 -6.840190
v -9.854017 -2.451455 -5.724861
v -8.940924 -0.275024 -5.308274
v -8.937990 -0.276211 -5.334424
v -8.924222 -0.266025 -5.311443
v -8.935017 -0.264805 -5.296499
v -9.134295 -0.748088 -5.778899
v -9.123932 -0.748718 -5.790173
v -9.077866 -0.584184 -5.650798
v -9.088334 -0.583198 -5.638764
v -9.216707 -1.151013 -6.088757
v -9.206626 -1.151247 -6.099873
v -9.166965 -0.944507 -5.944873
v -9.177304 -0.943618 -5.933428
v -9.272892 -1.625732 -6.399204
v -9.262440 -1.625732 -6.412160
v -9.239932 -1.388867 -6.262019
v -9.249980 -1.388765 -6.250073
v -9.293327 -2.152656 -6.697517
v -9.282086 -2.152641 -6.712722
v -9.273820 -1.862785 -6.554372
v -9.284627 -1.863027 -6.540329
v -9.822402 -0.353345 -4.134705
v -9.827674 -0.353286 -4.115993
v -9.826330 -0.531492 -4.344223
v -9.822665 -0.530015 -4.360718
v -9.687287 -0.185771 -4.158186
v -9.514769 -0.210334 -4.472343
v -9.509272 -0.198684 -4.453840
v -9.682545 -0.173574 -4.141973
v -9.824092 -0.720749 -4.568955
v -9.826808 -0.722671 -4.553271
v -9.829779 -0.948369 -4.755691
v -9.827325 -0.945801 -4.771406
v -9.831486 -1.174160 -4.952014
v -9.833777 -1.176428 -4.936480
v -9.837852 -1.404338 -5.080964
v -9.835971 -1.403291 -5.095928
v -9.842121 -1.647219 -5.226206
v -9.843843 -1.648169 -5.212471
v -9.846894 -1.892729 -5.323008
v -9.845428 -1.892148 -5.336194
v -9.861225 -2.441509 -5.518672
v -9.862858 -2.441301 -5.504846
v -9.863133 -2.451162 -5.507856
v -9.861493 -2.451377 -5.521709
v -9.233640 -0.242856 -4.907532
v -9.701479 -0.526460 -4.749892
v -9.386344 -0.561924 -5.288452
v -9.017871 -0.427307 -5.495200
v -9.028379 -0.426435 -5.482786
v -9.749601 -1.022820 -5.209922
v -9.498337 -1.030813 -5.678108
v -9.816849 -0.166067 -3.883774
v -9.827607 -0.160098 -3.855964
v -9.776928 -1.508916 -5.490681
v -9.555136 -1.505783 -5.968215
v -9.793203 -2.024331 -5.716013
v -9.588505 -2.011406 -6.221665
v -9.772722 -2.437822 -6.011506
v -9.601883 -2.426553 -6.411421
v -9.296235 -2.400405 -6.819389
v -9.284823 -2.399428 -6.834624
v -9.837557 -2.444556 -5.718972
v -9.855277 -2.169336 -5.421690
v -9.853822 -2.169448 -5.434895
v -8.924222 -0.266025 -5.311443
v -8.936773 -0.244736 -5.323318
v -8.947599 -0.243496 -5.308293
v -8.935017 -0.264805 -5.296499
v -9.031387 -0.407358 -5.508296
v -8.942780 -0.255058 -5.335053
v -8.937990 -0.276211 -5.334424
v -9.017871 -0.427307 -5.495200
v -9.092737 -0.566311 -5.665334
v -9.077866 -0.584184 -5.650798
v -9.123932 -0.748718 -5.790173
v -9.139668 -0.732380 -5.805579
v -9.183509 -0.929355 -5.960637
v -9.166965 -0.944507 -5.944873
v -9.206626 -1.151247 -6.099873
v -9.224396 -1.137619 -6.115695
v -9.258865 -1.376743 -6.277712
v -9.239932 -1.388867 -6.262019
v -9.262440 -1.625732 -6.412160
v -9.282325 -1.615137 -6.427783
v -9.294424 -1.853420 -6.569849
v -9.273820 -1.862785 -6.554372
v -9.282086 -2.152641 -6.712722
v -9.303188 -2.144414 -6.728176
v -9.845685 -0.525727 -4.348091
v -9.826330 -0.531492 -4.344223
v -9.827674 -0.353286 -4.115993
v -9.844442 -0.343667 -4.121052
v -9.682545 -0.173574 -4.141973
v -9.509272 -0.198684 -4.453840
v -9.850357 -0.945818 -4.758071
v -9.829779 -0.948369 -4.755691
v -9.826808 -0.722671 -4.553271
v -9.847073 -0.718984 -4.556130
v -9.858601 -1.402656 -5.082964
v -9.837852 -1.404338 -5.080964
v -9.833777 -1.176428 -4.936480
v -9.854449 -1.174360 -4.938708
v -9.863805 -1.891636 -5.324648
v -9.846894 -1.892729 -5.323008
v -9.843843 -1.648169 -5.212471
v -9.862475 -1.646824 -5.214221
v -9.861493 -2.451377 -5.521709
v -9.863133 -2.451162 -5.507856
v -9.875285 -2.448772 -5.509255
v -9.873911 -2.448945 -5.523201
v -9.227000 -0.231787 -4.892188
v -9.842504 -0.140137 -3.848718
v -9.842643 -0.154731 -3.868249
v -9.827607 -0.160098 -3.855964
v -9.829153 -0.147856 -3.838882
v -9.816413 -0.151670 -3.864473
v -9.602136 -2.436472 -6.415847
v -9.773068 -2.447842 -6.015227
v -9.284923 -2.408379 -6.839043
v -9.303741 -2.411601 -6.855566
v -9.303720 -2.402248 -6.851106
v -9.284823 -2.399428 -6.834624
v -9.296341 -2.409389 -6.823809
v -9.837744 -2.454473 -5.722231
v -9.872018 -2.168467 -5.423039
v -9.855277 -2.169336 -5.421690
v -9.875172 -2.438960 -5.506235
v -9.862858 -2.441301 -5.504846
v -9.773068 -2.447842 -6.015227
v -9.602136 -2.436472 -6.415847
v -9.296341 -2.409389 -6.823809
v -9.837744 -2.454473 -5.722231
v -9.863133 -2.451162 -5.507856
v -9.227000 -0.231787 -4.892188
v -9.816413 -0.151670 -3.864473
v -8.924222 -0.266025 -5.311443
v -9.829153 -0.147856 -3.838882
v -9.829153 -0.147856 -3.838882
v -9.284923 -2.408379 -6.839043
v -9.284923 -2.408379 -6.839043
v -7.811819 0.745986 -1.253730
v -7.807191 0.743633 -1.386858
v -8.175270 0.763691 -1.381570
v -8.180666 0.764697 -1.252390
v -7.779172 0.710556 -1.656091
v -7.794736 0.731018 -1.526013
v -7.616027 0.719800 -1.526411
v -7.506228 0.689966 -1.657490
v -7.771693 0.686489 -1.774873
v -7.497808 0.662356 -1.777292
v -8.165313 0.754609 -1.523113
v -7.243057 0.745571 -1.382839
v -7.263210 0.761997 -1.252749
v -7.244534 0.763882 -1.252729
v -7.224381 0.746487 -1.382578
v -7.635415 0.738823 -1.253560
v -7.629571 0.734468 -1.385708
v -8.541654 0.771103 -1.256108
v -8.535950 0.773242 -1.378291
v -8.551031 0.773637 -1.378159
v -8.556736 0.771372 -1.256267
v -8.158822 0.737414 -1.658870
v -8.520837 0.755722 -1.661968
v -8.527576 0.768271 -1.522143
v -7.195342 0.677959 -1.655842
v -7.218150 0.715903 -1.525532
v -7.199472 0.715688 -1.525493
v -7.176665 0.677239 -1.655742
v -8.516392 0.738667 -1.779014
v -8.531474 0.739621 -1.779114
v -8.535919 0.756484 -1.662100
v -8.154540 0.715776 -1.776633
v -7.173984 0.632444 -1.779702
v -7.155307 0.630718 -1.779841
v -8.542659 0.768840 -1.522105
v -7.451722 0.742983 -1.253049
v -7.441265 0.735854 -1.385547
v -7.424973 0.718279 -1.525962
v -8.542321 0.770991 -1.249800
v -8.557403 0.771252 -1.249961
v -7.172979 0.630293 -1.785569
v -7.154301 0.628525 -1.785691
v -8.180930 0.764751 -1.246052
v -7.812038 0.746098 -1.247393
v -7.635695 0.739031 -1.247222
v -7.264007 0.762785 -1.246511
v -7.452219 0.743325 -1.246731
v -7.497374 0.660932 -1.783450
v -7.771303 0.685234 -1.781082
v -8.154311 0.714626 -1.782861
v -8.516154 0.737754 -1.785290
v -8.175838 0.750971 -1.381118
v -7.807907 0.730930 -1.386157
v -7.812441 0.733271 -1.253499
v -8.181155 0.751972 -1.252310
v -7.616608 0.707197 -1.524543
v -7.795548 0.718393 -1.524412
v -7.780106 0.698042 -1.653791
v -7.506854 0.677539 -1.654612
v -7.772738 0.674038 -1.772246
v -7.498841 0.649995 -1.774233
v -8.165985 0.741943 -1.521824
v -7.262035 0.749419 -1.251111
v -7.450840 0.730303 -1.252239
v -7.440728 0.723193 -1.384197
v -7.242666 0.733005 -1.380730
v -7.629928 0.721765 -1.384788
v -7.635586 0.726096 -1.253101
v -8.536268 0.760508 -1.378149
v -8.541894 0.758374 -1.256348
v -8.528108 0.755571 -1.521204
v -8.543188 0.756137 -1.521184
v -8.536620 0.743843 -1.660569
v -8.521539 0.743081 -1.660420
v -8.159648 0.724839 -1.656890
v -7.424953 0.705752 -1.523542
v -7.196154 0.665823 -1.651912
v -7.218472 0.703537 -1.522383
v -8.517192 0.726084 -1.777043
v -8.155469 0.703269 -1.774214
v -7.175167 0.620500 -1.775273
v -8.181389 0.752024 -1.245952
v -8.542558 0.758266 -1.250041
v -7.498555 0.648559 -1.780503
v -7.174174 0.618349 -1.781143
v -7.812651 0.733384 -1.247151
v -7.635824 0.726304 -1.246772
v -7.243358 0.751308 -1.251001
v -7.243906 0.752197 -1.244534
v -7.262583 0.750259 -1.244663
v -7.772382 0.672778 -1.778462
v -8.155261 0.702124 -1.780452
v -8.532104 0.726125 -1.783481
v -8.517022 0.725166 -1.783362
v -8.532272 0.727033 -1.777163
v -7.451358 0.730642 -1.245933
v -7.243358 0.751308 -1.251001
v -7.223989 0.733928 -1.380400
v -8.551351 0.760906 -1.378020
v -8.556975 0.758642 -1.256518
v -8.536620 0.743843 -1.660569
v -8.543188 0.756137 -1.521184
v -7.199795 0.703335 -1.522283
v -7.177477 0.665117 -1.651753
v -8.532272 0.727033 -1.777163
v -7.156490 0.618799 -1.775334
v -8.557639 0.758525 -1.250210
v -7.155497 0.616611 -1.781172
v -7.174174 0.618349 -1.781143
v -7.498555 0.648559 -1.780503
v -7.245330 0.764717 -1.246482
v -7.243906 0.752197 -1.244534
v -7.772382 0.672778 -1.778462
v -8.155261 0.702124 -1.780452
v -8.531237 0.738716 -1.785391
v -8.517022 0.725166 -1.783362
v -8.532104 0.726125 -1.783481
v -8.532104 0.726125 -1.783481
v -8.510925 0.788049 -1.920117
v -8.517006 0.793122 -1.809590
v -7.161275 0.730952 -1.806162
v -7.142246 0.715864 -1.923037
v -8.496194 0.753628 -2.204656
v -8.502845 0.774382 -2.062512
v -7.118463 0.686936 -2.060771
v -7.092613 0.646421 -2.203076
v -7.068286 0.601924 -2.326028
v -8.492469 0.729961 -2.325469
v -7.142599 0.730200 -1.806262
v -7.123568 0.714902 -1.923425
v -8.511275 0.754687 -2.204805
v -8.517925 0.775307 -2.062610
v -8.507549 0.731191 -2.325527
v -7.099786 0.685713 -2.060881
v -8.517355 0.793413 -1.803264
v -8.532086 0.793879 -1.809721
v -8.532434 0.794167 -1.803393
v -7.067129 0.599809 -2.331875
v -7.049609 0.600049 -2.326138
v -7.048451 0.597917 -2.331985
v -8.517701 0.780398 -1.808992
v -8.532783 0.781157 -1.809131
v -8.526774 0.776157 -1.919358
v -8.511692 0.775346 -1.919158
v -7.093791 0.634282 -2.199177
v -7.075113 0.632720 -2.199338
v -7.100758 0.673340 -2.057803
v -7.119433 0.674556 -2.057732
v -7.069567 0.589932 -2.321709
v -7.050890 0.588061 -2.321790
v -8.518772 0.762661 -2.061052
v -8.503692 0.761736 -2.060933
v -8.518047 0.780688 -1.802664
v -7.161883 0.718305 -1.804573
v -7.162827 0.719106 -1.798315
v -7.068414 0.587812 -2.327556
v -8.493512 0.717483 -2.322869
v -8.493382 0.716260 -2.329126
v -7.143204 0.717558 -1.804644
v -7.144150 0.718371 -1.798384
v -8.508463 0.717495 -2.329206
v -8.508593 0.718708 -2.322939
v -8.526007 0.788860 -1.920317
v -8.526774 0.776157 -1.919358
v -8.532783 0.781157 -1.809131
v -7.100758 0.673340 -2.057803
v -7.075113 0.632720 -2.199338
v -7.073936 0.644848 -2.203267
v -7.050890 0.588061 -2.321790
v -8.518772 0.762661 -2.061052
v -7.143204 0.717558 -1.804644
v -7.124334 0.702336 -1.921287
v -8.512191 0.742139 -2.202546
v -8.508593 0.718708 -2.322939
v -8.533129 0.781445 -1.802803
v -7.162285 0.731753 -1.799954
v -7.049737 0.585932 -2.327627
v -8.492276 0.728745 -2.331685
v -7.068414 0.587812 -2.327556
v -8.493382 0.716260 -2.329126
v -7.143606 0.731013 -1.800054
v -7.144150 0.718371 -1.798384
v -8.507358 0.729980 -2.331746
v -8.508463 0.717495 -2.329206
v -8.508463 0.717495 -2.329206
v -8.484309 0.763428 -2.465342
v -8.489545 0.777849 -2.352297
v -7.066742 0.683696 -2.355505
v -7.046817 0.661872 -2.472439
v -7.021837 0.620225 -2.612024
v -6.996564 0.562202 -2.745723
v -8.469172 0.690642 -2.753799
v -8.477528 0.730356 -2.619902
v -8.462547 0.642974 -2.879848
v -8.462712 0.644839 -2.874922
v -6.971827 0.490522 -2.879009
v -6.970819 0.487602 -2.884439
v -7.048065 0.682666 -2.355535
v -7.028140 0.660732 -2.472529
v -8.484254 0.691865 -2.754009
v -8.492608 0.731494 -2.620222
v -8.477628 0.644390 -2.879839
v -8.477794 0.646248 -2.874912
v -7.003160 0.618806 -2.612224
v -8.489835 0.778652 -2.346011
v -8.504624 0.779009 -2.352246
v -8.504915 0.779805 -2.345969
v -8.490581 0.765220 -2.350627
v -8.505662 0.766374 -2.350598
v -8.500446 0.752075 -2.463074
v -8.485364 0.750869 -2.463145
v -6.997808 0.550703 -2.740124
v -6.979132 0.548965 -2.740154
v -7.004210 0.606821 -2.607776
v -7.022887 0.608232 -2.607598
v -6.973156 0.479253 -2.872952
v -6.954480 0.477131 -2.873022
v -8.493683 0.719145 -2.616992
v -8.478602 0.718008 -2.616672
v -8.490870 0.766020 -2.344341
v -7.067518 0.671142 -2.353205
v -7.068777 0.672283 -2.347080
v -7.048840 0.670112 -2.353237
v -7.050100 0.671260 -2.347100
v -8.499389 0.764634 -2.465264
v -8.500446 0.752075 -2.463074
v -8.505662 0.766374 -2.350598
v -7.004210 0.606821 -2.607776
v -6.979132 0.548965 -2.740154
v -6.977888 0.560449 -2.745781
v -6.953476 0.474204 -2.878440
v -6.952143 0.485454 -2.884538
v -6.953149 0.488389 -2.879109
v -6.954480 0.477131 -2.873022
v -6.972153 0.476343 -2.878359
v -8.463659 0.631094 -2.875112
v -8.493683 0.719145 -2.616992
v -7.048840 0.670112 -2.353237
v -7.029018 0.648335 -2.469470
v -8.485347 0.679800 -2.749800
v -8.478906 0.634358 -2.870203
v -8.478741 0.632510 -2.875103
v -8.505952 0.767175 -2.344309
v -7.068035 0.684834 -2.349399
v -7.049358 0.683808 -2.349429
v -7.050100 0.671260 -2.347100
v -8.452924 0.694087 -3.021504
v -8.459914 0.721321 -2.910447
v -6.964171 0.625215 -2.910247
v -6.944382 0.599123 -3.031430
v -8.436722 0.571741 -3.300894
v -8.444362 0.643296 -3.166677
v -6.919355 0.539165 -3.175842
v -6.893146 0.441990 -3.306540
v -6.870613 0.283018 -3.433301
v -8.429439 0.472002 -3.429673
v -6.945494 0.624143 -2.910347
v -6.925705 0.598013 -3.031609
v -8.451803 0.572852 -3.300923
v -8.459442 0.644326 -3.166567
v -8.444519 0.473481 -3.429702
v -6.900675 0.537891 -3.175933
v -8.460301 0.722827 -2.904299
v -8.474996 0.722397 -2.910527
v -8.475382 0.723906 -2.904390
v -6.869925 0.278154 -3.437180
v -6.851934 0.280334 -3.433423
v -6.851248 0.275454 -3.437290
v -8.460883 0.708931 -2.907310
v -8.475965 0.710010 -2.907388
v -8.468911 0.682844 -3.017734
v -8.453831 0.681841 -3.017795
v -6.894186 0.432871 -3.297405
v -6.875509 0.431135 -3.297534
v -6.901571 0.526841 -3.169375
v -6.920248 0.528108 -3.169307
v -6.871749 0.275071 -3.423096
v -6.853072 0.272417 -3.423196
v -8.460258 0.632627 -3.161299
v -8.445175 0.631602 -3.161389
v -8.461273 0.710439 -2.901172
v -6.964925 0.612715 -2.907549
v -6.965915 0.614033 -2.901421
v -6.871066 0.270205 -3.426975
v -8.430380 0.462009 -3.421526
v -8.430227 0.458115 -3.426575
v -6.946250 0.611645 -2.907649
v -6.947239 0.612964 -2.901521
v -8.445461 0.463477 -3.421577
v -8.445308 0.459590 -3.426633
v -8.468006 0.695088 -3.021453
v -8.468911 0.682844 -3.017734
v -8.475965 0.710010 -2.907388
v -6.901571 0.526841 -3.169375
v -6.875509 0.431135 -3.297534
v -6.874469 0.440227 -3.306702
v -6.853072 0.272417 -3.423196
v -8.460258 0.632627 -3.161299
v -6.946250 0.611645 -2.907649
v -6.926501 0.585840 -3.027632
v -8.452597 0.562144 -3.293767
v -8.445461 0.463477 -3.421577
v -8.476356 0.711523 -2.901240
v -6.965169 0.626531 -2.904131
v -6.852390 0.267541 -3.427053
v -8.429157 0.468154 -3.434641
v -6.871066 0.270205 -3.426975
v -8.430227 0.458115 -3.426575
v -6.946493 0.625464 -2.904231
v -6.947239 0.612964 -2.901521
v -8.444239 0.469644 -3.434680
v -8.445308 0.459590 -3.426633
v -8.445308 0.459590 -3.426633
v -7.847833 0.730161 -0.705056
v -7.844137 0.726675 -0.849438
v -8.221927 0.730454 -0.842390
v -8.231179 0.729785 -0.704136
v -7.822738 0.670879 -1.125688
v -7.833416 0.705278 -0.992622
v -7.655095 0.700827 -0.991943
v -7.557127 0.659375 -1.121931
v -7.814840 0.636472 -1.222141
v -7.547885 0.616787 -1.223501
v -8.214113 0.716018 -0.988643
v -7.335245 0.757549 -0.856035
v -7.360978 0.780952 -0.702617
v -7.342299 0.785400 -0.702385
v -7.316567 0.760317 -0.856277
v -7.681206 0.731631 -0.703677
v -7.670796 0.725835 -0.851577
v -8.563158 0.713979 -0.704495
v -8.559111 0.718838 -0.837034
v -8.574192 0.718318 -0.836794
v -8.578239 0.713261 -0.704517
v -8.206161 0.688926 -1.126450
v -8.548766 0.693645 -1.127939
v -8.553558 0.711860 -0.988933
v -7.287977 0.659126 -1.119172
v -7.310290 0.714809 -0.996731
v -7.291614 0.716196 -0.997060
v -7.269299 0.659109 -1.118972
v -8.544329 0.672803 -1.226440
v -8.559410 0.673410 -1.226560
v -8.563848 0.693852 -1.127998
v -8.200791 0.658957 -1.223730
v -7.269922 0.593081 -1.226909
v -7.251244 0.591489 -1.227139
v -8.568640 0.711677 -0.988953
v -7.525714 0.741714 -0.704575
v -7.514246 0.731015 -0.853747
v -7.511592 0.699865 -0.993162
v -8.563602 0.713750 -0.698169
v -8.578683 0.713022 -0.698188
v -7.269040 0.589829 -1.232226
v -7.250362 0.588183 -1.232427
v -8.231604 0.729751 -0.697798
v -7.847996 0.730315 -0.698718
v -7.681652 0.731877 -0.697349
v -7.526200 0.742168 -0.698257
v -7.361719 0.781902 -0.696389
v -7.547358 0.614353 -1.229309
v -7.814353 0.634350 -1.228079
v -8.200458 0.657095 -1.229768
v -8.544050 0.671492 -1.232637
v -8.221780 0.717749 -0.841760
v -7.844248 0.714004 -0.848279
v -7.847797 0.717451 -0.704736
v -8.230883 0.717075 -0.704184
v -7.655383 0.688452 -0.988904
v -7.833715 0.692832 -0.989902
v -7.823291 0.658730 -1.121802
v -7.557336 0.647456 -1.117334
v -7.815612 0.624536 -1.217644
v -7.548653 0.605151 -1.218242
v -8.214209 0.703449 -0.986594
v -7.358127 0.768716 -0.700537
v -7.523661 0.729209 -0.703435
v -7.512725 0.718550 -0.851606
v -7.333468 0.745293 -0.853008
v -7.670701 0.713200 -0.850088
v -7.680781 0.718935 -0.703076
v -8.558559 0.706133 -0.836904
v -8.562504 0.701291 -0.704924
v -8.553405 0.699209 -0.987544
v -8.568487 0.699023 -0.987583
v -8.564045 0.681306 -1.125779
v -8.548965 0.681106 -1.125679
v -8.206584 0.676577 -1.123291
v -7.510795 0.687617 -0.989692
v -7.288407 0.647859 -1.113096
v -7.309658 0.702915 -0.992122
v -8.544741 0.660388 -1.223552
v -8.201427 0.646831 -1.219783
v -7.270876 0.582268 -1.220073
v -8.231254 0.717043 -0.697827
v -8.562943 0.701059 -0.698599
v -7.548333 0.602671 -1.224192
v -7.270013 0.579018 -1.225391
v -7.847927 0.717607 -0.698379
v -7.681162 0.719184 -0.696777
v -7.339903 0.774301 -0.693721
v -7.358581 0.769778 -0.694060
v -7.339449 0.773171 -0.700217
v -7.815194 0.622405 -1.223621
v -8.201137 0.644966 -1.225840
v -8.559701 0.659682 -1.230019
v -8.544619 0.659062 -1.229849
v -8.559822 0.660984 -1.223711
v -7.524179 0.729653 -0.697139
v -7.339449 0.773171 -0.700217
v -7.314791 0.748081 -0.853157
v -8.573641 0.705613 -0.836684
v -8.577585 0.700573 -0.704966
v -8.564045 0.681306 -1.125779
v -8.568487 0.699023 -0.987583
v -7.290981 0.704336 -0.992341
v -7.269731 0.647886 -1.112805
v -8.559822 0.660984 -1.223711
v -7.252198 0.580727 -1.220193
v -8.578025 0.700332 -0.698638
v -7.251336 0.577431 -1.225471
v -7.270013 0.579018 -1.225391
v -7.548333 0.602671 -1.224192
v -7.343040 0.786416 -0.696179
v -7.339903 0.774301 -0.693721
v -7.815194 0.622405 -1.223621
v -8.201137 0.644966 -1.225840
v -8.559132 0.672124 -1.232756
v -8.544619 0.659062 -1.229849
v -8.559701 0.659682 -1.230019
v -8.559701 0.659682 -1.230019
v -7.854844 0.710871 -0.153442
v -7.843319 0.702588 -0.294016
v -8.222790 0.677085 -0.287300
v -8.234716 0.679035 -0.153203
v -7.820402 0.598584 -0.564670
v -7.830257 0.666892 -0.427305
v -7.658463 0.679758 -0.423677
v -7.601465 0.602217 -0.566509
v -7.811886 0.500713 -0.683584
v -7.591372 0.485544 -0.685012
v -8.214910 0.650053 -0.427534
v -7.429126 0.774043 -0.293538
v -7.451211 0.796931 -0.155132
v -7.432533 0.803501 -0.155500
v -7.410447 0.779301 -0.293606
v -7.694103 0.730683 -0.152942
v -7.682868 0.719150 -0.289299
v -8.580229 0.630576 -0.149595
v -8.575725 0.637693 -0.284560
v -8.590805 0.636010 -0.284441
v -8.595310 0.628459 -0.149434
v -8.207017 0.597910 -0.563650
v -8.566826 0.580615 -0.570049
v -8.572304 0.623166 -0.423765
v -7.389062 0.724009 -0.425015
v -7.365416 0.617593 -0.568928
v -7.384093 0.616377 -0.568738
v -7.407739 0.720107 -0.425266
v -8.562003 0.530522 -0.682605
v -8.577085 0.530876 -0.682605
v -8.581908 0.579890 -0.570308
v -8.202566 0.522099 -0.682654
v -7.362764 0.469033 -0.691040
v -7.344089 0.467683 -0.691531
v -8.587385 0.622031 -0.423606
v -7.556391 0.759926 -0.153071
v -7.544532 0.741557 -0.293047
v -7.539229 0.692622 -0.427014
v -8.580763 0.630241 -0.143276
v -8.595844 0.628105 -0.143115
v -7.362082 0.464265 -0.695000
v -7.343406 0.462886 -0.695459
v -8.235277 0.679126 -0.146875
v -7.855361 0.711245 -0.147124
v -7.694623 0.731215 -0.146636
v -7.452198 0.797949 -0.148943
v -7.556922 0.760749 -0.146804
v -7.590992 0.481162 -0.689460
v -7.811542 0.496733 -0.688411
v -8.202369 0.518721 -0.687961
v -8.562110 0.527961 -0.688371
v -8.221610 0.664511 -0.285869
v -7.842239 0.690122 -0.291758
v -7.853498 0.698276 -0.152554
v -8.233274 0.666423 -0.152913
v -7.657425 0.668164 -0.418418
v -7.829519 0.655117 -0.422436
v -7.820217 0.587969 -0.557463
v -7.600868 0.592243 -0.558413
v -7.812345 0.491084 -0.675037
v -7.591712 0.476719 -0.675586
v -8.214133 0.637937 -0.423667
v -7.446810 0.785239 -0.152583
v -7.552656 0.747920 -0.151052
v -7.541396 0.729673 -0.289658
v -7.425729 0.762378 -0.289619
v -7.681262 0.706814 -0.286619
v -7.691996 0.718222 -0.151582
v -8.574039 0.625112 -0.284040
v -8.578335 0.618027 -0.150124
v -8.574693 0.610810 -0.420876
v -8.589775 0.609673 -0.420757
v -8.581372 0.567993 -0.565730
v -8.566293 0.568740 -0.565410
v -8.206800 0.586548 -0.557773
v -7.536986 0.681374 -0.421357
v -7.383674 0.607134 -0.559763
v -7.405753 0.709175 -0.418887
v -8.561985 0.519062 -0.676936
v -8.202876 0.511518 -0.675398
v -7.363133 0.461025 -0.680884
v -8.233738 0.666528 -0.146536
v -8.578860 0.617695 -0.143806
v -7.591523 0.472231 -0.680154
v -7.362466 0.456255 -0.684844
v -7.853982 0.698652 -0.146216
v -7.692416 0.718769 -0.145315
v -7.428132 0.791821 -0.152842
v -7.428908 0.793032 -0.146445
v -7.447587 0.786374 -0.146206
v -7.812155 0.487033 -0.679966
v -8.202823 0.508096 -0.680774
v -8.577067 0.519380 -0.677007
v -8.577480 0.516767 -0.682983
v -8.562399 0.516421 -0.682893
v -7.553209 0.748733 -0.144805
v -7.428132 0.791821 -0.152842
v -7.407053 0.767661 -0.289609
v -8.589120 0.623427 -0.283960
v -8.593416 0.615913 -0.150002
v -8.581372 0.567993 -0.565730
v -8.589775 0.609673 -0.420757
v -7.387076 0.713132 -0.418538
v -7.364997 0.608413 -0.559873
v -8.577067 0.519380 -0.677007
v -7.344455 0.459741 -0.681313
v -8.593942 0.615561 -0.143686
v -7.343790 0.454953 -0.685232
v -7.362466 0.456255 -0.684844
v -7.591523 0.472231 -0.680154
v -7.433520 0.804580 -0.149333
v -7.428908 0.793032 -0.146445
v -7.812155 0.487033 -0.679966
v -8.202823 0.508096 -0.680774
v -8.577192 0.528349 -0.688381
v -8.562399 0.516421 -0.682893
v -8.577480 0.516767 -0.682983
v -8.577192 0.528349 -0.688381
v -8.577480 0.516767 -0.682983
v -8.463825 0.632954 -2.870193
v -8.463659 0.631094 -2.875112
v -6.972153 0.476343 -2.878359
v -8.478906 0.634358 -2.870203
v -8.478741 0.632510 -2.875103
v -8.478741 0.632510 -2.875103
v -6.945179 0.586946 -3.027471
v -8.452597 0.562144 -3.293767
v -8.437516 0.561045 -3.293738
v -8.476356 0.711523 -2.901240
v -7.047695 0.649470 -2.469412
v -8.485347 0.679800 -2.749800
v -8.470265 0.678579 -2.749580
v -8.505952 0.767175 -2.344309
v -7.143011 0.703296 -1.920906
v -8.512191 0.742139 -2.202546
v -8.497109 0.741081 -2.202385
v -8.533129 0.781445 -1.802803
v -8.551351 0.760906 -1.378020
v -8.556975 0.758642 -1.256518
v -8.557639 0.758525 -1.250210
v -8.573641 0.705613 -0.836684
v -8.577585 0.700573 -0.704966
v -8.578025 0.700332 -0.698638
v -8.589120 0.623427 -0.283960
v -8.593416 0.615913 -0.150002
v -8.593942 0.615561 -0.143686
v -6.926501 0.585840 -3.027632
v -6.852390 0.267541 -3.427053
v -6.852390 0.267541 -3.427053
v -7.029018 0.648335 -2.469470
v -6.953476 0.474204 -2.878440
v -6.953476 0.474204 -2.878440
v -7.124334 0.702336 -1.921287
v -7.049737 0.585932 -2.327627
v -7.049737 0.585932 -2.327627
v -7.223989 0.733928 -1.380400
v -7.199795 0.703335 -1.522283
v -7.177477 0.665117 -1.651753
v -7.156490 0.618799 -1.775334
v -7.155497 0.616611 -1.781172
v -7.155497 0.616611 -1.781172
v -7.314791 0.748081 -0.853157
v -7.290981 0.704336 -0.992341
v -7.269731 0.647886 -1.112805
v -7.252198 0.580727 -1.220193
v -7.251336 0.577431 -1.225471
v -7.251336 0.577431 -1.225471
v -7.407053 0.767661 -0.289609
v -7.364997 0.608413 -0.559873
v -7.387076 0.713132 -0.418538
v -7.344455 0.459741 -0.681313
v -7.343790 0.454953 -0.685232
v -7.343790 0.454953 -0.685232
v 9.522149 -0.625102 -5.382544
v 9.423305 -0.364438 -5.116279
v 9.692744 -0.341304 -4.721364
v 9.763377 -0.598633 -5.016738
v 9.044071 -0.253789 -5.320119
v 9.336143 -0.219514 -4.915828
v 9.132321 -0.405874 -5.494721
v 9.240605 -0.731758 -5.794223
v 9.193758 -0.565315 -5.653227
v 9.607983 -1.017705 -5.692664
v 9.325070 -1.137434 -6.104502
v 9.284437 -0.928496 -5.949121
v 9.666995 -1.496055 -5.982358
v 9.383370 -1.615190 -6.414739
v 9.359504 -1.376694 -6.265688
v 9.701745 -2.004065 -6.235090
v 9.405026 -2.144477 -6.712842
v 9.395826 -1.853721 -6.555703
v 9.850516 -0.339314 -4.417385
v 9.930001 -0.343347 -4.139983
v 9.932827 -0.523884 -4.364856
v 9.884912 -0.592798 -4.717366
v 9.619967 -0.188291 -4.479590
v 9.798682 -0.169907 -4.166164
v 9.938755 -0.942983 -4.774094
v 9.911401 -1.020439 -5.089661
v 9.935184 -0.716755 -4.572124
v 9.947601 -1.401460 -5.098196
v 9.930471 -1.507485 -5.371550
v 9.943024 -1.171887 -4.954543
v 9.953469 -1.890957 -5.338052
v 9.945599 -2.025024 -5.583926
v 9.951776 -1.645754 -5.228196
v 9.944705 -2.441567 -5.721650
v 9.961713 -2.168498 -5.436443
v 9.964314 -2.439126 -5.520161
v 9.330453 -0.210054 -4.902744
v 9.615019 -0.177886 -4.463147
v 9.814157 -1.009521 -5.355195
v 9.923321 -0.155837 -3.890041
v 9.793871 -0.157607 -4.149909
v 9.922797 -0.141414 -3.870811
v 9.847817 -1.500205 -5.639963
v 9.874256 -2.016743 -5.861487
v 9.710087 -2.424924 -6.424953
v 9.881758 -2.437690 -6.017844
v 9.881845 -2.447861 -6.021474
v 9.710146 -2.435034 -6.429382
v 9.405612 -2.403066 -6.835732
v 9.405634 -2.412446 -6.840190
v 9.944515 -2.451452 -5.724861
v 9.031420 -0.275024 -5.308274
v 9.025513 -0.264802 -5.296499
v 9.014717 -0.266025 -5.311443
v 9.028487 -0.276206 -5.334424
v 9.224792 -0.748086 -5.778899
v 9.178830 -0.583193 -5.638764
v 9.168362 -0.584182 -5.650798
v 9.214429 -0.748716 -5.790173
v 9.307205 -1.151011 -6.088757
v 9.267801 -0.943616 -5.933428
v 9.257463 -0.944507 -5.944873
v 9.297123 -1.151245 -6.099873
v 9.363388 -1.625727 -6.399204
v 9.340476 -1.388765 -6.250073
v 9.330429 -1.388865 -6.262009
v 9.352936 -1.625727 -6.412151
v 9.383823 -2.152656 -6.697517
v 9.375123 -1.863027 -6.540329
v 9.364318 -1.862783 -6.554372
v 9.372583 -2.152641 -6.712722
v 9.912900 -0.353342 -4.134705
v 9.913161 -0.530015 -4.360718
v 9.916826 -0.531489 -4.344223
v 9.918171 -0.353281 -4.115984
v 9.777784 -0.185769 -4.158186
v 9.773041 -0.173574 -4.141973
v 9.599768 -0.198682 -4.453840
v 9.605265 -0.210332 -4.472343
v 9.914588 -0.720747 -4.568955
v 9.917822 -0.945798 -4.771406
v 9.920275 -0.948367 -4.755691
v 9.917305 -0.722671 -4.553262
v 9.921983 -1.174160 -4.952014
v 9.926468 -1.403291 -5.095918
v 9.928349 -1.404336 -5.080964
v 9.924274 -1.176426 -4.936480
v 9.932617 -1.647217 -5.226206
v 9.935925 -1.892148 -5.336194
v 9.937391 -1.892729 -5.323008
v 9.934340 -1.648169 -5.212471
v 9.951722 -2.441509 -5.518672
v 9.951990 -2.451377 -5.521709
v 9.953630 -2.451162 -5.507856
v 9.953355 -2.441298 -5.504846
v 9.324138 -0.242856 -4.907532
v 9.476840 -0.561924 -5.288452
v 9.791976 -0.526460 -4.749892
v 9.118876 -0.426435 -5.482786
v 9.108367 -0.427305 -5.495200
v 9.588833 -1.030810 -5.678108
v 9.840098 -1.022820 -5.209922
v 9.907347 -0.166064 -3.883774
v 9.918103 -0.160095 -3.855964
v 9.645633 -1.505781 -5.968215
v 9.867425 -1.508914 -5.490681
v 9.679002 -2.011406 -6.221665
v 9.883701 -2.024326 -5.716013
v 9.863219 -2.437822 -6.011506
v 9.692380 -2.426553 -6.411421
v 9.386731 -2.400400 -6.819389
v 9.375320 -2.399426 -6.834624
v 9.928055 -2.444553 -5.718972
v 9.944318 -2.169446 -5.434895
v 9.945774 -2.169333 -5.421690
v 9.014717 -0.266025 -5.311443
v 9.025513 -0.264802 -5.296499
v 9.038095 -0.243496 -5.308293
v 9.027271 -0.244734 -5.323318
v 9.121884 -0.407358 -5.508296
v 9.108367 -0.427305 -5.495200
v 9.028487 -0.276206 -5.334424
v 9.033276 -0.255054 -5.335053
v 9.183233 -0.566308 -5.665334
v 9.230164 -0.732378 -5.805579
v 9.214429 -0.748716 -5.790173
v 9.168362 -0.584182 -5.650798
v 9.274005 -0.929355 -5.960637
v 9.314893 -1.137617 -6.115695
v 9.297123 -1.151245 -6.099873
v 9.257463 -0.944507 -5.944873
v 9.349362 -1.376743 -6.277712
v 9.372821 -1.615134 -6.427783
v 9.352936 -1.625727 -6.412151
v 9.330429 -1.388865 -6.262009
v 9.384920 -1.853418 -6.569849
v 9.393685 -2.144414 -6.728176
v 9.372583 -2.152641 -6.712722
v 9.364318 -1.862783 -6.554372
v 9.936181 -0.525727 -4.348091
v 9.934940 -0.343667 -4.121052
v 9.918171 -0.353281 -4.115984
v 9.916826 -0.531489 -4.344223
v 9.599768 -0.198682 -4.453840
v 9.773041 -0.173574 -4.141973
v 9.940854 -0.945815 -4.758071
v 9.937570 -0.718984 -4.556130
v 9.917305 -0.722671 -4.553262
v 9.920275 -0.948367 -4.755691
v 9.949099 -1.402651 -5.082964
v 9.944946 -1.174360 -4.938708
v 9.924274 -1.176426 -4.936480
v 9.928349 -1.404336 -5.080964
v 9.954302 -1.891631 -5.324648
v 9.952971 -1.646821 -5.214221
v 9.934340 -1.648169 -5.212471
v 9.937391 -1.892729 -5.323008
v 9.951990 -2.451377 -5.521709
v 9.964407 -2.448943 -5.523201
v 9.965781 -2.448769 -5.509255
v 9.953630 -2.451162 -5.507856
v 9.317496 -0.231787 -4.892178
v 9.933000 -0.140132 -3.848718
v 9.919650 -0.147852 -3.838882
v 9.918103 -0.160095 -3.855964
v 9.933139 -0.154731 -3.868249
v 9.906909 -0.151667 -3.864473
v 9.863566 -2.447842 -6.015227
v 9.692633 -2.436470 -6.415847
v 9.375419 -2.408374 -6.839043
v 9.375320 -2.399426 -6.834624
v 9.394217 -2.402246 -6.851106
v 9.394238 -2.411599 -6.855566
v 9.386838 -2.409387 -6.823809
v 9.928241 -2.454473 -5.722231
v 9.962514 -2.168467 -5.423039
v 9.945774 -2.169333 -5.421690
v 9.953355 -2.441298 -5.504846
v 9.965668 -2.438960 -5.506235
v 9.692633 -2.436470 -6.415847
v 9.863566 -2.447842 -6.015227
v 9.386838 -2.409387 -6.823809
v 9.928241 -2.454473 -5.722231
v 9.953630 -2.451162 -5.507856
v 9.317496 -0.231787 -4.892178
v 9.906909 -0.151667 -3.864473
v 9.014717 -0.266025 -5.311443
v 9.919650 -0.147852 -3.838882
v 9.919650 -0.147852 -3.838882
v 9.375419 -2.408374 -6.839043
v 9.375419 -2.408374 -6.839043
v 7.902316 0.745989 -1.253730
v 8.271164 0.764702 -1.252390
v 8.265768 0.763691 -1.381570
v 7.897686 0.743633 -1.386858
v 7.869668 0.710559 -1.656091
v 7.596724 0.689968 -1.657490
v 7.706524 0.719802 -1.526411
v 7.885231 0.731020 -1.526013
v 7.862189 0.686491 -1.774873
v 7.588303 0.662358 -1.777292
v 8.255809 0.754609 -1.523113
v 7.333553 0.745571 -1.382830
v 7.314877 0.746489 -1.382578
v 7.335029 0.763882 -1.252720
v 7.353706 0.761997 -1.252749
v 7.725910 0.738823 -1.253560
v 7.720067 0.734468 -1.385708
v 8.632151 0.771106 -1.256108
v 8.647231 0.771372 -1.256267
v 8.641527 0.773642 -1.378149
v 8.626447 0.773242 -1.378291
v 8.618073 0.768271 -1.522143
v 8.611334 0.755722 -1.661968
v 8.249319 0.737417 -1.658870
v 7.285839 0.677961 -1.655842
v 7.267160 0.677241 -1.655742
v 7.289968 0.715688 -1.525493
v 7.308645 0.715903 -1.525532
v 8.626416 0.756489 -1.662100
v 8.621971 0.739624 -1.779114
v 8.606888 0.738667 -1.779014
v 8.245036 0.715776 -1.776633
v 7.264481 0.632446 -1.779702
v 7.245803 0.630723 -1.779841
v 8.633156 0.768843 -1.522095
v 7.542217 0.742986 -1.253049
v 7.531761 0.735857 -1.385547
v 7.515469 0.718281 -1.525962
v 8.632818 0.770996 -1.249800
v 8.647899 0.771255 -1.249951
v 7.263475 0.630293 -1.785569
v 7.244797 0.628530 -1.785691
v 8.271426 0.764751 -1.246052
v 7.902534 0.746101 -1.247393
v 7.726190 0.739033 -1.247222
v 7.354503 0.762788 -1.246511
v 7.542716 0.743325 -1.246731
v 7.587870 0.660937 -1.783450
v 7.861800 0.685234 -1.781072
v 8.244808 0.714629 -1.782861
v 8.606650 0.737756 -1.785290
v 8.266335 0.750974 -1.381118
v 8.271651 0.751977 -1.252310
v 7.902937 0.733271 -1.253499
v 7.898403 0.730932 -1.386157
v 7.707104 0.707200 -1.524543
v 7.597351 0.677541 -1.654612
v 7.870602 0.698042 -1.653791
v 7.886044 0.718393 -1.524412
v 7.589338 0.649995 -1.774233
v 7.863234 0.674038 -1.772246
v 8.256481 0.741946 -1.521824
v 7.352532 0.749419 -1.251111
v 7.333161 0.733008 -1.380730
v 7.531224 0.723196 -1.384197
v 7.541337 0.730307 -1.252239
v 7.726082 0.726098 -1.253101
v 7.720423 0.721767 -1.384788
v 8.626764 0.760510 -1.378140
v 8.632391 0.758376 -1.256348
v 8.618604 0.755571 -1.521204
v 8.612037 0.743081 -1.660420
v 8.627116 0.743843 -1.660559
v 8.633686 0.756140 -1.521174
v 8.250145 0.724841 -1.656890
v 7.515449 0.705757 -1.523542
v 7.308969 0.703540 -1.522383
v 7.286650 0.665825 -1.651912
v 8.607688 0.726084 -1.777043
v 8.245965 0.703271 -1.774214
v 7.265662 0.620503 -1.775273
v 8.271885 0.752026 -1.245952
v 8.633054 0.758266 -1.250041
v 7.264669 0.618349 -1.781143
v 7.589051 0.648562 -1.780503
v 7.903146 0.733384 -1.247151
v 7.726319 0.726306 -1.246772
v 7.353080 0.750259 -1.244663
v 7.334402 0.752200 -1.244534
v 7.333854 0.751308 -1.251001
v 7.862878 0.672778 -1.778462
v 8.245758 0.702124 -1.780452
v 8.622602 0.726128 -1.783481
v 8.622769 0.727036 -1.777163
v 8.607518 0.725166 -1.783362
v 7.541855 0.730644 -1.245933
v 7.314485 0.733930 -1.380400
v 7.333854 0.751308 -1.251001
v 8.647472 0.758645 -1.256518
v 8.641848 0.760908 -1.378020
v 8.633686 0.756140 -1.521174
v 8.627116 0.743843 -1.660559
v 7.267972 0.665117 -1.651753
v 7.290290 0.703337 -1.522273
v 8.622769 0.727036 -1.777163
v 7.246986 0.618799 -1.775334
v 8.648136 0.758528 -1.250210
v 7.245992 0.616611 -1.781172
v 7.589051 0.648562 -1.780503
v 7.264669 0.618349 -1.781143
v 7.335825 0.764717 -1.246482
v 7.334402 0.752200 -1.244534
v 7.862878 0.672778 -1.778462
v 8.245758 0.702124 -1.780452
v 8.621733 0.738718 -1.785391
v 8.622602 0.726128 -1.783481
v 8.607518 0.725166 -1.783362
v 8.622602 0.726128 -1.783481
v 8.601421 0.788052 -1.920117
v 7.232741 0.715867 -1.923025
v 7.251772 0.730952 -1.806162
v 8.607502 0.793125 -1.809590
v 8.586691 0.753628 -2.204656
v 7.183108 0.646423 -2.203076
v 7.208959 0.686938 -2.060771
v 8.593341 0.774385 -2.062512
v 8.582965 0.729966 -2.325469
v 7.158782 0.601926 -2.326028
v 7.214064 0.714902 -1.923425
v 7.233095 0.730202 -1.806262
v 8.608422 0.775307 -2.062610
v 8.601771 0.754687 -2.204805
v 8.598046 0.731194 -2.325527
v 7.190282 0.685713 -2.060881
v 8.607850 0.793413 -1.803264
v 8.622931 0.794170 -1.803393
v 8.622583 0.793882 -1.809721
v 7.157625 0.599809 -2.331875
v 7.138948 0.597920 -2.331975
v 7.140105 0.600049 -2.326138
v 8.608199 0.780400 -1.808992
v 8.602189 0.775349 -1.919148
v 8.617271 0.776157 -1.919358
v 8.623280 0.781157 -1.809131
v 7.184286 0.634285 -2.199177
v 7.209930 0.674556 -2.057732
v 7.191254 0.673340 -2.057803
v 7.165608 0.632720 -2.199338
v 7.160063 0.589932 -2.321699
v 7.141386 0.588064 -2.321790
v 8.594189 0.761738 -2.060933
v 8.609268 0.762661 -2.061052
v 8.608544 0.780688 -1.802664
v 7.253323 0.719111 -1.798315
v 7.252378 0.718308 -1.804573
v 7.158910 0.587812 -2.327546
v 8.583879 0.716264 -2.329126
v 8.584008 0.717485 -2.322869
v 7.234645 0.718374 -1.798384
v 7.233701 0.717558 -1.804644
v 8.598960 0.717495 -2.329206
v 8.599091 0.718711 -2.322939
v 8.616504 0.788862 -1.920317
v 8.623280 0.781157 -1.809131
v 8.617271 0.776157 -1.919358
v 7.164431 0.644851 -2.203267
v 7.165608 0.632720 -2.199338
v 7.191254 0.673340 -2.057803
v 7.141386 0.588064 -2.321790
v 8.609268 0.762661 -2.061052
v 7.214831 0.702339 -1.921277
v 7.233701 0.717558 -1.804644
v 8.602687 0.742139 -2.202546
v 8.599091 0.718711 -2.322939
v 8.623625 0.781445 -1.802803
v 7.252781 0.731753 -1.799954
v 7.140233 0.585932 -2.327627
v 8.582772 0.728745 -2.331685
v 8.583879 0.716264 -2.329126
v 7.158910 0.587812 -2.327546
v 7.234103 0.731013 -1.800054
v 7.234645 0.718374 -1.798384
v 8.597855 0.729983 -2.331746
v 8.598960 0.717495 -2.329206
v 8.598960 0.717495 -2.329206
v 8.574804 0.763428 -2.465342
v 7.137314 0.661875 -2.472439
v 7.157238 0.683699 -2.355495
v 8.580040 0.777851 -2.352297
v 7.112333 0.620225 -2.612014
v 8.568024 0.730359 -2.619902
v 8.559670 0.690644 -2.753799
v 7.087060 0.562202 -2.745723
v 8.553043 0.642976 -2.879848
v 7.061316 0.487602 -2.884439
v 7.062322 0.490522 -2.879009
v 8.553209 0.644841 -2.874912
v 7.118636 0.660732 -2.472529
v 7.138561 0.682666 -2.355535
v 8.583105 0.731496 -2.620222
v 8.574750 0.691865 -2.754009
v 8.568290 0.646250 -2.874912
v 8.568126 0.644392 -2.879839
v 7.093656 0.618806 -2.612224
v 8.580331 0.778652 -2.346011
v 8.595412 0.779809 -2.345969
v 8.595122 0.779009 -2.352246
v 8.581078 0.765220 -2.350627
v 8.575860 0.750874 -2.463145
v 8.590942 0.752080 -2.463064
v 8.596159 0.766377 -2.350588
v 7.088305 0.550705 -2.740124
v 7.113383 0.608232 -2.607598
v 7.094706 0.606824 -2.607776
v 7.069628 0.548965 -2.740154
v 7.063653 0.479253 -2.872952
v 7.044975 0.477134 -2.873022
v 8.569099 0.718010 -2.616672
v 8.584180 0.719148 -2.616992
v 8.581367 0.766020 -2.344341
v 7.159272 0.672285 -2.347080
v 7.158014 0.671142 -2.353205
v 7.140596 0.671260 -2.347100
v 7.139336 0.670112 -2.353227
v 8.596159 0.766377 -2.350588
v 8.590942 0.752080 -2.463064
v 8.589885 0.764634 -2.465264
v 7.068383 0.560454 -2.745781
v 7.069628 0.548965 -2.740154
v 7.094706 0.606824 -2.607776
v 7.043972 0.474204 -2.878440
v 7.044975 0.477134 -2.873022
v 7.043645 0.488389 -2.879109
v 7.042638 0.485454 -2.884538
v 8.554156 0.631096 -2.875112
v 7.062648 0.476343 -2.878359
v 8.584180 0.719148 -2.616992
v 7.119514 0.648335 -2.469470
v 7.139336 0.670112 -2.353227
v 8.575843 0.679800 -2.749800
v 8.569403 0.634360 -2.870203
v 8.569238 0.632510 -2.875103
v 8.596450 0.767178 -2.344299
v 7.158531 0.684839 -2.349399
v 7.139854 0.683808 -2.349429
v 7.140596 0.671260 -2.347100
v 8.543420 0.694087 -3.021504
v 7.034878 0.599126 -3.031430
v 7.054667 0.625215 -2.910247
v 8.550412 0.721323 -2.910447
v 8.527218 0.571743 -3.300894
v 6.983643 0.441992 -3.306540
v 7.009851 0.539167 -3.175842
v 8.534858 0.643296 -3.166677
v 8.519935 0.472004 -3.429673
v 6.961108 0.283022 -3.433291
v 7.016201 0.598015 -3.031609
v 7.035989 0.624145 -2.910347
v 8.549939 0.644326 -3.166567
v 8.542301 0.572852 -3.300913
v 8.535016 0.473486 -3.429702
v 6.991172 0.537891 -3.175933
v 8.550797 0.722830 -2.904299
v 8.565879 0.723911 -2.904390
v 8.565492 0.722397 -2.910527
v 6.960421 0.278154 -3.437180
v 6.941745 0.275457 -3.437290
v 6.942430 0.280337 -3.433423
v 8.551380 0.708935 -2.907310
v 8.544327 0.681841 -3.017795
v 8.559408 0.682847 -3.017734
v 8.566462 0.710012 -2.907378
v 6.984682 0.432873 -3.297405
v 7.010745 0.528108 -3.169307
v 6.992067 0.526846 -3.169375
v 6.966005 0.431138 -3.297524
v 6.962245 0.275073 -3.423096
v 6.943569 0.272417 -3.423196
v 8.535672 0.631604 -3.161389
v 8.550754 0.632632 -3.161289
v 8.551769 0.710439 -2.901162
v 7.056412 0.614033 -2.901421
v 7.055422 0.612715 -2.907549
v 6.961563 0.270205 -3.426975
v 8.520723 0.458115 -3.426575
v 8.520878 0.462012 -3.421526
v 7.037735 0.612966 -2.901521
v 7.036746 0.611645 -2.907649
v 8.535804 0.459590 -3.426633
v 8.535957 0.463477 -3.421577
v 8.566462 0.710012 -2.907378
v 8.559408 0.682847 -3.017734
v 8.558502 0.695088 -3.021443
v 6.964966 0.440229 -3.306702
v 6.966005 0.431138 -3.297524
v 6.992067 0.526846 -3.169375
v 6.943569 0.272417 -3.423196
v 8.550754 0.632632 -3.161289
v 7.016997 0.585842 -3.027632
v 7.036746 0.611645 -2.907649
v 8.543095 0.562144 -3.293767
v 8.535957 0.463477 -3.421577
v 8.566853 0.711523 -2.901240
v 7.055666 0.626533 -2.904131
v 6.942886 0.267544 -3.427053
v 8.519653 0.468154 -3.434641
v 8.520723 0.458115 -3.426575
v 6.961563 0.270205 -3.426975
v 7.036989 0.625464 -2.904231
v 7.037735 0.612966 -2.901521
v 8.534735 0.469644 -3.434680
v 8.535804 0.459590 -3.426633
v 8.535804 0.459590 -3.426633
v 7.938329 0.730163 -0.705056
v 8.321676 0.729785 -0.704136
v 8.312424 0.730454 -0.842390
v 7.934634 0.726675 -0.849438
v 7.913234 0.670881 -1.125688
v 7.647623 0.659375 -1.121931
v 7.745590 0.700830 -0.991943
v 7.923913 0.705280 -0.992622
v 7.905335 0.636472 -1.222141
v 7.638382 0.616789 -1.223501
v 8.304610 0.716020 -0.988643
v 7.425740 0.757549 -0.856035
v 7.407062 0.760317 -0.856265
v 7.432795 0.785403 -0.702385
v 7.451473 0.780954 -0.702617
v 7.771702 0.731631 -0.703677
v 7.761292 0.725840 -0.851577
v 8.653655 0.713982 -0.704495
v 8.668736 0.713264 -0.704517
v 8.664688 0.718320 -0.836794
v 8.649607 0.718838 -0.837034
v 8.644055 0.711863 -0.988933
v 8.639262 0.693647 -1.127939
v 8.296658 0.688930 -1.126450
v 7.378471 0.659128 -1.119163
v 7.359794 0.659111 -1.118972
v 7.382109 0.716196 -0.997060
v 7.400787 0.714809 -0.996731
v 8.654344 0.693852 -1.127998
v 8.649908 0.673413 -1.226560
v 8.634826 0.672803 -1.226440
v 8.291289 0.658960 -1.223730
v 7.360418 0.593081 -1.226909
v 7.341740 0.591489 -1.227139
v 8.659136 0.711679 -0.988943
v 7.616211 0.741716 -0.704575
v 7.604742 0.731015 -0.853747
v 7.602088 0.699868 -0.993162
v 8.654099 0.713750 -0.698169
v 8.669180 0.713022 -0.698179
v 7.359535 0.589829 -1.232226
v 7.340858 0.588186 -1.232427
v 8.322101 0.729753 -0.697798
v 7.938492 0.730317 -0.698718
v 7.772147 0.731880 -0.697349
v 7.452214 0.781904 -0.696389
v 7.616696 0.742168 -0.698257
v 7.904850 0.634353 -1.228079
v 7.637853 0.614353 -1.229309
v 8.290954 0.657097 -1.229768
v 8.634546 0.671494 -1.232627
v 8.312277 0.717754 -0.841760
v 8.321378 0.717075 -0.704184
v 7.938293 0.717456 -0.704736
v 7.934745 0.714004 -0.848279
v 7.745878 0.688452 -0.988894
v 7.647830 0.647458 -1.117334
v 7.913787 0.658735 -1.121802
v 7.924212 0.692834 -0.989902
v 7.639148 0.605151 -1.218232
v 7.906108 0.624536 -1.217634
v 8.304703 0.703452 -0.986594
v 7.448622 0.768716 -0.700537
v 7.423964 0.745295 -0.853008
v 7.603221 0.718554 -0.851606
v 7.614156 0.729209 -0.703435
v 7.771277 0.718935 -0.703066
v 7.761196 0.713203 -0.850088
v 8.649055 0.706133 -0.836904
v 8.653000 0.701294 -0.704924
v 8.643901 0.699214 -0.987544
v 8.639462 0.681108 -1.125679
v 8.654541 0.681308 -1.125779
v 8.658984 0.699023 -0.987583
v 8.297081 0.676579 -1.123281
v 7.601291 0.687619 -0.989692
v 7.400154 0.702915 -0.992112
v 7.378904 0.647859 -1.113096
v 8.635238 0.660390 -1.223552
v 8.291924 0.646831 -1.219783
v 7.361372 0.582270 -1.220073
v 8.321751 0.717046 -0.697827
v 8.653441 0.701059 -0.698599
v 7.360509 0.579018 -1.225391
v 7.638829 0.602671 -1.224192
v 7.938423 0.717607 -0.698379
v 7.771659 0.719184 -0.696768
v 7.430399 0.774301 -0.693708
v 7.429945 0.773174 -0.700217
v 7.449076 0.769778 -0.694060
v 7.905690 0.622405 -1.223621
v 8.291633 0.644966 -1.225840
v 8.650198 0.659682 -1.230019
v 8.650318 0.660986 -1.223711
v 8.635117 0.659062 -1.229849
v 7.614676 0.729653 -0.697139
v 7.405287 0.748081 -0.853157
v 7.429945 0.773174 -0.700217
v 8.668081 0.700576 -0.704966
v 8.664137 0.705615 -0.836684
v 8.658984 0.699023 -0.987583
v 8.654541 0.681308 -1.125779
v 7.360226 0.647886 -1.112795
v 7.381476 0.704336 -0.992341
v 8.650318 0.660986 -1.223711
v 7.342694 0.580730 -1.220193
v 8.668521 0.700334 -0.698628
v 7.341831 0.577431 -1.225471
v 7.638829 0.602671 -1.224192
v 7.360509 0.579018 -1.225391
v 7.433536 0.786416 -0.696169
v 7.430399 0.774301 -0.693708
v 7.905690 0.622405 -1.223621
v 8.291633 0.644966 -1.225840
v 8.649629 0.672126 -1.232756
v 8.650198 0.659682 -1.230019
v 8.635117 0.659062 -1.229849
v 8.650198 0.659682 -1.230019
v 7.945339 0.710874 -0.153442
v 8.325213 0.679038 -0.153193
v 8.313286 0.677085 -0.287300
v 7.933815 0.702590 -0.294016
v 7.910897 0.598584 -0.564670
v 7.691961 0.602219 -0.566509
v 7.748960 0.679760 -0.423677
v 7.920753 0.666894 -0.427305
v 7.902383 0.500713 -0.683584
v 7.681868 0.485547 -0.685012
v 8.305407 0.650053 -0.427534
v 7.519621 0.774045 -0.293528
v 7.500944 0.779301 -0.293606
v 7.523029 0.803503 -0.155500
v 7.541707 0.796933 -0.155132
v 7.784599 0.730686 -0.152932
v 7.773364 0.719153 -0.289299
v 8.670726 0.630578 -0.149582
v 8.685806 0.628462 -0.149434
v 8.681301 0.636010 -0.284441
v 8.666220 0.637695 -0.284551
v 8.662802 0.623169 -0.423765
v 8.657323 0.580615 -0.570039
v 8.297513 0.597910 -0.563650
v 7.479557 0.724009 -0.425015
v 7.498235 0.720107 -0.425266
v 7.474589 0.616377 -0.568738
v 7.455911 0.617597 -0.568928
v 8.672404 0.579892 -0.570308
v 8.667581 0.530879 -0.682605
v 8.652500 0.530522 -0.682605
v 8.293063 0.522102 -0.682654
v 7.453260 0.469033 -0.691040
v 7.434584 0.467685 -0.691531
v 8.677881 0.622036 -0.423606
v 7.646887 0.759929 -0.153071
v 7.635028 0.741557 -0.293047
v 7.629726 0.692627 -0.427014
v 8.671260 0.630244 -0.143276
v 8.686340 0.628110 -0.143115
v 7.452579 0.464267 -0.695000
v 7.433901 0.462888 -0.695459
v 8.325774 0.679128 -0.146875
v 7.945857 0.711245 -0.147124
v 7.785118 0.731218 -0.146636
v 7.542693 0.797949 -0.148943
v 7.647418 0.760752 -0.146804
v 7.902039 0.496738 -0.688411
v 7.681487 0.481164 -0.689460
v 8.292866 0.518725 -0.687952
v 8.652607 0.527964 -0.688371
v 8.312107 0.664514 -0.285859
v 8.323771 0.666425 -0.152913
v 7.943994 0.698276 -0.152554
v 7.932735 0.690122 -0.291758
v 7.747921 0.668166 -0.418418
v 7.691363 0.592246 -0.558403
v 7.910713 0.587971 -0.557463
v 7.920016 0.655117 -0.422427
v 7.682208 0.476719 -0.675586
v 7.902842 0.491086 -0.675037
v 8.304631 0.637939 -0.423667
v 7.537305 0.785239 -0.152573
v 7.516225 0.762380 -0.289619
v 7.631891 0.729673 -0.289658
v 7.643153 0.747920 -0.151052
v 7.782491 0.718225 -0.151582
v 7.771758 0.706816 -0.286619
v 8.664535 0.625114 -0.284040
v 8.668831 0.618029 -0.150124
v 8.665190 0.610810 -0.420876
v 8.656788 0.568740 -0.565410
v 8.671868 0.567993 -0.565730
v 8.680271 0.609675 -0.420757
v 8.297296 0.586548 -0.557773
v 7.627481 0.681377 -0.421348
v 7.496249 0.709177 -0.418887
v 7.474170 0.607134 -0.559753
v 8.652481 0.519065 -0.676936
v 8.293372 0.511521 -0.675398
v 7.453629 0.461025 -0.680884
v 8.324234 0.666528 -0.146536
v 8.669357 0.617697 -0.143806
v 7.452961 0.456255 -0.684844
v 7.682018 0.472231 -0.680154
v 7.944478 0.698652 -0.146216
v 7.782912 0.718769 -0.145315
v 7.538083 0.786377 -0.146194
v 7.519404 0.793032 -0.146445
v 7.518628 0.791823 -0.152842
v 7.902650 0.487036 -0.679966
v 8.293320 0.508098 -0.680774
v 8.667563 0.519380 -0.676997
v 8.652895 0.516421 -0.682893
v 8.667976 0.516770 -0.682983
v 7.643705 0.748735 -0.144805
v 7.497549 0.767661 -0.289609
v 7.518628 0.791823 -0.152842
v 8.683912 0.615913 -0.149993
v 8.679616 0.623427 -0.283960
v 8.680271 0.609675 -0.420757
v 8.671868 0.567993 -0.565730
v 7.455492 0.608415 -0.559873
v 7.477572 0.713135 -0.418538
v 8.667563 0.519380 -0.676997
v 7.434952 0.459743 -0.681313
v 8.684438 0.615564 -0.143686
v 7.434286 0.454953 -0.685222
v 7.682018 0.472231 -0.680154
v 7.452961 0.456255 -0.684844
v 7.524015 0.804582 -0.149324
v 7.519404 0.793032 -0.146445
v 7.902650 0.487036 -0.679966
v 8.293320 0.508098 -0.680774
v 8.667688 0.528349 -0.688381
v 8.667976 0.516770 -0.682983
v 8.652895 0.516421 -0.682893
v 8.667976 0.516770 -0.682983
v 8.667688 0.528349 -0.688381
v 8.554321 0.632954 -2.870193
v 7.062648 0.476343 -2.878359
v 8.554156 0.631096 -2.875112
v 8.569238 0.632510 -2.875103
v 8.569403 0.634360 -2.870203
v 8.569238 0.632510 -2.875103
v 7.035675 0.586948 -3.027471
v 8.543095 0.562144 -3.293767
v 8.528012 0.561045 -3.293738
v 8.566853 0.711523 -2.901240
v 7.138190 0.649473 -2.469412
v 8.575843 0.679800 -2.749800
v 8.560761 0.678581 -2.749580
v 8.596450 0.767178 -2.344299
v 7.233508 0.703296 -1.920906
v 8.602687 0.742139 -2.202546
v 8.587607 0.741084 -2.202385
v 8.623625 0.781445 -1.802803
v 8.641848 0.760908 -1.378020
v 8.647472 0.758645 -1.256518
v 8.648136 0.758528 -1.250210
v 8.664137 0.705615 -0.836684
v 8.668081 0.700576 -0.704966
v 8.668521 0.700334 -0.698628
v 8.679616 0.623427 -0.283960
v 8.683912 0.615913 -0.149993
v 8.684438 0.615564 -0.143686
v 7.016997 0.585842 -3.027632
v 6.942886 0.267544 -3.427053
v 6.942886 0.267544 -3.427053
v 7.119514 0.648335 -2.469470
v 7.043972 0.474204 -2.878440
v 7.043972 0.474204 -2.878440
v 7.214831 0.702339 -1.921277
v 7.140233 0.585932 -2.327627
v 7.140233 0.585932 -2.327627
v 7.314485 0.733930 -1.380400
v 7.290290 0.703337 -1.522273
v 7.267972 0.665117 -1.651753
v 7.246986 0.618799 -1.775334
v 7.245992 0.616611 -1.781172
v 7.245992 0.616611 -1.781172
v 7.405287 0.748081 -0.853157
v 7.381476 0.704336 -0.992341
v 7.360226 0.647886 -1.112795
v 7.342694 0.580730 -1.220193
v 7.341831 0.577431 -1.225471
v 7.341831 0.577431 -1.225471
v 7.497549 0.767661 -0.289609
v 7.477572 0.713135 -0.418538
v 7.455492 0.608415 -0.559873
v 7.434952 0.459743 -0.681313
v 7.434286 0.454953 -0.685222
v 7.434286 0.454953 -0.685222
vn -0.1189 0.9501 -0.2884
vn -0.1006 0.9515 -0.2908
vn -0.1260 0.9360 -0.3287
vn -0.1553 0.9304 -0.3320
vn -0.1348 0.9448 -0.2985
vn -0.1475 0.9345 -0.3239
vn -0.1403 0.9409 -0.3084
vn -0.0424 0.9451 -0.3239
vn -0.0911 0.9223 -0.3756
vn -0.0907 0.9155 -0.3918
vn -0.0078 0.9417 -0.3364
vn -0.1341 0.9174 -0.3748
vn -0.1851 0.9035 -0.3865
vn -0.0875 0.9444 -0.3168
vn -0.1020 0.9211 -0.3756
vn -0.0652 0.9287 -0.3651
vn -0.0531 0.9508 -0.3052
vn -0.0308 0.9364 -0.3495
vn -0.0254 0.9542 -0.2982
vn -0.0000 0.9511 -0.3090
vn -0.0000 0.9272 -0.3746
vn -0.1541 0.8983 -0.4115
vn -0.2460 0.8287 -0.5028
vn -0.3045 0.7865 -0.5372
vn -0.1853 0.8678 -0.4611
vn -0.1930 0.8900 -0.4131
vn -0.2019 0.8675 -0.4546
vn -0.2426 0.8372 -0.4901
vn -0.1592 0.8736 -0.4599
vn -0.1106 0.8864 -0.4495
vn -0.0695 0.8913 -0.4481
vn -0.0327 0.9016 -0.4314
vn -0.0000 0.8862 -0.4633
vn -0.3060 0.7691 -0.5611
vn -0.3203 0.7522 -0.5758
vn -0.2303 0.8141 -0.5331
vn -0.2934 0.7709 -0.5654
vn -0.1675 0.8261 -0.5380
vn -0.0791 0.8365 -0.5423
vn -0.1205 0.8339 -0.5387
vn -0.0371 0.8430 -0.5366
vn -0.0000 0.8323 -0.5543
vn -0.2327 0.7635 -0.6024
vn -0.3012 0.7432 -0.5974
vn -0.1612 0.7863 -0.5965
vn -0.0723 0.7946 -0.6028
vn -0.1104 0.7920 -0.6005
vn -0.0393 0.7972 -0.6024
vn -0.0000 0.7890 -0.6144
vn -0.0456 0.9691 -0.2424
vn -0.0485 0.9707 -0.2352
vn -0.0227 0.9724 -0.2322
vn -0.0196 0.9706 -0.2400
vn -0.0709 0.9663 -0.2474
vn -0.0764 0.9667 -0.2441
vn -0.0976 0.9464 -0.3080
vn -0.0464 0.9642 -0.2610
vn -0.2123 0.9379 -0.2743
vn -0.2448 0.9186 -0.3101
vn -0.2210 0.8878 -0.4038
vn -0.1610 0.9201 -0.3571
vn -0.2553 0.8988 -0.3564
vn -0.2825 0.8754 -0.3923
vn -0.3190 0.8156 -0.4828
vn -0.2898 0.8407 -0.4575
vn -0.2942 0.8607 -0.4155
vn -0.3417 0.7813 -0.5223
vn -0.3499 0.7729 -0.5294
vn -0.3378 0.7826 -0.5230
vn -0.3292 0.7762 -0.5377
vn -0.1189 0.9330 -0.3397
vn -0.0525 0.9581 -0.2815
vn -0.4350 0.8500 -0.2971
vn -0.4295 0.8374 -0.3380
vn -0.2486 0.8649 -0.4361
vn -0.1857 0.9038 -0.3855
vn -0.4168 0.8271 -0.3769
vn -0.3226 0.8158 -0.4799
vn -0.4206 0.8103 -0.4081
vn -0.4057 0.7997 -0.4426
vn -0.3756 0.7661 -0.5215
vn -0.3998 0.7709 -0.4959
vn -0.4615 0.7016 -0.5429
vn -0.3847 0.7586 -0.5259
vn -0.3762 0.7330 -0.5667
vn -0.2130 0.9003 -0.3797
vn -0.1442 0.9349 -0.3243
vn -0.2589 0.8736 -0.4122
vn -0.4024 0.7644 -0.5038
vn -0.3439 0.8134 -0.4691
vn -0.4478 0.7211 -0.5287
vn -0.4675 0.7061 -0.5318
vn -0.0814 0.9693 -0.2319
vn -0.0788 0.9722 -0.2206
vn -0.0815 0.9730 -0.2161
vn -0.0887 0.9666 -0.2403
vn -0.0656 0.9763 -0.2062
vn -0.1073 0.9706 -0.2154
vn -0.1135 0.9654 -0.2346
vn 0.1855 0.9679 -0.1696
vn 0.1790 0.9744 -0.1359
vn 0.1708 0.9749 -0.1431
vn 0.1637 0.9692 -0.1838
vn -0.0059 0.9772 -0.2121
vn -0.1605 0.9602 -0.2284
vn 0.0091 0.9734 -0.2290
vn -0.0727 0.9586 -0.2753
vn -0.0555 0.9189 -0.3905
vn -0.0353 0.9721 -0.2320
vn -0.0177 0.9764 -0.2152
vn -0.0274 0.9174 -0.3969
vn -0.1373 0.8869 -0.4410
vn -0.0880 0.9618 -0.2594
vn -0.0776 0.9650 -0.2506
vn -0.1194 0.8969 -0.4258
vn -0.0900 0.9836 -0.1562
vn -0.0908 0.9865 -0.1364
vn -0.0757 0.9874 -0.1392
vn -0.0765 0.9845 -0.1576
vn -0.0779 0.9863 -0.1456
vn -0.1004 0.9873 -0.1231
vn -0.1044 0.9895 -0.0996
vn -0.1609 0.9830 -0.0880
vn 0.0460 0.9973 -0.0580
vn 0.1033 0.9924 -0.0668
vn -0.1445 0.6231 -0.7687
vn -0.1182 0.7927 -0.5981
vn -0.0764 0.8045 -0.5891
vn -0.0987 0.6423 -0.7600
vn -0.1969 0.6155 -0.7632
vn -0.1548 0.7927 -0.5896
vn 0.1602 0.9821 -0.0990
vn 0.1485 0.9858 -0.0785
vn 0.0275 0.9940 -0.1060
vn 0.0676 0.9884 -0.1361
vn -0.2478 0.9499 -0.1905
vn -0.2209 0.9580 -0.1828
vn -0.2241 0.9549 -0.1947
vn -0.2530 0.9484 -0.1910
vn 0.8546 0.5155 -0.0622
vn 0.8757 0.4814 -0.0363
vn 0.8684 0.4944 -0.0389
vn 0.8524 0.5190 -0.0640
vn 0.9092 0.4163 0.0100
vn 0.8298 0.5362 -0.1546
vn 0.8430 0.5074 -0.1786
vn 0.9269 0.3753 0.0021
vn -0.1659 0.4716 -0.8661
vn -0.1989 0.4584 -0.8662
vn -0.1106 0.4827 -0.8688
vn 0.5003 0.8390 -0.2140
vn 0.3722 0.9180 -0.1369
vn 0.0540 0.9727 -0.2255
vn 0.0523 0.9159 -0.3981
vn 0.1619 0.9793 -0.1216
vn 0.0661 0.9827 -0.1732
vn -0.1202 0.9746 -0.1892
vn -0.2956 0.9316 -0.2116
vn -0.3974 0.8816 -0.2546
vn 0.0358 0.9851 -0.1685
vn 0.0460 0.9792 -0.1975
vn 0.8535 0.5072 -0.1197
vn 0.8491 0.5207 -0.0885
vn 0.8508 0.5168 -0.0950
vn 0.8552 0.5036 -0.1229
vn -0.2041 0.8897 -0.4085
vn -0.1193 0.9250 -0.3608
vn -0.4003 0.7627 -0.5080
vn -0.2860 0.8409 -0.4594
vn -0.4536 0.7167 -0.5298
vn -0.5298 0.6505 -0.5443
vn -0.5655 0.6170 -0.5473
vn -0.0346 0.9478 -0.3169
vn 0.0968 0.9799 -0.1742
vn 0.0929 0.9820 -0.1643
vn 0.0635 0.9795 -0.1912
vn 0.0642 0.9794 -0.1913
vn -0.0807 0.9442 -0.3195
vn -0.0557 0.9547 -0.2923
vn -0.1931 0.9031 -0.3835
vn -0.1884 0.9070 -0.3767
vn 0.0475 0.9752 -0.2162
vn -0.0380 0.9951 -0.0918
vn -0.1187 0.9262 -0.3579
vn 0.0433 0.9558 -0.2907
vn 0.0070 0.9594 -0.2818
vn 0.1135 0.9660 -0.2323
vn 0.0553 0.9714 -0.2310
vn -0.0011 0.9718 -0.2358
vn -0.0090 0.9738 -0.2272
vn 0.0059 0.9726 -0.2322
vn -0.0046 0.9728 -0.2314
vn 0.1224 0.9076 -0.4017
vn 0.2368 0.9088 -0.3435
vn 0.1449 0.8764 -0.4592
vn -0.2708 0.7749 -0.5712
vn -0.1291 0.8407 -0.5260
vn -0.5301 0.6333 -0.5639
vn -0.6208 0.5554 -0.5534
vn 0.3108 0.9043 -0.2926
vn 0.2703 0.9626 0.0187
vn 0.2678 0.9633 0.0195
vn 0.2513 0.9653 0.0716
vn 0.2422 0.9672 0.0767
vn 0.5984 0.8006 0.0323
vn 0.4973 0.8674 -0.0182
vn 0.7988 0.6015 0.0084
vn 0.7931 0.6080 0.0352
vn 0.7106 0.6936 -0.1182
vn 0.3613 0.9033 -0.2315
vn 0.7794 0.6132 -0.1281
vn 0.7867 0.6111 -0.0881
vn 0.8340 0.5183 -0.1894
vn 0.8548 0.4983 -0.1449
vn 0.6976 0.6800 -0.2258
vn 0.6096 0.7350 -0.2969
vn 0.6176 0.7028 -0.3531
vn 0.7533 0.6338 -0.1754
vn 0.8448 0.5333 0.0437
vn 0.8349 0.5454 0.0738
vn 0.7952 0.6027 0.0663
vn -0.7061 0.4513 -0.5457
vn -0.6244 0.5261 -0.5773
vn -0.6823 0.4627 -0.5660
vn -0.7345 0.4107 -0.5402
vn -0.0235 0.7998 -0.5998
vn 0.2691 0.8201 -0.5050
vn -0.4021 0.6835 -0.6092
vn -0.6096 0.5355 -0.5844
vn 0.5240 0.8484 0.0754
vn 0.2862 0.9575 -0.0357
vn 0.0062 0.9619 -0.2732
vn -0.0023 0.9755 -0.2199
vn 0.6483 0.7136 -0.2657
vn 0.8528 0.5213 -0.0302
vn -0.2956 0.9439 -0.1474
vn -0.3589 0.9243 -0.1301
vn -0.3354 0.9327 -0.1327
vn -0.2741 0.9500 -0.1493
vn 0.8856 0.4642 0.0145
vn 0.8774 0.4795 0.0182
vn 0.8868 0.4619 -0.0123
vn 0.8924 0.4510 -0.0117
vn -0.0937 0.9785 -0.1838
vn -0.0626 0.9826 -0.1751
vn 0.4864 0.8709 -0.0698
vn 0.4043 0.9044 -0.1362
vn 0.7772 0.6263 -0.0611
vn 0.8031 0.5954 -0.0241
vn 0.1949 0.9717 -0.1335
vn 0.1150 0.9813 -0.1541
vn 0.2395 0.9657 -0.1007
vn 0.2876 0.9550 -0.0724
vn -0.0168 0.9876 -0.1559
vn -0.0074 0.9879 -0.1547
vn -0.0491 0.9717 -0.2312
vn -0.0310 0.9857 -0.1654
vn -0.0246 0.9864 -0.1627
vn -0.0554 0.9839 -0.1698
vn -0.0412 0.9852 -0.1661
vn 0.0063 0.9901 -0.1406
vn -0.0650 0.9819 -0.1777
vn -0.4750 0.8731 -0.1096
vn -0.4683 0.8771 -0.1068
vn -0.5076 0.8551 -0.1053
vn -0.5154 0.8503 -0.1068
vn 0.0055 0.9987 -0.0513
vn -0.0084 0.9988 -0.0492
vn -0.0910 0.9932 -0.0723
vn -0.0817 0.9934 -0.0809
vn 0.2564 0.9503 0.1764
vn 0.1861 0.9632 0.1938
vn -0.0214 0.9835 0.1797
vn 0.0520 0.9845 0.1672
vn 0.7662 0.6233 0.1563
vn 0.7536 0.6381 0.1580
vn 0.7848 0.6036 0.1402
vn 0.7921 0.5945 0.1387
vn 0.5958 0.7843 0.1729
vn 0.6843 0.7128 0.1541
vn -0.1243 0.9546 -0.2707
vn -0.1110 0.9602 -0.2562
vn -0.1097 0.9623 -0.2487
vn -0.1146 0.9570 -0.2665
vn -0.0771 0.9806 -0.1802
vn -0.0742 0.9887 -0.1303
vn -0.0746 0.9872 -0.1410
vn -0.0832 0.9880 -0.1302
vn -0.0860 0.9880 -0.1282
vn -0.0696 0.9968 -0.0401
vn -0.0822 0.9958 -0.0392
vn -0.0752 0.9964 -0.0396
vn -0.0686 0.9968 -0.0406
vn -0.5450 0.8362 -0.0604
vn -0.4882 0.8696 -0.0730
vn -0.4996 0.8622 -0.0832
vn -0.4296 0.9028 -0.0212
vn -0.4757 0.8787 0.0397
vn -0.3360 0.9384 0.0809
vn -0.3468 0.9264 0.1469
vn -0.4676 0.8753 0.1233
vn -0.3878 0.9116 0.1367
vn -0.1581 0.9708 0.1804
vn 0.1680 0.9644 0.2042
vn -0.1590 0.9722 0.1721
vn -0.2542 0.9495 0.1840
vn 0.5586 0.8053 0.1987
vn -0.0721 0.9965 -0.0413
vn -0.0743 0.9964 -0.0407
vn -0.0503 0.9979 -0.0401
vn -0.0496 0.9976 -0.0493
vn -0.3035 0.9497 -0.0773
vn -0.2851 0.9562 -0.0670
vn -0.5015 0.8627 -0.0659
vn -0.4513 0.8792 -0.1529
vn -0.3753 0.9195 -0.1167
vn -0.5685 0.8226 -0.0130
vn -0.5817 0.8110 -0.0617
vn -0.2478 0.9685 -0.0243
vn -0.5571 0.8294 0.0415
vn -0.5338 0.8412 0.0865
vn -0.1853 0.9736 0.1331
vn 0.1266 0.9705 0.2050
vn -0.4675 0.8749 0.1266
vn 0.5721 0.7975 0.1917
vn -0.6341 0.7625 0.1285
vn 0.7237 0.6673 0.1760
vn -0.7267 0.6516 0.2175
vn -0.8553 0.4714 0.2152
vn -0.8438 0.5078 0.1736
vn -0.7665 0.6191 0.1709
vn -0.7515 0.5958 0.2832
vn -0.8433 0.4518 0.2911
vn -0.6107 0.7512 0.2506
vn -0.5634 0.7812 0.2689
vn -0.6918 0.6583 0.2968
vn -0.4903 0.8414 0.2273
vn -0.6494 0.7187 0.2485
vn -0.5787 0.8134 0.0585
vn -0.6009 0.7823 0.1639
vn -0.4256 0.8953 0.1315
vn -0.4039 0.9145 0.0228
vn -0.5738 0.8171 -0.0561
vn -0.4057 0.9079 -0.1055
vn -0.5776 0.7973 -0.1752
vn -0.4200 0.8775 -0.2315
vn -0.5932 0.7521 -0.2871
vn -0.4624 0.8203 -0.3366
vn -0.6122 0.6973 -0.3728
vn -0.4996 0.7620 -0.4120
vn -0.6310 0.5902 -0.5035
vn -0.6167 0.6383 -0.4607
vn -0.5994 0.6486 -0.4690
vn -0.5786 0.6514 -0.4909
vn -0.5430 0.6886 -0.4807
vn -0.5783 0.6268 -0.5223
vn -0.5593 0.6513 -0.5128
vn -0.5391 0.6545 -0.5301
vn -0.5640 0.6249 -0.5398
vn -0.7709 0.3421 -0.5373
vn -0.7402 0.4160 -0.5283
vn -0.4349 0.8927 -0.1182
vn -0.4116 0.9035 -0.1196
vn -0.1196 0.9873 -0.1049
vn 0.3958 0.9077 0.1393
vn 0.1375 0.9810 0.1367
vn 0.2030 0.9740 0.1001
vn 0.4775 0.8724 0.1039
vn 0.8109 0.5739 0.1141
vn 0.7988 0.5891 0.1222
vn 0.8206 0.5634 0.0959
vn 0.8320 0.5474 0.0906
vn 0.7495 0.6512 0.1191
vn 0.7862 0.6112 0.0909
vn -0.9389 0.3034 0.1624
vn -0.9132 0.3858 0.1313
vn -0.7285 0.6720 0.1334
vn -0.6367 0.7549 0.1575
vn -0.8353 0.4379 0.3323
vn -0.8799 0.3413 0.3305
vn -0.5300 0.8195 0.2181
vn -0.7877 0.5149 0.3383
vn -0.4089 0.8797 0.2428
vn -0.7174 0.6319 0.2934
vn -0.3396 0.9114 0.2323
vn -0.6354 0.7637 0.1137
vn -0.2184 0.9667 0.1331
vn -0.2227 0.9709 0.0878
vn -0.6236 0.7817 0.0027
vn -0.1840 0.9824 0.0314
vn -0.2075 0.9778 -0.0283
vn -0.6208 0.7759 -0.1120
vn -0.1866 0.9773 -0.1008
vn -0.2245 0.9593 -0.1715
vn -0.6286 0.7449 -0.2237
vn -0.2114 0.9500 -0.2298
vn -0.2619 0.9211 -0.2881
vn -0.6557 0.6740 -0.3403
vn -0.6389 0.6895 -0.3412
vn -0.6494 0.6793 -0.3417
vn -0.2934 0.8871 -0.3564
vn -0.3458 0.8429 -0.4122
vn -0.6647 0.7151 0.2165
vn -0.2946 0.9317 0.2123
vn -0.2744 0.9433 0.1869
vn -0.9296 0.2821 0.2374
vn -0.9784 0.1314 0.1596
vn -0.9710 0.2210 0.0912
vn -0.9540 0.2879 0.0837
vn -0.4031 0.7969 -0.4500
vn -0.5222 0.7301 -0.4408
vn -0.7673 0.3986 -0.5025
vn -0.7445 0.4584 -0.4853
vn -0.7292 0.4731 -0.4944
vn -0.7596 0.3993 -0.5134
vn -0.7841 0.3342 -0.5230
vn -0.7858 0.3224 -0.5278
vn -0.7337 0.4781 -0.4828
vn -0.7162 0.4952 -0.4918
vn -0.7789 0.3887 -0.4921
vn -0.7494 0.4639 -0.4725
vn -0.7490 0.4538 -0.4827
vn -0.7742 0.3977 -0.4924
vn -0.8095 0.3195 -0.4926
vn -0.7968 0.3354 -0.5026
vn -0.8289 0.2769 -0.4861
vn -0.7692 0.4181 -0.4832
vn -0.8120 0.2782 -0.5130
vn -0.8329 0.2537 -0.4919
vn -0.7916 0.2837 -0.5411
vn -0.7981 0.2768 -0.5351
vn -0.7991 0.2600 -0.5420
vn -0.8277 0.2224 -0.5152
vn -0.8370 0.1968 -0.5106
vn -0.8693 0.1606 -0.4674
vn -0.8556 0.1892 -0.4819
vn -0.8112 0.2293 -0.5379
vn -0.8186 0.2019 -0.5377
vn -0.8151 0.2013 -0.5432
vn -0.8045 0.2251 -0.5496
vn -0.7115 0.4885 -0.5052
vn -0.6971 0.5195 -0.4941
vn -0.6803 0.5363 -0.4996
vn -0.6816 0.5091 -0.5256
vn -0.7381 0.4725 -0.4816
vn -0.7334 0.4784 -0.4830
vn -0.8482 0.1613 -0.5045
vn -0.7726 0.3345 -0.5397
vn -0.7969 0.2734 -0.5388
vn -0.7893 0.2696 -0.5517
vn -0.7232 0.4864 -0.4903
vn -0.7007 0.5094 -0.4995
vn -0.3229 0.7400 -0.5900
vn -0.2799 0.7294 -0.6242
vn -0.2017 0.7594 -0.6186
vn -0.0680 0.7846 -0.6162
vn -0.1109 0.7831 -0.6119
vn -0.0329 0.7798 -0.6251
vn -0.1638 0.7722 -0.6139
vn -0.2562 0.8838 -0.3915
vn -0.2285 0.9084 -0.3500
vn -0.0174 0.9661 -0.2575
vn -0.0291 0.9634 -0.2664
vn 0.0569 0.9656 -0.2537
vn 0.8375 0.5426 0.0643
vn 0.2937 0.9554 -0.0320
vn 0.8532 0.5198 0.0435
vn 0.0174 0.9781 -0.2074
vn -0.0972 0.9925 0.0747
vn -0.0881 0.9959 0.0194
vn -0.0881 0.9951 -0.0438
vn -0.0974 0.9879 -0.1211
vn -0.1107 0.9764 -0.1853
vn -0.1318 0.9608 -0.2440
vn -0.1466 0.9742 0.1718
vn -0.1154 0.9855 0.1245
vn -0.7480 0.5727 0.3355
vn -0.6473 0.7426 0.1722
vn -0.6303 0.7740 0.0613
vn -0.6241 0.7796 -0.0522
vn -0.6273 0.7609 -0.1658
vn -0.6506 0.6837 -0.3305
vn -0.6430 0.7135 -0.2783
vn -0.6883 0.6750 0.2657
vn -0.9899 0.1079 0.0919
vn -0.2709 0.9443 -0.1869
vn 0.0237 0.9888 -0.1471
vn -0.0942 0.9825 -0.1604
vn 0.0857 0.9856 -0.1455
vn 0.0008 0.9736 -0.2284
vn -0.0895 0.9753 -0.2018
vn -0.0771 0.9777 -0.1953
vn -0.1628 0.9389 -0.3033
vn -0.2000 0.9087 -0.3665
vn -0.1330 0.9546 -0.2666
vn -0.1223 0.9581 -0.2591
vn -0.1367 0.9588 -0.2491
vn -0.1397 0.9564 -0.2564
vn -0.1133 0.9618 -0.2490
vn 0.0187 0.9677 -0.2515
vn 0.0091 0.9605 -0.2781
vn 0.0504 0.9620 -0.2685
vn 0.0192 0.9647 -0.2627
vn -0.1394 0.9445 -0.2974
vn -0.1327 0.9492 -0.2854
vn -0.5242 0.7914 -0.3146
vn -0.5255 0.7728 -0.3559
vn -0.2847 0.8550 -0.4336
vn -0.3327 0.8067 -0.4885
vn -0.4364 0.7126 -0.5493
vn -0.3502 0.7380 -0.5767
vn -0.4072 0.9051 -0.1222
vn -0.3317 0.9337 -0.1348
vn -0.0769 0.9898 -0.1202
vn -0.0951 0.9841 -0.1501
vn -0.2720 0.9502 -0.1523
vn -0.1410 0.9728 -0.1836
vn -0.5177 0.8114 -0.2713
vn -0.2696 0.9595 -0.0813
vn -0.5213 0.8463 -0.1094
vn -0.5278 0.8433 -0.1015
vn -0.3360 0.9399 -0.0611
vn -0.5177 0.8530 -0.0669
vn -0.3285 0.9428 -0.0565
vn -0.2981 0.9530 -0.0544
vn -0.2164 0.9729 -0.0818
vn -0.4794 0.8700 -0.1154
vn -0.1533 0.9190 -0.3631
vn -0.0701 0.9968 -0.0386
vn -0.0695 0.9968 -0.0392
vn -0.0762 0.9963 -0.0406
vn -0.1106 0.9929 -0.0429
vn -0.1196 0.9913 -0.0543
vn -0.1362 0.9885 -0.0664
vn -0.1302 0.9894 -0.0637
vn -0.0995 0.9938 -0.0495
vn -0.0968 0.9945 -0.0403
vn -0.0869 0.9955 -0.0381
vn -0.1390 0.9863 -0.0890
vn -0.1341 0.9858 -0.1014
vn -0.1322 0.9865 -0.0963
vn -0.1367 0.9872 -0.0823
vn -0.1358 0.9881 -0.0725
vn -0.1373 0.9878 -0.0730
vn -0.1230 0.9868 -0.1051
vn -0.1199 0.9868 -0.1084
vn -0.0999 0.9867 -0.1281
vn -0.0987 0.9871 -0.1261
vn -0.0688 0.9868 -0.1469
vn -0.0832 0.9100 -0.4062
vn -0.0425 0.7875 -0.6149
vn -0.0000 0.8393 -0.5437
vn -0.0000 0.6507 -0.7593
vn -0.0552 0.6313 -0.7735
vn -0.0558 0.4886 -0.8707
vn -0.0000 0.4667 -0.8844
vn -0.1886 0.7606 -0.6212
vn -0.1194 0.6435 -0.7561
vn -0.0152 0.5558 -0.8312
vn -0.0000 0.9881 -0.1538
vn -0.0000 0.9878 -0.1557
vn -0.0094 0.9882 -0.1529
vn -0.0173 0.9875 -0.1566
vn -0.0254 0.9861 -0.1642
vn -0.0326 0.9858 -0.1648
vn -0.0433 0.9853 -0.1651
vn -0.0555 0.9835 -0.1721
vn -0.0655 0.9831 -0.1712
vn 0.7445 0.6661 -0.0455
vn 0.0259 0.8086 -0.5878
vn -0.0000 0.9257 -0.3782
vn -0.1654 0.4049 -0.8993
vn -0.1864 0.3974 -0.8985
vn -0.1028 0.4144 -0.9043
vn -0.0499 0.4206 -0.9059
vn -0.0334 0.4855 -0.8736
vn 0.9344 0.3452 0.0882
vn 0.9306 0.3527 0.0980
vn 0.9049 0.4183 0.0783
vn 0.8972 0.4376 0.0599
vn 0.8782 0.4740 0.0635
vn 0.2351 0.6027 -0.7626
vn 0.2350 0.6027 -0.7626
vn 0.0655 0.6157 -0.7852
vn 0.9578 0.2578 0.1274
vn 0.9427 0.3144 0.1114
vn 0.9578 0.2576 0.1274
vn 0.9693 0.2001 0.1430
vn 0.4316 0.7265 -0.5347
vn 0.7406 0.5820 -0.3358
vn 0.0938 0.9861 -0.1373
vn 0.8416 0.5016 -0.2001
vn 0.9353 0.3532 0.0214
vn 0.7336 0.5828 -0.3495
vn -0.0802 0.9542 -0.2884
vn -0.0404 0.9626 -0.2680
vn -0.1036 0.9664 -0.2354
vn -0.1071 0.9624 -0.2496
vn -0.1231 0.9593 -0.2542
vn -0.1159 0.9584 -0.2610
vn -0.1245 0.9545 -0.2708
vn -0.1710 0.9110 -0.3752
vn -0.1688 0.9194 -0.3552
vn -0.1491 0.9752 -0.1633
vn -0.1864 0.9792 -0.0806
vn -0.2670 0.9143 -0.3046
vn -0.1729 0.9738 -0.1480
vn -0.3411 0.8207 -0.4584
vn -0.0921 0.8931 -0.4404
vn -0.1350 0.9242 -0.3574
vn -0.1709 0.7108 -0.6823
vn -0.0997 0.8572 -0.5052
vn -0.2284 0.6256 -0.7460
vn -0.0047 0.6625 -0.7490
vn -0.0592 0.7824 -0.6200
vn -0.0342 0.7336 -0.6787
vn 0.0062 0.5975 -0.8018
vn -0.0732 0.4479 -0.8911
vn -0.0413 0.2742 -0.9608
vn 0.0235 0.4119 -0.9109
vn -0.0212 0.6081 -0.7935
vn -0.1283 0.3711 -0.9197
vn -0.0674 0.2288 -0.9711
vn -0.1969 0.9564 0.2157
vn -0.2678 0.9356 0.2300
vn -0.9847 -0.0000 -0.1744
vn -0.9844 -0.0000 -0.1759
vn -0.9853 0.0140 -0.1705
vn -0.9857 -0.0000 -0.1682
vn -0.9851 -0.0729 -0.1559
vn -0.9818 -0.0482 -0.1837
vn -0.9942 -0.1032 -0.0307
vn -0.3571 -0.0005 0.9341
vn -0.1771 -0.0000 0.9842
vn -0.5193 -0.0000 0.8546
vn -0.0024 -0.0000 1.0000
vn -0.0012 -0.0000 1.0000
vn -0.0026 -0.0000 1.0000
vn -0.0018 -0.0000 1.0000
vn 0.0017 -0.0000 1.0000
vn 0.0013 -0.0000 1.0000
vn 0.1262 -0.0000 0.9920
vn 0.2464 -0.0006 0.9692
vn 0.0045 -0.0000 1.0000
vn 0.0046 -0.0000 1.0000
vn 0.9986 0.0180 0.0495
vn 0.9987 -0.0015 0.0500
vn 0.9978 0.0491 0.0451
vn 0.9980 -0.0514 0.0372
vn 0.9977 -0.0564 0.0389
vn 0.9989 -0.0116 0.0447
vn 0.9991 -0.0000 0.0434
vn -0.9838 -0.0000 -0.1795
vn -0.9832 -0.0109 -0.1823
vn 0.9987 -0.0000 0.0518
vn 0.9981 -0.0179 0.0586
vn 0.9983 -0.0000 0.0579
vn 0.9986 0.0166 0.0493
vn 0.9537 0.2910 0.0759
vn 0.9797 0.1981 0.0323
vn 0.9767 0.2090 0.0494
vn 0.9986 0.0450 0.0293
vn 0.9998 0.0182 0.0031
vn 0.9996 -0.0143 0.0230
vn 0.9990 -0.0304 0.0323
vn 0.9986 -0.0257 0.0461
vn 0.9983 -0.0457 0.0357
vn -0.9830 0.0030 -0.1835
vn -0.9815 0.0185 -0.1905
vn -0.9835 0.0101 -0.1806
vn -0.9842 0.0026 -0.1773
vn -0.9763 0.1316 -0.1715
vn -0.9813 0.0901 -0.1700
vn -0.9786 0.0962 -0.1822
vn -0.2279 -0.6567 0.7189
vn -0.1070 -0.6675 0.7369
vn -0.1688 -0.6547 0.7368
vn -0.0771 -0.7010 0.7090
vn -0.0807 -0.7207 0.6886
vn -0.0969 -0.7107 0.6968
vn -0.0596 -0.6817 0.7292
vn -0.0501 -0.7346 0.6767
vn -0.0599 -0.7310 0.6797
vn -0.0283 -0.7442 0.6674
vn 0.0711 -0.7564 0.6502
vn 0.0312 -0.7519 0.6585
vn 0.8156 -0.2094 0.5394
vn 0.9661 -0.1250 0.2259
vn 0.6199 -0.5985 0.5074
vn -0.9852 0.0364 -0.1674
vn -0.9833 0.0642 -0.1705
vn 0.9967 0.0799 0.0128
vn 0.9955 0.0930 0.0182
vn 0.9988 0.0483 0.0091
vn 0.9980 0.0601 0.0193
vn 0.9979 0.0645 0.0105
vn 0.9975 0.0699 0.0037
vn -0.1030 0.9707 -0.2170
vn -0.1010 0.9718 -0.2131
vn -0.0837 0.9664 -0.2431
vn -0.0662 0.9704 -0.2323
vn -0.0256 0.9742 -0.2243
vn -0.0000 0.9750 -0.2221
vn -0.0000 0.9724 -0.2335
vn -0.0507 0.9723 -0.2281
vn -0.0304 0.9587 -0.2827
vn -0.0000 0.9599 -0.2805
vn -0.0610 0.9563 -0.2860
vn -0.0821 0.9538 -0.2892
vn -0.1068 0.9601 -0.2586
vn -0.1061 0.9543 -0.2795
vn -0.1112 0.9555 -0.2733
vn -0.0814 0.9647 -0.2504
vn -0.0816 0.9647 -0.2503
vn -0.0826 0.9648 -0.2496
vn -0.1088 0.9569 -0.2693
vn -0.0814 0.9647 -0.2505
vn -0.0835 0.9649 -0.2490
vn -0.0841 0.9649 -0.2488
vn -0.0941 0.9537 -0.2855
vn -0.1012 0.9538 -0.2829
vn -0.0878 -0.1973 -0.9764
vn -0.0387 -0.1984 -0.9794
vn -0.0551 -0.1993 -0.9784
vn -0.1044 -0.1967 -0.9749
vn -0.1257 -0.1962 -0.9725
vn -0.1435 -0.2082 -0.9675
vn -0.1413 -0.2033 -0.9689
vn -0.1504 -0.2144 -0.9651
vn -0.1501 -0.2135 -0.9653
vn -0.1500 -0.2129 -0.9655
vn -0.1505 -0.2138 -0.9652
vn -0.1491 -0.2121 -0.9658
vn 0.0388 0.1880 0.9814
vn 0.0554 0.1889 0.9804
vn -0.0000 0.1880 0.9822
vn -0.0000 0.1854 0.9827
vn 0.0882 0.1870 0.9784
vn 0.1049 0.1866 0.9768
vn 0.1256 0.1861 0.9745
vn 0.1461 0.2028 0.9683
vn 0.1418 0.1946 0.9706
vn 0.1487 0.2087 0.9666
vn 0.1486 0.2242 0.9631
vn 0.1559 0.2103 0.9651
vn 0.1525 0.2020 0.9674
vn 0.1552 0.2092 0.9655
vn 0.1522 0.2055 0.9667
vn -0.0360 0.9801 -0.1954
vn -0.0192 0.9798 -0.1989
vn -0.0191 0.9802 -0.1971
vn -0.0432 0.9802 -0.1932
vn -0.0584 0.9799 -0.1909
vn -0.0678 0.9782 -0.1964
vn -0.1478 0.9682 -0.2018
vn -0.2207 0.9528 -0.2086
vn -0.9974 0.0165 -0.0701
vn -0.9921 0.0134 -0.1250
vn -0.9901 0.1241 -0.0661
vn -0.9913 0.1256 -0.0383
vn -0.8983 0.4269 -0.1038
vn -0.9404 0.3299 -0.0829
vn -0.6898 0.7053 -0.1632
vn -0.7747 0.6156 -0.1443
vn -0.3970 0.8958 -0.2001
vn -0.5008 0.8441 -0.1917
vn -0.0740 0.9779 -0.1957
vn -0.0765 0.9768 -0.2001
vn -0.0818 0.9760 -0.2018
vn -0.0745 0.9768 -0.2010
vn -0.1105 0.9866 -0.1203
vn -0.1122 0.9865 -0.1196
vn 0.9558 0.2771 0.0981
vn 0.9638 0.2304 0.1339
vn 0.9683 0.1915 0.1602
vn -0.0726 0.9749 -0.2106
vn -0.0771 0.9755 -0.2059
vn -0.0741 0.9743 -0.2126
vn -0.0793 0.9731 -0.2163
vn 0.0288 -0.9605 0.2767
vn 0.0571 -0.9584 0.2796
vn 0.0484 -0.9596 0.2771
vn 0.0210 -0.9612 0.2751
vn 0.0955 -0.9540 0.2841
vn 0.0803 -0.9563 0.2810
vn 0.1176 -0.9526 0.2807
vn 0.9708 0.1126 0.2119
vn 0.9705 0.1479 0.1907
vn 0.9474 0.3014 0.1075
vn 0.9434 0.3145 0.1049
vn 0.9480 0.3010 0.1034
vn 0.9475 0.3015 0.1065
vn 0.1053 -0.9526 0.2854
vn 0.0150 0.8339 0.5517
vn 0.0297 0.8341 0.5508
vn 0.0250 0.8344 0.5506
vn 0.0152 0.8342 0.5513
vn 0.0586 0.8363 0.5451
vn 0.0470 0.8340 0.5498
vn 0.1572 0.8467 0.5083
vn 0.1144 0.8424 0.5266
vn 0.2941 0.8395 0.4569
vn 0.2472 0.8448 0.4745
vn 0.4314 0.8229 0.3699
vn 0.3893 0.8260 0.4077
vn 0.5309 0.8062 0.2612
vn 0.5022 0.8122 0.2970
vn 0.6119 0.7754 0.1561
vn 0.5893 0.7844 0.1937
vn 0.6527 0.7573 0.0232
vn 0.6446 0.7612 0.0706
vn 0.6735 0.7387 -0.0274
vn 0.6653 0.7461 -0.0260
vn 0.6910 0.7225 -0.0218
vn 0.6831 0.7299 -0.0266
vn 0.6669 0.6725 -0.3211
vn 0.6820 0.7117 -0.1682
vn 0.3702 0.5609 -0.7405
vn 0.5108 0.6106 -0.6053
vn 0.0173 0.4997 -0.8660
vn 0.0180 0.5405 -0.8412
vn -0.1729 0.5893 -0.7892
vn -0.1689 0.6386 -0.7507
vn 0.8161 0.0420 -0.5764
vn 0.7646 0.0321 -0.6437
vn 0.8162 0.0419 -0.5762
vn 0.8616 0.0516 -0.5049
vn 0.5195 0.8508 -0.0787
vn 0.5310 0.8440 -0.0753
vn 0.5200 0.8505 -0.0786
vn 0.5084 0.8572 -0.0820
vn 0.5066 0.8543 -0.1161
vn 0.4772 0.8695 -0.1275
vn 0.5062 0.8545 -0.1163
vn 0.5349 0.8384 -0.1048
vn 0.6594 -0.6634 0.3538
vn 0.6178 -0.7022 0.3539
vn 0.6593 -0.6634 0.3538
vn 0.6988 -0.6224 0.3525
vn 0.7655 -0.5864 0.2648
vn 0.8645 -0.4342 0.2532
vn 0.7653 -0.5866 0.2649
vn 0.6410 -0.7194 0.2677
vn 0.5222 0.3720 0.7674
vn 0.2552 0.6960 0.6711
vn 0.3937 0.5318 0.7497
vn 0.4753 0.3454 0.8092
vn -0.1897 0.7936 0.5782
vn -0.0524 0.7977 0.6007
vn -0.6270 0.7103 0.3200
vn -0.4805 0.7485 0.4571
vn -0.8043 0.5822 -0.1185
vn -0.7856 0.6176 0.0372
vn -0.8028 0.5281 -0.2769
vn -0.8071 0.5254 -0.2692
vn -0.7917 0.5300 -0.3039
vn -0.7964 0.5284 -0.2942
vn -0.7692 0.4962 -0.4027
vn -0.7775 0.5166 -0.3585
vn -0.7137 0.4590 -0.5290
vn -0.7355 0.4696 -0.4884
vn -0.6290 0.4426 -0.6391
vn -0.6565 0.4524 -0.6036
vn -0.5123 0.4179 -0.7503
vn -0.5563 0.4277 -0.7124
vn -0.3686 0.4242 -0.8271
vn -0.4158 0.4206 -0.8064
vn -0.2316 0.4204 -0.8773
vn -0.2765 0.4250 -0.8619
vn -0.1440 0.4219 -0.8951
vn -0.1649 0.4162 -0.8942
vn -0.0873 0.4433 -0.8921
vn -0.1050 0.4326 -0.8954
vn -0.0479 0.4485 -0.8925
vn -0.0477 0.4487 -0.8924
vn -0.0000 0.4517 -0.8921
vn -0.0000 0.4536 -0.8912
vn 0.0821 -0.9531 0.2913
vn -0.8487 0.0570 -0.5258
vn -0.6056 0.6740 -0.4231
vn -0.5977 0.6886 -0.4107
vn -0.1877 -0.9814 -0.0409
vn -0.2684 -0.9580 -0.1005
vn -0.2826 -0.9551 -0.0892
vn -0.1700 -0.9850 -0.0300
vn -0.1765 -0.9834 -0.0426
vn -0.1658 -0.9855 -0.0360
vn -0.3811 -0.9119 -0.1521
vn -0.4542 -0.8730 -0.1777
vn -0.4458 -0.8784 -0.1725
vn -0.3977 -0.9052 -0.1499
vn -0.6844 0.5343 -0.4962
vn -0.8073 0.2443 -0.5372
vn -0.8102 0.2455 -0.5322
vn -0.8206 0.1882 -0.5396
vn -0.8124 0.1994 -0.5479
vn -0.8125 0.2186 -0.5405
vn -0.8110 0.2093 -0.5462
vn -0.8145 0.2162 -0.5384
vn -0.7953 0.2392 -0.5571
vn -0.8008 0.2441 -0.5469
vn -0.8009 0.2394 -0.5489
vn -0.8022 0.2097 -0.5590
vn -0.7978 0.2197 -0.5615
vn -0.8037 0.2143 -0.5551
vn -0.8104 0.2078 -0.5477
vn -0.8131 0.2042 -0.5452
vn -0.8056 0.2528 -0.5358
vn -0.8108 0.2321 -0.5374
vn -0.8199 0.2331 -0.5230
vn -0.8219 0.2291 -0.5216
vn -0.8061 0.2385 -0.5416
vn -0.8043 0.2417 -0.5429
vn -0.8011 0.2339 -0.5509
vn -0.8018 0.2261 -0.5532
vn -0.7995 0.2414 -0.5501
vn -0.8047 0.2467 -0.5400
vn -0.8119 0.2210 -0.5404
vn -0.7994 0.2346 -0.5532
vn -0.8048 0.2295 -0.5474
vn -0.8041 0.2189 -0.5527
vn -0.8133 0.2025 -0.5454
vn -0.8000 0.2072 -0.5631
vn -0.8074 0.2089 -0.5518
vn -0.8085 0.2353 -0.5395
vn -0.8053 0.2398 -0.5422
vn -0.8122 0.2322 -0.5352
vn -0.8144 0.2323 -0.5317
vn -0.8134 0.2330 -0.5330
vn -0.8125 0.2313 -0.5351
vn -0.8129 0.2273 -0.5362
vn -0.8154 0.2236 -0.5340
vn -0.8159 0.2264 -0.5320
vn -0.8155 0.2227 -0.5342
vn -0.8143 0.2119 -0.5405
vn -0.8141 0.2051 -0.5433
vn -0.8143 0.2056 -0.5427
vn -0.8119 0.2098 -0.5447
vn -0.8072 0.2131 -0.5504
vn -0.8045 0.2113 -0.5551
vn -0.8069 0.2082 -0.5528
vn -0.8094 0.2120 -0.5476
vn -0.8084 0.2224 -0.5450
vn -0.8053 0.2293 -0.5468
vn -0.8045 0.2318 -0.5469
vn -0.8061 0.2341 -0.5435
vn -0.8062 0.2405 -0.5405
vn -0.8044 0.2430 -0.5421
vn -0.0897 -0.7129 -0.6955
vn -0.2418 -0.8380 -0.4892
vn -0.1836 -0.8039 -0.5657
vn -0.0569 -0.6655 -0.7442
vn -0.4382 -0.8717 -0.2195
vn -0.3716 -0.8717 -0.3194
vn -0.5871 -0.8075 0.0574
vn -0.5457 -0.8373 -0.0326
vn -0.6987 -0.6695 0.2522
vn -0.6642 -0.7212 0.1964
vn -0.8086 -0.3619 0.4639
vn -0.7781 -0.4949 0.3869
vn -0.7889 0.0777 0.6096
vn -0.8140 -0.0752 0.5760
vn -0.6144 0.5148 0.5979
vn -0.6860 0.3766 0.6225
vn -0.3779 0.8008 0.4647
vn -0.4493 0.7283 0.5174
vn -0.2980 0.8634 0.4071
vn -0.2891 0.8665 0.4069
vn -0.6505 -0.0179 0.7593
vn -0.4856 0.2013 0.8507
vn -0.5910 0.0913 0.8015
vn -0.7599 -0.0415 0.6487
vn -0.3838 0.5087 0.7707
vn -0.4191 0.4063 0.8119
vn -0.2134 0.7709 0.6001
vn -0.2738 0.6933 0.6666
vn -0.0042 0.9373 0.3486
vn -0.0735 0.8941 0.4418
vn 0.1960 0.9788 0.0593
vn 0.1295 0.9790 0.1572
vn 0.3928 0.8904 -0.2298
vn 0.3244 0.9363 -0.1342
vn 0.5388 0.6853 -0.4900
vn 0.4918 0.7692 -0.4080
vn 0.6090 0.3926 -0.6893
vn 0.5916 0.5013 -0.6315
vn 0.5167 0.0807 -0.8524
vn 0.6072 0.1535 -0.7796
vn 0.3364 0.0706 -0.9391
vn 0.4542 -0.0227 -0.8906
vn 0.2839 0.8667 -0.4101
vn 0.3289 0.7212 -0.6097
vn 0.3052 0.8036 -0.5109
vn 0.2733 0.8731 -0.4038
vn 0.3262 0.3666 -0.8713
vn 0.3369 0.5100 -0.7914
vn 0.2237 -0.0770 -0.9716
vn 0.2693 0.0712 -0.9604
vn 0.0453 -0.4945 -0.8680
vn 0.1135 -0.3685 -0.9227
vn -0.7984 0.2353 -0.5542
vn -0.7913 0.2412 -0.5618
vn -0.8050 0.2336 -0.5453
vn -0.8029 0.2324 -0.5490
vn -0.7878 0.2350 -0.5694
vn -0.7869 0.2493 -0.5644
vn -0.7893 0.2675 -0.5527
vn -0.7851 0.2325 -0.5741
vn -0.8140 0.2559 -0.5215
vn -0.8239 0.2374 -0.5147
vn -0.8299 0.2227 -0.5116
vn -0.5679 -0.8140 0.1218
vn -0.5626 -0.8177 0.1219
vn -0.3720 -0.9199 -0.1244
vn -0.3314 -0.9360 -0.1189
vn 0.0010 -0.0000 1.0000
vn 0.0011 -0.0000 1.0000
vn -0.9927 -0.0000 0.1204
vn -0.9483 -0.2920 0.1242
vn -0.9639 -0.0000 0.2664
vn -0.9359 -0.1659 0.3106
vn -0.9838 -0.0000 -0.1793
vn -0.9851 -0.0000 -0.1718
vn -0.9830 0.0347 -0.1804
vn -0.9776 0.0632 -0.2009
vn -0.9728 0.1242 -0.1954
vn -0.9845 -0.0000 -0.1755
vn -0.9845 0.0055 -0.1751
vn -0.9815 -0.0000 -0.1916
vn -0.1103 0.9813 -0.1578
vn 0.3611 -0.0000 0.9325
vn 0.9962 -0.0542 0.0676
vn 0.9549 -0.0000 0.2969
vn 0.8558 -0.0000 0.5173
vn 0.9983 -0.0000 0.0578
vn 0.9986 -0.0000 0.0524
vn 0.9975 -0.0614 0.0346
vn 0.9994 -0.0002 0.0359
vn 0.1441 -0.7530 0.6420
vn 0.9957 -0.0547 0.0754
vn 0.0186 0.9768 -0.2135
vn 0.0180 0.9786 -0.2049
vn -0.0069 -0.6849 0.7286
vn 0.1639 0.9618 -0.2191
vn -0.1404 0.9891 -0.0447
vn 0.0245 0.9895 -0.1426
vn 0.0863 0.9850 -0.1493
vn -0.0091 0.9844 0.1758
vn 0.0535 0.9848 0.1650
vn 0.1129 0.9833 0.1430
vn 0.1844 0.9778 0.0999
vn 0.0397 0.9804 -0.1928
vn -0.0047 0.9729 -0.2313
vn 0.9989 -0.0016 0.0478
vn -0.3183 0.7993 -0.5096
vn -0.1967 0.5736 -0.7952
vn -0.0990 0.3151 -0.9439
vn -0.0448 0.2236 -0.9736
vn 0.9844 0.1667 0.0563
vn -0.0977 0.9930 -0.0671
vn -0.0734 0.9844 -0.1601
vn -0.0761 0.9812 -0.1776
vn -0.0751 0.9779 -0.1949
vn -0.0745 0.9767 -0.2011
vn -0.1626 0.6583 -0.7349
vn 0.9479 0.3010 0.1041
vn -0.2366 0.7390 -0.6308
vn -0.1406 0.9434 -0.3003
vn -0.1331 0.9480 -0.2893
vn -0.1387 0.9555 -0.2603
vn -0.1010 0.9544 -0.2811
vn -0.0639 0.9498 -0.3061
vn -0.1083 0.9328 -0.3438
vn -0.0219 0.9656 -0.2592
vn -0.0456 0.9584 -0.2817
vn -0.1412 0.9399 -0.3110
vn -0.1498 0.9303 -0.3348
vn 0.0363 0.9610 -0.2740
vn 0.0358 0.9661 -0.2558
vn -0.0022 0.9673 -0.2537
vn -0.1346 0.9580 -0.2531
vn -0.0330 0.9549 -0.2951
vn -0.1702 0.9160 -0.3632
vn -0.1863 0.9064 -0.3792
vn -0.1882 0.9050 -0.3816
vn -0.1425 0.9224 -0.3591
vn -0.1687 0.9144 -0.3679
vn -0.1294 0.9523 -0.2764
vn -0.1197 0.9571 -0.2639
vn -0.1211 0.9594 -0.2546
vn -0.9464 0.2761 0.1678
vn -0.9538 0.2574 0.1546
vn -0.9482 0.2718 0.1644
vn -0.9533 0.2629 0.1488
vn 0.2286 -0.0000 -0.9735
vn 0.0644 -0.0000 -0.9979
vn 0.0671 -0.0000 -0.9977
vn 0.3855 -0.0000 -0.9227
vn 0.8672 0.4643 0.1798
vn 0.9364 0.2794 0.2125
vn 0.9277 0.3185 0.1949
vn 0.8346 0.5326 0.1406
vn 0.8183 0.4949 0.2924
vn 0.8081 0.5062 0.3013
vn 0.8813 0.4044 0.2446
vn 0.8900 0.3817 0.2494
vn -0.9870 0.1290 0.0953
vn -0.9836 0.1527 0.0958
vn -0.9981 0.0335 0.0522
vn -0.9965 0.0752 0.0353
vn 0.9334 0.3004 0.1964
vn 0.9858 -0.0000 0.1676
vn 0.9801 0.1666 0.1077
vn 0.9138 0.3612 0.1857
vn 0.8182 0.4980 0.2872
vn 0.8058 0.5081 0.3041
vn -0.3014 -0.0000 -0.9535
vn -0.1189 -0.0000 -0.9929
vn 0.5282 -0.0000 -0.8491
vn 0.9808 -0.0000 -0.1950
vn -0.0061 0.9946 0.1033
vn 0.0443 0.9985 0.0336
vn -0.3622 0.9319 0.0193
vn -0.3776 0.9235 0.0671
vn -0.7087 0.7031 0.0577
vn -0.7268 0.6869 -0.0060
vn 0.4880 0.8528 0.1862
vn 0.5019 0.8579 0.1101
vn -0.9647 0.2630 0.0118
vn -0.9394 0.3426 -0.0130
vn -0.9905 0.1296 0.0468
vn -0.9969 0.0776 0.0109
vn -0.9849 -0.0198 -0.1718
vn -0.9836 -0.0281 -0.1779
vn -0.9323 -0.0000 -0.3617
vn -0.4679 -0.0000 -0.8838
vn -0.8945 0.4286 0.1277
vn -0.9239 0.3741 0.0805
vn 0.7262 0.6380 0.2563
vn 0.8136 0.5429 0.2080
vn -0.9312 0.3572 0.0727
vn 0.8913 0.4189 0.1736
vn -0.9583 0.2854 0.0133
vn 0.9307 0.3642 0.0328
vn 0.8321 0.5382 0.1337
vn 0.7528 0.6176 0.2279
vn -0.9405 0.3363 -0.0483
vn 0.0436 0.9985 -0.0316
vn -0.2982 0.9519 -0.0702
vn -0.6745 0.7370 -0.0426
vn 0.5768 0.8131 0.0784
vn -0.9708 0.1961 -0.1384
vn -0.6691 0.7430 -0.0144
vn -0.3098 0.9484 -0.0679
vn -0.0147 0.9993 -0.0333
vn 0.4417 0.8916 0.1000
vn -0.6540 0.7564 -0.0125
vn -0.2976 0.9462 -0.1269
vn -0.0271 0.9947 -0.0989
vn 0.3898 0.9164 0.0908
vn -0.7307 0.6807 -0.0512
vn -0.3459 0.9167 -0.1999
vn -0.0597 0.9773 -0.2031
vn 0.4116 0.9114 0.0025
vn -0.6423 0.7414 -0.1944
vn -0.2892 0.9217 -0.2587
vn 0.0192 0.9740 -0.2259
vn 0.2099 0.9590 -0.1906
vn 0.8006 0.5965 0.0576
vn -0.6980 0.6765 -0.2349
vn -0.2950 0.9177 -0.2660
vn 0.0799 0.9658 -0.2465
vn 0.2064 0.9504 -0.2326
vn 0.8304 0.5518 -0.0770
vn -0.9633 0.2566 -0.0783
vn -0.9999 -0.0113 -0.0020
vn -0.8726 0.4556 -0.1763
vn -0.2194 0.9628 -0.1577
vn -0.2430 0.9631 -0.1157
vn 0.0254 0.9791 -0.2019
vn 0.1792 0.9551 -0.2360
vn 0.9374 0.3332 -0.1016
vn 0.8104 0.5610 -0.1688
vn 0.9898 0.1413 -0.0186
vn 0.1066 -0.9625 0.2493
vn 0.1208 -0.9652 0.2321
vn 0.1061 -0.9660 0.2357
vn 0.0752 -0.9743 0.2121
vn 0.1228 -0.9605 0.2497
vn 0.1549 -0.9554 0.2512
vn 0.0231 -0.9796 0.1996
vn -0.0580 -0.9795 0.1927
vn 0.1284 -0.9701 0.2059
vn -0.9786 0.2048 0.0221
vn -0.9992 -0.0117 0.0388
vn -0.8327 0.5527 -0.0347
vn -0.1933 0.9798 -0.0507
vn -0.2667 0.9618 -0.0621
vn 0.0075 0.9948 -0.1017
vn 0.2111 0.9615 -0.1762
vn 0.9022 0.4008 -0.1591
vn 0.7997 0.5683 -0.1938
vn 0.9908 0.0769 -0.1118
vn 0.0907 -0.9729 0.2126
vn 0.0922 -0.9733 0.2103
vn -0.6732 -0.0280 -0.7390
vn -0.6483 0.1414 -0.7481
vn -0.0210 0.5181 -0.8551
vn -0.4135 0.5559 -0.7212
vn -0.1229 0.7734 -0.6219
vn 0.0830 0.7622 -0.6420
vn 0.3878 0.5856 -0.7118
vn 0.6041 0.2143 -0.7676
vn 0.6447 -0.0153 -0.7643
vn 0.0640 -0.8240 -0.5630
vn -0.8490 0.4017 0.3433
vn -0.8779 0.3401 0.3371
vn -0.7677 0.5454 0.3365
vn -0.8086 0.4743 0.3482
vn -0.7041 0.6554 0.2733
vn -0.7353 0.6034 0.3086
vn -0.6353 0.7685 0.0762
vn -0.6424 0.7549 0.1318
vn -0.6272 0.7780 -0.0363
vn -0.6277 0.7781 0.0206
vn -0.6281 0.7635 -0.1503
vn -0.6221 0.7772 -0.0944
vn -0.6392 0.7230 -0.2622
vn -0.6268 0.7512 -0.2069
vn -0.6576 0.7302 0.1855
vn -0.6783 0.6968 0.2333
vn -0.9122 0.2738 0.3047
vn -0.9604 0.1742 0.2177
vn -0.6485 0.6916 -0.3181
vn -0.9897 0.0879 0.1131
vn -0.6550 0.6583 -0.3709
vn -0.6509 0.6515 -0.3897
vn -0.7358 -0.5915 0.3297
vn -0.7698 -0.5662 0.2946
vn -0.6879 -0.6282 0.3636
vn -0.6610 -0.6547 0.3668
vn -0.4985 -0.6140 -0.6120
vn -0.4389 -0.6067 -0.6628
vn -0.5236 -0.6356 -0.5673
vn -0.5676 -0.6261 -0.5346
vn -0.6219 -0.6365 -0.4561
vn -0.5872 -0.6398 -0.4957
vn -0.6376 -0.6496 -0.4140
vn -0.6649 -0.6403 -0.3845
vn -0.6987 -0.6418 -0.3160
vn -0.6771 -0.6492 -0.3466
vn -0.7085 -0.6476 -0.2803
vn -0.7260 -0.6374 -0.2581
vn -0.7712 -0.6300 -0.0919
vn -0.7655 -0.6339 -0.1105
vn -0.7733 -0.6311 -0.0616
vn -0.7768 -0.6280 -0.0473
vn -0.7805 -0.6251 0.0073
vn -0.7782 -0.6278 -0.0134
vn -0.7811 -0.6234 0.0362
vn -0.7822 -0.6215 0.0448
vn -0.7823 -0.6156 0.0953
vn -0.7825 -0.6183 0.0743
vn -0.7816 -0.6111 0.1256
vn -0.7799 -0.6111 0.1350
vn -0.7750 -0.6034 0.1877
vn -0.7789 -0.6048 0.1659
vn -0.7721 -0.5928 0.2292
vn -0.7699 -0.5875 0.2492
vn -0.7470 -0.6305 -0.2108
vn -0.7339 -0.6392 -0.2298
vn -0.7529 -0.6344 -0.1750
vn -0.7619 -0.6301 -0.1496
vn -0.2795 -0.5360 -0.7966
vn -0.2003 -0.5117 -0.8355
vn -0.3247 -0.5734 -0.7522
vn -0.4032 -0.5762 -0.7109
vn -0.1550 -0.4730 -0.8673
vn -0.1300 -0.4706 -0.8727
vn -0.6459 0.6792 -0.3485
vn -0.4373 0.7477 -0.4997
vn 0.0224 0.8193 -0.5730
vn 0.7639 0.5833 -0.2759
vn -0.2121 -0.9753 -0.0619
vn -0.1544 -0.9873 -0.0387
vn -0.4951 0.6354 -0.5926
vn -0.5385 0.8200 0.1937
vn -0.3742 0.8984 0.2300
vn -0.2680 0.8686 -0.4167
vn -0.3158 0.8269 -0.4652
vn -0.3258 0.7957 -0.5106
vn -0.5722 0.6246 -0.5315
vn -0.1644 -0.9859 -0.0320
vn 0.8512 0.4957 -0.1728
vn 0.8549 0.4995 -0.1403
vn -0.5074 -0.8384 -0.1991
vn -0.3027 0.7325 -0.6098
vn -0.3255 0.7334 -0.5968
vn -0.2716 0.7266 -0.6311
vn -0.1037 0.7839 -0.6122
vn -0.1532 0.7745 -0.6138
vn -0.0705 0.7842 -0.6165
vn -0.0330 0.7787 -0.6265
vn -0.2010 0.7648 -0.6121
vn -0.3289 0.7421 -0.5841
vn -0.3305 0.7465 -0.5776
vn -0.3189 0.7740 -0.5470
vn -0.3308 0.7843 -0.5248
vn -0.3754 0.7641 -0.5246
vn -0.4425 0.7283 -0.5233
vn -0.5569 0.6269 -0.5448
vn -0.6237 0.5641 -0.5411
vn -0.6566 0.4992 -0.5654
vn -0.6996 0.4561 -0.5501
vn -0.7484 0.3961 -0.5320
vn -0.7768 0.3258 -0.5389
vn -0.8009 0.2651 -0.5370
vn -0.8132 0.2245 -0.5370
vn -0.8205 0.1943 -0.5375
vn -0.3283 0.7523 -0.5713
vn -0.2235 0.7487 -0.6240
vn -0.8216 0.1859 -0.5389
vn -0.8258 0.2086 -0.5239
vn -0.8706 0.1656 -0.4633
vn -0.8039 0.2013 -0.5596
vn -0.7951 0.2147 -0.5672
vn -0.8206 0.1872 -0.5399
vn -0.8161 0.1930 -0.5448
vn -0.8208 0.1855 -0.5402
vn -0.3854 -0.8664 -0.3177
vn -0.4069 -0.8467 -0.3427
vn -0.5246 -0.6615 -0.5359
vn -0.5080 -0.6638 -0.5489
vn -0.3640 -0.8475 -0.3863
vn -0.4300 -0.6681 -0.6072
vn -0.0871 -0.6253 -0.7755
vn -0.1226 -0.6366 -0.7614
vn -0.1098 -0.6292 -0.7694
vn -0.0781 -0.6215 -0.7795
vn -0.0559 -0.6202 -0.7825
vn -0.0430 -0.6221 -0.7818
vn -0.0214 -0.6269 -0.7788
vn -0.0216 -0.6273 -0.7785
vn -0.1630 -0.6525 -0.7401
vn -0.1493 -0.6419 -0.7521
vn -0.5263 -0.6585 -0.5380
vn -0.4276 -0.8255 -0.3684
vn -0.5374 -0.6497 -0.5377
vn -0.4319 -0.8285 -0.3566
vn -0.4145 -0.8554 -0.3106
vn -0.5734 -0.6126 -0.5440
vn -0.5604 -0.6140 -0.5558
vn -0.4139 -0.8631 -0.2895
vn -0.5812 -0.6318 -0.5129
vn -0.3968 -0.8822 -0.2536
vn -0.5678 -0.6875 -0.4527
vn -0.2788 -0.9259 -0.2549
vn -0.4853 -0.7647 -0.4238
vn 0.0268 -0.9130 -0.4071
vn -0.2536 -0.7975 -0.5475
vn 0.4261 -0.6840 -0.5921
vn 0.7108 -0.3326 -0.6198
vn 0.4924 -0.2691 -0.8277
vn 0.1350 -0.6451 -0.7521
vn 0.8544 0.0174 -0.5194
vn 0.6244 0.4204 -0.6583
vn 0.6476 0.3839 -0.6582
vn 0.6405 0.1164 -0.7591
vn 0.5959 0.4330 -0.6764
vn 0.6140 0.4355 -0.6583
vn 0.5787 0.3925 -0.7149
vn 0.5674 0.3638 -0.7387
vn 0.5755 0.3679 -0.7304
vn 0.5899 0.4065 -0.6977
vn -0.5425 -0.6381 -0.5464
vn -0.1579 -0.8935 -0.4205
vn -0.2507 -0.6616 -0.7067
vn 0.5617 0.3670 -0.7415
vn 0.5632 0.3645 -0.7416
vn 0.5617 0.3671 -0.7415
vn 0.5675 0.3626 -0.7393
vn 0.5626 0.3710 -0.7389
vn 0.5626 0.3708 -0.7389
vn -0.2415 -0.9649 -0.1032
vn -0.2513 -0.9609 -0.1161
vn -0.0835 -0.9914 -0.1007
vn 0.0481 -0.9988 -0.0118
vn 0.0317 -0.9994 -0.0144
vn 0.0356 -0.9993 -0.0144
vn 0.0584 -0.9982 -0.0147
vn 0.0218 -0.9997 -0.0135
vn 0.0245 -0.9996 -0.0110
vn 0.0089 -0.9997 -0.0233
vn 0.0138 -0.9997 -0.0193
vn -0.0000 -0.9998 -0.0202
vn -0.0000 -0.9997 -0.0226
vn 0.0573 -0.9981 -0.0204
vn 0.1032 -0.9901 -0.0954
vn -0.1938 -0.9803 -0.0371
vn -0.2141 -0.9746 -0.0653
vn -0.2237 -0.9716 -0.0776
vn -0.2159 -0.9737 -0.0734
vn -0.0073 -0.9936 -0.1127
vn -0.2179 -0.9738 -0.0657
vn 0.3278 -0.9004 -0.2860
vn 0.6377 -0.6749 -0.3713
vn 0.8458 -0.4451 -0.2942
vn 0.9963 -0.0646 -0.0566
vn 0.9648 -0.2293 -0.1286
vn 0.9939 -0.1020 0.0416
vn 0.9966 -0.0066 0.0822
vn 0.9879 -0.0532 0.1459
vn 0.9707 -0.0599 0.2326
vn 0.9823 -0.0498 0.1806
vn 0.9729 -0.0754 0.2185
vn 0.9554 -0.1002 0.2778
vn 0.9121 -0.1842 0.3663
vn 0.9105 -0.2473 0.3314
vn 0.8650 -0.2564 0.4313
vn 0.8206 -0.1859 0.5404
vn -0.8720 0.1558 -0.4641
vn -0.8683 0.1549 -0.4712
vn -0.8511 0.1935 -0.4881
vn -0.8276 0.2655 -0.4946
vn -0.8058 0.3239 -0.4958
vn -0.7710 0.4056 -0.4909
vn -0.7702 0.4584 -0.4435
vn -0.8460 0.2095 -0.4903
vn -0.8604 0.0109 -0.5094
vn -0.2064 -0.9772 -0.0501
vn -0.1751 -0.9837 -0.0402
vn -0.1985 -0.9786 -0.0552
vn -0.2622 -0.9587 -0.1100
vn -0.3704 -0.9153 -0.1579
vn -0.1608 -0.9852 -0.0588
vn -0.1528 -0.9865 -0.0595
vn -0.1706 -0.9826 -0.0739
vn -0.1845 -0.9790 -0.0873
vn -0.1938 -0.9764 -0.0952
vn -0.1890 -0.9774 -0.0947
vn -0.1954 -0.9769 -0.0870
vn -0.1926 -0.9781 -0.0785
vn -0.1828 -0.9824 -0.0392
vn -0.2004 -0.9791 -0.0362
vn -0.1683 -0.9856 -0.0181
vn -0.1710 -0.9841 -0.0477
vn -0.1956 -0.9784 -0.0672
vn -0.1897 -0.9805 -0.0514
vn -0.1898 -0.9806 -0.0498
vn -0.4918 -0.2945 0.8194
vn -0.4892 -0.3017 0.8183
vn -0.4928 -0.2907 0.8202
vn -0.5016 -0.2821 0.8178
vn -0.1531 -0.9869 -0.0512
vn -0.1608 -0.9852 -0.0589
vn -0.1534 -0.9872 -0.0432
vn -0.1531 -0.9869 -0.0514
vn -0.5090 -0.3001 0.8067
vn -0.5279 -0.3153 0.7886
vn -0.5398 -0.3536 0.7639
vn -0.5628 -0.3653 0.7414
vn -0.5749 -0.4152 0.7050
vn -0.5995 -0.4366 0.6708
vn -0.6126 -0.4925 0.6183
vn -0.6310 -0.5111 0.5835
vn -0.6350 -0.5605 0.5316
vn -0.6551 -0.5698 0.4962
vn -0.6502 -0.6945 0.3082
vn -0.6470 -0.7317 0.2145
vn -0.5555 -0.8303 -0.0443
vn -0.5253 -0.8204 -0.2259
vn -0.5166 -0.8238 -0.2336
vn -0.1087 0.9932 -0.0424
vn -0.0680 0.9969 -0.0385
vn -0.5778 0.8133 -0.0689
vn -0.5065 0.8596 -0.0671
vn -0.5869 0.8086 -0.0407
vn -0.5635 0.8259 0.0196
vn -0.5691 0.8177 0.0871
vn -0.5756 0.8083 0.1234
vn -0.6894 0.7137 0.1236
vn -0.9357 0.3357 0.1087
vn -0.8857 0.4330 0.1676
vn -0.8198 0.5420 0.1846
vn -0.7662 0.6170 0.1792
vn -0.7394 0.6582 0.1416
vn -0.2868 0.9565 -0.0542
vn -0.0678 0.9970 -0.0380
vn -0.1764 -0.0571 0.9827
vn -0.1539 -0.1210 0.9806
vn -0.1297 -0.0566 0.9899
vn -0.2253 -0.0745 0.9714
vn -0.2036 -0.0871 0.9752
vn -0.2462 -0.0706 0.9666
vn -0.1709 -0.0808 0.9820
vn -0.1403 -0.0984 0.9852
vn -0.1062 -0.0967 0.9896
vn -0.0798 -0.1207 0.9895
vn -0.0362 -0.1108 0.9932
vn -0.0042 -0.1157 0.9933
vn 0.0364 -0.1009 0.9942
vn 0.0540 -0.0993 0.9936
vn 0.0761 -0.0873 0.9933
vn 0.1227 -0.0487 0.9913
vn 0.1423 -0.0621 0.9879
vn 0.1125 -0.0394 0.9929
vn 0.1015 -0.0309 0.9944
vn 0.1298 -0.1099 0.9854
vn 0.1169 -0.1028 0.9878
vn 0.1426 -0.0970 0.9850
vn 0.1434 -0.0815 0.9863
vn 0.1036 -0.1012 0.9895
vn 0.0916 -0.0889 0.9918
vn -0.2355 -0.0661 0.9696
vn -0.0662 -0.1551 0.9857
vn -0.1539 -0.1211 0.9806
vn -0.0371 -0.2595 0.9650
vn -0.0663 -0.1552 0.9857
vn -0.0548 -0.2633 0.9631
vn -0.0973 -0.2195 0.9707
vn 0.0838 -0.0874 0.9926
vn -0.9919 0.1044 0.0718
vn -0.9741 0.2112 0.0802
vn -0.9604 0.2656 0.0841
vn -0.9951 0.0637 0.0754
vn -0.1443 -0.6886 -0.7107
vn -0.1383 -0.6817 -0.7184
vn -0.9600 0.2667 0.0853
vn 0.1020 -0.0286 0.9944
vn 0.1019 -0.0269 0.9944
vn 0.9639 -0.2214 -0.1479
vn 0.9342 -0.3421 -0.1015
vn 0.9823 -0.1685 -0.0818
vn 0.9940 -0.0668 -0.0868
vn 0.9639 -0.2215 -0.1479
vn -0.6553 -0.7493 0.0956
vn -0.6353 -0.7586 0.1446
vn -0.6303 -0.7632 0.1423
vn -0.7345 -0.6711 0.1007
vn -0.6986 -0.7089 0.0977
vn -0.6543 -0.7365 0.1713
vn -0.1493 -0.8604 -0.4872
vn -0.1585 -0.8719 -0.4633
vn 0.5547 -0.8320 -0.0092
vn 0.4774 -0.8787 -0.0009
vn 0.5547 -0.8320 -0.0093
vn 0.6275 -0.7784 -0.0175
vn -0.0892 -0.7172 0.6912
vn -0.0896 -0.7126 0.6958
vn -0.0892 -0.7173 0.6910
vn -0.0888 -0.7219 0.6863
vn -0.8230 -0.5584 0.1047
vn -0.7811 -0.6155 0.1052
vn -0.8233 -0.5579 0.1048
vn -0.8225 -0.5589 0.1051
vn 0.9261 -0.3078 -0.2184
vn 0.8200 -0.5351 -0.2032
vn 0.8935 -0.4247 -0.1460
vn 0.8538 -0.4891 -0.1782
vn 0.7785 -0.6022 -0.1772
vn 0.7567 -0.6429 -0.1183
vn 0.7407 -0.6624 -0.1122
vn 0.7452 -0.6632 -0.0695
vn 0.7469 -0.6643 -0.0282
vn 0.9045 -0.4050 -0.1338
vn 0.9115 -0.2539 -0.3236
vn 0.9055 -0.2652 -0.3314
vn 0.9115 -0.2700 -0.3104
vn -0.4902 -0.8493 -0.1960
vn -0.1911 -0.9793 0.0668
vn -0.1944 -0.9786 0.0674
vn -0.1538 -0.9860 0.0643
vn -0.1539 -0.9860 0.0643
vn -0.1335 -0.9891 0.0626
vn -0.1617 -0.9848 0.0643
vn -0.2180 -0.9735 0.0684
vn -0.2183 -0.9734 0.0695
vn -0.0000 0.9711 -0.2386
vn -0.0000 0.9697 -0.2444
vn -0.0000 0.7689 -0.6394
vn -0.0000 -0.1984 -0.9801
vn -0.0000 -0.1954 -0.9807
vn -0.0000 0.9803 -0.1975
vn -0.0000 0.9807 -0.1956
vn -0.0000 -0.9615 0.2747
vn -0.0000 -0.9619 0.2732
vn -0.0000 0.8329 0.5534
vn -0.0000 0.8319 0.5549
vn -0.0000 0.7599 -0.6500
vn -0.0000 -0.6311 -0.7757
vn -0.0000 -0.6348 -0.7727
vn -0.0000 0.4113 -0.9115
vn 0.9512 0.2901 0.1055
vn 0.1189 0.9501 -0.2883
vn 0.1260 0.9360 -0.3287
vn 0.1006 0.9515 -0.2908
vn 0.1553 0.9304 -0.3320
vn 0.1349 0.9448 -0.2985
vn 0.1476 0.9345 -0.3239
vn 0.1403 0.9409 -0.3083
vn 0.0425 0.9451 -0.3239
vn 0.0078 0.9417 -0.3364
vn 0.0906 0.9156 -0.3918
vn 0.0911 0.9223 -0.3756
vn 0.1341 0.9174 -0.3748
vn 0.1851 0.9035 -0.3866
vn 0.0875 0.9444 -0.3168
vn 0.1020 0.9211 -0.3757
vn 0.0652 0.9287 -0.3651
vn 0.0530 0.9508 -0.3052
vn 0.0308 0.9364 -0.3495
vn 0.0254 0.9542 -0.2982
vn 0.1541 0.8983 -0.4115
vn 0.1854 0.8678 -0.4611
vn 0.3046 0.7865 -0.5372
vn 0.2460 0.8287 -0.5028
vn 0.1931 0.8900 -0.4131
vn 0.2426 0.8372 -0.4901
vn 0.2019 0.8675 -0.4546
vn 0.1592 0.8736 -0.4599
vn 0.1104 0.8866 -0.4492
vn 0.0695 0.8913 -0.4481
vn 0.0327 0.9016 -0.4314
vn 0.3202 0.7522 -0.5758
vn 0.3060 0.7691 -0.5611
vn 0.2303 0.8141 -0.5331
vn 0.2934 0.7709 -0.5654
vn 0.1675 0.8261 -0.5380
vn 0.0791 0.8365 -0.5423
vn 0.1205 0.8339 -0.5387
vn 0.0371 0.8430 -0.5366
vn 0.3013 0.7432 -0.5974
vn 0.2328 0.7635 -0.6023
vn 0.1612 0.7863 -0.5965
vn 0.1104 0.7920 -0.6005
vn 0.0725 0.7949 -0.6024
vn 0.0393 0.7972 -0.6024
vn 0.0456 0.9691 -0.2424
vn 0.0196 0.9706 -0.2400
vn 0.0227 0.9724 -0.2322
vn 0.0485 0.9707 -0.2352
vn 0.0709 0.9663 -0.2474
vn 0.0764 0.9667 -0.2441
vn 0.0976 0.9464 -0.3080
vn 0.2448 0.9186 -0.3101
vn 0.2123 0.9379 -0.2743
vn 0.0464 0.9642 -0.2610
vn 0.2210 0.8878 -0.4038
vn 0.2825 0.8754 -0.3923
vn 0.2553 0.8988 -0.3564
vn 0.1611 0.9201 -0.3570
vn 0.3190 0.8156 -0.4828
vn 0.2942 0.8607 -0.4155
vn 0.2898 0.8407 -0.4575
vn 0.3416 0.7813 -0.5223
vn 0.3503 0.7727 -0.5293
vn 0.3378 0.7825 -0.5230
vn 0.3293 0.7761 -0.5378
vn 0.1188 0.9330 -0.3398
vn 0.0525 0.9581 -0.2815
vn 0.4350 0.8500 -0.2971
vn 0.4295 0.8374 -0.3380
vn 0.2486 0.8649 -0.4361
vn 0.1857 0.9038 -0.3856
vn 0.4168 0.8271 -0.3769
vn 0.3226 0.8159 -0.4799
vn 0.4207 0.8102 -0.4081
vn 0.4058 0.7997 -0.4426
vn 0.3753 0.7664 -0.5213
vn 0.3998 0.7709 -0.4959
vn 0.4615 0.7017 -0.5429
vn 0.3847 0.7586 -0.5259
vn 0.3763 0.7329 -0.5668
vn 0.1442 0.9349 -0.3243
vn 0.2129 0.9002 -0.3798
vn 0.2589 0.8736 -0.4122
vn 0.3439 0.8134 -0.4691
vn 0.4024 0.7644 -0.5038
vn 0.4478 0.7211 -0.5287
vn 0.4675 0.7061 -0.5319
vn 0.0814 0.9693 -0.2319
vn 0.0815 0.9730 -0.2161
vn 0.0788 0.9722 -0.2207
vn 0.0887 0.9666 -0.2403
vn 0.1135 0.9654 -0.2346
vn 0.1073 0.9706 -0.2155
vn 0.0656 0.9763 -0.2062
vn -0.1854 0.9679 -0.1696
vn -0.1636 0.9692 -0.1839
vn -0.1709 0.9748 -0.1431
vn -0.1791 0.9744 -0.1359
vn 0.1605 0.9602 -0.2284
vn 0.0059 0.9772 -0.2121
vn -0.0091 0.9734 -0.2290
vn 0.0728 0.9586 -0.2752
vn 0.0555 0.9189 -0.3905
vn 0.0274 0.9174 -0.3969
vn 0.0177 0.9764 -0.2152
vn 0.0350 0.9721 -0.2319
vn 0.1373 0.8869 -0.4410
vn 0.1195 0.8969 -0.4258
vn 0.0775 0.9650 -0.2506
vn 0.0880 0.9618 -0.2594
vn 0.0900 0.9836 -0.1562
vn 0.0764 0.9845 -0.1576
vn 0.0758 0.9874 -0.1393
vn 0.0911 0.9864 -0.1365
vn 0.0779 0.9863 -0.1456
vn 0.1004 0.9873 -0.1230
vn 0.1044 0.9895 -0.0996
vn -0.1033 0.9924 -0.0669
vn -0.0460 0.9973 -0.0580
vn 0.1610 0.9830 -0.0880
vn 0.1446 0.6232 -0.7686
vn 0.0987 0.6423 -0.7600
vn 0.0766 0.8045 -0.5890
vn 0.1182 0.7927 -0.5981
vn 0.1969 0.6155 -0.7632
vn 0.1548 0.7927 -0.5896
vn -0.1601 0.9821 -0.0990
vn -0.0676 0.9884 -0.1361
vn -0.0275 0.9940 -0.1060
vn -0.1485 0.9858 -0.0785
vn 0.2479 0.9499 -0.1905
vn 0.2529 0.9485 -0.1910
vn 0.2240 0.9549 -0.1947
vn 0.2209 0.9580 -0.1828
vn -0.8546 0.5155 -0.0622
vn -0.8524 0.5190 -0.0640
vn -0.8684 0.4943 -0.0389
vn -0.8757 0.4815 -0.0363
vn -0.9092 0.4163 0.0100
vn -0.9269 0.3753 0.0021
vn -0.8430 0.5074 -0.1786
vn -0.8298 0.5362 -0.1546
vn 0.1989 0.4584 -0.8662
vn 0.1659 0.4716 -0.8661
vn 0.1107 0.4827 -0.8688
vn -0.5003 0.8390 -0.2140
vn -0.0523 0.9159 -0.3981
vn -0.0541 0.9727 -0.2255
vn -0.3722 0.9180 -0.1369
vn -0.0663 0.9827 -0.1732
vn -0.1619 0.9793 -0.1216
vn 0.3975 0.8816 -0.2546
vn 0.2956 0.9316 -0.2116
vn 0.1202 0.9746 -0.1892
vn -0.0358 0.9851 -0.1685
vn -0.0460 0.9792 -0.1975
vn -0.8536 0.5071 -0.1197
vn -0.8552 0.5035 -0.1229
vn -0.8508 0.5168 -0.0950
vn -0.8491 0.5207 -0.0884
vn 0.2041 0.8897 -0.4084
vn 0.1193 0.9250 -0.3608
vn 0.2860 0.8410 -0.4594
vn 0.4002 0.7627 -0.5080
vn 0.4536 0.7167 -0.5298
vn 0.5298 0.6505 -0.5443
vn 0.5655 0.6170 -0.5473
vn 0.0347 0.9478 -0.3169
vn -0.0968 0.9799 -0.1743
vn -0.0642 0.9794 -0.1914
vn -0.0635 0.9795 -0.1913
vn -0.0929 0.9820 -0.1644
vn 0.0807 0.9442 -0.3195
vn 0.0557 0.9547 -0.2923
vn 0.1886 0.9070 -0.3766
vn 0.1936 0.9030 -0.3837
vn -0.0475 0.9752 -0.2162
vn 0.0380 0.9951 -0.0918
vn 0.1186 0.9262 -0.3578
vn -0.0070 0.9594 -0.2818
vn -0.0433 0.9558 -0.2907
vn -0.1134 0.9660 -0.2323
vn -0.0553 0.9714 -0.2310
vn 0.0014 0.9717 -0.2360
vn 0.0046 0.9729 -0.2313
vn -0.0059 0.9726 -0.2323
vn 0.0091 0.9738 -0.2272
vn -0.1224 0.9075 -0.4017
vn -0.2368 0.9088 -0.3435
vn -0.1449 0.8764 -0.4592
vn 0.2708 0.7748 -0.5712
vn 0.1292 0.8406 -0.5259
vn 0.5301 0.6332 -0.5639
vn 0.6207 0.5554 -0.5534
vn -0.3108 0.9043 -0.2926
vn -0.2705 0.9625 0.0187
vn -0.2422 0.9672 0.0767
vn -0.2513 0.9653 0.0716
vn -0.2679 0.9633 0.0195
vn -0.5983 0.8006 0.0323
vn -0.7932 0.6080 0.0352
vn -0.7988 0.6015 0.0084
vn -0.4973 0.8674 -0.0182
vn -0.7106 0.6936 -0.1182
vn -0.7866 0.6111 -0.0881
vn -0.7794 0.6132 -0.1281
vn -0.3613 0.9033 -0.2315
vn -0.8340 0.5182 -0.1894
vn -0.6096 0.7350 -0.2969
vn -0.6976 0.6800 -0.2258
vn -0.8549 0.4982 -0.1448
vn -0.6176 0.7028 -0.3531
vn -0.7533 0.6338 -0.1754
vn -0.8448 0.5333 0.0437
vn -0.7952 0.6027 0.0663
vn -0.8349 0.5454 0.0738
vn 0.7061 0.4513 -0.5457
vn 0.7345 0.4107 -0.5402
vn 0.6823 0.4627 -0.5660
vn 0.6244 0.5261 -0.5773
vn -0.2691 0.8201 -0.5050
vn 0.0234 0.7998 -0.5998
vn 0.4021 0.6835 -0.6092
vn 0.6096 0.5355 -0.5844
vn -0.5241 0.8483 0.0754
vn -0.2863 0.9575 -0.0357
vn 0.0022 0.9755 -0.2199
vn -0.0062 0.9619 -0.2732
vn -0.6483 0.7135 -0.2657
vn -0.8528 0.5213 -0.0302
vn 0.2954 0.9440 -0.1473
vn 0.2740 0.9501 -0.1493
vn 0.3353 0.9327 -0.1327
vn 0.3588 0.9243 -0.1300
vn -0.8856 0.4642 0.0145
vn -0.8924 0.4511 -0.0116
vn -0.8869 0.4619 -0.0123
vn -0.8774 0.4795 0.0182
vn 0.0626 0.9826 -0.1751
vn 0.0937 0.9785 -0.1838
vn -0.4865 0.8709 -0.0698
vn -0.8031 0.5954 -0.0241
vn -0.7772 0.6263 -0.0611
vn -0.4043 0.9044 -0.1362
vn -0.1951 0.9717 -0.1334
vn -0.2875 0.9550 -0.0724
vn -0.2394 0.9657 -0.1007
vn -0.1151 0.9813 -0.1540
vn 0.0074 0.9879 -0.1547
vn 0.0167 0.9876 -0.1559
vn 0.0491 0.9717 -0.2312
vn 0.0246 0.9864 -0.1628
vn 0.0310 0.9857 -0.1654
vn 0.0413 0.9852 -0.1661
vn 0.0554 0.9839 -0.1698
vn 0.0650 0.9819 -0.1776
vn -0.0063 0.9901 -0.1406
vn 0.4751 0.8731 -0.1096
vn 0.5153 0.8504 -0.1068
vn 0.5075 0.8552 -0.1053
vn 0.4683 0.8771 -0.1068
vn -0.0055 0.9987 -0.0513
vn 0.0817 0.9934 -0.0809
vn 0.0910 0.9932 -0.0722
vn 0.0086 0.9987 -0.0492
vn -0.2564 0.9503 0.1764
vn -0.0519 0.9846 0.1672
vn 0.0214 0.9835 0.1797
vn -0.1861 0.9632 0.1938
vn -0.7662 0.6233 0.1563
vn -0.7921 0.5944 0.1387
vn -0.7849 0.6036 0.1402
vn -0.7536 0.6381 0.1580
vn -0.5959 0.7842 0.1729
vn -0.6842 0.7128 0.1541
vn 0.1243 0.9546 -0.2706
vn 0.1146 0.9570 -0.2665
vn 0.1097 0.9623 -0.2487
vn 0.1112 0.9602 -0.2561
vn 0.0771 0.9806 -0.1802
vn 0.0742 0.9887 -0.1302
vn 0.0859 0.9880 -0.1281
vn 0.0831 0.9880 -0.1301
vn 0.0747 0.9872 -0.1410
vn 0.0696 0.9968 -0.0401
vn 0.0687 0.9968 -0.0406
vn 0.0752 0.9964 -0.0396
vn 0.0822 0.9958 -0.0392
vn 0.5450 0.8362 -0.0604
vn 0.4296 0.9028 -0.0212
vn 0.4997 0.8622 -0.0832
vn 0.4882 0.8697 -0.0730
vn 0.4757 0.8787 0.0396
vn 0.3360 0.9384 0.0809
vn 0.3468 0.9264 0.1469
vn 0.1580 0.9708 0.1804
vn 0.3877 0.9116 0.1367
vn 0.4676 0.8753 0.1233
vn -0.1680 0.9644 0.2042
vn 0.1591 0.9722 0.1717
vn 0.2542 0.9495 0.1840
vn -0.5585 0.8053 0.1987
vn 0.0720 0.9965 -0.0413
vn 0.0743 0.9964 -0.0407
vn 0.0503 0.9979 -0.0400
vn 0.2851 0.9562 -0.0670
vn 0.3034 0.9497 -0.0773
vn 0.0496 0.9976 -0.0493
vn 0.5014 0.8627 -0.0659
vn 0.3753 0.9195 -0.1167
vn 0.4513 0.8792 -0.1529
vn 0.5685 0.8226 -0.0129
vn 0.5818 0.8110 -0.0617
vn 0.2478 0.9685 -0.0243
vn 0.5571 0.8294 0.0415
vn 0.5337 0.8412 0.0864
vn 0.1853 0.9736 0.1331
vn -0.1266 0.9705 0.2050
vn 0.4676 0.8748 0.1266
vn -0.5721 0.7975 0.1917
vn 0.6341 0.7625 0.1287
vn -0.7237 0.6673 0.1760
vn 0.7267 0.6516 0.2175
vn 0.7665 0.6191 0.1710
vn 0.8438 0.5078 0.1736
vn 0.8552 0.4714 0.2152
vn 0.7515 0.5958 0.2832
vn 0.6107 0.7512 0.2506
vn 0.8433 0.4518 0.2911
vn 0.5634 0.7812 0.2689
vn 0.6918 0.6583 0.2968
vn 0.4903 0.8414 0.2273
vn 0.6495 0.7187 0.2484
vn 0.5787 0.8134 0.0585
vn 0.4039 0.9145 0.0228
vn 0.4256 0.8953 0.1314
vn 0.6009 0.7823 0.1639
vn 0.5738 0.8171 -0.0561
vn 0.4057 0.9079 -0.1055
vn 0.5776 0.7973 -0.1752
vn 0.4200 0.8775 -0.2315
vn 0.5932 0.7521 -0.2871
vn 0.4624 0.8203 -0.3366
vn 0.6122 0.6973 -0.3727
vn 0.4995 0.7621 -0.4120
vn 0.5785 0.6514 -0.4909
vn 0.5429 0.6886 -0.4807
vn 0.5995 0.6486 -0.4690
vn 0.6167 0.6382 -0.4608
vn 0.6311 0.5900 -0.5036
vn 0.5783 0.6267 -0.5223
vn 0.5640 0.6249 -0.5398
vn 0.5391 0.6545 -0.5300
vn 0.5593 0.6513 -0.5129
vn 0.7402 0.4160 -0.5283
vn 0.7709 0.3421 -0.5373
vn 0.4351 0.8926 -0.1182
vn 0.4116 0.9035 -0.1196
vn 0.1196 0.9873 -0.1049
vn -0.3957 0.9077 0.1393
vn -0.4775 0.8725 0.1039
vn -0.2031 0.9740 0.1001
vn -0.1375 0.9810 0.1367
vn -0.8110 0.5739 0.1141
vn -0.8320 0.5474 0.0906
vn -0.8206 0.5634 0.0959
vn -0.7988 0.5890 0.1222
vn -0.7495 0.6512 0.1191
vn -0.7862 0.6112 0.0909
vn 0.7285 0.6720 0.1334
vn 0.6367 0.7549 0.1575
vn 0.8354 0.4379 0.3323
vn 0.8800 0.3413 0.3304
vn 0.5300 0.8195 0.2181
vn 0.7878 0.5148 0.3382
vn 0.4088 0.8797 0.2429
vn 0.7174 0.6319 0.2934
vn 0.3396 0.9114 0.2323
vn 0.6354 0.7637 0.1137
vn 0.2228 0.9709 0.0878
vn 0.2185 0.9667 0.1331
vn 0.6236 0.7817 0.0026
vn 0.2075 0.9778 -0.0283
vn 0.1840 0.9824 0.0314
vn 0.6208 0.7759 -0.1121
vn 0.2245 0.9593 -0.1715
vn 0.1866 0.9773 -0.1008
vn 0.6286 0.7449 -0.2238
vn 0.2619 0.9211 -0.2881
vn 0.2114 0.9500 -0.2298
vn 0.6556 0.6741 -0.3403
vn 0.6494 0.6793 -0.3418
vn 0.6388 0.6896 -0.3413
vn 0.2934 0.8871 -0.3564
vn 0.3459 0.8429 -0.4122
vn 0.6646 0.7151 0.2166
vn 0.2744 0.9433 0.1869
vn 0.2946 0.9317 0.2123
vn 0.9389 0.3034 0.1624
vn 0.9784 0.1314 0.1596
vn 0.9295 0.2821 0.2374
vn 0.9710 0.2210 0.0912
vn 0.9132 0.3858 0.1314
vn 0.9540 0.2879 0.0837
vn 0.5222 0.7301 -0.4407
vn 0.4031 0.7969 -0.4500
vn 0.7673 0.3986 -0.5023
vn 0.7595 0.3991 -0.5137
vn 0.7291 0.4732 -0.4944
vn 0.7445 0.4584 -0.4853
vn 0.7841 0.3342 -0.5230
vn 0.7858 0.3224 -0.5278
vn 0.7161 0.4953 -0.4917
vn 0.7337 0.4781 -0.4828
vn 0.7790 0.3886 -0.4921
vn 0.7742 0.3978 -0.4924
vn 0.7490 0.4539 -0.4827
vn 0.7493 0.4640 -0.4725
vn 0.8094 0.3195 -0.4927
vn 0.7968 0.3354 -0.5026
vn 0.7692 0.4181 -0.4832
vn 0.8289 0.2769 -0.4861
vn 0.8328 0.2538 -0.4920
vn 0.8120 0.2782 -0.5130
vn 0.7916 0.2837 -0.5411
vn 0.7991 0.2600 -0.5420
vn 0.7981 0.2768 -0.5351
vn 0.8277 0.2224 -0.5152
vn 0.8556 0.1892 -0.4819
vn 0.8693 0.1607 -0.4674
vn 0.8370 0.1967 -0.5106
vn 0.8113 0.2293 -0.5378
vn 0.8045 0.2251 -0.5496
vn 0.8152 0.2011 -0.5432
vn 0.8186 0.2019 -0.5376
vn 0.7114 0.4885 -0.5052
vn 0.6816 0.5091 -0.5256
vn 0.6803 0.5363 -0.4996
vn 0.6971 0.5195 -0.4941
vn 0.7334 0.4784 -0.4830
vn 0.7382 0.4725 -0.4815
vn 0.8482 0.1612 -0.5045
vn 0.7726 0.3344 -0.5397
vn 0.7893 0.2696 -0.5517
vn 0.7969 0.2733 -0.5388
vn 0.7008 0.5093 -0.4996
vn 0.7232 0.4864 -0.4903
vn 0.3229 0.7400 -0.5900
vn 0.2799 0.7294 -0.6242
vn 0.2017 0.7594 -0.6186
vn 0.1109 0.7831 -0.6119
vn 0.0680 0.7846 -0.6163
vn 0.0329 0.7798 -0.6251
vn 0.1638 0.7721 -0.6140
vn 0.2285 0.9084 -0.3500
vn 0.2561 0.8838 -0.3915
vn 0.0290 0.9635 -0.2663
vn 0.0174 0.9661 -0.2575
vn -0.0570 0.9656 -0.2537
vn -0.8375 0.5426 0.0643
vn -0.2938 0.9553 -0.0317
vn -0.8532 0.5198 0.0435
vn -0.0175 0.9781 -0.2074
vn 0.0972 0.9925 0.0747
vn 0.0880 0.9959 0.0195
vn 0.0881 0.9951 -0.0438
vn 0.0973 0.9879 -0.1211
vn 0.1107 0.9764 -0.1853
vn 0.1318 0.9608 -0.2440
vn 0.1466 0.9742 0.1718
vn 0.1155 0.9855 0.1245
vn 0.7480 0.5726 0.3355
vn 0.6472 0.7426 0.1722
vn 0.6303 0.7739 0.0613
vn 0.6241 0.7796 -0.0522
vn 0.6274 0.7608 -0.1658
vn 0.6506 0.6837 -0.3305
vn 0.6430 0.7135 -0.2783
vn 0.6883 0.6751 0.2657
vn 0.9899 0.1079 0.0919
vn 0.2709 0.9443 -0.1869
vn 0.0942 0.9825 -0.1604
vn -0.0238 0.9888 -0.1471
vn -0.0857 0.9856 -0.1455
vn -0.0008 0.9736 -0.2284
vn 0.0898 0.9753 -0.2019
vn 0.0771 0.9777 -0.1952
vn 0.1628 0.9389 -0.3033
vn 0.2001 0.9086 -0.3665
vn 0.1330 0.9546 -0.2665
vn 0.1397 0.9564 -0.2565
vn 0.1368 0.9588 -0.2491
vn 0.1223 0.9581 -0.2590
vn 0.1133 0.9618 -0.2491
vn -0.0504 0.9620 -0.2685
vn -0.0091 0.9605 -0.2780
vn -0.0187 0.9677 -0.2515
vn -0.0192 0.9647 -0.2627
vn 0.1393 0.9445 -0.2974
vn 0.1324 0.9492 -0.2855
vn 0.5240 0.7915 -0.3145
vn 0.5255 0.7728 -0.3559
vn 0.2846 0.8550 -0.4335
vn 0.3328 0.8066 -0.4885
vn 0.4364 0.7126 -0.5493
vn 0.3501 0.7381 -0.5767
vn 0.3317 0.9337 -0.1348
vn 0.4073 0.9051 -0.1222
vn 0.0769 0.9898 -0.1202
vn 0.2721 0.9501 -0.1524
vn 0.0952 0.9841 -0.1501
vn 0.1410 0.9728 -0.1836
vn 0.5178 0.8113 -0.2713
vn 0.5278 0.8433 -0.1015
vn 0.5212 0.8464 -0.1094
vn 0.2696 0.9595 -0.0813
vn 0.3360 0.9399 -0.0611
vn 0.5176 0.8530 -0.0669
vn 0.2982 0.9530 -0.0544
vn 0.3285 0.9428 -0.0566
vn 0.2164 0.9729 -0.0818
vn 0.4794 0.8700 -0.1153
vn 0.1534 0.9190 -0.3632
vn 0.0702 0.9968 -0.0386
vn 0.0695 0.9968 -0.0392
vn 0.0761 0.9963 -0.0406
vn 0.1106 0.9929 -0.0429
vn 0.1197 0.9913 -0.0543
vn 0.0995 0.9938 -0.0495
vn 0.1302 0.9894 -0.0637
vn 0.1363 0.9884 -0.0664
vn 0.0968 0.9945 -0.0403
vn 0.0868 0.9955 -0.0381
vn 0.1391 0.9863 -0.0890
vn 0.1368 0.9872 -0.0824
vn 0.1322 0.9865 -0.0963
vn 0.1342 0.9858 -0.1014
vn 0.1359 0.9881 -0.0722
vn 0.1373 0.9878 -0.0730
vn 0.1230 0.9868 -0.1051
vn 0.1199 0.9868 -0.1084
vn 0.0987 0.9871 -0.1261
vn 0.0999 0.9867 -0.1281
vn 0.0688 0.9867 -0.1470
vn 0.0832 0.9100 -0.4062
vn 0.0425 0.7875 -0.6149
vn 0.0552 0.6313 -0.7735
vn 0.0558 0.4886 -0.8707
vn 0.1886 0.7606 -0.6212
vn 0.1194 0.6435 -0.7561
vn 0.0152 0.5558 -0.8312
vn 0.0094 0.9882 -0.1528
vn 0.0173 0.9875 -0.1565
vn 0.0254 0.9861 -0.1642
vn 0.0325 0.9858 -0.1648
vn 0.0433 0.9853 -0.1652
vn 0.0555 0.9835 -0.1720
vn 0.0654 0.9831 -0.1710
vn -0.7445 0.6660 -0.0454
vn -0.0258 0.8086 -0.5878
vn 0.1864 0.3974 -0.8985
vn 0.1654 0.4049 -0.8993
vn 0.1029 0.4144 -0.9043
vn 0.0499 0.4206 -0.9059
vn 0.0334 0.4855 -0.8736
vn -0.9344 0.3452 0.0882
vn -0.8971 0.4377 0.0599
vn -0.9049 0.4183 0.0783
vn -0.9306 0.3526 0.0979
vn -0.8782 0.4740 0.0635
vn -0.0655 0.6157 -0.7852
vn -0.2350 0.6027 -0.7626
vn -0.9578 0.2577 0.1274
vn -0.9693 0.2001 0.1430
vn -0.9427 0.3144 0.1114
vn -0.4316 0.7265 -0.5347
vn -0.7406 0.5820 -0.3358
vn -0.0937 0.9861 -0.1373
vn -0.8416 0.5016 -0.2001
vn -0.9353 0.3531 0.0215
vn -0.7336 0.5828 -0.3495
vn 0.0404 0.9626 -0.2680
vn 0.0802 0.9542 -0.2883
vn 0.1036 0.9664 -0.2352
vn 0.1071 0.9624 -0.2496
vn 0.1230 0.9593 -0.2542
vn 0.1160 0.9583 -0.2610
vn 0.1244 0.9546 -0.2708
vn 0.1710 0.9110 -0.3753
vn 0.1688 0.9194 -0.3552
vn 0.1867 0.9791 -0.0806
vn 0.1492 0.9752 -0.1633
vn 0.2670 0.9143 -0.3046
vn 0.1729 0.9738 -0.1480
vn 0.3411 0.8206 -0.4585
vn 0.1348 0.9242 -0.3574
vn 0.0921 0.8931 -0.4404
vn 0.0997 0.8572 -0.5052
vn 0.1709 0.7108 -0.6823
vn 0.2284 0.6256 -0.7460
vn 0.0046 0.6625 -0.7490
vn -0.0063 0.5975 -0.8019
vn 0.0342 0.7336 -0.6787
vn 0.0592 0.7824 -0.6199
vn 0.0732 0.4480 -0.8910
vn 0.0212 0.6082 -0.7935
vn -0.0235 0.4120 -0.9109
vn 0.0413 0.2742 -0.9608
vn 0.0673 0.2288 -0.9711
vn 0.1283 0.3711 -0.9197
vn 0.1969 0.9564 0.2157
vn 0.2678 0.9356 0.2300
vn 0.9847 -0.0000 -0.1742
vn 0.9857 -0.0000 -0.1682
vn 0.9853 0.0140 -0.1705
vn 0.9845 -0.0000 -0.1755
vn 0.9851 -0.0729 -0.1559
vn 0.9942 -0.1032 -0.0307
vn 0.9818 -0.0482 -0.1836
vn 0.3572 -0.0000 0.9340
vn 0.5193 -0.0000 0.8546
vn 0.1772 -0.0000 0.9842
vn 0.3571 -0.0000 0.9341
vn 0.0024 -0.0000 1.0000
vn 0.0019 -0.0000 1.0000
vn 0.0026 -0.0000 1.0000
vn 0.0012 -0.0000 1.0000
vn -0.0013 -0.0000 1.0000
vn -0.0021 -0.0000 1.0000
vn -0.1262 -0.0000 0.9920
vn -0.0046 -0.0000 1.0000
vn -0.0045 -0.0000 1.0000
vn -0.2463 -0.0000 0.9692
vn -0.9986 0.0179 0.0495
vn -0.9978 0.0491 0.0451
vn -0.9987 -0.0016 0.0500
vn -0.9980 -0.0514 0.0372
vn -0.9991 -0.0000 0.0434
vn -0.9989 -0.0116 0.0447
vn -0.9976 -0.0564 0.0389
vn 0.9838 -0.0000 -0.1795
vn 0.9832 -0.0109 -0.1823
vn -0.9987 -0.0000 0.0518
vn -0.9986 0.0166 0.0492
vn -0.9983 -0.0000 0.0579
vn -0.9981 -0.0179 0.0586
vn -0.9537 0.2911 0.0760
vn -0.9767 0.2090 0.0494
vn -0.9797 0.1980 0.0323
vn -0.9986 0.0449 0.0293
vn -0.9990 -0.0304 0.0323
vn -0.9996 -0.0143 0.0230
vn -0.9998 0.0182 0.0031
vn -0.9986 -0.0257 0.0461
vn -0.9983 -0.0456 0.0357
vn 0.9830 0.0030 -0.1834
vn 0.9842 0.0026 -0.1773
vn 0.9835 0.0101 -0.1806
vn 0.9815 0.0185 -0.1905
vn 0.9763 0.1317 -0.1715
vn 0.9785 0.0963 -0.1822
vn 0.9813 0.0900 -0.1700
vn 0.2279 -0.6567 0.7189
vn 0.1688 -0.6547 0.7368
vn 0.1070 -0.6675 0.7369
vn 0.0772 -0.7010 0.7090
vn 0.0595 -0.6815 0.7293
vn 0.0969 -0.7107 0.6968
vn 0.0807 -0.7207 0.6885
vn 0.0599 -0.7310 0.6797
vn 0.0501 -0.7346 0.6767
vn 0.0282 -0.7442 0.6673
vn -0.0312 -0.7519 0.6585
vn -0.0711 -0.7564 0.6502
vn -0.8157 -0.2094 0.5393
vn -0.6201 -0.5984 0.5072
vn -0.9661 -0.1249 0.2259
vn 0.9852 0.0365 -0.1674
vn 0.9833 0.0643 -0.1705
vn -0.9955 0.0929 0.0182
vn -0.9967 0.0799 0.0128
vn -0.9988 0.0483 0.0091
vn -0.9975 0.0699 0.0036
vn -0.9979 0.0645 0.0105
vn -0.9980 0.0601 0.0193
vn 0.1011 0.9718 -0.2132
vn 0.1031 0.9707 -0.2169
vn 0.0837 0.9664 -0.2431
vn 0.0663 0.9704 -0.2323
vn 0.0257 0.9742 -0.2244
vn 0.0507 0.9723 -0.2281
vn 0.0304 0.9587 -0.2827
vn 0.0610 0.9563 -0.2860
vn 0.0821 0.9538 -0.2891
vn 0.1068 0.9601 -0.2583
vn 0.1060 0.9542 -0.2797
vn 0.1112 0.9555 -0.2733
vn 0.0814 0.9647 -0.2504
vn 0.0816 0.9647 -0.2503
vn 0.0826 0.9648 -0.2496
vn 0.1090 0.9569 -0.2690
vn 0.0814 0.9647 -0.2505
vn 0.0835 0.9649 -0.2490
vn 0.0841 0.9649 -0.2488
vn 0.0944 0.9538 -0.2854
vn 0.1011 0.9538 -0.2829
vn 0.0878 -0.1973 -0.9764
vn 0.1044 -0.1967 -0.9749
vn 0.0551 -0.1993 -0.9784
vn 0.0386 -0.1984 -0.9794
vn 0.1257 -0.1962 -0.9725
vn 0.1436 -0.2082 -0.9675
vn 0.1414 -0.2034 -0.9688
vn 0.1500 -0.2132 -0.9654
vn 0.1504 -0.2144 -0.9651
vn 0.1500 -0.2129 -0.9655
vn 0.1504 -0.2136 -0.9653
vn 0.1492 -0.2122 -0.9658
vn -0.0388 0.1880 0.9814
vn -0.0554 0.1889 0.9804
vn -0.1049 0.1866 0.9768
vn -0.0882 0.1870 0.9784
vn -0.1461 0.2028 0.9683
vn -0.1256 0.1861 0.9745
vn -0.1417 0.1946 0.9706
vn -0.1487 0.2087 0.9666
vn -0.1486 0.2242 0.9631
vn -0.1559 0.2103 0.9651
vn -0.1525 0.2020 0.9674
vn -0.1552 0.2092 0.9655
vn -0.1522 0.2054 0.9668
vn 0.0360 0.9801 -0.1954
vn 0.0432 0.9802 -0.1931
vn 0.0191 0.9802 -0.1972
vn 0.0192 0.9798 -0.1989
vn 0.0584 0.9799 -0.1909
vn 0.0678 0.9782 -0.1964
vn 0.1478 0.9682 -0.2017
vn 0.2207 0.9528 -0.2085
vn 0.9974 0.0165 -0.0701
vn 0.9914 0.1255 -0.0383
vn 0.9901 0.1241 -0.0660
vn 0.9921 0.0134 -0.1250
vn 0.9404 0.3299 -0.0828
vn 0.8983 0.4269 -0.1038
vn 0.7747 0.6157 -0.1443
vn 0.6898 0.7054 -0.1632
vn 0.5007 0.8441 -0.1916
vn 0.3970 0.8958 -0.2001
vn 0.0740 0.9779 -0.1957
vn 0.0818 0.9760 -0.2018
vn 0.0765 0.9768 -0.2001
vn 0.0745 0.9768 -0.2010
vn 0.1104 0.9866 -0.1202
vn 0.1122 0.9865 -0.1196
vn -0.9558 0.2771 0.0981
vn -0.9683 0.1915 0.1602
vn -0.9638 0.2304 0.1339
vn 0.0793 0.9731 -0.2163
vn 0.0741 0.9743 -0.2127
vn 0.0771 0.9755 -0.2059
vn 0.0726 0.9749 -0.2106
vn -0.0288 -0.9605 0.2767
vn -0.0210 -0.9612 0.2751
vn -0.0484 -0.9596 0.2771
vn -0.0571 -0.9584 0.2796
vn -0.0802 -0.9563 0.2810
vn -0.0956 -0.9540 0.2843
vn -0.1176 -0.9525 0.2807
vn -0.9708 0.1126 0.2119
vn -0.9704 0.1479 0.1907
vn -0.9434 0.3145 0.1049
vn -0.9474 0.3014 0.1075
vn -0.9480 0.3010 0.1033
vn -0.9475 0.3015 0.1064
vn -0.1053 -0.9526 0.2854
vn -0.0150 0.8337 0.5520
vn -0.0152 0.8340 0.5516
vn -0.0251 0.8345 0.5505
vn -0.0297 0.8342 0.5507
vn -0.0470 0.8340 0.5498
vn -0.0586 0.8363 0.5452
vn -0.1144 0.8425 0.5264
vn -0.1572 0.8468 0.5082
vn -0.2471 0.8448 0.4746
vn -0.2941 0.8395 0.4569
vn -0.3894 0.8259 0.4078
vn -0.4315 0.8228 0.3700
vn -0.5024 0.8120 0.2971
vn -0.5311 0.8060 0.2614
vn -0.5895 0.7842 0.1939
vn -0.6121 0.7752 0.1562
vn -0.6447 0.7612 0.0707
vn -0.6527 0.7572 0.0232
vn -0.6653 0.7461 -0.0260
vn -0.6735 0.7387 -0.0274
vn -0.6831 0.7299 -0.0266
vn -0.6909 0.7226 -0.0218
vn -0.6821 0.7117 -0.1681
vn -0.6670 0.6724 -0.3210
vn -0.5108 0.6104 -0.6053
vn -0.3702 0.5608 -0.7406
vn -0.0180 0.5403 -0.8413
vn -0.0173 0.4995 -0.8661
vn 0.1729 0.5891 -0.7893
vn 0.1688 0.6385 -0.7509
vn -0.8160 0.0420 -0.5765
vn -0.8616 0.0516 -0.5050
vn -0.8162 0.0419 -0.5762
vn -0.7647 0.0321 -0.6436
vn -0.8162 0.0420 -0.5762
vn -0.5200 0.8505 -0.0786
vn -0.5085 0.8572 -0.0820
vn -0.5199 0.8506 -0.0786
vn -0.5314 0.8438 -0.0752
vn -0.5065 0.8544 -0.1162
vn -0.5353 0.8381 -0.1047
vn -0.5064 0.8544 -0.1163
vn -0.4769 0.8697 -0.1277
vn -0.6593 -0.6635 0.3538
vn -0.6988 -0.6224 0.3525
vn -0.6175 -0.7024 0.3539
vn -0.7653 -0.5867 0.2648
vn -0.6407 -0.7196 0.2677
vn -0.7653 -0.5867 0.2649
vn -0.8645 -0.4342 0.2532
vn -0.5224 0.3720 0.7673
vn -0.4753 0.3455 0.8091
vn -0.3938 0.5317 0.7498
vn -0.3936 0.5319 0.7498
vn -0.2551 0.6960 0.6712
vn -0.5223 0.3721 0.7673
vn 0.0524 0.7978 0.6007
vn 0.1896 0.7936 0.5781
vn 0.4805 0.7486 0.4568
vn 0.6270 0.7104 0.3197
vn 0.7856 0.6177 0.0373
vn 0.8043 0.5823 -0.1184
vn 0.8072 0.5254 -0.2691
vn 0.8028 0.5281 -0.2768
vn 0.7964 0.5283 -0.2942
vn 0.7917 0.5300 -0.3040
vn 0.7777 0.5164 -0.3586
vn 0.7693 0.4961 -0.4027
vn 0.7354 0.4698 -0.4883
vn 0.7137 0.4592 -0.5289
vn 0.6565 0.4525 -0.6035
vn 0.6291 0.4427 -0.6390
vn 0.5563 0.4277 -0.7124
vn 0.5123 0.4178 -0.7503
vn 0.4158 0.4206 -0.8064
vn 0.3686 0.4244 -0.8271
vn 0.2766 0.4249 -0.8620
vn 0.2316 0.4204 -0.8773
vn 0.1650 0.4163 -0.8941
vn 0.1440 0.4220 -0.8951
vn 0.1050 0.4326 -0.8955
vn 0.0873 0.4432 -0.8922
vn 0.0479 0.4487 -0.8924
vn 0.0479 0.4486 -0.8925
vn -0.0821 -0.9531 0.2913
vn 0.8487 0.0570 -0.5258
vn 0.6057 0.6739 -0.4231
vn 0.5977 0.6886 -0.4107
vn 0.1877 -0.9814 -0.0408
vn 0.1701 -0.9850 -0.0300
vn 0.2826 -0.9551 -0.0891
vn 0.2684 -0.9580 -0.1005
vn 0.1766 -0.9834 -0.0427
vn 0.1659 -0.9855 -0.0361
vn 0.3811 -0.9119 -0.1521
vn 0.3977 -0.9052 -0.1499
vn 0.4461 -0.8782 -0.1726
vn 0.4543 -0.8729 -0.1777
vn 0.6843 0.5344 -0.4961
vn 0.8073 0.2443 -0.5372
vn 0.8102 0.2456 -0.5322
vn 0.8206 0.1882 -0.5396
vn 0.8124 0.1994 -0.5479
vn 0.8125 0.2186 -0.5405
vn 0.8145 0.2162 -0.5384
vn 0.8110 0.2093 -0.5463
vn 0.7953 0.2392 -0.5571
vn 0.8009 0.2394 -0.5489
vn 0.8009 0.2441 -0.5468
vn 0.8025 0.2098 -0.5585
vn 0.8038 0.2142 -0.5550
vn 0.7977 0.2198 -0.5616
vn 0.8131 0.2042 -0.5452
vn 0.8105 0.2078 -0.5477
vn 0.8056 0.2527 -0.5358
vn 0.8107 0.2321 -0.5375
vn 0.8219 0.2291 -0.5215
vn 0.8199 0.2331 -0.5230
vn 0.8061 0.2385 -0.5416
vn 0.8043 0.2419 -0.5427
vn 0.8010 0.2339 -0.5510
vn 0.8018 0.2261 -0.5532
vn 0.7995 0.2414 -0.5501
vn 0.8047 0.2467 -0.5400
vn 0.8119 0.2210 -0.5404
vn 0.7994 0.2346 -0.5532
vn 0.8048 0.2294 -0.5474
vn 0.8041 0.2189 -0.5527
vn 0.8133 0.2025 -0.5454
vn 0.8000 0.2072 -0.5631
vn 0.8074 0.2089 -0.5518
vn 0.8052 0.2399 -0.5423
vn 0.8086 0.2351 -0.5394
vn 0.8122 0.2324 -0.5351
vn 0.8143 0.2325 -0.5318
vn 0.8137 0.2330 -0.5325
vn 0.8125 0.2313 -0.5351
vn 0.8129 0.2273 -0.5362
vn 0.8153 0.2237 -0.5340
vn 0.8159 0.2262 -0.5320
vn 0.8155 0.2227 -0.5342
vn 0.8142 0.2118 -0.5406
vn 0.8141 0.2051 -0.5433
vn 0.8144 0.2054 -0.5427
vn 0.8120 0.2098 -0.5447
vn 0.8072 0.2132 -0.5504
vn 0.8045 0.2113 -0.5551
vn 0.8069 0.2082 -0.5527
vn 0.8094 0.2120 -0.5476
vn 0.8084 0.2222 -0.5450
vn 0.8054 0.2293 -0.5466
vn 0.8045 0.2318 -0.5469
vn 0.8061 0.2341 -0.5435
vn 0.8063 0.2403 -0.5405
vn 0.8045 0.2431 -0.5420
vn 0.0897 -0.7130 -0.6954
vn 0.0569 -0.6655 -0.7442
vn 0.1836 -0.8039 -0.5657
vn 0.2418 -0.8380 -0.4892
vn 0.3716 -0.8717 -0.3194
vn 0.4381 -0.8717 -0.2195
vn 0.5457 -0.8374 -0.0326
vn 0.5872 -0.8074 0.0572
vn 0.6642 -0.7212 0.1965
vn 0.6987 -0.6695 0.2523
vn 0.7781 -0.4949 0.3869
vn 0.8085 -0.3620 0.4639
vn 0.8140 -0.0752 0.5760
vn 0.7889 0.0777 0.6096
vn 0.6861 0.3765 0.6225
vn 0.6144 0.5149 0.5979
vn 0.4493 0.7284 0.5173
vn 0.3779 0.8008 0.4647
vn 0.2891 0.8665 0.4069
vn 0.2892 0.8665 0.4069
vn 0.2980 0.8634 0.4071
vn 0.6505 -0.0179 0.7593
vn 0.7599 -0.0415 0.6487
vn 0.5910 0.0913 0.8015
vn 0.4856 0.2013 0.8507
vn 0.4191 0.4064 0.8119
vn 0.3838 0.5087 0.7707
vn 0.2738 0.6934 0.6666
vn 0.2141 0.7711 0.5996
vn 0.0731 0.8940 0.4420
vn 0.0043 0.9373 0.3485
vn -0.1295 0.9790 0.1572
vn -0.1960 0.9788 0.0593
vn -0.3244 0.9364 -0.1342
vn -0.3928 0.8905 -0.2298
vn -0.4918 0.7692 -0.4080
vn -0.5388 0.6852 -0.4900
vn -0.5916 0.5013 -0.6315
vn -0.6083 0.3927 -0.6897
vn -0.6072 0.1535 -0.7796
vn -0.5167 0.0807 -0.8523
vn -0.4541 -0.0227 -0.8906
vn -0.3364 0.0706 -0.9391
vn -0.2839 0.8667 -0.4101
vn -0.2733 0.8731 -0.4038
vn -0.3052 0.8037 -0.5109
vn -0.3289 0.7212 -0.6097
vn -0.3368 0.5100 -0.7915
vn -0.3262 0.3666 -0.8713
vn -0.2693 0.0712 -0.9604
vn -0.2237 -0.0770 -0.9716
vn -0.1135 -0.3685 -0.9227
vn -0.0448 -0.4943 -0.8681
vn 0.7984 0.2353 -0.5542
vn 0.8028 0.2324 -0.5491
vn 0.8050 0.2336 -0.5453
vn 0.7913 0.2412 -0.5618
vn 0.7878 0.2350 -0.5694
vn 0.7869 0.2493 -0.5645
vn 0.7893 0.2675 -0.5527
vn 0.7850 0.2325 -0.5741
vn 0.8239 0.2374 -0.5147
vn 0.8140 0.2559 -0.5215
vn 0.8298 0.2227 -0.5116
vn 0.5680 -0.8140 0.1218
vn 0.3314 -0.9360 -0.1189
vn 0.3720 -0.9199 -0.1244
vn 0.5626 -0.8177 0.1219
vn -0.0010 -0.0000 1.0000
vn -0.0011 -0.0000 1.0000
vn 0.9927 -0.0000 0.1204
vn 0.9883 -0.0666 -0.1369
vn 0.9359 -0.1659 0.3106
vn 0.9639 -0.0000 0.2664
vn 0.9838 -0.0000 -0.1793
vn 0.9851 -0.0000 -0.1718
vn 0.9728 0.1245 -0.1955
vn 0.9776 0.0632 -0.2010
vn 0.9830 0.0347 -0.1804
vn 0.9845 0.0055 -0.1752
vn 0.9815 -0.0000 -0.1916
vn 0.1103 0.9813 -0.1577
vn 0.2529 0.9484 -0.1911
vn -0.3611 -0.0000 0.9325
vn -0.2465 -0.0000 0.9691
vn -0.9962 -0.0542 0.0676
vn -0.9550 -0.0000 0.2968
vn -0.8559 -0.0000 0.5171
vn -0.9983 -0.0000 0.0578
vn -0.9986 -0.0000 0.0524
vn -0.9975 -0.0614 0.0346
vn -0.9994 -0.0002 0.0359
vn -0.1442 -0.7531 0.6420
vn -0.9957 -0.0547 0.0754
vn -0.0186 0.9768 -0.2135
vn -0.0180 0.9786 -0.2049
vn 0.0069 -0.6849 0.7286
vn 0.7939 -0.4823 0.3703
vn -0.1638 0.9618 -0.2192
vn 0.1404 0.9891 -0.0447
vn -0.0245 0.9895 -0.1427
vn -0.0863 0.9850 -0.1493
vn 0.0091 0.9844 0.1759
vn -0.0533 0.9849 0.1650
vn -0.1845 0.9777 0.0999
vn -0.1128 0.9833 0.1430
vn -0.0401 0.9804 -0.1927
vn -0.9989 -0.0015 0.0478
vn 0.3183 0.7993 -0.5097
vn 0.1968 0.5736 -0.7951
vn 0.0988 0.3151 -0.9439
vn 0.0444 0.2236 -0.9737
vn -0.9844 0.1669 0.0563
vn 0.0977 0.9930 -0.0669
vn 0.0735 0.9844 -0.1600
vn 0.0760 0.9812 -0.1776
vn 0.0751 0.9779 -0.1949
vn 0.0745 0.9767 -0.2011
vn 0.1627 0.6581 -0.7352
vn -0.9480 0.3009 0.1042
vn 0.2366 0.7390 -0.6308
vn 0.1325 0.9480 -0.2894
vn 0.1406 0.9434 -0.3003
vn 0.1010 0.9544 -0.2811
vn 0.1387 0.9556 -0.2601
vn 0.1081 0.9328 -0.3437
vn 0.0640 0.9498 -0.3062
vn 0.0456 0.9584 -0.2816
vn 0.0217 0.9656 -0.2592
vn 0.1413 0.9399 -0.3109
vn 0.1500 0.9303 -0.3348
vn -0.0358 0.9661 -0.2557
vn -0.0363 0.9610 -0.2740
vn 0.0022 0.9673 -0.2537
vn 0.1346 0.9580 -0.2531
vn 0.0331 0.9549 -0.2950
vn 0.1864 0.9063 -0.3793
vn 0.1702 0.9160 -0.3634
vn 0.1884 0.9050 -0.3815
vn 0.1426 0.9223 -0.3592
vn 0.1687 0.9144 -0.3679
vn 0.1290 0.9523 -0.2765
vn 0.1198 0.9571 -0.2639
vn 0.1210 0.9595 -0.2545
vn 0.9464 0.2761 0.1678
vn 0.9533 0.2629 0.1488
vn 0.9482 0.2718 0.1643
vn 0.9539 0.2574 0.1545
vn -0.2285 -0.0000 -0.9735
vn -0.3854 -0.0000 -0.9227
vn -0.0670 -0.0000 -0.9978
vn -0.0644 -0.0000 -0.9979
vn -0.8672 0.4643 0.1798
vn -0.8346 0.5326 0.1406
vn -0.9277 0.3185 0.1949
vn -0.9364 0.2793 0.2125
vn -0.8183 0.4949 0.2923
vn -0.8901 0.3816 0.2494
vn -0.8813 0.4044 0.2446
vn -0.8080 0.5063 0.3012
vn 0.9836 0.1527 0.0958
vn 0.9871 0.1290 0.0953
vn 0.9965 0.0753 0.0353
vn 0.9981 0.0335 0.0522
vn -0.9334 0.3004 0.1964
vn -0.9138 0.3611 0.1857
vn -0.9801 0.1666 0.1077
vn -0.9858 -0.0000 0.1676
vn -0.8058 0.5082 0.3041
vn -0.8182 0.4980 0.2872
vn 0.1189 -0.0003 -0.9929
vn 0.3014 -0.0000 -0.9535
vn -0.5281 -0.0000 -0.8492
vn -0.3855 -0.0000 -0.9227
vn -0.5282 -0.0000 -0.8491
vn -0.9808 -0.0000 -0.1950
vn 0.0060 0.9946 0.1033
vn 0.3776 0.9235 0.0671
vn 0.3622 0.9319 0.0193
vn -0.0444 0.9984 0.0336
vn 0.7087 0.7032 0.0576
vn 0.7268 0.6869 -0.0061
vn -0.4880 0.8528 0.1862
vn -0.5019 0.8579 0.1101
vn 0.9647 0.2630 0.0118
vn 0.9394 0.3426 -0.0130
vn 0.9905 0.1296 0.0468
vn 0.9969 0.0775 0.0109
vn 0.9849 -0.0198 -0.1718
vn 0.9836 -0.0281 -0.1780
vn 0.9323 -0.0000 -0.3618
vn 0.4679 -0.0000 -0.8838
vn 0.8945 0.4285 0.1277
vn 0.9239 0.3741 0.0805
vn -0.8136 0.5429 0.2080
vn -0.7262 0.6380 0.2563
vn 0.9312 0.3572 0.0727
vn -0.8913 0.4189 0.1736
vn 0.9583 0.2854 0.0133
vn -0.8321 0.5382 0.1337
vn -0.9307 0.3642 0.0328
vn -0.7528 0.6176 0.2279
vn 0.9405 0.3362 -0.0484
vn 0.2982 0.9519 -0.0702
vn -0.0437 0.9985 -0.0316
vn 0.6746 0.7370 -0.0426
vn -0.5767 0.8132 0.0783
vn 0.9708 0.1962 -0.1384
vn 0.6691 0.7430 -0.0144
vn 0.3098 0.9484 -0.0679
vn 0.0147 0.9993 -0.0333
vn -0.4417 0.8916 0.1000
vn 0.6540 0.7564 -0.0125
vn 0.2977 0.9462 -0.1269
vn 0.0271 0.9947 -0.0989
vn -0.3898 0.9164 0.0908
vn 0.7308 0.6807 -0.0512
vn 0.3459 0.9167 -0.1999
vn 0.0597 0.9773 -0.2032
vn -0.4116 0.9113 0.0026
vn 0.6423 0.7414 -0.1944
vn 0.2892 0.9216 -0.2587
vn -0.0192 0.9740 -0.2259
vn -0.2099 0.9590 -0.1906
vn -0.8005 0.5965 0.0576
vn 0.6979 0.6765 -0.2349
vn 0.2950 0.9177 -0.2660
vn -0.0799 0.9657 -0.2470
vn -0.2064 0.9504 -0.2326
vn -0.8304 0.5518 -0.0770
vn 0.9633 0.2566 -0.0783
vn 0.9999 -0.0113 -0.0020
vn 0.8726 0.4556 -0.1763
vn 0.2194 0.9628 -0.1577
vn 0.2430 0.9631 -0.1157
vn -0.0254 0.9791 -0.2019
vn -0.1792 0.9551 -0.2360
vn -0.9374 0.3332 -0.1016
vn -0.8104 0.5610 -0.1688
vn -0.9898 0.1413 -0.0186
vn -0.1066 -0.9625 0.2493
vn -0.1062 -0.9660 0.2357
vn -0.1208 -0.9652 0.2321
vn -0.0752 -0.9743 0.2121
vn -0.1229 -0.9605 0.2497
vn -0.1550 -0.9554 0.2512
vn -0.0232 -0.9796 0.1996
vn 0.0580 -0.9795 0.1927
vn -0.1284 -0.9701 0.2059
vn 0.9992 -0.0117 0.0388
vn 0.9786 0.2048 0.0221
vn 0.8326 0.5527 -0.0347
vn 0.8327 0.5527 -0.0348
vn 0.2667 0.9618 -0.0621
vn 0.1933 0.9798 -0.0507
vn -0.0075 0.9948 -0.1017
vn -0.2111 0.9615 -0.1762
vn -0.2110 0.9615 -0.1762
vn -0.7997 0.5683 -0.1938
vn -0.9022 0.4008 -0.1591
vn -0.9908 0.0769 -0.1118
vn -0.0922 -0.9733 0.2103
vn -0.0908 -0.9729 0.2125
vn 0.6732 -0.0280 -0.7390
vn 0.0210 0.5181 -0.8551
vn 0.6483 0.1414 -0.7481
vn 0.4135 0.5559 -0.7212
vn 0.1229 0.7734 -0.6219
vn -0.0830 0.7622 -0.6420
vn -0.3878 0.5856 -0.7119
vn -0.6041 0.2142 -0.7676
vn -0.6447 -0.0153 -0.7643
vn -0.0640 -0.8239 -0.5630
vn 0.8490 0.4017 0.3433
vn 0.8779 0.3400 0.3371
vn 0.7679 0.5452 0.3364
vn 0.8087 0.4740 0.3482
vn 0.7041 0.6554 0.2733
vn 0.7354 0.6033 0.3086
vn 0.6354 0.7684 0.0762
vn 0.6425 0.7549 0.1318
vn 0.6273 0.7780 -0.0363
vn 0.6277 0.7782 0.0206
vn 0.6282 0.7634 -0.1503
vn 0.6221 0.7773 -0.0944
vn 0.6392 0.7230 -0.2621
vn 0.6268 0.7512 -0.2069
vn 0.6576 0.7302 0.1855
vn 0.6782 0.6969 0.2333
vn 0.9603 0.1743 0.2177
vn 0.9122 0.2740 0.3048
vn 0.6484 0.6917 -0.3181
vn 0.9897 0.0879 0.1130
vn 0.6509 0.6515 -0.3897
vn 0.6550 0.6583 -0.3709
vn 0.7358 -0.5915 0.3297
vn 0.6610 -0.6547 0.3668
vn 0.6879 -0.6282 0.3636
vn 0.7698 -0.5662 0.2946
vn 0.4985 -0.6140 -0.6120
vn 0.5676 -0.6261 -0.5346
vn 0.5237 -0.6356 -0.5673
vn 0.4389 -0.6067 -0.6628
vn 0.6219 -0.6365 -0.4561
vn 0.6649 -0.6403 -0.3846
vn 0.6376 -0.6497 -0.4140
vn 0.5873 -0.6398 -0.4957
vn 0.6988 -0.6418 -0.3159
vn 0.7260 -0.6374 -0.2581
vn 0.7086 -0.6476 -0.2802
vn 0.6771 -0.6492 -0.3465
vn 0.7712 -0.6299 -0.0920
vn 0.7768 -0.6280 -0.0473
vn 0.7733 -0.6311 -0.0616
vn 0.7655 -0.6339 -0.1106
vn 0.7805 -0.6252 0.0073
vn 0.7821 -0.6215 0.0448
vn 0.7811 -0.6234 0.0362
vn 0.7782 -0.6278 -0.0135
vn 0.7823 -0.6156 0.0953
vn 0.7800 -0.6111 0.1350
vn 0.7816 -0.6110 0.1256
vn 0.7825 -0.6182 0.0742
vn 0.7750 -0.6035 0.1877
vn 0.7699 -0.5875 0.2492
vn 0.7720 -0.5929 0.2292
vn 0.7789 -0.6048 0.1659
vn 0.7470 -0.6305 -0.2108
vn 0.7619 -0.6302 -0.1496
vn 0.7529 -0.6344 -0.1750
vn 0.7339 -0.6392 -0.2297
vn 0.2796 -0.5360 -0.7966
vn 0.4032 -0.5762 -0.7109
vn 0.3247 -0.5734 -0.7522
vn 0.2003 -0.5117 -0.8355
vn 0.1551 -0.4730 -0.8673
vn 0.1300 -0.4703 -0.8729
vn 0.6458 0.6793 -0.3485
vn 0.4373 0.7478 -0.4997
vn -0.0225 0.8193 -0.5730
vn -0.7639 0.5833 -0.2759
vn 0.2121 -0.9753 -0.0620
vn 0.1544 -0.9872 -0.0386
vn 0.4951 0.6354 -0.5926
vn 0.5385 0.8201 0.1937
vn 0.3742 0.8984 0.2300
vn 0.2680 0.8686 -0.4167
vn 0.3158 0.8270 -0.4652
vn 0.3259 0.7957 -0.5106
vn 0.5721 0.6246 -0.5315
vn 0.1645 -0.9859 -0.0320
vn -0.8512 0.4956 -0.1728
vn -0.8549 0.4994 -0.1402
vn 0.5074 -0.8384 -0.1992
vn 0.3255 0.7334 -0.5969
vn 0.3027 0.7325 -0.6098
vn 0.2714 0.7266 -0.6312
vn 0.1532 0.7745 -0.6138
vn 0.1037 0.7839 -0.6122
vn 0.0705 0.7841 -0.6166
vn 0.0330 0.7787 -0.6265
vn 0.2010 0.7648 -0.6122
vn 0.3302 0.7466 -0.5775
vn 0.3288 0.7421 -0.5841
vn 0.3309 0.7843 -0.5248
vn 0.3190 0.7739 -0.5471
vn 0.3754 0.7641 -0.5246
vn 0.4426 0.7282 -0.5233
vn 0.5569 0.6270 -0.5447
vn 0.6237 0.5641 -0.5411
vn 0.6566 0.4992 -0.5654
vn 0.6996 0.4561 -0.5501
vn 0.7484 0.3960 -0.5321
vn 0.7769 0.3257 -0.5389
vn 0.8009 0.2650 -0.5369
vn 0.8132 0.2246 -0.5370
vn 0.8206 0.1943 -0.5375
vn 0.3283 0.7522 -0.5714
vn 0.2236 0.7487 -0.6240
vn 0.8216 0.1859 -0.5389
vn 0.8706 0.1655 -0.4633
vn 0.8259 0.2084 -0.5239
vn 0.7950 0.2148 -0.5672
vn 0.8040 0.2012 -0.5596
vn 0.8161 0.1930 -0.5448
vn 0.8206 0.1872 -0.5399
vn 0.8208 0.1856 -0.5402
vn 0.3854 -0.8663 -0.3177
vn 0.5080 -0.6638 -0.5489
vn 0.5246 -0.6615 -0.5359
vn 0.4070 -0.8467 -0.3427
vn 0.3640 -0.8475 -0.3863
vn 0.4300 -0.6680 -0.6073
vn 0.0871 -0.6253 -0.7755
vn 0.0781 -0.6215 -0.7795
vn 0.1098 -0.6293 -0.7694
vn 0.1226 -0.6366 -0.7614
vn 0.0559 -0.6202 -0.7824
vn 0.0430 -0.6221 -0.7818
vn 0.0214 -0.6269 -0.7788
vn 0.0216 -0.6273 -0.7785
vn 0.1493 -0.6418 -0.7522
vn 0.1630 -0.6525 -0.7401
vn 0.5263 -0.6585 -0.5380
vn 0.5374 -0.6496 -0.5378
vn 0.4276 -0.8255 -0.3684
vn 0.4319 -0.8285 -0.3566
vn 0.5604 -0.6140 -0.5559
vn 0.5734 -0.6126 -0.5440
vn 0.4145 -0.8554 -0.3106
vn 0.5812 -0.6318 -0.5128
vn 0.4139 -0.8631 -0.2894
vn 0.5677 -0.6876 -0.4526
vn 0.3968 -0.8822 -0.2536
vn 0.4853 -0.7647 -0.4238
vn 0.2788 -0.9259 -0.2549
vn 0.2536 -0.7975 -0.5475
vn -0.0265 -0.9129 -0.4073
vn -0.4261 -0.6840 -0.5921
vn -0.1350 -0.6451 -0.7521
vn -0.4926 -0.2691 -0.8276
vn -0.7108 -0.3326 -0.6198
vn -0.8543 0.0174 -0.5194
vn -0.6405 0.1164 -0.7591
vn -0.6476 0.3840 -0.6582
vn -0.6244 0.4204 -0.6583
vn -0.6140 0.4354 -0.6583
vn -0.5959 0.4329 -0.6764
vn -0.5786 0.3925 -0.7149
vn -0.5899 0.4065 -0.6977
vn -0.5755 0.3679 -0.7304
vn -0.5675 0.3638 -0.7387
vn 0.5425 -0.6381 -0.5464
vn 0.1579 -0.8935 -0.4205
vn 0.2508 -0.6616 -0.7067
vn -0.5632 0.3645 -0.7416
vn -0.5618 0.3669 -0.7415
vn -0.5627 0.3707 -0.7389
vn -0.5676 0.3622 -0.7393
vn 0.2513 -0.9609 -0.1161
vn 0.2415 -0.9649 -0.1032
vn 0.0835 -0.9914 -0.1007
vn -0.0481 -0.9988 -0.0117
vn -0.0584 -0.9982 -0.0147
vn -0.0356 -0.9993 -0.0144
vn -0.0317 -0.9994 -0.0144
vn -0.0246 -0.9996 -0.0110
vn -0.0218 -0.9997 -0.0135
vn -0.0138 -0.9997 -0.0193
vn -0.0089 -0.9997 -0.0233
vn -0.0573 -0.9981 -0.0204
vn -0.1032 -0.9901 -0.0954
vn 0.2141 -0.9746 -0.0654
vn 0.1938 -0.9803 -0.0372
vn 0.2237 -0.9716 -0.0776
vn 0.2159 -0.9737 -0.0734
vn 0.0073 -0.9936 -0.1127
vn 0.2179 -0.9738 -0.0657
vn -0.3277 -0.9004 -0.2860
vn -0.8458 -0.4451 -0.2942
vn -0.6377 -0.6749 -0.3713
vn -0.9963 -0.0649 -0.0562
vn -0.9939 -0.1020 0.0416
vn -0.9649 -0.2295 -0.1276
vn -0.9966 -0.0066 0.0822
vn -0.9879 -0.0532 0.1459
vn -0.9707 -0.0599 0.2326
vn -0.9554 -0.1002 0.2778
vn -0.9729 -0.0754 0.2185
vn -0.9823 -0.0498 0.1806
vn -0.9121 -0.1842 0.3664
vn -0.8650 -0.2562 0.4314
vn -0.9105 -0.2472 0.3314
vn -0.8207 -0.1856 0.5404
vn 0.8720 0.1558 -0.4640
vn 0.8683 0.1549 -0.4712
vn 0.8510 0.1935 -0.4882
vn 0.8275 0.2655 -0.4948
vn 0.8058 0.3239 -0.4958
vn 0.7710 0.4056 -0.4909
vn 0.7701 0.4585 -0.4436
vn 0.8460 0.2095 -0.4903
vn 0.8604 0.0109 -0.5094
vn 0.1544 -0.9872 -0.0387
vn 0.2064 -0.9772 -0.0501
vn 0.1751 -0.9837 -0.0401
vn 0.1984 -0.9786 -0.0551
vn 0.2622 -0.9587 -0.1100
vn 0.3705 -0.9153 -0.1580
vn 0.1608 -0.9852 -0.0589
vn 0.1845 -0.9790 -0.0873
vn 0.1706 -0.9826 -0.0739
vn 0.1527 -0.9865 -0.0595
vn 0.1938 -0.9764 -0.0951
vn 0.1927 -0.9781 -0.0785
vn 0.1955 -0.9768 -0.0870
vn 0.1889 -0.9774 -0.0946
vn 0.1829 -0.9824 -0.0391
vn 0.1956 -0.9784 -0.0672
vn 0.1710 -0.9841 -0.0477
vn 0.1683 -0.9856 -0.0181
vn 0.2004 -0.9790 -0.0362
vn 0.1898 -0.9805 -0.0514
vn 0.1898 -0.9806 -0.0497
vn 0.4918 -0.2945 0.8194
vn 0.5016 -0.2821 0.8178
vn 0.4927 -0.2906 0.8202
vn 0.4927 -0.2907 0.8202
vn 0.4892 -0.3017 0.8183
vn 0.4918 -0.2946 0.8193
vn 0.1530 -0.9869 -0.0514
vn 0.1533 -0.9872 -0.0433
vn 0.5090 -0.3001 0.8068
vn 0.5279 -0.3153 0.7886
vn 0.5398 -0.3537 0.7639
vn 0.5628 -0.3654 0.7414
vn 0.5749 -0.4153 0.7050
vn 0.5995 -0.4366 0.6707
vn 0.6125 -0.4925 0.6182
vn 0.6310 -0.5112 0.5835
vn 0.6351 -0.5604 0.5316
vn 0.6552 -0.5697 0.4962
vn 0.6501 -0.6945 0.3082
vn 0.6469 -0.7318 0.2146
vn 0.5555 -0.8304 -0.0443
vn 0.5254 -0.8203 -0.2259
vn 0.5166 -0.8237 -0.2337
vn 0.1087 0.9932 -0.0424
vn 0.0680 0.9969 -0.0385
vn 0.5778 0.8133 -0.0689
vn 0.5065 0.8596 -0.0671
vn 0.5869 0.8086 -0.0406
vn 0.5635 0.8259 0.0196
vn 0.5691 0.8177 0.0869
vn 0.5757 0.8083 0.1235
vn 0.6894 0.7138 0.1235
vn 0.9356 0.3357 0.1088
vn 0.8857 0.4330 0.1676
vn 0.8198 0.5420 0.1846
vn 0.7663 0.6170 0.1793
vn 0.7394 0.6582 0.1415
vn 0.2868 0.9564 -0.0543
vn 0.0680 0.9970 -0.0382
vn 0.1764 -0.0571 0.9827
vn 0.1297 -0.0566 0.9899
vn 0.1539 -0.1210 0.9806
vn 0.2253 -0.0745 0.9714
vn 0.2462 -0.0705 0.9667
vn 0.2036 -0.0870 0.9752
vn 0.1404 -0.0984 0.9852
vn 0.1709 -0.0808 0.9820
vn 0.0798 -0.1207 0.9895
vn 0.1062 -0.0967 0.9896
vn 0.0042 -0.1157 0.9933
vn 0.0362 -0.1108 0.9932
vn -0.0540 -0.0993 0.9936
vn -0.0364 -0.1009 0.9942
vn -0.0763 -0.0873 0.9933
vn -0.1227 -0.0486 0.9913
vn -0.1016 -0.0308 0.9944
vn -0.1126 -0.0394 0.9929
vn -0.1423 -0.0621 0.9879
vn -0.1298 -0.1099 0.9854
vn -0.1434 -0.0815 0.9863
vn -0.1426 -0.0970 0.9850
vn -0.1169 -0.1028 0.9878
vn -0.1036 -0.1012 0.9895
vn -0.0916 -0.0889 0.9918
vn 0.2355 -0.0661 0.9696
vn 0.0662 -0.1552 0.9857
vn 0.0371 -0.2595 0.9650
vn 0.0973 -0.2195 0.9708
vn 0.0548 -0.2633 0.9631
vn -0.0838 -0.0874 0.9926
vn 0.9741 0.2114 0.0802
vn 0.9920 0.1043 0.0718
vn 0.9604 0.2655 0.0842
vn 0.9951 0.0637 0.0755
vn 0.1444 -0.6885 -0.7107
vn 0.1383 -0.6817 -0.7185
vn 0.9599 0.2670 0.0854
vn -0.1019 -0.0270 0.9944
vn -0.1020 -0.0285 0.9944
vn -0.9639 -0.2214 -0.1479
vn -0.9940 -0.0667 -0.0868
vn -0.9823 -0.1684 -0.0818
vn -0.9342 -0.3420 -0.1015
vn 0.6553 -0.7493 0.0956
vn 0.7344 -0.6712 0.1007
vn 0.6303 -0.7632 0.1423
vn 0.6353 -0.7586 0.1446
vn 0.6544 -0.7364 0.1713
vn 0.6545 -0.7364 0.1713
vn 0.6987 -0.7087 0.0976
vn 0.6354 -0.7585 0.1446
vn 0.1585 -0.8718 -0.4636
vn 0.1494 -0.8603 -0.4874
vn -0.5549 -0.8319 -0.0093
vn -0.6275 -0.7784 -0.0175
vn -0.5547 -0.8320 -0.0092
vn -0.4775 -0.8786 -0.0009
vn 0.0892 -0.7173 0.6910
vn 0.0888 -0.7218 0.6864
vn 0.0892 -0.7172 0.6911
vn 0.0896 -0.7126 0.6958
vn 0.8229 -0.5584 0.1047
vn 0.8224 -0.5591 0.1051
vn 0.8233 -0.5579 0.1048
vn 0.7811 -0.6155 0.1052
vn -0.9260 -0.3078 -0.2184
vn -0.8200 -0.5351 -0.2032
vn -0.8538 -0.4891 -0.1782
vn -0.8935 -0.4247 -0.1460
vn -0.7785 -0.6021 -0.1772
vn -0.7567 -0.6429 -0.1183
vn -0.7408 -0.6623 -0.1121
vn -0.7452 -0.6632 -0.0694
vn -0.7469 -0.6643 -0.0282
vn -0.9044 -0.4051 -0.1338
vn -0.9115 -0.2539 -0.3236
vn -0.9115 -0.2700 -0.3104
vn -0.9055 -0.2652 -0.3314
vn 0.4901 -0.8494 -0.1959
vn 0.1912 -0.9793 0.0667
vn 0.2184 -0.9734 0.0693
vn 0.2181 -0.9735 0.0684
vn 0.1912 -0.9793 0.0668
vn 0.1616 -0.9848 0.0642
vn 0.1335 -0.9891 0.0625
vn 0.1538 -0.9860 0.0642
vn 0.1950 -0.9785 0.0675
vn -0.9512 0.2900 0.1054
vn 0.0679 0.0517 0.9964
vn 0.0795 0.0518 0.9955
vn 0.0447 0.0518 0.9977
vn 0.0331 0.0518 0.9981
vn 0.1516 0.0512 0.9871
vn 0.1607 0.0578 0.9853
vn 0.1248 0.0514 0.9909
vn 0.1080 0.0515 0.9928
vn 0.2382 0.0526 0.9698
vn 0.2403 0.0483 0.9695
vn 0.1965 0.0660 0.9783
vn 0.1870 0.0712 0.9798
vn 0.5900 0.0104 0.8074
vn 0.5884 0.0046 0.8085
vn 0.5074 0.0172 0.8615
vn 0.5125 0.0150 0.8585
vn 0.3025 0.0431 0.9522
vn 0.3499 0.0265 0.9364
vn 0.3311 0.0324 0.9430
vn 0.2803 0.0469 0.9588
vn 0.6621 0.0004 0.7494
vn 0.7171 0.0056 0.6969
vn 0.7073 0.0050 0.7069
vn 0.6493 -0.0027 0.7605
vn 0.4001 0.0125 0.9164
vn 0.4577 0.0117 0.8891
vn 0.4523 0.0206 0.8916
vn 0.3836 0.0230 0.9232
vn 0.7707 0.0067 0.6372
vn 0.8132 0.0057 0.5820
vn 0.8072 0.0055 0.5902
vn 0.7620 0.0070 0.6475
vn 0.8843 0.0105 0.4668
vn 0.8955 0.0012 0.4451
vn 0.8517 0.0116 0.5239
vn 0.8475 0.0087 0.5307
vn 0.9471 -0.1129 0.3005
vn 0.9359 -0.2640 0.2331
vn 0.9416 -0.2105 0.2630
vn 0.9429 -0.0799 0.3234
vn 0.9171 -0.3724 0.1421
vn 0.9293 -0.3510 0.1151
vn 0.9279 -0.3555 0.1119
vn 0.9229 -0.3484 0.1640
vn 0.9258 -0.0283 0.3769
vn 0.9266 -0.0331 0.3745
vn 0.0737 0.0517 0.9959
vn 0.0389 0.0519 0.9979
vn 0.1590 0.0560 0.9857
vn 0.1164 0.0514 0.9919
vn 0.2320 0.0517 0.9713
vn 0.1927 0.0686 0.9789
vn 0.3332 -0.0099 0.9428
vn 0.2902 0.0215 0.9567
vn 0.6977 0.0042 0.7164
vn 0.6613 0.0004 0.7502
vn 0.8005 0.0057 0.5993
vn 0.7530 0.0071 0.6580
vn 0.8788 0.0157 0.4768
vn 0.8432 0.0071 0.5376
vn 0.9433 -0.1537 0.2943
vn 0.9383 -0.0481 0.3425
vn 0.9266 -0.3603 0.1080
vn 0.9246 -0.3243 0.2001
vn 0.9137 -0.0159 0.4060
vn 0.3817 -0.0077 0.9242
vn -0.0000 0.0519 0.9987
vn -0.0000 0.0518 0.9987
vn 0.2584 0.0356 0.9654
vn 0.9294 -0.3501 0.1166
vn 0.9298 -0.3501 0.1137
vn 0.9305 -0.3495 0.1092
vn 0.0331 0.0520 0.9981
vn 0.1600 0.0584 0.9854
vn 0.1079 0.0514 0.9928
vn 0.2217 0.0588 0.9733
vn 0.1921 0.0791 0.9782
vn 0.3056 0.0183 0.9520
vn 0.2688 0.0269 0.9628
vn 0.3624 -0.0394 0.9312
vn -0.0000 0.0520 0.9986
vn 0.2542 0.0409 0.9663
vn 0.4466 0.0059 0.8947
vn 0.0085 -0.9868 0.1616
vn 0.0169 -0.9873 0.1582
vn 0.0143 -0.9871 0.1595
vn 0.0087 -0.9868 0.1617
vn 0.0237 -0.9883 0.1506
vn 0.0288 -0.9875 0.1550
vn 0.0310 -0.9877 0.1534
vn 0.0217 -0.9880 0.1532
vn 0.0725 -0.9810 0.1801
vn 0.1966 -0.9604 0.1976
vn 0.1562 -0.9677 0.1978
vn 0.0697 -0.9826 0.1722
vn 0.4038 -0.9050 0.1341
vn 0.5147 -0.8481 0.1256
vn 0.4848 -0.8655 0.1263
vn 0.3758 -0.9157 0.1423
vn 0.5455 -0.8342 0.0807
vn 0.5478 -0.8299 0.1057
vn 0.3049 -0.9374 0.1682
vn 0.2731 -0.9442 0.1840
vn 0.5155 -0.8500 0.1084
vn 0.3753 -0.9139 0.1545
vn 0.1790 -0.9641 0.1961
vn 0.0719 -0.9835 0.1658
vn 0.0254 -0.9876 0.1546
vn 0.0106 -0.9869 0.1613
vn -0.0000 -0.9869 0.1613
vn -0.0000 -0.9869 0.1615
vn -0.0000 -0.9871 0.1601
vn -0.0679 0.0517 0.9964
vn -0.0331 0.0519 0.9981
vn -0.0447 0.0518 0.9977
vn -0.0795 0.0517 0.9955
vn -0.1516 0.0512 0.9871
vn -0.1079 0.0516 0.9928
vn -0.1248 0.0514 0.9909
vn -0.1607 0.0578 0.9853
vn -0.2382 0.0526 0.9698
vn -0.1870 0.0711 0.9798
vn -0.1965 0.0660 0.9783
vn -0.2403 0.0483 0.9695
vn -0.5900 0.0104 0.8074
vn -0.5125 0.0150 0.8585
vn -0.5178 0.0150 0.8554
vn -0.5943 0.0114 0.8042
vn -0.3026 0.0431 0.9522
vn -0.2803 0.0469 0.9588
vn -0.3311 0.0324 0.9430
vn -0.3499 0.0265 0.9364
vn -0.6621 0.0004 0.7494
vn -0.6545 0.0023 0.7560
vn -0.7073 0.0050 0.7069
vn -0.7171 0.0054 0.6969
vn -0.4001 0.0125 0.9164
vn -0.3836 0.0230 0.9232
vn -0.4411 0.0144 0.8973
vn -0.4577 0.0117 0.8891
vn -0.7707 0.0067 0.6372
vn -0.7620 0.0070 0.6475
vn -0.8073 0.0056 0.5902
vn -0.8132 0.0058 0.5819
vn -0.8843 0.0106 0.4669
vn -0.8475 0.0087 0.5307
vn -0.8517 0.0116 0.5238
vn -0.8955 0.0013 0.4451
vn -0.9471 -0.1129 0.3005
vn -0.9429 -0.0799 0.3234
vn -0.9416 -0.2104 0.2630
vn -0.9359 -0.2640 0.2331
vn -0.9171 -0.3724 0.1421
vn -0.9229 -0.3484 0.1641
vn -0.9279 -0.3556 0.1119
vn -0.9293 -0.3510 0.1152
vn -0.9258 -0.0283 0.3769
vn -0.9266 -0.0331 0.3745
vn -0.0737 0.0517 0.9959
vn -0.0389 0.0519 0.9979
vn -0.1590 0.0560 0.9857
vn -0.1164 0.0514 0.9919
vn -0.2320 0.0517 0.9713
vn -0.1927 0.0686 0.9789
vn -0.5700 0.0150 0.8215
vn -0.5017 0.0146 0.8649
vn -0.2902 0.0215 0.9567
vn -0.3332 -0.0099 0.9428
vn -0.6981 0.0037 0.7160
vn -0.6412 0.0042 0.7673
vn -0.8005 0.0057 0.5993
vn -0.7530 0.0071 0.6580
vn -0.8788 0.0157 0.4768
vn -0.8432 0.0071 0.5376
vn -0.9433 -0.1538 0.2943
vn -0.9383 -0.0481 0.3425
vn -0.9266 -0.3602 0.1080
vn -0.9246 -0.3242 0.2001
vn -0.9137 -0.0159 0.4060
vn -0.4404 0.0091 0.8978
vn -0.3817 -0.0077 0.9242
vn -0.2584 0.0356 0.9654
vn -0.9298 -0.3501 0.1135
vn -0.9294 -0.3501 0.1167
vn -0.9305 -0.3495 0.1091
vn -0.0331 0.0520 0.9981
vn -0.1600 0.0584 0.9854
vn -0.1079 0.0513 0.9928
vn -0.2217 0.0588 0.9733
vn -0.1921 0.0791 0.9782
vn -0.3056 0.0183 0.9520
vn -0.2689 0.0269 0.9628
vn -0.3624 -0.0394 0.9312
vn -0.2542 0.0409 0.9663
vn -0.0085 -0.9868 0.1615
vn -0.0087 -0.9868 0.1617
vn -0.0144 -0.9870 0.1598
vn -0.0169 -0.9873 0.1582
vn -0.0237 -0.9883 0.1506
vn -0.0217 -0.9880 0.1532
vn -0.0308 -0.9877 0.1535
vn -0.0288 -0.9875 0.1549
vn -0.0725 -0.9810 0.1802
vn -0.0697 -0.9826 0.1722
vn -0.1562 -0.9677 0.1978
vn -0.1966 -0.9604 0.1976
vn -0.4038 -0.9049 0.1341
vn -0.3758 -0.9157 0.1424
vn -0.4848 -0.8655 0.1263
vn -0.5147 -0.8481 0.1256
vn -0.5478 -0.8299 0.1057
vn -0.5455 -0.8342 0.0807
vn -0.2731 -0.9442 0.1841
vn -0.3049 -0.9374 0.1683
vn -0.5155 -0.8500 0.1085
vn -0.3753 -0.9139 0.1545
vn -0.1790 -0.9641 0.1961
vn -0.0718 -0.9835 0.1658
vn -0.0254 -0.9877 0.1546
vn -0.0106 -0.9869 0.1613
vn 0.4735 0.0298 0.8803
vn 0.5240 0.0164 0.8516
vn 0.5856 0.0157 0.8105
vn 0.6422 -0.0170 0.7664
vn 0.6558 -0.0003 0.7549
vn 0.4850 0.0186 0.8743
vn 0.4806 0.0341 0.8763
vn 0.6357 -0.0130 0.7718
vn 0.6448 -0.0089 0.7643
vn 0.0780 -0.9930 0.0885
vn -0.1222 -0.9699 0.2105
vn -0.0633 -0.9959 0.0649
vn 0.0281 -0.9996 -0.0037
vn 0.0716 -0.9949 0.0704
vn 0.0040 -0.9999 -0.0142
vn 0.7987 -0.0216 -0.6013
vn 0.7874 -0.2884 -0.5449
vn 0.7518 -0.1502 -0.6420
vn 0.7597 -0.0216 -0.6499
vn -0.4887 -0.7710 0.4083
vn -0.7664 -0.3743 0.5221
vn -0.7499 -0.5037 0.4288
vn -0.4023 -0.8804 0.2512
vn -0.8093 -0.1776 0.5599
vn -0.8573 -0.1795 0.4825
vn 0.5265 -0.7890 -0.3168
vn 0.1567 -0.9874 -0.0202
vn 0.1948 -0.9636 -0.1831
vn 0.2925 -0.9204 -0.2596
vn 0.6977 -0.4001 -0.5943
vn -0.5494 -0.7717 0.3205
vn 0.5369 -0.7071 -0.4602
vn 0.1216 -0.9802 0.1560
vn 0.0041 -0.9708 0.2397
vn 0.1136 -0.9836 0.1404
vn 0.8459 -0.2405 -0.4761
vn -0.3092 -0.8517 0.4232
vn -0.6357 -0.5022 0.5862
vn -0.8092 -0.1778 0.5599
vn 0.7159 -0.6075 -0.3441
vn 0.3290 -0.9437 -0.0337
vn 0.6561 -0.0003 0.7547
vn 0.6512 -0.0150 0.7587
vn 0.6448 -0.0201 0.7641
vn 0.6503 -0.0244 0.7593
vn 0.5851 -0.0016 0.8109
vn 0.4997 0.0218 0.8659
vn 0.4713 0.0325 0.8814
vn 0.4755 0.0343 0.8791
vn 0.4809 0.0197 0.8765
vn 0.4565 0.0045 0.8897
vn 0.4394 0.0007 0.8983
vn -0.5183 0.7394 -0.4297
vn -0.5861 0.6347 -0.5037
vn -0.7163 0.5589 -0.4178
vn -0.5677 0.7338 -0.3730
vn -0.4781 0.7728 -0.4173
vn -0.5023 0.7318 -0.4606
vn -0.4681 0.7961 -0.3837
vn -0.5422 0.6643 -0.5145
vn -0.5792 0.5979 -0.5541
vn -0.6743 0.5084 -0.5356
vn -0.5947 0.5654 -0.5715
vn -0.6388 0.5080 -0.5778
vn -0.7774 0.3632 -0.5136
vn -0.6774 0.4608 -0.5734
vn -0.7179 0.3956 -0.5728
vn -0.8234 0.2761 -0.4958
vn -0.7438 0.3559 -0.5658
vn -0.7672 0.3007 -0.5666
vn -0.7702 0.5634 -0.2989
vn -0.9206 0.3069 -0.2417
vn -0.9533 0.2414 -0.1813
vn -0.8878 0.3863 -0.2501
vn -0.5170 0.7797 -0.3532
vn -0.6539 0.6766 -0.3385
vn -0.9838 0.1293 -0.1244
vn -0.9779 0.1524 -0.1433
vn -0.9633 0.1800 -0.1990
vn -0.9925 0.0764 -0.0957
vn -0.9898 0.0933 -0.1076
vn -0.9828 0.1025 -0.1538
vn -0.9966 0.0486 -0.0665
vn -0.9954 0.0501 -0.0817
vn -0.9827 0.0852 -0.1644
vn -0.9877 0.0486 -0.1483
vn -0.9944 0.0403 -0.0975
vn -0.9963 0.0394 -0.0762
vn -0.5236 0.7715 -0.3615
vn -0.4662 0.8017 -0.3740
vn -0.8423 0.3615 -0.3998
vn -0.7776 0.5248 -0.3464
vn -0.7619 0.5257 -0.3782
vn -0.6648 0.6524 -0.3638
vn -0.9148 0.2180 -0.3400
vn -0.9300 0.1662 -0.3278
vn -0.8524 0.2177 -0.4754
vn -0.8303 0.2329 -0.5063
vn -0.9372 0.1326 -0.3226
vn -0.9465 0.1212 -0.2991
vn -0.7799 0.2678 -0.5657
vn -0.7805 0.2699 -0.5639
vn -0.9842 0.0478 -0.1704
vn 0.5570 -0.7665 0.3198
vn 0.6075 -0.7601 0.2309
vn 0.4958 -0.8288 0.2594
vn 0.4758 -0.7790 0.4083
vn 0.5831 -0.5997 0.5481
vn 0.5753 -0.5933 0.5631
vn 0.5468 -0.6462 0.5324
vn 0.5439 -0.6636 0.5136
vn 0.6383 -0.5084 0.5780
vn 0.6419 -0.5058 0.5762
vn 0.5987 -0.5581 0.5745
vn 0.5944 -0.5656 0.5716
vn 0.7176 -0.3959 0.5730
vn 0.7210 -0.3936 0.5703
vn 0.6872 -0.4470 0.5727
vn 0.6770 -0.4611 0.5737
vn 0.7645 -0.3083 0.5661
vn 0.7685 -0.3013 0.5644
vn 0.7496 -0.3446 0.5651
vn 0.7435 -0.3561 0.5660
vn 0.8696 -0.4049 0.2826
vn 0.8567 -0.4142 0.3073
vn 0.9414 -0.2607 0.2139
vn 0.9408 -0.2596 0.2181
vn 0.6418 -0.6762 0.3616
vn 0.5290 -0.7599 0.3778
vn 0.5208 -0.7729 0.3625
vn 0.6470 -0.6639 0.3751
vn 0.9558 -0.2113 0.2045
vn 0.9704 -0.1771 0.1643
vn 0.9811 -0.1347 0.1387
vn 0.9639 -0.1895 0.1871
vn 0.9788 -0.1291 0.1590
vn 0.9848 -0.1142 0.1307
vn 0.9880 -0.0940 0.1223
vn 0.9807 -0.1179 0.1562
vn 0.9860 -0.0869 0.1427
vn 0.9897 -0.0808 0.1185
vn 0.9916 -0.0655 0.1115
vn 0.9864 -0.0822 0.1420
vn 0.9910 -0.0633 0.1181
vn 0.9913 -0.0628 0.1153
vn 0.9910 -0.0636 0.1181
vn 0.9911 -0.0615 0.1182
vn 0.5103 -0.7604 0.4016
vn 0.7876 -0.5087 0.3477
vn 0.6035 -0.6509 0.4605
vn 0.5074 -0.7114 0.4862
vn 0.5789 -0.7099 0.4010
vn 0.8978 -0.3089 0.3139
vn 0.7131 -0.4813 0.5097
vn 0.7500 -0.5495 0.3681
vn 0.7314 -0.5414 0.4147
vn 0.9377 -0.1950 0.2876
vn 0.7880 -0.3577 0.5011
vn 0.9520 -0.1533 0.2649
vn 0.8272 -0.2844 0.4846
vn 0.9436 -0.1499 0.2953
vn 0.8468 -0.2370 0.4762
vn 0.7752 -0.2842 0.5642
vn 0.7756 -0.2863 0.5625
vn 0.9844 -0.0802 0.1566
vn 0.9918 -0.0663 0.1090
vn 0.9887 -0.0751 0.1300
vn 0.6576 0.6231 0.4234
vn 0.6578 0.6235 0.4225
vn 0.6600 0.6192 0.4254
vn 0.6574 0.6229 0.4240
vn 0.8118 0.1950 -0.5504
vn 0.8111 0.1665 -0.5607
vn 0.8094 0.1697 -0.5622
vn 0.8145 0.1924 -0.5474
vn 0.8035 0.2345 -0.5471
vn 0.8124 0.2233 -0.5386
vn 0.8009 0.2436 -0.5470
vn 0.7922 0.2558 -0.5540
vn 0.7721 0.2774 -0.5718
vn 0.7877 0.2648 -0.5562
vn 0.7620 0.2867 -0.5807
vn 0.7403 0.3022 -0.6005
vn 0.7073 0.3260 -0.6273
vn 0.7292 0.3122 -0.6089
vn 0.6972 0.3368 -0.6329
vn 0.6776 0.3492 -0.6472
vn 0.6523 0.3530 -0.6707
vn 0.6685 0.3519 -0.6552
vn 0.6453 0.3448 -0.6817
vn 0.6214 0.3455 -0.7032
vn -0.4049 -0.7009 0.5872
vn -0.2988 -0.7188 0.6277
vn -0.5096 -0.6816 0.5251
vn -0.5378 -0.6651 0.5181
vn 0.6446 0.6843 0.3408
vn 0.5201 0.8285 0.2076
vn 0.5908 0.7635 0.2608
vn 0.6727 0.6508 0.3521
vn -0.1844 -0.6383 0.7474
vn -0.1591 -0.6269 0.7627
vn -0.2038 -0.6753 0.7088
vn -0.2599 -0.6869 0.6787
vn -0.1297 -0.5086 0.8512
vn -0.1207 -0.4894 0.8637
vn -0.1375 -0.5573 0.8189
vn -0.1513 -0.5839 0.7976
vn -0.1137 -0.3822 0.9171
vn -0.1065 -0.3569 0.9280
vn -0.1151 -0.4286 0.8961
vn -0.1177 -0.4488 0.8859
vn -0.1916 -0.9814 -0.0072
vn -0.1921 -0.9813 -0.0075
vn -0.1918 -0.9814 -0.0071
vn -0.1917 -0.9814 -0.0070
vn -0.1880 -0.9821 -0.0066
vn -0.1913 -0.9815 -0.0072
vn 0.6683 0.6219 0.4081
vn 0.6778 0.6062 0.4161
vn -0.6379 -0.6344 0.4366
vn -0.5887 -0.6466 0.4851
vn -0.6294 -0.6347 0.4485
vn -0.6293 -0.6348 0.4484
vn -0.6607 -0.6372 0.3968
vn -0.6378 -0.6346 0.4365
vn 0.4917 0.8560 0.1598
vn 0.4841 0.8576 0.1739
vn -0.0502 -0.9981 -0.0360
vn 0.0214 -0.9993 -0.0304
vn -0.0178 -0.9985 -0.0516
vn 0.0088 -0.9997 -0.0226
vn 0.5841 0.3514 -0.7317
vn 0.5840 0.3484 -0.7331
vn 0.5848 0.3501 -0.7317
vn 0.6032 0.3459 -0.7187
vn 0.1302 -0.9907 0.0387
vn 0.0802 -0.9968 -0.0026
vn -0.1353 -0.9906 -0.0208
vn -0.1780 -0.9837 -0.0273
vn -0.0992 -0.3179 0.9429
vn -0.1154 -0.3030 0.9460
vn -0.1381 -0.2884 0.9475
vn -0.1621 -0.2855 0.9446
vn -0.9947 0.0308 -0.0980
vn 0.9316 -0.1602 0.3264
vn 0.8248 -0.2521 0.5061
vn 0.7757 -0.2859 0.5626
vn 0.9796 -0.0860 0.1814
vn -0.1627 -0.2865 0.9442
vn -0.1645 -0.2838 0.9447
vn -0.4762 0.7788 -0.4083
vn 0.4658 -0.8020 0.3739
vn 0.7291 -0.5458 0.4130
vn 0.8114 0.1660 -0.5604
vn 0.8113 0.1654 -0.5607
vn -0.9517 0.2394 -0.1923
vn -0.8774 0.3870 -0.2834
vn -0.9864 0.1159 -0.1164
vn -0.9774 0.1562 -0.1423
vn -0.9924 0.0761 -0.0970
vn -0.9895 0.0972 -0.1074
vn -0.9968 0.0423 -0.0672
vn -0.9948 0.0559 -0.0851
vn -0.9957 0.0370 -0.0847
vn -0.9973 0.0439 -0.0596
vn -0.7683 0.5175 -0.3766
vn -0.7638 0.5196 -0.3829
vn 0.4665 0.8746 0.1323
vn 0.4478 0.8896 0.0904
vn -0.9944 0.0406 -0.0980
vn 0.7291 -0.5234 0.4410
vn -0.4813 0.7659 -0.4263
vn -0.5044 0.7194 -0.4774
vn -0.5471 0.6461 -0.5322
vn -0.5758 0.5930 -0.5629
vn -0.5990 0.5579 -0.5744
vn -0.6424 0.5055 -0.5760
vn -0.6875 0.4469 -0.5724
vn -0.7212 0.3934 -0.5702
vn -0.7499 0.3444 -0.5648
vn -0.7718 0.2906 -0.5655
vn -0.7804 0.2704 -0.5638
vn -0.7807 0.2701 -0.5636
vn 0.1319 -0.9905 0.0383
vn 0.1317 -0.9904 0.0432
vn 0.7757 -0.2863 0.5624
vn -0.4913 0.7638 -0.4186
vn 0.0478 0.9988 -0.0127
vn 0.0524 0.9974 -0.0489
vn 0.0414 0.9987 -0.0305
vn 0.0300 0.9995 0.0018
vn 0.0709 0.9828 -0.1705
vn 0.0619 0.9915 -0.1141
vn 0.0345 0.9893 -0.1420
vn 0.0527 0.9768 -0.2076
vn 0.0795 0.9763 -0.2015
vn 0.0758 0.9673 -0.2420
vn 0.0507 0.9947 -0.0899
vn -0.0455 0.9862 -0.1591
vn -0.0911 0.9879 -0.1254
vn -0.0817 0.9866 -0.1412
vn -0.0266 0.9821 -0.1866
vn 0.0213 0.9994 -0.0270
vn 0.0216 0.9975 -0.0677
vn 0.0193 0.9996 0.0192
vn 0.0267 0.9996 -0.0111
vn 0.0233 0.9997 0.0021
vn 0.0174 0.9996 0.0200
vn 0.0616 0.9870 -0.1484
vn 0.0509 0.9914 -0.1203
vn 0.0378 0.9972 -0.0645
vn 0.0374 0.9593 -0.2799
vn 0.0004 0.9719 -0.2355
vn 0.0207 0.9668 -0.2545
vn 0.0536 0.9467 -0.3178
vn 0.0615 0.9872 -0.1474
vn 0.0594 0.9883 -0.1407
vn 0.0465 0.9934 -0.1045
vn 0.0698 0.9816 -0.1775
vn 0.0777 0.9461 -0.3145
vn 0.0850 0.9385 -0.3347
vn 0.0337 0.9982 -0.0501
vn -0.0540 0.9966 -0.0627
vn -0.0334 0.9943 -0.1009
vn 0.0053 0.9804 -0.1971
vn 0.0174 0.9998 0.0134
vn 0.0171 0.9996 0.0211
vn 0.0858 0.9393 -0.3321
vn 0.0865 0.9377 -0.3366
vn 0.0394 0.9992 -0.0101
vn 0.0437 0.9988 -0.0212
vn -0.0019 0.9992 -0.0401
vn -0.1012 0.9885 -0.1121
vn -0.0629 0.9963 -0.0587
vn 0.0860 0.9669 -0.2404
vn 0.0790 0.9790 -0.1878
vn 0.0702 0.9814 -0.1786
vn 0.0638 0.9861 -0.1537
vn -0.0414 -0.9987 0.0305
vn -0.0524 -0.9974 0.0489
vn -0.0478 -0.9988 0.0127
vn -0.0326 -0.9995 0.0015
vn -0.0345 -0.9893 0.1420
vn -0.0619 -0.9915 0.1142
vn -0.0709 -0.9828 0.1705
vn -0.0526 -0.9768 0.2076
vn -0.0795 -0.9762 0.2019
vn -0.0777 -0.9633 0.2568
vn -0.0507 -0.9947 0.0900
vn 0.0926 -0.9889 0.1161
vn 0.0461 -0.9977 0.0501
vn 0.0334 -0.9943 0.1009
vn 0.0453 -0.9862 0.1591
vn -0.0215 -0.9975 0.0678
vn -0.0213 -0.9994 0.0269
vn -0.0267 -0.9996 0.0111
vn -0.0190 -0.9997 -0.0145
vn -0.0378 -0.9972 0.0645
vn -0.0336 -0.9982 0.0501
vn -0.0467 -0.9934 0.1045
vn -0.0510 -0.9914 0.1203
vn -0.0616 -0.9870 0.1485
vn -0.0053 -0.9804 0.1972
vn -0.0376 -0.9593 0.2799
vn -0.0005 -0.9719 0.2355
vn -0.0614 -0.9871 0.1477
vn -0.0698 -0.9817 0.1773
vn -0.0753 -0.9397 0.3335
vn -0.0340 -0.9994 0.0026
vn -0.0173 -0.9997 -0.0190
vn -0.0863 -0.9739 0.2101
vn -0.0866 -0.9487 0.3042
vn -0.0437 -0.9988 0.0213
vn 0.0019 -0.9992 0.0400
vn 0.0814 -0.9867 0.1409
vn 0.1001 -0.9851 0.1401
vn 0.1000 -0.9850 0.1405
vn 0.1014 -0.9854 0.1370
vn -0.0790 -0.9789 0.1884
vn -0.0699 -0.9816 0.1778
vn -0.0635 -0.9880 0.1407
vn -0.0638 -0.9860 0.1540
vn -0.0593 -0.9883 0.1408
vn 0.0751 -0.9936 0.0849
vn 0.9873 0.0915 0.1301
vn 0.9881 0.1138 0.1038
vn 0.9866 0.0748 0.1447
vn 0.9867 0.0440 0.1565
vn -0.9985 0.0228 -0.0504
vn -0.9981 0.0287 -0.0543
vn -0.9976 0.0216 -0.0655
vn -0.9962 0.0203 -0.0851
vn -0.9977 0.0456 -0.0493
vn -0.9975 0.0517 -0.0473
vn -0.9977 0.0415 -0.0536
vn -0.9979 0.0332 -0.0561
vn 0.9855 0.0088 0.1693
vn 0.9862 0.0309 0.1629
vn 0.9854 -0.0004 0.1703
vn 0.9844 -0.0158 0.1754
vn -0.9975 0.0564 -0.0430
vn -0.9976 0.0572 -0.0402
vn 0.9840 -0.0231 0.1766
vn 0.9832 -0.0298 0.1801
vn -0.9943 0.0208 -0.1044
vn -0.9943 0.0206 -0.1047
vn -0.0034 0.0040 1.0000
vn -0.0110 -0.0191 0.9998
vn -0.0110 -0.0098 0.9999
vn -0.0038 0.0080 1.0000
vn 0.9834 -0.0301 0.1792
vn 0.9831 -0.0301 0.1805
vn -0.0290 -0.2519 -0.9673
vn -0.0371 -0.3464 -0.9374
vn -0.0319 -0.3064 -0.9514
vn -0.0254 -0.2293 -0.9730
vn 0.0023 0.0152 0.9999
vn 0.0012 0.0245 0.9997
vn -0.0021 0.0299 0.9996
vn -0.0030 0.0444 0.9990
vn -0.0195 0.1477 0.9888
vn -0.0152 0.1168 0.9930
vn -0.0202 0.1463 0.9890
vn -0.0203 0.1463 0.9890
vn -0.0226 0.1512 0.9882
vn -0.0196 0.1477 0.9888
vn 0.9893 0.1153 0.0894
vn 0.9901 0.1230 0.0671
vn -0.0215 -0.2125 -0.9769
vn -0.0157 -0.1990 -0.9799
vn -0.0069 -0.1835 -0.9830
vn -0.0077 -0.1887 -0.9820
vn -0.0024 -0.1506 -0.9886
vn -0.0034 -0.1638 -0.9865
vn -0.0021 -0.1507 -0.9886
vn -0.0022 -0.1509 -0.9886
vn -0.0017 -0.1498 -0.9887
vn -0.0024 -0.1505 -0.9886
vn -0.9970 0.0616 -0.0465
vn -0.9974 0.0598 -0.0408
vn -0.0097 0.0760 0.9971
vn -0.0059 0.0624 0.9980
vn 0.0534 0.9953 -0.0803
vn 0.0494 0.9979 -0.0430
vn 0.0438 0.9941 -0.0991
vn 0.0501 0.9887 -0.1414
vn 0.0723 0.9800 -0.1851
vn 0.0618 0.9891 -0.1337
vn 0.0616 0.9759 -0.2093
vn 0.0749 0.9596 -0.2712
vn 0.0861 0.9420 -0.3243
vn 0.0823 0.9702 -0.2280
vn 0.0425 0.9916 -0.1222
vn 0.0526 0.9837 -0.1721
vn 0.0677 0.9853 -0.1567
vn 0.0593 0.9924 -0.1080
vn 0.0773 0.9790 -0.1887
vn 0.0676 0.9682 -0.2407
vn 0.0480 0.9969 -0.0624
vn 0.0504 0.9978 -0.0426
vn 0.0503 0.9978 -0.0423
vn 0.0899 0.9527 -0.2903
vn 0.0929 0.9414 -0.3241
vn 0.0934 0.9412 -0.3246
vn -0.0494 -0.9979 0.0430
vn -0.0506 -0.9978 0.0426
vn -0.0532 -0.9968 0.0590
vn -0.0535 -0.9953 0.0803
vn -0.0750 -0.9596 0.2712
vn -0.0823 -0.9490 0.3044
vn -0.0677 -0.9682 0.2407
vn -0.0618 -0.9759 0.2093
vn -0.0863 -0.9419 0.3246
vn -0.0931 -0.9412 0.3246
vn -0.0594 -0.9924 0.1080
vn -0.0619 -0.9891 0.1337
vn -0.0481 -0.9969 0.0623
vn -0.0438 -0.9941 0.0989
vn -0.0419 -0.9918 0.1207
vn -0.0900 -0.9524 0.2911
vn -0.0823 -0.9701 0.2283
vn -0.0848 -0.9782 0.1895
vn -0.0423 -0.9916 0.1220
vn -0.0389 -0.9918 0.1220
vn -0.0389 -0.9917 0.1222
vn -0.0806 -0.9788 0.1883
vn -0.0772 -0.9791 0.1884
vn -0.9968 0.0544 -0.0586
vn -0.9966 0.0568 -0.0602
vn -0.9970 0.0533 -0.0570
vn -0.9970 0.0519 -0.0571
vn 0.9824 -0.0327 0.1840
vn 0.9831 -0.0313 0.1801
vn 0.9807 -0.0314 0.1930
vn 0.9795 -0.0313 0.1990
vn 0.9784 -0.0298 0.2044
vn 0.9784 -0.0303 0.2047
vn -0.9965 0.0582 -0.0597
vn -0.9965 0.0606 -0.0575
vn 0.9861 -0.0283 0.1636
vn 0.9869 -0.0251 0.1595
vn 0.9854 -0.0295 0.1679
vn 0.9845 -0.0318 0.1727
vn -0.9967 0.0627 -0.0513
vn -0.9966 0.0674 -0.0477
vn -0.9964 0.0734 -0.0423
vn -0.9964 0.0749 -0.0398
vn -0.9970 0.0519 -0.0570
vn -0.9970 0.0517 -0.0572
vn 0.0042 0.1012 0.9949
vn -0.0045 0.0471 0.9989
vn -0.0015 0.0744 0.9972
vn 0.0072 0.1289 0.9916
vn 0.9784 -0.0304 0.2044
vn 0.9783 -0.0305 0.2048
vn -0.0199 -0.2454 -0.9692
vn -0.0358 -0.3361 -0.9411
vn -0.0283 -0.2906 -0.9564
vn -0.0134 -0.1991 -0.9799
vn 0.0095 0.1292 0.9916
vn 0.0073 0.1291 0.9916
vn 0.0088 0.1306 0.9914
vn 0.0096 0.1294 0.9916
vn 0.9872 -0.0244 0.1578
vn 0.9881 -0.0224 0.1522
vn -0.0117 -0.1990 -0.9799
vn -0.0110 -0.1983 -0.9801
vn -0.0118 -0.1990 -0.9799
vn -0.9958 0.0788 -0.0460
vn -0.9962 0.0772 -0.0407
vn 0.0726 0.9823 -0.1725
vn 0.0720 0.9898 -0.1230
vn 0.0608 0.9856 -0.1580
vn 0.0636 0.9750 -0.2128
vn 0.0706 0.9472 -0.3128
vn 0.0815 0.9110 -0.4043
vn 0.0815 0.9400 -0.3314
vn 0.0757 0.9643 -0.2536
vn 0.0913 0.9176 -0.3868
vn 0.0885 0.9257 -0.3678
vn 0.0925 0.8928 -0.4409
vn 0.0961 0.8837 -0.4582
vn 0.0556 0.9832 -0.1736
vn 0.0621 0.9683 -0.2421
vn 0.0801 0.9499 -0.3020
vn 0.0778 0.9701 -0.2299
vn 0.0871 0.9329 -0.3495
vn 0.0849 0.9335 -0.3484
vn 0.0736 0.9340 -0.3497
vn 0.0702 0.9884 -0.1347
vn 0.0755 0.9896 -0.1223
vn 0.0753 0.9897 -0.1220
vn -0.0720 -0.9898 0.1228
vn -0.0755 -0.9896 0.1224
vn -0.0772 -0.9856 0.1502
vn -0.0726 -0.9823 0.1725
vn -0.0814 -0.9109 0.4044
vn -0.0884 -0.8959 0.4353
vn -0.0737 -0.9339 0.3498
vn -0.0707 -0.9472 0.3128
vn -0.0919 -0.8837 0.4589
vn -0.0988 -0.8831 0.4587
vn -0.0777 -0.9701 0.2299
vn -0.0756 -0.9643 0.2537
vn -0.0702 -0.9884 0.1346
vn -0.0608 -0.9855 0.1582
vn -0.0591 -0.9835 0.1710
vn -0.0557 -0.9832 0.1736
vn -0.0538 -0.9836 0.1722
vn -0.0538 -0.9835 0.1725
vn -0.9957 0.0745 -0.0556
vn -0.9956 0.0738 -0.0574
vn -0.9956 0.0734 -0.0574
vn 0.9820 -0.0153 0.1883
vn 0.9824 -0.0192 0.1858
vn 0.9816 -0.0136 0.1906
vn 0.9816 -0.0131 0.1904
vn 0.9818 -0.0137 0.1894
vn 0.9818 -0.0136 0.1894
vn -0.0423 -0.4018 -0.9148
vn -0.0560 -0.4697 -0.8811
vn -0.0499 -0.4358 -0.8986
vn -0.0368 -0.3671 -0.9294
vn -0.9953 0.0700 -0.0666
vn -0.9951 0.0661 -0.0737
vn 0.9823 -0.0259 0.1858
vn 0.9802 -0.0235 0.1964
vn 0.9839 -0.0269 0.1766
vn 0.9835 -0.0235 0.1793
vn -0.9949 0.0627 -0.0789
vn -0.9949 0.0626 -0.0789
vn -0.9956 0.0672 -0.0655
vn -0.9953 0.0651 -0.0712
vn -0.0351 -0.3673 -0.9295
vn -0.0367 -0.3671 -0.9294
vn -0.0351 -0.3673 -0.9294
vn -0.9957 0.0743 -0.0554
vn 0.0121 0.1641 0.9864
vn 0.0118 0.1301 0.9914
vn 0.0124 0.1427 0.9897
vn 0.0121 0.1813 0.9834
vn 0.0113 0.1813 0.9834
vn 0.0120 0.1813 0.9834
vn 0.0106 0.1819 0.9833
vn 0.0111 0.1814 0.9833
vn 0.9779 -0.0207 0.2079
vn 0.9786 -0.0199 0.2047
vn 0.0612 0.9595 -0.2751
vn 0.0658 0.9701 -0.2338
vn 0.0590 0.9758 -0.2106
vn 0.0571 0.9580 -0.2809
vn 0.0655 0.8265 -0.5591
vn 0.0602 0.9121 -0.4054
vn 0.0585 0.8840 -0.4639
vn 0.0638 0.7496 -0.6588
vn 0.0743 0.6277 -0.7749
vn 0.0783 0.7483 -0.6587
vn 0.0551 0.9779 -0.2018
vn 0.0566 0.9463 -0.3183
vn 0.0610 0.8549 -0.5152
vn 0.0603 0.9255 -0.3740
vn 0.0723 0.7914 -0.6070
vn 0.0619 0.8515 -0.5206
vn 0.0667 0.9720 -0.2253
vn 0.0706 0.9697 -0.2340
vn 0.0708 0.9696 -0.2344
vn 0.0856 0.6716 -0.7359
vn 0.0854 0.6268 -0.7745
vn 0.0860 0.6262 -0.7749
vn -0.0660 -0.9700 0.2341
vn -0.0707 -0.9696 0.2342
vn -0.0652 -0.9620 0.2651
vn -0.0613 -0.9595 0.2750
vn -0.0639 -0.7495 0.6589
vn -0.0701 -0.6915 0.7190
vn -0.0621 -0.8516 0.5204
vn -0.0586 -0.8841 0.4637
vn -0.0744 -0.6274 0.7751
vn -0.0853 -0.6266 0.7747
vn -0.0604 -0.9255 0.3739
vn -0.0602 -0.9122 0.4053
vn -0.0667 -0.9719 0.2259
vn -0.0590 -0.9758 0.2104
vn -0.0591 -0.9778 0.2009
vn -0.0856 -0.6714 0.7362
vn -0.0784 -0.7482 0.6588
vn -0.0873 -0.7900 0.6069
vn -0.0553 -0.9780 0.2012
vn -0.0548 -0.9780 0.2012
vn -0.0549 -0.9779 0.2015
vn -0.0724 -0.7911 0.6073
vn -0.0794 -0.7909 0.6067
vn -0.9955 0.0557 -0.0767
vn -0.9958 0.0506 -0.0758
vn -0.9959 0.0490 -0.0756
vn -0.9953 0.0582 -0.0777
vn 0.9853 0.0311 0.1682
vn 0.9848 0.0125 0.1732
vn 0.9875 0.0344 0.1541
vn 0.9879 0.0386 0.1503
vn 0.9901 0.0313 0.1365
vn 0.9903 0.0323 0.1352
vn -0.9964 0.0408 -0.0749
vn -0.9968 0.0328 -0.0733
vn 0.9860 -0.0195 0.1656
vn 0.9858 -0.0235 0.1660
vn 0.9855 -0.0139 0.1689
vn 0.9858 -0.0003 0.1678
vn -0.9969 0.0285 -0.0740
vn -0.9968 0.0266 -0.0750
vn -0.9966 0.0336 -0.0755
vn -0.9968 0.0362 -0.0710
vn -0.9953 0.0584 -0.0770
vn -0.9953 0.0582 -0.0776
vn -0.9953 0.0585 -0.0777
vn -0.9953 0.0584 -0.0774
vn 0.0156 0.2220 0.9749
vn 0.0136 0.2438 0.9697
vn 0.0136 0.2360 0.9717
vn 0.0161 0.2110 0.9774
vn 0.9903 0.0320 0.1350
vn 0.9903 0.0322 0.1353
vn -0.0772 -0.6776 -0.7313
vn -0.1086 -0.7791 -0.6175
vn -0.0954 -0.7301 -0.6766
vn -0.0639 -0.6204 -0.7817
vn 0.0173 0.2109 0.9774
vn 0.0163 0.2108 0.9774
vn 0.9860 -0.0235 0.1651
vn 0.9861 -0.0232 0.1642
vn -0.0584 -0.6206 -0.7819
vn -0.0641 -0.6206 -0.7815
vn -0.0576 -0.6201 -0.7824
vn -0.0586 -0.6209 -0.7817
vn -0.9956 0.0377 -0.0852
vn -0.9964 0.0402 -0.0741
vn -0.0019 0.9999 -0.0145
vn 0.0071 0.9968 -0.0798
vn -0.0108 0.9990 -0.0434
vn -0.0299 0.9995 0.0138
vn 0.0440 0.9568 -0.2873
vn 0.0253 0.9810 -0.1923
vn 0.0116 0.9726 -0.2322
vn 0.0283 0.9437 -0.3294
vn 0.0584 0.9381 -0.3414
vn 0.0579 0.9164 -0.3961
vn 0.0084 0.9897 -0.1429
vn -0.1477 0.9621 -0.2291
vn -0.2141 0.9632 -0.1625
vn -0.1993 0.9626 -0.1836
vn -0.1221 0.9554 -0.2687
vn -0.0312 0.9987 -0.0415
vn -0.0169 0.9938 -0.1095
vn -0.0449 0.9984 0.0346
vn -0.0331 0.9994 -0.0108
vn -0.0389 0.9992 0.0091
vn -0.0478 0.9982 0.0350
vn 0.0312 0.9710 -0.2370
vn 0.0144 0.9840 -0.1777
vn -0.0115 0.9952 -0.0967
vn -0.0088 0.9030 -0.4295
vn -0.0890 0.9306 -0.3551
vn -0.0485 0.9209 -0.3868
vn 0.0260 0.8716 -0.4896
vn 0.0368 0.9750 -0.2193
vn 0.0321 0.9787 -0.2030
vn 0.0055 0.9882 -0.1532
vn 0.0486 0.9555 -0.2911
vn 0.0584 0.8673 -0.4943
vn 0.0674 0.8527 -0.5180
vn -0.0197 0.9971 -0.0730
vn -0.1428 0.9856 -0.0907
vn -0.0983 0.9824 -0.1591
vn -0.0475 0.9542 -0.2954
vn -0.0479 0.9985 0.0255
vn -0.0482 0.9982 0.0343
vn 0.0687 0.8545 -0.5149
vn 0.0694 0.8511 -0.5205
vn -0.0169 0.9998 -0.0057
vn -0.0064 0.9995 -0.0295
vn -0.0376 0.9984 -0.0416
vn -0.1218 0.9901 -0.0695
vn -0.2297 0.9624 -0.1448
vn 0.0706 0.9024 -0.4251
vn 0.0622 0.9406 -0.3338
vn 0.0503 0.9551 -0.2919
vn 0.0421 0.9712 -0.2346
vn 0.0108 -0.9990 0.0434
vn -0.0071 -0.9968 0.0798
vn 0.0019 -0.9999 0.0147
vn 0.0263 -0.9996 -0.0100
vn -0.0115 -0.9725 0.2324
vn -0.0253 -0.9810 0.1923
vn -0.0440 -0.9568 0.2874
vn -0.0282 -0.9437 0.3296
vn -0.0599 -0.9355 0.3483
vn -0.0556 -0.9107 0.4093
vn -0.0084 -0.9897 0.1428
vn 0.2138 -0.9633 0.1621
vn 0.1430 -0.9856 0.0905
vn 0.0984 -0.9823 0.1591
vn 0.1475 -0.9622 0.2291
vn 0.0170 -0.9938 0.1096
vn 0.0314 -0.9986 0.0415
vn 0.0331 -0.9994 0.0108
vn 0.0454 -0.9985 -0.0295
vn 0.0116 -0.9952 0.0967
vn 0.0197 -0.9971 0.0729
vn -0.0055 -0.9882 0.1533
vn -0.0143 -0.9840 0.1779
vn -0.0312 -0.9710 0.2371
vn 0.0475 -0.9542 0.2955
vn 0.0086 -0.9030 0.4295
vn 0.0886 -0.9306 0.3551
vn -0.0367 -0.9749 0.2194
vn -0.0486 -0.9554 0.2911
vn -0.0588 -0.8672 0.4944
vn 0.0246 -0.9997 -0.0041
vn 0.0480 -0.9983 -0.0338
vn -0.0699 -0.9129 0.4021
vn -0.0694 -0.8546 0.5146
vn 0.0064 -0.9995 0.0299
vn 0.0378 -0.9984 0.0417
vn 0.2270 -0.9575 0.1777
vn 0.2295 -0.9625 0.1447
vn 0.1991 -0.9627 0.1830
vn 0.2271 -0.9575 0.1776
vn -0.0609 -0.9461 0.3182
vn -0.0503 -0.9552 0.2917
vn -0.0417 -0.9783 0.2030
vn -0.0421 -0.9713 0.2343
vn -0.0320 -0.9787 0.2029
vn 0.1220 -0.9901 0.0690
vn 0.9694 0.2200 0.1088
vn 0.9665 0.2464 0.0716
vn 0.9728 0.1974 0.1211
vn 0.9799 0.1519 0.1296
vn -0.9984 -0.0458 -0.0329
vn -0.9989 -0.0343 -0.0332
vn -0.9978 -0.0477 -0.0450
vn -0.9971 -0.0495 -0.0584
vn -0.9993 0.0006 -0.0375
vn -0.9990 0.0132 -0.0425
vn -0.9994 -0.0073 -0.0331
vn -0.9991 -0.0251 -0.0335
vn 0.9862 0.0866 0.1414
vn 0.9837 0.1274 0.1267
vn 0.9881 0.0631 0.1406
vn 0.9880 0.0333 0.1508
vn -0.9988 0.0228 -0.0428
vn -0.9990 0.0250 -0.0360
vn 0.9885 0.0209 0.1495
vn 0.9877 0.0125 0.1559
vn -0.9963 -0.0489 -0.0712
vn -0.9962 -0.0491 -0.0717
vn 0.0005 -0.0029 1.0000
vn -0.0000 -0.0343 0.9994
vn -0.0008 -0.0234 0.9997
vn -0.0004 -0.0023 1.0000
vn 0.9878 0.0119 0.1554
vn 0.9875 0.0122 0.1570
vn -0.0389 -0.4200 -0.9067
vn -0.0536 -0.5331 -0.8444
vn -0.0476 -0.4875 -0.8718
vn -0.0346 -0.3986 -0.9165
vn -0.0020 0.0170 0.9999
vn -0.0054 0.0326 0.9995
vn -0.0048 0.0512 0.9987
vn -0.0029 0.0449 0.9990
vn -0.0586 0.1771 0.9825
vn -0.0622 0.1830 0.9811
vn -0.0577 0.1790 0.9822
vn -0.0578 0.1791 0.9821
vn -0.0485 0.1442 0.9884
vn -0.0586 0.1771 0.9824
vn 0.9677 0.2472 0.0499
vn 0.9666 0.2551 0.0231
vn -0.0256 -0.3651 -0.9306
vn -0.0198 -0.3346 -0.9421
vn -0.0079 -0.2961 -0.9551
vn -0.0095 -0.3076 -0.9515
vn 0.0003 -0.2170 -0.9762
vn -0.0014 -0.2488 -0.9686
vn 0.0010 -0.2176 -0.9760
vn 0.0013 -0.2175 -0.9761
vn 0.0022 -0.2149 -0.9766
vn 0.0006 -0.2168 -0.9762
vn -0.9981 0.0342 -0.0520
vn -0.9988 0.0309 -0.0385
vn -0.0108 0.0724 0.9973
vn -0.0319 0.1153 0.9928
vn -0.0980 0.9935 -0.0578
vn -0.0823 0.9840 -0.1582
vn -0.0867 0.9911 -0.1006
vn -0.1159 0.9933 -0.0011
vn -0.0099 0.8460 -0.5331
vn -0.0501 0.9366 -0.3468
vn -0.0869 0.9130 -0.3985
vn -0.0357 0.8019 -0.5964
vn 0.0314 0.7612 -0.6477
vn 0.0244 0.7120 -0.7018
vn -0.0569 0.9596 -0.2756
vn -0.2595 0.9201 -0.2933
vn -0.3190 0.9272 -0.1960
vn -0.3075 0.9284 -0.2086
vn -0.2336 0.9109 -0.3402
vn -0.1609 0.9819 -0.0996
vn -0.1315 0.9709 -0.2002
vn -0.1328 0.9901 0.0456
vn -0.1099 0.9931 -0.0403
vn -0.1202 0.9927 -0.0009
vn -0.1388 0.9893 0.0450
vn -0.0170 0.8965 -0.4426
vn -0.0404 0.9375 -0.3456
vn -0.0827 0.9775 -0.1939
vn -0.1330 0.8328 -0.5374
vn -0.0274 0.6938 -0.7196
vn -0.0733 0.7505 -0.6567
vn -0.1866 0.8558 -0.4824
vn 0.0095 0.9012 -0.4333
vn 0.0074 0.9149 -0.4036
vn -0.0393 0.9397 -0.3397
vn 0.0271 0.8364 -0.5475
vn 0.0151 0.6516 -0.7584
vn 0.0266 0.6371 -0.7703
vn -0.0758 0.9784 -0.1923
vn -0.2621 0.9535 -0.1488
vn -0.2157 0.9443 -0.2486
vn -0.1466 0.8783 -0.4551
vn -0.1392 0.9900 0.0245
vn -0.1396 0.9892 0.0436
vn 0.0276 0.6393 -0.7684
vn 0.0280 0.6357 -0.7715
vn -0.1027 0.9940 -0.0380
vn -0.1034 0.9924 -0.0671
vn -0.1512 0.9847 -0.0872
vn -0.3312 0.9249 -0.1864
vn -0.2500 0.9593 -0.1317
vn 0.0363 0.6900 -0.7229
vn 0.0460 0.7775 -0.6272
vn 0.0345 0.8437 -0.5357
vn 0.0223 0.8985 -0.4383
vn 0.0866 -0.9912 0.0999
vn 0.0824 -0.9840 0.1580
vn 0.0939 -0.9942 0.0516
vn 0.1112 -0.9938 0.0093
vn 0.0869 -0.9130 0.3986
vn 0.0501 -0.9366 0.3468
vn 0.0098 -0.8458 0.5333
vn 0.0358 -0.8017 0.5966
vn -0.0342 -0.7535 0.6566
vn -0.0191 -0.6989 0.7149
vn 0.0567 -0.9596 0.2757
vn 0.3187 -0.9274 0.1958
vn 0.2547 -0.9566 0.1415
vn 0.2113 -0.9390 0.2712
vn 0.2733 -0.9190 0.2841
vn 0.1317 -0.9709 0.2001
vn 0.1469 -0.9853 0.0868
vn 0.1099 -0.9932 0.0388
vn 0.1341 -0.9904 -0.0337
vn 0.0756 -0.9752 0.2078
vn 0.0874 -0.9830 0.1612
vn 0.0330 -0.9387 0.3430
vn 0.0456 -0.9362 0.3485
vn 0.0169 -0.8964 0.4428
vn 0.1254 -0.8756 0.4665
vn 0.0729 -0.7504 0.6569
vn 0.1981 -0.8652 0.4606
vn -0.0017 -0.9036 0.4284
vn -0.0272 -0.8360 0.5480
vn -0.0154 -0.6513 0.7587
vn 0.1117 -0.9936 0.0185
vn 0.1392 -0.9894 -0.0415
vn -0.0395 -0.7117 0.7013
vn -0.0279 -0.6390 0.7687
vn 0.1095 -0.9911 0.0759
vn 0.1793 -0.9773 0.1129
vn 0.3072 -0.9285 0.2087
vn 0.3290 -0.9208 0.2094
vn 0.3293 -0.9208 0.2089
vn 0.3310 -0.9250 0.1864
vn -0.0464 -0.7974 0.6016
vn -0.0348 -0.8432 0.5365
vn -0.0219 -0.9151 0.4027
vn -0.0234 -0.9154 0.4018
vn -0.0221 -0.8984 0.4387
vn 0.2713 -0.9511 0.1477
vn 0.9334 0.3483 0.0863
vn 0.9260 0.3715 0.0674
vn 0.9444 0.3219 0.0672
vn 0.9602 0.2721 0.0636
vn -0.9876 -0.1430 -0.0655
vn -0.9993 -0.0291 -0.0218
vn -0.9902 -0.1381 -0.0208
vn -0.9871 -0.1460 -0.0650
vn -0.9986 0.0191 -0.0489
vn -0.9986 -0.0433 -0.0306
vn -0.9985 0.0400 -0.0379
vn -0.9824 0.1753 -0.0640
vn 0.9832 0.1750 0.0520
vn 0.9722 0.2315 0.0359
vn 0.9914 0.1177 0.0574
vn 0.9921 0.1083 0.0639
vn -1.0000 -0.0037 0.0032
vn -0.9999 0.0049 0.0131
vn 0.9940 0.0747 0.0795
vn 0.9940 0.0664 0.0873
vn -0.9853 -0.1448 -0.0904
vn -0.9851 -0.1458 -0.0914
vn 0.0029 0.0215 0.9998
vn 0.0154 -0.0408 0.9990
vn 0.0112 -0.0175 0.9998
vn 0.0004 0.0270 0.9996
vn 0.9938 0.0674 0.0887
vn 0.9936 0.0680 0.0899
vn -0.0590 -0.7199 -0.6915
vn -0.0711 -0.7835 -0.6173
vn -0.0682 -0.7615 -0.6446
vn -0.0566 -0.7188 -0.6929
vn -0.0076 0.0561 0.9984
vn -0.0118 0.0814 0.9966
vn -0.0185 0.0915 0.9956
vn -0.0244 0.1195 0.9925
vn -0.0599 0.2112 0.9756
vn -0.0651 0.2176 0.9739
vn -0.0595 0.2135 0.9751
vn -0.0594 0.2135 0.9751
vn -0.0497 0.1900 0.9805
vn 0.9254 0.3738 0.0621
vn 0.9244 0.3793 0.0403
vn -0.0442 -0.6767 -0.7349
vn -0.0387 -0.6237 -0.7807
vn -0.0211 -0.5533 -0.8327
vn -0.0229 -0.5595 -0.8285
vn -0.0074 -0.4255 -0.9049
vn -0.0095 -0.4736 -0.8807
vn -0.0065 -0.4266 -0.9044
vn -0.0064 -0.4265 -0.9045
vn -0.0043 -0.4223 -0.9064
vn -0.0073 -0.4254 -0.9050
vn -0.9996 0.0279 0.0065
vn -0.9991 0.0272 0.0320
vn -0.0382 0.1541 0.9873
vn -0.0332 0.1541 0.9875
vn -0.0889 -0.9203 0.3810
vn -0.0913 -0.9325 0.3494
vn -0.0962 -0.8969 0.4316
vn -0.0850 -0.9334 0.3486
vn -0.0871 -0.9330 0.3492
vn -0.9958 0.0695 -0.0596
vn -0.9958 0.0695 -0.0598
vn 0.0652 0.9620 -0.2651
vn 0.0589 0.9778 -0.2009
vn 0.0875 0.7899 -0.6069
vn 0.0792 0.7909 -0.6068
vn -0.0570 -0.9581 0.2805
vn -0.0610 -0.8549 0.5152
vn -0.0652 -0.8265 0.5592
vn 0.0125 0.2448 0.9695
vn 0.0129 0.2455 0.9693
vn 0.0772 0.9856 -0.1502
vn 0.0592 0.9836 -0.1706
vn -0.0636 -0.9750 0.2127
vn -0.0802 -0.9499 0.3021
vn -0.0816 -0.9399 0.3314
vn -0.0755 -0.9896 0.1225
vn 0.0123 0.1297 0.9915
vn 0.0120 0.1294 0.9915
vn 0.0531 0.9968 -0.0590
vn 0.0424 0.9917 -0.1210
vn 0.0848 0.9784 -0.1887
vn 0.0807 0.9788 -0.1883
vn -0.0501 -0.9887 0.1414
vn -0.0677 -0.9853 0.1567
vn -0.0722 -0.9800 0.1852
vn -0.0505 -0.9978 0.0427
vn -0.0044 0.0472 0.9989
vn -0.0062 0.0467 0.9989
vn -0.0065 0.0472 0.9989
vn -0.0066 0.0471 0.9989
vn 0.0636 0.9880 -0.1405
vn -0.0234 -0.9997 -0.0021
vn -0.0173 -0.9997 -0.0197
vn -0.0169 -0.9996 -0.0204
vn -0.0112 -0.0188 0.9998
vn -0.0110 -0.0194 0.9998
vn -0.0114 -0.0189 0.9998
vn -0.0111 -0.0191 0.9998
vn 0.0418 0.9783 -0.2031
vn 0.0389 -0.9992 -0.0092
vn 0.0478 -0.9982 -0.0351
vn 0.0482 -0.9982 -0.0348
vn 0.0004 -0.0354 0.9994
vn -0.0002 -0.0346 0.9994
vn -0.0001 -0.0347 0.9994
vn 0.0223 0.8987 -0.4381
vn 0.0238 0.9158 -0.4010
vn 0.0075 0.9150 -0.4034
vn 0.1202 -0.9927 -0.0004
vn 0.1387 -0.9893 -0.0451
vn 0.1396 -0.9893 -0.0435
vn 0.0156 -0.0410 0.9990
vn 0.0168 -0.0430 0.9989
vn 0.0154 -0.0416 0.9990
vn 0.0151 -0.0415 0.9990
vn 0.0699 0.6917 -0.7188
vn 0.0550 0.9778 -0.2021
vn -0.0565 -0.9464 0.3180
vn -0.0860 -0.6255 0.7754
vn -0.1163 -0.7795 -0.6155
vn -0.1149 -0.7786 -0.6169
vn 0.0884 0.8960 -0.4352
vn 0.0987 0.8833 -0.4583
vn 0.0991 0.8830 -0.4589
vn 0.0539 0.9836 -0.1721
vn -0.0622 -0.9683 0.2421
vn -0.0588 -0.4704 -0.8805
vn -0.0583 -0.4698 -0.8808
vn -0.0991 -0.8830 0.4588
vn 0.0824 0.9490 -0.3044
vn 0.0390 0.9917 -0.1226
vn -0.0526 -0.9837 0.1722
vn -0.0935 -0.9412 0.3248
vn -0.0397 -0.3377 -0.9404
vn -0.0386 -0.3364 -0.9409
vn -0.1004 0.9849 -0.1409
vn 0.0264 -0.9821 0.1867
vn -0.0208 -0.9668 0.2546
vn -0.0538 -0.9466 0.3178
vn -0.0852 -0.9385 0.3345
vn -0.0867 -0.9376 0.3366
vn -0.0393 -0.3510 -0.9356
vn -0.0364 -0.3477 -0.9369
vn -0.2275 0.9573 -0.1785
vn 0.1220 -0.9554 0.2688
vn 0.0482 -0.9209 0.3869
vn -0.0265 -0.8715 0.4898
vn -0.0681 -0.8528 0.5178
vn -0.0701 -0.8512 0.5201
vn -0.0565 -0.5387 -0.8406
vn -0.0526 -0.5346 -0.8434
vn -0.3297 0.9207 -0.2088
vn 0.2337 -0.9108 0.3403
vn 0.0270 -0.6935 0.7200
vn 0.1330 -0.8326 0.5377
vn -0.0268 -0.6369 0.7705
vn -0.0282 -0.6355 0.7716
vn -0.0732 -0.7867 -0.6130
vn -0.0703 -0.7845 -0.6162
vn 0.5873 0.6402 -0.4953
vn 0.5021 0.7522 -0.4267
vn 0.5724 0.7242 -0.3845
vn 0.7354 0.5376 -0.4125
vn 0.4781 0.7729 -0.4173
vn 0.4681 0.7961 -0.3836
vn 0.5024 0.7318 -0.4606
vn 0.5792 0.5979 -0.5541
vn 0.5422 0.6643 -0.5145
vn 0.6743 0.5084 -0.5357
vn 0.6389 0.5080 -0.5778
vn 0.5947 0.5654 -0.5715
vn 0.7774 0.3632 -0.5136
vn 0.7179 0.3956 -0.5728
vn 0.6774 0.4608 -0.5734
vn 0.8234 0.2760 -0.4958
vn 0.7672 0.3007 -0.5665
vn 0.7438 0.3559 -0.5658
vn 0.7702 0.5634 -0.2990
vn 0.8878 0.3863 -0.2501
vn 0.9533 0.2413 -0.1813
vn 0.9205 0.3069 -0.2417
vn 0.5170 0.7797 -0.3532
vn 0.6539 0.6766 -0.3385
vn 0.9838 0.1293 -0.1244
vn 0.9675 0.1721 -0.1851
vn 0.9779 0.1525 -0.1433
vn 0.9925 0.0765 -0.0957
vn 0.9760 0.1243 -0.1790
vn 0.9898 0.0933 -0.1075
vn 0.9966 0.0486 -0.0664
vn 0.9827 0.0852 -0.1643
vn 0.9954 0.0501 -0.0816
vn 0.9877 0.0487 -0.1483
vn 0.9963 0.0394 -0.0762
vn 0.9944 0.0399 -0.0975
vn 0.4662 0.8018 -0.3740
vn 0.5236 0.7715 -0.3615
vn 0.8585 0.3395 -0.3843
vn 0.7776 0.5247 -0.3464
vn 0.6648 0.6524 -0.3638
vn 0.7620 0.5256 -0.3782
vn 0.9140 0.2168 -0.3428
vn 0.9300 0.1660 -0.3280
vn 0.8524 0.2177 -0.4754
vn 0.9465 0.1213 -0.2991
vn 0.9372 0.1326 -0.3226
vn 0.8303 0.2330 -0.5063
vn 0.7799 0.2678 -0.5658
vn 0.7805 0.2700 -0.5639
vn 0.9842 0.0479 -0.1704
vn -0.5570 -0.7665 0.3197
vn -0.4758 -0.7790 0.4084
vn -0.4958 -0.8289 0.2593
vn -0.6076 -0.7600 0.2308
vn -0.5831 -0.5997 0.5481
vn -0.5439 -0.6636 0.5136
vn -0.5467 -0.6463 0.5324
vn -0.5754 -0.5932 0.5631
vn -0.6383 -0.5084 0.5781
vn -0.5943 -0.5656 0.5717
vn -0.5985 -0.5582 0.5746
vn -0.6418 -0.5059 0.5764
vn -0.7175 -0.3960 0.5731
vn -0.6769 -0.4611 0.5738
vn -0.6870 -0.4471 0.5728
vn -0.7208 -0.3937 0.5705
vn -0.7645 -0.3083 0.5662
vn -0.7435 -0.3561 0.5661
vn -0.7496 -0.3446 0.5650
vn -0.7685 -0.3013 0.5644
vn -0.8696 -0.4049 0.2826
vn -0.9408 -0.2595 0.2181
vn -0.9414 -0.2607 0.2139
vn -0.8568 -0.4141 0.3073
vn -0.6418 -0.6763 0.3616
vn -0.6469 -0.6640 0.3751
vn -0.5209 -0.7729 0.3625
vn -0.5290 -0.7599 0.3778
vn -0.9558 -0.2114 0.2045
vn -0.9639 -0.1894 0.1871
vn -0.9811 -0.1346 0.1387
vn -0.9704 -0.1772 0.1643
vn -0.9788 -0.1291 0.1590
vn -0.9807 -0.1179 0.1562
vn -0.9880 -0.0940 0.1223
vn -0.9848 -0.1142 0.1307
vn -0.9860 -0.0868 0.1426
vn -0.9864 -0.0821 0.1421
vn -0.9916 -0.0655 0.1115
vn -0.9897 -0.0807 0.1185
vn -0.9910 -0.0633 0.1181
vn -0.9911 -0.0612 0.1182
vn -0.9910 -0.0636 0.1181
vn -0.9913 -0.0628 0.1153
vn -0.5103 -0.7605 0.4016
vn -0.6035 -0.6510 0.4605
vn -0.7876 -0.5087 0.3477
vn -0.5790 -0.7099 0.4010
vn -0.5074 -0.7115 0.4862
vn -0.7131 -0.4813 0.5097
vn -0.8978 -0.3089 0.3139
vn -0.7501 -0.5495 0.3680
vn -0.7314 -0.5413 0.4147
vn -0.7880 -0.3577 0.5011
vn -0.9377 -0.1950 0.2876
vn -0.8272 -0.2844 0.4846
vn -0.9520 -0.1533 0.2649
vn -0.9436 -0.1498 0.2953
vn -0.8468 -0.2368 0.4762
vn -0.7752 -0.2842 0.5642
vn -0.7756 -0.2863 0.5625
vn -0.9844 -0.0803 0.1566
vn -0.9887 -0.0751 0.1300
vn -0.9918 -0.0662 0.1093
vn -0.6576 0.6232 0.4234
vn -0.6574 0.6229 0.4239
vn -0.6600 0.6192 0.4254
vn -0.6578 0.6235 0.4226
vn -0.8118 0.1950 -0.5504
vn -0.8145 0.1928 -0.5471
vn -0.8094 0.1697 -0.5622
vn -0.8111 0.1665 -0.5607
vn -0.8035 0.2344 -0.5471
vn -0.7922 0.2558 -0.5540
vn -0.8009 0.2436 -0.5470
vn -0.8124 0.2233 -0.5386
vn -0.7721 0.2774 -0.5718
vn -0.7403 0.3022 -0.6005
vn -0.7620 0.2868 -0.5807
vn -0.7877 0.2648 -0.5562
vn -0.7074 0.3259 -0.6272
vn -0.6777 0.3491 -0.6472
vn -0.6973 0.3367 -0.6328
vn -0.7293 0.3121 -0.6088
vn -0.6523 0.3530 -0.6707
vn -0.6214 0.3454 -0.7032
vn -0.6454 0.3447 -0.6817
vn -0.6686 0.3518 -0.6551
vn 0.4049 -0.7009 0.5872
vn 0.5379 -0.6650 0.5181
vn 0.5096 -0.6816 0.5252
vn 0.2988 -0.7188 0.6277
vn -0.6446 0.6844 0.3408
vn -0.6726 0.6508 0.3521
vn -0.5908 0.7635 0.2608
vn -0.5202 0.8284 0.2077
vn 0.1844 -0.6383 0.7473
vn 0.2602 -0.6869 0.6786
vn 0.2042 -0.6753 0.7087
vn 0.1590 -0.6269 0.7627
vn 0.1298 -0.5087 0.8511
vn 0.1513 -0.5840 0.7976
vn 0.1375 -0.5573 0.8189
vn 0.1208 -0.4894 0.8636
vn 0.1138 -0.3822 0.9170
vn 0.1178 -0.4488 0.8858
vn 0.1151 -0.4286 0.8961
vn 0.1066 -0.3569 0.9280
vn 0.1917 -0.9814 -0.0073
vn 0.1882 -0.9821 -0.0066
vn 0.1920 -0.9814 -0.0071
vn 0.1924 -0.9813 -0.0076
vn -0.6777 0.6063 0.4161
vn -0.6683 0.6220 0.4080
vn 0.6378 -0.6344 0.4367
vn 0.6608 -0.6371 0.3968
vn 0.6293 -0.6347 0.4485
vn 0.5886 -0.6467 0.4851
vn -0.4917 0.8560 0.1597
vn -0.4841 0.8576 0.1738
vn 0.0502 -0.9981 -0.0360
vn -0.0088 -0.9997 -0.0226
vn 0.0178 -0.9985 -0.0516
vn -0.0214 -0.9993 -0.0304
vn -0.5841 0.3514 -0.7317
vn -0.6031 0.3459 -0.7187
vn -0.5848 0.3500 -0.7318
vn -0.5840 0.3484 -0.7332
vn -0.0803 -0.9968 -0.0026
vn -0.1302 -0.9907 0.0387
vn 0.1781 -0.9836 -0.0273
vn 0.1354 -0.9906 -0.0208
vn 0.0991 -0.3179 0.9429
vn 0.1153 -0.3030 0.9460
vn 0.1622 -0.2856 0.9445
vn 0.1381 -0.2885 0.9475
vn 0.9947 0.0306 -0.0980
vn -0.8249 -0.2519 0.5061
vn -0.9316 -0.1602 0.3264
vn -0.7757 -0.2859 0.5626
vn -0.9796 -0.0861 0.1814
vn 0.1621 -0.2856 0.9445
vn 0.1646 -0.2837 0.9447
vn 0.1628 -0.2861 0.9443
vn 0.1631 -0.2863 0.9442
vn 0.4761 0.7789 -0.4082
vn -0.4656 -0.8022 0.3738
vn -0.7291 -0.5458 0.4130
vn -0.8113 0.1664 -0.5604
vn -0.8113 0.1656 -0.5607
vn 0.8774 0.3871 -0.2833
vn 0.9517 0.2393 -0.1922
vn 0.9774 0.1564 -0.1423
vn 0.9864 0.1158 -0.1163
vn 0.9895 0.0972 -0.1074
vn 0.9924 0.0761 -0.0970
vn 0.9948 0.0559 -0.0850
vn 0.9968 0.0423 -0.0672
vn 0.9973 0.0438 -0.0596
vn 0.9957 0.0372 -0.0847
vn 0.7639 0.5195 -0.3829
vn 0.7684 0.5175 -0.3766
vn -0.4478 0.8895 0.0903
vn -0.4665 0.8746 0.1322
vn 0.9944 0.0409 -0.0977
vn -0.7292 -0.5232 0.4411
vn 0.5045 0.7194 -0.4774
vn 0.4813 0.7660 -0.4262
vn 0.5757 0.5931 -0.5629
vn 0.5471 0.6461 -0.5323
vn 0.6426 0.5054 -0.5758
vn 0.5990 0.5579 -0.5744
vn 0.7212 0.3934 -0.5702
vn 0.6875 0.4468 -0.5724
vn 0.7718 0.2907 -0.5655
vn 0.7500 0.3444 -0.5648
vn 0.7805 0.2705 -0.5636
vn 0.7804 0.2704 -0.5638
vn -0.1320 -0.9905 0.0382
vn -0.1318 -0.9903 0.0432
vn -0.7757 -0.2863 0.5624
vn 0.4913 0.7638 -0.4185
vn -0.0479 0.9988 -0.0126
vn -0.0300 0.9995 0.0022
vn -0.0414 0.9987 -0.0305
vn -0.0525 0.9974 -0.0489
vn -0.0709 0.9828 -0.1704
vn -0.0527 0.9768 -0.2075
vn -0.0345 0.9893 -0.1420
vn -0.0619 0.9915 -0.1142
vn -0.0795 0.9762 -0.2018
vn -0.0759 0.9674 -0.2418
vn -0.0507 0.9947 -0.0899
vn 0.0455 0.9862 -0.1591
vn 0.0268 0.9821 -0.1866
vn 0.0817 0.9866 -0.1413
vn 0.0910 0.9879 -0.1257
vn -0.0213 0.9994 -0.0271
vn -0.0213 0.9975 -0.0679
vn -0.0193 0.9996 0.0190
vn -0.0172 0.9997 0.0198
vn -0.0235 0.9997 0.0021
vn -0.0268 0.9996 -0.0111
vn -0.0379 0.9972 -0.0645
vn -0.0510 0.9914 -0.1203
vn -0.0616 0.9870 -0.1485
vn -0.0374 0.9593 -0.2798
vn -0.0536 0.9467 -0.3178
vn -0.0207 0.9668 -0.2545
vn -0.0003 0.9719 -0.2355
vn -0.0468 0.9934 -0.1045
vn -0.0596 0.9883 -0.1407
vn -0.0615 0.9872 -0.1472
vn -0.0698 0.9817 -0.1774
vn -0.0777 0.9460 -0.3146
vn -0.0848 0.9385 -0.3348
vn -0.0338 0.9982 -0.0501
vn 0.0540 0.9966 -0.0625
vn 0.0334 0.9943 -0.1009
vn -0.0053 0.9804 -0.1971
vn -0.0173 0.9998 0.0129
vn -0.0170 0.9996 0.0203
vn -0.0858 0.9392 -0.3325
vn -0.0863 0.9377 -0.3366
vn -0.0395 0.9992 -0.0095
vn -0.0437 0.9988 -0.0211
vn 0.0019 0.9992 -0.0404
vn 0.1011 0.9885 -0.1127
vn 0.0629 0.9963 -0.0583
vn -0.0860 0.9669 -0.2402
vn -0.0789 0.9790 -0.1882
vn -0.0702 0.9815 -0.1783
vn -0.0638 0.9861 -0.1534
vn 0.0414 -0.9987 0.0305
vn 0.0326 -0.9995 0.0013
vn 0.0478 -0.9988 0.0127
vn 0.0524 -0.9974 0.0488
vn 0.0345 -0.9893 0.1420
vn 0.0526 -0.9768 0.2077
vn 0.0709 -0.9828 0.1705
vn 0.0619 -0.9915 0.1142
vn 0.0777 -0.9634 0.2567
vn 0.0795 -0.9762 0.2018
vn 0.0507 -0.9947 0.0900
vn -0.0926 -0.9889 0.1162
vn -0.0453 -0.9862 0.1591
vn -0.0334 -0.9943 0.1009
vn -0.0461 -0.9977 0.0500
vn 0.0213 -0.9994 0.0270
vn 0.0215 -0.9975 0.0678
vn 0.0267 -0.9996 0.0111
vn 0.0190 -0.9997 -0.0147
vn 0.0378 -0.9972 0.0645
vn 0.0509 -0.9914 0.1203
vn 0.0466 -0.9934 0.1046
vn 0.0338 -0.9982 0.0501
vn 0.0616 -0.9870 0.1485
vn 0.0053 -0.9804 0.1972
vn 0.0006 -0.9719 0.2355
vn 0.0376 -0.9593 0.2799
vn 0.0615 -0.9871 0.1477
vn 0.0699 -0.9816 0.1775
vn 0.0754 -0.9397 0.3336
vn 0.0340 -0.9994 0.0023
vn 0.0172 -0.9997 -0.0197
vn 0.0866 -0.9486 0.3044
vn 0.0863 -0.9739 0.2098
vn 0.0437 -0.9988 0.0213
vn -0.0019 -0.9992 0.0400
vn -0.1015 -0.9854 0.1370
vn -0.1001 -0.9850 0.1405
vn -0.0814 -0.9866 0.1412
vn 0.0790 -0.9789 0.1882
vn 0.0702 -0.9815 0.1782
vn 0.0637 -0.9880 0.1407
vn 0.0594 -0.9883 0.1408
vn 0.0639 -0.9860 0.1540
vn -0.0750 -0.9936 0.0846
vn -0.9873 0.0913 0.1301
vn -0.9867 0.0439 0.1565
vn -0.9866 0.0747 0.1448
vn -0.9881 0.1137 0.1039
vn 0.9985 0.0231 -0.0503
vn 0.9962 0.0205 -0.0851
vn 0.9976 0.0218 -0.0655
vn 0.9981 0.0289 -0.0543
vn 0.9977 0.0455 -0.0493
vn 0.9979 0.0334 -0.0561
vn 0.9977 0.0415 -0.0536
vn 0.9976 0.0516 -0.0473
vn -0.9855 0.0089 0.1692
vn -0.9844 -0.0157 0.1754
vn -0.9854 -0.0002 0.1703
vn -0.9862 0.0309 0.1629
vn 0.9975 0.0564 -0.0430
vn 0.9976 0.0570 -0.0401
vn -0.9833 -0.0298 0.1798
vn -0.9840 -0.0231 0.1767
vn 0.9943 0.0207 -0.1047
vn 0.9943 0.0208 -0.1044
vn 0.0034 0.0040 1.0000
vn 0.0038 0.0080 1.0000
vn 0.0111 -0.0098 0.9999
vn 0.0108 -0.0191 0.9998
vn -0.9831 -0.0301 0.1804
vn -0.9833 -0.0300 0.1793
vn 0.0290 -0.2517 -0.9674
vn 0.0254 -0.2293 -0.9730
vn 0.0319 -0.3063 -0.9514
vn 0.0371 -0.3462 -0.9374
vn -0.0012 0.0244 0.9997
vn -0.0023 0.0152 0.9999
vn 0.0030 0.0444 0.9990
vn 0.0021 0.0299 0.9996
vn 0.0196 0.1477 0.9888
vn 0.0226 0.1512 0.9882
vn 0.0202 0.1462 0.9890
vn 0.0152 0.1167 0.9930
vn -0.9893 0.1152 0.0895
vn -0.9881 0.1137 0.1038
vn -0.9901 0.1230 0.0671
vn -0.9893 0.1153 0.0894
vn 0.0157 -0.1985 -0.9800
vn 0.0215 -0.2121 -0.9770
vn 0.0077 -0.1886 -0.9820
vn 0.0069 -0.1833 -0.9830
vn 0.0023 -0.1504 -0.9886
vn 0.0017 -0.1498 -0.9887
vn 0.0021 -0.1509 -0.9885
vn 0.0034 -0.1638 -0.9865
vn 0.9974 0.0598 -0.0408
vn 0.9970 0.0618 -0.0468
vn 0.0059 0.0624 0.9980
vn 0.0097 0.0760 0.9971
vn -0.0534 0.9953 -0.0803
vn -0.0501 0.9887 -0.1414
vn -0.0438 0.9941 -0.0991
vn -0.0493 0.9979 -0.0428
vn -0.0723 0.9800 -0.1851
vn -0.0749 0.9596 -0.2712
vn -0.0616 0.9759 -0.2092
vn -0.0617 0.9891 -0.1337
vn -0.0822 0.9701 -0.2282
vn -0.0862 0.9420 -0.3245
vn -0.0526 0.9837 -0.1721
vn -0.0423 0.9916 -0.1221
vn -0.0591 0.9924 -0.1080
vn -0.0677 0.9853 -0.1566
vn -0.0772 0.9790 -0.1886
vn -0.0677 0.9682 -0.2407
vn -0.0481 0.9969 -0.0622
vn -0.0504 0.9978 -0.0430
vn -0.0504 0.9978 -0.0426
vn -0.0900 0.9525 -0.2908
vn -0.0935 0.9412 -0.3247
vn -0.0930 0.9414 -0.3241
vn 0.0493 -0.9979 0.0428
vn 0.0534 -0.9953 0.0803
vn 0.0531 -0.9968 0.0590
vn 0.0505 -0.9978 0.0426
vn 0.0750 -0.9596 0.2712
vn 0.0616 -0.9759 0.2093
vn 0.0677 -0.9682 0.2407
vn 0.0824 -0.9490 0.3044
vn 0.0862 -0.9419 0.3247
vn 0.0929 -0.9413 0.3245
vn 0.0618 -0.9891 0.1338
vn 0.0592 -0.9924 0.1080
vn 0.0480 -0.9969 0.0620
vn 0.0424 -0.9918 0.1209
vn 0.0438 -0.9941 0.0991
vn 0.0899 -0.9525 0.2911
vn 0.0847 -0.9783 0.1891
vn 0.0822 -0.9702 0.2281
vn 0.0390 -0.9917 0.1223
vn 0.0424 -0.9916 0.1222
vn 0.0805 -0.9788 0.1885
vn 0.0771 -0.9790 0.1885
vn 0.9968 0.0546 -0.0586
vn 0.9970 0.0518 -0.0571
vn 0.9970 0.0532 -0.0569
vn 0.9966 0.0570 -0.0602
vn -0.9824 -0.0328 0.1840
vn -0.9795 -0.0313 0.1989
vn -0.9807 -0.0314 0.1930
vn -0.9831 -0.0313 0.1801
vn -0.9783 -0.0303 0.2048
vn -0.9784 -0.0300 0.2044
vn 0.9965 0.0580 -0.0597
vn 0.9965 0.0604 -0.0576
vn -0.9861 -0.0284 0.1636
vn -0.9845 -0.0318 0.1726
vn -0.9854 -0.0296 0.1679
vn -0.9869 -0.0251 0.1595
vn 0.9967 0.0626 -0.0513
vn 0.9966 0.0673 -0.0477
vn 0.9964 0.0735 -0.0423
vn 0.9964 0.0751 -0.0398
vn 0.9970 0.0517 -0.0573
vn 0.9970 0.0518 -0.0569
vn -0.0042 0.1013 0.9948
vn -0.0073 0.1290 0.9916
vn 0.0015 0.0744 0.9972
vn 0.0045 0.0471 0.9989
vn -0.9783 -0.0304 0.2050
vn -0.9784 -0.0304 0.2045
vn 0.0200 -0.2458 -0.9691
vn 0.0134 -0.1992 -0.9799
vn 0.0285 -0.2911 -0.9563
vn 0.0358 -0.3363 -0.9411
vn -0.0094 0.1296 0.9915
vn -0.0088 0.1306 0.9914
vn -0.9872 -0.0245 0.1577
vn -0.9881 -0.0224 0.1520
vn -0.9872 -0.0244 0.1578
vn 0.0116 -0.1990 -0.9799
vn 0.0109 -0.1983 -0.9801
vn 0.9962 0.0776 -0.0407
vn 0.9958 0.0788 -0.0460
vn -0.0726 0.9823 -0.1725
vn -0.0636 0.9750 -0.2128
vn -0.0608 0.9855 -0.1583
vn -0.0720 0.9898 -0.1227
vn -0.0706 0.9472 -0.3128
vn -0.0756 0.9643 -0.2536
vn -0.0815 0.9400 -0.3314
vn -0.0815 0.9110 -0.4043
vn -0.0914 0.9178 -0.3865
vn -0.0959 0.8837 -0.4582
vn -0.0925 0.8928 -0.4409
vn -0.0886 0.9258 -0.3676
vn -0.0622 0.9682 -0.2421
vn -0.0557 0.9832 -0.1737
vn -0.0778 0.9701 -0.2299
vn -0.0800 0.9499 -0.3020
vn -0.0850 0.9335 -0.3485
vn -0.0873 0.9329 -0.3494
vn -0.0735 0.9340 -0.3497
vn -0.0702 0.9884 -0.1344
vn -0.0756 0.9896 -0.1227
vn -0.0755 0.9896 -0.1225
vn 0.0720 -0.9898 0.1227
vn 0.0726 -0.9823 0.1725
vn 0.0771 -0.9856 0.1502
vn 0.0756 -0.9896 0.1224
vn 0.0815 -0.9109 0.4044
vn 0.0707 -0.9472 0.3128
vn 0.0735 -0.9340 0.3497
vn 0.0885 -0.8959 0.4353
vn 0.0918 -0.8838 0.4588
vn 0.0988 -0.8830 0.4589
vn 0.0756 -0.9643 0.2537
vn 0.0777 -0.9701 0.2300
vn 0.0702 -0.9884 0.1345
vn 0.0592 -0.9834 0.1712
vn 0.0608 -0.9855 0.1583
vn 0.0540 -0.9835 0.1729
vn 0.0558 -0.9832 0.1738
vn 0.9957 0.0744 -0.0556
vn 0.9956 0.0734 -0.0574
vn 0.9956 0.0738 -0.0574
vn -0.9820 -0.0153 0.1883
vn -0.9816 -0.0132 0.1904
vn -0.9816 -0.0136 0.1906
vn -0.9824 -0.0191 0.1858
vn -0.9818 -0.0137 0.1895
vn -0.9818 -0.0136 0.1893
vn -0.9818 -0.0136 0.1895
vn -0.9818 -0.0137 0.1896
vn 0.0423 -0.4019 -0.9147
vn 0.0369 -0.3671 -0.9295
vn 0.0499 -0.4359 -0.8986
vn 0.0559 -0.4697 -0.8810
vn 0.9953 0.0700 -0.0666
vn 0.9951 0.0661 -0.0737
vn -0.9823 -0.0259 0.1857
vn -0.9835 -0.0235 0.1793
vn -0.9839 -0.0268 0.1765
vn -0.9802 -0.0235 0.1965
vn 0.9949 0.0632 -0.0790
vn 0.9949 0.0626 -0.0789
vn 0.9953 0.0652 -0.0712
vn 0.9956 0.0673 -0.0654
vn 0.0351 -0.3672 -0.9295
vn 0.0350 -0.3672 -0.9295
vn 0.9957 0.0744 -0.0555
vn 0.9957 0.0745 -0.0555
vn -0.0122 0.1641 0.9864
vn -0.0121 0.1812 0.9834
vn -0.0125 0.1428 0.9897
vn -0.0118 0.1301 0.9914
vn -0.0112 0.1815 0.9833
vn -0.0110 0.1818 0.9833
vn -0.9779 -0.0207 0.2080
vn -0.9802 -0.0233 0.1964
vn -0.9786 -0.0197 0.2050
vn -0.9779 -0.0205 0.2079
vn -0.0612 0.9595 -0.2751
vn -0.0571 0.9580 -0.2809
vn -0.0590 0.9758 -0.2107
vn -0.0662 0.9700 -0.2339
vn -0.0653 0.8265 -0.5591
vn -0.0637 0.7496 -0.6588
vn -0.0586 0.8840 -0.4639
vn -0.0601 0.9121 -0.4054
vn -0.0784 0.7483 -0.6587
vn -0.0742 0.6279 -0.7748
vn -0.0566 0.9463 -0.3184
vn -0.0554 0.9779 -0.2017
vn -0.0602 0.9255 -0.3740
vn -0.0606 0.8549 -0.5152
vn -0.0723 0.7911 -0.6073
vn -0.0620 0.8515 -0.5206
vn -0.0667 0.9719 -0.2256
vn -0.0710 0.9694 -0.2351
vn -0.0706 0.9696 -0.2343
vn -0.0856 0.6718 -0.7358
vn -0.0859 0.6262 -0.7749
vn -0.0852 0.6272 -0.7742
vn 0.0662 -0.9701 0.2336
vn 0.0613 -0.9595 0.2749
vn 0.0653 -0.9620 0.2650
vn 0.0705 -0.9697 0.2340
vn 0.0640 -0.7495 0.6589
vn 0.0585 -0.8841 0.4637
vn 0.0620 -0.8517 0.5204
vn 0.0703 -0.6916 0.7189
vn 0.0745 -0.6273 0.7752
vn 0.0853 -0.6266 0.7747
vn 0.0601 -0.9122 0.4053
vn 0.0604 -0.9255 0.3740
vn 0.0666 -0.9721 0.2249
vn 0.0590 -0.9778 0.2009
vn 0.0589 -0.9758 0.2104
vn 0.0856 -0.6712 0.7363
vn 0.0874 -0.7899 0.6069
vn 0.0784 -0.7482 0.6589
vn 0.0549 -0.9779 0.2018
vn 0.0553 -0.9780 0.2013
vn 0.0793 -0.7909 0.6067
vn 0.0723 -0.7912 0.6073
vn 0.9955 0.0559 -0.0768
vn 0.9953 0.0582 -0.0777
vn 0.9959 0.0491 -0.0756
vn 0.9958 0.0507 -0.0759
vn -0.9853 0.0312 0.1681
vn -0.9878 0.0390 0.1504
vn -0.9875 0.0345 0.1540
vn -0.9848 0.0125 0.1732
vn -0.9901 0.0312 0.1365
vn -0.9903 0.0323 0.1353
vn 0.9964 0.0407 -0.0749
vn 0.9968 0.0326 -0.0733
vn -0.9860 -0.0196 0.1657
vn -0.9858 -0.0002 0.1678
vn -0.9855 -0.0138 0.1689
vn -0.9859 -0.0235 0.1659
vn 0.9969 0.0284 -0.0740
vn 0.9968 0.0266 -0.0750
vn 0.9966 0.0337 -0.0754
vn 0.9968 0.0362 -0.0710
vn 0.9953 0.0584 -0.0773
vn 0.9953 0.0583 -0.0777
vn -0.0156 0.2222 0.9749
vn -0.0160 0.2110 0.9774
vn -0.0135 0.2363 0.9716
vn -0.0137 0.2444 0.9696
vn -0.9903 0.0320 0.1351
vn -0.9903 0.0320 0.1350
vn 0.0772 -0.6777 -0.7312
vn 0.0639 -0.6204 -0.7816
vn 0.0954 -0.7301 -0.6767
vn 0.1086 -0.7790 -0.6175
vn -0.0173 0.2109 0.9774
vn -0.9860 -0.0236 0.1652
vn -0.9862 -0.0232 0.1641
vn -0.9860 -0.0235 0.1652
vn 0.0584 -0.6207 -0.7819
vn 0.0576 -0.6201 -0.7824
vn 0.9964 0.0402 -0.0742
vn 0.9956 0.0378 -0.0852
vn 0.0019 0.9999 -0.0147
vn 0.0299 0.9995 0.0138
vn 0.0108 0.9990 -0.0434
vn -0.0071 0.9968 -0.0798
vn -0.0440 0.9568 -0.2873
vn -0.0283 0.9437 -0.3295
vn -0.0116 0.9726 -0.2323
vn -0.0253 0.9810 -0.1922
vn -0.0584 0.9381 -0.3414
vn -0.0579 0.9164 -0.3961
vn -0.0084 0.9897 -0.1428
vn 0.1476 0.9621 -0.2291
vn 0.1221 0.9555 -0.2687
vn 0.1994 0.9626 -0.1834
vn 0.2141 0.9632 -0.1625
vn 0.0312 0.9986 -0.0416
vn 0.0168 0.9938 -0.1096
vn 0.0448 0.9984 0.0347
vn 0.0478 0.9982 0.0350
vn 0.0387 0.9992 0.0091
vn 0.0330 0.9994 -0.0108
vn 0.0115 0.9952 -0.0967
vn -0.0143 0.9840 -0.1778
vn -0.0312 0.9710 -0.2370
vn 0.0089 0.9030 -0.4295
vn -0.0258 0.8716 -0.4896
vn 0.0485 0.9209 -0.3868
vn 0.0889 0.9306 -0.3551
vn -0.0053 0.9882 -0.1532
vn -0.0323 0.9787 -0.2029
vn -0.0369 0.9750 -0.2193
vn -0.0486 0.9554 -0.2911
vn -0.0584 0.8673 -0.4943
vn -0.0673 0.8528 -0.5179
vn 0.0197 0.9971 -0.0730
vn 0.1428 0.9856 -0.0906
vn 0.0983 0.9824 -0.1590
vn 0.0475 0.9542 -0.2954
vn 0.0479 0.9985 0.0256
vn 0.0482 0.9982 0.0347
vn -0.0687 0.8546 -0.5147
vn -0.0693 0.8512 -0.5202
vn 0.0169 0.9998 -0.0058
vn 0.0064 0.9995 -0.0297
vn 0.0377 0.9984 -0.0418
vn 0.2296 0.9625 -0.1447
vn 0.1218 0.9901 -0.0693
vn -0.0622 0.9406 -0.3338
vn -0.0706 0.9023 -0.4253
vn -0.0500 0.9551 -0.2919
vn -0.0421 0.9712 -0.2345
vn -0.0108 -0.9990 0.0435
vn -0.0263 -0.9996 -0.0099
vn -0.0019 -0.9999 0.0144
vn 0.0071 -0.9968 0.0798
vn 0.0115 -0.9725 0.2324
vn 0.0282 -0.9437 0.3295
vn 0.0440 -0.9568 0.2874
vn 0.0253 -0.9810 0.1923
vn 0.0556 -0.9108 0.4091
vn 0.0599 -0.9356 0.3479
vn 0.0084 -0.9897 0.1431
vn -0.2139 -0.9633 0.1621
vn -0.1475 -0.9622 0.2291
vn -0.0984 -0.9823 0.1591
vn -0.1429 -0.9856 0.0905
vn -0.0313 -0.9986 0.0414
vn -0.0171 -0.9938 0.1095
vn -0.0330 -0.9994 0.0108
vn -0.0454 -0.9985 -0.0295
vn -0.0117 -0.9952 0.0967
vn 0.0143 -0.9840 0.1778
vn 0.0054 -0.9882 0.1533
vn -0.0200 -0.9971 0.0730
vn 0.0312 -0.9710 0.2371
vn -0.0475 -0.9542 0.2955
vn -0.0886 -0.9306 0.3551
vn -0.0085 -0.9031 0.4294
vn 0.0367 -0.9749 0.2196
vn 0.0486 -0.9555 0.2911
vn 0.0588 -0.8672 0.4945
vn -0.0246 -0.9997 -0.0039
vn -0.0480 -0.9983 -0.0341
vn 0.0693 -0.8543 0.5151
vn 0.0700 -0.9131 0.4018
vn -0.0064 -0.9996 0.0292
vn -0.0379 -0.9984 0.0418
vn -0.2271 -0.9576 0.1774
vn -0.1991 -0.9628 0.1829
vn -0.2295 -0.9625 0.1447
vn 0.0609 -0.9462 0.3177
vn 0.0500 -0.9552 0.2917
vn 0.0416 -0.9782 0.2033
vn 0.0320 -0.9786 0.2031
vn 0.0420 -0.9712 0.2347
vn -0.1220 -0.9901 0.0690
vn -0.9694 0.2202 0.1088
vn -0.9799 0.1517 0.1296
vn -0.9729 0.1972 0.1212
vn -0.9665 0.2466 0.0716
vn 0.9984 -0.0458 -0.0329
vn 0.9971 -0.0495 -0.0584
vn 0.9978 -0.0477 -0.0450
vn 0.9989 -0.0342 -0.0332
vn 0.9993 0.0007 -0.0375
vn 0.9991 -0.0250 -0.0335
vn 0.9994 -0.0072 -0.0331
vn 0.9990 0.0132 -0.0425
vn -0.9861 0.0868 0.1414
vn -0.9880 0.0333 0.1507
vn -0.9881 0.0631 0.1406
vn -0.9837 0.1275 0.1268
vn 0.9988 0.0228 -0.0428
vn 0.9990 0.0247 -0.0364
vn -0.9877 0.0127 0.1561
vn -0.9885 0.0210 0.1495
vn 0.9962 -0.0492 -0.0716
vn 0.9962 -0.0493 -0.0716
vn -0.0005 -0.0029 1.0000
vn 0.0004 -0.0023 1.0000
vn 0.0007 -0.0234 0.9997
vn -0.0004 -0.0342 0.9994
vn -0.9875 0.0124 0.1572
vn -0.9878 0.0120 0.1556
vn 0.0389 -0.4199 -0.9067
vn 0.0346 -0.3986 -0.9165
vn 0.0476 -0.4875 -0.8718
vn 0.0536 -0.5331 -0.8444
vn 0.0054 0.0329 0.9994
vn 0.0020 0.0170 0.9999
vn 0.0029 0.0456 0.9990
vn 0.0048 0.0517 0.9987
vn 0.0590 0.1771 0.9824
vn 0.0486 0.1442 0.9884
vn 0.0584 0.1790 0.9821
vn 0.0628 0.1830 0.9811
vn -0.9677 0.2472 0.0499
vn -0.9665 0.2463 0.0716
vn -0.9667 0.2547 0.0232
vn -0.9677 0.2470 0.0498
vn 0.0198 -0.3346 -0.9422
vn 0.0256 -0.3651 -0.9306
vn 0.0095 -0.3076 -0.9515
vn 0.0079 -0.2958 -0.9552
vn -0.0009 -0.2163 -0.9763
vn -0.0022 -0.2149 -0.9766
vn -0.0013 -0.2172 -0.9761
vn 0.0011 -0.2482 -0.9687
vn 0.9988 0.0308 -0.0384
vn 0.9981 0.0342 -0.0520
vn 0.0108 0.0727 0.9973
vn 0.0319 0.1153 0.9928
vn 0.0980 0.9935 -0.0577
vn 0.1159 0.9933 -0.0010
vn 0.0867 0.9911 -0.1006
vn 0.0823 0.9840 -0.1582
vn 0.0099 0.8460 -0.5331
vn 0.0357 0.8019 -0.5964
vn 0.0868 0.9130 -0.3985
vn 0.0501 0.9366 -0.3468
vn -0.0314 0.7614 -0.6475
vn -0.0244 0.7121 -0.7017
vn 0.0570 0.9596 -0.2755
vn 0.2595 0.9201 -0.2933
vn 0.2336 0.9109 -0.3402
vn 0.3075 0.9284 -0.2086
vn 0.3190 0.9273 -0.1959
vn 0.1609 0.9819 -0.0996
vn 0.1316 0.9709 -0.2003
vn 0.1328 0.9901 0.0456
vn 0.1388 0.9893 0.0450
vn 0.1203 0.9927 -0.0009
vn 0.1099 0.9931 -0.0403
vn 0.0827 0.9775 -0.1939
vn 0.0403 0.9375 -0.3456
vn 0.0170 0.8965 -0.4426
vn 0.1330 0.8328 -0.5374
vn 0.1866 0.8558 -0.4824
vn 0.0734 0.7505 -0.6568
vn 0.0276 0.6938 -0.7196
vn 0.0389 0.9396 -0.3401
vn -0.0075 0.9149 -0.4037
vn -0.0095 0.9013 -0.4331
vn -0.0271 0.8363 -0.5476
vn -0.0150 0.6517 -0.7583
vn -0.0265 0.6372 -0.7702
vn 0.0757 0.9784 -0.1923
vn 0.2621 0.9535 -0.1488
vn 0.2157 0.9443 -0.2487
vn 0.1466 0.8783 -0.4551
vn 0.1393 0.9900 0.0245
vn 0.1395 0.9893 0.0433
vn -0.0276 0.6395 -0.7683
vn -0.0280 0.6357 -0.7715
vn 0.1027 0.9940 -0.0377
vn 0.1035 0.9924 -0.0669
vn 0.1512 0.9847 -0.0872
vn 0.3312 0.9250 -0.1860
vn 0.2499 0.9593 -0.1317
vn -0.0460 0.7778 -0.6269
vn -0.0363 0.6901 -0.7228
vn -0.0346 0.8434 -0.5362
vn -0.0223 0.8986 -0.4383
vn -0.0866 -0.9912 0.0999
vn -0.1112 -0.9938 0.0092
vn -0.0939 -0.9942 0.0516
vn -0.0824 -0.9840 0.1580
vn -0.0869 -0.9130 0.3986
vn -0.0357 -0.8017 0.5966
vn -0.0098 -0.8459 0.5333
vn -0.0501 -0.9366 0.3468
vn 0.0191 -0.6989 0.7149
vn 0.0342 -0.7535 0.6566
vn -0.0567 -0.9595 0.2760
vn -0.3188 -0.9274 0.1959
vn -0.2733 -0.9190 0.2841
vn -0.2113 -0.9390 0.2712
vn -0.2546 -0.9566 0.1417
vn -0.1468 -0.9854 0.0865
vn -0.1318 -0.9709 0.2001
vn -0.1099 -0.9932 0.0388
vn -0.1342 -0.9904 -0.0337
vn -0.0755 -0.9753 0.2078
vn -0.0456 -0.9362 0.3486
vn -0.0330 -0.9387 0.3431
vn -0.0873 -0.9831 0.1612
vn -0.0169 -0.8964 0.4428
vn -0.1254 -0.8756 0.4665
vn -0.1981 -0.8652 0.4606
vn -0.0731 -0.7504 0.6570
vn 0.0016 -0.9035 0.4285
vn 0.0272 -0.8360 0.5480
vn 0.0153 -0.6513 0.7587
vn -0.1117 -0.9936 0.0182
vn -0.1392 -0.9894 -0.0412
vn 0.0279 -0.6386 0.7690
vn 0.0395 -0.7117 0.7013
vn -0.1095 -0.9911 0.0758
vn -0.1793 -0.9774 0.1123
vn -0.3309 -0.9250 0.1867
vn -0.3292 -0.9208 0.2093
vn -0.3074 -0.9284 0.2086
vn 0.0464 -0.7974 0.6017
vn 0.0348 -0.8432 0.5365
vn 0.0217 -0.9152 0.4023
vn 0.0220 -0.8984 0.4387
vn 0.0236 -0.9158 0.4009
vn -0.2713 -0.9511 0.1480
vn -0.9334 0.3482 0.0863
vn -0.9602 0.2720 0.0636
vn -0.9444 0.3218 0.0673
vn -0.9260 0.3715 0.0674
vn 0.9876 -0.1429 -0.0655
vn 0.9871 -0.1462 -0.0651
vn 0.9902 -0.1379 -0.0208
vn 0.9993 -0.0289 -0.0218
vn 0.9986 0.0193 -0.0489
vn 0.9824 0.1753 -0.0640
vn 0.9985 0.0399 -0.0379
vn 0.9986 -0.0431 -0.0306
vn -0.9832 0.1750 0.0521
vn -0.9920 0.1086 0.0641
vn -0.9914 0.1179 0.0575
vn -0.9722 0.2315 0.0359
vn 1.0000 -0.0038 0.0031
vn 0.9999 0.0049 0.0130
vn -0.9940 0.0745 0.0795
vn -0.9940 0.0664 0.0874
vn 0.9852 -0.1452 -0.0914
vn 0.9853 -0.1449 -0.0905
vn -0.0029 0.0214 0.9998
vn -0.0004 0.0270 0.9996
vn -0.0112 -0.0175 0.9998
vn -0.0155 -0.0406 0.9991
vn -0.9937 0.0674 0.0898
vn -0.9938 0.0673 0.0888
vn 0.0590 -0.7198 -0.6916
vn 0.0566 -0.7187 -0.6930
vn 0.0681 -0.7613 -0.6448
vn 0.0710 -0.7835 -0.6173
vn 0.0118 0.0814 0.9966
vn 0.0076 0.0561 0.9984
vn 0.0244 0.1195 0.9925
vn 0.0185 0.0915 0.9956
vn 0.0600 0.2116 0.9755
vn 0.0501 0.1905 0.9804
vn 0.0595 0.2136 0.9751
vn 0.0642 0.2171 0.9740
vn -0.9255 0.3736 0.0622
vn -0.9259 0.3716 0.0673
vn -0.9244 0.3792 0.0406
vn -0.9254 0.3738 0.0620
vn 0.0387 -0.6235 -0.7809
vn 0.0442 -0.6766 -0.7350
vn 0.0229 -0.5589 -0.8289
vn 0.0211 -0.5529 -0.8330
vn 0.0074 -0.4255 -0.9049
vn 0.0043 -0.4224 -0.9064
vn 0.0065 -0.4265 -0.9045
vn 0.0095 -0.4733 -0.8808
vn 0.9991 0.0273 0.0319
vn 0.9991 0.0272 0.0319
vn 0.9996 0.0279 0.0065
vn 1.0000 -0.0037 0.0031
vn 0.0332 0.1541 0.9875
vn 0.0383 0.1543 0.9873
vn 0.0889 -0.9203 0.3809
vn 0.0961 -0.8970 0.4314
vn 0.0918 -0.9326 0.3491
vn 0.0872 -0.9329 0.3494
vn 0.0851 -0.9334 0.3487
vn 0.9958 0.0694 -0.0598
vn 0.9958 0.0695 -0.0594
vn -0.0651 0.9620 -0.2651
vn -0.0589 0.9778 -0.2012
vn -0.0792 0.7907 -0.6071
vn -0.0875 0.7899 -0.6070
vn 0.0570 -0.9581 0.2805
vn 0.0605 -0.8549 0.5152
vn 0.0652 -0.8265 0.5592
vn 0.0709 -0.9696 0.2342
vn -0.0134 0.2364 0.9716
vn -0.0126 0.2454 0.9693
vn -0.0121 0.2450 0.9694
vn -0.0124 0.2451 0.9694
vn -0.0770 0.9857 -0.1502
vn -0.0592 0.9834 -0.1714
vn 0.0636 -0.9750 0.2127
vn 0.0800 -0.9499 0.3020
vn 0.0815 -0.9399 0.3314
vn 0.0756 -0.9896 0.1225
vn -0.0126 0.1428 0.9897
vn -0.0127 0.1300 0.9914
vn -0.0531 0.9968 -0.0590
vn -0.0424 0.9917 -0.1210
vn -0.0806 0.9788 -0.1885
vn -0.0849 0.9782 -0.1895
vn 0.0501 -0.9887 0.1414
vn 0.0676 -0.9853 0.1567
vn 0.0722 -0.9800 0.1852
vn 0.0505 -0.9978 0.0427
vn 0.0065 0.0471 0.9989
vn 0.0062 0.0467 0.9989
vn -0.0637 0.9881 -0.1403
vn 0.0234 -0.9997 -0.0021
vn 0.0174 -0.9997 -0.0194
vn 0.0171 -0.9996 -0.0204
vn 0.0109 -0.0195 0.9998
vn 0.0104 -0.0201 0.9997
vn -0.0420 0.9782 -0.2032
vn -0.0387 -0.9992 -0.0092
vn -0.0478 -0.9982 -0.0351
vn -0.0481 -0.9982 -0.0347
vn -0.0004 -0.0347 0.9994
vn -0.0011 -0.0353 0.9994
vn -0.0237 0.9156 -0.4014
vn -0.1204 -0.9927 -0.0004
vn -0.1388 -0.9893 -0.0449
vn -0.1396 -0.9893 -0.0431
vn -0.0152 -0.0414 0.9990
vn -0.0168 -0.0429 0.9989
vn -0.0698 0.6917 -0.7188
vn -0.0549 0.9779 -0.2018
vn 0.0565 -0.9464 0.3179
vn 0.0859 -0.6260 0.7751
vn 0.1151 -0.7788 -0.6166
vn 0.1162 -0.7795 -0.6155
vn -0.0882 0.8960 -0.4353
vn -0.0991 0.8830 -0.4588
vn -0.0987 0.8832 -0.4584
vn -0.0540 0.9835 -0.1726
vn 0.0623 -0.9683 0.2421
vn 0.0583 -0.4698 -0.8808
vn 0.0588 -0.4703 -0.8805
vn 0.0991 -0.8828 0.4591
vn -0.0823 0.9490 -0.3044
vn -0.0389 0.9917 -0.1224
vn 0.0525 -0.9837 0.1722
vn 0.0933 -0.9410 0.3252
vn 0.0385 -0.3362 -0.9410
vn 0.0391 -0.3370 -0.9407
vn 0.1003 0.9849 -0.1411
vn -0.0264 -0.9821 0.1866
vn 0.0209 -0.9668 0.2546
vn 0.0539 -0.9466 0.3178
vn 0.0853 -0.9385 0.3347
vn 0.0867 -0.9376 0.3366
vn 0.0363 -0.3476 -0.9369
vn 0.0392 -0.3508 -0.9356
vn 0.2275 0.9573 -0.1781
vn -0.1220 -0.9554 0.2688
vn -0.0482 -0.9208 0.3870
vn 0.0266 -0.8715 0.4897
vn 0.0680 -0.8527 0.5180
vn 0.0701 -0.8511 0.5204
vn 0.0526 -0.5347 -0.8434
vn 0.0564 -0.5386 -0.8406
vn 0.3296 0.9208 -0.2086
vn -0.2336 -0.9109 0.3402
vn -0.1331 -0.8326 0.5377
vn -0.0272 -0.6934 0.7200
vn 0.0268 -0.6365 0.7708
vn 0.0286 -0.6343 0.7725
vn 0.0702 -0.7845 -0.6162
vn 0.0732 -0.7869 -0.6127
vt 0.329702 1.160365
vt 0.324888 1.157055
vt 0.328829 1.147097
vt 0.338430 1.153438
vt 0.338207 1.162678
vt 0.343206 1.157909
vt 0.342840 1.160793
vt 0.353869 1.156990
vt 0.351990 1.148343
vt 0.357927 1.151824
vt 0.359584 1.159818
vt 0.327735 1.136131
vt 0.337446 1.138043
vt 0.319016 1.150680
vt 0.317063 1.135236
vt 0.304096 1.134419
vt 0.305190 1.149428
vt 0.290741 1.133951
vt 0.291019 1.148650
vt 0.278039 1.148412
vt 0.278039 1.133787
vt 0.350508 1.141667
vt 0.348160 1.131796
vt 0.354188 1.134508
vt 0.356395 1.144466
vt 0.345008 1.139533
vt 0.335175 1.128073
vt 0.342521 1.129971
vt 0.326456 1.126232
vt 0.315876 1.125032
vt 0.303344 1.124098
vt 0.290536 1.123634
vt 0.278039 1.123380
vt 0.345970 1.122147
vt 0.351986 1.124068
vt 0.332715 1.118568
vt 0.340208 1.120429
vt 0.325388 1.117416
vt 0.302724 1.115459
vt 0.315003 1.116206
vt 0.290351 1.114820
vt 0.278039 1.114542
vt 0.330957 1.111839
vt 0.338827 1.113706
vt 0.324614 1.110653
vt 0.302297 1.108702
vt 0.314573 1.109460
vt 0.290135 1.108079
vt 0.278039 1.107790
vt 0.305954 1.161589
vt 0.306219 1.168132
vt 0.291426 1.167227
vt 0.291242 1.160730
vt 0.320827 1.163157
vt 0.320620 1.169681
vt 0.372930 1.183762
vt 0.373760 1.193341
vt 0.367911 1.190422
vt 0.366667 1.180059
vt 0.371067 1.165996
vt 0.372082 1.174872
vt 0.365307 1.170544
vt 0.363889 1.161714
vt 0.361719 1.148506
vt 0.369750 1.156036
vt 0.362673 1.154382
vt 0.368830 1.146046
vt 0.360185 1.138671
vt 0.368275 1.138836
vt 0.358924 1.130041
vt 0.379534 1.187982
vt 0.380054 1.196899
vt 0.365556 1.189141
vt 0.363775 1.178403
vt 0.378385 1.171415
vt 0.378891 1.179253
vt 0.361973 1.168661
vt 0.377778 1.163061
vt 0.360230 1.159913
vt 0.358588 1.152078
vt 0.377405 1.154742
vt 0.357044 1.144948
vt 0.354851 1.135058
vt 0.377348 1.148202
vt 0.352767 1.124699
vt 0.387109 1.193306
vt 0.387094 1.201343
vt 0.387019 1.185274
vt 0.386842 1.172012
vt 0.387029 1.178557
vt 0.386755 1.165443
vt 0.386318 1.158610
vt 0.325365 1.176869
vt 0.327940 1.177257
vt 0.325448 1.177071
vt 0.352045 1.183873
vt 0.354052 1.195869
vt 0.340889 1.191483
vt 0.339134 1.179819
vt 0.365204 1.189042
vt 0.366853 1.200513
vt 0.366547 1.200411
vt 0.364892 1.188902
vt 0.374488 1.203763
vt 0.369102 1.201594
vt 0.380567 1.206241
vt 0.387047 1.209218
vt 0.297137 1.230723
vt 0.298048 1.236716
vt 0.287746 1.236838
vt 0.287436 1.231028
vt 0.323333 1.230111
vt 0.324619 1.237510
vt 0.317990 1.236892
vt 0.316707 1.230216
vt 0.344609 1.229557
vt 0.346094 1.245304
vt 0.330815 1.238395
vt 0.329909 1.224338
vt 0.358768 1.234980
vt 0.360481 1.251929
vt 0.372412 1.245238
vt 0.373677 1.256097
vt 0.373397 1.256068
vt 0.372122 1.245140
vt 0.304611 1.218355
vt 0.305745 1.224289
vt 0.296497 1.224794
vt 0.295891 1.218789
vt 0.313103 1.217498
vt 0.315069 1.223572
vt 0.369247 1.221386
vt 0.370697 1.233274
vt 0.367235 1.237983
vt 0.364323 1.214983
vt 0.370829 1.222577
vt 0.370629 1.222507
vt 0.370869 1.221956
vt 0.370999 1.222111
vt 0.395354 1.224594
vt 0.395196 1.229934
vt 0.394856 1.229875
vt 0.395005 1.224501
vt 0.321873 1.215114
vt 0.320767 1.215943
vt 0.316651 1.210466
vt 0.317624 1.209311
vt 0.303800 1.213315
vt 0.311333 1.212490
vt 0.295374 1.213692
vt 0.327382 1.230184
vt 0.329792 1.238346
vt 0.329044 1.238316
vt 0.326221 1.230217
vt 0.367975 1.211307
vt 0.361844 1.198822
vt 0.370215 1.212032
vt 0.368597 1.211532
vt 0.367195 1.200591
vt 0.374974 1.213163
vt 0.380849 1.214878
vt 0.395647 1.213087
vt 0.395439 1.219229
vt 0.395110 1.219086
vt 0.395339 1.212913
vt 0.393714 1.197902
vt 0.393212 1.204628
vt 0.395056 1.184822
vt 0.394446 1.191068
vt 0.395476 1.179494
vt 0.395535 1.173561
vt 0.394773 1.168476
vt 0.392738 1.211730
vt 0.381019 1.222832
vt 0.381013 1.222543
vt 0.385525 1.223038
vt 0.385527 1.223327
vt 0.349428 1.157859
vt 0.350272 1.160802
vt 0.344721 1.142320
vt 0.344238 1.142806
vt 0.359740 1.186528
vt 0.369043 1.254799
vt 0.346791 1.144486
vt 0.361341 1.168639
vt 0.355499 1.164875
vt 0.363091 1.178089
vt 0.357614 1.175486
vt 0.391531 1.223917
vt 0.391556 1.223734
vt 0.391971 1.223922
vt 0.391823 1.224053
vt 0.394470 1.198321
vt 0.393915 1.204990
vt 0.395186 1.191425
vt 0.396213 1.179936
vt 0.395735 1.185367
vt 0.396362 1.174186
vt 0.395931 1.169518
vt 0.393471 1.212077
vt 0.391718 1.246078
vt 0.391905 1.246070
vt 0.392036 1.251312
vt 0.391849 1.251328
vt 0.392744 1.246034
vt 0.392648 1.240641
vt 0.393519 1.240668
vt 0.393600 1.246043
vt 0.392923 1.224014
vt 0.393196 1.218412
vt 0.394002 1.218596
vt 0.393867 1.224193
vt 0.395649 1.199215
vt 0.395522 1.205982
vt 0.394609 1.205394
vt 0.395182 1.198864
vt 0.395904 1.192311
vt 0.394287 1.212314
vt 0.394543 1.246028
vt 0.394510 1.251173
vt 0.393644 1.251194
vt 0.398677 1.175339
vt 0.397763 1.174804
vt 0.398383 1.169603
vt 0.399354 1.168691
vt 0.396845 1.180935
vt 0.396366 1.185920
vt 0.397009 1.174458
vt 0.397171 1.169962
vt 0.392862 1.251239
vt 0.391803 1.240663
vt 0.392352 1.218203
vt 0.324142 1.222737
vt 0.325343 1.222067
vt 0.372023 1.233473
vt 0.373405 1.245494
vt 0.373174 1.245436
vt 0.371795 1.233437
vt 0.394920 1.240623
vt 0.394581 1.240633
vt 0.394715 1.235255
vt 0.395051 1.235244
vt 0.342529 1.207963
vt 0.356198 1.212384
vt 0.392668 1.235236
vt 0.392750 1.229542
vt 0.393684 1.229670
vt 0.393587 1.235289
vt 0.391800 1.229494
vt 0.391980 1.229503
vt 0.391848 1.235236
vt 0.391661 1.235236
vt 0.291514 1.242061
vt 0.284591 1.242051
vt 0.308002 1.236596
vt 0.305551 1.242246
vt 0.298620 1.242087
vt 0.318956 1.243121
vt 0.312302 1.242515
vt 0.331052 1.246235
vt 0.325422 1.244309
vt 0.375605 1.266202
vt 0.375858 1.266247
vt 0.376488 1.270738
vt 0.376280 1.270705
vt 0.374546 1.266133
vt 0.375027 1.270572
vt 0.370690 1.271151
vt 0.370059 1.265131
vt 0.393357 1.266106
vt 0.393631 1.271098
vt 0.393161 1.271076
vt 0.392805 1.266145
vt 0.395106 1.270887
vt 0.394701 1.270949
vt 0.394604 1.266062
vt 0.395007 1.266041
vt 0.394226 1.271022
vt 0.393987 1.266092
vt 0.337896 1.167501
vt 0.338663 1.172671
vt 0.333800 1.172031
vt 0.332719 1.166265
vt 0.328769 1.203841
vt 0.336104 1.249070
vt 0.336097 1.248617
vt 0.342128 1.251955
vt 0.342183 1.252415
vt 0.374470 1.295049
vt 0.373694 1.291028
vt 0.374051 1.290917
vt 0.374918 1.294965
vt 0.380425 1.294519
vt 0.376593 1.294648
vt 0.376416 1.284891
vt 0.380015 1.284847
vt 0.387297 1.294296
vt 0.386907 1.284868
vt 0.394493 1.293922
vt 0.394067 1.293947
vt 0.393665 1.284858
vt 0.394198 1.284850
vt 0.394767 1.284856
vt 0.395037 1.293940
vt 0.395481 1.293927
vt 0.395333 1.284801
vt 0.374999 1.299765
vt 0.375354 1.299791
vt 0.375987 1.284801
vt 0.375401 1.275066
vt 0.375676 1.275120
vt 0.376196 1.284858
vt 0.376567 1.299790
vt 0.377091 1.275337
vt 0.379376 1.275375
vt 0.385244 1.303136
vt 0.380624 1.303793
vt 0.386393 1.275754
vt 0.389763 1.302760
vt 0.394591 1.302553
vt 0.393229 1.276104
vt 0.393922 1.276097
vt 0.395164 1.302579
vt 0.394627 1.275931
vt 0.395588 1.302609
vt 0.395195 1.275786
vt 0.402725 1.293586
vt 0.412793 1.294536
vt 0.408938 1.304893
vt 0.402230 1.303666
vt 0.409491 1.283089
vt 0.410497 1.288713
vt 0.402038 1.284053
vt 0.401403 1.274903
vt 0.408208 1.273728
vt 0.400920 1.265940
vt 0.407145 1.265403
vt 0.406633 1.248031
vt 0.406575 1.256641
vt 0.400636 1.256498
vt 0.400831 1.246982
vt 0.407053 1.239570
vt 0.401144 1.237429
vt 0.407737 1.230707
vt 0.401514 1.227546
vt 0.408570 1.222039
vt 0.402043 1.217702
vt 0.410134 1.214225
vt 0.402585 1.209976
vt 0.405795 1.199721
vt 0.407713 1.202714
vt 0.407215 1.202689
vt 0.403817 1.196721
vt 0.403590 1.197218
vt 0.400046 1.190893
vt 0.399742 1.191050
vt 0.398373 1.188845
vt 0.398538 1.188430
vt 0.403733 1.172300
vt 0.402096 1.178338
vt 0.374657 1.256240
vt 0.374414 1.256194
vt 0.361483 1.262497
vt 0.393128 1.261266
vt 0.392498 1.261343
vt 0.392187 1.256584
vt 0.392960 1.256479
vt 0.394944 1.261154
vt 0.394558 1.261171
vt 0.394528 1.256365
vt 0.394899 1.256355
vt 0.393840 1.261202
vt 0.393725 1.256383
vt 0.418532 1.298079
vt 0.415415 1.306422
vt 0.396547 1.302752
vt 0.396273 1.293864
vt 0.417006 1.280301
vt 0.418677 1.284018
vt 0.396060 1.284704
vt 0.415596 1.276585
vt 0.395888 1.275666
vt 0.413567 1.268589
vt 0.395776 1.270801
vt 0.411949 1.252918
vt 0.395540 1.256356
vt 0.395505 1.251217
vt 0.411989 1.245045
vt 0.395536 1.246126
vt 0.395535 1.240798
vt 0.412456 1.236885
vt 0.395657 1.235485
vt 0.395801 1.230222
vt 0.413274 1.229018
vt 0.395950 1.224922
vt 0.396030 1.219638
vt 0.415603 1.217278
vt 0.415670 1.217555
vt 0.415437 1.217740
vt 0.396229 1.213576
vt 0.396446 1.206597
vt 0.412464 1.260882
vt 0.395668 1.266003
vt 0.395591 1.261136
vt 0.420791 1.287524
vt 0.423271 1.290823
vt 0.423859 1.301291
vt 0.421535 1.307991
vt 0.396694 1.199971
vt 0.403193 1.203584
vt 0.409222 1.186780
vt 0.407516 1.193135
vt 0.404845 1.189895
vt 0.405957 1.182736
vt 0.411058 1.181779
vt 0.407584 1.177329
vt 0.406642 1.197879
vt 0.404694 1.195351
vt 0.417794 1.197403
vt 0.416235 1.203882
vt 0.411221 1.197763
vt 0.412932 1.191632
vt 0.419679 1.191833
vt 0.414926 1.186249
vt 0.415082 1.210179
vt 0.409883 1.202245
vt 0.417019 1.181288
vt 0.422033 1.186667
vt 0.413298 1.176922
vt 0.407454 1.171931
vt 0.411426 1.174558
vt 0.419538 1.176662
vt 0.422517 1.172244
vt 0.427202 1.177654
vt 0.424465 1.182107
vt 0.403195 1.159332
vt 0.404610 1.156157
vt 0.409027 1.160806
vt 0.407271 1.164056
vt 0.400968 1.185300
vt 0.400575 1.190184
vt 0.398693 1.187871
vt 0.398347 1.182224
vt 0.409639 1.203076
vt 0.406510 1.198756
vt 0.413967 1.209563
vt 0.400020 1.167486
vt 0.401686 1.163132
vt 0.405520 1.167778
vt 0.404729 1.196412
vt 0.400507 1.190840
vt 0.345446 1.118806
vt 0.330880 1.108249
vt 0.328451 1.107213
vt 0.302104 1.103464
vt 0.314464 1.104786
vt 0.290058 1.102811
vt 0.324469 1.106354
vt 0.359882 1.159898
vt 0.361648 1.168661
vt 0.352751 1.166158
vt 0.351389 1.163572
vt 0.356848 1.171527
vt 0.394872 1.251163
vt 0.391615 1.240668
vt 0.394906 1.246022
vt 0.392165 1.224364
vt 0.414460 1.272537
vt 0.412125 1.257026
vt 0.411944 1.248936
vt 0.412227 1.241071
vt 0.412858 1.233099
vt 0.414614 1.220972
vt 0.413870 1.225122
vt 0.412956 1.264748
vt 0.426450 1.294158
vt 0.369842 1.221731
vt 0.373926 1.221811
vt 0.371429 1.221599
vt 0.376909 1.222100
vt 0.387077 1.216655
vt 0.329988 1.188887
vt 0.328863 1.189043
vt 0.349784 1.172793
vt 0.350212 1.174845
vt 0.341806 1.174931
vt 0.341435 1.173102
vt 0.339535 1.174410
vt 0.355612 1.173879
vt 0.353866 1.172314
vt 0.353993 1.171705
vt 0.353568 1.168533
vt 0.342160 1.163575
vt 0.341190 1.166350
vt 0.363418 1.178281
vt 0.358234 1.151963
vt 0.356690 1.144694
vt 0.354508 1.134792
vt 0.352372 1.124379
vt 0.373974 1.256109
vt 0.372714 1.245322
vt 0.370981 1.233326
vt 0.369537 1.221548
vt 0.371272 1.233356
vt 0.368279 1.211421
vt 0.375268 1.270591
vt 0.375542 1.270604
vt 0.375919 1.275178
vt 0.376358 1.294687
vt 0.376532 1.304527
vt 0.376277 1.304586
vt 0.376307 1.299823
vt 0.374778 1.266128
vt 0.375079 1.266108
vt 0.346194 1.142999
vt 0.375165 1.304751
vt 0.375472 1.304714
vt 0.376131 1.294738
vt 0.376057 1.299841
vt 0.370972 1.282560
vt 0.369140 1.278840
vt 0.369443 1.278731
vt 0.371308 1.282383
vt 0.372475 1.286597
vt 0.372874 1.286393
vt 0.364618 1.271841
vt 0.361762 1.268349
vt 0.362118 1.268129
vt 0.364980 1.271650
vt 0.367403 1.275170
vt 0.366948 1.275188
vt 0.358357 1.264207
vt 0.358054 1.264504
vt 0.348136 1.255646
vt 0.347959 1.256093
vt 0.331112 1.246677
vt 0.306974 1.230488
vt 0.287158 1.225084
vt 0.278039 1.225074
vt 0.278039 1.219119
vt 0.286794 1.219052
vt 0.286647 1.213893
vt 0.278039 1.213933
vt 0.321200 1.223126
vt 0.317971 1.216693
vt 0.314431 1.211800
vt 0.278039 1.242434
vt 0.278039 1.242016
vt 0.284607 1.242468
vt 0.291546 1.242479
vt 0.298663 1.242505
vt 0.305613 1.242663
vt 0.312367 1.242933
vt 0.319029 1.243539
vt 0.325478 1.244734
vt 0.328362 1.229905
vt 0.323020 1.222919
vt 0.278039 1.231092
vt 0.303174 1.208833
vt 0.309831 1.208284
vt 0.295202 1.209125
vt 0.286523 1.209252
vt 0.311142 1.208083
vt 0.328037 1.203889
vt 0.328451 1.203691
vt 0.329380 1.224163
vt 0.328914 1.224415
vt 0.330392 1.238320
vt 0.312094 1.207544
vt 0.315631 1.211289
vt 0.326988 1.187335
vt 0.326780 1.187400
vt 0.325320 1.177144
vt 0.319391 1.216401
vt 0.312749 1.206219
vt 0.313180 1.204136
vt 0.353436 1.172601
vt 0.354024 1.175108
vt 0.328088 1.177265
vt 0.326324 1.168101
vt 0.340906 1.172819
vt 0.340741 1.172311
vt 0.340654 1.168773
vt 0.345560 1.142365
vt 0.343863 1.144099
vt 0.392678 1.272583
vt 0.392917 1.272594
vt 0.379036 1.271995
vt 0.386113 1.272433
vt 0.377036 1.271612
vt 0.392367 1.270684
vt 0.392682 1.270703
vt 0.378754 1.269503
vt 0.385770 1.270241
vt 0.376851 1.269246
vt 0.392081 1.267703
vt 0.392384 1.269104
vt 0.392049 1.269084
vt 0.391721 1.267658
vt 0.378524 1.267311
vt 0.378309 1.265094
vt 0.385294 1.266403
vt 0.385518 1.268323
vt 0.376766 1.266955
vt 0.376759 1.264632
vt 0.424506 1.219879
vt 0.424819 1.219866
vt 0.424592 1.230890
vt 0.424278 1.230902
vt 0.429311 1.197214
vt 0.427805 1.201994
vt 0.426174 1.196353
vt 0.371470 1.221850
vt 0.371528 1.222158
vt 0.371062 1.222385
vt 0.376921 1.222352
vt 0.381014 1.223071
vt 0.376907 1.222614
vt 0.385454 1.223553
vt 0.391412 1.224232
vt 0.388613 1.223891
vt 0.388663 1.223623
vt 0.433207 1.226035
vt 0.433360 1.226036
vt 0.433404 1.231585
vt 0.433374 1.214539
vt 0.433825 1.214533
vt 0.433391 1.220321
vt 0.432945 1.220326
vt 0.425065 1.207534
vt 0.425377 1.207520
vt 0.434216 1.236654
vt 0.435545 1.241769
vt 0.434821 1.241802
vt 0.433911 1.236665
vt 0.436463 1.193367
vt 0.436124 1.197043
vt 0.435934 1.197388
vt 0.435013 1.204188
vt 0.438008 1.204466
vt 0.436753 1.209319
vt 0.434290 1.209343
vt 0.434059 1.220316
vt 0.433839 1.209347
vt 0.430877 1.242483
vt 0.428511 1.243140
vt 0.428330 1.242754
vt 0.430751 1.242006
vt 0.424419 1.250113
vt 0.424334 1.245597
vt 0.424845 1.246192
vt 0.373217 1.227858
vt 0.380791 1.227793
vt 0.376377 1.227653
vt 0.385814 1.227896
vt 0.390970 1.227997
vt 0.435870 1.246646
vt 0.435837 1.246310
vt 0.439944 1.250838
vt 0.424248 1.241082
vt 0.424574 1.241350
vt 0.436641 1.198974
vt 0.436404 1.199221
vt 0.438619 1.201715
vt 0.437337 1.200628
vt 0.437577 1.200389
vt 0.438695 1.201371
vt 0.330731 1.187934
vt 0.329509 1.187560
vt 0.326194 1.168136
vt 0.321330 1.176373
vt 0.291617 1.173831
vt 0.278039 1.173566
vt 0.278039 1.166945
vt 0.306521 1.174766
vt 0.291244 1.160562
vt 0.278039 1.160281
vt 0.305975 1.161437
vt 0.320835 1.163022
vt 0.326085 1.167067
vt 0.324160 1.164294
vt 0.324984 1.165122
vt 0.325506 1.166169
vt 0.324865 1.165236
vt 0.324070 1.164425
vt 0.325638 1.166091
vt 0.325934 1.167112
vt 0.323088 1.163798
vt 0.321976 1.163363
vt 0.322028 1.163227
vt 0.323149 1.163648
vt 0.305122 1.272586
vt 0.290832 1.271668
vt 0.290914 1.274347
vt 0.305115 1.275307
vt 0.319678 1.274122
vt 0.319434 1.276851
vt 0.322344 1.274432
vt 0.323400 1.277236
vt 0.323400 1.275592
vt 0.323300 1.275169
vt 0.323100 1.274840
vt 0.322774 1.274583
vt 0.290845 1.271384
vt 0.291170 1.268439
vt 0.278039 1.268163
vt 0.278039 1.271125
vt 0.305145 1.272301
vt 0.305628 1.269339
vt 0.319712 1.273854
vt 0.320105 1.270864
vt 0.322453 1.274163
vt 0.324133 1.271637
vt 0.324138 1.271391
vt 0.323571 1.273654
vt 0.323755 1.273253
vt 0.323300 1.273941
vt 0.322914 1.274121
vt 0.323653 1.277240
vt 0.323682 1.275561
vt 0.323570 1.275075
vt 0.323334 1.274676
vt 0.322951 1.274357
vt 0.327662 1.188774
vt 0.329065 1.187917
vt 0.329368 1.187820
vt 0.327505 1.187575
vt 0.353432 1.260214
vt 0.353717 1.259881
vt 0.330229 1.269666
vt 0.324850 1.263056
vt 0.324137 1.271379
vt 0.329420 1.187512
vt 0.329304 1.187703
vt 0.329087 1.187784
vt 0.305421 1.256156
vt 0.291120 1.255517
vt 0.320016 1.257578
vt 0.321154 1.258954
vt 0.321948 1.262722
vt 0.324187 1.262737
vt 0.326785 1.188743
vt 0.327188 1.188684
vt 0.317113 1.189204
vt 0.326719 1.187498
vt 0.321948 1.262724
vt 0.305943 1.161520
vt 0.291247 1.160660
vt 0.320847 1.163087
vt 0.322002 1.163295
vt 0.323118 1.163723
vt 0.324115 1.164360
vt 0.324924 1.165179
vt 0.325572 1.166130
vt 0.326009 1.167089
vt 0.326259 1.168118
vt 0.328011 1.177252
vt 0.329468 1.187535
vt 0.329335 1.187760
vt 0.329078 1.187848
vt 0.327008 1.187405
vt 0.327022 1.187469
vt 0.326755 1.187451
vt 0.325234 1.177196
vt 0.325268 1.177171
vt 0.321948 1.262723
vt 0.324138 1.271387
vt 0.278039 1.160463
vt 0.278039 1.160363
vt 0.415554 1.212855
vt 0.411341 1.209408
vt 0.411522 1.208846
vt 0.408363 1.202840
vt 0.406094 1.199317
vt 0.412606 1.209140
vt 0.404240 1.196577
vt 0.400290 1.190864
vt 0.398724 1.188370
vt 0.408798 1.170563
vt 0.408176 1.170098
vt 0.405963 1.153277
vt 0.410464 1.158623
vt 0.408568 1.166074
vt 0.409837 1.165346
vt 0.408929 1.166107
vt 0.415749 1.172547
vt 0.411763 1.171000
vt 0.412126 1.170574
vt 0.413398 1.166444
vt 0.418698 1.168024
vt 0.413549 1.167084
vt 0.412244 1.165211
vt 0.411428 1.164968
vt 0.407765 1.169444
vt 0.411911 1.165868
vt 0.410356 1.167328
vt 0.411337 1.165697
vt 0.410700 1.171207
vt 0.411249 1.171227
vt 0.412269 1.170065
vt 0.413094 1.168832
vt 0.407328 1.166979
vt 0.407299 1.167520
vt 0.408049 1.166171
vt 0.407593 1.166493
vt 0.412266 1.169702
vt 0.413483 1.168109
vt 0.410589 1.165018
vt 0.415758 1.164803
vt 0.412935 1.165721
vt 0.408922 1.170344
vt 0.410733 1.170958
vt 0.408368 1.169922
vt 0.407991 1.169340
vt 0.407544 1.167510
vt 0.407591 1.167059
vt 0.407804 1.166681
vt 0.408159 1.166425
vt 0.408581 1.166319
vt 0.409000 1.166303
vt 0.409956 1.165546
vt 0.410644 1.165265
vt 0.411397 1.165226
vt 0.412127 1.165444
vt 0.412740 1.165902
vt 0.413158 1.166545
vt 0.413331 1.167287
vt 0.413238 1.168035
vt 0.412905 1.168701
vt 0.412083 1.169608
vt 0.412025 1.170020
vt 0.411881 1.170436
vt 0.411592 1.170770
vt 0.411193 1.170954
vt 0.409195 1.169842
vt 0.410742 1.170387
vt 0.408781 1.169539
vt 0.408509 1.169111
vt 0.408106 1.167552
vt 0.408104 1.167265
vt 0.408237 1.167048
vt 0.408492 1.166906
vt 0.408838 1.166837
vt 0.409264 1.166770
vt 0.410175 1.165940
vt 0.410739 1.165724
vt 0.412388 1.166232
vt 0.412719 1.166733
vt 0.412858 1.167315
vt 0.412788 1.167908
vt 0.412527 1.168454
vt 0.411635 1.169316
vt 0.411519 1.169737
vt 0.411416 1.170073
vt 0.411254 1.170313
vt 0.411027 1.170422
vt 0.411150 1.168180
vt 0.410839 1.167671
vt 0.416222 1.217678
vt 0.416198 1.217226
vt 0.373940 1.222062
vt 0.373993 1.222360
vt 0.425834 1.196382
vt 0.433196 1.189343
vt 0.425918 1.195898
vt 0.426242 1.195855
vt 0.425920 1.213412
vt 0.426687 1.225422
vt 0.426362 1.244074
vt 0.426511 1.244405
vt 0.425006 1.246399
vt 0.426028 1.219816
vt 0.427789 1.230762
vt 0.426519 1.207471
vt 0.391715 1.224381
vt 0.437531 1.246340
vt 0.435528 1.246311
vt 0.435576 1.246632
vt 0.434498 1.241817
vt 0.433578 1.236678
vt 0.433046 1.231576
vt 0.435153 1.214518
vt 0.434625 1.204153
vt 0.388660 1.223393
vt 0.376036 1.304641
vt 0.392979 1.271067
vt 0.392624 1.266158
vt 0.392315 1.261365
vt 0.392003 1.256609
vt 0.391982 1.224407
vt 0.432802 1.226036
vt 0.376772 1.271602
vt 0.376570 1.269192
vt 0.376450 1.266913
vt 0.376416 1.264529
vt 0.435475 1.198835
vt 0.371084 1.275029
vt 0.329762 1.107612
vt 0.342286 1.163604
vt 0.341303 1.166385
vt 0.349756 1.172673
vt 0.353403 1.172483
vt 0.349288 1.157871
vt 0.346700 1.144496
vt 0.351287 1.163590
vt 0.350175 1.160809
vt 0.342964 1.160810
vt 0.343347 1.157908
vt 0.353867 1.171724
vt 0.353490 1.168547
vt 0.352635 1.166213
vt 0.341407 1.172980
vt 0.353765 1.172241
vt 0.345508 1.142478
vt 0.344749 1.142421
vt 0.344326 1.142848
vt 0.346071 1.143039
vt 0.343971 1.144109
vt 0.340769 1.168827
vt 0.340867 1.172302
vt 0.340996 1.172730
vt 0.311377 1.648714
vt 0.310452 1.651760
vt 0.310215 1.651480
vt 0.311140 1.648427
vt 0.324044 1.641846
vt 0.320498 1.641845
vt 0.320531 1.641636
vt 0.324109 1.641673
vt 0.300960 1.671870
vt 0.294440 1.658826
vt 0.294750 1.658738
vt 0.301071 1.671607
vt 0.291474 1.652991
vt 0.291663 1.652670
vt 0.293165 1.655567
vt 0.292990 1.655900
vt 0.309553 1.654752
vt 0.309323 1.654457
vt 0.308710 1.657747
vt 0.308403 1.657712
vt 0.288828 1.647554
vt 0.287797 1.644155
vt 0.288049 1.644148
vt 0.289003 1.647165
vt 0.290158 1.649781
vt 0.289968 1.650113
vt 0.312622 1.641869
vt 0.312560 1.641691
vt 0.324318 1.641941
vt 0.324468 1.641881
vt 0.324634 1.642287
vt 0.324797 1.642238
vt 0.302572 1.673891
vt 0.302452 1.673297
vt 0.303384 1.673334
vt 0.303418 1.673941
vt 0.303917 1.673497
vt 0.303859 1.672913
vt 0.301891 1.673328
vt 0.301819 1.672763
vt 0.304523 1.672172
vt 0.304349 1.671860
vt 0.311961 1.646062
vt 0.311728 1.645729
vt 0.312241 1.642401
vt 0.312064 1.642428
vt 0.312401 1.642059
vt 0.312236 1.642031
vt 0.305183 1.645525
vt 0.305903 1.642199
vt 0.295795 1.646060
vt 0.296432 1.649134
vt 0.304818 1.648616
vt 0.298133 1.657854
vt 0.304677 1.657272
vt 0.293281 1.639633
vt 0.293744 1.641360
vt 0.294542 1.642991
vt 0.306477 1.640911
vt 0.299557 1.657661
vt 0.303376 1.657376
vt 0.304053 1.657310
vt 0.298775 1.657806
vt 0.306658 1.638994
vt 0.304194 1.648287
vt 0.303575 1.648329
vt 0.297787 1.648733
vt 0.297107 1.648909
vt 0.304585 1.645076
vt 0.304083 1.645001
vt 0.296869 1.645440
vt 0.296335 1.645647
vt 0.305392 1.641992
vt 0.304940 1.641903
vt 0.295646 1.642451
vt 0.295128 1.642636
vt 0.305765 1.640664
vt 0.305155 1.640643
vt 0.295220 1.640952
vt 0.294506 1.640967
vt 0.305867 1.639054
vt 0.305209 1.639127
vt 0.294978 1.639333
vt 0.294250 1.639364
vt 0.307410 1.626896
vt 0.312104 1.626668
vt 0.305013 1.626885
vt 0.303103 1.626704
vt 0.295752 1.627304
vt 0.293770 1.627281
vt 0.291096 1.627327
vt 0.286245 1.627101
vt 0.324340 1.627101
vt 0.307389 1.620334
vt 0.312508 1.620068
vt 0.304867 1.619893
vt 0.302851 1.619808
vt 0.297601 1.619560
vt 0.294929 1.619425
vt 0.291696 1.618451
vt 0.286825 1.617408
vt 0.322446 1.619779
vt 0.312340 1.615649
vt 0.317559 1.616081
vt 0.313904 1.613724
vt 0.315800 1.612792
vt 0.319350 1.612750
vt 0.321450 1.613795
vt 0.322620 1.616107
vt 0.417221 1.280220
vt 0.418878 1.283902
vt 0.414686 1.272494
vt 0.415817 1.276513
vt 0.413185 1.264722
vt 0.413797 1.268555
vt 0.412169 1.248975
vt 0.412178 1.252944
vt 0.412446 1.241136
vt 0.412216 1.245091
vt 0.413064 1.233199
vt 0.412676 1.236959
vt 0.414068 1.225241
vt 0.413479 1.229126
vt 0.412354 1.257042
vt 0.412694 1.260872
vt 0.420965 1.287372
vt 0.423400 1.290629
vt 0.414846 1.221105
vt 0.426514 1.293954
vt 0.413536 1.213390
vt 0.413929 1.213282
vt 0.415395 1.221226
vt 0.415625 1.218118
vt 0.416183 1.218244
vt 0.419366 1.283650
vt 0.417729 1.280012
vt 0.416341 1.276343
vt 0.415220 1.272359
vt 0.414338 1.268451
vt 0.413729 1.264645
vt 0.412727 1.252932
vt 0.412719 1.248978
vt 0.412766 1.245111
vt 0.412994 1.241168
vt 0.413226 1.237003
vt 0.413612 1.233255
vt 0.414027 1.229196
vt 0.414612 1.225333
vt 0.413241 1.260813
vt 0.412903 1.257007
vt 0.423826 1.290278
vt 0.421422 1.287069
vt 0.426934 1.293613
vt 0.396993 1.193330
vt 0.396954 1.186374
vt 0.396422 1.192723
vt 0.414768 1.213382
vt 0.415789 1.213494
vt 0.397354 1.181262
vt 0.395832 1.206180
vt 0.396070 1.199530
vt 0.397404 1.186705
vt 0.338772 1.113473
vt 0.345420 1.118555
vt 0.330819 1.108034
vt 0.314458 1.104542
vt 0.324476 1.106116
vt 0.302094 1.103231
vt 0.290056 1.102570
vt 0.328455 1.106994
vt 0.351940 1.123832
vt 0.352318 1.124141
vt 0.358907 1.129922
vt 0.368275 1.138836
vt 0.377349 1.148203
vt 0.386373 1.158343
vt 0.394808 1.168377
vt 0.395980 1.169281
vt 0.397182 1.169727
vt 0.398286 1.169457
vt 0.399210 1.168553
vt 0.399880 1.167299
vt 0.401561 1.162975
vt 0.403067 1.159179
vt 0.404458 1.156003
vt 0.352708 1.124463
vt 0.329715 1.107420
vt 0.405793 1.153084
vt 0.422621 1.172046
vt 0.427320 1.177458
vt 0.415944 1.164674
vt 0.418820 1.167834
vt 0.406061 1.153047
vt 0.410558 1.158422
vt 0.405900 1.152853
vt 0.339020 1.113120
vt 0.345702 1.118196
vt 0.330972 1.107705
vt 0.314514 1.104103
vt 0.324572 1.105687
vt 0.302128 1.102801
vt 0.290073 1.102130
vt 0.328611 1.106588
vt 0.352608 1.123794
vt 0.359206 1.129594
vt 0.368585 1.138523
vt 0.377668 1.147908
vt 0.386692 1.158079
vt 0.395110 1.168058
vt 0.396225 1.168930
vt 0.397220 1.169366
vt 0.398090 1.169172
vt 0.398855 1.168331
vt 0.399502 1.167125
vt 0.401200 1.162840
vt 0.402713 1.159036
vt 0.404090 1.155845
vt 0.329882 1.107069
vt 0.405401 1.152925
vt 0.405519 1.152677
vt 0.341310 1.113088
vt 0.346463 1.117613
vt 0.330551 1.105736
vt 0.314845 1.102124
vt 0.325277 1.103765
vt 0.302436 1.100783
vt 0.290254 1.100214
vt 0.278039 1.101892
vt 0.278039 1.099900
vt 0.329448 1.105149
vt 0.360105 1.129170
vt 0.369480 1.138108
vt 0.378797 1.147606
vt 0.387904 1.157697
vt 0.396678 1.167957
vt 0.353373 1.123300
vt 0.396973 1.168283
vt 0.397360 1.168445
vt 0.397754 1.168374
vt 0.397905 1.168006
vt 0.398194 1.167186
vt 0.399595 1.162712
vt 0.401042 1.158889
vt 0.402501 1.155461
vt 0.404047 1.152730
vt 0.405267 1.152677
vt 0.427499 1.177664
vt 0.427380 1.177860
vt 0.424652 1.182313
vt 0.422225 1.186873
vt 0.419865 1.192050
vt 0.417979 1.197625
vt 0.416439 1.204113
vt 0.415237 1.210255
vt 0.427744 1.177090
vt 0.423037 1.171677
vt 0.419230 1.167461
vt 0.416354 1.164310
vt 0.406372 1.152786
vt 0.407343 1.153490
vt 0.410969 1.158071
vt 0.406214 1.152594
vt 0.427977 1.177954
vt 0.427858 1.178151
vt 0.427923 1.177296
vt 0.425139 1.182590
vt 0.422730 1.187121
vt 0.420393 1.192257
vt 0.418529 1.197780
vt 0.417024 1.204245
vt 0.415644 1.210235
vt 0.376070 1.304913
vt 0.375521 1.305036
vt 0.380629 1.304099
vt 0.376522 1.304804
vt 0.385251 1.303443
vt 0.389772 1.303063
vt 0.394593 1.302851
vt 0.395177 1.302873
vt 0.395602 1.302886
vt 0.421431 1.308245
vt 0.415310 1.306705
vt 0.408866 1.305183
vt 0.402215 1.303967
vt 0.396551 1.303049
vt 0.376288 1.304848
vt 0.375209 1.305098
vt 0.376290 1.305343
vt 0.380727 1.304690
vt 0.385320 1.304036
vt 0.389812 1.303656
vt 0.394599 1.303437
vt 0.395363 1.303447
vt 0.415170 1.307283
vt 0.421225 1.308787
vt 0.402114 1.304555
vt 0.408744 1.305768
vt 0.396453 1.303627
vt 0.375694 1.305697
vt 0.376806 1.306178
vt 0.376374 1.306543
vt 0.395613 1.303496
vt 0.426577 1.294250
vt 0.423998 1.301372
vt 0.421681 1.308053
vt 0.426606 1.294054
vt 0.427038 1.293751
vt 0.421554 1.308278
vt 0.421397 1.308822
vt 0.424120 1.263721
vt 0.439245 1.261058
vt 0.439190 1.260991
vt 0.424095 1.263640
vt 0.426746 1.294339
vt 0.424162 1.301452
vt 0.426744 1.294169
vt 0.427056 1.293957
vt 0.439086 1.260940
vt 0.424068 1.263558
vt 0.421687 1.308341
vt 0.421585 1.308749
vt 0.421795 1.308152
vt 0.430195 1.274086
vt 0.442497 1.273528
vt 0.440803 1.267136
vt 0.437773 1.275147
vt 0.441010 1.277974
vt 0.444530 1.279958
vt 0.443618 1.281306
vt 0.446175 1.285173
vt 0.434290 1.273832
vt 0.422612 1.268094
vt 0.420852 1.271798
vt 0.425827 1.276206
vt 0.438868 1.260580
vt 0.424165 1.263247
vt 0.424018 1.263231
vt 0.439032 1.260551
vt 0.278039 1.236754
vt 0.278039 1.102563
vt 0.278039 1.274087
vt 0.278039 1.271407
vt 0.278039 1.255128
vt 0.278039 1.102327
vt 0.278039 1.209276
vt 0.319541 1.178294
vt 0.226376 1.160361
vt 0.227250 1.147092
vt 0.231190 1.157051
vt 0.217649 1.153434
vt 0.217872 1.162674
vt 0.212873 1.157905
vt 0.213239 1.160789
vt 0.202210 1.156986
vt 0.196495 1.159814
vt 0.198151 1.151820
vt 0.204089 1.148339
vt 0.228344 1.136127
vt 0.218632 1.138039
vt 0.237063 1.150676
vt 0.239016 1.135232
vt 0.251982 1.134415
vt 0.250888 1.149424
vt 0.265338 1.133947
vt 0.265060 1.148646
vt 0.205571 1.141663
vt 0.199684 1.144462
vt 0.201891 1.134504
vt 0.207919 1.131792
vt 0.211070 1.139529
vt 0.213558 1.129967
vt 0.220904 1.128068
vt 0.229623 1.126227
vt 0.240203 1.125028
vt 0.252734 1.124094
vt 0.265543 1.123630
vt 0.204092 1.124064
vt 0.210108 1.122143
vt 0.223363 1.118564
vt 0.215871 1.120425
vt 0.230691 1.117411
vt 0.253355 1.115454
vt 0.241076 1.116201
vt 0.265728 1.114815
vt 0.217251 1.113702
vt 0.225122 1.111835
vt 0.231465 1.110649
vt 0.241506 1.109456
vt 0.253782 1.108697
vt 0.265944 1.108075
vt 0.250124 1.161585
vt 0.264837 1.160726
vt 0.264653 1.167223
vt 0.249860 1.168128
vt 0.235251 1.163153
vt 0.235458 1.169677
vt 0.183148 1.183757
vt 0.189411 1.180055
vt 0.188168 1.190418
vt 0.182319 1.193337
vt 0.185012 1.165992
vt 0.192190 1.161710
vt 0.190772 1.170540
vt 0.183996 1.174868
vt 0.194360 1.148502
vt 0.193406 1.154377
vt 0.186328 1.156032
vt 0.187248 1.146042
vt 0.195893 1.138667
vt 0.187804 1.138832
vt 0.197154 1.130037
vt 0.176545 1.187978
vt 0.176024 1.196895
vt 0.190523 1.189136
vt 0.192303 1.178399
vt 0.177694 1.171411
vt 0.177187 1.179248
vt 0.194105 1.168657
vt 0.178300 1.163057
vt 0.195849 1.159909
vt 0.197490 1.152074
vt 0.178673 1.154738
vt 0.199035 1.144944
vt 0.201228 1.135054
vt 0.178730 1.148198
vt 0.203312 1.124695
vt 0.168985 1.201339
vt 0.168970 1.193302
vt 0.169060 1.185269
vt 0.169050 1.178553
vt 0.169237 1.172008
vt 0.169324 1.165439
vt 0.169760 1.158605
vt 0.230714 1.176865
vt 0.230631 1.177067
vt 0.228138 1.177253
vt 0.204034 1.183869
vt 0.216945 1.179815
vt 0.215189 1.191479
vt 0.202027 1.195865
vt 0.190875 1.189038
vt 0.191186 1.188898
vt 0.189532 1.200407
vt 0.189226 1.200509
vt 0.186977 1.201589
vt 0.181591 1.203759
vt 0.175512 1.206237
vt 0.169032 1.209213
vt 0.258942 1.230719
vt 0.268643 1.231024
vt 0.268332 1.236834
vt 0.258030 1.236711
vt 0.232745 1.230107
vt 0.239371 1.230212
vt 0.238089 1.236887
vt 0.231460 1.237506
vt 0.211470 1.229552
vt 0.226170 1.224334
vt 0.225264 1.238391
vt 0.209984 1.245299
vt 0.197310 1.234976
vt 0.195597 1.251925
vt 0.183666 1.245234
vt 0.183957 1.245136
vt 0.182681 1.256064
vt 0.182401 1.256093
vt 0.251467 1.218351
vt 0.260188 1.218785
vt 0.259581 1.224790
vt 0.250334 1.224285
vt 0.242976 1.217494
vt 0.241010 1.223567
vt 0.186832 1.221382
vt 0.191756 1.214979
vt 0.188844 1.237979
vt 0.185381 1.233270
vt 0.185250 1.222573
vt 0.185079 1.222107
vt 0.185210 1.221952
vt 0.185450 1.222502
vt 0.160725 1.224590
vt 0.161074 1.224496
vt 0.161223 1.229871
vt 0.160883 1.229929
vt 0.234206 1.215110
vt 0.238454 1.209307
vt 0.239428 1.210462
vt 0.235312 1.215939
vt 0.244745 1.212486
vt 0.252278 1.213311
vt 0.260704 1.213688
vt 0.228697 1.230180
vt 0.229858 1.230213
vt 0.227034 1.238312
vt 0.226287 1.238341
vt 0.194234 1.198817
vt 0.188103 1.211303
vt 0.188884 1.200587
vt 0.187481 1.211528
vt 0.185864 1.212028
vt 0.181104 1.213160
vt 0.175229 1.214874
vt 0.160432 1.213083
vt 0.160739 1.212909
vt 0.160969 1.219082
vt 0.160640 1.219225
vt 0.162365 1.197898
vt 0.162867 1.204624
vt 0.161633 1.191064
vt 0.161023 1.184818
vt 0.160603 1.179489
vt 0.160544 1.173557
vt 0.161305 1.168472
vt 0.163341 1.211726
vt 0.175060 1.222828
vt 0.170552 1.223323
vt 0.170553 1.223034
vt 0.175066 1.222539
vt 0.206650 1.157855
vt 0.205807 1.160798
vt 0.211840 1.142802
vt 0.211358 1.142316
vt 0.196339 1.186524
vt 0.187036 1.254795
vt 0.209287 1.144482
vt 0.200579 1.164871
vt 0.194738 1.168635
vt 0.192987 1.178085
vt 0.198465 1.175482
vt 0.164548 1.223913
vt 0.164256 1.224048
vt 0.164108 1.223918
vt 0.164522 1.223730
vt 0.161609 1.198316
vt 0.162163 1.204986
vt 0.160893 1.191421
vt 0.159866 1.179932
vt 0.160343 1.185363
vt 0.159717 1.174182
vt 0.160148 1.169514
vt 0.162607 1.212073
vt 0.164360 1.246074
vt 0.164229 1.251324
vt 0.164042 1.251307
vt 0.164174 1.246066
vt 0.163335 1.246030
vt 0.162479 1.246038
vt 0.162559 1.240664
vt 0.163430 1.240637
vt 0.163155 1.224010
vt 0.162211 1.224189
vt 0.162077 1.218592
vt 0.162882 1.218408
vt 0.160429 1.199211
vt 0.160897 1.198859
vt 0.161469 1.205390
vt 0.160557 1.205978
vt 0.160175 1.192307
vt 0.161792 1.212310
vt 0.161536 1.246024
vt 0.162435 1.251190
vt 0.161568 1.251168
vt 0.157402 1.175335
vt 0.156724 1.168687
vt 0.157696 1.169599
vt 0.158316 1.174800
vt 0.159712 1.185915
vt 0.159234 1.180931
vt 0.159069 1.174454
vt 0.158908 1.169958
vt 0.163216 1.251235
vt 0.164275 1.240659
vt 0.163726 1.218199
vt 0.231937 1.222733
vt 0.230735 1.222063
vt 0.184056 1.233469
vt 0.184283 1.233433
vt 0.182904 1.245432
vt 0.182674 1.245490
vt 0.161159 1.240618
vt 0.161028 1.235240
vt 0.161364 1.235251
vt 0.161497 1.240629
vt 0.199881 1.212380
vt 0.213549 1.207959
vt 0.163410 1.235232
vt 0.162492 1.235285
vt 0.162394 1.229666
vt 0.163328 1.229538
vt 0.164278 1.229490
vt 0.164417 1.235232
vt 0.164230 1.235232
vt 0.164099 1.229499
vt 0.271487 1.242047
vt 0.264565 1.242057
vt 0.248076 1.236592
vt 0.257459 1.242083
vt 0.250527 1.242241
vt 0.243777 1.242511
vt 0.237123 1.243117
vt 0.230657 1.244304
vt 0.225027 1.246231
vt 0.180474 1.266198
vt 0.179798 1.270701
vt 0.179590 1.270734
vt 0.180221 1.266242
vt 0.181533 1.266129
vt 0.186019 1.265127
vt 0.185389 1.271147
vt 0.181051 1.270568
vt 0.162722 1.266102
vt 0.163273 1.266141
vt 0.162918 1.271071
vt 0.162448 1.271094
vt 0.160973 1.270883
vt 0.161072 1.266037
vt 0.161474 1.266057
vt 0.161377 1.270945
vt 0.161853 1.271018
vt 0.162091 1.266088
vt 0.218182 1.167497
vt 0.223360 1.166261
vt 0.222279 1.172027
vt 0.217416 1.172667
vt 0.227310 1.203837
vt 0.219974 1.249066
vt 0.213895 1.252411
vt 0.213950 1.251951
vt 0.219981 1.248613
vt 0.181609 1.295045
vt 0.181160 1.294961
vt 0.182028 1.290913
vt 0.182385 1.291023
vt 0.175653 1.294515
vt 0.176063 1.284843
vt 0.179662 1.284887
vt 0.179486 1.294644
vt 0.168782 1.294292
vt 0.169172 1.284864
vt 0.161585 1.293918
vt 0.161880 1.284846
vt 0.162413 1.284854
vt 0.162012 1.293942
vt 0.161311 1.284851
vt 0.161042 1.293936
vt 0.160597 1.293922
vt 0.160746 1.284797
vt 0.181079 1.299760
vt 0.180724 1.299786
vt 0.180091 1.284797
vt 0.179882 1.284854
vt 0.180403 1.275116
vt 0.180677 1.275062
vt 0.179512 1.299786
vt 0.176703 1.275371
vt 0.178988 1.275333
vt 0.170835 1.303132
vt 0.175454 1.303788
vt 0.169685 1.275750
vt 0.166316 1.302756
vt 0.161488 1.302549
vt 0.162849 1.276100
vt 0.162157 1.276093
vt 0.160915 1.302575
vt 0.161451 1.275927
vt 0.160491 1.302605
vt 0.160883 1.275782
vt 0.153354 1.293582
vt 0.153848 1.303662
vt 0.147140 1.304888
vt 0.143292 1.294528
vt 0.146588 1.283084
vt 0.154041 1.284049
vt 0.145581 1.288709
vt 0.154675 1.274899
vt 0.147871 1.273724
vt 0.155159 1.265936
vt 0.148933 1.265399
vt 0.149446 1.248027
vt 0.155247 1.246978
vt 0.155443 1.256494
vt 0.149504 1.256637
vt 0.149025 1.239566
vt 0.154934 1.237424
vt 0.148342 1.230703
vt 0.154565 1.227542
vt 0.147509 1.222035
vt 0.154035 1.217698
vt 0.145944 1.214221
vt 0.153494 1.209972
vt 0.152261 1.196717
vt 0.152488 1.197214
vt 0.148864 1.202685
vt 0.148366 1.202710
vt 0.150283 1.199717
vt 0.156033 1.190889
vt 0.157541 1.188426
vt 0.157706 1.188841
vt 0.156337 1.191046
vt 0.153983 1.178333
vt 0.152346 1.172296
vt 0.181422 1.256236
vt 0.181664 1.256190
vt 0.194596 1.262493
vt 0.162951 1.261262
vt 0.163118 1.256475
vt 0.163891 1.256580
vt 0.163581 1.261338
vt 0.161135 1.261150
vt 0.161179 1.256351
vt 0.161551 1.256361
vt 0.161521 1.261167
vt 0.162238 1.261198
vt 0.162354 1.256379
vt 0.159531 1.302747
vt 0.159806 1.293859
vt 0.139072 1.280297
vt 0.137402 1.284014
vt 0.160019 1.284700
vt 0.140483 1.276581
vt 0.160191 1.275661
vt 0.142511 1.268584
vt 0.160303 1.270797
vt 0.144130 1.252914
vt 0.160574 1.251213
vt 0.160538 1.256352
vt 0.144090 1.245041
vt 0.160543 1.240794
vt 0.160542 1.246122
vt 0.143622 1.236881
vt 0.160278 1.230218
vt 0.160422 1.235481
vt 0.142805 1.229014
vt 0.160049 1.219634
vt 0.160128 1.224918
vt 0.140476 1.217274
vt 0.140642 1.217736
vt 0.140409 1.217551
vt 0.159849 1.213572
vt 0.159633 1.206593
vt 0.143614 1.260878
vt 0.160487 1.261132
vt 0.160411 1.265999
vt 0.137547 1.298074
vt 0.132808 1.290819
vt 0.135288 1.287520
vt 0.132220 1.301287
vt 0.140664 1.306418
vt 0.134544 1.307986
vt 0.152886 1.203579
vt 0.159385 1.199967
vt 0.146857 1.186776
vt 0.150121 1.182732
vt 0.151233 1.189891
vt 0.148563 1.193131
vt 0.145021 1.181775
vt 0.148495 1.177325
vt 0.151384 1.195346
vt 0.149436 1.197875
vt 0.138285 1.197399
vt 0.143146 1.191628
vt 0.144858 1.197759
vt 0.139844 1.203878
vt 0.136399 1.191828
vt 0.141152 1.186244
vt 0.146196 1.202240
vt 0.140996 1.210175
vt 0.134045 1.186663
vt 0.139059 1.181284
vt 0.142780 1.176918
vt 0.144653 1.174554
vt 0.148625 1.171927
vt 0.136540 1.176658
vt 0.131613 1.182103
vt 0.128877 1.177650
vt 0.133562 1.172240
vt 0.152883 1.159328
vt 0.148807 1.164052
vt 0.147052 1.160802
vt 0.151469 1.156152
vt 0.155111 1.185296
vt 0.157731 1.182220
vt 0.157385 1.187866
vt 0.155504 1.190180
vt 0.149569 1.198752
vt 0.146439 1.203072
vt 0.142112 1.209559
vt 0.156059 1.167482
vt 0.150558 1.167774
vt 0.154393 1.163127
vt 0.155572 1.190836
vt 0.151350 1.196408
vt 0.210633 1.118801
vt 0.225199 1.108245
vt 0.227628 1.107209
vt 0.241615 1.104782
vt 0.253975 1.103460
vt 0.266020 1.102807
vt 0.231610 1.106350
vt 0.194431 1.168657
vt 0.196196 1.159894
vt 0.204689 1.163568
vt 0.203327 1.166154
vt 0.199231 1.171523
vt 0.161206 1.251159
vt 0.164464 1.240664
vt 0.161172 1.246018
vt 0.163913 1.224360
vt 0.141619 1.272533
vt 0.143954 1.257022
vt 0.144135 1.248932
vt 0.143851 1.241067
vt 0.143221 1.233095
vt 0.141465 1.220968
vt 0.142208 1.225118
vt 0.143122 1.264744
vt 0.129628 1.294153
vt 0.186236 1.221726
vt 0.184650 1.221595
vt 0.182152 1.221807
vt 0.179170 1.222096
vt 0.169001 1.216651
vt 0.226090 1.188883
vt 0.227215 1.189039
vt 0.206294 1.172789
vt 0.214644 1.173098
vt 0.214272 1.174927
vt 0.205866 1.174840
vt 0.216543 1.174406
vt 0.202085 1.171701
vt 0.202212 1.172310
vt 0.200466 1.173875
vt 0.202510 1.168529
vt 0.213918 1.163571
vt 0.214888 1.166346
vt 0.192661 1.178277
vt 0.197845 1.151959
vt 0.199388 1.144690
vt 0.201571 1.134788
vt 0.203707 1.124375
vt 0.183365 1.245318
vt 0.182104 1.256105
vt 0.185098 1.233321
vt 0.184807 1.233351
vt 0.186542 1.221544
vt 0.187799 1.211417
vt 0.180159 1.275174
vt 0.180536 1.270600
vt 0.180810 1.270587
vt 0.179721 1.294682
vt 0.179547 1.304523
vt 0.179771 1.299819
vt 0.179802 1.304582
vt 0.181300 1.266123
vt 0.181000 1.266104
vt 0.209884 1.142995
vt 0.180913 1.304747
vt 0.180607 1.304709
vt 0.179947 1.294734
vt 0.180021 1.299837
vt 0.185107 1.282556
vt 0.184771 1.282379
vt 0.186635 1.278727
vt 0.186938 1.278836
vt 0.183604 1.286593
vt 0.183205 1.286389
vt 0.191461 1.271837
vt 0.191099 1.271646
vt 0.193961 1.268125
vt 0.194317 1.268345
vt 0.188675 1.275166
vt 0.189131 1.275183
vt 0.197721 1.264203
vt 0.198024 1.264499
vt 0.208119 1.256089
vt 0.207943 1.255642
vt 0.224966 1.246673
vt 0.249104 1.230484
vt 0.268920 1.225080
vt 0.269285 1.219048
vt 0.269431 1.213889
vt 0.234878 1.223122
vt 0.238108 1.216689
vt 0.241647 1.211796
vt 0.271472 1.242464
vt 0.264533 1.242475
vt 0.257415 1.242501
vt 0.250465 1.242659
vt 0.243711 1.242929
vt 0.237049 1.243535
vt 0.230601 1.244730
vt 0.227717 1.229901
vt 0.233059 1.222915
vt 0.246247 1.208279
vt 0.252905 1.208829
vt 0.260877 1.209121
vt 0.269555 1.209248
vt 0.244936 1.208079
vt 0.228041 1.203884
vt 0.227165 1.224411
vt 0.226699 1.224159
vt 0.227628 1.203687
vt 0.225686 1.238315
vt 0.240447 1.211285
vt 0.243985 1.207540
vt 0.229090 1.187331
vt 0.230759 1.177140
vt 0.229298 1.187396
vt 0.236687 1.216396
vt 0.243330 1.206215
vt 0.242898 1.204132
vt 0.202054 1.175104
vt 0.202642 1.172597
vt 0.227990 1.177261
vt 0.229754 1.168097
vt 0.215173 1.172815
vt 0.215338 1.172306
vt 0.215425 1.168769
vt 0.210518 1.142361
vt 0.212215 1.144095
vt 0.163161 1.272590
vt 0.163401 1.272579
vt 0.177042 1.271991
vt 0.169965 1.272429
vt 0.179043 1.271608
vt 0.163396 1.270699
vt 0.163711 1.270680
vt 0.170309 1.270237
vt 0.177325 1.269499
vt 0.179228 1.269241
vt 0.163997 1.267699
vt 0.164358 1.267653
vt 0.164030 1.269080
vt 0.163695 1.269100
vt 0.177554 1.267307
vt 0.170561 1.268319
vt 0.170785 1.266399
vt 0.177770 1.265090
vt 0.179320 1.264627
vt 0.179313 1.266951
vt 0.130225 1.219879
vt 0.130453 1.230902
vt 0.130139 1.230890
vt 0.129912 1.219866
vt 0.125420 1.197214
vt 0.128558 1.196353
vt 0.126926 1.201994
vt 0.184608 1.221846
vt 0.185017 1.222381
vt 0.184551 1.222154
vt 0.179157 1.222348
vt 0.179172 1.222610
vt 0.175064 1.223067
vt 0.170624 1.223549
vt 0.167415 1.223619
vt 0.167466 1.223887
vt 0.164667 1.224228
vt 0.121536 1.226035
vt 0.121338 1.231585
vt 0.121382 1.226036
vt 0.121368 1.214539
vt 0.121797 1.220326
vt 0.121351 1.220321
vt 0.120917 1.214533
vt 0.129666 1.207534
vt 0.129354 1.207520
vt 0.120526 1.236654
vt 0.120831 1.236665
vt 0.119921 1.241802
vt 0.119198 1.241769
vt 0.118279 1.193367
vt 0.118808 1.197388
vt 0.118618 1.197043
vt 0.119729 1.204188
vt 0.120453 1.209343
vt 0.117990 1.209319
vt 0.116734 1.204466
vt 0.120684 1.220316
vt 0.120903 1.209347
vt 0.123855 1.242483
vt 0.123980 1.242006
vt 0.126401 1.242754
vt 0.126220 1.243140
vt 0.130313 1.250113
vt 0.129886 1.246192
vt 0.130397 1.245597
vt 0.182862 1.227854
vt 0.179702 1.227649
vt 0.175288 1.227789
vt 0.170264 1.227892
vt 0.165108 1.227993
vt 0.118872 1.246646
vt 0.114799 1.250838
vt 0.118905 1.246310
vt 0.130483 1.241082
vt 0.130157 1.241350
vt 0.118338 1.199221
vt 0.118101 1.198974
vt 0.116124 1.201715
vt 0.116047 1.201371
vt 0.117165 1.200389
vt 0.117406 1.200628
vt 0.226570 1.187555
vt 0.225348 1.187930
vt 0.229885 1.168132
vt 0.234749 1.176368
vt 0.264462 1.173827
vt 0.249558 1.174762
vt 0.264835 1.160558
vt 0.250104 1.161433
vt 0.235243 1.163018
vt 0.229994 1.167063
vt 0.231919 1.164290
vt 0.231094 1.165118
vt 0.230573 1.166165
vt 0.231214 1.165232
vt 0.232008 1.164421
vt 0.230440 1.166087
vt 0.230145 1.167108
vt 0.232991 1.163794
vt 0.234102 1.163359
vt 0.234051 1.163223
vt 0.232930 1.163644
vt 0.250956 1.272582
vt 0.250963 1.275303
vt 0.265165 1.274343
vt 0.265246 1.271664
vt 0.236400 1.274118
vt 0.236644 1.276847
vt 0.233735 1.274428
vt 0.232678 1.275588
vt 0.232679 1.277232
vt 0.232778 1.275165
vt 0.232979 1.274836
vt 0.233305 1.274578
vt 0.265234 1.271380
vt 0.264909 1.268435
vt 0.250450 1.269335
vt 0.250934 1.272297
vt 0.235973 1.270860
vt 0.236366 1.273849
vt 0.233626 1.274158
vt 0.231945 1.271633
vt 0.231940 1.271387
vt 0.232507 1.273650
vt 0.232323 1.273249
vt 0.232779 1.273937
vt 0.233165 1.274117
vt 0.232396 1.275557
vt 0.232426 1.277236
vt 0.232508 1.275071
vt 0.232745 1.274672
vt 0.233128 1.274353
vt 0.228417 1.188770
vt 0.226710 1.187816
vt 0.227013 1.187912
vt 0.228574 1.187571
vt 0.202647 1.260210
vt 0.202361 1.259877
vt 0.225849 1.269662
vt 0.231941 1.271374
vt 0.231228 1.263051
vt 0.226992 1.187780
vt 0.226774 1.187699
vt 0.226658 1.187508
vt 0.264958 1.255513
vt 0.250657 1.256152
vt 0.236062 1.257574
vt 0.234924 1.258950
vt 0.234130 1.262718
vt 0.231891 1.262733
vt 0.228891 1.188680
vt 0.229294 1.188738
vt 0.238965 1.189200
vt 0.229359 1.187494
vt 0.234130 1.262720
vt 0.264831 1.160655
vt 0.250135 1.161515
vt 0.235232 1.163083
vt 0.234077 1.163291
vt 0.232960 1.163719
vt 0.231964 1.164356
vt 0.231154 1.165175
vt 0.230507 1.166126
vt 0.230070 1.167085
vt 0.229820 1.168114
vt 0.228068 1.177248
vt 0.226611 1.187531
vt 0.226744 1.187756
vt 0.227001 1.187844
vt 0.229071 1.187401
vt 0.229057 1.187465
vt 0.229324 1.187447
vt 0.230810 1.177166
vt 0.230845 1.177192
vt 0.231940 1.271383
vt 0.234130 1.262719
vt 0.140525 1.212850
vt 0.144737 1.209404
vt 0.144556 1.208842
vt 0.147715 1.202836
vt 0.149984 1.199313
vt 0.143473 1.209136
vt 0.151838 1.196573
vt 0.155789 1.190860
vt 0.157354 1.188366
vt 0.147280 1.170559
vt 0.147902 1.170094
vt 0.150116 1.153273
vt 0.145614 1.158619
vt 0.147511 1.166070
vt 0.147150 1.166103
vt 0.146241 1.165342
vt 0.140329 1.172543
vt 0.143952 1.170569
vt 0.144315 1.170995
vt 0.142680 1.166439
vt 0.142530 1.167079
vt 0.137380 1.168020
vt 0.144651 1.164964
vt 0.143834 1.165207
vt 0.148314 1.169439
vt 0.144168 1.165864
vt 0.144742 1.165693
vt 0.145722 1.167323
vt 0.145379 1.171202
vt 0.144830 1.171223
vt 0.143810 1.170061
vt 0.142984 1.168828
vt 0.148750 1.166975
vt 0.148779 1.167516
vt 0.148030 1.166167
vt 0.148486 1.166489
vt 0.143812 1.169697
vt 0.142596 1.168105
vt 0.145489 1.165014
vt 0.140320 1.164799
vt 0.143144 1.165717
vt 0.145345 1.170954
vt 0.147157 1.170340
vt 0.147711 1.169918
vt 0.148087 1.169336
vt 0.148534 1.167506
vt 0.148488 1.167055
vt 0.148274 1.166677
vt 0.147920 1.166421
vt 0.147497 1.166315
vt 0.147078 1.166299
vt 0.146123 1.165542
vt 0.145434 1.165261
vt 0.144682 1.165221
vt 0.143952 1.165440
vt 0.143338 1.165898
vt 0.142921 1.166541
vt 0.142748 1.167282
vt 0.142841 1.168031
vt 0.143174 1.168697
vt 0.143996 1.169604
vt 0.144054 1.170016
vt 0.144197 1.170431
vt 0.144487 1.170766
vt 0.144886 1.170949
vt 0.145336 1.170383
vt 0.146883 1.169838
vt 0.147297 1.169535
vt 0.147569 1.169107
vt 0.147973 1.167547
vt 0.147974 1.167261
vt 0.147842 1.167044
vt 0.147586 1.166902
vt 0.147240 1.166833
vt 0.146815 1.166766
vt 0.145904 1.165936
vt 0.145340 1.165720
vt 0.143690 1.166227
vt 0.143360 1.166729
vt 0.143221 1.167311
vt 0.143290 1.167904
vt 0.143552 1.168450
vt 0.144443 1.169312
vt 0.144560 1.169732
vt 0.144663 1.170069
vt 0.144825 1.170309
vt 0.145051 1.170418
vt 0.145239 1.167667
vt 0.144928 1.168176
vt 0.139856 1.217674
vt 0.139881 1.217221
vt 0.182139 1.222058
vt 0.182085 1.222356
vt 0.128898 1.196382
vt 0.121535 1.189343
vt 0.128489 1.195855
vt 0.128813 1.195898
vt 0.128811 1.213412
vt 0.128044 1.225422
vt 0.129725 1.246399
vt 0.128220 1.244405
vt 0.128369 1.244074
vt 0.128704 1.219816
vt 0.126942 1.230762
vt 0.128212 1.207470
vt 0.164363 1.224377
vt 0.117211 1.246340
vt 0.119215 1.246311
vt 0.119166 1.246632
vt 0.120244 1.241817
vt 0.121164 1.236678
vt 0.121696 1.231576
vt 0.119589 1.214518
vt 0.120117 1.204153
vt 0.167419 1.223389
vt 0.180043 1.304637
vt 0.163099 1.271063
vt 0.163455 1.266154
vt 0.164076 1.256605
vt 0.163763 1.261361
vt 0.164096 1.224403
vt 0.121941 1.226036
vt 0.179306 1.271597
vt 0.179509 1.269188
vt 0.179629 1.266909
vt 0.179662 1.264525
vt 0.119268 1.198835
vt 0.184995 1.275025
vt 0.226316 1.107608
vt 0.214776 1.166381
vt 0.213793 1.163600
vt 0.202676 1.172479
vt 0.206323 1.172669
vt 0.209379 1.144491
vt 0.206791 1.157867
vt 0.205903 1.160804
vt 0.204792 1.163586
vt 0.213115 1.160806
vt 0.212732 1.157904
vt 0.202589 1.168543
vt 0.202211 1.171720
vt 0.203444 1.166209
vt 0.214671 1.172976
vt 0.202313 1.172237
vt 0.211330 1.142416
vt 0.210570 1.142473
vt 0.211752 1.142844
vt 0.210007 1.143035
vt 0.212107 1.144104
vt 0.215310 1.168823
vt 0.215211 1.172298
vt 0.215083 1.172726
vt 0.244697 1.648714
vt 0.244934 1.648427
vt 0.245859 1.651480
vt 0.245622 1.651760
vt 0.232030 1.641846
vt 0.231966 1.641673
vt 0.235543 1.641636
vt 0.235576 1.641845
vt 0.255115 1.671870
vt 0.255003 1.671607
vt 0.261324 1.658738
vt 0.261634 1.658826
vt 0.264600 1.652991
vt 0.263084 1.655900
vt 0.262910 1.655567
vt 0.264411 1.652670
vt 0.246751 1.654457
vt 0.246521 1.654752
vt 0.247671 1.657711
vt 0.247364 1.657747
vt 0.267246 1.647554
vt 0.267071 1.647165
vt 0.268025 1.644148
vt 0.268277 1.644155
vt 0.266107 1.650113
vt 0.265916 1.649781
vt 0.243514 1.641691
vt 0.243453 1.641869
vt 0.231756 1.641941
vt 0.231606 1.641881
vt 0.231440 1.642287
vt 0.231277 1.642238
vt 0.253503 1.673891
vt 0.252656 1.673941
vt 0.252690 1.673334
vt 0.253622 1.673297
vt 0.252157 1.673497
vt 0.252215 1.672913
vt 0.254183 1.673328
vt 0.254256 1.672763
vt 0.251552 1.672172
vt 0.251725 1.671860
vt 0.244113 1.646062
vt 0.244346 1.645729
vt 0.243833 1.642401
vt 0.244010 1.642428
vt 0.243673 1.642059
vt 0.243838 1.642031
vt 0.250891 1.645525
vt 0.250172 1.642199
vt 0.259643 1.649134
vt 0.260279 1.646060
vt 0.251257 1.648616
vt 0.257941 1.657854
vt 0.251397 1.657272
vt 0.262330 1.641360
vt 0.262793 1.639633
vt 0.261532 1.642991
vt 0.249598 1.640911
vt 0.252698 1.657376
vt 0.256517 1.657661
vt 0.252021 1.657310
vt 0.257300 1.657806
vt 0.249416 1.638994
vt 0.251880 1.648288
vt 0.252499 1.648329
vt 0.258287 1.648733
vt 0.258967 1.648909
vt 0.251489 1.645076
vt 0.251991 1.645001
vt 0.259205 1.645440
vt 0.259739 1.645647
vt 0.250683 1.641992
vt 0.251134 1.641903
vt 0.260428 1.642451
vt 0.260946 1.642636
vt 0.250309 1.640664
vt 0.250919 1.640643
vt 0.260854 1.640952
vt 0.261568 1.640967
vt 0.250207 1.639054
vt 0.250865 1.639127
vt 0.261096 1.639333
vt 0.261824 1.639364
vt 0.248665 1.626896
vt 0.243970 1.626668
vt 0.251061 1.626885
vt 0.252971 1.626704
vt 0.260323 1.627304
vt 0.262305 1.627281
vt 0.264978 1.627327
vt 0.269829 1.627101
vt 0.231734 1.627101
vt 0.243566 1.620068
vt 0.248685 1.620334
vt 0.251207 1.619893
vt 0.253224 1.619808
vt 0.258474 1.619560
vt 0.261145 1.619425
vt 0.264378 1.618451
vt 0.269250 1.617408
vt 0.233628 1.619779
vt 0.238515 1.616081
vt 0.243734 1.615650
vt 0.242170 1.613724
vt 0.240274 1.612792
vt 0.236724 1.612750
vt 0.234624 1.613795
vt 0.233454 1.616107
vt 0.138857 1.280216
vt 0.137200 1.283898
vt 0.141392 1.272489
vt 0.140262 1.276509
vt 0.142894 1.264718
vt 0.142282 1.268551
vt 0.143909 1.248971
vt 0.143901 1.252940
vt 0.143633 1.241132
vt 0.143863 1.245087
vt 0.143015 1.233195
vt 0.143402 1.236955
vt 0.142011 1.225237
vt 0.142599 1.229122
vt 0.143724 1.257038
vt 0.143384 1.260868
vt 0.132678 1.290624
vt 0.135113 1.287368
vt 0.141233 1.221101
vt 0.129565 1.293950
vt 0.142150 1.213277
vt 0.142543 1.213386
vt 0.140683 1.221222
vt 0.139896 1.218240
vt 0.140453 1.218114
vt 0.136713 1.283646
vt 0.138350 1.280008
vt 0.139738 1.276339
vt 0.140858 1.272355
vt 0.141741 1.268447
vt 0.142349 1.264641
vt 0.143352 1.252928
vt 0.143360 1.248974
vt 0.143312 1.245107
vt 0.143084 1.241164
vt 0.142852 1.236999
vt 0.142467 1.233251
vt 0.142051 1.229192
vt 0.141467 1.225329
vt 0.142837 1.260809
vt 0.143176 1.257002
vt 0.132252 1.290274
vt 0.134656 1.287065
vt 0.129145 1.293608
vt 0.159086 1.193326
vt 0.159124 1.186370
vt 0.159657 1.192719
vt 0.141310 1.213377
vt 0.140289 1.213489
vt 0.158724 1.181258
vt 0.160247 1.206175
vt 0.160009 1.199526
vt 0.158675 1.186701
vt 0.210658 1.118551
vt 0.217306 1.113469
vt 0.225260 1.108030
vt 0.231603 1.106112
vt 0.241621 1.104538
vt 0.253984 1.103227
vt 0.266023 1.102565
vt 0.227624 1.106990
vt 0.203761 1.124137
vt 0.204139 1.123828
vt 0.187804 1.138832
vt 0.197172 1.129918
vt 0.178729 1.148199
vt 0.169706 1.158339
vt 0.161271 1.168373
vt 0.160099 1.169276
vt 0.158896 1.169723
vt 0.157792 1.169453
vt 0.156868 1.168549
vt 0.156199 1.167295
vt 0.154518 1.162970
vt 0.153012 1.159175
vt 0.151620 1.155999
vt 0.203371 1.124459
vt 0.226363 1.107416
vt 0.150285 1.153080
vt 0.128759 1.177453
vt 0.133457 1.172041
vt 0.137259 1.167830
vt 0.140135 1.164670
vt 0.145520 1.158418
vt 0.150017 1.153043
vt 0.150179 1.152849
vt 0.217058 1.113116
vt 0.210377 1.118192
vt 0.225106 1.107701
vt 0.241564 1.104099
vt 0.231507 1.105683
vt 0.253950 1.102797
vt 0.266006 1.102125
vt 0.227468 1.106584
vt 0.203470 1.123790
vt 0.196872 1.129590
vt 0.187493 1.138519
vt 0.178410 1.147904
vt 0.169387 1.158075
vt 0.160968 1.168054
vt 0.159854 1.168926
vt 0.158859 1.169362
vt 0.157989 1.169168
vt 0.157223 1.168327
vt 0.156577 1.167120
vt 0.154878 1.162836
vt 0.153366 1.159032
vt 0.151988 1.155841
vt 0.226197 1.107065
vt 0.150677 1.152921
vt 0.150559 1.152672
vt 0.209615 1.117609
vt 0.214768 1.113084
vt 0.225528 1.105732
vt 0.230801 1.103761
vt 0.241233 1.102120
vt 0.253643 1.100779
vt 0.265825 1.100210
vt 0.226630 1.105145
vt 0.186599 1.138104
vt 0.195973 1.129166
vt 0.177281 1.147601
vt 0.168175 1.157693
vt 0.159400 1.167953
vt 0.202705 1.123296
vt 0.159106 1.168279
vt 0.158324 1.168370
vt 0.158718 1.168440
vt 0.157884 1.167182
vt 0.158174 1.168002
vt 0.156483 1.162708
vt 0.153578 1.155457
vt 0.155037 1.158885
vt 0.150812 1.152673
vt 0.152032 1.152726
vt 0.128580 1.177660
vt 0.128699 1.177856
vt 0.131427 1.182309
vt 0.133853 1.186869
vt 0.136213 1.192045
vt 0.138100 1.197620
vt 0.139639 1.204109
vt 0.140842 1.210251
vt 0.128335 1.177086
vt 0.133042 1.171673
vt 0.136848 1.167457
vt 0.139725 1.164306
vt 0.145109 1.158067
vt 0.148735 1.153486
vt 0.149707 1.152782
vt 0.149865 1.152590
vt 0.128221 1.178146
vt 0.128101 1.177950
vt 0.128156 1.177292
vt 0.130940 1.182586
vt 0.133349 1.187117
vt 0.135686 1.192253
vt 0.137549 1.197776
vt 0.139055 1.204241
vt 0.140434 1.210231
vt 0.180008 1.304909
vt 0.180558 1.305032
vt 0.175450 1.304095
vt 0.179557 1.304800
vt 0.170827 1.303439
vt 0.166307 1.303059
vt 0.161485 1.302846
vt 0.160902 1.302869
vt 0.160477 1.302882
vt 0.134648 1.308241
vt 0.140768 1.306700
vt 0.147213 1.305179
vt 0.153863 1.303963
vt 0.159528 1.303045
vt 0.179790 1.304844
vt 0.180870 1.305094
vt 0.179789 1.305339
vt 0.175351 1.304686
vt 0.170758 1.304032
vt 0.166267 1.303652
vt 0.161479 1.303433
vt 0.160716 1.303443
vt 0.140909 1.307278
vt 0.134853 1.308783
vt 0.153964 1.304551
vt 0.147335 1.305763
vt 0.159626 1.303623
vt 0.180385 1.305693
vt 0.179704 1.306539
vt 0.179273 1.306174
vt 0.160466 1.303492
vt 0.132081 1.301368
vt 0.129501 1.294246
vt 0.134397 1.308049
vt 0.129473 1.294050
vt 0.129040 1.293747
vt 0.134525 1.308274
vt 0.134681 1.308818
vt 0.131955 1.263721
vt 0.131979 1.263640
vt 0.116885 1.260991
vt 0.116829 1.261058
vt 0.131916 1.301448
vt 0.129333 1.294335
vt 0.129335 1.294165
vt 0.129022 1.293953
vt 0.132006 1.263558
vt 0.116989 1.260940
vt 0.134493 1.308745
vt 0.134392 1.308336
vt 0.134283 1.308148
vt 0.125879 1.274086
vt 0.113578 1.273528
vt 0.118301 1.275147
vt 0.115272 1.267136
vt 0.115064 1.277974
vt 0.111544 1.279958
vt 0.112456 1.281306
vt 0.109899 1.285173
vt 0.121785 1.273832
vt 0.133462 1.268094
vt 0.130248 1.276206
vt 0.135222 1.271798
vt 0.117207 1.260580
vt 0.117043 1.260552
vt 0.132057 1.263231
vt 0.131910 1.263247
vt 0.236538 1.178290
vt 0.291520 1.312790
vt 0.291520 1.313365
vt 0.284587 1.313340
vt 0.284587 1.312766
vt 0.305455 1.312857
vt 0.305455 1.313432
vt 0.298593 1.313401
vt 0.298593 1.312826
vt 0.318566 1.312969
vt 0.318428 1.313543
vt 0.312144 1.313472
vt 0.312063 1.312899
vt 0.353881 1.313540
vt 0.353881 1.314115
vt 0.347147 1.313978
vt 0.347147 1.313403
vt 0.324838 1.313041
vt 0.330364 1.313105
vt 0.329888 1.313680
vt 0.324390 1.313616
vt 0.359806 1.313653
vt 0.364849 1.313778
vt 0.364824 1.314352
vt 0.359766 1.314228
vt 0.335146 1.313182
vt 0.340954 1.313288
vt 0.340896 1.313862
vt 0.334977 1.313756
vt 0.368787 1.313877
vt 0.372790 1.313972
vt 0.372799 1.314547
vt 0.368768 1.314451
vt 0.380935 1.314095
vt 0.381074 1.314670
vt 0.376621 1.314629
vt 0.376642 1.314054
vt 0.389347 1.314085
vt 0.393140 1.314020
vt 0.393335 1.314595
vt 0.389365 1.314660
vt 0.397222 1.313901
vt 0.401116 1.313768
vt 0.401653 1.314367
vt 0.397627 1.314476
vt 0.384665 1.314116
vt 0.384808 1.314691
vt 0.291520 1.314094
vt 0.284587 1.314069
vt 0.305455 1.314161
vt 0.298593 1.314129
vt 0.318206 1.314474
vt 0.312184 1.314180
vt 0.326971 1.317270
vt 0.324162 1.315974
vt 0.364571 1.320185
vt 0.359195 1.320680
vt 0.372867 1.319131
vt 0.368600 1.319674
vt 0.381025 1.317786
vt 0.376480 1.318479
vt 0.393619 1.315446
vt 0.389399 1.316028
vt 0.402203 1.315150
vt 0.398365 1.315256
vt 0.384538 1.317228
vt 0.333270 1.321442
vt 0.278039 1.314064
vt 0.278039 1.313335
vt 0.321271 1.315078
vt 0.401278 1.313760
vt 0.401808 1.314359
vt 0.402352 1.315144
vt 0.291520 1.314565
vt 0.284587 1.314541
vt 0.305455 1.314632
vt 0.298593 1.314601
vt 0.318092 1.314950
vt 0.312209 1.314639
vt 0.326627 1.317685
vt 0.323802 1.316424
vt 0.332702 1.321448
vt 0.278039 1.314535
vt 0.321032 1.315556
vt 0.340138 1.321380
vt 0.291447 1.314877
vt 0.284772 1.314855
vt 0.305329 1.314936
vt 0.298726 1.314912
vt 0.318082 1.315282
vt 0.312148 1.314950
vt 0.326530 1.317945
vt 0.323909 1.316772
vt 0.332115 1.321454
vt 0.321080 1.315894
vt 0.329499 1.320162
vt 0.324533 1.318266
vt 0.317870 1.317220
vt 0.310671 1.316650
vt 0.301979 1.316597
vt 0.289512 1.316730
vt 0.278039 1.316683
vt 0.278039 1.314847
vt 0.278039 1.312760
vt 0.264558 1.312790
vt 0.271492 1.312766
vt 0.271492 1.313340
vt 0.264558 1.313365
vt 0.250624 1.312857
vt 0.257486 1.312826
vt 0.257486 1.313401
vt 0.250624 1.313432
vt 0.237513 1.312969
vt 0.244015 1.312899
vt 0.243934 1.313472
vt 0.237650 1.313543
vt 0.202090 1.313540
vt 0.208029 1.313403
vt 0.208029 1.313978
vt 0.202090 1.314115
vt 0.231240 1.313041
vt 0.231689 1.313616
vt 0.226191 1.313680
vt 0.225715 1.313105
vt 0.196373 1.313653
vt 0.196409 1.314228
vt 0.191754 1.314352
vt 0.191724 1.313778
vt 0.220932 1.313182
vt 0.221102 1.313756
vt 0.214361 1.313862
vt 0.214295 1.313288
vt 0.187557 1.313877
vt 0.187574 1.314451
vt 0.183594 1.314547
vt 0.183602 1.313972
vt 0.175848 1.314095
vt 0.179929 1.314054
vt 0.179949 1.314629
vt 0.175716 1.314670
vt 0.167221 1.314085
vt 0.167209 1.314660
vt 0.163518 1.314595
vt 0.163776 1.314020
vt 0.159205 1.313901
vt 0.158935 1.314476
vt 0.155324 1.314343
vt 0.155581 1.313768
vt 0.171718 1.314116
vt 0.171623 1.314691
vt 0.264558 1.314094
vt 0.271492 1.314069
vt 0.250624 1.314161
vt 0.257486 1.314129
vt 0.237873 1.314474
vt 0.243895 1.314180
vt 0.202090 1.320983
vt 0.208029 1.321298
vt 0.231916 1.315974
vt 0.229108 1.317270
vt 0.192056 1.320185
vt 0.196817 1.320674
vt 0.183528 1.319131
vt 0.187735 1.319674
vt 0.175763 1.317786
vt 0.180083 1.318479
vt 0.163135 1.315446
vt 0.167187 1.316028
vt 0.154867 1.315150
vt 0.158521 1.315256
vt 0.171802 1.317228
vt 0.215224 1.321380
vt 0.222808 1.321442
vt 0.234808 1.315078
vt 0.155258 1.314335
vt 0.155513 1.313760
vt 0.154804 1.315144
vt 0.264558 1.314565
vt 0.271492 1.314541
vt 0.250624 1.314632
vt 0.257486 1.314601
vt 0.237987 1.314950
vt 0.243870 1.314639
vt 0.229451 1.317685
vt 0.232276 1.316424
vt 0.223377 1.321448
vt 0.235047 1.315556
vt 0.271307 1.314855
vt 0.264631 1.314877
vt 0.257352 1.314912
vt 0.250750 1.314936
vt 0.243931 1.314950
vt 0.237996 1.315282
vt 0.232169 1.316772
vt 0.229548 1.317945
vt 0.223849 1.321468
vt 0.234998 1.315894
vt 0.226580 1.320162
vt 0.231545 1.318266
vt 0.238209 1.317220
vt 0.245407 1.316650
vt 0.254100 1.316597
vt 0.266567 1.316730
vt 0.342222 1.314471
vt 0.347147 1.314529
vt 0.353881 1.314679
vt 0.358922 1.315904
vt 0.359002 1.320309
vt 0.341322 1.315150
vt 0.341688 1.314655
vt 0.357668 1.314755
vt 0.358530 1.315098
vt 0.347156 1.314879
vt 0.342260 1.314725
vt 0.342227 1.314608
vt 0.347154 1.314726
vt 0.353875 1.315022
vt 0.353881 1.314892
vt 0.358782 1.320396
vt 0.358642 1.315992
vt 0.358763 1.315951
vt 0.358868 1.320375
vt 0.341794 1.314853
vt 0.341453 1.315321
vt 0.341395 1.315246
vt 0.341744 1.314780
vt 0.340513 1.321128
vt 0.340431 1.321112
vt 0.358308 1.315325
vt 0.357592 1.315008
vt 0.357627 1.314907
vt 0.358381 1.315210
vt 0.347188 1.315784
vt 0.342735 1.315757
vt 0.353593 1.315912
vt 0.357836 1.316670
vt 0.342377 1.315886
vt 0.342102 1.316128
vt 0.357672 1.316189
vt 0.357119 1.315948
vt 0.340339 1.321001
vt 0.293388 1.354338
vt 0.298905 1.351133
vt 0.299125 1.358365
vt 0.293837 1.362264
vt 0.289211 1.348235
vt 0.292914 1.346370
vt 0.289642 1.356590
vt 0.296326 1.344481
vt 0.299620 1.342696
vt 0.306224 1.347057
vt 0.303353 1.340663
vt 0.307260 1.338595
vt 0.314563 1.342944
vt 0.311572 1.336365
vt 0.315776 1.334206
vt 0.323190 1.339132
vt 0.319891 1.332073
vt 0.324843 1.329621
vt 0.293936 1.367956
vt 0.298929 1.363700
vt 0.297118 1.369468
vt 0.293597 1.372769
vt 0.289975 1.365307
vt 0.290088 1.371364
vt 0.304902 1.363416
vt 0.300796 1.366415
vt 0.306614 1.358250
vt 0.312990 1.358514
vt 0.309007 1.360705
vt 0.314969 1.354016
vt 0.321364 1.354797
vt 0.317199 1.356514
vt 0.323705 1.350736
vt 0.330692 1.348521
vt 0.330617 1.351912
vt 0.326063 1.353255
vt 0.289712 1.365516
vt 0.289397 1.356738
vt 0.306510 1.353573
vt 0.289860 1.376445
vt 0.289575 1.376732
vt 0.289809 1.371576
vt 0.314892 1.349350
vt 0.323594 1.345962
vt 0.330252 1.336088
vt 0.330420 1.336015
vt 0.330817 1.343397
vt 0.330646 1.343456
vt 0.329184 1.327612
vt 0.329343 1.327539
vt 0.330858 1.348468
vt 0.341016 1.345234
vt 0.341161 1.344817
vt 0.340750 1.345054
vt 0.340766 1.345357
vt 0.351539 1.340117
vt 0.351516 1.339860
vt 0.348192 1.341489
vt 0.348210 1.341757
vt 0.359326 1.336317
vt 0.359304 1.336066
vt 0.355332 1.337958
vt 0.355347 1.338217
vt 0.367991 1.332293
vt 0.367974 1.332015
vt 0.363693 1.333993
vt 0.363710 1.334254
vt 0.377218 1.328121
vt 0.377206 1.327806
vt 0.372158 1.330040
vt 0.372175 1.330336
vt 0.344066 1.369656
vt 0.344023 1.369978
vt 0.347628 1.366751
vt 0.347645 1.366467
vt 0.340761 1.368170
vt 0.341106 1.362177
vt 0.340800 1.362397
vt 0.340472 1.368366
vt 0.351376 1.363537
vt 0.351372 1.363807
vt 0.355598 1.360955
vt 0.355588 1.360684
vt 0.359796 1.358171
vt 0.359805 1.358438
vt 0.363880 1.356408
vt 0.363885 1.356153
vt 0.368165 1.354352
vt 0.368162 1.354585
vt 0.372394 1.353047
vt 0.372400 1.352825
vt 0.381777 1.350459
vt 0.381758 1.350691
vt 0.381926 1.350652
vt 0.381945 1.350420
vt 0.341207 1.353521
vt 0.348354 1.359724
vt 0.348782 1.349382
vt 0.344754 1.343215
vt 0.344774 1.343488
vt 0.357684 1.353470
vt 0.357887 1.344692
vt 0.340233 1.373233
vt 0.340105 1.373727
vt 0.366183 1.349663
vt 0.366338 1.340930
vt 0.375027 1.346585
vt 0.375095 1.337502
vt 0.382230 1.342105
vt 0.382221 1.334844
vt 0.381476 1.326357
vt 0.381449 1.326039
vt 0.382056 1.347103
vt 0.377127 1.351748
vt 0.377144 1.351526
vt 0.288486 1.348090
vt 0.288944 1.348051
vt 0.288960 1.348362
vt 0.288503 1.348399
vt 0.292898 1.346083
vt 0.289195 1.347925
vt 0.289218 1.347562
vt 0.292681 1.345677
vt 0.296298 1.344215
vt 0.296074 1.343812
vt 0.299363 1.342035
vt 0.299585 1.342439
vt 0.303326 1.340403
vt 0.303104 1.340000
vt 0.307006 1.337941
vt 0.307227 1.338344
vt 0.311541 1.336104
vt 0.311325 1.335698
vt 0.315528 1.333522
vt 0.315746 1.333927
vt 0.319859 1.331776
vt 0.319646 1.331369
vt 0.324617 1.328892
vt 0.324816 1.329305
vt 0.297117 1.369757
vt 0.297355 1.370007
vt 0.293823 1.373314
vt 0.293569 1.373096
vt 0.289353 1.371513
vt 0.289252 1.365508
vt 0.304927 1.363691
vt 0.305129 1.363978
vt 0.301026 1.366961
vt 0.300805 1.366690
vt 0.312999 1.358772
vt 0.313162 1.359083
vt 0.309215 1.361276
vt 0.309031 1.360976
vt 0.321370 1.355022
vt 0.321471 1.355289
vt 0.317340 1.357036
vt 0.317208 1.356750
vt 0.330997 1.351872
vt 0.330987 1.352107
vt 0.330777 1.352099
vt 0.330783 1.351863
vt 0.288938 1.356758
vt 0.289550 1.377139
vt 0.289836 1.376847
vt 0.289983 1.377152
vt 0.289724 1.377391
vt 0.289243 1.376691
vt 0.330786 1.336034
vt 0.331139 1.343395
vt 0.328986 1.326937
vt 0.329303 1.327219
vt 0.329145 1.327292
vt 0.328833 1.327005
vt 0.329765 1.327517
vt 0.331139 1.348472
vt 0.326058 1.353480
vt 0.326143 1.353749
vt 0.330611 1.352147
vt 0.330697 1.352340
vt 0.382401 1.342054
vt 0.382391 1.334781
vt 0.381631 1.326293
vt 0.382226 1.347060
vt 0.330863 1.352289
vt 0.340914 1.353682
vt 0.339938 1.373508
vt 0.288742 1.347637
vt 0.289247 1.377172
vt 0.339863 1.373989
vt 0.329728 1.327198
vt 0.381604 1.325974
vt 0.470035 1.235054
vt 0.470080 1.237124
vt 0.464378 1.236959
vt 0.464326 1.234969
vt 0.470466 1.241338
vt 0.470247 1.239295
vt 0.473029 1.239358
vt 0.474709 1.241467
vt 0.470566 1.243216
vt 0.474817 1.243373
vt 0.464501 1.239150
vt 0.478861 1.237192
vt 0.478594 1.235159
vt 0.478883 1.235163
vt 0.479149 1.237192
vt 0.472787 1.235087
vt 0.472848 1.237151
vt 0.458758 1.234913
vt 0.458809 1.236804
vt 0.458576 1.236798
vt 0.458522 1.234909
vt 0.464576 1.241265
vt 0.458972 1.241205
vt 0.458900 1.239032
vt 0.479528 1.241555
vt 0.479204 1.239452
vt 0.479493 1.239457
vt 0.479816 1.241560
vt 0.459018 1.243035
vt 0.458784 1.243032
vt 0.458738 1.241202
vt 0.464626 1.243117
vt 0.479845 1.243599
vt 0.480135 1.243612
vt 0.458666 1.239027
vt 0.475654 1.235123
vt 0.475783 1.237192
vt 0.475999 1.239397
vt 0.458751 1.234812
vt 0.458515 1.234809
vt 0.479860 1.243696
vt 0.480150 1.243709
vt 0.464324 1.234878
vt 0.470031 1.234952
vt 0.472784 1.234985
vt 0.478586 1.235065
vt 0.475649 1.235022
vt 0.474823 1.243471
vt 0.470571 1.243314
vt 0.464629 1.243215
vt 0.459020 1.243133
vt 0.464429 1.232615
vt 0.470129 1.232591
vt 0.470037 1.234650
vt 0.464330 1.234598
vt 0.473128 1.230451
vt 0.470345 1.230441
vt 0.470613 1.228417
vt 0.474855 1.228404
vt 0.470758 1.226550
vt 0.475005 1.226508
vt 0.464604 1.230441
vt 0.478598 1.234775
vt 0.475662 1.234722
vt 0.475837 1.232671
vt 0.478905 1.232762
vt 0.472897 1.232633
vt 0.472790 1.234683
vt 0.458860 1.232627
vt 0.458764 1.234512
vt 0.459003 1.230414
vt 0.458770 1.230413
vt 0.458893 1.228250
vt 0.459127 1.228253
vt 0.464729 1.228340
vt 0.476101 1.230495
vt 0.479663 1.228454
vt 0.479294 1.230532
vt 0.459218 1.226432
vt 0.464824 1.226497
vt 0.480024 1.226431
vt 0.464326 1.234689
vt 0.458754 1.234612
vt 0.475011 1.226409
vt 0.480041 1.226334
vt 0.470033 1.234751
vt 0.472785 1.234784
vt 0.478885 1.234780
vt 0.478875 1.234877
vt 0.478590 1.234872
vt 0.470765 1.226452
vt 0.464828 1.226399
vt 0.458988 1.226330
vt 0.459222 1.226333
vt 0.458984 1.226429
vt 0.475653 1.234822
vt 0.479078 1.235140
vt 0.479345 1.237165
vt 0.458379 1.236804
vt 0.458324 1.234916
vt 0.458541 1.241206
vt 0.458469 1.239032
vt 0.479688 1.239426
vt 0.480012 1.241529
vt 0.458586 1.243034
vt 0.480331 1.243578
vt 0.458319 1.234818
vt 0.480346 1.243675
vt 0.479849 1.243894
vt 0.474813 1.243668
vt 0.478871 1.235068
vt 0.479065 1.235040
vt 0.470565 1.243512
vt 0.464625 1.243413
vt 0.458786 1.243130
vt 0.459017 1.243331
vt 0.458783 1.243327
vt 0.458589 1.243133
vt 0.458343 1.216004
vt 0.458267 1.214290
vt 0.479276 1.214509
vt 0.479557 1.216335
vt 0.458537 1.220443
vt 0.458449 1.218219
vt 0.479920 1.218514
vt 0.480325 1.220804
vt 0.480719 1.222824
vt 0.458588 1.222349
vt 0.479566 1.214513
vt 0.479846 1.216345
vt 0.458303 1.220442
vt 0.458215 1.218217
vt 0.458354 1.222346
vt 0.480209 1.218520
vt 0.458263 1.214192
vt 0.458032 1.214289
vt 0.458028 1.214190
vt 0.480738 1.222920
vt 0.481010 1.222833
vt 0.481029 1.222929
vt 0.458269 1.213897
vt 0.458035 1.213893
vt 0.458144 1.212186
vt 0.458378 1.212190
vt 0.480447 1.207881
vt 0.480737 1.207878
vt 0.480288 1.210148
vt 0.479998 1.210148
vt 0.480878 1.205875
vt 0.481169 1.205872
vt 0.458293 1.209984
vt 0.458527 1.209987
vt 0.458263 1.213995
vt 0.479279 1.214117
vt 0.479263 1.214214
vt 0.480899 1.205779
vt 0.458746 1.205876
vt 0.458750 1.205778
vt 0.479568 1.214119
vt 0.479552 1.214217
vt 0.458516 1.205776
vt 0.458512 1.205875
vt 0.458109 1.216004
vt 0.457912 1.216011
vt 0.457835 1.214297
vt 0.480404 1.218484
vt 0.480809 1.220773
vt 0.480615 1.220812
vt 0.481205 1.222791
vt 0.458017 1.218224
vt 0.479761 1.214482
vt 0.480041 1.216312
vt 0.458105 1.220446
vt 0.458155 1.222348
vt 0.457830 1.214198
vt 0.479260 1.214412
vt 0.481223 1.222888
vt 0.458591 1.222448
vt 0.480731 1.223119
vt 0.458587 1.222646
vt 0.479551 1.214416
vt 0.479746 1.214384
vt 0.458356 1.222444
vt 0.458353 1.222642
vt 0.458158 1.222447
vt 0.458871 1.194590
vt 0.458792 1.192826
vt 0.480864 1.193095
vt 0.481175 1.194936
vt 0.481583 1.197187
vt 0.482016 1.199435
vt 0.459135 1.199197
vt 0.458986 1.197036
vt 0.459269 1.201281
vt 0.459265 1.201200
vt 0.482460 1.201767
vt 0.482479 1.201862
vt 0.481154 1.193099
vt 0.481464 1.194940
vt 0.458901 1.199196
vt 0.458752 1.197038
vt 0.459034 1.201277
vt 0.459030 1.201195
vt 0.481872 1.197193
vt 0.458787 1.192728
vt 0.458557 1.192823
vt 0.458552 1.192725
vt 0.458794 1.192432
vt 0.458560 1.192429
vt 0.458679 1.190676
vt 0.458914 1.190678
vt 0.482165 1.186446
vt 0.482455 1.186448
vt 0.481972 1.188665
vt 0.481682 1.188664
vt 0.482663 1.184133
vt 0.482955 1.184132
vt 0.458852 1.188244
vt 0.459086 1.188251
vt 0.458787 1.192529
vt 0.480870 1.192704
vt 0.480848 1.192800
vt 0.481159 1.192708
vt 0.481137 1.192804
vt 0.458637 1.194586
vt 0.458439 1.194594
vt 0.458358 1.192831
vt 0.482067 1.197153
vt 0.482501 1.199399
vt 0.482306 1.199441
vt 0.482966 1.201830
vt 0.482770 1.201871
vt 0.482752 1.201776
vt 0.482947 1.201735
vt 0.482471 1.202061
vt 0.459265 1.201480
vt 0.458554 1.197048
vt 0.481349 1.193064
vt 0.481659 1.194903
vt 0.458703 1.199206
vt 0.458831 1.201204
vt 0.459031 1.201476
vt 0.458354 1.192733
vt 0.480844 1.192998
vt 0.481135 1.193002
vt 0.481332 1.192966
vt 0.458511 1.171838
vt 0.458393 1.170068
vt 0.481596 1.170311
vt 0.481905 1.172229
vt 0.458829 1.176568
vt 0.458668 1.174217
vt 0.482324 1.174644
vt 0.482798 1.177152
vt 0.483294 1.180279
vt 0.459016 1.179085
vt 0.481887 1.170315
vt 0.482194 1.172235
vt 0.458596 1.176564
vt 0.458435 1.174212
vt 0.458780 1.179078
vt 0.482614 1.174649
vt 0.458387 1.169970
vt 0.458158 1.170066
vt 0.458152 1.169968
vt 0.483309 1.180375
vt 0.483587 1.180298
vt 0.483602 1.180394
vt 0.458395 1.169674
vt 0.458161 1.169671
vt 0.458316 1.167915
vt 0.458550 1.167916
vt 0.482944 1.163217
vt 0.483235 1.163214
vt 0.482709 1.165667
vt 0.482419 1.165666
vt 0.483493 1.160123
vt 0.483785 1.160109
vt 0.458524 1.165566
vt 0.458758 1.165566
vt 0.458387 1.169771
vt 0.481600 1.169919
vt 0.481583 1.170015
vt 0.483510 1.160028
vt 0.459200 1.160756
vt 0.459207 1.160658
vt 0.481890 1.169921
vt 0.481872 1.170018
vt 0.458965 1.160759
vt 0.458972 1.160660
vt 0.458277 1.171834
vt 0.458079 1.171846
vt 0.457959 1.170078
vt 0.482809 1.174608
vt 0.483282 1.177121
vt 0.483087 1.177161
vt 0.483786 1.180262
vt 0.458235 1.174223
vt 0.482084 1.170281
vt 0.482390 1.172198
vt 0.458397 1.176575
vt 0.458579 1.179087
vt 0.457952 1.169979
vt 0.481580 1.170213
vt 0.483802 1.180358
vt 0.459023 1.179183
vt 0.483296 1.180576
vt 0.459015 1.179383
vt 0.481871 1.170217
vt 0.482068 1.170183
vt 0.458788 1.179176
vt 0.458781 1.179376
vt 0.458586 1.179186
vt 0.469690 1.257205
vt 0.469707 1.259459
vt 0.463851 1.259243
vt 0.463741 1.257105
vt 0.469946 1.263847
vt 0.469826 1.261714
vt 0.472601 1.261786
vt 0.474063 1.263948
vt 0.470038 1.265431
vt 0.474158 1.265655
vt 0.463930 1.261516
vt 0.477677 1.259702
vt 0.477380 1.257299
vt 0.477670 1.257303
vt 0.477967 1.259707
vt 0.472299 1.257232
vt 0.472414 1.259553
vt 0.458609 1.257032
vt 0.458643 1.259081
vt 0.458411 1.259073
vt 0.458375 1.257028
vt 0.464012 1.263687
vt 0.458721 1.263595
vt 0.458688 1.261430
vt 0.478222 1.264061
vt 0.477966 1.261979
vt 0.478253 1.261988
vt 0.478509 1.264068
vt 0.458760 1.265152
vt 0.458526 1.265147
vt 0.458489 1.263591
vt 0.464070 1.265260
vt 0.478444 1.266016
vt 0.478734 1.266040
vt 0.458456 1.261426
vt 0.474747 1.257288
vt 0.474869 1.259639
vt 0.474839 1.261875
vt 0.458604 1.256934
vt 0.458371 1.256930
vt 0.478455 1.266112
vt 0.478745 1.266137
vt 0.463736 1.257012
vt 0.469689 1.257102
vt 0.472293 1.257133
vt 0.474743 1.257175
vt 0.477377 1.257212
vt 0.474163 1.265752
vt 0.470044 1.265529
vt 0.464074 1.265357
vt 0.458762 1.265249
vt 0.463916 1.254601
vt 0.469768 1.254560
vt 0.469693 1.256795
vt 0.463747 1.256725
vt 0.472714 1.252350
vt 0.469946 1.252338
vt 0.470123 1.250233
vt 0.474233 1.250264
vt 0.470258 1.248666
vt 0.474369 1.248579
vt 0.464057 1.252355
vt 0.477386 1.256938
vt 0.474757 1.256855
vt 0.474938 1.254538
vt 0.477738 1.254572
vt 0.472471 1.254544
vt 0.472300 1.256838
vt 0.458710 1.254602
vt 0.458617 1.256641
vt 0.458820 1.252275
vt 0.458587 1.252271
vt 0.458680 1.250121
vt 0.458912 1.250125
vt 0.464197 1.250206
vt 0.474961 1.252333
vt 0.478374 1.250296
vt 0.478074 1.252338
vt 0.458995 1.248582
vt 0.464299 1.248650
vt 0.478642 1.248370
vt 0.463740 1.256819
vt 0.458608 1.256738
vt 0.474374 1.248480
vt 0.478655 1.248275
vt 0.469691 1.256899
vt 0.472295 1.256936
vt 0.477664 1.257035
vt 0.477384 1.257029
vt 0.477672 1.256945
vt 0.470266 1.248568
vt 0.464305 1.248552
vt 0.458765 1.248479
vt 0.458998 1.248482
vt 0.458762 1.248578
vt 0.474749 1.256965
vt 0.477863 1.257284
vt 0.478161 1.259685
vt 0.458214 1.259076
vt 0.458177 1.257032
vt 0.458292 1.263593
vt 0.458259 1.261425
vt 0.478449 1.261964
vt 0.478705 1.264043
vt 0.458328 1.265147
vt 0.478931 1.266012
vt 0.458175 1.256934
vt 0.478942 1.266109
vt 0.478437 1.266310
vt 0.474149 1.265949
vt 0.477659 1.257212
vt 0.477850 1.257185
vt 0.470035 1.265726
vt 0.464068 1.265555
vt 0.458528 1.265245
vt 0.458758 1.265447
vt 0.458524 1.265442
vt 0.458330 1.265247
vt 0.470378 1.280571
vt 0.470530 1.282781
vt 0.464606 1.282619
vt 0.464430 1.280535
vt 0.470713 1.287339
vt 0.470666 1.284945
vt 0.473359 1.284934
vt 0.474112 1.287508
vt 0.470736 1.289726
vt 0.474118 1.290082
vt 0.464679 1.284835
vt 0.477086 1.282716
vt 0.476814 1.280585
vt 0.477109 1.280586
vt 0.477378 1.282706
vt 0.472918 1.280580
vt 0.473061 1.282727
vt 0.459024 1.280495
vt 0.459112 1.282580
vt 0.458878 1.282579
vt 0.458789 1.280493
vt 0.464722 1.287094
vt 0.459156 1.287094
vt 0.459139 1.284741
vt 0.477581 1.284872
vt 0.477755 1.287616
vt 0.477470 1.287608
vt 0.477292 1.284887
vt 0.459160 1.288998
vt 0.458927 1.288987
vt 0.458923 1.287094
vt 0.464707 1.289276
vt 0.477608 1.290564
vt 0.477895 1.290603
vt 0.458906 1.284737
vt 0.475110 1.280586
vt 0.475248 1.282775
vt 0.475228 1.284991
vt 0.459015 1.280400
vt 0.458783 1.280396
vt 0.477613 1.290660
vt 0.477900 1.290699
vt 0.464421 1.280437
vt 0.470370 1.280466
vt 0.472912 1.280476
vt 0.476806 1.280497
vt 0.475106 1.280486
vt 0.474118 1.290178
vt 0.470736 1.289823
vt 0.464706 1.289373
vt 0.459155 1.289095
vt 0.464622 1.278075
vt 0.470539 1.277975
vt 0.470377 1.280157
vt 0.464432 1.280139
vt 0.473377 1.275900
vt 0.470687 1.275860
vt 0.470748 1.273513
vt 0.474145 1.273392
vt 0.470784 1.271158
vt 0.474160 1.270854
vt 0.464710 1.275900
vt 0.476821 1.280223
vt 0.475119 1.280192
vt 0.475271 1.278039
vt 0.477106 1.278126
vt 0.473069 1.278054
vt 0.472919 1.280169
vt 0.459135 1.278047
vt 0.459031 1.280116
vt 0.459121 1.275924
vt 0.458888 1.275925
vt 0.458975 1.273595
vt 0.459208 1.273599
vt 0.464766 1.273677
vt 0.475259 1.275867
vt 0.477492 1.273336
vt 0.477313 1.276001
vt 0.459227 1.271714
vt 0.464765 1.271523
vt 0.477640 1.270419
vt 0.464424 1.280239
vt 0.459019 1.280209
vt 0.474158 1.270756
vt 0.477645 1.270323
vt 0.470371 1.280262
vt 0.472914 1.280272
vt 0.477113 1.280228
vt 0.477102 1.280318
vt 0.476814 1.280314
vt 0.470783 1.271060
vt 0.464763 1.271425
vt 0.458994 1.271721
vt 0.458985 1.271621
vt 0.459217 1.271614
vt 0.475112 1.280289
vt 0.477300 1.280563
vt 0.477569 1.282685
vt 0.458682 1.282581
vt 0.458593 1.280501
vt 0.458726 1.287091
vt 0.458706 1.284730
vt 0.477775 1.284857
vt 0.477951 1.287603
vt 0.458728 1.288979
vt 0.478095 1.290587
vt 0.458589 1.280404
vt 0.478100 1.290684
vt 0.477585 1.290857
vt 0.474094 1.290375
vt 0.477096 1.280496
vt 0.477286 1.280465
vt 0.470718 1.290020
vt 0.464693 1.289571
vt 0.458921 1.289084
vt 0.459145 1.289293
vt 0.458912 1.289281
vt 0.458927 1.289085
vt 0.458728 1.289080
vt 0.459465 1.184120
vt 0.459471 1.184039
vt 0.482683 1.184039
vt 0.459231 1.184118
vt 0.459236 1.184037
vt 0.458836 1.201285
vt 0.481951 1.168028
vt 0.458736 1.163250
vt 0.458970 1.163251
vt 0.458153 1.169769
vt 0.481224 1.190883
vt 0.459053 1.186105
vt 0.459287 1.186111
vt 0.458553 1.192527
vt 0.479595 1.212305
vt 0.458426 1.207772
vt 0.458660 1.207776
vt 0.458029 1.213992
vt 0.458627 1.232628
vt 0.458529 1.234509
vt 0.458517 1.234608
vt 0.458478 1.254602
vt 0.458384 1.256637
vt 0.458376 1.256734
vt 0.458901 1.278046
vt 0.458798 1.280113
vt 0.458788 1.280207
vt 0.482241 1.168029
vt 0.483802 1.160014
vt 0.483588 1.180595
vt 0.481513 1.190886
vt 0.482762 1.202070
vt 0.482975 1.184037
vt 0.479884 1.212301
vt 0.481190 1.205776
vt 0.481022 1.223127
vt 0.479193 1.232771
vt 0.479582 1.230536
vt 0.479951 1.228457
vt 0.480314 1.226426
vt 0.480330 1.226330
vt 0.480140 1.243907
vt 0.478027 1.254576
vt 0.478361 1.252339
vt 0.478660 1.250299
vt 0.478929 1.248356
vt 0.478942 1.248261
vt 0.478726 1.266335
vt 0.477398 1.278141
vt 0.477778 1.273331
vt 0.477602 1.276021
vt 0.477924 1.270383
vt 0.477929 1.270288
vt 0.477871 1.290897
vt 0.257170 1.351133
vt 0.262686 1.354338
vt 0.262238 1.362264
vt 0.256949 1.358365
vt 0.266863 1.348235
vt 0.266432 1.356590
vt 0.263160 1.346370
vt 0.256454 1.342696
vt 0.259748 1.344481
vt 0.249850 1.347057
vt 0.248814 1.338595
vt 0.252721 1.340663
vt 0.241511 1.342944
vt 0.240298 1.334206
vt 0.244502 1.336365
vt 0.232884 1.339132
vt 0.231231 1.329621
vt 0.236183 1.332073
vt 0.262138 1.367956
vt 0.262478 1.372769
vt 0.258956 1.369468
vt 0.257145 1.363700
vt 0.266099 1.365307
vt 0.265986 1.371364
vt 0.251173 1.363416
vt 0.249460 1.358250
vt 0.255278 1.366415
vt 0.243084 1.358514
vt 0.241106 1.354016
vt 0.247068 1.360705
vt 0.234710 1.354797
vt 0.232369 1.350736
vt 0.238876 1.356514
vt 0.225382 1.348521
vt 0.230011 1.353255
vt 0.225458 1.351912
vt 0.266677 1.356738
vt 0.266363 1.365516
vt 0.249564 1.353573
vt 0.266214 1.376445
vt 0.266265 1.371576
vt 0.266500 1.376732
vt 0.241182 1.349350
vt 0.232481 1.345962
vt 0.225822 1.336088
vt 0.225428 1.343456
vt 0.225257 1.343397
vt 0.225654 1.336015
vt 0.226890 1.327612
vt 0.226731 1.327539
vt 0.225216 1.348468
vt 0.215058 1.345234
vt 0.215308 1.345357
vt 0.215324 1.345054
vt 0.214913 1.344817
vt 0.204535 1.340117
vt 0.207864 1.341757
vt 0.207882 1.341489
vt 0.204559 1.339860
vt 0.196749 1.336317
vt 0.200727 1.338217
vt 0.200743 1.337958
vt 0.196770 1.336066
vt 0.188084 1.332293
vt 0.192364 1.334254
vt 0.192382 1.333993
vt 0.188100 1.332015
vt 0.178856 1.328121
vt 0.183899 1.330336
vt 0.183917 1.330040
vt 0.178868 1.327806
vt 0.212009 1.369656
vt 0.208430 1.366467
vt 0.208446 1.366751
vt 0.212051 1.369978
vt 0.215314 1.368170
vt 0.215602 1.368366
vt 0.215274 1.362397
vt 0.214968 1.362177
vt 0.204698 1.363537
vt 0.200487 1.360684
vt 0.200476 1.360955
vt 0.204702 1.363807
vt 0.196279 1.358171
vt 0.192189 1.356153
vt 0.192195 1.356408
vt 0.196269 1.358438
vt 0.187910 1.354352
vt 0.183675 1.352825
vt 0.183681 1.353047
vt 0.187912 1.354585
vt 0.174297 1.350459
vt 0.174130 1.350420
vt 0.174149 1.350652
vt 0.174317 1.350691
vt 0.214867 1.353521
vt 0.207292 1.349382
vt 0.207721 1.359724
vt 0.211300 1.343488
vt 0.211320 1.343215
vt 0.198187 1.344692
vt 0.198390 1.353470
vt 0.215841 1.373233
vt 0.215969 1.373727
vt 0.189737 1.340930
vt 0.189892 1.349663
vt 0.180979 1.337502
vt 0.181047 1.346585
vt 0.173845 1.342105
vt 0.173854 1.334844
vt 0.174598 1.326357
vt 0.174626 1.326039
vt 0.174018 1.347103
vt 0.178930 1.351526
vt 0.178947 1.351748
vt 0.267588 1.348090
vt 0.267572 1.348399
vt 0.267114 1.348362
vt 0.267131 1.348051
vt 0.263176 1.346083
vt 0.263393 1.345677
vt 0.266856 1.347562
vt 0.266879 1.347925
vt 0.259776 1.344215
vt 0.256489 1.342439
vt 0.256711 1.342035
vt 0.260000 1.343812
vt 0.252749 1.340403
vt 0.248848 1.338344
vt 0.249069 1.337941
vt 0.252971 1.340000
vt 0.244533 1.336104
vt 0.240329 1.333927
vt 0.240547 1.333522
vt 0.244750 1.335698
vt 0.236215 1.331776
vt 0.231258 1.329305
vt 0.231457 1.328892
vt 0.236428 1.331369
vt 0.258957 1.369757
vt 0.262505 1.373096
vt 0.262251 1.373314
vt 0.258719 1.370007
vt 0.266822 1.365508
vt 0.266721 1.371513
vt 0.251147 1.363691
vt 0.255269 1.366690
vt 0.255048 1.366961
vt 0.250945 1.363978
vt 0.243075 1.358772
vt 0.247043 1.360976
vt 0.246860 1.361276
vt 0.242912 1.359083
vt 0.234704 1.355022
vt 0.238866 1.356750
vt 0.238734 1.357036
vt 0.234603 1.355289
vt 0.225077 1.351872
vt 0.225292 1.351863
vt 0.225297 1.352099
vt 0.225087 1.352107
vt 0.267136 1.356758
vt 0.266524 1.377139
vt 0.266351 1.377391
vt 0.266091 1.377152
vt 0.266239 1.376847
vt 0.266831 1.376691
vt 0.224935 1.343395
vt 0.225288 1.336034
vt 0.227089 1.326937
vt 0.227242 1.327005
vt 0.226930 1.327292
vt 0.226771 1.327219
vt 0.226309 1.327517
vt 0.224935 1.348472
vt 0.230016 1.353480
vt 0.229931 1.353749
vt 0.225377 1.352340
vt 0.225463 1.352147
vt 0.173684 1.334781
vt 0.173673 1.342054
vt 0.174443 1.326293
vt 0.173849 1.347060
vt 0.225212 1.352289
vt 0.215160 1.353682
vt 0.216137 1.373508
vt 0.267332 1.347637
vt 0.266827 1.377172
vt 0.216211 1.373989
vt 0.226347 1.327198
vt 0.174471 1.325974
vt 0.084708 1.235054
vt 0.090416 1.234969
vt 0.090364 1.236959
vt 0.084663 1.237124
vt 0.084276 1.241338
vt 0.080033 1.241467
vt 0.081714 1.239358
vt 0.084496 1.239295
vt 0.084176 1.243216
vt 0.079925 1.243373
vt 0.090241 1.239150
vt 0.075881 1.237192
vt 0.075593 1.237192
vt 0.075859 1.235163
vt 0.076148 1.235159
vt 0.081955 1.235087
vt 0.081894 1.237151
vt 0.095984 1.234913
vt 0.096220 1.234909
vt 0.096166 1.236798
vt 0.095933 1.236804
vt 0.095843 1.239032
vt 0.095771 1.241205
vt 0.090166 1.241265
vt 0.075215 1.241555
vt 0.074926 1.241560
vt 0.075249 1.239457
vt 0.075538 1.239452
vt 0.096004 1.241202
vt 0.095958 1.243032
vt 0.095724 1.243035
vt 0.090116 1.243117
vt 0.074898 1.243599
vt 0.074607 1.243612
vt 0.096076 1.239027
vt 0.079088 1.235123
vt 0.078960 1.237192
vt 0.078743 1.239397
vt 0.095991 1.234812
vt 0.096227 1.234809
vt 0.074883 1.243696
vt 0.074592 1.243709
vt 0.090418 1.234878
vt 0.084711 1.234952
vt 0.081959 1.234985
vt 0.076157 1.235065
vt 0.079093 1.235022
vt 0.079920 1.243471
vt 0.084171 1.243314
vt 0.090113 1.243215
vt 0.095722 1.243133
vt 0.090313 1.232615
vt 0.090412 1.234598
vt 0.084705 1.234650
vt 0.084614 1.232591
vt 0.081615 1.230451
vt 0.079887 1.228404
vt 0.084129 1.228417
vt 0.084397 1.230441
vt 0.079737 1.226508
vt 0.083984 1.226550
vt 0.090139 1.230441
vt 0.076144 1.234775
vt 0.075838 1.232762
vt 0.078905 1.232671
vt 0.079080 1.234722
vt 0.081952 1.234683
vt 0.081845 1.232633
vt 0.095882 1.232627
vt 0.095978 1.234512
vt 0.095739 1.230414
vt 0.095615 1.228253
vt 0.095849 1.228250
vt 0.095972 1.230413
vt 0.090014 1.228340
vt 0.078641 1.230495
vt 0.075448 1.230532
vt 0.075080 1.228454
vt 0.095524 1.226432
vt 0.089919 1.226497
vt 0.074718 1.226431
vt 0.090416 1.234689
vt 0.095989 1.234612
vt 0.074701 1.226334
vt 0.079732 1.226409
vt 0.084709 1.234751
vt 0.081957 1.234784
vt 0.076152 1.234872
vt 0.075867 1.234877
vt 0.075857 1.234780
vt 0.083977 1.226452
vt 0.089914 1.226399
vt 0.095754 1.226330
vt 0.095758 1.226429
vt 0.095520 1.226333
vt 0.079089 1.234822
vt 0.075397 1.237165
vt 0.075664 1.235140
vt 0.096419 1.234916
vt 0.096363 1.236804
vt 0.096274 1.239032
vt 0.096201 1.241206
vt 0.074730 1.241529
vt 0.075054 1.239426
vt 0.096156 1.243034
vt 0.074411 1.243578
vt 0.096423 1.234818
vt 0.074397 1.243675
vt 0.079929 1.243668
vt 0.074893 1.243894
vt 0.075871 1.235068
vt 0.075677 1.235040
vt 0.084177 1.243512
vt 0.090117 1.243413
vt 0.095956 1.243130
vt 0.095959 1.243327
vt 0.095725 1.243331
vt 0.096154 1.243133
vt 0.096400 1.216004
vt 0.075185 1.216335
vt 0.075467 1.214509
vt 0.096476 1.214290
vt 0.096205 1.220443
vt 0.074418 1.220804
vt 0.074822 1.218514
vt 0.096293 1.218219
vt 0.096154 1.222349
vt 0.074023 1.222824
vt 0.074896 1.216345
vt 0.075177 1.214513
vt 0.096527 1.218217
vt 0.096439 1.220442
vt 0.096389 1.222346
vt 0.074533 1.218520
vt 0.096480 1.214192
vt 0.096714 1.214190
vt 0.096710 1.214289
vt 0.074004 1.222920
vt 0.073713 1.222929
vt 0.073732 1.222833
vt 0.096473 1.213897
vt 0.096365 1.212190
vt 0.096599 1.212186
vt 0.096707 1.213893
vt 0.074295 1.207881
vt 0.074744 1.210148
vt 0.074455 1.210148
vt 0.074005 1.207878
vt 0.073864 1.205875
vt 0.073573 1.205872
vt 0.096215 1.209987
vt 0.096449 1.209984
vt 0.096479 1.213995
vt 0.075480 1.214214
vt 0.075463 1.214117
vt 0.073843 1.205779
vt 0.095992 1.205778
vt 0.095996 1.205876
vt 0.075190 1.214217
vt 0.075174 1.214119
vt 0.096226 1.205776
vt 0.096230 1.205875
vt 0.096633 1.216004
vt 0.096908 1.214297
vt 0.096831 1.216011
vt 0.074128 1.220812
vt 0.073933 1.220773
vt 0.074338 1.218484
vt 0.073537 1.222791
vt 0.096725 1.218224
vt 0.074701 1.216312
vt 0.074981 1.214482
vt 0.096637 1.220446
vt 0.096587 1.222348
vt 0.096912 1.214198
vt 0.075482 1.214412
vt 0.073519 1.222888
vt 0.096151 1.222448
vt 0.096155 1.222646
vt 0.074011 1.223119
vt 0.075192 1.214416
vt 0.074996 1.214384
vt 0.096386 1.222444
vt 0.096390 1.222642
vt 0.096584 1.222447
vt 0.095871 1.194590
vt 0.073567 1.194936
vt 0.073878 1.193095
vt 0.095950 1.192826
vt 0.073160 1.197187
vt 0.095756 1.197036
vt 0.095607 1.199197
vt 0.072726 1.199435
vt 0.095474 1.201281
vt 0.072264 1.201862
vt 0.072282 1.201767
vt 0.095477 1.201200
vt 0.073278 1.194940
vt 0.073588 1.193099
vt 0.095990 1.197038
vt 0.095841 1.199196
vt 0.095712 1.201195
vt 0.095708 1.201277
vt 0.072870 1.197193
vt 0.095955 1.192728
vt 0.096190 1.192725
vt 0.096185 1.192823
vt 0.095948 1.192432
vt 0.095829 1.190678
vt 0.096063 1.190676
vt 0.096182 1.192429
vt 0.072577 1.186446
vt 0.073060 1.188664
vt 0.072770 1.188665
vt 0.072287 1.186448
vt 0.072079 1.184133
vt 0.071788 1.184132
vt 0.095656 1.188251
vt 0.095890 1.188244
vt 0.095955 1.192529
vt 0.073895 1.192800
vt 0.073873 1.192704
vt 0.073605 1.192804
vt 0.073583 1.192708
vt 0.096384 1.192831
vt 0.096303 1.194594
vt 0.096105 1.194586
vt 0.072437 1.199441
vt 0.072242 1.199399
vt 0.072675 1.197153
vt 0.071777 1.201830
vt 0.071795 1.201735
vt 0.071990 1.201776
vt 0.071972 1.201871
vt 0.095477 1.201480
vt 0.072271 1.202061
vt 0.096189 1.197048
vt 0.073083 1.194903
vt 0.073393 1.193064
vt 0.096039 1.199206
vt 0.095912 1.201204
vt 0.095712 1.201476
vt 0.096388 1.192733
vt 0.073898 1.192998
vt 0.073607 1.193002
vt 0.073410 1.192966
vt 0.096231 1.171838
vt 0.072837 1.172229
vt 0.073147 1.170311
vt 0.096349 1.170068
vt 0.095913 1.176568
vt 0.071944 1.177152
vt 0.072418 1.174644
vt 0.096074 1.174217
vt 0.095726 1.179085
vt 0.071448 1.180279
vt 0.072548 1.172235
vt 0.072856 1.170315
vt 0.096308 1.174212
vt 0.096146 1.176564
vt 0.095962 1.179078
vt 0.072128 1.174649
vt 0.096355 1.169970
vt 0.096590 1.169968
vt 0.096584 1.170066
vt 0.071433 1.180375
vt 0.071140 1.180394
vt 0.071155 1.180298
vt 0.096347 1.169674
vt 0.096193 1.167916
vt 0.096426 1.167915
vt 0.096581 1.169671
vt 0.071798 1.163217
vt 0.072323 1.165666
vt 0.072033 1.165667
vt 0.071507 1.163214
vt 0.071249 1.160123
vt 0.070957 1.160109
vt 0.095985 1.165566
vt 0.096218 1.165566
vt 0.096355 1.169771
vt 0.073160 1.170015
vt 0.073142 1.169919
vt 0.071232 1.160028
vt 0.095536 1.160658
vt 0.095543 1.160756
vt 0.072870 1.170018
vt 0.072852 1.169921
vt 0.095770 1.160660
vt 0.095777 1.160759
vt 0.096783 1.170078
vt 0.096664 1.171846
vt 0.096465 1.171834
vt 0.071655 1.177161
vt 0.071460 1.177121
vt 0.071933 1.174608
vt 0.070956 1.180262
vt 0.096507 1.174223
vt 0.072352 1.172198
vt 0.072659 1.170281
vt 0.096345 1.176575
vt 0.096163 1.179087
vt 0.096790 1.169979
vt 0.073162 1.170213
vt 0.070940 1.180358
vt 0.095720 1.179183
vt 0.095727 1.179383
vt 0.071446 1.180576
vt 0.072871 1.170217
vt 0.072674 1.170183
vt 0.095955 1.179176
vt 0.095962 1.179376
vt 0.096156 1.179186
vt 0.085052 1.257205
vt 0.091001 1.257105
vt 0.090891 1.259243
vt 0.085035 1.259459
vt 0.084797 1.263847
vt 0.080679 1.263948
vt 0.082141 1.261786
vt 0.084916 1.261714
vt 0.084704 1.265431
vt 0.080584 1.265655
vt 0.090812 1.261516
vt 0.077065 1.259702
vt 0.076775 1.259707
vt 0.077073 1.257303
vt 0.077362 1.257299
vt 0.082443 1.257232
vt 0.082328 1.259553
vt 0.096134 1.257032
vt 0.096368 1.257028
vt 0.096332 1.259073
vt 0.096099 1.259081
vt 0.096054 1.261430
vt 0.096021 1.263595
vt 0.090730 1.263687
vt 0.076520 1.264061
vt 0.076233 1.264068
vt 0.076489 1.261988
vt 0.076777 1.261979
vt 0.096253 1.263591
vt 0.096216 1.265147
vt 0.095982 1.265152
vt 0.090672 1.265260
vt 0.076298 1.266016
vt 0.076009 1.266040
vt 0.096287 1.261426
vt 0.079995 1.257288
vt 0.079874 1.259639
vt 0.079903 1.261875
vt 0.096139 1.256934
vt 0.096372 1.256930
vt 0.076287 1.266112
vt 0.075998 1.266137
vt 0.091006 1.257012
vt 0.085053 1.257102
vt 0.082450 1.257133
vt 0.077365 1.257212
vt 0.079999 1.257175
vt 0.084699 1.265529
vt 0.080579 1.265752
vt 0.090668 1.265357
vt 0.095980 1.265249
vt 0.090826 1.254601
vt 0.090995 1.256725
vt 0.085049 1.256795
vt 0.084975 1.254560
vt 0.082028 1.252350
vt 0.080509 1.250264
vt 0.084619 1.250233
vt 0.084796 1.252338
vt 0.080374 1.248579
vt 0.084484 1.248666
vt 0.090685 1.252355
vt 0.077357 1.256938
vt 0.077004 1.254572
vt 0.079804 1.254538
vt 0.079985 1.256855
vt 0.082442 1.256838
vt 0.082271 1.254544
vt 0.096032 1.254602
vt 0.096125 1.256641
vt 0.095922 1.252275
vt 0.095830 1.250125
vt 0.096063 1.250121
vt 0.096155 1.252271
vt 0.090545 1.250206
vt 0.079781 1.252333
vt 0.076668 1.252338
vt 0.076369 1.250296
vt 0.095747 1.248582
vt 0.090443 1.248650
vt 0.076101 1.248370
vt 0.091003 1.256819
vt 0.096134 1.256738
vt 0.076087 1.248275
vt 0.080369 1.248480
vt 0.085051 1.256899
vt 0.082448 1.256936
vt 0.077078 1.257035
vt 0.077070 1.256945
vt 0.077359 1.257029
vt 0.084476 1.248568
vt 0.090437 1.248552
vt 0.095977 1.248479
vt 0.095980 1.248578
vt 0.095744 1.248482
vt 0.079993 1.256965
vt 0.076581 1.259685
vt 0.076879 1.257284
vt 0.096565 1.257032
vt 0.096528 1.259076
vt 0.096484 1.261425
vt 0.096450 1.263593
vt 0.076038 1.264043
vt 0.076293 1.261964
vt 0.096414 1.265147
vt 0.075812 1.266012
vt 0.096567 1.256934
vt 0.075800 1.266109
vt 0.080594 1.265949
vt 0.076305 1.266310
vt 0.077083 1.257212
vt 0.076892 1.257185
vt 0.084707 1.265726
vt 0.090674 1.265555
vt 0.096214 1.265245
vt 0.096218 1.265442
vt 0.095984 1.265447
vt 0.096412 1.265247
vt 0.084364 1.280571
vt 0.090313 1.280535
vt 0.090136 1.282619
vt 0.084212 1.282781
vt 0.084029 1.287339
vt 0.080630 1.287508
vt 0.081383 1.284934
vt 0.084077 1.284945
vt 0.084007 1.289726
vt 0.080624 1.290082
vt 0.090063 1.284835
vt 0.077656 1.282716
vt 0.077364 1.282706
vt 0.077633 1.280586
vt 0.077928 1.280585
vt 0.081824 1.280580
vt 0.081682 1.282727
vt 0.095718 1.280495
vt 0.095953 1.280493
vt 0.095864 1.282579
vt 0.095631 1.282580
vt 0.095603 1.284741
vt 0.095587 1.287094
vt 0.090020 1.287094
vt 0.077161 1.284872
vt 0.077450 1.284887
vt 0.077272 1.287608
vt 0.076987 1.287616
vt 0.095819 1.287094
vt 0.095816 1.288987
vt 0.095582 1.288998
vt 0.090036 1.289276
vt 0.077134 1.290564
vt 0.076847 1.290603
vt 0.095836 1.284737
vt 0.079632 1.280586
vt 0.079494 1.282775
vt 0.079515 1.284991
vt 0.095728 1.280400
vt 0.095959 1.280396
vt 0.077129 1.290660
vt 0.076842 1.290699
vt 0.090321 1.280437
vt 0.084372 1.280466
vt 0.081830 1.280476
vt 0.077937 1.280497
vt 0.079636 1.280486
vt 0.084006 1.289823
vt 0.080624 1.290178
vt 0.090036 1.289373
vt 0.095588 1.289095
vt 0.090120 1.278075
vt 0.090311 1.280139
vt 0.084365 1.280157
vt 0.084203 1.277975
vt 0.081365 1.275900
vt 0.080597 1.273392
vt 0.083994 1.273513
vt 0.084055 1.275860
vt 0.080582 1.270854
vt 0.083958 1.271158
vt 0.090033 1.275900
vt 0.077921 1.280223
vt 0.077637 1.278126
vt 0.079471 1.278039
vt 0.079624 1.280192
vt 0.081824 1.280169
vt 0.081673 1.278054
vt 0.095607 1.278047
vt 0.095712 1.280116
vt 0.095621 1.275924
vt 0.095534 1.273599
vt 0.095767 1.273595
vt 0.095855 1.275925
vt 0.089976 1.273677
vt 0.079483 1.275867
vt 0.077429 1.276001
vt 0.077250 1.273336
vt 0.095516 1.271714
vt 0.089977 1.271523
vt 0.077102 1.270419
vt 0.090318 1.280239
vt 0.095723 1.280209
vt 0.077098 1.270323
vt 0.080584 1.270756
vt 0.084372 1.280262
vt 0.081828 1.280272
vt 0.077928 1.280314
vt 0.077640 1.280318
vt 0.077629 1.280228
vt 0.083959 1.271060
vt 0.089979 1.271425
vt 0.095748 1.271721
vt 0.095525 1.271614
vt 0.095757 1.271621
vt 0.079630 1.280289
vt 0.077173 1.282685
vt 0.077442 1.280563
vt 0.096149 1.280501
vt 0.096061 1.282581
vt 0.096036 1.284730
vt 0.096016 1.287091
vt 0.076791 1.287603
vt 0.076967 1.284857
vt 0.096014 1.288979
vt 0.076647 1.290587
vt 0.096153 1.280404
vt 0.076643 1.290684
vt 0.080648 1.290375
vt 0.077157 1.290857
vt 0.077647 1.280496
vt 0.077457 1.280465
vt 0.084024 1.290020
vt 0.090049 1.289571
vt 0.095821 1.289084
vt 0.095830 1.289281
vt 0.095597 1.289293
vt 0.096014 1.289080
vt 0.095815 1.289085
vt 0.095277 1.184120
vt 0.072059 1.184039
vt 0.095272 1.184039
vt 0.095506 1.184037
vt 0.095512 1.184118
vt 0.095907 1.201285
vt 0.072791 1.168028
vt 0.096006 1.163250
vt 0.095772 1.163251
vt 0.096590 1.169769
vt 0.073519 1.190883
vt 0.095689 1.186105
vt 0.095455 1.186111
vt 0.096189 1.192527
vt 0.075148 1.212305
vt 0.096316 1.207772
vt 0.096082 1.207776
vt 0.096713 1.213992
vt 0.096115 1.232628
vt 0.096213 1.234509
vt 0.096225 1.234608
vt 0.096265 1.254602
vt 0.096358 1.256637
vt 0.096367 1.256734
vt 0.095841 1.278046
vt 0.095944 1.280113
vt 0.095954 1.280207
vt 0.072501 1.168029
vt 0.070940 1.160014
vt 0.071154 1.180595
vt 0.073229 1.190886
vt 0.071980 1.202070
vt 0.071768 1.184037
vt 0.074858 1.212301
vt 0.073553 1.205776
vt 0.073720 1.223127
vt 0.075549 1.232771
vt 0.075160 1.230536
vt 0.074791 1.228457
vt 0.074429 1.226426
vt 0.074412 1.226330
vt 0.074603 1.243907
vt 0.076715 1.254576
vt 0.076381 1.252339
vt 0.076082 1.250299
vt 0.075814 1.248356
vt 0.075800 1.248261
vt 0.076016 1.266335
vt 0.077345 1.278141
vt 0.077140 1.276021
vt 0.076964 1.273331
vt 0.076818 1.270383
vt 0.076814 1.270288
vt 0.076871 1.290897
s 1
usemtl EXT_Car_Paint.1
f 1/1/1 2/2/2 3/3/3
f 4/4/4 5/5/5 1/1/1
f 6/6/6 7/7/7 5/5/5
f 5/5/5 4/4/4 6/6/6
f 8/8/8 9/9/9 10/10/10
f 10/10/10 11/11/11 8/8/8
f 12/12/12 13/13/13 4/4/4
f 4/4/4 3/3/3 12/12/12
f 14/14/14 15/15/15 12/12/12
f 12/12/12 3/3/3 14/14/14
f 16/16/16 15/15/15 14/14/14
f 14/14/14 17/17/17 16/16/16
f 18/18/18 16/16/16 17/17/17
f 17/17/17 19/19/19 18/18/18
f 20/20/20 21/21/21 18/18/18
f 18/18/18 19/19/19 20/20/20
f 22/22/22 23/23/23 24/24/24
f 24/24/24 25/25/25 22/22/22
f 26/26/26 13/13/13 27/27/27
f 27/27/27 28/28/28 26/26/26
f 29/29/29 27/27/27 13/13/13
f 13/13/13 12/12/12 29/29/29
f 30/30/30 29/29/29 12/12/12
f 12/12/12 15/15/15 30/30/30
f 31/31/31 30/30/30 15/15/15
f 15/15/15 16/16/16 31/31/31
f 32/32/32 31/31/31 16/16/16
f 16/16/16 18/18/18 32/32/32
f 21/21/21 33/33/33 32/32/32
f 32/32/32 18/18/18 21/21/21
f 23/23/23 34/34/34 35/35/35
f 35/35/35 24/24/24 23/23/23
f 36/36/36 37/37/37 28/28/28
f 28/28/28 27/27/27 36/36/36
f 29/29/29 38/38/38 36/36/36
f 36/36/36 27/27/27 29/29/29
f 39/39/39 40/40/40 30/30/30
f 30/30/30 31/31/31 39/39/39
f 41/41/41 39/39/39 31/31/31
f 31/31/31 32/32/32 41/41/41
f 33/33/33 42/42/42 41/41/41
f 41/41/41 32/32/32 33/33/33
f 36/36/36 43/43/43 44/44/44
f 44/44/44 37/37/37 36/36/36
f 38/38/38 45/45/45 43/43/43
f 43/43/43 36/36/36 38/38/38
f 39/39/39 46/46/46 47/47/47
f 47/47/47 40/40/40 39/39/39
f 41/41/41 48/48/48 46/46/46
f 46/46/46 39/39/39 41/41/41
f 42/42/42 49/49/49 48/48/48
f 48/48/48 41/41/41 42/42/42
f 50/50/50 51/51/51 52/52/52
f 52/52/52 53/53/53 50/50/50
f 54/54/54 55/55/55 51/51/51
f 51/51/51 50/50/50 54/54/54
f 40/40/40 38/38/38 29/29/29
f 29/29/29 30/30/30 40/40/40
f 40/40/40 47/47/47 45/45/45
f 45/45/45 38/38/38 40/40/40
f 56/56/56 57/57/57 58/58/58
f 58/58/58 59/59/59 56/56/56
f 60/60/60 61/61/61 62/62/62
f 62/62/62 63/63/63 60/60/60
f 64/64/64 65/65/65 66/66/66
f 67/67/67 65/65/65 64/64/64
f 64/64/64 68/68/68 67/67/67
f 69/69/69 67/67/67 68/68/68
f 68/68/68 70/70/70 69/69/69
f 71/71/71 72/72/72 57/57/57
f 57/57/57 56/56/56 71/71/71
f 73/73/73 74/74/74 59/59/59
f 59/59/59 58/58/58 73/73/73
f 75/75/75 76/76/76 61/61/61
f 61/61/61 60/60/60 75/75/75
f 74/74/74 77/77/77 62/62/62
f 62/62/62 59/59/59 74/74/74
f 78/78/78 75/75/75 60/60/60
f 60/60/60 65/65/65 78/78/78
f 79/79/79 80/80/80 66/66/66
f 66/66/66 63/63/63 79/79/79
f 81/81/81 78/78/78 65/65/65
f 65/65/65 67/67/67 81/81/81
f 82/82/82 83/83/83 68/68/68
f 68/68/68 64/64/64 82/82/82
f 84/84/84 81/81/81 67/67/67
f 67/67/67 69/69/69 84/84/84
f 83/83/83 85/85/85 70/70/70
f 70/70/70 68/68/68 83/83/83
f 72/72/72 71/71/71 86/86/86
f 86/86/86 87/87/87 72/72/72
f 71/71/71 76/76/76 88/88/88
f 88/88/88 86/86/86 71/71/71
f 75/75/75 78/78/78 89/89/89
f 89/89/89 90/90/90 75/75/75
f 78/78/78 81/81/81 91/91/91
f 91/91/91 89/89/89 78/78/78
f 81/81/81 84/84/84 92/92/92
f 92/92/92 91/91/91 81/81/81
f 93/93/93 94/94/94 95/95/95
f 96/96/96 97/97/97 98/98/98
f 98/98/98 99/99/99 96/96/96
f 100/100/100 101/101/101 102/102/102
f 102/102/102 103/103/103 100/100/100
f 57/57/57 104/104/104 105/105/105
f 105/105/105 58/58/58 57/57/57
f 72/72/72 106/106/106 104/104/104
f 104/104/104 57/57/57 72/72/72
f 87/87/87 107/107/107 106/106/106
f 106/106/106 72/72/72 87/87/87
f 108/108/108 109/109/109 110/110/110
f 110/110/110 111/111/111 108/108/108
f 112/112/112 113/113/113 114/114/114
f 114/114/114 115/115/115 112/112/112
f 116/116/116 117/117/117 118/118/118
f 118/118/118 119/119/119 116/116/116
f 120/120/120 121/121/121 117/117/117
f 117/117/117 116/116/116 120/120/120
f 122/122/122 123/123/123 124/124/124
f 124/124/124 125/125/125 122/122/122
f 126/126/126 127/127/127 128/128/128
f 128/128/128 129/129/129 126/126/126
f 130/130/130 131/131/131 127/127/127
f 127/127/127 126/126/126 130/130/130
f 132/132/132 133/133/133 134/134/134
f 134/134/134 135/135/135 132/132/132
f 136/136/136 137/137/137 138/138/138
f 138/138/138 139/139/139 136/136/136
f 140/140/140 141/141/141 142/142/142
f 142/142/142 143/143/143 140/140/140
f 144/144/144 145/145/145 146/146/146
f 146/146/146 147/147/147 144/144/144
f 126/126/126 148/148/148 149/149/149
f 149/149/149 130/130/130 126/126/126
f 129/129/129 150/150/150 148/148/148
f 148/148/148 126/126/126 129/129/129
f 151/151/151 152/152/152 153/153/153
f 153/153/153 154/154/154 151/151/151
f 102/102/102 155/155/155 135/135/135
f 135/135/135 156/156/156 102/102/102
f 105/105/105 157/157/157 158/158/158
f 158/158/158 159/159/159 105/105/105
f 104/104/104 160/160/160 157/157/157
f 157/157/157 105/105/105 104/104/104
f 106/106/106 161/161/161 160/160/160
f 160/160/160 104/104/104 106/106/106
f 162/162/162 163/163/163 164/164/164
f 164/164/164 165/165/165 162/162/162
f 166/166/166 167/167/167 87/87/87
f 87/87/87 86/86/86 166/166/166
f 90/90/90 168/168/168 169/169/169
f 169/169/169 88/88/88 90/90/90
f 170/170/170 168/168/168 90/90/90
f 90/90/90 89/89/89 170/170/170
f 171/171/171 170/170/170 89/89/89
f 89/89/89 91/91/91 171/171/171
f 172/172/172 171/171/171 91/91/91
f 91/91/91 92/92/92 172/172/172
f 167/167/167 173/173/173 107/107/107
f 107/107/107 87/87/87 167/167/167
f 174/174/174 175/175/175 176/176/176
f 176/176/176 177/177/177 174/174/174
f 178/178/178 8/8/8 179/179/179
f 13/13/13 26/26/26 180/180/180
f 180/180/180 181/181/181 13/13/13
f 182/182/182 156/156/156 97/97/97
f 97/97/97 96/96/96 182/182/182
f 134/134/134 183/183/183 121/121/121
f 121/121/121 120/120/120 134/134/134
f 8/8/8 178/178/178 184/184/184
f 184/184/184 9/9/9 8/8/8
f 26/26/26 28/28/28 23/23/23
f 23/23/23 22/22/22 26/26/26
f 28/28/28 37/37/37 34/34/34
f 34/34/34 23/23/23 28/28/28
f 11/11/11 185/185/185 186/186/186
f 186/186/186 8/8/8 11/11/11
f 187/187/187 103/103/103 182/182/182
f 182/182/182 188/188/188 187/187/187
f 103/103/103 102/102/102 156/156/156
f 156/156/156 182/182/182 103/103/103
f 125/125/125 124/124/124 183/183/183
f 183/183/183 134/134/134 125/125/125
f 189/189/189 190/190/190 191/191/191
f 191/191/191 192/192/192 189/189/189
f 193/193/193 194/194/194 167/167/167
f 167/167/167 166/166/166 193/193/193
f 195/195/195 193/193/193 166/166/166
f 166/166/166 169/169/169 195/195/195
f 196/196/196 197/197/197 168/168/168
f 168/168/168 170/170/170 196/196/196
f 198/198/198 196/196/196 170/170/170
f 170/170/170 171/171/171 198/198/198
f 199/199/199 198/198/198 171/171/171
f 171/171/171 172/172/172 199/199/199
f 194/194/194 200/200/200 173/173/173
f 173/173/173 167/167/167 194/194/194
f 201/201/201 202/202/202 203/203/203
f 203/203/203 204/204/204 201/201/201
f 205/205/205 206/206/206 207/207/207
f 207/207/207 208/208/208 205/205/205
f 209/209/209 210/210/210 211/211/211
f 211/211/211 212/212/212 209/209/209
f 213/213/213 214/214/214 215/215/215
f 215/215/215 216/216/216 213/213/213
f 217/217/217 213/213/213 216/216/216
f 214/214/214 165/165/165 218/218/218
f 218/218/218 215/215/215 214/214/214
f 219/219/219 220/220/220 221/221/221
f 221/221/221 208/208/208 219/219/219
f 222/222/222 223/223/223 224/224/224
f 224/224/224 225/225/225 222/222/222
f 216/216/216 215/215/215 194/194/194
f 194/194/194 193/193/193 216/216/216
f 195/195/195 217/217/217 216/216/216
f 216/216/216 193/193/193 195/195/195
f 196/196/196 226/226/226 227/227/227
f 227/227/227 197/197/197 196/196/196
f 228/228/228 226/226/226 196/196/196
f 196/196/196 198/198/198 228/228/228
f 229/229/229 228/228/228 198/198/198
f 198/198/198 199/199/199 229/229/229
f 215/215/215 218/218/218 200/200/200
f 200/200/200 194/194/194 215/215/215
f 205/205/205 208/208/208 221/221/221
f 221/221/221 230/230/230 205/205/205
f 202/202/202 231/231/231 206/206/206
f 206/206/206 205/205/205 202/202/202
f 191/191/191 232/232/232 210/210/210
f 210/210/210 209/209/233 191/191/191
f 233/233/234 145/145/145 144/144/144
f 144/144/144 234/234/235 233/233/234
f 133/133/133 125/125/125 134/134/134
f 235/235/236 236/236/237 237/237/238
f 237/237/238 238/238/239 235/235/236
f 239/239/240 240/240/241 241/241/242
f 241/241/242 242/242/243 239/239/240
f 116/116/116 243/243/244 244/244/245
f 244/244/245 120/120/120 116/116/116
f 120/120/120 244/244/245 135/135/135
f 135/135/135 134/134/134 120/120/120
f 245/245/246 246/246/247 247/247/248
f 247/247/248 248/248/249 245/245/246
f 249/249/250 250/250/251 251/251/252
f 251/251/252 252/252/253 249/249/250
f 110/110/110 253/253/254 254/254/255
f 255/255/256 256/256/257 257/257/258
f 257/257/258 109/109/109 255/255/256
f 114/114/114 258/258/259 259/259/260
f 259/259/260 255/255/256 114/114/114
f 153/153/153 260/260/261 261/261/262
f 261/261/262 113/113/113 153/153/153
f 262/262/263 263/263/264 264/264/265
f 264/264/265 265/265/266 262/262/263
f 266/266/267 267/267/268 268/268/269
f 268/268/269 269/269/270 266/266/267
f 270/270/271 271/271/272 272/272/273
f 272/272/273 273/273/274 270/270/271
f 274/274/275 275/275/276 276/276/277
f 276/276/277 277/277/278 274/274/275
f 278/278/279 271/271/272 270/270/271
f 270/270/271 279/279/280 278/278/279
f 280/280/281 281/281/282 282/282/283
f 282/282/283 283/283/284 280/280/281
f 119/119/119 284/284/285 243/243/244
f 243/243/244 116/116/116 119/119/119
f 285/285/286 286/286/287 287/287/288
f 287/287/288 288/288/289 285/285/286
f 289/289/290 290/290/291 291/291/292
f 291/291/292 292/292/293 289/289/290
f 293/293/294 294/294/295 295/295/296
f 295/295/296 296/296/297 293/293/294
f 297/297/298 293/293/294 296/296/297
f 296/296/297 298/298/299 297/297/298
f 299/299/300 300/300/301 301/301/302
f 301/301/302 302/302/303 299/299/300
f 303/303/304 304/304/305 299/299/300
f 299/299/300 302/302/303 303/303/304
f 305/305/306 304/304/305 303/303/304
f 303/303/304 306/306/307 305/305/306
f 307/307/308 289/289/290 292/292/293
f 292/292/293 308/308/309 307/307/308
f 309/309/310 310/310/311 311/311/312
f 311/311/312 312/312/313 309/309/310
f 293/293/294 313/313/314 294/294/295
f 295/295/296 314/314/315 315/315/316
f 315/315/316 296/296/297 295/295/296
f 316/316/317 317/317/318 293/293/294
f 293/293/294 297/297/298 316/316/317
f 296/296/297 315/315/316 318/318/319
f 318/318/319 298/298/299 296/296/297
f 297/297/298 319/319/320 316/316/317
f 299/299/300 320/320/321 300/300/301
f 321/321/322 322/322/323 302/302/303
f 302/302/303 301/301/302 321/321/322
f 304/304/305 323/323/324 299/299/300
f 322/322/323 324/324/325 303/303/304
f 303/303/304 302/302/303 322/322/323
f 305/305/306 325/325/326 323/323/324
f 323/323/324 304/304/305 305/305/306
f 324/324/325 326/326/327 306/306/307
f 306/306/307 303/303/304 324/324/325
f 327/327/328 328/328/329 329/329/330
f 329/329/330 330/330/331 327/327/328
f 331/331/332 332/332/333 327/327/328
f 327/327/328 333/333/334 331/331/332
f 334/334/335 335/335/336 331/331/332
f 331/331/332 333/333/334 334/334/335
f 336/336/337 337/337/338 335/335/336
f 335/335/336 334/334/335 336/336/337
f 338/338/339 339/339/340 340/340/341
f 340/340/341 341/341/342 338/338/339
f 342/342/343 338/338/339 341/341/342
f 341/341/342 343/343/344 342/342/343
f 344/344/345 342/342/343 343/343/344
f 343/343/344 345/345/346 344/344/345
f 346/346/347 344/344/345 345/345/346
f 345/345/346 347/347/348 346/346/347
f 348/348/349 346/346/347 347/347/348
f 347/347/348 349/349/350 348/348/349
f 350/350/351 351/351/352 352/352/353
f 353/353/354 350/350/351 352/352/353
f 353/353/354 352/352/353 354/354/355
f 355/355/356 356/356/357 357/357/358
f 357/357/358 358/358/359 355/355/356
f 222/222/222 225/225/225 359/359/360
f 359/359/360 360/360/361 222/222/222
f 361/361/362 263/263/264 262/262/263
f 262/262/263 362/362/363 361/361/362
f 183/183/183 269/269/270 363/363/364
f 363/363/364 121/121/121 183/183/183
f 124/124/124 266/266/267 269/269/270
f 269/269/270 183/183/183 124/124/124
f 364/364/365 365/365/366 366/366/367
f 366/366/367 367/367/368 364/364/365
f 368/368/369 369/369/370 370/370/371
f 370/370/371 371/371/372 368/368/369
f 372/372/373 364/364/365 367/367/368
f 367/367/368 373/373/374 372/372/373
f 339/339/340 337/337/338 336/336/337
f 336/336/337 340/340/341 339/339/340
f 374/374/375 375/375/376 329/329/330
f 329/329/330 328/328/329 374/374/375
f 376/376/377 377/377/378 327/327/328
f 327/327/328 330/330/331 376/376/377
f 378/378/379 379/379/380 332/332/333
f 332/332/333 331/331/332 378/378/379
f 327/327/328 377/377/378 380/380/381
f 380/380/381 333/333/334 327/327/328
f 335/335/336 381/381/382 331/331/332
f 333/333/334 380/380/381 382/382/383
f 382/382/383 334/334/335 333/333/334
f 337/337/338 383/383/384 335/335/336
f 334/334/335 382/382/383 384/384/385
f 338/338/339 385/385/386 339/339/340
f 340/340/341 386/386/387 387/387/388
f 342/342/343 388/388/389 338/338/339
f 341/341/342 389/389/390 390/390/391
f 344/344/345 391/391/392 342/342/343
f 343/343/344 392/392/393 393/393/394
f 346/346/347 394/394/395 344/344/345
f 345/345/346 395/395/396 396/396/397
f 397/397/398 398/398/399 399/399/400
f 400/400/401 401/401/402 349/349/350
f 349/349/350 347/347/348 400/400/401
f 339/339/340 402/402/403 337/337/338
f 336/336/337 403/403/404 404/404/405
f 405/405/406 406/406/407 374/374/375
f 374/374/375 328/328/329 405/405/406
f 407/407/408 408/408/409 375/375/376
f 375/375/376 374/374/375 407/407/408
f 401/401/402 409/409/410 410/410/411
f 410/410/411 349/349/350 401/401/402
f 411/411/412 412/412/413 413/413/414
f 413/413/414 414/414/415 411/411/412
f 415/415/416 411/411/412 414/414/415
f 414/414/415 416/416/417 415/415/416
f 412/412/413 417/417/418 418/418/419
f 418/418/419 413/413/414 412/412/413
f 419/419/420 420/420/421 421/421/422
f 421/421/422 422/422/423 419/419/420
f 423/423/424 419/419/420 422/422/423
f 422/422/423 424/424/425 423/423/424
f 420/420/421 425/425/426 426/426/427
f 426/426/427 421/421/422 420/420/421
f 424/424/425 427/427/428 428/428/429
f 428/428/429 423/423/424 424/424/425
f 415/415/416 429/429/430 427/427/428
f 427/427/428 424/424/425 415/415/416
f 416/416/417 430/430/431 431/431/432
f 432/432/433 433/433/434 434/434/435
f 434/434/435 435/435/436 432/432/433
f 436/436/437 437/437/438 438/438/439
f 438/438/439 439/439/440 436/436/437
f 197/197/197 195/195/195 169/169/169
f 169/169/169 168/168/168 197/197/197
f 227/227/227 217/217/217 195/195/195
f 195/195/195 197/197/197 227/227/227
f 440/440/441 441/441/442 442/442/443
f 442/442/443 443/443/444 440/440/441
f 426/426/427 444/444/445 445/445/446
f 445/445/446 417/417/418 426/426/427
f 446/446/447 444/444/445 426/426/427
f 426/426/427 425/425/426 446/446/447
f 447/447/448 448/448/449 449/449/450
f 449/449/450 359/359/360 447/447/448
f 416/416/417 414/414/415 360/360/361
f 360/360/361 359/359/360 416/416/417
f 414/414/415 413/413/414 440/440/441
f 440/440/441 360/360/361 414/414/415
f 413/413/414 418/418/419 441/441/442
f 441/441/442 440/440/441 413/413/414
f 418/418/419 450/450/451 451/451/452
f 451/451/452 441/441/442 418/418/419
f 354/354/355 356/356/357 355/355/356
f 355/355/356 353/353/354 354/354/355
f 225/225/225 447/447/448 359/359/360
f 37/37/37 44/44/44 452/452/453
f 452/452/453 34/34/34 37/37/37
f 34/34/34 452/452/453 35/35/35
f 43/43/43 453/453/454 44/44/44
f 45/45/45 454/454/455 43/43/43
f 46/46/46 455/455/456 456/456/457
f 456/456/457 47/47/47 46/46/46
f 48/48/48 457/457/458 455/455/456
f 455/455/456 46/46/46 48/48/48
f 47/47/47 456/456/457 458/458/459
f 458/458/459 45/45/45 47/47/47
f 61/61/61 56/56/56 59/59/59
f 59/59/59 62/62/62 61/61/61
f 76/76/76 71/71/71 56/56/56
f 56/56/56 61/61/61 76/76/76
f 185/185/185 11/11/11 459/459/460
f 459/459/460 460/460/461 185/185/185
f 76/76/76 75/75/75 90/90/90
f 90/90/90 88/88/88 76/76/76
f 186/186/186 461/461/462 462/462/463
f 185/185/185 463/463/464 186/186/186
f 169/169/169 166/166/166 86/86/86
f 86/86/86 88/88/88 169/169/169
f 141/141/141 242/242/243 241/241/242
f 241/241/242 142/142/142 141/141/141
f 367/367/368 366/366/367 203/203/203
f 203/203/203 230/230/230 367/367/368
f 206/206/206 245/245/246 248/248/249
f 248/248/249 207/207/207 206/206/206
f 371/371/372 370/370/371 220/220/220
f 220/220/220 464/464/465 371/371/372
f 373/373/374 367/367/368 230/230/230
f 230/230/230 221/221/221 373/373/374
f 252/252/253 251/251/252 231/231/231
f 231/231/231 465/465/466 252/252/253
f 466/466/467 219/219/219 240/240/241
f 240/240/241 239/239/240 466/466/467
f 246/246/247 209/209/209 212/212/212
f 212/212/212 247/247/248 246/246/247
f 191/191/191 209/209/233 467/467/468
f 270/270/271 273/273/274 365/365/366
f 365/365/366 364/364/365 270/270/271
f 277/277/278 276/276/277 369/369/370
f 369/369/370 368/368/369 277/277/278
f 279/279/280 270/270/271 364/364/365
f 364/364/365 372/372/373 279/279/280
f 464/464/469 466/466/470 389/389/390
f 389/389/390 387/387/388 464/464/469
f 239/239/471 242/242/472 392/392/393
f 392/392/393 390/390/391 239/239/471
f 141/141/473 140/140/474 395/395/396
f 395/395/396 393/393/394 141/141/473
f 368/368/475 371/371/476 386/386/387
f 386/386/387 404/404/405 368/368/475
f 381/381/382 378/378/379 331/331/332
f 383/383/384 468/468/477 335/335/336
f 385/385/386 469/469/478 339/339/340
f 388/388/389 470/470/479 338/338/339
f 391/391/392 471/471/480 342/342/343
f 394/394/395 472/472/481 344/344/345
f 473/473/482 474/474/483 346/346/347
f 402/402/403 475/475/484 337/337/338
f 405/405/406 328/328/329 332/332/333
f 332/332/333 379/379/380 405/405/406
f 476/476/485 407/407/408 374/374/375
f 374/374/375 406/406/407 476/476/485
f 328/328/329 327/327/328 332/332/333
f 155/155/155 132/132/132 135/135/135
f 138/138/138 477/477/486 158/158/158
f 158/158/158 157/157/157 138/138/138
f 160/160/160 478/478/487 479/479/488
f 479/479/488 157/157/157 160/160/160
f 175/175/175 480/480/489 160/160/160
f 160/160/160 161/161/161 175/175/175
f 163/163/163 140/140/140 143/143/143
f 143/143/143 164/164/164 163/163/163
f 161/161/161 106/106/106 107/107/107
f 107/107/107 481/481/490 161/161/161
f 243/243/244 98/98/98 97/97/97
f 97/97/97 244/244/245 243/243/244
f 244/244/245 97/97/97 156/156/156
f 156/156/156 135/135/135 244/244/245
f 481/481/490 107/107/107 173/173/173
f 173/173/173 232/232/232 481/481/490
f 210/210/210 200/200/200 218/218/218
f 218/218/218 211/211/211 210/210/210
f 232/232/232 173/173/173 200/200/200
f 200/200/200 210/210/210 232/232/232
f 482/482/491 243/243/244 284/284/285
f 284/284/285 483/483/492 482/482/491
f 163/163/493 162/162/494 400/400/401
f 400/400/401 396/396/397 163/163/493
f 8/8/8 186/186/186 179/179/179
f 186/186/186 462/462/463 179/179/179
f 484/484/495 485/485/496 486/486/497
f 486/486/497 487/487/498 484/484/495
f 99/99/99 282/282/283 281/281/282
f 281/281/282 488/488/499 99/99/99
f 463/463/464 489/489/500 490/490/501
f 490/490/501 491/491/502 463/463/464
f 186/186/186 492/492/503 461/461/462
f 5/5/5 7/7/7 493/493/504
f 5/5/5 494/494/505 280/280/281
f 100/100/506 495/495/507 74/74/74
f 74/74/74 73/73/73 100/100/506
f 495/495/507 460/460/461 77/77/77
f 77/77/77 74/74/74 495/495/507
f 459/459/460 496/496/508 80/80/80
f 80/80/80 79/79/79 459/459/460
f 497/497/509 498/498/510 83/83/83
f 83/83/83 82/82/82 497/497/509
f 498/498/510 499/499/511 85/85/85
f 85/85/85 83/83/83 498/498/510
f 58/58/58 105/105/105 159/159/159
f 159/159/159 73/73/73 58/58/58
f 237/237/238 362/362/363 500/500/512
f 500/500/512 501/501/513 237/237/238
f 502/502/514 503/503/515 477/477/486
f 477/477/486 504/504/516 502/502/514
f 505/505/517 101/101/518 159/159/159
f 159/159/159 158/158/158 505/505/517
f 122/122/122 502/502/514 504/504/516
f 504/504/516 501/501/513 122/122/122
f 311/311/312 506/506/519 507/507/520
f 507/507/520 508/508/521 311/311/312
f 509/509/522 312/312/313 295/295/296
f 295/295/296 294/294/295 509/509/522
f 510/510/523 511/511/524 512/512/525
f 512/512/525 313/313/314 510/510/523
f 508/508/521 314/314/315 295/295/296
f 513/513/526 123/123/123 500/500/512
f 500/500/512 514/514/527 513/513/526
f 63/63/63 62/62/62 77/77/77
f 77/77/77 79/79/79 63/63/63
f 503/503/515 505/505/517 158/158/158
f 158/158/158 477/477/486 503/503/515
f 9/9/9 22/22/22 25/25/25
f 25/25/25 10/10/10 9/9/9
f 80/80/80 82/82/82 64/64/64
f 64/64/64 66/66/66 80/80/80
f 10/10/10 25/25/25 497/497/509
f 497/497/509 496/496/508 10/10/10
f 65/65/65 60/60/60 63/63/63
f 63/63/63 66/66/66 65/65/65
f 184/184/184 515/515/528 22/22/22
f 22/22/22 9/9/9 184/184/184
f 516/516/529 307/307/308 308/308/309
f 308/308/309 517/517/530 516/516/529
f 518/518/531 509/509/522 512/512/525
f 512/512/525 519/519/532 518/518/531
f 317/317/318 510/510/523 313/313/314
f 313/313/314 293/293/294 317/317/318
f 520/520/533 521/521/534 522/522/535
f 522/522/535 523/523/536 520/520/533
f 524/524/537 520/520/533 523/523/536
f 523/523/536 525/525/538 524/524/537
f 526/526/539 527/527/540 528/528/541
f 528/528/541 529/529/542 526/526/539
f 530/530/543 522/522/535 521/521/534
f 521/521/534 531/531/544 530/530/543
f 290/290/291 524/524/537 525/525/538
f 525/525/538 291/291/292 290/290/291
f 532/532/545 528/528/541 527/527/540
f 527/527/540 533/533/546 532/532/545
f 288/288/289 287/287/288 534/534/547
f 534/534/547 535/535/548 288/288/289
f 536/536/549 260/260/261 286/286/287
f 286/286/287 285/285/286 536/536/549
f 537/537/550 255/255/256 109/109/109
f 109/109/109 108/108/108 537/537/550
f 115/115/115 114/114/114 255/255/256
f 255/255/256 537/537/550 115/115/115
f 154/154/154 153/153/153 113/113/113
f 113/113/113 112/112/112 154/154/154
f 538/538/551 539/539/552 540/540/553
f 540/540/553 541/541/554 538/538/551
f 538/538/551 541/541/554 129/129/129
f 129/129/129 128/128/128 538/538/551
f 541/541/554 542/542/555 150/150/150
f 150/150/150 129/129/129 541/541/554
f 540/540/553 543/543/556 542/542/555
f 542/542/555 541/541/554 540/540/553
f 544/544/557 131/131/131 130/130/130
f 130/130/130 545/545/558 544/544/557
f 130/130/130 149/149/149 546/546/559
f 546/546/559 545/545/558 130/130/130
f 547/547/560 548/548/561 254/254/255
f 254/254/255 549/549/562 547/547/560
f 550/550/563 253/253/254 257/257/258
f 257/257/258 551/551/564 550/550/563
f 552/552/565 256/256/257 259/259/260
f 259/259/260 553/553/566 552/552/565
f 554/554/567 258/258/259 261/261/262
f 261/261/262 555/555/568 554/554/567
f 151/151/151 233/233/234 234/234/235
f 234/234/235 556/556/569 151/151/151
f 127/127/127 537/537/550 108/108/108
f 108/108/108 128/128/128 127/127/127
f 131/131/131 115/115/115 537/537/550
f 537/537/550 127/127/127 131/131/131
f 557/557/570 154/154/154 112/112/112
f 112/112/112 544/544/557 557/557/570
f 111/111/111 558/558/571 539/539/552
f 539/539/552 538/538/551 111/111/111
f 128/128/128 108/108/108 111/111/111
f 111/111/111 538/538/551 128/128/128
f 544/544/557 112/112/112 115/115/115
f 115/115/115 131/131/131 544/544/557
f 148/148/148 559/559/572 560/560/573
f 560/560/573 149/149/149 148/148/148
f 150/150/150 561/561/574 559/559/572
f 559/559/572 148/148/148 150/150/150
f 542/542/555 562/562/575 561/561/574
f 561/561/574 150/150/150 542/542/555
f 149/149/149 560/560/573 563/563/576
f 563/563/576 546/546/559 149/149/149
f 564/564/577 565/565/578 566/566/579
f 566/566/579 567/567/580 564/564/577
f 567/567/580 566/566/579 568/568/581
f 546/546/559 563/563/576 569/569/582
f 569/569/583 570/570/584 546/546/559
f 571/571/585 572/572/586 573/573/587
f 573/573/587 574/95/588 571/571/585
f 575/574/589 570/570/590 146/146/146
f 146/146/146 145/145/145 575/574/589
f 556/556/569 568/568/591 152/152/152
f 152/152/152 151/151/151 556/556/569
f 233/233/234 557/557/570 575/574/589
f 575/574/589 145/145/145 233/233/234
f 154/154/154 557/557/570 233/233/234
f 233/233/234 151/151/151 154/154/154
f 576/575/592 577/576/593 147/147/147
f 147/147/147 146/146/146 576/575/592
f 576/575/592 146/146/146 570/570/590
f 570/570/590 569/569/594 576/575/592
f 545/545/558 546/546/559 570/570/584
f 570/570/584 575/574/589 545/545/558
f 485/485/496 484/484/495 578/577/595
f 578/577/595 579/578/596 485/485/496
f 490/490/501 489/489/500 579/578/596
f 579/578/596 578/577/595 490/490/501
f 188/188/188 182/182/182 579/578/596
f 485/485/496 96/96/96 99/99/99
f 99/99/99 486/486/497 485/485/496
f 580/579/597 581/580/598 282/282/283
f 282/282/283 99/99/99 580/579/597
f 582/581/599 487/487/498 486/486/497
f 486/486/497 488/488/499 582/581/599
f 488/488/499 486/486/497 99/99/99
f 281/281/282 583/582/600 582/581/599
f 582/581/599 488/488/499 281/281/282
f 491/491/502 492/492/503 463/463/464
f 492/492/503 186/186/186 463/463/464
f 494/494/505 584/583/601 280/280/281
f 584/583/601 583/582/600 281/281/282
f 281/281/282 280/280/281 584/583/601
f 22/22/22 515/515/528 585/584/602
f 585/584/602 26/26/26 22/22/22
f 585/584/602 180/180/180 26/26/26
f 586/585/603 4/4/4 13/13/13
f 13/13/13 181/181/181 586/585/603
f 96/96/96 485/485/496 579/578/596
f 579/578/596 182/182/182 96/96/96
f 185/185/185 187/187/187 463/463/464
f 187/187/187 188/188/188 463/463/464
f 321/321/322 587/586/604 588/587/605
f 589/588/606 590/589/607 318/318/319
f 318/318/319 315/315/316 589/588/606
f 314/314/315 591/590/608 589/588/606
f 589/588/606 315/315/316 314/314/315
f 587/586/604 592/591/609 593/592/610
f 593/592/610 588/587/605 587/586/604
f 589/588/606 594/593/611 595/594/612
f 595/594/612 590/589/607 589/588/606
f 591/590/608 596/595/613 594/593/611
f 594/593/611 589/588/606 591/590/608
f 597/596/614 598/597/615 599/598/616
f 599/598/616 600/599/617 597/596/614
f 601/600/618 602/601/619 603/602/620
f 603/602/620 604/603/621 601/600/618
f 602/601/619 601/600/618 605/604/622
f 605/604/622 606/605/623 602/601/619
f 271/271/272 322/322/323 321/321/322
f 321/321/322 272/272/273 271/271/272
f 326/326/327 324/324/325 275/275/276
f 275/275/276 274/274/275 326/326/327
f 324/324/325 322/322/323 271/271/272
f 271/271/272 278/278/279 324/324/325
f 277/277/624 403/403/404 384/384/385
f 384/384/385 274/274/625 277/277/624
f 607/606/626 608/607/627 609/608/628
f 609/608/628 610/609/629 607/606/626
f 611/610/630 612/611/631 613/612/632
f 614/613/633 615/614/634 616/615/635
f 616/615/635 139/139/635 614/613/633
f 617/616/636 174/174/637 618/617/638
f 618/617/638 619/618/639 617/616/636
f 174/174/637 177/177/640 620/619/641
f 620/619/641 618/617/638 174/174/637
f 189/189/642 621/620/643 622/621/644
f 622/621/644 623/622/645 189/189/642
f 624/623/646 625/624/647 626/625/648
f 627/626/649 628/627/650 629/628/651
f 629/628/651 630/629/652 627/626/649
f 631/630/653 632/631/654 608/607/627
f 608/607/627 607/606/626 631/630/653
f 633/632/655 634/633/656 635/634/657
f 635/634/657 636/635/658 633/632/655
f 637/636/659 638/637/660 639/638/661
f 640/639/662 641/640/663 642/641/664
f 642/641/664 643/642/665 640/639/662
f 626/625/648 633/632/655 636/635/658
f 629/628/651 644/643/666 625/624/647
f 625/624/647 624/623/646 629/628/651
f 645/644/667 643/642/665 628/627/650
f 628/627/650 627/626/649 645/644/667
f 646/645/668 647/646/669 648/647/670
f 648/647/670 649/648/671 646/645/668
f 650/649/672 651/650/673 652/651/674
f 616/615/675 615/614/676 653/652/677
f 619/618/678 618/617/679 654/653/680
f 654/653/680 655/654/681 619/618/678
f 618/617/679 620/619/682 656/655/683
f 656/655/683 654/653/680 618/617/679
f 622/621/684 621/620/685 657/656/686
f 657/656/686 656/655/683 622/621/684
f 658/657/687 659/658/688 660/659/689
f 661/660/690 610/609/629 609/608/628
f 609/608/628 662/661/691 661/660/690
f 638/637/660 663/662/692 664/663/693
f 664/663/693 639/638/661 638/637/660
f 665/664/694 666/665/695 667/666/696
f 667/666/696 668/667/697 665/664/694
f 99/99/99 669/668/698 670/669/699
f 670/669/699 580/579/597 99/99/99
f 94/94/94 93/93/93 671/670/700
f 93/93/93 672/671/701 55/55/55
f 52/52/52 673/672/702 674/673/703
f 674/673/703 675/674/704 52/52/52
f 51/51/51 676/675/705 673/672/702
f 673/672/702 52/52/52 51/51/51
f 55/55/55 672/671/701 676/675/705
f 676/675/705 51/51/51 55/55/55
f 581/580/598 283/283/284 282/282/283
f 19/19/19 677/676/706 678/677/707
f 678/677/707 20/20/20 19/19/19
f 17/17/17 679/678/708 677/676/706
f 677/676/706 19/19/19 17/17/17
f 14/14/14 680/679/709 679/678/708
f 679/678/708 17/17/17 14/14/14
f 5/5/5 280/280/281 283/283/284
f 283/283/284 1/1/1 5/5/5
f 14/14/14 3/3/3 2/2/2
f 1/1/1 3/3/3 4/4/4
f 4/4/4 586/585/603 6/6/6
f 680/679/709 14/14/14 2/2/2
f 581/580/598 681/680/710 283/283/284
f 682/681/711 1/1/1 683/682/712
f 684/683/713 55/55/55 685/684/714
f 685/684/714 55/55/55 686/685/715
f 681/680/710 687/686/716 283/283/284
f 688/687/717 671/670/700 55/55/55
f 684/683/713 688/687/717 55/55/55
f 687/686/716 1/1/1 283/283/284
f 682/681/711 2/2/2 1/1/1
f 55/55/55 689/688/718 686/685/715
f 687/686/716 683/682/712 1/1/1
f 55/55/55 54/54/54 690/689/719
f 55/55/55 690/689/719 689/688/718
f 691/690/720 680/679/709 2/2/2
f 692/691/721 691/690/720 2/2/2
f 682/681/711 692/691/721 2/2/2
f 693/692/722 694/693/723 695/694/724
f 695/694/724 696/695/725 693/692/722
f 697/696/726 693/692/722 696/695/725
f 696/695/725 698/697/727 697/696/726
f 698/697/727 699/698/728 697/696/726
f 698/697/727 700/699/729 701/700/730
f 698/697/727 701/700/730 702/701/731
f 698/697/727 702/701/731 703/702/732
f 698/697/727 703/702/732 704/703/733
f 698/697/727 704/703/733 699/698/728
f 705/704/734 706/705/735 707/706/736
f 707/706/736 708/707/737 705/704/734
f 706/705/735 705/704/734 709/708/738
f 709/708/738 710/709/739 706/705/735
f 710/709/739 709/708/738 711/710/740
f 711/710/740 712/711/741 710/709/739
f 711/710/740 713/712/742 712/711/741
f 714/713/743 715/714/744 712/711/741
f 716/715/745 717/716/746 712/711/741
f 718/717/747 716/715/745 712/711/741
f 719/718/748 718/717/747 712/711/741
f 713/712/742 719/718/748 712/711/741
f 720/708/749 721/704/750 722/693/751
f 722/693/751 723/692/752 720/708/749
f 724/710/753 720/708/749 723/692/752
f 723/692/752 725/696/754 724/710/753
f 726/712/755 724/710/753 725/696/754
f 725/696/754 727/698/756 726/712/755
f 728/699/757 729/719/758 730/720/759
f 730/720/759 731/700/760 728/699/757
f 730/720/759 732/721/761 733/701/762
f 733/701/762 731/700/760 730/720/759
f 732/721/761 734/722/763 735/702/764
f 735/702/764 733/701/762 732/721/761
f 734/722/763 736/723/765 737/703/766
f 737/703/766 735/702/764 734/722/763
f 736/723/765 726/712/755 727/698/756
f 727/698/756 737/703/766 736/723/765
f 98/98/98 243/243/244 482/482/491
f 482/482/491 669/668/698 98/98/98
f 738/724/767 483/483/492 284/284/285
f 483/483/492 739/725/768 740/726/769
f 740/726/769 482/482/491 483/483/492
f 739/725/768 483/483/492 738/724/767
f 738/724/767 741/727/770 739/725/768
f 99/99/99 98/98/98 669/668/698
f 670/669/699 669/668/698 482/482/491
f 482/482/491 740/726/769 670/669/699
f 742/728/771 535/535/548 534/534/547
f 534/534/547 743/729/772 742/728/771
f 743/729/772 532/532/545 533/533/546
f 533/533/546 742/728/771 743/729/772
f 744/730/773 745/731/774 746/732/775
f 747/733/776 748/734/777 749/735/778
f 94/94/94 747/733/776 749/735/778
f 94/94/94 749/735/778 750/571/779
f 94/94/94 750/571/779 95/95/95
f 712/711/741 717/716/746 714/713/743
f 93/93/93 55/55/55 671/670/700
f 751/705/780 752/709/781 753/736/782
f 753/736/782 754/737/783 751/705/780
f 752/709/781 755/711/784 756/738/785
f 756/738/785 753/736/782 752/709/781
f 755/711/784 757/739/786 756/738/785
f 758/740/787 746/732/775 759/741/788
f 564/564/577 760/742/789 761/743/790
f 761/743/790 565/565/578 564/564/577
f 762/744/791 763/745/792 760/742/789
f 755/711/784 764/746/793 757/739/786
f 765/676/794 766/678/795 767/747/796
f 767/747/796 768/748/797 765/676/794
f 766/678/795 769/679/798 770/749/799
f 770/749/799 767/747/796 766/678/795
f 769/679/798 771/690/800 772/750/801
f 772/750/801 770/749/799 769/679/798
f 771/690/800 773/691/802 774/751/803
f 774/751/803 772/750/801 771/690/800
f 773/691/802 775/681/804 776/752/805
f 776/752/805 774/751/803 773/691/802
f 775/681/804 777/682/806 778/753/807
f 778/753/807 776/752/805 775/681/804
f 777/682/806 779/686/808 780/754/809
f 780/754/809 778/753/807 777/682/806
f 779/686/808 781/680/810 782/755/811
f 782/755/811 780/754/809 779/686/808
f 781/680/810 783/580/812 784/756/813
f 784/756/813 782/755/811 781/680/810
f 783/580/812 785/579/814 786/757/815
f 786/757/815 784/756/813 783/580/812
f 785/579/814 787/669/816 788/758/817
f 788/758/817 786/757/815 785/579/814
f 787/669/816 789/726/818 790/759/819
f 790/759/819 788/758/817 787/669/816
f 789/726/818 791/725/820 792/760/821
f 792/760/821 790/759/819 789/726/818
f 793/727/822 794/761/823 792/760/821
f 792/760/821 791/725/820 793/727/822
f 795/762/824 796/745/825 797/763/826
f 797/763/826 794/761/827 795/762/824
f 796/745/828 798/764/829 799/765/828
f 799/765/830 797/763/831 796/745/830
f 800/732/832 801/740/833 802/766/832
f 802/766/834 803/767/835 800/732/834
f 804/746/836 805/714/837 803/767/836
f 803/767/838 802/766/839 804/746/838
f 806/573/840 807/572/841 797/763/842
f 797/763/842 799/765/843 806/573/840
f 807/572/844 808/571/845 794/761/846
f 794/761/846 797/763/847 807/572/844
f 808/571/845 809/735/848 792/760/849
f 792/760/849 794/761/846 808/571/845
f 809/735/848 810/734/850 790/759/851
f 790/759/851 792/760/849 809/735/848
f 810/734/850 811/733/852 788/758/853
f 788/758/853 790/759/851 810/734/850
f 811/733/852 812/94/854 786/757/855
f 786/757/855 788/758/853 811/733/852
f 812/94/854 813/670/856 784/756/857
f 784/756/857 786/757/855 812/94/854
f 813/670/856 814/687/858 782/755/859
f 782/755/859 784/756/857 813/670/856
f 814/687/858 815/683/860 780/754/861
f 780/754/861 782/755/859 814/687/858
f 815/683/860 816/684/862 778/753/863
f 778/753/863 780/754/861 815/683/860
f 816/684/862 817/685/864 776/752/865
f 776/752/865 778/753/863 816/684/862
f 817/685/864 818/688/866 774/751/867
f 774/751/867 776/752/865 817/685/864
f 818/688/866 819/689/868 772/750/869
f 772/750/869 774/751/867 818/688/866
f 819/689/868 820/54/870 770/749/871
f 770/749/871 772/750/869 819/689/868
f 820/54/870 821/50/872 767/747/873
f 767/747/873 770/749/871 820/54/870
f 821/50/872 822/53/874 768/748/875
f 768/748/875 767/747/873 821/50/872
f 823/768/876 824/769/877 768/748/875
f 768/748/875 822/53/874 823/768/876
f 755/711/784 825/714/878 764/746/793
f 826/770/879 446/446/447 425/425/426
f 827/771/880 352/352/353 351/351/352
f 351/351/352 828/772/881 827/771/880
f 829/773/882 830/774/883 445/445/884
f 445/445/884 444/444/885 829/773/882
f 831/775/886 829/773/882 444/444/885
f 444/444/885 446/446/887 831/775/886
f 832/776/888 833/777/889 451/451/890
f 451/451/890 450/450/891 832/776/888
f 441/441/442 451/451/452 834/778/892
f 834/778/892 442/442/443 441/441/442
f 835/779/893 430/430/431 836/780/894
f 359/359/360 449/449/450 430/430/431
f 430/430/431 416/416/417 359/359/360
f 837/781/895 838/782/896 438/438/439
f 438/438/439 437/437/438 837/781/895
f 448/448/449 436/436/437 439/439/440
f 439/439/440 449/449/450 448/448/449
f 839/783/897 840/784/898 841/785/899
f 842/786/900 431/431/432 843/787/901
f 843/787/901 844/788/902 842/786/900
f 845/789/903 846/790/904 847/791/905
f 838/782/896 848/792/906 849/793/907
f 430/430/431 850/794/908 836/780/894
f 851/795/909 852/796/910 853/797/911
f 431/431/432 835/779/893 854/798/912
f 431/431/432 854/798/912 855/799/913
f 856/800/914 857/801/915 842/786/900
f 844/788/902 856/800/914 842/786/900
f 431/431/432 855/799/913 843/787/901
f 858/802/916 859/803/917 449/449/450
f 860/804/918 861/805/919 439/439/440
f 839/783/897 860/804/918 439/439/440
f 839/783/897 439/439/440 840/784/898
f 856/800/914 862/806/920 857/801/915
f 857/801/915 863/807/921 846/790/904
f 846/790/904 842/786/900 857/801/915
f 439/439/440 438/438/439 840/784/898
f 861/805/919 858/802/916 449/449/450
f 449/449/450 439/439/440 861/805/919
f 838/782/896 849/793/907 864/808/922
f 864/808/922 438/438/439 838/782/896
f 438/438/439 864/808/922 840/784/898
f 863/807/921 847/791/905 846/790/904
f 865/809/923 846/790/904 845/789/903
f 865/809/923 845/789/903 866/810/924
f 838/782/896 865/809/923 866/810/924
f 838/782/896 866/810/924 848/792/906
f 427/427/428 432/432/433 435/435/436
f 435/435/436 428/428/429 427/427/428
f 431/431/432 842/786/900 429/429/430
f 449/449/450 859/803/917 850/794/908
f 431/431/432 430/430/431 835/779/893
f 430/430/431 449/449/450 850/794/908
f 854/798/912 835/779/893 867/811/925
f 867/811/925 868/812/926 854/798/912
f 835/779/893 836/780/894 869/813/927
f 869/813/927 867/811/925 835/779/893
f 836/780/894 850/794/908 870/814/928
f 870/814/928 869/813/927 836/780/894
f 850/794/908 859/803/917 871/815/929
f 871/815/929 870/814/928 850/794/908
f 859/803/917 858/802/916 872/816/930
f 872/816/930 871/815/929 859/803/917
f 858/802/916 861/805/919 873/817/931
f 873/817/931 872/816/930 858/802/916
f 861/805/919 860/804/918 874/818/932
f 874/818/932 873/817/931 861/805/919
f 860/804/918 839/783/897 875/819/933
f 875/819/933 874/818/932 860/804/918
f 839/783/897 841/785/899 876/820/934
f 876/820/934 875/819/933 839/783/897
f 841/785/899 840/784/898 877/821/935
f 877/821/935 876/820/934 841/785/899
f 840/784/898 864/808/922 878/822/936
f 878/822/936 877/821/935 840/784/898
f 864/808/922 849/793/907 879/823/937
f 879/823/937 878/822/936 864/808/922
f 849/793/907 848/792/906 880/824/938
f 880/824/938 879/823/937 849/793/907
f 848/792/906 866/810/924 881/825/939
f 881/825/939 880/824/938 848/792/906
f 866/810/924 845/789/903 882/826/940
f 882/826/940 881/825/939 866/810/924
f 845/789/903 847/791/905 883/827/941
f 883/827/941 882/826/940 845/789/903
f 847/791/905 863/807/921 884/828/942
f 884/828/942 883/827/941 847/791/905
f 863/807/921 857/801/915 885/829/943
f 885/829/943 884/828/942 863/807/921
f 857/801/915 862/806/920 886/830/944
f 886/830/944 885/829/943 857/801/915
f 862/806/920 856/800/914 887/831/945
f 887/831/945 886/830/944 862/806/920
f 856/800/914 844/788/902 888/832/946
f 888/832/946 887/831/945 856/800/914
f 844/788/902 843/787/901 889/833/947
f 889/833/947 888/832/946 844/788/902
f 843/787/901 855/799/913 890/834/948
f 890/834/948 889/833/947 843/787/901
f 855/799/913 854/798/912 868/812/926
f 868/812/926 890/834/948 855/799/913
f 868/812/949 867/811/950 891/835/951
f 891/835/951 892/836/952 868/812/949
f 867/811/950 869/813/953 893/837/954
f 893/837/954 891/835/951 867/811/950
f 869/813/953 870/814/955 894/838/956
f 894/838/956 893/837/954 869/813/953
f 870/814/955 871/815/957 895/839/958
f 895/839/958 894/838/956 870/814/955
f 871/815/957 872/816/959 896/840/960
f 896/840/960 895/839/958 871/815/957
f 872/816/959 873/817/961 897/841/962
f 897/841/962 896/840/960 872/816/959
f 873/817/961 874/818/963 898/842/964
f 898/842/964 897/841/962 873/817/961
f 874/818/963 875/819/965 899/843/966
f 899/843/966 898/842/964 874/818/963
f 875/819/965 876/820/967 900/844/968
f 900/844/968 899/843/966 875/819/965
f 876/820/969 877/821/970 901/845/971
f 901/845/971 900/844/972 876/820/969
f 877/821/970 878/822/973 902/846/974
f 902/846/974 901/845/971 877/821/970
f 878/822/973 879/823/975 853/797/976
f 853/797/976 902/846/974 878/822/973
f 879/823/975 880/824/977 851/795/978
f 851/795/978 853/797/976 879/823/975
f 880/824/977 881/825/979 903/847/980
f 903/847/980 851/795/978 880/824/977
f 881/825/979 882/826/981 904/848/982
f 904/848/982 903/847/980 881/825/979
f 882/826/981 883/827/983 905/849/984
f 905/849/984 904/848/982 882/826/981
f 883/827/983 884/828/985 906/850/986
f 906/850/986 905/849/984 883/827/983
f 884/828/985 885/829/987 907/851/988
f 907/851/988 906/850/986 884/828/985
f 885/829/987 886/830/989 908/852/990
f 908/852/990 907/851/988 885/829/987
f 886/830/991 887/831/992 909/853/993
f 909/853/993 908/852/994 886/830/991
f 887/831/992 888/832/995 910/854/996
f 910/854/996 909/853/993 887/831/992
f 888/832/995 889/833/997 911/855/998
f 911/855/998 910/854/996 888/832/995
f 889/833/997 890/834/999 912/856/1000
f 912/856/1000 911/855/998 889/833/997
f 890/834/999 868/812/949 892/836/952
f 892/836/952 912/856/1000 890/834/999
f 904/848/1001 913/857/1002 914/858/1003
f 914/858/1003 903/847/1004 904/848/1001
f 851/795/909 903/847/1004 914/858/1003
f 914/858/1003 852/796/910 851/795/909
f 904/848/1001 905/849/1005 913/857/1002
f 907/851/1006 908/852/1007 913/857/1002
f 905/849/1005 906/850/1008 913/857/1002
f 906/850/1008 907/851/1006 913/857/1002
f 852/796/910 900/844/1009 901/845/1010
f 852/796/910 902/846/1011 853/797/911
f 852/796/910 901/845/1010 902/846/1011
f 915/859/1012 398/398/1013 397/397/1014
f 397/397/1014 916/860/1015 915/859/1012
f 917/861/1016 918/862/1017 615/614/634
f 615/614/634 614/613/633 917/861/1016
f 631/630/653 919/863/1018 613/612/632
f 613/612/632 632/631/654 631/630/653
f 136/136/136 235/235/236 238/238/239
f 238/238/239 137/137/137 136/136/136
f 613/612/632 920/864/1019 611/610/630
f 919/863/1018 921/865/1020 922/866/1021
f 922/866/1021 613/612/632 919/863/1018
f 613/612/632 612/611/631 632/631/654
f 632/631/654 923/867/1022 608/607/627
f 608/607/627 924/868/1023 609/608/628
f 652/651/674 925/869/1024 926/870/1025
f 926/870/1025 927/871/1026 652/651/674
f 608/607/627 928/872/1027 924/868/1023
f 924/868/1023 929/873/1028 609/608/628
f 632/631/654 930/874/1029 923/867/1022
f 923/867/1022 928/872/1027 608/607/627
f 612/611/631 930/874/1029 632/631/654
f 614/613/1030 139/139/139 138/138/138
f 138/138/138 479/479/488 614/613/1030
f 192/192/1031 931/875/1031 621/620/643
f 621/620/643 189/189/642 192/192/1031
f 246/246/247 250/250/251 467/467/468
f 467/467/468 209/209/233 246/246/247
f 634/633/656 932/876/1032 659/658/688
f 659/658/688 635/634/657 634/633/656
f 933/877/1033 659/658/688 658/657/687
f 658/657/687 934/878/1034 933/877/1033
f 933/877/1033 935/879/1035 635/634/657
f 635/634/657 659/658/688 933/877/1033
f 935/879/1035 936/880/1036 636/635/658
f 636/635/658 635/634/657 935/879/1035
f 636/635/658 936/880/1036 937/881/648
f 937/881/648 626/625/648 636/635/658
f 938/882/1037 628/627/650 643/642/665
f 643/642/665 642/641/664 938/882/1037
f 628/627/650 938/882/1037 644/643/666
f 644/643/666 629/628/651 628/627/650
f 643/642/665 645/644/667 939/883/1038
f 939/883/1038 640/639/662 643/642/665
f 621/620/685 931/875/1039 657/656/686
f 659/658/688 932/876/1032 660/659/1040
f 623/622/1041 940/884/1042 190/190/190
f 190/190/190 189/189/189 623/622/1041
f 615/614/676 918/862/1043 655/654/681
f 655/654/681 653/652/677 615/614/676
f 613/612/632 922/866/1021 920/864/1019
f 73/73/73 159/159/159 101/101/518
f 101/101/518 100/100/506 73/73/73
f 501/501/513 500/500/512 123/123/123
f 123/123/123 122/122/122 501/501/513
f 508/508/521 295/295/296 312/312/313
f 312/312/313 311/311/312 508/508/521
f 79/79/79 77/77/77 460/460/461
f 460/460/461 459/459/460 79/79/79
f 103/103/103 187/187/187 495/495/1044
f 495/495/1044 100/100/100 103/103/103
f 187/187/187 185/185/185 460/460/461
f 460/460/461 495/495/1044 187/187/187
f 11/11/11 10/10/10 496/496/508
f 496/496/508 459/459/460 11/11/11
f 25/25/25 24/24/24 498/498/510
f 498/498/510 497/497/509 25/25/25
f 24/24/24 35/35/35 499/499/511
f 499/499/511 498/498/510 24/24/24
f 133/133/133 132/132/132 503/503/515
f 503/503/515 502/502/514 133/133/133
f 155/155/155 102/102/102 101/101/101
f 101/101/101 505/505/517 155/155/155
f 125/125/125 133/133/133 502/502/514
f 502/502/514 122/122/122 125/125/125
f 310/310/311 267/267/268 506/506/519
f 506/506/519 311/311/312 310/310/311
f 518/518/531 309/309/310 312/312/313
f 312/312/313 509/509/522 518/518/531
f 511/511/524 941/885/1045 519/519/532
f 519/519/532 512/512/525 511/511/524
f 266/266/267 124/124/124 123/123/123
f 123/123/123 513/513/526 266/266/267
f 132/132/132 155/155/155 505/505/517
f 505/505/517 503/503/515 132/132/132
f 82/82/82 80/80/80 496/496/508
f 496/496/508 497/497/509 82/82/82
f 509/509/522 294/294/295 313/313/314
f 313/313/314 512/512/525 509/509/522
f 137/137/137 477/477/486 138/138/138
f 501/501/513 504/504/516 238/238/239
f 238/238/239 237/237/238 501/501/513
f 508/508/521 507/507/520 265/265/266
f 265/265/266 314/314/315 508/508/521
f 514/514/527 500/500/512 362/362/363
f 362/362/363 262/262/263 514/514/527
f 236/236/237 361/361/362 362/362/363
f 362/362/363 237/237/238 236/236/237
f 504/504/516 477/477/486 137/137/137
f 137/137/137 238/238/239 504/504/516
f 175/175/175 161/161/161 481/481/490
f 481/481/490 176/176/176 175/175/175
f 190/190/190 232/232/232 191/191/191
f 478/478/487 917/861/1046 614/613/1030
f 614/613/1030 479/479/488 478/478/487
f 175/175/175 174/174/174 617/616/1047
f 617/616/1047 480/480/489 175/175/175
f 138/138/138 157/157/157 479/479/488
f 481/481/490 232/232/232 190/190/190
f 190/190/190 940/884/1042 481/481/490
f 202/202/202 205/205/205 230/230/230
f 230/230/230 203/203/203 202/202/202
f 201/201/201 465/465/466 231/231/231
f 231/231/231 202/202/202 201/201/201
f 246/246/247 245/245/246 251/251/252
f 251/251/252 250/250/251 246/246/247
f 942/886/1048 943/887/1049 273/273/274
f 273/273/274 272/272/273 942/886/1048
f 365/365/366 944/888/1050 945/889/1051
f 945/889/1051 366/366/367 365/365/366
f 366/366/367 945/889/1051 204/204/204
f 204/204/204 203/203/203 366/366/367
f 245/245/246 206/206/206 231/231/231
f 231/231/231 251/251/252 245/245/246
f 273/273/274 943/887/1049 944/888/1050
f 944/888/1050 365/365/366 273/273/274
f 321/321/322 942/886/1048 272/272/273
f 250/250/251 249/249/250 946/890/1052
f 946/890/1052 467/467/468 250/250/251
f 192/192/192 191/191/191 467/467/468
f 467/467/468 946/890/1052 192/192/1053
f 937/881/648 947/891/1054 624/623/646
f 624/623/646 626/625/648 937/881/648
f 947/891/1054 630/629/652 629/628/651
f 629/628/651 624/623/646 947/891/1054
f 652/651/674 927/871/1026 650/649/672
f 314/314/315 948/892/1055 591/590/608
f 948/892/1055 949/893/1056 596/595/613
f 596/595/613 591/590/608 948/892/1055
f 950/894/1057 951/895/1058 606/605/623
f 606/605/623 605/604/622 950/894/1057
f 652/651/674 662/661/691 925/869/1024
f 925/869/1024 662/661/691 609/608/628
f 925/869/1024 609/608/628 929/873/1028
f 648/647/670 925/869/1024 929/873/1028
f 648/647/670 929/873/1028 649/648/671
f 590/589/607 587/586/604 321/321/322
f 321/321/322 318/318/319 590/589/607
f 587/586/604 590/589/607 595/594/612
f 595/594/612 592/591/609 587/586/604
f 604/603/621 603/602/620 600/599/617
f 600/599/617 599/598/616 604/603/621
f 665/664/694 641/640/663 640/639/662
f 665/664/694 640/639/662 666/665/695
f 664/663/693 640/639/662 639/638/661
f 640/639/662 939/883/1038 952/896/1059
f 952/896/1059 639/638/661 640/639/662
f 639/638/661 952/896/1059 637/636/659
f 264/264/265 314/314/315 265/265/266
f 506/506/519 513/513/526 514/514/527
f 514/514/527 507/507/520 506/506/519
f 662/661/691 652/651/674 651/650/673
f 651/650/673 661/660/690 662/661/691
f 267/267/268 266/266/267 513/513/526
f 513/513/526 506/506/519 267/267/268
f 507/507/520 514/514/527 262/262/263
f 262/262/263 265/265/266 507/507/520
f 267/267/268 310/310/311 953/897/1060
f 953/897/1060 268/268/269 267/267/268
f 531/531/544 526/526/539 529/529/542
f 529/529/542 530/530/543 531/531/544
f 666/665/695 640/639/662 664/663/693
f 595/594/612 604/603/621 599/598/616
f 599/598/616 592/591/609 595/594/612
f 594/593/611 601/600/618 604/603/621
f 604/603/621 595/594/612 594/593/611
f 949/893/1056 950/894/1057 605/604/622
f 605/604/622 596/595/613 949/893/1056
f 647/646/669 926/870/1025 925/869/1024
f 925/869/1024 648/647/670 647/646/669
f 596/595/613 605/604/622 601/600/618
f 601/600/618 594/593/611 596/595/613
f 592/591/609 599/598/616 598/597/615
f 598/597/615 593/592/610 592/591/609
f 666/665/695 664/663/693 663/662/692
f 663/662/692 667/666/696 666/665/695
f 253/253/254 550/550/563 549/549/562
f 549/549/562 254/254/255 253/253/254
f 256/256/257 552/552/565 551/551/564
f 551/551/564 257/257/258 256/256/257
f 258/258/259 554/554/567 553/553/566
f 553/553/566 259/259/260 258/258/259
f 260/260/261 536/536/549 555/555/568
f 555/555/568 261/261/262 260/260/261
f 286/286/287 117/117/117 287/287/288
f 287/287/288 117/117/117 534/534/547
f 260/260/261 118/118/118 117/117/117
f 117/117/117 286/286/287 260/260/261
f 253/253/254 110/110/110 109/109/109
f 109/109/109 257/257/258 253/253/254
f 256/256/257 255/255/256 259/259/260
f 258/258/259 114/114/114 113/113/113
f 113/113/113 261/261/262 258/258/259
f 260/260/261 153/153/153 152/152/152
f 260/260/261 152/152/152 568/568/591
f 534/534/547 117/117/117 743/729/772
f 743/729/772 117/117/117 121/121/121
f 743/729/772 121/121/121 363/363/364
f 743/729/772 363/363/364 532/532/545
f 532/532/545 363/363/364 528/528/541
f 528/528/541 363/363/364 269/269/270
f 269/269/270 529/529/542 528/528/541
f 529/529/542 269/269/270 268/268/269
f 268/268/269 953/897/1060 530/530/543
f 530/530/543 529/529/542 268/268/269
f 530/530/543 953/897/1060 522/522/535
f 522/522/535 953/897/1060 523/523/536
f 523/523/536 953/897/1060 310/310/311
f 310/310/311 309/309/310 523/523/536
f 523/523/536 309/309/310 525/525/538
f 525/525/538 309/309/310 291/291/292
f 291/291/292 518/518/531 292/292/293
f 292/292/293 518/518/531 519/519/532
f 519/519/532 308/308/309 292/292/293
f 519/519/532 941/885/1045 517/517/530
f 517/517/530 308/308/309 519/519/532
f 291/291/292 309/309/310 518/518/531
f 260/260/261 568/568/591 118/118/118
f 568/568/591 566/566/1061 119/119/119
f 119/119/119 118/118/118 568/568/591
f 566/566/1061 565/565/1062 284/284/285
f 284/284/285 119/119/119 566/566/1061
f 284/284/285 565/565/1062 761/743/1063
f 761/743/1063 738/724/767 284/284/285
f 761/743/1063 954/762/1064 741/727/770
f 741/727/770 738/724/767 761/743/1063
f 793/727/822 795/762/1065 794/761/823
f 568/568/581 556/556/569 567/567/580
f 567/567/580 556/556/569 234/234/235
f 567/567/580 234/234/235 144/144/144
f 144/144/144 564/564/577 567/567/580
f 564/564/577 144/144/144 147/147/147
f 564/564/577 147/147/147 577/576/593
f 577/576/593 762/744/791 564/564/577
f 564/564/577 762/744/791 760/742/789
f 763/745/792 954/762/1066 761/743/790
f 761/743/790 760/742/789 763/745/792
f 463/463/464 188/188/188 489/489/500
f 489/489/500 188/188/188 579/578/596
f 453/453/454 43/43/43 955/898/1067
f 493/493/504 956/899/1068 957/900/1069
f 957/900/1069 494/494/505 493/493/504
f 484/484/495 958/901/1070 959/902/1071
f 959/902/1071 578/577/595 484/484/495
f 178/178/178 960/903/1072 961/904/1073
f 961/904/1073 184/184/184 178/178/178
f 462/462/463 962/905/1074 963/906/1075
f 963/906/1075 179/179/179 462/462/463
f 7/7/7 964/907/1076 956/899/1068
f 956/899/1068 493/493/504 7/7/7
f 179/179/179 963/906/1075 960/903/1072
f 960/903/1072 178/178/178 179/179/179
f 6/6/6 965/908/1077 964/907/1076
f 964/907/1076 7/7/7 6/6/6
f 491/491/502 966/909/1078 967/910/1079
f 967/910/1079 492/492/503 491/491/502
f 492/492/503 967/910/1079 968/911/1080
f 968/911/1080 461/461/462 492/492/503
f 487/487/498 969/912/1081 958/901/1070
f 958/901/1070 484/484/495 487/487/498
f 578/577/595 959/902/1071 970/913/1082
f 970/913/1082 490/490/501 578/577/595
f 490/490/501 970/913/1082 966/909/1078
f 966/909/1078 491/491/502 490/490/501
f 461/461/462 968/911/1080 962/905/1074
f 962/905/1074 462/462/463 461/461/462
f 585/584/602 971/914/1083 972/915/1084
f 972/915/1084 180/180/180 585/584/602
f 180/180/180 972/915/1084 973/916/1085
f 973/916/1085 181/181/181 180/180/180
f 515/515/528 974/917/1086 971/914/1083
f 971/914/1083 585/584/602 515/515/528
f 181/181/181 973/916/1085 975/918/1087
f 975/918/1087 586/585/603 181/181/181
f 586/585/603 975/918/1087 965/908/1077
f 965/908/1077 6/6/6 586/585/603
f 184/184/184 961/904/1073 974/917/1086
f 974/917/1086 515/515/528 184/184/184
f 494/494/505 957/900/1069 976/919/1088
f 976/919/1088 584/583/601 494/494/505
f 584/583/601 976/919/1088 977/920/1089
f 977/920/1089 583/582/600 584/583/601
f 583/582/600 977/920/1089 978/921/1090
f 978/921/1090 582/581/599 583/582/600
f 582/581/599 978/921/1090 969/912/1081
f 969/912/1081 487/487/498 582/581/599
f 5/5/5 493/493/504 494/494/505
f 979/922/1091 980/923/1092 981/924/1093
f 981/924/1093 982/925/1094 979/922/1091
f 983/926/1095 984/927/1096 985/928/1097
f 985/928/1097 986/929/1098 983/926/1095
f 987/930/1099 988/931/1100 989/932/1101
f 989/932/1101 990/933/1102 987/930/1099
f 991/934/1103 992/935/1104 993/936/1105
f 993/936/1105 994/937/1106 991/934/1103
f 980/923/1092 995/938/1107 996/939/1108
f 996/939/1108 981/924/1093 980/923/1092
f 994/937/1106 993/936/1105 989/932/1101
f 989/932/1101 988/931/1100 994/937/1106
f 995/938/1107 997/940/1109 998/941/1110
f 998/941/1110 996/939/1108 995/938/1107
f 999/942/1111 1000/943/1112 1001/944/1113
f 1001/944/1113 1002/945/1114 999/942/1111
f 999/942/1111 1002/945/1114 1003/946/1115
f 1003/946/1115 1004/947/1116 999/942/1111
f 984/927/1096 1005/948/1117 1006/949/1118
f 1006/949/1118 985/928/1097 984/927/1096
f 1007/950/1119 983/926/1095 986/929/1098
f 986/929/1098 1008/951/1119 1007/950/1119
f 1009/952/1120 1007/950/1120 1008/951/1120
f 1008/951/1120 1010/953/1120 1009/952/1120
f 1004/947/1116 1003/946/1115 992/935/1104
f 992/935/1104 991/934/1103 1004/947/1116
f 1011/954/1121 1012/955/1122 1013/956/1123
f 1013/956/1123 1014/957/1124 1011/954/1121
f 1015/958/1125 1014/957/1124 1013/956/1123
f 1013/956/1123 1016/959/1126 1015/958/1125
f 1017/960/1127 1018/961/1128 1012/955/1122
f 1012/955/1122 1011/954/1121 1017/960/1127
f 1019/962/1129 1015/958/1125 1016/959/1126
f 1016/959/1126 1020/963/1130 1019/962/1129
f 1019/962/1129 1020/963/1130 998/941/1110
f 998/941/1110 997/940/1109 1019/962/1129
f 987/930/1099 990/933/1102 1018/961/1128
f 1018/961/1128 1017/960/1127 987/930/1099
f 1021/964/1131 979/922/1091 982/925/1094
f 982/925/1094 1022/965/1132 1021/964/1131
f 1023/966/1133 1021/964/1131 1022/965/1132
f 1022/965/1132 1024/967/1134 1023/966/1133
f 1025/968/1135 1023/966/1133 1024/967/1134
f 1024/967/1134 1026/969/1135 1025/968/1135
f 1005/948/1117 1025/968/1136 1026/969/1136
f 1026/969/1136 1006/949/1118 1005/948/1117
f 1027/970/1137 1028/971/1138 982/925/1094
f 982/925/1094 981/924/1093 1027/970/1137
f 992/935/1104 1029/972/1139 1030/973/1140
f 1030/973/1140 993/936/1105 992/935/1104
f 1031/974/1141 1027/970/1137 981/924/1093
f 981/924/1093 996/939/1108 1031/974/1141
f 993/936/1105 1030/973/1140 1032/975/1142
f 1032/975/1142 989/932/1101 993/936/1105
f 1033/976/1143 1031/974/1141 996/939/1108
f 996/939/1108 998/941/1110 1033/976/1143
f 1002/945/1114 1001/944/1113 1034/977/1144
f 1034/977/1144 1035/978/1145 1002/945/1114
f 1003/946/1115 1036/979/1146 1029/972/1139
f 1029/972/1139 992/935/1104 1003/946/1115
f 1028/971/1138 1037/980/1147 1022/965/1132
f 1022/965/1132 982/925/1094 1028/971/1138
f 1012/955/1122 1038/981/1148 1039/982/1149
f 1039/982/1149 1013/956/1123 1012/955/1122
f 1039/982/1149 1040/983/1150 1016/959/1126
f 1016/959/1126 1013/956/1123 1039/982/1149
f 1018/961/1128 1041/984/1151 1038/981/1148
f 1038/981/1148 1012/955/1122 1018/961/1128
f 1040/983/1150 1033/976/1143 1020/963/1130
f 1020/963/1130 1016/959/1126 1040/983/1150
f 990/933/1102 1032/975/1142 1041/984/1151
f 1041/984/1151 1018/961/1128 990/933/1102
f 1020/963/1130 1033/976/1143 998/941/1110
f 989/932/1101 1032/975/1142 990/933/1102
f 1022/965/1132 1037/980/1147 1042/985/1152
f 1042/985/1152 1024/967/1134 1022/965/1132
f 1043/986/1153 1031/974/1141 1033/976/1143
f 1033/976/1143 1040/983/1150 1043/986/1153
f 1044/987/1154 1043/986/1153 1040/983/1150
f 1040/983/1150 1039/982/1149 1044/987/1154
f 1045/988/1155 1044/987/1154 1039/982/1149
f 1039/982/1149 1038/981/1148 1045/988/1155
f 1046/989/1156 1045/988/1155 1038/981/1148
f 1038/981/1148 1041/984/1151 1046/989/1156
f 1030/973/1140 1046/989/1156 1041/984/1151
f 1041/984/1151 1032/975/1142 1030/973/1140
f 1047/990/1157 1027/970/1137 1031/974/1141
f 1031/974/1141 1043/986/1153 1047/990/1157
f 1048/991/1158 1047/990/1157 1043/986/1153
f 1043/986/1153 1044/987/1154 1048/991/1158
f 1049/992/1159 1048/991/1158 1044/987/1154
f 1044/987/1154 1045/988/1155 1049/992/1159
f 1050/993/1160 1049/992/1159 1045/988/1155
f 1045/988/1155 1046/989/1156 1050/993/1160
f 1029/972/1139 1050/993/1160 1046/989/1156
f 1046/989/1156 1030/973/1140 1029/972/1139
f 1051/994/1161 1028/971/1138 1027/970/1137
f 1027/970/1137 1047/990/1157 1051/994/1161
f 1052/995/1162 1051/994/1161 1047/990/1157
f 1047/990/1157 1048/991/1158 1052/995/1162
f 1053/996/1163 1052/995/1162 1048/991/1158
f 1048/991/1158 1049/992/1159 1053/996/1163
f 1054/997/1164 1053/996/1163 1049/992/1159
f 1049/992/1159 1050/993/1160 1054/997/1164
f 1036/979/1146 1054/997/1164 1050/993/1160
f 1050/993/1160 1029/972/1139 1036/979/1146
f 1051/994/1161 1055/998/1165 1037/980/1147
f 1037/980/1147 1028/971/1138 1051/994/1161
f 1052/995/1162 1056/999/1166 1055/998/1165
f 1055/998/1165 1051/994/1161 1052/995/1162
f 1053/996/1163 1057/1000/1167 1056/999/1166
f 1056/999/1166 1052/995/1162 1053/996/1163
f 1054/997/1164 1058/1001/1168 1057/1000/1167
f 1057/1000/1167 1053/996/1163 1054/997/1164
f 1054/997/1164 1036/979/1146 1035/978/1145
f 1035/978/1145 1058/1001/1169 1054/997/1164
f 1036/979/1146 1003/946/1115 1002/945/1114
f 1002/945/1114 1035/978/1145 1036/979/1146
f 1059/1002/1170 1042/985/1152 1037/980/1147
f 1037/980/1147 1055/998/1165 1059/1002/1170
f 1060/1003/1171 1059/1002/1170 1055/998/1165
f 1055/998/1165 1056/999/1166 1060/1003/1171
f 1057/1000/1167 1061/1004/1172 1060/1003/1171
f 1060/1003/1171 1056/999/1166 1057/1000/1167
f 1058/1001/1168 1062/1005/1173 1061/1004/1172
f 1061/1004/1172 1057/1000/1167 1058/1001/1168
f 1034/977/1144 1062/1005/1174 1058/1001/1169
f 1058/1001/1169 1035/978/1145 1034/977/1144
f 1063/1006/1175 1064/1007/1176 1024/967/1134
f 1024/967/1134 1042/985/1152 1063/1006/1175
f 1065/1008/1177 1063/1006/1175 1042/985/1152
f 1042/985/1152 1059/1002/1170 1065/1008/1177
f 1066/1009/1178 1065/1008/1179 1059/1002/1170
f 1059/1002/1170 1060/1003/1171 1066/1009/1178
f 1067/1010/1180 1066/1009/1178 1060/1003/1171
f 1060/1003/1171 1061/1004/1172 1067/1010/1180
f 1068/1011/1181 1067/1010/1180 1061/1004/1172
f 1061/1004/1172 1062/1005/1173 1068/1011/1181
f 1069/1012/1182 1068/1011/1183 1062/1005/1174
f 1062/1005/1174 1034/977/1144 1069/1012/1182
f 1070/1013/1184 1069/1012/1182 1034/977/1144
f 1034/977/1144 1001/944/1113 1070/1013/1184
f 986/929/1185 985/928/1186 1071/1014/1187
f 985/928/1186 1064/1007/1188 1071/1014/1187
f 1008/951/1189 986/929/1185 1071/1014/1187
f 1010/953/1190 1008/951/1189 1071/1014/1187
f 1026/969/1191 1024/967/1192 1064/1007/1188
f 1006/949/1193 1026/969/1191 1064/1007/1188
f 1064/1007/1176 1063/1006/1175 1072/1015/1194
f 1072/1015/1194 1073/1016/1195 1064/1007/1176
f 1063/1006/1175 1065/1008/1177 1074/1017/1196
f 1074/1017/1196 1072/1015/1194 1063/1006/1175
f 1065/1008/1179 1066/1009/1178 1075/1018/1197
f 1075/1018/1197 1074/1017/1198 1065/1008/1179
f 1066/1009/1178 1067/1010/1180 1076/1019/1199
f 1076/1019/1199 1075/1018/1197 1066/1009/1178
f 1067/1010/1180 1068/1011/1181 1077/1020/1200
f 1077/1020/1200 1076/1019/1199 1067/1010/1180
f 1068/1011/1183 1069/1012/1182 1078/1021/1201
f 1078/1021/1201 1077/1020/1202 1068/1011/1183
f 1069/1012/1182 1070/1013/1184 1079/1022/1203
f 1079/1022/1203 1078/1021/1201 1069/1012/1182
f 1071/1014/1187 1064/1007/1188 1073/1016/1204
f 1073/1016/1204 1080/1023/1205 1071/1014/1187
f 1073/1016/1206 1081/1024/1207 1082/1025/1208
f 1081/1024/1207 1083/1026/1209 1082/1025/1208
f 1083/1026/1209 1084/1027/1210 1082/1025/1208
f 1084/1027/1210 1085/1028/1211 1082/1025/1208
f 1085/1028/1211 1086/1029/1212 1082/1025/1208
f 1086/1029/1212 1087/1030/1213 1082/1025/1208
f 1087/1030/1213 1080/1023/1214 1082/1025/1208
f 1080/1023/1215 1073/1016/1215 1082/1025/1215
f 985/928/1186 1006/949/1193 1064/1007/1188
f 557/557/570 544/544/557 545/545/558
f 545/545/558 575/574/589 557/557/570
f 1088/1031/1216 1089/1032/1217 379/379/380
f 379/379/380 378/378/379 1088/1031/1216
f 1090/1033/1218 1091/1034/1219 381/381/382
f 381/381/382 468/468/477 1090/1033/1218
f 1092/1035/1220 1093/1036/1221 383/383/384
f 383/383/384 475/475/484 1092/1035/1220
f 1094/1037/1222 1095/1038/1223 385/385/386
f 385/385/386 470/470/479 1094/1037/1222
f 1096/1039/1224 1097/1040/1225 388/388/389
f 388/388/389 471/471/480 1096/1039/1224
f 1098/1041/1226 1099/1042/1227 391/391/392
f 391/391/392 472/472/481 1098/1041/1226
f 1100/1043/1228 1101/1044/1229 394/394/395
f 394/394/395 474/474/483 1100/1043/1228
f 1102/1045/1230 1103/1046/1231 402/402/403
f 402/402/403 469/469/478 1102/1045/1230
f 405/405/406 1104/1047/1232 1105/1048/1233
f 1105/1048/1233 406/406/407 405/405/406
f 1091/1034/1219 1088/1031/1216 378/378/379
f 378/378/379 381/381/382 1091/1034/1219
f 1093/1036/1221 1090/1033/1218 468/468/477
f 468/468/477 383/383/384 1093/1036/1221
f 1095/1038/1223 1102/1045/1230 469/469/478
f 469/469/478 385/385/386 1095/1038/1223
f 1097/1040/1225 1094/1037/1222 470/470/479
f 470/470/479 388/388/389 1097/1040/1225
f 1099/1042/1227 1096/1039/1224 471/471/480
f 471/471/480 391/391/392 1099/1042/1227
f 1101/1044/1229 1098/1041/1226 472/472/481
f 472/472/481 394/394/395 1101/1044/1229
f 1106/1049/1234 1100/1043/1228 474/474/483
f 474/474/483 473/473/482 1106/1049/1234
f 1103/1046/1231 1092/1035/1220 475/475/484
f 475/475/484 402/402/403 1103/1046/1231
f 379/379/380 1089/1032/1217 1104/1047/1232
f 1104/1047/1232 405/405/406 379/379/380
f 406/406/407 1105/1048/1233 1107/1050/1235
f 1107/1050/1235 476/476/485 406/406/407
f 397/397/398 399/399/400 1108/1051/1236
f 1108/1051/1236 1109/1052/1237 397/397/398
f 1110/1053/1238 1106/1049/1239 1111/1054/1240
f 1111/1054/1240 1112/1055/1241 1110/1053/1238
f 1113/1056/1242 1089/1032/1243 1088/1031/1244
f 1088/1031/1244 1114/1057/1245 1113/1056/1242
f 1115/1058/1246 1091/1034/1247 1090/1033/1248
f 1090/1033/1248 1116/1059/1249 1115/1058/1246
f 1117/1060/1250 1093/1036/1251 1092/1035/1252
f 1092/1035/1252 1118/1061/1253 1117/1060/1250
f 1119/1062/1254 1095/1038/1255 1094/1037/1256
f 1094/1037/1256 1120/1063/1257 1119/1062/1254
f 1121/1064/1258 1097/1040/1259 1096/1039/1260
f 1096/1039/1260 1122/1065/1261 1121/1064/1258
f 1123/1066/1262 1099/1042/1263 1098/1041/1264
f 1098/1041/1264 1124/1067/1265 1123/1066/1262
f 1125/1068/1266 1101/1044/1267 1100/1043/1268
f 1100/1043/1268 1126/1069/1269 1125/1068/1266
f 1127/1070/1270 1103/1046/1271 1102/1045/1272
f 1102/1045/1272 1128/1071/1273 1127/1070/1270
f 1129/1072/1274 1105/1048/1275 1104/1047/1276
f 1104/1047/1276 1130/1073/1277 1129/1072/1274
f 1114/1057/1245 1088/1031/1244 1091/1034/1247
f 1091/1034/1247 1115/1058/1246 1114/1057/1245
f 1116/1059/1249 1090/1033/1248 1093/1036/1251
f 1093/1036/1251 1117/1060/1250 1116/1059/1249
f 1128/1071/1273 1102/1045/1272 1095/1038/1255
f 1095/1038/1255 1119/1062/1254 1128/1071/1273
f 1120/1063/1257 1094/1037/1256 1097/1040/1259
f 1097/1040/1259 1121/1064/1258 1120/1063/1257
f 1122/1065/1261 1096/1039/1260 1099/1042/1263
f 1099/1042/1263 1123/1066/1262 1122/1065/1261
f 1124/1067/1265 1098/1041/1264 1101/1044/1267
f 1101/1044/1267 1125/1068/1266 1124/1067/1265
f 1126/1069/1269 1100/1043/1268 1106/1049/1239
f 1106/1049/1239 1110/1053/1238 1126/1069/1269
f 1118/1061/1253 1092/1035/1252 1103/1046/1271
f 1103/1046/1271 1127/1070/1270 1118/1061/1253
f 1130/1073/1277 1104/1047/1276 1089/1032/1243
f 1089/1032/1243 1113/1056/1242 1130/1073/1277
f 1131/1074/1278 1107/1050/1279 1105/1048/1275
f 1105/1048/1275 1129/1072/1274 1131/1074/1278
f 342/342/343 471/471/480 388/388/389
f 346/346/347 474/474/483 394/394/395
f 338/338/339 470/470/479 385/385/386
f 344/344/345 472/472/481 391/391/392
f 335/335/336 468/468/477 381/381/382
f 339/339/340 469/469/478 402/402/403
f 337/337/338 475/475/484 383/383/384
f 1111/1054/1280 1106/1049/1234 473/473/482
f 473/473/482 399/399/400 1111/1054/1280
f 473/473/482 346/346/347 348/348/349
f 348/348/349 399/399/400 473/473/482
f 399/399/400 348/348/349 1108/1051/1236
f 827/771/880 348/348/349 349/349/350
f 349/349/350 410/410/411 827/771/880
f 827/771/880 410/410/411 352/352/353
f 352/352/353 410/410/411 354/354/355
f 354/354/355 410/410/411 409/409/410
f 409/409/410 1132/1075/1281 354/354/355
f 354/354/355 1132/1075/1281 356/356/357
f 356/356/357 1132/1075/1281 357/357/358
f 1133/1076/1282 1134/1077/1283 217/217/217
f 217/217/217 227/227/227 1133/1076/1282
f 1111/1054/1240 398/398/1013 915/859/1012
f 915/859/1012 1112/1055/1241 1111/1054/1240
f 1135/1078/1284 1136/1079/1285 916/860/1015
f 398/398/399 1111/1054/1280 399/399/400
f 226/226/226 1137/1080/1286 1133/1076/1282
f 325/325/326 305/305/306 377/377/378
f 377/377/378 376/376/377 325/325/326
f 377/377/378 305/305/306 306/306/1287
f 306/306/1287 380/380/381 377/377/378
f 380/380/381 306/306/1287 326/326/1288
f 326/326/1288 382/382/383 380/380/381
f 382/382/383 326/326/1288 274/274/625
f 274/274/625 384/384/385 382/382/383
f 371/371/476 464/464/469 387/387/388
f 387/387/388 386/386/387 371/371/476
f 466/466/470 239/239/471 390/390/391
f 390/390/391 389/389/390 466/466/470
f 242/242/472 141/141/473 393/393/394
f 393/393/394 392/392/393 242/242/472
f 140/140/474 163/163/493 396/396/397
f 396/396/397 395/395/396 140/140/474
f 162/162/494 1138/1081/1289 401/401/402
f 401/401/402 400/400/401 162/162/494
f 277/277/624 368/368/475 404/404/405
f 404/404/405 403/403/404 277/277/624
f 1138/1081/1289 1139/1082/1290 409/409/410
f 409/409/410 401/401/402 1138/1081/1289
f 389/389/390 341/341/342 387/387/388
f 392/392/393 343/343/344 390/390/391
f 395/395/396 345/345/346 393/393/394
f 386/386/387 340/340/341 404/404/405
f 400/400/401 347/347/348 396/396/397
f 403/403/404 336/336/337 384/384/385
f 1139/1082/1290 1134/1077/1291 1132/1075/1281
f 1132/1075/1281 409/409/410 1139/1082/1290
f 1133/1076/1282 1140/1083/1292 1132/1075/1281
f 1132/1075/1281 1134/1077/1291 1133/1076/1282
f 229/229/229 224/224/224 223/223/223
f 223/223/223 228/228/228 229/229/229
f 1137/1080/1286 226/226/226 228/228/228
f 228/228/228 223/223/223 1137/1080/1286
f 226/226/226 1133/1076/1282 227/227/227
f 827/771/880 828/772/881 1109/1052/1237
f 1109/1052/1237 1108/1051/1236 827/771/880
f 446/446/887 826/770/1293 1135/1078/1284
f 1135/1078/1284 831/775/886 446/446/887
f 348/348/349 827/771/880 1108/1051/1236
f 247/247/248 212/212/212 143/143/143
f 143/143/143 142/142/142 247/247/248
f 211/211/211 218/218/218 165/165/165
f 165/165/165 164/164/164 211/211/211
f 1139/1082/1294 1138/1081/1295 214/214/214
f 214/214/214 213/213/213 1139/1082/1294
f 1134/1077/1283 1139/1082/1294 213/213/213
f 213/213/213 217/217/217 1134/1077/1283
f 1138/1081/1295 162/162/162 165/165/165
f 165/165/165 214/214/214 1138/1081/1295
f 219/219/219 466/466/467 464/464/465
f 464/464/465 220/220/220 219/219/219
f 240/240/241 207/207/207 248/248/249
f 248/248/249 241/241/242 240/240/241
f 275/275/276 278/278/279 279/279/280
f 279/279/280 276/276/277 275/275/276
f 372/372/373 373/373/374 370/370/371
f 370/370/371 369/369/370 372/372/373
f 248/248/249 247/247/248 142/142/142
f 142/142/142 241/241/242 248/248/249
f 373/373/374 221/221/221 220/220/220
f 220/220/220 370/370/371 373/373/374
f 219/219/219 208/208/208 207/207/207
f 207/207/207 240/240/241 219/219/219
f 276/276/277 279/279/280 372/372/373
f 372/372/373 369/369/370 276/276/277
f 212/212/212 211/211/211 164/164/164
f 164/164/164 143/143/143 212/212/212
f 324/324/325 278/278/279 275/275/276
f 422/422/423 421/421/422 412/412/413
f 412/412/413 411/411/412 422/422/423
f 424/424/425 422/422/423 411/411/412
f 411/411/412 415/415/416 424/424/425
f 421/421/422 426/426/427 417/417/418
f 417/417/418 412/412/413 421/421/422
f 416/416/417 431/431/432 429/429/430
f 429/429/430 415/415/416 416/416/417
f 433/433/434 432/432/433 842/786/900
f 842/786/900 846/790/904 433/433/434
f 450/450/451 418/418/419 417/417/418
f 417/417/418 445/445/446 450/450/451
f 832/776/888 450/450/891 445/445/884
f 445/445/884 830/774/883 832/776/888
f 432/432/433 427/427/428 429/429/430
f 429/429/430 842/786/900 432/432/433
f 834/778/1296 451/451/890 833/777/889
f 45/45/45 458/458/459 454/454/455
f 454/454/455 955/898/1067 43/43/43
f 44/44/44 1141/1084/1297 1142/1085/1298
f 1142/1085/1298 452/452/453 44/44/44
f 453/453/454 1143/1086/1299 1141/1084/1297
f 1141/1084/1297 44/44/44 453/453/454
f 456/456/457 1144/1087/1300 1145/1088/1301
f 1145/1088/1301 458/458/459 456/456/457
f 455/455/456 1146/1089/1302 1144/1087/1300
f 1144/1087/1300 456/456/457 455/455/456
f 1147/1090/1303 1146/1089/1302 455/455/456
f 455/455/456 457/457/458 1147/1090/1303
f 458/458/459 1145/1088/1301 1148/1091/1304
f 1148/1091/1304 454/454/455 458/458/459
f 35/35/35 1149/1092/1305 1150/1093/1306
f 1150/1093/1306 499/499/511 35/35/35
f 70/70/70 1151/1094/1307 1152/1095/1308
f 1152/1095/1308 69/69/69 70/70/70
f 69/69/69 1152/1095/1308 1153/1096/1309
f 1153/1096/1309 84/84/84 69/69/69
f 84/84/84 1153/1096/1309 1154/1097/1310
f 1154/1097/1310 92/92/92 84/84/84
f 92/92/92 1154/1097/1310 1155/1098/1311
f 1155/1098/1311 172/172/172 92/92/92
f 452/452/453 1142/1085/1298 1149/1092/1305
f 1149/1092/1305 35/35/35 452/452/453
f 172/172/172 1155/1098/1311 1156/1099/1312
f 1156/1099/1312 199/199/199 172/172/172
f 1157/1100/1313 1158/1101/1314 224/224/224
f 224/224/224 229/229/229 1157/1100/1313
f 199/199/199 1156/1099/1312 1157/1100/1313
f 1157/1100/1313 229/229/229 199/199/199
f 1159/1102/1315 1160/1103/1316 447/447/448
f 447/447/448 225/225/225 1159/1102/1315
f 1160/1103/1316 1161/1104/1317 448/448/449
f 448/448/449 447/447/448 1160/1103/1316
f 1162/1105/1318 1163/1106/1319 437/437/438
f 437/437/438 436/436/437 1162/1105/1318
f 1158/1101/1314 1159/1102/1315 225/225/225
f 225/225/225 224/224/224 1158/1101/1314
f 85/85/85 1164/1107/1320 1151/1094/1307
f 1151/1094/1307 70/70/70 85/85/85
f 1161/1104/1317 1162/1105/1318 436/436/437
f 436/436/437 448/448/449 1161/1104/1317
f 499/499/511 1150/1093/1306 1164/1107/1320
f 1164/1107/1320 85/85/85 499/499/511
f 955/898/1067 1165/1108/1321 1143/1086/1299
f 1143/1086/1299 453/453/454 955/898/1067
f 454/454/455 1148/1091/1304 1165/1108/1321
f 1165/1108/1321 955/898/1067 454/454/455
f 1163/1106/1319 1166/1109/1322 837/781/895
f 837/781/895 437/437/438 1163/1106/1319
f 433/433/434 1167/1110/1323 1168/1111/1324
f 1168/1111/1324 434/434/435 433/433/434
f 865/809/923 1169/1112/1325 1170/1113/1326
f 1170/1113/1326 846/790/904 865/809/923
f 837/781/895 1171/1114/1327 1172/1115/1328
f 1172/1115/1328 838/782/896 837/781/895
f 838/782/896 1172/1115/1328 1169/1112/1325
f 1169/1112/1325 865/809/923 838/782/896
f 1171/1114/1327 837/781/895 1166/1109/1322
f 1166/1109/1322 1173/1116/1329 1171/1114/1327
f 846/790/904 1170/1113/1326 1167/1110/1323
f 1167/1110/1323 433/433/434 846/790/904
f 1174/1117/1330 1175/1118/1331 1142/1085/1332
f 1142/1085/1332 1141/1084/1333 1174/1117/1330
f 1176/1119/1334 1174/1117/1330 1141/1084/1333
f 1141/1084/1333 1143/1086/1335 1176/1119/1334
f 1177/1120/1336 1178/1121/1337 1145/1088/1338
f 1145/1088/1338 1144/1087/1339 1177/1120/1336
f 1179/1122/1340 1177/1120/1336 1144/1087/1339
f 1144/1087/1339 1146/1089/1341 1179/1122/1340
f 1180/1123/1342 1179/1122/1340 1146/1089/1341
f 1146/1089/1341 1147/1090/1343 1180/1123/1342
f 1178/1121/1337 1181/1124/1344 1148/1091/1345
f 1148/1091/1345 1145/1088/1338 1178/1121/1337
f 1149/1092/1346 1182/1125/1347 1150/1093/1348
f 1183/1126/1349 1184/1127/1350 1152/1095/1351
f 1152/1095/1351 1151/1094/1352 1183/1126/1349
f 1184/1127/1350 1185/1128/1353 1153/1096/1354
f 1153/1096/1354 1152/1095/1351 1184/1127/1350
f 1185/1128/1353 1186/1129/1355 1154/1097/1356
f 1154/1097/1356 1153/1096/1354 1185/1128/1353
f 1186/1129/1355 1187/1130/1357 1155/1098/1358
f 1155/1098/1358 1154/1097/1356 1186/1129/1355
f 1175/1118/1331 1182/1125/1347 1149/1092/1346
f 1149/1092/1346 1142/1085/1332 1175/1118/1331
f 1187/1130/1357 1188/1131/1359 1156/1099/1360
f 1156/1099/1360 1155/1098/1358 1187/1130/1357
f 1189/1132/1361 1190/1133/1362 1158/1101/1363
f 1158/1101/1363 1157/1100/1364 1189/1132/1361
f 1188/1131/1359 1189/1132/1361 1157/1100/1364
f 1157/1100/1364 1156/1099/1360 1188/1131/1359
f 1191/1134/1365 1192/1135/1366 1160/1103/1367
f 1160/1103/1367 1159/1102/1368 1191/1134/1365
f 1192/1135/1366 1193/1136/1369 1161/1104/1370
f 1161/1104/1370 1160/1103/1367 1192/1135/1366
f 1194/1137/1371 1195/1138/1372 1163/1106/1373
f 1163/1106/1373 1162/1105/1374 1194/1137/1371
f 1190/1133/1362 1191/1134/1365 1159/1102/1368
f 1159/1102/1368 1158/1101/1363 1190/1133/1362
f 1164/1107/1375 1182/1125/1347 1183/1126/1349
f 1183/1126/1349 1151/1094/1352 1164/1107/1375
f 1193/1136/1369 1194/1137/1371 1162/1105/1374
f 1162/1105/1374 1161/1104/1370 1193/1136/1369
f 1150/1093/1348 1182/1125/1347 1164/1107/1375
f 1196/1139/1376 1176/1119/1334 1143/1086/1335
f 1143/1086/1335 1165/1108/1377 1196/1139/1376
f 1181/1124/1344 1196/1139/1376 1165/1108/1377
f 1165/1108/1377 1148/1091/1345 1181/1124/1344
f 1195/1138/1372 1197/1140/1378 1166/1109/1379
f 1166/1109/1379 1163/1106/1373 1195/1138/1372
f 1197/1140/1380 1198/1141/1381 1173/1116/1382
f 1173/1116/1383 1166/1109/1379 1197/1140/1378
f 1175/1118/1331 1174/1117/1330 1199/1142/1384
f 1199/1142/1384 1200/1143/1385 1175/1118/1331
f 1174/1117/1330 1176/1119/1334 1201/1144/1386
f 1201/1144/1386 1199/1142/1384 1174/1117/1330
f 1178/1121/1387 1177/1120/1388 1202/1145/1389
f 1202/1145/1389 1203/1146/1390 1178/1121/1387
f 1177/1120/1388 1179/1122/1391 1204/1147/1392
f 1204/1147/1392 1202/1145/1389 1177/1120/1388
f 1179/1122/1391 1180/1123/1393 1205/1148/1394
f 1205/1148/1394 1204/1147/1392 1179/1122/1391
f 1180/1123/1393 1206/1149/1395 1207/1150/1396
f 1207/1150/1396 1205/1148/1394 1180/1123/1393
f 1181/1124/1397 1178/1121/1387 1203/1146/1390
f 1203/1146/1390 1208/1151/1398 1181/1124/1397
f 1184/1127/1350 1183/1126/1349 1209/1152/1399
f 1209/1152/1399 1210/1153/1400 1184/1127/1350
f 1185/1128/1353 1184/1127/1350 1210/1153/1400
f 1210/1153/1400 1211/1154/1401 1185/1128/1353
f 1186/1129/1355 1185/1128/1353 1211/1154/1401
f 1211/1154/1401 1212/1155/1402 1186/1129/1355
f 1187/1130/1357 1186/1129/1355 1212/1155/1402
f 1212/1155/1402 1213/1156/1403 1187/1130/1357
f 1182/1125/1347 1175/1118/1331 1200/1143/1385
f 1200/1143/1385 1214/1157/1404 1182/1125/1347
f 1188/1131/1359 1187/1130/1357 1213/1156/1403
f 1213/1156/1403 1215/1158/1405 1188/1131/1359
f 1190/1133/1362 1189/1132/1361 1216/1159/1406
f 1216/1159/1406 1217/1160/1407 1190/1133/1362
f 1189/1132/1361 1188/1131/1359 1215/1158/1405
f 1215/1158/1405 1216/1159/1406 1189/1132/1361
f 1192/1135/1408 1191/1134/1365 1218/1161/1409
f 1218/1161/1409 1219/1162/1410 1192/1135/1408
f 1193/1136/1411 1192/1135/1408 1219/1162/1410
f 1219/1162/1410 1220/1163/1412 1193/1136/1411
f 1195/1138/1413 1194/1137/1414 1221/1164/1415
f 1221/1164/1415 1222/1165/1416 1195/1138/1413
f 1191/1134/1365 1190/1133/1362 1217/1160/1407
f 1217/1160/1407 1218/1161/1409 1191/1134/1365
f 1183/1126/1349 1182/1125/1347 1214/1157/1404
f 1214/1157/1404 1209/1152/1399 1183/1126/1349
f 1194/1137/1414 1193/1136/1411 1220/1163/1412
f 1220/1163/1412 1221/1164/1415 1194/1137/1414
f 1197/1140/1417 1195/1138/1413 1222/1165/1416
f 1197/1140/1417 1222/1165/1416 1223/1166/1418
f 1197/1140/1417 1223/1166/1418 1224/1167/1419
f 1176/1119/1334 1196/1139/1376 1201/1144/1386
f 1196/1139/1376 1181/1124/1397 1208/1151/1398
f 1208/1151/1398 1201/1144/1386 1196/1139/1376
f 1197/1140/1417 1224/1167/1419 1198/1141/1420
f 1225/1168/1421 1226/1169/1422 434/434/435
f 434/434/435 1168/1111/1324 1225/1168/1421
f 1226/1169/1422 1227/1170/1423 435/435/436
f 435/435/436 434/434/435 1226/1169/1422
f 1227/1170/1423 1228/1171/1424 428/428/429
f 428/428/429 435/435/436 1227/1170/1423
f 1228/1171/1424 1229/1172/1425 423/423/424
f 423/423/424 428/428/429 1228/1171/1424
f 1229/1172/1425 1230/1173/1426 419/419/420
f 419/419/420 423/423/424 1229/1172/1425
f 1230/1173/1426 1231/1174/1427 420/420/421
f 420/420/421 419/419/420 1230/1173/1426
f 1231/1174/1427 1232/1175/1428 425/425/426
f 425/425/426 420/420/421 1231/1174/1427
f 1232/1175/1428 1136/1079/1429 826/770/879
f 826/770/879 425/425/426 1232/1175/1428
f 826/770/1293 1136/1079/1285 1135/1078/1284
f 397/397/1014 1109/1052/1430 1135/1078/1284
f 1135/1078/1284 916/860/1015 397/397/1014
f 1109/1052/1430 828/772/1431 831/775/886
f 831/775/886 1135/1078/1284 1109/1052/1430
f 828/772/1431 351/351/1432 829/773/882
f 829/773/882 831/775/886 828/772/1431
f 351/351/1432 350/350/1433 830/774/883
f 830/774/883 829/773/882 351/351/1432
f 830/774/883 350/350/1433 353/353/1434
f 353/353/1434 832/776/888 830/774/883
f 1233/1176/1435 1168/1111/1436 1167/1110/1437
f 1167/1110/1437 1234/1177/1438 1233/1176/1435
f 1235/1178/1439 1170/1113/1440 1169/1112/1441
f 1169/1112/1441 1236/1179/1442 1235/1178/1439
f 1171/1114/1443 1237/1180/1444 1238/1181/1445
f 1171/1114/1443 1238/1181/1445 1239/1182/1446
f 1171/1114/1443 1239/1182/1446 1172/1115/1447
f 1236/1179/1442 1169/1112/1441 1172/1115/1447
f 1172/1115/1447 1239/1182/1446 1236/1179/1442
f 1240/1183/1448 1237/1180/1444 1171/1114/1443
f 1171/1114/1443 1173/1116/1449 1240/1183/1448
f 1234/1177/1438 1167/1110/1437 1170/1113/1440
f 1170/1113/1440 1235/1178/1439 1234/1177/1438
f 1225/1168/1450 1241/1184/1451 1242/1185/1452
f 1242/1185/1452 1226/1169/1453 1225/1168/1450
f 1225/1168/1454 1168/1111/1436 1233/1176/1435
f 1233/1176/1455 1243/1186/1456 1225/1168/1457
f 1244/1187/1458 1227/1170/1459 1226/1169/1453
f 1226/1169/1453 1242/1185/1452 1244/1187/1458
f 1245/1188/1460 1228/1171/1461 1227/1170/1459
f 1227/1170/1459 1244/1187/1458 1245/1188/1460
f 1246/1189/1462 1229/1172/1463 1228/1171/1461
f 1228/1171/1461 1245/1188/1460 1246/1189/1462
f 1247/1190/1464 1230/1173/1465 1229/1172/1463
f 1229/1172/1463 1246/1189/1462 1247/1190/1464
f 1248/1191/1466 1231/1174/1467 1230/1173/1465
f 1230/1173/1465 1247/1190/1464 1248/1191/1466
f 1249/1192/1468 1232/1175/1469 1231/1174/1467
f 1231/1174/1467 1248/1191/1466 1249/1192/1468
f 1232/1175/1469 1249/1192/1468 1136/1079/1470
f 222/222/222 443/443/444 1137/1080/1286
f 1137/1080/1286 223/223/223 222/222/222
f 360/360/361 440/440/441 443/443/444
f 443/443/444 222/222/222 360/360/361
f 1132/1075/1281 1140/1083/1292 357/357/358
f 357/357/358 1140/1083/1292 358/358/359
f 358/358/1471 1140/1083/1472 834/778/1296
f 834/778/892 1140/1083/1292 442/442/443
f 1140/1083/1292 1137/1080/1286 443/443/444
f 443/443/444 442/442/443 1140/1083/1292
f 1137/1080/1286 1140/1083/1292 1133/1076/1282
f 1250/1193/1473 1251/1194/1474 517/517/530
f 517/517/530 941/885/1045 1250/1193/1473
f 1252/1195/1475 1253/1196/1476 510/510/523
f 510/510/523 317/317/318 1252/1195/1475
f 1254/1197/1477 1252/1195/1475 317/317/318
f 317/317/318 316/316/317 1254/1197/1477
f 1255/1198/1478 1254/1197/1477 316/316/317
f 316/316/317 319/319/320 1255/1198/1478
f 1256/1199/1479 1255/1198/1478 319/319/320
f 319/319/320 320/320/321 1256/1199/1479
f 323/323/324 1257/1200/1480 1256/1199/1479
f 1256/1199/1479 320/320/321 323/323/324
f 325/325/326 1258/1201/1481 1257/1200/1480
f 1257/1200/1480 323/323/324 325/325/326
f 1259/1202/1482 1260/1203/1483 375/375/376
f 375/375/376 408/408/409 1259/1202/1482
f 1261/1204/1484 1262/1205/1485 330/330/331
f 330/330/331 329/329/330 1261/1204/1484
f 330/330/331 1262/1205/1485 1263/1206/1486
f 1263/1206/1486 376/376/377 330/330/331
f 1260/1203/1483 1261/1204/1484 329/329/330
f 329/329/330 375/375/376 1260/1203/1483
f 1253/1196/1476 1264/1207/1487 511/511/524
f 511/511/524 510/510/523 1253/1196/1476
f 1264/1207/1487 1250/1193/1473 941/885/1045
f 941/885/1045 511/511/524 1264/1207/1487
f 1251/1194/1474 1265/1208/1488 516/516/529
f 516/516/529 517/517/530 1251/1194/1474
f 376/376/377 1263/1206/1486 1258/1201/1481
f 1258/1201/1481 325/325/326 376/376/377
f 1250/1193/1489 1266/1209/1490 1251/1194/1491
f 1252/1195/1492 1267/1210/1493 1266/1209/1490
f 1266/1209/1490 1253/1196/1494 1252/1195/1492
f 1267/1210/1493 1252/1195/1492 1254/1197/1495
f 1254/1197/1495 1268/1211/1496 1267/1210/1493
f 1268/1211/1496 1254/1197/1495 1255/1198/1497
f 1255/1198/1497 1269/1212/1498 1268/1211/1496
f 1269/1212/1498 1255/1198/1497 1256/1199/1499
f 1256/1199/1499 1270/1213/1500 1269/1212/1498
f 1270/1213/1500 1256/1199/1499 1257/1200/1501
f 1257/1200/1501 1271/1214/1502 1270/1213/1500
f 1258/1201/1503 1271/1214/1502 1257/1200/1501
f 1272/1215/1504 1260/1203/1505 1259/1202/1506
f 1259/1202/1506 1273/1216/1507 1272/1215/1504
f 1274/1217/1508 1262/1205/1509 1261/1204/1510
f 1261/1204/1510 1275/1218/1511 1274/1217/1508
f 1276/1219/1512 1263/1206/1513 1262/1205/1509
f 1262/1205/1509 1274/1217/1508 1276/1219/1512
f 1275/1218/1511 1261/1204/1510 1260/1203/1505
f 1260/1203/1505 1272/1215/1504 1275/1218/1511
f 1253/1196/1494 1266/1209/1490 1264/1207/1514
f 1265/1208/1515 1266/1209/1516 1277/1220/1517
f 1264/1207/1514 1266/1209/1490 1250/1193/1489
f 1251/1194/1491 1266/1209/1490 1265/1208/1518
f 1277/1220/1517 1266/1209/1516 1278/1221/1519
f 1278/1221/1519 1279/1222/1520 1277/1220/1517
f 1280/1223/1521 1271/1214/1502 1258/1201/1503
f 407/407/408 476/476/485 1281/1224/1522
f 1281/1224/1522 1282/1225/1523 407/407/408
f 408/408/409 407/407/408 1282/1225/1523
f 1282/1225/1523 1283/1226/1524 408/408/409
f 476/476/485 1107/1050/1235 1284/1227/1525
f 1284/1227/1525 1281/1224/1522 476/476/485
f 1284/1227/1526 1107/1050/1279 1131/1074/1278
f 1131/1074/1278 1285/1228/1527 1284/1227/1526
f 1286/1229/1528 1259/1202/1482 408/408/409
f 408/408/409 1283/1226/1524 1286/1229/1528
f 1273/1216/1507 1259/1202/1506 1286/1229/1529
f 1286/1229/1529 1287/1230/1530 1273/1216/1507
f 1288/1231/1531 1289/1232/1532 1290/1233/1533
f 1290/1233/1533 1291/1234/1534 1288/1231/1535
f 1282/1225/1536 1281/1224/1537 1292/1235/1538
f 1292/1235/1538 1293/1236/1539 1282/1225/1536
f 1281/1224/1537 1284/1227/1540 1294/1237/1541
f 1294/1237/1541 1292/1235/1538 1281/1224/1537
f 1284/1227/1526 1285/1228/1527 1295/1238/1542
f 1295/1238/1542 1294/1237/1543 1284/1227/1526
f 1291/1234/1544 1290/1233/1545 1296/1239/1544
f 1296/1239/1546 1297/1240/1547 1291/1234/1544
f 1287/1230/1548 1286/1229/1549 1298/1241/1548
f 1298/1241/1550 1299/1242/1551 1287/1230/1550
f 1286/1229/1552 1283/1226/1553 1300/1243/1554
f 1300/1243/1554 1298/1241/1555 1286/1229/1552
f 1283/1226/1553 1282/1225/1536 1293/1236/1539
f 1293/1236/1539 1300/1243/1554 1283/1226/1553
f 1289/1232/1532 1288/1231/1531 1301/1244/1556
f 1302/1245/1557 1303/1246/1558 1304/1247/1559
f 1302/1245/1557 1304/1247/1559 1305/1248/1560
f 1306/1249/1561 1302/1245/1557 1305/1248/1560
f 1305/1248/1560 1307/1250/1562 1306/1249/1561
f 1308/1251/1563 1309/1251/1564 1306/1249/1561
f 1306/1249/1561 1307/1250/1562 1308/1251/1563
f 1263/1206/1513 1276/1219/1512 1280/1223/1521
f 1280/1223/1521 1258/1201/1503 1263/1206/1513
f 1303/1246/1558 1289/1232/1532 1310/1252/1565
f 1310/1252/1565 1304/1247/1559 1303/1246/1558
f 1289/1232/1532 1301/1244/1556 1310/1252/1565
f 759/741/788 746/732/775 745/731/774
f 1311/1253/1566 1312/1254/1567 1313/1255/1568
f 1313/1255/1568 1301/1244/1556 1311/1253/1566
f 1288/1231/1531 1311/1253/1566 1301/1244/1556
f 341/341/342 340/340/341 387/387/388
f 343/343/344 341/341/342 390/390/391
f 345/345/346 343/343/344 393/393/394
f 340/340/341 336/336/337 404/404/405
f 347/347/348 345/345/346 396/396/397
f 336/336/337 334/334/335 384/384/385
f 298/298/299 318/318/319 321/321/322
f 321/321/322 301/301/302 298/298/299
f 320/320/321 319/319/320 297/297/298
f 297/297/298 300/300/301 320/320/321
f 297/297/298 298/298/299 301/301/302
f 301/301/302 300/300/301 297/297/298
f 323/323/324 320/320/321 299/299/300
f 353/353/1434 355/355/1569 833/777/889
f 833/777/889 832/776/888 353/353/1434
f 355/355/1569 358/358/1471 834/778/1296
f 834/778/1296 833/777/889 355/355/1569
f 1314/1256/1570 1315/1257/1571 1316/1257/1572
f 1316/1257/1573 1317/1258/1574 1297/1240/1575
f 1314/1256/1570 1316/1257/1572 1297/1240/1575
f 1314/1256/1570 1297/1240/1575 1296/1239/1576
f 1314/1256/1570 1296/1239/1576 1318/1259/1577
f 619/618/678 655/654/681 918/862/1043
f 478/478/487 160/160/160 480/480/489
f 917/861/1016 617/616/636 619/618/639
f 619/618/639 918/862/1017 917/861/1016
f 478/478/487 480/480/489 617/616/1047
f 617/616/1047 917/861/1046 478/478/487
f 622/621/684 656/655/683 620/619/682
f 176/176/176 481/481/490 940/884/1042
f 623/622/1041 177/177/177 176/176/176
f 176/176/176 940/884/1042 623/622/1041
f 177/177/640 623/622/645 622/621/644
f 622/621/644 620/619/641 177/177/640
f 53/53/53 52/52/52 675/674/704
f 675/674/704 1319/768/1578 53/53/53
f 111/111/111 110/110/110 1320/1260/1579
f 1320/1260/1579 558/558/571 111/111/111
f 457/457/458 48/48/48 49/49/49
f 49/49/49 1321/1261/1580 457/457/458
f 1322/1262/1581 695/694/724 694/693/723
f 694/693/723 1323/1263/1582 1322/1262/1581
f 722/693/751 721/704/750 1324/707/1583
f 1324/707/1583 1325/1263/1584 722/693/751
f 1326/706/1585 751/705/780 754/737/783
f 754/737/783 1327/1264/1586 1326/706/1585
f 765/676/794 768/748/797 824/769/1587
f 824/769/1587 1328/677/1588 765/676/794
f 110/110/110 254/254/255 548/548/561
f 548/548/561 1320/1260/1579 110/110/110
f 1147/1090/1303 457/457/458 1321/1261/1580
f 1321/1261/1580 1329/1265/1589 1147/1090/1303
f 1180/1123/1342 1147/1090/1343 1329/1265/1590
f 1329/1265/1590 1206/1149/1591 1180/1123/1342
f 562/562/575 542/542/555 543/543/556
f 543/543/556 1330/1266/1592 562/562/575
f 762/744/791 1331/1267/773 1332/764/1593
f 1332/764/1593 763/745/792 762/744/791
f 1333/1268/1594 1334/1269/1595 1335/1270/1596
f 1336/1271/1597 1333/1268/1594 1337/1272/1598
f 1338/1273/1599 1336/1271/1597 1337/1272/1598
f 1337/1272/1598 1339/1274/1600 1338/1273/1599
f 1340/1275/1601 1341/1276/1602 1342/1277/1603
f 1342/1277/1603 1343/1278/1604 1340/1275/1601
f 1344/1279/1605 1334/1269/1595 1336/1271/1597
f 1336/1271/1597 1345/1280/1606 1344/1279/1605
f 1346/1281/1607 1334/1269/1595 1344/1279/1605
f 1344/1279/1605 1347/1282/1608 1346/1281/1607
f 1348/1283/1609 1349/1284/1610 1346/1281/1607
f 1346/1281/1607 1347/1282/1608 1348/1283/1609
f 1350/1285/1611 1351/1286/1612 1349/1284/1610
f 1349/1284/1610 1348/1283/1609 1350/1285/1611
f 20/20/20 1351/1286/1612 1350/1285/1611
f 1350/1285/1611 21/21/21 20/20/20
f 1352/1287/1613 1353/1288/1614 1354/1289/1615
f 1354/1289/1615 1355/1290/1616 1352/1287/1613
f 1356/1291/1617 1357/1292/1618 1358/1293/1619
f 1358/1293/1619 1345/1280/1606 1356/1291/1617
f 1359/1294/1620 1344/1279/1605 1345/1280/1606
f 1345/1280/1606 1358/1293/1619 1359/1294/1620
f 1360/1295/1621 1347/1282/1608 1344/1279/1605
f 1344/1279/1605 1359/1294/1620 1360/1295/1621
f 1361/1296/1622 1348/1283/1609 1347/1282/1608
f 1347/1282/1608 1360/1295/1621 1361/1296/1622
f 1362/1297/1623 1350/1285/1611 1348/1283/1609
f 1348/1283/1609 1361/1296/1622 1362/1297/1623
f 21/21/21 1350/1285/1611 1362/1297/1623
f 1362/1297/1623 33/33/33 21/21/21
f 1355/1290/1616 1354/1289/1615 1363/1298/1624
f 1363/1298/1624 1364/1299/1625 1355/1290/1616
f 1365/1300/1626 1358/1293/1619 1357/1292/1618
f 1357/1292/1618 1366/1301/1627 1365/1300/1626
f 1359/1294/1620 1358/1293/1619 1365/1300/1626
f 1365/1300/1626 1367/1302/1628 1359/1294/1620
f 1368/1303/1629 1361/1296/1622 1360/1295/1621
f 1360/1295/1621 1369/1304/1630 1368/1303/1629
f 1370/1305/1631 1362/1297/1623 1361/1296/1622
f 1361/1296/1622 1368/1303/1629 1370/1305/1631
f 33/33/33 1362/1297/1623 1370/1305/1631
f 1370/1305/1631 42/42/42 33/33/33
f 1365/1300/1626 1366/1301/1627 1371/1306/1632
f 1371/1306/1632 1372/1307/1633 1365/1300/1626
f 1367/1302/1628 1365/1300/1626 1372/1307/1633
f 1372/1307/1633 1373/1308/1634 1367/1302/1628
f 1368/1303/1629 1369/1304/1630 1374/1309/1635
f 1374/1309/1635 1375/1310/1636 1368/1303/1629
f 1370/1305/1631 1368/1303/1629 1375/1310/1636
f 1375/1310/1636 1376/1311/1637 1370/1305/1631
f 42/42/42 1370/1305/1631 1376/1311/1637
f 1376/1311/1637 49/49/49 42/42/42
f 1377/1312/1638 1378/1313/1639 1379/1314/1640
f 1379/1314/1640 1380/1315/1641 1377/1312/1638
f 1381/1316/1642 1377/1312/1638 1380/1315/1641
f 1380/1315/1641 1382/1317/1643 1381/1316/1642
f 1369/1304/1630 1360/1295/1621 1359/1294/1620
f 1359/1294/1620 1367/1302/1628 1369/1304/1630
f 1369/1304/1630 1367/1302/1628 1373/1308/1634
f 1373/1308/1634 1374/1309/1635 1369/1304/1630
f 1383/1318/1644 1384/1319/1645 1385/1320/1646
f 1385/1320/1646 1386/1321/1647 1383/1318/1644
f 1387/1322/1648 1388/1323/1649 1389/1324/1650
f 1389/1324/1650 1390/1325/1651 1387/1322/1648
f 1391/1326/1652 1392/1327/1653 1393/1328/1654
f 1394/1329/1655 1395/1330/1656 1391/1326/1652
f 1391/1326/1652 1393/1328/1654 1394/1329/1655
f 1396/1331/1657 1397/1332/1658 1395/1330/1656
f 1395/1330/1656 1394/1329/1655 1396/1331/1657
f 1398/1333/1659 1383/1318/1644 1386/1321/1647
f 1386/1321/1647 1399/1334/1660 1398/1333/1659
f 1400/1335/1661 1385/1320/1646 1384/1319/1645
f 1384/1319/1645 1401/1336/1662 1400/1335/1661
f 1402/1337/1663 1387/1322/1648 1390/1325/1651
f 1390/1325/1651 1403/1338/1664 1402/1337/1663
f 1401/1336/1662 1384/1319/1645 1389/1324/1650
f 1389/1324/1650 1404/1339/1665 1401/1336/1662
f 1405/1340/1666 1393/1328/1654 1387/1322/1648
f 1387/1322/1648 1402/1337/1663 1405/1340/1666
f 1406/1341/1667 1388/1323/1649 1392/1327/1653
f 1392/1327/1653 1407/1342/1668 1406/1341/1667
f 1408/1343/1669 1394/1329/1655 1393/1328/1654
f 1393/1328/1654 1405/1340/1666 1408/1343/1669
f 1409/1344/1670 1391/1326/1652 1395/1330/1656
f 1395/1330/1656 1410/1345/1671 1409/1344/1670
f 1411/1346/1672 1396/1331/1657 1394/1329/1655
f 1394/1329/1655 1408/1343/1669 1411/1346/1672
f 1410/1345/1671 1395/1330/1656 1397/1332/1658
f 1397/1332/1658 1412/1347/1673 1410/1345/1671
f 1399/1334/1660 1413/1348/1674 1414/1349/1675
f 1414/1349/1675 1398/1333/1659 1399/1334/1660
f 1398/1333/1659 1414/1349/1675 1415/1350/1676
f 1415/1350/1676 1403/1338/1664 1398/1333/1659
f 1402/1337/1663 1416/1351/1677 1417/1352/1678
f 1417/1352/1678 1405/1340/1666 1402/1337/1663
f 1405/1340/1666 1417/1352/1678 1418/1353/1679
f 1418/1353/1679 1408/1343/1669 1405/1340/1666
f 1408/1343/1669 1418/1353/1679 1419/1354/1680
f 1419/1354/1680 1411/1346/1672 1408/1343/1669
f 1420/1355/1681 1421/1356/1682 1422/1357/1683
f 1423/1358/1684 1424/1359/1685 1425/1360/1686
f 1425/1360/1686 1426/1361/1687 1423/1358/1684
f 1427/1362/1688 1428/1363/1689 1429/1364/1690
f 1429/1364/1690 1430/1365/1691 1427/1362/1688
f 1386/1321/1647 1385/1320/1646 1431/1366/1692
f 1431/1366/1692 1432/1367/1693 1386/1321/1647
f 1399/1334/1660 1386/1321/1647 1432/1367/1693
f 1432/1367/1693 1433/1368/1694 1399/1334/1660
f 1413/1348/1674 1399/1334/1660 1433/1368/1694
f 1433/1368/1694 1434/1369/1695 1413/1348/1674
f 1435/1370/1696 1436/1371/1697 1437/1372/1698
f 1437/1372/1698 1438/1373/1699 1435/1370/1696
f 1439/1374/1700 1440/1375/1701 1441/1376/1702
f 1441/1376/1702 1442/1377/1703 1439/1374/1700
f 1443/1378/1704 1444/1379/1705 1445/1380/1706
f 1445/1380/1706 1446/1381/1707 1443/1378/1704
f 1447/1382/1708 1443/1378/1704 1446/1381/1707
f 1446/1381/1707 1448/1383/1709 1447/1382/1708
f 1449/1384/1710 1450/1385/1711 1451/1386/1712
f 1451/1386/1712 1452/1387/1713 1449/1384/1710
f 1453/1388/1714 1454/1389/1715 1455/1390/1716
f 1455/1390/1716 1456/1391/1717 1453/1388/1714
f 1457/1392/1718 1453/1388/1714 1456/1391/1717
f 1456/1391/1717 1458/1393/1719 1457/1392/1718
f 1459/1394/1720 1460/1395/1721 1461/1396/1722
f 1461/1396/1722 1462/1397/1723 1459/1394/1720
f 1463/1398/1724 1464/1399/1725 1465/1400/1726
f 1465/1400/1726 1466/1401/1727 1463/1398/1724
f 1467/1402/1728 1468/1403/1729 1469/1404/1730
f 1469/1404/1730 1470/1405/1731 1467/1402/1728
f 1471/1406/1732 1472/1407/1733 1473/1408/1734
f 1473/1408/1734 1474/1409/1735 1471/1406/1732
f 1453/1388/1714 1457/1392/1718 1475/1410/1736
f 1475/1410/1736 1476/1411/1737 1453/1388/1714
f 1454/1389/1715 1453/1388/1714 1476/1411/1737
f 1476/1411/1737 1477/1412/1738 1454/1389/1715
f 1478/1413/1739 1479/1414/1740 1480/1415/1741
f 1480/1415/1741 1481/1416/1742 1478/1413/1739
f 1429/1364/1690 1482/1417/1743 1460/1395/1721
f 1460/1395/1721 1483/1418/1744 1429/1364/1690
f 1431/1366/1692 1484/1419/1745 1485/1420/1746
f 1485/1420/1746 1486/1421/1747 1431/1366/1692
f 1432/1367/1693 1431/1366/1692 1486/1421/1747
f 1486/1421/1747 1487/1422/1748 1432/1367/1693
f 1433/1368/1694 1432/1367/1693 1487/1422/1748
f 1487/1422/1748 1488/1423/1749 1433/1368/1694
f 1489/1424/1750 1490/1425/1751 1491/1426/1752
f 1491/1426/1752 1492/1427/1753 1489/1424/1750
f 1493/1428/1754 1414/1349/1675 1413/1348/1674
f 1413/1348/1674 1494/1429/1755 1493/1428/1754
f 1416/1351/1677 1415/1350/1676 1495/1430/1756
f 1495/1430/1756 1496/1431/1757 1416/1351/1677
f 1497/1432/1758 1417/1352/1678 1416/1351/1677
f 1416/1351/1677 1496/1431/1757 1497/1432/1758
f 1498/1433/1759 1418/1353/1679 1417/1352/1678
f 1417/1352/1678 1497/1432/1758 1498/1433/1759
f 1499/1434/1760 1419/1354/1680 1418/1353/1679
f 1418/1353/1679 1498/1433/1759 1499/1434/1760
f 1494/1429/1755 1413/1348/1674 1434/1369/1695
f 1434/1369/1695 1500/1435/1761 1494/1429/1755
f 1501/1436/1762 1502/1437/1763 1503/1438/1764
f 1503/1438/1764 1504/1439/1765 1501/1436/1762
f 1505/1440/1766 1506/1441/1767 1340/1275/1601
f 1345/1280/1606 1507/1442/1768 1508/1443/1769
f 1508/1443/1769 1356/1291/1617 1345/1280/1606
f 1509/1444/1770 1423/1358/1684 1426/1361/1687
f 1426/1361/1687 1482/1417/1743 1509/1444/1770
f 1461/1396/1722 1447/1382/1708 1448/1383/1709
f 1448/1383/1709 1510/1445/1771 1461/1396/1722
f 1340/1275/1601 1343/1278/1604 1511/1446/1772
f 1511/1446/1772 1505/1440/1766 1340/1275/1601
f 1356/1291/1617 1352/1287/1613 1355/1290/1616
f 1355/1290/1616 1357/1292/1618 1356/1291/1617
f 1357/1292/1618 1355/1290/1616 1364/1299/1625
f 1364/1299/1625 1366/1301/1627 1357/1292/1618
f 1341/1276/1602 1340/1275/1601 1512/1447/1773
f 1512/1447/1773 1513/1448/1774 1341/1276/1602
f 1514/1449/1775 1515/1450/1776 1509/1444/1770
f 1509/1444/1770 1428/1363/1689 1514/1449/1775
f 1428/1363/1689 1509/1444/1770 1482/1417/1743
f 1482/1417/1743 1429/1364/1690 1428/1363/1689
f 1450/1385/1711 1461/1396/1722 1510/1445/1771
f 1510/1445/1771 1451/1386/1712 1450/1385/1711
f 1516/1451/1777 1517/1452/1778 1518/1453/1779
f 1518/1453/1779 1519/1454/1780 1516/1451/1777
f 1520/1455/1781 1493/1428/1754 1494/1429/1755
f 1494/1429/1755 1521/1456/1782 1520/1455/1781
f 1522/1457/1783 1495/1430/1756 1493/1428/1754
f 1493/1428/1754 1520/1455/1781 1522/1457/1783
f 1523/1458/1784 1497/1432/1758 1496/1431/1757
f 1496/1431/1757 1524/1459/1785 1523/1458/1784
f 1525/1460/1786 1498/1433/1759 1497/1432/1758
f 1497/1432/1758 1523/1458/1784 1525/1460/1786
f 1526/1461/1787 1499/1434/1760 1498/1433/1759
f 1498/1433/1759 1525/1460/1786 1526/1461/1787
f 1521/1456/1782 1494/1429/1755 1500/1435/1761
f 1500/1435/1761 1527/1462/1788 1521/1456/1782
f 1528/1463/1789 1529/1464/1790 1530/1465/1791
f 1530/1465/1791 1531/1466/1792 1528/1463/1789
f 1532/1467/1793 1533/1468/1794 1534/1469/1795
f 1534/1469/1795 1535/1470/1796 1532/1467/1793
f 1536/1471/1797 1537/1472/1798 1538/1473/1799
f 1538/1473/1799 1539/1474/1800 1536/1471/1797
f 1540/1475/1801 1541/1476/1802 1542/1477/1803
f 1542/1477/1803 1543/1478/1804 1540/1475/1801
f 1544/1479/1805 1541/1476/1802 1540/1475/1801
f 1543/1478/1804 1542/1477/1803 1545/1480/1806
f 1545/1480/1806 1490/1425/1751 1543/1478/1804
f 1546/1481/1807 1533/1468/1794 1547/1482/1808
f 1547/1482/1808 1548/1483/1809 1546/1481/1807
f 1549/1484/1810 1550/1485/1811 1551/1486/1812
f 1551/1486/1812 1552/1487/1813 1549/1484/1810
f 1541/1476/1802 1520/1455/1781 1521/1456/1782
f 1521/1456/1782 1542/1477/1803 1541/1476/1802
f 1522/1457/1783 1520/1455/1781 1541/1476/1802
f 1541/1476/1802 1544/1479/1805 1522/1457/1783
f 1523/1458/1784 1524/1459/1785 1553/1488/1814
f 1553/1488/1814 1554/1489/1815 1523/1458/1784
f 1555/1490/1816 1525/1460/1786 1523/1458/1784
f 1523/1458/1784 1554/1489/1815 1555/1490/1816
f 1556/1491/1817 1526/1461/1787 1525/1460/1786
f 1525/1460/1786 1555/1490/1816 1556/1491/1817
f 1542/1477/1803 1521/1456/1782 1527/1462/1788
f 1527/1462/1788 1545/1480/1806 1542/1477/1803
f 1532/1467/1793 1557/1492/1818 1547/1482/1808
f 1547/1482/1808 1533/1468/1794 1532/1467/1793
f 1531/1466/1792 1532/1467/1793 1535/1470/1796
f 1535/1470/1796 1558/1493/1819 1531/1466/1792
f 1518/1453/1779 1536/1471/1820 1539/1474/1800
f 1539/1474/1800 1559/1494/1821 1518/1453/1779
f 1560/1495/1822 1561/1496/1823 1471/1406/1732
f 1471/1406/1732 1474/1409/1735 1560/1495/1822
f 1462/1397/1723 1461/1396/1722 1450/1385/1711
f 1562/1497/1824 1563/1498/1825 1564/1499/1826
f 1564/1499/1826 1565/1500/1827 1562/1497/1824
f 1566/1501/1828 1567/1502/1829 1568/1503/1830
f 1568/1503/1830 1569/1504/1831 1566/1501/1828
f 1443/1378/1704 1447/1382/1708 1570/1505/1832
f 1570/1505/1832 1571/1506/1833 1443/1378/1704
f 1447/1382/1708 1461/1396/1722 1460/1395/1721
f 1460/1395/1721 1570/1505/1832 1447/1382/1708
f 1572/1507/1834 1573/1508/1835 1574/1509/1836
f 1574/1509/1836 1575/1510/1837 1572/1507/1834
f 1576/1511/1838 1577/1512/1839 1578/1513/1840
f 1578/1513/1840 1579/1514/1841 1576/1511/1838
f 1437/1372/1698 1580/1515/1842 1581/1516/1843
f 1582/1517/1844 1438/1373/1699 1583/1518/1845
f 1583/1518/1845 1584/1519/1846 1582/1517/1844
f 1441/1376/1702 1582/1517/1844 1585/1520/1847
f 1585/1520/1847 1586/1521/1848 1441/1376/1702
f 1480/1415/1741 1442/1377/1703 1587/1522/1849
f 1587/1522/1849 1588/1523/1850 1480/1415/1741
f 1589/1524/1851 1590/1525/1852 1591/1526/1853
f 1591/1526/1853 1592/1527/1854 1589/1524/1851
f 1593/1528/1855 1594/1529/1856 1595/1530/1857
f 1595/1530/1857 1596/1531/1858 1593/1528/1855
f 1597/1532/1859 1598/1533/1860 1599/1534/1861
f 1599/1534/1861 1600/1535/1862 1597/1532/1859
f 1601/1536/1863 1602/1537/1864 1603/1538/1865
f 1603/1538/1865 1604/1539/1866 1601/1536/1863
f 1605/1540/1867 1606/1541/1868 1597/1532/1859
f 1597/1532/1859 1600/1535/1862 1605/1540/1867
f 1607/1542/1869 1608/1543/1870 1609/1544/1871
f 1609/1544/1871 1610/1545/1872 1607/1542/1869
f 1444/1379/1705 1443/1378/1704 1571/1506/1833
f 1571/1506/1833 1611/1546/1873 1444/1379/1705
f 1612/1547/1874 1613/1548/1875 1614/1549/1876
f 1614/1549/1876 1615/1550/1877 1612/1547/1874
f 1616/1551/1878 1617/1552/1879 1618/1553/1880
f 1618/1553/1880 1619/1554/1881 1616/1551/1878
f 1620/1555/1882 1621/1556/1883 1622/1557/1884
f 1622/1557/1884 1623/1558/1885 1620/1555/1882
f 1624/1559/1886 1625/1560/1887 1621/1556/1883
f 1621/1556/1883 1620/1555/1882 1624/1559/1886
f 1626/1561/1888 1627/1562/1889 1628/1563/1890
f 1628/1563/1890 1629/1564/1891 1626/1561/1888
f 1630/1565/1892 1627/1562/1889 1626/1561/1888
f 1626/1561/1888 1631/1566/1893 1630/1565/1892
f 1632/1567/1894 1633/1568/1895 1630/1565/1892
f 1630/1565/1892 1631/1566/1893 1632/1567/1894
f 1634/1569/1896 1635/1570/1897 1617/1552/1879
f 1617/1552/1879 1616/1551/1878 1634/1569/1896
f 1636/1571/1898 1637/1572/1899 1638/1573/1900
f 1638/1573/1900 1639/1574/1901 1636/1571/1898
f 1620/1555/1882 1623/1558/1885 1640/1575/1902
f 1622/1557/1884 1621/1556/1883 1641/1576/1903
f 1641/1576/1903 1642/1577/1904 1622/1557/1884
f 1643/1578/1905 1624/1559/1886 1620/1555/1882
f 1620/1555/1882 1644/1579/1906 1643/1578/1905
f 1621/1556/1883 1625/1560/1887 1645/1580/1907
f 1645/1580/1907 1641/1576/1903 1621/1556/1883
f 1624/1559/1886 1643/1578/1905 1646/1581/1908
f 1626/1561/1888 1629/1564/1891 1647/1582/1909
f 1648/1583/1910 1628/1563/1890 1627/1562/1889
f 1627/1562/1889 1649/1584/1911 1648/1583/1910
f 1631/1566/1893 1626/1561/1888 1650/1585/1912
f 1649/1584/1911 1627/1562/1889 1630/1565/1892
f 1630/1565/1892 1651/1586/1913 1649/1584/1911
f 1632/1567/1894 1631/1566/1893 1650/1585/1912
f 1650/1585/1912 1652/1587/1914 1632/1567/1894
f 1651/1586/1913 1630/1565/1892 1633/1568/1895
f 1633/1568/1895 1653/1588/1915 1651/1586/1913
f 1654/1589/1916 1655/1590/1917 1656/1591/1918
f 1656/1591/1918 1657/1592/1919 1654/1589/1916
f 1658/1593/1920 1659/1594/1921 1654/1589/1916
f 1654/1589/1916 1660/1595/1922 1658/1593/1920
f 1661/1596/1923 1659/1594/1921 1658/1593/1920
f 1658/1593/1920 1662/1597/1924 1661/1596/1923
f 1663/1598/1925 1661/1596/1923 1662/1597/1924
f 1662/1597/1924 1664/1599/1926 1663/1598/1925
f 1665/1600/1927 1666/1601/1928 1667/1602/1929
f 1667/1602/1929 1668/1603/1930 1665/1600/1927
f 1669/1604/1931 1670/1605/1932 1666/1601/1928
f 1666/1601/1928 1665/1600/1927 1669/1604/1931
f 1671/1606/1933 1672/1607/1934 1670/1605/1932
f 1670/1605/1932 1669/1604/1931 1671/1606/1933
f 1673/1608/1935 1674/1609/1936 1672/1607/1934
f 1672/1607/1934 1671/1606/1933 1673/1608/1935
f 1675/1610/1937 1676/1611/1938 1674/1609/1936
f 1674/1609/1936 1673/1608/1935 1675/1610/1937
f 1677/1612/1939 1678/1613/1940 1679/1614/1941
f 1679/1614/1941 1680/1615/1942 1681/1616/1943
f 1677/1612/1939 1679/1614/1941 1681/1616/1943
f 1682/1617/1944 1683/1618/1945 1684/1619/1946
f 1684/1619/1946 1685/1620/1947 1682/1617/1944
f 1549/1484/1810 1686/1621/1948 1687/1622/1949
f 1687/1622/1949 1550/1485/1811 1549/1484/1810
f 1688/1623/1950 1689/1624/1951 1589/1524/1851
f 1589/1524/1851 1592/1527/1854 1688/1623/1950
f 1510/1445/1771 1448/1383/1709 1690/1625/1952
f 1690/1625/1952 1594/1529/1856 1510/1445/1771
f 1451/1386/1712 1510/1445/1771 1594/1529/1856
f 1594/1529/1856 1593/1528/1855 1451/1386/1712
f 1691/1626/1953 1692/1627/1954 1693/1628/1955
f 1693/1628/1955 1694/1629/1956 1691/1626/1953
f 1695/1630/1957 1696/1631/1958 1697/1632/1959
f 1697/1632/1959 1698/1633/1960 1695/1630/1957
f 1699/1634/1961 1700/1635/1962 1692/1627/1954
f 1692/1627/1954 1691/1626/1953 1699/1634/1961
f 1668/1603/1930 1667/1602/1929 1663/1598/1925
f 1663/1598/1925 1664/1599/1926 1668/1603/1930
f 1701/1636/1963 1655/1590/1917 1654/1589/1916
f 1654/1589/1916 1702/1637/1964 1701/1636/1963
f 1703/1638/1965 1658/1593/1920 1660/1595/1922
f 1660/1595/1922 1704/1639/1966 1703/1638/1965
f 1654/1589/1916 1659/1594/1921 1705/1640/1967
f 1705/1640/1967 1702/1637/1964 1654/1589/1916
f 1662/1597/1924 1658/1593/1920 1706/1641/1968
f 1659/1594/1921 1661/1596/1923 1707/1642/1969
f 1707/1642/1969 1705/1640/1967 1659/1594/1921
f 1664/1599/1926 1662/1597/1924 1708/1643/1970
f 1661/1596/1923 1709/1644/1971 1707/1642/1969
f 1665/1600/1927 1668/1603/1930 1710/1645/1972
f 1667/1602/1929 1711/1646/1973 1712/1647/1974
f 1669/1604/1931 1665/1600/1927 1713/1648/1975
f 1666/1601/1928 1714/1649/1976 1715/1650/1977
f 1671/1606/1933 1669/1604/1931 1716/1651/1978
f 1670/1605/1932 1717/1652/1979 1718/1653/1980
f 1673/1608/1935 1671/1606/1933 1719/1654/1981
f 1672/1607/1934 1720/1655/1982 1721/1656/1983
f 1722/1657/1984 1723/1658/1985 1724/1659/1986
f 1725/1660/1987 1674/1609/1936 1676/1611/1938
f 1676/1611/1938 1726/1661/1988 1725/1660/1987
f 1668/1603/1930 1664/1599/1926 1727/1662/1989
f 1663/1598/1925 1728/1663/1990 1729/1664/1991
f 1730/1665/1992 1731/1666/1993 1732/1667/1994
f 1732/1667/1994 1657/1592/1919 1730/1665/1992
f 1733/1668/1995 1730/1665/1992 1734/1669/1996
f 1734/1669/1996 1735/1670/1997 1733/1668/1995
f 1726/1661/1988 1676/1611/1938 1736/1671/1998
f 1736/1671/1998 1737/1672/1999 1726/1661/1988
f 1738/1673/2000 1739/1674/2001 1740/1675/2002
f 1740/1675/2002 1741/1676/2003 1738/1673/2000
f 1742/1677/2004 1743/1678/2005 1739/1674/2001
f 1739/1674/2001 1738/1673/2000 1742/1677/2004
f 1741/1676/2003 1740/1675/2002 1744/1679/2006
f 1744/1679/2006 1745/1680/2007 1741/1676/2003
f 1746/1681/2008 1747/1682/2009 1748/1683/2010
f 1748/1683/2010 1749/1684/2011 1746/1681/2008
f 1750/1685/2012 1751/1686/2013 1747/1682/2009
f 1747/1682/2009 1746/1681/2008 1750/1685/2012
f 1749/1684/2011 1748/1683/2010 1752/1687/2014
f 1752/1687/2014 1753/1688/2015 1749/1684/2011
f 1751/1686/2013 1750/1685/2012 1754/1689/2016
f 1754/1689/2016 1755/1690/2017 1751/1686/2013
f 1742/1677/2004 1751/1686/2013 1755/1690/2017
f 1755/1690/2017 1756/1691/2018 1742/1677/2004
f 1743/1678/2005 1757/1692/2019 1758/1693/2020
f 1759/1694/2021 1760/1695/2022 1761/1696/2023
f 1761/1696/2023 1762/1697/2024 1759/1694/2021
f 1763/1698/2025 1764/1699/2026 1765/1700/2027
f 1765/1700/2027 1766/1701/2028 1763/1698/2025
f 1524/1459/1785 1496/1431/1757 1495/1430/1756
f 1495/1430/1756 1522/1457/1783 1524/1459/1785
f 1553/1488/1814 1524/1459/1785 1522/1457/1783
f 1522/1457/1783 1544/1479/1805 1553/1488/1814
f 1767/1702/2029 1768/1703/2030 1769/1704/2031
f 1769/1704/2031 1770/1705/2032 1767/1702/2029
f 1752/1687/2014 1745/1680/2007 1771/1706/2033
f 1771/1706/2033 1772/1707/2034 1752/1687/2014
f 1773/1708/2035 1753/1688/2015 1752/1687/2014
f 1752/1687/2014 1772/1707/2034 1773/1708/2035
f 1774/1709/2036 1687/1622/1949 1775/1710/2037
f 1775/1710/2037 1776/1711/2038 1774/1709/2036
f 1743/1678/2005 1687/1622/1949 1686/1621/1948
f 1686/1621/1948 1739/1674/2001 1743/1678/2005
f 1739/1674/2001 1686/1621/1948 1767/1702/2029
f 1767/1702/2029 1740/1675/2002 1739/1674/2001
f 1740/1675/2002 1767/1702/2029 1770/1705/2032
f 1770/1705/2032 1744/1679/2006 1740/1675/2002
f 1744/1679/2006 1770/1705/2032 1777/1712/2039
f 1777/1712/2039 1778/1713/2040 1744/1679/2006
f 1678/1613/1940 1677/1612/1939 1682/1617/1944
f 1682/1617/1944 1685/1620/1947 1678/1613/1940
f 1550/1485/1811 1687/1622/1949 1774/1709/2036
f 1366/1301/1627 1364/1299/1625 1779/1714/2041
f 1779/1714/2041 1371/1306/1632 1366/1301/1627
f 1364/1299/1625 1363/1298/1624 1779/1714/2041
f 1372/1307/1633 1371/1306/1632 1780/1715/2042
f 1373/1308/1634 1372/1307/1633 1781/1716/2043
f 1375/1310/1636 1374/1309/1635 1782/1717/2044
f 1782/1717/2044 1783/1718/2045 1375/1310/1636
f 1376/1311/1637 1375/1310/1636 1783/1718/2045
f 1783/1718/2045 1784/1719/2046 1376/1311/1637
f 1374/1309/1635 1373/1308/1634 1785/1720/2047
f 1785/1720/2047 1782/1717/2044 1374/1309/1635
f 1390/1325/1651 1389/1324/1650 1384/1319/1645
f 1384/1319/1645 1383/1318/1644 1390/1325/1651
f 1403/1338/1664 1390/1325/1651 1383/1318/1644
f 1383/1318/1644 1398/1333/1659 1403/1338/1664
f 1513/1448/1774 1786/1721/2048 1787/1722/2049
f 1787/1722/2049 1341/1276/1602 1513/1448/1774
f 1403/1338/1664 1415/1350/1676 1416/1351/1677
f 1416/1351/1677 1402/1337/1663 1403/1338/1664
f 1512/1447/1773 1788/1723/2050 1789/1724/2051
f 1513/1448/1774 1512/1447/1773 1790/1725/2052
f 1495/1430/1756 1415/1350/1676 1414/1349/1675
f 1414/1349/1675 1493/1428/1754 1495/1430/1756
f 1470/1405/1731 1469/1404/1730 1568/1503/1830
f 1568/1503/1830 1567/1502/1829 1470/1405/1731
f 1692/1627/1954 1557/1492/1818 1530/1465/1791
f 1530/1465/1791 1693/1628/1955 1692/1627/1954
f 1535/1470/1796 1534/1469/1795 1573/1508/1835
f 1573/1508/1835 1572/1507/1834 1535/1470/1796
f 1696/1631/1958 1791/1726/2053 1548/1483/1809
f 1548/1483/1809 1697/1632/1959 1696/1631/1958
f 1700/1635/1962 1547/1482/1808 1557/1492/1818
f 1557/1492/1818 1692/1627/1954 1700/1635/1962
f 1577/1512/1839 1792/1727/2054 1558/1493/1819
f 1558/1493/1819 1578/1513/1840 1577/1512/1839
f 1793/1728/2055 1566/1501/1828 1569/1504/1831
f 1569/1504/1831 1546/1481/1807 1793/1728/2055
f 1575/1510/1837 1574/1509/1836 1537/1472/1798
f 1537/1472/1798 1536/1471/1797 1575/1510/1837
f 1518/1453/1779 1794/1729/2056 1536/1471/1820
f 1597/1532/1859 1691/1626/1953 1694/1629/1956
f 1694/1629/1956 1598/1533/1860 1597/1532/1859
f 1602/1537/1864 1695/1630/1957 1698/1633/1960
f 1698/1633/1960 1603/1538/1865 1602/1537/1864
f 1606/1541/1868 1699/1634/1961 1691/1626/1953
f 1691/1626/1953 1597/1532/1859 1606/1541/1868
f 1791/1726/2057 1711/1646/1973 1715/1650/1977
f 1715/1650/1977 1793/1728/2058 1791/1726/2057
f 1566/1501/2059 1714/1649/1976 1718/1653/1980
f 1718/1653/1980 1567/1502/2060 1566/1501/2059
f 1470/1405/2061 1717/1652/1979 1721/1656/1983
f 1721/1656/1983 1467/1402/2062 1470/1405/2061
f 1695/1630/2063 1728/1663/1990 1712/1647/1974
f 1712/1647/1974 1696/1631/2064 1695/1630/2063
f 1706/1641/1968 1658/1593/1920 1703/1638/1965
f 1708/1643/1970 1662/1597/1924 1795/1730/2065
f 1710/1645/1972 1668/1603/1930 1796/1731/2066
f 1713/1648/1975 1665/1600/1927 1797/1732/2067
f 1716/1651/1978 1669/1604/1931 1798/1733/2068
f 1719/1654/1981 1671/1606/1933 1799/1734/2069
f 1800/1735/2070 1673/1608/1935 1801/1736/2071
f 1727/1662/1989 1664/1599/1926 1802/1737/2072
f 1732/1667/1994 1704/1639/1966 1660/1595/1922
f 1660/1595/1922 1657/1592/1919 1732/1667/1994
f 1803/1738/2073 1731/1666/1993 1730/1665/1992
f 1730/1665/1992 1733/1668/1995 1803/1738/2073
f 1657/1592/1919 1660/1595/1922 1654/1589/1916
f 1483/1418/1744 1460/1395/1721 1459/1394/1720
f 1465/1400/1726 1486/1421/1747 1485/1420/1746
f 1485/1420/1746 1804/1739/2074 1465/1400/1726
f 1487/1422/1748 1486/1421/1747 1805/1740/2075
f 1805/1740/2075 1806/1741/2076 1487/1422/1748
f 1504/1439/1765 1488/1423/1749 1487/1422/1748
f 1487/1422/1748 1807/1742/2077 1504/1439/1765
f 1492/1427/1753 1491/1426/1752 1468/1403/1729
f 1468/1403/1729 1467/1402/1728 1492/1427/1753
f 1488/1423/1749 1808/1743/2078 1434/1369/1695
f 1434/1369/1695 1433/1368/1694 1488/1423/1749
f 1571/1506/1833 1570/1505/1832 1426/1361/1687
f 1426/1361/1687 1425/1360/1686 1571/1506/1833
f 1570/1505/1832 1460/1395/1721 1482/1417/1743
f 1482/1417/1743 1426/1361/1687 1570/1505/1832
f 1808/1743/2078 1559/1494/1821 1500/1435/1761
f 1500/1435/1761 1434/1369/1695 1808/1743/2078
f 1539/1474/1800 1538/1473/1799 1545/1480/1806
f 1545/1480/1806 1527/1462/1788 1539/1474/1800
f 1559/1494/1821 1539/1474/1800 1527/1462/1788
f 1527/1462/1788 1500/1435/1761 1559/1494/1821
f 1809/1744/2079 1810/1745/2080 1611/1546/1873
f 1611/1546/1873 1571/1506/1833 1809/1744/2079
f 1492/1427/2081 1720/1655/1982 1725/1660/1987
f 1725/1660/1987 1489/1424/2082 1492/1427/2081
f 1340/1275/1601 1506/1441/1767 1512/1447/1773
f 1512/1447/1773 1506/1441/1767 1788/1723/2050
f 1811/1746/2083 1812/1747/2084 1813/1748/2085
f 1813/1748/2085 1814/1749/2086 1811/1746/2083
f 1424/1359/1685 1815/1750/2087 1610/1545/1872
f 1610/1545/1872 1609/1544/1871 1424/1359/1685
f 1790/1725/2052 1816/1751/2088 1817/1752/2089
f 1817/1752/2089 1818/1753/2090 1790/1725/2052
f 1512/1447/1773 1789/1724/2051 1819/1754/2091
f 1337/1272/1598 1820/1755/2092 1339/1274/1600
f 1337/1272/1598 1607/1542/1869 1821/1756/2093
f 1427/1362/2094 1400/1335/1661 1401/1336/1662
f 1401/1336/1662 1822/1757/2095 1427/1362/2094
f 1822/1757/2095 1401/1336/1662 1404/1339/1665
f 1404/1339/1665 1786/1721/2048 1822/1757/2095
f 1787/1722/2049 1406/1341/1667 1407/1342/1668
f 1407/1342/1668 1823/1758/2096 1787/1722/2049
f 1824/1759/2097 1409/1344/1670 1410/1345/1671
f 1410/1345/1671 1825/1760/2098 1824/1759/2097
f 1825/1760/2098 1410/1345/1671 1412/1347/1673
f 1412/1347/1673 1826/1761/2099 1825/1760/2098
f 1385/1320/1646 1400/1335/1661 1484/1419/1745
f 1484/1419/1745 1431/1366/1692 1385/1320/1646
f 1564/1499/1826 1827/1762/2100 1828/1763/2101
f 1828/1763/2101 1689/1624/1951 1564/1499/1826
f 1829/1764/2102 1830/1765/2103 1804/1739/2074
f 1804/1739/2074 1831/1766/2104 1829/1764/2102
f 1832/1767/2105 1485/1420/1746 1484/1419/1745
f 1484/1419/1745 1430/1365/2106 1832/1767/2105
f 1449/1384/1710 1827/1762/2100 1830/1765/2103
f 1830/1765/2103 1829/1764/2102 1449/1384/1710
f 1638/1573/1900 1833/1768/2107 1834/1769/2108
f 1834/1769/2108 1835/1770/2109 1638/1573/1900
f 1836/1771/2110 1623/1558/1885 1622/1557/1884
f 1622/1557/1884 1637/1572/1899 1836/1771/2110
f 1837/1772/2111 1640/1575/1902 1838/1773/2112
f 1838/1773/2112 1839/1774/2113 1837/1772/2111
f 1833/1768/2107 1622/1557/1884 1642/1577/1904
f 1840/1775/2114 1841/1776/2115 1828/1763/2101
f 1828/1763/2101 1452/1387/1713 1840/1775/2114
f 1388/1323/1649 1406/1341/1667 1404/1339/1665
f 1404/1339/1665 1389/1324/1650 1388/1323/1649
f 1831/1766/2104 1804/1739/2074 1485/1420/1746
f 1485/1420/1746 1832/1767/2105 1831/1766/2104
f 1343/1278/1604 1342/1277/1603 1353/1288/1614
f 1353/1288/1614 1352/1287/1613 1343/1278/1604
f 1407/1342/1668 1392/1327/1653 1391/1326/1652
f 1391/1326/1652 1409/1344/1670 1407/1342/1668
f 1342/1277/1603 1823/1758/2096 1824/1759/2097
f 1824/1759/2097 1353/1288/1614 1342/1277/1603
f 1393/1328/1654 1392/1327/1653 1388/1323/1649
f 1388/1323/1649 1387/1322/1648 1393/1328/1654
f 1511/1446/1772 1343/1278/1604 1352/1287/1613
f 1352/1287/1613 1842/1777/2116 1511/1446/1772
f 1843/1778/2117 1844/1779/2118 1635/1570/1897
f 1635/1570/1897 1634/1569/1896 1843/1778/2117
f 1845/1780/2119 1846/1781/2120 1838/1773/2112
f 1838/1773/2112 1836/1771/2110 1845/1780/2119
f 1644/1579/1906 1620/1555/1882 1640/1575/1902
f 1640/1575/1902 1837/1772/2111 1644/1579/1906
f 1847/1782/2121 1848/1783/2122 1849/1784/2123
f 1849/1784/2123 1850/1785/2124 1847/1782/2121
f 1851/1786/2125 1852/1787/2126 1848/1783/2122
f 1848/1783/2122 1847/1782/2121 1851/1786/2125
f 1853/1788/2127 1854/1789/2128 1855/1790/2129
f 1855/1790/2129 1856/1791/2130 1853/1788/2127
f 1857/1792/2131 1858/1793/2132 1850/1785/2124
f 1850/1785/2124 1849/1784/2123 1857/1792/2131
f 1619/1554/1881 1618/1553/1880 1852/1787/2126
f 1852/1787/2126 1851/1786/2125 1619/1554/1881
f 1859/1794/2133 1860/1795/2134 1856/1791/2130
f 1856/1791/2130 1855/1790/2129 1859/1794/2133
f 1613/1548/1875 1861/1796/2135 1862/1797/2136
f 1862/1797/2136 1614/1549/1876 1613/1548/1875
f 1863/1798/2137 1612/1547/1874 1615/1550/1877
f 1615/1550/1877 1588/1523/1850 1863/1798/2137
f 1864/1799/2138 1435/1370/1696 1438/1373/1699
f 1438/1373/1699 1582/1517/1844 1864/1799/2138
f 1440/1375/1701 1864/1799/2138 1582/1517/1844
f 1582/1517/1844 1441/1376/1702 1440/1375/1701
f 1479/1414/1740 1439/1374/1700 1442/1377/1703
f 1442/1377/1703 1480/1415/1741 1479/1414/1740
f 1865/1800/2139 1866/1801/2140 540/540/553
f 540/540/553 539/539/552 1865/1800/2139
f 1865/1800/2139 1455/1390/1716 1454/1389/1715
f 1454/1389/1715 1866/1801/2140 1865/1800/2139
f 1866/1801/2140 1454/1389/1715 1477/1412/1738
f 1477/1412/1738 1867/1802/2141 1866/1801/2140
f 540/540/553 1866/1801/2140 1867/1802/2141
f 1867/1802/2141 543/543/556 540/540/553
f 1868/1803/2142 1869/1804/2143 1457/1392/1718
f 1457/1392/1718 1458/1393/1719 1868/1803/2142
f 1457/1392/1718 1869/1804/2143 1870/1805/2144
f 1870/1805/2144 1475/1410/1736 1457/1392/1718
f 547/547/560 1871/1806/2145 1580/1515/1842
f 1580/1515/1842 548/548/561 547/547/560
f 1872/1807/2146 1873/1808/2147 1583/1518/1845
f 1583/1518/1845 1581/1516/1843 1872/1807/2146
f 1874/1809/2148 1875/1810/2149 1585/1520/1847
f 1585/1520/1847 1584/1519/1846 1874/1809/2148
f 1876/1811/2150 1877/1812/2151 1587/1522/1849
f 1587/1522/1849 1586/1521/1848 1876/1811/2150
f 1478/1413/1739 1878/1813/2152 1561/1496/1823
f 1561/1496/1823 1560/1495/1822 1478/1413/1739
f 1456/1391/1717 1455/1390/1716 1435/1370/1696
f 1435/1370/1696 1864/1799/2138 1456/1391/1717
f 1458/1393/1719 1456/1391/1717 1864/1799/2138
f 1864/1799/2138 1440/1375/1701 1458/1393/1719
f 1879/1814/2153 1868/1803/2142 1439/1374/1700
f 1439/1374/1700 1479/1414/1740 1879/1814/2153
f 1436/1371/1697 1865/1800/2139 539/539/552
f 539/539/552 558/558/571 1436/1371/1697
f 1455/1390/1716 1865/1800/2139 1436/1371/1697
f 1436/1371/1697 1435/1370/1696 1455/1390/1716
f 1868/1803/2142 1458/1393/1719 1440/1375/1701
f 1440/1375/1701 1439/1374/1700 1868/1803/2142
f 1476/1411/1737 1475/1410/1736 1880/1815/2154
f 1880/1815/2154 1881/1816/2155 1476/1411/1737
f 1477/1412/1738 1476/1411/1737 1881/1816/2155
f 1881/1816/2155 1882/1817/2156 1477/1412/1738
f 1867/1802/2141 1477/1412/1738 1882/1817/2156
f 1882/1817/2156 1883/1818/2157 1867/1802/2141
f 1475/1410/1736 1870/1805/2144 1884/1819/2158
f 1884/1819/2158 1880/1815/2154 1475/1410/1736
f 1885/1820/2159 1886/1821/2160 1887/1822/2161
f 1887/1822/2161 1888/1823/2162 1885/1820/2159
f 1886/1821/2160 1889/1824/2163 1887/1822/2161
f 1870/1805/2144 1890/1825/2164 1891/1826/2165
f 1891/1826/2165 1884/1819/2158 1870/1805/2144
f 1892/1827/2166 1893/1356/2167 1894/1828/2166
f 1894/1828/2166 1895/1829/2168 1892/1827/2166
f 1896/1830/2169 1474/1409/1735 1473/1408/1734
f 1473/1408/1734 1890/1825/2170 1896/1830/2169
f 1878/1813/2152 1478/1413/1739 1481/1416/1742
f 1481/1416/1742 1889/1824/2171 1878/1813/2152
f 1560/1495/1822 1474/1409/1735 1896/1830/2169
f 1896/1830/2169 1879/1814/2153 1560/1495/1822
f 1479/1414/1740 1478/1413/1739 1560/1495/1822
f 1560/1495/1822 1879/1814/2153 1479/1414/1740
f 1897/1831/2172 1473/1408/1734 1472/1407/1733
f 1472/1407/1733 1898/1832/2173 1897/1831/2172
f 1897/1831/2172 1891/1826/2174 1890/1825/2170
f 1890/1825/2170 1473/1408/1734 1897/1831/2172
f 1869/1804/2143 1896/1830/2169 1890/1825/2164
f 1890/1825/2164 1870/1805/2144 1869/1804/2143
f 1814/1749/2086 1899/1833/2175 1900/1834/2176
f 1900/1834/2176 1811/1746/2083 1814/1749/2086
f 1817/1752/2089 1900/1834/2176 1899/1833/2175
f 1899/1833/2175 1818/1753/2090 1817/1752/2089
f 1515/1450/1776 1899/1833/2175 1509/1444/1770
f 1814/1749/2086 1813/1748/2085 1424/1359/1685
f 1424/1359/1685 1423/1358/1684 1814/1749/2086
f 1901/1835/2177 1424/1359/1685 1609/1544/1871
f 1609/1544/1871 1902/1836/2178 1901/1835/2177
f 1903/1837/2179 1815/1750/2087 1813/1748/2085
f 1813/1748/2085 1812/1747/2084 1903/1837/2179
f 1815/1750/2087 1424/1359/1685 1813/1748/2085
f 1610/1545/1872 1815/1750/2087 1903/1837/2179
f 1903/1837/2179 1904/1838/2180 1610/1545/1872
f 1816/1751/2088 1790/1725/2052 1819/1754/2091
f 1819/1754/2091 1790/1725/2052 1512/1447/1773
f 1821/1756/2093 1607/1542/1869 1905/1839/2181
f 1905/1839/2181 1607/1542/1869 1610/1545/1872
f 1610/1545/1872 1904/1838/2180 1905/1839/2181
f 1352/1287/1613 1356/1291/1617 1906/1840/2182
f 1906/1840/2182 1842/1777/2116 1352/1287/1613
f 1906/1840/2182 1356/1291/1617 1508/1443/1769
f 1907/1841/2183 1507/1442/1768 1345/1280/1606
f 1345/1280/1606 1336/1271/1597 1907/1841/2183
f 1423/1358/1684 1509/1444/1770 1899/1833/2175
f 1899/1833/2175 1814/1749/2086 1423/1358/1684
f 1513/1448/1774 1790/1725/2052 1514/1449/1775
f 1514/1449/1775 1790/1725/2052 1515/1450/1776
f 1648/1583/1910 1908/1842/2184 1909/1843/2185
f 1910/1844/2186 1641/1576/1903 1645/1580/1907
f 1645/1580/1907 1911/1845/2187 1910/1844/2186
f 1642/1577/1904 1641/1576/1903 1910/1844/2186
f 1910/1844/2186 1912/1846/2188 1642/1577/1904
f 1909/1843/2185 1908/1842/2184 1913/1847/2189
f 1913/1847/2189 1914/1848/2190 1909/1843/2185
f 1910/1844/2186 1911/1845/2187 1915/1849/2191
f 1915/1849/2191 1916/1850/2192 1910/1844/2186
f 1912/1846/2188 1910/1844/2186 1916/1850/2192
f 1916/1850/2192 1917/1851/2193 1912/1846/2188
f 1918/1852/2194 1919/1853/2195 1920/1854/2196
f 1920/1854/2196 1921/1855/2197 1918/1852/2194
f 1922/1856/2198 1923/1857/2199 1924/1858/2200
f 1924/1858/2200 1925/1859/2201 1922/1856/2198
f 1925/1859/2201 1926/1860/2202 1927/1861/2203
f 1927/1861/2203 1922/1856/2198 1925/1859/2201
f 1600/1535/1862 1599/1534/1861 1648/1583/1910
f 1648/1583/1910 1649/1584/1911 1600/1535/1862
f 1653/1588/1915 1601/1536/1863 1604/1539/1866
f 1604/1539/1866 1651/1586/1913 1653/1588/1915
f 1651/1586/1913 1605/1540/1867 1600/1535/1862
f 1600/1535/1862 1649/1584/1911 1651/1586/1913
f 1602/1537/2204 1601/1536/2205 1709/1644/1971
f 1709/1644/1971 1729/1664/1991 1602/1537/2204
f 1928/1862/2206 1929/1863/2207 1930/1864/2208
f 1930/1864/2208 1931/1865/2209 1928/1862/2206
f 1932/1866/2210 1933/1867/2211 1934/1868/2212
f 1935/1869/2213 1464/1399/2214 1936/1870/2214
f 1936/1870/2214 1937/1871/2215 1935/1869/2216
f 1938/1872/2217 1939/1873/2218 1940/1874/2219
f 1940/1874/2219 1501/1436/2220 1938/1872/2217
f 1501/1436/2220 1940/1874/2219 1941/1875/2221
f 1941/1875/2221 1502/1437/2222 1501/1436/2220
f 1516/1451/2223 1942/1876/2224 1943/1877/2225
f 1943/1877/2225 1944/1878/2226 1516/1451/2223
f 1945/1879/2227 1946/1880/2228 1947/1881/2229
f 1948/1882/2230 1949/1883/2231 1950/1884/2232
f 1950/1884/2232 1951/1885/2233 1948/1882/2230
f 1952/1886/2234 1928/1862/2206 1931/1865/2209
f 1931/1865/2209 1953/1887/2235 1952/1886/2234
f 1954/1888/2236 1955/1889/2237 1956/1890/2238
f 1956/1890/2238 1957/1891/2239 1954/1888/2236
f 1958/1892/2240 1959/1893/2241 1960/1894/2242
f 1961/1895/2243 1962/1896/2244 1963/1897/2245
f 1963/1897/2245 1964/1898/2246 1961/1895/2243
f 1946/1880/2228 1955/1889/2237 1954/1888/2236
f 1950/1884/2232 1945/1879/2227 1947/1881/2229
f 1947/1881/2229 1965/1899/2247 1950/1884/2232
f 1966/1900/2248 1948/1882/2230 1951/1885/2233
f 1951/1885/2233 1962/1896/2244 1966/1900/2248
f 1967/1901/2249 1968/1902/2250 1969/1903/2251
f 1969/1903/2251 1970/1904/2252 1967/1901/2249
f 1971/1905/2253 1972/1906/2254 1973/1907/2255
f 1936/1870/2256 1974/1908/2257 1937/1871/2258
f 1939/1873/2259 1975/1909/2260 1976/1910/2261
f 1976/1910/2261 1940/1874/2262 1939/1873/2259
f 1940/1874/2262 1976/1910/2261 1977/1911/2263
f 1977/1911/2263 1941/1875/2264 1940/1874/2262
f 1943/1877/2265 1977/1911/2263 1978/1912/2266
f 1978/1912/2266 1944/1878/2267 1943/1877/2265
f 1979/1913/2268 1980/1914/2269 1981/1915/2270
f 1982/1916/2271 1983/1917/2272 1930/1864/2208
f 1930/1864/2208 1929/1863/2207 1982/1916/2271
f 1960/1894/2242 1959/1893/2241 1984/1918/2273
f 1984/1918/2273 1985/1919/2274 1960/1894/2242
f 1986/1920/2275 1987/1921/2276 1988/1922/2277
f 1988/1922/2277 1989/1923/2278 1986/1920/2275
f 1424/1359/1685 1901/1835/2177 1990/1924/2279
f 1990/1924/2279 1991/1925/2280 1424/1359/1685
f 1422/1357/1683 1992/1926/2281 1420/1355/1681
f 1420/1355/1681 1382/1317/1643 1993/1927/2282
f 1379/1314/1640 675/674/704 674/673/703
f 674/673/703 1994/1928/2283 1379/1314/1640
f 1380/1315/1641 1379/1314/1640 1994/1928/2283
f 1994/1928/2283 1995/1929/2284 1380/1315/1641
f 1382/1317/1643 1380/1315/1641 1995/1929/2284
f 1995/1929/2284 1993/1927/2282 1382/1317/1643
f 1902/1836/2178 1609/1544/1871 1608/1543/1870
f 1351/1286/1612 20/20/20 678/677/707
f 678/677/707 1996/1930/2285 1351/1286/1612
f 1349/1284/1610 1351/1286/1612 1996/1930/2285
f 1996/1930/2285 1997/1931/2286 1349/1284/1610
f 1346/1281/1607 1349/1284/1610 1997/1931/2286
f 1997/1931/2286 1998/1932/2287 1346/1281/1607
f 1337/1272/1598 1333/1268/1594 1608/1543/1870
f 1608/1543/1870 1607/1542/1869 1337/1272/1598
f 1346/1281/1607 1335/1270/1596 1334/1269/1595
f 1333/1268/1594 1336/1271/1597 1334/1269/1595
f 1336/1271/1597 1338/1273/1599 1907/1841/2183
f 1998/1932/2287 1335/1270/1596 1346/1281/1607
f 1902/1836/2178 1608/1543/1870 1999/1933/2288
f 2000/1934/2289 2001/1935/2290 1333/1268/1594
f 2002/1936/2291 2003/1937/2292 1382/1317/1643
f 2003/1937/2292 2004/1938/2293 1382/1317/1643
f 1999/1933/2288 1608/1543/1870 2005/1939/2294
f 2006/1940/2295 1382/1317/1643 1992/1926/2281
f 2002/1936/2291 1382/1317/1643 2006/1940/2295
f 2005/1939/2294 1608/1543/1870 1333/1268/1594
f 2000/1934/2289 1333/1268/1594 1335/1270/1596
f 1382/1317/1643 2004/1938/2293 2007/1941/2296
f 2005/1939/2294 1333/1268/1594 2001/1935/2290
f 1382/1317/1643 2008/1942/2297 1381/1316/1642
f 1382/1317/1643 2007/1941/2296 2008/1942/2297
f 2009/1943/2298 1335/1270/1596 1998/1932/2287
f 2010/1944/2299 1335/1270/1596 2009/1943/2298
f 2000/1934/2289 1335/1270/1596 2010/1944/2299
f 2011/1945/2300 2012/1946/2301 2013/1947/2302
f 2013/1947/2302 2014/1948/2303 2011/1945/2300
f 2015/1949/2304 2016/1950/2305 2012/1946/2301
f 2012/1946/2301 2011/1945/2300 2015/1949/2304
f 2016/1950/2305 2015/1949/2304 2017/1951/2306
f 2016/1950/2305 2018/1952/2307 2019/1953/2308
f 2016/1950/2305 2020/1954/2309 2018/1952/2307
f 2016/1950/2305 2021/1955/2310 2020/1954/2309
f 2016/1950/2305 2022/1956/2311 2021/1955/2310
f 2016/1950/2305 2017/1951/2306 2022/1956/2311
f 2023/1957/2312 708/707/737 707/706/736
f 707/706/736 2024/1958/2313 2023/1957/2312
f 2024/1958/2313 2025/1959/2314 2026/1960/2315
f 2026/1960/2315 2023/1957/2312 2024/1958/2313
f 2025/1959/2314 2027/1961/2316 2028/1962/2317
f 2028/1962/2317 2026/1960/2315 2025/1959/2314
f 2028/1962/2317 2027/1961/2316 2029/1963/2318
f 2030/1964/2319 2027/1961/2316 2031/1965/2320
f 2032/1966/2321 2027/1961/2316 2033/1967/2322
f 2034/1968/2323 2027/1961/2316 2032/1966/2321
f 2035/1969/2324 2027/1961/2316 2034/1968/2323
f 2029/1963/2318 2027/1961/2316 2035/1969/2324
f 2036/1960/2325 2037/1945/2326 2038/1948/2327
f 2038/1948/2327 2039/1957/2328 2036/1960/2325
f 2040/1962/2329 2041/1949/2330 2037/1945/2326
f 2037/1945/2326 2036/1960/2325 2040/1962/2329
f 2042/1963/2331 2043/1951/2332 2041/1949/2330
f 2041/1949/2330 2040/1962/2329 2042/1963/2331
f 2044/1953/2333 2045/1952/2334 2046/1970/2335
f 2046/1970/2335 2047/1971/2336 2044/1953/2333
f 2046/1970/2335 2045/1952/2334 2048/1954/2337
f 2048/1954/2337 2049/1972/2338 2046/1970/2335
f 2049/1972/2338 2048/1954/2337 2050/1955/2339
f 2050/1955/2339 2051/1973/2340 2049/1972/2338
f 2051/1973/2340 2050/1955/2339 2052/1956/2341
f 2052/1956/2341 2053/1974/2342 2051/1973/2340
f 2053/1974/2342 2052/1956/2341 2043/1951/2332
f 2043/1951/2332 2042/1963/2331 2053/1974/2342
f 1425/1360/1686 1991/1925/2280 1809/1744/2079
f 1809/1744/2079 1571/1506/1833 1425/1360/1686
f 2054/1975/2343 1611/1546/1873 1810/1745/2080
f 1810/1745/2080 1809/1744/2079 2055/1976/2344
f 2055/1976/2344 2056/1977/2345 1810/1745/2080
f 2056/1977/2345 2057/1978/2346 2054/1975/2343
f 2054/1975/2343 1810/1745/2080 2056/1977/2345
f 1424/1359/1685 1991/1925/2280 1425/1360/1686
f 1990/1924/2279 2055/1976/2344 1809/1744/2079
f 1809/1744/2079 1991/1925/2280 1990/1924/2279
f 2058/1979/2347 2059/1980/2348 1862/1797/2136
f 1862/1797/2136 1861/1796/2135 2058/1979/2347
f 2059/1980/2348 2058/1979/2347 1860/1795/2134
f 1860/1795/2134 1859/1794/2133 2059/1980/2348
f 2060/1981/2349 2061/1982/2350 2062/1983/2351
f 1422/1357/1683 1421/1356/1682 2063/1827/2352
f 1422/1357/1683 2063/1827/2352 2064/1984/2353
f 2064/1984/2353 2065/1985/2354 2066/1986/2355
f 1422/1357/1683 2064/1984/2353 2066/1986/2355
f 2027/1961/2316 2030/1964/2319 2033/1967/2322
f 1420/1355/1681 1992/1926/2281 1382/1317/1643
f 2067/1958/2356 2068/1987/2357 2069/1988/2358
f 2069/1988/2358 2070/1959/2359 2067/1958/2356
f 2070/1959/2359 2069/1988/2358 2071/1989/2360
f 2071/1989/2360 2072/1961/2361 2070/1959/2359
f 2072/1961/2361 2071/1989/2360 2073/1990/2362
f 2074/1991/2363 2075/1992/2364 2061/1982/2350
f 1885/1820/2159 1888/1823/2162 2076/1993/2365
f 2076/1993/2365 2077/1994/2366 1885/1820/2159
f 2078/1995/2367 2077/1994/2366 2079/1996/2368
f 2072/1961/2361 2073/1990/2362 2080/1997/2369
f 2081/1930/2370 2082/1998/2371 2083/1999/2372
f 2083/1999/2372 2084/1931/2373 2081/1930/2370
f 2084/1931/2373 2083/1999/2372 2085/2000/2374
f 2085/2000/2374 2086/1932/2375 2084/1931/2373
f 2086/1932/2375 2085/2000/2374 2087/2001/2376
f 2087/2001/2376 2088/1943/2377 2086/1932/2375
f 2088/1943/2377 2087/2001/2376 2089/2002/2378
f 2089/2002/2378 2090/1944/2379 2088/1943/2377
f 2090/1944/2379 2089/2002/2378 2091/2003/2380
f 2091/2003/2380 2092/1934/2381 2090/1944/2379
f 2092/1934/2381 2091/2003/2380 2093/2004/2382
f 2093/2004/2382 2094/1935/2383 2092/1934/2381
f 2094/1935/2383 2093/2004/2382 2095/2005/2384
f 2095/2005/2384 2096/1939/2385 2094/1935/2383
f 2096/1939/2385 2095/2005/2384 2097/2006/2386
f 2097/2006/2386 2098/1933/2387 2096/1939/2385
f 2098/1933/2387 2097/2006/2386 2099/2007/2388
f 2099/2007/2388 2100/1836/2389 2098/1933/2387
f 2100/1836/2389 2099/2007/2388 2101/2008/2390
f 2101/2008/2390 2102/1835/2391 2100/1836/2389
f 2102/1835/2391 2101/2008/2390 2103/2009/2392
f 2103/2009/2392 2104/1924/2393 2102/1835/2391
f 2104/1924/2393 2103/2009/2392 2105/2010/2394
f 2105/2010/2394 2106/1976/2395 2104/1924/2393
f 2106/1976/2395 2105/2010/2394 2107/2011/2396
f 2107/2011/2396 2108/1977/2397 2106/1976/2395
f 2109/1978/2398 2108/1977/2397 2107/2011/2396
f 2107/2011/2396 2110/2012/2399 2109/1978/2398
f 2111/2013/2400 2110/2012/2401 2112/2014/2400
f 2112/2014/2402 2113/1996/2403 2111/2013/2404
f 2113/1996/2405 2112/2014/2406 2114/2015/2405
f 2114/2015/2407 2115/2016/2408 2113/1996/2407
f 2116/1982/2409 2117/2017/2410 2118/2018/2411
f 2118/2018/2411 2119/1991/2412 2116/1982/2409
f 2120/1997/2413 2118/2018/2414 2117/2017/2413
f 2117/2017/2413 2121/1965/2415 2120/1997/2413
f 2122/1828/2416 2114/2015/2417 2112/2014/2418
f 2112/2014/2418 2123/1829/2419 2122/1828/2416
f 2123/1829/2420 2112/2014/2421 2110/2012/2422
f 2110/2012/2423 2124/1827/2424 2123/1829/2425
f 2124/1827/2424 2110/2012/2423 2107/2011/2426
f 2107/2011/2426 2125/1984/2427 2124/1827/2424
f 2125/1984/2427 2107/2011/2426 2105/2010/2428
f 2105/2010/2428 2126/1985/2429 2125/1984/2427
f 2126/1985/2429 2105/2010/2428 2103/2009/2430
f 2103/2009/2430 2127/1986/2431 2126/1985/2429
f 2127/1986/2431 2103/2009/2430 2101/2008/2432
f 2101/2008/2432 2128/1357/2433 2127/1986/2431
f 2128/1357/2433 2101/2008/2432 2099/2007/2434
f 2099/2007/2434 2129/1926/2435 2128/1357/2433
f 2129/1926/2435 2099/2007/2434 2097/2006/2436
f 2097/2006/2436 2130/1940/2437 2129/1926/2435
f 2130/1940/2437 2097/2006/2436 2095/2005/2438
f 2095/2005/2438 2131/1936/2439 2130/1940/2437
f 2131/1936/2439 2095/2005/2438 2093/2004/2440
f 2093/2004/2440 2132/1937/2441 2131/1936/2439
f 2132/1937/2441 2093/2004/2440 2091/2003/2442
f 2091/2003/2442 2133/1938/2443 2132/1937/2441
f 2133/1938/2443 2091/2003/2442 2089/2002/2444
f 2089/2002/2444 2134/1941/2445 2133/1938/2443
f 2134/1941/2445 2089/2002/2444 2087/2001/2446
f 2087/2001/2446 2135/1942/2447 2134/1941/2445
f 2135/1942/2447 2087/2001/2446 2085/2000/2448
f 2085/2000/2448 2136/1316/2449 2135/1942/2447
f 2136/1316/2449 2085/2000/2448 2083/1999/2450
f 2083/1999/2450 2137/1312/2451 2136/1316/2449
f 2137/1312/2451 2083/1999/2450 2082/1998/2452
f 2082/1998/2452 2138/1313/2453 2137/1312/2451
f 823/768/876 2138/1313/2453 2082/1998/2452
f 2082/1998/2452 824/769/877 823/768/876
f 2072/1961/2361 2080/1997/2369 2139/1965/2454
f 2140/2019/2455 1753/1688/2015 1773/1708/2035
f 2141/2020/2456 2142/2021/2457 1680/1615/1942
f 1680/1615/1942 1679/1614/1941 2141/2020/2456
f 2143/2022/2458 1772/1707/2459 1771/1706/2460
f 1771/1706/2460 2144/2023/2461 2143/2022/2458
f 2145/2024/2462 1773/1708/2463 1772/1707/2459
f 1772/1707/2459 2143/2022/2458 2145/2024/2462
f 2146/2025/2464 1778/1713/2465 1777/1712/2466
f 1777/1712/2466 2147/2026/2467 2146/2025/2464
f 1770/1705/2032 1769/1704/2031 2148/2027/2468
f 2148/2027/2468 1777/1712/2039 1770/1705/2032
f 2149/2028/2469 2150/2029/2470 1758/1693/2020
f 1687/1622/1949 1743/1678/2005 1758/1693/2020
f 1758/1693/2020 1775/1710/2037 1687/1622/1949
f 2151/2030/2471 1766/1701/2028 1765/1700/2027
f 1765/1700/2027 2152/2031/2472 2151/2030/2471
f 1776/1711/2038 1775/1710/2037 1764/1699/2026
f 1764/1699/2026 1763/1698/2025 1776/1711/2038
f 2153/2032/2473 2154/2033/2474 2155/2034/2475
f 2156/2035/2476 2157/2036/2477 2158/2037/2478
f 2158/2037/2478 1757/1692/2019 2156/2035/2476
f 2159/2038/2479 2160/2039/2480 2161/2040/2481
f 2152/2031/2472 2162/2041/2482 2163/2042/2483
f 1758/1693/2020 2150/2029/2470 2164/2043/2484
f 2165/2044/2485 2166/2045/2486 2167/2046/2487
f 1757/1692/2019 2168/2047/2488 2149/2028/2469
f 1757/1692/2019 2169/2048/2489 2168/2047/2488
f 2170/2049/2490 2156/2035/2476 2171/2050/2491
f 2157/2036/2477 2156/2035/2476 2170/2049/2490
f 1757/1692/2019 2158/2037/2478 2169/2048/2489
f 2172/2051/2492 1775/1710/2037 2173/2052/2493
f 2174/2053/2494 1764/1699/2026 2175/2054/2495
f 2153/2032/2473 1764/1699/2026 2174/2053/2494
f 2153/2032/2473 2155/2034/2475 1764/1699/2026
f 2170/2049/2490 2171/2050/2491 2176/2055/2496
f 2171/2050/2491 2156/2035/2476 2161/2040/2481
f 2161/2040/2481 2177/2056/2497 2171/2050/2491
f 1764/1699/2026 2155/2034/2475 1765/1700/2027
f 2175/2054/2495 1764/1699/2026 1775/1710/2037
f 1775/1710/2037 2172/2051/2492 2175/2054/2495
f 2152/2031/2472 1765/1700/2027 2178/2057/2498
f 2178/2057/2498 2162/2041/2482 2152/2031/2472
f 1765/1700/2027 2155/2034/2475 2178/2057/2498
f 2177/2056/2497 2161/2040/2481 2160/2039/2480
f 2179/2058/2499 2159/2038/2479 2161/2040/2481
f 2179/2058/2499 2180/2059/2500 2159/2038/2479
f 2152/2031/2472 2180/2059/2500 2179/2058/2499
f 2152/2031/2472 2163/2042/2483 2180/2059/2500
f 1755/1690/2017 1754/1689/2016 1760/1695/2022
f 1760/1695/2022 1759/1694/2021 1755/1690/2017
f 1757/1692/2019 1756/1691/2018 2156/2035/2476
f 1775/1710/2037 2164/2043/2484 2173/2052/2493
f 1757/1692/2019 2149/2028/2469 1758/1693/2020
f 1758/1693/2020 2164/2043/2484 1775/1710/2037
f 2168/2047/2488 2181/2060/2501 2182/2061/2502
f 2182/2061/2502 2149/2028/2469 2168/2047/2488
f 2149/2028/2469 2182/2061/2502 2183/2062/2503
f 2183/2062/2503 2150/2029/2470 2149/2028/2469
f 2150/2029/2470 2183/2062/2503 2184/2063/2504
f 2184/2063/2504 2164/2043/2484 2150/2029/2470
f 2164/2043/2484 2184/2063/2504 2185/2064/2505
f 2185/2064/2505 2173/2052/2493 2164/2043/2484
f 2173/2052/2493 2185/2064/2505 2186/2065/2506
f 2186/2065/2506 2172/2051/2492 2173/2052/2493
f 2172/2051/2492 2186/2065/2506 2187/2066/2507
f 2187/2066/2507 2175/2054/2495 2172/2051/2492
f 2175/2054/2495 2187/2066/2507 2188/2067/2508
f 2188/2067/2508 2174/2053/2494 2175/2054/2495
f 2174/2053/2494 2188/2067/2508 2189/2068/2509
f 2189/2068/2509 2153/2032/2473 2174/2053/2494
f 2153/2032/2473 2189/2068/2509 2190/2069/2510
f 2190/2069/2510 2154/2033/2474 2153/2032/2473
f 2154/2033/2474 2190/2069/2510 2191/2070/2511
f 2191/2070/2511 2155/2034/2475 2154/2033/2474
f 2155/2034/2475 2191/2070/2511 2192/2071/2512
f 2192/2071/2512 2178/2057/2498 2155/2034/2475
f 2178/2057/2498 2192/2071/2512 2193/2072/2513
f 2193/2072/2513 2162/2041/2482 2178/2057/2498
f 2162/2041/2482 2193/2072/2513 2194/2073/2514
f 2194/2073/2514 2163/2042/2483 2162/2041/2482
f 2163/2042/2483 2194/2073/2514 2195/2074/2515
f 2195/2074/2515 2180/2059/2500 2163/2042/2483
f 2180/2059/2500 2195/2074/2515 2196/2075/2516
f 2196/2075/2516 2159/2038/2479 2180/2059/2500
f 2159/2038/2479 2196/2075/2516 2197/2076/2517
f 2197/2076/2517 2160/2039/2480 2159/2038/2479
f 2160/2039/2480 2197/2076/2517 2198/2077/2518
f 2198/2077/2518 2177/2056/2497 2160/2039/2480
f 2177/2056/2497 2198/2077/2518 2199/2078/2519
f 2199/2078/2519 2171/2050/2491 2177/2056/2497
f 2171/2050/2491 2199/2078/2519 2200/2079/2520
f 2200/2079/2520 2176/2055/2496 2171/2050/2491
f 2176/2055/2496 2200/2079/2520 2201/2080/2521
f 2201/2080/2521 2170/2049/2490 2176/2055/2496
f 2170/2049/2490 2201/2080/2521 2202/2081/2522
f 2202/2081/2522 2157/2036/2477 2170/2049/2490
f 2157/2036/2477 2202/2081/2522 2203/2082/2523
f 2203/2082/2523 2158/2037/2478 2157/2036/2477
f 2158/2037/2478 2203/2082/2523 2204/2083/2524
f 2204/2083/2524 2169/2048/2489 2158/2037/2478
f 2169/2048/2489 2204/2083/2524 2181/2060/2501
f 2181/2060/2501 2168/2047/2488 2169/2048/2489
f 2181/2060/2525 2205/2084/2526 2206/2085/2527
f 2206/2085/2527 2182/2061/2528 2181/2060/2525
f 2182/2061/2528 2206/2085/2527 2207/2086/2529
f 2207/2086/2529 2183/2062/2530 2182/2061/2528
f 2183/2062/2530 2207/2086/2529 2208/2087/2531
f 2208/2087/2531 2184/2063/2532 2183/2062/2530
f 2184/2063/2532 2208/2087/2531 2209/2088/2533
f 2209/2088/2533 2185/2064/2534 2184/2063/2532
f 2185/2064/2534 2209/2088/2533 2210/2089/2535
f 2210/2089/2535 2186/2065/2536 2185/2064/2534
f 2186/2065/2536 2210/2089/2535 2211/2090/2537
f 2211/2090/2537 2187/2066/2538 2186/2065/2536
f 2187/2066/2538 2211/2090/2537 2212/2091/2539
f 2212/2091/2539 2188/2067/2540 2187/2066/2538
f 2188/2067/2540 2212/2091/2539 2213/2092/2541
f 2213/2092/2541 2189/2068/2542 2188/2067/2540
f 2189/2068/2542 2213/2092/2541 2214/2093/2543
f 2214/2093/2544 2190/2069/2545 2189/2068/2542
f 2190/2069/2546 2214/2093/2547 2215/2094/2548
f 2215/2094/2548 2191/2070/2549 2190/2069/2546
f 2191/2070/2549 2215/2094/2548 2216/2095/2550
f 2216/2095/2550 2192/2071/2551 2191/2070/2549
f 2192/2071/2551 2216/2095/2550 2166/2045/2552
f 2166/2045/2552 2193/2072/2553 2192/2071/2551
f 2193/2072/2553 2166/2045/2552 2165/2044/2554
f 2165/2044/2554 2194/2073/2555 2193/2072/2553
f 2194/2073/2555 2165/2044/2554 2217/2096/2556
f 2217/2096/2556 2195/2074/2557 2194/2073/2555
f 2195/2074/2557 2217/2096/2556 2218/2097/2558
f 2218/2097/2558 2196/2075/2559 2195/2074/2557
f 2196/2075/2559 2218/2097/2558 2219/2098/2560
f 2219/2098/2560 2197/2076/2561 2196/2075/2559
f 2197/2076/2561 2219/2098/2560 2220/2099/2562
f 2220/2099/2562 2198/2077/2563 2197/2076/2561
f 2198/2077/2563 2220/2099/2562 2221/2100/2564
f 2221/2100/2564 2199/2078/2565 2198/2077/2563
f 2199/2078/2565 2221/2100/2564 2222/2101/2566
f 2222/2101/2566 2200/2079/2567 2199/2078/2565
f 2200/2079/2568 2222/2101/2569 2223/2102/2570
f 2223/2102/2570 2201/2080/2571 2200/2079/2568
f 2201/2080/2571 2223/2102/2570 2224/2103/2572
f 2224/2103/2572 2202/2081/2573 2201/2080/2571
f 2202/2081/2573 2224/2103/2572 2225/2104/2574
f 2225/2104/2574 2203/2082/2575 2202/2081/2573
f 2203/2082/2575 2225/2104/2574 2226/2105/2576
f 2226/2105/2576 2204/2083/2577 2203/2082/2575
f 2204/2083/2577 2226/2105/2576 2205/2084/2526
f 2205/2084/2526 2181/2060/2525 2204/2083/2577
f 2218/2097/2578 2217/2096/2579 2227/2106/2580
f 2227/2106/2580 2228/2107/2581 2218/2097/2578
f 2165/2044/2485 2167/2046/2487 2227/2106/2580
f 2227/2106/2580 2217/2096/2579 2165/2044/2485
f 2218/2097/2578 2228/2107/2581 2219/2098/2582
f 2221/2100/2583 2228/2107/2581 2222/2101/2584
f 2219/2098/2582 2228/2107/2581 2220/2099/2585
f 2220/2099/2585 2228/2107/2581 2221/2100/2583
f 2167/2046/2487 2215/2094/2586 2214/2093/2587
f 2167/2046/2487 2166/2045/2486 2216/2095/2588
f 2167/2046/2487 2216/2095/2588 2215/2094/2586
f 2229/2108/2589 2230/2109/2590 1722/1657/2591
f 1722/1657/2591 1724/1659/2592 2229/2108/2589
f 2231/2110/2593 1935/1869/2216 1937/1871/2215
f 1937/1871/2215 2232/2111/2594 2231/2110/2593
f 1952/1886/2234 1953/1887/2235 1933/1867/2211
f 1933/1867/2211 2233/2112/2595 1952/1886/2234
f 1463/1398/1724 1466/1401/1727 1563/1498/1825
f 1563/1498/1825 1562/1497/1824 1463/1398/1724
f 1933/1867/2211 1932/1866/2210 2234/2113/2596
f 2233/2112/2595 1933/1867/2211 2235/2114/2597
f 2235/2114/2597 2236/2115/2598 2233/2112/2595
f 1933/1867/2211 1953/1887/2235 1934/1868/2212
f 1953/1887/2235 1931/1865/2209 2237/2116/2599
f 1931/1865/2209 1930/1864/2208 2238/2117/2600
f 1972/1906/2254 2239/2118/2601 2240/2119/2602
f 2240/2119/2602 2241/2120/2603 1972/1906/2254
f 1931/1865/2209 2238/2117/2600 2242/2121/2209
f 2238/2117/2600 1930/1864/2208 2243/2122/2604
f 1953/1887/2235 2237/2116/2599 2244/2123/2605
f 2237/2116/2599 1931/1865/2209 2242/2121/2209
f 1934/1868/2212 1953/1887/2235 2244/2123/2605
f 1935/1869/2606 1805/1740/2075 1465/1400/1726
f 1465/1400/1726 1464/1399/2607 1935/1869/2606
f 1517/1452/2608 1516/1451/2223 1944/1878/2226
f 1944/1878/2609 2245/2124/2608 1517/1452/2608
f 1575/1510/1837 1536/1471/1820 1794/1729/2056
f 1794/1729/2056 1579/1514/1841 1575/1510/1837
f 1957/1891/2239 1956/1890/2238 1981/1915/2270
f 1981/1915/2270 2246/2125/2610 1957/1891/2239
f 2247/2126/2611 2248/2127/2612 1979/1913/2268
f 1979/1913/2268 1981/1915/2270 2247/2126/2611
f 2247/2126/2611 1981/1915/2270 1956/1890/2238
f 1956/1890/2238 2249/2128/2613 2247/2126/2611
f 2249/2128/2613 1956/1890/2238 1955/1889/2237
f 1955/1889/2237 2250/2129/2614 2249/2128/2613
f 1955/1889/2237 1946/1880/2228 2251/2130/2228
f 2251/2130/2228 2250/2129/2614 1955/1889/2237
f 2252/2131/2615 1963/1897/2245 1962/1896/2244
f 1962/1896/2244 1951/1885/2233 2252/2131/2615
f 1951/1885/2233 1950/1884/2232 1965/1899/2247
f 1965/1899/2247 2252/2131/2615 1951/1885/2233
f 1962/1896/2244 1961/1895/2243 2253/2132/2616
f 2253/2132/2616 1966/1900/2248 1962/1896/2244
f 1944/1878/2267 1978/1912/2266 2245/2124/2617
f 1981/1915/2270 1980/1914/2618 2246/2125/2610
f 1942/1876/2619 1516/1451/1777 1519/1454/1780
f 1519/1454/1780 2254/2133/2620 1942/1876/2619
f 1937/1871/2258 1974/1908/2257 1975/1909/2260
f 1975/1909/2260 2232/2111/2621 1937/1871/2258
f 1933/1867/2211 2234/2113/2622 2235/2114/2597
f 1400/1335/1661 1427/1362/2094 1430/1365/2106
f 1430/1365/2106 1484/1419/1745 1400/1335/1661
f 1827/1762/2100 1449/1384/1710 1452/1387/1713
f 1452/1387/1713 1828/1763/2101 1827/1762/2100
f 1833/1768/2107 1638/1573/1900 1637/1572/1899
f 1637/1572/1899 1622/1557/1884 1833/1768/2107
f 1406/1341/1667 1787/1722/2049 1786/1721/2048
f 1786/1721/2048 1404/1339/1665 1406/1341/1667
f 1428/1363/1689 1427/1362/1688 1822/1757/2623
f 1822/1757/2623 1514/1449/1775 1428/1363/1689
f 1514/1449/1775 1822/1757/2623 1786/1721/2048
f 1786/1721/2048 1513/1448/1774 1514/1449/1775
f 1341/1276/1602 1787/1722/2049 1823/1758/2096
f 1823/1758/2096 1342/1277/1603 1341/1276/1602
f 1353/1288/1614 1824/1759/2097 1825/1760/2098
f 1825/1760/2098 1354/1289/1615 1353/1288/1614
f 1354/1289/1615 1825/1760/2098 1826/1761/2099
f 1826/1761/2099 1363/1298/1624 1354/1289/1615
f 1462/1397/1723 1829/1764/2102 1831/1766/2104
f 1831/1766/2104 1459/1394/1720 1462/1397/1723
f 1483/1418/1744 1832/1767/2105 1430/1365/1691
f 1430/1365/1691 1429/1364/1690 1483/1418/1744
f 1450/1385/1711 1449/1384/1710 1829/1764/2102
f 1829/1764/2102 1462/1397/1723 1450/1385/1711
f 1639/1574/1901 1638/1573/1900 1835/1770/2109
f 1835/1770/2109 1596/1531/1858 1639/1574/1901
f 1845/1780/2119 1836/1771/2110 1637/1572/1899
f 1637/1572/1899 1636/1571/1898 1845/1780/2119
f 1839/1774/2113 1838/1773/2112 1846/1781/2120
f 1846/1781/2120 2255/2134/2624 1839/1774/2113
f 1593/1528/1855 1840/1775/2114 1452/1387/1713
f 1452/1387/1713 1451/1386/1712 1593/1528/1855
f 1459/1394/1720 1831/1766/2104 1832/1767/2105
f 1832/1767/2105 1483/1418/1744 1459/1394/1720
f 1409/1344/1670 1824/1759/2097 1823/1758/2096
f 1823/1758/2096 1407/1342/1668 1409/1344/1670
f 1836/1771/2110 1838/1773/2112 1640/1575/1902
f 1640/1575/1902 1623/1558/1885 1836/1771/2110
f 1466/1401/1727 1465/1400/1726 1804/1739/2074
f 1827/1762/2100 1564/1499/1826 1563/1498/1825
f 1563/1498/1825 1830/1765/2103 1827/1762/2100
f 1833/1768/2107 1642/1577/1904 1590/1525/1852
f 1590/1525/1852 1834/1769/2108 1833/1768/2107
f 1841/1776/2115 1589/1524/1851 1689/1624/1951
f 1689/1624/1951 1828/1763/2101 1841/1776/2115
f 1565/1500/1827 1564/1499/1826 1689/1624/1951
f 1689/1624/1951 1688/1623/1950 1565/1500/1827
f 1830/1765/2103 1563/1498/1825 1466/1401/1727
f 1466/1401/1727 1804/1739/2074 1830/1765/2103
f 1504/1439/1765 1503/1438/1764 1808/1743/2078
f 1808/1743/2078 1488/1423/1749 1504/1439/1765
f 1519/1454/1780 1518/1453/1779 1559/1494/1821
f 1806/1741/2076 1805/1740/2075 1935/1869/2606
f 1935/1869/2606 2231/2110/2625 1806/1741/2076
f 1504/1439/1765 1807/1742/2077 1938/1872/2626
f 1938/1872/2626 1501/1436/1762 1504/1439/1765
f 1465/1400/1726 1805/1740/2075 1486/1421/1747
f 1808/1743/2078 2254/2133/2620 1519/1454/1780
f 1519/1454/1780 1559/1494/1821 1808/1743/2078
f 1531/1466/1792 1530/1465/1791 1557/1492/1818
f 1557/1492/1818 1532/1467/1793 1531/1466/1792
f 1528/1463/1789 1531/1466/1792 1558/1493/1819
f 1558/1493/1819 1792/1727/2054 1528/1463/1789
f 1575/1510/1837 1579/1514/1841 1578/1513/1840
f 1578/1513/1840 1572/1507/1834 1575/1510/1837
f 2256/2135/2627 1599/1534/1861 1598/1533/1860
f 1598/1533/1860 2257/2136/2628 2256/2135/2627
f 1694/1629/1956 1693/1628/1955 2258/2137/2629
f 2258/2137/2629 2259/2138/2630 1694/1629/1956
f 1693/1628/1955 1530/1465/1791 1529/1464/1790
f 1529/1464/1790 2258/2137/2629 1693/1628/1955
f 1572/1507/1834 1578/1513/1840 1558/1493/1819
f 1558/1493/1819 1535/1470/1796 1572/1507/1834
f 1598/1533/1860 1694/1629/1956 2259/2138/2630
f 2259/2138/2630 2257/2136/2628 1598/1533/1860
f 1648/1583/1910 1599/1534/1861 2256/2135/2627
f 1579/1514/1841 1794/1729/2056 2260/2139/2631
f 2260/2139/2631 1576/1511/1838 1579/1514/1841
f 1517/1452/1778 2260/2139/2631 1794/1729/2056
f 1794/1729/2056 1518/1453/1779 1517/1452/1778
f 2251/2130/2228 1946/1880/2228 1945/1879/2227
f 1945/1879/2227 2261/2140/2632 2251/2130/2228
f 2261/2140/2632 1945/1879/2227 1950/1884/2232
f 1950/1884/2232 1949/1883/2231 2261/2140/2632
f 1972/1906/2254 1971/1905/2253 2239/2118/2601
f 1642/1577/1904 1912/1846/2188 2262/2141/2633
f 2262/2141/2633 1912/1846/2188 1917/1851/2193
f 1917/1851/2193 2263/2142/2634 2262/2141/2633
f 2264/2143/2635 1927/1861/2203 1926/1860/2202
f 1926/1860/2202 2265/2144/2636 2264/2143/2635
f 1972/1906/2254 2241/2120/2603 1983/1917/2272
f 1930/1864/2208 1983/1917/2272 2241/2120/2603
f 2243/2122/2604 1930/1864/2208 2241/2120/2603
f 1969/1903/2251 2243/2122/2604 2241/2120/2603
f 1969/1903/2251 1968/1902/2250 2243/2122/2604
f 1911/1845/2187 1645/1580/1907 1648/1583/1910
f 1648/1583/1910 1909/1843/2185 1911/1845/2187
f 1909/1843/2185 1914/1848/2190 1915/1849/2191
f 1915/1849/2191 1911/1845/2187 1909/1843/2185
f 1923/1857/2199 1920/1854/2196 1919/1853/2195
f 1919/1853/2195 1924/1858/2200 1923/1857/2199
f 1986/1920/2275 1961/1895/2243 1964/1898/2246
f 1986/1920/2275 1989/1923/2278 1961/1895/2243
f 1984/1918/2273 1959/1893/2241 1961/1895/2243
f 1961/1895/2243 1959/1893/2241 2266/2145/2637
f 2266/2145/2637 2253/2132/2616 1961/1895/2243
f 1959/1893/2241 1958/1892/2240 2266/2145/2637
f 1591/1526/1853 1590/1525/1852 1642/1577/1904
f 1835/1770/2109 1834/1769/2108 1841/1776/2115
f 1841/1776/2115 1840/1775/2114 1835/1770/2109
f 1983/1917/2272 1982/1916/2271 1973/1907/2255
f 1973/1907/2255 1972/1906/2254 1983/1917/2272
f 1596/1531/1858 1835/1770/2109 1840/1775/2114
f 1840/1775/2114 1593/1528/1855 1596/1531/1858
f 1834/1769/2108 1590/1525/1852 1589/1524/1851
f 1589/1524/1851 1841/1776/2115 1834/1769/2108
f 1596/1531/1858 1595/1530/1857 2267/2146/2638
f 2267/2146/2638 1639/1574/1901 1596/1531/1858
f 1858/1793/2132 1857/1792/2131 1854/1789/2128
f 1854/1789/2128 1853/1788/2127 1858/1793/2132
f 1989/1923/2278 1984/1918/2273 1961/1895/2243
f 1915/1849/2191 1914/1848/2190 1920/1854/2196
f 1920/1854/2196 1923/1857/2199 1915/1849/2191
f 1916/1850/2192 1915/1849/2191 1923/1857/2199
f 1923/1857/2199 1922/1856/2198 1916/1850/2192
f 2263/2142/2634 1917/1851/2193 1927/1861/2203
f 1927/1861/2203 2264/2143/2635 2263/2142/2634
f 1970/1904/2252 1969/1903/2251 2241/2120/2603
f 2241/2120/2603 2240/2119/2602 1970/1904/2252
f 1917/1851/2193 1916/1850/2192 1922/1856/2198
f 1922/1856/2198 1927/1861/2203 1917/1851/2193
f 1914/1848/2190 1913/1847/2189 1921/1855/2197
f 1921/1855/2197 1920/1854/2196 1914/1848/2190
f 1989/1923/2278 1988/1922/2277 1985/1919/2274
f 1985/1919/2274 1984/1918/2273 1989/1923/2278
f 1581/1516/1843 1580/1515/1842 1871/1806/2145
f 1871/1806/2145 1872/1807/2146 1581/1516/1843
f 1584/1519/1846 1583/1518/1845 1873/1808/2147
f 1873/1808/2147 1874/1809/2148 1584/1519/1846
f 1586/1521/1848 1585/1520/1847 1875/1810/2149
f 1875/1810/2149 1876/1811/2150 1586/1521/1848
f 1588/1523/1850 1587/1522/1849 1877/1812/2151
f 1877/1812/2151 1863/1798/2137 1588/1523/1850
f 1615/1550/1877 1614/1549/1876 1446/1381/1707
f 1614/1549/1876 1862/1797/2136 1446/1381/1707
f 1588/1523/1850 1615/1550/1877 1446/1381/1707
f 1446/1381/1707 1445/1380/1706 1588/1523/1850
f 1581/1516/1843 1583/1518/1845 1438/1373/1699
f 1438/1373/1699 1437/1372/1698 1581/1516/1843
f 1584/1519/1846 1585/1520/1847 1582/1517/1844
f 1586/1521/1848 1587/1522/1849 1442/1377/1703
f 1442/1377/1703 1441/1376/1702 1586/1521/1848
f 1588/1523/1850 1481/1416/1742 1480/1415/1741
f 1588/1523/1850 1889/1824/2171 1481/1416/1742
f 1862/1797/2136 2059/1980/2348 1446/1381/1707
f 2059/1980/2348 1448/1383/1709 1446/1381/1707
f 2059/1980/2348 1690/1625/1952 1448/1383/1709
f 2059/1980/2348 1859/1794/2133 1690/1625/1952
f 1859/1794/2133 1855/1790/2129 1690/1625/1952
f 1855/1790/2129 1854/1789/2128 1594/1529/1856
f 1594/1529/1856 1690/1625/1952 1855/1790/2129
f 1854/1789/2128 1595/1530/1857 1594/1529/1856
f 1595/1530/1857 1854/1789/2128 1857/1792/2131
f 1857/1792/2131 2267/2146/2638 1595/1530/1857
f 1857/1792/2131 1849/1784/2123 2267/2146/2638
f 1849/1784/2123 1848/1783/2122 2267/2146/2638
f 1848/1783/2122 1636/1571/1898 1639/1574/1901
f 1639/1574/1901 2267/2146/2638 1848/1783/2122
f 1848/1783/2122 1852/1787/2126 1636/1571/1898
f 1852/1787/2126 1618/1553/1880 1636/1571/1898
f 1618/1553/1880 1617/1552/1879 1845/1780/2119
f 1617/1552/1879 1635/1570/1897 1846/1781/2120
f 1846/1781/2120 1845/1780/2119 1617/1552/1879
f 1846/1781/2120 1635/1570/1897 1844/1779/2118
f 1844/1779/2118 2255/2134/2624 1846/1781/2120
f 1618/1553/1880 1845/1780/2119 1636/1571/1898
f 1588/1523/1850 1445/1380/1706 1889/1824/2171
f 1889/1824/2171 1445/1380/1706 1444/1379/1705
f 1444/1379/1705 1887/1822/2639 1889/1824/2171
f 1887/1822/2639 1444/1379/1705 1611/1546/1873
f 1611/1546/1873 1888/1823/2640 1887/1822/2639
f 1611/1546/1873 2054/1975/2343 2076/1993/2641
f 2076/1993/2641 1888/1823/2640 1611/1546/1873
f 2076/1993/2641 2054/1975/2343 2057/1978/2346
f 2057/1978/2346 2268/2013/2642 2076/1993/2641
f 2109/1978/2398 2110/2012/2399 2111/2013/2643
f 1889/1824/2163 1886/1821/2160 1878/1813/2152
f 1886/1821/2160 1561/1496/1823 1878/1813/2152
f 1886/1821/2160 1885/1820/2159 1471/1406/1732
f 1471/1406/1732 1561/1496/1823 1886/1821/2160
f 1885/1820/2159 1472/1407/1733 1471/1406/1732
f 1885/1820/2159 2078/1995/2367 1898/1832/2173
f 1898/1832/2173 1472/1407/1733 1885/1820/2159
f 1885/1820/2159 2077/1994/2366 2078/1995/2367
f 2079/1996/2368 2077/1994/2366 2076/1993/2365
f 2076/1993/2365 2268/2013/2644 2079/1996/2368
f 1790/1725/2052 1818/1753/2090 1515/1450/1776
f 1818/1753/2090 1899/1833/2175 1515/1450/1776
f 1780/1715/2042 2269/2147/2645 1372/1307/1633
f 1820/1755/2092 1821/1756/2093 2270/2148/2646
f 2270/2148/2646 2271/2149/2647 1820/1755/2092
f 1811/1746/2083 1900/1834/2176 2272/2150/2648
f 2272/2150/2648 2273/2151/2649 1811/1746/2083
f 1505/1440/1766 1511/1446/1772 2274/2152/2650
f 2274/2152/2650 2275/2153/2651 1505/1440/1766
f 1788/1723/2050 1506/1441/1767 2276/2154/2652
f 2276/2154/2652 2277/2155/2653 1788/1723/2050
f 1339/1274/1600 1820/1755/2092 2271/2149/2647
f 2271/2149/2647 2278/2156/2654 1339/1274/1600
f 1506/1441/1767 1505/1440/1766 2275/2153/2651
f 2275/2153/2651 2276/2154/2652 1506/1441/1767
f 1338/1273/1599 1339/1274/1600 2278/2156/2654
f 2278/2156/2654 2279/2157/2655 1338/1273/1599
f 1816/1751/2088 1819/1754/2091 2280/2158/2656
f 2280/2158/2656 2281/2159/2657 1816/1751/2088
f 1819/1754/2091 1789/1724/2051 2282/2160/2658
f 2282/2160/2658 2280/2158/2656 1819/1754/2091
f 1812/1747/2084 1811/1746/2083 2273/2151/2649
f 2273/2151/2649 2283/2161/2659 1812/1747/2084
f 1900/1834/2176 1817/1752/2089 2284/2162/2660
f 2284/2162/2660 2272/2150/2648 1900/1834/2176
f 1817/1752/2089 1816/1751/2088 2281/2159/2657
f 2281/2159/2657 2284/2162/2660 1817/1752/2089
f 1789/1724/2051 1788/1723/2050 2277/2155/2653
f 2277/2155/2653 2282/2160/2658 1789/1724/2051
f 1906/1840/2182 1508/1443/1769 2285/2163/2661
f 2285/2163/2661 2286/2164/2662 1906/1840/2182
f 1508/1443/1769 1507/1442/1768 2287/2165/2663
f 2287/2165/2663 2285/2163/2661 1508/1443/1769
f 1842/1777/2116 1906/1840/2182 2286/2164/2662
f 2286/2164/2662 2288/2166/2664 1842/1777/2116
f 1507/1442/1768 1907/1841/2183 2289/2167/2665
f 2289/2167/2665 2287/2165/2663 1507/1442/1768
f 1907/1841/2183 1338/1273/1599 2279/2157/2655
f 2279/2157/2655 2289/2167/2665 1907/1841/2183
f 1511/1446/1772 1842/1777/2116 2288/2166/2664
f 2288/2166/2664 2274/2152/2650 1511/1446/1772
f 1821/1756/2093 1905/1839/2181 2290/2168/2666
f 2290/2168/2666 2270/2148/2646 1821/1756/2093
f 1905/1839/2181 1904/1838/2180 2291/2169/2667
f 2291/2169/2667 2290/2168/2666 1905/1839/2181
f 1904/1838/2180 1903/1837/2179 2292/2170/2668
f 2292/2170/2668 2291/2169/2667 1904/1838/2180
f 1903/1837/2179 1812/1747/2084 2283/2161/2659
f 2283/2161/2659 2292/2170/2668 1903/1837/2179
f 1337/1272/1598 1821/1756/2093 1820/1755/2092
f 2293/2171/2669 2294/2172/2670 2295/2173/2671
f 2295/2173/2671 2296/2174/2672 2293/2171/2669
f 2297/2175/2673 2298/2176/2674 2299/2177/2675
f 2299/2177/2675 2300/2178/2676 2297/2175/2673
f 2301/2179/2677 2302/2180/2678 2303/2181/2679
f 2303/2181/2679 2304/2182/2680 2301/2179/2677
f 2305/2183/2681 2306/2184/2682 2307/2185/2683
f 2307/2185/2683 2308/2186/2684 2305/2183/2681
f 2296/2174/2672 2295/2173/2671 2309/2187/2685
f 2309/2187/2685 2310/2188/2686 2296/2174/2672
f 2306/2184/2682 2304/2182/2680 2303/2181/2679
f 2303/2181/2679 2307/2185/2683 2306/2184/2682
f 2310/2188/2686 2309/2187/2685 2311/2189/2687
f 2311/2189/2687 2312/2190/2688 2310/2188/2686
f 2313/2191/2689 2314/2192/2690 2315/2193/2691
f 2315/2193/2691 2316/2194/2692 2313/2191/2689
f 2313/2191/2689 2317/2195/2693 2318/2196/2694
f 2318/2196/2694 2314/2192/2690 2313/2191/2689
f 2300/2178/2676 2299/2177/2675 2319/2197/2695
f 2319/2197/2695 2320/2198/2696 2300/2178/2676
f 2321/2199/2697 2322/2200/2697 2298/2176/2698
f 2298/2176/2674 2297/2175/2673 2321/2199/2699
f 2323/2201/2700 2324/2202/2700 2322/2200/2700
f 2322/2200/2700 2321/2199/2700 2323/2201/2700
f 2317/2195/2693 2305/2183/2681 2308/2186/2684
f 2308/2186/2684 2318/2196/2694 2317/2195/2693
f 2325/2203/2701 2326/2204/2702 2327/2205/2703
f 2327/2205/2703 2328/2206/2704 2325/2203/2701
f 2329/2207/2705 2330/2208/2706 2327/2205/2703
f 2327/2205/2703 2326/2204/2702 2329/2207/2705
f 2331/2209/2707 2325/2203/2701 2328/2206/2704
f 2328/2206/2704 2332/2210/2708 2331/2209/2707
f 2333/2211/2709 2334/2212/2710 2330/2208/2706
f 2330/2208/2706 2329/2207/2705 2333/2211/2709
f 2333/2211/2709 2312/2190/2688 2311/2189/2687
f 2311/2189/2687 2334/2212/2710 2333/2211/2709
f 2301/2179/2677 2331/2209/2707 2332/2210/2708
f 2332/2210/2708 2302/2180/2678 2301/2179/2677
f 2335/2213/2711 2336/2214/2712 2294/2172/2670
f 2294/2172/2670 2293/2171/2669 2335/2213/2711
f 2337/2215/2713 2338/2216/2714 2336/2214/2712
f 2336/2214/2712 2335/2213/2711 2337/2215/2713
f 2339/2217/2715 2340/2218/2715 2338/2216/2714
f 2338/2216/2714 2337/2215/2713 2339/2217/2715
f 2320/2198/2696 2319/2197/2695 2340/2218/2716
f 2340/2218/2716 2339/2217/2716 2320/2198/2696
f 2341/2219/2717 2295/2173/2671 2294/2172/2670
f 2294/2172/2670 2342/2220/2718 2341/2219/2717
f 2308/2186/2684 2307/2185/2683 2343/2221/2719
f 2343/2221/2719 2344/2222/2720 2308/2186/2684
f 2345/2223/2721 2309/2187/2685 2295/2173/2671
f 2295/2173/2671 2341/2219/2717 2345/2223/2721
f 2307/2185/2683 2303/2181/2679 2346/2224/2722
f 2346/2224/2722 2343/2221/2719 2307/2185/2683
f 2347/2225/2723 2311/2189/2687 2309/2187/2685
f 2309/2187/2685 2345/2223/2721 2347/2225/2723
f 2314/2192/2690 2348/2226/2724 2349/2227/2725
f 2349/2227/2725 2315/2193/2691 2314/2192/2690
f 2318/2196/2694 2308/2186/2684 2344/2222/2720
f 2344/2222/2720 2350/2228/2726 2318/2196/2694
f 2342/2220/2718 2294/2172/2670 2336/2214/2712
f 2336/2214/2712 2351/2229/2727 2342/2220/2718
f 2328/2206/2704 2327/2205/2703 2352/2230/2728
f 2352/2230/2728 2353/2231/2729 2328/2206/2704
f 2352/2230/2728 2327/2205/2703 2330/2208/2706
f 2330/2208/2706 2354/2232/2730 2352/2230/2728
f 2332/2210/2708 2328/2206/2704 2353/2231/2729
f 2353/2231/2729 2355/2233/2731 2332/2210/2708
f 2354/2232/2730 2330/2208/2706 2334/2212/2710
f 2334/2212/2710 2347/2225/2723 2354/2232/2730
f 2302/2180/2678 2332/2210/2708 2355/2233/2731
f 2355/2233/2731 2346/2224/2722 2302/2180/2678
f 2334/2212/2710 2311/2189/2687 2347/2225/2723
f 2303/2181/2679 2302/2180/2678 2346/2224/2722
f 2336/2214/2712 2338/2216/2714 2356/2234/2732
f 2356/2234/2732 2351/2229/2727 2336/2214/2712
f 2357/2235/2733 2354/2232/2730 2347/2225/2723
f 2347/2225/2723 2345/2223/2721 2357/2235/2733
f 2358/2236/2734 2352/2230/2728 2354/2232/2730
f 2354/2232/2730 2357/2235/2733 2358/2236/2734
f 2359/2237/2735 2353/2231/2729 2352/2230/2728
f 2352/2230/2728 2358/2236/2734 2359/2237/2735
f 2360/2238/2736 2355/2233/2731 2353/2231/2729
f 2353/2231/2729 2359/2237/2735 2360/2238/2736
f 2343/2221/2719 2346/2224/2722 2355/2233/2731
f 2355/2233/2731 2360/2238/2736 2343/2221/2719
f 2361/2239/2737 2357/2235/2733 2345/2223/2721
f 2345/2223/2721 2341/2219/2717 2361/2239/2737
f 2362/2240/2738 2358/2236/2734 2357/2235/2733
f 2357/2235/2733 2361/2239/2737 2362/2240/2738
f 2363/2241/2739 2359/2237/2735 2358/2236/2734
f 2358/2236/2734 2362/2240/2738 2363/2241/2739
f 2364/2242/2740 2360/2238/2736 2359/2237/2735
f 2359/2237/2735 2363/2241/2739 2364/2242/2740
f 2344/2222/2720 2343/2221/2719 2360/2238/2736
f 2360/2238/2736 2364/2242/2740 2344/2222/2720
f 2365/2243/2741 2361/2239/2737 2341/2219/2717
f 2341/2219/2717 2342/2220/2718 2365/2243/2741
f 2366/2244/2742 2362/2240/2738 2361/2239/2737
f 2361/2239/2737 2365/2243/2741 2366/2244/2742
f 2367/2245/2743 2363/2241/2739 2362/2240/2738
f 2362/2240/2738 2366/2244/2742 2367/2245/2743
f 2368/2246/2744 2364/2242/2740 2363/2241/2739
f 2363/2241/2739 2367/2245/2743 2368/2246/2744
f 2350/2228/2726 2344/2222/2720 2364/2242/2740
f 2364/2242/2740 2368/2246/2744 2350/2228/2726
f 2365/2243/2741 2342/2220/2718 2351/2229/2727
f 2351/2229/2727 2369/2247/2745 2365/2243/2741
f 2366/2244/2742 2365/2243/2741 2369/2247/2745
f 2369/2247/2745 2370/2248/2746 2366/2244/2742
f 2367/2245/2743 2366/2244/2742 2370/2248/2746
f 2370/2248/2746 2371/2249/2747 2367/2245/2743
f 2368/2246/2744 2367/2245/2743 2371/2249/2747
f 2371/2249/2747 2372/2250/2748 2368/2246/2744
f 2368/2246/2744 2372/2250/2749 2348/2226/2724
f 2348/2226/2724 2350/2228/2726 2368/2246/2744
f 2350/2228/2726 2348/2226/2724 2314/2192/2690
f 2314/2192/2690 2318/2196/2694 2350/2228/2726
f 2373/2251/2750 2369/2247/2745 2351/2229/2727
f 2351/2229/2727 2356/2234/2732 2373/2251/2750
f 2374/2252/2751 2370/2248/2746 2369/2247/2745
f 2369/2247/2745 2373/2251/2750 2374/2252/2751
f 2371/2249/2747 2370/2248/2746 2374/2252/2751
f 2374/2252/2751 2375/2253/2752 2371/2249/2747
f 2372/2250/2748 2371/2249/2747 2375/2253/2752
f 2375/2253/2752 2376/2254/2753 2372/2250/2748
f 2349/2227/2725 2348/2226/2724 2372/2250/2749
f 2372/2250/2749 2376/2254/2754 2349/2227/2725
f 2377/2255/2755 2356/2234/2732 2338/2216/2714
f 2338/2216/2714 2378/2256/2756 2377/2255/2755
f 2379/2257/2757 2373/2251/2750 2356/2234/2732
f 2356/2234/2732 2377/2255/2755 2379/2257/2757
f 2380/2258/2758 2374/2252/2751 2373/2251/2750
f 2373/2251/2750 2379/2257/2759 2380/2258/2758
f 2381/2259/2760 2375/2253/2752 2374/2252/2751
f 2374/2252/2751 2380/2258/2758 2381/2259/2760
f 2382/2260/2761 2376/2254/2753 2375/2253/2752
f 2375/2253/2752 2381/2259/2760 2382/2260/2761
f 2383/2261/2762 2349/2227/2725 2376/2254/2754
f 2376/2254/2754 2382/2260/2763 2383/2261/2762
f 2384/2262/2764 2315/2193/2691 2349/2227/2725
f 2349/2227/2725 2383/2261/2762 2384/2262/2764
f 2298/2176/2765 2385/2263/2766 2299/2177/2767
f 2299/2177/2767 2385/2263/2766 2378/2256/2768
f 2322/2200/2769 2385/2263/2766 2298/2176/2765
f 2324/2202/2770 2385/2263/2766 2322/2200/2769
f 2340/2218/2771 2378/2256/2768 2338/2216/2772
f 2319/2197/2773 2378/2256/2768 2340/2218/2771
f 2378/2256/2756 2386/2264/2774 2387/2265/2775
f 2387/2265/2775 2377/2255/2755 2378/2256/2756
f 2377/2255/2755 2387/2265/2775 2388/2266/2776
f 2388/2266/2777 2379/2257/2757 2377/2255/2755
f 2379/2257/2759 2388/2266/2778 2389/2267/2779
f 2389/2267/2779 2380/2258/2758 2379/2257/2759
f 2380/2258/2758 2389/2267/2779 2390/2268/2780
f 2390/2268/2780 2381/2259/2760 2380/2258/2758
f 2381/2259/2760 2390/2268/2780 2391/2269/2781
f 2391/2269/2782 2382/2260/2761 2381/2259/2760
f 2382/2260/2763 2391/2269/2783 2392/2270/2784
f 2392/2270/2784 2383/2261/2762 2382/2260/2763
f 2383/2261/2762 2392/2270/2784 2393/2271/2785
f 2393/2271/2785 2384/2262/2764 2383/2261/2762
f 2385/2263/2766 2394/2272/2786 2386/2264/2787
f 2386/2264/2787 2378/2256/2768 2385/2263/2766
f 2386/2264/2788 2395/2273/2789 2396/2274/2790
f 2396/2274/2790 2395/2273/2789 2397/2275/2791
f 2397/2275/2791 2395/2273/2789 2398/2276/2792
f 2398/2276/2792 2395/2273/2789 2399/2277/2793
f 2399/2277/2793 2395/2273/2789 2400/2278/2794
f 2400/2278/2794 2395/2273/2789 2401/2279/2795
f 2401/2279/2795 2395/2273/2789 2394/2272/2796
f 2394/2272/2797 2395/2273/2797 2386/2264/2797
f 2299/2177/2767 2378/2256/2768 2319/2197/2773
f 1879/1814/2153 1896/1830/2169 1869/1804/2143
f 1869/1804/2143 1868/1803/2142 1879/1814/2153
f 2402/2280/2798 1703/1638/1965 1704/1639/1966
f 1704/1639/1966 2403/2281/2799 2402/2280/2798
f 2404/2282/2800 1795/1730/2065 1706/1641/1968
f 1706/1641/1968 2405/2283/2801 2404/2282/2800
f 2406/2284/2802 1802/1737/2072 1708/1643/1970
f 1708/1643/1970 2407/2285/2803 2406/2284/2802
f 2408/2286/2804 1797/1732/2067 1710/1645/1972
f 1710/1645/1972 2409/2287/2805 2408/2286/2804
f 2410/2288/2806 1798/1733/2068 1713/1648/1975
f 1713/1648/1975 2411/2289/2807 2410/2288/2806
f 2412/2290/2808 1799/1734/2069 1716/1651/1978
f 1716/1651/1978 2413/2291/2809 2412/2290/2808
f 2414/2292/2810 1801/1736/2071 1719/1654/1981
f 1719/1654/1981 2415/2293/2811 2414/2292/2810
f 2416/2294/2812 1796/1731/2066 1727/1662/1989
f 1727/1662/1989 2417/2295/2813 2416/2294/2812
f 1732/1667/1994 1731/1666/1993 2418/2296/2814
f 2418/2296/2814 2419/2297/2815 1732/1667/1994
f 2405/2283/2801 1706/1641/1968 1703/1638/1965
f 1703/1638/1965 2402/2280/2798 2405/2283/2801
f 2407/2285/2803 1708/1643/1970 1795/1730/2065
f 1795/1730/2065 2404/2282/2800 2407/2285/2803
f 2409/2287/2805 1710/1645/1972 1796/1731/2066
f 1796/1731/2066 2416/2294/2812 2409/2287/2805
f 2411/2289/2807 1713/1648/1975 1797/1732/2067
f 1797/1732/2067 2408/2286/2804 2411/2289/2807
f 2413/2291/2809 1716/1651/1978 1798/1733/2068
f 1798/1733/2068 2410/2288/2806 2413/2291/2809
f 2415/2293/2811 1719/1654/1981 1799/1734/2069
f 1799/1734/2069 2412/2290/2808 2415/2293/2811
f 2420/2298/2816 1800/1735/2070 1801/1736/2071
f 1801/1736/2071 2414/2292/2810 2420/2298/2816
f 2417/2295/2813 1727/1662/1989 1802/1737/2072
f 1802/1737/2072 2406/2284/2802 2417/2295/2813
f 1704/1639/1966 1732/1667/1994 2419/2297/2815
f 2419/2297/2815 2403/2281/2799 1704/1639/1966
f 1731/1666/1993 1803/1738/2073 2421/2299/2817
f 2421/2299/2817 2418/2296/2814 1731/1666/1993
f 1722/1657/1984 2422/2300/2818 2423/2301/2819
f 2423/2301/2819 1723/1658/1985 1722/1657/1984
f 2424/2302/2820 2425/2303/2821 2426/2304/2822
f 2426/2304/2822 2420/2298/2823 2424/2302/2820
f 2427/2305/2824 2428/2306/2825 2402/2280/2826
f 2402/2280/2826 2403/2281/2827 2427/2305/2824
f 2429/2307/2828 2430/2308/2829 2404/2282/2830
f 2404/2282/2830 2405/2283/2831 2429/2307/2828
f 2431/2309/2832 2432/2310/2833 2406/2284/2834
f 2406/2284/2834 2407/2285/2835 2431/2309/2832
f 2433/2311/2836 2434/2312/2837 2408/2286/2838
f 2408/2286/2838 2409/2287/2839 2433/2311/2836
f 2435/2313/2840 2436/2314/2841 2410/2288/2842
f 2410/2288/2842 2411/2289/2843 2435/2313/2840
f 2437/2315/2844 2438/2316/2845 2412/2290/2846
f 2412/2290/2846 2413/2291/2847 2437/2315/2844
f 2439/2317/2848 2440/2318/2849 2414/2292/2850
f 2414/2292/2850 2415/2293/2851 2439/2317/2848
f 2441/2319/2852 2442/2320/2853 2416/2294/2854
f 2416/2294/2854 2417/2295/2855 2441/2319/2852
f 2443/2321/2856 2444/2322/2857 2419/2297/2858
f 2419/2297/2858 2418/2296/2859 2443/2321/2856
f 2428/2306/2825 2429/2307/2828 2405/2283/2831
f 2405/2283/2831 2402/2280/2826 2428/2306/2825
f 2430/2308/2829 2431/2309/2832 2407/2285/2835
f 2407/2285/2835 2404/2282/2830 2430/2308/2829
f 2442/2320/2853 2433/2311/2836 2409/2287/2839
f 2409/2287/2839 2416/2294/2854 2442/2320/2853
f 2434/2312/2837 2435/2313/2840 2411/2289/2843
f 2411/2289/2843 2408/2286/2838 2434/2312/2837
f 2436/2314/2841 2437/2315/2844 2413/2291/2847
f 2413/2291/2847 2410/2288/2842 2436/2314/2841
f 2438/2316/2845 2439/2317/2848 2415/2293/2851
f 2415/2293/2851 2412/2290/2846 2438/2316/2845
f 2440/2318/2849 2424/2302/2820 2420/2298/2823
f 2420/2298/2823 2414/2292/2850 2440/2318/2849
f 2432/2310/2833 2441/2319/2852 2417/2295/2855
f 2417/2295/2855 2406/2284/2834 2432/2310/2833
f 2444/2322/2857 2427/2305/2824 2403/2281/2827
f 2403/2281/2827 2419/2297/2858 2444/2322/2857
f 2445/2323/2860 2443/2321/2856 2418/2296/2859
f 2418/2296/2859 2421/2299/2861 2445/2323/2860
f 1669/1604/1931 1713/1648/1975 1798/1733/2068
f 1673/1608/1935 1719/1654/1981 1801/1736/2071
f 1665/1600/1927 1710/1645/1972 1797/1732/2067
f 1671/1606/1933 1716/1651/1978 1799/1734/2069
f 1662/1597/1924 1706/1641/1968 1795/1730/2065
f 1668/1603/1930 1727/1662/1989 1796/1731/2066
f 1664/1599/1926 1708/1643/1970 1802/1737/2072
f 2426/2304/2862 1723/1658/1985 1800/1735/2070
f 1800/1735/2070 2420/2298/2816 2426/2304/2862
f 1800/1735/2070 1723/1658/1985 1675/1610/1937
f 1675/1610/1937 1673/1608/1935 1800/1735/2070
f 1723/1658/1985 2423/2301/2819 1675/1610/1937
f 2141/2020/2456 1736/1671/1998 1676/1611/1938
f 1676/1611/1938 1675/1610/1937 2141/2020/2456
f 2141/2020/2456 1679/1614/1941 1736/1671/1998
f 1679/1614/1941 1678/1613/1940 1736/1671/1998
f 1678/1613/1940 2446/2324/2863 1737/1672/1999
f 1737/1672/1999 1736/1671/1998 1678/1613/1940
f 1678/1613/1940 1685/1620/1947 2446/2324/2863
f 1685/1620/1947 1684/1619/1946 2446/2324/2863
f 2447/2325/2864 1553/1488/1814 1544/1479/1805
f 1544/1479/1805 2448/2326/2865 2447/2325/2864
f 2426/2304/2822 2425/2303/2821 2229/2108/2589
f 2229/2108/2589 1724/1659/2592 2426/2304/2822
f 2449/2327/2866 2230/2109/2590 2450/2328/2867
f 1724/1659/1986 1723/1658/1985 2426/2304/2862
f 1554/1489/1815 2447/2325/2864 2451/2329/2868
f 1652/1587/1914 1701/1636/1963 1702/1637/1964
f 1702/1637/1964 1632/1567/1894 1652/1587/1914
f 1702/1637/1964 1705/1640/1967 1633/1568/2869
f 1633/1568/2869 1632/1567/1894 1702/1637/1964
f 1705/1640/1967 1707/1642/1969 1653/1588/2870
f 1653/1588/2870 1633/1568/2869 1705/1640/1967
f 1707/1642/1969 1709/1644/1971 1601/1536/2205
f 1601/1536/2205 1653/1588/2870 1707/1642/1969
f 1696/1631/2064 1712/1647/1974 1711/1646/1973
f 1711/1646/1973 1791/1726/2057 1696/1631/2064
f 1793/1728/2058 1715/1650/1977 1714/1649/1976
f 1714/1649/1976 1566/1501/2059 1793/1728/2058
f 1567/1502/2060 1718/1653/1980 1717/1652/1979
f 1717/1652/1979 1470/1405/2061 1567/1502/2060
f 1467/1402/2062 1721/1656/1983 1720/1655/1982
f 1720/1655/1982 1492/1427/2081 1467/1402/2062
f 1489/1424/2082 1725/1660/1987 1726/1661/1988
f 1726/1661/1988 2452/2330/2871 1489/1424/2082
f 1602/1537/2204 1729/1664/1991 1728/1663/1990
f 1728/1663/1990 1695/1630/2063 1602/1537/2204
f 2452/2330/2871 1726/1661/1988 1737/1672/1999
f 1737/1672/1999 2453/2331/2872 2452/2330/2871
f 1715/1650/1977 1711/1646/1973 1666/1601/1928
f 1718/1653/1980 1714/1649/1976 1670/1605/1932
f 1721/1656/1983 1717/1652/1979 1672/1607/1934
f 1712/1647/1974 1728/1663/1990 1667/1602/1929
f 1725/1660/1987 1720/1655/1982 1674/1609/1936
f 1729/1664/1991 1709/1644/1971 1663/1598/1925
f 2453/2331/2872 1737/1672/1999 2446/2324/2863
f 2446/2324/2863 2448/2326/2873 2453/2331/2872
f 2447/2325/2864 2448/2326/2873 2446/2324/2863
f 2446/2324/2863 2454/2332/2874 2447/2325/2864
f 1556/1491/1817 1555/1490/1816 1552/1487/1813
f 1552/1487/1813 1551/1486/1812 1556/1491/1817
f 2451/2329/2868 1552/1487/1813 1555/1490/1816
f 1555/1490/1816 1554/1489/1815 2451/2329/2868
f 1554/1489/1815 1553/1488/1814 2447/2325/2864
f 2141/2020/2456 2423/2301/2819 2422/2300/2818
f 2422/2300/2818 2142/2021/2457 2141/2020/2456
f 1773/1708/2463 2145/2024/2462 2449/2327/2866
f 2449/2327/2866 2140/2019/2875 1773/1708/2463
f 1675/1610/1937 2423/2301/2819 2141/2020/2456
f 1574/1509/1836 1469/1404/1730 1468/1403/1729
f 1468/1403/1729 1537/1472/1798 1574/1509/1836
f 1538/1473/1799 1491/1426/1752 1490/1425/1751
f 1490/1425/1751 1545/1480/1806 1538/1473/1799
f 2453/2331/2876 1540/1475/1801 1543/1478/1804
f 1543/1478/1804 2452/2330/2877 2453/2331/2876
f 2448/2326/2865 1544/1479/1805 1540/1475/1801
f 1540/1475/1801 2453/2331/2876 2448/2326/2865
f 2452/2330/2877 1543/1478/1804 1490/1425/1751
f 1490/1425/1751 1489/1424/1750 2452/2330/2877
f 1546/1481/1807 1548/1483/1809 1791/1726/2053
f 1791/1726/2053 1793/1728/2055 1546/1481/1807
f 1569/1504/1831 1568/1503/1830 1573/1508/1835
f 1573/1508/1835 1534/1469/1795 1569/1504/1831
f 1604/1539/1866 1603/1538/1865 1606/1541/1868
f 1606/1541/1868 1605/1540/1867 1604/1539/1866
f 1699/1634/1961 1698/1633/1960 1697/1632/1959
f 1697/1632/1959 1700/1635/1962 1699/1634/1961
f 1573/1508/1835 1568/1503/1830 1469/1404/1730
f 1469/1404/1730 1574/1509/1836 1573/1508/1835
f 1700/1635/1962 1697/1632/1959 1548/1483/1809
f 1548/1483/1809 1547/1482/1808 1700/1635/1962
f 1546/1481/1807 1569/1504/1831 1534/1469/1795
f 1534/1469/1795 1533/1468/1794 1546/1481/1807
f 1603/1538/1865 1698/1633/1960 1699/1634/1961
f 1699/1634/1961 1606/1541/1868 1603/1538/1865
f 1537/1472/1798 1468/1403/1729 1491/1426/1752
f 1491/1426/1752 1538/1473/1799 1537/1472/1798
f 1651/1586/1913 1604/1539/1866 1605/1540/1867
f 1747/1682/2009 1738/1673/2000 1741/1676/2003
f 1741/1676/2003 1748/1683/2010 1747/1682/2009
f 1751/1686/2013 1742/1677/2004 1738/1673/2000
f 1738/1673/2000 1747/1682/2009 1751/1686/2013
f 1748/1683/2010 1741/1676/2003 1745/1680/2007
f 1745/1680/2007 1752/1687/2014 1748/1683/2010
f 1743/1678/2005 1742/1677/2004 1756/1691/2018
f 1756/1691/2018 1757/1692/2019 1743/1678/2005
f 1762/1697/2024 2161/2040/2481 2156/2035/2476
f 2156/2035/2476 1759/1694/2021 1762/1697/2024
f 1778/1713/2040 1771/1706/2033 1745/1680/2007
f 1745/1680/2007 1744/1679/2006 1778/1713/2040
f 2146/2025/2464 2144/2023/2461 1771/1706/2460
f 1771/1706/2460 1778/1713/2465 2146/2025/2464
f 1759/1694/2021 2156/2035/2476 1756/1691/2018
f 1756/1691/2018 1755/1690/2017 1759/1694/2021
f 2148/2027/2878 2147/2026/2467 1777/1712/2466
f 1373/1308/1634 1781/1716/2043 1785/1720/2047
f 1781/1716/2043 1372/1307/1633 2269/2147/2645
f 1371/1306/1632 1779/1714/2041 2455/2333/2879
f 2455/2333/2879 2456/2334/2880 1371/1306/1632
f 1780/1715/2042 1371/1306/1632 2456/2334/2880
f 2456/2334/2880 2457/2335/2881 1780/1715/2042
f 1782/1717/2044 1785/1720/2047 2458/2336/2882
f 2458/2336/2882 2459/2337/2883 1782/1717/2044
f 1783/1718/2045 1782/1717/2044 2459/2337/2883
f 2459/2337/2883 2460/2338/2884 1783/1718/2045
f 2461/2339/2885 1784/1719/2046 1783/1718/2045
f 1783/1718/2045 2460/2338/2884 2461/2339/2885
f 1785/1720/2047 1781/1716/2043 2462/2340/2886
f 2462/2340/2886 2458/2336/2882 1785/1720/2047
f 1363/1298/1624 1826/1761/2099 2463/2341/2887
f 2463/2341/2887 2464/2342/2888 1363/1298/1624
f 1397/1332/1658 1396/1331/1657 2465/2343/2889
f 2465/2343/2889 2466/2344/2890 1397/1332/1658
f 1396/1331/1657 1411/1346/1672 2467/2345/2891
f 2467/2345/2891 2465/2343/2889 1396/1331/1657
f 1411/1346/1672 1419/1354/1680 2468/2346/2892
f 2468/2346/2892 2467/2345/2891 1411/1346/1672
f 1419/1354/1680 1499/1434/1760 2469/2347/2893
f 2469/2347/2893 2468/2346/2892 1419/1354/1680
f 1779/1714/2041 1363/1298/1624 2464/2342/2888
f 2464/2342/2888 2455/2333/2879 1779/1714/2041
f 1499/1434/1760 1526/1461/1787 2470/2348/2894
f 2470/2348/2894 2469/2347/2893 1499/1434/1760
f 2471/2349/2895 1556/1491/1817 1551/1486/1812
f 1551/1486/1812 2472/2350/2896 2471/2349/2895
f 1526/1461/1787 1556/1491/1817 2471/2349/2895
f 2471/2349/2895 2470/2348/2894 1526/1461/1787
f 2473/2351/2897 1550/1485/1811 1774/1709/2036
f 1774/1709/2036 2474/2352/2898 2473/2351/2897
f 2474/2352/2898 1774/1709/2036 1776/1711/2038
f 1776/1711/2038 2475/2353/2899 2474/2352/2898
f 2476/2354/2900 1763/1698/2025 1766/1701/2028
f 1766/1701/2028 2477/2355/2901 2476/2354/2900
f 2472/2350/2896 1551/1486/1812 1550/1485/1811
f 1550/1485/1811 2473/2351/2897 2472/2350/2896
f 1412/1347/1673 1397/1332/1658 2466/2344/2890
f 2466/2344/2890 2478/2356/2902 1412/1347/1673
f 2475/2353/2899 1776/1711/2038 1763/1698/2025
f 1763/1698/2025 2476/2354/2900 2475/2353/2899
f 1826/1761/2099 1412/1347/1673 2478/2356/2902
f 2478/2356/2902 2463/2341/2887 1826/1761/2099
f 2269/2147/2645 1780/1715/2042 2457/2335/2881
f 2457/2335/2881 2479/2357/2903 2269/2147/2645
f 1781/1716/2043 2269/2147/2645 2479/2357/2903
f 2479/2357/2903 2462/2340/2886 1781/1716/2043
f 2477/2355/2901 1766/1701/2028 2151/2030/2471
f 2151/2030/2471 2480/2358/2904 2477/2355/2901
f 1762/1697/2024 1761/1696/2023 2481/2359/2905
f 2481/2359/2905 2482/2360/2906 1762/1697/2024
f 2179/2058/2499 2161/2040/2481 2483/2361/2907
f 2483/2361/2907 2484/2362/2908 2179/2058/2499
f 2151/2030/2471 2152/2031/2472 2485/2363/2909
f 2485/2363/2909 2486/2364/2910 2151/2030/2471
f 2152/2031/2472 2179/2058/2499 2484/2362/2908
f 2484/2362/2908 2485/2363/2909 2152/2031/2472
f 2486/2364/2910 2487/2365/2911 2480/2358/2904
f 2480/2358/2904 2151/2030/2471 2486/2364/2910
f 2161/2040/2481 1762/1697/2024 2482/2360/2906
f 2482/2360/2906 2483/2361/2907 2161/2040/2481
f 2488/2366/2912 2456/2334/2913 2455/2333/2914
f 2455/2333/2914 2489/2367/2915 2488/2366/2912
f 2490/2368/2916 2457/2335/2917 2456/2334/2913
f 2456/2334/2913 2488/2366/2912 2490/2368/2916
f 2491/2369/2918 2459/2337/2919 2458/2336/2920
f 2458/2336/2920 2492/2370/2921 2491/2369/2918
f 2493/2371/2922 2460/2338/2923 2459/2337/2919
f 2459/2337/2919 2491/2369/2918 2493/2371/2922
f 2494/2372/2924 2461/2339/2925 2460/2338/2923
f 2460/2338/2923 2493/2371/2922 2494/2372/2924
f 2492/2370/2921 2458/2336/2920 2462/2340/2926
f 2462/2340/2926 2495/2373/2927 2492/2370/2921
f 2464/2342/2928 2463/2341/2929 2496/2374/2930
f 2497/2375/2931 2466/2344/2932 2465/2343/2933
f 2465/2343/2933 2498/2376/2934 2497/2375/2931
f 2498/2376/2934 2465/2343/2933 2467/2345/2935
f 2467/2345/2935 2499/2377/2936 2498/2376/2934
f 2499/2377/2936 2467/2345/2935 2468/2346/2937
f 2468/2346/2937 2500/2378/2938 2499/2377/2936
f 2500/2378/2938 2468/2346/2937 2469/2347/2939
f 2469/2347/2939 2501/2379/2940 2500/2378/2938
f 2489/2367/2915 2455/2333/2914 2464/2342/2928
f 2464/2342/2928 2496/2374/2930 2489/2367/2915
f 2501/2379/2940 2469/2347/2939 2470/2348/2941
f 2470/2348/2941 2502/2380/2942 2501/2379/2940
f 2503/2381/2943 2471/2349/2944 2472/2350/2945
f 2472/2350/2945 2504/2382/2946 2503/2381/2943
f 2502/2380/2942 2470/2348/2941 2471/2349/2944
f 2471/2349/2944 2503/2381/2943 2502/2380/2942
f 2505/2383/2947 2473/2351/2948 2474/2352/2949
f 2474/2352/2949 2506/2384/2950 2505/2383/2947
f 2506/2384/2950 2474/2352/2949 2475/2353/2951
f 2475/2353/2951 2507/2385/2952 2506/2384/2950
f 2508/2386/2953 2476/2354/2954 2477/2355/2955
f 2477/2355/2955 2509/2387/2956 2508/2386/2953
f 2504/2382/2946 2472/2350/2945 2473/2351/2948
f 2473/2351/2948 2505/2383/2947 2504/2382/2946
f 2478/2356/2957 2466/2344/2932 2497/2375/2931
f 2497/2375/2931 2496/2374/2930 2478/2356/2957
f 2507/2385/2952 2475/2353/2951 2476/2354/2954
f 2476/2354/2954 2508/2386/2953 2507/2385/2952
f 2463/2341/2929 2478/2356/2957 2496/2374/2930
f 2510/2388/2958 2479/2357/2959 2457/2335/2917
f 2457/2335/2917 2490/2368/2916 2510/2388/2958
f 2495/2373/2927 2462/2340/2926 2479/2357/2959
f 2479/2357/2959 2510/2388/2958 2495/2373/2927
f 2509/2387/2956 2477/2355/2955 2480/2358/2960
f 2480/2358/2960 2511/2389/2961 2509/2387/2956
f 2511/2389/2961 2480/2358/2960 2487/2365/2962
f 2487/2365/2962 2512/2390/2963 2511/2389/2961
f 2489/2367/2915 2513/2391/2964 2514/2392/2965
f 2514/2392/2965 2488/2366/2912 2489/2367/2915
f 2488/2366/2912 2514/2392/2965 2515/2393/2966
f 2515/2393/2966 2490/2368/2916 2488/2366/2912
f 2492/2370/2967 2516/2394/2968 2517/2395/2969
f 2517/2395/2969 2491/2369/2970 2492/2370/2967
f 2491/2369/2970 2517/2395/2969 2518/2396/2971
f 2518/2396/2971 2493/2371/2972 2491/2369/2970
f 2493/2371/2972 2518/2396/2971 2519/2397/2973
f 2519/2397/2973 2494/2372/2974 2493/2371/2972
f 2494/2372/2974 2519/2397/2973 1207/1150/1396
f 1207/1150/1396 1206/1149/1395 2494/2372/2974
f 2495/2373/2975 2520/2398/2976 2516/2394/2968
f 2516/2394/2968 2492/2370/2967 2495/2373/2975
f 2498/2376/2934 2521/2399/2977 2522/2400/2978
f 2522/2400/2978 2497/2375/2931 2498/2376/2934
f 2499/2377/2936 2523/2401/2979 2521/2399/2977
f 2521/2399/2977 2498/2376/2934 2499/2377/2936
f 2500/2378/2938 2524/2402/2980 2523/2401/2979
f 2523/2401/2979 2499/2377/2936 2500/2378/2938
f 2501/2379/2940 2525/2403/2981 2524/2402/2980
f 2524/2402/2980 2500/2378/2938 2501/2379/2940
f 2496/2374/2930 2526/2404/2982 2513/2391/2964
f 2513/2391/2964 2489/2367/2915 2496/2374/2930
f 2502/2380/2942 2527/2405/2983 2525/2403/2981
f 2525/2403/2981 2501/2379/2940 2502/2380/2942
f 2504/2382/2946 2528/2406/2984 2529/2407/2985
f 2529/2407/2985 2503/2381/2943 2504/2382/2946
f 2503/2381/2943 2529/2407/2985 2527/2405/2983
f 2527/2405/2983 2502/2380/2942 2503/2381/2943
f 2506/2384/2986 2530/2408/2987 2531/2409/2988
f 2531/2409/2988 2505/2383/2947 2506/2384/2986
f 2507/2385/2989 2532/2410/2990 2530/2408/2987
f 2530/2408/2987 2506/2384/2986 2507/2385/2989
f 2509/2387/2991 2533/2411/2992 2534/2412/2993
f 2534/2412/2993 2508/2386/2994 2509/2387/2991
f 2505/2383/2947 2531/2409/2988 2528/2406/2984
f 2528/2406/2984 2504/2382/2946 2505/2383/2947
f 2497/2375/2931 2522/2400/2978 2526/2404/2982
f 2526/2404/2982 2496/2374/2930 2497/2375/2931
f 2508/2386/2994 2534/2412/2993 2532/2410/2990
f 2532/2410/2990 2507/2385/2989 2508/2386/2994
f 2511/2389/2995 2535/2413/2996 2536/2414/2997
f 2511/2389/2995 2536/2414/2997 2533/2411/2992
f 2511/2389/2995 2533/2411/2992 2509/2387/2991
f 2490/2368/2916 2515/2393/2966 2510/2388/2958
f 2510/2388/2958 2515/2393/2966 2520/2398/2976
f 2520/2398/2976 2495/2373/2975 2510/2388/2958
f 2511/2389/2995 2512/2390/2998 2535/2413/2996
f 2537/2415/2999 2481/2359/2905 1761/1696/2023
f 1761/1696/2023 2538/2416/3000 2537/2415/2999
f 2538/2416/3000 1761/1696/2023 1760/1695/2022
f 1760/1695/2022 2539/2417/3001 2538/2416/3000
f 2539/2417/3001 1760/1695/2022 1754/1689/2016
f 1754/1689/2016 2540/2418/3002 2539/2417/3001
f 2540/2418/3002 1754/1689/2016 1750/1685/2012
f 1750/1685/2012 2541/2419/3003 2540/2418/3002
f 2541/2419/3003 1750/1685/2012 1746/1681/2008
f 1746/1681/2008 2542/2420/3004 2541/2419/3003
f 2542/2420/3004 1746/1681/2008 1749/1684/2011
f 1749/1684/2011 2543/2421/3005 2542/2420/3004
f 2543/2421/3005 1749/1684/2011 1753/1688/2015
f 1753/1688/2015 2544/2422/3006 2543/2421/3005
f 2544/2422/3006 1753/1688/2015 2140/2019/2455
f 2140/2019/2455 2450/2328/3007 2544/2422/3006
f 2140/2019/2875 2449/2327/2866 2450/2328/3008
f 1722/1657/2591 2230/2109/2590 2449/2327/2866
f 2449/2327/2866 2422/2300/3009 1722/1657/2591
f 2422/2300/3009 2449/2327/2866 2145/2024/2462
f 2145/2024/2462 2142/2021/3010 2422/2300/3009
f 2142/2021/3010 2145/2024/2462 2143/2022/2458
f 2143/2022/2458 1680/1615/3011 2142/2021/3010
f 1680/1615/3011 2143/2022/2458 2144/2023/2461
f 2144/2023/2461 1681/1616/3012 1680/1615/3011
f 2144/2023/2461 2146/2025/2464 1677/1612/3013
f 1677/1612/3013 1681/1616/3012 2144/2023/2461
f 2545/2423/3014 2546/2424/3015 2482/2360/3016
f 2482/2360/3016 2481/2359/3017 2545/2423/3014
f 2547/2425/3018 2548/2426/3019 2484/2362/3020
f 2484/2362/3020 2483/2361/3021 2547/2425/3018
f 2486/2364/3022 2485/2363/3023 2549/2427/3024
f 2486/2364/3022 2549/2427/3024 2550/2428/3025
f 2486/2364/3022 2550/2428/3025 2551/2429/3026
f 2548/2426/3019 2549/2427/3024 2485/2363/3023
f 2485/2363/3023 2484/2362/3020 2548/2426/3019
f 2552/2430/3027 2487/2365/3028 2486/2364/3022
f 2486/2364/3022 2551/2429/3026 2552/2430/3027
f 2546/2424/3015 2547/2425/3018 2483/2361/3021
f 2483/2361/3021 2482/2360/3016 2546/2424/3015
f 2537/2415/3029 2538/2416/3030 2553/2431/3031
f 2553/2431/3032 2554/2432/3033 2537/2415/3034
f 2537/2415/3035 2555/2433/3036 2545/2423/3014
f 2545/2423/3014 2481/2359/3017 2537/2415/3035
f 2556/2434/3037 2553/2431/3031 2538/2416/3030
f 2538/2416/3030 2539/2417/3038 2556/2434/3037
f 2557/2435/3039 2556/2434/3037 2539/2417/3038
f 2539/2417/3038 2540/2418/3040 2557/2435/3039
f 2558/2436/3041 2557/2435/3039 2540/2418/3040
f 2540/2418/3040 2541/2419/3042 2558/2436/3041
f 2559/2437/3043 2558/2436/3041 2541/2419/3042
f 2541/2419/3042 2542/2420/3044 2559/2437/3043
f 2560/2438/3045 2559/2437/3043 2542/2420/3044
f 2542/2420/3044 2543/2421/3046 2560/2438/3045
f 2561/2439/3047 2560/2438/3045 2543/2421/3046
f 2543/2421/3046 2544/2422/3048 2561/2439/3047
f 2544/2422/3048 2450/2328/3049 2561/2439/3047
f 1549/1484/1810 1552/1487/1813 2451/2329/2868
f 2451/2329/2868 1768/1703/2030 1549/1484/1810
f 1686/1621/1948 1549/1484/1810 1768/1703/2030
f 1768/1703/2030 1767/1702/2029 1686/1621/1948
f 2446/2324/2863 1684/1619/1946 2454/2332/2874
f 1684/1619/1946 1683/1618/1945 2454/2332/2874
f 1683/1618/3050 2148/2027/2878 2454/2332/3051
f 2148/2027/2468 1769/1704/2031 2454/2332/2874
f 2454/2332/2874 1769/1704/2031 1768/1703/2030
f 1768/1703/2030 2451/2329/2868 2454/2332/2874
f 2451/2329/2868 2447/2325/2864 2454/2332/2874
f 2562/2440/3052 2255/2134/2624 1844/1779/2118
f 1844/1779/2118 2563/2441/3053 2562/2440/3052
f 2564/2442/3054 1644/1579/1906 1837/1772/2111
f 1837/1772/2111 2565/2443/3055 2564/2442/3054
f 2566/2444/3056 1643/1578/1905 1644/1579/1906
f 1644/1579/1906 2564/2442/3054 2566/2444/3056
f 2567/2445/3057 1646/1581/1908 1643/1578/1905
f 1643/1578/1905 2566/2444/3056 2567/2445/3057
f 2568/2446/3058 1647/1582/1909 1646/1581/1908
f 1646/1581/1908 2567/2445/3057 2568/2446/3058
f 1650/1585/1912 1647/1582/1909 2568/2446/3058
f 2568/2446/3058 2569/2447/3059 1650/1585/1912
f 1652/1587/1914 1650/1585/1912 2569/2447/3059
f 2569/2447/3059 2570/2448/3060 1652/1587/1914
f 2571/2449/3061 1735/1670/1997 1734/1669/1996
f 1734/1669/1996 2572/2450/3062 2571/2449/3061
f 2573/2451/3063 1656/1591/1918 1655/1590/1917
f 1655/1590/1917 2574/2452/3064 2573/2451/3063
f 1655/1590/1917 1701/1636/1963 2575/2453/3065
f 2575/2453/3065 2574/2452/3064 1655/1590/1917
f 2572/2450/3062 1734/1669/1996 1656/1591/1918
f 1656/1591/1918 2573/2451/3063 2572/2450/3062
f 2565/2443/3055 1837/1772/2111 1839/1774/2113
f 1839/1774/2113 2576/2454/3066 2565/2443/3055
f 2576/2454/3066 1839/1774/2113 2255/2134/2624
f 2255/2134/2624 2562/2440/3052 2576/2454/3066
f 2563/2441/3053 1844/1779/2118 1843/1778/2117
f 1843/1778/2117 2577/2455/3067 2563/2441/3053
f 1701/1636/1963 1652/1587/1914 2570/2448/3060
f 2570/2448/3060 2575/2453/3065 1701/1636/1963
f 2562/2440/3068 2563/2441/3069 2578/2456/3070
f 2564/2442/3071 2565/2443/3072 2578/2456/3070
f 2578/2456/3070 2579/2457/3073 2564/2442/3071
f 2579/2457/3073 2580/2458/3074 2566/2444/3075
f 2566/2444/3075 2564/2442/3071 2579/2457/3073
f 2580/2458/3074 2581/2459/3076 2567/2445/3077
f 2567/2445/3077 2566/2444/3075 2580/2458/3074
f 2581/2459/3076 2582/2460/3078 2568/2446/3079
f 2568/2446/3079 2567/2445/3077 2581/2459/3076
f 2582/2460/3078 2583/2461/3080 2569/2447/3081
f 2569/2447/3081 2568/2446/3079 2582/2460/3078
f 2570/2448/3082 2569/2447/3081 2583/2461/3080
f 2584/2462/3083 2585/2463/3084 2571/2449/3085
f 2571/2449/3085 2572/2450/3086 2584/2462/3083
f 2586/2464/3087 2587/2465/3088 2573/2451/3089
f 2573/2451/3089 2574/2452/3090 2586/2464/3087
f 2588/2466/3091 2586/2464/3087 2574/2452/3090
f 2574/2452/3090 2575/2453/3092 2588/2466/3091
f 2587/2465/3088 2584/2462/3083 2572/2450/3086
f 2572/2450/3086 2573/2451/3089 2587/2465/3088
f 2565/2443/3072 2576/2454/3093 2578/2456/3070
f 2577/2455/3094 2589/2467/3095 2578/2456/3070
f 2576/2454/3093 2562/2440/3068 2578/2456/3070
f 2563/2441/3069 2577/2455/3094 2578/2456/3070
f 2589/2467/3095 2590/2468/3096 2591/2469/3097
f 2591/2469/3097 2578/2456/3070 2589/2467/3095
f 2592/2470/3098 2570/2448/3082 2583/2461/3080
f 1733/1668/1995 2593/2471/3099 2594/2472/3100
f 2594/2472/3100 1803/1738/2073 1733/1668/1995
f 1735/1670/1997 2595/2473/3101 2593/2471/3099
f 2593/2471/3099 1733/1668/1995 1735/1670/1997
f 1803/1738/2073 2594/2472/3100 2596/2474/3102
f 2596/2474/3102 2421/2299/2817 1803/1738/2073
f 2596/2474/3103 2597/2475/3104 2445/2323/2860
f 2445/2323/2860 2421/2299/2861 2596/2474/3103
f 2598/2476/3105 2595/2473/3101 1735/1670/1997
f 1735/1670/1997 2571/2449/3061 2598/2476/3105
f 2585/2463/3084 2599/2477/3106 2598/2476/3107
f 2598/2476/3107 2571/2449/3085 2585/2463/3084
f 2600/2478/3108 2601/2479/3109 2602/2480/3110
f 2602/2480/3110 2603/2481/3111 2600/2478/3108
f 2593/2471/3112 2604/2482/3113 2605/2483/3114
f 2605/2483/3114 2594/2472/3115 2593/2471/3112
f 2594/2472/3115 2605/2483/3114 2606/2484/3116
f 2606/2484/3117 2596/2474/3118 2594/2472/3119
f 2596/2474/3103 2606/2484/3120 2607/2485/3121
f 2607/2485/3121 2597/2475/3104 2596/2474/3103
f 2601/2479/3122 2608/2486/3123 2609/2487/3124
f 2609/2487/3124 2602/2480/3125 2601/2479/3122
f 2599/2477/3126 2610/2488/3127 2611/2489/3126
f 2611/2489/3128 2598/2476/3129 2599/2477/3128
f 2598/2476/3130 2611/2489/3131 2612/2490/3132
f 2612/2490/3132 2595/2473/3133 2598/2476/3130
f 2595/2473/3133 2612/2490/3132 2604/2482/3113
f 2604/2482/3113 2593/2471/3112 2595/2473/3133
f 2603/2481/3111 2613/2491/3134 2600/2478/3108
f 2614/2492/3135 2615/2493/3136 2616/2494/3137
f 2614/2492/3135 2617/2495/3138 2615/2493/3136
f 2618/2496/3139 2619/2497/3140 2617/2495/3138
f 2617/2495/3138 2614/2492/3135 2618/2496/3139
f 2620/2498/3141 2619/2497/3140 2618/2496/3139
f 2618/2496/3139 2621/2498/3142 2620/2498/3141
f 2575/2453/3092 2570/2448/3082 2592/2470/3098
f 2592/2470/3098 2588/2466/3091 2575/2453/3092
f 2616/2494/3137 2615/2493/3136 2622/2499/3143
f 2622/2499/3143 2603/2481/3111 2616/2494/3137
f 2603/2481/3111 2622/2499/3143 2613/2491/3134
f 2075/1992/2364 2062/1983/2351 2061/1982/2350
f 2623/2500/3144 2613/2491/3134 2624/2501/3145
f 2624/2501/3145 2625/2502/3146 2623/2500/3144
f 2600/2478/3108 2613/2491/3134 2623/2500/3144
f 1666/1601/1928 1711/1646/1973 1667/1602/1929
f 1670/1605/1932 1714/1649/1976 1666/1601/1928
f 1672/1607/1934 1717/1652/1979 1670/1605/1932
f 1667/1602/1929 1728/1663/1990 1663/1598/1925
f 1674/1609/1936 1720/1655/1982 1672/1607/1934
f 1663/1598/1925 1709/1644/1971 1661/1596/1923
f 1625/1560/1887 1628/1563/1890 1648/1583/1910
f 1648/1583/1910 1645/1580/1907 1625/1560/1887
f 1647/1582/1909 1629/1564/1891 1624/1559/1886
f 1624/1559/1886 1646/1581/1908 1647/1582/1909
f 1624/1559/1886 1629/1564/1891 1628/1563/1890
f 1628/1563/1890 1625/1560/1887 1624/1559/1886
f 1650/1585/1912 1626/1561/1888 1647/1582/1909
f 1677/1612/3013 2146/2025/2464 2147/2026/2467
f 2147/2026/2467 1682/1617/3147 1677/1612/3013
f 1682/1617/3147 2147/2026/2467 2148/2027/2878
f 2148/2027/2878 1683/1618/3050 1682/1617/3147
f 2626/2503/3148 2627/2504/3149 2609/2487/3150
f 2626/2503/3151 2609/2487/3150 2608/2486/3152
f 2608/2486/3152 2628/2505/3153 2629/2506/3154
f 2626/2503/3151 2608/2486/3152 2629/2506/3154
f 2626/2503/3151 2629/2506/3154 2630/2506/3155
f 1939/1873/2259 2232/2111/2621 1975/1909/2260
f 1806/1741/2076 1807/1742/2077 1487/1422/1748
f 2231/2110/2593 2232/2111/2594 1939/1873/2218
f 1939/1873/2218 1938/1872/2217 2231/2110/2593
f 1806/1741/2076 2231/2110/2625 1938/1872/2626
f 1938/1872/2626 1807/1742/2077 1806/1741/2076
f 1943/1877/2265 1941/1875/2264 1977/1911/2263
f 1503/1438/1764 2254/2133/2620 1808/1743/2078
f 1942/1876/2619 2254/2133/2620 1503/1438/1764
f 1503/1438/1764 1502/1437/1763 1942/1876/2619
f 1502/1437/2222 1941/1875/2221 1943/1877/2225
f 1943/1877/2225 1942/1876/2224 1502/1437/2222
f 1378/1313/1639 1319/768/1578 675/674/704
f 675/674/704 1379/1314/1640 1378/1313/1639
f 1436/1371/1697 558/558/571 1320/1260/1579
f 1320/1260/1579 1437/1372/1698 1436/1371/1697
f 1784/1719/2046 1321/1261/1580 49/49/49
f 49/49/49 1376/1311/1637 1784/1719/2046
f 1322/1262/1581 1323/1263/1582 2014/1948/2303
f 2014/1948/2303 2013/1947/2302 1322/1262/1581
f 2038/1948/2327 1325/1263/1584 1324/707/1583
f 1324/707/1583 2039/1957/2328 2038/1948/2327
f 1326/706/1585 1327/1264/1586 2068/1987/2357
f 2068/1987/2357 2067/1958/2356 1326/706/1585
f 2081/1930/2370 1328/677/1588 824/769/1587
f 824/769/1587 2082/1998/2371 2081/1930/2370
f 1437/1372/1698 1320/1260/1579 548/548/561
f 548/548/561 1580/1515/1842 1437/1372/1698
f 2461/2339/2885 1329/1265/1589 1321/1261/1580
f 1321/1261/1580 1784/1719/2046 2461/2339/2885
f 2494/2372/2924 1206/1149/1591 1329/1265/1590
f 1329/1265/1590 2461/2339/2925 2494/2372/2924
f 1883/1818/2157 1330/1266/1592 543/543/556
f 543/543/556 1867/1802/2141 1883/1818/2157
f 2078/1995/2367 2079/1996/2368 2631/2016/3156
f 2631/2016/3156 2632/2507/2349 2078/1995/2367
f 2633/2508/3157 2634/2509/3158 2635/2510/3159
f 2635/2510/3159 2636/2511/3160 2633/2508/3157
f 2637/2512/3161 2638/2513/3162 2639/2514/3163
f 2639/2514/3163 2640/2515/3164 2637/2512/3161
f 2641/2516/3165 2642/2517/3166 2643/2518/3167
f 2643/2518/3167 2644/2519/3168 2641/2516/3165
f 2645/2520/3169 2646/2521/3170 2647/2522/3171
f 2647/2522/3171 2648/2523/3172 2645/2520/3169
f 2649/2524/3173 2650/2525/3174 2651/2526/3175
f 2651/2526/3175 2652/2527/3176 2649/2524/3173
f 2653/2528/3177 2654/2529/3178 2655/2530/3179
f 2655/2530/3179 2656/2531/3180 2653/2528/3177
f 2657/2532/3181 2658/2533/3182 2659/2534/3183
f 2659/2534/3183 2660/2535/3184 2657/2532/3181
f 2661/2536/3185 2662/2537/3186 2663/2538/3187
f 2663/2538/3187 2664/2539/3188 2661/2536/3185
f 2665/2540/3189 2666/2541/3190 2667/2542/3191
f 2667/2542/3191 2668/2543/3192 2665/2540/3189
f 2669/2544/3193 2670/2545/3194 2671/2546/3195
f 2671/2546/3195 2672/2547/3196 2669/2544/3193
f 2673/2548/3197 2674/2549/3198 2675/2550/3199
f 2675/2550/3199 2676/2551/3200 2673/2548/3197
f 2670/2545/3194 2673/2548/3197 2676/2551/3200
f 2676/2551/3200 2671/2546/3195 2670/2545/3194
f 2677/2552/3201 2678/2553/3202 2666/2541/3190
f 2666/2541/3190 2665/2540/3189 2677/2552/3201
f 2654/2529/3178 2661/2536/3185 2664/2539/3188
f 2664/2539/3188 2655/2530/3179 2654/2529/3178
f 2662/2537/3186 2668/2543/3192 2667/2542/3191
f 2667/2542/3191 2663/2538/3187 2662/2537/3186
f 2677/2552/3201 2669/2544/3193 2672/2547/3196
f 2672/2547/3196 2678/2553/3202 2677/2552/3201
f 2645/2520/3169 2653/2528/3177 2656/2531/3180
f 2656/2531/3180 2646/2521/3170 2645/2520/3169
f 2658/2533/3182 2648/2523/3172 2647/2522/3171
f 2647/2522/3171 2659/2534/3183 2658/2533/3182
f 2650/2525/3174 2657/2532/3181 2660/2535/3184
f 2660/2535/3184 2651/2526/3175 2650/2525/3174
f 2640/2515/3164 2639/2514/3163 2634/2509/3158
f 2634/2509/3158 2633/2508/3157 2640/2515/3164
f 2644/2519/3168 2643/2518/3167 2638/2513/3162
f 2638/2513/3162 2637/2512/3161 2644/2519/3168
f 2641/2516/3165 2649/2524/3173 2652/2527/3176
f 2652/2527/3176 2642/2517/3166 2641/2516/3165
f 2679/2554/3203 2680/2555/3204 2635/2510/3159
f 2635/2510/3159 2634/2509/3158 2679/2554/3203
f 2681/2556/3205 2682/2557/3206 2639/2514/3163
f 2639/2514/3163 2638/2513/3162 2681/2556/3205
f 2683/2558/3207 2684/2559/3208 2643/2518/3167
f 2643/2518/3167 2642/2517/3166 2683/2558/3207
f 2651/2526/3175 2685/2560/3209 2686/2561/3210
f 2686/2561/3210 2652/2527/3176 2651/2526/3175
f 2687/2562/3211 2688/2563/3212 2656/2531/3180
f 2656/2531/3180 2655/2530/3179 2687/2562/3211
f 2689/2564/3213 2690/2565/3214 2664/2539/3188
f 2664/2539/3188 2663/2538/3187 2689/2564/3213
f 2691/2566/3215 2692/2567/3216 2667/2542/3191
f 2667/2542/3191 2666/2541/3190 2691/2566/3215
f 2693/2568/3217 2694/2569/3218 2672/2547/3196
f 2672/2547/3196 2671/2546/3195 2693/2568/3217
f 2695/2570/3219 2696/2571/3220 2676/2551/3200
f 2676/2551/3200 2675/2550/3199 2695/2570/3219
f 2696/2571/3220 2693/2568/3217 2671/2546/3195
f 2671/2546/3195 2676/2551/3200 2696/2571/3220
f 2697/2572/3221 2691/2566/3215 2666/2541/3190
f 2666/2541/3190 2678/2553/3202 2697/2572/3221
f 2690/2565/3214 2687/2562/3211 2655/2530/3179
f 2655/2530/3179 2664/2539/3188 2690/2565/3214
f 2692/2567/3216 2689/2564/3213 2663/2538/3187
f 2663/2538/3187 2667/2542/3191 2692/2567/3216
f 2694/2569/3218 2697/2572/3221 2678/2553/3202
f 2678/2553/3202 2672/2547/3196 2694/2569/3218
f 2698/2573/3222 2685/2560/3209 2651/2526/3175
f 2651/2526/3175 2660/2535/3184 2698/2573/3222
f 2680/2555/3204 2699/2574/3223 2700/2575/3224
f 2700/2575/3224 2635/2510/3159 2680/2555/3204
f 2682/2557/3206 2679/2554/3203 2634/2509/3158
f 2634/2509/3158 2639/2514/3163 2682/2557/3206
f 2643/2518/3167 2684/2559/3208 2681/2556/3205
f 2681/2556/3205 2638/2513/3162 2643/2518/3167
f 2701/2576/3225 2683/2558/3207 2642/2517/3166
f 2642/2517/3166 2652/2527/3176 2701/2576/3225
f 2674/2549/3198 2702/2577/3226 2703/2578/3227
f 2703/2578/3227 2675/2550/3199 2674/2549/3198
f 2675/2550/3199 2703/2578/3227 2704/2579/3228
f 2704/2579/3228 2695/2570/3219 2675/2550/3199
f 2705/2580/3157 2706/2581/3229 2680/2555/3204
f 2680/2555/3204 2679/2554/3203 2705/2580/3157
f 2707/2582/3230 2708/2583/3231 2682/2557/3206
f 2682/2557/3206 2681/2556/3205 2707/2582/3230
f 2709/2584/3232 2710/2585/3233 2684/2559/3208
f 2684/2559/3208 2683/2558/3207 2709/2584/3232
f 2711/2586/3234 2712/2587/3235 2686/2561/3210
f 2686/2561/3210 2685/2560/3209 2711/2586/3234
f 2713/2588/3236 2711/2586/3234 2685/2560/3209
f 2685/2560/3209 2698/2573/3222 2713/2588/3236
f 2706/2581/3229 2714/2589/3237 2699/2574/3223
f 2699/2574/3223 2680/2555/3204 2706/2581/3229
f 2708/2583/3231 2705/2580/3157 2679/2554/3203
f 2679/2554/3203 2682/2557/3206 2708/2583/3231
f 2684/2559/3208 2710/2585/3233 2707/2582/3230
f 2707/2582/3230 2681/2556/3205 2684/2559/3208
f 2712/2587/3235 2715/2590/3238 2701/2576/3225
f 2701/2576/3225 2686/2561/3210 2712/2587/3235
f 2698/2573/3222 2660/2535/3184 2659/2534/3183
f 2659/2534/3183 2716/2591/3239 2698/2573/3222
f 2706/2581/3240 2705/2580/3241 2717/2592/3242
f 2717/2592/3242 2718/2593/3243 2706/2581/3240
f 2708/2583/3244 2707/2582/3245 2719/2594/3246
f 2719/2594/3246 2720/2595/3247 2708/2583/3244
f 2710/2585/3248 2709/2584/3249 2721/2596/3250
f 2721/2596/3250 2722/2597/3251 2710/2585/3248
f 2712/2587/3252 2711/2586/3253 2723/2598/3254
f 2723/2598/3254 2724/2599/3255 2712/2587/3252
f 2711/2586/3253 2713/2588/3256 2725/2600/3257
f 2725/2600/3257 2723/2598/3254 2711/2586/3253
f 2705/2580/3241 2708/2583/3244 2720/2595/3247
f 2720/2595/3247 2717/2592/3242 2705/2580/3241
f 2707/2582/3245 2710/2585/3248 2722/2597/3251
f 2722/2597/3251 2719/2594/3246 2707/2582/3245
f 2709/2584/3249 2715/2590/3258 2726/2601/3259
f 2726/2601/3259 2721/2596/3250 2709/2584/3249
f 2725/2600/3257 2727/2602/3260 2723/2598/3254
f 2723/2598/3254 2728/2603/3261 2724/2599/3255
f 2724/2599/3255 2728/2603/3261 2726/2601/3259
f 2729/2604/3262 2730/2605/3263 2722/2597/3251
f 2722/2597/3251 2721/2596/3250 2729/2604/3262
f 2730/2605/3263 2731/2606/3264 2719/2594/3246
f 2719/2594/3246 2722/2597/3251 2730/2605/3263
f 2719/2594/3246 2731/2606/3264 2720/2595/3247
f 2731/2606/3264 2732/2607/3265 2717/2592/3242
f 2717/2592/3242 2720/2595/3247 2731/2606/3264
f 2717/2592/3242 2732/2607/3265 2718/2593/3243
f 2718/2593/3243 2732/2607/3265 2733/2608/3266
f 2733/2608/3266 2734/2609/3267 2718/2593/3243
f 2727/2602/3260 2728/2603/3261 2723/2598/3254
f 2715/2590/3238 2709/2584/3232 2683/2558/3207
f 2683/2558/3207 2701/2576/3225 2715/2590/3238
f 2715/2590/3258 2712/2587/3252 2724/2599/3255
f 2724/2599/3255 2726/2601/3259 2715/2590/3258
f 2652/2527/3176 2686/2561/3210 2701/2576/3225
f 2728/2603/3261 2729/2604/3262 2726/2601/3259
f 2729/2604/3262 2721/2596/3250 2726/2601/3259
f 2636/2511/3160 2635/2510/3159 2700/2575/3224
f 2700/2575/3224 2735/2610/3223 2636/2511/3160
f 2706/2581/3240 2718/2593/3243 2734/2609/3267
f 2734/2609/3267 2714/2589/3268 2706/2581/3240
f 2736/2611/3269 2737/2612/3270 2738/2613/3271
f 2738/2613/3271 2739/2614/3272 2736/2611/3269
f 2740/2615/3273 2741/2616/3274 2742/2617/3275
f 2742/2617/3275 2743/2618/3276 2740/2615/3273
f 2744/2619/3277 2745/2620/3278 2746/2621/3279
f 2746/2621/3279 2747/2622/3280 2744/2619/3277
f 2748/2623/3281 2749/2624/3282 2750/2625/3283
f 2750/2625/3283 2751/2626/3284 2748/2623/3281
f 2752/2627/3285 2753/2628/3286 2754/2629/3287
f 2754/2629/3287 2755/2630/3288 2752/2627/3285
f 2756/2631/3289 2757/2632/3290 2758/2633/3291
f 2758/2633/3291 2759/2634/3292 2756/2631/3289
f 2760/2635/3293 2761/2636/3294 2762/2637/3295
f 2762/2637/3295 2763/2638/3296 2760/2635/3293
f 2764/2639/3297 2765/2640/3298 2766/2641/3299
f 2766/2641/3299 2767/2642/3300 2764/2639/3297
f 2768/2643/3301 2769/2644/3302 2770/2645/3303
f 2770/2645/3303 2771/2646/3304 2768/2643/3301
f 2772/2647/3305 2773/2648/3306 2774/2649/3307
f 2774/2649/3307 2775/2650/3308 2772/2647/3305
f 2776/2651/3309 2777/2652/3310 2778/2653/3311
f 2778/2653/3311 2779/2654/3312 2776/2651/3309
f 2775/2650/3308 2774/2649/3307 2777/2652/3310
f 2777/2652/3310 2776/2651/3309 2775/2650/3308
f 2780/2655/3313 2768/2643/3301 2771/2646/3304
f 2771/2646/3304 2781/2656/3314 2780/2655/3313
f 2759/2634/3292 2758/2633/3291 2765/2640/3298
f 2765/2640/3298 2764/2639/3297 2759/2634/3292
f 2767/2642/3300 2766/2641/3299 2770/2645/3303
f 2770/2645/3303 2769/2644/3302 2767/2642/3300
f 2780/2655/3313 2781/2656/3314 2773/2648/3306
f 2773/2648/3306 2772/2647/3305 2780/2655/3313
f 2748/2623/3281 2751/2626/3284 2757/2632/3290
f 2757/2632/3290 2756/2631/3289 2748/2623/3281
f 2763/2638/3296 2762/2637/3295 2750/2625/3283
f 2750/2625/3283 2749/2624/3282 2763/2638/3296
f 2755/2630/3288 2754/2629/3287 2761/2636/3294
f 2761/2636/3294 2760/2635/3293 2755/2630/3288
f 2741/2616/3274 2736/2611/3269 2739/2614/3272
f 2739/2614/3272 2742/2617/3275 2741/2616/3274
f 2745/2620/3278 2740/2615/3273 2743/2618/3276
f 2743/2618/3276 2746/2621/3279 2745/2620/3278
f 2744/2619/3277 2747/2622/3280 2753/2628/3286
f 2753/2628/3286 2752/2627/3285 2744/2619/3277
f 2782/2657/3315 2739/2614/3272 2738/2613/3271
f 2738/2613/3271 2783/2658/3316 2782/2657/3315
f 2784/2659/3317 2743/2618/3276 2742/2617/3275
f 2742/2617/3275 2785/2660/3318 2784/2659/3317
f 2786/2661/3319 2747/2622/3280 2746/2621/3279
f 2746/2621/3279 2787/2662/3320 2786/2661/3319
f 2788/2663/3321 2751/2626/3284 2750/2625/3283
f 2750/2625/3283 2789/2664/3322 2788/2663/3321
f 2754/2629/3287 2753/2628/3286 2790/2665/3323
f 2790/2665/3323 2791/2666/3324 2754/2629/3287
f 2792/2667/3325 2758/2633/3291 2757/2632/3290
f 2757/2632/3290 2793/2668/3326 2792/2667/3325
f 2794/2669/3327 2766/2641/3299 2765/2640/3298
f 2765/2640/3298 2795/2670/3328 2794/2669/3327
f 2796/2671/3329 2771/2646/3304 2770/2645/3303
f 2770/2645/3303 2797/2672/3330 2796/2671/3329
f 2798/2673/3331 2774/2649/3307 2773/2648/3306
f 2773/2648/3306 2799/2674/3332 2798/2673/3331
f 2800/2675/3333 2778/2653/3311 2777/2652/3310
f 2777/2652/3310 2801/2676/3334 2800/2675/3333
f 2801/2676/3334 2777/2652/3310 2774/2649/3307
f 2774/2649/3307 2798/2673/3331 2801/2676/3334
f 2802/2677/3335 2781/2656/3314 2771/2646/3304
f 2771/2646/3304 2796/2671/3329 2802/2677/3335
f 2795/2670/3328 2765/2640/3298 2758/2633/3291
f 2758/2633/3291 2792/2667/3325 2795/2670/3328
f 2797/2672/3330 2770/2645/3303 2766/2641/3299
f 2766/2641/3299 2794/2669/3327 2797/2672/3330
f 2799/2674/3332 2773/2648/3306 2781/2656/3314
f 2781/2656/3314 2802/2677/3335 2799/2674/3332
f 2793/2668/3326 2757/2632/3290 2751/2626/3284
f 2751/2626/3284 2788/2663/3321 2793/2668/3326
f 2789/2664/3322 2750/2625/3283 2762/2637/3295
f 2762/2637/3295 2803/2678/3336 2789/2664/3322
f 2804/2679/3337 2761/2636/3294 2754/2629/3287
f 2754/2629/3287 2791/2666/3324 2804/2679/3337
f 2783/2658/3316 2738/2613/3271 2700/2575/3224
f 2700/2575/3224 2699/2574/3223 2783/2658/3316
f 2785/2660/3318 2742/2617/3275 2739/2614/3272
f 2739/2614/3272 2782/2657/3315 2785/2660/3318
f 2746/2621/3279 2743/2618/3276 2784/2659/3317
f 2784/2659/3317 2787/2662/3320 2746/2621/3279
f 2805/2680/3338 2753/2628/3286 2747/2622/3280
f 2747/2622/3280 2786/2661/3319 2805/2680/3338
f 2779/2654/3312 2778/2653/3311 2806/2681/3339
f 2806/2681/3339 2807/2682/3340 2779/2654/3312
f 2778/2653/3311 2800/2675/3333 2808/2683/3341
f 2808/2683/3341 2806/2681/3339 2778/2653/3311
f 2809/2684/3269 2782/2657/3315 2783/2658/3316
f 2783/2658/3316 2810/2685/3342 2809/2684/3269
f 2811/2686/3343 2784/2659/3317 2785/2660/3318
f 2785/2660/3318 2812/2687/3344 2811/2686/3343
f 2813/2688/3345 2786/2661/3319 2787/2662/3320
f 2787/2662/3320 2814/2689/3346 2813/2688/3345
f 2815/2690/3347 2791/2666/3324 2790/2665/3323
f 2790/2665/3323 2816/2691/3348 2815/2690/3347
f 2817/2692/3349 2804/2679/3337 2791/2666/3324
f 2791/2666/3324 2815/2690/3347 2817/2692/3349
f 2810/2685/3342 2783/2658/3316 2699/2574/3223
f 2699/2574/3223 2714/2589/3237 2810/2685/3342
f 2812/2687/3344 2785/2660/3318 2782/2657/3315
f 2782/2657/3315 2809/2684/3269 2812/2687/3344
f 2787/2662/3320 2784/2659/3317 2811/2686/3343
f 2811/2686/3343 2814/2689/3346 2787/2662/3320
f 2816/2691/3348 2790/2665/3323 2805/2680/3338
f 2805/2680/3338 2818/2693/3350 2816/2691/3348
f 2804/2679/3337 2803/2678/3336 2762/2637/3295
f 2762/2637/3295 2761/2636/3294 2804/2679/3337
f 2810/2685/3351 2819/2694/3352 2820/2695/3353
f 2820/2695/3353 2809/2684/3354 2810/2685/3351
f 2812/2687/3355 2821/2696/3356 2822/2697/3357
f 2822/2697/3357 2811/2686/3358 2812/2687/3355
f 2814/2689/3359 2823/2698/3360 2824/2699/3361
f 2824/2699/3361 2813/2688/3362 2814/2689/3359
f 2816/2691/3363 2825/2700/3364 2826/2701/3365
f 2826/2701/3365 2815/2690/3366 2816/2691/3363
f 2815/2690/3366 2826/2701/3365 2827/2702/3367
f 2827/2702/3367 2817/2692/3368 2815/2690/3366
f 2809/2684/3354 2820/2695/3353 2821/2696/3356
f 2821/2696/3356 2812/2687/3355 2809/2684/3354
f 2811/2686/3358 2822/2697/3357 2823/2698/3360
f 2823/2698/3360 2814/2689/3359 2811/2686/3358
f 2813/2688/3362 2824/2699/3361 2828/2703/3369
f 2828/2703/3369 2818/2693/3370 2813/2688/3362
f 2827/2702/3367 2826/2701/3365 2829/2704/3371
f 2826/2701/3365 2825/2700/3364 2830/2705/3372
f 2825/2700/3364 2828/2703/3369 2830/2705/3372
f 2831/2706/3373 2824/2699/3361 2823/2698/3360
f 2823/2698/3360 2832/2707/3374 2831/2706/3373
f 2832/2707/3374 2823/2698/3360 2822/2697/3357
f 2822/2697/3357 2833/2708/3375 2832/2707/3374
f 2822/2697/3357 2821/2696/3356 2833/2708/3375
f 2833/2708/3375 2821/2696/3356 2820/2695/3353
f 2820/2695/3353 2834/2709/3376 2833/2708/3375
f 2820/2695/3353 2819/2694/3352 2834/2709/3376
f 2819/2694/3352 2734/2609/3267 2733/2608/3266
f 2733/2608/3266 2834/2709/3376 2819/2694/3352
f 2829/2704/3371 2826/2701/3365 2830/2705/3372
f 2818/2693/3350 2805/2680/3338 2786/2661/3319
f 2786/2661/3319 2813/2688/3345 2818/2693/3350
f 2818/2693/3370 2828/2703/3369 2825/2700/3364
f 2825/2700/3364 2816/2691/3363 2818/2693/3370
f 2753/2628/3286 2805/2680/3338 2790/2665/3323
f 2830/2705/3372 2828/2703/3369 2831/2706/3373
f 2831/2706/3373 2828/2703/3369 2824/2699/3361
f 2737/2612/3270 2735/2610/3223 2700/2575/3224
f 2700/2575/3224 2738/2613/3271 2737/2612/3270
f 2810/2685/3351 2714/2589/3268 2734/2609/3267
f 2734/2609/3267 2819/2694/3352 2810/2685/3351
f 2835/2710/3377 2659/2534/3183 2647/2522/3171
f 2647/2522/3171 2836/2711/3378 2835/2710/3377
f 2836/2711/3378 2647/2522/3171 2646/2521/3170
f 2646/2521/3170 2837/2712/3379 2836/2711/3378
f 2838/2713/3380 2656/2531/3180 2688/2563/3212
f 2688/2563/3212 2839/2714/3381 2838/2713/3380
f 2840/2715/3382 2659/2534/3183 2841/2716/3383
f 2841/2716/3383 2659/2534/3183 2835/2710/3377
f 2842/2717/3384 2656/2531/3180 2843/2718/3385
f 2843/2718/3385 2656/2531/3180 2838/2713/3380
f 2844/2719/3386 2845/2720/3387 2846/2721/3388
f 2846/2721/3388 2847/2722/3389 2844/2719/3386
f 2848/2723/3390 2844/2719/3386 2847/2722/3389
f 2847/2722/3389 2849/2724/3391 2848/2723/3390
f 2850/2725/3392 2851/2726/3393 2852/2727/3394
f 2852/2727/3394 2853/2728/3395 2850/2725/3392
f 2854/2729/3396 2855/2730/3397 2856/2731/3398
f 2856/2731/3398 2857/2732/3399 2854/2729/3396
f 2845/2720/3387 2854/2729/3396 2857/2732/3399
f 2857/2732/3399 2846/2721/3388 2845/2720/3387
f 2855/2730/3397 2858/2733/3400 2859/2734/3401
f 2859/2734/3401 2856/2731/3398 2855/2730/3397
f 2860/2735/3402 2861/2736/3403 2862/2737/3404
f 2862/2737/3404 2863/2738/3405 2860/2735/3402
f 2851/2726/3393 2860/2735/3402 2863/2738/3406
f 2863/2738/3406 2852/2727/3394 2851/2726/3393
f 2861/2736/3403 2848/2723/3390 2849/2724/3391
f 2849/2724/3391 2862/2737/3404 2861/2736/3403
f 2859/2734/3407 2858/2733/3407 2716/2591/3407
f 2853/2728/3408 2688/2563/3408 2850/2725/3408
f 2844/2719/3386 2864/2739/3409 2865/2740/3410
f 2865/2740/3410 2845/2720/3387 2844/2719/3386
f 2848/2723/3390 2866/2741/3411 2864/2739/3409
f 2864/2739/3409 2844/2719/3386 2848/2723/3390
f 2850/2725/3392 2867/2742/3412 2851/2726/3393
f 2854/2729/3396 2868/2743/3413 2869/2744/3414
f 2869/2744/3414 2855/2730/3397 2854/2729/3396
f 2845/2720/3387 2865/2740/3410 2868/2743/3413
f 2868/2743/3413 2854/2729/3396 2845/2720/3387
f 2855/2730/3397 2869/2744/3414 2858/2733/3415
f 2860/2735/3402 2870/2745/3416 2871/2746/3417
f 2871/2746/3417 2861/2736/3403 2860/2735/3402
f 2851/2726/3393 2867/2742/3412 2870/2745/3416
f 2870/2745/3416 2860/2735/3402 2851/2726/3393
f 2861/2736/3403 2871/2746/3417 2866/2741/3411
f 2866/2741/3411 2848/2723/3390 2861/2736/3403
f 2839/2714/3381 2853/2728/3418 2852/2727/3419
f 2852/2727/3419 2838/2713/3380 2839/2714/3381
f 2838/2713/3380 2852/2727/3419 2863/2738/3420
f 2863/2738/3420 2843/2718/3385 2838/2713/3380
f 2843/2718/3385 2863/2738/3420 2862/2737/3421
f 2862/2737/3421 2842/2717/3384 2843/2718/3385
f 2646/2521/3170 2656/2531/3180 2842/2717/3384
f 2842/2717/3384 2837/2712/3379 2646/2521/3170
f 2842/2717/3384 2862/2737/3421 2849/2724/3422
f 2849/2724/3422 2837/2712/3379 2842/2717/3384
f 2849/2724/3422 2847/2722/3423 2836/2711/3378
f 2836/2711/3378 2837/2712/3379 2849/2724/3422
f 2835/2710/3377 2836/2711/3378 2847/2722/3423
f 2847/2722/3423 2846/2721/3424 2835/2710/3377
f 2835/2710/3377 2846/2721/3424 2857/2732/3425
f 2857/2732/3425 2841/2716/3383 2835/2710/3377
f 2841/2716/3383 2857/2732/3425 2856/2731/3426
f 2856/2731/3426 2840/2715/3382 2841/2716/3383
f 2716/2591/3239 2659/2534/3183 2840/2715/3382
f 2840/2715/3382 2872/2747/3427 2716/2591/3239
f 2856/2731/3426 2859/2734/3428 2872/2747/3427
f 2872/2747/3427 2840/2715/3382 2856/2731/3426
f 2859/2734/3428 2716/2591/3239 2872/2747/3427
f 2839/2714/3381 2688/2563/3212 2853/2728/3418
f 2873/2748/3429 2874/2749/3430 2875/2750/3431
f 2875/2750/3431 2876/2751/3432 2873/2748/3429
f 2877/2752/3433 2878/2753/3434 2873/2748/3429
f 2873/2748/3429 2879/2754/3435 2877/2752/3433
f 2874/2749/3430 2880/2755/3436 2881/2756/3437
f 2882/2757/3438 2883/2758/3439 2884/2759/3440
f 2885/2760/3441 2886/2761/3442 2887/2762/3443
f 2888/2763/3444 2889/2764/3445 2890/2765/3446
f 2891/2766/3447 2892/2767/3448 2893/2768/3449
f 2893/2768/3449 2894/2769/3450 2891/2766/3447
f 2895/2770/3451 2876/2751/3432 2891/2766/3447
f 2891/2766/3447 2896/2771/3452 2895/2770/3451
f 2897/2772/3453 2898/2773/3454 2892/2767/3448
f 2892/2767/3448 2899/2774/3455 2897/2772/3453
f 2900/2775/3456 2901/2776/3457 2899/2774/3455
f 2899/2774/3455 2902/2777/3458 2900/2775/3456
f 2903/2778/3459 2904/2779/3460 2902/2777/3458
f 2902/2777/3458 2905/2780/3461 2903/2778/3459
f 2906/2781/3462 2907/2782/3463 2908/2783/3464
f 2908/2783/3464 2905/2780/3461 2906/2781/3462
f 2895/2770/3451 2909/2784/3465 2910/2785/3466
f 2910/2785/3466 2879/2754/3435 2895/2770/3451
f 2878/2753/3434 2880/2755/3436 2874/2749/3430
f 2874/2749/3430 2873/2748/3429 2878/2753/3434
f 2882/2757/3438 2911/2786/3467 2875/2750/3431
f 2875/2750/3431 2874/2749/3430 2882/2757/3438
f 2881/2756/3437 2883/2758/3439 2882/2757/3438
f 2882/2757/3438 2874/2749/3430 2881/2756/3437
f 2912/2787/3468 2913/2788/3469 2914/2789/3470
f 2914/2789/3470 2896/2771/3452 2912/2787/3468
f 2875/2750/3431 2892/2767/3448 2891/2766/3447
f 2891/2766/3447 2876/2751/3432 2875/2750/3431
f 2911/2786/3467 2899/2774/3455 2892/2767/3448
f 2892/2767/3448 2875/2750/3431 2911/2786/3467
f 2892/2767/3448 2898/2773/3454 2893/2768/3449
f 2885/2760/3441 2915/2790/3471 2911/2786/3467
f 2911/2786/3467 2882/2757/3438 2885/2760/3441
f 2884/2759/3440 2886/2761/3442 2885/2760/3441
f 2885/2760/3441 2882/2757/3438 2884/2759/3440
f 2916/2791/3472 2915/2790/3471 2885/2760/3441
f 2885/2760/3441 2888/2763/3444 2916/2791/3472
f 2887/2762/3443 2889/2764/3445 2888/2763/3444
f 2888/2763/3444 2885/2760/3441 2887/2762/3443
f 2917/2792/3473 2918/2793/3474 2919/2794/3475
f 2919/2794/3475 2920/2795/3476 2917/2792/3473
f 2921/2796/3477 2922/2797/3478 2918/2793/3474
f 2918/2793/3474 2917/2792/3473 2921/2796/3477
f 2915/2790/3471 2902/2777/3458 2899/2774/3455
f 2899/2774/3455 2911/2786/3467 2915/2790/3471
f 2899/2774/3455 2901/2776/3457 2897/2772/3453
f 2905/2780/3461 2902/2777/3458 2915/2790/3471
f 2915/2790/3471 2916/2791/3472 2905/2780/3461
f 2902/2777/3458 2904/2779/3460 2900/2775/3456
f 2920/2795/3476 2919/2794/3475 2923/2798/3479
f 2923/2798/3479 2906/2781/3462 2920/2795/3476
f 2905/2780/3461 2908/2783/3464 2903/2778/3459
f 2924/2799/3480 2925/2800/3481 2926/2801/3482
f 2926/2801/3482 2927/2802/3483 2924/2799/3480
f 2928/2803/3484 2929/2804/3485 2930/2805/3486
f 2930/2805/3486 2931/2806/3487 2928/2803/3484
f 2932/2807/3488 2933/2808/3489 2934/2809/3490
f 2934/2809/3490 2935/2810/3491 2932/2807/3488
f 2936/2811/3492 2937/2812/3493 2938/2813/3494
f 2938/2813/3494 2939/2814/3495 2936/2811/3492
f 2940/2815/3496 2941/2816/3497 2942/2817/3498
f 2942/2817/3498 2943/2818/3499 2940/2815/3496
f 2944/2819/3500 2945/2820/3501 2946/2821/3502
f 2946/2821/3502 2947/2822/3503 2944/2819/3500
f 2948/2823/3504 2949/2824/3505 2950/2825/3506
f 2950/2825/3506 2951/2826/3507 2948/2823/3504
f 2952/2827/3508 2953/2828/3509 2954/2829/3510
f 2954/2829/3510 2955/2830/3511 2952/2827/3508
f 2956/2831/3512 2957/2832/3513 2958/2833/3514
f 2958/2833/3514 2959/2834/3515 2956/2831/3512
f 2960/2835/3516 2961/2836/3517 2962/2837/3518
f 2962/2837/3518 2963/2838/3519 2960/2835/3516
f 2964/2839/3520 2965/2840/3521 2966/2841/3522
f 2966/2841/3522 2967/2842/3523 2964/2839/3520
f 2968/2843/3524 2949/2824/3505 2969/2844/3525
f 2969/2844/3525 2970/2845/3526 2968/2843/3524
f 2931/2806/3487 2930/2805/3486 2971/2846/3527
f 2971/2846/3527 2972/2847/3528 2931/2806/3487
f 2970/2845/3526 2969/2844/3525 2973/2848/3529
f 2973/2848/3529 2974/2849/3530 2970/2845/3526
f 2935/2810/3491 2934/2809/3490 2929/2804/3485
f 2929/2804/3485 2928/2803/3484 2935/2810/3491
f 2975/2850/3531 2976/2851/3532 2945/2820/3501
f 2945/2820/3501 2944/2819/3500 2975/2850/3531
f 2947/2822/3503 2946/2821/3502 2953/2828/3509
f 2953/2828/3509 2952/2827/3508 2947/2822/3503
f 2974/2849/3530 2973/2848/3529 2977/2852/3533
f 2977/2852/3533 2978/2853/3534 2974/2849/3530
f 2939/2814/3495 2938/2813/3494 2933/2808/3489
f 2933/2808/3489 2932/2807/3488 2939/2814/3495
f 2978/2853/3534 2977/2852/3533 2979/2854/3535
f 2979/2854/3535 2980/2855/3536 2978/2853/3534
f 2943/2818/3499 2942/2817/3498 2937/2812/3493
f 2937/2812/3493 2936/2811/3492 2943/2818/3499
f 2981/2856/3537 2982/2857/3538 2980/2855/3536
f 2980/2855/3536 2979/2854/3535 2981/2856/3537
f 2983/2858/3539 2984/2859/3540 2941/2816/3497
f 2941/2816/3497 2940/2815/3496 2983/2858/3539
f 2955/2830/3511 2954/2829/3510 2957/2832/3513
f 2957/2832/3513 2956/2831/3512 2955/2830/3511
f 2959/2834/3515 2958/2833/3514 2961/2836/3517
f 2961/2836/3517 2960/2835/3516 2959/2834/3515
f 2979/2854/3535 2985/2860/3541 2981/2856/3537
f 2963/2838/3519 2962/2837/3518 2986/2861/3542
f 2986/2861/3542 2987/2862/3543 2963/2838/3519
f 2988/2863/3544 2989/2864/3545 2990/2865/3546
f 2990/2865/3546 2991/2866/3547 2988/2863/3544
f 2992/2867/3548 2993/2868/3549 2994/2869/3550
f 2994/2869/3550 2995/2870/3551 2992/2867/3548
f 2996/2871/3552 2997/2872/3553 2998/2873/3554
f 2998/2873/3554 2999/2874/3555 2996/2871/3552
f 3000/2875/3556 3001/2876/3557 3002/2877/3558
f 3002/2877/3558 3003/2878/3559 3000/2875/3556
f 3004/2879/3560 3005/2880/3561 3006/2881/3562
f 3006/2881/3562 3007/2882/3563 3004/2879/3560
f 3008/2883/3564 3009/2884/3565 3010/2885/3566
f 3010/2885/3566 3011/2886/3567 3008/2883/3564
f 3012/2887/3568 3013/2888/3569 3014/2889/3570
f 3014/2889/3570 3015/2890/3571 3012/2887/3568
f 2909/2784/3572 2914/2789/3573 3016/2891/3574
f 3016/2891/3574 3017/2892/3575 2909/2784/3572
f 3018/2893/3576 3019/2894/3577 3020/2895/3578
f 3020/2895/3578 3021/2896/3579 3018/2893/3576
f 3022/2897/3580 3023/2898/3581 3024/2899/3582
f 3024/2899/3582 3025/2900/3583 3022/2897/3580
f 3026/2901/3584 3027/2902/3585 3028/2903/3586
f 3028/2903/3586 3029/2904/3587 3026/2901/3584
f 3030/2905/3588 3031/2906/3589 3032/2907/3590
f 3032/2907/3591 3033/2908/3592 3030/2905/3593
f 2909/2784/3572 3017/2892/3575 3034/2909/3594
f 3034/2909/3594 2910/2785/3595 2909/2784/3572
f 2992/2867/3548 2995/2870/3551 2997/2872/3553
f 2997/2872/3553 2996/2871/3552 2992/2867/3548
f 2999/2874/3555 2998/2873/3554 3001/2876/3557
f 3001/2876/3557 3000/2875/3556 2999/2874/3555
f 3035/2910/3596 3036/2911/3597 3037/2912/3598
f 3037/2912/3599 3038/2913/3600 3035/2910/3601
f 3039/2914/3602 3016/2891/3574 2914/2789/3573
f 2914/2789/3573 2913/2788/3603 3039/2914/3602
f 3021/2896/3579 3020/2895/3578 3013/2888/3569
f 3013/2888/3569 3012/2887/3568 3021/2896/3579
f 3003/2878/3559 3002/2877/3558 3005/2880/3561
f 3005/2880/3561 3004/2879/3560 3003/2878/3559
f 3007/2882/3563 3006/2881/3562 3009/2884/3565
f 3009/2884/3565 3008/2883/3564 3007/2882/3563
f 2919/2794/3604 2918/2793/3605 3040/2915/3606
f 3040/2915/3606 3041/2916/3607 2919/2794/3604
f 3042/2917/3608 3043/2918/3609 3044/2919/3610
f 3044/2919/3610 3045/2920/3611 3042/2917/3608
f 2918/2793/3605 2922/2797/3612 3046/2921/3613
f 3046/2921/3613 3040/2915/3606 2918/2793/3605
f 3025/2900/3583 3024/2899/3582 3019/2894/3577
f 3019/2894/3577 3018/2893/3576 3025/2900/3583
f 3029/2904/3587 3028/2903/3586 3023/2898/3581
f 3023/2898/3581 3022/2897/3580 3029/2904/3587
f 2919/2794/3604 3041/2916/3607 3047/2922/3614
f 3047/2922/3614 2923/2798/3615 2919/2794/3604
f 3048/2923/3616 3049/2924/3617 3027/2902/3585
f 3027/2902/3585 3026/2901/3584 3048/2923/3616
f 3049/2924/3617 3048/2923/3616 3050/2925/3618
f 3050/2925/3618 3051/2926/3619 3049/2924/3617
f 3033/2908/3620 2907/2782/3463 2906/2781/3462
f 2906/2781/3462 2923/2798/3479 3033/2908/3620
f 2888/2763/3444 2917/2792/3473 2920/2795/3476
f 2920/2795/3476 2916/2791/3472 2888/2763/3444
f 2890/2765/3446 2921/2796/3477 2917/2792/3473
f 2917/2792/3473 2888/2763/3444 2890/2765/3446
f 2916/2791/3472 2920/2795/3476 2906/2781/3462
f 2906/2781/3462 2905/2780/3461 2916/2791/3472
f 2985/2860/3541 2979/2854/3535 2987/2862/3543
f 2987/2862/3543 2964/2839/3520 2985/2860/3541
f 2982/2857/3538 2981/2856/3537 3052/2927/3621
f 3052/2927/3621 3053/2928/3622 2982/2857/3538
f 2983/2858/3539 2982/2857/3538 3053/2928/3622
f 3053/2928/3622 3054/2929/3623 2983/2858/3539
f 2981/2856/3537 2985/2860/3541 3055/2930/3624
f 3055/2930/3624 3052/2927/3621 2981/2856/3537
f 3045/2920/3611 3044/2919/3610 3011/2886/3567
f 3011/2886/3567 3010/2885/3566 3045/2920/3611
f 3051/2926/3619 3050/2925/3618 3032/2907/3625
f 3032/2907/3625 3056/2931/3626 3051/2926/3619
f 2990/2865/3627 2877/2752/3433 2879/2754/3435
f 2879/2754/3435 2910/2785/3466 2990/2865/3627
f 2909/2784/3465 2895/2770/3451 2896/2771/3452
f 2896/2771/3452 2914/2789/3470 2909/2784/3465
f 2876/2751/3432 2895/2770/3451 2879/2754/3435
f 2879/2754/3435 2873/2748/3429 2876/2751/3432
f 2894/2769/3450 2912/2787/3468 2896/2771/3452
f 2896/2771/3452 2891/2766/3447 2894/2769/3450
f 2924/2799/3480 2968/2843/3524 2970/2845/3526
f 2970/2845/3526 2972/2847/3528 2924/2799/3480
f 2948/2823/3504 2969/2844/3525 2949/2824/3505
f 2949/2824/3505 2968/2843/3524 3057/2932/3628
f 3057/2932/3628 2950/2825/3506 2949/2824/3505
f 2975/2850/3531 2948/2823/3504 2951/2826/3507
f 2951/2826/3507 3058/2933/3629 2975/2850/3531
f 3059/2934/3630 2994/2869/3550 2993/2868/3549
f 2993/2868/3549 2989/2864/3631 3059/2934/3630
f 3036/2911/3597 3015/2890/3571 3014/2889/3570
f 3014/2889/3570 3037/2912/3598 3036/2911/3597
f 2894/2769/3450 2893/2768/3449 3012/2887/3632
f 3012/2887/3632 3015/2890/3633 2894/2769/3450
f 2898/2773/3454 2897/2772/3453 3018/2893/3634
f 3018/2893/3634 3021/2896/3635 2898/2773/3454
f 2901/2776/3457 2900/2775/3456 3022/2897/3636
f 3022/2897/3636 3025/2900/3637 2901/2776/3457
f 2904/2779/3460 2903/2778/3459 3026/2901/3638
f 3026/2901/3638 3029/2904/3639 2904/2779/3460
f 2908/2783/3464 2907/2782/3463 3050/2925/3640
f 3050/2925/3640 3048/2923/3641 2908/2783/3464
f 2913/2788/3469 2912/2787/3468 3036/2911/3642
f 3036/2911/3642 3035/2910/3643 2913/2788/3469
f 2893/2768/3449 2898/2773/3454 3021/2896/3635
f 3021/2896/3635 3012/2887/3632 2893/2768/3449
f 2897/2772/3453 2901/2776/3457 3025/2900/3637
f 3025/2900/3637 3018/2893/3634 2897/2772/3453
f 2900/2775/3456 2904/2779/3460 3029/2904/3639
f 3029/2904/3639 3022/2897/3636 2900/2775/3456
f 2903/2778/3459 2908/2783/3464 3048/2923/3641
f 3048/2923/3641 3026/2901/3638 2903/2778/3459
f 2947/2822/3503 2969/2844/3525 2944/2819/3500
f 2969/2844/3525 2952/2827/3508 2955/2830/3511
f 2955/2830/3511 2973/2848/3529 2969/2844/3525
f 2973/2848/3529 2956/2831/3512 2959/2834/3515
f 2959/2834/3515 2977/2852/3533 2973/2848/3529
f 2977/2852/3533 2960/2835/3516 2963/2838/3519
f 2963/2838/3519 2979/2854/3535 2977/2852/3533
f 2985/2860/3541 2964/2839/3520 2967/2842/3523
f 2967/2842/3523 3055/2930/3624 2985/2860/3541
f 2948/2823/3504 2975/2850/3531 2944/2819/3500
f 2944/2819/3500 2969/2844/3525 2948/2823/3504
f 2952/2827/3508 2969/2844/3525 2947/2822/3503
f 2956/2831/3512 2973/2848/3529 2955/2830/3511
f 2960/2835/3516 2977/2852/3533 2959/2834/3515
f 2987/2862/3543 2979/2854/3535 2963/2838/3519
f 3033/2908/3592 2923/2798/3615 3047/2922/3614
f 3047/2922/3614 3030/2905/3593 3033/2908/3592
f 3039/2914/3602 2913/2788/3603 3035/2910/3644
f 3035/2910/3644 3060/2935/3645 3039/2914/3602
f 2907/2782/3463 3033/2908/3620 3032/2907/3646
f 3032/2907/3646 3050/2925/3640 2907/2782/3463
f 2965/2840/3521 2964/2839/3520 2987/2862/3543
f 2987/2862/3543 2986/2861/3542 2965/2840/3521
f 2912/2787/3468 2894/2769/3450 3015/2890/3633
f 3015/2890/3633 3036/2911/3642 2912/2787/3468
f 2976/2851/3532 2975/2850/3531 3058/2933/3629
f 3058/2933/3629 3061/2936/3647 2976/2851/3532
f 2878/2753/3434 2877/2752/3433 2993/2868/3648
f 2993/2868/3648 2992/2867/3649 2878/2753/3434
f 2881/2756/3437 2880/2755/3436 2996/2871/3650
f 2996/2871/3650 2999/2874/3651 2881/2756/3437
f 2884/2759/3440 2883/2758/3439 3000/2875/3652
f 3000/2875/3652 3003/2878/3653 2884/2759/3440
f 2887/2762/3443 2886/2761/3442 3004/2879/3654
f 3004/2879/3654 3007/2882/3655 2887/2762/3443
f 2890/2765/3446 2889/2764/3445 3008/2883/3656
f 3008/2883/3656 3011/2886/3657 2890/2765/3446
f 2880/2755/3436 2878/2753/3434 2992/2867/3649
f 2992/2867/3649 2996/2871/3650 2880/2755/3436
f 2883/2758/3439 2881/2756/3437 2999/2874/3651
f 2999/2874/3651 3000/2875/3652 2883/2758/3439
f 2886/2761/3442 2884/2759/3440 3003/2878/3653
f 3003/2878/3653 3004/2879/3654 2886/2761/3442
f 2889/2764/3445 2887/2762/3443 3007/2882/3655
f 3007/2882/3655 3008/2883/3656 2889/2764/3445
f 2922/2797/3478 2921/2796/3477 3044/2919/3658
f 3044/2919/3658 3043/2918/3659 2922/2797/3478
f 2968/2843/3524 2924/2799/3480 2927/2802/3483
f 2927/2802/3483 3057/2932/3628 2968/2843/3524
f 2931/2806/3487 2970/2845/3526 2928/2803/3484
f 2935/2810/3491 2974/2849/3530 2932/2807/3488
f 2939/2814/3495 2978/2853/3534 2936/2811/3492
f 2943/2818/3499 2980/2855/3536 2940/2815/3496
f 2972/2847/3528 2970/2845/3526 2931/2806/3487
f 2974/2849/3530 2935/2810/3491 2928/2803/3484
f 2928/2803/3484 2970/2845/3526 2974/2849/3530
f 2978/2853/3534 2939/2814/3495 2932/2807/3488
f 2932/2807/3488 2974/2849/3530 2978/2853/3534
f 2980/2855/3536 2943/2818/3499 2936/2811/3492
f 2936/2811/3492 2978/2853/3534 2980/2855/3536
f 2982/2857/3538 2983/2858/3539 2940/2815/3496
f 2940/2815/3496 2980/2855/3536 2982/2857/3538
f 2990/2865/3546 2910/2785/3595 3034/2909/3594
f 3034/2909/3594 2991/2866/3547 2990/2865/3546
f 3062/2937/3660 3046/2921/3613 2922/2797/3612
f 2922/2797/3612 3043/2918/3661 3062/2937/3660
f 2921/2796/3477 2890/2765/3446 3011/2886/3657
f 3011/2886/3657 3044/2919/3658 2921/2796/3477
f 2984/2859/3540 2983/2858/3539 3054/2929/3623
f 3054/2929/3623 3063/2938/3662 2984/2859/3540
f 2877/2752/3433 2990/2865/3627 2989/2864/3663
f 2989/2864/3663 2993/2868/3648 2877/2752/3433
f 2925/2800/3481 2924/2799/3480 2972/2847/3528
f 2972/2847/3528 2971/2846/3527 2925/2800/3481
f 3064/2939/3664 3065/2940/3665 3066/2941/3666
f 3066/2941/3666 3067/2942/3667 3064/2939/3664
f 3068/2943/3668 3069/2944/3669 3070/2945/3670
f 3070/2945/3670 3071/2946/3671 3068/2943/3668
f 3072/2947/3672 3068/2943/3668 3071/2946/3671
f 3071/2946/3671 3073/2948/3673 3072/2947/3672
f 3065/2940/3665 3069/2944/3669 3074/2949/3674
f 3074/2949/3674 3066/2941/3666 3065/2940/3665
f 3075/2950/3675 3076/2951/3676 3077/2952/3677
f 3077/2952/3677 3078/2953/3678 3075/2950/3675
f 3079/2954/3679 3080/2955/3680 3065/2940/3665
f 3065/2940/3665 3064/2939/3664 3079/2954/3679
f 3081/2956/3681 3082/2957/3682 3083/2958/3683
f 3083/2958/3683 3084/2959/3684 3081/2956/3681
f 3074/2949/3674 3085/2960/3685 3086/2961/3686
f 3086/2961/3686 3087/2962/3687 3074/2949/3674
f 3085/2960/3685 3074/2949/3674 3069/2944/3669
f 3069/2944/3669 3068/2943/3668 3085/2960/3685
f 3088/2963/3688 3089/2964/3689 3090/2965/3690
f 3090/2965/3690 3091/2966/3691 3088/2963/3688
f 3086/2961/3686 3092/2967/3692 3093/2968/3693
f 3093/2968/3693 3094/2969/3694 3086/2961/3686
f 3095/2970/3695 3085/2960/3685 3068/2943/3668
f 3068/2943/3668 3072/2947/3672 3095/2970/3695
f 3096/2971/3696 3088/2963/3688 3091/2966/3691
f 3091/2966/3691 3097/2972/3697 3096/2971/3696
f 3089/2964/3689 3075/2950/3675 3078/2953/3678
f 3078/2953/3678 3090/2965/3690 3089/2964/3689
f 3080/2955/3680 3070/2945/3670 3069/2944/3669
f 3069/2944/3669 3065/2940/3665 3080/2955/3680
f 3082/2957/3682 3087/2962/3687 3098/2973/3698
f 3098/2973/3698 3083/2958/3683 3082/2957/3682
f 3099/2974/3699 3100/2975/3700 3080/2955/3680
f 3080/2955/3680 3079/2954/3679 3099/2974/3699
f 3070/2945/3670 3101/2976/3701 3071/2946/3671
f 3100/2975/3700 3101/2976/3701 3070/2945/3670
f 3070/2945/3670 3080/2955/3680 3100/2975/3700
f 3102/2977/3702 3081/2956/3681 3084/2959/3684
f 3084/2959/3684 3103/2978/3703 3102/2977/3702
f 3104/2979/3704 3096/2971/3696 3097/2972/3697
f 3097/2972/3697 3105/2980/3705 3104/2979/3704
f 3106/2981/3706 3107/2982/3707 3064/2939/3664
f 3064/2939/3664 3067/2942/3667 3106/2981/3706
f 3107/2982/3707 3108/2983/3708 3079/2954/3679
f 3079/2954/3679 3064/2939/3664 3107/2982/3707
f 3109/2984/3709 3076/2951/3676 3099/2974/3699
f 3099/2974/3699 3110/2985/3710 3109/2984/3709
f 3111/2986/3711 3112/2987/3712 3072/2947/3672
f 3072/2947/3672 3073/2948/3673 3111/2986/3711
f 3112/2987/3712 3113/2988/3713 3095/2970/3695
f 3095/2970/3695 3072/2947/3672 3112/2987/3712
f 3095/2970/3695 3113/2988/3713 3114/2989/3714
f 3114/2989/3714 3092/2967/3692 3095/2970/3695
f 3108/2983/3708 3110/2985/3710 3099/2974/3699
f 3099/2974/3699 3079/2954/3679 3108/2983/3708
f 3115/2990/3715 3116/2991/3716 3117/2992/3717
f 3117/2992/3717 3118/2993/3718 3115/2990/3715
f 3119/2994/3719 3120/2995/3720 3121/2996/3721
f 3121/2996/3721 3122/2997/3722 3119/2994/3719
f 3122/2997/3722 3121/2996/3721 3123/2998/3723
f 3123/2998/3723 3124/2999/3724 3122/2997/3722
f 3125/3000/3725 3120/2995/3720 3116/2991/3716
f 3116/2991/3716 3115/2990/3715 3125/3000/3725
f 3126/3001/3726 3127/3002/3727 3128/3003/3728
f 3128/3003/3728 3129/3004/3729 3126/3001/3726
f 3116/2991/3716 3130/3005/3730 3131/3006/3731
f 3131/3006/3731 3117/2992/3717 3116/2991/3716
f 3132/3007/3732 3115/2990/3715 3118/2993/3718
f 3118/2993/3718 3133/3008/3733 3132/3007/3732
f 3134/3009/3734 3135/3010/3735 3136/3011/3736
f 3136/3011/3736 3137/3012/3737 3134/3009/3734
f 3138/3013/3738 3121/2996/3721 3120/2995/3720
f 3120/2995/3720 3125/3000/3725 3138/3013/3738
f 3139/3014/3739 3122/2997/3722 3140/3015/3740
f 3140/3015/3740 3141/3016/3741 3139/3014/3739
f 3142/3017/3742 3143/3018/3743 3138/3013/3738
f 3138/3013/3738 3137/3012/3737 3142/3017/3742
f 3121/2996/3721 3138/3013/3738 3143/3018/3743
f 3143/3018/3743 3123/2998/3723 3121/2996/3721
f 3140/3015/3740 3122/2997/3722 3124/2999/3724
f 3124/2999/3724 3144/3019/3744 3140/3015/3740
f 3129/3004/3729 3128/3003/3728 3139/3014/3739
f 3139/3014/3739 3141/3016/3741 3129/3004/3729
f 3120/2995/3720 3119/2994/3719 3130/3005/3730
f 3130/3005/3730 3116/2991/3716 3120/2995/3720
f 3134/3009/3734 3125/3000/3725 3115/2990/3715
f 3115/2990/3715 3132/3007/3732 3134/3009/3734
f 3127/3002/3727 3131/3006/3731 3130/3005/3730
f 3130/3005/3730 3128/3003/3728 3127/3002/3727
f 3122/2997/3722 3139/3014/3739 3119/2994/3719
f 3128/3003/3728 3130/3005/3730 3119/2994/3719
f 3119/2994/3719 3139/3014/3739 3128/3003/3728
f 3145/3020/3745 3146/3021/3746 3133/3008/3733
f 3133/3008/3733 3118/2993/3718 3145/3020/3745
f 3124/2999/3724 3147/3022/3747 3148/3023/3748
f 3148/3023/3748 3144/3019/3744 3124/2999/3724
f 3145/3020/3745 3118/2993/3718 3117/2992/3717
f 3117/2992/3717 3149/3024/3749 3145/3020/3745
f 3149/3024/3749 3117/2992/3717 3131/3006/3731
f 3131/3006/3731 3150/3025/3750 3149/3024/3749
f 3126/3001/3726 3151/3026/3751 3152/3027/3752
f 3152/3027/3753 3153/3028/3754 3126/3001/3726
f 3147/3022/3747 3124/2999/3724 3123/2998/3723
f 3123/2998/3723 3154/3029/3755 3147/3022/3747
f 3154/3029/3755 3123/2998/3723 3143/3018/3743
f 3143/3018/3743 3155/3030/3756 3154/3029/3755
f 3156/3031/3757 3157/3032/3758 3142/3017/3742
f 3142/3017/3742 3158/3033/3759 3156/3031/3757
f 3150/3025/3750 3131/3006/3731 3127/3002/3727
f 3127/3002/3727 3159/3034/3760 3150/3025/3750
f 3077/2952/3761 3160/3035/3762 3161/3036/3763
f 3161/3036/3763 3078/2953/3764 3077/2952/3761
f 3083/2958/3765 3162/3037/3766 3163/3038/3767
f 3163/3038/3767 3084/2959/3768 3083/2958/3765
f 3094/2969/3769 3164/3039/3770 3165/3040/3771
f 3165/3040/3771 3098/2973/3772 3094/2969/3769
f 3090/2965/3773 3166/3041/3774 3167/3042/3775
f 3167/3042/3775 3091/2966/3776 3090/2965/3773
f 3093/2968/3777 3168/3043/3778 3164/3039/3770
f 3164/3039/3770 3094/2969/3769 3093/2968/3777
f 3091/2966/3776 3167/3042/3775 3169/3044/3779
f 3169/3044/3779 3097/2972/3780 3091/2966/3776
f 3078/2953/3764 3161/3036/3763 3166/3041/3774
f 3166/3041/3774 3090/2965/3773 3078/2953/3764
f 3098/2973/3772 3165/3040/3771 3162/3037/3766
f 3162/3037/3766 3083/2958/3765 3098/2973/3772
f 3084/2959/3768 3163/3038/3767 3170/3045/3781
f 3170/3045/3781 3103/2978/3782 3084/2959/3768
f 3106/2981/3783 3102/2977/3784 3146/3021/3785
f 3146/3021/3785 3145/3020/3786 3106/2981/3783
f 3097/2972/3780 3169/3044/3779 3171/3046/3787
f 3171/3046/3787 3105/2980/3788 3097/2972/3780
f 3111/2986/3789 3104/2979/3790 3172/3047/3791
f 3172/3047/3791 3173/3048/3792 3111/2986/3789
f 3106/2981/3783 3145/3020/3786 3149/3024/3793
f 3149/3024/3793 3107/2982/3794 3106/2981/3783
f 3107/2982/3794 3149/3024/3793 3150/3025/3795
f 3150/3025/3795 3108/2983/3796 3107/2982/3794
f 3174/3049/3797 3109/2984/3798 3153/3028/3799
f 3153/3028/3800 3152/3027/3801 3174/3049/3802
f 3174/3049/3803 3175/3050/3804 3160/3035/3762
f 3160/3035/3762 3077/2952/3761 3174/3049/3803
f 3111/2986/3789 3173/3048/3792 3176/3051/3805
f 3176/3051/3805 3112/2987/3806 3111/2986/3789
f 3112/2987/3806 3176/3051/3805 3177/3052/3807
f 3177/3052/3807 3113/2988/3808 3112/2987/3806
f 3178/3053/3809 3114/2989/3810 3179/3054/3811
f 3179/3054/3812 3180/3055/3813 3178/3053/3814
f 3093/2968/3777 3178/3053/3815 3181/3056/3816
f 3181/3056/3816 3168/3043/3778 3093/2968/3777
f 3108/2983/3796 3150/3025/3795 3159/3034/3817
f 3159/3034/3817 3110/2985/3818 3108/2983/3796
f 3182/3057/3819 3183/3058/3820 3184/3059/3821
f 3184/3059/3821 3185/3060/3822 3182/3057/3819
f 3186/3061/3823 3187/3062/3824 3188/3063/3825
f 3188/3063/3825 3189/3064/3826 3186/3061/3823
f 3189/3064/3826 3190/3065/3827 3191/3066/3828
f 3191/3066/3828 3186/3061/3823 3189/3064/3826
f 3185/3060/3822 3188/3063/3825 3187/3062/3824
f 3187/3062/3824 3182/3057/3819 3185/3060/3822
f 3185/3060/3822 3184/3059/3821 3192/3067/3829
f 3192/3067/3829 3193/3068/3830 3185/3060/3822
f 3187/3062/3824 3186/3061/3823 3194/3069/3831
f 3194/3069/3831 3195/3070/3832 3187/3062/3824
f 3186/3061/3823 3191/3066/3828 3196/3071/3833
f 3196/3071/3833 3194/3069/3831 3186/3061/3823
f 3188/3063/3825 3185/3060/3822 3193/3068/3830
f 3193/3068/3830 3197/3072/3834 3188/3063/3825
f 3198/3073/3835 3183/3058/3820 3199/3074/3836
f 3199/3074/3836 3200/3075/3837 3198/3073/3835
f 3201/3076/3838 3190/3065/3827 3202/3077/3839
f 3202/3077/3839 3203/3078/3840 3201/3076/3838
f 3204/3079/3841 3205/3080/3842 3206/3081/3843
f 3206/3081/3843 3207/3082/3844 3204/3079/3841
f 3208/3083/3845 3209/3084/3846 3210/3085/3847
f 3210/3085/3847 3211/3086/3848 3208/3083/3845
f 3212/3087/3849 3213/3088/3850 3209/3084/3846
f 3209/3084/3846 3208/3083/3845 3212/3087/3849
f 3207/3082/3844 3206/3081/3843 3214/3089/3851
f 3214/3089/3851 3215/3090/3852 3207/3082/3844
f 3216/3091/3853 3204/3079/3841 3217/3092/3854
f 3217/3092/3854 3218/3093/3855 3216/3091/3853
f 3219/3094/3856 3212/3087/3849 3220/3095/3857
f 3220/3095/3857 3221/3096/3858 3219/3094/3856
f 3217/3092/3854 3222/3097/3859 3223/3098/3860
f 3223/3098/3861 3218/3093/3855 3217/3092/3854
f 3224/3099/3862 3221/3096/3858 3220/3095/3857
f 3220/3095/3857 3225/3100/3863 3224/3099/3862
f 3226/3101/3864 3227/3102/3865 3228/3103/3866
f 3228/3103/3866 3199/3074/3867 3226/3101/3864
f 3197/3072/3868 3229/3104/3869 3230/3105/3870
f 3230/3105/3870 3231/3106/3871 3197/3072/3868
f 3231/3106/3871 3230/3105/3870 3232/3107/3872
f 3232/3107/3872 3202/3077/3873 3231/3106/3871
f 3195/3070/3874 3233/3108/3875 3227/3102/3865
f 3227/3102/3865 3226/3101/3864 3195/3070/3874
f 3192/3067/3876 3234/3109/3877 3235/3110/3878
f 3235/3110/3878 3193/3068/3879 3192/3067/3876
f 3194/3069/3880 3236/3111/3881 3233/3108/3875
f 3233/3108/3875 3195/3070/3874 3194/3069/3880
f 3196/3071/3882 3237/3112/3883 3236/3111/3881
f 3236/3111/3881 3194/3069/3880 3196/3071/3882
f 3193/3068/3879 3235/3110/3878 3229/3104/3869
f 3229/3104/3869 3197/3072/3868 3193/3068/3879
f 3199/3074/3867 3228/3103/3866 3238/3113/3884
f 3238/3113/3884 3200/3075/3885 3199/3074/3867
f 3239/3114/3886 3198/3073/3887 3216/3091/3888
f 3216/3091/3888 3218/3093/3889 3239/3114/3886
f 3202/3077/3873 3232/3107/3872 3240/3115/3890
f 3240/3115/3890 3203/3078/3891 3202/3077/3873
f 3241/3116/3892 3201/3076/3893 3242/3117/3894
f 3242/3117/3894 3243/3118/3895 3241/3116/3892
f 3244/3119/3896 3239/3114/3886 3218/3093/3889
f 3218/3093/3897 3223/3098/3898 3244/3119/3899
f 3244/3119/3900 3245/3120/3901 3234/3109/3877
f 3234/3109/3877 3192/3067/3876 3244/3119/3900
f 3246/3121/3902 3241/3116/3892 3243/3118/3895
f 3243/3118/3895 3247/3122/3903 3246/3121/3904
f 3196/3071/3882 3246/3121/3905 3248/3123/3906
f 3248/3123/3906 3237/3112/3883 3196/3071/3882
f 3249/3124/3907 3250/3125/3908 3251/3126/3909
f 3251/3126/3909 3252/3127/3910 3249/3124/3907
f 3253/3128/3911 3254/3129/3912 3255/3130/3913
f 3255/3130/3913 3256/3131/3914 3253/3128/3911
f 3257/3132/3915 3258/3133/3916 3259/3134/3917
f 3259/3134/3917 3260/3135/3918 3257/3132/3915
f 3252/3127/3910 3253/3128/3911 3256/3131/3914
f 3256/3131/3914 3249/3124/3907 3252/3127/3910
f 3252/3127/3910 3251/3126/3909 3261/3136/3919
f 3261/3136/3919 3262/3137/3920 3252/3127/3910
f 3256/3131/3914 3255/3130/3913 3263/3138/3921
f 3263/3138/3921 3264/3139/3922 3256/3131/3914
f 3258/3133/3916 3257/3132/3915 3265/3140/3923
f 3265/3140/3923 3266/3141/3924 3258/3133/3916
f 3253/3128/3911 3252/3127/3910 3262/3137/3920
f 3262/3137/3920 3267/3142/3925 3253/3128/3911
f 3268/3143/3926 3250/3125/3908 3269/3144/3927
f 3269/3144/3927 3270/3145/3928 3268/3143/3926
f 3271/3146/3929 3272/3147/3930 3273/3148/3931
f 3273/3148/3931 3274/3149/3932 3271/3146/3929
f 3275/3150/3933 3276/3151/3934 3277/3152/3935
f 3277/3152/3935 3278/3153/3936 3275/3150/3933
f 3279/3154/3937 3280/3155/3938 3276/3151/3934
f 3276/3151/3934 3275/3150/3933 3279/3154/3937
f 3274/3149/3932 3273/3148/3931 3281/3156/3939
f 3281/3156/3939 3282/3157/3940 3274/3149/3932
f 3283/3158/3941 3271/3146/3929 3284/3159/3942
f 3284/3159/3942 3285/3160/3943 3283/3158/3941
f 3284/3159/3942 3286/3161/3944 3287/3162/3945
f 3287/3162/3946 3285/3160/3943 3284/3159/3942
f 3269/3144/3947 3288/3163/3948 3289/3164/3949
f 3289/3164/3949 3290/3165/3947 3269/3144/3947
f 3267/3142/3950 3291/3166/3951 3292/3167/3952
f 3292/3167/3952 3293/3168/3953 3267/3142/3950
f 3294/3169/3954 3295/3170/3955 3296/3171/3955
f 3296/3171/3955 3297/3172/3955 3294/3169/3954
f 3257/3132/3956 3260/3135/3957 3298/3173/3958
f 3298/3173/3958 3299/3174/3959 3257/3132/3956
f 3264/3139/3960 3300/3175/3961 3289/3164/3949
f 3289/3164/3949 3288/3163/3948 3264/3139/3960
f 3261/3136/3962 3301/3176/3963 3302/3177/3964
f 3302/3177/3964 3262/3137/3965 3261/3136/3962
f 3263/3138/3966 3303/3178/3967 3300/3175/3961
f 3300/3175/3961 3264/3139/3960 3263/3138/3966
f 3263/3138/3966 3266/3141/3968 3304/3179/3969
f 3304/3179/3969 3303/3178/3967 3263/3138/3966
f 3265/3140/3970 3257/3132/3956 3299/3174/3959
f 3299/3174/3971 3305/3180/3972 3265/3140/3972
f 3262/3137/3965 3302/3177/3964 3291/3166/3951
f 3291/3166/3951 3267/3142/3950 3262/3137/3965
f 3270/3145/3947 3269/3144/3947 3290/3165/3947
f 3290/3165/3973 3306/3181/3973 3270/3145/3973
f 3307/3182/3974 3268/3143/3975 3283/3158/3976
f 3283/3158/3976 3285/3160/3977 3307/3182/3974
f 3308/3183/3978 3307/3182/3974 3285/3160/3977
f 3285/3160/3979 3287/3162/3980 3308/3183/3981
f 3308/3183/3982 3309/3184/3983 3301/3176/3963
f 3301/3176/3963 3261/3136/3962 3308/3183/3982
f 3310/3185/3984 3311/3186/3985 3312/3187/3986
f 3312/3187/3986 3313/3188/3987 3310/3185/3984
f 3314/3189/3988 3315/3190/3989 3316/3191/3990
f 3316/3191/3990 3317/3192/3991 3314/3189/3988
f 3317/3192/3991 3318/3193/3992 3319/3194/3993
f 3319/3194/3993 3314/3189/3988 3317/3192/3991
f 3313/3188/3987 3316/3191/3990 3315/3190/3989
f 3315/3190/3989 3310/3185/3984 3313/3188/3987
f 3313/3188/3987 3312/3187/3986 3320/3195/3994
f 3320/3195/3994 3321/3196/3995 3313/3188/3987
f 3315/3190/3989 3314/3189/3988 3322/3197/3996
f 3322/3197/3996 3323/3198/3997 3315/3190/3989
f 3314/3189/3988 3319/3194/3993 3324/3199/3998
f 3324/3199/3998 3322/3197/3996 3314/3189/3988
f 3316/3191/3990 3313/3188/3987 3321/3196/3995
f 3321/3196/3995 3325/3200/3999 3316/3191/3990
f 3326/3201/4000 3311/3186/3985 3327/3202/4001
f 3327/3202/4001 3328/3203/4002 3326/3201/4000
f 3329/3204/4003 3318/3193/3992 3330/3205/4004
f 3330/3205/4004 3331/3206/4005 3329/3204/4003
f 3332/3207/4006 3333/3208/4007 3334/3209/4008
f 3334/3209/4008 3335/3210/4009 3332/3207/4006
f 3336/3211/4010 3337/3212/4011 3338/3213/4012
f 3338/3213/4012 3339/3214/4013 3336/3211/4010
f 3340/3215/4014 3341/3216/4015 3337/3212/4011
f 3337/3212/4011 3336/3211/4010 3340/3215/4014
f 3335/3210/4009 3334/3209/4008 3342/3217/4016
f 3342/3217/4016 3343/3218/4017 3335/3210/4009
f 3344/3219/4018 3332/3207/4006 3345/3220/4019
f 3345/3220/4019 3346/3221/4020 3344/3219/4018
f 3347/3222/4021 3340/3215/4014 3348/3223/4022
f 3348/3223/4022 3349/3224/4023 3347/3222/4021
f 3345/3220/4019 3350/3225/4024 3351/3226/4025
f 3351/3226/4026 3346/3221/4020 3345/3220/4019
f 3348/3223/4022 3352/3227/4027 3353/3228/4028
f 3353/3228/4028 3349/3224/4023 3348/3223/4022
f 3327/3202/4029 3354/3229/4030 3355/3230/4031
f 3355/3230/4031 3356/3231/4032 3327/3202/4029
f 3325/3200/4033 3357/3232/4034 3358/3233/4035
f 3358/3233/4035 3359/3234/4036 3325/3200/4033
f 3330/3205/4037 3359/3234/4036 3358/3233/4035
f 3358/3233/4035 3360/3235/4038 3330/3205/4037
f 3323/3198/4039 3361/3236/4040 3355/3230/4031
f 3355/3230/4031 3354/3229/4030 3323/3198/4039
f 3320/3195/4041 3362/3237/4042 3363/3238/4043
f 3363/3238/4043 3321/3196/4044 3320/3195/4041
f 3322/3197/4045 3364/3239/4046 3361/3236/4040
f 3361/3236/4040 3323/3198/4039 3322/3197/4045
f 3324/3199/4047 3365/3240/4048 3364/3239/4046
f 3364/3239/4046 3322/3197/4045 3324/3199/4047
f 3321/3196/4044 3363/3238/4043 3357/3232/4034
f 3357/3232/4034 3325/3200/4033 3321/3196/4044
f 3328/3203/4049 3327/3202/4029 3356/3231/4032
f 3356/3231/4050 3366/3241/4051 3328/3203/4052
f 3367/3242/4053 3326/3201/4054 3344/3219/4055
f 3344/3219/4055 3346/3221/4056 3367/3242/4053
f 3330/3205/4037 3360/3235/4038 3368/3243/4057
f 3368/3243/4057 3331/3206/4058 3330/3205/4037
f 3369/3244/4059 3329/3204/4060 3370/3245/4061
f 3370/3245/4061 3371/3246/4062 3369/3244/4059
f 3372/3247/4063 3367/3242/4053 3346/3221/4056
f 3346/3221/4064 3351/3226/4063 3372/3247/4063
f 3372/3247/4065 3373/3248/4066 3362/3237/4042
f 3362/3237/4042 3320/3195/4041 3372/3247/4065
f 3374/3249/4067 3369/3244/4059 3371/3246/4062
f 3371/3246/4068 3375/3250/4069 3374/3249/4070
f 3324/3199/4047 3374/3249/4071 3376/3251/4072
f 3376/3251/4072 3365/3240/4048 3324/3199/4047
f 3377/3252/4073 3378/3253/4074 3379/3254/4075
f 3379/3254/4075 3380/3255/4076 3377/3252/4073
f 3381/3256/4077 3382/3257/4078 3383/3258/4079
f 3383/3258/4079 3384/3259/4080 3381/3256/4077
f 3385/3260/4081 3381/3256/4077 3384/3259/4080
f 3384/3259/4080 3386/3261/4082 3385/3260/4081
f 3378/3253/4074 3382/3257/4078 3387/3262/4083
f 3387/3262/4083 3379/3254/4075 3378/3253/4074
f 3388/3263/4084 3389/3264/4085 3390/3265/4086
f 3390/3265/4086 3391/3266/4087 3388/3263/4084
f 3392/3267/4088 3393/3268/4089 3378/3253/4074
f 3378/3253/4074 3377/3252/4073 3392/3267/4088
f 3394/3269/4090 3395/3270/4091 3396/3271/4092
f 3396/3271/4092 3397/3272/4093 3394/3269/4090
f 3387/3262/4083 3398/3273/4094 3399/3274/4095
f 3399/3274/4095 3400/3275/4096 3387/3262/4083
f 3398/3273/4094 3387/3262/4083 3382/3257/4078
f 3382/3257/4078 3381/3256/4077 3398/3273/4094
f 3401/3276/4097 3402/3277/4098 3403/3278/4099
f 3403/3278/4099 3404/3279/4100 3401/3276/4097
f 3399/3274/4095 3405/3280/4101 3406/3281/4102
f 3406/3281/4102 3407/3282/4103 3399/3274/4095
f 3408/3283/4104 3398/3273/4094 3381/3256/4077
f 3381/3256/4077 3385/3260/4081 3408/3283/4104
f 3409/3284/4105 3401/3276/4097 3404/3279/4100
f 3404/3279/4100 3410/3285/4106 3409/3284/4105
f 3402/3277/4098 3388/3263/4084 3391/3266/4087
f 3391/3266/4087 3403/3278/4099 3402/3277/4098
f 3393/3268/4089 3383/3258/4079 3382/3257/4078
f 3382/3257/4078 3378/3253/4074 3393/3268/4089
f 3395/3270/4091 3400/3275/4096 3411/3286/4107
f 3411/3286/4107 3396/3271/4092 3395/3270/4091
f 3412/3287/4108 3413/3288/4109 3393/3268/4089
f 3393/3268/4089 3392/3267/4088 3412/3287/4108
f 3383/3258/4079 3414/3289/4110 3384/3259/4080
f 3413/3288/4109 3414/3289/4110 3383/3258/4079
f 3383/3258/4079 3393/3268/4089 3413/3288/4109
f 3415/3290/4111 3394/3269/4090 3397/3272/4093
f 3397/3272/4093 3416/3291/4112 3415/3290/4111
f 3417/3292/4113 3409/3284/4105 3410/3285/4106
f 3410/3285/4106 3418/3293/4114 3417/3292/4113
f 3419/3294/4115 3420/3295/4116 3377/3252/4073
f 3377/3252/4073 3380/3255/4076 3419/3294/4115
f 3420/3295/4116 3421/3296/4117 3392/3267/4088
f 3392/3267/4088 3377/3252/4073 3420/3295/4116
f 3412/3287/4108 3422/3297/4118 3423/3298/4119
f 3423/3298/4119 3389/3264/4085 3412/3287/4108
f 3386/3261/4082 3424/3299/4120 3425/3300/4121
f 3425/3300/4121 3385/3260/4081 3386/3261/4082
f 3425/3300/4121 3426/3301/4122 3408/3283/4104
f 3408/3283/4104 3385/3260/4081 3425/3300/4121
f 3408/3283/4104 3426/3301/4122 3427/3302/4123
f 3427/3302/4123 3405/3280/4101 3408/3283/4104
f 3392/3267/4088 3421/3296/4117 3422/3297/4118
f 3422/3297/4118 3412/3287/4108 3392/3267/4088
f 3428/3303/4124 3429/3304/4125 3430/3305/4126
f 3430/3305/4126 3431/3306/4127 3428/3303/4124
f 3432/3307/4128 3433/3308/4129 3434/3309/4130
f 3434/3309/4130 3435/3310/4131 3432/3307/4128
f 3435/3310/4131 3434/3309/4130 3436/3311/4132
f 3436/3311/4132 3437/3312/4133 3435/3310/4131
f 3438/3313/4134 3433/3308/4129 3429/3304/4125
f 3429/3304/4125 3428/3303/4124 3438/3313/4134
f 3439/3314/4135 3440/3315/4136 3441/3316/4137
f 3441/3316/4137 3442/3317/4138 3439/3314/4135
f 3429/3304/4125 3443/3318/4139 3444/3319/4140
f 3444/3319/4140 3430/3305/4126 3429/3304/4125
f 3445/3320/4141 3428/3303/4124 3431/3306/4127
f 3431/3306/4127 3446/3321/4142 3445/3320/4141
f 3447/3322/4143 3448/3323/4144 3449/3324/4145
f 3449/3324/4145 3450/3325/4146 3447/3322/4143
f 3451/3326/4147 3434/3309/4130 3433/3308/4129
f 3433/3308/4129 3438/3313/4134 3451/3326/4147
f 3452/3327/4148 3435/3310/4131 3453/3328/4149
f 3453/3328/4149 3454/3329/4150 3452/3327/4148
f 3455/3330/4151 3456/3331/4152 3451/3326/4147
f 3451/3326/4147 3450/3325/4146 3455/3330/4151
f 3434/3309/4130 3451/3326/4147 3456/3331/4152
f 3456/3331/4152 3436/3311/4132 3434/3309/4130
f 3453/3328/4149 3435/3310/4131 3437/3312/4133
f 3437/3312/4133 3457/3332/4153 3453/3328/4149
f 3442/3317/4138 3441/3316/4137 3452/3327/4148
f 3452/3327/4148 3454/3329/4150 3442/3317/4138
f 3433/3308/4129 3432/3307/4128 3443/3318/4139
f 3443/3318/4139 3429/3304/4125 3433/3308/4129
f 3447/3322/4143 3438/3313/4134 3428/3303/4124
f 3428/3303/4124 3445/3320/4141 3447/3322/4143
f 3440/3315/4136 3444/3319/4140 3443/3318/4139
f 3443/3318/4139 3441/3316/4137 3440/3315/4136
f 3435/3310/4131 3452/3327/4148 3432/3307/4128
f 3441/3316/4137 3443/3318/4139 3432/3307/4128
f 3432/3307/4128 3452/3327/4148 3441/3316/4137
f 3458/3333/4154 3459/3334/4155 3446/3321/4142
f 3446/3321/4142 3431/3306/4127 3458/3333/4154
f 3457/3332/4153 3437/3312/4133 3460/3335/4156
f 3460/3335/4156 3461/3336/4157 3457/3332/4153
f 3458/3333/4154 3431/3306/4127 3430/3305/4126
f 3430/3305/4126 3462/3337/4158 3458/3333/4154
f 3462/3337/4158 3430/3305/4126 3444/3319/4140
f 3444/3319/4140 3463/3338/4159 3462/3337/4158
f 3464/3339/4160 3465/3340/4161 3439/3314/4135
f 3439/3314/4135 3466/3341/4162 3464/3339/4163
f 3460/3335/4156 3437/3312/4133 3436/3311/4132
f 3436/3311/4132 3467/3342/4164 3460/3335/4156
f 3467/3342/4164 3436/3311/4132 3456/3331/4152
f 3456/3331/4152 3468/3343/4165 3467/3342/4164
f 3469/3344/4166 3470/3345/4167 3455/3330/4151
f 3455/3330/4151 3471/3346/4168 3469/3344/4166
f 3472/3347/4169 3463/3338/4159 3444/3319/4140
f 3444/3319/4140 3440/3315/4136 3472/3347/4169
f 3390/3265/4170 3473/3348/4171 3474/3349/4172
f 3474/3349/4172 3391/3266/4173 3390/3265/4170
f 3396/3271/4174 3475/3350/4175 3476/3351/4176
f 3476/3351/4176 3397/3272/4177 3396/3271/4174
f 3407/3282/4178 3477/3352/4179 3478/3353/4180
f 3478/3353/4180 3411/3286/4181 3407/3282/4178
f 3403/3278/4182 3479/3354/4183 3480/3355/4184
f 3480/3355/4184 3404/3279/4185 3403/3278/4182
f 3406/3281/4186 3481/3356/4187 3477/3352/4179
f 3477/3352/4179 3407/3282/4178 3406/3281/4186
f 3404/3279/4185 3480/3355/4184 3482/3357/4188
f 3482/3357/4188 3410/3285/4189 3404/3279/4185
f 3391/3266/4173 3474/3349/4172 3479/3354/4183
f 3479/3354/4183 3403/3278/4182 3391/3266/4173
f 3411/3286/4181 3478/3353/4180 3475/3350/4175
f 3475/3350/4175 3396/3271/4174 3411/3286/4181
f 3397/3272/4177 3476/3351/4176 3483/3358/4190
f 3483/3358/4190 3416/3291/4191 3397/3272/4177
f 3419/3294/4192 3415/3290/4193 3459/3334/4194
f 3459/3334/4194 3458/3333/4195 3419/3294/4192
f 3410/3285/4189 3482/3357/4188 3484/3359/4196
f 3484/3359/4196 3418/3293/4197 3410/3285/4189
f 3424/3299/4198 3417/3292/4199 3485/3360/4200
f 3485/3360/4200 3486/3361/4201 3424/3299/4198
f 3419/3294/4192 3458/3333/4195 3462/3337/4202
f 3462/3337/4202 3420/3295/4203 3419/3294/4192
f 3420/3295/4203 3462/3337/4202 3463/3338/4204
f 3463/3338/4204 3421/3296/4205 3420/3295/4203
f 3465/3340/4206 3464/3339/4207 3487/3362/4208
f 3487/3362/4209 3423/3298/4210 3465/3340/4211
f 3487/3362/4212 3488/3363/4213 3473/3348/4171
f 3473/3348/4171 3390/3265/4170 3487/3362/4212
f 3424/3299/4198 3486/3361/4201 3489/3364/4214
f 3489/3364/4214 3425/3300/4215 3424/3299/4198
f 3425/3300/4215 3489/3364/4214 3490/3365/4216
f 3490/3365/4216 3426/3301/4217 3425/3300/4215
f 3491/3366/4218 3427/3302/4219 3492/3367/4220
f 3492/3367/4221 3493/3368/4222 3491/3366/4223
f 3406/3281/4186 3491/3366/4224 3494/3369/4225
f 3494/3369/4225 3481/3356/4187 3406/3281/4186
f 3422/3297/4226 3421/3296/4205 3463/3338/4204
f 3463/3338/4204 3472/3347/4227 3422/3297/4226
f 3495/3370/4228 3496/3371/4229 3497/3372/4230
f 3497/3372/4230 3498/3373/4231 3495/3370/4228
f 3499/3374/4232 3500/3375/4233 3501/3376/4234
f 3501/3376/4234 3502/3377/4235 3499/3374/4232
f 3503/3378/4236 3499/3374/4232 3502/3377/4235
f 3502/3377/4235 3504/3379/4237 3503/3378/4236
f 3496/3371/4229 3500/3375/4233 3505/3380/4238
f 3505/3380/4238 3497/3372/4230 3496/3371/4229
f 3506/3381/4239 3507/3382/4240 3508/3383/4241
f 3508/3383/4241 3509/3384/4242 3506/3381/4239
f 3510/3385/4243 3511/3386/4244 3496/3371/4229
f 3496/3371/4229 3495/3370/4228 3510/3385/4243
f 3512/3387/4245 3513/3388/4246 3514/3389/4247
f 3514/3389/4247 3515/3390/4248 3512/3387/4245
f 3505/3380/4238 3516/3391/4249 3517/3392/4250
f 3517/3392/4250 3518/3393/4251 3505/3380/4238
f 3516/3391/4249 3505/3380/4238 3500/3375/4233
f 3500/3375/4233 3499/3374/4232 3516/3391/4249
f 3519/3394/4252 3520/3395/4253 3521/3396/4254
f 3521/3396/4254 3522/3397/4255 3519/3394/4252
f 3517/3392/4250 3523/3398/4256 3524/3399/4257
f 3524/3399/4257 3525/3400/4258 3517/3392/4250
f 3526/3401/4259 3516/3391/4249 3499/3374/4232
f 3499/3374/4232 3503/3378/4236 3526/3401/4259
f 3527/3402/4260 3521/3396/4254 3520/3395/4253
f 3520/3395/4253 3528/3403/4261 3527/3402/4260
f 3522/3397/4255 3506/3381/4239 3509/3384/4242
f 3509/3384/4242 3519/3394/4252 3522/3397/4255
f 3511/3386/4244 3501/3376/4234 3500/3375/4233
f 3500/3375/4233 3496/3371/4229 3511/3386/4244
f 3513/3388/4246 3518/3393/4251 3529/3404/4262
f 3529/3404/4262 3514/3389/4247 3513/3388/4246
f 3530/3405/4263 3531/3406/4264 3511/3386/4244
f 3511/3386/4244 3510/3385/4243 3530/3405/4263
f 3501/3376/4234 3532/3407/4265 3502/3377/4235
f 3531/3406/4264 3532/3407/4265 3501/3376/4234
f 3501/3376/4234 3511/3386/4244 3531/3406/4264
f 3533/3408/4266 3512/3387/4245 3515/3390/4248
f 3515/3390/4248 3534/3409/4267 3533/3408/4266
f 3535/3410/4268 3527/3402/4260 3528/3403/4261
f 3528/3403/4261 3536/3411/4269 3535/3410/4268
f 3537/3412/4270 3538/3413/4271 3495/3370/4228
f 3495/3370/4228 3498/3373/4231 3537/3412/4270
f 3495/3370/4228 3538/3413/4271 3539/3414/4272
f 3539/3414/4272 3510/3385/4243 3495/3370/4228
f 3540/3415/4273 3507/3382/4240 3530/3405/4263
f 3530/3405/4263 3541/3416/4274 3540/3415/4273
f 3504/3379/4237 3542/3417/4275 3543/3418/4276
f 3543/3418/4276 3503/3378/4236 3504/3379/4237
f 3543/3418/4276 3544/3419/4277 3526/3401/4259
f 3526/3401/4259 3503/3378/4236 3543/3418/4276
f 3526/3401/4259 3544/3419/4277 3545/3420/4278
f 3545/3420/4278 3523/3398/4256 3526/3401/4259
f 3510/3385/4243 3539/3414/4272 3541/3416/4274
f 3541/3416/4274 3530/3405/4263 3510/3385/4243
f 3546/3421/4279 3547/3422/4280 3548/3423/4281
f 3548/3423/4281 3549/3424/4282 3546/3421/4279
f 3550/3425/4283 3551/3426/4284 3552/3427/4285
f 3552/3427/4285 3553/3428/4286 3550/3425/4283
f 3553/3428/4286 3552/3427/4285 3554/3429/4287
f 3554/3429/4287 3555/3430/4288 3553/3428/4286
f 3556/3431/4289 3551/3426/4284 3547/3422/4280
f 3547/3422/4280 3546/3421/4279 3556/3431/4289
f 3557/3432/4290 3558/3433/4291 3559/3434/4292
f 3559/3434/4292 3560/3435/4293 3557/3432/4290
f 3547/3422/4280 3561/3436/4294 3562/3437/4295
f 3562/3437/4295 3548/3423/4281 3547/3422/4280
f 3563/3438/4296 3546/3421/4279 3549/3424/4282
f 3549/3424/4282 3564/3439/4297 3563/3438/4296
f 3565/3440/4298 3566/3441/4299 3567/3442/4300
f 3567/3442/4300 3568/3443/4301 3565/3440/4298
f 3569/3444/4302 3552/3427/4285 3551/3426/4284
f 3551/3426/4284 3556/3431/4289 3569/3444/4302
f 3570/3445/4303 3553/3428/4286 3571/3446/4304
f 3571/3446/4304 3572/3447/4305 3570/3445/4303
f 3573/3448/4306 3574/3449/4307 3569/3444/4302
f 3569/3444/4302 3568/3443/4301 3573/3448/4306
f 3552/3427/4285 3569/3444/4302 3574/3449/4307
f 3574/3449/4307 3554/3429/4287 3552/3427/4285
f 3571/3446/4304 3553/3428/4286 3555/3430/4288
f 3555/3430/4288 3575/3450/4308 3571/3446/4304
f 3559/3434/4292 3570/3445/4303 3572/3447/4305
f 3572/3447/4305 3560/3435/4293 3559/3434/4292
f 3551/3426/4284 3550/3425/4283 3561/3436/4294
f 3561/3436/4294 3547/3422/4280 3551/3426/4284
f 3565/3440/4298 3556/3431/4289 3546/3421/4279
f 3546/3421/4279 3563/3438/4296 3565/3440/4298
f 3558/3433/4291 3562/3437/4295 3561/3436/4294
f 3561/3436/4294 3559/3434/4292 3558/3433/4291
f 3553/3428/4286 3570/3445/4303 3550/3425/4283
f 3559/3434/4292 3561/3436/4294 3550/3425/4283
f 3550/3425/4283 3570/3445/4303 3559/3434/4292
f 3576/3451/4309 3577/3452/4310 3564/3439/4297
f 3564/3439/4297 3549/3424/4282 3576/3451/4309
f 3575/3450/4308 3555/3430/4288 3578/3453/4311
f 3578/3453/4311 3579/3454/4312 3575/3450/4308
f 3576/3451/4309 3549/3424/4282 3548/3423/4281
f 3548/3423/4281 3580/3455/4313 3576/3451/4309
f 3580/3455/4313 3548/3423/4281 3562/3437/4295
f 3562/3437/4295 3581/3456/4314 3580/3455/4313
f 3557/3432/4290 3582/3457/4315 3583/3458/4316
f 3583/3458/4317 3584/3459/4318 3557/3432/4290
f 3578/3453/4311 3555/3430/4288 3554/3429/4287
f 3554/3429/4287 3585/3460/4319 3578/3453/4311
f 3585/3460/4319 3554/3429/4287 3574/3449/4307
f 3574/3449/4307 3586/3461/4320 3585/3460/4319
f 3587/3462/4321 3588/3463/4322 3589/3464/4323
f 3589/3464/4323 3573/3448/4306 3587/3462/4321
f 3581/3456/4314 3562/3437/4295 3558/3433/4291
f 3558/3433/4291 3590/3465/4324 3581/3456/4314
f 3508/3383/4325 3591/3466/4326 3592/3467/4327
f 3592/3467/4327 3509/3384/4328 3508/3383/4325
f 3515/3390/4329 3514/3389/4330 3593/3468/4331
f 3593/3468/4331 3594/3469/4332 3515/3390/4329
f 3525/3400/4333 3595/3470/4334 3596/3471/4335
f 3596/3471/4335 3529/3404/4336 3525/3400/4333
f 3519/3394/4337 3597/3472/4338 3598/3473/4339
f 3598/3473/4339 3520/3395/4340 3519/3394/4337
f 3524/3399/4341 3599/3474/4342 3595/3470/4334
f 3595/3470/4334 3525/3400/4333 3524/3399/4341
f 3528/3403/4343 3520/3395/4340 3598/3473/4339
f 3598/3473/4339 3600/3475/4344 3528/3403/4343
f 3509/3384/4328 3592/3467/4327 3597/3472/4338
f 3597/3472/4338 3519/3394/4337 3509/3384/4328
f 3514/3389/4330 3529/3404/4336 3596/3471/4335
f 3596/3471/4335 3593/3468/4331 3514/3389/4330
f 3515/3390/4329 3594/3469/4332 3601/3476/4345
f 3601/3476/4345 3534/3409/4346 3515/3390/4329
f 3537/3412/4347 3533/3408/4348 3577/3452/4349
f 3577/3452/4349 3576/3451/4350 3537/3412/4347
f 3528/3403/4343 3600/3475/4344 3602/3477/4351
f 3602/3477/4351 3536/3411/4352 3528/3403/4343
f 3542/3417/4353 3535/3410/4354 3603/3478/4355
f 3603/3478/4355 3604/3479/4356 3542/3417/4353
f 3537/3412/4347 3576/3451/4350 3580/3455/4357
f 3580/3455/4357 3538/3413/4358 3537/3412/4347
f 3538/3413/4358 3580/3455/4357 3581/3456/4359
f 3581/3456/4359 3539/3414/4360 3538/3413/4358
f 3584/3459/4361 3583/3458/4362 3605/3480/4363
f 3605/3480/4364 3540/3415/4365 3584/3459/4361
f 3605/3480/4366 3606/3481/4367 3591/3466/4326
f 3591/3466/4326 3508/3383/4325 3605/3480/4366
f 3542/3417/4353 3604/3479/4356 3607/3482/4368
f 3607/3482/4368 3543/3418/4369 3542/3417/4353
f 3543/3418/4369 3607/3482/4368 3608/3483/4370
f 3608/3483/4370 3544/3419/4371 3543/3418/4369
f 3609/3484/4372 3545/3420/4373 3610/3485/4374
f 3610/3485/4375 3611/3486/4376 3609/3484/4377
f 3524/3399/4341 3612/3487/4378 3613/3488/4379
f 3613/3488/4379 3599/3474/4342 3524/3399/4341
f 3539/3414/4360 3581/3456/4359 3590/3465/4380
f 3590/3465/4380 3541/3416/4381 3539/3414/4360
f 3254/3129/3912 3259/3134/3917 3258/3133/3916
f 3258/3133/3916 3255/3130/3913 3254/3129/3912
f 3255/3130/3913 3258/3133/3916 3266/3141/3924
f 3266/3141/3924 3263/3138/3921 3255/3130/3913
f 3614/3489/4382 3615/3490/4383 3616/3491/4384
f 3616/3491/4384 3279/3154/3937 3614/3489/4382
f 3614/3489/4382 3617/3492/4385 3618/3493/4386
f 3618/3493/4386 3615/3490/4383 3614/3489/4382
f 3296/3171/3955 3293/3168/3953 3292/3167/3952
f 3292/3167/3952 3297/3172/3955 3296/3171/3955
f 3266/3141/3968 3265/3140/4387 3619/3494/4388
f 3619/3494/4388 3304/3179/3969 3266/3141/3968
f 3311/3186/3985 3310/3185/3984 3354/3229/4389
f 3354/3229/4389 3327/3202/4001 3311/3186/3985
f 3310/3185/3984 3315/3190/3989 3323/3198/3997
f 3323/3198/3997 3354/3229/4389 3310/3185/3984
f 3326/3201/4000 3367/3242/4390 3312/3187/3986
f 3312/3187/3986 3311/3186/3985 3326/3201/4000
f 3319/3194/3993 3369/3244/4391 3374/3249/4392
f 3374/3249/4392 3324/3199/3998 3319/3194/3993
f 3335/3210/4009 3620/3495/4393 3345/3220/4019
f 3345/3220/4019 3332/3207/4006 3335/3210/4009
f 3620/3495/4393 3335/3210/4009 3343/3218/4017
f 3343/3218/4017 3339/3214/4013 3620/3495/4393
f 3621/3496/4394 3622/3497/4395 3343/3218/4017
f 3343/3218/4017 3342/3217/4016 3621/3496/4394
f 3352/3227/4027 3348/3223/4022 3622/3497/4395
f 3622/3497/4395 3621/3496/4394 3352/3227/4027
f 3333/3208/4007 3332/3207/4006 3344/3219/4018
f 3344/3219/4018 3623/3498/4007 3333/3208/4007
f 3344/3219/4055 3326/3201/4054 3328/3203/4396
f 3328/3203/4396 3623/3498/4397 3344/3219/4055
f 3250/3125/3908 3249/3124/3907 3288/3163/4398
f 3288/3163/4398 3269/3144/3927 3250/3125/3908
f 3249/3124/3907 3256/3131/3914 3264/3139/3922
f 3264/3139/3922 3288/3163/4398 3249/3124/3907
f 3268/3143/3926 3307/3182/4399 3251/3126/3909
f 3251/3126/3909 3250/3125/3908 3268/3143/3926
f 3274/3149/3932 3624/3499/4400 3284/3159/3942
f 3284/3159/3942 3271/3146/3929 3274/3149/3932
f 3624/3499/4400 3274/3149/3932 3282/3157/3940
f 3282/3157/3940 3278/3153/3936 3624/3499/4400
f 3625/3500/4401 3626/3501/4402 3282/3157/3940
f 3282/3157/3940 3281/3156/3939 3625/3500/4401
f 3617/3492/4385 3614/3489/4382 3626/3501/4402
f 3626/3501/4402 3625/3500/4401 3617/3492/4385
f 3272/3147/3930 3271/3146/3929 3283/3158/3941
f 3283/3158/3941 3627/3502/4403 3272/3147/3930
f 3283/3158/3976 3268/3143/3975 3270/3145/4404
f 3270/3145/4404 3627/3502/4405 3283/3158/3976
f 3183/3058/3820 3182/3057/3819 3226/3101/4406
f 3226/3101/4406 3199/3074/3836 3183/3058/3820
f 3182/3057/3819 3187/3062/3824 3195/3070/3832
f 3195/3070/3832 3226/3101/4406 3182/3057/3819
f 3198/3073/3835 3239/3114/4407 3184/3059/3821
f 3184/3059/3821 3183/3058/3820 3198/3073/3835
f 3191/3066/3828 3241/3116/4408 3246/3121/4409
f 3246/3121/4409 3196/3071/3833 3191/3066/3828
f 3207/3082/3844 3628/3503/4410 3217/3092/3854
f 3217/3092/3854 3204/3079/3841 3207/3082/3844
f 3628/3503/4410 3207/3082/3844 3215/3090/3852
f 3215/3090/3852 3211/3086/3848 3628/3503/4410
f 3629/3504/4411 3630/3505/4412 3215/3090/3852
f 3215/3090/3852 3214/3089/3851 3629/3504/4411
f 3225/3100/3863 3220/3095/3857 3630/3505/4412
f 3630/3505/4412 3629/3504/4411 3225/3100/3863
f 3205/3080/3842 3204/3079/3841 3216/3091/3853
f 3216/3091/3853 3631/3506/4413 3205/3080/3842
f 3198/3073/4414 3200/3075/4415 3631/3506/4416
f 3631/3506/4417 3216/3091/3888 3198/3073/3887
f 3082/2957/3682 3081/2956/3681 3067/2942/3667
f 3067/2942/3667 3066/2941/3666 3082/2957/3682
f 3087/2962/3687 3086/2961/3686 3094/2969/3694
f 3094/2969/3694 3098/2973/3698 3087/2962/3687
f 3092/2967/3692 3086/2961/3686 3085/2960/3685
f 3085/2960/3685 3095/2970/3695 3092/2967/3692
f 3087/2962/3687 3082/2957/3682 3066/2941/3666
f 3066/2941/3666 3074/2949/3674 3087/2962/3687
f 3102/2977/3702 3106/2981/3706 3067/2942/3667
f 3067/2942/3667 3081/2956/3681 3102/2977/3702
f 3092/2967/3692 3114/2989/3714 3178/3053/4418
f 3178/3053/4418 3093/2968/3693 3092/2967/3692
f 3632/3507/4419 3132/3007/3732 3133/3008/3733
f 3133/3008/3733 3633/3508/4420 3632/3507/4419
f 3125/3000/3725 3134/3009/3734 3137/3012/3737
f 3137/3012/3737 3138/3013/3738 3125/3000/3725
f 3158/3033/3759 3142/3017/3742 3137/3012/3737
f 3137/3012/3737 3136/3011/3736 3158/3033/3759
f 3135/3010/3735 3134/3009/3734 3132/3007/3732
f 3132/3007/3732 3632/3507/4419 3135/3010/3735
f 3633/3508/4420 3133/3008/3733 3146/3021/3746
f 3146/3021/3746 3634/3509/4421 3633/3508/4420
f 3157/3032/3758 3155/3030/3756 3143/3018/3743
f 3143/3018/3743 3142/3017/3742 3157/3032/3758
f 3102/2977/4422 3103/2978/4423 3634/3509/4424
f 3634/3509/4425 3146/3021/3785 3102/2977/3784
f 3114/2989/3810 3113/2988/3808 3177/3052/3807
f 3177/3052/3807 3179/3054/3811 3114/2989/3810
f 3395/3270/4091 3394/3269/4090 3380/3255/4076
f 3380/3255/4076 3379/3254/4075 3395/3270/4091
f 3400/3275/4096 3399/3274/4095 3407/3282/4103
f 3407/3282/4103 3411/3286/4107 3400/3275/4096
f 3405/3280/4101 3399/3274/4095 3398/3273/4094
f 3398/3273/4094 3408/3283/4104 3405/3280/4101
f 3400/3275/4096 3395/3270/4091 3379/3254/4075
f 3379/3254/4075 3387/3262/4083 3400/3275/4096
f 3415/3290/4111 3419/3294/4115 3380/3255/4076
f 3380/3255/4076 3394/3269/4090 3415/3290/4111
f 3405/3280/4101 3427/3302/4123 3491/3366/4426
f 3491/3366/4426 3406/3281/4102 3405/3280/4101
f 3635/3510/4427 3445/3320/4141 3446/3321/4142
f 3446/3321/4142 3636/3511/4428 3635/3510/4427
f 3438/3313/4134 3447/3322/4143 3450/3325/4146
f 3450/3325/4146 3451/3326/4147 3438/3313/4134
f 3471/3346/4168 3455/3330/4151 3450/3325/4146
f 3450/3325/4146 3449/3324/4145 3471/3346/4168
f 3448/3323/4144 3447/3322/4143 3445/3320/4141
f 3445/3320/4141 3635/3510/4427 3448/3323/4144
f 3636/3511/4428 3446/3321/4142 3459/3334/4155
f 3459/3334/4155 3637/3512/4429 3636/3511/4428
f 3470/3345/4167 3468/3343/4165 3456/3331/4152
f 3456/3331/4152 3455/3330/4151 3470/3345/4167
f 3415/3290/4193 3416/3291/4430 3637/3512/4431
f 3637/3512/4432 3459/3334/4194 3415/3290/4193
f 3427/3302/4219 3426/3301/4217 3490/3365/4216
f 3490/3365/4216 3492/3367/4220 3427/3302/4219
f 3513/3388/4246 3512/3387/4245 3498/3373/4231
f 3498/3373/4231 3497/3372/4230 3513/3388/4246
f 3517/3392/4250 3525/3400/4258 3529/3404/4262
f 3529/3404/4262 3518/3393/4251 3517/3392/4250
f 3523/3398/4256 3517/3392/4250 3516/3391/4249
f 3516/3391/4249 3526/3401/4259 3523/3398/4256
f 3518/3393/4251 3513/3388/4246 3497/3372/4230
f 3497/3372/4230 3505/3380/4238 3518/3393/4251
f 3533/3408/4266 3537/3412/4270 3498/3373/4231
f 3498/3373/4231 3512/3387/4245 3533/3408/4266
f 3545/3420/4433 3609/3484/4434 3524/3399/4435
f 3524/3399/4257 3523/3398/4256 3545/3420/4278
f 3638/3513/4436 3563/3438/4296 3564/3439/4297
f 3564/3439/4297 3639/3514/4437 3638/3513/4436
f 3556/3431/4289 3565/3440/4298 3568/3443/4301
f 3568/3443/4301 3569/3444/4302 3556/3431/4289
f 3573/3448/4306 3568/3443/4301 3567/3442/4300
f 3567/3442/4300 3587/3462/4321 3573/3448/4306
f 3563/3438/4296 3638/3513/4436 3566/3441/4299
f 3566/3441/4299 3565/3440/4298 3563/3438/4296
f 3639/3514/4437 3564/3439/4297 3577/3452/4310
f 3577/3452/4310 3640/3515/4438 3639/3514/4437
f 3589/3464/4323 3586/3461/4320 3574/3449/4307
f 3574/3449/4307 3573/3448/4306 3589/3464/4323
f 3533/3408/4439 3534/3409/4440 3640/3515/4441
f 3640/3515/4442 3577/3452/4349 3533/3408/4348
f 3545/3420/4373 3544/3419/4371 3608/3483/4370
f 3608/3483/4370 3610/3485/4374 3545/3420/4373
f 3317/3192/3991 3316/3191/3990 3325/3200/3999
f 3325/3200/3999 3359/3234/4443 3317/3192/3991
f 3318/3193/3992 3317/3192/3991 3359/3234/4443
f 3359/3234/4443 3330/3205/4004 3318/3193/3992
f 3329/3204/4003 3369/3244/4391 3319/3194/3993
f 3319/3194/3993 3318/3193/3992 3329/3204/4003
f 3312/3187/3986 3367/3242/4390 3372/3247/4444
f 3372/3247/4444 3320/3195/3994 3312/3187/3986
f 3622/3497/4395 3336/3211/4010 3339/3214/4013
f 3339/3214/4013 3343/3218/4017 3622/3497/4395
f 3336/3211/4010 3622/3497/4395 3348/3223/4022
f 3348/3223/4022 3340/3215/4014 3336/3211/4010
f 3350/3225/4024 3345/3220/4019 3620/3495/4393
f 3620/3495/4393 3641/3516/4445 3350/3225/4024
f 3641/3516/4445 3620/3495/4393 3339/3214/4013
f 3339/3214/4013 3338/3213/4012 3641/3516/4445
f 3341/3216/4015 3340/3215/4014 3347/3222/4021
f 3347/3222/4021 3642/3517/4446 3341/3216/4015
f 3329/3204/4060 3331/3206/4447 3643/3518/4448
f 3643/3518/4448 3370/3245/4061 3329/3204/4060
f 3254/3129/3912 3253/3128/3911 3267/3142/3925
f 3267/3142/3925 3293/3168/4449 3254/3129/3912
f 3260/3135/3918 3259/3134/3917 3296/3171/4450
f 3296/3171/4450 3295/3170/4451 3260/3135/3918
f 3251/3126/3909 3307/3182/4399 3308/3183/4452
f 3308/3183/4452 3261/3136/3919 3251/3126/3909
f 3626/3501/4402 3275/3150/3933 3278/3153/3936
f 3278/3153/3936 3282/3157/3940 3626/3501/4402
f 3614/3489/4382 3279/3154/3937 3275/3150/3933
f 3275/3150/3933 3626/3501/4402 3614/3489/4382
f 3286/3161/3944 3284/3159/3942 3624/3499/4400
f 3624/3499/4400 3644/3519/4453 3286/3161/3944
f 3644/3519/4453 3624/3499/4400 3278/3153/3936
f 3278/3153/3936 3277/3152/3935 3644/3519/4453
f 3260/3135/3957 3295/3170/4454 3645/3520/4455
f 3645/3520/4455 3298/3173/3958 3260/3135/3957
f 3259/3134/3917 3254/3129/3912 3293/3168/4449
f 3293/3168/4449 3296/3171/4450 3259/3134/3917
f 3280/3155/3938 3279/3154/3937 3616/3491/4384
f 3616/3491/4384 3646/3521/4456 3280/3155/3938
f 3189/3064/3826 3188/3063/3825 3197/3072/3834
f 3197/3072/3834 3231/3106/4457 3189/3064/3826
f 3190/3065/3827 3189/3064/3826 3231/3106/4457
f 3231/3106/4457 3202/3077/3839 3190/3065/3827
f 3201/3076/3838 3241/3116/4408 3191/3066/3828
f 3191/3066/3828 3190/3065/3827 3201/3076/3838
f 3184/3059/3821 3239/3114/4407 3244/3119/4458
f 3244/3119/4458 3192/3067/3829 3184/3059/3821
f 3630/3505/4412 3208/3083/3845 3211/3086/3848
f 3211/3086/3848 3215/3090/3852 3630/3505/4412
f 3208/3083/3845 3630/3505/4412 3220/3095/3857
f 3220/3095/3857 3212/3087/3849 3208/3083/3845
f 3222/3097/3859 3217/3092/3854 3628/3503/4410
f 3628/3503/4410 3647/3522/4459 3222/3097/3859
f 3647/3522/4459 3628/3503/4410 3211/3086/3848
f 3211/3086/3848 3210/3085/3847 3647/3522/4459
f 3213/3088/3850 3212/3087/3849 3219/3094/3856
f 3219/3094/3856 3648/3523/4460 3213/3088/3850
f 3201/3076/3893 3203/3078/4461 3649/3524/4462
f 3649/3524/4462 3242/3117/3894 3201/3076/3893
f 3076/2951/3676 3075/2950/3675 3100/2975/3700
f 3100/2975/3700 3099/2974/3699 3076/2951/3676
f 3101/2976/3701 3089/2964/3689 3088/2963/3688
f 3088/2963/3688 3071/2946/3671 3101/2976/3701
f 3088/2963/3688 3096/2971/3696 3073/2948/3673
f 3073/2948/3673 3071/2946/3671 3088/2963/3688
f 3075/2950/3675 3089/2964/3689 3101/2976/3701
f 3101/2976/3701 3100/2975/3700 3075/2950/3675
f 3096/2971/3696 3104/2979/3704 3111/2986/3711
f 3111/2986/3711 3073/2948/3673 3096/2971/3696
f 3076/2951/3676 3109/2984/3709 3174/3049/4463
f 3174/3049/4463 3077/2952/3677 3076/2951/3676
f 3151/3026/3751 3126/3001/3726 3129/3004/3729
f 3129/3004/3729 3650/3525/4464 3151/3026/3751
f 3651/3526/4465 3141/3016/3741 3140/3015/3740
f 3140/3015/3740 3652/3527/4466 3651/3526/4465
f 3652/3527/4466 3140/3015/3740 3144/3019/3744
f 3144/3019/3744 3653/3528/4467 3652/3527/4466
f 3650/3525/4464 3129/3004/3729 3141/3016/3741
f 3141/3016/3741 3651/3526/4465 3650/3525/4464
f 3653/3528/4467 3144/3019/3744 3148/3023/3748
f 3148/3023/3748 3654/3529/4468 3653/3528/4467
f 3126/3001/3726 3153/3028/3754 3159/3034/3760
f 3159/3034/3760 3127/3002/3727 3126/3001/3726
f 3104/2979/3790 3105/2980/4469 3655/3530/4470
f 3655/3530/4470 3172/3047/3791 3104/2979/3790
f 3109/2984/3798 3110/2985/3818 3159/3034/3817
f 3159/3034/3817 3153/3028/3799 3109/2984/3798
f 3389/3264/4085 3388/3263/4084 3413/3288/4109
f 3413/3288/4109 3412/3287/4108 3389/3264/4085
f 3414/3289/4110 3402/3277/4098 3401/3276/4097
f 3401/3276/4097 3384/3259/4080 3414/3289/4110
f 3401/3276/4097 3409/3284/4105 3386/3261/4082
f 3386/3261/4082 3384/3259/4080 3401/3276/4097
f 3388/3263/4084 3402/3277/4098 3414/3289/4110
f 3414/3289/4110 3413/3288/4109 3388/3263/4084
f 3409/3284/4105 3417/3292/4113 3424/3299/4120
f 3424/3299/4120 3386/3261/4082 3409/3284/4105
f 3389/3264/4085 3423/3298/4119 3487/3362/4471
f 3487/3362/4471 3390/3265/4086 3389/3264/4085
f 3466/3341/4162 3439/3314/4135 3442/3317/4138
f 3442/3317/4138 3656/3531/4472 3466/3341/4162
f 3657/3532/4473 3454/3329/4150 3453/3328/4149
f 3453/3328/4149 3658/3533/4474 3657/3532/4473
f 3658/3533/4474 3453/3328/4149 3457/3332/4153
f 3457/3332/4153 3659/3534/4475 3658/3533/4474
f 3656/3531/4472 3442/3317/4138 3454/3329/4150
f 3454/3329/4150 3657/3532/4473 3656/3531/4472
f 3659/3534/4475 3457/3332/4153 3461/3336/4157
f 3461/3336/4157 3660/3535/4476 3659/3534/4475
f 3465/3340/4161 3472/3347/4169 3440/3315/4136
f 3440/3315/4136 3439/3314/4135 3465/3340/4161
f 3417/3292/4199 3418/3293/4477 3661/3536/4478
f 3661/3536/4478 3485/3360/4200 3417/3292/4199
f 3423/3298/4210 3422/3297/4226 3472/3347/4227
f 3472/3347/4227 3465/3340/4211 3423/3298/4210
f 3507/3382/4240 3506/3381/4239 3531/3406/4264
f 3531/3406/4264 3530/3405/4263 3507/3382/4240
f 3532/3407/4265 3522/3397/4255 3521/3396/4254
f 3521/3396/4254 3502/3377/4235 3532/3407/4265
f 3521/3396/4254 3527/3402/4260 3504/3379/4237
f 3504/3379/4237 3502/3377/4235 3521/3396/4254
f 3506/3381/4239 3522/3397/4255 3532/3407/4265
f 3532/3407/4265 3531/3406/4264 3506/3381/4239
f 3527/3402/4260 3535/3410/4268 3542/3417/4275
f 3542/3417/4275 3504/3379/4237 3527/3402/4260
f 3507/3382/4240 3540/3415/4273 3605/3480/4479
f 3605/3480/4479 3508/3383/4241 3507/3382/4240
f 3582/3457/4315 3557/3432/4290 3560/3435/4293
f 3560/3435/4293 3662/3537/4480 3582/3457/4315
f 3571/3446/4304 3663/3538/4481 3664/3539/4482
f 3664/3539/4482 3572/3447/4305 3571/3446/4304
f 3663/3538/4481 3571/3446/4304 3575/3450/4308
f 3575/3450/4308 3665/3540/4483 3663/3538/4481
f 3662/3537/4480 3560/3435/4293 3572/3447/4305
f 3572/3447/4305 3664/3539/4482 3662/3537/4480
f 3665/3540/4483 3575/3450/4308 3579/3454/4312
f 3579/3454/4312 3666/3541/4484 3665/3540/4483
f 3558/3433/4291 3557/3432/4290 3584/3459/4318
f 3584/3459/4318 3590/3465/4324 3558/3433/4291
f 3535/3410/4354 3536/3411/4485 3667/3542/4486
f 3667/3542/4486 3603/3478/4355 3535/3410/4354
f 3540/3415/4365 3541/3416/4381 3590/3465/4380
f 3590/3465/4380 3584/3459/4361 3540/3415/4365
f 3668/3543/4487 3669/3544/4488 3670/3545/4489
f 3670/3545/4489 3671/3546/4490 3668/3543/4487
f 3672/3547/4491 3673/3548/4492 3669/3544/4488
f 3669/3544/4488 3674/3549/4493 3672/3547/4491
f 3668/3543/4487 3675/3550/4494 3676/3551/4495
f 3677/3552/4496 3678/3553/4497 3679/3554/4498
f 3680/3555/4499 3681/3556/4500 3682/3557/4501
f 3683/3558/4502 3684/3559/4503 3685/3560/4504
f 3686/3561/4505 3687/3562/4506 3688/3563/4507
f 3688/3563/4507 3689/3564/4508 3686/3561/4505
f 3690/3565/4509 3691/3566/4510 3686/3561/4505
f 3686/3561/4505 3670/3545/4489 3690/3565/4509
f 3692/3567/4511 3693/3568/4512 3689/3564/4508
f 3689/3564/4508 3694/3569/4513 3692/3567/4511
f 3695/3570/4514 3696/3571/4515 3693/3568/4512
f 3693/3568/4512 3697/3572/4516 3695/3570/4514
f 3698/3573/4517 3699/3574/4518 3696/3571/4515
f 3696/3571/4515 3700/3575/4519 3698/3573/4517
f 3701/3576/4520 3699/3574/4518 3702/3577/4521
f 3702/3577/4521 3703/3578/4522 3701/3576/4520
f 3690/3565/4509 3673/3548/4492 3704/3579/4523
f 3704/3579/4523 3705/3580/4524 3690/3565/4509
f 3674/3549/4493 3669/3544/4488 3668/3543/4487
f 3668/3543/4487 3676/3551/4495 3674/3549/4493
f 3671/3546/4490 3706/3581/4525 3677/3552/4496
f 3677/3552/4496 3668/3543/4487 3671/3546/4490
f 3675/3550/4494 3668/3543/4487 3677/3552/4496
f 3677/3552/4496 3679/3554/4498 3675/3550/4494
f 3707/3582/4526 3691/3566/4510 3708/3583/4527
f 3708/3583/4527 3709/3584/4528 3707/3582/4526
f 3686/3561/4505 3689/3564/4508 3671/3546/4490
f 3671/3546/4490 3670/3545/4489 3686/3561/4505
f 3689/3564/4508 3693/3568/4512 3706/3581/4525
f 3706/3581/4525 3671/3546/4490 3689/3564/4508
f 3689/3564/4508 3688/3563/4507 3694/3569/4513
f 3706/3581/4525 3710/3585/4529 3680/3555/4499
f 3680/3555/4499 3677/3552/4496 3706/3581/4525
f 3678/3553/4497 3677/3552/4496 3680/3555/4499
f 3680/3555/4499 3682/3557/4501 3678/3553/4497
f 3711/3586/4530 3683/3558/4502 3680/3555/4499
f 3680/3555/4499 3710/3585/4529 3711/3586/4530
f 3681/3556/4500 3680/3555/4499 3683/3558/4502
f 3683/3558/4502 3685/3560/4504 3681/3556/4500
f 3712/3587/4531 3713/3588/4532 3714/3589/4533
f 3714/3589/4533 3715/3590/4534 3712/3587/4531
f 3716/3591/4535 3712/3587/4531 3715/3590/4534
f 3715/3590/4534 3717/3592/4536 3716/3591/4535
f 3696/3571/4515 3710/3585/4529 3706/3581/4525
f 3706/3581/4525 3693/3568/4512 3696/3571/4515
f 3693/3568/4512 3692/3567/4511 3697/3572/4516
f 3699/3574/4518 3711/3586/4530 3710/3585/4529
f 3710/3585/4529 3696/3571/4515 3699/3574/4518
f 3696/3571/4515 3695/3570/4514 3700/3575/4519
f 3713/3588/4532 3701/3576/4520 3718/3593/4537
f 3718/3593/4537 3714/3589/4533 3713/3588/4532
f 3699/3574/4518 3698/3573/4517 3702/3577/4521
f 3719/3594/4538 3720/3595/4539 3721/3596/4540
f 3721/3596/4540 3722/3597/4541 3719/3594/4538
f 3723/3598/4542 3724/3599/4543 3725/3600/4544
f 3725/3600/4544 3726/3601/4545 3723/3598/4542
f 3727/3602/4546 3728/3603/4547 3729/3604/4548
f 3729/3604/4548 3730/3605/4549 3727/3602/4546
f 3731/3606/4550 3732/3607/4551 3733/3608/4552
f 3733/3608/4552 3734/3609/4553 3731/3606/4550
f 3735/3610/4554 3736/3611/4555 3737/3612/4556
f 3737/3612/4556 3738/3613/4557 3735/3610/4554
f 3739/3614/4558 3740/3615/4559 3741/3616/4560
f 3741/3616/4560 3742/3617/4561 3739/3614/4558
f 3743/3618/4562 3744/3619/4563 3745/3620/4564
f 3745/3620/4564 3746/3621/4565 3743/3618/4562
f 3747/3622/4566 3748/3623/4567 3749/3624/4568
f 3749/3624/4568 3750/3625/4569 3747/3622/4566
f 3751/3626/4570 3752/3627/4571 3753/3628/4572
f 3753/3628/4572 3754/3629/4573 3751/3626/4570
f 3755/3630/4574 3756/3631/4575 3757/3632/4576
f 3757/3632/4576 3758/3633/4577 3755/3630/4574
f 3759/3634/4578 3760/3635/4579 3761/3636/4580
f 3761/3636/4580 3762/3637/4581 3759/3634/4578
f 3763/3638/4582 3764/3639/4583 3765/3640/4584
f 3765/3640/4584 3746/3621/4565 3763/3638/4582
f 3724/3599/4543 3766/3641/4585 3767/3642/4586
f 3767/3642/4586 3725/3600/4544 3724/3599/4543
f 3764/3639/4583 3768/3643/4587 3769/3644/4588
f 3769/3644/4588 3765/3640/4584 3764/3639/4583
f 3728/3603/4547 3723/3598/4542 3726/3601/4545
f 3726/3601/4545 3729/3604/4548 3728/3603/4547
f 3770/3645/4589 3739/3614/4558 3742/3617/4561
f 3742/3617/4561 3771/3646/4590 3770/3645/4589
f 3740/3615/4559 3747/3622/4566 3750/3625/4569
f 3750/3625/4569 3741/3616/4560 3740/3615/4559
f 3768/3643/4587 3772/3647/4591 3773/3648/4592
f 3773/3648/4592 3769/3644/4588 3768/3643/4587
f 3732/3607/4551 3727/3602/4546 3730/3605/4549
f 3730/3605/4549 3733/3608/4552 3732/3607/4551
f 3772/3647/4591 3774/3649/4593 3775/3650/4594
f 3775/3650/4594 3773/3648/4592 3772/3647/4591
f 3736/3611/4555 3731/3606/4550 3734/3609/4553
f 3734/3609/4553 3737/3612/4556 3736/3611/4555
f 3776/3651/4595 3775/3650/4594 3774/3649/4593
f 3774/3649/4593 3777/3652/4596 3776/3651/4595
f 3778/3653/4597 3735/3610/4554 3738/3613/4557
f 3738/3613/4557 3779/3654/4598 3778/3653/4597
f 3748/3623/4567 3751/3626/4570 3754/3629/4573
f 3754/3629/4573 3749/3624/4568 3748/3623/4567
f 3752/3627/4571 3755/3630/4574 3758/3633/4577
f 3758/3633/4577 3753/3628/4572 3752/3627/4571
f 3775/3650/4594 3776/3651/4595 3780/3655/4599
f 3756/3631/4575 3781/3656/4600 3782/3657/4601
f 3782/3657/4601 3757/3632/4576 3756/3631/4575
f 3783/3658/4602 3784/3659/4603 3785/3660/4604
f 3785/3660/4604 3786/3661/4605 3783/3658/4602
f 3787/3662/4606 3788/3663/4607 3789/3664/4608
f 3789/3664/4608 3790/3665/4609 3787/3662/4606
f 3791/3666/4610 3792/3667/4611 3793/3668/4612
f 3793/3668/4612 3794/3669/4613 3791/3666/4610
f 3795/3670/4614 3796/3671/4615 3797/3672/4616
f 3797/3672/4616 3798/3673/4617 3795/3670/4614
f 3799/3674/4618 3800/3675/4619 3801/3676/4620
f 3801/3676/4620 3802/3677/4621 3799/3674/4618
f 3803/3678/4622 3804/3679/4623 3805/3680/4624
f 3805/3680/4624 3806/3681/4625 3803/3678/4622
f 3807/3682/4626 3808/3683/4627 3809/3684/4628
f 3809/3684/4628 3810/3685/4629 3807/3682/4626
f 3705/3580/4630 3811/3686/4631 3812/3687/4632
f 3812/3687/4632 3708/3583/4633 3705/3580/4630
f 3813/3688/4634 3814/3689/4635 3815/3690/4636
f 3815/3690/4636 3816/3691/4637 3813/3688/4634
f 3817/3692/4638 3818/3693/4639 3819/3694/4640
f 3819/3694/4640 3820/3695/4641 3817/3692/4638
f 3821/3696/4642 3822/3697/4643 3823/3698/4644
f 3823/3698/4644 3824/3699/4645 3821/3696/4642
f 3825/3700/4646 3826/3701/4647 3827/3702/4648
f 3827/3702/4648 3828/3703/4649 3825/3700/4646
f 3705/3580/4630 3704/3579/4650 3829/3704/4651
f 3829/3704/4651 3811/3686/4631 3705/3580/4630
f 3787/3662/4606 3791/3666/4610 3794/3669/4613
f 3794/3669/4613 3788/3663/4607 3787/3662/4606
f 3792/3667/4611 3795/3670/4614 3798/3673/4617
f 3798/3673/4617 3793/3668/4612 3792/3667/4611
f 3830/3705/4652 3831/3706/4653 3832/3707/4654
f 3832/3707/4654 3833/3708/4655 3830/3705/4652
f 3834/3709/4656 3709/3584/4657 3708/3583/4633
f 3708/3583/4633 3812/3687/4632 3834/3709/4656
f 3814/3689/4635 3807/3682/4626 3810/3685/4629
f 3810/3685/4629 3815/3690/4636 3814/3689/4635
f 3796/3671/4615 3799/3674/4618 3802/3677/4621
f 3802/3677/4621 3797/3672/4616 3796/3671/4615
f 3800/3675/4619 3803/3678/4622 3806/3681/4625
f 3806/3681/4625 3801/3676/4620 3800/3675/4619
f 3714/3589/4658 3835/3710/4659 3836/3711/4660
f 3836/3711/4660 3715/3590/4661 3714/3589/4658
f 3837/3712/4662 3838/3713/4663 3839/3714/4664
f 3839/3714/4664 3840/3715/4665 3837/3712/4662
f 3715/3590/4661 3836/3711/4660 3841/3716/4666
f 3841/3716/4666 3717/3592/4667 3715/3590/4661
f 3818/3693/4639 3813/3688/4634 3816/3691/4637
f 3816/3691/4637 3819/3694/4640 3818/3693/4639
f 3822/3697/4643 3817/3692/4638 3820/3695/4641
f 3820/3695/4641 3823/3698/4644 3822/3697/4643
f 3714/3589/4658 3718/3593/4668 3842/3717/4669
f 3842/3717/4669 3835/3710/4659 3714/3589/4658
f 3843/3718/4670 3821/3696/4642 3824/3699/4645
f 3824/3699/4645 3844/3719/4671 3843/3718/4670
f 3844/3719/4671 3845/3720/4672 3846/3721/4673
f 3846/3721/4673 3843/3718/4670 3844/3719/4671
f 3826/3701/4674 3718/3593/4537 3701/3576/4520
f 3701/3576/4520 3703/3578/4522 3826/3701/4674
f 3683/3558/4502 3711/3586/4530 3713/3588/4532
f 3713/3588/4532 3712/3587/4531 3683/3558/4502
f 3684/3559/4503 3683/3558/4502 3712/3587/4531
f 3712/3587/4531 3716/3591/4535 3684/3559/4503
f 3711/3586/4530 3699/3574/4518 3701/3576/4520
f 3701/3576/4520 3713/3588/4532 3711/3586/4530
f 3780/3655/4599 3759/3634/4578 3781/3656/4600
f 3781/3656/4600 3775/3650/4594 3780/3655/4599
f 3777/3652/4596 3847/3722/4675 3848/3723/4676
f 3848/3723/4676 3776/3651/4595 3777/3652/4596
f 3778/3653/4597 3849/3724/4677 3847/3722/4675
f 3847/3722/4675 3777/3652/4596 3778/3653/4597
f 3776/3651/4595 3848/3723/4676 3850/3725/4678
f 3850/3725/4678 3780/3655/4599 3776/3651/4595
f 3838/3713/4663 3805/3680/4624 3804/3679/4623
f 3804/3679/4623 3839/3714/4664 3838/3713/4663
f 3845/3720/4679 3851/3726/4680 3827/3702/4681
f 3827/3702/4682 3846/3721/4673 3845/3720/4672
f 3785/3660/4683 3704/3579/4523 3673/3548/4492
f 3673/3548/4492 3672/3547/4491 3785/3660/4683
f 3705/3580/4524 3708/3583/4527 3691/3566/4510
f 3691/3566/4510 3690/3565/4509 3705/3580/4524
f 3670/3545/4489 3669/3544/4488 3673/3548/4492
f 3673/3548/4492 3690/3565/4509 3670/3545/4489
f 3687/3562/4506 3686/3561/4505 3691/3566/4510
f 3691/3566/4510 3707/3582/4526 3687/3562/4506
f 3719/3594/4538 3766/3641/4585 3764/3639/4583
f 3764/3639/4583 3763/3638/4582 3719/3594/4538
f 3743/3618/4562 3746/3621/4565 3765/3640/4584
f 3746/3621/4565 3745/3620/4564 3852/3727/4684
f 3852/3727/4684 3763/3638/4582 3746/3621/4565
f 3770/3645/4589 3853/3728/4685 3744/3619/4563
f 3744/3619/4563 3743/3618/4562 3770/3645/4589
f 3854/3729/4686 3786/3661/4687 3790/3665/4609
f 3790/3665/4609 3789/3664/4608 3854/3729/4686
f 3833/3708/4655 3832/3707/4654 3809/3684/4628
f 3809/3684/4628 3808/3683/4627 3833/3708/4655
f 3687/3562/4506 3808/3683/4688 3807/3682/4689
f 3807/3682/4689 3688/3563/4507 3687/3562/4506
f 3694/3569/4513 3814/3689/4690 3813/3688/4691
f 3813/3688/4691 3692/3567/4511 3694/3569/4513
f 3697/3572/4516 3818/3693/4692 3817/3692/4693
f 3817/3692/4693 3695/3570/4514 3697/3572/4516
f 3700/3575/4519 3822/3697/4694 3821/3696/4695
f 3821/3696/4695 3698/3573/4517 3700/3575/4519
f 3702/3577/4521 3843/3718/4696 3846/3721/4697
f 3846/3721/4697 3703/3578/4522 3702/3577/4521
f 3709/3584/4528 3830/3705/4698 3833/3708/4699
f 3833/3708/4699 3707/3582/4526 3709/3584/4528
f 3688/3563/4507 3807/3682/4689 3814/3689/4690
f 3814/3689/4690 3694/3569/4513 3688/3563/4507
f 3692/3567/4511 3813/3688/4691 3818/3693/4692
f 3818/3693/4692 3697/3572/4516 3692/3567/4511
f 3695/3570/4514 3817/3692/4693 3822/3697/4694
f 3822/3697/4694 3700/3575/4519 3695/3570/4514
f 3698/3573/4517 3821/3696/4695 3843/3718/4696
f 3843/3718/4696 3702/3577/4521 3698/3573/4517
f 3740/3615/4559 3739/3614/4558 3765/3640/4584
f 3765/3640/4584 3769/3644/4588 3748/3623/4567
f 3748/3623/4567 3747/3622/4566 3765/3640/4584
f 3769/3644/4588 3773/3648/4592 3752/3627/4571
f 3752/3627/4571 3751/3626/4570 3769/3644/4588
f 3773/3648/4592 3775/3650/4594 3756/3631/4575
f 3756/3631/4575 3755/3630/4574 3773/3648/4592
f 3780/3655/4599 3850/3725/4678 3760/3635/4579
f 3760/3635/4579 3759/3634/4578 3780/3655/4599
f 3743/3618/4562 3765/3640/4584 3739/3614/4558
f 3739/3614/4558 3770/3645/4589 3743/3618/4562
f 3747/3622/4566 3740/3615/4559 3765/3640/4584
f 3751/3626/4570 3748/3623/4567 3769/3644/4588
f 3755/3630/4574 3752/3627/4571 3773/3648/4592
f 3781/3656/4600 3756/3631/4575 3775/3650/4594
f 3826/3701/4647 3825/3700/4646 3842/3717/4669
f 3842/3717/4669 3718/3593/4668 3826/3701/4647
f 3834/3709/4656 3855/3730/4700 3830/3705/4701
f 3830/3705/4701 3709/3584/4657 3834/3709/4656
f 3703/3578/4522 3846/3721/4697 3827/3702/4702
f 3827/3702/4702 3826/3701/4674 3703/3578/4522
f 3762/3637/4581 3782/3657/4601 3781/3656/4600
f 3781/3656/4600 3759/3634/4578 3762/3637/4581
f 3707/3582/4526 3833/3708/4699 3808/3683/4688
f 3808/3683/4688 3687/3562/4506 3707/3582/4526
f 3771/3646/4590 3856/3731/4703 3853/3728/4685
f 3853/3728/4685 3770/3645/4589 3771/3646/4590
f 3674/3549/4493 3787/3662/4704 3790/3665/4705
f 3790/3665/4705 3672/3547/4491 3674/3549/4493
f 3675/3550/4494 3792/3667/4706 3791/3666/4707
f 3791/3666/4707 3676/3551/4495 3675/3550/4494
f 3678/3553/4497 3796/3671/4708 3795/3670/4709
f 3795/3670/4709 3679/3554/4498 3678/3553/4497
f 3681/3556/4500 3800/3675/4710 3799/3674/4711
f 3799/3674/4711 3682/3557/4501 3681/3556/4500
f 3684/3559/4503 3804/3679/4712 3803/3678/4713
f 3803/3678/4713 3685/3560/4504 3684/3559/4503
f 3676/3551/4495 3791/3666/4707 3787/3662/4704
f 3787/3662/4704 3674/3549/4493 3676/3551/4495
f 3679/3554/4498 3795/3670/4709 3792/3667/4706
f 3792/3667/4706 3675/3550/4494 3679/3554/4498
f 3682/3557/4501 3799/3674/4711 3796/3671/4708
f 3796/3671/4708 3678/3553/4497 3682/3557/4501
f 3685/3560/4504 3803/3678/4713 3800/3675/4710
f 3800/3675/4710 3681/3556/4500 3685/3560/4504
f 3717/3592/4536 3840/3715/4714 3839/3714/4715
f 3839/3714/4715 3716/3591/4535 3717/3592/4536
f 3763/3638/4582 3852/3727/4684 3720/3595/4539
f 3720/3595/4539 3719/3594/4538 3763/3638/4582
f 3724/3599/4543 3723/3598/4542 3764/3639/4583
f 3728/3603/4547 3727/3602/4546 3768/3643/4587
f 3732/3607/4551 3731/3606/4550 3772/3647/4591
f 3736/3611/4555 3735/3610/4554 3774/3649/4593
f 3766/3641/4585 3724/3599/4543 3764/3639/4583
f 3768/3643/4587 3764/3639/4583 3723/3598/4542
f 3723/3598/4542 3728/3603/4547 3768/3643/4587
f 3772/3647/4591 3768/3643/4587 3727/3602/4546
f 3727/3602/4546 3732/3607/4551 3772/3647/4591
f 3774/3649/4593 3772/3647/4591 3731/3606/4550
f 3731/3606/4550 3736/3611/4555 3774/3649/4593
f 3777/3652/4596 3774/3649/4593 3735/3610/4554
f 3735/3610/4554 3778/3653/4597 3777/3652/4596
f 3785/3660/4604 3784/3659/4603 3829/3704/4651
f 3829/3704/4651 3704/3579/4650 3785/3660/4604
f 3857/3732/4716 3840/3715/4717 3717/3592/4667
f 3717/3592/4667 3841/3716/4666 3857/3732/4716
f 3716/3591/4535 3839/3714/4715 3804/3679/4712
f 3804/3679/4712 3684/3559/4503 3716/3591/4535
f 3779/3654/4598 3858/3733/4718 3849/3724/4677
f 3849/3724/4677 3778/3653/4597 3779/3654/4598
f 3672/3547/4491 3790/3665/4705 3786/3661/4719
f 3786/3661/4719 3785/3660/4683 3672/3547/4491
f 3722/3597/4541 3767/3642/4586 3766/3641/4585
f 3766/3641/4585 3719/3594/4538 3722/3597/4541
f 3859/3734/4720 3860/3735/4721 3861/3736/4722
f 3861/3736/4722 3862/3737/4723 3859/3734/4720
f 3863/3738/4724 3864/3739/4725 3865/3740/4726
f 3865/3740/4726 3866/3741/4727 3863/3738/4724
f 3867/3742/4728 3868/3743/4729 3864/3739/4725
f 3864/3739/4725 3863/3738/4724 3867/3742/4728
f 3862/3737/4723 3861/3736/4722 3869/3744/4730
f 3869/3744/4730 3866/3741/4727 3862/3737/4723
f 3870/3745/4731 3871/3746/4732 3872/3747/4733
f 3872/3747/4733 3873/3748/4734 3870/3745/4731
f 3874/3749/4735 3859/3734/4720 3862/3737/4723
f 3862/3737/4723 3875/3750/4736 3874/3749/4735
f 3876/3751/4737 3877/3752/4738 3878/3753/4739
f 3878/3753/4739 3879/3754/4740 3876/3751/4737
f 3869/3744/4730 3880/3755/4741 3881/3756/4742
f 3881/3756/4742 3882/3757/4743 3869/3744/4730
f 3882/3757/4743 3863/3738/4724 3866/3741/4727
f 3866/3741/4727 3869/3744/4730 3882/3757/4743
f 3883/3758/4744 3884/3759/4745 3885/3760/4746
f 3885/3760/4746 3886/3761/4747 3883/3758/4744
f 3881/3756/4742 3887/3762/4748 3888/3763/4749
f 3888/3763/4749 3889/3764/4750 3881/3756/4742
f 3890/3765/4751 3867/3742/4728 3863/3738/4724
f 3863/3738/4724 3882/3757/4743 3890/3765/4751
f 3891/3766/4752 3892/3767/4753 3884/3759/4745
f 3884/3759/4745 3883/3758/4744 3891/3766/4752
f 3886/3761/4747 3885/3760/4746 3871/3746/4732
f 3871/3746/4732 3870/3745/4731 3886/3761/4747
f 3875/3750/4736 3862/3737/4723 3866/3741/4727
f 3866/3741/4727 3865/3740/4726 3875/3750/4736
f 3879/3754/4740 3878/3753/4739 3893/3768/4754
f 3893/3768/4754 3880/3755/4741 3879/3754/4740
f 3894/3769/4755 3874/3749/4735 3875/3750/4736
f 3875/3750/4736 3895/3770/4756 3894/3769/4755
f 3865/3740/4726 3864/3739/4725 3896/3771/4757
f 3895/3770/4756 3875/3750/4736 3865/3740/4726
f 3865/3740/4726 3896/3771/4757 3895/3770/4756
f 3897/3772/4758 3898/3773/4759 3877/3752/4738
f 3877/3752/4738 3876/3751/4737 3897/3772/4758
f 3899/3774/4760 3900/3775/4761 3892/3767/4753
f 3892/3767/4753 3891/3766/4752 3899/3774/4760
f 3901/3776/4762 3860/3735/4721 3859/3734/4720
f 3859/3734/4720 3902/3777/4763 3901/3776/4762
f 3902/3777/4763 3859/3734/4720 3874/3749/4735
f 3874/3749/4735 3903/3778/4764 3902/3777/4763
f 3904/3779/4765 3905/3780/4766 3894/3769/4755
f 3894/3769/4755 3873/3748/4734 3904/3779/4765
f 3906/3781/4767 3868/3743/4729 3867/3742/4728
f 3867/3742/4728 3907/3782/4768 3906/3781/4767
f 3907/3782/4768 3867/3742/4728 3890/3765/4751
f 3890/3765/4751 3908/3783/4769 3907/3782/4768
f 3890/3765/4751 3889/3764/4750 3909/3784/4770
f 3909/3784/4770 3908/3783/4769 3890/3765/4751
f 3903/3778/4764 3874/3749/4735 3894/3769/4755
f 3894/3769/4755 3905/3780/4766 3903/3778/4764
f 3910/3785/4771 3911/3786/4772 3912/3787/4773
f 3912/3787/4773 3913/3788/4774 3910/3785/4771
f 3914/3789/4775 3915/3790/4776 3916/3791/4777
f 3916/3791/4777 3917/3792/4778 3914/3789/4775
f 3915/3790/4776 3918/3793/4779 3919/3794/4780
f 3919/3794/4780 3916/3791/4777 3915/3790/4776
f 3920/3795/4781 3910/3785/4771 3913/3788/4774
f 3913/3788/4774 3917/3792/4778 3920/3795/4781
f 3921/3796/4782 3922/3797/4783 3923/3798/4784
f 3923/3798/4784 3924/3799/4785 3921/3796/4782
f 3913/3788/4774 3912/3787/4773 3925/3800/4786
f 3925/3800/4786 3926/3801/4787 3913/3788/4774
f 3927/3802/4788 3928/3803/4789 3911/3786/4772
f 3911/3786/4772 3910/3785/4771 3927/3802/4788
f 3929/3804/4790 3930/3805/4791 3931/3806/4792
f 3931/3806/4792 3932/3807/4793 3929/3804/4790
f 3933/3808/4794 3920/3795/4781 3917/3792/4778
f 3917/3792/4778 3916/3791/4777 3933/3808/4794
f 3934/3809/4795 3935/3810/4796 3936/3811/4797
f 3936/3811/4797 3915/3790/4776 3934/3809/4795
f 3937/3812/4798 3930/3805/4791 3933/3808/4794
f 3933/3808/4794 3938/3813/4799 3937/3812/4798
f 3916/3791/4777 3919/3794/4780 3938/3813/4799
f 3938/3813/4799 3933/3808/4794 3916/3791/4777
f 3936/3811/4797 3939/3814/4800 3918/3793/4779
f 3918/3793/4779 3915/3790/4776 3936/3811/4797
f 3922/3797/4783 3935/3810/4796 3934/3809/4795
f 3934/3809/4795 3923/3798/4784 3922/3797/4783
f 3917/3792/4778 3913/3788/4774 3926/3801/4787
f 3926/3801/4787 3914/3789/4775 3917/3792/4778
f 3929/3804/4790 3927/3802/4788 3910/3785/4771
f 3910/3785/4771 3920/3795/4781 3929/3804/4790
f 3924/3799/4785 3923/3798/4784 3926/3801/4787
f 3926/3801/4787 3925/3800/4786 3924/3799/4785
f 3915/3790/4776 3914/3789/4775 3934/3809/4795
f 3923/3798/4784 3934/3809/4795 3914/3789/4775
f 3914/3789/4775 3926/3801/4787 3923/3798/4784
f 3940/3815/4801 3911/3786/4772 3928/3803/4789
f 3928/3803/4789 3941/3816/4802 3940/3815/4801
f 3918/3793/4779 3939/3814/4800 3942/3817/4803
f 3942/3817/4803 3943/3818/4804 3918/3793/4779
f 3940/3815/4801 3944/3819/4805 3912/3787/4773
f 3912/3787/4773 3911/3786/4772 3940/3815/4801
f 3944/3819/4805 3945/3820/4806 3925/3800/4786
f 3925/3800/4786 3912/3787/4773 3944/3819/4805
f 3921/3796/4782 3946/3821/4807 3947/3822/4808
f 3947/3822/4808 3948/3823/4809 3921/3796/4782
f 3943/3818/4804 3949/3824/4810 3919/3794/4780
f 3919/3794/4780 3918/3793/4779 3943/3818/4804
f 3949/3824/4810 3950/3825/4811 3938/3813/4799
f 3938/3813/4799 3919/3794/4780 3949/3824/4810
f 3951/3826/4812 3952/3827/4813 3937/3812/4798
f 3937/3812/4798 3953/3828/4814 3951/3826/4812
f 3945/3820/4806 3954/3829/4815 3924/3799/4785
f 3924/3799/4785 3925/3800/4786 3945/3820/4806
f 3872/3747/4816 3871/3746/4817 3955/3830/4818
f 3955/3830/4818 3956/3831/4819 3872/3747/4816
f 3878/3753/4820 3877/3752/4821 3957/3832/4822
f 3957/3832/4822 3958/3833/4823 3878/3753/4820
f 3887/3762/4824 3893/3768/4825 3959/3834/4826
f 3959/3834/4826 3960/3835/4827 3887/3762/4824
f 3885/3760/4828 3884/3759/4829 3961/3836/4830
f 3961/3836/4830 3962/3837/4831 3885/3760/4828
f 3888/3763/4832 3887/3762/4824 3960/3835/4827
f 3960/3835/4827 3963/3838/4833 3888/3763/4832
f 3884/3759/4829 3892/3767/4834 3964/3839/4835
f 3964/3839/4835 3961/3836/4830 3884/3759/4829
f 3871/3746/4817 3885/3760/4828 3962/3837/4831
f 3962/3837/4831 3955/3830/4818 3871/3746/4817
f 3893/3768/4825 3878/3753/4820 3958/3833/4823
f 3958/3833/4823 3959/3834/4826 3893/3768/4825
f 3877/3752/4821 3898/3773/4836 3965/3840/4837
f 3965/3840/4837 3957/3832/4822 3877/3752/4821
f 3901/3776/4838 3940/3815/4839 3941/3816/4840
f 3941/3816/4840 3897/3772/4841 3901/3776/4838
f 3892/3767/4834 3900/3775/4842 3966/3841/4843
f 3966/3841/4843 3964/3839/4835 3892/3767/4834
f 3906/3781/4844 3967/3842/4845 3968/3843/4846
f 3968/3843/4846 3899/3774/4847 3906/3781/4844
f 3901/3776/4838 3902/3777/4848 3944/3819/4849
f 3944/3819/4849 3940/3815/4839 3901/3776/4838
f 3902/3777/4848 3903/3778/4850 3945/3820/4851
f 3945/3820/4851 3944/3819/4849 3902/3777/4848
f 3969/3844/4852 3947/3822/4853 3946/3821/4854
f 3946/3821/4854 3904/3779/4855 3969/3844/4852
f 3969/3844/4856 3872/3747/4816 3956/3831/4819
f 3956/3831/4857 3970/3845/4858 3969/3844/4859
f 3906/3781/4844 3907/3782/4860 3971/3846/4861
f 3971/3846/4861 3967/3842/4845 3906/3781/4844
f 3907/3782/4860 3908/3783/4862 3972/3847/4863
f 3972/3847/4863 3971/3846/4861 3907/3782/4860
f 3973/3848/4864 3974/3849/4865 3975/3850/4866
f 3975/3850/4866 3909/3784/4867 3973/3848/4864
f 3888/3763/4832 3963/3838/4833 3976/3851/4868
f 3976/3851/4868 3973/3848/4869 3888/3763/4832
f 3903/3778/4850 3905/3780/4870 3954/3829/4871
f 3954/3829/4871 3945/3820/4851 3903/3778/4850
f 3977/3852/4872 3978/3853/4873 3979/3854/4874
f 3979/3854/4874 3980/3855/4875 3977/3852/4872
f 3981/3856/4876 3982/3857/4877 3983/3858/4878
f 3983/3858/4878 3984/3859/4879 3981/3856/4876
f 3982/3857/4877 3981/3856/4876 3985/3860/4880
f 3985/3860/4880 3986/3861/4881 3982/3857/4877
f 3978/3853/4873 3977/3852/4872 3984/3859/4879
f 3984/3859/4879 3983/3858/4878 3978/3853/4873
f 3978/3853/4873 3987/3862/4882 3988/3863/4883
f 3988/3863/4883 3979/3854/4874 3978/3853/4873
f 3984/3859/4879 3989/3864/4884 3990/3865/4885
f 3990/3865/4885 3981/3856/4876 3984/3859/4879
f 3981/3856/4876 3990/3865/4885 3991/3866/4886
f 3991/3866/4886 3985/3860/4880 3981/3856/4876
f 3983/3858/4878 3992/3867/4887 3987/3862/4882
f 3987/3862/4882 3978/3853/4873 3983/3858/4878
f 3993/3868/4888 3994/3869/4889 3995/3870/4890
f 3995/3870/4890 3980/3855/4875 3993/3868/4888
f 3996/3871/4891 3997/3872/4892 3998/3873/4893
f 3998/3873/4893 3986/3861/4881 3996/3871/4891
f 3999/3874/4894 4000/3875/4895 4001/3876/4896
f 4001/3876/4896 4002/3877/4897 3999/3874/4894
f 4003/3878/4898 4004/3879/4899 4005/3880/4900
f 4005/3880/4900 4006/3881/4901 4003/3878/4898
f 4007/3882/4902 4003/3878/4898 4006/3881/4901
f 4006/3881/4901 4008/3883/4903 4007/3882/4902
f 4000/3875/4895 4009/3884/4904 4010/3885/4905
f 4010/3885/4905 4001/3876/4896 4000/3875/4895
f 4011/3886/4906 4012/3887/4907 4013/3888/4908
f 4013/3888/4908 3999/3874/4894 4011/3886/4906
f 4014/3889/4909 4015/3890/4910 4016/3891/4911
f 4016/3891/4911 4007/3882/4902 4014/3889/4909
f 4013/3888/4908 4012/3887/4907 4017/3892/4912
f 4017/3892/4912 4018/3893/4913 4013/3888/4908
f 4019/3894/4914 4020/3895/4915 4016/3891/4911
f 4016/3891/4911 4015/3890/4910 4019/3894/4914
f 4021/3896/4916 3995/3870/4917 4022/3897/4918
f 4022/3897/4918 4023/3898/4919 4021/3896/4916
f 3992/3867/4920 4024/3899/4921 4025/3900/4922
f 4025/3900/4922 4026/3901/4923 3992/3867/4920
f 4024/3899/4921 3998/3873/4924 4027/3902/4925
f 4027/3902/4925 4025/3900/4922 4024/3899/4921
f 3989/3864/4926 4021/3896/4916 4023/3898/4919
f 4023/3898/4919 4028/3903/4927 3989/3864/4926
f 3988/3863/4928 3987/3862/4929 4029/3904/4930
f 4029/3904/4930 4030/3905/4931 3988/3863/4928
f 3990/3865/4932 3989/3864/4926 4028/3903/4927
f 4028/3903/4927 4031/3906/4933 3990/3865/4932
f 3991/3866/4934 3990/3865/4932 4031/3906/4933
f 4031/3906/4933 4032/3907/4935 3991/3866/4934
f 3987/3862/4929 3992/3867/4920 4026/3901/4923
f 4026/3901/4923 4029/3904/4930 3987/3862/4929
f 3995/3870/4917 3994/3869/4936 4033/3908/4937
f 4033/3908/4937 4022/3897/4918 3995/3870/4917
f 4034/3909/4938 4012/3887/4939 4011/3886/4940
f 4011/3886/4940 3993/3868/4941 4034/3909/4938
f 3998/3873/4924 3997/3872/4942 4035/3910/4943
f 4035/3910/4943 4027/3902/4925 3998/3873/4924
f 4036/3911/4944 4037/3912/4945 4038/3913/4946
f 4038/3913/4946 3996/3871/4947 4036/3911/4944
f 4039/3914/4948 4017/3892/4949 4012/3887/4939
f 4012/3887/4939 4034/3909/4938 4039/3914/4948
f 4039/3914/4950 3988/3863/4928 4030/3905/4931
f 4030/3905/4931 4040/3915/4951 4039/3914/4952
f 4041/3916/4953 4042/3917/4954 4037/3912/4945
f 4037/3912/4945 4036/3911/4944 4041/3916/4953
f 3991/3866/4934 4032/3907/4935 4043/3918/4955
f 4043/3918/4955 4041/3916/4956 3991/3866/4934
f 4044/3919/4957 4045/3920/4958 4046/3921/4959
f 4046/3921/4959 4047/3922/4960 4044/3919/4957
f 4048/3923/4961 4049/3924/4962 4050/3925/4963
f 4050/3925/4963 4051/3926/4964 4048/3923/4961
f 4052/3927/4965 4053/3928/4966 4054/3929/4967
f 4054/3929/4967 4055/3930/4968 4052/3927/4965
f 4045/3920/4958 4044/3919/4957 4049/3924/4962
f 4049/3924/4962 4048/3923/4961 4045/3920/4958
f 4045/3920/4958 4056/3931/4969 4057/3932/4970
f 4057/3932/4970 4046/3921/4959 4045/3920/4958
f 4049/3924/4962 4058/3933/4971 4059/3934/4972
f 4059/3934/4972 4050/3925/4963 4049/3924/4962
f 4055/3930/4968 4060/3935/4973 4061/3936/4974
f 4061/3936/4974 4052/3927/4965 4055/3930/4968
f 4048/3923/4961 4062/3937/4975 4056/3931/4969
f 4056/3931/4969 4045/3920/4958 4048/3923/4961
f 4063/3938/4976 4064/3939/4977 4065/3940/4978
f 4065/3940/4978 4047/3922/4960 4063/3938/4976
f 4066/3941/4979 4067/3942/4980 4068/3943/4981
f 4068/3943/4981 4069/3944/4982 4066/3941/4979
f 4070/3945/4983 4071/3946/4984 4072/3947/4985
f 4072/3947/4985 4073/3948/4986 4070/3945/4983
f 4074/3949/4987 4070/3945/4983 4073/3948/4986
f 4073/3948/4986 4075/3950/4988 4074/3949/4987
f 4067/3942/4980 4076/3951/4989 4077/3952/4990
f 4077/3952/4990 4068/3943/4981 4067/3942/4980
f 4078/3953/4991 4079/3954/4992 4080/3955/4993
f 4080/3955/4993 4066/3941/4979 4078/3953/4991
f 4080/3955/4993 4079/3954/4992 4081/3956/4994
f 4081/3956/4994 4082/3957/4995 4080/3955/4993
f 4065/3940/4996 4083/3958/4996 4084/3959/4997
f 4084/3959/4997 4085/3960/4998 4065/3940/4996
f 4062/3937/4999 4086/3961/5000 4087/3962/5001
f 4087/3962/5001 4088/3963/5002 4062/3937/4999
f 4089/3964/5003 4090/3965/5004 4091/3966/5005
f 4091/3966/5005 4092/3967/5006 4089/3964/5003
f 4052/3927/5007 4093/3968/5008 4094/3969/5009
f 4094/3969/5009 4053/3928/5010 4052/3927/5007
f 4058/3933/5011 4085/3960/4998 4084/3959/4997
f 4084/3959/4997 4095/3970/5012 4058/3933/5011
f 4057/3932/5013 4056/3931/5014 4096/3971/5015
f 4096/3971/5015 4097/3972/5016 4057/3932/5013
f 4059/3934/5017 4058/3933/5011 4095/3970/5012
f 4095/3970/5012 4098/3973/5018 4059/3934/5017
f 4059/3934/5017 4098/3973/5018 4099/3974/5019
f 4099/3974/5019 4060/3935/5020 4059/3934/5017
f 4061/3936/5021 4100/3975/5022 4093/3968/5008
f 4093/3968/5008 4052/3927/5007 4061/3936/5021
f 4056/3931/5014 4062/3937/4999 4088/3963/5002
f 4088/3963/5002 4096/3971/5015 4056/3931/5014
f 4064/3939/5023 4101/3976/5024 4083/3958/4996
f 4083/3958/4996 4065/3940/4996 4064/3939/5023
f 4102/3977/5025 4079/3954/5026 4078/3953/5027
f 4078/3953/5027 4063/3938/5028 4102/3977/5025
f 4103/3978/5029 4081/3956/5030 4079/3954/5026
f 4079/3954/5026 4102/3977/5025 4103/3978/5029
f 4103/3978/5031 4057/3932/5013 4097/3972/5016
f 4097/3972/5032 4104/3979/5033 4103/3978/5034
f 4105/3980/5035 4106/3981/5036 4107/3982/5037
f 4107/3982/5037 4108/3983/5038 4105/3980/5035
f 4109/3984/5039 4110/3985/5040 4111/3986/5041
f 4111/3986/5041 4112/3987/5042 4109/3984/5039
f 4110/3985/5040 4109/3984/5039 4113/3988/5043
f 4113/3988/5043 4114/3989/5044 4110/3985/5040
f 4106/3981/5036 4105/3980/5035 4112/3987/5042
f 4112/3987/5042 4111/3986/5041 4106/3981/5036
f 4106/3981/5036 4115/3990/5045 4116/3991/5046
f 4116/3991/5046 4107/3982/5037 4106/3981/5036
f 4112/3987/5042 4117/3992/5047 4118/3993/5048
f 4118/3993/5048 4109/3984/5039 4112/3987/5042
f 4109/3984/5039 4118/3993/5048 4119/3994/5049
f 4119/3994/5049 4113/3988/5043 4109/3984/5039
f 4111/3986/5041 4120/3995/5050 4115/3990/5045
f 4115/3990/5045 4106/3981/5036 4111/3986/5041
f 4121/3996/5051 4122/3997/5052 4123/3998/5053
f 4123/3998/5053 4108/3983/5038 4121/3996/5051
f 4124/3999/5054 4125/4000/5055 4126/4001/5056
f 4126/4001/5056 4114/3989/5044 4124/3999/5054
f 4127/4002/5057 4128/4003/5058 4129/4004/5059
f 4129/4004/5059 4130/4005/5060 4127/4002/5057
f 4131/4006/5061 4132/4007/5062 4133/4008/5063
f 4133/4008/5063 4134/4009/5064 4131/4006/5061
f 4135/4010/5065 4131/4006/5061 4134/4009/5064
f 4134/4009/5064 4136/4011/5066 4135/4010/5065
f 4128/4003/5058 4137/4012/5067 4138/4013/5068
f 4138/4013/5068 4129/4004/5059 4128/4003/5058
f 4139/4014/5069 4140/4015/5070 4141/4016/5071
f 4141/4016/5071 4127/4002/5057 4139/4014/5069
f 4142/4017/5072 4143/4018/5073 4144/4019/5074
f 4144/4019/5074 4135/4010/5065 4142/4017/5072
f 4141/4016/5071 4140/4015/5070 4145/4020/5075
f 4145/4020/5075 4146/4021/5076 4141/4016/5071
f 4144/4019/5074 4143/4018/5073 4147/4022/5077
f 4147/4022/5077 4148/4023/5078 4144/4019/5074
f 4123/3998/5079 4149/4024/5080 4150/4025/5081
f 4150/4025/5081 4151/4026/5082 4123/3998/5079
f 4120/3995/5083 4152/4027/5084 4153/4028/5085
f 4153/4028/5085 4154/4029/5086 4120/3995/5083
f 4126/4001/5087 4155/4030/5088 4153/4028/5085
f 4153/4028/5085 4152/4027/5084 4126/4001/5087
f 4117/3992/5089 4151/4026/5082 4150/4025/5081
f 4150/4025/5081 4156/4031/5090 4117/3992/5089
f 4116/3991/5091 4115/3990/5092 4157/4032/5093
f 4157/4032/5093 4158/4033/5094 4116/3991/5091
f 4118/3993/5095 4117/3992/5089 4156/4031/5090
f 4156/4031/5090 4159/4034/5096 4118/3993/5095
f 4119/3994/5097 4118/3993/5095 4159/4034/5096
f 4159/4034/5096 4160/4035/5098 4119/3994/5097
f 4115/3990/5092 4120/3995/5083 4154/4029/5086
f 4154/4029/5086 4157/4032/5093 4115/3990/5092
f 4122/3997/5099 4161/4036/5100 4149/4024/5080
f 4149/4024/5080 4123/3998/5079 4122/3997/5099
f 4162/4037/5101 4140/4015/5102 4139/4014/5103
f 4139/4014/5103 4121/3996/5104 4162/4037/5101
f 4126/4001/5087 4125/4000/5105 4163/4038/5106
f 4163/4038/5106 4155/4030/5088 4126/4001/5087
f 4164/4039/5107 4165/4040/5108 4166/4041/5109
f 4166/4041/5109 4124/3999/5110 4164/4039/5107
f 4167/4042/5111 4145/4020/5111 4140/4015/5102
f 4140/4015/5102 4162/4037/5101 4167/4042/5111
f 4167/4042/5112 4116/3991/5091 4158/4033/5094
f 4158/4033/5094 4168/4043/5113 4167/4042/5114
f 4169/4044/5115 4170/4045/5116 4165/4040/5108
f 4165/4040/5108 4164/4039/5107 4169/4044/5115
f 4119/3994/5097 4160/4035/5098 4171/4046/5117
f 4171/4046/5117 4169/4044/5118 4119/3994/5097
f 4172/4047/5119 4173/4048/5120 4174/4049/5121
f 4174/4049/5121 4175/4050/5122 4172/4047/5119
f 4176/4051/5123 4177/4052/5124 4178/4053/5125
f 4178/4053/5125 4179/4054/5126 4176/4051/5123
f 4180/4055/5127 4181/4056/5128 4177/4052/5124
f 4177/4052/5124 4176/4051/5123 4180/4055/5127
f 4175/4050/5122 4174/4049/5121 4182/4057/5129
f 4182/4057/5129 4179/4054/5126 4175/4050/5122
f 4183/4058/5130 4184/4059/5131 4185/4060/5132
f 4185/4060/5132 4186/4061/5133 4183/4058/5130
f 4187/4062/5134 4172/4047/5119 4175/4050/5122
f 4175/4050/5122 4188/4063/5135 4187/4062/5134
f 4189/4064/5136 4190/4065/5137 4191/4066/5138
f 4191/4066/5138 4192/4067/5139 4189/4064/5136
f 4182/4057/5129 4193/4068/5140 4194/4069/5141
f 4194/4069/5141 4195/4070/5142 4182/4057/5129
f 4195/4070/5142 4176/4051/5123 4179/4054/5126
f 4179/4054/5126 4182/4057/5129 4195/4070/5142
f 4196/4071/5143 4197/4072/5144 4198/4073/5145
f 4198/4073/5145 4199/4074/5146 4196/4071/5143
f 4194/4069/5141 4200/4075/5147 4201/4076/5148
f 4201/4076/5148 4202/4077/5149 4194/4069/5141
f 4203/4078/5150 4180/4055/5127 4176/4051/5123
f 4176/4051/5123 4195/4070/5142 4203/4078/5150
f 4204/4079/5151 4205/4080/5152 4197/4072/5144
f 4197/4072/5144 4196/4071/5143 4204/4079/5151
f 4199/4074/5146 4198/4073/5145 4184/4059/5131
f 4184/4059/5131 4183/4058/5130 4199/4074/5146
f 4188/4063/5135 4175/4050/5122 4179/4054/5126
f 4179/4054/5126 4178/4053/5125 4188/4063/5135
f 4192/4067/5139 4191/4066/5138 4206/4081/5153
f 4206/4081/5153 4193/4068/5140 4192/4067/5139
f 4207/4082/5154 4187/4062/5134 4188/4063/5135
f 4188/4063/5135 4208/4083/5155 4207/4082/5154
f 4178/4053/5125 4177/4052/5124 4209/4084/5156
f 4208/4083/5155 4188/4063/5135 4178/4053/5125
f 4178/4053/5125 4209/4084/5156 4208/4083/5155
f 4210/4085/5157 4211/4086/5158 4190/4065/5137
f 4190/4065/5137 4189/4064/5136 4210/4085/5157
f 4212/4087/5159 4213/4088/5160 4205/4080/5152
f 4205/4080/5152 4204/4079/5151 4212/4087/5159
f 4214/4089/5161 4173/4048/5120 4172/4047/5119
f 4172/4047/5119 4215/4090/5162 4214/4089/5161
f 4215/4090/5162 4172/4047/5119 4187/4062/5134
f 4187/4062/5134 4216/4091/5163 4215/4090/5162
f 4207/4082/5154 4186/4061/5133 4217/4092/5164
f 4217/4092/5164 4218/4093/5165 4207/4082/5154
f 4181/4056/5128 4180/4055/5127 4219/4094/5166
f 4219/4094/5166 4220/4095/5167 4181/4056/5128
f 4219/4094/5166 4180/4055/5127 4203/4078/5150
f 4203/4078/5150 4221/4096/5168 4219/4094/5166
f 4203/4078/5150 4202/4077/5149 4222/4097/5169
f 4222/4097/5169 4221/4096/5168 4203/4078/5150
f 4187/4062/5134 4207/4082/5154 4218/4093/5165
f 4218/4093/5165 4216/4091/5163 4187/4062/5134
f 4223/4098/5170 4224/4099/5171 4225/4100/5172
f 4225/4100/5172 4226/4101/5173 4223/4098/5170
f 4227/4102/5174 4228/4103/5175 4229/4104/5176
f 4229/4104/5176 4230/4105/5177 4227/4102/5174
f 4228/4103/5175 4231/4106/5178 4232/4107/5179
f 4232/4107/5179 4229/4104/5176 4228/4103/5175
f 4233/4108/5180 4223/4098/5170 4226/4101/5173
f 4226/4101/5173 4230/4105/5177 4233/4108/5180
f 4234/4109/5181 4235/4110/5182 4236/4111/5183
f 4236/4111/5183 4237/4112/5184 4234/4109/5181
f 4226/4101/5173 4225/4100/5172 4238/4113/5185
f 4238/4113/5185 4239/4114/5186 4226/4101/5173
f 4240/4115/5187 4241/4116/5188 4224/4099/5171
f 4224/4099/5171 4223/4098/5170 4240/4115/5187
f 4242/4117/5189 4243/4118/5190 4244/4119/5191
f 4244/4119/5191 4245/4120/5192 4242/4117/5189
f 4246/4121/5193 4233/4108/5180 4230/4105/5177
f 4230/4105/5177 4229/4104/5176 4246/4121/5193
f 4247/4122/5194 4248/4123/5195 4249/4124/5196
f 4249/4124/5196 4228/4103/5175 4247/4122/5194
f 4250/4125/5197 4243/4118/5190 4246/4121/5193
f 4246/4121/5193 4251/4126/5198 4250/4125/5197
f 4229/4104/5176 4232/4107/5179 4251/4126/5198
f 4251/4126/5198 4246/4121/5193 4229/4104/5176
f 4249/4124/5196 4252/4127/5199 4231/4106/5178
f 4231/4106/5178 4228/4103/5175 4249/4124/5196
f 4235/4110/5182 4248/4123/5195 4247/4122/5194
f 4247/4122/5194 4236/4111/5183 4235/4110/5182
f 4230/4105/5177 4226/4101/5173 4239/4114/5186
f 4239/4114/5186 4227/4102/5174 4230/4105/5177
f 4242/4117/5189 4240/4115/5187 4223/4098/5170
f 4223/4098/5170 4233/4108/5180 4242/4117/5189
f 4237/4112/5184 4236/4111/5183 4239/4114/5186
f 4239/4114/5186 4238/4113/5185 4237/4112/5184
f 4228/4103/5175 4227/4102/5174 4247/4122/5194
f 4236/4111/5183 4247/4122/5194 4227/4102/5174
f 4227/4102/5174 4239/4114/5186 4236/4111/5183
f 4253/4128/5200 4224/4099/5171 4241/4116/5188
f 4241/4116/5188 4254/4129/5201 4253/4128/5200
f 4252/4127/5199 4255/4130/5202 4256/4131/5203
f 4256/4131/5203 4231/4106/5178 4252/4127/5199
f 4253/4128/5200 4257/4132/5204 4225/4100/5172
f 4225/4100/5172 4224/4099/5171 4253/4128/5200
f 4257/4132/5204 4258/4133/5205 4238/4113/5185
f 4238/4113/5185 4225/4100/5172 4257/4132/5204
f 4259/4134/5206 4260/4135/5207 4234/4109/5181
f 4234/4109/5181 4261/4136/5208 4259/4134/5206
f 4256/4131/5203 4262/4137/5209 4232/4107/5179
f 4232/4107/5179 4231/4106/5178 4256/4131/5203
f 4262/4137/5209 4263/4138/5210 4251/4126/5198
f 4251/4126/5198 4232/4107/5179 4262/4137/5209
f 4264/4139/5211 4265/4140/5212 4250/4125/5197
f 4250/4125/5197 4266/4141/5213 4264/4139/5211
f 4267/4142/5214 4237/4112/5184 4238/4113/5185
f 4238/4113/5185 4258/4133/5205 4267/4142/5214
f 4185/4060/5215 4184/4059/5216 4268/4143/5217
f 4268/4143/5217 4269/4144/5218 4185/4060/5215
f 4191/4066/5219 4190/4065/5220 4270/4145/5221
f 4270/4145/5221 4271/4146/5222 4191/4066/5219
f 4200/4075/5223 4206/4081/5224 4272/4147/5225
f 4272/4147/5225 4273/4148/5226 4200/4075/5223
f 4198/4073/5227 4197/4072/5228 4274/4149/5229
f 4274/4149/5229 4275/4150/5230 4198/4073/5227
f 4201/4076/5231 4200/4075/5223 4273/4148/5226
f 4273/4148/5226 4276/4151/5232 4201/4076/5231
f 4197/4072/5228 4205/4080/5233 4277/4152/5234
f 4277/4152/5234 4274/4149/5229 4197/4072/5228
f 4184/4059/5216 4198/4073/5227 4275/4150/5230
f 4275/4150/5230 4268/4143/5217 4184/4059/5216
f 4206/4081/5224 4191/4066/5219 4271/4146/5222
f 4271/4146/5222 4272/4147/5225 4206/4081/5224
f 4190/4065/5220 4211/4086/5235 4278/4153/5236
f 4278/4153/5236 4270/4145/5221 4190/4065/5220
f 4214/4089/5237 4253/4128/5238 4254/4129/5239
f 4254/4129/5239 4210/4085/5240 4214/4089/5237
f 4205/4080/5233 4213/4088/5241 4279/4154/5242
f 4279/4154/5242 4277/4152/5234 4205/4080/5233
f 4220/4095/5243 4280/4155/5244 4281/4156/5245
f 4281/4156/5245 4212/4087/5246 4220/4095/5243
f 4214/4089/5237 4215/4090/5247 4257/4132/5248
f 4257/4132/5248 4253/4128/5238 4214/4089/5237
f 4215/4090/5247 4216/4091/5249 4258/4133/5250
f 4258/4133/5250 4257/4132/5248 4215/4090/5247
f 4261/4136/5251 4217/4092/5252 4282/4157/5253
f 4282/4157/5253 4259/4134/5254 4261/4136/5251
f 4282/4157/5255 4185/4060/5215 4269/4144/5218
f 4269/4144/5256 4283/4158/5257 4282/4157/5258
f 4220/4095/5243 4219/4094/5259 4284/4159/5260
f 4284/4159/5260 4280/4155/5244 4220/4095/5243
f 4219/4094/5259 4221/4096/5261 4285/4160/5262
f 4285/4160/5262 4284/4159/5260 4219/4094/5259
f 4286/4161/5263 4287/4162/5264 4288/4163/5265
f 4288/4163/5265 4222/4097/5266 4286/4161/5263
f 4201/4076/5231 4276/4151/5232 4289/4164/5267
f 4289/4164/5267 4286/4161/5268 4201/4076/5231
f 4218/4093/5269 4267/4142/5270 4258/4133/5250
f 4258/4133/5250 4216/4091/5249 4218/4093/5269
f 4290/4165/5271 4291/4166/5272 4292/4167/5273
f 4292/4167/5273 4293/4168/5274 4290/4165/5271
f 4294/4169/5275 4295/4170/5276 4296/4171/5277
f 4296/4171/5277 4297/4172/5278 4294/4169/5275
f 4298/4173/5279 4299/4174/5280 4295/4170/5276
f 4295/4170/5276 4294/4169/5275 4298/4173/5279
f 4293/4168/5274 4292/4167/5273 4300/4175/5281
f 4300/4175/5281 4297/4172/5278 4293/4168/5274
f 4301/4176/5282 4302/4177/5283 4303/4178/5284
f 4303/4178/5284 4304/4179/5285 4301/4176/5282
f 4305/4180/5286 4290/4165/5271 4293/4168/5274
f 4293/4168/5274 4306/4181/5287 4305/4180/5286
f 4307/4182/5288 4308/4183/5289 4309/4184/5290
f 4309/4184/5290 4310/4185/5291 4307/4182/5288
f 4300/4175/5281 4311/4186/5292 4312/4187/5293
f 4312/4187/5293 4313/4188/5294 4300/4175/5281
f 4313/4188/5294 4294/4169/5275 4297/4172/5278
f 4297/4172/5278 4300/4175/5281 4313/4188/5294
f 4314/4189/5295 4315/4190/5296 4316/4191/5297
f 4316/4191/5297 4317/4192/5298 4314/4189/5295
f 4312/4187/5293 4318/4193/5299 4319/4194/5300
f 4319/4194/5300 4320/4195/5301 4312/4187/5293
f 4321/4196/5302 4298/4173/5279 4294/4169/5275
f 4294/4169/5275 4313/4188/5294 4321/4196/5302
f 4322/4197/5303 4323/4198/5304 4317/4192/5298
f 4317/4192/5298 4316/4191/5297 4322/4197/5303
f 4315/4190/5296 4314/4189/5295 4302/4177/5283
f 4302/4177/5283 4301/4176/5282 4315/4190/5296
f 4306/4181/5287 4293/4168/5274 4297/4172/5278
f 4297/4172/5278 4296/4171/5277 4306/4181/5287
f 4310/4185/5291 4309/4184/5290 4324/4199/5305
f 4324/4199/5305 4311/4186/5292 4310/4185/5291
f 4325/4200/5306 4305/4180/5286 4306/4181/5287
f 4306/4181/5287 4326/4201/5307 4325/4200/5306
f 4296/4171/5277 4295/4170/5276 4327/4202/5308
f 4326/4201/5307 4306/4181/5287 4296/4171/5277
f 4296/4171/5277 4327/4202/5308 4326/4201/5307
f 4328/4203/5309 4329/4204/5310 4308/4183/5289
f 4308/4183/5289 4307/4182/5288 4328/4203/5309
f 4330/4205/5311 4331/4206/5312 4323/4198/5304
f 4323/4198/5304 4322/4197/5303 4330/4205/5311
f 4332/4207/5313 4291/4166/5272 4290/4165/5271
f 4290/4165/5271 4333/4208/5314 4332/4207/5313
f 4290/4165/5271 4305/4180/5286 4334/4209/5315
f 4334/4209/5315 4333/4208/5314 4290/4165/5271
f 4335/4210/5316 4336/4211/5317 4325/4200/5306
f 4325/4200/5306 4304/4179/5285 4335/4210/5316
f 4299/4174/5280 4298/4173/5279 4337/4212/5318
f 4337/4212/5318 4338/4213/5319 4299/4174/5280
f 4337/4212/5318 4298/4173/5279 4321/4196/5302
f 4321/4196/5302 4339/4214/5320 4337/4212/5318
f 4321/4196/5302 4320/4195/5301 4340/4215/5321
f 4340/4215/5321 4339/4214/5320 4321/4196/5302
f 4305/4180/5286 4325/4200/5306 4336/4211/5317
f 4336/4211/5317 4334/4209/5315 4305/4180/5286
f 4341/4216/5322 4342/4217/5323 4343/4218/5324
f 4343/4218/5324 4344/4219/5325 4341/4216/5322
f 4345/4220/5326 4346/4221/5327 4347/4222/5328
f 4347/4222/5328 4348/4223/5329 4345/4220/5326
f 4346/4221/5327 4349/4224/5330 4350/4225/5331
f 4350/4225/5331 4347/4222/5328 4346/4221/5327
f 4351/4226/5332 4341/4216/5322 4344/4219/5325
f 4344/4219/5325 4348/4223/5329 4351/4226/5332
f 4352/4227/5333 4353/4228/5334 4354/4229/5335
f 4354/4229/5335 4355/4230/5336 4352/4227/5333
f 4344/4219/5325 4343/4218/5324 4356/4231/5337
f 4356/4231/5337 4357/4232/5338 4344/4219/5325
f 4358/4233/5339 4359/4234/5340 4342/4217/5323
f 4342/4217/5323 4341/4216/5322 4358/4233/5339
f 4360/4235/5341 4361/4236/5342 4362/4237/5343
f 4362/4237/5343 4363/4238/5344 4360/4235/5341
f 4364/4239/5345 4351/4226/5332 4348/4223/5329
f 4348/4223/5329 4347/4222/5328 4364/4239/5345
f 4365/4240/5346 4366/4241/5347 4367/4242/5348
f 4367/4242/5348 4346/4221/5327 4365/4240/5346
f 4368/4243/5349 4361/4236/5342 4364/4239/5345
f 4364/4239/5345 4369/4244/5350 4368/4243/5349
f 4347/4222/5328 4350/4225/5331 4369/4244/5350
f 4369/4244/5350 4364/4239/5345 4347/4222/5328
f 4367/4242/5348 4370/4245/5351 4349/4224/5330
f 4349/4224/5330 4346/4221/5327 4367/4242/5348
f 4354/4229/5335 4353/4228/5334 4366/4241/5347
f 4366/4241/5347 4365/4240/5346 4354/4229/5335
f 4348/4223/5329 4344/4219/5325 4357/4232/5338
f 4357/4232/5338 4345/4220/5326 4348/4223/5329
f 4360/4235/5341 4358/4233/5339 4341/4216/5322
f 4341/4216/5322 4351/4226/5332 4360/4235/5341
f 4355/4230/5336 4354/4229/5335 4357/4232/5338
f 4357/4232/5338 4356/4231/5337 4355/4230/5336
f 4346/4221/5327 4345/4220/5326 4365/4240/5346
f 4354/4229/5335 4365/4240/5346 4345/4220/5326
f 4345/4220/5326 4357/4232/5338 4354/4229/5335
f 4371/4246/5352 4342/4217/5323 4359/4234/5340
f 4359/4234/5340 4372/4247/5353 4371/4246/5352
f 4370/4245/5351 4373/4248/5354 4374/4249/5355
f 4374/4249/5355 4349/4224/5330 4370/4245/5351
f 4371/4246/5352 4375/4250/5356 4343/4218/5324
f 4343/4218/5324 4342/4217/5323 4371/4246/5352
f 4375/4250/5356 4376/4251/5357 4356/4231/5337
f 4356/4231/5337 4343/4218/5324 4375/4250/5356
f 4352/4227/5333 4377/4252/5358 4378/4253/5359
f 4378/4253/5359 4379/4254/5360 4352/4227/5333
f 4374/4249/5355 4380/4255/5361 4350/4225/5331
f 4350/4225/5331 4349/4224/5330 4374/4249/5355
f 4380/4255/5361 4381/4256/5362 4369/4244/5350
f 4369/4244/5350 4350/4225/5331 4380/4255/5361
f 4382/4257/5363 4368/4243/5349 4383/4258/5364
f 4383/4258/5364 4384/4259/5365 4382/4257/5363
f 4376/4251/5357 4385/4260/5366 4355/4230/5336
f 4355/4230/5336 4356/4231/5337 4376/4251/5357
f 4303/4178/5367 4302/4177/5368 4386/4261/5369
f 4386/4261/5369 4387/4262/5370 4303/4178/5367
f 4308/4183/5371 4388/4263/5372 4389/4264/5373
f 4389/4264/5373 4309/4184/5374 4308/4183/5371
f 4318/4193/5375 4324/4199/5376 4390/4265/5377
f 4390/4265/5377 4391/4266/5378 4318/4193/5375
f 4314/4189/5379 4317/4192/5380 4392/4267/5381
f 4392/4267/5381 4393/4268/5382 4314/4189/5379
f 4319/4194/5383 4318/4193/5375 4391/4266/5378
f 4391/4266/5378 4394/4269/5384 4319/4194/5383
f 4323/4198/5385 4395/4270/5386 4392/4267/5381
f 4392/4267/5381 4317/4192/5380 4323/4198/5385
f 4302/4177/5368 4314/4189/5379 4393/4268/5382
f 4393/4268/5382 4386/4261/5369 4302/4177/5368
f 4309/4184/5374 4389/4264/5373 4390/4265/5377
f 4390/4265/5377 4324/4199/5376 4309/4184/5374
f 4308/4183/5371 4329/4204/5387 4396/4271/5388
f 4396/4271/5388 4388/4263/5372 4308/4183/5371
f 4332/4207/5389 4371/4246/5390 4372/4247/5391
f 4372/4247/5391 4328/4203/5392 4332/4207/5389
f 4323/4198/5385 4331/4206/5393 4397/4272/5394
f 4397/4272/5394 4395/4270/5386 4323/4198/5385
f 4338/4213/5395 4398/4273/5396 4399/4274/5397
f 4399/4274/5397 4330/4205/5398 4338/4213/5395
f 4332/4207/5389 4333/4208/5399 4375/4250/5400
f 4375/4250/5400 4371/4246/5390 4332/4207/5389
f 4333/4208/5399 4334/4209/5401 4376/4251/5402
f 4376/4251/5402 4375/4250/5400 4333/4208/5399
f 4377/4252/5403 4335/4210/5404 4400/4275/5405
f 4400/4275/5405 4378/4253/5406 4377/4252/5403
f 4400/4275/5407 4303/4178/5367 4387/4262/5370
f 4387/4262/5408 4401/4276/5409 4400/4275/5410
f 4338/4213/5395 4337/4212/5411 4402/4277/5412
f 4402/4277/5412 4398/4273/5396 4338/4213/5395
f 4337/4212/5411 4339/4214/5413 4403/4278/5414
f 4403/4278/5414 4402/4277/5412 4337/4212/5411
f 4404/4279/5415 4405/4280/5416 4406/4281/5417
f 4406/4281/5417 4340/4215/5418 4404/4279/5415
f 4319/4194/5383 4394/4269/5384 4407/4282/5419
f 4407/4282/5420 4408/4283/5421 4319/4194/5422
f 4334/4209/5401 4336/4211/5423 4385/4260/5424
f 4385/4260/5424 4376/4251/5402 4334/4209/5401
f 4051/3926/4964 4050/3925/4963 4055/3930/4968
f 4055/3930/4968 4054/3929/4967 4051/3926/4964
f 4050/3925/4963 4059/3934/4972 4060/3935/4973
f 4060/3935/4973 4055/3930/4968 4050/3925/4963
f 4409/4284/5425 4074/3949/4987 4410/4285/5426
f 4410/4285/5426 4411/4286/5427 4409/4284/5425
f 4409/4284/5425 4411/4286/5427 4412/4287/5428
f 4412/4287/5428 4413/4288/5429 4409/4284/5425
f 4091/3966/5005 4090/3965/5004 4087/3962/5001
f 4087/3962/5001 4086/3961/5000 4091/3966/5005
f 4060/3935/5020 4099/3974/5019 4414/4289/5430
f 4414/4289/5430 4061/3936/5431 4060/3935/5020
f 4108/3983/5038 4123/3998/5053 4151/4026/5432
f 4151/4026/5432 4105/3980/5035 4108/3983/5038
f 4105/3980/5035 4151/4026/5432 4117/3992/5047
f 4117/3992/5047 4112/3987/5042 4105/3980/5035
f 4121/3996/5051 4108/3983/5038 4107/3982/5037
f 4107/3982/5037 4162/4037/5433 4121/3996/5051
f 4113/3988/5043 4119/3994/5049 4169/4044/5434
f 4169/4044/5434 4164/4039/5435 4113/3988/5043
f 4128/4003/5058 4127/4002/5057 4141/4016/5071
f 4141/4016/5071 4415/4290/5436 4128/4003/5058
f 4415/4290/5436 4132/4007/5062 4137/4012/5067
f 4137/4012/5067 4128/4003/5058 4415/4290/5436
f 4416/4291/5437 4138/4013/5068 4137/4012/5067
f 4137/4012/5067 4417/4292/5438 4416/4291/5437
f 4148/4023/5078 4416/4291/5437 4417/4292/5438
f 4417/4292/5438 4144/4019/5074 4148/4023/5078
f 4130/4005/5060 4418/4293/5439 4139/4014/5069
f 4139/4014/5069 4127/4002/5057 4130/4005/5060
f 4139/4014/5440 4418/4293/5441 4122/3997/5442
f 4122/3997/5443 4121/3996/5104 4139/4014/5103
f 4047/3922/4960 4065/3940/4978 4085/3960/5444
f 4085/3960/5444 4044/3919/4957 4047/3922/4960
f 4044/3919/4957 4085/3960/5444 4058/3933/4971
f 4058/3933/4971 4049/3924/4962 4044/3919/4957
f 4063/3938/4976 4047/3922/4960 4046/3921/4959
f 4046/3921/4959 4102/3977/5445 4063/3938/4976
f 4067/3942/4980 4066/3941/4979 4080/3955/4993
f 4080/3955/4993 4419/4294/5446 4067/3942/4980
f 4419/4294/5446 4071/3946/4984 4076/3951/4989
f 4076/3951/4989 4067/3942/4980 4419/4294/5446
f 4420/4295/5447 4077/3952/4990 4076/3951/4989
f 4076/3951/4989 4421/4296/5448 4420/4295/5447
f 4413/4288/5429 4420/4295/5447 4421/4296/5448
f 4421/4296/5448 4409/4284/5425 4413/4288/5429
f 4069/3944/4982 4422/4297/5449 4078/3953/4991
f 4078/3953/4991 4066/3941/4979 4069/3944/4982
f 4078/3953/5450 4422/4297/5451 4064/3939/5451
f 4064/3939/5451 4063/3938/5028 4078/3953/5027
f 3980/3855/4875 3995/3870/4890 4021/3896/5452
f 4021/3896/5452 3977/3852/4872 3980/3855/4875
f 3977/3852/4872 4021/3896/5452 3989/3864/4884
f 3989/3864/4884 3984/3859/4879 3977/3852/4872
f 3993/3868/4888 3980/3855/4875 3979/3854/4874
f 3979/3854/4874 4034/3909/5453 3993/3868/4888
f 3985/3860/4880 3991/3866/4886 4041/3916/5454
f 4041/3916/5454 4036/3911/5455 3985/3860/4880
f 4000/3875/4895 3999/3874/4894 4013/3888/4908
f 4013/3888/4908 4423/4298/5456 4000/3875/4895
f 4423/4298/5456 4004/3879/4899 4009/3884/4904
f 4009/3884/4904 4000/3875/4895 4423/4298/5456
f 4424/4299/5457 4010/3885/4905 4009/3884/4904
f 4009/3884/4904 4425/4300/5458 4424/4299/5457
f 4020/3895/4915 4424/4299/5457 4425/4300/5458
f 4425/4300/5458 4016/3891/4911 4020/3895/4915
f 4002/3877/4897 4426/4301/5459 4011/3886/4906
f 4011/3886/4906 3999/3874/4894 4002/3877/4897
f 3993/3868/4941 4011/3886/4940 4426/4301/5460
f 4426/4301/5460 3994/3869/5461 3993/3868/4941
f 3879/3754/4740 3861/3736/4722 3860/3735/4721
f 3860/3735/4721 3876/3751/4737 3879/3754/4740
f 3880/3755/4741 3893/3768/4754 3887/3762/4748
f 3887/3762/4748 3881/3756/4742 3880/3755/4741
f 3889/3764/4750 3890/3765/4751 3882/3757/4743
f 3882/3757/4743 3881/3756/4742 3889/3764/4750
f 3880/3755/4741 3869/3744/4730 3861/3736/4722
f 3861/3736/4722 3879/3754/4740 3880/3755/4741
f 3897/3772/4758 3876/3751/4737 3860/3735/4721
f 3860/3735/4721 3901/3776/4762 3897/3772/4758
f 3889/3764/4750 3888/3763/4749 3973/3848/5462
f 3973/3848/5462 3909/3784/4770 3889/3764/4750
f 4427/4302/5463 4428/4303/5464 3928/3803/4789
f 3928/3803/4789 3927/3802/4788 4427/4302/5463
f 3920/3795/4781 3933/3808/4794 3930/3805/4791
f 3930/3805/4791 3929/3804/4790 3920/3795/4781
f 3952/3827/4813 3931/3806/4792 3930/3805/4791
f 3930/3805/4791 3937/3812/4798 3952/3827/4813
f 3932/3807/4793 4427/4302/5463 3927/3802/4788
f 3927/3802/4788 3929/3804/4790 3932/3807/4793
f 4428/4303/5464 4429/4304/5465 3941/3816/4802
f 3941/3816/4802 3928/3803/4789 4428/4303/5464
f 3953/3828/4814 3937/3812/4798 3938/3813/4799
f 3938/3813/4799 3950/3825/4811 3953/3828/4814
f 3897/3772/4841 3941/3816/4840 4429/4304/5466
f 4429/4304/5466 3898/3773/5467 3897/3772/4841
f 3909/3784/4867 3975/3850/4866 3972/3847/4863
f 3972/3847/4863 3908/3783/4862 3909/3784/4867
f 4192/4067/5139 4174/4049/5121 4173/4048/5120
f 4173/4048/5120 4189/4064/5136 4192/4067/5139
f 4193/4068/5140 4206/4081/5153 4200/4075/5147
f 4200/4075/5147 4194/4069/5141 4193/4068/5140
f 4202/4077/5149 4203/4078/5150 4195/4070/5142
f 4195/4070/5142 4194/4069/5141 4202/4077/5149
f 4193/4068/5140 4182/4057/5129 4174/4049/5121
f 4174/4049/5121 4192/4067/5139 4193/4068/5140
f 4210/4085/5157 4189/4064/5136 4173/4048/5120
f 4173/4048/5120 4214/4089/5161 4210/4085/5157
f 4202/4077/5149 4201/4076/5148 4286/4161/5468
f 4286/4161/5468 4222/4097/5169 4202/4077/5149
f 4430/4305/5469 4431/4306/5470 4241/4116/5188
f 4241/4116/5188 4240/4115/5187 4430/4305/5469
f 4233/4108/5180 4246/4121/5193 4243/4118/5190
f 4243/4118/5190 4242/4117/5189 4233/4108/5180
f 4265/4140/5212 4244/4119/5191 4243/4118/5190
f 4243/4118/5190 4250/4125/5197 4265/4140/5212
f 4245/4120/5192 4430/4305/5469 4240/4115/5187
f 4240/4115/5187 4242/4117/5189 4245/4120/5192
f 4431/4306/5470 4432/4307/5471 4254/4129/5201
f 4254/4129/5201 4241/4116/5188 4431/4306/5470
f 4266/4141/5213 4250/4125/5197 4251/4126/5198
f 4251/4126/5198 4263/4138/5210 4266/4141/5213
f 4210/4085/5240 4254/4129/5239 4432/4307/5472
f 4432/4307/5472 4211/4086/5473 4210/4085/5240
f 4222/4097/5266 4288/4163/5265 4285/4160/5262
f 4285/4160/5262 4221/4096/5261 4222/4097/5266
f 4310/4185/5291 4292/4167/5273 4291/4166/5272
f 4291/4166/5272 4307/4182/5288 4310/4185/5291
f 4312/4187/5293 4311/4186/5292 4324/4199/5305
f 4324/4199/5305 4318/4193/5299 4312/4187/5293
f 4320/4195/5301 4321/4196/5302 4313/4188/5294
f 4313/4188/5294 4312/4187/5293 4320/4195/5301
f 4311/4186/5292 4300/4175/5281 4292/4167/5273
f 4292/4167/5273 4310/4185/5291 4311/4186/5292
f 4328/4203/5309 4307/4182/5288 4291/4166/5272
f 4291/4166/5272 4332/4207/5313 4328/4203/5309
f 4340/4215/5321 4320/4195/5301 4319/4194/5300
f 4319/4194/5300 4404/4279/5474 4340/4215/5321
f 4433/4308/5475 4434/4309/5476 4359/4234/5340
f 4359/4234/5340 4358/4233/5339 4433/4308/5475
f 4351/4226/5332 4364/4239/5345 4361/4236/5342
f 4361/4236/5342 4360/4235/5341 4351/4226/5332
f 4368/4243/5349 4382/4257/5363 4362/4237/5343
f 4362/4237/5343 4361/4236/5342 4368/4243/5349
f 4358/4233/5339 4360/4235/5341 4363/4238/5344
f 4363/4238/5344 4433/4308/5475 4358/4233/5339
f 4434/4309/5476 4435/4310/5477 4372/4247/5353
f 4372/4247/5353 4359/4234/5340 4434/4309/5476
f 4383/4258/5364 4368/4243/5349 4369/4244/5350
f 4369/4244/5350 4381/4256/5362 4383/4258/5364
f 4328/4203/5392 4372/4247/5391 4435/4310/5478
f 4435/4310/5478 4329/4204/5479 4328/4203/5392
f 4340/4215/5418 4406/4281/5417 4403/4278/5414
f 4403/4278/5414 4339/4214/5413 4340/4215/5418
f 4110/3985/5040 4152/4027/5480 4120/3995/5050
f 4120/3995/5050 4111/3986/5041 4110/3985/5040
f 4114/3989/5044 4126/4001/5056 4152/4027/5480
f 4152/4027/5480 4110/3985/5040 4114/3989/5044
f 4124/3999/5054 4114/3989/5044 4113/3988/5043
f 4113/3988/5043 4164/4039/5435 4124/3999/5054
f 4107/3982/5037 4116/3991/5046 4167/4042/5481
f 4167/4042/5481 4162/4037/5433 4107/3982/5037
f 4417/4292/5438 4137/4012/5067 4132/4007/5062
f 4132/4007/5062 4131/4006/5061 4417/4292/5438
f 4131/4006/5061 4135/4010/5065 4144/4019/5074
f 4144/4019/5074 4417/4292/5438 4131/4006/5061
f 4146/4021/5076 4436/4311/5482 4415/4290/5436
f 4415/4290/5436 4141/4016/5071 4146/4021/5076
f 4436/4311/5482 4133/4008/5063 4132/4007/5062
f 4132/4007/5062 4415/4290/5436 4436/4311/5482
f 4136/4011/5066 4437/4312/5483 4142/4017/5072
f 4142/4017/5072 4135/4010/5065 4136/4011/5066
f 4124/3999/5110 4166/4041/5109 4438/4313/5484
f 4438/4313/5484 4125/4000/5485 4124/3999/5110
f 4051/3926/4964 4086/3961/5486 4062/3937/4975
f 4062/3937/4975 4048/3923/4961 4051/3926/4964
f 4053/3928/4966 4092/3967/5487 4091/3966/5488
f 4091/3966/5488 4054/3929/4967 4053/3928/4966
f 4046/3921/4959 4057/3932/4970 4103/3978/5489
f 4103/3978/5489 4102/3977/5445 4046/3921/4959
f 4421/4296/5448 4076/3951/4989 4071/3946/4984
f 4071/3946/4984 4070/3945/4983 4421/4296/5448
f 4409/4284/5425 4421/4296/5448 4070/3945/4983
f 4070/3945/4983 4074/3949/4987 4409/4284/5425
f 4082/3957/4995 4439/4314/5490 4419/4294/5446
f 4419/4294/5446 4080/3955/4993 4082/3957/4995
f 4439/4314/5490 4072/3947/4985 4071/3946/4984
f 4071/3946/4984 4419/4294/5446 4439/4314/5490
f 4053/3928/5010 4094/3969/5009 4440/4315/5491
f 4440/4315/5491 4092/3967/5492 4053/3928/5010
f 4054/3929/4967 4091/3966/5488 4086/3961/5486
f 4086/3961/5486 4051/3926/4964 4054/3929/4967
f 4075/3950/4988 4441/4316/5493 4410/4285/5426
f 4410/4285/5426 4074/3949/4987 4075/3950/4988
f 3982/3857/4877 4024/3899/5494 3992/3867/4887
f 3992/3867/4887 3983/3858/4878 3982/3857/4877
f 3986/3861/4881 3998/3873/4893 4024/3899/5494
f 4024/3899/5494 3982/3857/4877 3986/3861/4881
f 3996/3871/4891 3986/3861/4881 3985/3860/4880
f 3985/3860/4880 4036/3911/5455 3996/3871/4891
f 3979/3854/4874 3988/3863/4883 4039/3914/5495
f 4039/3914/5495 4034/3909/5453 3979/3854/4874
f 4425/4300/5458 4009/3884/4904 4004/3879/4899
f 4004/3879/4899 4003/3878/4898 4425/4300/5458
f 4003/3878/4898 4007/3882/4902 4016/3891/4911
f 4016/3891/4911 4425/4300/5458 4003/3878/4898
f 4018/3893/4913 4442/4317/5496 4423/4298/5456
f 4423/4298/5456 4013/3888/4908 4018/3893/4913
f 4442/4317/5496 4005/3880/4900 4004/3879/4899
f 4004/3879/4899 4423/4298/5456 4442/4317/5496
f 4008/3883/4903 4443/4318/5497 4014/3889/4909
f 4014/3889/4909 4007/3882/4902 4008/3883/4903
f 3996/3871/4947 4038/3913/4946 4444/4319/5498
f 4444/4319/5498 3997/3872/5499 3996/3871/4947
f 3873/3748/4734 3894/3769/4755 3895/3770/4756
f 3895/3770/4756 3870/3745/4731 3873/3748/4734
f 3896/3771/4757 3864/3739/4725 3883/3758/4744
f 3883/3758/4744 3886/3761/4747 3896/3771/4757
f 3883/3758/4744 3864/3739/4725 3868/3743/4729
f 3868/3743/4729 3891/3766/4752 3883/3758/4744
f 3870/3745/4731 3895/3770/4756 3896/3771/4757
f 3896/3771/4757 3886/3761/4747 3870/3745/4731
f 3891/3766/4752 3868/3743/4729 3906/3781/4767
f 3906/3781/4767 3899/3774/4760 3891/3766/4752
f 3873/3748/4734 3872/3747/4733 3969/3844/5500
f 3969/3844/5500 3904/3779/4765 3873/3748/4734
f 3948/3823/4809 4445/4320/5501 3922/3797/4783
f 3922/3797/4783 3921/3796/4782 3948/3823/4809
f 4446/4321/5502 4447/4322/5503 3936/3811/4797
f 3936/3811/4797 3935/3810/4796 4446/4321/5502
f 4447/4322/5503 4448/4323/5504 3939/3814/4800
f 3939/3814/4800 3936/3811/4797 4447/4322/5503
f 4445/4320/5501 4446/4321/5502 3935/3810/4796
f 3935/3810/4796 3922/3797/4783 4445/4320/5501
f 4448/4323/5504 4449/4324/5505 3942/3817/4803
f 3942/3817/4803 3939/3814/4800 4448/4323/5504
f 3921/3796/4782 3924/3799/4785 3954/3829/4815
f 3954/3829/4815 3946/3821/4807 3921/3796/4782
f 3899/3774/4847 3968/3843/4846 4450/4325/5506
f 4450/4325/5506 3900/3775/5507 3899/3774/4847
f 3904/3779/4855 3946/3821/4854 3954/3829/4871
f 3954/3829/4871 3905/3780/4870 3904/3779/4855
f 4186/4061/5133 4207/4082/5154 4208/4083/5155
f 4208/4083/5155 4183/4058/5130 4186/4061/5133
f 4209/4084/5156 4177/4052/5124 4196/4071/5143
f 4196/4071/5143 4199/4074/5146 4209/4084/5156
f 4196/4071/5143 4177/4052/5124 4181/4056/5128
f 4181/4056/5128 4204/4079/5151 4196/4071/5143
f 4183/4058/5130 4208/4083/5155 4209/4084/5156
f 4209/4084/5156 4199/4074/5146 4183/4058/5130
f 4204/4079/5151 4181/4056/5128 4220/4095/5167
f 4220/4095/5167 4212/4087/5159 4204/4079/5151
f 4186/4061/5133 4185/4060/5132 4282/4157/5508
f 4282/4157/5508 4217/4092/5164 4186/4061/5133
f 4260/4135/5207 4451/4326/5509 4235/4110/5182
f 4235/4110/5182 4234/4109/5181 4260/4135/5207
f 4452/4327/5510 4453/4328/5511 4249/4124/5196
f 4249/4124/5196 4248/4123/5195 4452/4327/5510
f 4453/4328/5511 4454/4329/5512 4252/4127/5199
f 4252/4127/5199 4249/4124/5196 4453/4328/5511
f 4451/4326/5509 4452/4327/5510 4248/4123/5195
f 4248/4123/5195 4235/4110/5182 4451/4326/5509
f 4454/4329/5512 4455/4330/5513 4255/4130/5202
f 4255/4130/5202 4252/4127/5199 4454/4329/5512
f 4261/4136/5208 4234/4109/5181 4237/4112/5184
f 4237/4112/5184 4267/4142/5214 4261/4136/5208
f 4212/4087/5246 4281/4156/5245 4456/4331/5514
f 4456/4331/5514 4213/4088/5515 4212/4087/5246
f 4217/4092/5252 4261/4136/5251 4267/4142/5270
f 4267/4142/5270 4218/4093/5269 4217/4092/5252
f 4304/4179/5285 4325/4200/5306 4326/4201/5307
f 4326/4201/5307 4301/4176/5282 4304/4179/5285
f 4327/4202/5308 4295/4170/5276 4316/4191/5297
f 4316/4191/5297 4315/4190/5296 4327/4202/5308
f 4316/4191/5297 4295/4170/5276 4299/4174/5280
f 4299/4174/5280 4322/4197/5303 4316/4191/5297
f 4301/4176/5282 4326/4201/5307 4327/4202/5308
f 4327/4202/5308 4315/4190/5296 4301/4176/5282
f 4322/4197/5303 4299/4174/5280 4338/4213/5319
f 4338/4213/5319 4330/4205/5311 4322/4197/5303
f 4304/4179/5285 4303/4178/5284 4400/4275/5516
f 4400/4275/5516 4335/4210/5316 4304/4179/5285
f 4379/4254/5360 4457/4332/5517 4353/4228/5334
f 4353/4228/5334 4352/4227/5333 4379/4254/5360
f 4367/4242/5348 4366/4241/5347 4458/4333/5518
f 4458/4333/5518 4459/4334/5519 4367/4242/5348
f 4459/4334/5519 4460/4335/5520 4370/4245/5351
f 4370/4245/5351 4367/4242/5348 4459/4334/5519
f 4457/4332/5517 4458/4333/5518 4366/4241/5347
f 4366/4241/5347 4353/4228/5334 4457/4332/5517
f 4460/4335/5520 4461/4336/5521 4373/4248/5354
f 4373/4248/5354 4370/4245/5351 4460/4335/5520
f 4355/4230/5336 4385/4260/5366 4377/4252/5358
f 4377/4252/5358 4352/4227/5333 4355/4230/5336
f 4330/4205/5398 4399/4274/5397 4462/4337/5522
f 4462/4337/5522 4331/4206/5523 4330/4205/5398
f 4335/4210/5404 4377/4252/5403 4385/4260/5424
f 4385/4260/5424 4336/4211/5423 4335/4210/5404
f 1730/1665/1992 1657/1592/1919 1656/1591/1918
f 1656/1591/1918 1734/1669/1996 1730/1665/1992
