# Blender 4.5.3 LTS
# www.blender.org
mtllib LLANTA.mtl
o LLANTA
v -1.662146 0.385278 2.431964
v -1.679716 0.846388 2.604586
v -1.662146 0.760977 2.341752
v -1.679716 0.428520 2.704925
v 0.011238 -0.528209 -3.334177
v 1.005957 -0.521178 -3.289794
v 1.005957 -0.777790 -3.238470
v 0.011238 -0.788283 -3.282159
v -1.543504 -0.000117 -3.138094
v -1.543504 -0.246376 -3.128125
v -1.566752 -0.000114 -3.069918
v -1.566752 -0.241023 -3.060166
v -1.679716 1.243415 2.440115
v -1.662146 1.117939 2.193878
v 0.011238 -1.043285 -3.210497
v 1.005957 -1.029399 -3.167762
v 1.005957 -1.274921 -3.076957
v 0.011238 -1.292121 -3.118466
v -1.543504 0.490791 -3.099478
v -1.543504 0.246101 -3.128140
v -1.566752 0.480128 -3.032140
v -1.566752 0.240755 -3.060180
v -1.662146 0.000091 2.462293
v -1.679716 0.000101 2.738657
v 0.011238 -1.532674 -3.007765
v 1.005957 -1.512272 -2.967728
v 1.005957 -1.740660 -2.839679
v 0.011238 -1.764144 -2.877987
v -1.543504 0.732518 -3.051130
v -1.566752 0.948549 -2.919702
v -1.543504 0.969614 -2.984541
v -1.566752 0.716604 -2.984844
v -1.662146 1.447374 1.991983
v -1.679716 1.609824 2.215560
v 0.011238 -1.984322 -2.730971
v 1.005957 -1.957909 -2.694619
v 1.005957 -2.163538 -2.532478
v 0.011238 -2.192726 -2.566642
v -1.566751 1.393613 -2.735369
v -1.543504 1.200899 -2.898990
v -1.566751 1.174809 -2.836009
v -1.543504 1.424562 -2.796115
v -1.679716 -0.428320 2.704957
v -1.662146 -0.385097 2.431992
v 1.005957 -2.355334 -2.355160
v 0.011238 -2.567317 -2.192099
v 0.011238 -2.387110 -2.386932
v 1.005957 -2.533142 -2.162919
v -1.566751 1.804361 -2.483684
v -1.543504 1.639708 -2.675468
v -1.566751 1.604085 -2.617343
v -1.543504 1.844432 -2.538840
v -1.679716 1.936594 1.936451
v -1.662146 1.741168 1.741040
v 1.005957 -2.694764 -1.957708
v 0.011238 -2.878690 -1.763577
v 0.011238 -2.731118 -1.984119
v 1.005957 -2.840372 -1.740103
v -1.566751 2.170680 -2.170841
v -1.543504 2.038143 -2.386068
v -1.566751 1.993863 -2.334229
v -1.543504 2.218886 -2.219050
v -1.679716 -0.846195 2.604649
v -1.662146 -0.760804 2.341808
v 1.005957 -2.967840 -1.512051
v 0.011238 -3.119183 -1.291632
v 0.011238 -3.007879 -1.532449
v 1.005957 -3.077663 -1.274440
v -1.566751 2.334547 -1.993640
v -1.543504 2.538704 -1.844619
v -1.543504 2.386392 -2.037914
v -1.566751 2.483550 -1.804545
v -1.679716 2.215679 1.609661
v -1.662146 1.992090 1.447227
v 1.005957 -3.167839 -1.029163
v 0.011238 -3.282869 -0.787882
v 0.011238 -3.210576 -1.043047
v 1.005957 -3.239171 -0.777394
v -1.566751 2.617746 -1.603960
v -1.543504 2.796011 -1.424768
v -1.543504 2.675880 -1.639580
v -1.566751 2.735267 -1.393816
v -1.662146 -1.117776 2.193961
v -1.679716 -1.243234 2.440208
v 1.005957 -3.289834 -0.520933
v 0.011238 -3.365723 -0.264731
v 0.011238 -3.334216 -0.527961
v 1.005957 -3.320920 -0.261208
v -1.566751 2.836487 -1.174785
v -1.543504 2.984470 -0.969835
v -1.543504 2.899479 -1.200874
v -1.566751 2.919631 -0.948765
v -1.679716 2.440207 1.243234
v -1.662146 2.193960 1.117776
v 0.011238 -3.375758 0.000126
v 1.005957 -3.330823 0.000124
v 1.005957 -3.320896 0.261411
v 0.011238 -3.365699 0.264938
v -1.566751 2.985384 -0.716683
v -1.543504 3.099442 -0.491021
v -1.543504 3.051684 -0.732599
v -1.566751 3.032106 -0.480353
v -1.662146 -1.447226 1.992091
v -1.679716 -1.609660 2.215680
v 0.011238 -3.334177 0.528209
v 1.005957 -3.289795 0.521178
v 1.005957 -3.239102 0.777592
v 0.011238 -3.282801 0.788083
v -1.566751 3.060772 -0.240934
v -1.543503 3.138095 -0.000116
v -1.543504 3.128745 -0.246284
v -1.566751 3.069919 -0.000113
v -1.679716 2.604648 0.846195
v -1.662146 2.341808 0.760804
v 0.011239 -3.210498 1.043286
v 1.005957 -3.167762 1.029399
v 1.005957 -3.077551 1.274627
v 0.011239 -3.119070 1.291824
v -1.566751 3.060793 0.240748
v -1.543503 3.099478 0.490792
v -1.543503 3.128767 0.246095
v -1.566751 3.032141 0.480129
v -1.662146 -1.741039 1.741170
v -1.679716 -1.936451 1.936595
v 0.011239 -3.007766 1.532674
v 1.005957 -2.967728 1.512272
v 1.005957 -2.840219 1.740277
v 0.011239 -2.878536 1.763755
v -1.543503 2.984542 0.969614
v -1.566751 2.985448 0.716502
v -1.566751 2.919702 0.948550
v -1.543503 3.051747 0.732414
v -1.679716 2.704955 0.428320
v -1.662146 2.431991 0.385098
v 0.011239 -2.730972 1.984323
v 1.005958 -2.694619 1.957908
v 1.005958 -2.532954 2.163074
v 0.011239 -2.567125 2.192256
v -1.543503 2.796116 1.424562
v -1.566751 2.836591 1.174613
v -1.566751 2.735370 1.393614
v -1.543503 2.899585 1.200698
v -1.662146 -1.991983 1.447374
v -1.679716 -2.215560 1.609825
v 0.011239 -2.192501 2.566777
v 1.005958 -2.355160 2.355334
v 1.005958 -2.163316 2.532610
v 0.011239 -2.386933 2.387110
v -1.543503 2.538841 1.844433
v -1.566750 2.617887 1.603802
v -1.566750 2.483684 1.804362
v -1.543503 2.676024 1.639418
v -1.679716 2.738657 -0.000101
v -1.662146 2.462292 -0.000091
v 0.011239 -1.763891 2.878095
v 1.005958 -1.957708 2.694764
v 1.005958 -1.740411 2.839784
v 0.011239 -1.984119 2.731119
v -1.543503 2.219051 2.218887
v -1.566751 2.334722 1.993500
v -1.566750 2.170842 2.170681
v -1.543503 2.386571 2.037770
v -1.662146 -2.193878 1.117940
v -1.679716 -2.440115 1.243415
v 0.011239 -1.291848 3.118546
v 1.005958 -1.512051 2.967840
v 1.005958 -1.274652 3.077033
v 0.011239 -1.532450 3.007878
v -1.566750 1.804546 2.483551
v -1.543503 2.038352 2.385945
v -1.566750 1.994068 2.334110
v -1.543503 1.844620 2.538704
v -1.662146 2.431963 -0.385277
v -1.679717 2.704923 -0.428520
v 0.011239 -0.787996 3.282207
v 1.005958 -1.029163 3.167838
v 1.005958 -0.777506 3.238517
v 0.011239 -1.043048 3.210575
v -1.566750 1.393816 2.735268
v -1.543503 1.639943 2.675371
v -1.566750 1.604314 2.617247
v -1.543503 1.424769 2.796012
v -1.662146 -2.341752 0.760978
v -1.679717 -2.604586 0.846389
v 0.011239 -0.264740 3.365050
v 1.005958 -0.520933 3.289834
v 1.005958 -0.261216 3.320256
v 0.011239 -0.527961 3.334216
v -1.566750 0.948766 2.919632
v -1.543503 1.201152 2.898919
v -1.566750 1.175056 2.835939
v -1.543503 0.969836 2.984470
v -1.679717 2.604585 -0.846388
v -1.662146 2.341751 -0.760977
v 1.005958 0.261507 3.320240
v 0.011239 0.265034 3.365033
v 0.011239 0.000125 3.375758
v 1.005958 0.000124 3.330822
v -1.566750 0.480354 3.032107
v -1.543503 0.732785 3.051087
v -1.566750 0.716865 2.984802
v -1.543503 0.491021 3.099442
v -1.662146 -2.431963 0.385279
v -1.679717 -2.704924 0.428522
v 1.005958 0.777790 3.238469
v 0.011239 0.788283 3.282159
v 0.011239 0.528209 3.334177
v 1.005958 0.521178 3.289794
v -1.566750 0.000114 3.069920
v -1.543503 0.246375 3.128127
v -1.566750 0.241023 3.060168
v -1.543503 0.000116 3.138096
v -1.679717 2.440115 -1.243414
v -1.662146 2.193877 -1.117938
v 1.005958 1.274921 3.076956
v 0.011239 1.292121 3.118467
v 0.011239 1.043285 3.210498
v 1.005958 1.029399 3.167762
v -1.566750 -0.240755 3.060182
v -1.566750 -0.480129 3.032142
v -1.543503 -0.246102 3.128142
v -1.543503 -0.490791 3.099479
v -1.662146 -2.462292 0.000092
v -1.679717 -2.738657 0.000103
v 1.005958 1.740661 2.839679
v 0.011239 1.764143 2.877988
v 0.011239 1.532674 3.007766
v 1.005958 1.512272 2.967728
v -1.566750 -0.716605 2.984845
v -1.566750 -0.948549 2.919703
v -1.543503 -0.732519 3.051131
v -1.543503 -0.969614 2.984542
v -1.679717 2.215559 -1.609824
v -1.662146 1.991982 -1.447373
v 1.005958 2.163538 2.532479
v 0.011239 2.192726 2.566643
v 0.011239 1.984322 2.730972
v 1.005958 1.957909 2.694619
v -1.566750 -1.174809 2.836011
v -1.566751 -1.393613 2.735371
v -1.543503 -1.200899 2.898992
v -1.543503 -1.424562 2.796117
v -1.662146 -2.431992 -0.385096
v -1.679717 -2.704956 -0.428319
v 1.005958 2.355335 2.355159
v 0.011239 2.567317 2.192100
v 0.011239 2.387110 2.386933
v 1.005958 2.533142 2.162920
v -1.566751 -1.604085 2.617345
v -1.566750 -1.804361 2.483684
v -1.543503 -1.639709 2.675470
v -1.543503 -1.844432 2.538842
v -1.679717 1.936450 -1.936593
v -1.662146 1.741039 -1.741168
v 1.005958 2.694764 1.957708
v 0.011239 2.878692 1.763579
v 0.011239 2.731118 1.984119
v 1.005958 2.840373 1.740102
v -1.566751 -1.993865 2.334231
v -1.566751 -2.170680 2.170841
v -1.543503 -2.038144 2.386070
v -1.543503 -2.218886 2.219052
v -1.679717 -2.604649 -0.846194
v -1.662146 -2.341808 -0.760802
v 1.005958 2.967841 1.512051
v 0.011239 3.119183 1.291633
v 0.011239 3.007879 1.532450
v 1.005958 3.077664 1.274440
v -1.543503 -2.538704 1.844621
v -1.566751 -2.334548 1.993641
v -1.566751 -2.483551 1.804546
v -1.543503 -2.386393 2.037916
v -1.679717 1.609660 -2.215678
v -1.662146 1.447226 -1.992089
v 1.005957 3.167839 1.029163
v 0.011239 3.282871 0.787882
v 0.011239 3.210575 1.043048
v 1.005957 3.239173 0.777394
v -1.543503 -2.796011 1.424770
v -1.566751 -2.617747 1.603962
v -1.566751 -2.735267 1.393816
v -1.543503 -2.675881 1.639583
v -1.662146 -2.193961 -1.117775
v -1.679717 -2.440208 -1.243232
v 1.005957 3.289834 0.520933
v 0.011239 3.365723 0.264732
v 0.011239 3.334216 0.527961
v 1.005957 3.320921 0.261208
v -1.543504 -2.984470 0.969836
v -1.566751 -2.836486 1.174787
v -1.566751 -2.919631 0.948767
v -1.543504 -2.899479 1.200876
v -1.679717 1.243233 -2.440206
v -1.662147 1.117775 -2.193959
v 0.011239 3.375758 -0.000125
v 1.005957 3.330823 -0.000124
v 1.005957 3.320898 -0.261411
v 0.011239 3.365700 -0.264937
v -1.543503 -3.099442 0.491022
v -1.566751 -2.985384 0.716684
v -1.566751 -3.032106 0.480355
v -1.543504 -3.051683 0.732600
v -1.662147 -1.992091 -1.447225
v -1.679717 -2.215680 -1.609659
v 0.011238 3.334177 -0.528208
v 1.005957 3.289795 -0.521178
v 1.005957 3.239103 -0.777592
v 0.011238 3.282801 -0.788082
v -1.566751 -3.060772 0.240935
v -1.543504 -3.138095 0.000117
v -1.543504 -3.128745 0.246286
v -1.566751 -3.069920 0.000115
v -1.679717 0.846195 -2.604647
v -1.662147 0.760803 -2.341807
v 0.011238 3.210498 -1.043285
v 1.005957 3.167762 -1.029399
v 1.005957 3.077552 -1.274626
v 0.011238 3.119071 -1.291823
v -1.566751 -3.060793 -0.240747
v -1.543504 -3.099480 -0.490790
v -1.543504 -3.128767 -0.246093
v -1.566751 -3.032142 -0.480128
v -1.662147 -1.741169 -1.741038
v -1.679717 -1.936595 -1.936449
v 0.011238 3.007766 -1.532673
v 1.005957 2.967728 -1.512272
v 1.005957 2.840220 -1.740276
v 0.011238 2.878537 -1.763754
v -1.566751 -2.985447 -0.716501
v -1.543504 -2.984542 -0.969613
v -1.543504 -3.051747 -0.732413
v -1.566751 -2.919703 -0.948548
v -1.662147 0.385097 -2.431990
v -1.679717 0.428320 -2.704955
v 0.011238 2.730972 -1.984322
v 1.005957 2.694619 -1.957909
v 1.005957 2.532954 -2.163074
v 0.011238 2.567125 -2.192255
v -1.566751 -2.836590 -1.174612
v -1.543504 -2.796116 -1.424561
v -1.543504 -2.899584 -1.200697
v -1.566751 -2.735371 -1.393612
v -1.662147 -1.447374 -1.991981
v -1.679717 -1.609825 -2.215559
v 1.005957 2.355160 -2.355334
v 0.011238 2.192501 -2.566776
v 0.011238 2.386933 -2.387110
v 1.005957 2.163317 -2.532609
v -1.566751 -2.617886 -1.603799
v -1.543504 -2.538841 -1.844432
v -1.543504 -2.676023 -1.639416
v -1.566751 -2.483685 -1.804360
v -1.662147 -0.000092 -2.462291
v -1.679717 -0.000102 -2.738656
v 1.005957 1.957708 -2.694765
v 0.011238 1.763891 -2.878094
v 0.011238 1.984119 -2.731118
v 1.005957 1.740411 -2.839785
v -1.566751 -2.334722 -1.993498
v -1.543504 -2.219051 -2.218885
v -1.543504 -2.386571 -2.037768
v -1.566751 -2.170842 -2.170679
v -1.679717 -1.243415 -2.440113
v -1.662147 -1.117939 -2.193876
v 1.005957 1.512052 -2.967840
v 0.011238 1.291848 -3.118545
v 0.011238 1.532450 -3.007879
v 1.005957 1.274652 -3.077033
v -1.566752 -1.994069 -2.334108
v -1.566752 -1.804546 -2.483549
v -1.543504 -2.038353 -2.385943
v -1.543504 -1.844621 -2.538703
v -1.679717 -0.428521 -2.704923
v -1.662147 -0.385278 -2.431962
v 1.005957 1.029163 -3.167839
v 0.011238 0.787995 -3.282207
v 0.011238 1.043048 -3.210575
v 1.005957 0.777506 -3.238517
v -1.566752 -1.604315 -2.617245
v -1.566752 -1.393816 -2.735266
v -1.543504 -1.639943 -2.675370
v -1.543504 -1.424769 -2.796010
v -1.679717 -0.846389 -2.604584
v -1.662147 -0.760978 -2.341750
v 1.005957 0.520933 -3.289834
v 0.011238 0.264740 -3.365049
v 0.011238 0.527961 -3.334216
v 1.005957 0.261216 -3.320256
v -1.566751 -1.175058 -2.835937
v -1.566751 -0.948766 -2.919630
v -1.543504 -1.201153 -2.898917
v -1.543504 -0.969836 -2.984469
v 0.011238 -0.000125 -3.375757
v 1.005957 -0.000124 -3.330822
v 1.005957 -0.261506 -3.320241
v 0.011238 -0.265034 -3.365033
v -1.543504 -0.491022 -3.099441
v -1.543504 -0.732786 -3.051085
v -1.566752 -0.480354 -3.032105
v -1.566751 -0.716866 -2.984800
v -1.208177 -0.515332 -3.252896
v -1.454403 -0.746311 -3.107400
v -1.454403 -0.500085 -3.156650
v -1.208177 -0.769066 -3.202146
v -1.208177 -1.017852 -3.132231
v -1.454403 -1.223323 -2.952423
v -1.454403 -0.987737 -3.039555
v -1.208177 -1.260622 -3.042444
v -1.208177 -1.495311 -2.934441
v -1.454403 -1.670212 -2.724749
v -1.454403 -1.451067 -2.847616
v -1.208177 -1.721138 -2.807827
v -1.208177 -1.935949 -2.664395
v -1.454403 -2.075975 -2.429982
v -1.454403 -1.878668 -2.585561
v -1.208177 -2.139272 -2.504072
v -1.454403 -2.260010 -2.259840
v -1.208177 -2.328918 -2.328743
v -1.208177 -2.504731 -2.138660
v -1.454403 -2.430621 -2.075381
v -1.454403 -2.585701 -1.878475
v -1.208177 -2.664541 -1.935750
v -1.208177 -2.808515 -1.720584
v -1.454403 -2.725415 -1.669676
v -1.454403 -2.847727 -1.450854
v -1.208177 -2.934554 -1.495092
v -1.208177 -3.043145 -1.260144
v -1.454403 -2.953103 -1.222859
v -1.454403 -3.039629 -0.987510
v -1.208177 -3.132308 -1.017619
v -1.208177 -3.202841 -0.768674
v -1.454403 -3.108074 -0.745931
v -1.454403 -3.156687 -0.499849
v -1.208177 -3.252935 -0.515090
v -1.208177 -3.283673 -0.258277
v -1.454403 -3.186515 -0.250636
v -1.208177 -3.293464 0.000123
v -1.454403 -3.186494 0.250831
v -1.454403 -3.196018 0.000120
v -1.208177 -3.283651 0.258479
v -1.208177 -3.252897 0.515333
v -1.454403 -3.108009 0.746122
v -1.454402 -3.156651 0.500085
v -1.208177 -3.202773 0.768872
v -1.208177 -3.132231 1.017853
v -1.454402 -2.952995 1.223041
v -1.454403 -3.039556 0.987737
v -1.208177 -3.043032 1.260332
v -1.208177 -2.934442 1.495311
v -1.454402 -2.725270 1.669845
v -1.454402 -2.847617 1.451068
v -1.208177 -2.808364 1.720759
v -1.208176 -2.664397 1.935949
v -1.454402 -2.430440 2.075530
v -1.454402 -2.585563 1.878669
v -1.208176 -2.504544 2.138813
v -1.208176 -2.139052 2.504205
v -1.454402 -2.075762 2.430111
v -1.454402 -2.259842 2.260010
v -1.208176 -2.328745 2.328918
v -1.454402 -1.669974 2.724853
v -1.454402 -1.878476 2.585702
v -1.208176 -1.720891 2.807934
v -1.208176 -1.935750 2.664541
v -1.454402 -1.223065 2.952500
v -1.454402 -1.450856 2.847726
v -1.208176 -1.260356 3.042523
v -1.208176 -1.495093 2.934554
v -1.454402 -0.746039 3.107448
v -1.454402 -0.987511 3.039629
v -1.208176 -0.768786 3.202194
v -1.208176 -1.017621 3.132308
v -1.454402 -0.250644 3.185879
v -1.454402 -0.499850 3.156688
v -1.208176 -0.258286 3.283017
v -1.208176 -0.515091 3.252935
v -1.454402 0.250923 3.185864
v -1.208176 0.000122 3.293464
v -1.208176 0.258573 3.283002
v -1.454402 0.000119 3.196018
v -1.454402 0.746311 3.107402
v -1.208176 0.515332 3.252898
v -1.208176 0.769066 3.202148
v -1.454402 0.500084 3.156652
v -1.454402 1.223323 2.952425
v -1.208176 1.017852 3.132232
v -1.208176 1.260622 3.042446
v -1.454402 0.987736 3.039557
v -1.454402 1.670212 2.724751
v -1.208176 1.495311 2.934442
v -1.208176 1.721137 2.807828
v -1.454402 1.451067 2.847618
v -1.454402 2.075975 2.429984
v -1.208176 1.935948 2.664396
v -1.208176 2.139271 2.504074
v -1.454402 1.878668 2.585563
v -1.454402 2.260009 2.259842
v -1.208176 2.328917 2.328745
v -1.208176 2.504730 2.138660
v -1.454402 2.430620 2.075382
v -1.454402 2.585701 1.878476
v -1.208176 2.664541 1.935751
v -1.208176 2.808515 1.720587
v -1.454402 2.725417 1.669678
v -1.454402 2.847725 1.450856
v -1.208176 2.934553 1.495093
v -1.208176 3.043145 1.260146
v -1.454402 2.953103 1.222861
v -1.454402 3.039628 0.987511
v -1.208176 3.132308 1.017621
v -1.208176 3.202841 0.768676
v -1.454402 3.108075 0.745932
v -1.454402 3.156687 0.499851
v -1.208176 3.252935 0.515091
v -1.208177 3.283673 0.258279
v -1.454402 3.186515 0.250637
v -1.208177 3.293464 -0.000122
v -1.454403 3.186494 -0.250830
v -1.454402 3.196017 -0.000118
v -1.208177 3.283651 -0.258478
v -1.208177 3.252896 -0.515332
v -1.454403 3.108010 -0.746121
v -1.454403 3.156651 -0.500084
v -1.208177 3.202774 -0.768870
v -1.208177 3.132231 -1.017851
v -1.454403 2.952996 -1.223040
v -1.454403 3.039556 -0.987736
v -1.208177 3.043034 -1.260330
v -1.208177 2.934441 -1.495310
v -1.454403 2.725271 -1.669842
v -1.454403 2.847617 -1.451066
v -1.208177 2.808364 -1.720757
v -1.208177 2.664396 -1.935948
v -1.454403 2.430440 -2.075528
v -1.454403 2.585562 -1.878667
v -1.208177 2.504544 -2.138813
v -1.454403 2.259841 -2.260008
v -1.208177 2.328744 -2.328917
v -1.208177 2.139052 -2.504203
v -1.454403 2.075762 -2.430109
v -1.454403 1.878475 -2.585701
v -1.208177 1.935750 -2.664540
v -1.208177 1.720891 -2.807932
v -1.454403 1.669973 -2.724851
v -1.454403 1.450855 -2.847724
v -1.208177 1.495092 -2.934552
v -1.208177 1.260355 -3.042521
v -1.454403 1.223064 -2.952498
v -1.454403 0.987510 -3.039627
v -1.208177 1.017620 -3.132307
v -1.208177 0.768786 -3.202192
v -1.454403 0.746039 -3.107446
v -1.454403 0.499850 -3.156686
v -1.208177 0.515090 -3.252933
v -1.208177 0.258286 -3.283015
v -1.454403 0.250644 -3.185878
v -1.208177 -0.000123 -3.293462
v -1.454403 -0.250923 -3.185863
v -1.454403 -0.000119 -3.196016
v -1.208177 -0.258574 -3.283000
v -1.543504 -0.732786 -3.051085
v -1.543504 -0.491022 -3.099441
v -1.543504 -1.201153 -2.898917
v -1.543504 -0.969836 -2.984469
v -1.543504 -1.639943 -2.675370
v -1.543504 -1.424769 -2.796010
v -1.543504 -2.038353 -2.385943
v -1.543504 -1.844621 -2.538703
v -1.543504 -2.219051 -2.218885
v -1.543504 -2.386571 -2.037768
v -1.543504 -2.538841 -1.844432
v -1.543504 -2.676023 -1.639416
v -1.543504 -2.796116 -1.424561
v -1.543504 -2.899584 -1.200697
v -1.543504 -2.984542 -0.969613
v -1.543504 -3.051747 -0.732413
v -1.543504 -3.099480 -0.490790
v -1.543504 -3.128767 -0.246093
v -1.543504 -3.128745 0.246286
v -1.543504 -3.138095 0.000117
v -1.543504 -3.051683 0.732600
v -1.543503 -3.099442 0.491022
v -1.543504 -2.899479 1.200876
v -1.543504 -2.984470 0.969836
v -1.543503 -2.675881 1.639583
v -1.543503 -2.796011 1.424770
v -1.543503 -2.386393 2.037916
v -1.543503 -2.538704 1.844621
v -1.543503 -2.038144 2.386070
v -1.543503 -2.218886 2.219052
v -1.543503 -1.639709 2.675470
v -1.543503 -1.844432 2.538842
v -1.543503 -1.200899 2.898992
v -1.543503 -1.424562 2.796117
v -1.543503 -0.732519 3.051131
v -1.543503 -0.969614 2.984542
v -1.543503 -0.246102 3.128142
v -1.543503 -0.490791 3.099479
v -1.543503 0.246375 3.128127
v -1.543503 0.000116 3.138096
v -1.543503 0.732785 3.051087
v -1.543503 0.491021 3.099442
v -1.543503 1.201152 2.898919
v -1.543503 0.969836 2.984470
v -1.543503 1.639943 2.675371
v -1.543503 1.424769 2.796012
v -1.543503 2.038352 2.385945
v -1.543503 1.844620 2.538704
v -1.543503 2.219051 2.218887
v -1.543503 2.386571 2.037770
v -1.543503 2.538841 1.844433
v -1.543503 2.676024 1.639418
v -1.543503 2.796116 1.424562
v -1.543503 2.899585 1.200698
v -1.543503 2.984542 0.969614
v -1.543503 3.051747 0.732414
v -1.543503 3.099478 0.490792
v -1.543503 3.128767 0.246095
v -1.543504 3.128745 -0.246284
v -1.543503 3.138095 -0.000116
v -1.543504 3.051684 -0.732599
v -1.543504 3.099442 -0.491021
v -1.543504 2.899479 -1.200874
v -1.543504 2.984470 -0.969835
v -1.543504 2.675880 -1.639580
v -1.543504 2.796011 -1.424768
v -1.543504 2.386392 -2.037914
v -1.543504 2.538704 -1.844619
v -1.543504 2.218886 -2.219050
v -1.543504 2.038143 -2.386068
v -1.543504 1.844432 -2.538840
v -1.543504 1.639708 -2.675468
v -1.543504 1.424562 -2.796115
v -1.543504 1.200899 -2.898990
v -1.543504 0.969614 -2.984541
v -1.543504 0.732518 -3.051130
v -1.543504 0.490791 -3.099478
v -1.543504 0.246101 -3.128140
v -1.543504 -0.246376 -3.128125
v -1.543504 -0.000117 -3.138094
v -1.665237 -0.462674 -2.920503
v -1.665237 -0.690480 -2.874939
v -1.665237 -0.913845 -2.812169
v -1.665238 -1.131808 -2.731556
v -1.665238 -0.000110 -2.956925
v -1.665238 -0.232152 -2.947531
v -1.665238 -1.545265 -2.520913
v -1.665238 -1.342515 -2.634588
v -1.665237 0.462456 -2.920537
v -1.665237 0.231893 -2.947545
v -1.665237 -1.920673 -2.248198
v -1.665238 -1.738126 -2.392138
v -1.665237 0.913636 -2.812237
v -1.665237 0.690228 -2.874981
v -1.665238 -2.248789 -1.920123
v -1.665237 -2.090940 -2.090784
v -1.665237 1.342318 -2.634690
v -1.665238 1.131568 -2.731625
v -1.665237 -2.521531 -1.544769
v -1.665237 -2.392268 -1.737947
v -1.665237 1.737948 -2.392267
v -1.665237 1.545044 -2.521007
v -1.665237 -2.732184 -1.131378
v -1.665237 -2.634691 -1.342317
v -1.665237 2.090785 -2.090938
v -1.665237 1.920476 -2.248314
v -1.665237 -2.875563 -0.690128
v -1.665237 -2.812238 -0.913635
v -1.665237 2.248619 -1.920260
v -1.665237 2.392139 -1.738125
v -1.665237 -2.948135 -0.231886
v -1.665237 -2.920539 -0.462456
v -1.665237 2.521395 -1.544923
v -1.665237 2.634589 -1.342514
v -1.665237 -2.948115 0.232067
v -1.665237 -2.956927 0.000111
v -1.665237 2.732086 -1.131545
v -1.665237 2.812169 -0.913844
v -1.665237 -2.875503 0.690306
v -1.665237 -2.920505 0.462674
v -1.665237 2.875502 -0.690304
v -1.665237 2.920504 -0.462673
v -1.665237 -2.732085 1.131546
v -1.665237 -2.812170 0.913846
v -1.665237 2.948116 -0.232066
v -1.665237 2.956926 -0.000109
v -1.665237 -2.521396 1.544925
v -1.665237 -2.634590 1.342516
v -1.665237 2.948135 0.231887
v -1.665237 2.920538 0.462457
v -1.665237 -2.248620 1.920262
v -1.665237 -2.392139 1.738127
v -1.665237 2.875563 0.690130
v -1.665237 2.812238 0.913636
v -1.665237 -2.090785 2.090940
v -1.665237 -1.920476 2.248317
v -1.665237 2.732185 1.131380
v -1.665237 2.634691 1.342319
v -1.665237 -1.545044 2.521010
v -1.665237 -1.737948 2.392268
v -1.665237 2.521531 1.544771
v -1.665237 2.392267 1.737949
v -1.665236 -1.131568 2.731627
v -1.665237 -1.342319 2.634691
v -1.665236 2.248788 1.920125
v -1.665237 2.090939 2.090786
v -1.665237 -0.690229 2.874983
v -1.665237 -0.913636 2.812238
v -1.665236 1.738126 2.392140
v -1.665237 1.920673 2.248199
v -1.665237 -0.231894 2.947547
v -1.665237 -0.462457 2.920539
v -1.665236 1.342514 2.634590
v -1.665236 1.545265 2.520915
v -1.665236 0.000110 2.956927
v -1.665236 0.232151 2.947533
v -1.665237 0.913845 2.812170
v -1.665236 1.131806 2.731558
v -1.665237 0.462673 2.920505
v -1.665237 0.690480 2.874941
v -0.947788 -0.777790 -3.238469
v -0.947788 -1.029399 -3.167761
v -0.947788 -1.274921 -3.076956
v -0.947788 -1.512272 -2.967727
v -0.947788 -1.740660 -2.839678
v -0.947788 -1.957909 -2.694618
v -0.947788 -2.163538 -2.532478
v -0.947788 -2.355335 -2.355159
v -0.947788 -2.694764 -1.957707
v -0.947788 -2.533143 -2.162918
v -0.947788 -2.967840 -1.512051
v -0.947788 -2.840372 -1.740102
v -0.947788 -3.167840 -1.029162
v -0.947788 -3.077663 -1.274439
v -0.947788 -3.289834 -0.520933
v -0.947788 -3.239171 -0.777394
v -0.947788 -3.330823 0.000124
v -0.947788 -3.320920 -0.261207
v -0.947788 -3.320897 0.261411
v -1.208177 -3.252897 0.515333
v -0.947788 -3.289795 0.521178
v -0.947788 -3.239103 0.777593
v -0.947788 -3.167762 1.029399
v -0.947788 -3.077551 1.274627
v -0.947788 -2.967728 1.512273
v -0.947787 -2.840219 1.740277
v -0.947787 -2.694619 1.957909
v -0.947787 -2.532954 2.163075
v -0.947787 -2.355160 2.355335
v -0.947787 -1.957709 2.694765
v -0.947787 -2.163317 2.532611
v -0.947787 -1.512052 2.967840
v -0.947787 -1.740411 2.839786
v -0.947787 -1.029163 3.167838
v -0.947787 -1.274652 3.077034
v -0.947787 -0.520933 3.289834
v -0.947787 -0.777506 3.238517
v -0.947787 0.000124 3.330823
v -0.947787 -0.261216 3.320257
v -0.947787 0.521177 3.289795
v -1.208176 0.515332 3.252898
v -0.947787 0.261506 3.320240
v -0.947787 1.029399 3.167762
v -0.947787 0.777790 3.238469
v -0.947787 1.512272 2.967729
v -0.947787 1.274921 3.076957
v -0.947787 1.957909 2.694619
v -0.947787 1.740660 2.839679
v -0.947787 2.355334 2.355159
v -0.947787 2.163538 2.532479
v -0.947787 2.694764 1.957709
v -0.947787 2.533142 2.162920
v -0.947787 2.967840 1.512052
v -0.947787 2.840373 1.740103
v -0.947787 3.167839 1.029163
v -0.947787 3.077664 1.274440
v -0.947787 3.289834 0.520934
v -0.947787 3.239171 0.777395
v -0.947788 3.330823 -0.000123
v -0.947787 3.320921 0.261208
v -0.947788 3.320898 -0.261410
v -1.208177 3.252896 -0.515332
v -0.947788 3.289795 -0.521177
v -0.947788 3.239103 -0.777592
v -0.947788 3.167762 -1.029398
v -0.947788 3.077552 -1.274626
v -0.947788 2.967728 -1.512271
v -0.947788 2.840219 -1.740275
v -0.947788 2.694619 -1.957908
v -0.947788 2.532954 -2.163073
v -0.947788 2.355160 -2.355333
v -0.947788 1.957708 -2.694763
v -0.947788 2.163316 -2.532609
v -0.947788 1.512051 -2.967839
v -0.947788 1.740411 -2.839784
v -0.947788 1.029163 -3.167838
v -0.947788 1.274652 -3.077033
v -0.947788 0.520933 -3.289834
v -0.947788 0.777506 -3.238516
v -0.947788 -0.000124 -3.330822
v -0.947788 0.261216 -3.320256
v -0.947788 -0.261507 -3.320240
v -1.208177 -0.515332 -3.252896
v -0.947788 -0.521178 -3.289794
v 1.369900 -0.754253 -3.140471
v 1.369900 -0.998248 -3.071903
v 1.369900 -1.236341 -2.983845
v 1.369900 -1.466510 -2.877923
v 1.369900 -0.253593 -3.219768
v 1.369900 -0.505406 -3.190244
v 1.005957 -0.521178 -3.289794
v 1.369900 -1.687987 -2.753747
v 1.369900 -1.898661 -2.613078
v 1.369900 0.253311 -3.219783
v 1.369900 -0.000120 -3.230029
v 1.369900 -2.098068 -2.455843
v 1.369900 -2.284060 -2.283890
v 1.369900 0.753978 -3.140516
v 1.369900 0.505170 -3.190281
v 1.369901 -2.456487 -2.097468
v 1.369901 -2.613219 -1.898466
v 1.369900 1.236081 -2.983920
v 1.369900 0.998020 -3.071977
v 1.369901 -2.754419 -1.687446
v 1.369901 -2.878031 -1.466295
v 1.369901 1.687745 -2.753850
v 1.369901 1.466296 -2.878032
v 1.369901 -2.984530 -1.235874
v 1.369901 -3.071977 -0.998020
v 1.369901 2.097853 -2.455971
v 1.369901 1.898466 -2.613219
v 1.369901 -3.141151 -0.753870
v 1.369901 -3.190281 -0.505169
v 1.369901 2.456305 -2.097618
v 1.369901 2.283890 -2.284060
v 1.369901 -3.220426 -0.253304
v 1.369901 -3.230029 0.000120
v 1.369901 2.754272 -1.687614
v 1.369901 2.613078 -1.898660
v 1.369901 -3.220405 0.253500
v 1.369901 -3.190244 0.505406
v 1.005957 -3.289795 0.521178
v 1.369901 2.984422 -1.236056
v 1.369901 2.877923 -1.466510
v 1.369901 -3.141085 0.754062
v 1.369901 -3.071903 0.998248
v 1.369901 3.141086 -0.754062
v 1.369901 3.071903 -0.998248
v 1.369901 -2.984422 1.236055
v 1.369901 -2.877923 1.466509
v 1.369901 3.220405 -0.253500
v 1.369901 3.190244 -0.505407
v 1.005957 3.289795 -0.521178
v 1.369901 -2.754272 1.687614
v 1.369901 -2.613077 1.898660
v 1.369901 3.220428 0.253303
v 1.369901 3.230029 -0.000120
v 1.369901 -2.456304 2.097617
v 1.369901 -2.283890 2.284060
v 1.369901 3.141152 0.753870
v 1.369901 3.190281 0.505169
v 1.369901 -2.097853 2.455970
v 1.369901 -1.898466 2.613218
v 1.369901 2.984531 1.235874
v 1.369901 3.071977 0.998019
v 1.369901 -1.687745 2.753849
v 1.369901 -1.466295 2.878031
v 1.369901 2.754421 1.687446
v 1.369901 2.878033 1.466295
v 1.369902 -1.236080 2.983920
v 1.369902 -0.998019 3.071976
v 1.369901 2.456487 2.097468
v 1.369901 2.613219 1.898466
v 1.369902 -0.753978 3.140516
v 1.369902 -0.505169 3.190280
v 1.369902 2.284060 2.283890
v 1.369902 2.098068 2.455843
v 1.369902 -0.253311 3.219783
v 1.369902 0.000120 3.230029
v 1.369902 1.898661 2.613077
v 1.369902 1.687987 2.753747
v 1.369902 0.505407 3.190243
v 1.005958 0.521178 3.289794
v 1.369902 0.253593 3.219767
v 1.369902 1.466510 2.877921
v 1.369902 1.236341 2.983845
v 1.369902 0.998248 3.071903
v 1.369902 0.754254 3.140471
v 1.501468 -0.721405 -3.003700
v 1.501468 -0.954773 -2.938118
v 1.501468 -1.182498 -2.853895
v 1.501468 -1.402641 -2.752586
v 1.501468 -0.242549 -3.079543
v 1.501468 -0.483395 -3.051305
v 1.501468 -1.815971 -2.499275
v 1.501468 -1.614473 -2.633819
v 1.501468 -0.000115 -3.089358
v 1.501468 0.242279 -3.079558
v 1.501468 -2.184586 -2.184425
v 1.501468 -2.006694 -2.348888
v 1.501468 0.483169 -3.051341
v 1.501468 0.721142 -3.003744
v 1.501468 -2.349504 -2.006121
v 1.501468 -2.499410 -1.815786
v 1.501468 0.954555 -2.938189
v 1.501468 1.182248 -2.853967
v 1.501468 -2.634462 -1.613956
v 1.501468 -2.752690 -1.402437
v 1.501468 1.402437 -2.752690
v 1.501468 1.614242 -2.633918
v 1.501468 -2.854551 -1.182050
v 1.501468 -2.938189 -0.954555
v 1.501468 1.815786 -2.499411
v 1.501468 2.006489 -2.349011
v 1.501468 -3.004351 -0.721038
v 1.501468 -3.051340 -0.483169
v 1.501468 2.349330 -2.006264
v 1.501468 2.184425 -2.184586
v 1.501468 -3.080173 -0.242272
v 1.501468 -3.089358 0.000115
v 1.501468 2.634322 -1.614117
v 1.501468 2.499276 -1.815971
v 1.501468 -3.080151 0.242460
v 1.501468 -3.051304 0.483395
v 1.501468 2.854448 -1.182225
v 1.501468 2.752586 -1.402642
v 1.501468 -3.004287 0.721221
v 1.501468 -2.938118 0.954773
v 1.501468 3.004288 -0.721222
v 1.501468 2.938118 -0.954773
v 1.501468 -2.854446 1.182225
v 1.501468 -2.752586 1.402641
v 1.501468 3.080153 -0.242460
v 1.501468 3.051304 -0.483396
v 1.501468 -2.634320 1.614117
v 1.501469 -2.499275 1.815971
v 1.501468 3.080175 0.242272
v 1.501468 3.089359 -0.000115
v 1.501468 -2.349329 2.006264
v 1.501469 -2.184425 2.184586
v 1.501468 3.004352 0.721038
v 1.501469 3.051340 0.483168
v 1.501469 -2.006489 2.349010
v 1.501469 -1.815786 2.499409
v 1.501469 2.854552 1.182050
v 1.501469 2.938190 0.954554
v 1.501469 -1.402437 2.752689
v 1.501469 -1.614242 2.633916
v 1.501469 2.634463 1.613956
v 1.501469 2.752690 1.402436
v 1.501469 -0.954555 2.938189
v 1.501469 -1.182247 2.853966
v 1.501469 2.349505 2.006121
v 1.501469 2.499410 1.815786
v 1.501469 -0.483168 3.051340
v 1.501469 -0.721142 3.003743
v 1.501469 2.184587 2.184424
v 1.501469 2.006694 2.348888
v 1.501469 0.000115 3.089357
v 1.501469 -0.242279 3.079558
v 1.501469 1.815972 2.499275
v 1.501469 1.614473 2.633819
v 1.501469 0.483396 3.051304
v 1.501469 0.242549 3.079543
v 1.501469 1.402642 2.752585
v 1.501469 1.182498 2.853894
v 1.501469 0.954773 2.938117
v 1.501469 0.721405 3.003699
v 1.501468 -0.954773 -2.938118
v 1.501468 -0.721405 -3.003700
v 1.642691 -0.888328 -2.733647
v 1.501468 -1.402641 -2.752586
v 1.501468 -1.182498 -2.853895
v 1.642692 -1.305028 -2.561026
v 1.501468 -0.483395 -3.051305
v 1.501468 -0.242549 -3.079543
v 1.642692 -0.449755 -2.838957
v 1.501468 -1.815971 -2.499275
v 1.501468 -1.614473 -2.633819
v 1.642691 -1.689594 -2.325344
v 1.501468 -0.000115 -3.089358
v 1.501468 0.242279 -3.079558
v 1.642692 -0.000107 -2.874362
v 1.501468 -2.184586 -2.184425
v 1.501468 -2.006694 -2.348888
v 1.642692 -2.032556 -2.032404
v 1.501468 0.483169 -3.051341
v 1.501468 0.721142 -3.003744
v 1.642692 0.449544 -2.838990
v 1.501468 -2.499410 -1.815786
v 1.501468 -2.349504 -2.006121
v 1.642692 -2.325470 -1.689421
v 1.501468 0.954555 -2.938189
v 1.501468 1.182248 -2.853967
v 1.642692 0.888125 -2.733714
v 1.501468 -2.752690 -1.402437
v 1.501468 -2.634462 -1.613956
v 1.642692 -2.561124 -1.304838
v 1.501468 1.402437 -2.752690
v 1.501468 1.614242 -2.633918
v 1.642691 1.304838 -2.561123
v 1.501468 -2.938189 -0.954555
v 1.501468 -2.854551 -1.182050
v 1.642692 -2.733713 -0.888125
v 1.501468 1.815786 -2.499411
v 1.501468 2.006489 -2.349011
v 1.642692 1.689421 -2.325470
v 1.501468 -3.051340 -0.483169
v 1.501468 -3.004351 -0.721038
v 1.642692 -2.838990 -0.449544
v 1.501468 2.184425 -2.184586
v 1.501468 2.349330 -2.006264
v 1.642692 2.032405 -2.032556
v 1.501468 -3.089358 0.000115
v 1.501468 -3.080173 -0.242272
v 1.642692 -2.874362 0.000107
v 1.501468 2.499276 -1.815971
v 1.501468 2.634322 -1.614117
v 1.642692 2.325345 -1.689594
v 1.501468 -3.051304 0.483395
v 1.501468 -3.080151 0.242460
v 1.642692 -2.838957 0.449755
v 1.501468 2.752586 -1.402642
v 1.501468 2.854448 -1.182225
v 1.642692 2.561027 -1.305028
v 1.501468 -2.938118 0.954773
v 1.501468 -3.004287 0.721221
v 1.642692 -2.733646 0.888328
v 1.501468 2.938118 -0.954773
v 1.501468 3.004288 -0.721222
v 1.642692 2.733647 -0.888328
v 1.501468 -2.752586 1.402641
v 1.501468 -2.854446 1.182225
v 1.642692 -2.561026 1.305028
v 1.501468 3.051304 -0.483396
v 1.501468 3.080153 -0.242460
v 1.642692 2.838958 -0.449755
v 1.501469 -2.499275 1.815971
v 1.501468 -2.634320 1.614117
v 1.642692 -2.325344 1.689594
v 1.501468 3.089359 -0.000115
v 1.501468 3.080175 0.242272
v 1.642692 2.874362 -0.000107
v 1.501469 -2.184425 2.184586
v 1.501468 -2.349329 2.006264
v 1.642692 -2.032404 2.032555
v 1.501469 3.051340 0.483168
v 1.501468 3.004352 0.721038
v 1.642692 2.838991 0.449544
v 1.501469 -1.815786 2.499409
v 1.501469 -2.006489 2.349010
v 1.642692 -1.689420 2.325470
v 1.501469 2.938190 0.954554
v 1.501469 2.854552 1.182050
v 1.642692 2.733715 0.888125
v 1.501469 -1.402437 2.752689
v 1.501469 -1.614242 2.633916
v 1.642692 -1.304838 2.561123
v 1.501469 2.752690 1.402436
v 1.501469 2.634463 1.613956
v 1.642692 2.561124 1.304838
v 1.501469 -0.954555 2.938189
v 1.501469 -1.182247 2.853966
v 1.642692 -0.888125 2.733713
v 1.501469 2.499410 1.815786
v 1.501469 2.349505 2.006121
v 1.642692 2.325471 1.689420
v 1.501469 -0.483168 3.051340
v 1.501469 -0.721142 3.003743
v 1.642692 -0.449544 2.838990
v 1.501469 2.184587 2.184424
v 1.501469 2.006694 2.348888
v 1.642692 2.032556 2.032404
v 1.501469 0.000115 3.089357
v 1.501469 -0.242279 3.079558
v 1.642692 0.000107 2.874362
v 1.501469 1.815972 2.499275
v 1.501469 1.614473 2.633819
v 1.642692 1.689594 2.325344
v 1.501469 0.483396 3.051304
v 1.501469 0.242549 3.079543
v 1.642692 0.449755 2.838957
v 1.501469 1.402642 2.752585
v 1.501469 1.182498 2.853894
v 1.642692 1.305028 2.561026
v 1.501469 0.954773 2.938117
v 1.501469 0.721405 3.003699
v 1.642692 0.888328 2.733647
v 1.618018 -0.386680 -2.440817
v 1.618018 -0.763748 -2.350276
v 1.618018 -1.122009 -2.201864
v 1.618018 -0.000092 -2.471257
v 1.618018 -1.452642 -1.999235
v 1.618018 0.386499 -2.440846
v 1.618018 -1.747507 -1.747378
v 1.618018 0.763573 -2.350333
v 1.618018 -1.999343 -1.452494
v 1.618018 1.121846 -2.201948
v 1.618018 -2.201948 -1.121845
v 1.618018 1.452494 -1.999343
v 1.618018 -2.350333 -0.763573
v 1.618018 1.747378 -1.747507
v 1.618018 -2.440845 -0.386499
v 1.618018 1.999236 -1.452643
v 1.618018 -2.471257 0.000092
v 1.618019 2.201864 -1.122009
v 1.618019 -2.440818 0.386680
v 1.618019 2.350277 -0.763748
v 1.618019 -2.350276 0.763748
v 1.618019 2.440818 -0.386681
v 1.618019 -2.201864 1.122008
v 1.618019 2.471258 -0.000092
v 1.618019 -1.999234 1.452642
v 1.618019 2.440847 0.386499
v 1.618019 -1.747378 1.747507
v 1.618019 2.350333 0.763573
v 1.618019 -1.452494 1.999343
v 1.618019 2.201948 1.121845
v 1.618019 -1.121846 2.201948
v 1.618019 1.999343 1.452493
v 1.618019 -0.763573 2.350333
v 1.618019 1.747507 1.747377
v 1.618019 -0.386499 2.440845
v 1.618019 1.452642 1.999234
v 1.618019 0.000092 2.471256
v 1.618019 1.122010 2.201864
v 1.618019 0.386681 2.440816
v 1.618019 0.763748 2.350276
v 0.011238 -3.334177 0.528209
v 0.011239 0.528209 3.334177
v 0.011238 3.334177 -0.528208
v 0.011238 -0.528209 -3.334177
v -1.454402 -3.156651 0.500085
v -1.454402 0.500084 3.156652
v -1.454403 3.156651 -0.500084
v -1.454403 -0.500085 -3.156650
v -1.543503 -3.099442 0.491022
v -1.543503 0.491021 3.099442
v -1.543504 3.099442 -0.491021
v -1.543504 -0.491022 -3.099441
v -0.947788 -0.521178 -3.289794
v -0.947788 -3.289795 0.521178
v -0.947787 0.521177 3.289795
v -0.947788 3.289795 -0.521177
v 1.369900 -0.505406 -3.190244
v 1.369901 -3.190244 0.505406
v 1.369901 3.190244 -0.505407
v 1.369902 0.505407 3.190243
v 1.501468 -0.483395 -3.051305
v 1.501468 -3.051304 0.483395
v 1.501468 3.051304 -0.483396
v 1.501469 0.483396 3.051304
v -1.352619 2.184931 -0.143092
v -1.269371 2.106810 -0.160121
v -1.279279 2.103094 -0.124745
v -1.362532 2.151478 -0.118068
v -1.339135 2.166763 -0.383615
v -1.269528 2.062579 -0.449818
v -1.339135 2.191952 -0.193308
v -1.339136 2.125084 -0.571001
v -1.339136 2.067754 -0.752602
v -1.270344 1.986653 -0.723083
v -1.312340 2.090703 -0.099526
v -1.269371 1.716834 -1.231572
v -1.362532 1.724021 -1.292498
v -1.279279 1.691247 -1.256282
v -1.352619 1.765731 -1.294832
v -1.339135 1.906419 -1.098903
v -1.339135 1.803388 -1.260878
v -1.269528 1.869165 -0.981220
v -1.339135 1.994940 -0.928566
v -1.312339 1.665545 -1.267637
v -1.691257 2.463338 -0.217241
v -1.694042 2.492018 0.000001
v -1.694042 2.482385 -0.218920
v -1.691257 2.472898 0.000001
v -1.691257 2.435029 -0.431110
v -1.694042 2.453857 -0.434443
v -1.691257 2.388189 -0.641696
v -1.694042 2.406656 -0.646658
v -1.691257 2.323763 -0.845781
v -1.694042 2.341731 -0.852321
v -1.638666 2.248564 -0.198300
v -1.671173 2.263327 0.000001
v -1.671173 2.254578 -0.198830
v -1.638664 2.257291 0.000001
v -1.638666 2.222724 -0.393522
v -1.671173 2.228669 -0.394575
v -1.638666 2.179968 -0.585748
v -1.671173 2.185799 -0.587314
v -1.638666 2.121159 -0.772039
v -1.671173 2.126832 -0.774104
v -1.507399 2.225394 -0.196257
v -1.507327 2.219651 0.000001
v -1.507399 2.234031 0.000001
v -1.507327 2.210156 -0.201193
v -1.507399 2.199821 -0.389467
v -1.507327 2.180960 -0.386128
v -1.507328 2.139007 -0.574742
v -1.507399 2.157506 -0.579712
v -1.507399 2.099302 -0.764084
v -1.507327 2.081303 -0.757532
v -1.500963 2.210514 -0.183157
v -1.499946 2.219074 0.000001
v -1.494039 2.180391 -0.386027
v -1.498069 2.209551 -0.200802
v -1.494039 2.138449 -0.574592
v -1.494039 2.080760 -0.757335
v -1.636812 2.482385 -0.218920
v -1.636812 2.492018 0.000001
v -1.636812 2.406656 -0.646658
v -1.636812 2.341731 -0.852321
v -1.636812 2.453857 -0.434443
v -1.671669 2.282200 -0.201266
v -1.671669 2.291056 0.000001
v -1.671669 2.255973 -0.399409
v -1.671669 2.212578 -0.594510
v -1.671669 2.152889 -0.783588
v -1.526435 2.228918 -0.196567
v -1.526435 2.237569 0.000001
v -1.526435 2.203304 -0.390084
v -1.526436 2.160922 -0.580630
v -1.526435 2.102626 -0.765293
v -1.344059 2.184931 -0.143092
v -1.260809 2.106810 -0.160121
v -1.270717 2.103094 -0.124745
v -1.353971 2.151478 -0.118068
v -1.330575 2.166763 -0.383615
v -1.260967 2.062579 -0.449817
v -1.330575 2.191952 -0.193307
v -1.330575 2.125084 -0.571001
v -1.330575 2.067754 -0.752601
v -1.261784 1.986653 -0.723083
v -1.267872 2.056937 -0.102846
v -1.303778 2.090703 -0.099525
v -1.238479 2.074735 -0.123435
v -1.228629 2.036259 -0.445841
v -1.230851 2.084984 -0.162177
v -1.226412 1.963891 -0.714798
v -1.344712 2.174004 -0.384897
v -1.344690 2.199516 -0.194320
v -1.344712 2.132185 -0.572909
v -1.344712 2.074665 -0.755116
v -1.192585 0.679269 -0.120260
v -1.205497 0.702826 0.000001
v -1.204606 0.692064 -0.122526
v -1.192585 0.689832 0.000001
v -1.204606 0.660440 -0.240380
v -1.192585 0.648230 -0.235936
v -1.174785 0.677699 -0.119982
v -1.174785 0.688238 0.000001
v -1.174785 0.646732 -0.235391
v -1.064397 0.657962 0.000001
v -1.064397 0.618282 -0.225036
v -0.949909 0.538957 -0.196164
v -0.949908 0.573546 0.000001
v -0.904333 0.435214 -0.158404
v -0.904333 0.463145 0.000001
v -0.943190 0.420765 -0.074191
v -0.941030 0.336204 -0.059281
v -0.943190 0.424788 0.000001
v -0.943190 0.420765 -0.074191
v -0.941030 0.339419 0.000001
v -0.941030 0.339419 0.000001
v -0.941030 0.336204 -0.059281
v -0.859477 0.285606 0.000001
v -0.859477 0.268382 -0.097682
v -0.863781 0.240442 -0.087513
v -0.863781 0.255874 0.000001
v -1.209975 0.714512 0.000001
v -1.209108 0.765172 -0.061501
v -1.213012 0.715761 -0.045987
v -1.264922 0.750181 -0.105684
v -1.338303 0.770740 -0.280526
v -1.350556 0.787982 -0.286802
v -1.334294 0.814369 -0.097843
v -1.352843 0.839796 -0.093403
v -1.367735 0.883393 -0.180607
v -1.356297 0.815831 -0.296938
v -1.369254 0.890195 -0.076800
v -1.380843 0.931416 -0.048335
v -1.384472 0.945621 0.000001
v -1.388262 0.960727 -0.128386
v -1.231790 0.719289 -0.088351
v -1.378922 0.925539 -0.043803
v -1.381544 0.938770 0.000001
v -1.367848 0.887233 -0.070285
v -1.352399 0.840335 -0.085752
v -1.334154 0.815311 -0.090441
v -1.264614 0.751437 -0.097959
v -1.233765 0.723363 -0.084008
v -1.214229 0.708818 -0.048388
v -1.211736 0.703591 -0.051193
v -1.209657 0.707044 0.000001
v -1.372232 0.919413 -0.044814
v -1.376089 0.933927 0.000001
v -1.359939 0.882192 -0.069541
v -1.335569 0.827415 -0.085298
v -1.259102 0.755644 -0.095146
v -1.230397 0.728311 -0.080218
v -1.498015 2.198790 0.142368
v -1.498015 2.198790 -0.142366
v -1.495555 2.171970 -0.113837
v -1.495555 2.171970 0.113838
v -1.424596 1.187061 -0.108022
v -1.414812 1.069593 -0.115573
v -1.433854 1.187600 -0.108205
v -1.405552 1.069468 -0.115502
v -1.379552 0.963321 -0.139059
v -1.368675 0.886057 -0.194135
v -1.388804 0.963371 -0.138962
v -1.359416 0.885863 -0.194451
v -1.358040 0.824285 -0.300015
v -1.348781 0.824243 -0.299999
v -1.483871 1.895671 -0.059631
v -1.493130 1.896111 -0.059654
v -1.483910 1.989895 -0.068570
v -1.493169 1.990490 -0.068622
v -1.486264 2.170866 -0.126049
v -1.495522 2.172247 -0.126618
v -1.276564 1.005876 -0.062421
v -1.334821 1.168841 -0.047432
v -1.186463 1.185240 -0.046847
v -1.136231 1.001357 -0.064829
v -1.209180 0.851154 -0.136982
v -1.109739 0.874195 -0.123035
v -1.416354 1.889296 -0.025114
v -1.306919 1.895423 -0.025230
v -1.306560 2.004702 -0.035465
v -1.410567 2.000417 -0.033926
v -1.303778 2.090703 -0.099525
v -1.267872 2.056937 -0.102846
v -1.268199 1.989386 -0.090740
v -1.099279 1.008443 -0.123864
v -1.155446 1.204379 -0.121388
v -1.094494 1.204710 -0.121379
v -1.004685 1.014328 -0.123922
v -0.771533 0.751224 -0.135349
v -1.159531 0.775976 -0.132785
v -0.901912 0.866064 -0.123038
v -1.109739 0.874195 -0.123035
v -0.727383 0.691328 -0.251622
v -1.165596 0.703528 -0.256063
v -1.269141 1.897241 -0.090728
v -1.227663 1.901159 -0.090590
v -1.268199 1.989386 -0.090740
v -1.216638 1.977483 -0.090278
v -1.099279 1.008443 -0.123864
v -1.155446 1.204379 -0.121388
v -1.346184 1.068661 -0.115052
v -1.377813 1.184616 -0.107191
v -1.159531 0.775976 -0.132785
v -1.301343 0.963551 -0.139808
v -1.267682 0.883990 -0.197566
v -1.250524 0.823794 -0.299836
v -1.165596 0.703528 -0.256063
v -1.269141 1.897241 -0.090728
v -1.453429 1.894225 -0.059556
v -1.449048 1.987652 -0.068376
v -1.412555 2.088321 -0.097981
v -1.430649 2.070665 -0.092500
v -1.488708 2.196881 -0.153098
v -1.497990 2.197553 -0.153600
v -1.412555 2.088321 -0.097981
v -1.500453 2.206011 -0.167492
v -1.499923 2.213178 0.000001
v -1.181868 2.037242 -0.095832
v -1.124705 2.067852 -0.146180
v -1.493170 1.990906 -0.058423
v -1.493130 1.895982 -0.051041
v -1.433851 1.187943 -0.097031
v -1.414837 1.069489 -0.105666
v -1.430649 2.070665 -0.092500
v -1.449048 1.987652 -0.068376
v -1.453429 1.894225 -0.059556
v -1.377813 1.184616 -0.107191
v -1.346184 1.068661 -0.115052
v -1.301343 0.963551 -0.139808
v -1.267682 0.883990 -0.197566
v -1.250524 0.823794 -0.299836
v -1.493130 1.895982 0.051043
v -1.433851 1.187943 0.097032
v -1.209108 0.765172 0.061502
v -0.943190 0.424788 0.000001
v -0.943191 0.399170 -0.145286
v -0.941030 0.318949 -0.116087
v -0.943191 0.399170 -0.145286
v -0.941030 0.318949 -0.116087
v -1.414837 1.069489 0.105667
v -1.691257 2.463338 0.217242
v -1.694042 2.482385 0.218922
v -1.694042 2.453857 0.434445
v -1.691257 2.435030 0.431111
v -1.694042 2.406656 0.646659
v -1.691257 2.388189 0.641697
v -1.694042 2.341732 0.852321
v -1.691258 2.323764 0.845781
v -1.638666 2.248564 0.198301
v -1.671173 2.254578 0.198832
v -1.638666 2.222724 0.393524
v -1.671173 2.228669 0.394576
v -1.638666 2.179969 0.585750
v -1.671173 2.185799 0.587316
v -1.638666 2.121160 0.772040
v -1.671173 2.126832 0.774104
v -1.507399 2.225394 0.196258
v -1.507327 2.210156 0.201195
v -1.507399 2.199821 0.389469
v -1.507327 2.180960 0.386130
v -1.507328 2.139007 0.574743
v -1.507399 2.157506 0.579714
v -1.507399 2.099303 0.764084
v -1.507328 2.081303 0.757533
v -1.500963 2.210514 0.183159
v -1.494039 2.180391 0.386029
v -1.498069 2.209551 0.200804
v -1.494039 2.138450 0.574594
v -1.494039 2.080761 0.757336
v -1.636812 2.482385 0.218922
v -1.636812 2.341732 0.852321
v -1.636812 2.406656 0.646659
v -1.636812 2.453857 0.434445
v -1.671669 2.282200 0.201268
v -1.671669 2.255973 0.399410
v -1.671669 2.212578 0.594512
v -1.671669 2.152889 0.783588
v -1.526435 2.228918 0.196569
v -1.526435 2.203304 0.390086
v -1.526436 2.160922 0.580632
v -1.526436 2.102627 0.765294
v -1.260809 2.106810 0.160123
v -1.344059 2.184931 0.143094
v -1.270717 2.103094 0.124746
v -1.353971 2.151479 0.118070
v -1.330575 2.166763 0.383616
v -1.330575 2.191952 0.193309
v -1.260967 2.062579 0.449819
v -1.330575 2.125084 0.571002
v -1.330575 2.067755 0.752602
v -1.261784 1.986653 0.723084
v -1.267872 2.056937 0.102848
v -1.303778 2.090703 0.099527
v -1.238479 2.074735 0.123436
v -1.228629 2.036259 0.445843
v -1.230851 2.084984 0.162179
v -1.226412 1.963891 0.714799
v -1.344690 2.199516 0.194322
v -1.344712 2.174004 0.384898
v -1.344712 2.132185 0.572910
v -1.344713 2.074665 0.755117
v -1.192585 0.679269 0.120262
v -1.204606 0.692064 0.122527
v -1.204606 0.660440 0.240381
v -1.192585 0.648230 0.235937
v -1.174785 0.677699 0.119984
v -1.174785 0.646732 0.235392
v -0.949909 0.538957 0.196165
v -1.064397 0.618282 0.225037
v -0.904333 0.435214 0.158406
v -0.943190 0.420765 0.074193
v -0.943190 0.420765 0.074193
v -0.941030 0.336204 0.059283
v -0.941030 0.336204 0.059283
v -0.863781 0.240442 0.087515
v -0.859477 0.268382 0.097684
v -1.213012 0.715761 0.045989
v -1.264922 0.750181 0.105686
v -1.338303 0.770740 0.280527
v -1.334294 0.814369 0.097845
v -1.350556 0.787982 0.286803
v -1.352843 0.839796 0.093404
v -1.367735 0.883393 0.180609
v -1.356297 0.815831 0.296939
v -1.369254 0.890195 0.076802
v -1.380843 0.931416 0.048337
v -1.388262 0.960727 0.128388
v -1.231790 0.719289 0.088352
v -1.378922 0.925539 0.043805
v -1.367848 0.887233 0.070286
v -1.352399 0.840335 0.085754
v -1.334154 0.815311 0.090442
v -1.264614 0.751437 0.097961
v -1.233765 0.723363 0.084010
v -1.211736 0.703591 0.051194
v -1.214229 0.708818 0.048390
v -1.372232 0.919413 0.044816
v -1.359939 0.882192 0.069542
v -1.335569 0.827415 0.085299
v -1.259102 0.755644 0.095147
v -1.230397 0.728311 0.080220
v -1.493170 1.990906 0.058424
v -1.405552 1.069468 0.115504
v -1.424596 1.187061 0.108024
v -1.414812 1.069593 0.115574
v -1.433854 1.187600 0.108206
v -1.359416 0.885863 0.194453
v -1.379552 0.963321 0.139061
v -1.368675 0.886057 0.194136
v -1.388804 0.963371 0.138964
v -1.348781 0.824243 0.300001
v -1.358040 0.824285 0.300016
v -1.483871 1.895671 0.059632
v -1.493130 1.896111 0.059655
v -1.493169 1.990490 0.068623
v -1.483910 1.989895 0.068572
v -1.495522 2.172247 0.126620
v -1.486264 2.170866 0.126051
v -1.334821 1.168841 0.047433
v -1.276564 1.005876 0.062423
v -1.186463 1.185240 0.046849
v -1.136231 1.001357 0.064831
v -1.209180 0.851154 0.136983
v -1.109739 0.874195 0.123037
v -1.416354 1.889296 0.025115
v -1.306919 1.895423 0.025232
v -1.306560 2.004702 0.035467
v -1.410567 2.000417 0.033928
v -1.303778 2.090703 0.099527
v -1.267872 2.056937 0.102848
v -1.268199 1.989386 0.090741
v -1.004685 1.014328 0.123924
v -1.094494 1.204710 0.121380
v -1.099279 1.008443 0.123865
v -1.155446 1.204379 0.121390
v -1.159531 0.775976 0.132786
v -0.771533 0.751224 0.135351
v -0.901912 0.866065 0.123039
v -1.109739 0.874195 0.123037
v -1.165596 0.703528 0.256064
v -0.727383 0.691328 0.251624
v -1.227663 1.901159 0.090592
v -1.269141 1.897241 0.090729
v -1.216638 1.977483 0.090279
v -1.268199 1.989386 0.090741
v -1.099279 1.008443 0.123865
v -1.155446 1.204379 0.121390
v -1.377813 1.184616 0.107193
v -1.346184 1.068662 0.115054
v -1.159531 0.775976 0.132786
v -1.301343 0.963551 0.139810
v -1.267682 0.883990 0.197567
v -1.250524 0.823794 0.299837
v -1.165596 0.703528 0.256064
v -1.269141 1.897241 0.090729
v -1.453429 1.894225 0.059557
v -1.449048 1.987652 0.068378
v -1.412555 2.088321 0.097982
v -1.430649 2.070665 0.092501
v -1.488708 2.196881 0.153100
v -1.497990 2.197553 0.153601
v -1.412555 2.088321 0.097982
v -1.500453 2.206011 0.167493
v -1.181868 2.037242 0.095834
v -1.124705 2.067852 0.146182
v -1.430649 2.070665 0.092501
v -1.449048 1.987652 0.068378
v -1.453429 1.894225 0.059557
v -1.377813 1.184616 0.107193
v -1.346184 1.068662 0.115054
v -1.301343 0.963551 0.139810
v -1.267682 0.883990 0.197567
v -1.250524 0.823794 0.299837
v -0.943191 0.399171 0.145287
v -0.941030 0.318949 0.116089
v -0.943191 0.399171 0.145287
v -0.941030 0.318949 0.116089
v -1.694042 1.908997 1.601840
v -1.691257 2.026666 1.416986
v -1.691257 1.894349 1.589548
v -1.694042 2.042336 1.427943
v -1.694042 2.159019 1.244506
v -1.691257 2.142453 1.234957
v -1.694042 2.259270 1.051600
v -1.691257 2.241934 1.043530
v -1.638666 1.849965 1.293443
v -1.638666 1.729185 1.450959
v -1.671173 1.854913 1.296903
v -1.671173 1.733809 1.454840
v -1.638666 1.955657 1.127284
v -1.671173 1.960887 1.130299
v -1.638666 2.046465 0.952548
v -1.671173 2.051938 0.955095
v -1.507327 1.700351 1.426765
v -1.507399 1.830903 1.280115
v -1.507327 1.822403 1.266538
v -1.507399 1.711368 1.436009
v -1.507399 1.935506 1.115668
v -1.507328 1.918911 1.106103
v -1.507328 2.008012 0.934650
v -1.507399 2.025378 0.942733
v -1.500963 1.811084 1.280585
v -1.499946 1.699909 1.426394
v -1.494039 1.918411 1.105815
v -1.498069 1.821687 1.266449
v -1.494039 2.007489 0.934406
v -1.636812 2.042336 1.427943
v -1.636812 1.908997 1.601840
v -1.636812 2.259270 1.051600
v -1.636812 2.159019 1.244506
v -1.671669 1.877638 1.312791
v -1.671669 1.755051 1.472664
v -1.671669 1.984912 1.144147
v -1.671669 2.077078 0.966797
v -1.526435 1.714077 1.438282
v -1.526436 1.833801 1.282142
v -1.526436 1.938570 1.117434
v -1.526436 2.028585 0.944225
v -1.260809 1.716834 1.231571
v -1.353971 1.724022 1.292498
v -1.344059 1.765732 1.294832
v -1.270718 1.691247 1.256283
v -1.330575 1.906420 1.098903
v -1.260967 1.869164 0.981220
v -1.330575 1.803388 1.260878
v -1.330575 1.994941 0.928566
v -1.238480 1.668682 1.239057
v -1.267872 1.641814 1.243389
v -1.303778 1.665546 1.267637
v -1.230851 1.701436 1.215966
v -1.228629 1.846446 0.967348
v -1.344690 1.809834 1.264963
v -1.344712 1.912790 1.102575
v -1.344712 2.001609 0.931669
v -1.192585 0.597652 0.344501
v -1.192585 0.528442 0.443416
v -1.205497 0.538396 0.451769
v -1.204606 0.608910 0.350990
v -1.174785 0.596271 0.343705
v -1.174785 0.527221 0.442392
v -0.949909 0.439362 0.368669
v -1.064397 0.504028 0.422931
v -0.904333 0.354790 0.297705
v -0.943190 0.370014 0.213629
v -0.941030 0.260010 0.218175
v -0.943190 0.325407 0.273050
v -0.941030 0.295653 0.170696
v -0.943190 0.370014 0.213629
v -0.941030 0.260010 0.218175
v -0.941030 0.295653 0.170696
v -0.859477 0.218787 0.183585
v -0.863781 0.196010 0.164473
v -1.209975 0.547348 0.459280
v -1.209108 0.625688 0.444731
v -1.213012 0.577865 0.424854
v -1.264922 0.642604 0.401248
v -1.352843 0.703359 0.468260
v -1.334294 0.686736 0.448515
v -1.367735 0.792811 0.429481
v -1.369254 0.731296 0.513374
v -1.380843 0.744576 0.561676
v -1.384472 0.724388 0.607834
v -1.388262 0.818485 0.519194
v -1.231790 0.607799 0.394670
v -1.378922 0.737161 0.561370
v -1.381544 0.719140 0.603431
v -1.367848 0.724838 0.516461
v -1.352399 0.698855 0.474467
v -1.334154 0.682699 0.454790
v -1.264615 0.638601 0.407973
v -1.233765 0.608128 0.400615
v -1.214230 0.574090 0.418552
v -1.211736 0.571888 0.413044
v -1.209657 0.541627 0.454480
v -1.372232 0.733118 0.556658
v -1.376089 0.715429 0.600317
v -1.359939 0.720499 0.513791
v -1.335569 0.688665 0.466511
v -1.259102 0.640016 0.412833
v -1.230397 0.609482 0.406698
v -1.498015 1.592859 1.522415
v -1.495555 1.737000 1.308912
v -1.495555 1.590652 1.483321
v -1.498015 1.775883 1.304296
v -1.424596 0.978777 0.680279
v -1.414812 0.893645 0.598988
v -1.433855 0.979307 0.680485
v -1.405552 0.893504 0.598961
v -1.379552 0.827333 0.512685
v -1.368675 0.803547 0.420831
v -1.388804 0.827309 0.512792
v -1.359416 0.803602 0.420464
v -1.483871 1.490499 1.172835
v -1.493131 1.490850 1.173099
v -1.483910 1.568424 1.226552
v -1.493170 1.568914 1.226895
v -1.486264 1.744003 1.298846
v -1.495523 1.745427 1.299299
v -1.334821 0.925874 0.714982
v -1.186463 0.938060 0.725971
v -1.276564 0.810670 0.598748
v -1.136231 0.808756 0.593998
v -1.209180 0.740073 0.442177
v -1.109739 0.748758 0.467671
v -1.416354 1.463427 1.195178
v -1.306919 1.468196 1.199027
v -1.306561 1.558488 1.261430
v -1.410567 1.554217 1.259854
v -1.303778 1.665546 1.267637
v -1.267872 1.641814 1.243389
v -1.268199 1.582285 1.209242
v -1.099279 0.852131 0.553330
v -1.155446 1.000635 0.681171
v -1.094494 1.000882 0.681391
v -1.004685 0.856676 0.557067
v -0.771533 0.662472 0.379194
v -1.159531 0.679785 0.397069
v -0.901912 0.742532 0.462443
v -1.109739 0.748758 0.467671
v -1.269141 1.511689 1.150021
v -1.227663 1.514603 1.152645
v -1.268199 1.582285 1.209242
v -1.216638 1.572870 1.201945
v -1.099279 0.852131 0.553330
v -1.155446 1.000635 0.681171
v -1.346184 0.892596 0.598787
v -1.377813 0.976370 0.679344
v -1.159531 0.679785 0.397069
v -1.301343 0.827990 0.512259
v -1.267682 0.804169 0.416874
v -1.269141 1.511689 1.150021
v -1.453429 1.489343 1.171962
v -1.449048 1.566582 1.225259
v -1.412555 1.662729 1.267289
v -1.430649 1.645679 1.260139
v -1.488708 1.781318 1.294847
v -1.497990 1.782156 1.294895
v -1.412555 1.662729 1.267289
v -1.500453 1.797565 1.289690
v -1.499923 1.695393 1.422604
v -1.181868 1.622219 1.236103
v -1.124705 1.678030 1.217209
v -1.493170 1.562676 1.234975
v -1.493130 1.485216 1.179614
v -1.433851 0.972387 0.689265
v -1.414837 0.887198 0.606510
v -1.430649 1.645679 1.260139
v -1.449048 1.566582 1.225259
v -1.453429 1.489343 1.171962
v -1.377813 0.976370 0.679344
v -1.346184 0.892596 0.598787
v -1.301343 0.827990 0.512259
v -1.267682 0.804169 0.416874
v -1.493130 1.419597 1.257815
v -1.433851 0.847646 0.837926
v -1.209108 0.546624 0.538957
v -0.943190 0.325407 0.273050
v -1.414837 0.751355 0.768401
v -1.691257 1.747385 1.749820
v -1.694042 1.760897 1.763350
v -1.691257 1.588228 1.895457
v -1.694042 1.600509 1.910113
v -1.691258 1.416984 2.026667
v -1.694042 1.427941 2.042338
v -1.694042 1.246009 2.158152
v -1.691258 1.236448 2.141592
v -1.638666 1.595035 1.597257
v -1.671173 1.599301 1.601529
v -1.671173 1.453631 1.734823
v -1.638666 1.449754 1.730197
v -1.671173 1.296900 1.854914
v -1.638666 1.293441 1.849967
v -1.671173 1.131664 1.960100
v -1.638666 1.128646 1.954872
v -1.507399 1.578599 1.580799
v -1.507327 1.563753 1.574785
v -1.507399 1.434815 1.712368
v -1.507328 1.422513 1.697687
v -1.507399 1.280113 1.830905
v -1.507328 1.269137 1.815207
v -1.507399 1.117015 1.934729
v -1.507328 1.107438 1.918140
v -1.500963 1.575621 1.561199
v -1.498069 1.563540 1.574097
v -1.494039 1.422142 1.697244
v -1.494039 1.268807 1.814734
v -1.494039 1.107149 1.917640
v -1.636812 1.760897 1.763350
v -1.636813 1.246009 2.158152
v -1.636812 1.427941 2.042338
v -1.636812 1.600509 1.910113
v -1.671669 1.618895 1.621150
v -1.671669 1.471440 1.756078
v -1.671669 1.312789 1.877640
v -1.671670 1.145528 1.984114
v -1.526436 1.581099 1.583301
v -1.526436 1.437086 1.715079
v -1.526436 1.282139 1.833803
v -1.526436 1.118784 1.937791
v -1.353971 1.572235 1.473391
v -1.260809 1.510985 1.476893
v -1.344059 1.581777 1.514063
v -1.270718 1.530878 1.447404
v -1.330575 1.413254 1.686635
v -1.330575 1.554877 1.557043
v -1.260967 1.290890 1.670382
v -1.330575 1.260876 1.803391
v -1.261784 1.057076 1.830911
v -1.330576 1.100229 1.905654
v -1.303778 1.537597 1.420120
v -1.267872 1.509596 1.400960
v -1.238480 1.509997 1.428172
v -1.230851 1.492944 1.464438
v -1.228629 1.273283 1.650418
v -1.226412 1.044965 1.809933
v -1.344690 1.560020 1.562680
v -1.344712 1.417977 1.692272
v -1.344713 1.265089 1.809418
v -1.344713 1.103906 1.912023
v -1.204606 0.451393 0.538712
v -1.192585 0.443047 0.528752
v -1.204606 0.351413 0.608666
v -1.192585 0.344916 0.597413
v -1.174785 0.442024 0.527530
v -1.174785 0.344119 0.596032
v -1.064397 0.328981 0.569813
v -0.949909 0.286773 0.496706
v -0.904333 0.231572 0.401096
v -0.943191 0.274635 0.327298
v -0.941030 0.219442 0.261521
v -0.943191 0.274635 0.327298
v -0.941030 0.219442 0.261521
v -0.863781 0.127937 0.221594
v -0.859477 0.142803 0.247343
v -1.213012 0.518744 0.495312
v -1.338304 0.410102 0.710319
v -1.264922 0.506739 0.563167
v -1.334294 0.560950 0.598420
v -1.350556 0.419277 0.726209
v -1.352843 0.583282 0.611362
v -1.356297 0.434094 0.751874
v -1.367735 0.560625 0.706188
v -1.369254 0.632562 0.631040
v -1.380843 0.682436 0.635731
v -1.388262 0.653434 0.715894
v -1.231790 0.494216 0.530032
v -1.378922 0.680847 0.628482
v -1.367848 0.634481 0.624145
v -1.352399 0.588613 0.605848
v -1.334154 0.566430 0.593355
v -1.264615 0.512666 0.558057
v -1.233765 0.500128 0.529324
v -1.211736 0.506075 0.491477
v -1.214230 0.511882 0.492688
v -1.372232 0.675504 0.625318
v -1.359939 0.631098 0.620335
v -1.335569 0.579008 0.597195
v -1.259102 0.517698 0.558606
v -1.230397 0.506354 0.529601
v -1.493170 1.487569 1.324486
v -1.405553 0.745016 0.775922
v -1.424596 0.839906 0.845779
v -1.414812 0.745067 0.776057
v -1.433855 0.840201 0.846265
v -1.359416 0.553619 0.718381
v -1.379552 0.648560 0.725738
v -1.368676 0.553971 0.718264
v -1.388804 0.648661 0.725696
v -1.348781 0.438570 0.759627
v -1.358040 0.438593 0.759666
v -1.483871 1.413838 1.264195
v -1.493131 1.414160 1.264495
v -1.483910 1.480271 1.331609
v -1.493170 1.480694 1.332031
v -1.486264 1.581956 1.491966
v -1.495523 1.582648 1.493290
v -1.186463 0.877833 0.797746
v -1.334821 0.864895 0.787653
v -1.276564 0.730422 0.694384
v -1.136231 0.725412 0.693323
v -1.209180 0.563971 0.652047
v -1.109739 0.590586 0.656174
v -1.416354 1.431141 1.233655
v -1.306919 1.435760 1.237683
v -1.306561 1.512894 1.315767
v -1.410567 1.510601 1.311834
v -1.303778 1.537597 1.420120
v -1.267872 1.509596 1.400960
v -1.268199 1.465631 1.348264
v -1.004685 0.697364 0.746929
v -1.094494 0.844840 0.867355
v -1.099279 0.692894 0.743101
v -1.155446 0.844581 0.867151
v -1.159531 0.509079 0.600508
v -0.771533 0.488470 0.586562
v -0.901912 0.584356 0.650949
v -1.109739 0.590586 0.656174
v -1.165596 0.374339 0.648376
v -0.727383 0.367848 0.637132
v -1.227663 1.398141 1.291439
v -1.269141 1.395051 1.289026
v -1.216638 1.456810 1.340261
v -1.268199 1.465631 1.348264
v -1.099279 0.692894 0.743101
v -1.155446 0.844581 0.867151
v -1.346184 0.744687 0.775059
v -1.377813 0.838567 0.843571
v -1.159531 0.509079 0.600508
v -1.301343 0.648255 0.726459
v -1.267683 0.550182 0.719563
v -1.250524 0.438332 0.759214
v -1.165596 0.374339 0.648376
v -1.269141 1.395051 1.289026
v -1.453429 1.412778 1.263208
v -1.449048 1.478677 1.330019
v -1.430649 1.526763 1.401858
v -1.412555 1.536765 1.417406
v -1.488708 1.584498 1.529409
v -1.497990 1.584690 1.530226
v -1.412555 1.536765 1.417406
v -1.500453 1.582240 1.546305
v -1.181868 1.499018 1.382928
v -1.124705 1.490104 1.441171
v -1.430649 1.526763 1.401858
v -1.449048 1.478677 1.330019
v -1.453429 1.412778 1.263208
v -1.377813 0.838567 0.843571
v -1.346184 0.744687 0.775059
v -1.301343 0.648255 0.726459
v -1.267683 0.550182 0.719563
v -1.250524 0.438332 0.759214
v -0.943191 0.212394 0.367878
v -0.941030 0.169709 0.293946
v -0.943191 0.212394 0.367878
v -0.941030 0.169709 0.293946
v -1.691258 0.641695 2.388191
v -1.694042 0.432734 2.454160
v -1.694042 0.646657 2.406657
v -1.691258 0.429414 2.435330
v -1.694042 0.853952 2.341139
v -1.691258 0.847399 2.323175
v -1.694042 1.054746 2.257802
v -1.691258 1.046653 2.240479
v -1.638666 0.585747 2.179970
v -1.671173 0.393023 2.228943
v -1.671173 0.587314 2.185800
v -1.638666 0.391974 2.222998
v -1.638666 0.773517 2.120622
v -1.671173 0.775585 2.126294
v -1.638666 0.955398 2.045136
v -1.671173 0.957953 2.050606
v -1.507328 0.385438 2.185930
v -1.507399 0.579712 2.157507
v -1.507328 0.581927 2.141643
v -1.507399 0.387935 2.200092
v -1.507399 0.765546 2.098771
v -1.507328 0.758982 2.080776
v -1.507328 0.937446 2.006708
v -1.507399 0.945553 2.024062
v -1.500963 0.564227 2.145128
v -1.499947 0.385338 2.185361
v -1.494039 0.758785 2.080234
v -1.498069 0.581437 2.141114
v -1.494039 0.937201 2.006185
v -1.636812 0.646657 2.406657
v -1.636812 0.432734 2.454160
v -1.636813 1.054746 2.257802
v -1.636812 0.853952 2.341139
v -1.671669 0.594509 2.212579
v -1.671669 0.397838 2.256251
v -1.671669 0.785087 2.152344
v -1.671670 0.969689 2.075729
v -1.526436 0.580629 2.160923
v -1.526436 0.388550 2.203576
v -1.526436 0.766758 2.102094
v -1.526436 0.947050 2.027267
v -1.344059 0.520328 2.126890
v -1.260810 0.523533 2.046999
v -1.270718 0.488049 2.049481
v -1.353971 0.489875 2.098291
v -1.330575 0.754042 2.067231
v -1.260967 0.801148 1.953135
v -1.330575 0.571000 2.125085
v -1.330576 0.931344 1.993647
v -1.267872 0.458468 2.007829
v -1.303779 0.461061 2.041659
v -1.238480 0.481834 2.021781
v -1.228629 0.792661 1.927905
v -1.230851 0.521768 2.025147
v -1.344713 0.756562 2.074140
v -1.344690 0.573311 2.132358
v -1.344713 0.934456 2.000309
v -1.205497 0.122044 0.692150
v -1.192585 0.236388 0.648067
v -1.192585 0.119788 0.679353
v -1.204606 0.240841 0.660274
v -1.174785 0.235842 0.646569
v -1.174785 0.119511 0.677783
v -1.064397 0.114254 0.647967
v -0.949909 0.099595 0.564833
v -0.904333 0.080424 0.456110
v -0.943191 0.146130 0.401490
v -0.943190 0.073764 0.418336
v -0.941030 0.116762 0.320803
v -0.941030 0.058939 0.334263
v -0.943191 0.146130 0.401490
v -0.941030 0.058939 0.334263
v -0.941030 0.116762 0.320803
v -0.859477 0.049595 0.281268
v -0.863781 0.044432 0.251987
v -1.209975 0.124074 0.703658
v -1.209108 0.193438 0.742869
v -1.213012 0.169580 0.696902
v -1.264922 0.234347 0.720433
v -1.352844 0.237813 0.810819
v -1.334294 0.237771 0.785008
v -1.367735 0.331264 0.838611
v -1.369254 0.230215 0.863335
v -1.380843 0.209340 0.908873
v -1.384472 0.164205 0.931256
v -1.388262 0.293265 0.923838
v -1.231790 0.211912 0.693020
v -1.378922 0.203857 0.903872
v -1.381544 0.163016 0.924509
v -1.367848 0.223284 0.861550
v -1.352399 0.230373 0.812678
v -1.334154 0.230645 0.787220
v -1.264615 0.226957 0.723011
v -1.233765 0.208343 0.697786
v -1.211736 0.172593 0.684013
v -1.214230 0.170739 0.689648
v -1.209657 0.122777 0.696303
v -1.372232 0.203788 0.897664
v -1.376090 0.162175 0.919739
v -1.359939 0.221676 0.856715
v -1.335569 0.227682 0.800034
v -1.259102 0.224917 0.727643
v -1.230397 0.205470 0.703317
v -1.498015 0.241612 2.190108
v -1.498015 0.522020 2.140665
v -1.495555 0.489267 2.119206
v -1.495555 0.265050 2.158742
v -1.424596 0.312513 1.150270
v -1.414812 0.299551 1.033275
v -1.433855 0.312786 1.150768
v -1.405553 0.299459 1.033164
v -1.379552 0.304226 0.924539
v -1.368676 0.345048 0.838886
v -1.388804 0.304140 0.924605
v -1.359416 0.345326 0.838639
v -1.483871 0.387905 1.856517
v -1.493131 0.388004 1.856946
v -1.483910 0.413071 1.947757
v -1.493170 0.413225 1.948335
v -1.486264 0.501102 2.115997
v -1.495523 0.501902 2.117260
v -1.276564 0.236142 0.979756
v -1.334821 0.249679 1.142848
v -1.186465 0.251951 1.159099
v -1.136231 0.237729 0.974887
v -1.209180 0.282703 0.814438
v -1.109739 0.272969 0.839550
v -1.416354 0.352806 1.856233
v -1.306920 0.353985 1.862247
v -1.306561 0.383040 1.968089
v -1.410568 0.380780 1.964135
v -1.267872 0.458468 2.007829
v -1.268199 0.434815 1.943407
v -1.303779 0.461061 2.041659
v -1.099279 0.297097 0.971615
v -1.155446 0.328683 1.165004
v -1.094494 0.328731 1.165331
v -1.004685 0.298176 0.977399
v -0.771533 0.263742 0.716308
v -1.159531 0.265515 0.741130
v -0.901912 0.271560 0.831543
v -1.109739 0.272969 0.839550
v -1.269142 0.418802 1.852663
v -1.227664 0.419348 1.856545
v -1.268199 0.434815 1.943407
v -1.216638 0.432294 1.931765
v -1.099279 0.297097 0.971615
v -1.155446 0.328683 1.165004
v -1.346184 0.298876 1.032448
v -1.377813 0.311270 1.148006
v -1.159531 0.265515 0.741130
v -1.301343 0.305004 0.924635
v -1.267683 0.348068 0.836254
v -1.269142 0.418802 1.852663
v -1.453429 0.387580 1.855106
v -1.449049 0.412490 1.945581
v -1.412555 0.459126 2.039581
v -1.430650 0.450662 2.023146
v -1.488708 0.532257 2.136920
v -1.497991 0.532868 2.137496
v -1.412555 0.459126 2.039581
v -1.500453 0.548018 2.143412
v -1.499924 0.384314 2.179555
v -1.181868 0.448141 1.989651
v -1.124705 0.503039 2.011054
v -1.493170 0.403253 1.950515
v -1.493130 0.379500 1.858316
v -1.433851 0.301842 1.153046
v -1.414837 0.289776 1.034894
v -1.430650 0.450662 2.023146
v -1.449049 0.412490 1.945581
v -1.453429 0.387580 1.855106
v -1.377813 0.311270 1.148006
v -1.346184 0.298876 1.032448
v -1.301343 0.305004 0.924635
v -1.267683 0.348068 0.836254
v -1.433851 0.110726 1.186745
v -1.493130 0.278967 1.876043
v -1.209108 0.072304 0.764228
v -0.943190 0.073764 0.418336
v -1.414837 0.081653 1.071591
v -1.691258 0.213813 2.463639
v -1.694042 0.215466 2.482688
v -1.694042 -0.001736 2.492019
v -1.691258 -0.001723 2.472898
v -1.691258 -0.217243 2.463339
v -1.694042 -0.218923 2.482385
v -1.694042 -0.432735 2.454160
v -1.691258 -0.429414 2.435330
v -1.671173 0.195693 2.254854
v -1.638666 0.195171 2.248839
v -1.671173 -0.001577 2.263328
v -1.638666 -0.001573 2.257292
v -1.638666 -0.198302 2.248565
v -1.671173 -0.198833 2.254579
v -1.638666 -0.391975 2.222998
v -1.671173 -0.393023 2.228944
v -1.507399 0.193160 2.225666
v -1.507328 0.185652 2.211517
v -1.507399 -0.001556 2.234032
v -1.507328 -0.001543 2.214877
v -1.507328 -0.194576 2.206315
v -1.507399 -0.196259 2.225395
v -1.507399 -0.387936 2.200092
v -1.507328 -0.384609 2.181229
v -1.500963 0.203476 2.208738
v -1.494039 -0.001543 2.214301
v -1.498069 0.185932 2.210852
v -1.494039 -0.194526 2.205740
v -1.494039 -0.384509 2.180660
v -1.636812 0.215466 2.482688
v -1.636813 -0.432735 2.454160
v -1.636813 -0.218923 2.482385
v -1.636812 -0.001736 2.492019
v -1.671669 0.198091 2.282479
v -1.671669 -0.001596 2.291057
v -1.671670 -0.201269 2.282201
v -1.671670 -0.397838 2.256251
v -1.526436 0.193466 2.229190
v -1.526436 -0.001559 2.237570
v -1.526436 -0.196570 2.228919
v -1.526436 -0.388550 2.203575
v -1.353971 0.257325 2.139296
v -1.260810 0.208154 2.102609
v -1.344059 0.238490 2.176586
v -1.270718 0.242348 2.092805
v -1.330575 -0.001533 2.200460
v -1.330575 0.190257 2.192220
v -1.260967 -0.084821 2.109355
v -1.330576 -0.193310 2.191953
v -1.261784 -0.367119 2.082035
v -1.330576 -0.382106 2.167030
v -1.303779 0.265033 2.076224
v -1.267872 0.255899 2.043547
v -1.238480 0.238714 2.064651
v -1.230851 0.202339 2.081471
v -1.228629 -0.085476 2.082744
v -1.226412 -0.362913 2.058180
v -1.344690 0.190573 2.199844
v -1.344713 -0.001538 2.207813
v -1.344713 -0.193956 2.199279
v -1.344713 -0.383383 2.174271
v -1.192585 -0.000480 0.689833
v -1.204606 -0.000489 0.702827
v -1.204606 -0.122045 0.692150
v -1.192585 -0.119788 0.679353
v -1.174785 -0.000479 0.688239
v -1.174785 -0.119511 0.677783
v -0.949909 -0.099595 0.564833
v -1.064397 -0.114254 0.647967
v -0.904333 -0.080424 0.456110
v -0.943191 -0.000000 0.427257
v -0.941030 -0.000000 0.341391
v -0.943191 -0.000000 0.427257
v -0.941030 -0.000000 0.341391
v -0.863781 -0.044432 0.251987
v -0.859477 -0.049595 0.281268
v -1.213012 0.079001 0.712873
v -1.264922 0.026188 0.757136
v -1.338304 -0.142427 0.807745
v -1.334294 0.045056 0.818989
v -1.350556 -0.145613 0.825815
v -1.352844 0.053845 0.843257
v -1.367735 -0.024465 0.901335
v -1.356297 -0.150760 0.855000
v -1.369254 0.078946 0.890008
v -1.380843 0.114137 0.925660
v -1.388262 0.040392 0.968426
v -1.231790 0.037894 0.723704
v -1.378922 0.117579 0.919085
v -1.367848 0.084848 0.885960
v -1.352399 0.061472 0.842460
v -1.334154 0.052510 0.818630
v -1.264615 0.034014 0.757032
v -1.233765 0.042878 0.726962
v -1.211736 0.071761 0.701792
v -1.214230 0.075431 0.706453
v -1.372232 0.115520 0.913228
v -1.359939 0.084706 0.880867
v -1.335569 0.059676 0.829658
v -1.259102 0.037515 0.760687
v -1.230397 0.047469 0.731177
v -1.493170 0.288181 1.970806
v -1.405553 0.071963 1.073278
v -1.424596 0.099749 1.187786
v -1.414812 0.071915 1.073413
v -1.433855 0.099663 1.188347
v -1.359416 -0.037669 0.906172
v -1.379552 0.030331 0.972834
v -1.368676 -0.037324 0.906308
v -1.388804 0.030435 0.972867
v -1.348781 -0.152314 0.863816
v -1.358040 -0.152322 0.863860
v -1.483871 0.270454 1.877227
v -1.493131 0.270508 1.877664
v -1.483910 0.278012 1.971572
v -1.493170 0.278065 1.972167
v -1.486264 0.252832 2.159774
v -1.495523 0.252511 2.161235
v -1.136231 0.110039 0.997402
v -1.186465 0.159678 1.175369
v -1.276564 0.113195 1.001435
v -1.334821 0.156255 1.159322
v -1.209180 0.012900 0.862011
v -1.109739 0.030635 0.882280
v -1.306920 0.304289 1.871010
v -1.416354 0.303340 1.864955
v -1.410568 0.313957 1.975918
v -1.306561 0.313186 1.980406
v -1.303779 0.265033 2.076224
v -1.267872 0.255899 2.043547
v -1.268199 0.256091 1.974921
v -1.004685 0.054096 1.020437
v -1.094494 0.089660 1.207486
v -1.099279 0.053132 1.014633
v -1.155446 0.089593 1.207162
v -1.159531 0.003979 0.787246
v -0.771533 -0.002845 0.763315
v -0.901912 0.029221 0.874273
v -1.109739 0.030635 0.882280
v -1.165596 -0.130007 0.737306
v -0.727383 -0.127752 0.724520
v -1.227664 0.240918 1.888007
v -1.269142 0.240102 1.884172
v -1.268199 0.256091 1.974921
v -1.216638 0.254479 1.963118
v -1.099279 0.053132 1.014633
v -1.155446 0.089593 1.207162
v -1.346184 0.072266 1.072405
v -1.377813 0.100143 1.185233
v -1.159531 0.003979 0.787246
v -1.301343 0.029634 0.973191
v -1.267683 -0.041062 0.904868
v -1.250524 -0.152231 0.863346
v -1.165596 -0.130007 0.737306
v -1.269142 0.240102 1.884172
v -1.453429 0.270277 1.875790
v -1.449049 0.277814 1.969329
v -1.430650 0.268472 2.055271
v -1.412555 0.266140 2.073611
v -1.488708 0.230711 2.190091
v -1.497991 0.230334 2.190841
v -1.412555 0.266140 2.073611
v -1.500453 0.218122 2.201583
v -1.181868 0.259386 2.022934
v -1.124705 0.215119 2.061821
v -1.430650 0.268472 2.055271
v -1.449049 0.277814 1.969329
v -1.453429 0.270277 1.875790
v -1.377813 0.100143 1.185233
v -1.346184 0.072266 1.072405
v -1.301343 0.029634 0.973191
v -1.267683 -0.041062 0.904868
v -1.250524 -0.152231 0.863346
v -0.943191 -0.073764 0.418336
v -0.941030 -0.058940 0.334263
v -0.943191 -0.073764 0.418336
v -0.941030 -0.058940 0.334263
v -1.694042 -2.341732 0.852322
v -1.691258 -2.240479 1.046652
v -1.691258 -2.323764 0.845782
v -1.694042 -2.257804 1.054745
v -1.694042 -2.157283 1.247514
v -1.691258 -2.140731 1.237942
v -1.694042 -2.040347 1.430787
v -1.691258 -2.024691 1.419808
v -1.691258 -1.894350 1.589548
v -1.694042 -1.908997 1.601840
v -1.638666 -2.045136 0.955397
v -1.671173 -2.126832 0.774105
v -1.671173 -2.050606 0.957952
v -1.638666 -2.121159 0.772040
v -1.638666 -1.954085 1.130008
v -1.671173 -1.959311 1.133030
v -1.638666 -1.848163 1.296019
v -1.671173 -1.853106 1.299485
v -1.638666 -1.729186 1.450960
v -1.671173 -1.733810 1.454840
v -1.507328 -2.085789 0.759166
v -1.507399 -2.024064 0.945552
v -1.507328 -2.008056 0.944980
v -1.507399 -2.099303 0.764085
v -1.507399 -1.933950 1.118365
v -1.507328 -1.917369 1.108776
v -1.507328 -1.813437 1.271665
v -1.507399 -1.829118 1.282664
v -1.507328 -1.696694 1.423696
v -1.507399 -1.711368 1.436009
v -1.500963 -2.014560 0.928154
v -1.499947 -2.085248 0.758969
v -1.494039 -1.916869 1.108487
v -1.498069 -2.007620 0.944405
v -1.494039 -1.812964 1.271335
v -1.494039 -1.696253 1.423325
v -1.636812 -2.257804 1.054745
v -1.636812 -2.341732 0.852322
v -1.636813 -2.040347 1.430787
v -1.636813 -1.908997 1.601840
v -1.636812 -2.157283 1.247514
v -1.671669 -2.075729 0.969688
v -1.671669 -2.152889 0.783589
v -1.671669 -1.983316 1.146912
v -1.671670 -1.875809 1.315405
v -1.671670 -1.755051 1.472663
v -1.526436 -2.027267 0.947049
v -1.526436 -2.102627 0.765294
v -1.526436 -1.937012 1.120135
v -1.526436 -1.832015 1.284694
v -1.526436 -1.714077 1.438282
v -1.344059 -2.004223 0.881755
v -1.260810 -1.924990 0.871038
v -1.270718 -1.933596 0.836524
v -1.353971 -1.981347 0.846798
v -1.330575 -1.904888 1.101558
v -1.260967 -1.784344 1.128136
v -1.330575 -1.993647 0.931343
v -1.330576 -1.801632 1.263389
v -1.261784 -1.619536 1.358952
v -1.330576 -1.685650 1.414428
v -1.238480 -1.907397 0.825594
v -1.267872 -1.897712 0.800160
v -1.303779 -1.930578 0.808588
v -1.228629 -1.760971 1.115397
v -1.230851 -1.903776 0.865505
v -1.226412 -1.600979 1.343382
v -1.344713 -1.911253 1.105239
v -1.344690 -2.000407 0.934882
v -1.344713 -1.807653 1.267610
v -1.344713 -1.691283 1.419155
v -1.192585 -0.597172 0.345333
v -1.192585 -0.648230 0.235937
v -1.205497 -0.660441 0.240382
v -1.204606 -0.608421 0.351838
v -1.204606 -0.538396 0.451769
v -1.192585 -0.528442 0.443416
v -1.174785 -0.595792 0.344535
v -1.174785 -0.646732 0.235392
v -1.174785 -0.527221 0.442392
v -1.064397 -0.504028 0.422931
v -0.949909 -0.439362 0.368669
v -1.064397 -0.618282 0.225037
v -0.949908 -0.538957 0.196165
v -0.904333 -0.354790 0.297705
v -0.904333 -0.435214 0.158406
v -0.943190 -0.370015 0.213629
v -0.941030 -0.318950 0.116089
v -0.943190 -0.399171 0.145287
v -0.941030 -0.295653 0.170696
v -0.943190 -0.370015 0.213629
v -0.941030 -0.318950 0.116089
v -0.941030 -0.295653 0.170696
v -0.859477 -0.268382 0.097684
v -0.863781 -0.196011 0.164473
v -0.863781 -0.240443 0.087515
v -0.859477 -0.218787 0.183585
v -1.209975 -0.671421 0.244378
v -1.209108 -0.697992 0.319498
v -1.213012 -0.656866 0.288020
v -1.338303 -0.628314 0.527218
v -1.264922 -0.668793 0.355889
v -1.352843 -0.757204 0.374999
v -1.350556 -0.642370 0.539013
v -1.334294 -0.731793 0.370475
v -1.367735 -0.768346 0.471855
v -1.356297 -0.665072 0.558062
v -1.369254 -0.810242 0.376635
v -1.380843 -0.858713 0.363985
v -1.384472 -0.888593 0.323422
v -1.388262 -0.858877 0.449233
v -1.231790 -0.645693 0.329036
v -1.378922 -0.854740 0.357716
v -1.381544 -0.882156 0.321079
v -1.367848 -0.809687 0.369499
v -1.352399 -0.760328 0.367994
v -1.334154 -0.735209 0.363841
v -1.264615 -0.672615 0.349060
v -1.233766 -0.651006 0.326348
v -1.214230 -0.649521 0.287902
v -1.211736 -0.643650 0.288749
v -1.209657 -0.664404 0.241824
v -1.376089 -0.877605 0.319423
v -1.372232 -0.848638 0.356571
v -1.359939 -0.805205 0.367076
v -1.335569 -0.748342 0.363148
v -1.259102 -0.677531 0.347855
v -1.230397 -0.656952 0.324479
v -1.495555 -2.079920 0.635886
v -1.498015 -2.017495 0.885813
v -1.495555 -2.002050 0.849831
v -1.498015 -2.114880 0.618250
v -1.424596 -1.078527 0.507508
v -1.405552 -0.965467 0.474318
v -1.414812 -0.965561 0.474427
v -1.433854 -1.078970 0.507864
v -1.379552 -0.857664 0.460150
v -1.359416 -0.765933 0.485709
v -1.368675 -0.766223 0.485478
v -1.388804 -0.857745 0.460076
v -1.348781 -0.671929 0.563816
v -1.358040 -0.671964 0.563845
v -1.483871 -1.760953 0.704394
v -1.493131 -1.761359 0.704566
v -1.483910 -1.846436 0.745021
v -1.493170 -1.846979 0.745273
v -1.486264 -1.996834 0.860929
v -1.495523 -1.997939 0.861937
v -1.276564 -0.923866 0.402688
v -1.186465 -1.097738 0.449400
v -1.136231 -0.918795 0.403405
v -1.334821 -1.082129 0.444341
v -1.209180 -0.752973 0.419834
v -1.109739 -0.779394 0.414609
v -1.306920 -1.772486 0.671983
v -1.416354 -1.766768 0.669778
v -1.410568 -1.868174 0.716065
v -1.306561 -1.871674 0.718977
v -1.303779 -1.930578 0.808588
v -1.267872 -1.897712 0.800160
v -1.268199 -1.838377 0.765679
v -1.099279 -0.905263 0.461303
v -1.094494 -1.090543 0.526095
v -1.004685 -0.910772 0.463371
v -1.155446 -1.090229 0.525991
v -0.771533 -0.659627 0.384122
v -1.159531 -0.683764 0.390178
v -0.901912 -0.771753 0.411831
v -1.109739 -0.779394 0.414609
v -0.727383 -0.563576 0.472897
v -1.165596 -0.573522 0.481242
v -1.227663 -1.755521 0.735363
v -1.269142 -1.751793 0.734152
v -1.268199 -1.838377 0.765679
v -1.216638 -1.827350 0.761175
v -1.099279 -0.905263 0.461303
v -1.155446 -1.090229 0.525991
v -1.346184 -0.964863 0.473619
v -1.377813 -1.076513 0.505891
v -1.159531 -0.683764 0.390178
v -1.301343 -0.857624 0.460932
v -1.267682 -0.763108 0.487995
v -1.250524 -0.671564 0.563510
v -1.165596 -0.573522 0.481242
v -1.269142 -1.751793 0.734152
v -1.453430 -1.759620 0.703829
v -1.449049 -1.844395 0.744071
v -1.412555 -1.928869 0.806322
v -1.430650 -1.914152 0.795132
v -1.488708 -2.012029 0.895244
v -1.497991 -2.012490 0.895946
v -1.412555 -1.928869 0.806322
v -1.500453 -2.015687 0.911893
v -1.499924 -2.079708 0.756952
v -1.181868 -1.881605 0.786833
v -1.124705 -1.893148 0.844613
v -1.493170 -1.850858 0.735831
v -1.493131 -1.764184 0.696429
v -1.433851 -1.083114 0.497481
v -1.414837 -0.968852 0.465082
v -1.430650 -1.914152 0.795132
v -1.449049 -1.844395 0.744071
v -1.453430 -1.759620 0.703829
v -1.377813 -1.076513 0.505891
v -1.346184 -0.964863 0.473619
v -1.301343 -0.857624 0.460932
v -1.267682 -0.763108 0.487995
v -1.250524 -0.671564 0.563510
v -1.433851 -1.149488 0.315121
v -1.493130 -1.799098 0.600501
v -1.209108 -0.740062 0.203913
v -0.943190 -0.399171 0.145287
v -0.943191 -0.325407 0.273050
v -0.941030 -0.260010 0.218175
v -0.943191 -0.325407 0.273050
v -0.941030 -0.260010 0.218175
v -1.414837 -1.041131 0.266494
v -1.691257 -2.389081 0.638372
v -1.694042 -2.407555 0.643308
v -1.694042 -2.454461 0.431026
v -1.691258 -2.435628 0.427719
v -1.694042 -2.482687 0.215466
v -1.691258 -2.463638 0.213812
v -1.694042 -2.492018 0.000001
v -1.691258 -2.472898 0.000001
v -1.671173 -2.186615 0.584272
v -1.638666 -2.180782 0.582714
v -1.671173 -2.229217 0.391471
v -1.638666 -2.223271 0.390427
v -1.671173 -2.254853 0.195692
v -1.638666 -2.248839 0.195171
v -1.671173 -2.263329 0.000001
v -1.638666 -2.257291 0.000001
v -1.507399 -2.158312 0.576709
v -1.507328 -2.145681 0.566858
v -1.507399 -2.200362 0.386404
v -1.507328 -2.181496 0.383091
v -1.507328 -2.206584 0.191503
v -1.507399 -2.225666 0.193159
v -1.507399 -2.234032 0.000001
v -1.507328 -2.214876 0.000001
v -1.500963 -2.139848 0.583929
v -1.498069 -2.144977 0.567019
v -1.494039 -2.180928 0.382991
v -1.494039 -2.206008 0.191453
v -1.494039 -2.214300 0.000001
v -1.636812 -2.407555 0.643308
v -1.636812 -2.492018 0.000001
v -1.636812 -2.482687 0.215466
v -1.636812 -2.454461 0.431026
v -1.671669 -2.213404 0.591430
v -1.671669 -2.256528 0.396267
v -1.671669 -2.282479 0.198090
v -1.671669 -2.291058 0.000001
v -1.526436 -2.161728 0.577622
v -1.526436 -2.203846 0.387016
v -1.526436 -2.229190 0.193465
v -1.526436 -2.237569 0.000001
v -1.353971 -2.062111 0.624902
v -1.260810 -2.034519 0.570107
v -1.344059 -2.102105 0.612828
v -1.270718 -2.018927 0.602079
v -1.330575 -2.167296 0.380597
v -1.330575 -2.125877 0.568043
v -1.260967 -2.092038 0.282754
v -1.330575 -2.192220 0.190257
v -1.261784 -2.114153 0.000001
v -1.330576 -2.200459 0.000001
v -1.303778 -1.998659 0.621540
v -1.267872 -1.968065 0.606870
v -1.238480 -1.991831 0.593611
v -1.230851 -2.014712 0.560710
v -1.228629 -2.065945 0.277488
v -1.226412 -2.089930 0.000001
v -1.344690 -2.133331 0.569678
v -1.344712 -2.174538 0.381869
v -1.344713 -2.199546 0.190892
v -1.344713 -2.207812 0.000001
v -1.204606 -0.692234 0.121564
v -1.192585 -0.679436 0.119316
v -1.204606 -0.702826 0.000001
v -1.192585 -0.689832 0.000001
v -1.174785 -0.677866 0.119040
v -1.174785 -0.688238 0.000001
v -1.064397 -0.657963 0.000001
v -0.949909 -0.573546 0.000001
v -0.904333 -0.463145 0.000001
v -0.943190 -0.420765 0.074193
v -0.941030 -0.336204 0.059283
v -0.943190 -0.420765 0.074193
v -0.941030 -0.336204 0.059283
v -0.863781 -0.255874 0.000001
v -0.859477 -0.285606 0.000001
v -1.213012 -0.688324 0.201591
v -1.338303 -0.820205 0.000001
v -1.264922 -0.741086 0.157267
v -1.334294 -0.798722 0.186589
v -1.350556 -0.838554 0.000001
v -1.352843 -0.821096 0.199458
v -1.356297 -0.868189 0.000001
v -1.367735 -0.891890 0.132423
v -1.369254 -0.862778 0.232296
v -1.380843 -0.891777 0.273143
v -1.388262 -0.946699 0.207945
v -1.231790 -0.706129 0.162989
v -1.378922 -0.884704 0.275392
v -1.367848 -0.857765 0.237406
v -1.352399 -0.818986 0.206831
v -1.334154 -0.797075 0.193866
v -1.264615 -0.739624 0.164955
v -1.233765 -0.708472 0.168463
v -1.211736 -0.678668 0.192537
v -1.214230 -0.682621 0.196960
v -1.372232 -0.879294 0.272346
v -1.359939 -0.852775 0.236381
v -1.335569 -0.806690 0.202839
v -1.259102 -0.742615 0.169038
v -1.230397 -0.711825 0.173716
v -1.493170 -1.890822 0.626031
v -1.405552 -1.044476 0.257243
v -1.424596 -1.152419 0.304492
v -1.414812 -1.044618 0.257220
v -1.433854 -1.152987 0.304504
v -1.359416 -0.898946 0.120259
v -1.379552 -0.952787 0.198802
v -1.368675 -0.899020 0.120623
v -1.388804 -0.952801 0.198910
v -1.348781 -0.877141 0.000001
v -1.358040 -0.877186 0.000001
v -1.483871 -1.801744 0.592323
v -1.493131 -1.802165 0.592452
v -1.483910 -1.893342 0.616150
v -1.493170 -1.893920 0.616305
v -1.486264 -2.083058 0.624032
v -1.495523 -2.084552 0.623970
v -1.136231 -0.963141 0.281565
v -1.186465 -1.129784 0.361354
v -1.276564 -0.966564 0.285374
v -1.334821 -1.114575 0.355196
v -1.209180 -0.846675 0.162391
v -1.109739 -0.863555 0.183377
v -1.306920 -1.789745 0.624564
v -1.416354 -1.783947 0.622578
v -1.410568 -1.891381 0.652303
v -1.306561 -1.895934 0.652322
v -1.303778 -1.998659 0.621540
v -1.267872 -1.968065 0.606870
v -1.268199 -1.900447 0.595143
v -1.004685 -0.995540 0.230472
v -1.094494 -1.173571 0.297977
v -1.099279 -0.989991 0.228514
v -1.155446 -1.173264 0.297855
v -1.159531 -0.774594 0.140623
v -0.771533 -0.752212 0.129747
v -0.901912 -0.855916 0.180594
v -1.109739 -0.863555 0.183377
v -1.165596 -0.748679 0.000001
v -0.727383 -0.735696 0.000001
v -1.227663 -1.817489 0.565108
v -1.269142 -1.813854 0.563639
v -1.268199 -1.900447 0.595143
v -1.216638 -1.889104 0.591506
v -1.099279 -0.989991 0.228514
v -1.155446 -1.173264 0.297855
v -1.346184 -1.043563 0.257390
v -1.377813 -1.149837 0.304436
v -1.159531 -0.774594 0.140623
v -1.301343 -0.953259 0.198177
v -1.267682 -0.898251 0.116692
v -1.250524 -0.876664 0.000001
v -1.165596 -0.748679 0.000001
v -1.269142 -1.813854 0.563639
v -1.453429 -1.800359 0.591899
v -1.449049 -1.891168 0.615565
v -1.430649 -1.977426 0.621288
v -1.412555 -1.995893 0.622176
v -1.488708 -2.116756 0.607512
v -1.497990 -2.117559 0.607271
v -1.412555 -1.995893 0.622176
v -1.500453 -2.130259 0.597110
v -1.181868 -1.947159 0.606725
v -1.124705 -1.993142 0.569883
v -1.430649 -1.977426 0.621288
v -1.449049 -1.891168 0.615565
v -1.453429 -1.800359 0.591899
v -1.377813 -1.149837 0.304436
v -1.346184 -1.043563 0.257390
v -1.301343 -0.953259 0.198177
v -1.267682 -0.898251 0.116692
v -1.250524 -0.876664 0.000001
v -0.943191 -0.424789 0.000001
v -0.941030 -0.339419 0.000001
v -0.943191 -0.424789 0.000001
v -0.941030 -0.339419 0.000001
v -1.691258 -1.043532 2.241934
v -1.694042 -1.246010 2.158152
v -1.694042 -1.051601 2.259270
v -1.691258 -1.236449 2.141593
v -1.691258 -0.844162 2.324353
v -1.694042 -0.850690 2.342326
v -1.691258 -0.638369 2.389082
v -1.694042 -0.643305 2.407556
v -1.638666 -0.952549 2.046465
v -1.638666 -1.128646 1.954872
v -1.671173 -0.955097 2.051939
v -1.671173 -1.131664 1.960100
v -1.638666 -0.770562 2.121698
v -1.671173 -0.772622 2.127373
v -1.638666 -0.582711 2.180784
v -1.671173 -0.584270 2.186615
v -1.507399 -0.942734 2.025378
v -1.507328 -1.109825 1.922274
v -1.507399 -1.117017 1.934729
v -1.507328 -0.930839 2.014650
v -1.507399 -0.762622 2.099836
v -1.507328 -0.756083 2.081832
v -1.507328 -0.571762 2.139807
v -1.507399 -0.576707 2.158313
v -1.500963 -0.946638 2.005942
v -1.499947 -1.109537 1.921775
v -1.494039 -0.755886 2.081289
v -1.498069 -0.930875 2.013930
v -1.494039 -0.571613 2.139249
v -1.636812 -1.051601 2.259270
v -1.636812 -1.246010 2.158152
v -1.636813 -0.643305 2.407556
v -1.636812 -0.850690 2.342326
v -1.671669 -0.966798 2.077078
v -1.671669 -1.145528 1.984114
v -1.671669 -0.782088 2.153436
v -1.671670 -0.591428 2.213405
v -1.526436 -1.118785 1.937791
v -1.526436 -0.944226 2.028585
v -1.526436 -0.763829 2.103160
v -1.526436 -0.577620 2.161729
v -1.260810 -0.914736 1.904613
v -1.353971 -0.973489 1.922271
v -1.344059 -0.968544 1.963753
v -1.270718 -0.943514 1.883706
v -1.330575 -0.751161 2.068280
v -1.260967 -0.641736 2.011156
v -1.330575 -0.928567 1.994941
v -1.330576 -0.568040 2.125878
v -1.267872 -0.939401 1.832784
v -1.303778 -0.959160 1.860366
v -1.238480 -0.930470 1.858493
v -1.230851 -0.902042 1.886739
v -1.228629 -0.632019 1.986373
v -1.344690 -0.931471 2.001998
v -1.344713 -0.753672 2.075192
v -1.344713 -0.569939 2.132982
v -1.192585 -0.235485 0.648395
v -1.205497 -0.351413 0.608666
v -1.204606 -0.239921 0.660609
v -1.192585 -0.344916 0.597413
v -1.174785 -0.234941 0.646897
v -1.174785 -0.344119 0.596032
v -0.949909 -0.286773 0.496706
v -1.064397 -0.328981 0.569813
v -0.904333 -0.231573 0.401096
v -0.943191 -0.146130 0.401490
v -0.941030 -0.116763 0.320803
v -0.943190 -0.212394 0.367878
v -0.943191 -0.146130 0.401490
v -0.941030 -0.169710 0.293946
v -0.941030 -0.169710 0.293946
v -0.941030 -0.116763 0.320803
v -0.859477 -0.142803 0.247343
v -0.863781 -0.127937 0.221594
v -1.209975 -0.357256 0.618786
v -1.209108 -0.329325 0.693410
v -1.213012 -0.318054 0.642862
v -1.264922 -0.283565 0.702519
v -1.334294 -0.322450 0.754187
v -1.352844 -0.339008 0.773987
v -1.367735 -0.285285 0.855345
v -1.369254 -0.378586 0.809333
v -1.380843 -0.423848 0.830799
v -1.384472 -0.472811 0.818933
v -1.388262 -0.369178 0.896208
v -1.231790 -0.283130 0.667099
v -1.378922 -0.424834 0.823443
v -1.381544 -0.469385 0.813000
v -1.367848 -0.382747 0.803510
v -1.352399 -0.345903 0.770629
v -1.334154 -0.329331 0.751301
v -1.264615 -0.290883 0.699744
v -1.233765 -0.288928 0.668456
v -1.214230 -0.312503 0.638050
v -1.211736 -0.307461 0.634925
v -1.209657 -0.353522 0.612319
v -1.372232 -0.420896 0.818643
v -1.376090 -0.466964 0.808805
v -1.359939 -0.380872 0.798773
v -1.335569 -0.339837 0.759212
v -1.259102 -0.295423 0.701981
v -1.230397 -0.294684 0.670846
v -1.498015 -0.976102 1.975393
v -1.495555 -1.184572 1.824064
v -1.498015 -1.222689 1.833026
v -1.495555 -0.987399 1.937901
v -1.424596 -0.499980 1.082037
v -1.414812 -0.434707 0.984083
v -1.433855 -0.500091 1.082595
v -1.405553 -0.434705 0.983939
v -1.379552 -0.361231 0.903791
v -1.359416 -0.274532 0.864407
v -1.368676 -0.274903 0.864417
v -1.388804 -0.361340 0.903786
v -1.483871 -0.896193 1.671516
v -1.493131 -0.896394 1.671908
v -1.483910 -0.935564 1.757586
v -1.493170 -0.935817 1.758127
v -1.486264 -0.976270 1.943050
v -1.495523 -0.976469 1.944532
v -1.334821 -0.543343 1.035963
v -1.186465 -0.552049 1.049873
v -1.276564 -0.448879 0.902326
v -1.136231 -0.444534 0.899616
v -1.209180 -0.306947 0.805614
v -1.109739 -0.330545 0.818594
v -1.416354 -0.922898 1.648736
v -1.306920 -0.925861 1.654101
v -1.306561 -0.971637 1.753857
v -1.410567 -0.970827 1.749377
v -1.303778 -0.959160 1.860366
v -1.267872 -0.939401 1.832784
v -1.268199 -0.916110 1.768230
v -1.099279 -0.396952 0.935271
v -1.155446 -0.497064 1.103719
v -1.094494 -0.497238 1.103999
v -1.004685 -0.399843 0.940396
v -0.771533 -0.258395 0.718255
v -1.159531 -0.272993 0.738409
v -0.901912 -0.326478 0.811554
v -1.109739 -0.330545 0.818594
v -1.269142 -0.870048 1.688424
v -1.227664 -0.872125 1.691748
v -1.268199 -0.916110 1.768230
v -1.216638 -0.910558 1.757691
v -1.099279 -0.396952 0.935271
v -1.155446 -0.497064 1.103719
v -1.346184 -0.434692 0.983015
v -1.377813 -0.499477 1.079505
v -1.159531 -0.272993 0.738409
v -1.301343 -0.360697 0.904365
v -1.267683 -0.270898 0.864342
v -1.269142 -0.870048 1.688424
v -1.453429 -0.895535 1.670227
v -1.449049 -0.934610 1.755546
v -1.412555 -0.959307 1.857532
v -1.430649 -0.955225 1.839500
v -1.488708 -0.965853 1.979105
v -1.497991 -0.965755 1.979938
v -1.412555 -0.959307 1.857532
v -1.500453 -0.957953 1.994209
v -1.499923 -1.106590 1.916670
v -1.181869 -0.935627 1.812221
v -1.124705 -0.907330 1.863903
v -1.493170 -0.944857 1.753388
v -1.493130 -0.903788 1.667491
v -1.433851 -0.509940 1.077305
v -1.414837 -0.443235 0.979039
v -1.430649 -0.955225 1.839500
v -1.449049 -0.934610 1.755546
v -1.453429 -0.895535 1.670227
v -1.377813 -0.499477 1.079505
v -1.346184 -0.434692 0.983015
v -1.301343 -0.360697 0.904365
v -1.267683 -0.270898 0.864342
v -1.433851 -0.678003 0.980273
v -1.493130 -0.992195 1.616449
v -1.209108 -0.435848 0.631909
v -0.943190 -0.212394 0.367878
v -1.414837 -0.626255 0.873373
v -1.694042 -1.430784 2.040348
v -1.691258 -1.419805 2.024692
v -1.694042 -1.603169 1.907882
v -1.691258 -1.590868 1.893243
v -1.694042 -1.763351 1.760897
v -1.691258 -1.749822 1.747385
v -1.638666 -1.296016 1.848165
v -1.671173 -1.299482 1.853108
v -1.638666 -1.452164 1.728175
v -1.671173 -1.456047 1.732797
v -1.638666 -1.597259 1.595035
v -1.671173 -1.601530 1.599301
v -1.507399 -1.282661 1.829120
v -1.507328 -1.279318 1.813455
v -1.507399 -1.437201 1.710368
v -1.507328 -1.424877 1.695703
v -1.507399 -1.580800 1.578599
v -1.507328 -1.567245 1.565064
v -1.500963 -1.263877 1.822784
v -1.494039 -1.424506 1.695262
v -1.498069 -1.278676 1.813126
v -1.494039 -1.566838 1.564656
v -1.636813 -1.430784 2.040348
v -1.636813 -1.763351 1.760897
v -1.636812 -1.603169 1.907882
v -1.671669 -1.315403 1.875811
v -1.671669 -1.473886 1.754027
v -1.671670 -1.621151 1.618895
v -1.526436 -1.284692 1.832016
v -1.526436 -1.439476 1.713076
v -1.526436 -1.583302 1.581099
v -1.353971 -1.177991 1.804202
v -1.270718 -1.159580 1.758961
v -1.344059 -1.216388 1.820660
v -1.260810 -1.192075 1.744491
v -1.330575 -1.415602 1.684665
v -1.330575 -1.263386 1.801633
v -1.260967 -1.420844 1.561339
v -1.330576 -1.557045 1.554877
v -1.303778 -1.131544 1.760840
v -1.267872 -1.117537 1.729937
v -1.238480 -1.144266 1.735057
v -1.230851 -1.182943 1.724560
v -1.228629 -1.404240 1.540532
v -1.344690 -1.268045 1.807677
v -1.344713 -1.420333 1.690295
v -1.344713 -1.562247 1.560073
v -1.192585 -0.443784 0.528134
v -1.204606 -0.452143 0.538083
v -1.174785 -0.442758 0.526914
v -0.943191 -0.274635 0.327298
v -0.943191 -0.274635 0.327298
v -0.941030 -0.219442 0.261521
v -0.941030 -0.219442 0.261521
v -1.213012 -0.397708 0.596874
v -1.264922 -0.466616 0.596834
v -1.334294 -0.491920 0.656344
v -1.352844 -0.500788 0.680583
v -1.367735 -0.598108 0.674737
v -1.369254 -0.511609 0.732532
v -1.380843 -0.507568 0.782463
v -1.388262 -0.591550 0.767821
v -1.231790 -0.436159 0.578748
v -1.378922 -0.500705 0.779639
v -1.367848 -0.504486 0.733224
v -1.352399 -0.494432 0.684876
v -1.334154 -0.485980 0.660860
v -1.264615 -0.460554 0.601784
v -1.233765 -0.434435 0.584447
v -1.211736 -0.396130 0.583732
v -1.214230 -0.396315 0.589661
v -1.372232 -0.498518 0.773828
v -1.359939 -0.501321 0.729231
v -1.335569 -0.487578 0.673914
v -1.259102 -0.460222 0.606834
v -1.230397 -0.433627 0.590627
v -1.493170 -1.046049 1.694965
v -1.405553 -0.634763 0.868436
v -1.424596 -0.687081 0.974014
v -1.414812 -0.634887 0.868509
v -1.433855 -0.687509 0.974389
v -1.359416 -0.611332 0.669955
v -1.379552 -0.602090 0.764731
v -1.368676 -0.611155 0.670281
v -1.388804 -0.602032 0.764823
v -1.483871 -0.999478 1.611885
v -1.493131 -0.999718 1.612255
v -1.483910 -1.054332 1.689015
v -1.493170 -1.054674 1.689505
v -1.486264 -1.194596 1.817000
v -1.495523 -1.195780 1.817913
v -1.136231 -0.556823 0.834787
v -1.186465 -0.633192 1.003025
v -1.276564 -0.556997 0.839905
v -1.334821 -0.625499 0.988531
v -1.209180 -0.544208 0.668631
v -1.109739 -0.543650 0.695558
v -1.306920 -0.969563 1.628870
v -1.416354 -0.966398 1.623621
v -1.410567 -1.029591 1.715449
v -1.306561 -1.033066 1.718391
v -1.303778 -1.131544 1.760840
v -1.267872 -1.117537 1.729937
v -1.268199 -1.073277 1.677490
v -1.004685 -0.614484 0.816473
v -1.094494 -0.707473 0.982621
v -1.099279 -0.611492 0.811406
v -1.155446 -0.707316 0.982329
v -1.159531 -0.502984 0.605623
v -0.771533 -0.492829 0.582905
v -0.901912 -0.539587 0.688516
v -1.109739 -0.543650 0.695558
v -1.227664 -1.029034 1.601157
v -1.269142 -1.027194 1.597695
v -1.268199 -1.073277 1.677490
v -1.216638 -1.066926 1.667413
v -1.099279 -0.611492 0.811406
v -1.155446 -0.707316 0.982329
v -1.377813 -0.685140 0.972313
v -1.346184 -0.633969 0.867962
v -1.159531 -0.502984 0.605623
v -1.301343 -0.602854 0.764556
v -1.267683 -0.613093 0.666776
v -1.269142 -1.027194 1.597695
v -1.453429 -0.998690 1.610669
v -1.449049 -1.053043 1.687169
v -1.430649 -1.115441 1.746999
v -1.412555 -1.129016 1.759549
v -1.488708 -1.231029 1.826006
v -1.497990 -1.231799 1.826337
v -1.412555 -1.129016 1.759549
v -1.500453 -1.248059 1.826716
v -1.181869 -1.101616 1.716388
v -1.124705 -1.160522 1.717723
v -1.430649 -1.115441 1.746999
v -1.449049 -1.053043 1.687169
v -1.453429 -0.998690 1.610669
v -1.377813 -0.685140 0.972313
v -1.346184 -0.633969 0.867962
v -1.301343 -0.602854 0.764556
v -1.267683 -0.613093 0.666776
v -1.691257 -2.389082 -0.638369
v -1.694042 -2.341732 -0.852319
v -1.694042 -2.407555 -0.643305
v -1.691257 -2.323764 -0.845779
v -1.694042 -2.454461 -0.431023
v -1.691258 -2.435629 -0.427716
v -1.694042 -2.482687 -0.215463
v -1.691258 -2.463638 -0.213810
v -1.638666 -2.180783 -0.582711
v -1.638666 -2.121160 -0.772037
v -1.671173 -2.186615 -0.584270
v -1.671173 -2.126832 -0.774102
v -1.638666 -2.223271 -0.390424
v -1.671173 -2.229217 -0.391469
v -1.638666 -2.248839 -0.195168
v -1.671173 -2.254853 -0.195690
v -1.507327 -2.085790 -0.759164
v -1.507399 -2.158312 -0.576707
v -1.507328 -2.145681 -0.566856
v -1.507399 -2.099303 -0.764082
v -1.507399 -2.200362 -0.386401
v -1.507328 -2.181496 -0.383088
v -1.507328 -2.206583 -0.191501
v -1.507399 -2.225666 -0.193157
v -1.500963 -2.139848 -0.583927
v -1.499946 -2.085248 -0.758966
v -1.494039 -2.180928 -0.382988
v -1.498069 -2.144977 -0.567016
v -1.494039 -2.206008 -0.191451
v -1.636812 -2.407555 -0.643305
v -1.636812 -2.341732 -0.852319
v -1.636812 -2.482687 -0.215463
v -1.636812 -2.454461 -0.431023
v -1.671669 -2.213404 -0.591428
v -1.671669 -2.152890 -0.783586
v -1.671669 -2.256528 -0.396265
v -1.671669 -2.282478 -0.198087
v -1.526435 -2.102627 -0.765292
v -1.526436 -2.161728 -0.577620
v -1.526436 -2.203846 -0.387013
v -1.526436 -2.229190 -0.193463
v -1.353971 -2.062111 -0.624899
v -1.260809 -2.034519 -0.570105
v -1.270718 -2.018927 -0.602076
v -1.344059 -2.102105 -0.612826
v -1.330575 -2.167296 -0.380595
v -1.260967 -2.092038 -0.282751
v -1.330575 -2.125877 -0.568040
v -1.330575 -2.192219 -0.190254
v -1.267872 -1.968065 -0.606868
v -1.238480 -1.991831 -0.593608
v -1.303778 -1.998659 -0.621537
v -1.230851 -2.014712 -0.560707
v -1.228629 -2.065945 -0.277486
v -1.344690 -2.133331 -0.569675
v -1.344712 -2.174538 -0.381867
v -1.344713 -2.199546 -0.190890
v -1.205497 -0.660441 -0.240380
v -1.192585 -0.679436 -0.119314
v -1.192585 -0.648230 -0.235935
v -1.204606 -0.692234 -0.121562
v -1.174785 -0.677866 -0.119038
v -1.174785 -0.646732 -0.235390
v -0.949908 -0.538957 -0.196163
v -1.064397 -0.618283 -0.225035
v -0.904333 -0.435214 -0.158404
v -0.943190 -0.420765 -0.074191
v -0.943190 -0.399171 -0.145285
v -0.941030 -0.336204 -0.059281
v -0.941030 -0.318950 -0.116087
v -0.943190 -0.420765 -0.074191
v -0.941030 -0.318950 -0.116087
v -0.941030 -0.336204 -0.059281
v -0.859477 -0.268382 -0.097682
v -0.863781 -0.240443 -0.087513
v -1.209975 -0.671422 -0.244376
v -1.209108 -0.740062 -0.203911
v -1.213012 -0.688324 -0.201589
v -1.264922 -0.741086 -0.157265
v -1.352843 -0.821096 -0.199456
v -1.334294 -0.798722 -0.186587
v -1.367735 -0.891889 -0.132421
v -1.369254 -0.862778 -0.232294
v -1.380843 -0.891777 -0.273141
v -1.384472 -0.888593 -0.323420
v -1.388262 -0.946699 -0.207943
v -1.231790 -0.706129 -0.162987
v -1.378922 -0.884704 -0.275389
v -1.381544 -0.882156 -0.321077
v -1.367848 -0.857765 -0.237404
v -1.352399 -0.818986 -0.206829
v -1.334154 -0.797075 -0.193865
v -1.264615 -0.739624 -0.164953
v -1.233765 -0.708472 -0.168461
v -1.211736 -0.678669 -0.192535
v -1.214230 -0.682621 -0.196958
v -1.209657 -0.664404 -0.241822
v -1.372232 -0.879294 -0.272344
v -1.376089 -0.877605 -0.319421
v -1.359939 -0.852775 -0.236379
v -1.335569 -0.806690 -0.202837
v -1.259102 -0.742615 -0.169036
v -1.230397 -0.711825 -0.173714
v -1.498015 -2.114880 -0.618248
v -1.495555 -2.002050 -0.849829
v -1.498015 -2.017495 -0.885810
v -1.495555 -2.079920 -0.635884
v -1.424596 -1.152419 -0.304489
v -1.405552 -1.044476 -0.257241
v -1.414812 -1.044618 -0.257218
v -1.433854 -1.152987 -0.304502
v -1.379552 -0.952787 -0.198800
v -1.368675 -0.899020 -0.120621
v -1.388804 -0.952801 -0.198908
v -1.359416 -0.898946 -0.120257
v -1.483871 -1.801744 -0.592321
v -1.493131 -1.802165 -0.592450
v -1.483910 -1.893342 -0.616147
v -1.493170 -1.893920 -0.616302
v -1.486264 -2.083058 -0.624030
v -1.495523 -2.084552 -0.623968
v -1.276564 -0.966565 -0.285372
v -1.186463 -1.129784 -0.361352
v -1.136231 -0.963141 -0.281563
v -1.334821 -1.114576 -0.355194
v -1.209180 -0.846675 -0.162389
v -1.109739 -0.863555 -0.183375
v -1.306920 -1.789745 -0.624562
v -1.416354 -1.783947 -0.622576
v -1.410567 -1.891381 -0.652301
v -1.306561 -1.895934 -0.652320
v -1.267872 -1.968065 -0.606868
v -1.268199 -1.900447 -0.595141
v -1.303778 -1.998659 -0.621537
v -1.099279 -0.989991 -0.228512
v -1.094494 -1.173571 -0.297975
v -1.004685 -0.995541 -0.230470
v -1.155446 -1.173264 -0.297852
v -0.771533 -0.752212 -0.129745
v -1.159531 -0.774595 -0.140621
v -0.901912 -0.855916 -0.180592
v -1.109739 -0.863555 -0.183375
v -1.227663 -1.817489 -0.565105
v -1.269142 -1.813854 -0.563636
v -1.268199 -1.900447 -0.595141
v -1.216638 -1.889105 -0.591504
v -1.099279 -0.989991 -0.228512
v -1.155446 -1.173264 -0.297852
v -1.346184 -1.043563 -0.257388
v -1.377813 -1.149838 -0.304434
v -1.159531 -0.774595 -0.140621
v -1.301343 -0.953259 -0.198175
v -1.267682 -0.898251 -0.116689
v -1.269142 -1.813854 -0.563636
v -1.453429 -1.800360 -0.591897
v -1.449049 -1.891168 -0.615562
v -1.430649 -1.977427 -0.621286
v -1.412555 -1.995893 -0.622174
v -1.488708 -2.116756 -0.607510
v -1.497990 -2.117560 -0.607269
v -1.412555 -1.995893 -0.622174
v -1.500453 -2.130259 -0.597107
v -1.499923 -2.079708 -0.756950
v -1.181868 -1.947159 -0.606723
v -1.124705 -1.993143 -0.569880
v -1.493170 -1.890822 -0.626028
v -1.493130 -1.799098 -0.600499
v -1.433851 -1.149488 -0.315119
v -1.414837 -1.041131 -0.266492
v -1.430649 -1.977427 -0.621286
v -1.449049 -1.891168 -0.615562
v -1.453429 -1.800360 -0.591897
v -1.377813 -1.149838 -0.304434
v -1.346184 -1.043563 -0.257388
v -1.301343 -0.953259 -0.198175
v -1.267682 -0.898251 -0.116689
v -1.493130 -1.764184 -0.696427
v -1.433851 -1.083115 -0.497479
v -1.209108 -0.697992 -0.319496
v -0.943190 -0.399171 -0.145285
v -1.414837 -0.968852 -0.465080
v -1.691257 -2.240479 -1.046649
v -1.694042 -2.257804 -1.054742
v -1.694042 -2.157284 -1.247511
v -1.691257 -2.140732 -1.237939
v -1.694042 -2.040347 -1.430783
v -1.691257 -2.024691 -1.419806
v -1.694042 -1.908998 -1.601837
v -1.691258 -1.894349 -1.589546
v -1.638666 -2.045137 -0.955395
v -1.671173 -2.050606 -0.957950
v -1.638666 -1.954086 -1.130005
v -1.671173 -1.959312 -1.133028
v -1.638666 -1.848164 -1.296015
v -1.671173 -1.853106 -1.299482
v -1.638666 -1.729185 -1.450957
v -1.671173 -1.733811 -1.454838
v -1.507399 -2.024064 -0.945550
v -1.507327 -2.008056 -0.944978
v -1.507399 -1.933950 -1.118362
v -1.507328 -1.917368 -1.108773
v -1.507328 -1.813436 -1.271664
v -1.507399 -1.829119 -1.282661
v -1.507399 -1.711368 -1.436006
v -1.507328 -1.696694 -1.423693
v -1.500963 -2.014561 -0.928151
v -1.494039 -1.916869 -1.108484
v -1.498069 -2.007620 -0.944402
v -1.494039 -1.812964 -1.271332
v -1.494039 -1.696252 -1.423322
v -1.636812 -2.257804 -1.054743
v -1.636812 -1.908998 -1.601837
v -1.636812 -2.040347 -1.430783
v -1.636812 -2.157284 -1.247511
v -1.671669 -2.075729 -0.969686
v -1.671669 -1.983317 -1.146909
v -1.671669 -1.875809 -1.315403
v -1.671669 -1.755052 -1.472662
v -1.526436 -2.027268 -0.947047
v -1.526436 -1.937012 -1.120132
v -1.526436 -1.832015 -1.284692
v -1.526436 -1.714077 -1.438279
v -1.353971 -1.981347 -0.846796
v -1.270718 -1.933596 -0.836521
v -1.344059 -2.004223 -0.881752
v -1.260809 -1.924989 -0.871035
v -1.330575 -1.904887 -1.101556
v -1.330575 -1.993647 -0.931341
v -1.260967 -1.784344 -1.128133
v -1.330575 -1.801632 -1.263386
v -1.261784 -1.619536 -1.358949
v -1.330575 -1.685650 -1.414427
v -1.303778 -1.930578 -0.808585
v -1.267872 -1.897713 -0.800157
v -1.238480 -1.907396 -0.825591
v -1.230851 -1.903776 -0.865503
v -1.228629 -1.760971 -1.115394
v -1.226412 -1.600980 -1.343380
v -1.344690 -2.000408 -0.934879
v -1.344712 -1.911253 -1.105237
v -1.344712 -1.807653 -1.267608
v -1.344713 -1.691283 -1.419153
v -1.192585 -0.597172 -0.345331
v -1.204606 -0.608421 -0.351836
v -1.204606 -0.538396 -0.451767
v -1.192585 -0.528442 -0.443414
v -1.174785 -0.595792 -0.344533
v -1.174785 -0.527221 -0.442390
v -0.949908 -0.439362 -0.368667
v -1.064397 -0.504029 -0.422929
v -0.904333 -0.354790 -0.297703
v -0.943190 -0.370015 -0.213627
v -0.941030 -0.295653 -0.170694
v -0.943190 -0.370015 -0.213627
v -0.941030 -0.295653 -0.170694
v -0.863781 -0.196011 -0.164471
v -0.859477 -0.218787 -0.183583
v -1.213012 -0.656866 -0.288018
v -1.338303 -0.628314 -0.527216
v -1.264922 -0.668793 -0.355887
v -1.334294 -0.731793 -0.370473
v -1.350556 -0.642370 -0.539011
v -1.352843 -0.757204 -0.374996
v -1.367735 -0.768346 -0.471853
v -1.356297 -0.665072 -0.558060
v -1.369254 -0.810242 -0.376633
v -1.380843 -0.858713 -0.363983
v -1.388262 -0.858877 -0.449231
v -1.231790 -0.645693 -0.329033
v -1.378922 -0.854741 -0.357714
v -1.367848 -0.809687 -0.369497
v -1.352399 -0.760328 -0.367992
v -1.334154 -0.735209 -0.363839
v -1.264614 -0.672616 -0.349058
v -1.233765 -0.651006 -0.326346
v -1.211736 -0.643650 -0.288747
v -1.214230 -0.649521 -0.287900
v -1.372232 -0.848638 -0.356569
v -1.359939 -0.805206 -0.367074
v -1.335569 -0.748342 -0.363146
v -1.259102 -0.677531 -0.347853
v -1.230397 -0.656952 -0.324477
v -1.493170 -1.850858 -0.735829
v -1.405552 -0.965467 -0.474316
v -1.424596 -1.078527 -0.507506
v -1.414812 -0.965561 -0.474425
v -1.433854 -1.078970 -0.507862
v -1.359416 -0.765933 -0.485707
v -1.379552 -0.857665 -0.460148
v -1.368675 -0.766223 -0.485476
v -1.388804 -0.857745 -0.460074
v -1.348781 -0.671929 -0.563814
v -1.358040 -0.671964 -0.563843
v -1.483871 -1.760953 -0.704392
v -1.493131 -1.761359 -0.704564
v -1.483910 -1.846437 -0.745018
v -1.493170 -1.846979 -0.745270
v -1.486264 -1.996835 -0.860927
v -1.495523 -1.997939 -0.861934
v -1.136231 -0.918795 -0.403403
v -1.186463 -1.097739 -0.449398
v -1.276564 -0.923865 -0.402686
v -1.334821 -1.082129 -0.444338
v -1.209180 -0.752973 -0.419832
v -1.109739 -0.779394 -0.414607
v -1.306919 -1.772486 -0.671981
v -1.416354 -1.766768 -0.669776
v -1.410567 -1.868174 -0.716062
v -1.306561 -1.871675 -0.718975
v -1.303778 -1.930578 -0.808585
v -1.267872 -1.897713 -0.800157
v -1.268199 -1.838377 -0.765677
v -1.004685 -0.910772 -0.463369
v -1.094494 -1.090543 -0.526093
v -1.099279 -0.905263 -0.461301
v -1.155446 -1.090229 -0.525989
v -1.159531 -0.683764 -0.390176
v -0.771533 -0.659627 -0.384120
v -0.901912 -0.771753 -0.411829
v -1.109739 -0.779394 -0.414607
v -1.165596 -0.573522 -0.481240
v -0.727383 -0.563576 -0.472895
v -1.227663 -1.755521 -0.735361
v -1.269141 -1.751793 -0.734150
v -1.268199 -1.838377 -0.765677
v -1.216638 -1.827350 -0.761172
v -1.099279 -0.905263 -0.461301
v -1.155446 -1.090229 -0.525989
v -1.346184 -0.964863 -0.473617
v -1.377813 -1.076513 -0.505889
v -1.159531 -0.683764 -0.390176
v -1.301343 -0.857624 -0.460930
v -1.267682 -0.763108 -0.487993
v -1.250524 -0.671564 -0.563507
v -1.165596 -0.573522 -0.481240
v -1.269141 -1.751793 -0.734150
v -1.453429 -1.759621 -0.703827
v -1.449048 -1.844395 -0.744069
v -1.430649 -1.914153 -0.795130
v -1.412555 -1.928869 -0.806319
v -1.488708 -2.012030 -0.895242
v -1.497990 -2.012490 -0.895944
v -1.412555 -1.928869 -0.806319
v -1.500453 -2.015687 -0.911891
v -1.181868 -1.881606 -0.786830
v -1.124705 -1.893149 -0.844611
v -1.430649 -1.914153 -0.795130
v -1.449048 -1.844395 -0.744069
v -1.453429 -1.759621 -0.703827
v -1.377813 -1.076513 -0.505889
v -1.346184 -0.964863 -0.473617
v -1.301343 -0.857624 -0.460930
v -1.267682 -0.763108 -0.487993
v -1.250524 -0.671564 -0.563507
v -0.943191 -0.325407 -0.273048
v -0.941030 -0.260010 -0.218173
v -0.943191 -0.325407 -0.273048
v -0.941030 -0.260010 -0.218173
v -1.691257 -1.419806 -2.024690
v -1.691257 -1.236449 -2.141590
v -1.694042 -1.430785 -2.040346
v -1.694042 -1.246011 -2.158150
v -1.691257 -1.590869 -1.893240
v -1.694042 -1.603169 -1.907879
v -1.691257 -1.749821 -1.747383
v -1.694042 -1.763352 -1.760894
v -1.671172 -1.131665 -1.960097
v -1.638666 -1.296016 -1.848162
v -1.638664 -1.128646 -1.954869
v -1.671173 -1.299483 -1.853105
v -1.638666 -1.452165 -1.728173
v -1.671173 -1.456048 -1.732794
v -1.638666 -1.597258 -1.595033
v -1.671173 -1.601530 -1.599298
v -1.507399 -1.282662 -1.829118
v -1.507327 -1.109826 -1.922273
v -1.507399 -1.117016 -1.934726
v -1.507327 -1.279319 -1.813453
v -1.507399 -1.437201 -1.710365
v -1.507328 -1.424878 -1.695700
v -1.507399 -1.580800 -1.578597
v -1.507328 -1.567246 -1.565061
v -1.500963 -1.263878 -1.822781
v -1.499946 -1.109537 -1.921772
v -1.494039 -1.424506 -1.695259
v -1.498069 -1.278677 -1.813124
v -1.494039 -1.566837 -1.564654
v -1.636812 -1.430785 -2.040346
v -1.636812 -1.246011 -2.158150
v -1.636812 -1.763352 -1.760894
v -1.636812 -1.603169 -1.907879
v -1.671669 -1.315403 -1.875808
v -1.671669 -1.145529 -1.984112
v -1.671669 -1.473887 -1.754024
v -1.671669 -1.621151 -1.618891
v -1.526436 -1.284693 -1.832014
v -1.526435 -1.118785 -1.937790
v -1.526436 -1.439477 -1.713073
v -1.526436 -1.583303 -1.581095
v -1.344059 -1.216388 -1.820658
v -1.270717 -1.159581 -1.758958
v -1.353971 -1.177990 -1.804199
v -1.260809 -1.192076 -1.744489
v -1.330575 -1.415603 -1.684662
v -1.260967 -1.420845 -1.561335
v -1.330575 -1.263387 -1.801630
v -1.330575 -1.557044 -1.554874
v -1.267872 -1.117537 -1.729934
v -1.303778 -1.131545 -1.760837
v -1.238479 -1.144267 -1.735054
v -1.228629 -1.404240 -1.540529
v -1.230851 -1.182943 -1.724559
v -1.344712 -1.420334 -1.690292
v -1.344690 -1.268046 -1.807675
v -1.344712 -1.562248 -1.560070
v -1.192585 -0.443784 -0.528132
v -1.205497 -0.351414 -0.608664
v -1.204606 -0.452143 -0.538081
v -1.192585 -0.344916 -0.597411
v -1.174785 -0.442758 -0.526912
v -1.174785 -0.344119 -0.596030
v -1.064397 -0.328981 -0.569811
v -0.949908 -0.286773 -0.496704
v -0.904333 -0.231573 -0.401094
v -0.943190 -0.274635 -0.327296
v -0.941030 -0.219442 -0.261519
v -0.943190 -0.212395 -0.367877
v -0.943190 -0.274635 -0.327296
v -0.941030 -0.169710 -0.293944
v -0.941030 -0.169710 -0.293944
v -0.941030 -0.219442 -0.261519
v -0.859477 -0.142803 -0.247341
v -0.863781 -0.127937 -0.221592
v -1.209975 -0.357256 -0.618784
v -1.209108 -0.435848 -0.631907
v -1.213012 -0.397708 -0.596872
v -1.264922 -0.466616 -0.596832
v -1.334293 -0.491921 -0.656342
v -1.352843 -0.500788 -0.680582
v -1.367735 -0.598108 -0.674735
v -1.369254 -0.511610 -0.732530
v -1.380843 -0.507569 -0.782461
v -1.384472 -0.472811 -0.818931
v -1.388262 -0.591550 -0.767819
v -1.231790 -0.436160 -0.578746
v -1.378922 -0.500705 -0.779637
v -1.381544 -0.469386 -0.812998
v -1.367847 -0.504486 -0.733222
v -1.352399 -0.494432 -0.684874
v -1.334153 -0.485980 -0.660858
v -1.264614 -0.460554 -0.601782
v -1.233765 -0.434436 -0.584445
v -1.214229 -0.396316 -0.589659
v -1.211736 -0.396131 -0.583730
v -1.209657 -0.353522 -0.612317
v -1.376089 -0.466964 -0.808803
v -1.372232 -0.498518 -0.773826
v -1.359939 -0.501321 -0.729229
v -1.335569 -0.487579 -0.673912
v -1.259102 -0.460222 -0.606832
v -1.230397 -0.433628 -0.590625
v -1.498015 -0.976103 -1.975390
v -1.498015 -1.222690 -1.833023
v -1.495555 -1.184573 -1.824062
v -1.495555 -0.987400 -1.937899
v -1.424596 -0.687082 -0.974012
v -1.414812 -0.634887 -0.868508
v -1.433854 -0.687509 -0.974387
v -1.405552 -0.634763 -0.868434
v -1.379552 -0.602091 -0.764729
v -1.368675 -0.611155 -0.670279
v -1.388804 -0.602032 -0.764821
v -1.359416 -0.611332 -0.669953
v -1.483871 -0.999479 -1.611882
v -1.493130 -0.999719 -1.612252
v -1.483910 -1.054332 -1.689013
v -1.493169 -1.054675 -1.689502
v -1.486264 -1.194596 -1.816998
v -1.495522 -1.195780 -1.817911
v -1.276564 -0.556998 -0.839903
v -1.334821 -0.625499 -0.988529
v -1.186463 -0.633192 -1.003022
v -1.136231 -0.556823 -0.834785
v -1.209180 -0.544208 -0.668629
v -1.109739 -0.543650 -0.695556
v -1.416354 -0.966398 -1.623618
v -1.306919 -0.969563 -1.628867
v -1.306560 -1.033067 -1.718388
v -1.410567 -1.029591 -1.715446
v -1.303778 -1.131545 -1.760837
v -1.267872 -1.117537 -1.729934
v -1.268199 -1.073278 -1.677487
v -1.099279 -0.611492 -0.811404
v -1.155446 -0.707316 -0.982327
v -1.094494 -0.707473 -0.982619
v -1.004685 -0.614485 -0.816471
v -0.771533 -0.492829 -0.582903
v -1.159531 -0.502984 -0.605621
v -0.901912 -0.539587 -0.688514
v -1.109739 -0.543650 -0.695556
v -1.269141 -1.027194 -1.597692
v -1.227663 -1.029034 -1.601154
v -1.268199 -1.073278 -1.677487
v -1.216638 -1.066926 -1.667410
v -1.099279 -0.611492 -0.811404
v -1.155446 -0.707316 -0.982327
v -1.346184 -0.633970 -0.867960
v -1.377813 -0.685140 -0.972311
v -1.159531 -0.502984 -0.605621
v -1.301343 -0.602854 -0.764554
v -1.267682 -0.613093 -0.666774
v -1.269141 -1.027194 -1.597692
v -1.453429 -0.998691 -1.610667
v -1.449048 -1.053043 -1.687166
v -1.430649 -1.115441 -1.746997
v -1.412555 -1.129017 -1.759547
v -1.488708 -1.231029 -1.826003
v -1.497990 -1.231799 -1.826335
v -1.412555 -1.129017 -1.759547
v -1.500453 -1.248060 -1.826714
v -1.499923 -1.106591 -1.916667
v -1.181868 -1.101616 -1.716386
v -1.124705 -1.160523 -1.717720
v -1.493170 -1.046050 -1.694962
v -1.493130 -0.992196 -1.616446
v -1.433851 -0.678004 -0.980271
v -1.414837 -0.626255 -0.873371
v -1.430649 -1.115441 -1.746997
v -1.449048 -1.053043 -1.687166
v -1.453429 -0.998691 -1.610667
v -1.377813 -0.685140 -0.972311
v -1.346184 -0.633970 -0.867960
v -1.301343 -0.602854 -0.764554
v -1.267682 -0.613093 -0.666774
v -1.493130 -0.903788 -1.667488
v -1.433851 -0.509940 -1.077303
v -1.209108 -0.329325 -0.693408
v -0.943190 -0.212395 -0.367877
v -1.414837 -0.443235 -0.979037
v -1.691257 -1.043533 -2.241932
v -1.694042 -1.051602 -2.259267
v -1.691257 -0.844163 -2.324352
v -1.694042 -0.850690 -2.342323
v -1.694042 -0.643306 -2.407553
v -1.691257 -0.638370 -2.389080
v -1.694042 -0.432736 -2.454158
v -1.691257 -0.429415 -2.435327
v -1.671173 -0.955097 -2.051936
v -1.638664 -0.952550 -2.046463
v -1.671173 -0.772623 -2.127370
v -1.638664 -0.770562 -2.121696
v -1.671173 -0.584271 -2.186614
v -1.638666 -0.582712 -2.180781
v -1.671173 -0.393024 -2.228941
v -1.638666 -0.391976 -2.222996
v -1.507399 -0.942735 -2.025375
v -1.507327 -0.930840 -2.014647
v -1.507399 -0.762622 -2.099834
v -1.507327 -0.756083 -2.081830
v -1.507327 -0.571763 -2.139804
v -1.507399 -0.576707 -2.158310
v -1.507399 -0.387937 -2.200089
v -1.507327 -0.384610 -2.181226
v -1.500963 -0.946639 -2.005939
v -1.498068 -0.930876 -2.013927
v -1.494039 -0.755886 -2.081287
v -1.494039 -0.571614 -2.139247
v -1.494039 -0.384510 -2.180658
v -1.636812 -1.051602 -2.259267
v -1.636812 -0.432736 -2.454158
v -1.636812 -0.643306 -2.407553
v -1.636812 -0.850690 -2.342323
v -1.671669 -0.966799 -2.077075
v -1.671669 -0.782089 -2.153434
v -1.671669 -0.591429 -2.213403
v -1.671669 -0.397839 -2.256249
v -1.526435 -0.944227 -2.028582
v -1.526435 -0.763830 -2.103158
v -1.526435 -0.577621 -2.161728
v -1.526435 -0.388551 -2.203573
v -1.353971 -0.973490 -1.922268
v -1.260809 -0.914736 -1.904611
v -1.344057 -0.968545 -1.963750
v -1.270717 -0.943515 -1.883704
v -1.330575 -0.751162 -2.068278
v -1.330575 -0.928567 -1.994939
v -1.260967 -0.641737 -2.011154
v -1.330575 -0.568041 -2.125876
v -1.330575 -0.382107 -2.167027
v -1.261784 -0.367120 -2.082033
v -1.303778 -0.959160 -1.860363
v -1.267872 -0.939401 -1.832782
v -1.238479 -0.930470 -1.858490
v -1.230851 -0.902042 -1.886737
v -1.228629 -0.632020 -1.986372
v -1.226412 -0.362914 -2.058178
v -1.344689 -0.931472 -2.001995
v -1.344712 -0.753672 -2.075189
v -1.344712 -0.569939 -2.132980
v -1.344712 -0.383384 -2.174268
v -1.192585 -0.235486 -0.648393
v -1.204606 -0.239921 -0.660607
v -1.204606 -0.122045 -0.692148
v -1.192585 -0.119789 -0.679351
v -1.174785 -0.234941 -0.646895
v -1.174785 -0.119512 -0.677781
v -1.064397 -0.114254 -0.647965
v -0.949908 -0.099596 -0.564832
v -0.904333 -0.080425 -0.456108
v -0.943190 -0.146130 -0.401488
v -0.943190 -0.146130 -0.401488
v -0.941030 -0.116763 -0.320801
v -0.941030 -0.116763 -0.320801
v -0.863781 -0.044432 -0.251985
v -0.859477 -0.049595 -0.281266
v -1.213012 -0.318054 -0.642860
v -1.338303 -0.142428 -0.807743
v -1.264922 -0.283565 -0.702517
v -1.334293 -0.322450 -0.754186
v -1.350556 -0.145614 -0.825813
v -1.352843 -0.339009 -0.773985
v -1.367735 -0.285286 -0.855344
v -1.356297 -0.150760 -0.854998
v -1.369254 -0.378586 -0.809331
v -1.380843 -0.423848 -0.830797
v -1.388262 -0.369178 -0.896206
v -1.231790 -0.283130 -0.667097
v -1.378922 -0.424835 -0.823441
v -1.367847 -0.382748 -0.803508
v -1.352399 -0.345904 -0.770627
v -1.334153 -0.329331 -0.751300
v -1.264614 -0.290883 -0.699742
v -1.233765 -0.288928 -0.668454
v -1.211736 -0.307461 -0.634923
v -1.214229 -0.312503 -0.638048
v -1.372232 -0.420896 -0.818642
v -1.359939 -0.380872 -0.798771
v -1.335569 -0.339837 -0.759211
v -1.259102 -0.295423 -0.701979
v -1.230397 -0.294684 -0.670844
v -1.493170 -0.944858 -1.753385
v -1.405552 -0.434706 -0.983937
v -1.424596 -0.499981 -1.082035
v -1.414812 -0.434708 -0.984081
v -1.433854 -0.500091 -1.082593
v -1.359416 -0.274532 -0.864405
v -1.379552 -0.361231 -0.903790
v -1.368675 -0.274903 -0.864415
v -1.388804 -0.361340 -0.903784
v -1.348781 -0.152315 -0.863815
v -1.358040 -0.152322 -0.863859
v -1.483871 -0.896194 -1.671513
v -1.493130 -0.896394 -1.671905
v -1.483910 -0.935564 -1.757584
v -1.493169 -0.935817 -1.758125
v -1.486264 -0.976271 -1.943048
v -1.495522 -0.976469 -1.944529
v -1.136231 -0.444535 -0.899614
v -1.186463 -0.552049 -1.049871
v -1.276564 -0.448880 -0.902325
v -1.334821 -0.543343 -1.035961
v -1.209180 -0.306947 -0.805612
v -1.109739 -0.330545 -0.818592
v -1.306919 -0.925862 -1.654098
v -1.416354 -0.922899 -1.648733
v -1.410567 -0.970828 -1.749374
v -1.306560 -0.971637 -1.753854
v -1.268199 -0.916110 -1.768227
v -1.267872 -0.939401 -1.832782
v -1.303778 -0.959160 -1.860363
v -1.004685 -0.399844 -0.940394
v -1.094493 -0.497238 -1.103998
v -1.099279 -0.396952 -0.935269
v -1.155446 -0.497064 -1.103717
v -1.159531 -0.272993 -0.738407
v -0.771533 -0.258396 -0.718253
v -0.901912 -0.326478 -0.811552
v -1.109739 -0.330545 -0.818592
v -1.165596 -0.130007 -0.737304
v -0.727383 -0.127753 -0.724518
v -1.227663 -0.872126 -1.691746
v -1.269141 -0.870048 -1.688421
v -1.268199 -0.916110 -1.768227
v -1.216638 -0.910559 -1.757689
v -1.099279 -0.396952 -0.935269
v -1.155446 -0.497064 -1.103717
v -1.377813 -0.499478 -1.079503
v -1.346184 -0.434693 -0.983013
v -1.159531 -0.272993 -0.738407
v -1.301343 -0.360698 -0.904363
v -1.267682 -0.270898 -0.864340
v -1.250524 -0.152232 -0.863344
v -1.165596 -0.130007 -0.737304
v -1.269141 -0.870048 -1.688421
v -1.453429 -0.895536 -1.670224
v -1.449048 -0.934611 -1.755543
v -1.430649 -0.955226 -1.839497
v -1.412555 -0.959307 -1.857529
v -1.488708 -0.965854 -1.979102
v -1.497990 -0.965755 -1.979935
v -1.412555 -0.959307 -1.857529
v -1.500453 -0.957954 -1.994206
v -1.181868 -0.935628 -1.812218
v -1.124705 -0.907331 -1.863901
v -1.430649 -0.955226 -1.839497
v -1.449048 -0.934611 -1.755543
v -1.453429 -0.895536 -1.670224
v -1.377813 -0.499478 -1.079503
v -1.346184 -0.434693 -0.983013
v -1.301343 -0.360698 -0.904363
v -1.267682 -0.270898 -0.864340
v -1.250524 -0.152232 -0.863344
v -0.943190 -0.073764 -0.418334
v -0.941030 -0.058940 -0.334262
v -0.943190 -0.073764 -0.418334
v -0.941030 -0.058940 -0.334262
v -1.694042 0.432733 -2.454158
v -1.691257 0.213811 -2.463637
v -1.691257 0.429413 -2.435328
v -1.694042 0.215465 -2.482686
v -1.694042 -0.001737 -2.492018
v -1.691257 -0.001724 -2.472896
v -1.691257 -0.217245 -2.463336
v -1.694042 -0.218925 -2.482383
v -1.671172 0.393021 -2.228941
v -1.671173 0.195692 -2.254852
v -1.638664 0.391973 -2.222996
v -1.638664 0.195170 -2.248837
v -1.671173 -0.001578 -2.263326
v -1.638664 -0.001574 -2.257290
v -1.638666 -0.198304 -2.248563
v -1.671173 -0.198834 -2.254577
v -1.507327 0.385437 -2.185928
v -1.507399 0.193159 -2.225664
v -1.507327 0.185651 -2.211515
v -1.507399 0.387934 -2.200090
v -1.507399 -0.001558 -2.234030
v -1.507327 -0.001544 -2.214876
v -1.507327 -0.194578 -2.206313
v -1.507399 -0.196261 -2.225394
v -1.500963 0.203475 -2.208736
v -1.499946 0.385337 -2.185360
v -1.494039 -0.001544 -2.214299
v -1.498068 0.185931 -2.210850
v -1.494039 -0.194527 -2.205738
v -1.636812 0.215465 -2.482686
v -1.636812 0.432733 -2.454158
v -1.636812 -0.218925 -2.482383
v -1.636812 -0.001738 -2.492018
v -1.671669 0.198089 -2.282477
v -1.671669 0.397836 -2.256249
v -1.671669 -0.001597 -2.291056
v -1.671669 -0.201270 -2.282199
v -1.526435 0.388548 -2.203574
v -1.526435 0.193464 -2.229188
v -1.526435 -0.001560 -2.237568
v -1.526435 -0.196571 -2.228916
v -1.260809 0.208153 -2.102607
v -1.353971 0.257324 -2.139294
v -1.344057 0.238489 -2.176584
v -1.270717 0.242347 -2.092804
v -1.330575 -0.001534 -2.200458
v -1.260967 -0.084823 -2.109353
v -1.330575 0.190256 -2.192219
v -1.330575 -0.193311 -2.191951
v -1.267872 0.255898 -2.043546
v -1.303778 0.265031 -2.076222
v -1.238479 0.238713 -2.064649
v -1.230851 0.202338 -2.081469
v -1.228629 -0.085477 -2.082742
v -1.344712 -0.001539 -2.207811
v -1.344689 0.190572 -2.199842
v -1.344712 -0.193957 -2.199276
v -1.192585 -0.000481 -0.689831
v -1.192585 0.119788 -0.679351
v -1.205497 0.122044 -0.692148
v -1.204606 -0.000490 -0.702826
v -1.174785 0.119511 -0.677781
v -1.174785 -0.000480 -0.688237
v -1.064397 0.114253 -0.647965
v -0.949908 0.099595 -0.564832
v -0.904333 0.080424 -0.456108
v -0.943190 -0.000000 -0.427255
v -0.941030 0.058939 -0.334262
v -0.943190 0.073763 -0.418334
v -0.941030 -0.000000 -0.341390
v -0.943190 -0.000000 -0.427255
v -0.941030 0.058939 -0.334262
v -0.941030 -0.000000 -0.341390
v -0.859477 0.049595 -0.281266
v -0.863781 0.044432 -0.251985
v -1.209975 0.124073 -0.703656
v -1.209108 0.072303 -0.764226
v -1.213012 0.079000 -0.712872
v -1.264922 0.026188 -0.757135
v -1.352843 0.053844 -0.843256
v -1.334293 0.045056 -0.818987
v -1.367735 -0.024465 -0.901333
v -1.369254 0.078946 -0.890007
v -1.380843 0.114136 -0.925658
v -1.384472 0.164205 -0.931254
v -1.388262 0.040392 -0.968424
v -1.231790 0.037894 -0.723703
v -1.378922 0.117579 -0.919084
v -1.381544 0.163015 -0.924508
v -1.367847 0.084848 -0.885958
v -1.352399 0.061472 -0.842458
v -1.334153 0.052509 -0.818629
v -1.264614 0.034013 -0.757030
v -1.233765 0.042878 -0.726960
v -1.214229 0.075431 -0.706451
v -1.211736 0.071761 -0.701790
v -1.209657 0.122776 -0.696301
v -1.376089 0.162174 -0.919738
v -1.372232 0.115520 -0.913226
v -1.359939 0.084706 -0.880865
v -1.335569 0.059676 -0.829656
v -1.259102 0.037515 -0.760685
v -1.230397 0.047469 -0.731175
v -1.495555 0.489266 -2.119204
v -1.498015 0.241610 -2.190106
v -1.495555 0.265049 -2.158740
v -1.498015 0.522019 -2.140663
v -1.424596 0.099749 -1.187784
v -1.414812 0.071915 -1.073413
v -1.433854 0.099662 -1.188346
v -1.405552 0.071962 -1.073277
v -1.379552 0.030331 -0.972833
v -1.368675 -0.037325 -0.906306
v -1.388804 0.030435 -0.972865
v -1.359416 -0.037670 -0.906170
v -1.483871 0.270453 -1.877225
v -1.493130 0.270507 -1.877662
v -1.483910 0.278011 -1.971570
v -1.493169 0.278064 -1.972165
v -1.486264 0.252830 -2.159772
v -1.495522 0.252510 -2.161233
v -1.276564 0.113194 -1.001434
v -1.334821 0.156254 -1.159320
v -1.186463 0.159678 -1.175368
v -1.136231 0.110038 -0.997401
v -1.209180 0.012899 -0.862009
v -1.109739 0.030635 -0.882278
v -1.416354 0.303339 -1.864953
v -1.306919 0.304288 -1.871008
v -1.306560 0.313184 -1.980404
v -1.410567 0.313956 -1.975917
v -1.303778 0.265031 -2.076222
v -1.267872 0.255898 -2.043546
v -1.268199 0.256090 -1.974919
v -1.099279 0.053131 -1.014631
v -1.155446 0.089593 -1.207160
v -1.094493 0.089660 -1.207484
v -1.004685 0.054095 -1.020436
v -0.771533 -0.002846 -0.763313
v -1.159531 0.003978 -0.787244
v -0.901912 0.029221 -0.874272
v -1.109739 0.030635 -0.882278
v -1.269141 0.240101 -1.884171
v -1.227663 0.240917 -1.888006
v -1.268199 0.256090 -1.974919
v -1.216638 0.254478 -1.963117
v -1.099279 0.053131 -1.014631
v -1.155446 0.089593 -1.207160
v -1.346184 0.072265 -1.072404
v -1.377813 0.100142 -1.185233
v -1.159531 0.003978 -0.787244
v -1.301343 0.029633 -0.973189
v -1.267682 -0.041063 -0.904867
v -1.269141 0.240101 -1.884171
v -1.453429 0.270276 -1.875789
v -1.449048 0.277813 -1.969327
v -1.412555 0.266139 -2.073609
v -1.430649 0.268471 -2.055269
v -1.488708 0.230710 -2.190089
v -1.497990 0.230333 -2.190839
v -1.412555 0.266139 -2.073609
v -1.500453 0.218120 -2.201581
v -1.499923 0.384313 -2.179554
v -1.181868 0.259385 -2.022932
v -1.124705 0.215117 -2.061820
v -1.493170 0.288180 -1.970804
v -1.493130 0.278966 -1.876041
v -1.433851 0.110726 -1.186743
v -1.414837 0.081653 -1.071589
v -1.430649 0.268471 -2.055269
v -1.449048 0.277813 -1.969327
v -1.453429 0.270276 -1.875789
v -1.377813 0.100142 -1.185233
v -1.346184 0.072265 -1.072404
v -1.301343 0.029633 -0.973189
v -1.267682 -0.041063 -0.904867
v -1.433851 0.301841 -1.153044
v -1.493130 0.379499 -1.858314
v -1.209108 0.193437 -0.742867
v -0.943190 0.073763 -0.418334
v -1.414837 0.289776 -1.034892
v -1.691257 0.641694 -2.388190
v -1.694042 0.646655 -2.406656
v -1.694042 0.853950 -2.341137
v -1.691257 0.847398 -2.323174
v -1.694042 1.054745 -2.257802
v -1.691257 1.046651 -2.240478
v -1.694042 1.246008 -2.158151
v -1.691257 1.236448 -2.141592
v -1.638664 0.585746 -2.179968
v -1.671173 0.587312 -2.185798
v -1.638664 0.773516 -2.120621
v -1.671173 0.775584 -2.126292
v -1.638666 0.955396 -2.045135
v -1.671173 0.957951 -2.050605
v -1.638666 1.128644 -1.954871
v -1.671173 1.131663 -1.960099
v -1.507399 0.579710 -2.157505
v -1.507327 0.581926 -2.141641
v -1.507399 0.765545 -2.098769
v -1.507327 0.758981 -2.080774
v -1.507399 0.945552 -2.024062
v -1.507327 0.937445 -2.006708
v -1.507328 1.107437 -1.918139
v -1.507399 1.117015 -1.934727
v -1.500963 0.564226 -2.145126
v -1.494039 0.758783 -2.080233
v -1.498068 0.581435 -2.141113
v -1.494039 0.937200 -2.006185
v -1.494039 1.107148 -1.917639
v -1.636812 0.646655 -2.406656
v -1.636812 1.246008 -2.158151
v -1.636812 1.054745 -2.257802
v -1.636812 0.853951 -2.341137
v -1.671669 0.594508 -2.212578
v -1.671669 0.785086 -2.152342
v -1.671669 0.969688 -2.075728
v -1.671669 1.145527 -1.984113
v -1.526435 0.580628 -2.160921
v -1.526435 0.766757 -2.102093
v -1.526435 0.947049 -2.027267
v -1.526435 1.118783 -1.937791
v -1.344057 0.520327 -2.126888
v -1.270717 0.488048 -2.049480
v -1.260809 0.523532 -2.046998
v -1.353971 0.489874 -2.098289
v -1.330575 0.754041 -2.067231
v -1.330575 0.570999 -2.125083
v -1.260967 0.801146 -1.953134
v -1.330575 0.931343 -1.993645
v -1.261784 1.057075 -1.830910
v -1.330575 1.100228 -1.905653
v -1.303778 0.461060 -2.041657
v -1.267872 0.458467 -2.007827
v -1.238479 0.481833 -2.021780
v -1.228629 0.792660 -1.927903
v -1.230851 0.521767 -2.025145
v -1.226412 1.044964 -1.809932
v -1.344712 0.756561 -2.074139
v -1.344689 0.573309 -2.132356
v -1.344712 0.934455 -2.000307
v -1.344712 1.103905 -1.912021
v -1.204606 0.240840 -0.660273
v -1.192585 0.236387 -0.648065
v -1.204606 0.351413 -0.608665
v -1.192585 0.344915 -0.597411
v -1.174785 0.235841 -0.646568
v -1.174785 0.344118 -0.596031
v -0.949908 0.286773 -0.496705
v -1.064397 0.328981 -0.569811
v -0.904333 0.231572 -0.401095
v -0.943190 0.146130 -0.401488
v -0.941030 0.116762 -0.320801
v -0.943190 0.146130 -0.401488
v -0.941030 0.116762 -0.320801
v -0.863781 0.127937 -0.221592
v -0.859477 0.142803 -0.247341
v -1.213012 0.169580 -0.696900
v -1.338303 0.410102 -0.710318
v -1.264922 0.234346 -0.720431
v -1.334293 0.237771 -0.785006
v -1.350556 0.419276 -0.726208
v -1.352843 0.237813 -0.810817
v -1.356297 0.434094 -0.751873
v -1.367735 0.331263 -0.838609
v -1.369254 0.230215 -0.863334
v -1.380843 0.209340 -0.908872
v -1.388262 0.293264 -0.923836
v -1.231790 0.211912 -0.693019
v -1.378922 0.203856 -0.903871
v -1.367847 0.223284 -0.861548
v -1.352399 0.230372 -0.812677
v -1.334153 0.230644 -0.787219
v -1.264614 0.226957 -0.723009
v -1.233765 0.208343 -0.697785
v -1.211736 0.172592 -0.684011
v -1.214229 0.170738 -0.689646
v -1.372232 0.203788 -0.897662
v -1.359939 0.221675 -0.856714
v -1.335569 0.227681 -0.800032
v -1.259102 0.224917 -0.727641
v -1.230397 0.205470 -0.703315
v -1.493170 0.403252 -1.950514
v -1.405552 0.299459 -1.033163
v -1.424596 0.312512 -1.150269
v -1.414812 0.299550 -1.033275
v -1.433854 0.312786 -1.150766
v -1.359416 0.345326 -0.838638
v -1.379552 0.304226 -0.924538
v -1.368675 0.345048 -0.838884
v -1.388804 0.304139 -0.924604
v -1.348781 0.438570 -0.759626
v -1.358040 0.438592 -0.759665
v -1.483871 0.387904 -1.856516
v -1.493130 0.388003 -1.856945
v -1.483910 0.413070 -1.947756
v -1.493169 0.413224 -1.948334
v -1.486264 0.501101 -2.115996
v -1.495522 0.501901 -2.117258
v -1.136231 0.237728 -0.974886
v -1.186463 0.251950 -1.159098
v -1.276564 0.236142 -0.979755
v -1.334821 0.249679 -1.142846
v -1.209180 0.282702 -0.814436
v -1.109739 0.272969 -0.839548
v -1.306919 0.353983 -1.862245
v -1.416354 0.352805 -1.856231
v -1.410567 0.380779 -1.964134
v -1.306560 0.383039 -1.968087
v -1.303778 0.461060 -2.041657
v -1.267872 0.458467 -2.007827
v -1.268199 0.434814 -1.943405
v -1.004685 0.298176 -0.977398
v -1.094493 0.328730 -1.165330
v -1.099279 0.297096 -0.971613
v -1.155446 0.328683 -1.165003
v -1.159531 0.265514 -0.741129
v -0.771533 0.263742 -0.716307
v -0.901912 0.271559 -0.831541
v -1.109739 0.272969 -0.839548
v -1.165596 0.374339 -0.648374
v -0.727383 0.367848 -0.637131
v -1.227663 0.419346 -1.856544
v -1.269141 0.418801 -1.852661
v -1.268199 0.434814 -1.943405
v -1.216638 0.432292 -1.931763
v -1.099279 0.297096 -0.971613
v -1.155446 0.328683 -1.165003
v -1.346184 0.298875 -1.032446
v -1.377813 0.311269 -1.148005
v -1.159531 0.265514 -0.741129
v -1.301343 0.305003 -0.924634
v -1.267682 0.348068 -0.836253
v -1.250524 0.438331 -0.759213
v -1.165596 0.374339 -0.648374
v -1.269141 0.418801 -1.852661
v -1.453429 0.387579 -1.855105
v -1.449048 0.412489 -1.945580
v -1.430649 0.450661 -2.023144
v -1.412555 0.459125 -2.039580
v -1.497990 0.532867 -2.137494
v -1.488708 0.532256 -2.136918
v -1.412555 0.459125 -2.039580
v -1.500453 0.548017 -2.143411
v -1.181868 0.448139 -1.989650
v -1.124705 0.503038 -2.011052
v -1.430649 0.450661 -2.023144
v -1.449048 0.412489 -1.945580
v -1.453429 0.387579 -1.855105
v -1.377813 0.311269 -1.148005
v -1.346184 0.298875 -1.032446
v -1.301343 0.305003 -0.924634
v -1.267682 0.348068 -0.836253
v -1.250524 0.438331 -0.759213
v -0.943190 0.212394 -0.367877
v -0.941030 0.169709 -0.293945
v -0.943190 0.212394 -0.367877
v -0.941030 0.169709 -0.293945
v -1.691257 1.747384 -1.749820
v -1.694042 1.908996 -1.601839
v -1.694042 1.760896 -1.763350
v -1.691257 1.894348 -1.589549
v -1.691257 1.588227 -1.895457
v -1.694042 1.600507 -1.910114
v -1.694042 1.427939 -2.042338
v -1.691257 1.416983 -2.026667
v -1.638664 1.595034 -1.597257
v -1.671172 1.733808 -1.454839
v -1.671173 1.599300 -1.601528
v -1.638664 1.729184 -1.450958
v -1.671173 1.453630 -1.734823
v -1.638664 1.449753 -1.730196
v -1.671173 1.296899 -1.854914
v -1.638666 1.293439 -1.849966
v -1.507327 1.700350 -1.426765
v -1.507399 1.578598 -1.580798
v -1.507327 1.563752 -1.574785
v -1.507399 1.711367 -1.436008
v -1.507399 1.434815 -1.712367
v -1.507327 1.422512 -1.697686
v -1.507328 1.269136 -1.815206
v -1.507399 1.280111 -1.830904
v -1.500963 1.575619 -1.561199
v -1.499946 1.699908 -1.426393
v -1.498068 1.563539 -1.574096
v -1.494039 1.422142 -1.697243
v -1.494039 1.268805 -1.814733
v -1.636812 1.760896 -1.763350
v -1.636812 1.908996 -1.601839
v -1.636812 1.427939 -2.042338
v -1.636812 1.600507 -1.910114
v -1.671669 1.618893 -1.621149
v -1.671669 1.755049 -1.472664
v -1.671669 1.471439 -1.756077
v -1.671669 1.312788 -1.877639
v -1.526435 1.581097 -1.583301
v -1.526435 1.714076 -1.438281
v -1.526435 1.437086 -1.715078
v -1.526435 1.282139 -1.833802
v -1.260809 1.510985 -1.476892
v -1.353971 1.572234 -1.473390
v -1.344057 1.581775 -1.514062
v -1.270717 1.530877 -1.447402
v -1.330575 1.413252 -1.686635
v -1.260967 1.290889 -1.670381
v -1.330575 1.554875 -1.557042
v -1.330575 1.260875 -1.803391
v -1.238479 1.509996 -1.428171
v -1.267872 1.509595 -1.400959
v -1.303778 1.537596 -1.420119
v -1.230851 1.492943 -1.464438
v -1.228629 1.273282 -1.650417
v -1.344689 1.560018 -1.562680
v -1.344712 1.417975 -1.692271
v -1.344712 1.265088 -1.809416
v -1.205497 0.538396 -0.451768
v -1.192585 0.443047 -0.528750
v -1.192585 0.528441 -0.443415
v -1.204606 0.451393 -0.538710
v -1.174785 0.527220 -0.442390
v -1.174785 0.442023 -0.527529
v -0.949908 0.439361 -0.368668
v -1.064397 0.504028 -0.422929
v -0.904333 0.354789 -0.297703
v -0.943190 0.274634 -0.327296
v -0.943190 0.325407 -0.273048
v -0.941030 0.219441 -0.261520
v -0.941030 0.260010 -0.218174
v -0.943190 0.274634 -0.327296
v -0.941030 0.260010 -0.218174
v -0.941030 0.219441 -0.261520
v -0.859477 0.218787 -0.183583
v -0.863781 0.196010 -0.164472
v -1.209975 0.547347 -0.459279
v -1.209108 0.546623 -0.538956
v -1.213012 0.518743 -0.495311
v -1.264922 0.506738 -0.563165
v -1.352843 0.583282 -0.611361
v -1.334294 0.560950 -0.598419
v -1.367735 0.560625 -0.706187
v -1.369254 0.632562 -0.631039
v -1.380843 0.682436 -0.635730
v -1.384472 0.724387 -0.607833
v -1.388262 0.653433 -0.715893
v -1.231790 0.494216 -0.530031
v -1.378922 0.680847 -0.628480
v -1.381544 0.719139 -0.603430
v -1.367848 0.634481 -0.624144
v -1.352399 0.588612 -0.605847
v -1.334154 0.566429 -0.593353
v -1.264614 0.512666 -0.558055
v -1.233765 0.500128 -0.529323
v -1.211736 0.506075 -0.491475
v -1.214229 0.511882 -0.492687
v -1.209657 0.541627 -0.454479
v -1.376089 0.715429 -0.600316
v -1.372232 0.675504 -0.625317
v -1.359939 0.631098 -0.620334
v -1.335569 0.579007 -0.597194
v -1.259102 0.517697 -0.558604
v -1.230397 0.506354 -0.529600
v -1.498015 1.592858 -1.522415
v -1.495555 1.736999 -1.308911
v -1.498015 1.775881 -1.304296
v -1.495555 1.590651 -1.483320
v -1.424596 0.839905 -0.845778
v -1.414812 0.745066 -0.776056
v -1.433854 0.840200 -0.846264
v -1.405552 0.745015 -0.775921
v -1.379552 0.648560 -0.725737
v -1.368675 0.553971 -0.718263
v -1.388804 0.648660 -0.725695
v -1.359416 0.553619 -0.718380
v -1.483871 1.413837 -1.264195
v -1.493130 1.414160 -1.264495
v -1.483910 1.480271 -1.331608
v -1.493169 1.480693 -1.332030
v -1.486264 1.581955 -1.491966
v -1.495522 1.582647 -1.493289
v -1.334821 0.864895 -0.787652
v -1.186463 0.877833 -0.797745
v -1.276564 0.730421 -0.694383
v -1.136231 0.725412 -0.693322
v -1.209180 0.563971 -0.652046
v -1.109739 0.590585 -0.656172
v -1.416354 1.431140 -1.233655
v -1.306919 1.435759 -1.237683
v -1.306560 1.512893 -1.315766
v -1.410567 1.510600 -1.311833
v -1.267872 1.509595 -1.400959
v -1.268199 1.465630 -1.348264
v -1.303778 1.537596 -1.420119
v -1.099279 0.692893 -0.743100
v -1.155446 0.844580 -0.867149
v -1.094493 0.844840 -0.867354
v -1.004685 0.697363 -0.746927
v -0.771533 0.488469 -0.586561
v -1.159531 0.509079 -0.600507
v -0.901912 0.584356 -0.650948
v -1.109739 0.590585 -0.656172
v -1.269141 1.395050 -1.289025
v -1.227663 1.398140 -1.291438
v -1.268199 1.465630 -1.348264
v -1.216638 1.456809 -1.340260
v -1.099279 0.692893 -0.743100
v -1.155446 0.844580 -0.867149
v -1.346184 0.744687 -0.775057
v -1.377813 0.838566 -0.843570
v -1.159531 0.509079 -0.600507
v -1.301343 0.648254 -0.726458
v -1.267682 0.550182 -0.719562
v -1.269141 1.395050 -1.289025
v -1.453429 1.412777 -1.263207
v -1.449048 1.478676 -1.330018
v -1.412555 1.536764 -1.417405
v -1.430649 1.526762 -1.401857
v -1.488708 1.584496 -1.529408
v -1.497990 1.584690 -1.530225
v -1.412555 1.536764 -1.417405
v -1.500453 1.582240 -1.546304
v -1.499923 1.695392 -1.422603
v -1.181868 1.499017 -1.382927
v -1.124705 1.490102 -1.441171
v -1.493170 1.487568 -1.324485
v -1.493130 1.419596 -1.257814
v -1.433851 0.847645 -0.837925
v -1.414837 0.751355 -0.768400
v -1.430649 1.526762 -1.401857
v -1.449048 1.478676 -1.330018
v -1.453429 1.412777 -1.263207
v -1.377813 0.838566 -0.843570
v -1.346184 0.744687 -0.775057
v -1.301343 0.648254 -0.726458
v -1.267682 0.550182 -0.719562
v -1.433851 0.972387 -0.689264
v -1.493130 1.485215 -1.179614
v -1.209108 0.625688 -0.444730
v -0.943190 0.325407 -0.273048
v -1.414837 0.887197 -0.606509
v -1.691257 2.026664 -1.416987
v -1.694042 2.042335 -1.427943
v -1.691257 2.142452 -1.234958
v -1.694042 2.159018 -1.244506
v -1.691257 2.241933 -1.043532
v -1.694042 2.259269 -1.051600
v -1.671173 1.854912 -1.296902
v -1.638664 1.849964 -1.293442
v -1.671173 1.960886 -1.130299
v -1.638664 1.955657 -1.127285
v -1.671173 2.051937 -0.955095
v -1.638666 2.046464 -0.952548
v -1.507399 1.830902 -1.280114
v -1.507327 1.822402 -1.266538
v -1.507399 1.935505 -1.115668
v -1.507327 1.918910 -1.106103
v -1.507327 2.008011 -0.934649
v -1.507399 2.025377 -0.942733
v -1.500963 1.811083 -1.280584
v -1.498068 1.821686 -1.266448
v -1.494039 1.918410 -1.105814
v -1.494039 2.007488 -0.934406
v -1.636812 2.042335 -1.427943
v -1.636812 2.259269 -1.051600
v -1.636812 2.159018 -1.244506
v -1.671669 1.877637 -1.312791
v -1.671669 1.984911 -1.144147
v -1.671669 2.077077 -0.966797
v -1.526435 1.833801 -1.282142
v -1.526435 1.938569 -1.117434
v -1.526435 2.028584 -0.944225
v -1.260809 1.716834 -1.231572
v -1.353971 1.724021 -1.292498
v -1.270717 1.691247 -1.256282
v -1.344057 1.765731 -1.294832
v -1.330575 1.906420 -1.098903
v -1.330575 1.803388 -1.260878
v -1.260967 1.869165 -0.981220
v -1.330575 1.994941 -0.928566
v -1.267872 1.641813 -1.243389
v -1.238479 1.668681 -1.239058
v -1.303778 1.665545 -1.267637
v -1.230851 1.701436 -1.215967
v -1.228629 1.846447 -0.967348
v -1.344689 1.809833 -1.264963
v -1.344712 1.912790 -1.102575
v -1.344712 2.001607 -0.931668
v -1.192585 0.597652 -0.344500
v -1.204606 0.608910 -0.350989
v -1.174785 0.596271 -0.343704
v -0.943190 0.370014 -0.213627
v -0.941030 0.295653 -0.170695
v -0.943190 0.370014 -0.213627
v -0.941030 0.295653 -0.170695
v -1.213012 0.577865 -0.424853
v -1.264922 0.642604 -0.401247
v -1.334294 0.686736 -0.448514
v -1.352843 0.703359 -0.468259
v -1.367735 0.792810 -0.429480
v -1.369254 0.731295 -0.513373
v -1.380843 0.744575 -0.561675
v -1.388262 0.818484 -0.519193
v -1.231790 0.607798 -0.394668
v -1.378922 0.737160 -0.561369
v -1.367848 0.724838 -0.516460
v -1.352399 0.698854 -0.474466
v -1.334154 0.682699 -0.454789
v -1.264614 0.638601 -0.407972
v -1.233765 0.608128 -0.400614
v -1.211736 0.571888 -0.413042
v -1.214229 0.574090 -0.418551
v -1.372232 0.733117 -0.556657
v -1.359939 0.720498 -0.513790
v -1.335569 0.688665 -0.466509
v -1.259101 0.640016 -0.412832
v -1.230397 0.609482 -0.406697
v -1.493170 1.562675 -1.234975
v -1.405552 0.893503 -0.598960
v -1.424596 0.978777 -0.680278
v -1.414812 0.893645 -0.598987
v -1.433854 0.979307 -0.680484
v -1.359416 0.803601 -0.420463
v -1.379552 0.827332 -0.512684
v -1.368675 0.803547 -0.420830
v -1.388804 0.827309 -0.512791
v -1.483871 1.490497 -1.172834
v -1.493130 1.490849 -1.173098
v -1.493169 1.568913 -1.226895
v -1.483910 1.568423 -1.226551
v -1.495522 1.745426 -1.299298
v -1.486264 1.744002 -1.298846
v -1.136231 0.808755 -0.593997
v -1.186463 0.938059 -0.725970
v -1.276564 0.810670 -0.598747
v -1.334821 0.925873 -0.714981
v -1.209180 0.740073 -0.442176
v -1.109739 0.748758 -0.467670
v -1.416354 1.463426 -1.195177
v -1.306919 1.468195 -1.199026
v -1.306560 1.558487 -1.261430
v -1.410567 1.554215 -1.259853
v -1.303778 1.665545 -1.267637
v -1.267872 1.641813 -1.243389
v -1.268199 1.582284 -1.209242
v -1.004685 0.856676 -0.557066
v -1.094493 1.000882 -0.681390
v -1.099279 0.852131 -0.553329
v -1.155446 1.000635 -0.681171
v -1.159531 0.679785 -0.397068
v -0.771533 0.662472 -0.379193
v -0.901912 0.742531 -0.462442
v -1.109739 0.748758 -0.467670
v -1.227663 1.514602 -1.152645
v -1.269141 1.511689 -1.150020
v -1.216638 1.572869 -1.201944
v -1.268199 1.582284 -1.209242
v -1.099279 0.852131 -0.553329
v -1.155446 1.000635 -0.681171
v -1.346184 0.892596 -0.598786
v -1.377813 0.976370 -0.679343
v -1.159531 0.679785 -0.397068
v -1.301343 0.827990 -0.512258
v -1.267682 0.804169 -0.416873
v -1.269141 1.511689 -1.150020
v -1.453429 1.489342 -1.171962
v -1.449048 1.566581 -1.225258
v -1.412555 1.662728 -1.267289
v -1.430649 1.645679 -1.260139
v -1.497990 1.782155 -1.294896
v -1.488708 1.781317 -1.294847
v -1.412555 1.662728 -1.267289
v -1.500453 1.797564 -1.289690
v -1.181868 1.622218 -1.236102
v -1.124705 1.678029 -1.217209
v -1.430649 1.645679 -1.260139
v -1.449048 1.566581 -1.225258
v -1.453429 1.489342 -1.171962
v -1.377813 0.976370 -0.679343
v -1.346184 0.892596 -0.598786
v -1.301343 0.827990 -0.512258
v -1.267682 0.804169 -0.416873
v -1.123272 0.203482 0.058195
v -1.324685 0.202198 -0.050562
v -1.324685 0.203482 0.058195
v -1.123272 0.202198 -0.050562
v -1.123273 0.152138 -0.147122
v -1.324685 0.152138 -0.147122
v -1.123273 0.057310 -0.200390
v -1.324685 0.057310 -0.200390
v -1.123273 -0.051344 -0.205316
v -1.324685 -0.051344 -0.205316
v -1.324685 -0.144888 -0.149826
v -1.123272 -0.144888 -0.149826
v -1.123272 -0.203482 -0.058194
v -1.324685 -0.203482 -0.058194
v -1.123272 -0.202198 0.050565
v -1.324685 -0.202198 0.050565
v -1.324685 -0.152139 0.147124
v -1.123272 -0.152139 0.147124
v -1.324685 -0.057310 0.200391
v -1.123272 -0.057310 0.200391
v -1.324685 0.051343 0.205318
v -1.123272 0.051343 0.205318
v -1.123272 0.144888 0.149828
v -1.324685 0.144888 0.149828
v -1.402408 0.153618 0.043934
v -1.336577 0.203482 0.058195
v -1.336577 0.202198 -0.050562
v -1.402408 0.152648 -0.038172
v -1.402408 0.114856 -0.111069
v -1.336577 0.152138 -0.147122
v -1.336577 0.057310 -0.200390
v -1.402408 0.043266 -0.151283
v -1.336577 -0.051344 -0.205316
v -1.402408 -0.038762 -0.155002
v -1.402408 -0.109383 -0.113111
v -1.336577 -0.144888 -0.149826
v -1.336577 -0.203482 -0.058194
v -1.402408 -0.153618 -0.043933
v -1.336577 -0.202198 0.050565
v -1.402408 -0.152649 0.038174
v -1.402408 -0.114856 0.111071
v -1.336577 -0.152139 0.147124
v -1.402408 -0.043266 0.151285
v -1.336577 -0.057310 0.200391
v -1.336577 0.051343 0.205318
v -1.402408 0.038761 0.155004
v -1.402408 0.109382 0.113112
v -1.336577 0.144888 0.149828
v -1.448763 0.085077 0.024332
v -1.448763 0.074075 -0.041326
v -1.471226 -0.000000 0.000001
v -1.448763 0.023962 -0.083784
v -1.448763 -0.041023 -0.074244
v -1.448763 -0.085078 -0.024331
v -1.448763 -0.074076 0.041328
v -1.448763 -0.023962 0.083786
v -1.448763 0.041023 0.074245
v -1.455216 -2.055063 0.028923
v -1.260982 -2.174732 0.050063
v -1.246785 -2.144285 0.036148
v -1.466360 -2.078962 0.039846
v -1.240904 -2.131674 0.002554
v -1.450601 -2.045164 0.002554
v -1.246785 -2.144285 -0.031040
v -1.450601 -2.045164 0.002554
v -1.240904 -2.131674 0.002554
v -1.455216 -2.055063 -0.023816
v -1.260982 -2.174732 -0.044955
v -1.466360 -2.078962 -0.034738
v -1.275180 -2.205178 -0.031040
v -1.477504 -2.102860 -0.023816
v -1.281060 -2.217789 0.002554
v -1.482120 -2.112761 0.002554
v -1.275180 -2.205178 0.036148
v -1.477504 -2.102860 0.028923
v -1.363925 -2.086075 0.066372
v -1.354477 -2.131135 0.066184
v -1.345381 -2.094722 0.066372
v -1.387303 -2.115827 0.066184
v -1.364016 -2.065885 0.034369
v -1.363925 -2.086075 0.066372
v -1.345381 -2.094722 0.066372
v -1.331188 -2.081193 0.034369
v -1.348353 -2.052682 0.002554
v -1.329810 -2.061329 0.002554
v -1.331188 -2.081193 -0.029261
v -1.348353 -2.052682 0.002554
v -1.329810 -2.061329 0.002554
v -1.364016 -2.065885 -0.029261
v -1.345381 -2.094722 -0.061264
v -1.363925 -2.086075 -0.061264
v -1.354477 -2.131135 -0.061076
v -1.363925 -2.086075 -0.061264
v -1.345381 -2.094722 -0.061264
v -1.387303 -2.115827 -0.061076
v -1.395067 -2.152862 -0.061264
v -1.376525 -2.161508 -0.061264
v -1.377765 -2.181077 -0.029261
v -1.395067 -2.152862 -0.061264
v -1.376525 -2.161508 -0.061264
v -1.410592 -2.165770 -0.029261
v -1.392096 -2.194902 0.002554
v -1.410639 -2.186255 0.002554
v -1.410592 -2.165770 0.034369
v -1.410639 -2.186255 0.002554
v -1.392096 -2.194902 0.002554
v -1.377765 -2.181077 0.034369
v -1.395067 -2.152862 0.066372
v -1.376525 -2.161508 0.066372
v -1.395067 -2.152862 0.066372
v -1.376525 -2.161508 0.066372
v -1.345381 -2.094722 0.066372
v -1.354477 -2.131135 0.066184
v -1.341032 -2.102301 0.057659
v -1.354477 -2.131135 0.066184
v -1.376525 -2.161508 0.066372
v -1.367923 -2.159969 0.057659
v -1.377765 -2.181077 0.034369
v -1.377765 -2.181077 0.034369
v -1.392096 -2.194902 0.002554
v -1.381369 -2.188804 0.002554
v -1.377765 -2.181077 -0.029261
v -1.377765 -2.181077 -0.029261
v -1.376525 -2.161508 -0.061264
v -1.367923 -2.159969 -0.052552
v -1.354477 -2.131135 -0.061076
v -1.354477 -2.131135 -0.061076
v -1.345381 -2.094722 -0.061264
v -1.341032 -2.102301 -0.052552
v -1.331188 -2.081193 -0.029261
v -1.331188 -2.081193 -0.029261
v -1.329810 -2.061329 0.002554
v -1.327586 -2.073466 0.002554
v -1.331188 -2.081193 0.034369
v -1.331188 -2.081193 0.034369
v -1.387303 -2.115827 0.066184
v -1.363925 -2.086075 0.066372
v -1.373859 -2.086994 0.057659
v -1.364016 -2.065885 0.034369
v -1.348353 -2.052682 0.002554
v -1.360413 -2.058159 0.002554
v -1.364016 -2.065885 -0.029261
v -1.363925 -2.086075 -0.061264
v -1.373859 -2.086994 -0.052552
v -1.387303 -2.115827 -0.061076
v -1.395067 -2.152862 -0.061264
v -1.400749 -2.144662 -0.052552
v -1.410592 -2.165770 -0.029261
v -1.410639 -2.186255 0.002554
v -1.414195 -2.173496 0.002554
v -1.410592 -2.165770 0.034369
v -1.395067 -2.152862 0.066372
v -1.400749 -2.144662 0.057659
v -1.387303 -2.115827 0.066184
v -1.373859 -2.086994 0.057659
v -1.387303 -2.115827 0.002554
v -1.364016 -2.065885 0.034369
v -1.360413 -2.058159 0.002554
v -1.364016 -2.065885 -0.029261
v -1.373859 -2.086994 -0.052552
v -1.387303 -2.115827 -0.061076
v -1.400749 -2.144662 -0.052552
v -1.410592 -2.165770 -0.029261
v -1.414195 -2.173496 0.002554
v -1.410592 -2.165770 0.034369
v -1.400749 -2.144662 0.057659
v -1.496055 -2.040663 0.040939
v -1.412925 -2.103870 0.054441
v -1.401962 -2.080358 0.047489
v -1.505325 -2.060793 0.046882
v -1.489267 -2.025930 0.024714
v -1.393935 -2.063145 0.028497
v -1.390997 -2.056845 0.002554
v -1.486783 -2.020538 0.002554
v -1.393935 -2.063145 -0.023390
v -1.489267 -2.025930 -0.019607
v -1.401962 -2.080358 -0.042382
v -1.496055 -2.040663 -0.035832
v -1.412925 -2.103870 -0.049333
v -1.505325 -2.060793 -0.041775
v -1.423890 -2.127383 -0.042382
v -1.514596 -2.080928 -0.035840
v -1.431916 -2.144596 -0.023390
v -1.521383 -2.095670 -0.019614
v -1.434854 -2.150897 0.002554
v -1.523867 -2.101067 0.002554
v -1.431916 -2.144596 0.028497
v -1.521383 -2.095670 0.024722
v -1.423890 -2.127383 0.047489
v -1.514596 -2.080928 0.040947
v -1.511471 -2.057927 0.041351
v -1.503358 -2.040310 0.036147
v -1.520213 -2.053851 0.002554
v -1.497421 -2.027418 0.021946
v -1.495248 -2.022700 0.002554
v -1.497421 -2.027418 -0.016839
v -1.503358 -2.040310 -0.031039
v -1.511471 -2.057927 -0.036243
v -1.519583 -2.075552 -0.031052
v -1.525524 -2.088459 -0.016851
v -1.527699 -2.093184 0.002554
v -1.525524 -2.088459 0.021959
v -1.519583 -2.075552 0.036159
v -0.934525 0.291520 0.180867
v -0.993727 0.210160 0.109932
v -0.993727 0.199784 0.127903
v -0.934525 0.301895 0.162895
v -0.766913 0.230783 0.121839
v -0.766913 0.220408 0.139810
v -0.993727 0.070830 0.226398
v -0.934525 0.126559 0.318840
v -0.993727 0.090329 0.219301
v -0.934526 0.107059 0.325937
v -0.766913 0.098474 0.241679
v -0.766913 0.078974 0.248776
v -0.934526 -0.107996 0.325596
v -0.993727 -0.071767 0.226057
v -0.934525 -0.127496 0.318499
v -0.993727 -0.091267 0.218960
v -0.766913 -0.079912 0.248435
v -0.766913 -0.099412 0.241338
v -0.934525 -0.302394 0.162032
v -0.993727 -0.200283 0.127039
v -0.993727 -0.210659 0.109068
v -0.934525 -0.292019 0.180003
v -0.766913 -0.220906 0.138946
v -0.766913 -0.231282 0.120975
v -0.993727 -0.231481 -0.051857
v -0.934525 -0.335799 -0.070252
v -0.993727 -0.235084 -0.031421
v -0.934525 -0.339402 -0.049816
v -0.766913 -0.258537 -0.035557
v -0.766913 -0.254933 -0.055993
v -0.934525 -0.227976 -0.256324
v -0.993727 -0.159887 -0.175179
v -0.934525 -0.212080 -0.269663
v -0.993727 -0.143991 -0.188518
v -0.766913 -0.175195 -0.193422
v -0.766913 -0.159298 -0.206760
v -0.934525 0.010874 -0.342896
v -0.993727 -0.009877 -0.236968
v -0.993727 0.010874 -0.236968
v -0.934525 -0.009877 -0.342896
v -0.766913 -0.009877 -0.260782
v -0.766913 0.010874 -0.260782
v -0.993727 0.160651 -0.174538
v -0.934525 0.228740 -0.255683
v -0.993727 0.144754 -0.187877
v -0.934525 0.212843 -0.269022
v -0.766913 0.160062 -0.206119
v -0.766913 0.175958 -0.192781
v -0.934525 0.335972 -0.069269
v -0.993727 0.231654 -0.050875
v -0.934525 0.339575 -0.048833
v -0.993727 0.235257 -0.030439
v -0.766913 0.255106 -0.055011
v -0.766913 0.258709 -0.034575
v -1.224917 0.253567 -0.025854
v -1.283143 0.177444 -0.025851
v -1.285605 0.210386 -0.025565
v -1.159698 0.177851 -0.025851
v -1.154731 0.254099 -0.025852
v -1.224816 0.253648 0.030241
v -1.159637 0.177815 0.026152
v -1.154720 0.254105 0.030346
v -1.283143 0.176998 0.030259
v -1.285552 0.210170 0.030540
v -1.222121 0.257656 0.026401
v -1.154456 0.258096 0.026397
v -1.154459 0.258100 -0.021859
v -1.222205 0.257583 -0.021854
v -1.150722 0.254140 -0.021859
v -1.155650 0.177843 0.022025
v -1.155700 0.177863 -0.021856
v -1.150724 0.254141 0.026174
v -1.229372 0.255312 0.026417
v -1.286507 0.214645 -0.021578
v -1.286445 0.214442 0.026677
v -1.229447 0.255230 -0.021839
v -1.289403 0.208145 0.026658
v -1.289461 0.208334 -0.021597
v -1.287135 0.177004 0.026398
v -1.287137 0.177398 -0.021857
v -1.285605 0.210386 -0.025565
v -1.285552 0.210170 0.030540
v -1.159698 0.177851 -0.025851
v -1.283143 0.177444 -0.025851
v -1.159637 0.177815 0.026152
v -1.283143 0.176998 0.030259
v -1.224917 -0.253567 0.025856
v -1.283143 -0.177444 0.025853
v -1.285605 -0.210386 0.025567
v -1.159698 -0.177851 0.025853
v -1.154731 -0.254099 0.025854
v -1.224816 -0.253648 -0.030239
v -1.283143 -0.176999 -0.030257
v -1.159637 -0.177815 -0.026150
v -1.154720 -0.254105 -0.030344
v -1.285552 -0.210170 -0.030539
v -1.222121 -0.257657 -0.026400
v -1.154456 -0.258096 -0.026395
v -1.154459 -0.258101 0.021860
v -1.222205 -0.257583 0.021856
v -1.155650 -0.177844 -0.022023
v -1.150722 -0.254140 0.021861
v -1.150724 -0.254141 -0.026172
v -1.155700 -0.177863 0.021858
v -1.229372 -0.255312 -0.026415
v -1.286507 -0.214645 0.021580
v -1.286445 -0.214442 -0.026675
v -1.229447 -0.255231 0.021841
v -1.287135 -0.177005 -0.026396
v -1.289461 -0.208335 0.021599
v -1.287137 -0.177398 0.021858
v -1.289403 -0.208145 -0.026657
v -1.285605 -0.210386 0.025567
v -1.285552 -0.210170 -0.030539
v -1.159698 -0.177851 0.025853
v -1.283143 -0.177444 0.025853
v -1.159637 -0.177815 -0.026150
v -1.283143 -0.176999 -0.030257
v -0.863781 0.255874 0.000001
v -1.121156 0.224407 -0.081677
v -1.121156 0.238809 0.000001
v -0.863781 0.240442 -0.087513
v -1.127756 0.238372 0.000001
v -1.127756 0.223996 -0.081527
v -1.127756 -0.000000 0.000001
v -1.121156 0.224407 0.081678
v -0.863781 0.240442 0.087515
v -1.127756 0.223996 0.081529
v -1.121156 0.182938 0.153504
v -0.863781 0.196010 0.164473
v -1.127756 0.182603 0.153223
v -0.863781 0.127937 0.221594
v -1.121156 0.119405 0.206816
v -1.127756 0.119186 0.206437
v -1.121156 0.041469 0.235182
v -0.863781 0.044432 0.251987
v -1.127756 0.041393 0.234751
v -0.863781 -0.044432 0.251987
v -1.121156 -0.041469 0.235182
v -1.127756 -0.041393 0.234751
v -1.121156 -0.119405 0.206816
v -0.863781 -0.127937 0.221594
v -1.127756 -0.119186 0.206437
v -1.121156 -0.182939 0.153505
v -0.863781 -0.196011 0.164473
v -1.127756 -0.182604 0.153223
v -0.863781 -0.240443 0.087515
v -1.121156 -0.224407 0.081678
v -1.127756 -0.223996 0.081529
v -0.863781 -0.255874 0.000001
v -1.121156 -0.238810 0.000001
v -1.127756 -0.238372 0.000001
v -1.121156 -0.224407 -0.081677
v -0.863781 -0.240443 -0.087513
v -1.127756 -0.223996 -0.081527
v -1.121156 -0.182939 -0.153503
v -0.863781 -0.196011 -0.164471
v -1.127756 -0.182604 -0.153222
v -0.863781 -0.127937 -0.221592
v -1.121156 -0.119405 -0.206814
v -1.127756 -0.119186 -0.206435
v -0.863781 -0.044432 -0.251985
v -1.121156 -0.041469 -0.235180
v -1.127756 -0.041393 -0.234750
v -1.121156 0.041469 -0.235180
v -0.863781 0.044432 -0.251985
v -1.127756 0.041393 -0.234750
v -1.121156 0.119404 -0.206814
v -0.863781 0.127937 -0.221592
v -1.127756 0.119186 -0.206435
v -1.121156 0.182938 -0.153503
v -0.863781 0.196010 -0.164472
v -1.127756 0.182603 -0.153222
v -1.094494 1.204710 -0.121379
v -1.004685 1.014328 0.123924
v -1.004685 1.014328 -0.123922
v -1.094494 1.204710 0.121380
v -0.771533 0.751224 0.135351
v -0.771533 0.751224 -0.135349
v -0.901912 0.866065 0.123039
v -0.901912 0.866064 -0.123038
v -0.727383 0.691328 0.251624
v -0.727383 0.691328 -0.251622
v -1.227663 1.901159 0.090592
v -1.227663 1.901159 -0.090590
v -1.216638 1.977483 0.090279
v -1.216638 1.977483 -0.090278
v -1.124705 2.067852 -0.146180
v -1.181868 2.037242 0.095834
v -1.181868 2.037242 -0.095832
v -1.124705 2.067852 0.146182
v -1.004685 0.856676 0.557067
v -1.094494 0.844840 0.867355
v -1.004685 0.697364 0.746929
v -1.094494 1.000882 0.681391
v -0.771533 0.488470 0.586562
v -0.901912 0.742532 0.462443
v -0.901912 0.584356 0.650949
v -0.771533 0.662472 0.379194
v -0.727383 0.367848 0.637132
v -1.227663 1.398141 1.291439
v -1.216638 1.572870 1.201945
v -1.216638 1.456810 1.340261
v -1.227663 1.514603 1.152645
v -1.124705 1.678030 1.217209
v -1.181868 1.499018 1.382928
v -1.181868 1.622219 1.236103
v -1.124705 1.490104 1.441171
v -1.094494 0.328731 1.165331
v -1.004685 0.054096 1.020437
v -1.004685 0.298176 0.977399
v -1.094494 0.089660 1.207486
v -0.771533 0.263742 0.716308
v -0.901912 0.271560 0.831543
v -0.901912 0.029221 0.874273
v -0.771533 -0.002845 0.763315
v -0.727383 -0.127752 0.724520
v -1.216638 0.432294 1.931765
v -1.227664 0.240918 1.888007
v -1.227664 0.419348 1.856545
v -1.216638 0.254479 1.963118
v -1.124705 0.503039 2.011054
v -1.124705 0.215119 2.061821
v -1.181868 0.448141 1.989651
v -1.181868 0.259386 2.022934
v -1.094494 -0.497238 1.103999
v -1.004685 -0.614484 0.816473
v -1.004685 -0.399843 0.940396
v -1.094494 -0.707473 0.982621
v -0.771533 -0.492829 0.582905
v -0.901912 -0.326478 0.811554
v -0.901912 -0.539587 0.688516
v -0.771533 -0.258395 0.718255
v -0.727383 -0.563576 0.472897
v -1.227664 -1.029034 1.601157
v -1.216638 -0.910558 1.757691
v -1.216638 -1.066926 1.667413
v -1.227664 -0.872125 1.691748
v -1.124705 -0.907330 1.863903
v -1.181869 -1.101616 1.716388
v -1.181869 -0.935627 1.812221
v -1.124705 -1.160522 1.717723
v -1.004685 -0.995540 0.230472
v -1.094494 -1.090543 0.526095
v -1.094494 -1.173571 0.297977
v -1.004685 -0.910772 0.463371
v -0.771533 -0.752212 0.129747
v -0.771533 -0.659627 0.384122
v -0.901912 -0.855916 0.180594
v -0.901912 -0.771753 0.411831
v -0.727383 -0.735696 0.000001
v -1.227663 -1.817489 0.565108
v -1.216638 -1.827350 0.761175
v -1.216638 -1.889104 0.591506
v -1.227663 -1.755521 0.735363
v -1.124705 -1.893148 0.844613
v -1.124705 -1.993142 0.569883
v -1.181868 -1.881605 0.786833
v -1.181868 -1.947159 0.606725
v -1.094494 -1.090543 -0.526093
v -1.004685 -0.995541 -0.230470
v -1.094494 -1.173571 -0.297975
v -1.004685 -0.910772 -0.463369
v -0.771533 -0.659627 -0.384120
v -0.901912 -0.855916 -0.180592
v -0.901912 -0.771753 -0.411829
v -0.771533 -0.752212 -0.129745
v -0.727383 -0.563576 -0.472895
v -1.216638 -1.827350 -0.761172
v -1.227663 -1.817489 -0.565105
v -1.216638 -1.889105 -0.591504
v -1.227663 -1.755521 -0.735361
v -1.124705 -1.993143 -0.569880
v -1.181868 -1.881606 -0.786830
v -1.181868 -1.947159 -0.606723
v -1.124705 -1.893149 -0.844611
v -1.094494 -0.707473 -0.982619
v -1.094493 -0.497238 -1.103998
v -1.004685 -0.614485 -0.816471
v -1.004685 -0.399844 -0.940394
v -0.771533 -0.258396 -0.718253
v -0.771533 -0.492829 -0.582903
v -0.901912 -0.326478 -0.811552
v -0.901912 -0.539587 -0.688514
v -0.727383 -0.127753 -0.724518
v -1.227663 -0.872126 -1.691746
v -1.227663 -1.029034 -1.601154
v -1.216638 -0.910559 -1.757689
v -1.216638 -1.066926 -1.667410
v -1.181868 -0.935628 -1.812218
v -1.181868 -1.101616 -1.716386
v -1.124705 -0.907331 -1.863901
v -1.124705 -1.160523 -1.717720
v -1.004685 0.298176 -0.977398
v -1.094493 0.089660 -1.207484
v -1.094493 0.328730 -1.165330
v -1.004685 0.054095 -1.020436
v -0.771533 0.263742 -0.716307
v -0.901912 0.029221 -0.874272
v -0.901912 0.271559 -0.831541
v -0.771533 -0.002846 -0.763313
v -0.727383 0.367848 -0.637131
v -1.227663 0.419346 -1.856544
v -1.216638 0.254478 -1.963117
v -1.216638 0.432292 -1.931763
v -1.227663 0.240917 -1.888006
v -1.124705 0.215117 -2.061820
v -1.181868 0.448139 -1.989650
v -1.181868 0.259385 -2.022932
v -1.124705 0.503038 -2.011052
v -1.094493 0.844840 -0.867354
v -1.004685 0.856676 -0.557066
v -1.004685 0.697363 -0.746927
v -1.094493 1.000882 -0.681390
v -0.901912 0.742531 -0.462442
v -0.771533 0.488469 -0.586561
v -0.901912 0.584356 -0.650948
v -0.771533 0.662472 -0.379193
v -1.216638 1.456809 -1.340260
v -1.227663 1.514602 -1.152645
v -1.227663 1.398140 -1.291438
v -1.216638 1.572869 -1.201944
v -1.124705 1.490102 -1.441171
v -1.124705 1.678029 -1.217209
v -1.181868 1.499017 -1.382927
v -1.181868 1.622218 -1.236102
v -1.124705 2.067852 -0.146180
v -1.228629 2.036259 -0.445841
v -0.986417 2.039773 -0.361132
v -0.986417 1.946568 -0.708493
v -0.986417 2.039773 -0.361132
v 1.606534 2.195411 -0.388688
v 1.606534 2.229552 0.000001
v -0.986417 2.071495 0.000001
v -0.986417 1.946568 -0.708493
v 1.606534 2.095094 -0.762551
v 1.657897 2.493108 0.000001
v 1.606534 2.195411 -0.388688
v 1.657897 2.454931 -0.434634
v 1.606534 2.229552 0.000001
v 1.657898 2.342754 -0.852693
v 1.606534 2.095094 -0.762551
v 1.657897 2.493108 0.000001
v 1.657897 2.454931 -0.434634
v 1.593149 2.493107 0.000001
v 1.593149 2.454930 -0.434634
v 1.593149 2.342754 -0.852693
v 1.657898 2.342754 -0.852693
v -0.986417 2.071495 0.000001
v -1.124705 2.067852 0.146182
v -1.230851 2.084984 -0.162177
v -1.226412 1.963891 -0.714798
v -0.986417 2.039773 0.361133
v -1.228629 2.036259 0.445843
v -0.986417 1.946568 0.708494
v 1.606534 2.195411 0.388689
v -0.986417 2.039773 0.361133
v 1.606534 2.095094 0.762552
v -0.986417 1.946568 0.708494
v 1.606534 2.195411 0.388689
v 1.657897 2.454931 0.434636
v 1.657897 2.342755 0.852694
v 1.606534 2.095094 0.762552
v 1.657897 2.454931 0.434636
v 1.593149 2.454930 0.434636
v 1.593149 2.342755 0.852694
v 1.657897 2.342755 0.852694
v -1.230851 2.084984 0.162179
v -1.226412 1.963891 0.714799
v -1.124705 1.678030 1.217209
v -1.228629 1.846446 0.967348
v -0.986417 1.794689 1.034498
v 1.606534 1.931627 1.113431
v -0.986417 1.586858 1.331532
v -0.986417 1.794689 1.034498
v 1.606534 1.707936 1.433129
v 1.657897 1.909832 1.602539
v 1.606534 1.931627 1.113431
v 1.657897 2.159964 1.245050
v 1.606534 1.707936 1.433129
v 1.657897 1.909832 1.602539
v 1.657897 2.159964 1.245050
v 1.593149 1.909832 1.602539
v 1.593149 2.159964 1.245050
v -0.986417 1.586858 1.331532
v -1.124705 1.490104 1.441171
v -1.230851 1.701436 1.215966
v -0.986417 1.330426 1.587786
v -1.228629 1.273283 1.650418
v -0.986418 1.035747 1.793968
v 1.606534 1.431939 1.708937
v -0.986417 1.330426 1.587786
v 1.606534 1.114776 1.930849
v -0.986418 1.035747 1.793968
v 1.606534 1.431939 1.708937
v 1.657897 1.601208 1.910949
v 1.606534 1.114776 1.930849
v 1.657897 1.246554 2.159094
v 1.657897 1.601208 1.910949
v 1.593149 1.601208 1.910949
v 1.657897 1.246554 2.159094
v 1.593149 1.246554 2.159094
v -1.230851 1.492944 1.464438
v -1.226412 1.044965 1.809933
v -1.124705 0.503039 2.011054
v -1.228629 0.792661 1.927905
v -0.986418 0.709849 1.946076
v -0.986418 0.709849 1.946076
v 1.606534 0.764013 2.094563
v 1.606534 0.387158 2.195681
v -0.986418 0.359711 2.040025
v 1.606534 0.764013 2.094563
v 1.657897 0.432924 2.455232
v 1.606534 0.387158 2.195681
v 1.657897 0.854327 2.342161
v 1.593149 0.432924 2.455232
v 1.657897 0.854327 2.342161
v 1.593148 0.854326 2.342161
v 1.657897 0.432924 2.455232
v -0.986418 0.359711 2.040025
v -1.124705 0.215119 2.061821
v -1.230851 0.521768 2.025147
v -1.124705 0.215119 2.061821
v -0.986418 -0.001443 2.071496
v -1.228629 -0.085476 2.082744
v -0.986418 -0.359711 2.040025
v 1.606534 -0.001554 2.229554
v -0.986418 0.359711 2.040025
v 1.606534 0.387158 2.195681
v -0.986418 -0.001443 2.071496
v 1.606534 -0.387157 2.195681
v -0.986418 -0.359711 2.040025
v 1.657897 0.432924 2.455232
v 1.606534 -0.001554 2.229554
v 1.606534 0.387158 2.195681
v 1.657897 -0.001737 2.493109
v 1.657897 -0.432923 2.455232
v 1.606534 -0.387157 2.195681
v 1.657897 -0.001737 2.493109
v 1.657897 0.432924 2.455232
v 1.593149 0.432924 2.455232
v 1.593148 -0.001737 2.493109
v 1.593149 -0.432923 2.455232
v 1.657897 -0.432923 2.455232
v -0.986418 0.359711 2.040025
v -1.226412 -0.362913 2.058180
v -1.124705 -0.907330 1.863903
v -1.228629 -0.632019 1.986373
v -0.986418 -0.707137 1.947063
v 1.606534 -0.761091 2.095626
v -0.986418 -1.035748 1.793968
v -0.986418 -0.707137 1.947063
v 1.606534 -1.114775 1.930849
v 1.657897 -1.246554 2.159096
v 1.606534 -0.761091 2.095626
v 1.657897 -0.851060 2.343351
v 1.606534 -1.114775 1.930849
v 1.593148 -0.851060 2.343350
v 1.593149 -1.246554 2.159096
v 1.657897 -0.851060 2.343351
v 1.657897 -1.246554 2.159096
v -0.986418 -1.035748 1.793968
v -1.124705 -1.160522 1.717723
v -1.230851 -0.902042 1.886739
v -0.986418 -1.332638 1.585931
v -1.228629 -1.404240 1.540532
v -0.986418 -1.586858 1.331532
v 1.606534 -1.434320 1.706938
v -0.986418 -1.332638 1.585931
v 1.606534 -1.707936 1.433129
v -0.986418 -1.586858 1.331532
v 1.606534 -1.434320 1.706938
v 1.657897 -1.603870 1.908716
v 1.657897 -1.909831 1.602539
v 1.606534 -1.707936 1.433129
v 1.657897 -1.603870 1.908716
v 1.593148 -1.603870 1.908715
v 1.657897 -1.909831 1.602539
v 1.593149 -1.909831 1.602539
v -1.230851 -1.182943 1.724560
v -1.226412 -1.600979 1.343382
v -1.124705 -1.893148 0.844613
v -1.228629 -1.760971 1.115397
v -0.986418 -1.793247 1.036999
v -0.986418 -1.793247 1.036999
v 1.606534 -1.930072 1.116124
v 1.606534 -2.095093 0.762553
v -0.986418 -1.946569 0.708494
v 1.657897 -2.342754 0.852694
v 1.606534 -1.930072 1.116124
v 1.657897 -2.158226 1.248060
v 1.606534 -2.095093 0.762553
v 1.657897 -2.342754 0.852694
v 1.593148 -2.158226 1.248060
v 1.593149 -2.342754 0.852694
v 1.657897 -2.158226 1.248060
v -0.986418 -1.946569 0.708494
v -1.124705 -1.993142 0.569883
v -1.230851 -1.903776 0.865505
v -0.986418 -2.040275 0.358291
v -1.228629 -2.065945 0.277488
v -0.986418 -2.071495 0.000001
v 1.606534 -2.195951 0.385628
v -0.986418 -2.040275 0.358291
v 1.606534 -2.229552 0.000001
v -0.986418 -2.071495 0.000001
v 1.606534 -2.195951 0.385628
v 1.657897 -2.455534 0.431214
v 1.606534 -2.229552 0.000001
v 1.657897 -2.493107 0.000001
v 1.657897 -2.455534 0.431214
v 1.593149 -2.455534 0.431213
v 1.593149 -2.493107 0.000001
v 1.657897 -2.493107 0.000001
v -1.230851 -2.014712 0.560710
v -1.226412 -2.089930 0.000001
v -1.124705 -1.993143 -0.569880
v -1.228629 -2.065945 -0.277486
v -0.986417 -2.040275 -0.358289
v 1.606534 -2.195951 -0.385625
v -0.986417 -1.946569 -0.708492
v -0.986417 -2.040275 -0.358289
v 1.606534 -2.095094 -0.762550
v 1.606534 -2.195951 -0.385625
v 1.657897 -2.342754 -0.852691
v 1.606534 -2.095094 -0.762550
v 1.657897 -2.455534 -0.431211
v 1.657897 -2.342754 -0.852691
v 1.657897 -2.455534 -0.431211
v 1.593149 -2.342754 -0.852691
v 1.593149 -2.455534 -0.431211
v -0.986417 -1.946569 -0.708492
v -1.124705 -1.893149 -0.844611
v -1.230851 -2.014712 -0.560707
v -0.986417 -1.793246 -1.036996
v -1.228629 -1.760971 -1.115394
v -0.986417 -1.586858 -1.331529
v 1.606534 -1.930072 -1.116121
v -0.986417 -1.793246 -1.036996
v 1.606534 -1.707936 -1.433126
v -0.986417 -1.586858 -1.331529
v 1.606534 -1.930072 -1.116121
v 1.657897 -2.158226 -1.248057
v 1.657897 -1.909832 -1.602537
v 1.606534 -1.707936 -1.433126
v 1.593149 -2.158226 -1.248057
v 1.657897 -2.158226 -1.248057
v 1.593149 -1.909832 -1.602537
v 1.657897 -1.909832 -1.602537
v -1.230851 -1.903776 -0.865503
v -1.226412 -1.600980 -1.343380
v -1.124705 -1.160523 -1.717720
v -1.228629 -1.404240 -1.540529
v -0.986417 -1.332638 -1.585928
v 1.606534 -1.114776 -1.930846
v -0.986417 -1.035748 -1.793966
v -0.986417 -1.332638 -1.585928
v 1.606534 -1.434320 -1.706936
v 1.657898 -1.246554 -2.159092
v 1.606534 -1.434320 -1.706936
v 1.657897 -1.603871 -1.908713
v 1.606534 -1.114776 -1.930846
v 1.657898 -1.246554 -2.159092
v 1.657897 -1.603871 -1.908713
v 1.593149 -1.246554 -2.159092
v 1.593149 -1.603871 -1.908712
v -0.986417 -1.035748 -1.793966
v -1.124705 -0.907331 -1.863901
v -1.230851 -1.182943 -1.724559
v -0.986417 -0.707138 -1.947061
v -1.228629 -0.632020 -1.986372
v -0.986417 -0.359712 -2.040024
v 1.606534 -0.761092 -2.095624
v -0.986417 -0.707138 -1.947061
v 1.606534 -0.387158 -2.195678
v -0.986417 -0.359712 -2.040024
v 1.606534 -0.761092 -2.095624
v 1.657897 -0.851061 -2.343348
v 1.657898 -0.432925 -2.455230
v 1.606534 -0.387158 -2.195678
v 1.657897 -0.851061 -2.343348
v 1.593149 -0.851061 -2.343348
v 1.593149 -0.432925 -2.455230
v 1.657898 -0.432925 -2.455230
v -1.230851 -0.902042 -1.886737
v -1.226412 -0.362914 -2.058178
v -1.124705 0.215117 -2.061820
v -1.228629 -0.085477 -2.082742
v -0.986417 -0.001445 -2.071494
v -0.986417 -0.359712 -2.040024
v -0.986417 0.359710 -2.040024
v 1.606534 -0.001555 -2.229552
v 1.606534 0.387157 -2.195679
v -0.986417 -0.001445 -2.071494
v -0.986417 -0.359712 -2.040024
v 1.606534 -0.387158 -2.195678
v 1.657898 0.432922 -2.455230
v 1.606534 -0.001555 -2.229552
v 1.657897 -0.001739 -2.493107
v 1.606534 0.387157 -2.195679
v 1.657898 -0.432925 -2.455230
v 1.606534 -0.387158 -2.195678
v 1.657898 0.432922 -2.455230
v 1.657897 -0.001739 -2.493107
v 1.593149 0.432922 -2.455230
v 1.593149 -0.001739 -2.493107
v 1.593149 -0.432925 -2.455230
v 1.657898 -0.432925 -2.455230
v -0.986417 0.359710 -2.040024
v -1.124705 0.503038 -2.011052
v -1.230851 0.202338 -2.081469
v -1.226412 -0.362914 -2.058178
v -0.986417 0.709848 -1.946074
v -1.228629 0.792660 -1.927903
v -0.986417 1.035746 -1.793967
v -0.986417 0.709848 -1.946074
v 1.606534 0.764012 -2.094562
v -0.986417 1.035746 -1.793967
v 1.606534 1.114774 -1.930848
v 1.606534 0.764012 -2.094562
v 1.657897 0.854325 -2.342161
v 1.606534 1.114774 -1.930848
v 1.657898 1.246552 -2.159095
v 1.657897 0.854325 -2.342161
v 1.593149 0.854325 -2.342161
v 1.593149 1.246552 -2.159094
v 1.657898 1.246552 -2.159095
v -1.230851 0.521767 -2.025145
v -1.226412 1.044964 -1.809932
v -1.124705 1.490102 -1.441171
v -1.228629 1.273282 -1.650417
v -0.986417 1.330425 -1.587785
v -0.986417 1.586857 -1.331531
v 1.606534 1.431937 -1.708936
v 1.606534 1.707935 -1.433128
v -0.986417 1.330425 -1.587785
v 1.606534 1.431937 -1.708936
v 1.657898 1.909831 -1.602538
v 1.606534 1.707935 -1.433128
v 1.657897 1.601207 -1.910948
v 1.657898 1.909831 -1.602538
v 1.657897 1.601207 -1.910948
v 1.593149 1.909831 -1.602538
v 1.593149 1.601207 -1.910948
v -0.986417 1.586857 -1.331531
v -1.124705 1.678029 -1.217209
v -1.230851 1.492943 -1.464438
v -0.986417 1.794689 -1.034498
v -1.228629 1.846447 -0.967348
v 1.606534 1.931626 -1.113431
v -0.986417 1.794689 -1.034498
v 1.606534 1.931626 -1.113431
v 1.657897 2.159963 -1.245049
v 1.657897 2.159963 -1.245049
v 1.593149 2.159963 -1.245049
v -1.230851 1.701436 -1.215967
v -1.230851 0.202339 2.081471
v -0.727383 0.691328 -0.251622
v -0.727383 0.691328 0.251624
v -0.727383 -0.000000 0.000001
v -0.727383 0.367848 0.637132
v -0.727383 -0.127752 0.724520
v -0.727383 -0.563576 0.472897
v -0.727383 -0.735696 0.000001
v -0.727383 -0.563576 -0.472895
v -0.727383 -0.127753 -0.724518
v -0.727383 0.367848 -0.637131
v -0.340635 1.052722 -1.448949
v -0.004723 0.728464 -1.636159
v -0.340635 0.728464 -1.636159
v -0.004723 1.052723 -1.448949
v -0.004723 0.000001 1.790998
v -0.340635 0.000001 1.790998
v -0.004723 -0.372369 1.751860
v -0.340635 -0.372369 1.751860
v -0.004723 0.000001 1.790998
v -0.004723 -0.372369 1.751860
v -0.004723 0.000000 -0.000000
v -0.004723 -0.372369 1.751860
v -0.340635 -0.372369 1.751860
v -0.004723 -0.728464 1.636159
v -0.340635 -0.728464 1.636159
v -0.004723 -0.728464 1.636159
v -0.004723 -0.728464 1.636159
v -0.340635 -0.728464 1.636159
v -0.004723 -1.052722 1.448949
v -0.340635 -1.052722 1.448949
v -0.004723 -1.052722 1.448949
v -0.004723 -1.052722 1.448949
v -0.340635 -1.330971 1.198412
v -0.004723 -1.330971 1.198412
v -0.340635 -1.052722 1.448949
v -0.004723 -1.330971 1.198412
v -0.340635 -1.551050 0.895500
v -0.004723 -1.330971 1.198412
v -0.340635 -1.330971 1.198412
v -0.004723 -1.551050 0.895500
v -0.004723 -1.551050 0.895500
v -0.340635 -1.703341 0.553449
v -0.004723 -1.551050 0.895500
v -0.340635 -1.551050 0.895500
v -0.004723 -1.703341 0.553449
v -0.004723 -1.703341 0.553449
v -0.340635 -1.781187 0.187211
v -0.004723 -1.703341 0.553449
v -0.340635 -1.703341 0.553449
v -0.004723 -1.781187 0.187211
v -0.004723 -1.781187 0.187211
v -0.340635 -1.781187 -0.187210
v -0.004723 -1.781187 0.187211
v -0.340635 -1.781187 0.187211
v -0.004723 -1.781187 -0.187210
v -0.004723 -1.781187 -0.187210
v -0.340635 -1.703341 -0.553449
v -0.004723 -1.781187 -0.187210
v -0.340635 -1.781187 -0.187210
v -0.004723 -1.703341 -0.553448
v -0.004723 -1.703341 -0.553448
v -0.004723 -1.551051 -0.895499
v -0.340635 -1.703341 -0.553449
v -0.340635 -1.551051 -0.895499
v -0.004723 -1.703341 -0.553448
v -0.004723 -1.551051 -0.895499
v -0.340635 -1.330972 -1.198412
v -0.004723 -1.551051 -0.895499
v -0.340635 -1.551051 -0.895499
v -0.004723 -1.330971 -1.198412
v -0.004723 -1.330971 -1.198412
v -0.340635 -1.052723 -1.448948
v -0.004723 -1.330971 -1.198412
v -0.340635 -1.330972 -1.198412
v -0.004723 -1.052723 -1.448948
v -0.004723 -1.052723 -1.448948
v -0.340635 -0.728465 -1.636158
v -0.004723 -1.052723 -1.448948
v -0.340635 -1.052723 -1.448948
v -0.004723 -0.728465 -1.636158
v -0.004723 -0.728465 -1.636158
v -0.340635 -0.372370 -1.751861
v -0.004723 -0.728465 -1.636158
v -0.340635 -0.728465 -1.636158
v -0.004723 -0.372370 -1.751861
v -0.004723 -0.372370 -1.751861
v -0.340635 -0.000001 -1.790999
v -0.004723 -0.372370 -1.751861
v -0.340635 -0.372370 -1.751861
v -0.004723 -0.000001 -1.790999
v -0.004723 -0.000001 -1.790999
v -0.340635 0.372369 -1.751861
v -0.004723 -0.000001 -1.790999
v -0.340635 -0.000001 -1.790999
v -0.004723 0.372369 -1.751861
v -0.004723 0.372369 -1.751861
v -0.340635 0.728464 -1.636159
v -0.004723 0.372369 -1.751861
v -0.340635 0.372369 -1.751861
v -0.004723 0.728464 -1.636159
v -0.004723 0.728464 -1.636159
v -0.004723 1.052723 -1.448949
v -0.340635 1.330971 -1.198413
v -0.004723 1.052723 -1.448949
v -0.340635 1.052722 -1.448949
v -0.004723 1.330971 -1.198413
v -0.004723 1.330971 -1.198413
v -0.004723 1.551051 -0.895500
v -0.340635 1.330971 -1.198413
v -0.340635 1.551051 -0.895500
v -0.004723 1.330971 -1.198413
v -0.004723 1.551051 -0.895500
v -0.004723 1.703341 -0.553450
v -0.340635 1.551051 -0.895500
v -0.340635 1.703341 -0.553450
v -0.004723 1.551051 -0.895500
v -0.004723 1.703341 -0.553450
v -0.004723 1.781187 -0.187211
v -0.340635 1.703341 -0.553450
v -0.340635 1.781187 -0.187211
v -0.004723 1.703341 -0.553450
v -0.004723 1.781187 -0.187211
v -0.004723 1.781187 0.187209
v -0.340635 1.781187 -0.187211
v -0.340635 1.781187 0.187209
v -0.004723 1.781187 -0.187211
v -0.004723 1.781187 0.187209
v -0.004723 1.703342 0.553448
v -0.340635 1.781187 0.187209
v -0.340635 1.703342 0.553448
v -0.004723 1.781187 0.187209
v -0.004723 1.703342 0.553448
v -0.004723 1.551051 0.895498
v -0.340635 1.703342 0.553448
v -0.340635 1.551051 0.895498
v -0.004723 1.703342 0.553448
v -0.004723 1.551051 0.895498
v -0.004723 1.330972 1.198411
v -0.340635 1.551051 0.895498
v -0.340635 1.330972 1.198411
v -0.004723 1.551051 0.895498
v -0.004723 1.330972 1.198411
v -0.004723 1.330972 1.198411
v -0.340635 1.330972 1.198411
v -0.004723 1.052724 1.448948
v -0.340635 1.052724 1.448948
v -0.004723 1.052724 1.448948
v -0.004723 1.052724 1.448948
v -0.340635 1.052724 1.448948
v -0.004723 0.728465 1.636158
v -0.340635 0.728465 1.636158
v -0.004723 0.728465 1.636158
v -0.004723 0.728465 1.636158
v -0.340635 0.728465 1.636158
v -0.004723 0.372370 1.751860
v -0.340635 0.372370 1.751860
v -0.004723 0.372370 1.751860
v -0.004723 0.372370 1.751860
v -0.340635 0.372370 1.751860
v -0.004723 0.000001 1.790998
v -0.340635 0.000001 1.790998
v -0.340635 -1.052722 1.448949
v -0.340635 -0.468840 1.053031
v -0.340635 -0.677532 0.932543
v -0.340635 -0.728464 1.636159
v -0.340635 -0.372369 1.751860
v -0.340635 -0.239657 1.127497
v -0.340635 -0.856613 0.771298
v -0.340635 -1.330971 1.198412
v -0.340635 0.000001 1.790998
v -0.340635 0.000000 1.152686
v -0.340635 -0.998256 0.576343
v -0.340635 -1.551050 0.895500
v -0.340635 0.239658 1.127497
v -0.340635 0.372370 1.751860
v -0.340635 -1.703341 0.553449
v -0.340635 -1.096270 0.356200
v -0.340635 0.468840 1.053031
v -0.340635 0.728465 1.636158
v -0.340635 -1.146372 0.120489
v -0.340635 -1.781187 0.187211
v -0.340635 1.052724 1.448948
v -0.340635 0.677533 0.932543
v -0.340635 -1.146372 -0.120488
v -0.340635 -1.781187 -0.187210
v -0.340635 0.856614 0.771297
v -0.340635 1.330972 1.198411
v -0.340635 -1.703341 -0.553449
v -0.340635 -1.096271 -0.356200
v -0.340635 0.998256 0.576343
v -0.340635 1.551051 0.895498
v -0.340635 -0.998256 -0.576343
v -0.340635 -1.551051 -0.895499
v -0.340635 1.703342 0.553448
v -0.340635 1.096271 0.356199
v -0.340635 -1.330972 -1.198412
v -0.340635 -0.856614 -0.771298
v -0.340635 1.781187 0.187209
v -0.340635 1.146372 0.120488
v -0.340635 -0.677533 -0.932543
v -0.340635 -1.052723 -1.448948
v -0.340635 1.146372 -0.120489
v -0.340635 1.781187 -0.187211
v -0.340635 -0.468840 -1.053032
v -0.340635 -0.728465 -1.636158
v -0.340635 1.703341 -0.553450
v -0.340635 1.096270 -0.356200
v -0.340635 -0.372370 -1.751861
v -0.340635 -0.239657 -1.127498
v -0.340635 0.998256 -0.576344
v -0.340635 1.551051 -0.895500
v -0.340635 -0.000001 -1.790999
v -0.340635 -0.000000 -1.152687
v -0.340635 1.330971 -1.198413
v -0.340635 0.856613 -0.771299
v -0.340635 0.239657 -1.127498
v -0.340635 0.372369 -1.751861
v -0.340635 1.052722 -1.448949
v -0.340635 0.677532 -0.932544
v -0.340635 0.468840 -1.053032
v -0.340635 0.728464 -1.636159
v -0.700883 -0.265950 0.597333
v -0.700883 -0.000000 -0.000000
v -0.700883 -0.384331 0.528986
v -0.700883 -0.135945 0.639574
v -0.700883 -0.485914 0.437519
v -0.700883 0.000000 0.653862
v -0.700883 -0.566261 0.326931
v -0.700883 0.135946 0.639574
v -0.700883 -0.621860 0.202054
v -0.700883 0.265950 0.597333
v -0.700883 -0.650281 0.068347
v -0.700883 0.384331 0.528985
v -0.700883 -0.650281 -0.068347
v -0.700883 0.485915 0.437519
v -0.700883 -0.621860 -0.202055
v -0.700883 0.566262 0.326931
v -0.700883 -0.566262 -0.326931
v -0.700883 0.621860 0.202054
v -0.700883 -0.485915 -0.437520
v -0.700883 0.650281 0.068347
v -0.700883 -0.384331 -0.528986
v -0.700883 0.650281 -0.068348
v -0.700883 -0.265950 -0.597333
v -0.700883 0.621860 -0.202055
v -0.700883 -0.135946 -0.639574
v -0.700883 0.566261 -0.326932
v -0.700883 -0.000000 -0.653863
v -0.700883 0.485914 -0.437520
v -0.700883 0.135945 -0.639574
v -0.700883 0.384331 -0.528986
v -0.700883 0.265950 -0.597334
v -0.420635 -0.367874 0.826260
v -0.700883 -0.265950 0.597333
v -0.420635 -0.531625 0.731719
v -0.700883 -0.384331 0.528986
v -0.420635 -0.188046 0.884690
v -0.700883 -0.135945 0.639574
v -0.420635 0.000000 0.904454
v -0.700883 0.000000 0.653862
v -0.700883 0.135946 0.639574
v -0.420635 0.188047 0.884689
v -0.700883 0.265950 0.597333
v -0.420635 0.367875 0.826260
v -0.700883 0.384331 0.528985
v -0.420635 0.531625 0.731718
v -0.420635 0.672141 0.605197
v -0.700883 0.485915 0.437519
v -0.700883 0.566262 0.326931
v -0.420635 0.783281 0.452227
v -0.420635 0.860187 0.279491
v -0.700883 0.621860 0.202054
v -0.420635 0.899500 0.094541
v -0.700883 0.650281 0.068347
v -0.420635 0.899500 -0.094542
v -0.700883 0.650281 -0.068348
v -0.420635 0.860187 -0.279492
v -0.700883 0.621860 -0.202055
v -0.420635 0.783280 -0.452228
v -0.700883 0.566261 -0.326932
v -0.420635 0.672140 -0.605199
v -0.700883 0.485914 -0.437520
v -0.420635 0.531625 -0.731719
v -0.700883 0.384331 -0.528986
v -0.420635 0.367874 -0.826261
v -0.700883 0.265950 -0.597334
v -0.420635 0.188046 -0.884690
v -0.700883 0.135945 -0.639574
v -0.420635 -0.000000 -0.904455
v -0.700883 -0.000000 -0.653863
v -0.420635 -0.188047 -0.884690
v -0.700883 -0.135946 -0.639574
v -0.420635 -0.367875 -0.826260
v -0.700883 -0.265950 -0.597333
v -0.420635 -0.531625 -0.731719
v -0.700883 -0.384331 -0.528986
v -0.700883 -0.485915 -0.437520
v -0.420635 -0.672141 -0.605198
v -0.700883 -0.566262 -0.326931
v -0.420635 -0.783281 -0.452227
v -0.420635 -0.860187 -0.279492
v -0.700883 -0.621860 -0.202055
v -0.420635 -0.899500 -0.094541
v -0.700883 -0.650281 -0.068347
v -0.420635 -0.899500 0.094541
v -0.700883 -0.650281 0.068347
v -0.420635 -0.860187 0.279492
v -0.700883 -0.621860 0.202054
v -0.420635 -0.783280 0.452227
v -0.700883 -0.566261 0.326931
v -0.420635 -0.672140 0.605198
v -0.700883 -0.485914 0.437519
v -0.340635 -0.468840 1.053031
v -0.420635 -0.634489 0.873300
v -0.340635 -0.677532 0.932543
v -0.420635 -0.439055 0.986134
v -0.340635 -0.239657 1.127497
v -0.420635 -0.224432 1.055869
v -0.340635 -0.856613 0.771298
v -0.420635 -0.802194 0.722299
v -0.340635 0.000000 1.152686
v -0.420635 0.000000 1.079458
v -0.420635 -0.934838 0.539729
v -0.340635 -0.998256 0.576343
v -0.340635 0.239658 1.127497
v -0.420635 0.224432 1.055869
v -0.340635 -1.096270 0.356200
v -0.420635 -1.026626 0.333571
v -0.340635 0.468840 1.053031
v -0.420635 0.439056 0.986134
v -0.340635 -1.146372 0.120489
v -0.420635 -1.073545 0.112834
v -0.420635 0.634490 0.873299
v -0.340635 0.677533 0.932543
v -0.340635 -1.146372 -0.120488
v -0.420635 -1.073545 -0.112834
v -0.420635 0.802194 0.722298
v -0.340635 0.856614 0.771297
v -0.420635 -1.026626 -0.333571
v -0.340635 -1.096271 -0.356200
v -0.420635 0.934838 0.539728
v -0.340635 0.998256 0.576343
v -0.420635 -0.934838 -0.539729
v -0.340635 -0.998256 -0.576343
v -0.340635 1.096271 0.356199
v -0.420635 1.026626 0.333570
v -0.340635 -0.856614 -0.771298
v -0.420635 -0.802194 -0.722298
v -0.340635 1.146372 0.120488
v -0.420635 1.073545 0.112833
v -0.340635 -0.677533 -0.932543
v -0.420635 -0.634490 -0.873300
v -0.420635 1.073545 -0.112835
v -0.340635 1.146372 -0.120489
v -0.420635 -0.439056 -0.986134
v -0.340635 -0.468840 -1.053032
v -0.420635 1.026626 -0.333571
v -0.340635 1.096270 -0.356200
v -0.340635 -0.239657 -1.127498
v -0.420635 -0.224432 -1.055870
v -0.420635 0.934838 -0.539730
v -0.340635 0.998256 -0.576344
v -0.340635 -0.000000 -1.152687
v -0.420635 -0.000000 -1.079459
v -0.340635 0.856613 -0.771299
v -0.420635 0.802194 -0.722299
v -0.420635 0.224432 -1.055870
v -0.340635 0.239657 -1.127498
v -0.340635 0.677532 -0.932544
v -0.420635 0.634489 -0.873301
v -0.420635 0.439055 -0.986135
v -0.340635 0.468840 -1.053032
v -0.420635 -0.634489 0.873300
v -0.420635 -0.439055 0.986134
v -0.420635 -0.367874 0.826260
v -0.420635 -0.531625 0.731719
v -0.420635 -0.224432 1.055869
v -0.420635 -0.188046 0.884690
v -0.420635 -0.672140 0.605198
v -0.420635 -0.802194 0.722299
v -0.420635 0.000000 1.079458
v -0.420635 0.000000 0.904454
v -0.420635 -0.783280 0.452227
v -0.420635 -0.934838 0.539729
v -0.420635 0.224432 1.055869
v -0.420635 0.188047 0.884689
v -0.420635 -1.026626 0.333571
v -0.420635 -0.860187 0.279492
v -0.420635 0.439056 0.986134
v -0.420635 0.367875 0.826260
v -0.420635 -1.073545 0.112834
v -0.420635 -0.899500 0.094541
v -0.420635 0.531625 0.731718
v -0.420635 0.634490 0.873299
v -0.420635 -0.899500 -0.094541
v -0.420635 -1.073545 -0.112834
v -0.420635 0.802194 0.722298
v -0.420635 0.672141 0.605197
v -0.420635 -0.860187 -0.279492
v -0.420635 -1.026626 -0.333571
v -0.420635 0.783281 0.452227
v -0.420635 0.934838 0.539728
v -0.420635 -0.783281 -0.452227
v -0.420635 -0.934838 -0.539729
v -0.420635 0.860187 0.279491
v -0.420635 1.026626 0.333570
v -0.420635 -0.802194 -0.722298
v -0.420635 -0.672141 -0.605198
v -0.420635 1.073545 0.112833
v -0.420635 0.899500 0.094541
v -0.420635 -0.531625 -0.731719
v -0.420635 -0.634490 -0.873300
v -0.420635 1.073545 -0.112835
v -0.420635 0.899500 -0.094542
v -0.420635 -0.367875 -0.826260
v -0.420635 -0.439056 -0.986134
v -0.420635 1.026626 -0.333571
v -0.420635 0.860187 -0.279492
v -0.420635 -0.224432 -1.055870
v -0.420635 -0.188047 -0.884690
v -0.420635 0.934838 -0.539730
v -0.420635 0.783280 -0.452228
v -0.420635 -0.000000 -1.079459
v -0.420635 -0.000000 -0.904455
v -0.420635 0.802194 -0.722299
v -0.420635 0.672140 -0.605199
v -0.420635 0.188046 -0.884690
v -0.420635 0.224432 -1.055870
v -0.420635 0.634489 -0.873301
v -0.420635 0.531625 -0.731719
v -0.420635 0.367874 -0.826261
v -0.420635 0.439055 -0.986135
vn -0.9980 -0.0115 -0.0624
vn -1.0000 0.0038 0.0092
vn -0.9980 -0.0211 -0.0599
vn -1.0000 0.0023 0.0097
vn -0.0008 -0.1961 -0.9806
vn 0.1939 -0.1928 -0.9619
vn 0.1569 -0.2305 -0.9604
vn -0.0008 -0.2459 -0.9693
vn -0.9465 -0.0000 -0.3227
vn -0.9465 -0.0253 -0.3218
vn -0.8972 -0.0000 -0.4416
vn -0.8319 -0.0436 -0.5532
vn -1.0000 0.0004 0.0007
vn -0.9980 -0.0288 -0.0565
vn -0.0008 -0.3217 -0.9469
vn 0.1569 -0.3050 -0.9393
vn 0.1569 -0.3779 -0.9125
vn -0.0008 -0.3946 -0.9189
vn -0.9465 0.0505 -0.3188
vn -0.9465 0.0253 -0.3218
vn -0.8972 0.0690 -0.4361
vn -0.8319 0.0435 -0.5532
vn -0.9980 -0.0000 -0.0634
vn -0.9998 -0.0000 0.0221
vn -0.0008 -0.4657 -0.8849
vn 0.1570 -0.4481 -0.8801
vn 0.1566 -0.5161 -0.8421
vn -0.0008 -0.5335 -0.8458
vn -0.9465 0.0753 -0.3139
vn -0.8972 0.1364 -0.4199
vn -0.9465 0.0997 -0.3070
vn -0.8319 0.1295 -0.5396
vn -0.9980 -0.0373 -0.0513
vn -0.9998 0.0130 0.0179
vn -0.0008 -0.5983 -0.8013
vn 0.1570 -0.5802 -0.7992
vn 0.1570 -0.6413 -0.7511
vn -0.0008 -0.6594 -0.7518
vn -0.8973 0.2004 -0.3934
vn -0.9465 0.1235 -0.2982
vn -0.8319 0.2123 -0.5126
vn -0.9465 0.1465 -0.2876
vn -1.0000 -0.0022 0.0097
vn -0.9980 0.0115 -0.0624
vn 0.1197 -0.7019 -0.7021
vn -0.0008 -0.7518 -0.6594
vn -0.0008 -0.7070 -0.7072
vn 0.1566 -0.7511 -0.6414
vn -0.8972 0.2595 -0.3573
vn -0.9465 0.1686 -0.2752
vn -0.8319 0.2899 -0.4731
vn -0.9465 0.1897 -0.2611
vn -1.0000 0.0075 0.0065
vn -0.9980 -0.0460 -0.0437
vn 0.1570 -0.7991 -0.5804
vn -0.0008 -0.8456 -0.5337
vn -0.0008 -0.8013 -0.5983
vn 0.1566 -0.8422 -0.5160
vn -0.8665 0.3545 -0.3515
vn -0.9465 0.2096 -0.2454
vn -0.8319 0.3604 -0.4219
vn -0.9465 0.2312 -0.2252
vn -1.0000 -0.0002 0.0008
vn -0.9980 0.0196 -0.0603
vn 0.1570 -0.8800 -0.4482
vn -0.0008 -0.9187 -0.3950
vn -0.0008 -0.8851 -0.4654
vn 0.1570 -0.9125 -0.3777
vn -0.8972 0.3357 -0.2867
vn -0.9465 0.2611 -0.1897
vn -0.9465 0.2454 -0.2096
vn -0.8320 0.4488 -0.3262
vn -1.0000 0.0084 0.0052
vn -0.9980 -0.0523 -0.0360
vn 0.1566 -0.9393 -0.3052
vn -0.0008 -0.9691 -0.2465
vn -0.0008 -0.9470 -0.3211
vn 0.1569 -0.9604 -0.2303
vn -0.8973 0.3765 -0.2307
vn -0.9465 0.2875 -0.1466
vn -0.9465 0.2752 -0.1686
vn -0.8320 0.4943 -0.2520
vn -0.9980 0.0274 -0.0573
vn -1.0000 -0.0038 0.0091
vn 0.1566 -0.9755 -0.1545
vn -0.0008 -0.9958 -0.0919
vn -0.0008 -0.9856 -0.1689
vn 0.1570 -0.9846 -0.0772
vn -0.8973 0.4079 -0.1690
vn -0.9465 0.3069 -0.0998
vn -0.9465 0.2982 -0.1235
vn -0.8320 0.5277 -0.1715
vn -1.0000 0.0091 0.0038
vn -0.9980 -0.0573 -0.0274
vn -0.0008 -1.0000 -0.0000
vn 0.1941 -0.9810 -0.0000
vn 0.1569 -0.9846 0.0773
vn -0.0008 -0.9958 0.0920
vn -0.8973 0.4293 -0.1031
vn -0.9465 0.3188 -0.0505
vn -0.9465 0.3138 -0.0753
vn -0.8320 0.5480 -0.0868
vn -0.9980 0.0360 -0.0523
vn -1.0000 -0.0052 0.0084
vn -0.0008 -0.9810 0.1939
vn 0.1939 -0.9623 0.1906
vn 0.1569 -0.9604 0.2304
vn -0.0008 -0.9691 0.2465
vn -0.8973 0.4401 -0.0347
vn -0.9465 0.3227 -0.0000
vn -0.9465 0.3217 -0.0253
vn -0.8320 0.5548 -0.0000
vn -1.0000 0.0007 0.0002
vn -0.9980 -0.0603 -0.0196
vn -0.0008 -0.9470 0.3212
vn 0.1570 -0.9393 0.3051
vn 0.1571 -0.9125 0.3777
vn -0.0008 -0.9187 0.3950
vn -0.8973 0.4401 0.0346
vn -0.9465 0.3188 0.0505
vn -0.9465 0.3217 0.0253
vn -0.8320 0.5480 0.0868
vn -0.9980 0.0437 -0.0460
vn -1.0000 -0.0065 0.0075
vn -0.0008 -0.8850 0.4655
vn 0.1566 -0.8799 0.4485
vn 0.1570 -0.8422 0.5158
vn -0.0008 -0.8456 0.5338
vn -0.9465 0.3070 0.0997
vn -0.8973 0.4293 0.1030
vn -0.8320 0.5277 0.1715
vn -0.9465 0.3138 0.0753
vn -1.0000 0.0096 0.0022
vn -0.9980 -0.0624 -0.0115
vn -0.0008 -0.8012 0.5983
vn 0.1570 -0.7990 0.5804
vn 0.1570 -0.7511 0.6412
vn -0.0008 -0.7518 0.6594
vn -0.9465 0.2876 0.1465
vn -0.8973 0.4079 0.1689
vn -0.8320 0.4944 0.2519
vn -0.9465 0.2982 0.1235
vn -0.9980 0.0513 -0.0373
vn -0.9998 -0.0179 0.0130
vn -0.0008 -0.6593 0.7519
vn 0.1197 -0.7019 0.7021
vn 0.1566 -0.6414 0.7510
vn -0.0008 -0.7070 0.7072
vn -0.9465 0.2611 0.1897
vn -0.8972 0.3765 0.2307
vn -0.8320 0.4489 0.3262
vn -0.9465 0.2752 0.1686
vn -1.0000 0.0098 0.0007
vn -0.9980 -0.0634 -0.0016
vn -0.0008 -0.5334 0.8458
vn 0.1571 -0.5801 0.7992
vn 0.1570 -0.5158 0.8422
vn -0.0008 -0.5983 0.8013
vn -0.9465 0.2312 0.2253
vn -0.8972 0.3358 0.2867
vn -0.8665 0.3545 0.3515
vn -0.9465 0.2454 0.2096
vn -0.9980 0.0573 -0.0273
vn -1.0000 -0.0091 0.0038
vn -0.0008 -0.3945 0.9189
vn 0.1570 -0.4480 0.8801
vn 0.1566 -0.3780 0.9125
vn -0.0008 -0.4657 0.8849
vn -0.8972 0.2595 0.3572
vn -0.9465 0.2096 0.2454
vn -0.8320 0.3604 0.4219
vn -0.9465 0.1897 0.2611
vn -0.9980 -0.0627 0.0099
vn -0.9998 0.0218 -0.0035
vn -0.0008 -0.2458 0.9693
vn 0.1571 -0.3048 0.9394
vn 0.1570 -0.2303 0.9604
vn -0.0008 -0.3216 0.9469
vn -0.8972 0.2004 0.3934
vn -0.9465 0.1687 0.2752
vn -0.8320 0.2899 0.4731
vn -0.9465 0.1465 0.2876
vn -0.9980 0.0603 -0.0196
vn -1.0000 -0.0007 0.0002
vn -0.0008 -0.0911 0.9958
vn 0.1566 -0.1544 0.9755
vn 0.1571 -0.0772 0.9846
vn -0.0008 -0.1697 0.9855
vn -0.8972 0.1364 0.4199
vn -0.9465 0.1235 0.2982
vn -0.8319 0.2124 0.5126
vn -0.9465 0.0997 0.3069
vn -1.0000 0.0092 -0.0037
vn -0.9980 -0.0598 0.0212
vn 0.1569 0.0774 0.9846
vn -0.0008 0.0912 0.9958
vn -0.0008 -0.0000 1.0000
vn 0.1941 -0.0000 0.9810
vn -0.8973 0.0691 0.4361
vn -0.9465 0.0754 0.3138
vn -0.8319 0.1296 0.5395
vn -0.9465 0.0505 0.3188
vn -0.9980 0.0627 -0.0099
vn -0.9998 -0.0218 0.0035
vn 0.1566 0.2306 0.9604
vn -0.0008 0.2459 0.9693
vn -0.0008 0.1961 0.9806
vn 0.1939 0.1928 0.9619
vn -0.8972 -0.0000 0.4415
vn -0.9465 0.0253 0.3218
vn -0.8319 0.0436 0.5532
vn -0.9465 -0.0000 0.3227
vn -1.0000 0.0085 -0.0051
vn -0.9980 -0.0558 0.0303
vn 0.1570 0.3778 0.9125
vn -0.0008 0.3946 0.9189
vn -0.0008 0.3217 0.9469
vn 0.1571 0.3049 0.9394
vn -0.8319 -0.0435 0.5532
vn -0.8972 -0.0690 0.4361
vn -0.9465 -0.0253 0.3218
vn -0.9465 -0.0505 0.3188
vn -0.9980 0.0635 0.0016
vn -1.0000 -0.0098 -0.0007
vn 0.1566 0.5161 0.8421
vn -0.0008 0.5335 0.8458
vn -0.0008 0.4657 0.8849
vn 0.1566 0.4483 0.8801
vn -0.8319 -0.1295 0.5395
vn -0.8972 -0.1364 0.4199
vn -0.9465 -0.0753 0.3138
vn -0.9465 -0.0997 0.3070
vn -1.0000 0.0076 -0.0064
vn -0.9980 -0.0504 0.0386
vn 0.1566 0.6415 0.7510
vn -0.0008 0.6594 0.7518
vn -0.0008 0.5983 0.8013
vn 0.1570 0.5802 0.7992
vn -0.8319 -0.2123 0.5126
vn -0.8972 -0.2004 0.3934
vn -0.9465 -0.1235 0.2982
vn -0.9465 -0.1465 0.2876
vn -0.9980 0.0624 0.0115
vn -1.0000 -0.0096 -0.0022
vn 0.1197 0.7019 0.7021
vn -0.0008 0.7518 0.6594
vn -0.0008 0.7070 0.7072
vn 0.1569 0.7512 0.6412
vn -0.8319 -0.2899 0.4731
vn -0.8972 -0.2595 0.3573
vn -0.9465 -0.1686 0.2752
vn -0.9465 -0.1897 0.2611
vn -1.0000 0.0065 -0.0075
vn -0.9980 -0.0437 0.0460
vn 0.1566 0.7990 0.5806
vn -0.0008 0.8456 0.5337
vn -0.0008 0.8013 0.5982
vn 0.1566 0.8422 0.5160
vn -0.8319 -0.3604 0.4219
vn -0.8665 -0.3545 0.3515
vn -0.9465 -0.2096 0.2454
vn -0.9465 -0.2311 0.2253
vn -1.0000 -0.0007 -0.0002
vn -0.9980 0.0603 0.0196
vn 0.1566 0.8800 0.4485
vn -0.0008 0.9187 0.3950
vn -0.0008 0.8851 0.4654
vn 0.1569 0.9125 0.3777
vn -0.9465 -0.2611 0.1898
vn -0.8972 -0.3357 0.2867
vn -0.8320 -0.4488 0.3262
vn -0.9465 -0.2454 0.2096
vn -1.0000 0.0052 -0.0084
vn -0.9980 -0.0359 0.0523
vn 0.1570 0.9393 0.3050
vn -0.0008 0.9691 0.2465
vn -0.0008 0.9470 0.3211
vn 0.1570 0.9604 0.2303
vn -0.9465 -0.2875 0.1466
vn -0.8973 -0.3765 0.2307
vn -0.8320 -0.4943 0.2520
vn -0.9465 -0.2752 0.1686
vn -0.9980 0.0573 0.0274
vn -1.0000 -0.0091 -0.0038
vn 0.1566 0.9755 0.1545
vn -0.0008 0.9958 0.0919
vn -0.0008 0.9856 0.1689
vn 0.1569 0.9846 0.0773
vn -0.9465 -0.3069 0.0998
vn -0.8973 -0.4079 0.1690
vn -0.8320 -0.5277 0.1715
vn -0.9465 -0.2981 0.1235
vn -1.0000 0.0039 -0.0091
vn -0.9980 -0.0273 0.0573
vn -0.0008 1.0000 -0.0000
vn 0.1941 0.9810 -0.0000
vn 0.1569 0.9846 -0.0773
vn -0.0008 0.9958 -0.0920
vn -0.9465 -0.3188 0.0505
vn -0.8973 -0.4293 0.1031
vn -0.8320 -0.5480 0.0868
vn -0.9465 -0.3138 0.0753
vn -0.9980 0.0523 0.0359
vn -1.0000 -0.0084 -0.0052
vn -0.0008 0.9810 -0.1939
vn 0.1939 0.9623 -0.1906
vn 0.1570 0.9604 -0.2303
vn -0.0008 0.9691 -0.2465
vn -0.8973 -0.4401 0.0347
vn -0.9465 -0.3227 -0.0000
vn -0.9465 -0.3217 0.0253
vn -0.8320 -0.5548 -0.0000
vn -1.0000 0.0002 -0.0008
vn -0.9980 -0.0196 0.0603
vn -0.0008 0.9470 -0.3212
vn 0.1570 0.9393 -0.3051
vn 0.1569 0.9125 -0.3778
vn -0.0008 0.9187 -0.3950
vn -0.8973 -0.4401 -0.0346
vn -0.9465 -0.3188 -0.0505
vn -0.9465 -0.3217 -0.0253
vn -0.8320 -0.5480 -0.0868
vn -0.9980 0.0460 0.0437
vn -1.0000 -0.0075 -0.0065
vn -0.0008 0.8850 -0.4655
vn 0.1566 0.8799 -0.4485
vn 0.1570 0.8422 -0.5158
vn -0.0008 0.8456 -0.5338
vn -0.8973 -0.4293 -0.1030
vn -0.9465 -0.3069 -0.0997
vn -0.9465 -0.3138 -0.0753
vn -0.8319 -0.5277 -0.1715
vn -0.9980 -0.0116 0.0624
vn -1.0000 0.0022 -0.0097
vn -0.0008 0.8012 -0.5983
vn 0.1570 0.7990 -0.5804
vn 0.1570 0.7511 -0.6412
vn -0.0008 0.7518 -0.6594
vn -0.8973 -0.4079 -0.1689
vn -0.9465 -0.2876 -0.1465
vn -0.9465 -0.2982 -0.1235
vn -0.8320 -0.4943 -0.2519
vn -0.9980 0.0373 0.0513
vn -0.9998 -0.0130 -0.0179
vn 0.1197 0.7019 -0.7022
vn -0.0008 0.6593 -0.7519
vn -0.0008 0.7070 -0.7072
vn 0.1570 0.6412 -0.7511
vn -0.8972 -0.3765 -0.2307
vn -0.9465 -0.2611 -0.1897
vn -0.9465 -0.2752 -0.1686
vn -0.8320 -0.4489 -0.3262
vn -0.9980 -0.0000 0.0634
vn -0.9998 -0.0000 -0.0221
vn 0.1566 0.5804 -0.7991
vn -0.0008 0.5334 -0.8458
vn -0.0008 0.5983 -0.8013
vn 0.1569 0.5159 -0.8422
vn -0.8972 -0.3358 -0.2867
vn -0.9465 -0.2312 -0.2253
vn -0.9465 -0.2454 -0.2096
vn -0.8665 -0.3545 -0.3515
vn -1.0000 -0.0038 -0.0091
vn -0.9980 0.0273 0.0573
vn 0.1566 0.4483 -0.8801
vn -0.0008 0.3945 -0.9189
vn -0.0008 0.4657 -0.8849
vn 0.1566 0.3780 -0.9125
vn -0.8320 -0.3604 -0.4219
vn -0.8972 -0.2595 -0.3572
vn -0.9465 -0.2096 -0.2454
vn -0.9465 -0.1897 -0.2611
vn -1.0000 -0.0022 -0.0097
vn -0.9980 0.0116 0.0624
vn 0.1569 0.3049 -0.9394
vn -0.0008 0.2458 -0.9693
vn -0.0008 0.3216 -0.9469
vn 0.1569 0.2304 -0.9604
vn -0.8320 -0.2900 -0.4731
vn -0.8972 -0.2004 -0.3934
vn -0.9465 -0.1687 -0.2752
vn -0.9465 -0.1465 -0.2876
vn -1.0000 -0.0002 -0.0008
vn -0.9980 0.0196 0.0603
vn 0.1569 0.1543 -0.9755
vn -0.0008 0.0911 -0.9958
vn -0.0008 0.1697 -0.9855
vn 0.1569 0.0773 -0.9846
vn -0.8320 -0.2124 -0.5126
vn -0.8972 -0.1364 -0.4199
vn -0.9465 -0.1235 -0.2982
vn -0.9465 -0.0997 -0.3069
vn -0.0008 -0.0000 -1.0000
vn 0.1941 -0.0000 -0.9810
vn 0.1570 -0.0773 -0.9846
vn -0.0008 -0.0911 -0.9958
vn -0.9465 -0.0505 -0.3188
vn -0.9465 -0.0754 -0.3138
vn -0.8973 -0.0691 -0.4361
vn -0.8319 -0.1296 -0.5395
vn -0.2942 -0.1874 -0.9372
vn -0.4588 -0.2069 -0.8641
vn -0.4879 -0.1712 -0.8560
vn -0.2567 -0.2254 -0.9399
vn -0.2568 -0.2982 -0.9193
vn -0.4588 -0.3396 -0.8211
vn -0.4588 -0.2740 -0.8453
vn -0.2567 -0.3696 -0.8930
vn -0.2567 -0.4384 -0.8614
vn -0.4588 -0.4638 -0.7579
vn -0.4587 -0.4028 -0.7920
vn -0.2567 -0.5048 -0.8242
vn -0.2568 -0.5677 -0.7822
vn -0.4588 -0.5767 -0.6760
vn -0.4588 -0.5217 -0.7193
vn -0.2567 -0.6275 -0.7351
vn -0.4289 -0.6387 -0.6388
vn -0.2187 -0.6899 -0.6901
vn -0.2568 -0.7352 -0.6273
vn -0.4588 -0.6761 -0.5765
vn -0.4587 -0.7191 -0.5219
vn -0.2567 -0.7821 -0.5679
vn -0.2567 -0.8243 -0.5046
vn -0.4589 -0.7579 -0.4636
vn -0.4587 -0.7920 -0.4030
vn -0.2567 -0.8613 -0.4386
vn -0.2568 -0.8931 -0.3694
vn -0.4588 -0.8212 -0.3394
vn -0.4587 -0.8452 -0.2741
vn -0.2567 -0.9193 -0.2984
vn -0.2568 -0.9399 -0.2251
vn -0.4588 -0.8642 -0.2068
vn -0.4588 -0.8777 -0.1385
vn -0.2567 -0.9547 -0.1509
vn -0.2567 -0.9635 -0.0754
vn -0.4588 -0.8858 -0.0691
vn -0.2945 -0.9557 -0.0000
vn -0.4588 -0.8858 0.0691
vn -0.4882 -0.8727 -0.0000
vn -0.2568 -0.9635 0.0755
vn -0.2942 -0.9376 0.1854
vn -0.4588 -0.8641 0.2068
vn -0.4879 -0.8563 0.1693
vn -0.2567 -0.9399 0.2253
vn -0.2567 -0.9193 0.2984
vn -0.4588 -0.8211 0.3394
vn -0.4588 -0.8452 0.2742
vn -0.2568 -0.8931 0.3695
vn -0.2567 -0.8612 0.4386
vn -0.4588 -0.7579 0.4638
vn -0.4588 -0.7919 0.4030
vn -0.2568 -0.8243 0.5046
vn -0.2567 -0.7820 0.5679
vn -0.4588 -0.6760 0.5766
vn -0.4587 -0.7191 0.5220
vn -0.2568 -0.7352 0.6274
vn -0.2567 -0.6274 0.7351
vn -0.4588 -0.5766 0.6760
vn -0.4289 -0.6387 0.6389
vn -0.2187 -0.6899 0.6901
vn -0.4588 -0.4637 0.7579
vn -0.4587 -0.5217 0.7193
vn -0.2568 -0.5046 0.8243
vn -0.2568 -0.5676 0.7822
vn -0.4587 -0.3395 0.8212
vn -0.4587 -0.4028 0.7920
vn -0.2567 -0.3695 0.8931
vn -0.2567 -0.4383 0.8614
vn -0.4587 -0.2069 0.8642
vn -0.4588 -0.2739 0.8453
vn -0.2568 -0.2252 0.9399
vn -0.2567 -0.2982 0.9193
vn -0.4587 -0.0691 0.8859
vn -0.4588 -0.1383 0.8777
vn -0.2567 -0.0754 0.9635
vn -0.2568 -0.1507 0.9546
vn -0.4587 0.0692 0.8859
vn -0.2945 -0.0000 0.9557
vn -0.2566 0.0755 0.9635
vn -0.4882 -0.0000 0.8727
vn -0.4587 0.2069 0.8641
vn -0.2942 0.1874 0.9372
vn -0.2568 0.2253 0.9398
vn -0.4879 0.1712 0.8560
vn -0.4588 0.3395 0.8211
vn -0.2566 0.2983 0.9193
vn -0.2568 0.3695 0.8930
vn -0.4588 0.2740 0.8453
vn -0.4588 0.4638 0.7579
vn -0.2568 0.4383 0.8614
vn -0.2568 0.5047 0.8242
vn -0.4588 0.4028 0.7920
vn -0.4588 0.5767 0.6760
vn -0.2568 0.5677 0.7822
vn -0.2567 0.6275 0.7351
vn -0.4588 0.5217 0.7193
vn -0.4289 0.6387 0.6388
vn -0.2187 0.6899 0.6901
vn -0.2568 0.7352 0.6273
vn -0.4587 0.6761 0.5766
vn -0.4588 0.7191 0.5219
vn -0.2568 0.7821 0.5678
vn -0.2568 0.8243 0.5046
vn -0.4588 0.7580 0.4637
vn -0.4588 0.7919 0.4029
vn -0.2568 0.8613 0.4385
vn -0.2567 0.8931 0.3695
vn -0.4588 0.8212 0.3394
vn -0.4588 0.8452 0.2741
vn -0.2567 0.9193 0.2984
vn -0.2568 0.9399 0.2252
vn -0.4589 0.8641 0.2067
vn -0.4587 0.8777 0.1385
vn -0.2568 0.9546 0.1508
vn -0.2568 0.9635 0.0754
vn -0.4588 0.8859 0.0691
vn -0.2945 0.9557 -0.0000
vn -0.4589 0.8858 -0.0691
vn -0.4882 0.8727 -0.0000
vn -0.2567 0.9635 -0.0755
vn -0.2942 0.9376 -0.1854
vn -0.4588 0.8641 -0.2068
vn -0.4879 0.8563 -0.1693
vn -0.2567 0.9399 -0.2253
vn -0.2568 0.9192 -0.2984
vn -0.4588 0.8211 -0.3395
vn -0.4588 0.8452 -0.2742
vn -0.2568 0.8931 -0.3695
vn -0.2567 0.8612 -0.4386
vn -0.4588 0.7579 -0.4637
vn -0.4587 0.7919 -0.4030
vn -0.2568 0.8243 -0.5046
vn -0.2567 0.7820 -0.5680
vn -0.4587 0.6760 -0.5767
vn -0.4587 0.7191 -0.5220
vn -0.2567 0.7352 -0.6274
vn -0.4289 0.6386 -0.6389
vn -0.2187 0.6899 -0.6901
vn -0.2566 0.6275 -0.7351
vn -0.4587 0.5767 -0.6760
vn -0.4588 0.5216 -0.7193
vn -0.2568 0.5676 -0.7822
vn -0.2567 0.5047 -0.8243
vn -0.4588 0.4637 -0.7579
vn -0.4588 0.4027 -0.7920
vn -0.2568 0.4383 -0.8614
vn -0.2567 0.3695 -0.8931
vn -0.4588 0.3395 -0.8211
vn -0.4588 0.2739 -0.8453
vn -0.2566 0.2982 -0.9193
vn -0.2567 0.2253 -0.9399
vn -0.4587 0.2069 -0.8642
vn -0.4588 0.1383 -0.8777
vn -0.2566 0.1508 -0.9547
vn -0.2567 0.0755 -0.9636
vn -0.4587 0.0691 -0.8859
vn -0.2945 -0.0000 -0.9557
vn -0.4587 -0.0692 -0.8859
vn -0.4882 -0.0000 -0.8727
vn -0.2566 -0.0756 -0.9636
vn -0.5450 -0.1854 -0.8177
vn -0.5447 -0.1645 -0.8223
vn -0.5450 -0.3110 -0.7787
vn -0.5450 -0.2484 -0.8008
vn -0.5450 -0.4289 -0.7205
vn -0.5450 -0.3706 -0.7521
vn -0.5450 -0.5362 -0.6446
vn -0.5450 -0.4838 -0.6848
vn -0.5450 -0.5928 -0.5929
vn -0.5450 -0.6447 -0.5360
vn -0.5450 -0.6846 -0.4841
vn -0.5450 -0.7207 -0.4284
vn -0.5450 -0.7518 -0.3711
vn -0.5450 -0.7789 -0.3104
vn -0.5450 -0.8006 -0.2490
vn -0.5450 -0.8178 -0.1847
vn -0.5450 -0.8297 -0.1207
vn -0.5450 -0.8366 -0.0544
vn -0.5450 -0.8366 0.0545
vn -0.5450 -0.8384 -0.0000
vn -0.5450 -0.8178 0.1847
vn -0.5448 -0.8227 0.1626
vn -0.5450 -0.7788 0.3104
vn -0.5450 -0.8006 0.2490
vn -0.5450 -0.7206 0.4285
vn -0.5450 -0.7518 0.3712
vn -0.5450 -0.6446 0.5361
vn -0.5450 -0.6845 0.4841
vn -0.5450 -0.5362 0.6446
vn -0.5450 -0.5927 0.5930
vn -0.5450 -0.4288 0.7205
vn -0.5450 -0.4837 0.6849
vn -0.5450 -0.3109 0.7787
vn -0.5450 -0.3706 0.7521
vn -0.5450 -0.1853 0.8177
vn -0.5450 -0.2483 0.8008
vn -0.5450 -0.0551 0.8366
vn -0.5450 -0.1199 0.8298
vn -0.5450 0.0552 0.8366
vn -0.5450 -0.0000 0.8384
vn -0.5450 0.1854 0.8177
vn -0.5447 0.1645 0.8223
vn -0.5450 0.3110 0.7787
vn -0.5450 0.2483 0.8008
vn -0.5450 0.4289 0.7205
vn -0.5450 0.3706 0.7521
vn -0.5450 0.5362 0.6446
vn -0.5450 0.4838 0.6848
vn -0.5450 0.5928 0.5929
vn -0.5450 0.6447 0.5360
vn -0.5450 0.6846 0.4841
vn -0.5450 0.7207 0.4284
vn -0.5450 0.7518 0.3711
vn -0.5450 0.7789 0.3104
vn -0.5450 0.8006 0.2490
vn -0.5450 0.8178 0.1847
vn -0.5450 0.8297 0.1207
vn -0.5450 0.8366 0.0544
vn -0.5450 0.8366 -0.0545
vn -0.5450 0.8384 -0.0000
vn -0.5450 0.8178 -0.1847
vn -0.5448 0.8227 -0.1626
vn -0.5450 0.7788 -0.3104
vn -0.5450 0.8006 -0.2490
vn -0.5450 0.7206 -0.4285
vn -0.5450 0.7518 -0.3712
vn -0.5450 0.6447 -0.5361
vn -0.5450 0.6845 -0.4841
vn -0.5450 0.5927 -0.5930
vn -0.5450 0.5362 -0.6446
vn -0.5450 0.4837 -0.6849
vn -0.5450 0.4288 -0.7205
vn -0.5450 0.3705 -0.7521
vn -0.5450 0.3109 -0.7787
vn -0.5450 0.2483 -0.8008
vn -0.5450 0.1853 -0.8177
vn -0.5450 0.1199 -0.8298
vn -0.5450 0.0551 -0.8366
vn -0.5450 -0.0552 -0.8366
vn -0.5450 -0.0000 -0.8384
vn -0.8759 -0.0755 -0.4765
vn -0.9481 -0.0743 -0.3093
vn -0.8759 -0.1491 -0.4589
vn -0.9481 -0.1217 -0.2938
vn -0.8759 -0.0000 -0.4825
vn -0.9481 -0.0250 -0.3171
vn -0.9481 -0.1662 -0.2712
vn -0.8759 -0.2190 -0.4299
vn -0.8759 0.0754 -0.4765
vn -0.9481 0.0249 -0.3171
vn -0.9481 -0.2066 -0.2418
vn -0.8759 -0.2836 -0.3904
vn -0.8759 0.1490 -0.4589
vn -0.9481 0.0742 -0.3093
vn -0.9050 -0.3234 -0.2762
vn -0.8965 -0.3093 -0.3171
vn -0.8759 0.2190 -0.4299
vn -0.9481 0.1217 -0.2939
vn -0.9050 -0.3627 -0.2222
vn -0.9243 -0.3087 -0.2243
vn -0.8759 0.2835 -0.3904
vn -0.9481 0.1662 -0.2712
vn -0.9051 -0.3929 -0.1627
vn -0.9243 -0.3400 -0.1733
vn -0.8966 0.3093 -0.3171
vn -0.9481 0.2066 -0.2418
vn -0.9051 -0.4135 -0.0993
vn -0.9243 -0.3629 -0.1179
vn -0.9051 0.3234 -0.2762
vn -0.9243 0.3087 -0.2243
vn -0.9051 -0.4239 -0.0333
vn -0.9243 -0.3769 -0.0597
vn -0.9051 0.3626 -0.2222
vn -0.9243 0.3400 -0.1733
vn -0.9051 -0.4239 0.0334
vn -0.9243 -0.3816 -0.0000
vn -0.9051 0.3929 -0.1628
vn -0.9243 0.3629 -0.1180
vn -0.9051 -0.4135 0.0993
vn -0.9243 -0.3769 0.0597
vn -0.9051 0.4135 -0.0993
vn -0.9243 0.3769 -0.0597
vn -0.9051 -0.3929 0.1628
vn -0.9243 -0.3629 0.1180
vn -0.9051 0.4239 -0.0334
vn -0.9243 0.3816 -0.0000
vn -0.9051 -0.3626 0.2222
vn -0.9243 -0.3400 0.1733
vn -0.9051 0.4239 0.0333
vn -0.9243 0.3769 0.0597
vn -0.9051 -0.3234 0.2762
vn -0.9243 -0.3087 0.2243
vn -0.9051 0.4135 0.0993
vn -0.9243 0.3629 0.1179
vn -0.8966 -0.3093 0.3171
vn -0.9481 -0.2066 0.2418
vn -0.9051 0.3929 0.1627
vn -0.9243 0.3400 0.1733
vn -0.9481 -0.1662 0.2712
vn -0.8759 -0.2835 0.3904
vn -0.9050 0.3627 0.2222
vn -0.9243 0.3087 0.2243
vn -0.9481 -0.1217 0.2939
vn -0.8759 -0.2190 0.4299
vn -0.9050 0.3234 0.2762
vn -0.8965 0.3093 0.3171
vn -0.9481 -0.0742 0.3093
vn -0.8759 -0.1490 0.4589
vn -0.8759 0.2835 0.3903
vn -0.9481 0.2066 0.2418
vn -0.9481 -0.0249 0.3171
vn -0.8759 -0.0754 0.4765
vn -0.8759 0.2190 0.4299
vn -0.9481 0.1662 0.2712
vn -0.8759 -0.0000 0.4825
vn -0.9481 0.0250 0.3171
vn -0.8759 0.1491 0.4589
vn -0.9481 0.1217 0.2938
vn -0.8759 0.0755 0.4765
vn -0.9481 0.0743 0.3093
vn -0.0944 -0.2325 -0.9680
vn -0.0944 -0.3076 -0.9468
vn -0.0944 -0.3810 -0.9197
vn -0.0944 -0.4519 -0.8871
vn -0.0944 -0.5202 -0.8488
vn -0.0947 -0.5849 -0.8055
vn -0.0944 -0.6466 -0.7570
vn -0.0786 -0.7048 -0.7050
vn -0.0944 -0.8053 -0.5852
vn -0.0944 -0.7571 -0.6465
vn -0.0944 -0.8870 -0.4520
vn -0.0944 -0.8489 -0.5201
vn -0.0944 -0.9468 -0.3077
vn -0.0944 -0.9198 -0.3809
vn -0.0947 -0.9833 -0.1556
vn -0.0944 -0.9680 -0.2323
vn -0.1104 -0.9939 -0.0000
vn -0.0944 -0.9925 -0.0781
vn -0.0944 -0.9925 0.0781
vn -0.2185 -0.9689 0.1160
vn -0.0786 -0.9898 0.1185
vn -0.0944 -0.9680 0.2324
vn -0.0944 -0.9468 0.3078
vn -0.0944 -0.9198 0.3810
vn -0.0944 -0.8870 0.4521
vn -0.0944 -0.8488 0.5202
vn -0.0944 -0.8053 0.5853
vn -0.0944 -0.7570 0.6465
vn -0.0786 -0.7048 0.7050
vn -0.0947 -0.5849 0.8056
vn -0.0944 -0.6466 0.7570
vn -0.0944 -0.4518 0.8871
vn -0.0944 -0.5202 0.8488
vn -0.0944 -0.3075 0.9468
vn -0.0944 -0.3810 0.9198
vn -0.0944 -0.1557 0.9833
vn -0.0944 -0.2324 0.9680
vn -0.1104 -0.0000 0.9939
vn -0.0944 -0.0781 0.9925
vn -0.0786 0.1161 0.9901
vn -0.2185 0.1136 0.9692
vn -0.0944 0.0782 0.9925
vn -0.0944 0.3076 0.9468
vn -0.0944 0.2325 0.9680
vn -0.0944 0.4519 0.8871
vn -0.0944 0.3810 0.9197
vn -0.0944 0.5851 0.8055
vn -0.0944 0.5202 0.8488
vn -0.0786 0.7048 0.7050
vn -0.0944 0.6466 0.7570
vn -0.0944 0.8053 0.5852
vn -0.0944 0.7571 0.6465
vn -0.0944 0.8870 0.4520
vn -0.0944 0.8489 0.5201
vn -0.0944 0.9468 0.3077
vn -0.0944 0.9198 0.3809
vn -0.0944 0.9833 0.1557
vn -0.0944 0.9680 0.2323
vn -0.1104 0.9939 -0.0000
vn -0.0948 0.9924 0.0778
vn -0.0944 0.9925 -0.0781
vn -0.2185 0.9689 -0.1160
vn -0.0786 0.9898 -0.1185
vn -0.0944 0.9680 -0.2324
vn -0.0944 0.9468 -0.3078
vn -0.0944 0.9198 -0.3810
vn -0.0944 0.8870 -0.4521
vn -0.0944 0.8488 -0.5202
vn -0.0944 0.8053 -0.5853
vn -0.0944 0.7570 -0.6465
vn -0.0786 0.7048 -0.7051
vn -0.0944 0.5850 -0.8055
vn -0.0944 0.6466 -0.7570
vn -0.0944 0.4518 -0.8871
vn -0.0944 0.5202 -0.8488
vn -0.0944 0.3075 -0.9468
vn -0.0944 0.3810 -0.9198
vn -0.0944 0.1557 -0.9833
vn -0.0944 0.2324 -0.9680
vn -0.1104 -0.0000 -0.9939
vn -0.0944 0.0781 -0.9925
vn -0.0944 -0.0782 -0.9925
vn -0.2185 -0.1136 -0.9692
vn -0.0786 -0.1161 -0.9901
vn 0.5519 -0.1894 -0.8121
vn 0.4692 -0.2652 -0.8423
vn 0.5519 -0.3141 -0.7725
vn 0.4691 -0.3937 -0.7905
vn 0.5519 -0.0600 -0.8317
vn 0.4356 -0.1058 -0.8939
vn 0.1196 -0.1157 -0.9861
vn 0.5519 -0.4310 -0.7139
vn 0.4692 -0.5126 -0.7191
vn 0.5519 0.0600 -0.8317
vn 0.5180 -0.0000 -0.8554
vn 0.5520 -0.5373 -0.6377
vn 0.4833 -0.6218 -0.6163
vn 0.5519 0.1893 -0.8121
vn 0.4692 0.1301 -0.8735
vn 0.4692 -0.6767 -0.5674
vn 0.5520 -0.6778 -0.4857
vn 0.5520 0.3140 -0.7725
vn 0.4692 0.2651 -0.8424
vn 0.4691 -0.7572 -0.4545
vn 0.5520 -0.7454 -0.3737
vn 0.5519 0.4310 -0.7139
vn 0.4691 0.3937 -0.7905
vn 0.4692 -0.8190 -0.3304
vn 0.5520 -0.7947 -0.2525
vn 0.5520 0.5373 -0.6377
vn 0.4692 0.5125 -0.7192
vn 0.4692 -0.8606 -0.1982
vn 0.5520 -0.8244 -0.1251
vn 0.4692 0.6766 -0.5675
vn 0.4833 0.6217 -0.6164
vn 0.4692 -0.8810 -0.0611
vn 0.5956 -0.8033 -0.0000
vn 0.4692 0.7571 -0.4546
vn 0.5519 0.6778 -0.4858
vn 0.4692 -0.8810 0.0612
vn 0.5177 -0.8495 0.1017
vn 0.1196 -0.9858 0.1181
vn 0.4692 0.8189 -0.3305
vn 0.5520 0.7454 -0.3738
vn 0.4692 -0.8606 0.1983
vn 0.5519 -0.7947 0.2526
vn 0.4692 0.8606 -0.1983
vn 0.5519 0.7947 -0.2526
vn 0.4692 -0.8189 0.3305
vn 0.5520 -0.7454 0.3738
vn 0.4692 0.8810 -0.0612
vn 0.5177 0.8495 -0.1017
vn 0.1196 0.9858 -0.1181
vn 0.4692 -0.7571 0.4546
vn 0.5519 -0.6778 0.4858
vn 0.4692 0.8810 0.0611
vn 0.5956 0.8033 -0.0000
vn 0.4692 -0.6766 0.5675
vn 0.4833 -0.6218 0.6164
vn 0.4692 0.8606 0.1982
vn 0.5520 0.8244 0.1251
vn 0.5520 -0.5373 0.6377
vn 0.4692 -0.5125 0.7192
vn 0.4692 0.8190 0.3304
vn 0.5520 0.7947 0.2525
vn 0.5519 -0.4310 0.7139
vn 0.4691 -0.3937 0.7905
vn 0.4691 0.7572 0.4545
vn 0.5520 0.7454 0.3737
vn 0.5520 -0.3140 0.7725
vn 0.4692 -0.2651 0.8424
vn 0.4692 0.6767 0.5674
vn 0.5519 0.6778 0.4857
vn 0.5519 -0.1893 0.8121
vn 0.4692 -0.1301 0.8735
vn 0.4833 0.6218 0.6163
vn 0.5520 0.5373 0.6377
vn 0.5519 -0.0600 0.8317
vn 0.5180 -0.0000 0.8554
vn 0.4692 0.5126 0.7191
vn 0.5519 0.4310 0.7139
vn 0.4356 0.1058 0.8939
vn 0.1196 0.1157 0.9861
vn 0.5519 0.0600 0.8317
vn 0.4691 0.3937 0.7905
vn 0.5519 0.3141 0.7725
vn 0.4692 0.2652 0.8423
vn 0.5519 0.1894 0.8121
vn 0.7303 -0.1595 -0.6642
vn 0.7303 -0.2110 -0.6497
vn 0.7303 -0.2615 -0.6311
vn 0.7303 -0.3101 -0.6087
vn 0.7303 -0.0536 -0.6810
vn 0.7301 -0.0796 -0.6787
vn 0.7303 -0.4014 -0.5527
vn 0.7303 -0.3570 -0.5824
vn 0.7303 -0.0000 -0.6831
vn 0.7303 0.0536 -0.6810
vn 0.7303 -0.4767 -0.4893
vn 0.7303 -0.4437 -0.5194
vn 0.7303 0.1068 -0.6747
vn 0.7303 0.1595 -0.6642
vn 0.7304 -0.5194 -0.4436
vn 0.7303 -0.5526 -0.4016
vn 0.7303 0.2110 -0.6497
vn 0.7303 0.2614 -0.6311
vn 0.7304 -0.5824 -0.3569
vn 0.7303 -0.6086 -0.3102
vn 0.7303 0.3100 -0.6087
vn 0.7303 0.3569 -0.5824
vn 0.7304 -0.6311 -0.2613
vn 0.7303 -0.6496 -0.2111
vn 0.7303 0.4014 -0.5527
vn 0.7303 0.4436 -0.5194
vn 0.7304 -0.6642 -0.1594
vn 0.7303 -0.6747 -0.1069
vn 0.7304 0.5194 -0.4436
vn 0.7303 0.4766 -0.4894
vn 0.7304 -0.6809 -0.0536
vn 0.7303 -0.6831 -0.0000
vn 0.7304 0.5824 -0.3569
vn 0.7303 0.5525 -0.4016
vn 0.7304 -0.6809 0.0536
vn 0.7301 -0.6785 0.0812
vn 0.7304 0.6311 -0.2614
vn 0.7303 0.6086 -0.3102
vn 0.7304 -0.6642 0.1595
vn 0.7303 -0.6496 0.2112
vn 0.7304 0.6642 -0.1595
vn 0.7303 0.6496 -0.2112
vn 0.7304 -0.6311 0.2614
vn 0.7303 -0.6086 0.3102
vn 0.7304 0.6809 -0.0536
vn 0.7301 0.6785 -0.0812
vn 0.7304 -0.5824 0.3569
vn 0.7303 -0.5526 0.4016
vn 0.7304 0.6809 0.0536
vn 0.7303 0.6831 -0.0000
vn 0.7303 -0.5194 0.4436
vn 0.7303 -0.4766 0.4894
vn 0.7304 0.6642 0.1594
vn 0.7303 0.6747 0.1069
vn 0.7303 -0.4436 0.5194
vn 0.7303 -0.4014 0.5527
vn 0.7304 0.6311 0.2613
vn 0.7303 0.6496 0.2111
vn 0.7303 -0.3100 0.6087
vn 0.7303 -0.3569 0.5824
vn 0.7304 0.5824 0.3569
vn 0.7303 0.6086 0.3102
vn 0.7303 -0.2110 0.6497
vn 0.7303 -0.2614 0.6311
vn 0.7304 0.5195 0.4436
vn 0.7303 0.5526 0.4016
vn 0.7303 -0.1068 0.6747
vn 0.7303 -0.1595 0.6642
vn 0.7303 0.4767 0.4893
vn 0.7303 0.4437 0.5194
vn 0.7303 -0.0000 0.6831
vn 0.7303 -0.0536 0.6810
vn 0.7303 0.4014 0.5527
vn 0.7303 0.3570 0.5824
vn 0.7301 0.0796 0.6787
vn 0.7303 0.0536 0.6810
vn 0.7303 0.3101 0.6087
vn 0.7303 0.2615 0.6311
vn 0.7303 0.2110 0.6497
vn 0.7303 0.1595 0.6642
vn 0.8358 -0.1696 -0.5222
vn 0.8391 -0.1270 -0.5290
vn 0.9676 -0.0780 -0.2400
vn 0.8358 -0.2492 -0.4892
vn 0.8391 -0.2082 -0.5025
vn 0.9548 -0.1343 -0.2652
vn 0.8358 -0.0859 -0.5423
vn 0.8391 -0.0427 -0.5423
vn 0.9548 -0.0472 -0.2935
vn 0.8358 -0.3227 -0.4442
vn 0.8391 -0.2842 -0.4638
vn 0.9548 -0.1741 -0.2408
vn 0.8358 -0.0000 -0.5490
vn 0.8391 0.0427 -0.5423
vn 0.9346 -0.0000 -0.3558
vn 0.8358 -0.3882 -0.3883
vn 0.8392 -0.3532 -0.4135
vn 0.9548 -0.2096 -0.2106
vn 0.8358 0.0858 -0.5423
vn 0.8391 0.1270 -0.5290
vn 0.9548 0.0472 -0.2935
vn 0.8358 -0.4441 -0.3227
vn 0.8392 -0.4135 -0.3531
vn 0.9347 -0.2876 -0.2090
vn 0.8358 0.1696 -0.5222
vn 0.8391 0.2082 -0.5026
vn 0.9548 0.0925 -0.2825
vn 0.8358 -0.4892 -0.2493
vn 0.8392 -0.4636 -0.2841
vn 0.9677 -0.2247 -0.1145
vn 0.8358 0.2492 -0.4892
vn 0.8391 0.2842 -0.4638
vn 0.9548 0.1356 -0.2645
vn 0.8358 -0.5221 -0.1697
vn 0.8393 -0.5023 -0.2080
vn 0.9549 -0.2822 -0.0925
vn 0.8358 0.3226 -0.4442
vn 0.8392 0.3532 -0.4136
vn 0.9677 0.1483 -0.2041
vn 0.8358 -0.5423 -0.0859
vn 0.8393 -0.5286 -0.1269
vn 0.9347 -0.3511 -0.0556
vn 0.8358 0.3881 -0.3883
vn 0.8392 0.4135 -0.3532
vn 0.9548 0.2096 -0.2106
vn 0.8358 -0.5490 -0.0000
vn 0.8393 -0.5419 -0.0426
vn 0.9677 -0.2521 -0.0000
vn 0.8358 0.4441 -0.3228
vn 0.8392 0.4636 -0.2841
vn 0.9346 0.2876 -0.2090
vn 0.8358 -0.5423 0.0859
vn 0.8393 -0.5420 0.0427
vn 0.9347 -0.3511 0.0556
vn 0.8358 0.4891 -0.2493
vn 0.8393 0.5023 -0.2081
vn 0.9549 0.2650 -0.1342
vn 0.8358 -0.5221 0.1697
vn 0.8393 -0.5287 0.1269
vn 0.9677 -0.2398 0.0779
vn 0.8358 0.5221 -0.1697
vn 0.8393 0.5287 -0.1269
vn 0.9677 0.2398 -0.0779
vn 0.8358 -0.4891 0.2493
vn 0.8393 -0.5023 0.2081
vn 0.9347 -0.3168 0.1614
vn 0.8358 0.5423 -0.0859
vn 0.8393 0.5420 -0.0427
vn 0.9347 0.3511 -0.0556
vn 0.8358 -0.4441 0.3228
vn 0.8393 -0.4636 0.2841
vn 0.9548 -0.2399 0.1752
vn 0.8358 0.5490 -0.0000
vn 0.8393 0.5419 0.0426
vn 0.9677 0.2521 -0.0000
vn 0.8358 -0.3881 0.3883
vn 0.8392 -0.4135 0.3532
vn 0.9548 -0.2096 0.2106
vn 0.8358 0.5423 0.0859
vn 0.8393 0.5286 0.1269
vn 0.9347 0.3511 0.0556
vn 0.8358 -0.3226 0.4442
vn 0.8392 -0.3532 0.4136
vn 0.9677 -0.1483 0.2041
vn 0.8358 0.5221 0.1697
vn 0.8393 0.5023 0.2080
vn 0.9549 0.2822 0.0925
vn 0.8358 -0.2492 0.4892
vn 0.8391 -0.2842 0.4638
vn 0.9548 -0.1356 0.2645
vn 0.8358 0.4892 0.2493
vn 0.8393 0.4636 0.2841
vn 0.9549 0.2643 0.1355
vn 0.8358 -0.1696 0.5222
vn 0.8391 -0.2082 0.5026
vn 0.9548 -0.0925 0.2825
vn 0.8358 0.4441 0.3227
vn 0.8392 0.4135 0.3531
vn 0.9549 0.2399 0.1752
vn 0.8358 -0.0858 0.5423
vn 0.8391 -0.1270 0.5290
vn 0.9346 -0.0556 0.3514
vn 0.8358 0.3882 0.3883
vn 0.8392 0.3533 0.4136
vn 0.9548 0.2096 0.2106
vn 0.8358 -0.0000 0.5490
vn 0.8390 -0.0427 0.5424
vn 0.9548 0.0007 0.2973
vn 0.8358 0.3227 0.4442
vn 0.8392 0.2842 0.4637
vn 0.9677 0.1483 0.2041
vn 0.8358 0.0859 0.5423
vn 0.8391 0.0427 0.5423
vn 0.9676 0.0395 0.2493
vn 0.8358 0.2492 0.4892
vn 0.8391 0.2082 0.5025
vn 0.9346 0.1615 0.3170
vn 0.8358 0.1696 0.5222
vn 0.8391 0.1270 0.5289
vn 0.9548 0.0912 0.2829
vn 0.9981 0.0110 0.0601
vn 0.9981 0.0189 0.0581
vn 0.9981 0.0263 0.0552
vn 0.9981 -0.0000 0.0611
vn 0.9981 0.0346 0.0504
vn 0.9981 -0.0111 0.0601
vn 0.9981 0.0421 0.0443
vn 0.9981 -0.0204 0.0576
vn 0.9981 0.0494 0.0359
vn 0.9981 -0.0291 0.0537
vn 0.9981 0.0544 0.0277
vn 0.9981 -0.0359 0.0494
vn 0.9981 0.0576 0.0203
vn 0.9981 -0.0420 0.0444
vn 0.9981 0.0603 0.0096
vn 0.9981 -0.0494 0.0359
vn 0.9981 0.0611 -0.0000
vn 0.9981 -0.0552 0.0263
vn 0.9981 0.0603 -0.0096
vn 0.9981 -0.0581 0.0189
vn 0.9981 0.0581 -0.0189
vn 0.9981 -0.0603 0.0096
vn 0.9981 0.0544 -0.0277
vn 0.9981 -0.0611 -0.0000
vn 0.9981 0.0485 -0.0372
vn 0.9981 -0.0603 -0.0096
vn 0.9981 0.0421 -0.0443
vn 0.9981 -0.0576 -0.0204
vn 0.9981 0.0359 -0.0494
vn 0.9981 -0.0537 -0.0292
vn 0.9981 0.0291 -0.0537
vn 0.9981 -0.0485 -0.0371
vn 0.9981 0.0204 -0.0576
vn 0.9981 -0.0421 -0.0443
vn 0.9981 0.0096 -0.0603
vn 0.9981 -0.0359 -0.0494
vn 0.9981 -0.0016 -0.0611
vn 0.9981 -0.0277 -0.0544
vn 0.9981 -0.0096 -0.0603
vn 0.9981 -0.0174 -0.0586
vn -0.0008 -0.9929 0.1189
vn -0.0008 0.1164 0.9932
vn -0.0008 0.9929 -0.1189
vn -0.0008 -0.1164 -0.9932
vn -0.4286 -0.8971 0.1074
vn -0.4286 0.1052 0.8973
vn -0.4286 0.8971 -0.1074
vn -0.4286 -0.1052 -0.8973
vn -0.5448 -0.8326 0.0997
vn -0.5447 0.0977 0.8329
vn -0.5448 0.8326 -0.0997
vn -0.5447 -0.0977 -0.8329
vn -0.1103 -0.1949 -0.9746
vn -0.1103 -0.9750 0.1928
vn -0.1103 0.1949 0.9746
vn -0.1103 0.9750 -0.1928
vn 0.5177 -0.1678 -0.8389
vn 0.5954 -0.7882 0.1558
vn 0.5954 0.7882 -0.1558
vn 0.5178 0.1678 0.8389
vn 0.7301 -0.1340 -0.6701
vn 0.7301 -0.6704 0.1325
vn 0.7301 0.6704 -0.1325
vn 0.7301 0.1340 0.6701
vn -0.6042 -0.6442 -0.4690
vn -0.7541 -0.6499 -0.0943
vn -0.4930 -0.5961 -0.6338
vn -0.3621 -0.5160 -0.7763
vn -0.7898 -0.6047 0.1025
vn -0.7948 -0.5928 0.1297
vn -0.7501 -0.6537 -0.1004
vn -0.7884 -0.5934 0.1619
vn -0.7820 -0.5857 0.2132
vn -0.7918 -0.5739 0.2089
vn -0.3738 -0.5390 -0.7548
vn -0.7084 -0.3618 0.6061
vn -0.4936 -0.0867 0.8654
vn -0.4608 -0.2205 0.8597
vn -0.6340 -0.0849 0.7687
vn -0.7898 -0.5291 0.3102
vn -0.7501 -0.4362 0.4971
vn -0.7948 -0.5375 0.2818
vn -0.7884 -0.5587 0.2574
vn -0.3738 0.0723 0.9247
vn -0.9913 -0.1313 0.0116
vn -0.7567 0.6537 -0.0000
vn -0.7567 0.6512 -0.0573
vn -0.9928 -0.1195 -0.0000
vn -0.9925 -0.1202 0.0203
vn -0.8530 0.5154 -0.0817
vn -0.9917 -0.1240 0.0326
vn -0.5899 0.7831 -0.1969
vn -0.9928 -0.1123 0.0409
vn -0.7567 0.6144 -0.2236
vn -0.1779 -0.9803 0.0863
vn -0.5671 -0.8237 -0.0000
vn -0.7634 -0.6425 0.0657
vn -0.1762 -0.9843 -0.0000
vn -0.1779 -0.9690 0.1716
vn -0.8331 -0.5433 0.1042
vn -0.1779 -0.9504 0.2552
vn -0.7634 -0.6213 0.1765
vn -0.1779 -0.9247 0.3366
vn -0.6494 -0.7108 0.2703
vn -0.7676 -0.6392 0.0469
vn -0.7327 -0.6805 -0.0000
vn -0.7677 -0.6409 -0.0000
vn -0.6318 -0.7713 0.0778
vn -0.8378 -0.5389 0.0874
vn -0.5785 -0.7997 0.1605
vn -0.8082 -0.5666 0.1609
vn -0.6530 -0.7342 0.1858
vn -0.8379 -0.5155 0.1793
vn -0.5787 -0.7623 0.2899
vn -0.5041 -0.8636 0.0079
vn -0.8869 -0.4619 -0.0000
vn -0.0480 -0.9814 0.1859
vn -0.2954 -0.9548 -0.0326
vn -0.0434 -0.9649 0.2591
vn -0.0434 -0.9388 0.3417
vn -0.0000 0.9961 -0.0877
vn -0.0000 1.0000 -0.0000
vn -0.0000 0.9619 -0.2733
vn -0.0000 0.9397 -0.3420
vn -0.0000 0.9820 -0.1886
vn -0.9976 -0.0686 0.0061
vn -0.9989 -0.0477 -0.0000
vn -0.9974 -0.0702 0.0134
vn -0.9980 -0.0604 0.0168
vn -0.9989 -0.0448 0.0163
vn -0.1795 -0.9838 -0.0000
vn -0.3554 -0.7753 -0.5221
vn -0.6896 -0.7189 -0.0880
vn -0.4978 -0.5732 -0.6509
vn -0.1555 -0.4584 -0.8750
vn -0.6425 -0.7560 0.1251
vn -0.7095 -0.6873 0.1556
vn -0.6192 -0.7808 -0.0833
vn -0.6396 -0.7438 0.1943
vn -0.6023 -0.7528 0.2656
vn -0.7118 -0.6564 0.2499
vn -0.1811 -0.3778 -0.9080
vn -0.2863 -0.4255 -0.8585
vn -0.3435 -0.7643 -0.5457
vn -0.6163 -0.7733 0.1491
vn -0.4428 -0.8824 -0.1592
vn -0.5887 -0.7661 0.2579
vn -0.2629 -0.9494 0.1718
vn -0.2717 -0.9600 -0.0683
vn -0.2586 -0.9332 0.2497
vn -0.2586 -0.9080 0.3296
vn -0.4854 -0.8588 0.1640
vn -0.7381 -0.6747 -0.0000
vn -0.6861 -0.7212 0.0956
vn -0.3130 -0.9498 -0.0000
vn -0.7022 -0.6725 0.2340
vn -0.3712 -0.8661 0.3349
vn -0.1910 -0.9690 0.1563
vn -0.1775 -0.9841 -0.0000
vn -0.1599 -0.9334 0.3212
vn -0.4557 -0.8902 -0.0000
vn -0.4347 -0.8390 0.3272
vn -0.7527 -0.6281 0.1974
vn -0.8420 -0.5395 -0.0000
vn -0.9734 0.2155 -0.0784
vn -0.8927 0.4507 -0.0000
vn -0.6699 0.7312 -0.1289
vn -0.9997 -0.0248 0.0044
vn -0.9997 -0.0253 -0.0000
vn -0.5508 -0.8347 -0.0000
vn -0.5667 -0.8114 0.1431
vn -0.9189 -0.3944 -0.0000
vn -0.8809 -0.4462 0.1579
vn -0.9896 0.1375 -0.0411
vn -0.9897 0.1433 -0.0000
vn -0.9996 0.0265 -0.0000
vn -0.7877 -0.3573 0.5019
vn -0.9658 0.0864 0.2444
vn -0.6732 -0.7244 0.1487
vn -0.7126 -0.6558 0.2493
vn -0.9130 -0.3833 0.1395
vn -0.7378 -0.6605 0.1393
vn -0.8884 -0.4523 0.0789
vn -0.9692 -0.2457 0.0152
vn -0.9806 -0.1841 0.0670
vn -0.9533 -0.3004 0.0320
vn -0.9613 -0.2753 0.0095
vn -0.9575 -0.2884 -0.0000
vn -0.9690 -0.2470 -0.0045
vn -0.7213 -0.6788 0.1376
vn -0.8393 -0.5116 0.1841
vn -0.8124 -0.5832 -0.0000
vn -0.6948 -0.4976 0.5194
vn -0.7027 -0.4683 0.5355
vn -0.5853 -0.5867 0.5596
vn -0.6448 -0.6012 0.4720
vn -0.7745 -0.3335 0.5376
vn -0.9308 -0.2524 0.2646
vn -0.7683 -0.6270 0.1293
vn -0.9757 -0.2193 -0.0000
vn -0.5579 -0.6717 0.4874
vn -0.6736 -0.7391 -0.0000
vn -0.3932 -0.4790 0.7848
vn -0.3369 -0.4271 0.8391
vn -0.4186 -0.2755 0.8654
vn -0.7658 0.0172 0.6429
vn -0.9893 -0.1455 -0.0060
vn -0.9880 -0.1544 0.0070
vn -0.9986 -0.0531 -0.0012
vn -0.9992 -0.0402 0.0012
vn 0.0173 0.0676 -0.9976
vn -0.6932 -0.0679 -0.7175
vn -0.6978 -0.0470 -0.7147
vn 0.0083 0.1425 -0.9898
vn -0.0067 0.4077 -0.9131
vn -0.7649 0.3518 -0.5396
vn -0.7222 0.0658 -0.6885
vn -0.0060 0.7387 -0.6740
vn -0.4807 0.8240 -0.2999
vn 0.0035 0.9397 -0.3420
vn 0.0051 -0.0126 -0.9999
vn -0.7992 -0.0577 -0.5984
vn 0.0001 -0.1952 -0.9808
vn -0.7080 -0.1719 -0.6850
vn -0.0076 -0.4568 -0.8895
vn -0.7097 -0.4535 -0.5392
vn 0.4033 0.3589 -0.8417
vn 0.4461 0.1578 -0.8809
vn -0.5131 -0.0675 -0.8557
vn -0.3872 0.1954 -0.9010
vn 0.4946 0.5215 -0.6953
vn -0.2678 0.2007 -0.9423
vn 0.5162 -0.0020 -0.8565
vn -0.5014 -0.0596 -0.8632
vn -0.4138 -0.3637 -0.8346
vn 0.3055 -0.3177 -0.8976
vn -0.2747 -0.5687 -0.7754
vn -0.7040 -0.3056 -0.6411
vn -0.8422 -0.0452 -0.5372
vn -0.0005 0.0064 -1.0000
vn -0.0003 0.0336 -0.9994
vn -0.0005 0.0231 -0.9997
vn -0.0006 0.0003 -1.0000
vn 0.0301 0.6897 -0.7235
vn 0.0204 0.3918 -0.9198
vn 0.0013 0.0660 -0.9978
vn 0.0011 0.0282 -0.9996
vn 0.0296 0.9393 -0.3419
vn 0.0410 0.9389 -0.3417
vn 0.0012 0.0222 -0.9998
vn 0.0030 0.0227 -0.9997
vn -0.0063 -0.0581 -0.9983
vn 0.0105 -0.0991 -0.9950
vn -0.8574 -0.1193 -0.5007
vn -0.8791 -0.1683 -0.4460
vn 0.7740 0.3393 -0.5345
vn 0.7795 0.1643 -0.6044
vn 0.6815 0.3926 -0.6177
vn 0.7197 0.5208 -0.4591
vn 0.7001 0.6312 -0.3339
vn 0.7774 0.5911 -0.2151
vn 0.8332 0.5196 -0.1891
vn -0.8643 -0.0552 -0.5000
vn 0.6813 0.0102 -0.7319
vn 0.6846 -0.1790 -0.7066
vn 0.1086 -0.5867 -0.8025
vn 0.5113 -0.4594 -0.7263
vn -0.0453 -0.8723 -0.4869
vn -0.7394 -0.6234 -0.2543
vn 0.0064 -0.3067 -0.9518
vn -0.9649 -0.2609 -0.0294
vn -0.9904 -0.1382 -0.0000
vn -0.0771 -0.5450 -0.8349
vn -0.1471 -0.8687 -0.4730
vn -1.0000 -0.0069 0.0001
vn -0.9994 -0.0336 -0.0003
vn -0.9941 -0.1086 0.0011
vn -0.9813 -0.1926 -0.0005
vn 0.0108 -0.2964 -0.9550
vn -0.0050 -0.1555 -0.9878
vn 0.0084 0.0147 -0.9999
vn 0.0170 0.0687 -0.9975
vn 0.0030 0.1719 -0.9851
vn -0.0119 0.4708 -0.8821
vn -0.0035 0.7848 -0.6197
vn 0.0049 0.9397 -0.3420
vn -0.9987 -0.0503 0.0003
vn -0.9927 -0.1210 -0.0014
vn -0.7877 -0.3573 -0.5019
vn -0.7025 0.7117 -0.0000
vn -0.9997 -0.0238 0.0087
vn -0.7025 0.6688 -0.2434
vn -0.5508 -0.7843 0.2855
vn -0.9802 -0.1982 0.0006
vn -0.9913 -0.1313 -0.0116
vn -0.7567 0.6512 0.0573
vn -0.6400 0.7563 0.1353
vn -0.9921 -0.1238 -0.0221
vn -0.8845 0.4501 0.1228
vn -0.9921 -0.1214 -0.0328
vn -0.7567 0.6144 0.2236
vn -0.9928 -0.1123 -0.0409
vn -0.1779 -0.9803 -0.0863
vn -0.7634 -0.6425 -0.0657
vn -0.1779 -0.9690 -0.1716
vn -0.7634 -0.6344 -0.1215
vn -0.1779 -0.9504 -0.2552
vn -0.8331 -0.5321 -0.1510
vn -0.1779 -0.9247 -0.3366
vn -0.6494 -0.7108 -0.2703
vn -0.7676 -0.6392 -0.0469
vn -0.6318 -0.7713 -0.0778
vn -0.8378 -0.5389 -0.0874
vn -0.5785 -0.7997 -0.1605
vn -0.8082 -0.5665 -0.1609
vn -0.6530 -0.7342 -0.1858
vn -0.8379 -0.5155 -0.1793
vn -0.5787 -0.7623 -0.2899
vn -0.5041 -0.8636 -0.0079
vn -0.0480 -0.9814 -0.1859
vn -0.2954 -0.9548 0.0326
vn -0.0434 -0.9649 -0.2591
vn -0.0434 -0.9388 -0.3417
vn -0.0000 0.9961 0.0877
vn -0.0000 0.9397 0.3420
vn -0.0000 0.9658 0.2593
vn -0.0000 0.9847 0.1743
vn -0.9976 -0.0687 -0.0062
vn -0.9980 -0.0614 -0.0118
vn -0.9974 -0.0688 -0.0194
vn -0.9989 -0.0448 -0.0163
vn -0.6896 -0.7189 0.0880
vn -0.3554 -0.7753 0.5221
vn -0.4975 -0.5735 0.6508
vn -0.1555 -0.4584 0.8750
vn -0.6425 -0.7560 -0.1251
vn -0.6192 -0.7808 0.0833
vn -0.7095 -0.6873 -0.1556
vn -0.6396 -0.7438 -0.1942
vn -0.6023 -0.7528 -0.2657
vn -0.7118 -0.6564 -0.2499
vn -0.1811 -0.3778 0.9080
vn -0.2863 -0.4255 0.8585
vn -0.3435 -0.7643 0.5457
vn -0.6163 -0.7733 -0.1491
vn -0.4428 -0.8824 0.1592
vn -0.5887 -0.7661 -0.2579
vn -0.2717 -0.9600 0.0683
vn -0.2628 -0.9494 -0.1718
vn -0.2585 -0.9332 -0.2497
vn -0.2585 -0.9080 -0.3297
vn -0.4854 -0.8588 -0.1640
vn -0.6861 -0.7212 -0.0956
vn -0.7022 -0.6725 -0.2340
vn -0.3712 -0.8661 -0.3349
vn -0.1910 -0.9690 -0.1563
vn -0.1599 -0.9334 -0.3212
vn -0.7527 -0.6281 -0.1974
vn -0.4347 -0.8390 -0.3272
vn -0.9734 0.2155 0.0784
vn -0.6699 0.7312 0.1289
vn -0.9997 -0.0248 -0.0044
vn -0.5666 -0.8115 -0.1431
vn -0.9897 0.1346 0.0490
vn -0.8210 -0.5365 -0.1953
vn -0.9658 0.0864 -0.2444
vn -0.6732 -0.7244 -0.1487
vn -0.7126 -0.6558 -0.2493
vn -0.7378 -0.6606 -0.1392
vn -0.9130 -0.3833 -0.1395
vn -0.8884 -0.4523 -0.0789
vn -0.9692 -0.2457 -0.0152
vn -0.9806 -0.1841 -0.0670
vn -0.9533 -0.3004 -0.0320
vn -0.9613 -0.2753 -0.0095
vn -0.9691 -0.2468 0.0045
vn -0.7213 -0.6788 -0.1376
vn -0.8393 -0.5116 -0.1841
vn -0.6948 -0.4975 -0.5194
vn -0.7028 -0.4684 -0.5355
vn -0.5853 -0.5867 -0.5596
vn -0.6448 -0.6012 -0.4720
vn -0.7745 -0.3335 -0.5375
vn -0.7683 -0.6270 -0.1293
vn -0.9308 -0.2524 -0.2646
vn -0.5579 -0.6717 -0.4874
vn -0.3932 -0.4790 -0.7848
vn -0.3369 -0.4271 -0.8391
vn -0.4186 -0.2755 -0.8654
vn -0.7658 0.0172 -0.6429
vn -1.0000 -0.0047 -0.0001
vn 0.0084 0.1426 0.9897
vn 0.0173 0.0676 0.9976
vn -0.6932 -0.0679 0.7175
vn -0.6978 -0.0470 0.7147
vn -0.0060 0.7387 0.6740
vn -0.0067 0.4077 0.9131
vn -0.7649 0.3518 0.5396
vn -0.7222 0.0658 0.6885
vn 0.0036 0.9397 0.3420
vn -0.4807 0.8240 0.2999
vn 0.0051 -0.0126 0.9999
vn -0.7992 -0.0577 0.5984
vn -0.7080 -0.1719 0.6850
vn 0.0001 -0.1952 0.9808
vn -0.7097 -0.4535 0.5392
vn -0.0076 -0.4568 0.8895
vn 0.4461 0.1578 0.8809
vn 0.4033 0.3589 0.8417
vn -0.5131 -0.0675 0.8557
vn -0.3872 0.1954 0.9010
vn 0.4946 0.5215 0.6953
vn -0.2678 0.2007 0.9423
vn 0.5162 -0.0020 0.8565
vn -0.5014 -0.0596 0.8632
vn -0.4138 -0.3637 0.8346
vn 0.3055 -0.3177 0.8976
vn -0.2747 -0.5687 0.7754
vn -0.7040 -0.3056 0.6411
vn -0.8422 -0.0452 0.5372
vn -0.0006 0.0003 1.0000
vn -0.0005 0.0231 0.9997
vn -0.0005 0.0064 1.0000
vn -0.0003 0.0336 0.9994
vn 0.0189 0.3919 0.9198
vn 0.0301 0.6897 0.7235
vn 0.0013 0.0660 0.9978
vn 0.0011 0.0282 0.9996
vn 0.0410 0.9389 0.3417
vn 0.0296 0.9393 0.3419
vn 0.0030 0.0227 0.9997
vn 0.0012 0.0222 0.9998
vn 0.0102 -0.0991 0.9950
vn -0.0063 -0.0581 0.9983
vn -0.8574 -0.1193 0.5007
vn -0.8791 -0.1683 0.4460
vn 0.7795 0.1643 0.6044
vn 0.7740 0.3393 0.5345
vn 0.6815 0.3926 0.6177
vn 0.7197 0.5208 0.4591
vn 0.7001 0.6312 0.3339
vn 0.7774 0.5911 0.2151
vn 0.8332 0.5196 0.1891
vn -0.8643 -0.0552 0.5000
vn 0.6813 0.0102 0.7319
vn 0.6846 -0.1790 0.7066
vn 0.1085 -0.5867 0.8025
vn 0.5113 -0.4594 0.7263
vn -0.0453 -0.8723 0.4869
vn -0.7394 -0.6234 0.2543
vn 0.0064 -0.3067 0.9518
vn -0.9649 -0.2609 0.0294
vn -0.0771 -0.5450 0.8349
vn -0.1471 -0.8687 0.4730
vn 0.0108 -0.2964 0.9550
vn -0.0050 -0.1556 0.9878
vn 0.0084 0.0147 0.9999
vn 0.0170 0.0687 0.9975
vn 0.0030 0.1719 0.9851
vn -0.0119 0.4708 0.8821
vn -0.0035 0.7848 0.6197
vn 0.0049 0.9397 0.3420
vn -0.9997 -0.0238 -0.0087
vn -0.7025 0.6688 0.2434
vn -0.5508 -0.7843 -0.2855
vn -0.7567 0.5008 0.4202
vn -0.9913 -0.1080 -0.0755
vn -0.9928 -0.0915 -0.0768
vn -0.7567 0.5357 0.3747
vn -0.6400 0.6664 0.3825
vn -0.9924 -0.1070 -0.0606
vn -0.8845 0.4238 0.1953
vn -0.9916 -0.1178 -0.0535
vn -0.1779 -0.8064 -0.5640
vn -0.1779 -0.7538 -0.6325
vn -0.7634 -0.5238 -0.3779
vn -0.6494 -0.5754 -0.4972
vn -0.1779 -0.8526 -0.4914
vn -0.7634 -0.5548 -0.3306
vn -0.1779 -0.8921 -0.4154
vn -0.8331 -0.4981 -0.2406
vn -0.7327 -0.5213 -0.4375
vn -0.7676 -0.5305 -0.3597
vn -0.7310 -0.5572 -0.3941
vn -0.6527 -0.5874 -0.4785
vn -0.8378 -0.4769 -0.2658
vn -0.5837 -0.7042 -0.4043
vn -0.8082 -0.5303 -0.2563
vn -0.6530 -0.6911 -0.3097
vn -0.5041 -0.6666 -0.5491
vn -0.8869 -0.3538 -0.2969
vn -0.0480 -0.8693 -0.4919
vn -0.2957 -0.7125 -0.6363
vn -0.0434 -0.9057 -0.4217
vn -0.0000 0.8195 0.5731
vn -0.0000 0.7660 0.6428
vn -0.0000 0.9065 0.4221
vn -0.0000 0.8664 0.4994
vn -0.9976 -0.0565 -0.0394
vn -0.9989 -0.0365 -0.0306
vn -0.9986 -0.0465 -0.0267
vn -0.9970 -0.0702 -0.0327
vn -0.1778 -0.7538 -0.6325
vn -0.1778 -0.8526 -0.4914
vn -0.6778 -0.4283 -0.5976
vn -0.2601 0.1039 -0.9600
vn -0.3232 -0.2320 -0.9175
vn -0.5074 -0.1392 -0.8504
vn -0.6405 -0.6675 -0.3798
vn -0.7115 -0.6187 -0.3331
vn -0.5903 -0.5904 -0.5505
vn -0.6396 -0.7002 -0.3174
vn -0.2854 -0.1898 -0.9394
vn -0.1811 0.2943 -0.9384
vn -0.2863 0.2259 -0.9311
vn -0.5287 -0.5652 -0.6332
vn -0.6115 -0.7069 -0.3555
vn -0.1992 -0.7095 -0.6760
vn -0.2612 -0.8370 -0.4809
vn -0.2586 -0.8760 -0.4071
vn -0.4854 -0.7500 -0.4493
vn -0.4253 -0.6933 -0.5818
vn -0.7381 -0.5169 -0.4337
vn -0.6828 -0.6233 -0.3811
vn -0.1910 -0.8574 -0.4778
vn -0.1482 -0.7576 -0.6357
vn -0.7885 -0.4711 -0.3953
vn -0.4066 -0.6999 -0.5873
vn -0.8927 0.3453 0.2897
vn -0.6699 0.6430 0.3712
vn -0.9997 -0.0194 -0.0163
vn -0.9997 -0.0218 -0.0126
vn -0.5508 -0.6394 -0.5365
vn -0.5667 -0.7136 -0.4120
vn -0.9189 -0.3021 -0.2535
vn -0.9897 0.1098 0.0921
vn -0.9996 0.0203 0.0170
vn -0.7877 -0.5963 0.1548
vn -0.9658 -0.0909 0.2428
vn -0.6764 -0.6431 -0.3589
vn -0.8884 -0.3972 -0.2303
vn -0.7378 -0.5955 -0.3179
vn -0.9692 -0.1980 -0.1463
vn -0.9533 -0.2507 -0.1686
vn -0.9613 -0.2170 -0.1697
vn -0.9575 -0.2209 -0.1853
vn -0.9691 -0.1861 -0.1621
vn -0.7213 -0.6084 -0.3310
vn -0.8393 -0.5102 -0.1878
vn -0.8124 -0.4467 -0.3748
vn -0.6948 -0.7150 0.0780
vn -0.7028 -0.7030 0.1092
vn -0.5853 -0.8091 0.0515
vn -0.6448 -0.7639 -0.0249
vn -0.7744 -0.6011 0.1974
vn -0.9308 -0.3634 0.0405
vn -0.7682 -0.5634 -0.3040
vn -0.9757 -0.1680 -0.1409
vn -0.5579 -0.8279 -0.0584
vn -0.6736 -0.5662 -0.4751
vn -0.3932 -0.8714 0.2934
vn -0.3369 -0.8665 0.3683
vn -0.4186 -0.7673 0.4859
vn -0.7658 -0.4001 0.5035
vn -0.9894 -0.1075 -0.0981
vn -0.9989 -0.0358 -0.0313
vn -0.9990 -0.0358 -0.0282
vn -0.9880 -0.1228 -0.0938
vn 0.0174 0.6930 -0.7207
vn -0.6932 0.4092 -0.5933
vn -0.6979 0.4234 -0.5777
vn 0.0083 0.7454 -0.6666
vn -0.0067 0.8992 -0.4374
vn -0.7649 0.6163 -0.1872
vn -0.7222 0.4930 -0.4851
vn -0.0059 0.9991 -0.0415
vn 0.0051 0.6331 -0.7741
vn -0.7992 0.3404 -0.4954
vn 0.0001 0.4809 -0.8768
vn -0.7080 0.3086 -0.6352
vn -0.0077 0.2218 -0.9751
vn -0.7097 -0.0008 -0.7045
vn 0.4461 0.6872 -0.5734
vn -0.5131 0.4983 -0.6989
vn 0.4033 0.8160 -0.4141
vn -0.3872 0.7289 -0.5646
vn 0.4946 0.8464 -0.1974
vn -0.2678 0.7595 -0.5929
vn 0.5162 0.5490 -0.6574
vn -0.5014 0.5092 -0.6995
vn -0.4138 0.2579 -0.8731
vn 0.3055 0.3336 -0.8918
vn -0.2747 0.0628 -0.9595
vn -0.7040 0.1780 -0.6875
vn -0.8422 0.3107 -0.4406
vn -0.0005 0.6477 -0.7619
vn -0.0003 0.6682 -0.7440
vn -0.0005 0.6604 -0.7509
vn -0.0007 0.6433 -0.7656
vn 0.0301 0.9934 -0.1109
vn 0.0204 0.8914 -0.4528
vn 0.0013 0.6919 -0.7220
vn 0.0011 0.6641 -0.7476
vn 0.0012 0.6597 -0.7516
vn 0.0030 0.6600 -0.7513
vn -0.0063 0.5972 -0.8021
vn 0.0105 0.5637 -0.8259
vn -0.8574 0.2304 -0.4603
vn -0.8791 0.1578 -0.4498
vn 0.7740 0.6035 -0.1914
vn 0.7795 0.5144 -0.3574
vn 0.6815 0.6977 -0.2208
vn 0.7197 0.6941 -0.0170
vn 0.7001 0.6982 0.1499
vn -0.8643 0.2792 -0.4185
vn 0.6813 0.4783 -0.5541
vn 0.6846 0.3171 -0.6564
vn 0.1086 0.0664 -0.9919
vn 0.5113 0.1149 -0.8517
vn -0.0453 -0.3552 -0.9337
vn -0.7394 -0.3141 -0.5955
vn 0.0064 0.3769 -0.9263
vn -0.9649 -0.1810 -0.1902
vn -0.9904 -0.1059 -0.0888
vn -0.0771 0.1192 -0.9899
vn -0.1471 -0.3614 -0.9207
vn -1.0000 -0.0037 -0.0030
vn -0.9991 -0.0321 -0.0273
vn -0.9941 -0.0840 -0.0689
vn -0.9813 -0.1472 -0.1241
vn 0.0108 0.3868 -0.9221
vn -0.0050 0.5158 -0.8567
vn 0.0084 0.6539 -0.7565
vn 0.0170 0.6938 -0.7200
vn 0.0030 0.7649 -0.6442
vn -0.0119 0.9277 -0.3731
vn -0.0035 0.9996 0.0297
vn -0.9991 -0.0325 -0.0269
vn -0.9926 -0.0919 -0.0788
vn -0.7877 0.0489 -0.6141
vn -0.7025 0.5452 0.4575
vn -0.9802 -0.1522 -0.1270
vn -0.9916 -0.0923 -0.0906
vn -0.8845 0.3311 0.3288
vn -0.9921 -0.0820 -0.0952
vn -0.6400 0.4945 0.5881
vn -0.9917 -0.0740 -0.1047
vn -0.5899 0.4522 0.6690
vn -0.8530 0.2528 0.4566
vn -0.9928 -0.0597 -0.1035
vn -0.1794 -0.6953 -0.6960
vn -0.8575 -0.3637 -0.3638
vn -0.8331 -0.3613 -0.4189
vn -0.1779 -0.6320 -0.7543
vn -0.7634 -0.3776 -0.5241
vn -0.1779 -0.5640 -0.8064
vn -0.6494 -0.3896 -0.6531
vn -0.1778 -0.4920 -0.8522
vn -0.6871 -0.5135 -0.5140
vn -0.7310 -0.4848 -0.4803
vn -0.7679 -0.4043 -0.4969
vn -0.7244 -0.4418 -0.5292
vn -0.7680 -0.3595 -0.5300
vn -0.7213 -0.4051 -0.5618
vn -0.8379 -0.2661 -0.4766
vn -0.5787 -0.4179 -0.7003
vn -0.5041 -0.6565 -0.5611
vn -0.2957 -0.7504 -0.5912
vn -0.0479 -0.6353 -0.7707
vn -0.0434 -0.5726 -0.8187
vn -0.0434 -0.4995 -0.8652
vn -0.0000 0.7067 0.7075
vn -0.0000 0.5124 0.8587
vn -0.0000 0.5850 0.8111
vn -0.0000 0.6423 0.7665
vn -0.9976 -0.0486 -0.0488
vn -0.9974 -0.0452 -0.0554
vn -0.9980 -0.0354 -0.0517
vn -0.9989 -0.0238 -0.0413
vn -0.1763 -0.6957 -0.6964
vn -0.1778 -0.5640 -0.8064
vn -0.2601 -0.9274 0.2690
vn -0.6778 -0.6629 -0.3180
vn -0.3232 -0.9438 -0.0692
vn -0.5074 -0.8617 0.0106
vn -0.6405 -0.4900 -0.5914
vn -0.5903 -0.6446 -0.4858
vn -0.7115 -0.4355 -0.5515
vn -0.6396 -0.4341 -0.6344
vn -0.7118 -0.3601 -0.6031
vn -0.6023 -0.3923 -0.6952
vn -0.2863 -0.8778 0.3841
vn -0.1811 -0.8730 0.4528
vn -0.2854 -0.9581 -0.0238
vn -0.5287 -0.7218 -0.4467
vn -0.6115 -0.4729 -0.6344
vn -0.5887 -0.3870 -0.7097
vn -0.1992 -0.7889 -0.5813
vn -0.2612 -0.6189 -0.7408
vn -0.2586 -0.5530 -0.7921
vn -0.2585 -0.4823 -0.8370
vn -0.6828 -0.4836 -0.5476
vn -0.4854 -0.5727 -0.6606
vn -0.7022 -0.3472 -0.6216
vn -0.3712 -0.4802 -0.7947
vn -0.1910 -0.6195 -0.7614
vn -0.1599 -0.4784 -0.8634
vn -0.4347 -0.4680 -0.7695
vn -0.7527 -0.3035 -0.5843
vn -0.9734 0.1146 0.1986
vn -0.6699 0.4773 0.5688
vn -0.9997 -0.0162 -0.0193
vn -0.5666 -0.5297 -0.6312
vn -0.9897 0.0716 0.1241
vn -0.8210 -0.2854 -0.4944
vn -0.9658 0.2233 -0.1317
vn -0.7126 -0.3594 -0.6025
vn -0.6764 -0.4651 -0.5711
vn -0.7378 -0.4165 -0.5312
vn -0.9130 -0.2039 -0.3532
vn -0.8884 -0.2958 -0.3512
vn -0.9806 -0.0980 -0.1697
vn -0.9692 -0.1784 -0.1696
vn -0.9533 -0.2095 -0.2176
vn -0.9613 -0.2048 -0.1842
vn -0.9691 -0.1920 -0.1552
vn -0.7213 -0.4317 -0.5417
vn -0.8393 -0.2736 -0.4698
vn -0.6948 -0.0473 -0.7177
vn -0.7027 -0.0145 -0.7113
vn -0.5853 -0.0897 -0.8058
vn -0.6448 -0.1572 -0.7480
vn -0.7745 0.0900 -0.6262
vn -0.7682 -0.3972 -0.5020
vn -0.9308 -0.0232 -0.3649
vn -0.5579 -0.2012 -0.8052
vn -0.3932 0.1376 -0.9091
vn -0.3369 0.2122 -0.9173
vn -0.4186 0.3453 -0.8400
vn -0.7658 0.4264 -0.4814
vn -1.0000 -0.0052 -0.0045
vn 0.0083 -0.5270 0.8498
vn 0.0174 -0.5894 0.8076
vn -0.6932 -0.5132 0.5060
vn -0.6979 -0.4954 0.5173
vn -0.0060 0.1326 0.9912
vn -0.0067 -0.2746 0.9615
vn -0.7649 -0.0774 0.6395
vn -0.7222 -0.3921 0.5698
vn 0.0039 0.5000 0.8660
vn -0.4807 0.4385 0.7594
vn 0.0050 -0.6524 0.7579
vn -0.7992 -0.4288 0.4212
vn -0.0000 -0.7800 0.6258
vn -0.7081 -0.5719 0.4142
vn -0.0077 -0.9217 0.3878
vn -0.7097 -0.6940 0.1215
vn -0.5131 -0.6017 0.6121
vn 0.4461 -0.4453 0.7763
vn 0.4033 -0.2661 0.8755
vn -0.3872 -0.4295 0.8158
vn 0.4946 -0.0474 0.8679
vn -0.2678 -0.4520 0.8509
vn 0.5162 -0.5521 0.6548
vn -0.5014 -0.6005 0.6229
vn -0.4138 -0.8150 0.4056
vn 0.3055 -0.8204 0.4834
vn -0.2747 -0.9340 0.2284
vn -0.7040 -0.6462 0.2947
vn -0.8422 -0.3799 0.3825
vn -0.0007 -0.6423 0.7665
vn -0.0005 -0.6248 0.7807
vn -0.0005 -0.6379 0.7701
vn -0.0003 -0.6167 0.7872
vn 0.0189 -0.2910 0.9565
vn 0.0301 0.0633 0.9975
vn 0.0013 -0.5909 0.8068
vn 0.0011 -0.6209 0.7839
vn 0.0410 0.4996 0.8653
vn 0.0296 0.4998 0.8656
vn 0.0030 -0.6252 0.7804
vn 0.0012 -0.6259 0.7799
vn 0.0102 -0.7155 0.6985
vn -0.0064 -0.6862 0.7274
vn -0.8574 -0.4132 0.3068
vn -0.8791 -0.4156 0.2335
vn 0.7740 -0.0837 0.6276
vn 0.7795 -0.2627 0.5686
vn 0.6815 -0.0963 0.7255
vn 0.7197 0.1038 0.6865
vn 0.7001 0.2689 0.6615
vn 0.7774 0.3145 0.5447
vn 0.8332 0.2765 0.4788
vn -0.8643 -0.3637 0.3475
vn 0.6813 -0.4627 0.5672
vn 0.6846 -0.5913 0.4263
vn 0.5113 -0.8188 0.2611
vn 0.1086 -0.9653 0.2376
vn -0.0453 -0.9812 -0.1877
vn -0.7394 -0.6410 -0.2059
vn 0.0064 -0.8467 0.5320
vn -0.9649 -0.2188 -0.1452
vn -0.0771 -0.9541 0.2893
vn -0.1471 -0.9695 -0.1960
vn 0.0108 -0.8409 0.5411
vn -0.0050 -0.7541 0.6567
vn 0.0084 -0.6315 0.7754
vn 0.0171 -0.5886 0.8083
vn 0.0030 -0.5016 0.8651
vn -0.0119 -0.2064 0.9784
vn -0.0035 0.2028 0.9792
vn 0.0049 0.5000 0.8660
vn -0.9997 -0.0126 -0.0219
vn -0.7025 0.3558 0.6163
vn -0.5508 -0.4173 -0.7228
vn -0.9917 -0.0339 -0.1236
vn -0.7567 0.1135 0.6438
vn -0.7567 0.1695 0.6314
vn -0.9928 -0.0207 -0.1177
vn -0.6401 0.2646 0.7213
vn -0.9916 -0.0455 -0.1210
vn -0.8845 0.1974 0.4228
vn -0.9921 -0.0534 -0.1139
vn -0.1779 -0.2552 -0.9504
vn -0.6494 -0.1429 -0.7469
vn -0.8331 -0.1510 -0.5321
vn -0.1778 -0.1709 -0.9691
vn -0.1779 -0.3372 -0.9245
vn -0.7634 -0.2301 -0.6035
vn -0.1779 -0.4163 -0.8916
vn -0.7634 -0.2817 -0.5812
vn -0.7327 -0.1182 -0.6702
vn -0.7676 -0.1571 -0.6213
vn -0.6317 -0.2105 -0.7460
vn -0.6527 -0.1206 -0.7479
vn -0.8378 -0.1796 -0.5156
vn -0.5785 -0.2969 -0.7597
vn -0.8082 -0.2568 -0.5300
vn -0.6530 -0.3105 -0.6908
vn -0.5041 -0.1577 -0.8491
vn -0.8869 -0.0802 -0.4549
vn -0.0480 -0.3535 -0.9342
vn -0.2955 -0.1337 -0.9460
vn -0.0434 -0.4227 -0.9052
vn -0.0000 0.2593 0.9658
vn -0.0000 0.1736 0.9848
vn -0.0000 0.4231 0.9061
vn -0.0000 0.3427 0.9395
vn -0.9974 -0.0176 -0.0693
vn -0.9989 -0.0083 -0.0470
vn -0.9976 -0.0235 -0.0648
vn -0.9980 -0.0271 -0.0565
vn -0.1779 -0.1709 -0.9691
vn -0.4052 0.3408 -0.8484
vn -0.6896 -0.0382 -0.7232
vn -0.4978 0.5415 -0.6775
vn -0.1337 0.7487 -0.6493
vn -0.6425 -0.2544 -0.7228
vn -0.7095 -0.2726 -0.6499
vn -0.6192 -0.0536 -0.7834
vn -0.6396 -0.3204 -0.6988
vn -0.1811 0.8286 -0.5297
vn -0.2863 0.7716 -0.5681
vn -0.3435 0.4047 -0.8475
vn -0.6162 -0.2812 -0.7357
vn -0.4428 0.0035 -0.8966
vn -0.2629 -0.3341 -0.9051
vn -0.2717 -0.0994 -0.9572
vn -0.2586 -0.4080 -0.8756
vn -0.7381 -0.1172 -0.6645
vn -0.4854 -0.3107 -0.8172
vn -0.3583 -0.1804 -0.9160
vn -0.6861 -0.2194 -0.6937
vn -0.1910 -0.3222 -0.9272
vn -0.1599 -0.1541 -0.9750
vn -0.4557 -0.1546 -0.8766
vn -0.8420 -0.0937 -0.5313
vn -0.8927 0.0783 0.4438
vn -0.6699 0.2539 0.6977
vn -0.9997 -0.0044 -0.0249
vn -0.9997 -0.0086 -0.0236
vn -0.5508 -0.1449 -0.8220
vn -0.5666 -0.2818 -0.7743
vn -0.9189 -0.0685 -0.3884
vn -0.9897 0.0249 0.1411
vn -0.9996 0.0046 0.0261
vn -0.7877 -0.5563 -0.2647
vn -0.9658 -0.2257 0.1276
vn -0.6723 -0.2666 -0.6906
vn -0.8883 -0.1563 -0.4318
vn -0.7523 -0.2475 -0.6106
vn -0.9692 -0.0577 -0.2393
vn -0.9533 -0.0837 -0.2903
vn -0.9613 -0.0572 -0.2695
vn -0.9575 -0.0501 -0.2840
vn -0.9690 -0.0384 -0.2439
vn -0.7213 -0.2533 -0.6447
vn -0.8650 -0.2612 -0.4285
vn -0.7842 -0.1449 -0.6034
vn -0.6948 -0.5979 -0.3998
vn -0.7027 -0.6087 -0.3682
vn -0.6060 -0.5999 -0.5224
vn -0.6256 -0.6342 -0.4544
vn -0.7744 -0.5873 -0.2351
vn -0.7682 -0.2362 -0.5950
vn -0.9308 -0.3044 -0.2026
vn -0.9757 -0.0381 -0.2159
vn -0.5785 -0.5512 -0.6012
vn -0.6755 -0.0972 -0.7309
vn -0.3932 -0.8561 -0.3354
vn -0.3369 -0.9005 -0.2749
vn -0.4186 -0.9001 -0.1210
vn -0.7658 -0.6301 0.1286
vn -0.9894 -0.0193 -0.1442
vn -0.9880 -0.0338 -0.1508
vn -0.9986 -0.0080 -0.0525
vn -0.9992 -0.0081 -0.0393
vn 0.0173 0.9941 -0.1066
vn -0.6932 0.6948 -0.1915
vn -0.6979 0.6957 -0.1704
vn 0.0084 0.9995 -0.0315
vn -0.0067 0.9700 0.2429
vn -0.7649 0.5925 0.2527
vn -0.7222 0.6895 -0.0547
vn -0.0059 0.7921 0.6104
vn 0.0051 0.9825 -0.1860
vn -0.7992 0.5792 -0.1607
vn 0.0001 0.9320 -0.3626
vn -0.7081 0.6447 -0.2882
vn -0.0109 0.8103 -0.5860
vn -0.7097 0.4522 -0.5402
vn 0.4033 0.8913 0.2073
vn 0.4461 0.8950 0.0025
vn -0.5131 0.8310 -0.2150
vn -0.3872 0.9213 0.0360
vn 0.4946 0.7753 0.3929
vn -0.2678 0.9629 0.0340
vn 0.5162 0.8431 -0.1507
vn -0.5014 0.8397 -0.2086
vn -0.4138 0.7588 -0.5031
vn 0.3055 0.8288 -0.4687
vn -0.7040 0.5783 -0.4123
vn -0.8422 0.5212 -0.1378
vn -0.2747 0.6648 -0.6947
vn -0.0005 0.9859 -0.1674
vn -0.0003 0.9901 -0.1404
vn -0.0005 0.9886 -0.1508
vn -0.0006 0.9849 -0.1733
vn 0.0301 0.8322 0.5536
vn 0.0204 0.9739 0.2261
vn 0.0013 0.9941 -0.1083
vn 0.0011 0.9893 -0.1458
vn 0.0012 0.9884 -0.1517
vn 0.0030 0.9885 -0.1512
vn -0.0064 0.9730 -0.2306
vn 0.0105 0.9627 -0.2704
vn -0.8574 0.4724 -0.2045
vn -0.8791 0.4100 -0.2432
vn 0.7740 0.5853 0.2413
vn 0.7795 0.6238 0.0568
vn 0.6815 0.6764 0.2793
vn 0.7197 0.5426 0.4331
vn 0.7001 0.4385 0.5636
vn -0.8643 0.4829 -0.1411
vn 0.6813 0.7226 -0.1170
vn 0.6846 0.6648 -0.2990
vn 0.1085 0.6884 -0.7172
vn 0.5113 0.6355 -0.5786
vn -0.0460 0.3838 -0.9223
vn -0.7394 0.1422 -0.6581
vn 0.0064 0.8841 -0.4673
vn -0.9649 -0.0164 -0.2620
vn -0.9904 -0.0240 -0.1362
vn -0.0771 0.7276 -0.6817
vn -0.1471 0.3150 -0.9376
vn -1.0000 -0.0013 -0.0067
vn -0.9991 -0.0072 -0.0412
vn -0.9935 -0.0211 -0.1117
vn -0.9813 -0.0330 -0.1897
vn 0.0108 0.8890 -0.4577
vn -0.0050 0.9458 -0.3247
vn 0.0084 0.9872 -0.1592
vn 0.0170 0.9943 -0.1056
vn 0.0030 1.0000 -0.0018
vn -0.0119 0.9505 0.3105
vn -0.0035 0.7466 0.6653
vn -0.9933 -0.0191 -0.1142
vn -0.9991 -0.0076 -0.0415
vn -0.7877 0.4322 -0.4390
vn -0.7025 0.1236 0.7009
vn -0.9802 -0.0349 -0.1951
vn -0.9913 -0.0114 -0.1312
vn -0.7567 0.0566 0.6513
vn -0.7567 -0.0005 0.6538
vn -0.9925 -0.0008 -0.1219
vn -0.9917 0.0106 -0.1278
vn -0.5899 -0.0837 0.8031
vn -0.8530 -0.0998 0.5123
vn -0.9928 0.0207 -0.1176
vn -0.7634 -0.0654 -0.6426
vn -0.1779 -0.0853 -0.9804
vn -0.7634 0.0005 -0.6459
vn -0.1763 0.0007 -0.9843
vn -0.1779 0.0863 -0.9803
vn -0.7634 0.0659 -0.6425
vn -0.1779 0.1709 -0.9691
vn -0.6493 0.1427 -0.7470
vn -0.7676 -0.0463 -0.6392
vn -0.6317 -0.0573 -0.7731
vn -0.9106 0.0003 -0.4132
vn -0.5785 0.0192 -0.8154
vn -0.8082 0.0601 -0.5859
vn -0.6530 0.0555 -0.7553
vn -0.8379 0.0871 -0.5388
vn -0.5787 0.1532 -0.8010
vn -0.5041 -0.1422 -0.8519
vn -0.0480 0.0126 -0.9988
vn -0.2955 -0.1979 -0.9346
vn -0.0434 0.0876 -0.9952
vn -0.0434 0.1735 -0.9839
vn -0.0000 0.0866 0.9962
vn -0.0000 -0.1594 0.9872
vn -0.0000 -0.0732 0.9973
vn -0.0000 -0.0007 1.0000
vn -0.9976 -0.0059 -0.0686
vn -0.9974 0.0010 -0.0715
vn -0.9980 0.0061 -0.0624
vn -0.9989 0.0083 -0.0469
vn -0.1795 0.0007 -0.9838
vn -0.1778 0.1709 -0.9691
vn -0.2601 -0.8833 -0.3900
vn -0.6715 -0.3220 -0.6674
vn -0.3232 -0.6785 -0.6597
vn -0.4888 -0.7098 -0.5072
vn -0.6734 -0.0023 -0.7393
vn -0.5903 -0.1815 -0.7865
vn -0.6920 0.0277 -0.7214
vn -0.6396 0.0621 -0.7662
vn -0.7118 0.1321 -0.6899
vn -0.6023 0.1309 -0.7875
vn -0.2863 -0.9193 -0.2700
vn -0.1811 -0.9598 -0.2143
vn -0.3435 -0.6702 -0.6580
vn -0.4993 -0.2373 -0.8333
vn -0.6348 0.0275 -0.7722
vn -0.5887 0.1210 -0.7992
vn -0.2297 -0.2725 -0.9343
vn -0.2949 -0.0018 -0.9555
vn -0.2586 0.0839 -0.9623
vn -0.2586 0.1669 -0.9515
vn -0.4374 -0.0007 -0.8993
vn -0.6861 -0.0311 -0.7268
vn -0.7022 0.1137 -0.7029
vn -0.3712 0.1794 -0.9111
vn -0.2113 0.0003 -0.9774
vn -0.1599 0.1542 -0.9750
vn -0.7885 0.0942 -0.6078
vn -0.4347 0.1766 -0.8831
vn -0.9447 -0.0686 0.3208
vn -0.6699 -0.0000 0.7425
vn -0.9997 -0.0000 -0.0252
vn -0.5666 -0.0000 -0.8240
vn -0.9897 -0.0249 0.1411
vn -0.8210 0.0991 -0.5622
vn -0.9658 0.2557 0.0427
vn -0.6732 0.0206 -0.7392
vn -0.7126 0.1316 -0.6891
vn -0.7378 0.0224 -0.6747
vn -0.9130 0.0708 -0.4017
vn -0.8883 -0.0008 -0.4592
vn -0.9692 -0.0277 -0.2446
vn -0.9806 0.0340 -0.1930
vn -0.9533 -0.0206 -0.3014
vn -0.9613 -0.0384 -0.2728
vn -0.9690 -0.0473 -0.2424
vn -0.7213 0.0175 -0.6924
vn -0.8393 0.0924 -0.5358
vn -0.6948 0.4251 -0.5802
vn -0.7027 0.4461 -0.5542
vn -0.5853 0.4492 -0.6750
vn -0.6448 0.3604 -0.6740
vn -0.7745 0.4715 -0.4218
vn -0.7682 0.0184 -0.6399
vn -0.9308 0.2167 -0.2945
vn -0.5579 0.3633 -0.7462
vn -0.3932 0.6897 -0.6080
vn -0.3369 0.7522 -0.5663
vn -0.4186 0.8044 -0.4215
vn -0.7658 0.6361 -0.0947
vn -1.0000 -0.0007 -0.0047
vn 0.0084 -0.9500 0.3123
vn 0.0173 -0.9707 0.2398
vn -0.6932 -0.7184 0.0577
vn -0.6979 -0.7120 0.0778
vn -0.0061 -0.5355 0.8445
vn -0.0067 -0.8284 0.5601
vn -0.7649 -0.4703 0.4401
vn -0.7222 -0.6666 0.1844
vn 0.0039 -0.1736 0.9848
vn -0.4807 -0.1523 0.8636
vn 0.0051 -0.9869 0.1612
vn -0.7992 -0.5992 0.0471
vn 0.0001 -0.9998 -0.0219
vn -0.7081 -0.7044 -0.0503
vn -0.0077 -0.9553 -0.2954
vn -0.7097 -0.6097 -0.3530
vn -0.3872 -0.8534 0.3489
vn -0.5131 -0.8544 0.0821
vn 0.4033 -0.7666 0.4996
vn 0.4461 -0.8401 0.3084
vn 0.4946 -0.5942 0.6343
vn -0.2678 -0.8932 0.3613
vn -0.5014 -0.8604 0.0912
vn 0.4767 -0.8621 0.1719
vn 0.3668 -0.9211 -0.1303
vn -0.4138 -0.8851 -0.2132
vn -0.2747 -0.8623 -0.4254
vn -0.7040 -0.6844 -0.1896
vn -0.8422 -0.5369 0.0488
vn -0.0006 -0.9848 0.1738
vn -0.0005 -0.9805 0.1964
vn -0.0005 -0.9837 0.1799
vn -0.0003 -0.9784 0.2066
vn 0.0189 -0.8378 0.5457
vn 0.0301 -0.5927 0.8049
vn 0.0013 -0.9712 0.2382
vn 0.0011 -0.9795 0.2014
vn 0.0410 -0.1735 0.9840
vn 0.0296 -0.1736 0.9844
vn 0.0030 -0.9806 0.1959
vn 0.0012 -0.9807 0.1955
vn -0.0063 -0.9932 0.1161
vn 0.0102 -0.9971 0.0752
vn -0.8574 -0.5138 -0.0306
vn -0.8791 -0.4684 -0.0883
vn 0.7740 -0.4675 0.4270
vn 0.7795 -0.5667 0.2668
vn 0.6815 -0.5401 0.4939
vn 0.7197 -0.3618 0.5926
vn 0.7001 -0.2192 0.6796
vn 0.7774 -0.1092 0.6194
vn 0.8332 -0.0960 0.5445
vn -0.8643 -0.5020 0.0325
vn 0.6827 -0.7234 0.1029
vn 0.6902 -0.7169 -0.0984
vn 0.5113 -0.7950 -0.3263
vn 0.1086 -0.8922 -0.4384
vn -0.0453 -0.6310 -0.7745
vn -0.7395 -0.3587 -0.5697
vn 0.0064 -0.9906 -0.1368
vn -0.9649 -0.0742 -0.2518
vn -0.0771 -0.9169 -0.3917
vn -0.1471 -0.6167 -0.7734
vn 0.0108 -0.9920 -0.1260
vn -0.0050 -0.9998 0.0183
vn 0.0084 -0.9821 0.1881
vn 0.0171 -0.9704 0.2409
vn 0.0030 -0.9403 0.3403
vn -0.0119 -0.7870 0.6169
vn -0.0035 -0.4740 0.8805
vn 0.0049 -0.1736 0.9848
vn -0.9997 0.0044 -0.0249
vn -0.7025 -0.1236 0.7009
vn -0.5508 0.1449 -0.8220
vn -0.7567 -0.6143 0.2236
vn -0.9917 0.1159 -0.0548
vn -0.9928 0.1122 -0.0408
vn -0.7567 -0.5924 0.2766
vn -0.6400 -0.6645 0.3858
vn -0.9921 0.1078 -0.0645
vn -0.8845 -0.3810 0.2694
vn -0.9916 0.1051 -0.0752
vn -0.9928 0.0915 -0.0768
vn -0.7567 -0.5008 0.4203
vn -0.1779 0.8916 -0.4163
vn -0.6494 0.7107 -0.2704
vn -0.7634 0.5813 -0.2815
vn -0.1779 0.9247 -0.3366
vn -0.1779 0.8519 -0.4926
vn -0.7634 0.5545 -0.3311
vn -0.1779 0.8058 -0.5649
vn -0.8331 0.4484 -0.3239
vn -0.1779 0.7538 -0.6325
vn -0.6494 0.5755 -0.4971
vn -0.7328 0.6395 -0.2327
vn -0.7676 0.5846 -0.2626
vn -0.6318 0.6981 -0.3369
vn -0.6527 0.7156 -0.2487
vn -0.8378 0.4765 -0.2665
vn -0.5785 0.6966 -0.4243
vn -0.7213 0.5614 -0.4057
vn -0.7680 0.5297 -0.3600
vn -0.7213 0.5242 -0.4528
vn -0.7680 0.4965 -0.4046
vn -0.5041 0.8089 -0.3028
vn -0.8869 0.4341 -0.1580
vn -0.0480 0.8586 -0.5103
vn -0.2955 0.9084 -0.2959
vn -0.0434 0.8181 -0.5735
vn -0.0434 0.7653 -0.6422
vn -0.0000 -0.9061 0.4231
vn -0.0000 -0.9397 0.3420
vn -0.0000 -0.8189 0.5740
vn -0.0000 -0.7660 0.6428
vn -0.0000 -0.8657 0.5006
vn -0.9980 0.0570 -0.0259
vn -0.9989 0.0448 -0.0163
vn -0.9980 0.0545 -0.0308
vn -0.9970 0.0634 -0.0445
vn -0.9989 0.0365 -0.0306
vn -0.1778 0.8916 -0.4163
vn -0.1778 0.7538 -0.6325
vn -0.4052 0.8946 0.1883
vn -0.6958 0.6913 -0.1949
vn -0.5138 0.7783 0.3608
vn -0.1337 0.7694 0.6246
vn -0.6425 0.6676 -0.3761
vn -0.7095 0.5927 -0.3813
vn -0.6192 0.7622 -0.1888
vn -0.6396 0.6325 -0.4369
vn -0.7118 0.5314 -0.4594
vn -0.6023 0.6165 -0.5071
vn -0.2854 0.9085 0.3053
vn -0.1811 0.6655 0.7241
vn -0.2863 0.6934 0.6612
vn -0.6162 0.6757 -0.4046
vn -0.4941 0.8611 -0.1195
vn -0.5887 0.6317 -0.5044
vn -0.2628 0.8334 -0.4862
vn -0.2717 0.9254 -0.2641
vn -0.2585 0.7915 -0.5538
vn -0.2585 0.7405 -0.6203
vn -0.4854 0.7509 -0.4479
vn -0.3583 0.8708 -0.3367
vn -0.7381 0.6340 -0.2308
vn -0.6828 0.6417 -0.3492
vn -0.7101 0.5393 -0.4526
vn -0.3712 0.6993 -0.6109
vn -0.1910 0.8571 -0.4784
vn -0.1599 0.9335 -0.3211
vn -0.1599 0.7673 -0.6211
vn -0.4066 0.6999 -0.5873
vn -0.7281 0.5251 -0.4406
vn -0.4347 0.8390 -0.3272
vn -0.8122 0.5550 -0.1798
vn -0.9734 -0.1756 0.1474
vn -0.8927 -0.4235 0.1541
vn -0.6699 -0.6430 0.3712
vn -0.9997 0.0238 -0.0087
vn -0.9997 0.0218 -0.0126
vn -0.5508 0.7843 -0.2855
vn -0.5666 0.7136 -0.4120
vn -0.9189 0.3706 -0.1349
vn -0.9897 -0.1098 0.0921
vn -0.9897 -0.1346 0.0490
vn -0.8210 0.4373 -0.3670
vn -0.9996 -0.0249 0.0091
vn -0.7877 0.1641 -0.5938
vn -0.9658 -0.1648 -0.2001
vn -0.7057 0.5428 -0.4555
vn -0.6764 0.6324 -0.3775
vn -0.8884 0.3980 -0.2288
vn -0.9130 0.3125 -0.2622
vn -0.7378 0.5731 -0.3568
vn -0.9692 0.2257 -0.0983
vn -0.9806 0.1501 -0.1260
vn -0.9533 0.2713 -0.1328
vn -0.9613 0.2554 -0.1031
vn -0.9575 0.2710 -0.0986
vn -0.9691 0.2335 -0.0802
vn -0.7213 0.5909 -0.3614
vn -0.8393 0.4178 -0.3479
vn -0.8124 0.5480 -0.1995
vn -0.6948 0.2899 -0.6582
vn -0.7028 0.2570 -0.6634
vn -0.5853 0.3599 -0.7265
vn -0.6448 0.4036 -0.6491
vn -0.7744 0.1296 -0.6192
vn -0.9307 0.1466 -0.3350
vn -0.7682 0.5450 -0.3359
vn -0.9757 0.2061 -0.0750
vn -0.6735 0.6946 -0.2528
vn -0.5579 0.4645 -0.6877
vn -0.3932 0.1816 -0.9013
vn -0.3369 0.1143 -0.9346
vn -0.4186 -0.0372 -0.9074
vn -0.7658 -0.2361 -0.5982
vn -0.9986 0.0495 -0.0193
vn -0.9894 0.1345 -0.0554
vn -0.9992 0.0381 -0.0127
vn -0.9880 0.1475 -0.0462
vn 0.0174 0.2776 0.9605
vn 0.0083 0.2046 0.9788
vn -0.6932 0.3092 0.6510
vn -0.6978 0.2886 0.6555
vn -0.0068 -0.0710 0.9975
vn -0.0059 -0.4636 0.8860
vn -0.7649 -0.1460 0.6274
vn -0.7222 0.1736 0.6695
vn 0.0036 -0.7660 0.6428
vn -0.4807 -0.6717 0.5637
vn 0.0051 0.3538 0.9353
vn -0.7992 0.2588 0.5425
vn -0.0000 0.5189 0.8548
vn -0.7081 0.3957 0.5848
vn -0.0109 0.7178 0.6962
vn -0.7097 0.6105 0.3515
vn 0.4033 -0.0494 0.9137
vn -0.5131 0.3561 0.7810
vn -0.3872 0.1246 0.9135
vn 0.4461 0.1530 0.8818
vn 0.4946 -0.2523 0.8317
vn -0.2678 0.1337 0.9542
vn -0.5014 0.3512 0.7907
vn 0.5162 0.2948 0.8041
vn 0.3055 0.6055 0.7348
vn -0.4138 0.6272 0.6599
vn -0.2747 0.7995 0.5341
vn -0.7040 0.5064 0.4979
vn -0.8422 0.2262 0.4893
vn -0.0005 0.3360 0.9419
vn -0.0005 0.3202 0.9474
vn -0.0006 0.3419 0.9397
vn -0.0003 0.3102 0.9507
vn 0.0301 -0.4007 0.9157
vn 0.0204 -0.0536 0.9984
vn 0.0013 0.2793 0.9602
vn 0.0011 0.3154 0.9490
vn 0.0296 -0.7657 0.6425
vn 0.0410 -0.7654 0.6422
vn 0.0030 0.3206 0.9472
vn 0.0012 0.3211 0.9471
vn -0.0063 0.3960 0.9182
vn 0.0105 0.4335 0.9011
vn -0.8574 0.2834 0.4297
vn -0.8791 0.3107 0.3615
vn 0.7740 -0.1360 0.6184
vn 0.7795 0.0523 0.6242
vn 0.6815 -0.1576 0.7147
vn 0.7197 -0.3323 0.6096
vn 0.7001 -0.4789 0.5297
vn 0.7774 -0.4818 0.4043
vn 0.8332 -0.4236 0.3554
vn -0.8642 0.2229 0.4510
vn 0.6813 0.2407 0.6913
vn 0.6846 0.4099 0.6028
vn 0.1086 0.8258 0.5534
vn 0.5113 0.6801 0.5254
vn -0.0460 0.9749 0.2178
vn -0.7394 0.6727 0.0257
vn 0.0064 0.6137 0.7895
vn -0.9649 0.2552 -0.0616
vn -0.9904 0.1299 -0.0473
vn -0.0771 0.7976 0.5982
vn -0.1471 0.9781 0.1474
vn -1.0000 0.0044 -0.0017
vn -0.9987 0.0473 -0.0170
vn -0.9935 0.1063 -0.0401
vn -0.9813 0.1811 -0.0654
vn 0.0108 0.6051 0.7961
vn -0.0050 0.4840 0.8750
vn 0.0084 0.3282 0.9446
vn 0.0171 0.2766 0.9608
vn 0.0030 0.1755 0.9845
vn -0.0119 -0.1407 0.9900
vn -0.0035 -0.5255 0.8508
vn 0.0049 -0.7660 0.6428
vn -0.9933 0.1091 -0.0387
vn -0.9994 0.0315 -0.0117
vn -0.7877 0.5074 0.3494
vn -0.7025 -0.6688 0.2434
vn -0.9997 0.0194 -0.0163
vn -0.7025 -0.5452 0.4575
vn -0.5508 0.6394 -0.5365
vn -0.9802 0.1861 -0.0684
vn -0.9918 0.1240 -0.0325
vn -0.7567 -0.6316 0.1689
vn -0.6401 -0.7570 0.1315
vn -0.9916 0.1276 -0.0211
vn -0.7566 -0.6524 0.0440
vn -0.9921 0.1251 -0.0106
vn -0.8530 -0.5218 -0.0093
vn -0.9928 0.1195 -0.0000
vn -0.8331 0.5323 -0.1505
vn -0.1779 0.9507 -0.2542
vn -0.7634 0.6345 -0.1206
vn -0.1779 0.9692 -0.1702
vn -0.7634 0.6426 -0.0649
vn -0.1779 0.9804 -0.0853
vn -0.5671 0.8237 -0.0000
vn -0.1763 0.9843 -0.0000
vn -0.7676 0.6215 -0.1566
vn -0.7310 0.6583 -0.1797
vn -0.8378 0.5390 -0.0866
vn -0.5837 0.7999 -0.1391
vn -0.8082 0.5859 -0.0595
vn -0.6530 0.7553 -0.0547
vn -0.9107 0.4130 -0.0000
vn -0.4775 0.8787 -0.0000
vn -0.5041 0.8142 -0.2880
vn -0.2957 0.8872 -0.3542
vn -0.0480 0.9851 -0.1649
vn -0.0434 0.9953 -0.0865
vn -0.0434 0.9991 -0.0000
vn -0.0000 -0.9661 0.2583
vn -0.0000 -0.9999 0.0144
vn -0.0000 -0.9949 0.1010
vn -0.0000 -0.9849 0.1730
vn -0.9974 0.0688 -0.0194
vn -0.9976 0.0679 -0.0120
vn -0.9980 0.0624 -0.0048
vn -0.9989 0.0477 -0.0000
vn -0.1778 0.9507 -0.2542
vn -0.1794 0.9838 -0.0000
vn -0.2601 0.2307 -0.9376
vn -0.6778 0.6069 -0.4151
vn -0.3232 0.5318 -0.7828
vn -0.5074 0.4217 -0.7515
vn -0.6405 0.7572 -0.1286
vn -0.5903 0.7430 -0.3154
vn -0.7115 0.6953 -0.1014
vn -0.6396 0.7665 -0.0588
vn -0.7024 0.7118 -0.0000
vn -0.6356 0.7720 -0.0000
vn -0.2863 0.1062 -0.9522
vn -0.1811 0.0444 -0.9825
vn -0.2854 0.4997 -0.8178
vn -0.5287 0.7477 -0.4017
vn -0.6115 0.7858 -0.0923
vn -0.5650 0.8251 -0.0000
vn -0.1992 0.8979 -0.3926
vn -0.2612 0.9510 -0.1656
vn -0.2585 0.9624 -0.0829
vn -0.3290 0.9443 -0.0000
vn -0.6828 0.7160 -0.1450
vn -0.4854 0.8584 -0.1657
vn -0.7101 0.7041 -0.0000
vn -0.3236 0.9462 -0.0000
vn -0.1911 0.9691 -0.1558
vn -0.1776 0.9841 -0.0000
vn -0.4557 0.8901 -0.0000
vn -0.7885 0.6150 -0.0000
vn -0.9734 -0.2293 -0.0000
vn -0.6699 -0.7312 0.1289
vn -0.9997 0.0248 -0.0044
vn -0.5666 0.8115 -0.1431
vn -0.9897 -0.1433 -0.0000
vn -0.8210 0.5709 -0.0000
vn -0.9658 0.0024 0.2592
vn -0.7057 0.7086 -0.0000
vn -0.6764 0.7271 -0.1172
vn -0.7378 0.6683 -0.0951
vn -0.9130 0.4079 -0.0000
vn -0.8884 0.4520 -0.0806
vn -0.9806 0.1959 -0.0000
vn -0.9692 0.2361 -0.0697
vn -0.9533 0.2932 -0.0727
vn -0.9613 0.2619 -0.0852
vn -0.9691 0.2303 -0.0887
vn -0.7213 0.6850 -0.1030
vn -0.8393 0.5437 -0.0020
vn -0.6948 0.6452 0.3179
vn -0.7028 0.6233 0.3430
vn -0.5853 0.7427 0.3252
vn -0.6448 0.7264 0.2379
vn -0.7745 0.4973 0.3911
vn -0.7682 0.6334 -0.0930
vn -0.9308 0.3276 0.1623
vn -0.5579 0.7979 0.2283
vn -0.3932 0.7185 0.5737
vn -0.3369 0.6883 0.6425
vn -0.4186 0.5548 0.7190
vn -0.7658 0.2037 0.6100
vn -1.0000 0.0065 -0.0022
vn 0.0083 -0.4725 -0.8813
vn 0.0174 -0.4047 -0.9143
vn -0.6932 -0.1816 -0.6975
vn -0.6978 -0.2003 -0.6877
vn -0.0060 -0.9247 -0.3807
vn -0.0067 -0.6954 -0.7186
vn -0.7649 -0.5151 -0.3867
vn -0.7222 -0.2974 -0.6245
vn 0.0034 -1.0000 -0.0000
vn -0.4807 -0.8769 -0.0000
vn 0.0051 -0.3302 -0.9439
vn -0.7992 -0.1504 -0.5820
vn 0.0001 -0.1520 -0.9884
vn -0.7081 -0.0728 -0.7024
vn -0.0077 0.1250 -0.9921
vn -0.7097 0.2417 -0.6617
vn -0.3872 -0.4918 -0.7799
vn -0.5131 -0.2293 -0.8272
vn 0.4033 -0.6252 -0.6682
vn 0.4461 -0.4496 -0.7738
vn 0.4946 -0.7279 -0.4750
vn -0.2678 -0.5109 -0.8169
vn -0.5014 -0.2392 -0.8315
vn 0.4766 -0.3190 -0.8192
vn 0.3668 -0.0317 -0.9298
vn -0.4138 0.0563 -0.9086
vn -0.2747 0.2692 -0.9231
vn -0.7040 0.0679 -0.7070
vn -0.8422 -0.1412 -0.5203
vn -0.0006 -0.3423 -0.9396
vn -0.0005 -0.3637 -0.9315
vn -0.0005 -0.3480 -0.9375
vn -0.0003 -0.3734 -0.9277
vn 0.0189 -0.6828 -0.7303
vn 0.0301 -0.8956 -0.4439
vn 0.0013 -0.4033 -0.9151
vn 0.0011 -0.3684 -0.9297
vn 0.0410 -0.9992 -0.0000
vn 0.0296 -0.9996 -0.0000
vn 0.0030 -0.3632 -0.9317
vn 0.0012 -0.3628 -0.9319
vn -0.0063 -0.2868 -0.9580
vn 0.0102 -0.2472 -0.9689
vn -0.8574 -0.0591 -0.5113
vn -0.8791 0.0056 -0.4766
vn 0.7740 -0.5017 -0.3863
vn 0.7795 -0.3611 -0.5118
vn 0.6815 -0.5801 -0.4461
vn 0.7197 -0.6464 -0.2534
vn 0.7001 -0.7073 -0.0979
vn 0.7774 -0.6290 -0.0000
vn 0.8332 -0.5529 -0.0000
vn -0.8643 -0.1192 -0.4887
vn 0.6827 -0.2270 -0.6946
vn 0.6902 -0.0275 -0.7231
vn 0.5113 0.1833 -0.8396
vn 0.1086 0.2769 -0.9548
vn -0.0453 0.6531 -0.7559
vn -0.7394 0.4988 -0.4522
vn 0.0064 -0.0373 -0.9993
vn -0.9649 0.2351 -0.1168
vn -0.0771 0.2265 -0.9709
vn -0.1471 0.6545 -0.7416
vn 0.0108 -0.0481 -0.9988
vn -0.0050 -0.1917 -0.9814
vn 0.0084 -0.3558 -0.9345
vn 0.0171 -0.4057 -0.9138
vn 0.0030 -0.4984 -0.8669
vn -0.0119 -0.7441 -0.6679
vn -0.0035 -0.9494 -0.3139
vn 0.0049 -1.0000 -0.0000
vn -0.9997 0.0253 -0.0000
vn -0.7025 -0.7117 -0.0000
vn -0.5508 0.8347 -0.0000
vn -0.9916 0.0557 -0.1167
vn -0.6400 -0.3853 0.6647
vn -0.8845 -0.1970 0.4229
vn -0.9924 0.0623 -0.1061
vn -0.9921 0.0446 -0.1174
vn -0.6400 -0.2636 0.7217
vn -0.9917 0.0337 -0.1237
vn -0.7567 -0.1689 0.6316
vn -0.1779 0.4154 -0.8921
vn -0.1779 0.4920 -0.8522
vn -0.7634 0.2812 -0.5815
vn -0.6494 0.3897 -0.6530
vn -0.1779 0.3359 -0.9249
vn -0.7634 0.2293 -0.6038
vn -0.1779 0.2542 -0.9507
vn -0.8331 0.1504 -0.5323
vn -0.7676 0.2621 -0.5848
vn -0.7327 0.3403 -0.5894
vn -0.6527 0.3692 -0.6616
vn -0.7310 0.2913 -0.6171
vn -0.8378 0.1789 -0.5158
vn -0.5838 0.2759 -0.7636
vn -0.8082 0.1603 -0.5667
vn -0.6530 0.1850 -0.7344
vn -0.5041 0.4250 -0.7519
vn -0.8869 0.2310 -0.4001
vn -0.0480 0.3334 -0.9416
vn -0.2957 0.5029 -0.8122
vn -0.0434 0.2581 -0.9652
vn -0.0000 -0.4221 0.9065
vn -0.0000 -0.5000 0.8660
vn -0.0000 -0.2583 0.9661
vn -0.0000 -0.3414 0.9399
vn -0.9976 0.0290 -0.0625
vn -0.9989 0.0238 -0.0413
vn -0.9980 0.0206 -0.0592
vn -0.9974 0.0176 -0.0693
vn -0.1778 0.4920 -0.8522
vn -0.1778 0.2542 -0.9507
vn -0.6778 0.5142 -0.5256
vn -0.2601 0.9634 -0.0644
vn -0.3232 0.8632 -0.3878
vn -0.5074 0.8133 -0.2848
vn -0.6405 0.2581 -0.7233
vn -0.7115 0.2206 -0.6672
vn -0.5903 0.4396 -0.6770
vn -0.6396 0.1910 -0.7446
vn -0.1811 0.9752 0.1268
vn -0.2863 0.9562 0.0608
vn -0.2854 0.8922 -0.3500
vn -0.5287 0.5255 -0.6666
vn -0.6115 0.2274 -0.7579
vn -0.1992 0.5425 -0.8161
vn -0.2612 0.3282 -0.9078
vn -0.2586 0.2487 -0.9334
vn -0.4854 0.3123 -0.8166
vn -0.7381 0.3374 -0.5843
vn -0.6828 0.2671 -0.6800
vn -0.3583 0.4828 -0.7991
vn -0.1911 0.3217 -0.9274
vn -0.1599 0.4783 -0.8635
vn -0.7885 0.2964 -0.5390
vn -0.4347 0.4679 -0.7695
vn -0.9447 -0.1742 0.2780
vn -0.6699 -0.2539 0.6977
vn -0.9997 0.0086 -0.0236
vn -0.9997 0.0126 -0.0219
vn -0.5508 0.4173 -0.7228
vn -0.5667 0.2818 -0.7743
vn -0.9189 0.1972 -0.3416
vn -0.9897 -0.0716 0.1241
vn -0.9996 -0.0132 0.0229
vn -0.7877 -0.2560 -0.5603
vn -0.9658 -0.2549 -0.0474
vn -0.6764 0.2417 -0.6957
vn -0.7378 0.2097 -0.6417
vn -0.8883 0.1578 -0.4312
vn -0.9692 0.1097 -0.2204
vn -0.9533 0.1225 -0.2762
vn -0.9613 0.1294 -0.2432
vn -0.9575 0.1442 -0.2498
vn -0.9691 0.1273 -0.2114
vn -0.7213 0.2203 -0.6567
vn -0.8393 0.0964 -0.5351
vn -0.8124 0.2915 -0.5050
vn -0.6948 -0.2010 -0.6906
vn -0.7027 -0.2296 -0.6734
vn -0.5853 -0.1913 -0.7879
vn -0.6448 -0.1081 -0.7567
vn -0.7744 -0.2988 -0.5576
vn -0.9308 -0.1030 -0.3509
vn -0.7682 0.2015 -0.6076
vn -0.9757 0.1096 -0.1899
vn -0.5579 -0.0863 -0.8254
vn -0.6736 0.3696 -0.6401
vn -0.3932 -0.4402 -0.8072
vn -0.3369 -0.5132 -0.7894
vn -0.4186 -0.6117 -0.6712
vn -0.7658 -0.5654 -0.3065
vn -0.9894 0.0674 -0.1289
vn -0.9986 0.0256 -0.0466
vn -0.9880 0.0833 -0.1302
vn -0.9992 0.0211 -0.0342
vn 0.0174 0.8301 0.5573
vn -0.6932 0.6554 0.3000
vn -0.6979 0.6424 0.3167
vn 0.0084 0.7859 0.6183
vn -0.0067 0.5869 0.8096
vn -0.0059 0.2144 0.9767
vn -0.7649 0.2914 0.5744
vn -0.7222 0.5634 0.4013
vn 0.0051 0.8722 0.4891
vn -0.7992 0.5470 0.2492
vn -0.0000 0.9470 0.3213
vn -0.7081 0.6791 0.1936
vn -0.0077 0.9988 0.0492
vn -0.7097 0.6936 -0.1231
vn 0.4461 0.6840 0.5772
vn -0.5131 0.7748 0.3694
vn 0.4033 0.5495 0.7317
vn -0.3872 0.6826 0.6197
vn 0.4946 0.3414 0.7993
vn -0.2678 0.7157 0.6450
vn 0.4767 0.7513 0.4564
vn -0.5014 0.7773 0.3800
vn -0.4138 0.9046 0.1024
vn 0.3668 0.9101 0.1926
vn -0.2747 0.9558 -0.1048
vn -0.7040 0.7080 0.0559
vn -0.8422 0.4878 0.2294
vn -0.0005 0.8628 0.5055
vn -0.0003 0.8487 0.5288
vn -0.0005 0.8542 0.5199
vn -0.0007 0.8657 0.5006
vn 0.0301 0.2817 0.9590
vn 0.0204 0.6007 0.7992
vn 0.0013 0.8312 0.5560
vn 0.0011 0.8516 0.5242
vn 0.0012 0.8547 0.5191
vn 0.0030 0.8545 0.5195
vn -0.0063 0.8936 0.4488
vn 0.0105 0.9113 0.4117
vn -0.8574 0.4933 0.1470
vn -0.8791 0.4704 0.0773
vn 0.7740 0.2933 0.5611
vn 0.7795 0.4413 0.4445
vn 0.6815 0.3386 0.6488
vn 0.7197 0.1372 0.6806
vn 0.7001 -0.0264 0.7136
vn -0.8643 0.4606 0.2023
vn 0.6827 0.6446 0.3441
vn 0.6902 0.7073 0.1527
vn 0.1086 0.9883 -0.1069
vn 0.5113 0.8587 -0.0347
vn -0.0453 0.8578 -0.5119
vn -0.7394 0.5319 -0.4127
vn 0.0064 0.9776 0.2103
vn -0.9649 0.1559 -0.2112
vn -0.9904 0.0692 -0.1198
vn -0.0771 0.9955 -0.0545
vn -0.1471 0.8440 -0.5158
vn -1.0000 0.0023 -0.0042
vn -0.9987 0.0253 -0.0434
vn -0.9926 0.0594 -0.1055
vn -0.9802 0.0996 -0.1714
vn 0.0108 0.9752 0.2209
vn -0.0050 0.9332 0.3592
vn 0.0084 0.8586 0.5126
vn 0.0170 0.8295 0.5582
vn 0.0030 0.7672 0.6414
vn -0.0119 0.5286 0.8488
vn -0.0035 0.1443 0.9895
vn -0.9941 0.0553 -0.0935
vn -0.9994 0.0166 -0.0292
vn -0.7877 0.6133 -0.0585
vn -0.7025 -0.3558 0.6163
vn -0.9813 0.0959 -0.1670
vn -0.8845 -0.2694 0.3810
vn -0.9921 0.0736 -0.1018
vn -0.6401 -0.4953 0.5874
vn -0.9921 0.0822 -0.0950
vn -0.8845 -0.3314 0.3284
vn -0.9916 0.0923 -0.0905
vn -0.1779 0.5648 -0.8058
vn -0.7634 0.3781 -0.5236
vn -0.1779 0.6331 -0.7534
vn -0.7634 0.4224 -0.4886
vn -0.1794 0.6960 -0.6953
vn -0.9062 0.2992 -0.2989
vn -0.7676 0.3602 -0.5301
vn -0.6317 0.4530 -0.6290
vn -0.7679 0.4049 -0.4964
vn -0.7211 0.4577 -0.5201
vn -0.6875 0.5138 -0.5132
vn -0.8383 0.3857 -0.3854
vn -0.5041 0.4386 -0.7440
vn -0.0480 0.6517 -0.7570
vn -0.2954 0.4491 -0.8432
vn -0.0434 0.7068 -0.7061
vn -0.0000 -0.5740 0.8189
vn -0.0000 -0.7075 0.7067
vn -0.0000 -0.6433 0.7656
vn -0.9980 0.0354 -0.0516
vn -0.9980 0.0399 -0.0484
vn -0.9970 0.0548 -0.0547
vn -0.1763 0.6964 -0.6957
vn -0.1555 -0.5286 -0.8345
vn -0.5138 -0.2201 -0.8292
vn -0.3554 -0.0644 -0.9325
vn -0.6958 0.3120 -0.6469
vn -0.6425 0.4863 -0.5922
vn -0.6192 0.3183 -0.7178
vn -0.7355 0.4557 -0.5013
vn -0.6154 0.5584 -0.5563
vn -0.2863 -0.5307 -0.7977
vn -0.1811 -0.5975 -0.7812
vn -0.2854 -0.1430 -0.9477
vn -0.4941 0.2672 -0.8273
vn -0.6034 0.5351 -0.5913
vn -0.2717 0.4208 -0.8655
vn -0.2629 0.6235 -0.7363
vn -0.1867 0.6950 -0.6943
vn -0.5468 0.5374 -0.6420
vn -0.6828 0.4553 -0.5713
vn -0.1766 0.6329 -0.7538
vn -0.6699 -0.4773 0.5688
vn -0.9997 0.0162 -0.0193
vn -0.5667 0.5296 -0.6312
vn -0.9658 0.1685 0.1971
vn -0.6764 0.4816 -0.5572
vn -0.7378 0.4509 -0.5024
vn -0.8884 0.2945 -0.3522
vn -0.9692 0.1360 -0.2052
vn -0.9533 0.1780 -0.2441
vn -0.9613 0.1459 -0.2337
vn -0.9691 0.1194 -0.2160
vn -0.7213 0.4585 -0.5192
vn -0.8393 0.4152 -0.3510
vn -0.6948 0.6985 -0.1712
vn -0.7027 0.6980 -0.1378
vn -0.5853 0.7780 -0.2283
vn -0.6448 0.7094 -0.2847
vn -0.7745 0.6323 -0.0201
vn -0.7682 0.4254 -0.4784
vn -0.9308 0.3553 -0.0863
vn -0.5579 0.7580 -0.3380
vn -0.3932 0.9192 -0.0224
vn -0.3369 0.9402 0.0497
vn -0.4186 0.8872 0.1942
vn -0.7658 0.5481 0.3364
vn -1.0000 0.0035 -0.0059
vn 0.0083 -0.9284 -0.3715
vn 0.0174 -0.8977 -0.4402
vn -0.6932 -0.5874 -0.4176
vn -0.6979 -0.5954 -0.3980
vn -0.0059 -0.9531 0.3027
vn -0.0067 -0.9946 -0.1036
vn -0.7649 -0.6432 0.0348
vn -0.7222 -0.6292 -0.2873
vn 0.0051 -0.8597 -0.5109
vn -0.7992 -0.4893 -0.3491
vn 0.0001 -0.7518 -0.6594
vn -0.7081 -0.5072 -0.4913
vn -0.0077 -0.5420 -0.8404
vn -0.7097 -0.2402 -0.6623
vn -0.3872 -0.8780 -0.2813
vn -0.5131 -0.7073 -0.4863
vn 0.4033 -0.9084 -0.1100
vn 0.4461 -0.8419 -0.3038
vn 0.4946 -0.8629 0.1040
vn -0.2678 -0.9164 -0.2974
vn -0.5014 -0.7177 -0.4832
vn 0.5162 -0.7407 -0.4300
vn 0.3055 -0.6185 -0.7239
vn -0.4138 -0.5410 -0.7322
vn -0.2747 -0.3872 -0.8801
vn -0.7040 -0.4024 -0.5852
vn -0.8422 -0.4426 -0.3078
vn -0.0006 -0.8662 -0.4997
vn -0.0005 -0.8774 -0.4798
vn -0.0005 -0.8692 -0.4945
vn -0.0003 -0.8823 -0.4706
vn 0.0189 -0.9925 -0.1205
vn 0.0301 -0.9714 0.2356
vn 0.0013 -0.8971 -0.4418
vn 0.0011 -0.8798 -0.4754
vn 0.0030 -0.8772 -0.4802
vn 0.0012 -0.8769 -0.4806
vn -0.0064 -0.8355 -0.5495
vn 0.0102 -0.8122 -0.5833
vn -0.8574 -0.3739 -0.3537
vn -0.8791 -0.3021 -0.3687
vn 0.7795 -0.6056 -0.1599
vn 0.7740 -0.6326 0.0266
vn 0.6815 -0.7312 0.0311
vn 0.7197 -0.6580 0.2214
vn 0.7001 -0.6048 0.3797
vn -0.8643 -0.4055 -0.2977
vn 0.6813 -0.6390 -0.3571
vn 0.6846 -0.5225 -0.5083
vn 0.5113 -0.3993 -0.7610
vn 0.1086 -0.4016 -0.9093
vn -0.0453 0.0144 -0.9989
vn -0.7393 0.0915 -0.6671
vn 0.0064 -0.6709 -0.7415
vn -0.9649 0.1050 -0.2407
vn -0.0771 -0.4506 -0.8894
vn -0.1471 0.0247 -0.9888
vn 0.0108 -0.6789 -0.7342
vn -0.0050 -0.7777 -0.6286
vn 0.0084 -0.8732 -0.4872
vn 0.0171 -0.8982 -0.4393
vn 0.0030 -0.9391 -0.3437
vn -0.0119 -0.9994 -0.0333
vn -0.0035 -0.9291 0.3698
vn -0.9917 0.1241 0.0325
vn -0.7567 -0.6143 -0.2236
vn -0.7567 -0.6316 -0.1689
vn -0.9928 0.1123 0.0409
vn -0.6401 -0.7570 -0.1315
vn -0.9916 0.1276 0.0211
vn -0.8845 -0.4648 -0.0405
vn -0.9921 0.1254 0.0107
vn -0.1779 0.9507 0.2542
vn -0.1779 0.9247 0.3366
vn -0.7634 0.6215 0.1760
vn -0.6494 0.7108 0.2704
vn -0.1779 0.9692 0.1702
vn -0.7634 0.6345 0.1210
vn -0.1779 0.9804 0.0853
vn -0.8331 0.5503 0.0557
vn -0.7327 0.6395 0.2328
vn -0.7676 0.6215 0.1566
vn -0.7310 0.6583 0.1797
vn -0.6527 0.7156 0.2487
vn -0.8378 0.5390 0.0866
vn -0.5837 0.8000 0.1391
vn -0.8082 0.5859 0.0595
vn -0.6530 0.7553 0.0547
vn -0.5041 0.8142 0.2880
vn -0.8869 0.4340 0.1580
vn -0.0480 0.9851 0.1649
vn -0.2957 0.8872 0.3542
vn -0.0434 0.9953 0.0866
vn -0.0000 -0.9661 -0.2583
vn -0.0000 -0.9397 -0.3420
vn -0.0000 -0.9962 -0.0866
vn -0.0000 -0.9849 -0.1730
vn -0.9980 0.0603 0.0168
vn -0.9989 0.0448 0.0163
vn -0.9976 0.0679 0.0118
vn -0.9974 0.0713 0.0053
vn -0.1778 0.9507 0.2542
vn -0.2601 0.2307 0.9376
vn -0.6778 0.6068 0.4151
vn -0.5074 0.4217 0.7515
vn -0.3231 0.5318 0.7828
vn -0.6404 0.7572 0.1286
vn -0.7115 0.6953 0.1014
vn -0.5903 0.7430 0.3154
vn -0.6396 0.7665 0.0588
vn -0.1811 0.0444 0.9825
vn -0.2854 0.4997 0.8178
vn -0.2863 0.1062 0.9522
vn -0.5287 0.7477 0.4017
vn -0.6115 0.7858 0.0923
vn -0.1992 0.8979 0.3926
vn -0.2611 0.9510 0.1656
vn -0.2586 0.9624 0.0829
vn -0.7381 0.6340 0.2308
vn -0.4854 0.8584 0.1657
vn -0.3583 0.8708 0.3367
vn -0.6828 0.7160 0.1450
vn -0.1910 0.9691 0.1558
vn -0.1599 0.9334 0.3211
vn -0.8122 0.5550 0.1797
vn -0.4347 0.8390 0.3272
vn -0.8927 -0.4235 -0.1541
vn -0.6699 -0.7312 -0.1289
vn -0.9997 0.0238 0.0087
vn -0.9997 0.0248 0.0044
vn -0.5508 0.7843 0.2855
vn -0.5666 0.8115 0.1431
vn -0.9189 0.3706 0.1349
vn -0.9897 -0.1346 -0.0490
vn -0.9996 -0.0249 -0.0091
vn -0.7877 0.5074 -0.3494
vn -0.9658 0.0024 -0.2592
vn -0.6764 0.7271 0.1172
vn -0.8884 0.4520 0.0806
vn -0.7378 0.6683 0.0951
vn -0.9692 0.2361 0.0697
vn -0.9533 0.2932 0.0727
vn -0.9613 0.2619 0.0852
vn -0.9575 0.2710 0.0986
vn -0.9691 0.2303 0.0887
vn -0.7213 0.6850 0.1030
vn -0.8393 0.5437 0.0020
vn -0.8123 0.5480 0.1995
vn -0.6948 0.6452 -0.3179
vn -0.7027 0.6233 -0.3431
vn -0.5853 0.7427 -0.3252
vn -0.6448 0.7264 -0.2379
vn -0.7745 0.4973 -0.3910
vn -0.7682 0.6334 0.0930
vn -0.9308 0.3277 -0.1623
vn -0.9757 0.2061 0.0750
vn -0.5579 0.7979 -0.2283
vn -0.6735 0.6946 0.2528
vn -0.3932 0.7185 -0.5737
vn -0.3369 0.6883 -0.6425
vn -0.4186 0.5548 -0.7190
vn -0.7658 0.2037 -0.6100
vn -0.9893 0.1387 0.0440
vn -0.9986 0.0504 0.0171
vn -0.9880 0.1427 0.0594
vn -0.9992 0.0373 0.0148
vn 0.0174 -0.4047 0.9143
vn 0.0084 -0.4725 0.8813
vn -0.6932 -0.1816 0.6975
vn -0.6978 -0.2003 0.6877
vn -0.0067 -0.6953 0.7187
vn -0.7649 -0.5151 0.3867
vn -0.7222 -0.2974 0.6245
vn -0.0060 -0.9247 0.3807
vn 0.0051 -0.3302 0.9439
vn -0.7992 -0.1504 0.5819
vn 0.0001 -0.1520 0.9884
vn -0.7081 -0.0728 0.7024
vn -0.0077 0.1250 0.9921
vn -0.7097 0.2417 0.6617
vn 0.4033 -0.6252 0.6682
vn -0.5131 -0.2293 0.8272
vn -0.3872 -0.4918 0.7799
vn 0.4461 -0.4496 0.7738
vn 0.4946 -0.7279 0.4750
vn -0.2678 -0.5109 0.8169
vn -0.5014 -0.2393 0.8315
vn 0.4767 -0.3190 0.8192
vn 0.3668 -0.0317 0.9298
vn -0.4138 0.0563 0.9086
vn -0.7040 0.0679 0.7069
vn -0.8422 -0.1412 0.5203
vn -0.2747 0.2692 0.9231
vn -0.0005 -0.3480 0.9375
vn -0.0005 -0.3637 0.9315
vn -0.0006 -0.3423 0.9396
vn -0.0003 -0.3734 0.9277
vn 0.0301 -0.8956 0.4439
vn 0.0204 -0.6828 0.7304
vn 0.0013 -0.4033 0.9151
vn 0.0011 -0.3684 0.9297
vn 0.0030 -0.3633 0.9317
vn 0.0012 -0.3628 0.9319
vn -0.0063 -0.2868 0.9580
vn 0.0105 -0.2472 0.9689
vn -0.8574 -0.0591 0.5113
vn -0.8791 0.0056 0.4766
vn 0.7740 -0.5017 0.3863
vn 0.7795 -0.3611 0.5118
vn 0.6815 -0.5801 0.4461
vn 0.7197 -0.6464 0.2534
vn 0.7001 -0.7073 0.0979
vn -0.8643 -0.1193 0.4887
vn 0.6827 -0.2270 0.6946
vn 0.6902 -0.0275 0.7231
vn 0.5113 0.1833 0.8396
vn 0.1086 0.2769 0.9548
vn -0.0453 0.6531 0.7559
vn -0.7394 0.4988 0.4522
vn 0.0064 -0.0373 0.9993
vn -0.9649 0.2351 0.1168
vn -0.9904 0.1299 0.0473
vn -0.0771 0.2265 0.9709
vn -0.1471 0.6545 0.7416
vn -1.0000 0.0044 0.0015
vn -0.9991 0.0392 0.0145
vn -0.9941 0.1024 0.0361
vn -0.9813 0.1808 0.0663
vn 0.0108 -0.0481 0.9988
vn -0.0050 -0.1917 0.9814
vn 0.0084 -0.3558 0.9345
vn 0.0171 -0.4057 0.9138
vn 0.0030 -0.4984 0.8669
vn -0.0119 -0.7441 0.6679
vn -0.0035 -0.9494 0.3139
vn -0.9991 0.0397 0.0142
vn -0.9926 0.1134 0.0425
vn -0.7877 0.1641 0.5938
vn -0.7025 -0.6688 -0.2434
vn -0.9802 0.1865 0.0672
vn -0.9913 0.1194 0.0557
vn -0.7567 -0.5924 -0.2766
vn -0.6400 -0.6645 -0.3858
vn -0.9920 0.1089 0.0631
vn -0.8845 -0.3810 -0.2693
vn -0.9921 0.1028 0.0723
vn -0.7567 -0.5008 -0.4203
vn -0.9928 0.0915 0.0768
vn -0.1779 0.8916 0.4163
vn -0.7634 0.5813 0.2815
vn -0.1779 0.8519 0.4926
vn -0.8331 0.4749 0.2837
vn -0.1779 0.8058 0.5649
vn -0.7634 0.5235 0.3784
vn -0.1779 0.7538 0.6325
vn -0.6494 0.5755 0.4971
vn -0.7676 0.5846 0.2626
vn -0.6318 0.6981 0.3369
vn -0.8378 0.4765 0.2665
vn -0.5785 0.6966 0.4243
vn -0.8082 0.4773 0.3450
vn -0.6530 0.6264 0.4257
vn -0.8379 0.4231 0.3448
vn -0.5787 0.6171 0.5332
vn -0.5041 0.8088 0.3027
vn -0.0480 0.8586 0.5103
vn -0.2954 0.9084 0.2959
vn -0.0434 0.8181 0.5735
vn -0.0434 0.7653 0.6422
vn -0.0000 -0.9061 -0.4231
vn -0.0000 -0.7660 -0.6428
vn -0.0000 -0.8189 -0.5740
vn -0.0000 -0.8657 -0.5006
vn -0.9976 0.0624 0.0293
vn -0.9974 0.0614 0.0366
vn -0.9980 0.0510 0.0365
vn -0.9989 0.0365 0.0306
vn -0.1337 0.7694 -0.6246
vn -0.5138 0.7783 -0.3608
vn -0.4052 0.8946 -0.1883
vn -0.6958 0.6913 0.1949
vn -0.6425 0.6676 0.3761
vn -0.6192 0.7622 0.1888
vn -0.7095 0.5927 0.3813
vn -0.6396 0.6325 0.4369
vn -0.7118 0.5314 0.4593
vn -0.6023 0.6165 0.5071
vn -0.2863 0.6935 -0.6612
vn -0.1811 0.6655 -0.7240
vn -0.2854 0.9085 -0.3053
vn -0.4941 0.8611 0.1195
vn -0.6163 0.6757 0.4046
vn -0.5887 0.6317 0.5044
vn -0.2717 0.9254 0.2641
vn -0.2629 0.8334 0.4862
vn -0.2585 0.7915 0.5539
vn -0.2586 0.7405 0.6203
vn -0.4854 0.7509 0.4479
vn -0.6828 0.6417 0.3492
vn -0.7101 0.5393 0.4526
vn -0.3712 0.6993 0.6109
vn -0.1910 0.8571 0.4784
vn -0.1599 0.7673 0.6211
vn -0.7281 0.5251 0.4406
vn -0.4066 0.6999 0.5873
vn -0.9734 -0.1756 -0.1474
vn -0.6699 -0.6430 -0.3712
vn -0.9997 0.0218 0.0126
vn -0.5666 0.7136 0.4120
vn -0.9897 -0.1098 -0.0921
vn -0.8210 0.4373 0.3670
vn -0.9658 -0.1648 0.2001
vn -0.7057 0.5428 0.4554
vn -0.6764 0.6323 0.3776
vn -0.7378 0.5731 0.3568
vn -0.9130 0.3125 0.2622
vn -0.8884 0.3980 0.2288
vn -0.9692 0.2257 0.0983
vn -0.9806 0.1501 0.1259
vn -0.9533 0.2713 0.1328
vn -0.9613 0.2554 0.1031
vn -0.9691 0.2333 0.0800
vn -0.7213 0.5909 0.3614
vn -0.8393 0.4178 0.3479
vn -0.6948 0.2899 0.6582
vn -0.7028 0.2570 0.6634
vn -0.5853 0.3599 0.7265
vn -0.6448 0.4035 0.6491
vn -0.7745 0.1296 0.6192
vn -0.7682 0.5450 0.3359
vn -0.9307 0.1467 0.3350
vn -0.5579 0.4645 0.6878
vn -0.3932 0.1816 0.9013
vn -0.3369 0.1143 0.9346
vn -0.4186 -0.0371 0.9074
vn -0.7658 -0.2361 0.5982
vn -1.0000 0.0064 0.0024
vn 0.0084 0.2046 -0.9788
vn 0.0174 0.2776 -0.9605
vn -0.6932 0.3092 -0.6510
vn -0.6978 0.2886 -0.6555
vn -0.0059 -0.4636 -0.8860
vn -0.0067 -0.0709 -0.9975
vn -0.7649 -0.1460 -0.6274
vn -0.7222 0.1736 -0.6695
vn 0.0039 -0.7660 -0.6428
vn -0.4807 -0.6717 -0.5636
vn 0.0051 0.3538 -0.9353
vn -0.7992 0.2588 -0.5425
vn 0.0001 0.5189 -0.8548
vn -0.7081 0.3957 -0.5848
vn -0.0109 0.7178 -0.6962
vn -0.7097 0.6106 -0.3516
vn -0.3872 0.1245 -0.9135
vn -0.5131 0.3561 -0.7810
vn 0.4033 -0.0494 -0.9137
vn 0.4461 0.1530 -0.8818
vn 0.4946 -0.2523 -0.8317
vn -0.2678 0.1337 -0.9542
vn -0.5014 0.3512 -0.7907
vn 0.5162 0.2948 -0.8041
vn 0.3055 0.6055 -0.7348
vn -0.4138 0.6272 -0.6599
vn -0.2747 0.7995 -0.5341
vn -0.7040 0.5064 -0.4979
vn -0.8422 0.2262 -0.4893
vn -0.0006 0.3420 -0.9397
vn -0.0005 0.3202 -0.9474
vn -0.0005 0.3360 -0.9418
vn -0.0003 0.3102 -0.9507
vn 0.0189 -0.0537 -0.9984
vn 0.0301 -0.4007 -0.9157
vn 0.0013 0.2793 -0.9602
vn 0.0011 0.3154 -0.9490
vn 0.0410 -0.7654 -0.6422
vn 0.0296 -0.7657 -0.6425
vn 0.0030 0.3206 -0.9472
vn 0.0012 0.3211 -0.9471
vn -0.0063 0.3960 -0.9182
vn 0.0102 0.4334 -0.9011
vn -0.8574 0.2834 -0.4297
vn -0.8791 0.3107 -0.3615
vn 0.7740 -0.1360 -0.6184
vn 0.7795 0.0523 -0.6242
vn 0.6815 -0.1576 -0.7147
vn 0.7197 -0.3323 -0.6096
vn 0.7001 -0.4789 -0.5297
vn 0.7774 -0.4818 -0.4043
vn 0.8332 -0.4236 -0.3554
vn -0.8643 0.2228 -0.4510
vn 0.6813 0.2407 -0.6913
vn 0.6846 0.4099 -0.6028
vn 0.5113 0.6801 -0.5254
vn 0.1086 0.8258 -0.5534
vn -0.0460 0.9749 -0.2178
vn -0.7394 0.6728 -0.0258
vn 0.0064 0.6137 -0.7895
vn -0.9649 0.2552 0.0616
vn -0.0771 0.7976 -0.5982
vn -0.1471 0.9781 -0.1474
vn 0.0108 0.6051 -0.7961
vn -0.0050 0.4840 -0.8750
vn 0.0084 0.3282 -0.9446
vn 0.0171 0.2766 -0.9608
vn 0.0030 0.1754 -0.9845
vn -0.0119 -0.1407 -0.9900
vn -0.0035 -0.5255 -0.8508
vn 0.0049 -0.7660 -0.6428
vn -0.9997 0.0194 0.0163
vn -0.7025 -0.5452 -0.4575
vn -0.5508 0.6394 0.5365
vn -0.9921 0.0736 0.1018
vn -0.9924 0.0623 0.1061
vn -0.7566 -0.3857 -0.5280
vn -0.6401 -0.3854 -0.6647
vn -0.9916 0.0841 0.0982
vn -0.7566 -0.4303 -0.4923
vn -0.9921 0.0891 0.0886
vn -0.8845 -0.3300 -0.3298
vn -0.6494 0.3897 0.6530
vn -0.1779 0.5648 0.8058
vn -0.1779 0.4920 0.8522
vn -0.8331 0.3239 0.4484
vn -0.1779 0.6331 0.7534
vn -0.6494 0.4975 0.5751
vn -0.1793 0.6960 0.6953
vn -0.9062 0.2991 0.2988
vn -0.7676 0.3602 0.5301
vn -0.7327 0.3403 0.5893
vn -0.6527 0.3692 0.6616
vn -0.6317 0.4530 0.6290
vn -0.7679 0.4049 0.4964
vn -0.7211 0.4577 0.5201
vn -0.6875 0.5138 0.5133
vn -0.8383 0.3858 0.3853
vn -0.5041 0.4386 0.7440
vn -0.8870 0.2309 0.4000
vn -0.0479 0.6517 0.7570
vn -0.2954 0.4492 0.8432
vn -0.0434 0.7068 0.7061
vn -0.0000 -0.5620 -0.8271
vn -0.0000 -0.5000 -0.8660
vn -0.0000 -0.7075 -0.7067
vn -0.0000 -0.6321 -0.7749
vn -0.9974 0.0402 0.0590
vn -0.9989 0.0238 0.0413
vn -0.9980 0.0402 0.0479
vn -0.9974 0.0512 0.0499
vn -0.1779 0.5649 0.8058
vn -0.1763 0.6964 0.6957
vn -0.3554 -0.0644 0.9325
vn -0.5138 -0.2201 0.8292
vn -0.1555 -0.5286 0.8345
vn -0.6958 0.3120 0.6469
vn -0.6425 0.4863 0.5921
vn -0.7355 0.4557 0.5013
vn -0.6192 0.3183 0.7178
vn -0.6154 0.5584 0.5563
vn -0.1811 -0.5975 0.7812
vn -0.2863 -0.5307 0.7977
vn -0.2854 -0.1429 0.9477
vn -0.6033 0.5351 0.5913
vn -0.4941 0.2672 0.8273
vn -0.2629 0.6235 0.7363
vn -0.2717 0.4208 0.8655
vn -0.1867 0.6950 0.6943
vn -0.5468 0.5374 0.6420
vn -0.7381 0.3373 0.5843
vn -0.6828 0.4553 0.5713
vn -0.3583 0.4828 0.7991
vn -0.1766 0.6329 0.7538
vn -0.1599 0.4783 0.8635
vn -0.4347 0.4679 0.7695
vn -0.8122 0.2734 0.5154
vn -0.8927 -0.2253 -0.3903
vn -0.6699 -0.4773 -0.5688
vn -0.9997 0.0162 0.0193
vn -0.9997 0.0126 0.0219
vn -0.5508 0.4173 0.7228
vn -0.5667 0.5296 0.6312
vn -0.9189 0.1972 0.3416
vn -0.9897 -0.0716 -0.1241
vn -0.9996 -0.0132 -0.0229
vn -0.7877 0.6133 0.0585
vn -0.9658 0.1685 -0.1970
vn -0.6764 0.4816 0.5572
vn -0.7378 0.4509 0.5024
vn -0.8884 0.2945 0.3523
vn -0.9692 0.1360 0.2052
vn -0.9533 0.1780 0.2442
vn -0.9613 0.1459 0.2337
vn -0.9575 0.1442 0.2498
vn -0.9691 0.1195 0.2160
vn -0.7213 0.4585 0.5191
vn -0.8393 0.4152 0.3510
vn -0.8124 0.2916 0.5050
vn -0.6948 0.6986 0.1712
vn -0.7027 0.6980 0.1378
vn -0.5853 0.7780 0.2283
vn -0.6448 0.7093 0.2847
vn -0.7745 0.6323 0.0201
vn -0.9308 0.3553 0.0863
vn -0.7683 0.4254 0.4783
vn -0.9757 0.1097 0.1899
vn -0.6735 0.3696 0.6401
vn -0.5579 0.7579 0.3380
vn -0.3933 0.9192 0.0224
vn -0.3369 0.9402 -0.0497
vn -0.4186 0.8872 -0.1941
vn -0.7658 0.5482 -0.3363
vn -0.9894 0.0675 0.1289
vn -0.9880 0.0833 0.1302
vn -0.9989 0.0229 0.0417
vn -0.9990 0.0240 0.0388
vn 0.0174 -0.8977 0.4402
vn -0.6932 -0.5874 0.4176
vn -0.6978 -0.5955 0.3980
vn 0.0084 -0.9284 0.3714
vn -0.0067 -0.9946 0.1034
vn -0.7649 -0.6432 -0.0348
vn -0.7222 -0.6292 0.2872
vn -0.0060 -0.9531 -0.3027
vn 0.0051 -0.8597 0.5109
vn -0.7992 -0.4893 0.3491
vn -0.0000 -0.7518 0.6594
vn -0.7080 -0.5073 0.4913
vn -0.0076 -0.5420 0.8404
vn -0.7097 -0.2402 0.6623
vn 0.4033 -0.9084 0.1100
vn 0.4461 -0.8418 0.3038
vn -0.5131 -0.7073 0.4863
vn -0.3872 -0.8780 0.2813
vn 0.4946 -0.8629 -0.1040
vn -0.2678 -0.9164 0.2974
vn 0.5162 -0.7407 0.4300
vn -0.5014 -0.7177 0.4832
vn -0.4138 -0.5410 0.7322
vn 0.3055 -0.6185 0.7239
vn -0.2747 -0.3871 0.8801
vn -0.7040 -0.4024 0.5852
vn -0.8422 -0.4426 0.3078
vn -0.0005 -0.8692 0.4945
vn -0.0003 -0.8823 0.4706
vn -0.0005 -0.8774 0.4798
vn -0.0006 -0.8661 0.4999
vn 0.0301 -0.9714 -0.2356
vn 0.0204 -0.9925 0.1206
vn 0.0013 -0.8971 0.4418
vn 0.0011 -0.8798 0.4754
vn 0.0012 -0.8769 0.4806
vn 0.0030 -0.8771 0.4803
vn -0.0063 -0.8355 0.5495
vn 0.0105 -0.8122 0.5834
vn -0.8574 -0.3739 0.3537
vn -0.8791 -0.3021 0.3687
vn 0.7740 -0.6326 -0.0266
vn 0.7795 -0.6056 0.1599
vn 0.6815 -0.7312 -0.0311
vn 0.7197 -0.6580 -0.2214
vn 0.7001 -0.6048 -0.3796
vn -0.8643 -0.4055 0.2978
vn 0.6813 -0.6390 0.3571
vn 0.6846 -0.5225 0.5083
vn 0.5113 -0.3993 0.7610
vn 0.1086 -0.4016 0.9093
vn -0.0453 0.0144 0.9989
vn -0.7394 0.0915 0.6670
vn 0.0064 -0.6709 0.7415
vn -0.9649 0.1050 0.2406
vn -0.9904 0.0691 0.1197
vn -0.0771 -0.4506 0.8894
vn -0.1471 0.0247 0.9888
vn -1.0000 0.0028 0.0047
vn -0.9994 0.0166 0.0293
vn -0.9941 0.0553 0.0935
vn -0.9813 0.0959 0.1670
vn 0.0108 -0.6789 0.7342
vn -0.0050 -0.7777 0.6286
vn 0.0084 -0.8732 0.4872
vn 0.0171 -0.8982 0.4393
vn 0.0030 -0.9391 0.3437
vn -0.0119 -0.9994 0.0333
vn -0.0035 -0.9291 -0.3698
vn -0.9987 0.0253 0.0434
vn -0.9926 0.0593 0.1055
vn -0.7877 -0.2560 0.5603
vn -0.7025 -0.3558 -0.6163
vn -0.9802 0.0996 0.1714
vn -0.9921 0.0533 0.1139
vn -0.8845 -0.1986 -0.4222
vn -0.9913 0.0450 0.1239
vn -0.5899 -0.2878 -0.7544
vn -0.7567 -0.1780 -0.6291
vn -0.9920 0.0326 0.1219
vn -0.7567 -0.1135 -0.6438
vn -0.9928 0.0207 0.1177
vn -0.7634 0.2812 0.5815
vn -0.1779 0.4154 0.8921
vn -0.7634 0.2293 0.6038
vn -0.1779 0.3359 0.9249
vn -0.8331 0.1504 0.5323
vn -0.1779 0.2542 0.9507
vn -0.6493 0.1427 0.7470
vn -0.1779 0.1709 0.9691
vn -0.7676 0.2621 0.5849
vn -0.7310 0.2913 0.6171
vn -0.8378 0.1789 0.5158
vn -0.5837 0.2759 0.7636
vn -0.8081 0.1603 0.5667
vn -0.6530 0.1850 0.7344
vn -0.8379 0.0871 0.5388
vn -0.5786 0.1532 0.8011
vn -0.5041 0.4250 0.7518
vn -0.2957 0.5029 0.8122
vn -0.0480 0.3334 0.9416
vn -0.0434 0.2581 0.9652
vn -0.0434 0.1735 0.9839
vn -0.0000 -0.4221 -0.9065
vn -0.0000 -0.1736 -0.9848
vn -0.0000 -0.2443 -0.9697
vn -0.0000 -0.3277 -0.9448
vn -0.9980 0.0270 0.0565
vn -0.9976 0.0234 0.0648
vn -0.9974 0.0176 0.0693
vn -0.9989 0.0083 0.0469
vn -0.2601 0.9634 0.0644
vn -0.6778 0.5142 0.5256
vn -0.3232 0.8632 0.3878
vn -0.5074 0.8133 0.2848
vn -0.6404 0.2581 0.7233
vn -0.5903 0.4396 0.6770
vn -0.7115 0.2206 0.6672
vn -0.6396 0.1910 0.7446
vn -0.6023 0.1309 0.7875
vn -0.7118 0.1321 0.6899
vn -0.2863 0.9562 -0.0608
vn -0.1811 0.9752 -0.1268
vn -0.2854 0.8922 0.3500
vn -0.5287 0.5255 0.6666
vn -0.6115 0.2274 0.7579
vn -0.5887 0.1210 0.7992
vn -0.1992 0.5425 0.8161
vn -0.2612 0.3282 0.9078
vn -0.2586 0.2487 0.9334
vn -0.2585 0.1669 0.9515
vn -0.4854 0.3123 0.8166
vn -0.6828 0.2671 0.6800
vn -0.7022 0.1137 0.7029
vn -0.3712 0.1794 0.9111
vn -0.1910 0.3217 0.9274
vn -0.1599 0.1542 0.9750
vn -0.4347 0.1766 0.8831
vn -0.7527 0.0853 0.6528
vn -0.9734 -0.0398 -0.2258
vn -0.6699 -0.2539 -0.6977
vn -0.9997 0.0086 0.0236
vn -0.5666 0.2818 0.7743
vn -0.9897 -0.0249 -0.1411
vn -0.8210 0.0991 0.5622
vn -0.9658 -0.2548 0.0474
vn -0.7126 0.1316 0.6891
vn -0.6764 0.2417 0.6957
vn -0.7378 0.2097 0.6417
vn -0.9130 0.0708 0.4017
vn -0.8883 0.1578 0.4312
vn -0.9692 0.1097 0.2204
vn -0.9806 0.0340 0.1929
vn -0.9533 0.1225 0.2762
vn -0.9613 0.1294 0.2432
vn -0.9691 0.1273 0.2115
vn -0.7213 0.2203 0.6567
vn -0.8393 0.0964 0.5351
vn -0.6948 -0.2010 0.6906
vn -0.7027 -0.2296 0.6734
vn -0.5853 -0.1913 0.7879
vn -0.6448 -0.1081 0.7567
vn -0.7745 -0.2988 0.5576
vn -0.7683 0.2015 0.6076
vn -0.9308 -0.1030 0.3509
vn -0.5579 -0.0862 0.8254
vn -0.3933 -0.4402 0.8072
vn -0.3369 -0.5132 0.7894
vn -0.4186 -0.6117 0.6712
vn -0.7658 -0.5653 0.3065
vn -1.0000 0.0029 0.0052
vn 0.0084 0.7859 -0.6183
vn 0.0174 0.8301 -0.5573
vn -0.6932 0.6553 -0.3000
vn -0.6978 0.6425 -0.3167
vn -0.0060 0.2144 -0.9767
vn -0.0067 0.5870 -0.8096
vn -0.7649 0.2914 -0.5744
vn -0.7222 0.5634 -0.4013
vn 0.0039 -0.1736 -0.9848
vn -0.4807 -0.1523 -0.8635
vn 0.0051 0.8722 -0.4891
vn -0.7992 0.5470 -0.2492
vn 0.0001 0.9470 -0.3213
vn -0.7080 0.6791 -0.1936
vn -0.0077 0.9988 -0.0492
vn -0.7097 0.6937 0.1231
vn -0.3872 0.6826 -0.6197
vn -0.5130 0.7748 -0.3694
vn 0.4033 0.5495 -0.7317
vn 0.4461 0.6840 -0.5772
vn 0.4946 0.3414 -0.7993
vn -0.2678 0.7158 -0.6450
vn -0.5014 0.7773 -0.3800
vn 0.4767 0.7513 -0.4564
vn 0.3668 0.9101 -0.1926
vn -0.4138 0.9046 -0.1024
vn -0.8422 0.4878 -0.2294
vn -0.7040 0.7080 -0.0559
vn -0.2747 0.9558 0.1048
vn -0.0007 0.8657 -0.5006
vn -0.0005 0.8542 -0.5200
vn -0.0005 0.8628 -0.5055
vn -0.0003 0.8487 -0.5288
vn 0.0189 0.6006 -0.7993
vn 0.0301 0.2817 -0.9590
vn 0.0013 0.8312 -0.5560
vn 0.0011 0.8516 -0.5242
vn 0.0410 -0.1735 -0.9840
vn 0.0296 -0.1736 -0.9844
vn 0.0030 0.8545 -0.5195
vn 0.0012 0.8549 -0.5188
vn -0.0064 0.8936 -0.4488
vn 0.0102 0.9113 -0.4117
vn -0.8574 0.4933 -0.1470
vn -0.8791 0.4704 -0.0773
vn 0.7795 0.4413 -0.4445
vn 0.7740 0.2933 -0.5611
vn 0.6815 0.3386 -0.6488
vn 0.7197 0.1372 -0.6806
vn 0.7001 -0.0264 -0.7136
vn 0.7774 -0.1092 -0.6194
vn 0.8332 -0.0960 -0.5445
vn -0.8642 0.4607 -0.2022
vn 0.6827 0.6446 -0.3441
vn 0.6902 0.7073 -0.1527
vn 0.5113 0.8587 0.0347
vn 0.1086 0.9883 0.1069
vn -0.0453 0.8578 0.5120
vn -0.7394 0.5320 0.4127
vn 0.0063 0.9776 -0.2103
vn -0.9649 0.1559 0.2113
vn -0.0771 0.9955 0.0545
vn -0.1471 0.8440 0.5158
vn 0.0108 0.9752 -0.2209
vn -0.0050 0.9332 -0.3592
vn 0.0084 0.8586 -0.5126
vn 0.0170 0.8295 -0.5582
vn 0.0030 0.7672 -0.6414
vn -0.0119 0.5285 -0.8488
vn -0.0035 0.1443 -0.9895
vn 0.0049 -0.1736 -0.9848
vn -0.9997 0.0044 0.0249
vn -0.7025 -0.1236 -0.7009
vn -0.5508 0.1449 0.8220
vn -0.7567 0.1135 -0.6438
vn -0.9913 -0.0114 0.1313
vn -0.9928 -0.0207 0.1176
vn -0.7567 0.0566 -0.6513
vn -0.7567 -0.0005 -0.6537
vn -0.9928 0.0001 0.1195
vn -0.9913 0.0116 0.1313
vn -0.7567 -0.0573 -0.6512
vn -0.6494 -0.1429 0.7469
vn -0.7634 -0.0654 0.6426
vn -0.1778 -0.1709 0.9691
vn -0.1779 -0.0853 0.9804
vn -0.6835 0.0004 0.7299
vn -0.1762 0.0007 0.9844
vn -0.1779 0.0863 0.9803
vn -0.8331 0.0563 0.5503
vn -0.7327 -0.1182 0.6702
vn -0.7676 -0.0463 0.6392
vn -0.6317 -0.0573 0.7731
vn -0.6527 -0.1206 0.7479
vn -0.9106 0.0003 0.4133
vn -0.5785 0.0192 0.8154
vn -0.8082 0.0601 0.5859
vn -0.6530 0.0555 0.7553
vn -0.5041 -0.1422 0.8519
vn -0.8869 -0.0802 0.4549
vn -0.0480 0.0126 0.9988
vn -0.2954 -0.1979 0.9346
vn -0.0434 0.0876 0.9952
vn -0.0000 0.0866 -0.9962
vn -0.0000 0.1736 -0.9848
vn -0.0000 -0.0877 -0.9961
vn -0.0000 -0.0007 -1.0000
vn -0.9976 -0.0059 0.0687
vn -0.9989 -0.0083 0.0470
vn -0.9986 0.0002 0.0536
vn -0.9970 0.0068 0.0771
vn -0.1779 -0.1709 0.9691
vn -0.1795 0.0007 0.9838
vn -0.6715 -0.3220 0.6674
vn -0.2601 -0.8833 0.3900
vn -0.3232 -0.6785 0.6597
vn -0.4888 -0.7098 0.5072
vn -0.6734 -0.0023 0.7393
vn -0.6920 0.0277 0.7214
vn -0.5903 -0.1815 0.7865
vn -0.6396 0.0621 0.7662
vn -0.1811 -0.9598 0.2144
vn -0.2863 -0.9193 0.2699
vn -0.3435 -0.6702 0.6580
vn -0.4993 -0.2373 0.8333
vn -0.6348 0.0275 0.7722
vn -0.2949 -0.0018 0.9555
vn -0.2297 -0.2725 0.9343
vn -0.2585 0.0839 0.9624
vn -0.4374 -0.0007 0.8993
vn -0.3583 -0.1803 0.9160
vn -0.7381 -0.1172 0.6645
vn -0.6861 -0.0311 0.7268
vn -0.1599 -0.1541 0.9750
vn -0.2113 0.0003 0.9774
vn -0.4557 -0.1546 0.8766
vn -0.8420 -0.0937 0.5313
vn -0.8927 0.0783 -0.4438
vn -0.6699 -0.0000 -0.7425
vn -0.9997 -0.0044 0.0249
vn -0.9997 -0.0000 0.0252
vn -0.5508 -0.1449 0.8220
vn -0.5666 -0.0000 0.8240
vn -0.9189 -0.0685 0.3884
vn -0.9897 0.0249 -0.1411
vn -0.9996 0.0046 -0.0261
vn -0.7877 0.4322 0.4390
vn -0.9658 0.2557 -0.0427
vn -0.6732 0.0207 0.7392
vn -0.8884 -0.0008 0.4591
vn -0.7378 0.0225 0.6747
vn -0.9692 -0.0277 0.2446
vn -0.9533 -0.0206 0.3014
vn -0.9613 -0.0384 0.2728
vn -0.9575 -0.0501 0.2840
vn -0.9691 -0.0473 0.2423
vn -0.7213 0.0175 0.6924
vn -0.8393 0.0925 0.5358
vn -0.7842 -0.1449 0.6034
vn -0.6948 0.4251 0.5802
vn -0.7027 0.4461 0.5542
vn -0.5853 0.4492 0.6750
vn -0.6448 0.3604 0.6740
vn -0.7745 0.4715 0.4218
vn -0.9308 0.2167 0.2945
vn -0.7683 0.0184 0.6399
vn -0.9757 -0.0381 0.2160
vn -0.6755 -0.0973 0.7309
vn -0.5579 0.3633 0.7461
vn -0.3932 0.6897 0.6080
vn -0.3369 0.7522 0.5663
vn -0.4186 0.8044 0.4215
vn -0.7658 0.6361 0.0947
vn -0.9986 -0.0080 0.0525
vn -0.9894 -0.0193 0.1443
vn -0.9992 -0.0082 0.0394
vn -0.9880 -0.0338 0.1509
vn 0.0173 -0.9707 -0.2398
vn -0.6932 -0.7184 -0.0577
vn -0.6978 -0.7120 -0.0778
vn 0.0083 -0.9500 -0.3122
vn -0.0066 -0.8285 -0.5599
vn -0.7649 -0.4703 -0.4401
vn -0.7222 -0.6666 -0.1844
vn -0.0060 -0.5355 -0.8445
vn 0.0051 -0.9869 -0.1612
vn -0.7992 -0.5993 -0.0471
vn 0.0001 -0.9998 0.0219
vn -0.7080 -0.7044 0.0503
vn -0.0077 -0.9553 0.2954
vn -0.7097 -0.6097 0.3530
vn 0.4033 -0.7666 -0.4996
vn 0.4461 -0.8401 -0.3084
vn -0.5131 -0.8544 -0.0821
vn -0.3872 -0.8534 -0.3489
vn 0.4946 -0.5942 -0.6343
vn -0.2678 -0.8932 -0.3613
vn 0.4767 -0.8621 -0.1719
vn -0.5014 -0.8604 -0.0912
vn -0.4138 -0.8851 0.2132
vn 0.3668 -0.9211 0.1303
vn -0.2747 -0.8623 0.4254
vn -0.7040 -0.6844 0.1896
vn -0.8422 -0.5369 -0.0488
vn -0.0005 -0.9837 -0.1799
vn -0.0003 -0.9784 -0.2066
vn -0.0005 -0.9805 -0.1964
vn -0.0007 -0.9847 -0.1743
vn 0.0301 -0.5927 -0.8049
vn 0.0204 -0.8378 -0.5456
vn 0.0013 -0.9712 -0.2382
vn 0.0011 -0.9795 -0.2014
vn 0.0012 -0.9807 -0.1955
vn 0.0030 -0.9806 -0.1960
vn -0.0063 -0.9932 -0.1161
vn 0.0105 -0.9971 -0.0752
vn -0.8574 -0.5138 0.0306
vn -0.8791 -0.4684 0.0883
vn 0.7740 -0.4675 -0.4270
vn 0.7795 -0.5667 -0.2668
vn 0.6815 -0.5401 -0.4939
vn 0.7197 -0.3617 -0.5926
vn 0.7001 -0.2192 -0.6796
vn -0.8643 -0.5020 -0.0325
vn 0.6827 -0.7234 -0.1029
vn 0.6902 -0.7169 0.0985
vn 0.1086 -0.8922 0.4384
vn 0.5113 -0.7950 0.3263
vn -0.0453 -0.6310 0.7745
vn -0.7394 -0.3587 0.5698
vn 0.0064 -0.9906 0.1368
vn -0.9649 -0.0743 0.2519
vn -0.9904 -0.0240 0.1361
vn -0.0771 -0.9169 0.3917
vn -0.1471 -0.6167 0.7734
vn -1.0000 -0.0008 0.0046
vn -0.9987 -0.0090 0.0495
vn -0.9935 -0.0184 0.1121
vn -0.9813 -0.0339 0.1896
vn 0.0108 -0.9920 0.1260
vn -0.0050 -0.9998 -0.0184
vn 0.0084 -0.9821 -0.1881
vn 0.0171 -0.9704 -0.2409
vn 0.0030 -0.9403 -0.3403
vn -0.0119 -0.7870 -0.6169
vn -0.0035 -0.4740 -0.8805
vn -0.9933 -0.0211 0.1139
vn -0.9994 -0.0056 0.0332
vn -0.7877 -0.5563 0.2647
vn -0.7025 0.1236 -0.7009
vn -0.9802 -0.0339 0.1953
vn -0.9913 -0.0342 0.1273
vn -0.7567 0.1695 -0.6314
vn -0.6400 0.2646 -0.7214
vn -0.9924 -0.0430 0.1152
vn -0.8845 0.1991 -0.4219
vn -0.9916 -0.0558 0.1166
vn -0.8531 0.2528 -0.4565
vn -0.9928 -0.0597 0.1034
vn -0.1779 -0.2552 0.9504
vn -0.8331 -0.1510 0.5321
vn -0.1779 -0.3372 0.9245
vn -0.6494 -0.2708 0.7106
vn -0.1779 -0.4163 0.8916
vn -0.8331 -0.2411 0.4978
vn -0.1779 -0.4920 0.8522
vn -0.6494 -0.3896 0.6531
vn -0.7676 -0.1571 0.6213
vn -0.6317 -0.2106 0.7461
vn -0.8378 -0.1797 0.5156
vn -0.5785 -0.2969 0.7597
vn -0.7680 -0.2626 0.5841
vn -0.7213 -0.3020 0.6233
vn -0.7213 -0.3549 0.5948
vn -0.7680 -0.3122 0.5592
vn -0.5041 -0.1577 0.8492
vn -0.0480 -0.3535 0.9342
vn -0.2954 -0.1337 0.9460
vn -0.0434 -0.4227 0.9052
vn -0.0434 -0.4995 0.8652
vn -0.0000 0.2593 -0.9658
vn -0.0000 0.5124 -0.8587
vn -0.0000 0.4231 -0.9061
vn -0.0000 0.3427 -0.9395
vn -0.9970 -0.0201 0.0748
vn -0.9989 -0.0163 0.0448
vn -0.9970 -0.0328 0.0702
vn -0.9989 -0.0238 0.0413
vn -0.4052 0.3408 0.8484
vn -0.4975 0.5414 0.6778
vn -0.6896 -0.0381 0.7232
vn -0.1337 0.7487 0.6493
vn -0.6425 -0.2544 0.7228
vn -0.6192 -0.0536 0.7834
vn -0.7095 -0.2726 0.6499
vn -0.6396 -0.3204 0.6987
vn -0.7118 -0.3601 0.6031
vn -0.6023 -0.3923 0.6952
vn -0.2863 0.7716 0.5681
vn -0.1811 0.8286 0.5297
vn -0.3435 0.4047 0.8475
vn -0.6163 -0.2812 0.7357
vn -0.4428 0.0035 0.8966
vn -0.5887 -0.3870 0.7097
vn -0.2629 -0.3341 0.9051
vn -0.2717 -0.0994 0.9572
vn -0.2585 -0.4080 0.8756
vn -0.2586 -0.4823 0.8370
vn -0.6861 -0.2194 0.6937
vn -0.4854 -0.3107 0.8172
vn -0.7022 -0.3472 0.6216
vn -0.3712 -0.4802 0.7947
vn -0.1911 -0.3222 0.9272
vn -0.1599 -0.4784 0.8634
vn -0.7527 -0.3035 0.5843
vn -0.4347 -0.4680 0.7695
vn -0.9734 0.1146 -0.1986
vn -0.6699 0.2539 -0.6977
vn -0.9997 -0.0086 0.0236
vn -0.5666 -0.2818 0.7743
vn -0.9897 0.0716 -0.1241
vn -0.8210 -0.2854 0.4944
vn -0.9658 -0.2257 -0.1275
vn -0.7126 -0.3594 0.6026
vn -0.6723 -0.2666 0.6906
vn -0.7523 -0.2475 0.6106
vn -0.9130 -0.2040 0.3533
vn -0.8884 -0.1562 0.4317
vn -0.9806 -0.0979 0.1697
vn -0.9692 -0.0576 0.2393
vn -0.9533 -0.0838 0.2903
vn -0.9613 -0.0572 0.2695
vn -0.9691 -0.0384 0.2438
vn -0.7213 -0.2533 0.6446
vn -0.8650 -0.2612 0.4285
vn -0.6948 -0.5979 0.3998
vn -0.7027 -0.6087 0.3682
vn -0.6060 -0.5999 0.5225
vn -0.6256 -0.6342 0.4544
vn -0.7745 -0.5873 0.2351
vn -0.7683 -0.2362 0.5950
vn -0.9307 -0.3044 0.2026
vn -0.5785 -0.5512 0.6012
vn -0.3932 -0.8561 0.3354
vn -0.3369 -0.9005 0.2749
vn -0.4186 -0.9001 0.1210
vn -0.7658 -0.6301 -0.1286
vn -1.0000 -0.0013 0.0067
vn 0.0084 0.9995 0.0315
vn 0.0173 0.9941 0.1066
vn -0.6932 0.6948 0.1915
vn -0.6978 0.6957 0.1704
vn -0.0059 0.7921 -0.6104
vn -0.0067 0.9700 -0.2430
vn -0.7649 0.5925 -0.2527
vn -0.7222 0.6895 0.0547
vn 0.0034 0.5000 -0.8660
vn -0.4807 0.4384 -0.7594
vn 0.0051 0.9825 0.1860
vn -0.7992 0.5792 0.1607
vn -0.0000 0.9320 0.3626
vn -0.7080 0.6447 0.2882
vn -0.0109 0.8102 0.5860
vn -0.7097 0.4522 0.5402
vn -0.3872 0.9213 -0.0360
vn -0.5131 0.8310 0.2150
vn 0.4033 0.8913 -0.2073
vn 0.4461 0.8950 -0.0025
vn 0.4946 0.7753 -0.3929
vn -0.2678 0.9629 -0.0340
vn -0.5014 0.8397 0.2086
vn 0.5162 0.8431 0.1507
vn 0.3055 0.8288 0.4687
vn -0.4138 0.7588 0.5031
vn -0.2747 0.6648 0.6947
vn -0.7040 0.5783 0.4123
vn -0.8422 0.5212 0.1378
vn -0.0006 0.9848 0.1735
vn -0.0005 0.9886 0.1508
vn -0.0005 0.9859 0.1674
vn -0.0003 0.9901 0.1404
vn 0.0189 0.9739 -0.2262
vn 0.0301 0.8322 -0.5536
vn 0.0013 0.9941 0.1083
vn 0.0011 0.9893 0.1458
vn 0.0410 0.4996 -0.8653
vn 0.0296 0.4998 -0.8656
vn 0.0030 0.9885 0.1512
vn 0.0012 0.9884 0.1517
vn -0.0064 0.9730 0.2306
vn 0.0102 0.9627 0.2704
vn -0.8574 0.4723 0.2045
vn -0.8791 0.4100 0.2432
vn 0.7740 0.5853 -0.2413
vn 0.7795 0.6238 -0.0568
vn 0.6815 0.6764 -0.2793
vn 0.7197 0.5426 -0.4331
vn 0.7001 0.4385 -0.5636
vn 0.7774 0.3145 -0.5447
vn 0.8332 0.2765 -0.4788
vn -0.8643 0.4828 0.1412
vn 0.6813 0.7226 0.1170
vn 0.6846 0.6648 0.2990
vn 0.5113 0.6355 0.5786
vn 0.1086 0.6884 0.7171
vn -0.7394 0.1422 0.6581
vn -0.0460 0.3838 0.9223
vn 0.0064 0.8841 0.4673
vn -0.9649 -0.0163 0.2621
vn -0.0771 0.7276 0.6817
vn -0.1471 0.3150 0.9376
vn 0.0108 0.8890 0.4577
vn -0.0050 0.9458 0.3247
vn 0.0084 0.9872 0.1592
vn 0.0171 0.9943 0.1056
vn 0.0030 1.0000 0.0018
vn -0.0119 0.9505 -0.3105
vn -0.0035 0.7466 -0.6653
vn 0.0049 0.5000 -0.8660
vn -0.9997 -0.0126 0.0219
vn -0.7025 0.3558 -0.6163
vn -0.5508 -0.4173 0.7228
vn -0.9921 -0.0890 0.0888
vn -0.7567 0.5008 -0.4202
vn -0.8845 0.3298 -0.3300
vn -0.9928 -0.0915 0.0768
vn -0.9913 -0.0847 0.1010
vn -0.5899 0.5285 -0.6105
vn -0.6400 0.4393 -0.6304
vn -0.9920 -0.0723 0.1034
vn -0.1794 -0.6953 0.6960
vn -0.6494 -0.5754 0.4972
vn -0.8575 -0.3637 0.3638
vn -0.1779 -0.7538 0.6325
vn -0.7634 -0.4220 0.4890
vn -0.1779 -0.6320 0.7543
vn -0.8331 -0.3234 0.4487
vn -0.1779 -0.5640 0.8064
vn -0.7327 -0.5213 0.4374
vn -0.6872 -0.5135 0.5140
vn -0.7310 -0.4848 0.4802
vn -0.6527 -0.5874 0.4784
vn -0.8378 -0.3446 0.4235
vn -0.5837 -0.5204 0.6232
vn -0.8082 -0.3445 0.4777
vn -0.6531 -0.4250 0.6268
vn -0.5041 -0.6565 0.5611
vn -0.8869 -0.3539 0.2969
vn -0.2957 -0.7503 0.5912
vn -0.0480 -0.6353 0.7707
vn -0.0434 -0.5726 0.8187
vn -0.0000 0.7067 -0.7075
vn -0.0000 0.7660 -0.6428
vn -0.0000 0.5731 -0.8195
vn -0.0000 0.6310 -0.7757
vn -0.9980 -0.0447 0.0438
vn -0.9989 -0.0365 0.0307
vn -0.9976 -0.0442 0.0529
vn -0.9974 -0.0402 0.0591
vn -0.1762 -0.6957 0.6964
vn -0.1778 -0.7538 0.6325
vn -0.6778 -0.6629 0.3180
vn -0.2601 -0.9274 -0.2690
vn -0.3232 -0.9438 0.0692
vn -0.5074 -0.8617 -0.0106
vn -0.6404 -0.4900 0.5914
vn -0.7115 -0.4355 0.5515
vn -0.5903 -0.6446 0.4858
vn -0.6396 -0.4341 0.6344
vn -0.2854 -0.9581 0.0238
vn -0.1811 -0.8730 -0.4528
vn -0.2863 -0.8778 -0.3841
vn -0.5287 -0.7218 0.4467
vn -0.6115 -0.4729 0.6344
vn -0.1992 -0.7889 0.5813
vn -0.2612 -0.6189 0.7408
vn -0.2585 -0.5530 0.7921
vn -0.7381 -0.5169 0.4337
vn -0.4854 -0.5727 0.6606
vn -0.4253 -0.6933 0.5818
vn -0.6828 -0.4836 0.5476
vn -0.1482 -0.7576 0.6357
vn -0.1910 -0.6195 0.7614
vn -0.7885 -0.4711 0.3953
vn -0.4066 -0.6999 0.5873
vn -0.8927 0.3453 -0.2897
vn -0.6699 0.4773 -0.5688
vn -0.9997 -0.0194 0.0163
vn -0.9997 -0.0162 0.0193
vn -0.5508 -0.6394 0.5365
vn -0.5666 -0.5296 0.6312
vn -0.8809 -0.3652 0.3010
vn -0.9896 0.1151 -0.0857
vn -0.9996 0.0203 -0.0170
vn -0.7877 0.0489 0.6141
vn -0.9658 0.2233 0.1317
vn -0.6764 -0.4651 0.5711
vn -0.8883 -0.2958 0.3512
vn -0.7378 -0.4165 0.5313
vn -0.9692 -0.1784 0.1696
vn -0.9533 -0.2095 0.2176
vn -0.9613 -0.2048 0.1842
vn -0.9575 -0.2209 0.1854
vn -0.9691 -0.1920 0.1552
vn -0.7213 -0.4316 0.5417
vn -0.8393 -0.2736 0.4698
vn -0.8124 -0.4467 0.3749
vn -0.6948 -0.0473 0.7177
vn -0.7028 -0.0146 0.7113
vn -0.5853 -0.0897 0.8058
vn -0.6448 -0.1572 0.7480
vn -0.7745 0.0900 0.6262
vn -0.7683 -0.3972 0.5020
vn -0.9308 -0.0232 0.3649
vn -0.9757 -0.1680 0.1410
vn -0.6735 -0.5662 0.4751
vn -0.5579 -0.2013 0.8051
vn -0.3932 0.1376 0.9091
vn -0.3369 0.2122 0.9173
vn -0.4186 0.3452 0.8400
vn -0.7658 0.4264 0.4814
vn -0.9894 -0.1075 0.0981
vn -0.9989 -0.0357 0.0313
vn -0.9880 -0.1229 0.0939
vn -0.9990 -0.0358 0.0282
vn 0.0174 -0.5894 -0.8076
vn -0.6932 -0.5132 -0.5060
vn -0.6978 -0.4954 -0.5173
vn 0.0083 -0.5270 -0.8498
vn -0.0067 -0.2746 -0.9615
vn -0.7649 -0.0774 -0.6395
vn -0.7222 -0.3921 -0.5698
vn -0.0059 0.1326 -0.9912
vn 0.0050 -0.6524 -0.7579
vn -0.7992 -0.4288 -0.4213
vn -0.0000 -0.7800 -0.6258
vn -0.7080 -0.5719 -0.4142
vn -0.0077 -0.9217 -0.3878
vn -0.7097 -0.6940 -0.1215
vn 0.4461 -0.4453 -0.7763
vn -0.5130 -0.6017 -0.6121
vn 0.4033 -0.2661 -0.8755
vn -0.3872 -0.4295 -0.8158
vn 0.4946 -0.0474 -0.8679
vn -0.2678 -0.4520 -0.8509
vn 0.5162 -0.5521 -0.6548
vn -0.5014 -0.6005 -0.6229
vn -0.4138 -0.8150 -0.4056
vn 0.3055 -0.8204 -0.4834
vn -0.7040 -0.6462 -0.2947
vn -0.8422 -0.3799 -0.3825
vn -0.2747 -0.9340 -0.2284
vn -0.0005 -0.6379 -0.7701
vn -0.0003 -0.6167 -0.7872
vn -0.0005 -0.6248 -0.7807
vn -0.0007 -0.6423 -0.7665
vn 0.0301 0.0633 -0.9975
vn 0.0204 -0.2911 -0.9565
vn 0.0013 -0.5909 -0.8068
vn 0.0011 -0.6209 -0.7839
vn 0.0012 -0.6259 -0.7799
vn 0.0030 -0.6253 -0.7804
vn -0.0063 -0.6862 -0.7274
vn 0.0105 -0.7155 -0.6985
vn -0.8574 -0.4133 -0.3068
vn -0.8791 -0.4156 -0.2335
vn 0.7740 -0.0837 -0.6276
vn 0.7795 -0.2627 -0.5686
vn 0.6815 -0.0963 -0.7255
vn 0.7197 0.1038 -0.6865
vn 0.7001 0.2689 -0.6615
vn -0.8643 -0.3637 -0.3476
vn 0.6813 -0.4627 -0.5673
vn 0.6846 -0.5913 -0.4263
vn 0.1086 -0.9653 -0.2376
vn 0.5113 -0.8188 -0.2611
vn -0.0453 -0.9812 0.1877
vn -0.7394 -0.6410 0.2059
vn 0.0064 -0.8467 -0.5320
vn -0.9649 -0.2188 0.1452
vn -0.9904 -0.1059 0.0889
vn -0.0771 -0.9541 -0.2893
vn -0.1471 -0.9695 0.1961
vn -1.0000 -0.0046 0.0040
vn -0.9987 -0.0387 0.0321
vn -0.9935 -0.0862 0.0741
vn -0.9813 -0.1478 0.1234
vn 0.0108 -0.8409 -0.5411
vn -0.0050 -0.7541 -0.6567
vn 0.0084 -0.6314 -0.7754
vn 0.0171 -0.5886 -0.8083
vn 0.0030 -0.5016 -0.8651
vn -0.0119 -0.2064 -0.9784
vn -0.0035 0.2028 -0.9792
vn -0.9933 -0.0893 0.0737
vn -0.9994 -0.0256 0.0218
vn -0.7877 -0.5963 -0.1548
vn -0.7025 0.5452 -0.4575
vn -0.9802 -0.1515 0.1279
vn -0.9921 -0.1028 0.0722
vn -0.8845 0.3813 -0.2689
vn -0.9916 -0.1114 0.0657
vn -0.6400 0.6650 -0.3849
vn -0.9917 -0.1160 0.0547
vn -0.7567 0.5926 -0.2760
vn -0.7634 -0.5238 0.3779
vn -0.1779 -0.8064 0.5640
vn -0.7634 -0.5548 0.3307
vn -0.1779 -0.8526 0.4914
vn -0.8331 -0.4981 0.2406
vn -0.1779 -0.8921 0.4154
vn -0.7676 -0.5304 0.3597
vn -0.7310 -0.5571 0.3940
vn -0.8378 -0.4769 0.2658
vn -0.5837 -0.7041 0.4043
vn -0.8081 -0.5303 0.2563
vn -0.6530 -0.6911 0.3098
vn -0.5041 -0.6666 0.5491
vn -0.2957 -0.7125 0.6363
vn -0.0479 -0.8694 0.4918
vn -0.0434 -0.9057 0.4217
vn -0.0000 0.8195 -0.5731
vn -0.0000 0.9065 -0.4221
vn -0.0000 0.8664 -0.4994
vn -0.9980 -0.0510 0.0364
vn -0.9976 -0.0598 0.0343
vn -0.9974 -0.0652 0.0293
vn -0.6778 -0.4283 0.5976
vn -0.2601 0.1039 0.9600
vn -0.5074 -0.1392 0.8504
vn -0.3231 -0.2320 0.9175
vn -0.6405 -0.6675 0.3798
vn -0.5903 -0.5903 0.5505
vn -0.7115 -0.6187 0.3331
vn -0.6396 -0.7002 0.3174
vn -0.1811 0.2943 0.9384
vn -0.2854 -0.1898 0.9394
vn -0.2863 0.2259 0.9311
vn -0.5287 -0.5652 0.6332
vn -0.6115 -0.7069 0.3555
vn -0.1992 -0.7094 0.6760
vn -0.2612 -0.8370 0.4809
vn -0.2585 -0.8761 0.4071
vn -0.4854 -0.7500 0.4493
vn -0.6828 -0.6233 0.3811
vn -0.1910 -0.8574 0.4778
vn -0.6699 0.6430 -0.3712
vn -0.9997 -0.0218 0.0126
vn -0.5666 -0.7136 0.4120
vn -0.9658 -0.0909 -0.2428
vn -0.6764 -0.6432 0.3588
vn -0.7378 -0.5955 0.3179
vn -0.8884 -0.3972 0.2303
vn -0.9692 -0.1980 0.1463
vn -0.9533 -0.2507 0.1686
vn -0.9613 -0.2170 0.1697
vn -0.9691 -0.1861 0.1621
vn -0.7213 -0.6084 0.3310
vn -0.8393 -0.5102 0.1879
vn -0.6948 -0.7150 -0.0781
vn -0.7028 -0.7030 -0.1092
vn -0.5853 -0.8091 -0.0515
vn -0.6448 -0.7639 0.0249
vn -0.7745 -0.6010 -0.1974
vn -0.7683 -0.5634 0.3040
vn -0.9308 -0.3634 -0.0405
vn -0.5579 -0.8279 0.0584
vn -0.3932 -0.8714 -0.2934
vn -0.3369 -0.8665 -0.3683
vn -0.4186 -0.7673 -0.4859
vn -0.7658 -0.4001 -0.5035
vn -1.0000 -0.0043 0.0035
vn 0.0084 0.7454 0.6666
vn 0.0173 0.6930 0.7207
vn -0.6932 0.4092 0.5933
vn -0.6978 0.4234 0.5777
vn -0.0061 0.9991 0.0415
vn -0.0067 0.8992 0.4374
vn -0.7649 0.6163 0.1872
vn -0.7222 0.4930 0.4851
vn 0.0051 0.6331 0.7741
vn -0.7991 0.3404 0.4954
vn -0.7080 0.3086 0.6352
vn 0.0001 0.4809 0.8768
vn -0.7097 -0.0008 0.7045
vn -0.0076 0.2218 0.9751
vn -0.3872 0.7289 0.5646
vn -0.5131 0.4983 0.6989
vn 0.4033 0.8160 0.4141
vn 0.4461 0.6872 0.5734
vn 0.4946 0.8464 0.1974
vn -0.2678 0.7595 0.5929
vn 0.5162 0.5490 0.6574
vn -0.5014 0.5092 0.6995
vn -0.4138 0.2579 0.8731
vn 0.3055 0.3336 0.8918
vn -0.2747 0.0628 0.9595
vn -0.7040 0.1780 0.6875
vn -0.8422 0.3107 0.4406
vn -0.0006 0.6429 0.7659
vn -0.0005 0.6604 0.7509
vn -0.0005 0.6476 0.7619
vn -0.0003 0.6682 0.7440
vn 0.0189 0.8915 0.4527
vn 0.0301 0.9934 0.1109
vn 0.0013 0.6919 0.7220
vn 0.0011 0.6641 0.7476
vn 0.0030 0.6600 0.7513
vn 0.0012 0.6597 0.7516
vn 0.0102 0.5637 0.8259
vn -0.0063 0.5972 0.8021
vn -0.8574 0.2304 0.4603
vn -0.8791 0.1578 0.4498
vn 0.7740 0.6035 0.1914
vn 0.7795 0.5144 0.3574
vn 0.6815 0.6977 0.2208
vn 0.7197 0.6941 0.0170
vn 0.7001 0.6982 -0.1499
vn -0.8643 0.2792 0.4185
vn 0.6813 0.4783 0.5541
vn 0.6846 0.3171 0.6564
vn 0.1086 0.0664 0.9919
vn 0.5113 0.1149 0.8517
vn -0.7394 -0.3141 0.5955
vn -0.0453 -0.3552 0.9337
vn 0.0064 0.3768 0.9263
vn -0.9649 -0.1810 0.1902
vn -0.0771 0.1192 0.9899
vn -0.1471 -0.3614 0.9207
vn 0.0108 0.3868 0.9221
vn -0.0050 0.5158 0.8567
vn 0.0084 0.6539 0.7565
vn 0.0170 0.6938 0.7200
vn 0.0030 0.7649 0.6442
vn -0.0119 0.9277 0.3731
vn -0.0035 0.9996 -0.0297
vn -0.0000 0.9840 0.1784
vn -0.0000 0.9613 -0.2754
vn -0.0000 0.9615 0.2750
vn -0.0000 0.9701 -0.2426
vn -0.0000 0.7842 -0.6205
vn -0.0000 0.6464 -0.7630
vn -0.0000 0.3500 -0.9367
vn -0.0000 0.1982 -0.9802
vn -0.0000 -0.2426 -0.9701
vn -0.0000 -0.3000 -0.9539
vn -0.0000 -0.6952 -0.7189
vn -0.0000 -0.9295 -0.3689
vn -0.0000 -0.9723 -0.2337
vn -0.0000 -0.9701 0.2426
vn -0.0000 -0.7478 0.6639
vn -0.0000 -0.6464 0.7630
vn -0.0000 -0.3203 0.9473
vn -0.0000 -0.1982 0.9802
vn -0.0000 0.2010 0.9796
vn -0.0000 0.2426 0.9701
vn -0.0000 0.6952 0.7189
vn -0.7158 0.6829 0.1462
vn -0.3286 0.8779 0.3484
vn -0.3711 0.9088 -0.1906
vn -0.7618 0.6304 -0.1491
vn -0.7284 0.4874 -0.4816
vn -0.2634 0.7355 -0.6242
vn -0.3247 0.3310 -0.8860
vn -0.7107 0.1568 -0.6858
vn -0.3759 -0.1812 -0.9088
vn -0.7679 -0.1454 -0.6239
vn -0.7222 -0.4851 -0.4930
vn -0.2161 -0.6787 -0.7019
vn -0.3939 -0.8687 -0.3002
vn -0.7158 -0.6829 -0.1462
vn -0.3256 -0.9173 0.2294
vn -0.7618 -0.6304 0.1491
vn -0.7284 -0.4874 0.4816
vn -0.3301 -0.6786 0.6562
vn -0.7107 -0.1568 0.6858
vn -0.2789 -0.2913 0.9151
vn -0.3759 0.2679 0.8871
vn -0.7679 0.1454 0.6239
vn -0.7222 0.4851 0.4930
vn -0.3256 0.6573 0.6797
vn -0.9045 0.4101 0.1173
vn -0.9107 0.3616 -0.1996
vn -1.0000 -0.0000 -0.0000
vn -0.9043 0.1174 -0.4105
vn -0.9108 -0.2013 -0.3605
vn -0.9045 -0.4101 -0.1173
vn -0.9107 -0.3616 0.1996
vn -0.9043 -0.1174 0.4105
vn -0.9108 0.2013 0.3605
vn 0.2145 0.5655 0.7964
vn -0.0408 0.0190 0.9990
vn 0.2961 0.7406 0.6032
vn 0.3524 0.8542 0.3823
vn 0.2961 0.7406 -0.6032
vn 0.3524 0.8542 -0.3823
vn 0.2145 0.5655 -0.7964
vn -0.0408 0.0190 -0.9990
vn -0.3394 -0.6212 -0.7064
vn -0.3393 -0.6212 -0.7064
vn -0.4630 -0.8864 -0.0000
vn -0.3394 -0.6212 0.7064
vn -0.3393 -0.6212 0.7064
vn -0.0022 -0.0046 1.0000
vn -0.0000 -0.0000 1.0000
vn 0.3664 0.7856 0.4985
vn 0.3671 0.7872 0.4956
vn 0.3657 0.7841 0.5014
vn 0.3649 0.7826 0.5044
vn 0.3657 0.7841 -0.5014
vn 0.3649 0.7826 -0.5044
vn 0.3664 0.7856 -0.4985
vn 0.3671 0.7872 -0.4956
vn -0.0000 -0.0000 -1.0000
vn -0.0022 -0.0046 -1.0000
vn 0.0022 0.0046 -1.0000
vn -0.3663 -0.7856 -0.4986
vn -0.3671 -0.7872 -0.4956
vn -0.3656 -0.7841 -0.5015
vn -0.3649 -0.7826 -0.5044
vn -0.3656 -0.7841 0.5015
vn -0.3649 -0.7826 0.5044
vn -0.3663 -0.7856 0.4986
vn -0.3671 -0.7872 0.4956
vn 0.0022 0.0046 1.0000
vn 0.8613 -0.0822 0.5014
vn 0.7950 -0.2016 0.5722
vn 0.6654 -0.4795 0.5722
vn 0.6166 -0.6070 0.5015
vn 0.5532 -0.7201 0.4189
vn 0.4884 -0.8591 0.1533
vn 0.4942 -0.8693 -0.0000
vn 0.4884 -0.8591 -0.1533
vn 0.5532 -0.7201 -0.4189
vn 0.6166 -0.6070 -0.5015
vn 0.6654 -0.4794 -0.5722
vn 0.7950 -0.2016 -0.5722
vn 0.8613 -0.0822 -0.5014
vn 0.9072 0.0391 -0.4189
vn 0.9720 0.1781 -0.1533
vn 0.9836 0.1803 -0.0000
vn 0.9720 0.1781 0.1533
vn 0.9072 0.0391 0.4189
vn -0.6056 0.4718 0.6408
vn -0.5510 0.6157 0.5633
vn -0.4800 0.7414 0.4691
vn -0.4073 0.8970 0.1717
vn -0.4135 0.9105 -0.0000
vn -0.4073 0.8970 -0.1717
vn -0.4800 0.7414 -0.4691
vn -0.5510 0.6157 -0.5633
vn -0.6056 0.4718 -0.6408
vn -0.7507 0.1606 -0.6408
vn -0.8258 0.0263 -0.5633
vn -0.8764 -0.1089 -0.4691
vn -0.9490 -0.2645 -0.1717
vn -0.9633 -0.2684 -0.0000
vn -0.9490 -0.2645 0.1717
vn -0.8764 -0.1089 0.4691
vn -0.8258 0.0263 0.5633
vn -0.7507 0.1606 0.6408
vn -0.9063 0.4226 -0.0000
vn -0.1039 0.5175 0.8494
vn -0.0670 0.0312 0.9973
vn 0.1756 0.5509 0.8159
vn -0.4238 0.1955 0.8844
vn -0.0160 0.8450 0.5345
vn 0.3155 0.8510 0.4199
vn 0.3544 0.9351 -0.0000
vn 0.0540 0.9985 -0.0000
vn 0.3155 0.8510 -0.4199
vn -0.0160 0.8450 -0.5345
vn 0.1756 0.5509 -0.8159
vn -0.1039 0.5175 -0.8494
vn -0.0670 0.0312 -0.9973
vn -0.4238 0.1955 -0.8844
vn -0.3091 -0.4886 -0.8159
vn -0.5297 -0.2570 -0.8083
vn -0.4320 -0.7515 -0.4986
vn -0.6503 -0.6162 -0.4443
vn -0.4885 -0.8726 -0.0000
vn -0.7287 -0.6849 -0.0000
vn -0.4320 -0.7515 0.4986
vn -0.6503 -0.6162 0.4443
vn -0.3091 -0.4886 0.8159
vn -0.5297 -0.2570 0.8083
vn -0.7685 0.3541 0.5329
vn -0.5792 0.6104 0.5402
vn -0.9082 0.4186 -0.0000
vn -0.5109 0.8205 0.2566
vn -0.5445 0.8387 -0.0000
vn -0.5109 0.8205 -0.2566
vn -0.5792 0.6104 -0.5402
vn -0.7684 0.3544 -0.5329
vn -0.8414 0.1058 -0.5299
vn -0.9381 -0.1032 -0.3307
vn -0.9715 -0.2372 -0.0000
vn -0.9381 -0.1032 0.3307
vn -0.8414 0.1058 0.5299
vn -0.7807 0.1543 0.6055
vn -0.7808 0.6015 -0.1691
vn -0.6173 -0.0548 0.7848
vn -0.6173 0.6523 -0.4399
vn -0.0000 0.5000 -0.8660
vn -0.7808 -0.2710 0.5630
vn -0.7807 0.5695 0.2571
vn -0.6173 0.7824 0.0822
vn -0.6173 -0.5465 0.5660
vn -0.6173 0.5465 0.5660
vn -0.7808 0.2710 0.5630
vn -0.7807 -0.5695 0.2571
vn -0.6173 -0.7824 0.0823
vn -0.7807 -0.6015 -0.1692
vn -0.7808 -0.1543 0.6055
vn -0.6173 -0.6523 -0.4399
vn -0.6173 0.0548 0.7849
vn -0.0000 0.5000 0.8660
vn -0.6173 -0.2169 -0.7563
vn -0.7807 -0.3521 -0.5162
vn -0.7808 -0.5074 0.3647
vn -0.6173 -0.4625 0.6364
vn -0.0000 -0.1736 0.9848
vn -0.6173 -0.7634 0.1902
vn -0.7808 -0.6231 -0.0468
vn -0.7807 0.0621 -0.6218
vn -0.6173 0.3199 -0.7188
vn -0.7807 0.4473 -0.4364
vn -0.7808 -0.4472 -0.4364
vn -0.6173 0.7071 -0.3450
vn -0.6173 -0.7071 -0.3450
vn -0.0000 -1.0000 -0.0000
vn -0.6173 0.7634 0.1902
vn -0.7807 0.6231 -0.0468
vn -0.7808 -0.0621 -0.6217
vn -0.6173 -0.3199 -0.7188
vn -0.6173 0.2170 -0.7563
vn -0.7808 0.3521 -0.5162
vn -0.7807 0.5074 0.3647
vn -0.6173 0.4625 0.6364
vn -0.1243 0.3765 -0.9180
vn -0.0051 0.0038 -1.0000
vn -0.0104 0.0079 -0.9999
vn 0.3821 0.3606 -0.8508
vn -0.1112 0.3531 0.9289
vn 0.0161 -0.0400 0.9991
vn 0.3042 0.4158 0.8571
vn 0.0220 -0.0165 0.9996
vn 0.0105 -0.0077 0.9999
vn -0.1369 0.9386 0.3168
vn 0.3816 0.8453 0.3740
vn 0.3872 0.8876 -0.2496
vn -0.1245 0.8918 -0.4350
vn 0.9224 0.2443 -0.2992
vn 0.9663 -0.0760 0.2461
vn 0.8608 -0.0562 -0.5058
vn 0.8668 0.3238 0.3792
vn -0.4555 0.8083 0.3730
vn -0.7073 0.6519 -0.2735
vn -0.7757 0.5644 0.2823
vn -0.4102 0.8365 -0.3634
vn -0.8886 0.1298 0.4399
vn -0.9392 0.1515 -0.3082
vn -0.9636 -0.0732 0.2573
vn -0.9215 -0.0660 -0.3826
vn -0.6004 0.3835 -0.7018
vn -0.5904 0.3744 0.7150
vn 0.7061 -0.0460 -0.7067
vn -0.7052 -0.0468 -0.7075
vn 0.7184 -0.0841 0.6905
vn -0.6942 -0.0566 0.7176
vn -0.1243 -0.3765 0.9180
vn -0.0051 -0.0038 1.0000
vn -0.0104 -0.0079 0.9999
vn 0.3821 -0.3606 0.8508
vn -0.1112 -0.3531 -0.9289
vn 0.0219 0.0164 -0.9996
vn 0.0161 0.0400 -0.9991
vn 0.3042 -0.4158 -0.8571
vn 0.0105 0.0077 -0.9999
vn -0.1369 -0.9386 -0.3168
vn 0.3816 -0.8453 -0.3740
vn 0.3872 -0.8876 0.2496
vn -0.1245 -0.8918 0.4350
vn 0.9663 0.0760 -0.2461
vn 0.9224 -0.2443 0.2992
vn 0.8668 -0.3238 -0.3792
vn 0.8608 0.0562 0.5058
vn -0.4555 -0.8083 -0.3730
vn -0.7073 -0.6519 0.2735
vn -0.7757 -0.5644 -0.2824
vn -0.4102 -0.8365 0.3634
vn -0.9636 0.0732 -0.2573
vn -0.9392 -0.1515 0.3082
vn -0.9215 0.0660 0.3826
vn -0.8886 -0.1298 -0.4398
vn -0.6004 -0.3835 0.7018
vn -0.5904 -0.3744 -0.7150
vn 0.7061 0.0460 0.7066
vn -0.7052 0.0468 0.7074
vn 0.7183 0.0841 -0.6906
vn -0.6942 0.0566 -0.7176
vn -0.0662 0.9978 -0.0000
vn -0.0662 0.9376 -0.3413
vn -0.0667 0.9160 -0.3956
vn -0.7350 0.6781 -0.0000
vn -0.5966 0.7689 -0.2298
vn -0.0662 0.9376 0.3413
vn -0.0660 0.9160 0.3957
vn -0.5966 0.7689 0.2298
vn -0.0662 0.7644 0.6414
vn -0.4986 0.6640 0.5572
vn -0.0667 0.5487 0.8334
vn -0.0662 0.4989 0.8641
vn -0.5967 0.3598 0.7173
vn -0.0662 0.1733 0.9827
vn -0.0667 0.2306 0.9708
vn -0.5966 0.0927 0.7971
vn -0.0662 -0.1733 0.9827
vn -0.7350 -0.1178 0.6678
vn -0.0662 -0.4989 0.8641
vn -0.0660 -0.5487 0.8334
vn -0.5966 -0.3598 0.7173
vn -0.0662 -0.7644 0.6414
vn -0.4986 -0.6640 0.5572
vn -0.0667 -0.9160 0.3956
vn -0.0662 -0.9376 0.3413
vn -0.5966 -0.7689 0.2298
vn -0.0662 -0.9978 -0.0000
vn -0.7350 -0.6781 -0.0000
vn -0.0662 -0.9376 -0.3413
vn -0.0660 -0.9160 -0.3957
vn -0.5966 -0.7689 -0.2298
vn -0.0662 -0.7644 -0.6414
vn -0.4986 -0.6640 -0.5572
vn -0.0667 -0.5487 -0.8334
vn -0.0662 -0.4989 -0.8641
vn -0.5967 -0.3598 -0.7173
vn -0.0662 -0.1733 -0.9827
vn -0.7350 -0.1178 -0.6678
vn -0.0662 0.1733 -0.9827
vn -0.0660 0.2306 -0.9708
vn -0.5966 0.0927 -0.7971
vn -0.0662 0.4989 -0.8641
vn -0.0660 0.5487 -0.8334
vn -0.5966 0.3598 -0.7173
vn -0.0662 0.7644 -0.6414
vn -0.4985 0.6641 -0.5572
vn 0.9508 0.3097 -0.0000
vn 0.8796 0.4758 -0.0001
vn 0.8520 0.5236 0.0003
vn 0.7372 0.6757 -0.0000
vn 0.7469 0.6650 -0.0000
vn 0.7469 0.6649 -0.0000
vn 0.8050 0.5933 -0.0000
vn 0.9969 0.0785 -0.0000
vn 0.9995 -0.0331 -0.0000
vn 0.9636 -0.2673 -0.0000
vn 0.9211 -0.3892 -0.0000
vn 0.4721 -0.8816 -0.0000
vn 0.6945 -0.7195 -0.0000
vn 0.8796 0.3645 0.3058
vn 0.9508 0.2372 0.1991
vn 0.8520 0.4011 0.3366
vn 0.9508 0.2373 0.1991
vn 0.7126 0.5374 0.4510
vn 0.7469 0.5094 0.4274
vn 0.7608 0.4971 0.4172
vn 0.8050 0.4545 0.3814
vn 0.9995 -0.0253 -0.0213
vn 0.9636 -0.2048 -0.1718
vn 0.9211 -0.2983 -0.2500
vn 0.9969 0.0600 0.0506
vn 0.4721 -0.6753 -0.5667
vn 0.6238 -0.5987 -0.5024
vn 0.7591 -0.4987 -0.4185
vn 0.9508 0.0538 0.3050
vn 0.8796 0.0828 0.4685
vn 0.8520 0.0906 0.5157
vn 0.9508 0.0537 0.3050
vn 0.7126 0.1218 0.6909
vn 0.7469 0.1155 0.6548
vn 0.7608 0.1127 0.6391
vn 0.8050 0.1030 0.5843
vn 0.9636 -0.0464 -0.2633
vn 0.9997 0.0039 0.0224
vn 0.9211 -0.0678 -0.3833
vn 0.4721 -0.1531 -0.8682
vn 0.6945 -0.1249 -0.7086
vn 0.9508 -0.1548 0.2682
vn 0.8796 -0.2378 0.4121
vn 0.8520 -0.2621 0.4533
vn 0.9508 -0.1549 0.2682
vn 0.7126 -0.3508 0.6076
vn 0.7193 -0.3472 0.6017
vn 0.7733 -0.3170 0.5491
vn 0.7608 -0.3245 0.5620
vn 0.8050 -0.2967 0.5138
vn 0.9997 -0.0114 0.0197
vn 0.9443 0.1645 -0.2849
vn 0.9997 -0.0113 0.0196
vn 0.4721 0.4408 -0.7635
vn 0.6945 0.3597 -0.6231
vn 0.8662 -0.4696 0.1709
vn 0.9369 -0.3284 0.1195
vn 0.9630 -0.2533 0.0916
vn 0.8660 -0.4699 0.1710
vn 0.7608 -0.6099 0.2220
vn 0.7126 -0.6593 0.2400
vn 0.7193 -0.6528 0.2376
vn 0.7733 -0.5958 0.2169
vn 0.8049 -0.5576 0.2029
vn 0.9995 0.0311 -0.0113
vn 0.9443 0.3091 -0.1125
vn 0.9443 0.3092 -0.1125
vn 0.9969 -0.0739 0.0266
vn 0.4721 0.8284 -0.3015
vn 0.6238 0.7345 -0.2673
vn 0.7591 0.6118 -0.2227
vn 0.9369 -0.3284 -0.1195
vn 0.8796 -0.4471 -0.1627
vn 0.9630 -0.2531 -0.0921
vn 0.8520 -0.4920 -0.1791
vn 0.7126 -0.6593 -0.2400
vn 0.7469 -0.6248 -0.2274
vn 0.7608 -0.6098 -0.2220
vn 0.8050 -0.5576 -0.2029
vn 0.8049 -0.5576 -0.2029
vn 0.9636 0.2512 0.0914
vn 0.9995 0.0311 0.0113
vn 0.9211 0.3658 0.1331
vn 0.9969 -0.0738 -0.0268
vn 0.4721 0.8284 0.3015
vn 0.6945 0.6761 0.2461
vn 0.9630 -0.1347 -0.2333
vn 0.9369 -0.1747 -0.3027
vn 0.8660 -0.2500 -0.4330
vn 0.7608 -0.3245 -0.5620
vn 0.7126 -0.3508 -0.6076
vn 0.7469 -0.3325 -0.5758
vn 0.7469 -0.3325 -0.5759
vn 0.8050 -0.2967 -0.5138
vn 0.9969 -0.0393 -0.0680
vn 0.9995 0.0165 0.0287
vn 0.9443 0.1645 0.2849
vn 0.6945 0.3597 0.6231
vn 0.4721 0.4408 0.7635
vn 0.8660 0.0868 -0.4924
vn 0.9369 0.0607 -0.3442
vn 0.9630 0.0473 -0.2652
vn 0.8662 0.0868 -0.4922
vn 0.7372 0.1173 -0.6655
vn 0.7469 0.1155 -0.6549
vn 0.8050 0.1030 -0.5843
vn 0.9995 -0.0057 0.0326
vn 0.9443 -0.0571 0.3240
vn 0.9969 0.0138 -0.0773
vn 0.4721 -0.1531 0.8682
vn 0.6945 -0.1249 0.7086
vn 0.4720 -0.1531 0.8682
vn 0.9508 0.2372 -0.1991
vn 0.8796 0.3644 -0.3059
vn 0.8520 0.4013 -0.3363
vn 0.9508 0.2372 -0.1990
vn 0.7469 0.5094 -0.4274
vn 0.7126 0.5374 -0.4510
vn 0.7469 0.5093 -0.4274
vn 0.7608 0.4971 -0.4172
vn 0.8050 0.4545 -0.3814
vn 0.9443 -0.2520 0.2115
vn 0.9997 0.0175 -0.0146
vn 0.9997 0.0174 -0.0146
vn 0.4720 -0.6753 0.5667
vn 0.4721 -0.6753 0.5667
vn 0.6238 -0.5987 0.5024
vn 0.7591 -0.4987 0.4185
vn -0.0619 -0.9938 0.0919
vn -0.0902 -0.9757 0.1996
vn -0.0561 -0.9865 0.1535
vn -0.0766 -0.9369 0.3410
vn 0.0607 -0.9876 0.1450
vn 0.0607 -0.9775 0.2022
vn 0.0608 -0.9981 -0.0000
vn 0.0607 -0.9475 0.3140
vn 0.0607 -0.9277 0.3685
vn 0.9815 -0.1913 -0.0000
vn 0.9815 -0.1884 0.0333
vn 0.9815 -0.1798 0.0654
vn -0.0000 0.9847 -0.1740
vn -0.0354 -0.9994 -0.0000
vn -0.0619 -0.9938 -0.0919
vn -0.1813 -0.9695 0.1651
vn -0.0561 -0.9865 -0.1535
vn -0.0902 -0.9757 -0.1996
vn -0.0766 -0.9369 -0.3410
vn 0.0608 -0.9774 -0.2022
vn 0.0608 -0.9876 -0.1450
vn 0.0608 -0.9276 -0.3685
vn 0.0608 -0.9475 -0.3140
vn 0.9815 -0.1884 -0.0333
vn 0.9815 -0.1798 -0.0654
vn -0.0000 0.9847 0.1740
vn -0.0000 0.9492 0.3146
vn -0.0000 0.9294 0.3692
vn -0.1813 -0.9695 -0.1651
vn -0.0619 -0.8204 -0.5684
vn -0.0902 -0.8757 -0.4743
vn -0.0561 -0.8545 -0.5165
vn 0.0608 -0.8497 -0.5237
vn 0.0608 -0.7646 -0.6416
vn 0.0608 -0.8788 -0.4733
vn 0.9815 -0.1465 -0.1230
vn 0.9815 -0.1657 -0.0956
vn -0.0000 0.8513 0.5247
vn -0.0000 0.8804 0.4742
vn -0.0354 -0.7656 -0.6424
vn -0.0619 -0.7022 -0.7092
vn -0.1814 -0.8488 -0.4967
vn -0.0561 -0.6570 -0.7518
vn -0.0902 -0.6192 -0.7801
vn -0.0766 -0.4985 -0.8635
vn 0.0607 -0.6633 -0.7459
vn 0.0607 -0.6188 -0.7832
vn 0.0607 -0.5240 -0.8496
vn 0.0607 -0.4738 -0.8786
vn 0.9815 -0.1229 -0.1466
vn 0.9815 -0.0956 -0.1657
vn -0.0000 0.6646 0.7472
vn -0.0000 0.6199 0.7847
vn -0.0000 0.5249 0.8511
vn -0.0000 0.4746 0.8802
vn -0.1814 -0.6365 -0.7496
vn -0.0619 -0.2631 -0.9628
vn -0.0902 -0.3660 -0.9262
vn -0.0561 -0.3225 -0.9449
vn 0.0607 -0.3143 -0.9474
vn 0.0607 -0.3689 -0.9275
vn 0.0606 -0.2587 -0.9641
vn 0.9815 -0.0655 -0.1797
vn 0.9814 -0.0498 -0.1854
vn -0.0000 0.2592 0.9658
vn -0.0000 0.3423 0.9396
vn -0.0199 -0.2165 -0.9761
vn 0.0263 -0.1736 -0.9845
vn -0.1813 -0.3309 -0.9261
vn -0.0912 -0.0512 -0.9945
vn -0.0561 -0.0201 -0.9982
vn -0.0902 0.0271 -0.9956
vn -0.0766 0.1731 -0.9819
vn 0.0608 0.0003 -0.9981
vn 0.0606 -0.0867 -0.9944
vn 0.0608 0.2018 -0.9775
vn 0.0608 0.1447 -0.9876
vn 0.9814 -0.0167 -0.1913
vn 0.9815 0.0001 -0.1913
vn 0.9815 0.0332 -0.1884
vn -0.0000 -0.0003 1.0000
vn -0.0000 0.0868 0.9962
vn -0.0661 -0.0866 -0.9940
vn -0.0619 0.4173 -0.9066
vn -0.0902 0.3150 -0.9448
vn -0.0561 0.3603 -0.9311
vn 0.0608 0.3682 -0.9277
vn 0.0608 0.4736 -0.8787
vn 0.0608 0.3136 -0.9476
vn 0.0608 0.5242 -0.8494
vn 0.9815 0.0956 -0.1657
vn 0.9815 0.0654 -0.1798
vn -0.0000 -0.3417 0.9398
vn -0.0354 0.4997 -0.8655
vn -0.0619 0.5765 -0.8147
vn -0.1814 0.3417 -0.9221
vn -0.0561 0.6262 -0.7776
vn -0.0902 0.6607 -0.7452
vn -0.0766 0.7638 -0.6409
vn 0.0608 0.6419 -0.7644
vn 0.0607 0.7457 -0.6635
vn 0.0607 0.7829 -0.6191
vn 0.9815 0.1230 -0.1465
vn 0.9815 0.1465 -0.1230
vn -0.0000 -0.6205 0.7842
vn -0.0000 -0.6651 0.7467
vn -0.0000 -0.7470 0.6648
vn -0.0000 -0.7844 0.6203
vn -0.1813 0.6277 -0.7570
vn -0.0619 0.9025 -0.4263
vn -0.0902 0.8486 -0.5213
vn -0.0561 0.8745 -0.4817
vn 0.0607 0.8785 -0.4740
vn 0.0607 0.8493 -0.5243
vn 0.0607 0.9276 -0.3687
vn 0.0607 0.9475 -0.3138
vn 0.9815 0.1798 -0.0654
vn 0.9815 0.1656 -0.0957
vn -0.0000 -0.9293 0.3694
vn -0.0000 -0.8801 0.4748
vn -0.0000 -0.9493 0.3144
vn -0.0000 -0.8509 0.5253
vn -0.0354 0.9391 -0.3418
vn -0.0619 0.9653 -0.2535
vn -0.1814 0.8545 -0.4867
vn -0.0561 0.9796 -0.1931
vn -0.0902 0.9851 -0.1462
vn -0.0766 0.9971 -0.0000
vn 0.0607 0.9776 -0.2015
vn 0.0607 0.9877 -0.1443
vn 0.0608 0.9981 -0.0000
vn 0.9815 0.1884 -0.0332
vn 0.9815 0.1884 -0.0331
vn 0.9815 0.1913 -0.0000
vn -0.0000 -0.9849 0.1733
vn -0.1814 0.9675 -0.1764
vn -0.0619 0.9653 0.2535
vn -0.0902 0.9851 0.1462
vn -0.0561 0.9796 0.1931
vn 0.0608 0.9776 0.2015
vn 0.0608 0.9475 0.3138
vn 0.0608 0.9877 0.1442
vn 0.0608 0.9276 0.3687
vn 0.9815 0.1884 0.0332
vn 0.9815 0.1798 0.0654
vn 0.9815 0.1797 0.0654
vn 0.9815 0.1884 0.0331
vn -0.0000 -0.9293 -0.3694
vn -0.0000 -0.9849 -0.1733
vn -0.0000 -0.9493 -0.3144
vn -0.0354 0.9391 0.3418
vn -0.0619 0.9025 0.4263
vn -0.1813 0.9675 0.1764
vn -0.0561 0.8745 0.4817
vn -0.0902 0.8486 0.5213
vn -0.0766 0.7638 0.6409
vn 0.0608 0.8493 0.5243
vn 0.0608 0.8784 0.4740
vn 0.0608 0.7457 0.6635
vn 0.0608 0.7829 0.6191
vn 0.9815 0.1656 0.0957
vn 0.9815 0.1465 0.1230
vn -0.0000 -0.8801 -0.4748
vn -0.0000 -0.8509 -0.5253
vn -0.0000 -0.7844 -0.6203
vn -0.0000 -0.7470 -0.6648
vn -0.1813 0.8545 0.4867
vn -0.0619 0.5765 0.8147
vn -0.0902 0.6607 0.7452
vn -0.0561 0.6262 0.7776
vn 0.0607 0.5242 0.8495
vn 0.0607 0.4736 0.8787
vn 0.0608 0.6419 0.7644
vn 0.9815 0.0956 0.1657
vn 0.9815 0.1230 0.1465
vn -0.0000 -0.6205 -0.7842
vn -0.0000 -0.6651 -0.7467
vn -0.0354 0.4997 0.8655
vn -0.0619 0.4173 0.9066
vn -0.1814 0.6277 0.7570
vn -0.0561 0.3603 0.9311
vn -0.0902 0.3150 0.9448
vn -0.0763 0.2577 0.9632
vn 0.0607 0.3682 0.9278
vn 0.0607 0.3136 0.9476
vn 0.0606 0.2580 0.9642
vn 0.9815 0.0654 0.1798
vn 0.9814 0.0496 0.1855
vn -0.0000 -0.3417 -0.9398
vn -0.0000 -0.2585 -0.9660
vn -0.1814 0.3417 0.9221
vn -0.0763 0.2576 0.9632
vn -0.0619 -0.0821 0.9947
vn -0.0902 0.0271 0.9956
vn -0.0561 -0.0201 0.9982
vn -0.0763 0.0873 0.9933
vn 0.0608 -0.1445 0.9876
vn 0.0608 0.0004 0.9981
vn 0.0608 -0.2020 0.9775
vn 0.0608 0.0003 0.9981
vn 0.0606 0.0873 0.9943
vn 0.9815 -0.0332 0.1884
vn 0.9815 0.0001 0.1913
vn 0.9814 0.0168 0.1912
vn 0.9814 0.0168 0.1913
vn -0.0000 -0.0003 -1.0000
vn -0.0000 -0.0875 -0.9962
vn -0.0354 -0.1735 0.9842
vn -0.0619 -0.2631 0.9628
vn -0.1814 -0.0058 0.9834
vn -0.0561 -0.3225 0.9449
vn -0.0902 -0.3660 0.9262
vn -0.0766 -0.4985 0.8635
vn 0.0608 -0.3143 0.9474
vn 0.0608 -0.3689 0.9275
vn 0.0608 -0.4738 0.8785
vn 0.0608 -0.5240 0.8496
vn 0.9815 -0.0655 0.1797
vn 0.9815 -0.0956 0.1657
vn -0.0000 0.3423 -0.9396
vn -0.0000 0.4746 -0.8802
vn -0.0000 0.5249 -0.8512
vn -0.1813 -0.3309 0.9261
vn -0.0619 -0.7022 0.7092
vn -0.0902 -0.6192 0.7801
vn -0.0561 -0.6570 0.7518
vn 0.0608 -0.7646 0.6416
vn 0.0608 -0.6633 0.7458
vn 0.0608 -0.6188 0.7832
vn 0.9815 -0.1229 0.1466
vn 0.9815 -0.1465 0.1230
vn -0.0000 0.6646 -0.7472
vn -0.0000 0.6199 -0.7847
vn -0.0354 -0.7656 0.6424
vn -0.0619 -0.8204 0.5684
vn -0.1813 -0.6365 0.7496
vn -0.0561 -0.8544 0.5165
vn -0.0902 -0.8757 0.4743
vn 0.0607 -0.8497 0.5237
vn 0.0607 -0.8788 0.4734
vn 0.9815 -0.1657 0.0956
vn -0.0000 0.8662 -0.4997
vn -0.1814 -0.8488 0.4967
vn -0.1814 -0.0058 -0.9834
vn 1.0000 -0.0000 -0.0000
vn -0.0000 -0.1045 0.9945
vn -0.0000 -0.3090 0.9511
vn -0.0000 -0.6691 0.7431
vn -0.0000 -0.8090 0.5878
vn -0.0000 -0.9135 0.4067
vn -0.0000 -0.9781 0.2079
vn -0.0000 -0.9781 -0.2079
vn -0.0000 -0.9135 -0.4067
vn -0.0000 -0.8090 -0.5878
vn -0.0000 -0.6691 -0.7431
vn -0.0000 -0.3090 -0.9511
vn -0.0000 -0.1045 -0.9945
vn -0.0000 0.1045 -0.9945
vn -0.0000 0.3090 -0.9511
vn -0.0000 0.6691 -0.7431
vn -0.0000 0.8090 -0.5878
vn -0.0000 0.9135 -0.4067
vn -0.0000 0.9781 -0.2079
vn -0.0000 0.9781 0.2079
vn -0.0000 0.9135 0.4067
vn -0.0000 0.8090 0.5878
vn -0.0000 0.6691 0.7431
vn -0.0000 0.3090 0.9511
vn -0.0000 0.1045 0.9945
vn -0.6666 -0.3032 0.6810
vn -0.6666 -0.4382 0.6031
vn -0.6663 -0.1805 0.7235
vn -0.6663 -0.1294 0.7343
vn -0.6666 -0.0000 0.7454
vn -0.6663 0.1294 0.7343
vn -0.6663 0.1805 0.7235
vn -0.6663 0.2793 0.6914
vn -0.6663 0.3269 0.6702
vn -0.6666 0.4382 0.6031
vn -0.6666 0.5540 0.4988
vn -0.6666 0.6456 0.3727
vn -0.6663 0.7007 0.2551
vn -0.6663 0.7168 0.2055
vn -0.6666 0.7414 0.0779
vn -0.6663 0.7384 -0.1038
vn -0.6663 0.7438 -0.0520
vn -0.6663 0.7007 -0.2551
vn -0.6663 0.7168 -0.2055
vn -0.6666 0.6456 -0.3727
vn -0.6663 0.5712 -0.4792
vn -0.6663 0.5363 -0.5180
vn -0.6663 0.4591 -0.5875
vn -0.6663 0.4169 -0.6182
vn -0.6663 0.3269 -0.6702
vn -0.6663 0.2793 -0.6914
vn -0.6663 0.1805 -0.7235
vn -0.6663 0.1294 -0.7343
vn -0.6666 -0.0000 -0.7454
vn -0.6663 -0.1805 -0.7235
vn -0.6663 -0.1294 -0.7343
vn -0.6666 -0.3032 -0.6810
vn -0.6666 -0.4382 -0.6031
vn -0.6663 -0.5363 -0.5180
vn -0.6663 -0.5712 -0.4792
vn -0.6666 -0.6456 -0.3727
vn -0.6663 -0.7007 -0.2551
vn -0.6663 -0.7168 -0.2055
vn -0.6666 -0.7414 -0.0779
vn -0.6663 -0.7384 0.1038
vn -0.6663 -0.7438 0.0520
vn -0.6663 -0.7007 0.2551
vn -0.6663 -0.7168 0.2055
vn -0.6663 -0.6323 0.3952
vn -0.6663 -0.6584 0.3500
vn -0.6666 -0.5540 0.4988
vn -0.6750 -0.3235 0.6631
vn -0.6752 -0.4336 0.5968
vn -0.6750 -0.2763 0.6841
vn -0.6750 -0.1786 0.7159
vn -0.6750 -0.1281 0.7266
vn -0.6752 -0.5482 0.4936
vn -0.6752 -0.0000 0.7376
vn -0.6752 -0.6388 0.3688
vn -0.6750 0.1786 0.7159
vn -0.6750 0.1281 0.7266
vn -0.6750 -0.6933 0.2524
vn -0.6750 -0.7093 0.2033
vn -0.6750 0.3235 0.6631
vn -0.6750 0.2763 0.6841
vn -0.6750 -0.7307 0.1027
vn -0.6750 -0.7360 0.0514
vn -0.6750 0.4125 0.6117
vn -0.6750 0.4543 0.5814
vn -0.6752 -0.7336 -0.0771
vn -0.6750 0.5307 0.5126
vn -0.6750 0.5653 0.4742
vn -0.6750 -0.7093 -0.2033
vn -0.6750 -0.6933 -0.2524
vn -0.6752 0.6388 0.3688
vn -0.6752 -0.6388 -0.3688
vn -0.6750 0.6933 0.2524
vn -0.6750 0.7093 0.2033
vn -0.6750 -0.5653 -0.4742
vn -0.6750 -0.5307 -0.5126
vn -0.6752 0.7336 0.0771
vn -0.6752 -0.4336 -0.5968
vn -0.6750 0.7360 -0.0514
vn -0.6750 0.7307 -0.1027
vn -0.6752 -0.3000 -0.6739
vn -0.6750 0.7093 -0.2033
vn -0.6750 0.6933 -0.2524
vn -0.6750 -0.1786 -0.7159
vn -0.6750 -0.1281 -0.7266
vn -0.6752 0.6388 -0.3688
vn -0.6752 -0.0000 -0.7376
vn -0.6750 0.5653 -0.4742
vn -0.6750 0.5307 -0.5126
vn -0.6750 0.1281 -0.7266
vn -0.6750 0.1786 -0.7159
vn -0.6750 0.4543 -0.5814
vn -0.6750 0.4125 -0.6117
vn -0.6750 0.2763 -0.6841
vn -0.6750 0.3235 -0.6631
vt 0.876643 1.560635
vt 0.911926 1.634776
vt 0.862683 1.618774
vt 0.927783 1.568736
vt 0.227455 1.494117
vt 0.227455 1.335845
vt 0.254573 1.335845
vt 0.254573 1.494117
vt 0.004348 1.500994
vt 0.005924 1.462075
vt 0.015123 1.500995
vt 0.016664 1.462921
vt 0.885933 1.697523
vt 0.839799 1.674014
vt 0.281692 1.494117
vt 0.281692 1.335845
vt 0.308811 1.335845
vt 0.308811 1.494117
vt 0.010451 1.578578
vt 0.005921 1.539907
vt 0.021093 1.576892
vt 0.016662 1.539062
vt 0.881336 1.501027
vt 0.933114 1.501029
vt 0.335929 1.494117
vt 0.335929 1.335845
vt 0.363048 1.335845
vt 0.363048 1.494117
vt 0.018092 1.616780
vt 0.038863 1.650922
vt 0.028616 1.654251
vt 0.028568 1.614265
vt 0.808555 1.724995
vt 0.850444 1.755430
vt 0.390166 1.494117
vt 0.390166 1.335845
vt 0.417285 1.335845
vt 0.417285 1.494117
vt 0.067995 1.721260
vt 0.042136 1.690804
vt 0.052090 1.686680
vt 0.058395 1.726151
vt 0.927788 1.433321
vt 0.876647 1.441419
vt 0.444403 1.335845
vt 0.471522 1.494117
vt 0.444403 1.494117
vt 0.471522 1.335845
vt 0.107772 1.786175
vt 0.077462 1.760153
vt 0.086648 1.754523
vt 0.099055 1.792508
vt 0.806333 1.807073
vt 0.769722 1.770460
vt 0.498640 1.335845
vt 0.525759 1.494117
vt 0.498640 1.494117
vt 0.525759 1.335845
vt 0.157214 1.844069
vt 0.123199 1.823122
vt 0.131391 1.816124
vt 0.149595 1.851687
vt 0.911936 1.367279
vt 0.862691 1.383278
vt 0.552877 1.335845
vt 0.579996 1.494117
vt 0.552877 1.494117
vt 0.579996 1.335845
vt 0.185218 1.869966
vt 0.208770 1.902231
vt 0.178221 1.878160
vt 0.215103 1.893515
vt 0.754687 1.851180
vt 0.724254 1.809290
vt 0.607114 1.335845
vt 0.634233 1.494117
vt 0.607114 1.494117
vt 0.634233 1.335845
vt 0.246804 1.914723
vt 0.275123 1.942896
vt 0.241174 1.923911
vt 0.280015 1.933296
vt 0.839812 1.328036
vt 0.885947 1.304531
vt 0.661352 1.335845
vt 0.688470 1.494117
vt 0.661352 1.494117
vt 0.688470 1.335845
vt 0.314631 1.949293
vt 0.347021 1.972681
vt 0.310508 1.959249
vt 0.350351 1.962434
vt 0.696777 1.886665
vt 0.673271 1.840529
vt 0.715589 1.494117
vt 0.715589 1.335845
vt 0.742707 1.335845
vt 0.742707 1.494117
vt 0.387030 1.972825
vt 0.422694 1.990851
vt 0.384514 1.983303
vt 0.424379 1.980209
vt 0.808572 1.277054
vt 0.850463 1.246621
vt 0.462218 1.984739
vt 0.500277 1.996960
vt 0.461372 1.995482
vt 0.500277 1.986185
vt 0.634028 1.912653
vt 0.618030 1.863409
vt 0.538343 1.984743
vt 0.577860 1.990857
vt 0.539188 1.995485
vt 0.576175 1.980215
vt 0.769742 1.231586
vt 0.806356 1.194974
vt 0.653534 1.972692
vt 0.613531 1.972835
vt 0.650204 1.962445
vt 0.616046 1.983313
vt 0.567987 1.928506
vt 0.559889 1.877365
vt 0.725434 1.942913
vt 0.685932 1.949310
vt 0.720543 1.933313
vt 0.690054 1.959265
vt 0.724277 1.192752
vt 0.754713 1.150864
vt 0.791790 1.902253
vt 0.753761 1.914746
vt 0.785458 1.893536
vt 0.759390 1.923934
vt 0.500279 1.933832
vt 0.500281 1.882054
vt 0.850969 1.851713
vt 0.815349 1.869994
vt 0.843351 1.844094
vt 0.822346 1.878188
vt 0.673297 1.161509
vt 0.696805 1.115375
vt 0.892797 1.786204
vt 0.877372 1.823155
vt 0.869179 1.816157
vt 0.901514 1.792538
vt 0.440673 1.877360
vt 0.432571 1.928501
vt 0.932579 1.721292
vt 0.923113 1.760190
vt 0.913927 1.754560
vt 0.942179 1.726184
vt 0.618057 1.138625
vt 0.634059 1.089382
vt 0.961716 1.650956
vt 0.958442 1.690844
vt 0.948489 1.686720
vt 0.971963 1.654286
vt 0.366531 1.912643
vt 0.382533 1.863400
vt 0.979491 1.576928
vt 0.982491 1.616823
vt 0.972015 1.614307
vt 0.990133 1.578614
vt 0.559917 1.124665
vt 0.568019 1.073524
vt 0.985467 1.501031
vt 0.994667 1.539950
vt 0.983926 1.539104
vt 0.996242 1.501031
vt 0.303785 1.886650
vt 0.327293 1.840516
vt 0.983928 1.462964
vt 0.979497 1.425133
vt 0.994669 1.462119
vt 0.990139 1.423448
vt 0.500309 1.119971
vt 0.500311 1.068193
vt 0.972022 1.387760
vt 0.961727 1.351103
vt 0.982498 1.385245
vt 0.971974 1.347774
vt 0.245877 1.851161
vt 0.276313 1.809273
vt 0.948500 1.315345
vt 0.932595 1.280765
vt 0.958454 1.311222
vt 0.942195 1.275874
vt 0.440701 1.124660
vt 0.432603 1.073519
vt 0.913942 1.247502
vt 0.892818 1.215850
vt 0.923128 1.241872
vt 0.901536 1.209517
vt 0.194234 1.807051
vt 0.230848 1.770439
vt 0.869199 1.185901
vt 0.843377 1.157957
vt 0.877391 1.178903
vt 0.850995 1.150338
vt 0.366562 1.089372
vt 0.382560 1.138616
vt 0.791820 1.099794
vt 0.815372 1.132059
vt 0.785487 1.108510
vt 0.822369 1.123865
vt 0.150127 1.755404
vt 0.192018 1.724972
vt 0.725467 1.059129
vt 0.753786 1.087302
vt 0.720575 1.068729
vt 0.759416 1.078114
vt 0.327318 1.161496
vt 0.303813 1.115360
vt 0.653569 1.029345
vt 0.685959 1.052732
vt 0.650239 1.039592
vt 0.690082 1.042777
vt 0.114643 1.697494
vt 0.160778 1.673989
vt 0.577896 1.011174
vt 0.613560 1.029200
vt 0.576211 1.021816
vt 0.616076 1.018722
vt 0.276336 1.192735
vt 0.245903 1.150845
vt 0.538373 1.017286
vt 0.500314 1.005066
vt 0.539218 1.006543
vt 0.500313 1.015840
vt 0.088654 1.634746
vt 0.137899 1.618747
vt 0.462247 1.017283
vt 0.422730 1.011169
vt 0.461402 1.006540
vt 0.424415 1.021811
vt 0.230868 1.231566
vt 0.194257 1.194952
vt 0.387059 1.029190
vt 0.347057 1.029333
vt 0.384544 1.018712
vt 0.350386 1.039580
vt 0.123943 1.560607
vt 0.072802 1.568705
vt 0.314658 1.052716
vt 0.275156 1.059112
vt 0.310536 1.042760
vt 0.280048 1.068713
vt 0.192034 1.277031
vt 0.150146 1.246595
vt 0.246829 1.087280
vt 0.208800 1.099772
vt 0.241200 1.078092
vt 0.215132 1.108489
vt 0.119254 1.500998
vt 0.067476 1.500996
vt 0.185241 1.132031
vt 0.149621 1.150312
vt 0.178244 1.123837
vt 0.157239 1.157931
vt 0.114657 1.304502
vt 0.160791 1.328011
vt 0.131411 1.185868
vt 0.107793 1.215821
vt 0.123218 1.178870
vt 0.099076 1.209487
vt 0.072807 1.433289
vt 0.123947 1.441391
vt 0.086663 1.247465
vt 0.068011 1.280733
vt 0.077477 1.241835
vt 0.058411 1.275841
vt 0.088664 1.367249
vt 0.137908 1.383251
vt 0.052101 1.315306
vt 0.038874 1.351069
vt 0.042148 1.311182
vt 0.028627 1.347739
vt 0.010457 1.423411
vt 0.018099 1.385203
vt 0.021099 1.425097
vt 0.028575 1.387719
vt 0.227455 1.692041
vt 0.254573 1.729537
vt 0.227455 1.729537
vt 0.254573 1.692041
vt 0.281692 1.692041
vt 0.308811 1.729537
vt 0.281692 1.729537
vt 0.308811 1.692041
vt 0.335929 1.692041
vt 0.363048 1.729537
vt 0.335929 1.729537
vt 0.363048 1.692041
vt 0.390166 1.692041
vt 0.417285 1.729537
vt 0.390166 1.729537
vt 0.417285 1.692041
vt 0.444403 1.729537
vt 0.444403 1.692041
vt 0.471522 1.692041
vt 0.471522 1.729537
vt 0.498640 1.729537
vt 0.498640 1.692041
vt 0.525759 1.692041
vt 0.525759 1.729537
vt 0.552877 1.729537
vt 0.552877 1.692041
vt 0.579996 1.692041
vt 0.579996 1.729537
vt 0.607114 1.729537
vt 0.607114 1.692041
vt 0.634233 1.692041
vt 0.634233 1.729537
vt 0.661352 1.729537
vt 0.661352 1.692041
vt 0.688470 1.692041
vt 0.688470 1.729537
vt 0.715589 1.692041
vt 0.742707 1.729537
vt 0.715589 1.729537
vt 0.742707 1.692041
vt 0.254573 1.743105
vt 0.227455 1.743105
vt 0.308811 1.743105
vt 0.281692 1.743105
vt 0.363048 1.743105
vt 0.335929 1.743105
vt 0.417285 1.743105
vt 0.390166 1.743105
vt 0.444403 1.743105
vt 0.471522 1.743105
vt 0.498640 1.743105
vt 0.525759 1.743105
vt 0.552877 1.743105
vt 0.579996 1.743105
vt 0.607114 1.743105
vt 0.634233 1.743105
vt 0.661352 1.743105
vt 0.688470 1.743105
vt 0.742707 1.743105
vt 0.715589 1.743105
vt 0.038736 1.427891
vt 0.045937 1.391888
vt 0.055858 1.356588
vt 0.068598 1.322141
vt 0.032980 1.500995
vt 0.034465 1.464323
vt 0.101888 1.256798
vt 0.083922 1.288841
vt 0.038731 1.574100
vt 0.034463 1.537661
vt 0.144988 1.197468
vt 0.122240 1.226318
vt 0.055847 1.645404
vt 0.045931 1.610097
vt 0.196837 1.145612
vt 0.169866 1.170559
vt 0.083907 1.713154
vt 0.068587 1.679847
vt 0.256158 1.102508
vt 0.225628 1.122937
vt 0.122219 1.775679
vt 0.101873 1.745193
vt 0.321491 1.069216
vt 0.288154 1.084624
vt 0.169841 1.831442
vt 0.144969 1.804526
vt 0.391227 1.046556
vt 0.355903 1.056564
vt 0.196815 1.856386
vt 0.225600 1.879068
vt 0.463648 1.035087
vt 0.427208 1.039448
vt 0.256134 1.899496
vt 0.288123 1.917385
vt 0.536971 1.035090
vt 0.500312 1.033698
vt 0.321465 1.932794
vt 0.355870 1.945450
vt 0.609391 1.046566
vt 0.573416 1.039454
vt 0.391199 1.955459
vt 0.427174 1.962571
vt 0.679125 1.069232
vt 0.644720 1.056575
vt 0.463619 1.966935
vt 0.500278 1.968328
vt 0.744456 1.102529
vt 0.712467 1.084640
vt 0.536942 1.966938
vt 0.573382 1.962577
vt 0.803775 1.145639
vt 0.774990 1.122957
vt 0.609364 1.955469
vt 0.644687 1.945461
vt 0.830749 1.170583
vt 0.855621 1.197499
vt 0.679099 1.932809
vt 0.712436 1.917401
vt 0.898717 1.256833
vt 0.878371 1.226346
vt 0.744432 1.899517
vt 0.774962 1.879089
vt 0.932003 1.322179
vt 0.916683 1.288872
vt 0.803753 1.856413
vt 0.830724 1.831466
vt 0.954659 1.391928
vt 0.944743 1.356621
vt 0.878350 1.775707
vt 0.855602 1.804557
vt 0.966128 1.464364
vt 0.961859 1.427926
vt 0.916668 1.713185
vt 0.898702 1.745228
vt 0.967610 1.501030
vt 0.966125 1.537702
vt 0.944732 1.645437
vt 0.931992 1.679884
vt 0.961854 1.574134
vt 0.954653 1.610137
vt 0.254573 1.652388
vt 0.281692 1.652388
vt 0.308811 1.652388
vt 0.335929 1.652388
vt 0.363048 1.652388
vt 0.390166 1.652388
vt 0.417285 1.652388
vt 0.444403 1.652388
vt 0.498640 1.652388
vt 0.471522 1.652388
vt 0.552877 1.652388
vt 0.525759 1.652388
vt 0.607114 1.652388
vt 0.579996 1.652388
vt 0.661352 1.652388
vt 0.634233 1.652388
vt 0.715589 1.652388
vt 0.688470 1.652388
vt 0.742707 1.652388
vt 0.769826 1.692041
vt 0.769826 1.652388
vt 0.254573 1.280423
vt 0.281692 1.280423
vt 0.308811 1.280423
vt 0.335929 1.280423
vt 0.742707 1.280423
vt 0.769826 1.280423
vt 0.769826 1.335845
vt 0.363048 1.280423
vt 0.390166 1.280423
vt 0.688470 1.280423
vt 0.715589 1.280423
vt 0.417285 1.280423
vt 0.444403 1.280423
vt 0.634233 1.280423
vt 0.661352 1.280423
vt 0.471522 1.280423
vt 0.498640 1.280423
vt 0.579996 1.280423
vt 0.607114 1.280423
vt 0.525759 1.280423
vt 0.552877 1.280423
vt 0.254573 1.260387
vt 0.281692 1.260387
vt 0.308811 1.260387
vt 0.335929 1.260387
vt 0.742707 1.260387
vt 0.769826 1.260387
vt 0.390166 1.260387
vt 0.363048 1.260387
vt 0.715589 1.260387
vt 0.688470 1.260387
vt 0.444403 1.260387
vt 0.417284 1.260387
vt 0.661352 1.260387
vt 0.634233 1.260387
vt 0.471522 1.260387
vt 0.498640 1.260387
vt 0.607114 1.260387
vt 0.579996 1.260387
vt 0.525759 1.260387
vt 0.552877 1.260387
vt 0.990740 1.422274
vt 0.993799 1.461137
vt 0.944849 1.429543
vt 0.972540 1.346463
vt 0.981640 1.384368
vt 0.928350 1.360821
vt 0.996858 1.500000
vt 0.993799 1.538863
vt 0.950394 1.500000
vt 0.942703 1.274431
vt 0.957622 1.310447
vt 0.901304 1.295525
vt 0.990740 1.577726
vt 0.981640 1.615632
vt 0.944849 1.570457
vt 0.901966 1.207954
vt 0.922335 1.241193
vt 0.864377 1.235265
vt 0.972540 1.653538
vt 0.957622 1.689553
vt 0.928350 1.639180
vt 0.851331 1.148669
vt 0.876649 1.178312
vt 0.818477 1.181523
vt 0.942703 1.725569
vt 0.922335 1.758807
vt 0.901304 1.704475
vt 0.792046 1.098034
vt 0.821688 1.123351
vt 0.764735 1.135623
vt 0.901966 1.792046
vt 0.876649 1.821689
vt 0.864377 1.764735
vt 0.725569 1.057297
vt 0.758807 1.077665
vt 0.704475 1.098696
vt 0.851331 1.851331
vt 0.821688 1.876649
vt 0.818477 1.818477
vt 0.653537 1.027460
vt 0.689553 1.042379
vt 0.639180 1.071650
vt 0.792046 1.901966
vt 0.758807 1.922335
vt 0.764735 1.864377
vt 0.577726 1.009260
vt 0.615632 1.018360
vt 0.570457 1.055151
vt 0.725569 1.942703
vt 0.689553 1.957621
vt 0.704475 1.901304
vt 0.500000 1.003142
vt 0.538863 1.006201
vt 0.500000 1.049606
vt 0.653537 1.972540
vt 0.615632 1.981640
vt 0.639180 1.928350
vt 0.422274 1.009260
vt 0.461137 1.006201
vt 0.429543 1.055151
vt 0.577726 1.990740
vt 0.538863 1.993799
vt 0.570457 1.944849
vt 0.346463 1.027460
vt 0.384369 1.018360
vt 0.360821 1.071650
vt 0.500000 1.996858
vt 0.461137 1.993799
vt 0.500000 1.950394
vt 0.274431 1.057297
vt 0.310447 1.042379
vt 0.295525 1.098696
vt 0.422274 1.990740
vt 0.384369 1.981640
vt 0.429543 1.944849
vt 0.207954 1.098034
vt 0.241193 1.077665
vt 0.235265 1.135623
vt 0.346463 1.972540
vt 0.310447 1.957621
vt 0.360821 1.928350
vt 0.148669 1.148669
vt 0.178311 1.123351
vt 0.181523 1.181523
vt 0.274431 1.942703
vt 0.241193 1.922335
vt 0.295525 1.901304
vt 0.098034 1.207954
vt 0.123351 1.178312
vt 0.135623 1.235265
vt 0.207954 1.901966
vt 0.178311 1.876649
vt 0.235265 1.864377
vt 0.057297 1.274431
vt 0.077665 1.241193
vt 0.098696 1.295525
vt 0.148669 1.851331
vt 0.123351 1.821688
vt 0.181523 1.818477
vt 0.027460 1.346463
vt 0.042379 1.310447
vt 0.071650 1.360821
vt 0.098034 1.792046
vt 0.077665 1.758807
vt 0.135623 1.764735
vt 0.009260 1.422274
vt 0.018360 1.384368
vt 0.055151 1.429543
vt 0.057297 1.725569
vt 0.042379 1.689553
vt 0.098696 1.704475
vt 0.003142 1.500000
vt 0.006201 1.461137
vt 0.049606 1.500000
vt 0.027460 1.653538
vt 0.018360 1.615632
vt 0.071650 1.639180
vt 0.009260 1.577726
vt 0.006201 1.538863
vt 0.055151 1.570457
vt 0.880323 1.500000
vt 0.875641 1.440504
vt 0.861709 1.382474
vt 0.875641 1.559496
vt 0.838870 1.327337
vt 0.861709 1.617526
vt 0.807688 1.276452
vt 0.838870 1.672663
vt 0.768929 1.231071
vt 0.807688 1.723548
vt 0.723548 1.192312
vt 0.768929 1.768929
vt 0.672663 1.161130
vt 0.723548 1.807688
vt 0.617526 1.138291
vt 0.672663 1.838870
vt 0.559496 1.124360
vt 0.617526 1.861709
vt 0.500000 1.119677
vt 0.559496 1.875640
vt 0.440504 1.124360
vt 0.500000 1.880323
vt 0.382474 1.138291
vt 0.440504 1.875640
vt 0.327337 1.161130
vt 0.382474 1.861709
vt 0.276452 1.192312
vt 0.327337 1.838870
vt 0.231071 1.231071
vt 0.276452 1.807688
vt 0.192312 1.276452
vt 0.231071 1.768929
vt 0.161130 1.327337
vt 0.192312 1.723548
vt 0.138291 1.382474
vt 0.161130 1.672663
vt 0.124360 1.440504
vt 0.138291 1.617526
vt 0.119677 1.500000
vt 0.124360 1.559496
vt 0.769826 1.494117
vt 0.769826 1.729537
vt 0.769826 1.743105
vt 0.227455 1.652388
vt 0.227455 1.280423
vt 0.227455 1.260387
vt 0.965951 1.309985
vt 0.929637 1.152648
vt 0.957140 1.140773
vt 0.991010 1.269267
vt 0.785730 1.376317
vt 0.711620 1.224108
vt 0.927677 1.325535
vt 0.642172 1.408243
vt 0.498649 1.419667
vt 0.498818 1.254041
vt 0.989540 1.147371
vt 0.070217 1.146677
vt 0.005538 1.257814
vt 0.043692 1.133978
vt 0.029890 1.301225
vt 0.211011 1.376706
vt 0.068700 1.320193
vt 0.286272 1.225632
vt 0.354971 1.409713
vt 0.011267 1.136621
vt 0.458856 1.967650
vt 0.500060 1.973276
vt 0.458538 1.971259
vt 0.500060 1.969653
vt 0.418330 1.962286
vt 0.417698 1.965854
vt 0.378426 1.953411
vt 0.377486 1.956910
vt 0.339754 1.941202
vt 0.338515 1.944607
vt 0.462699 1.924078
vt 0.500060 1.929941
vt 0.462345 1.928093
vt 0.500060 1.925911
vt 0.425956 1.919214
vt 0.425253 1.923183
vt 0.389776 1.911167
vt 0.388731 1.915060
vt 0.354715 1.900099
vt 0.353336 1.903886
vt 0.464119 1.907973
vt 0.500060 1.907138
vt 0.500060 1.909744
vt 0.463216 1.905185
vt 0.428774 1.903294
vt 0.429385 1.899844
vt 0.394881 1.892170
vt 0.393972 1.895553
vt 0.360244 1.884906
vt 0.361443 1.881614
vt 0.466536 1.904246
vt 0.500060 1.906082
vt 0.429730 1.897722
vt 0.463287 1.904124
vt 0.395701 1.889997
vt 0.362489 1.878739
vt 0.457946 1.977967
vt 0.500060 1.980010
vt 0.375739 1.963413
vt 0.336212 1.950935
vt 0.416524 1.972485
vt 0.461883 1.933327
vt 0.500060 1.935196
vt 0.424337 1.928357
vt 0.387367 1.920134
vt 0.351539 1.908823
vt 0.463880 1.910681
vt 0.500060 1.912463
vt 0.428300 1.905972
vt 0.393266 1.898179
vt 0.359314 1.887461
vt 0.457928 1.879428
vt 0.445206 1.863425
vt 0.451975 1.863656
vt 0.461885 1.877195
vt 0.429595 1.875372
vt 0.421193 1.858332
vt 0.450669 1.877820
vt 0.401506 1.868683
vt 0.369934 1.858283
vt 0.375115 1.844050
vt 0.455344 1.855852
vt 0.458596 1.862436
vt 0.449651 1.858070
vt 0.422584 1.853263
vt 0.445403 1.859487
vt 0.377461 1.837605
vt 0.429375 1.878178
vt 0.451947 1.881162
vt 0.400816 1.871532
vt 0.368861 1.861233
vt 0.478021 1.625134
vt 0.500060 1.629635
vt 0.477607 1.627475
vt 0.500060 1.627258
vt 0.456047 1.621690
vt 0.456860 1.619456
vt 0.478494 1.622463
vt 0.500060 1.624545
vt 0.457788 1.616907
vt 0.500060 1.615582
vt 0.460853 1.608485
vt 0.465879 1.594678
vt 0.500060 1.600889
vt 0.472451 1.576622
vt 0.500060 1.581674
vt 0.487108 1.574107
vt 0.489703 1.559389
vt 0.500060 1.574998
vt 0.500060 1.560140
vt 0.500060 1.550774
vt 0.483019 1.547585
vt 0.484789 1.542722
vt 0.500060 1.545599
vt 0.500060 1.631773
vt 0.488770 1.640849
vt 0.491608 1.631810
vt 0.480688 1.638107
vt 0.448703 1.641868
vt 0.447555 1.645022
vt 0.482122 1.649849
vt 0.482934 1.654500
vt 0.466982 1.662476
vt 0.445701 1.650116
vt 0.485971 1.663720
vt 0.491179 1.671261
vt 0.500060 1.674050
vt 0.476535 1.676623
vt 0.483858 1.632456
vt 0.492008 1.670186
vt 0.500060 1.672797
vt 0.487163 1.663178
vt 0.484334 1.654599
vt 0.483476 1.650021
vt 0.482101 1.638337
vt 0.484653 1.633201
vt 0.491169 1.630540
vt 0.490656 1.629584
vt 0.500060 1.630407
vt 0.492139 1.669144
vt 0.500060 1.671911
vt 0.487774 1.662019
vt 0.484892 1.652235
vt 0.483170 1.638631
vt 0.485346 1.634106
vt 0.526143 1.903123
vt 0.473977 1.902741
vt 0.479196 1.897834
vt 0.520924 1.898216
vt 0.478275 1.718084
vt 0.478879 1.696538
vt 0.480226 1.718125
vt 0.477130 1.697098
vt 0.472694 1.678021
vt 0.464507 1.662963
vt 0.474600 1.677106
vt 0.462716 1.664162
vt 0.445138 1.651663
vt 0.444576 1.653206
vt 0.487207 1.846406
vt 0.489108 1.847736
vt 0.485838 1.863669
vt 0.487468 1.865001
vt 0.475388 1.894067
vt 0.476858 1.897885
vt 0.464558 1.691910
vt 0.468317 1.715780
vt 0.458091 1.714883
vt 0.455976 1.692833
vt 0.451652 1.674229
vt 0.447872 1.680356
vt 0.478832 1.843098
vt 0.466727 1.837414
vt 0.463827 1.851608
vt 0.476263 1.859241
vt 0.459040 1.848050
vt 0.452127 1.693603
vt 0.453454 1.714405
vt 0.447259 1.714291
vt 0.446323 1.694072
vt 0.439970 1.684124
vt 0.445026 1.676460
vt 0.443692 1.687548
vt 0.434371 1.681246
vt 0.437889 1.671577
vt 0.460462 1.834252
vt 0.454658 1.830594
vt 0.452917 1.845198
vt 0.471309 1.698069
vt 0.472985 1.717227
vt 0.465460 1.681509
vt 0.455157 1.669478
vt 0.441085 1.662799
vt 0.483499 1.845084
vt 0.480219 1.861305
vt 0.470229 1.871326
vt 0.473926 1.870779
vt 0.470576 1.899700
vt 0.472110 1.901952
vt 0.469633 1.903790
vt 0.500060 1.904782
vt 0.447922 1.849473
vt 0.442503 1.850230
vt 0.489333 1.865077
vt 0.490684 1.847712
vt 0.482271 1.718188
vt 0.480691 1.696519
vt 0.509437 1.848094
vt 0.517850 1.718570
vt 0.511350 1.641231
vt 0.474734 1.570349
vt 0.479816 1.556386
vt 0.519429 1.696901
vt 0.541264 1.968032
vt 0.541583 1.971642
vt 0.582422 1.966236
vt 0.581790 1.962668
vt 0.622634 1.957292
vt 0.621694 1.953793
vt 0.661605 1.944989
vt 0.660366 1.941584
vt 0.537422 1.924460
vt 0.537776 1.928475
vt 0.574165 1.919597
vt 0.574867 1.923565
vt 0.610344 1.911549
vt 0.611390 1.915442
vt 0.645406 1.900481
vt 0.646784 1.904268
vt 0.536001 1.908355
vt 0.536905 1.905567
vt 0.571346 1.903677
vt 0.570735 1.900226
vt 0.605239 1.892552
vt 0.606148 1.895936
vt 0.639876 1.885288
vt 0.638678 1.881996
vt 0.533584 1.904628
vt 0.570391 1.898104
vt 0.536833 1.904506
vt 0.604420 1.890379
vt 0.637631 1.879121
vt 0.542174 1.978349
vt 0.663908 1.951317
vt 0.624382 1.963795
vt 0.583596 1.972867
vt 0.538237 1.933709
vt 0.575783 1.928739
vt 0.612753 1.920516
vt 0.648581 1.909206
vt 0.536240 1.911063
vt 0.571820 1.906354
vt 0.606854 1.898561
vt 0.640806 1.887843
vt 0.554914 1.863807
vt 0.542193 1.879810
vt 0.548145 1.864038
vt 0.538236 1.877578
vt 0.570526 1.875754
vt 0.549451 1.878202
vt 0.578928 1.858714
vt 0.598614 1.869065
vt 0.630186 1.858665
vt 0.625006 1.844432
vt 0.544777 1.856234
vt 0.541524 1.862818
vt 0.550470 1.858452
vt 0.577536 1.853646
vt 0.554717 1.859869
vt 0.622660 1.837987
vt 0.548174 1.881544
vt 0.570745 1.878560
vt 0.599304 1.871914
vt 0.631260 1.861615
vt 0.522099 1.625516
vt 0.522514 1.627857
vt 0.544073 1.622072
vt 0.543260 1.619838
vt 0.521626 1.622845
vt 0.542332 1.617289
vt 0.534242 1.595060
vt 0.539267 1.608867
vt 0.527670 1.577004
vt 0.513012 1.574489
vt 0.510417 1.559771
vt 0.515331 1.543104
vt 0.517101 1.547967
vt 0.508512 1.632192
vt 0.519433 1.638489
vt 0.551417 1.642250
vt 0.517998 1.650231
vt 0.552565 1.645404
vt 0.517186 1.654882
vt 0.533139 1.662858
vt 0.554420 1.650498
vt 0.514149 1.664102
vt 0.508942 1.671643
vt 0.523586 1.677005
vt 0.516262 1.632838
vt 0.508113 1.670568
vt 0.512957 1.663560
vt 0.515787 1.654981
vt 0.516644 1.650403
vt 0.518020 1.638719
vt 0.515467 1.633583
vt 0.509464 1.629966
vt 0.508951 1.630922
vt 0.507981 1.669526
vt 0.512346 1.662401
vt 0.515228 1.652617
vt 0.516951 1.639013
vt 0.514774 1.634488
vt 0.510787 1.865459
vt 0.522991 1.697480
vt 0.521845 1.718466
vt 0.521242 1.696920
vt 0.519894 1.718507
vt 0.537404 1.664544
vt 0.527426 1.678403
vt 0.535613 1.663345
vt 0.525521 1.677488
vt 0.555544 1.653588
vt 0.554982 1.652045
vt 0.512914 1.846788
vt 0.511012 1.848118
vt 0.512653 1.865383
vt 0.514283 1.864051
vt 0.523262 1.898267
vt 0.524733 1.894449
vt 0.531803 1.716161
vt 0.535562 1.692292
vt 0.542029 1.715265
vt 0.544144 1.693215
vt 0.548468 1.674611
vt 0.552248 1.680738
vt 0.521289 1.843480
vt 0.533394 1.837796
vt 0.536293 1.851990
vt 0.523858 1.859623
vt 0.541080 1.848432
vt 0.553797 1.694454
vt 0.552861 1.714673
vt 0.547993 1.693985
vt 0.546666 1.714787
vt 0.555094 1.676842
vt 0.560150 1.684506
vt 0.556428 1.687930
vt 0.562231 1.671960
vt 0.565750 1.681628
vt 0.545462 1.830976
vt 0.539658 1.834634
vt 0.547203 1.845580
vt 0.527135 1.717608
vt 0.528812 1.698451
vt 0.534661 1.681891
vt 0.544964 1.669860
vt 0.559036 1.663181
vt 0.516621 1.845466
vt 0.519901 1.861687
vt 0.529891 1.871708
vt 0.526195 1.871161
vt 0.529545 1.900082
vt 0.528011 1.902334
vt 0.530487 1.904172
vt 0.552198 1.849855
vt 0.557617 1.850612
vt 0.525387 1.570731
vt 0.520305 1.556768
vt 0.803784 1.863111
vt 0.768604 1.885288
vt 0.801455 1.860336
vt 0.770680 1.888257
vt 0.735921 1.910367
vt 0.734111 1.907228
vt 0.699367 1.929363
vt 0.697838 1.926079
vt 0.743540 1.849439
vt 0.773339 1.826828
vt 0.745849 1.852742
vt 0.775929 1.829915
vt 0.712267 1.869332
vt 0.714279 1.872823
vt 0.679380 1.886423
vt 0.681080 1.890076
vt 0.761271 1.812446
vt 0.734276 1.836189
vt 0.731792 1.834634
vt 0.762947 1.814443
vt 0.704193 1.855324
vt 0.702443 1.852289
vt 0.671078 1.868588
vt 0.672557 1.871765
vt 0.733732 1.831781
vt 0.760593 1.811638
vt 0.701343 1.850442
vt 0.731165 1.833775
vt 0.670310 1.866397
vt 0.774539 1.893776
vt 0.808113 1.868270
vt 0.702208 1.935468
vt 0.739284 1.916201
vt 0.748860 1.857048
vt 0.779307 1.833941
vt 0.716904 1.877375
vt 0.683298 1.894840
vt 0.764694 1.816526
vt 0.735833 1.838417
vt 0.705551 1.857680
vt 0.673704 1.874230
vt 0.691153 1.814220
vt 0.712781 1.814048
vt 0.711184 1.818302
vt 0.696487 1.810046
vt 0.686873 1.833407
vt 0.669484 1.825755
vt 0.704590 1.821736
vt 0.661056 1.846338
vt 0.691115 1.807261
vt 0.694051 1.801903
vt 0.700775 1.804856
vt 0.688772 1.811077
vt 0.667292 1.820977
vt 0.707717 1.823475
vt 0.688509 1.835698
vt 0.662359 1.848964
vt 0.563120 1.610586
vt 0.581368 1.598046
vt 0.582896 1.599867
vt 0.564308 1.612646
vt 0.561765 1.608235
vt 0.579624 1.595968
vt 0.564419 1.577847
vt 0.573863 1.589102
vt 0.552068 1.563127
vt 0.537282 1.565656
vt 0.538226 1.546631
vt 0.547776 1.558013
vt 0.529809 1.552713
vt 0.532205 1.539456
vt 0.528879 1.535492
vt 0.584270 1.601505
vt 0.581456 1.615715
vt 0.577820 1.606966
vt 0.573501 1.618809
vt 0.585760 1.629923
vt 0.582148 1.626882
vt 0.578666 1.646287
vt 0.594013 1.635034
vt 0.602849 1.637463
vt 0.611446 1.633891
vt 0.595078 1.650984
vt 0.572298 1.612442
vt 0.602793 1.636107
vt 0.610640 1.632931
vt 0.594578 1.633853
vt 0.586896 1.629099
vt 0.583296 1.626144
vt 0.574732 1.618077
vt 0.573385 1.612502
vt 0.576667 1.606276
vt 0.575659 1.605873
vt 0.583392 1.600458
vt 0.602224 1.635224
vt 0.610071 1.632253
vt 0.594301 1.632572
vt 0.585804 1.626930
vt 0.575740 1.617616
vt 0.574498 1.612750
vt 0.778671 1.792605
vt 0.739309 1.818731
vt 0.771520 1.792202
vt 0.738464 1.825844
vt 0.623062 1.681626
vt 0.609675 1.664733
vt 0.624583 1.680404
vt 0.608695 1.666287
vt 0.593035 1.654524
vt 0.577084 1.648251
vt 0.593907 1.652598
vt 0.576482 1.650321
vt 0.712388 1.774185
vt 0.714699 1.773982
vt 0.722435 1.788290
vt 0.724540 1.788262
vt 0.733969 1.818293
vt 0.737550 1.820273
vt 0.613952 1.686262
vt 0.605542 1.692148
vt 0.595729 1.670393
vt 0.589749 1.676616
vt 0.574478 1.665144
vt 0.575521 1.672268
vt 0.703846 1.777035
vt 0.690919 1.780461
vt 0.697822 1.793199
vt 0.712254 1.791052
vt 0.691867 1.793550
vt 0.587295 1.679680
vt 0.601683 1.694762
vt 0.596864 1.698657
vt 0.583150 1.683770
vt 0.571889 1.680233
vt 0.570836 1.671113
vt 0.576941 1.680464
vt 0.684087 1.782066
vt 0.677290 1.782995
vt 0.685344 1.795301
vt 0.604860 1.670772
vt 0.618458 1.684370
vt 0.589735 1.661846
vt 0.574109 1.659252
vt 0.708697 1.775556
vt 0.716611 1.790090
vt 0.715400 1.804188
vt 0.717880 1.801394
vt 0.733904 1.825702
vt 0.736527 1.826441
vt 0.735811 1.829440
vt 0.759757 1.810642
vt 0.684265 1.801786
vt 0.680601 1.805850
vt 0.726018 1.787121
vt 0.715891 1.772951
vt 0.626189 1.679138
vt 0.611051 1.663554
vt 0.730502 1.761190
vt 0.653690 1.656560
vt 0.598998 1.601493
vt 0.640972 1.638946
vt 0.831978 1.832609
vt 0.834542 1.835169
vt 0.859575 1.802450
vt 0.862352 1.804777
vt 0.884438 1.770001
vt 0.887407 1.772078
vt 0.909353 1.737603
vt 0.906215 1.735792
vt 0.801027 1.801701
vt 0.803878 1.804549
vt 0.829136 1.776946
vt 0.826047 1.774357
vt 0.851892 1.747247
vt 0.848589 1.744937
vt 0.871824 1.715936
vt 0.868334 1.713921
vt 0.789586 1.790276
vt 0.788486 1.787561
vt 0.813655 1.763973
vt 0.810969 1.761723
vt 0.835339 1.735673
vt 0.832467 1.733665
vt 0.854332 1.705837
vt 0.851298 1.704085
vt 0.785339 1.788975
vt 0.787749 1.786793
vt 0.809341 1.760319
vt 0.830443 1.732528
vt 0.848648 1.702556
vt 0.839307 1.839928
vt 0.915184 1.740970
vt 0.892926 1.775936
vt 0.867513 1.809102
vt 0.807596 1.808261
vt 0.833164 1.780320
vt 0.856198 1.750257
vt 0.876374 1.718563
vt 0.791510 1.792198
vt 0.815739 1.765720
vt 0.837567 1.737231
vt 0.856687 1.707197
vt 0.771515 1.765264
vt 0.775439 1.743994
vt 0.775981 1.764430
vt 0.770403 1.748522
vt 0.795078 1.743111
vt 0.780508 1.758532
vt 0.790561 1.724657
vt 0.812295 1.719932
vt 0.816679 1.684098
vt 0.829796 1.691671
vt 0.764547 1.751844
vt 0.762806 1.744709
vt 0.768593 1.742748
vt 0.772757 1.741104
vt 0.786237 1.721669
vt 0.810739 1.680669
vt 0.781677 1.761914
vt 0.797050 1.745119
vt 0.814655 1.721671
vt 0.832515 1.693241
vt 0.598954 1.584073
vt 0.597132 1.582546
vt 0.611751 1.565783
vt 0.609692 1.564594
vt 0.595052 1.580803
vt 0.607342 1.563238
vt 0.599581 1.558756
vt 0.586856 1.551410
vt 0.570216 1.541802
vt 0.557371 1.549298
vt 0.545923 1.539691
vt 0.538974 1.523765
vt 0.543455 1.526352
vt 0.591014 1.596393
vt 0.630347 1.576519
vt 0.603428 1.594197
vt 0.609877 1.604114
vt 0.633254 1.578197
vt 0.612244 1.608200
vt 0.637949 1.580908
vt 0.629591 1.604055
vt 0.615844 1.617214
vt 0.616702 1.626338
vt 0.631366 1.621033
vt 0.597366 1.591906
vt 0.615376 1.626047
vt 0.614582 1.617565
vt 0.611235 1.609175
vt 0.608950 1.605117
vt 0.602493 1.595282
vt 0.597236 1.592988
vt 0.590313 1.594076
vt 0.590534 1.595138
vt 0.614605 1.625334
vt 0.613369 1.617070
vt 0.609289 1.607723
vt 0.601863 1.596194
vt 0.597287 1.594127
vt 0.742698 1.773624
vt 0.644072 1.637100
vt 0.656684 1.653913
vt 0.642372 1.637795
vt 0.655216 1.655198
vt 0.633942 1.602605
vt 0.635207 1.619635
vt 0.631800 1.602838
vt 0.633159 1.620160
vt 0.640796 1.582552
vt 0.639374 1.581731
vt 0.732325 1.757954
vt 0.731724 1.760195
vt 0.744471 1.770298
vt 0.744079 1.772366
vt 0.772015 1.786867
vt 0.773343 1.790737
vt 0.670088 1.638486
vt 0.662831 1.645746
vt 0.650367 1.625045
vt 0.657535 1.620236
vt 0.648889 1.603205
vt 0.655723 1.605469
vt 0.736615 1.750037
vt 0.742234 1.737901
vt 0.753580 1.746911
vt 0.748959 1.760751
vt 0.754959 1.741109
vt 0.665726 1.614980
vt 0.678005 1.631070
vt 0.660978 1.618351
vt 0.673333 1.635140
vt 0.655399 1.600655
vt 0.664198 1.603275
vt 0.663548 1.608291
vt 0.657727 1.592327
vt 0.666637 1.597472
vt 0.747096 1.724919
vt 0.745001 1.731452
vt 0.757817 1.734988
vt 0.649155 1.634102
vt 0.660185 1.649855
vt 0.642991 1.617657
vt 0.643150 1.601818
vt 0.649637 1.587656
vt 0.734316 1.754558
vt 0.747256 1.764876
vt 0.758167 1.768088
vt 0.761349 1.766131
vt 0.779323 1.788090
vt 0.779595 1.790801
vt 0.782674 1.790617
vt 0.764391 1.735052
vt 0.769029 1.732149
vt 0.564434 1.538464
vt 0.551566 1.531035
vt 0.952943 1.623092
vt 0.965638 1.583490
vt 0.956442 1.624032
vt 0.962070 1.582861
vt 0.944027 1.663312
vt 0.940623 1.662071
vt 0.928236 1.701361
vt 0.924953 1.699827
vt 0.910700 1.611742
vt 0.922962 1.575966
vt 0.914592 1.612787
vt 0.918993 1.575266
vt 0.899530 1.647082
vt 0.903316 1.648463
vt 0.885323 1.681314
vt 0.888974 1.683019
vt 0.900505 1.572006
vt 0.895086 1.607546
vt 0.892184 1.607952
vt 0.903071 1.572458
vt 0.884341 1.641541
vt 0.881050 1.640341
vt 0.867500 1.672988
vt 0.870675 1.674471
vt 0.891836 1.604519
vt 0.899465 1.571822
vt 0.879019 1.639633
vt 0.891151 1.607697
vt 0.865503 1.671803
vt 0.962945 1.625780
vt 0.972270 1.584660
vt 0.934337 1.704211
vt 0.950353 1.665620
vt 0.919666 1.614151
vt 0.928137 1.576878
vt 0.908252 1.650263
vt 0.893735 1.685243
vt 0.897712 1.608252
vt 0.905749 1.572930
vt 0.886895 1.642473
vt 0.873138 1.675622
vt 0.865900 1.608686
vt 0.847930 1.618436
vt 0.849334 1.611809
vt 0.864388 1.604402
vt 0.856986 1.635885
vt 0.838745 1.641200
vt 0.863055 1.615556
vt 0.845520 1.662385
vt 0.842233 1.607137
vt 0.849282 1.605078
vt 0.843429 1.613129
vt 0.833996 1.638950
vt 0.844087 1.617558
vt 0.859711 1.636588
vt 0.866569 1.614878
vt 0.848206 1.663559
vt 0.627218 1.523818
vt 0.618959 1.544741
vt 0.624877 1.523405
vt 0.621192 1.545555
vt 0.616410 1.543811
vt 0.622205 1.522934
vt 0.613378 1.521378
vt 0.598909 1.518826
vt 0.579986 1.515490
vt 0.570284 1.526931
vt 0.573411 1.514330
vt 0.556241 1.521820
vt 0.558779 1.511750
vt 0.549555 1.510124
vt 0.544459 1.509225
vt 0.629323 1.524189
vt 0.636301 1.536884
vt 0.627892 1.532519
vt 0.632197 1.544367
vt 0.648731 1.545001
vt 0.644010 1.544994
vt 0.653816 1.562097
vt 0.658338 1.543612
vt 0.666669 1.539793
vt 0.670958 1.531531
vt 0.669406 1.555145
vt 0.627182 1.540263
vt 0.665754 1.538790
vt 0.669724 1.531313
vt 0.658012 1.542343
vt 0.649072 1.543640
vt 0.644414 1.543690
vt 0.632669 1.543015
vt 0.628054 1.539610
vt 0.625534 1.533070
vt 0.626565 1.532731
vt 0.627978 1.523952
vt 0.664751 1.538479
vt 0.668852 1.531159
vt 0.656976 1.541541
vt 0.646841 1.542680
vt 0.633144 1.542014
vt 0.629066 1.539085
vt 0.901080 1.545622
vt 0.891645 1.596929
vt 0.887720 1.590937
vt 0.895342 1.549910
vt 0.710540 1.560631
vt 0.689426 1.556295
vt 0.710920 1.558717
vt 0.689675 1.558115
vt 0.670117 1.559170
vt 0.653866 1.564618
vt 0.669547 1.557135
vt 0.654735 1.566591
vt 0.838464 1.574118
vt 0.840103 1.572476
vt 0.855227 1.578464
vt 0.856821 1.577090
vt 0.883348 1.594034
vt 0.887364 1.593249
vt 0.682382 1.569595
vt 0.706542 1.570038
vt 0.703883 1.579953
vt 0.681801 1.578206
vt 0.662728 1.579234
vt 0.668106 1.584021
vt 0.833752 1.581791
vt 0.826052 1.592726
vt 0.839527 1.598046
vt 0.849203 1.587125
vt 0.835192 1.602142
vt 0.681890 1.582131
vt 0.702607 1.584436
vt 0.701419 1.590517
vt 0.681344 1.587928
vt 0.670444 1.592457
vt 0.663775 1.586147
vt 0.674463 1.589386
vt 0.821850 1.598346
vt 0.817240 1.603427
vt 0.831320 1.607677
vt 0.689619 1.564016
vt 0.708777 1.565692
vt 0.672296 1.566900
vt 0.658658 1.574958
vt 0.836518 1.577540
vt 0.851923 1.583587
vt 0.860057 1.595165
vt 0.860161 1.591430
vt 0.888060 1.599751
vt 0.890545 1.598631
vt 0.891924 1.601389
vt 0.898184 1.571597
vt 0.834662 1.613338
vt 0.834467 1.618806
vt 0.857220 1.575266
vt 0.840354 1.570921
vt 0.711336 1.556714
vt 0.689722 1.554507
vt 0.717891 1.521742
vt 0.843987 1.552519
vt 0.640598 1.514713
vt 0.696825 1.516424
vt 0.967629 1.542002
vt 0.971239 1.542315
vt 0.973007 1.501158
vt 0.969384 1.501160
vt 0.967572 1.460321
vt 0.971182 1.460003
vt 0.965833 1.419488
vt 0.962265 1.420117
vt 0.928067 1.538568
vt 0.924051 1.538220
vt 0.929672 1.501188
vt 0.925642 1.501191
vt 0.924000 1.464164
vt 0.928015 1.463810
vt 0.919188 1.427712
vt 0.923157 1.427013
vt 0.907945 1.536822
vt 0.905356 1.535449
vt 0.909475 1.501202
vt 0.905971 1.501204
vt 0.904405 1.465892
vt 0.907895 1.465584
vt 0.903266 1.430520
vt 0.899815 1.431128
vt 0.903855 1.538555
vt 0.903821 1.501175
vt 0.904298 1.535335
vt 0.902123 1.466322
vt 0.896802 1.431659
vt 0.977947 1.542897
vt 0.972465 1.418318
vt 0.977889 1.459411
vt 0.979741 1.501153
vt 0.933301 1.539023
vt 0.934927 1.501184
vt 0.933249 1.463348
vt 0.928332 1.426100
vt 0.910653 1.537057
vt 0.912194 1.501200
vt 0.910603 1.465345
vt 0.905944 1.430048
vt 0.878023 1.529277
vt 0.867357 1.510461
vt 0.880908 1.525768
vt 0.866410 1.517167
vt 0.881834 1.497161
vt 0.880585 1.518340
vt 0.866512 1.485928
vt 0.880124 1.468338
vt 0.860448 1.438070
vt 0.875364 1.435440
vt 0.864059 1.523476
vt 0.858139 1.519129
vt 0.861312 1.513908
vt 0.863445 1.509971
vt 0.861279 1.486418
vt 0.853693 1.439261
vt 0.883655 1.520179
vt 0.884635 1.497432
vt 0.883049 1.468153
vt 0.878456 1.434895
vt 0.626989 1.501399
vt 0.629366 1.501397
vt 0.627413 1.479160
vt 0.625072 1.479573
vt 0.624276 1.501400
vt 0.622400 1.480044
vt 0.599104 1.484152
vt 0.613573 1.481601
vt 0.580181 1.487489
vt 0.575159 1.501487
vt 0.560214 1.501487
vt 0.544653 1.493753
vt 0.549750 1.492854
vt 0.631204 1.515938
vt 0.639301 1.506277
vt 0.648559 1.475432
vt 0.650616 1.509729
vt 0.651865 1.474849
vt 0.655056 1.511336
vt 0.665680 1.497011
vt 0.657204 1.473907
vt 0.663608 1.515928
vt 0.670130 1.522366
vt 0.677953 1.508876
vt 0.633185 1.508419
vt 0.668927 1.522996
vt 0.662867 1.517008
vt 0.654910 1.512732
vt 0.650550 1.511092
vt 0.639282 1.507709
vt 0.633781 1.509331
vt 0.629177 1.514614
vt 0.630029 1.515285
vt 0.667878 1.522945
vt 0.661619 1.517409
vt 0.652485 1.512871
vt 0.639387 1.508813
vt 0.634552 1.510170
vt 0.861322 1.554204
vt 0.698014 1.513017
vt 0.718482 1.517789
vt 0.697159 1.514642
vt 0.718184 1.519718
vt 0.668081 1.493103
vt 0.679997 1.505336
vt 0.666590 1.494659
vt 0.678765 1.507054
vt 0.660442 1.473336
vt 0.658825 1.473621
vt 0.843304 1.548868
vt 0.844283 1.550972
vt 0.860542 1.550517
vt 0.861571 1.552354
vt 0.892293 1.545504
vt 0.895798 1.547616
vt 0.697487 1.491444
vt 0.718834 1.497356
vt 0.695088 1.499735
vt 0.717942 1.507582
vt 0.679917 1.483955
vt 0.686607 1.481297
vt 0.838005 1.527138
vt 0.841501 1.540046
vt 0.857844 1.540319
vt 0.852487 1.526747
vt 0.849814 1.521415
vt 0.700383 1.482153
vt 0.720133 1.486586
vt 0.698914 1.487787
vt 0.719169 1.492707
vt 0.683265 1.477818
vt 0.691689 1.474169
vt 0.694415 1.478429
vt 0.679695 1.469941
vt 0.689828 1.468155
vt 0.833384 1.514068
vt 0.835978 1.520419
vt 0.848069 1.514890
vt 0.699981 1.507453
vt 0.718557 1.512431
vt 0.684689 1.498818
vt 0.674629 1.486582
vt 0.670495 1.471564
vt 0.842645 1.544987
vt 0.859190 1.544574
vt 0.869613 1.540021
vt 0.870793 1.536476
vt 0.898676 1.541744
vt 0.900628 1.543646
vt 0.902868 1.541526
vt 0.853145 1.510713
vt 0.854833 1.505508
vt 0.573606 1.488648
vt 0.558974 1.491228
vt 0.662621 1.057300
vt 0.699417 1.076679
vt 0.661382 1.060705
vt 0.700950 1.073397
vt 0.737478 1.092444
vt 0.735664 1.095581
vt 0.772206 1.114602
vt 0.770126 1.117569
vt 0.802290 1.142267
vt 0.804619 1.139492
vt 0.680903 1.116310
vt 0.647800 1.098021
vt 0.682609 1.112658
vt 0.646422 1.101809
vt 0.713767 1.133447
vt 0.715784 1.129958
vt 0.745012 1.153382
vt 0.747325 1.150083
vt 0.774173 1.175775
vt 0.776764 1.172688
vt 0.640001 1.119450
vt 0.674060 1.130958
vt 0.673955 1.133886
vt 0.640892 1.117001
vt 0.705673 1.147443
vt 0.703919 1.150476
vt 0.733717 1.169489
vt 0.735729 1.166620
vt 0.761529 1.190845
vt 0.763781 1.188161
vt 0.670514 1.133633
vt 0.639640 1.120442
vt 0.702870 1.152352
vt 0.673525 1.134859
vt 0.732204 1.171250
vt 0.759562 1.193188
vt 0.703800 1.067296
vt 0.664925 1.050972
vt 0.776072 1.109089
vt 0.808947 1.134333
vt 0.740849 1.086615
vt 0.684833 1.107898
vt 0.649597 1.093084
vt 0.718415 1.125409
vt 0.750342 1.145781
vt 0.780141 1.168663
vt 0.675211 1.128495
vt 0.641822 1.114446
vt 0.707034 1.145089
vt 0.737290 1.164394
vt 0.765529 1.186078
vt 0.670115 1.159899
vt 0.676596 1.179288
vt 0.670314 1.176755
vt 0.665633 1.160643
vt 0.695352 1.173400
vt 0.697420 1.192286
vt 0.676386 1.163893
vt 0.719459 1.189293
vt 0.735834 1.221467
vt 0.745570 1.209864
vt 0.670588 1.182800
vt 0.664480 1.182937
vt 0.663675 1.175637
vt 0.694378 1.196573
vt 0.675064 1.182921
vt 0.731425 1.226721
vt 0.696518 1.170839
vt 0.676328 1.160315
vt 0.721082 1.186852
vt 0.747587 1.207459
vt 0.564260 1.391984
vt 0.544276 1.382451
vt 0.545089 1.380217
vt 0.565450 1.389926
vt 0.583731 1.402736
vt 0.582203 1.404557
vt 0.562901 1.394333
vt 0.543348 1.385001
vt 0.580459 1.406636
vt 0.574698 1.413501
vt 0.565253 1.424757
vt 0.540283 1.393423
vt 0.535258 1.407229
vt 0.552902 1.439476
vt 0.528686 1.425286
vt 0.538269 1.436826
vt 0.521321 1.445521
vt 0.526402 1.431559
vt 0.530796 1.449769
vt 0.518117 1.454322
vt 0.529713 1.467112
vt 0.516347 1.459185
vt 0.533040 1.463147
vt 0.545820 1.378208
vt 0.559534 1.373541
vt 0.553775 1.381064
vt 0.597533 1.386287
vt 0.566191 1.378882
vt 0.569686 1.362709
vt 0.599690 1.383716
vt 0.568859 1.367357
vt 0.587405 1.360670
vt 0.603175 1.379563
vt 0.569986 1.353006
vt 0.567672 1.344139
vt 0.560280 1.338480
vt 0.583267 1.344109
vt 0.561279 1.383108
vt 0.566525 1.344866
vt 0.559852 1.339658
vt 0.568681 1.353108
vt 0.568405 1.362137
vt 0.567645 1.366732
vt 0.564942 1.378183
vt 0.560787 1.382136
vt 0.553754 1.382408
vt 0.553909 1.383482
vt 0.545353 1.379492
vt 0.559548 1.340491
vt 0.566045 1.345800
vt 0.567710 1.353988
vt 0.567073 1.364168
vt 0.564038 1.377540
vt 0.560445 1.381048
vt 0.617344 1.120697
vt 0.663007 1.132503
vt 0.656425 1.135328
vt 0.614118 1.114302
vt 0.595811 1.304553
vt 0.589711 1.324665
vt 0.587875 1.324593
vt 0.593992 1.303847
vt 0.587354 1.344109
vt 0.591990 1.360545
vt 0.589897 1.361059
vt 0.585250 1.344316
vt 0.605289 1.377044
vt 0.604233 1.378302
vt 0.631307 1.180915
vt 0.629976 1.179015
vt 0.638498 1.165162
vt 0.637422 1.163352
vt 0.658715 1.140171
vt 0.658639 1.136080
vt 0.599750 1.333840
vt 0.613684 1.314465
vt 0.608130 1.335908
vt 0.604381 1.310125
vt 0.605830 1.354869
vt 0.611477 1.350404
vt 0.647477 1.196370
vt 0.638046 1.186888
vt 0.645982 1.172598
vt 0.655057 1.184023
vt 0.658338 1.189004
vt 0.612010 1.336501
vt 0.623660 1.318726
vt 0.617624 1.338046
vt 0.617877 1.316500
vt 0.620192 1.349567
vt 0.612819 1.355038
vt 0.617865 1.345076
vt 0.624469 1.354186
vt 0.617855 1.362068
vt 0.656485 1.206906
vt 0.652282 1.201484
vt 0.663116 1.193778
vt 0.595512 1.325744
vt 0.600490 1.307168
vt 0.595345 1.343305
vt 0.600912 1.358135
vt 0.611851 1.369224
vt 0.634339 1.183426
vt 0.642970 1.169305
vt 0.655784 1.163305
vt 0.652124 1.162554
vt 0.665163 1.136523
vt 0.664492 1.133882
vt 0.667448 1.133002
vt 0.639195 1.121664
vt 0.669272 1.191470
vt 0.674623 1.192611
vt 0.635695 1.162643
vt 0.628487 1.178499
vt 0.592093 1.303089
vt 0.586166 1.323991
vt 0.558790 1.290561
vt 0.610996 1.171726
vt 0.538446 1.365459
vt 0.548611 1.444590
vt 0.539060 1.455973
vt 0.549895 1.310383
vt 0.622109 1.048135
vt 0.623044 1.044635
vt 0.582819 1.035746
vt 0.582192 1.039315
vt 0.541972 1.030398
vt 0.541659 1.034007
vt 0.501144 1.028629
vt 0.501144 1.032253
vt 0.611857 1.086500
vt 0.610817 1.090394
vt 0.575324 1.078428
vt 0.574626 1.082397
vt 0.538225 1.073570
vt 0.537877 1.077585
vt 0.501144 1.071964
vt 0.501144 1.075994
vt 0.606643 1.106013
vt 0.604841 1.108324
vt 0.571830 1.098321
vt 0.571224 1.101772
vt 0.536176 1.097183
vt 0.536479 1.093692
vt 0.501144 1.092162
vt 0.501144 1.095666
vt 0.607640 1.110342
vt 0.604545 1.109346
vt 0.570822 1.103884
vt 0.536203 1.099504
vt 0.501144 1.098725
vt 0.624782 1.038129
vt 0.501144 1.021896
vt 0.542554 1.023689
vt 0.583983 1.029114
vt 0.613214 1.081424
vt 0.576232 1.073252
vt 0.538680 1.068335
vt 0.501144 1.066710
vt 0.607345 1.103387
vt 0.572300 1.095643
vt 0.536714 1.090983
vt 0.501144 1.089443
vt 0.594017 1.134171
vt 0.573635 1.141407
vt 0.591062 1.130719
vt 0.580075 1.143504
vt 0.563051 1.124840
vt 0.583691 1.129748
vt 0.549328 1.137979
vt 0.534369 1.121519
vt 0.501144 1.135640
vt 0.501144 1.120494
vt 0.585879 1.146915
vt 0.580571 1.151990
vt 0.575980 1.147959
vt 0.572473 1.145174
vt 0.548902 1.143218
vt 0.501144 1.142499
vt 0.586035 1.127044
vt 0.563804 1.122129
vt 0.534695 1.118606
vt 0.501144 1.117355
vt 0.523382 1.374208
vt 0.522971 1.376549
vt 0.501144 1.372270
vt 0.501144 1.374648
vt 0.522502 1.379222
vt 0.501144 1.377361
vt 0.501144 1.386323
vt 0.501144 1.401016
vt 0.501144 1.420231
vt 0.514057 1.427607
vt 0.511462 1.442325
vt 0.501144 1.456306
vt 0.501144 1.451132
vt 0.538022 1.374923
vt 0.501144 1.350798
vt 0.529913 1.365272
vt 0.535277 1.354728
vt 0.501144 1.347441
vt 0.537631 1.350635
vt 0.501144 1.342020
vt 0.525369 1.337685
vt 0.543639 1.343010
vt 0.551111 1.337705
vt 0.539184 1.327658
vt 0.530960 1.371666
vt 0.551522 1.338999
vt 0.544573 1.343927
vt 0.538980 1.351021
vt 0.536609 1.355029
vt 0.531320 1.365539
vt 0.531961 1.371238
vt 0.536365 1.376690
vt 0.537175 1.375967
vt 0.551290 1.340023
vt 0.544751 1.345225
vt 0.538696 1.353433
vt 0.532425 1.365628
vt 0.532922 1.370624
vt 0.615666 1.154946
vt 0.546746 1.308621
vt 0.555000 1.289292
vt 0.548198 1.309745
vt 0.556848 1.289921
vt 0.521936 1.334641
vt 0.536053 1.325030
vt 0.523210 1.336380
vt 0.537531 1.326542
vt 0.501144 1.338732
vt 0.501144 1.340374
vt 0.607282 1.171764
vt 0.609523 1.171165
vt 0.611899 1.155074
vt 0.613887 1.154380
vt 0.612476 1.122935
vt 0.615164 1.119850
vt 0.525410 1.305394
vt 0.534938 1.285397
vt 0.533158 1.309196
vt 0.544854 1.288052
vt 0.514983 1.321397
vt 0.513527 1.314346
vt 0.584961 1.173209
vt 0.598280 1.172008
vt 0.601387 1.155960
vt 0.587091 1.158879
vt 0.581376 1.160585
vt 0.516762 1.300928
vt 0.524557 1.282249
vt 0.522055 1.303354
vt 0.530418 1.284260
vt 0.509520 1.317034
vt 0.507390 1.308104
vt 0.512059 1.306159
vt 0.501144 1.319181
vt 0.501144 1.308893
vt 0.571288 1.175490
vt 0.577993 1.174038
vt 0.574647 1.161171
vt 0.541608 1.305718
vt 0.549736 1.288289
vt 0.530448 1.319278
vt 0.516652 1.327060
vt 0.501144 1.328523
vt 0.603345 1.171738
vt 0.605811 1.155373
vt 0.603138 1.144318
vt 0.599851 1.142540
vt 0.609881 1.115996
vt 0.612093 1.114404
vt 0.610394 1.111830
vt 0.571415 1.155446
vt 0.566582 1.152881
vt 0.501144 1.426907
vt 0.501144 1.441766
vt 0.925619 1.303748
vt 0.909889 1.265251
vt 0.928904 1.302219
vt 0.906751 1.267062
vt 0.941236 1.341526
vt 0.944642 1.340289
vt 0.953502 1.380522
vt 0.957002 1.379587
vt 0.885962 1.322206
vt 0.868869 1.288933
vt 0.889616 1.320505
vt 0.872360 1.286918
vt 0.900122 1.356458
vt 0.903910 1.355082
vt 0.911243 1.391814
vt 0.915136 1.390773
vt 0.871305 1.329028
vt 0.852611 1.298320
vt 0.854868 1.297017
vt 0.869343 1.331204
vt 0.884926 1.361977
vt 0.881632 1.363173
vt 0.892238 1.396892
vt 0.895623 1.395987
vt 0.866869 1.328799
vt 0.851697 1.298848
vt 0.879623 1.363936
vt 0.868388 1.331673
vt 0.889947 1.397268
vt 0.935008 1.299377
vt 0.915720 1.261884
vt 0.963508 1.377848
vt 0.950971 1.337991
vt 0.894380 1.318288
vt 0.876910 1.284291
vt 0.908849 1.353288
vt 0.920213 1.389417
vt 0.857223 1.295657
vt 0.873770 1.327881
vt 0.887482 1.361049
vt 0.898250 1.395285
vt 0.842181 1.367681
vt 0.845768 1.346352
vt 0.849680 1.348663
vt 0.838997 1.361703
vt 0.860334 1.375228
vt 0.849778 1.391024
vt 0.851917 1.355753
vt 0.868585 1.402898
vt 0.830554 1.362689
vt 0.834631 1.356580
vt 0.835322 1.366510
vt 0.838673 1.369480
vt 0.844693 1.392353
vt 0.854172 1.352975
vt 0.862874 1.374015
vt 0.871397 1.402071
vt 0.619409 1.458408
vt 0.612287 1.437071
vt 0.621643 1.457596
vt 0.610228 1.438260
vt 0.616858 1.459334
vt 0.607878 1.439616
vt 0.587392 1.451444
vt 0.600117 1.444098
vt 0.570751 1.461052
vt 0.570674 1.476052
vt 0.556631 1.481164
vt 0.564970 1.464389
vt 0.552102 1.471819
vt 0.543991 1.476502
vt 0.539509 1.479089
vt 0.614138 1.436002
vt 0.627643 1.441241
vt 0.618396 1.443303
vt 0.629310 1.449613
vt 0.638762 1.442499
vt 0.642384 1.439470
vt 0.657267 1.449298
vt 0.648850 1.432230
vt 0.652776 1.423950
vt 0.650751 1.414864
vt 0.664742 1.433951
vt 0.622830 1.449692
vt 0.651431 1.423770
vt 0.649666 1.415490
vt 0.647784 1.431469
vt 0.641769 1.438209
vt 0.638234 1.441240
vt 0.628802 1.448274
vt 0.623078 1.448632
vt 0.617516 1.444319
vt 0.616944 1.445241
vt 0.612955 1.436685
vt 0.650463 1.424176
vt 0.648899 1.415933
vt 0.646475 1.431519
vt 0.639443 1.438907
vt 0.628523 1.447201
vt 0.623516 1.447579
vt 0.861845 1.323107
vt 0.834453 1.284712
vt 0.836093 1.277739
vt 0.854986 1.321040
vt 0.699778 1.411713
vt 0.680817 1.421964
vt 0.698838 1.410003
vt 0.682177 1.423198
vt 0.667873 1.436578
vt 0.660860 1.452149
vt 0.658926 1.451197
vt 0.666128 1.435385
vt 0.806442 1.339817
vt 0.806643 1.337506
vt 0.822078 1.332371
vt 0.822416 1.330294
vt 0.853628 1.326223
vt 0.856199 1.323040
vt 0.702761 1.421489
vt 0.707098 1.430794
vt 0.683970 1.436680
vt 0.689060 1.443650
vt 0.675110 1.456697
vt 0.682307 1.456907
vt 0.807765 1.348724
vt 0.808895 1.362050
vt 0.822638 1.357463
vt 0.823030 1.342878
vt 0.821950 1.363388
vt 0.691651 1.446599
vt 0.709002 1.435048
vt 0.712001 1.440471
vt 0.694959 1.451391
vt 0.689520 1.461867
vt 0.680355 1.461319
vt 0.690624 1.456931
vt 0.809289 1.369056
vt 0.809024 1.375911
vt 0.822542 1.370117
vt 0.685928 1.427754
vt 0.701681 1.416723
vt 0.674511 1.441099
vt 0.669243 1.456037
vt 0.807151 1.343689
vt 0.822839 1.338419
vt 0.836512 1.342060
vt 0.834191 1.339132
vt 0.860912 1.327573
vt 0.862096 1.325119
vt 0.864925 1.326344
vt 0.850571 1.299498
vt 0.828741 1.372306
vt 0.832106 1.376619
vt 0.821549 1.328640
vt 0.805835 1.336153
vt 0.697871 1.408201
vt 0.679895 1.420403
vt 0.680412 1.377198
vt 0.796790 1.319721
vt 0.616684 1.421496
vt 0.660856 1.386664
vt 0.887712 1.230108
vt 0.884745 1.232189
vt 0.862611 1.197443
vt 0.859837 1.199774
vt 0.834759 1.167091
vt 0.832198 1.169654
vt 0.848932 1.257303
vt 0.852232 1.254989
vt 0.826349 1.227914
vt 0.829434 1.225321
vt 0.801290 1.200606
vt 0.804138 1.197754
vt 0.835695 1.266585
vt 0.832829 1.267197
vt 0.813971 1.238315
vt 0.811288 1.240569
vt 0.789866 1.212046
vt 0.787390 1.214525
vt 0.833676 1.270542
vt 0.809623 1.241929
vt 0.831946 1.267790
vt 0.785918 1.216321
vt 0.893225 1.226242
vt 0.839517 1.162326
vt 0.867766 1.193111
vt 0.856534 1.251972
vt 0.833457 1.221941
vt 0.807851 1.194036
vt 0.837921 1.265024
vt 0.816052 1.236566
vt 0.791787 1.210122
vt 0.807924 1.280039
vt 0.791244 1.278227
vt 0.807878 1.275496
vt 0.787658 1.272481
vt 0.790200 1.252987
vt 0.802856 1.270014
vt 0.771241 1.254230
vt 0.770362 1.232006
vt 0.793498 1.284571
vt 0.786169 1.285046
vt 0.785243 1.279007
vt 0.784347 1.274620
vt 0.767548 1.257970
vt 0.806390 1.269449
vt 0.792519 1.251394
vt 0.772484 1.229984
vt 0.597700 1.420044
vt 0.599520 1.418515
vt 0.595623 1.421790
vt 0.558053 1.453427
vt 0.546605 1.463034
vt 0.610275 1.428473
vt 0.610268 1.415867
vt 0.621154 1.411238
vt 0.625589 1.409616
vt 0.624519 1.391813
vt 0.635092 1.407636
vt 0.644226 1.408376
vt 0.641547 1.393013
vt 0.606959 1.421439
vt 0.643709 1.409631
vt 0.635218 1.408940
vt 0.626374 1.410779
vt 0.621980 1.412325
vt 0.611174 1.416976
vt 0.608002 1.421754
vt 0.607871 1.428761
vt 0.608956 1.428728
vt 0.642873 1.410266
vt 0.634520 1.410049
vt 0.624606 1.412444
vt 0.611963 1.417755
vt 0.609133 1.421902
vt 0.811153 1.309870
vt 0.659577 1.383290
vt 0.678324 1.373790
vt 0.659967 1.385085
vt 0.679336 1.375459
vt 0.623846 1.387276
vt 0.640838 1.388988
vt 0.623704 1.389426
vt 0.640999 1.391095
vt 0.793920 1.317364
vt 0.796022 1.318345
vt 0.808186 1.307546
vt 0.810154 1.308292
vt 0.829286 1.283297
vt 0.833328 1.282662
vt 0.645307 1.367103
vt 0.665460 1.357910
vt 0.648798 1.374997
vt 0.671349 1.366318
vt 0.627033 1.372661
vt 0.630450 1.366324
vt 0.775892 1.304123
vt 0.786868 1.311764
vt 0.799563 1.301468
vt 0.786736 1.294515
vt 0.781261 1.292148
vt 0.641553 1.358124
vt 0.659531 1.348825
vt 0.644048 1.363385
vt 0.662728 1.354133
vt 0.625653 1.365807
vt 0.629761 1.357596
vt 0.634588 1.359108
vt 0.763952 1.297081
vt 0.770022 1.300279
vt 0.775729 1.288271
vt 0.674936 1.369637
vt 0.657507 1.377764
vt 0.640242 1.380979
vt 0.624671 1.378071
vt 0.790921 1.314813
vt 0.803329 1.303862
vt 0.808388 1.293675
vt 0.807012 1.290201
vt 0.831759 1.276313
vt 0.834476 1.276516
vt 0.834829 1.273452
vt 0.776933 1.281809
vt 0.774880 1.276737
vt 0.380179 1.048135
vt 0.339536 1.056941
vt 0.379244 1.044635
vt 0.340775 1.060346
vt 0.419469 1.035746
vt 0.420096 1.039315
vt 0.460315 1.030398
vt 0.460629 1.034007
vt 0.391471 1.090394
vt 0.355735 1.101449
vt 0.390430 1.086500
vt 0.354357 1.097662
vt 0.427661 1.082397
vt 0.426964 1.078428
vt 0.464411 1.077585
vt 0.464062 1.073570
vt 0.362156 1.119091
vt 0.395644 1.106013
vt 0.397446 1.108324
vt 0.361265 1.116642
vt 0.430458 1.098321
vt 0.431064 1.101772
vt 0.466111 1.097183
vt 0.465809 1.093692
vt 0.394648 1.110342
vt 0.362517 1.120083
vt 0.431466 1.103884
vt 0.397742 1.109346
vt 0.466084 1.099504
vt 0.377505 1.038129
vt 0.337232 1.050613
vt 0.459733 1.023689
vt 0.418304 1.029114
vt 0.389074 1.081424
vt 0.352560 1.092725
vt 0.426055 1.073252
vt 0.463608 1.068335
vt 0.360335 1.114087
vt 0.394942 1.103387
vt 0.429987 1.095643
vt 0.465573 1.090983
vt 0.408270 1.134171
vt 0.428653 1.141407
vt 0.422213 1.143504
vt 0.411225 1.130719
vt 0.439236 1.124840
vt 0.452960 1.137979
vt 0.418596 1.129748
vt 0.467919 1.121519
vt 0.421717 1.151990
vt 0.426308 1.147959
vt 0.416408 1.146915
vt 0.429814 1.145174
vt 0.453386 1.143218
vt 0.416252 1.127044
vt 0.438483 1.122129
vt 0.467593 1.118606
vt 0.457068 1.379858
vt 0.479317 1.376549
vt 0.457881 1.382092
vt 0.478906 1.374208
vt 0.479786 1.379222
vt 0.458809 1.384642
vt 0.466899 1.406870
vt 0.461874 1.393064
vt 0.473471 1.424927
vt 0.488230 1.427607
vt 0.475754 1.431200
vt 0.490826 1.442325
vt 0.480836 1.445162
vt 0.484040 1.453963
vt 0.485810 1.458826
vt 0.456337 1.377849
vt 0.463841 1.365459
vt 0.464266 1.374923
vt 0.472374 1.365272
vt 0.464656 1.350635
vt 0.467010 1.354728
vt 0.476919 1.337685
vt 0.458649 1.343010
vt 0.451177 1.337705
vt 0.441877 1.338121
vt 0.463104 1.327658
vt 0.471328 1.371666
vt 0.450765 1.338999
vt 0.442305 1.339299
vt 0.457714 1.343927
vt 0.463307 1.351021
vt 0.465679 1.355029
vt 0.470968 1.365539
vt 0.470326 1.371238
vt 0.465922 1.376690
vt 0.465113 1.375967
vt 0.456804 1.379133
vt 0.450998 1.340023
vt 0.442608 1.340132
vt 0.457537 1.345225
vt 0.463591 1.353433
vt 0.469863 1.365628
vt 0.469365 1.370624
vt 0.388170 1.114302
vt 0.345602 1.134610
vt 0.339019 1.131785
vt 0.384944 1.120697
vt 0.447287 1.289292
vt 0.455541 1.308621
vt 0.454090 1.309745
vt 0.445440 1.289921
vt 0.466234 1.325030
vt 0.479078 1.336380
vt 0.464756 1.326542
vt 0.480351 1.334641
vt 0.395006 1.171764
vt 0.392764 1.171165
vt 0.390388 1.155074
vt 0.388401 1.154380
vt 0.389811 1.122935
vt 0.387124 1.119850
vt 0.469130 1.309196
vt 0.467349 1.285397
vt 0.476878 1.305394
vt 0.457433 1.288052
vt 0.487304 1.321397
vt 0.488761 1.314346
vt 0.417327 1.173209
vt 0.404007 1.172008
vt 0.400901 1.155960
vt 0.415196 1.158879
vt 0.420911 1.160585
vt 0.480232 1.303354
vt 0.477731 1.282249
vt 0.485525 1.300928
vt 0.471870 1.284260
vt 0.494898 1.308104
vt 0.492767 1.317034
vt 0.490229 1.306159
vt 0.431000 1.175490
vt 0.424295 1.174038
vt 0.427641 1.161171
vt 0.460679 1.305718
vt 0.452552 1.288289
vt 0.471839 1.319278
vt 0.485636 1.327060
vt 0.398942 1.171738
vt 0.396477 1.155373
vt 0.399150 1.144318
vt 0.402436 1.142540
vt 0.392406 1.115996
vt 0.390195 1.114404
vt 0.391893 1.111830
vt 0.362962 1.121305
vt 0.430873 1.155446
vt 0.435705 1.152881
vt 0.386622 1.154946
vt 0.391292 1.171726
vt 0.443498 1.290561
vt 0.452393 1.310383
vt 0.373539 1.177781
vt 0.409933 1.302371
vt 0.442493 1.372823
vt 0.415860 1.323273
vt 0.302610 1.075961
vt 0.301076 1.072679
vt 0.264549 1.091726
vt 0.266362 1.094863
vt 0.229820 1.113884
vt 0.231901 1.116851
vt 0.197407 1.138774
vt 0.199736 1.141549
vt 0.321123 1.115592
vt 0.319418 1.111940
vt 0.288260 1.132729
vt 0.286242 1.129240
vt 0.257015 1.152664
vt 0.254701 1.149365
vt 0.227853 1.175057
vt 0.225262 1.171970
vt 0.327966 1.130240
vt 0.328071 1.133168
vt 0.296353 1.146725
vt 0.298107 1.149758
vt 0.268309 1.168771
vt 0.266297 1.165902
vt 0.238245 1.187443
vt 0.240497 1.190127
vt 0.331512 1.132915
vt 0.299157 1.151634
vt 0.328501 1.134141
vt 0.269822 1.170532
vt 0.242464 1.192470
vt 0.298226 1.066578
vt 0.193079 1.133615
vt 0.225954 1.108371
vt 0.261178 1.085897
vt 0.317194 1.107180
vt 0.283612 1.124691
vt 0.251684 1.145063
vt 0.221885 1.167945
vt 0.326815 1.127777
vt 0.294992 1.144371
vt 0.264736 1.163676
vt 0.236497 1.185360
vt 0.336393 1.159925
vt 0.331712 1.176037
vt 0.331911 1.159181
vt 0.325431 1.178570
vt 0.306674 1.172682
vt 0.325640 1.163175
vt 0.304607 1.191568
vt 0.282568 1.188575
vt 0.266192 1.220749
vt 0.256457 1.209146
vt 0.338351 1.174919
vt 0.337547 1.182219
vt 0.331438 1.182082
vt 0.326962 1.182203
vt 0.307648 1.195855
vt 0.270601 1.226003
vt 0.325698 1.159597
vt 0.305508 1.170121
vt 0.280945 1.186134
vt 0.254439 1.206741
vt 0.437766 1.391266
vt 0.436576 1.389208
vt 0.418296 1.402018
vt 0.419824 1.403839
vt 0.439125 1.393615
vt 0.421568 1.405918
vt 0.436773 1.424039
vt 0.427329 1.412783
vt 0.449124 1.438758
vt 0.463758 1.436108
vt 0.471230 1.449051
vt 0.472313 1.466393
vt 0.468987 1.462429
vt 0.448251 1.380346
vt 0.404493 1.385569
vt 0.435835 1.378164
vt 0.433167 1.366639
vt 0.402336 1.382998
vt 0.432340 1.361991
vt 0.414621 1.359952
vt 0.398851 1.378845
vt 0.432040 1.352288
vt 0.434354 1.343421
vt 0.418760 1.343391
vt 0.440748 1.382390
vt 0.435501 1.344148
vt 0.433346 1.352390
vt 0.433621 1.361419
vt 0.434381 1.366014
vt 0.437085 1.377465
vt 0.441240 1.381418
vt 0.448117 1.382764
vt 0.448273 1.381690
vt 0.435981 1.345082
vt 0.434316 1.353270
vt 0.434954 1.363450
vt 0.437988 1.376822
vt 0.441581 1.380330
vt 0.366331 1.161925
vt 0.412316 1.323947
vt 0.406215 1.303835
vt 0.414151 1.323875
vt 0.408034 1.303129
vt 0.410036 1.359827
vt 0.414672 1.343391
vt 0.412129 1.360341
vt 0.416776 1.343598
vt 0.396737 1.376326
vt 0.397793 1.377584
vt 0.370719 1.180197
vt 0.372051 1.178297
vt 0.363528 1.164443
vt 0.364604 1.162634
vt 0.343311 1.139453
vt 0.343387 1.135362
vt 0.393897 1.335190
vt 0.388343 1.313747
vt 0.402276 1.333122
vt 0.397645 1.309407
vt 0.396196 1.354151
vt 0.390549 1.349686
vt 0.354549 1.195652
vt 0.363980 1.186170
vt 0.356045 1.171880
vt 0.346969 1.183305
vt 0.343688 1.188286
vt 0.384402 1.337328
vt 0.378366 1.318008
vt 0.390016 1.335783
vt 0.384149 1.315782
vt 0.389207 1.354320
vt 0.381835 1.348849
vt 0.384161 1.344358
vt 0.384171 1.361350
vt 0.377557 1.353468
vt 0.345541 1.206188
vt 0.349744 1.200766
vt 0.338910 1.193060
vt 0.406514 1.325026
vt 0.401537 1.306450
vt 0.406681 1.342587
vt 0.401115 1.357417
vt 0.390175 1.368506
vt 0.367687 1.182708
vt 0.359057 1.168587
vt 0.349902 1.161836
vt 0.346242 1.162587
vt 0.336863 1.135805
vt 0.337534 1.133164
vt 0.334578 1.132284
vt 0.332754 1.190752
vt 0.327403 1.191893
vt 0.453415 1.443872
vt 0.462966 1.455255
vt 0.117281 1.231471
vt 0.094945 1.266153
vt 0.114314 1.229391
vt 0.091807 1.264342
vt 0.142189 1.199056
vt 0.139415 1.196725
vt 0.169828 1.168936
vt 0.167268 1.166372
vt 0.129336 1.286009
vt 0.153095 1.256585
vt 0.132826 1.288024
vt 0.149795 1.254271
vt 0.175678 1.227196
vt 0.172592 1.224603
vt 0.200736 1.199888
vt 0.197888 1.197036
vt 0.166332 1.265867
vt 0.149084 1.297411
vt 0.146827 1.296108
vt 0.169197 1.266479
vt 0.188056 1.237597
vt 0.190738 1.239851
vt 0.212161 1.211328
vt 0.214636 1.213807
vt 0.168350 1.269824
vt 0.149999 1.297939
vt 0.192403 1.241211
vt 0.170081 1.267072
vt 0.216108 1.215603
vt 0.108801 1.225524
vt 0.085975 1.260975
vt 0.162509 1.161608
vt 0.134260 1.192393
vt 0.145493 1.251254
vt 0.124785 1.283382
vt 0.168569 1.221223
vt 0.194175 1.193318
vt 0.164106 1.264306
vt 0.144473 1.294748
vt 0.185974 1.235848
vt 0.210239 1.209404
vt 0.194148 1.274778
vt 0.210783 1.277509
vt 0.194103 1.279321
vt 0.214368 1.271763
vt 0.211827 1.252269
vt 0.230785 1.253512
vt 0.199170 1.269296
vt 0.231664 1.231288
vt 0.215857 1.284328
vt 0.208529 1.283853
vt 0.216783 1.278289
vt 0.234479 1.257252
vt 0.217680 1.273902
vt 0.209507 1.250676
vt 0.195636 1.268731
vt 0.229542 1.229266
vt 0.404326 1.419326
vt 0.389409 1.436162
vt 0.402506 1.417797
vt 0.391467 1.437351
vt 0.406403 1.421072
vt 0.393817 1.438707
vt 0.401579 1.443189
vt 0.414303 1.450535
vt 0.430944 1.460143
vt 0.443973 1.452709
vt 0.455422 1.462316
vt 0.436725 1.463481
vt 0.449593 1.470910
vt 0.457704 1.475593
vt 0.462186 1.478180
vt 0.387557 1.435093
vt 0.385342 1.420778
vt 0.391751 1.427755
vt 0.391758 1.415149
vt 0.380872 1.410520
vt 0.376438 1.408898
vt 0.377507 1.391095
vt 0.366934 1.406919
vt 0.357801 1.407658
vt 0.350944 1.413955
vt 0.360479 1.392295
vt 0.395067 1.420721
vt 0.358317 1.408913
vt 0.352029 1.414581
vt 0.366808 1.408222
vt 0.375652 1.410061
vt 0.380046 1.411607
vt 0.390853 1.416258
vt 0.394024 1.421036
vt 0.393070 1.428010
vt 0.394155 1.428044
vt 0.388740 1.435776
vt 0.352796 1.415024
vt 0.359153 1.409548
vt 0.367506 1.409331
vt 0.377420 1.411726
vt 0.390063 1.417037
vt 0.392894 1.421184
vt 0.139520 1.322007
vt 0.165934 1.277021
vt 0.167573 1.283994
vt 0.146378 1.319940
vt 0.323702 1.373072
vt 0.342060 1.384367
vt 0.322691 1.374741
vt 0.342449 1.382572
vt 0.361188 1.388270
vt 0.378322 1.388708
vt 0.361027 1.390377
vt 0.378180 1.386558
vt 0.208106 1.316646
vt 0.206004 1.317627
vt 0.193841 1.306828
vt 0.191872 1.307574
vt 0.172741 1.282579
vt 0.168698 1.281944
vt 0.353228 1.374279
vt 0.330677 1.365600
vt 0.336567 1.357192
vt 0.356719 1.366385
vt 0.374993 1.371943
vt 0.371576 1.365606
vt 0.215158 1.311046
vt 0.226134 1.303405
vt 0.215291 1.293797
vt 0.202463 1.300750
vt 0.220766 1.291430
vt 0.357978 1.362667
vt 0.339299 1.353415
vt 0.342495 1.348107
vt 0.360474 1.357406
vt 0.372265 1.356878
vt 0.376374 1.365089
vt 0.367439 1.358390
vt 0.232004 1.299561
vt 0.238074 1.296363
vt 0.226297 1.287553
vt 0.344519 1.377046
vt 0.327090 1.368919
vt 0.361784 1.380260
vt 0.377355 1.377353
vt 0.211105 1.314095
vt 0.198697 1.303144
vt 0.193639 1.292957
vt 0.195014 1.289483
vt 0.170268 1.275595
vt 0.167550 1.275798
vt 0.167197 1.272734
vt 0.151125 1.298589
vt 0.225093 1.281090
vt 0.227146 1.276019
vt 0.190873 1.309152
vt 0.205236 1.319003
vt 0.321614 1.376480
vt 0.341170 1.385946
vt 0.195529 1.335053
vt 0.303494 1.407101
vt 0.373721 1.440141
vt 0.321470 1.419303
vt 0.075746 1.302647
vt 0.072461 1.301118
vt 0.060128 1.340426
vt 0.056723 1.339189
vt 0.044362 1.378486
vt 0.047863 1.379422
vt 0.035531 1.418388
vt 0.039099 1.419017
vt 0.111748 1.319405
vt 0.115402 1.321106
vt 0.097454 1.353982
vt 0.101242 1.355358
vt 0.086228 1.389673
vt 0.090122 1.390713
vt 0.078207 1.425912
vt 0.082176 1.426612
vt 0.130059 1.327928
vt 0.132022 1.330104
vt 0.116439 1.360877
vt 0.119732 1.362073
vt 0.109127 1.395792
vt 0.105742 1.394887
vt 0.098098 1.429420
vt 0.101549 1.430028
vt 0.134495 1.327698
vt 0.132977 1.330573
vt 0.121742 1.362836
vt 0.111418 1.396168
vt 0.104562 1.430560
vt 0.066356 1.298277
vt 0.028899 1.417218
vt 0.037857 1.376748
vt 0.050393 1.336890
vt 0.106985 1.317188
vt 0.092515 1.352188
vt 0.081152 1.388317
vt 0.073033 1.425000
vt 0.127595 1.326781
vt 0.113883 1.359949
vt 0.103115 1.394185
vt 0.095421 1.428948
vt 0.155596 1.345252
vt 0.159183 1.366581
vt 0.151684 1.347563
vt 0.162367 1.360603
vt 0.141030 1.374128
vt 0.149448 1.354653
vt 0.151586 1.389924
vt 0.132779 1.401798
vt 0.126000 1.434340
vt 0.140916 1.436970
vt 0.166734 1.355479
vt 0.170810 1.361588
vt 0.166043 1.365410
vt 0.162692 1.368380
vt 0.156672 1.391253
vt 0.147671 1.438161
vt 0.147192 1.351875
vt 0.138491 1.372915
vt 0.129967 1.400970
vt 0.122908 1.433794
vt 0.381956 1.457308
vt 0.379721 1.456496
vt 0.373951 1.478060
vt 0.376292 1.478473
vt 0.384506 1.458234
vt 0.378965 1.478944
vt 0.387791 1.480500
vt 0.402260 1.483052
vt 0.421183 1.486388
vt 0.430690 1.474952
vt 0.444734 1.480064
vt 0.456711 1.492653
vt 0.451614 1.491754
vt 0.382968 1.442203
vt 0.352805 1.474332
vt 0.372055 1.448513
vt 0.362603 1.441399
vt 0.349500 1.473749
vt 0.358981 1.438370
vt 0.344098 1.448198
vt 0.344161 1.472807
vt 0.352515 1.431130
vt 0.348588 1.422850
vt 0.336623 1.432851
vt 0.378534 1.448592
vt 0.349934 1.422670
vt 0.353580 1.430369
vt 0.359595 1.437109
vt 0.363131 1.440140
vt 0.372562 1.447174
vt 0.378286 1.447531
vt 0.384420 1.444141
vt 0.383848 1.443219
vt 0.350902 1.423076
vt 0.354890 1.430419
vt 0.361921 1.437807
vt 0.372842 1.446101
vt 0.377849 1.446478
vt 0.179816 1.327540
vt 0.319187 1.422098
vt 0.301586 1.410613
vt 0.320547 1.420863
vt 0.302526 1.408903
vt 0.340504 1.451049
vt 0.333491 1.435478
vt 0.342438 1.450097
vt 0.335236 1.434285
vt 0.340922 1.472236
vt 0.342540 1.472521
vt 0.194922 1.338717
vt 0.194721 1.336406
vt 0.179287 1.331271
vt 0.178949 1.329194
vt 0.147737 1.325123
vt 0.145165 1.321940
vt 0.312304 1.442550
vt 0.294267 1.429694
vt 0.317395 1.435580
vt 0.298603 1.420389
vt 0.326254 1.455597
vt 0.319058 1.455807
vt 0.192469 1.360950
vt 0.193599 1.347624
vt 0.178335 1.341778
vt 0.178726 1.356363
vt 0.179415 1.362288
vt 0.306406 1.450291
vt 0.289363 1.439370
vt 0.309714 1.445499
vt 0.292362 1.433948
vt 0.321009 1.460219
vt 0.311844 1.460767
vt 0.310740 1.455831
vt 0.321669 1.468841
vt 0.311537 1.467055
vt 0.192341 1.374811
vt 0.192076 1.367956
vt 0.178823 1.369017
vt 0.299684 1.415623
vt 0.315437 1.426654
vt 0.326853 1.439999
vt 0.332121 1.454937
vt 0.330869 1.470464
vt 0.194213 1.342589
vt 0.178525 1.337319
vt 0.167173 1.338032
vt 0.164852 1.340960
vt 0.140452 1.326473
vt 0.139269 1.324018
vt 0.136439 1.325244
vt 0.172624 1.371205
vt 0.169258 1.375519
vt 0.427758 1.487548
vt 0.442391 1.490128
vt 0.035350 1.582457
vt 0.033735 1.540902
vt 0.038918 1.581828
vt 0.030125 1.541215
vt 0.028357 1.500057
vt 0.031980 1.500060
vt 0.033792 1.459221
vt 0.030182 1.458903
vt 0.078026 1.574932
vt 0.073297 1.537468
vt 0.081995 1.574232
vt 0.077313 1.537120
vt 0.071691 1.500088
vt 0.075722 1.500090
vt 0.077364 1.463064
vt 0.073349 1.462710
vt 0.100483 1.570972
vt 0.093419 1.535722
vt 0.096008 1.534348
vt 0.097917 1.571425
vt 0.091889 1.500102
vt 0.095393 1.500104
vt 0.096960 1.464792
vt 0.093469 1.464484
vt 0.097509 1.537455
vt 0.101523 1.570789
vt 0.097543 1.500075
vt 0.097066 1.534235
vt 0.099241 1.465222
vt 0.023417 1.541797
vt 0.028718 1.583626
vt 0.023475 1.458311
vt 0.021623 1.500053
vt 0.068063 1.537923
vt 0.072851 1.575844
vt 0.066437 1.500084
vt 0.068115 1.462248
vt 0.095239 1.571897
vt 0.090711 1.535957
vt 0.089170 1.500100
vt 0.090761 1.464245
vt 0.134007 1.509361
vt 0.123341 1.528177
vt 0.120456 1.524668
vt 0.134954 1.516067
vt 0.119530 1.496061
vt 0.134852 1.484828
vt 0.120779 1.517240
vt 0.121240 1.467238
vt 0.143225 1.518029
vt 0.137305 1.522376
vt 0.140052 1.512808
vt 0.137919 1.508871
vt 0.140085 1.485318
vt 0.116729 1.496332
vt 0.117709 1.519079
vt 0.118314 1.467053
vt 0.374375 1.500299
vt 0.376111 1.522372
vt 0.373770 1.522784
vt 0.371998 1.500297
vt 0.378783 1.521900
vt 0.377088 1.500301
vt 0.387609 1.520344
vt 0.402079 1.517793
vt 0.421002 1.514456
vt 0.426205 1.500386
vt 0.442209 1.510717
vt 0.427576 1.513297
vt 0.441150 1.500386
vt 0.451433 1.509090
vt 0.456529 1.508192
vt 0.371665 1.523155
vt 0.360766 1.513613
vt 0.370160 1.514838
vt 0.362063 1.505177
vt 0.346309 1.510237
vt 0.350748 1.508629
vt 0.335684 1.495911
vt 0.337756 1.514828
vt 0.331234 1.521266
vt 0.330029 1.530497
vt 0.323411 1.507776
vt 0.368179 1.507318
vt 0.332437 1.521896
vt 0.331264 1.530279
vt 0.338497 1.515908
vt 0.346454 1.511632
vt 0.350814 1.509992
vt 0.362082 1.506609
vt 0.367583 1.508230
vt 0.371335 1.514185
vt 0.372187 1.513514
vt 0.373010 1.522918
vt 0.332136 1.530125
vt 0.333486 1.521845
vt 0.339745 1.516309
vt 0.348879 1.511771
vt 0.361977 1.507712
vt 0.366812 1.509070
vt 0.112892 1.589970
vt 0.100284 1.544522
vt 0.106022 1.548810
vt 0.108966 1.595962
vt 0.282882 1.516689
vt 0.304205 1.513542
vt 0.283180 1.518618
vt 0.303349 1.511917
vt 0.321367 1.504236
vt 0.334774 1.493559
vt 0.322599 1.505954
vt 0.333283 1.492003
vt 0.158060 1.547768
vt 0.157081 1.549871
vt 0.140822 1.549417
vt 0.139793 1.551254
vt 0.109071 1.544405
vt 0.105566 1.546516
vt 0.306276 1.498635
vt 0.283422 1.506482
vt 0.282530 1.496256
vt 0.303877 1.490344
vt 0.321447 1.482855
vt 0.314757 1.480197
vt 0.159864 1.538946
vt 0.163359 1.526037
vt 0.148877 1.525647
vt 0.143520 1.539219
vt 0.151550 1.520315
vt 0.302451 1.486687
vt 0.282195 1.491607
vt 0.281232 1.485486
vt 0.300981 1.481053
vt 0.309675 1.473069
vt 0.318099 1.476718
vt 0.306949 1.477329
vt 0.165386 1.519319
vt 0.167980 1.512968
vt 0.153295 1.513790
vt 0.301383 1.506353
vt 0.282807 1.511331
vt 0.316676 1.497717
vt 0.326735 1.485482
vt 0.158719 1.543887
vt 0.142174 1.543473
vt 0.130571 1.535376
vt 0.131751 1.538921
vt 0.102688 1.540644
vt 0.100736 1.542546
vt 0.098496 1.540426
vt 0.102803 1.570563
vt 0.148218 1.509613
vt 0.146531 1.504408
vt 0.140042 1.553105
vt 0.157377 1.551419
vt 0.283473 1.520642
vt 0.304539 1.515324
vt 0.289275 1.555747
vt 0.160258 1.569953
vt 0.364310 1.535916
vt 0.310889 1.553540
vt 0.047669 1.622125
vt 0.044169 1.623065
vt 0.056585 1.662345
vt 0.059989 1.661103
vt 0.072376 1.700393
vt 0.075659 1.698860
vt 0.091259 1.736636
vt 0.094397 1.734824
vt 0.089912 1.610774
vt 0.086020 1.611820
vt 0.101082 1.646114
vt 0.097295 1.647495
vt 0.115289 1.680346
vt 0.111637 1.682052
vt 0.132278 1.712954
vt 0.128788 1.714969
vt 0.105526 1.606579
vt 0.108428 1.606984
vt 0.116270 1.640574
vt 0.119562 1.639373
vt 0.129937 1.673503
vt 0.133112 1.672020
vt 0.149314 1.703118
vt 0.146279 1.704870
vt 0.108776 1.603551
vt 0.121592 1.638666
vt 0.109460 1.606729
vt 0.135109 1.670836
vt 0.151963 1.701588
vt 0.037666 1.624812
vt 0.085427 1.740003
vt 0.066275 1.703243
vt 0.050258 1.664652
vt 0.080945 1.613183
vt 0.092359 1.649296
vt 0.106877 1.684276
vt 0.124237 1.717596
vt 0.102900 1.607284
vt 0.113716 1.641506
vt 0.127474 1.674654
vt 0.143925 1.706229
vt 0.134712 1.607719
vt 0.151278 1.610842
vt 0.152681 1.617468
vt 0.136223 1.603435
vt 0.143626 1.634917
vt 0.137556 1.614588
vt 0.161866 1.640233
vt 0.155091 1.661417
vt 0.183932 1.683131
vt 0.170816 1.690704
vt 0.151329 1.604110
vt 0.158379 1.606170
vt 0.157183 1.612162
vt 0.166616 1.637982
vt 0.156525 1.616590
vt 0.189873 1.679701
vt 0.140901 1.635621
vt 0.134043 1.613910
vt 0.152405 1.662592
vt 0.168097 1.692273
vt 0.379420 1.544588
vt 0.381653 1.543773
vt 0.388860 1.564815
vt 0.390919 1.563627
vt 0.384202 1.542843
vt 0.393269 1.562270
vt 0.413755 1.550443
vt 0.401031 1.557789
vt 0.430396 1.540835
vt 0.430327 1.525964
vt 0.444371 1.520852
vt 0.461638 1.522797
vt 0.457156 1.525385
vt 0.372719 1.531552
vt 0.370265 1.575552
vt 0.368415 1.543400
vt 0.356602 1.544026
vt 0.367358 1.577230
vt 0.351880 1.544034
vt 0.362663 1.579941
vt 0.346796 1.561129
vt 0.342273 1.542644
vt 0.333943 1.538825
vt 0.331205 1.554178
vt 0.373429 1.539296
vt 0.334857 1.537822
vt 0.342600 1.541376
vt 0.351540 1.542673
vt 0.356197 1.542723
vt 0.367943 1.542048
vt 0.372557 1.538643
vt 0.375077 1.532103
vt 0.374046 1.531764
vt 0.335860 1.537512
vt 0.343635 1.540573
vt 0.353771 1.541713
vt 0.367467 1.541047
vt 0.371546 1.538117
vt 0.143391 1.574299
vt 0.310937 1.557148
vt 0.290071 1.559663
vt 0.311185 1.555328
vt 0.289692 1.557749
vt 0.345876 1.565623
vt 0.330495 1.558203
vt 0.346746 1.563651
vt 0.331065 1.556167
vt 0.359815 1.581585
vt 0.361238 1.580764
vt 0.162148 1.573151
vt 0.160508 1.571509
vt 0.145385 1.577497
vt 0.143790 1.576123
vt 0.117264 1.593066
vt 0.113248 1.592281
vt 0.318811 1.577239
vt 0.296729 1.578985
vt 0.318230 1.568627
vt 0.294070 1.569070
vt 0.337883 1.578267
vt 0.332505 1.583053
vt 0.174560 1.591758
vt 0.166860 1.580824
vt 0.151409 1.586157
vt 0.161084 1.597079
vt 0.165420 1.601175
vt 0.319267 1.586961
vt 0.299193 1.589550
vt 0.318722 1.581164
vt 0.298005 1.583469
vt 0.336836 1.585179
vt 0.330168 1.591490
vt 0.326149 1.588418
vt 0.342884 1.591360
vt 0.333974 1.596504
vt 0.183372 1.602459
vt 0.178762 1.597378
vt 0.169291 1.606710
vt 0.310992 1.563049
vt 0.291834 1.564724
vt 0.328316 1.565933
vt 0.341953 1.573990
vt 0.350974 1.586689
vt 0.164094 1.576573
vt 0.148689 1.582620
vt 0.140451 1.590462
vt 0.140555 1.594197
vt 0.110067 1.597664
vt 0.112551 1.598783
vt 0.108687 1.600422
vt 0.165950 1.612371
vt 0.166144 1.617839
vt 0.436177 1.537497
vt 0.449045 1.530068
vt 0.168633 1.831642
vt 0.196582 1.862437
vt 0.166070 1.834202
vt 0.198911 1.859661
vt 0.141037 1.801483
vt 0.138260 1.803810
vt 0.113204 1.771110
vt 0.116174 1.769034
vt 0.199585 1.800733
vt 0.224436 1.829241
vt 0.196733 1.803581
vt 0.227027 1.826153
vt 0.171475 1.775978
vt 0.174564 1.773390
vt 0.148719 1.746279
vt 0.152022 1.743970
vt 0.239094 1.811772
vt 0.211025 1.789309
vt 0.212125 1.786593
vt 0.237419 1.813768
vt 0.186956 1.763006
vt 0.189642 1.760756
vt 0.168144 1.732698
vt 0.165272 1.734706
vt 0.215272 1.788008
vt 0.239773 1.810963
vt 0.212862 1.785826
vt 0.191270 1.759352
vt 0.170168 1.731561
vt 0.161305 1.838960
vt 0.192253 1.867595
vt 0.107685 1.774969
vt 0.133098 1.808135
vt 0.193015 1.807294
vt 0.221059 1.833266
vt 0.167448 1.779353
vt 0.144413 1.749290
vt 0.209101 1.791230
vt 0.235672 1.815851
vt 0.184872 1.764752
vt 0.163044 1.736264
vt 0.225172 1.743026
vt 0.229097 1.764296
vt 0.224631 1.763463
vt 0.230209 1.747555
vt 0.205533 1.742144
vt 0.210050 1.723690
vt 0.220104 1.757565
vt 0.188316 1.718965
vt 0.232019 1.741781
vt 0.237806 1.743742
vt 0.236064 1.750876
vt 0.227854 1.740137
vt 0.214374 1.720701
vt 0.218934 1.760947
vt 0.203562 1.744152
vt 0.185956 1.720703
vt 0.417470 1.599193
vt 0.403480 1.581578
vt 0.418998 1.597372
vt 0.401658 1.583105
vt 0.420742 1.595293
vt 0.405560 1.579836
vt 0.435947 1.577172
vt 0.426503 1.588427
vt 0.448298 1.562452
vt 0.443240 1.548330
vt 0.452589 1.557339
vt 0.454689 1.538724
vt 0.462140 1.545956
vt 0.468161 1.538781
vt 0.471487 1.534817
vt 0.416096 1.600830
vt 0.401613 1.600526
vt 0.409597 1.595426
vt 0.397184 1.593230
vt 0.388368 1.607232
vt 0.390735 1.603147
vt 0.371021 1.603088
vt 0.384768 1.616247
vt 0.383910 1.625371
vt 0.388920 1.633217
vt 0.369245 1.620065
vt 0.403246 1.590939
vt 0.385236 1.625080
vt 0.389726 1.632257
vt 0.386029 1.616598
vt 0.389376 1.608207
vt 0.391662 1.604149
vt 0.398119 1.594314
vt 0.403375 1.592021
vt 0.410299 1.593109
vt 0.410077 1.594171
vt 0.416974 1.599784
vt 0.390295 1.631578
vt 0.386006 1.624367
vt 0.387242 1.616103
vt 0.391323 1.606755
vt 0.398748 1.595227
vt 0.403324 1.593159
vt 0.221940 1.791638
vt 0.260812 1.818349
vt 0.261656 1.825462
vt 0.229092 1.791234
vt 0.343928 1.652945
vt 0.358239 1.636828
vt 0.345396 1.654231
vt 0.356539 1.636133
vt 0.365404 1.618668
vt 0.368812 1.601870
vt 0.367452 1.619192
vt 0.366669 1.601637
vt 0.268286 1.756987
vt 0.268888 1.759228
vt 0.256141 1.769331
vt 0.256533 1.771399
vt 0.228596 1.785900
vt 0.227268 1.789770
vt 0.337781 1.644779
vt 0.330523 1.637519
vt 0.350244 1.624078
vt 0.343076 1.619269
vt 0.351722 1.602237
vt 0.344888 1.604502
vt 0.263996 1.749069
vt 0.258377 1.736934
vt 0.247032 1.745944
vt 0.251652 1.759784
vt 0.245652 1.740141
vt 0.339633 1.617384
vt 0.327278 1.634172
vt 0.322606 1.630103
vt 0.334886 1.614012
vt 0.336414 1.602308
vt 0.345213 1.599688
vt 0.337064 1.607324
vt 0.255611 1.730485
vt 0.253516 1.723952
vt 0.242795 1.734021
vt 0.351456 1.633135
vt 0.340426 1.648888
vt 0.357620 1.616690
vt 0.357461 1.600851
vt 0.266295 1.753590
vt 0.253356 1.763908
vt 0.239262 1.765163
vt 0.242445 1.767121
vt 0.221289 1.787122
vt 0.221016 1.789834
vt 0.217938 1.789649
vt 0.240609 1.809967
vt 0.236221 1.734084
vt 0.231583 1.731182
vt 0.257913 1.772657
vt 0.270110 1.760222
vt 0.346921 1.655593
vt 0.359640 1.637978
vt 0.373931 1.678756
vt 0.284230 1.772569
vt 0.418664 1.615333
vt 0.389070 1.663172
vt 0.231516 1.884906
vt 0.229440 1.887875
vt 0.266009 1.906846
vt 0.264200 1.909985
vt 0.302282 1.925697
vt 0.300754 1.928981
vt 0.254271 1.852360
vt 0.256581 1.849057
vt 0.285841 1.872441
vt 0.287853 1.868950
vt 0.319040 1.889694
vt 0.320741 1.886041
vt 0.265845 1.835807
vt 0.268328 1.834252
vt 0.295927 1.854942
vt 0.297677 1.851907
vt 0.329042 1.868206
vt 0.327563 1.871383
vt 0.266389 1.831399
vt 0.268956 1.833393
vt 0.298777 1.850060
vt 0.329810 1.866015
vt 0.225582 1.893394
vt 0.297912 1.935086
vt 0.260837 1.915819
vt 0.251260 1.856666
vt 0.283217 1.876993
vt 0.316823 1.894458
vt 0.264287 1.838035
vt 0.294570 1.857298
vt 0.326416 1.873848
vt 0.308968 1.813838
vt 0.287340 1.813666
vt 0.303633 1.809664
vt 0.288936 1.817920
vt 0.313247 1.833025
vt 0.295530 1.821354
vt 0.330636 1.825373
vt 0.339064 1.845955
vt 0.306070 1.801520
vt 0.309005 1.806879
vt 0.299346 1.804474
vt 0.311348 1.810695
vt 0.332828 1.820595
vt 0.292403 1.823093
vt 0.311612 1.835316
vt 0.337761 1.848582
vt 0.437000 1.610204
vt 0.435813 1.612263
vt 0.438355 1.607853
vt 0.462839 1.565274
vt 0.470311 1.552331
vt 0.422301 1.606584
vt 0.426619 1.618427
vt 0.417972 1.626500
vt 0.414360 1.629541
vt 0.421454 1.645905
vt 0.406107 1.634652
vt 0.397271 1.637081
vt 0.405043 1.650602
vt 0.427822 1.612060
vt 0.397327 1.635725
vt 0.405543 1.633471
vt 0.413225 1.628717
vt 0.416824 1.625762
vt 0.425389 1.617695
vt 0.426735 1.612120
vt 0.424461 1.605491
vt 0.423453 1.605894
vt 0.397896 1.634842
vt 0.405820 1.632190
vt 0.414316 1.626548
vt 0.424381 1.617234
vt 0.425622 1.612368
vt 0.274102 1.786739
vt 0.391425 1.665905
vt 0.377059 1.681244
vt 0.390446 1.664351
vt 0.375537 1.680022
vt 0.423638 1.649939
vt 0.407086 1.654142
vt 0.423036 1.647869
vt 0.406214 1.652216
vt 0.287733 1.773803
vt 0.285421 1.773600
vt 0.275580 1.787880
vt 0.277685 1.787908
vt 0.262570 1.819891
vt 0.266151 1.817911
vt 0.410371 1.676234
vt 0.394578 1.691766
vt 0.404391 1.670011
vt 0.386168 1.685880
vt 0.425642 1.664762
vt 0.424599 1.671886
vt 0.296275 1.776653
vt 0.309202 1.780079
vt 0.302299 1.792817
vt 0.287867 1.790670
vt 0.308253 1.793168
vt 0.416970 1.683388
vt 0.403257 1.698275
vt 0.412826 1.679298
vt 0.398437 1.694380
vt 0.429284 1.670731
vt 0.428232 1.679851
vt 0.423179 1.680081
vt 0.322830 1.782613
vt 0.316033 1.781684
vt 0.314776 1.794919
vt 0.395261 1.670390
vt 0.381662 1.683988
vt 0.410385 1.661464
vt 0.426012 1.658870
vt 0.291423 1.775174
vt 0.283509 1.789708
vt 0.284720 1.803806
vt 0.282240 1.801012
vt 0.263593 1.826059
vt 0.266216 1.825320
vt 0.264309 1.829058
vt 0.315855 1.801404
vt 0.319519 1.805468
vt 0.932015 1.174237
vt 0.897456 1.134544
vt 0.920742 1.134818
vt 0.887660 1.173714
vt 0.848279 1.153298
vt 0.876781 1.123825
vt 0.826555 1.114623
vt 0.865375 1.103521
vt 0.824546 1.070310
vt 0.864320 1.080257
vt 0.876202 1.060228
vt 0.847177 1.032159
vt 0.884548 1.008263
vt 0.895822 1.047682
vt 0.928903 1.008786
vt 0.919108 1.047957
vt 0.939783 1.058675
vt 0.968284 1.029202
vt 0.951188 1.078979
vt 0.990008 1.067877
vt 0.952243 1.102243
vt 0.992018 1.112190
vt 0.969387 1.150341
vt 0.940362 1.122273
vt 0.917124 1.122168
vt 0.919994 1.132204
vt 0.898105 1.131946
vt 0.900599 1.121973
vt 0.885927 1.114367
vt 0.878671 1.121871
vt 0.867950 1.102785
vt 0.877833 1.099958
vt 0.866958 1.080916
vt 0.877085 1.083449
vt 0.885516 1.069235
vt 0.878126 1.062089
vt 0.896569 1.050296
vt 0.899439 1.060332
vt 0.918459 1.050554
vt 0.915965 1.060527
vt 0.930637 1.068133
vt 0.937893 1.060630
vt 0.938730 1.082542
vt 0.948614 1.079715
vt 0.949606 1.101584
vt 0.939479 1.099051
vt 0.931047 1.113265
vt 0.938437 1.120411
vt 0.913179 1.108374
vt 0.899964 1.106159
vt 0.908282 1.091250
vt 0.891419 1.096073
vt 0.893339 1.082994
vt 0.903385 1.074127
vt 0.916600 1.076341
vt 0.925145 1.086427
vt 0.923225 1.099507
vt 0.258412 1.988045
vt 0.252737 1.940223
vt 0.258412 1.940223
vt 0.252737 1.988045
vt 0.264087 1.940223
vt 0.264087 1.988045
vt 0.224364 1.940223
vt 0.218690 1.988045
vt 0.218690 1.940223
vt 0.224364 1.988045
vt 0.230039 1.940223
vt 0.230039 1.988045
vt 0.235714 1.940223
vt 0.235714 1.988045
vt 0.241388 1.940223
vt 0.241388 1.988045
vt 0.247063 1.940223
vt 0.247063 1.988045
vt 0.794381 1.059332
vt 0.807729 1.047872
vt 0.803094 1.064363
vt 0.794323 1.047871
vt 0.784427 1.065012
vt 0.791130 1.076622
vt 0.774531 1.070793
vt 0.774531 1.080854
vt 0.757932 1.076622
vt 0.764635 1.065012
vt 0.745967 1.064363
vt 0.754680 1.059332
vt 0.741332 1.047871
vt 0.754739 1.047871
vt 0.754680 1.036411
vt 0.745967 1.031380
vt 0.757932 1.019121
vt 0.764635 1.030731
vt 0.774531 1.014889
vt 0.774531 1.024950
vt 0.784427 1.030731
vt 0.791130 1.019121
vt 0.794381 1.036411
vt 0.803094 1.031380
vt 0.807311 1.066797
vt 0.807311 1.028946
vt 0.774531 1.010020
vt 0.741750 1.028946
vt 0.741750 1.066797
vt 0.774531 1.085723
vt 0.791671 1.057768
vt 0.774531 1.067664
vt 0.757390 1.057768
vt 0.757390 1.037975
vt 0.774531 1.028079
vt 0.791671 1.037975
vt 0.774531 1.047871
vt 0.231779 1.058535
vt 0.251669 1.048818
vt 0.246813 1.066941
vt 0.234311 1.049091
vt 0.224865 1.065447
vt 0.233546 1.080208
vt 0.215423 1.085065
vt 0.215422 1.067977
vt 0.197300 1.080209
vt 0.205979 1.065447
vt 0.184033 1.066942
vt 0.199065 1.058535
vt 0.179177 1.048819
vt 0.196532 1.049091
vt 0.184033 1.030696
vt 0.199061 1.039646
vt 0.197300 1.017429
vt 0.205975 1.032730
vt 0.215423 1.012573
vt 0.215421 1.030198
vt 0.233546 1.017428
vt 0.224867 1.032730
vt 0.246813 1.030695
vt 0.231782 1.039645
vt 0.231954 1.049103
vt 0.229736 1.057367
vt 0.215421 1.049119
vt 0.223685 1.063416
vt 0.215421 1.065629
vt 0.207158 1.063416
vt 0.201107 1.057368
vt 0.198889 1.049103
vt 0.201101 1.040835
vt 0.207153 1.034780
vt 0.215421 1.032564
vt 0.223690 1.034780
vt 0.229741 1.040835
vt 0.905407 1.818355
vt 0.902290 1.801175
vt 0.905233 1.801145
vt 0.902464 1.818385
vt 0.876048 1.820084
vt 0.931853 1.819519
vt 0.905233 1.826794
vt 0.902464 1.844034
vt 0.902290 1.826824
vt 0.905407 1.844004
vt 0.876048 1.845733
vt 0.931853 1.845168
vt 0.902464 1.866885
vt 0.902290 1.849675
vt 0.905407 1.866855
vt 0.905233 1.849645
vt 0.876048 1.868584
vt 0.931853 1.868019
vt 0.966968 1.744540
vt 0.963852 1.727360
vt 0.966794 1.727331
vt 0.964026 1.744570
vt 0.937609 1.746269
vt 0.993414 1.745704
vt 0.966794 1.753912
vt 0.966968 1.771122
vt 0.963852 1.753942
vt 0.964026 1.771152
vt 0.937609 1.772851
vt 0.993414 1.772286
vt 0.964026 1.794935
vt 0.963852 1.777726
vt 0.966968 1.794906
vt 0.966794 1.777696
vt 0.937609 1.796634
vt 0.993414 1.796070
vt 0.966968 1.817757
vt 0.963852 1.800577
vt 0.966794 1.800547
vt 0.964026 1.817786
vt 0.937609 1.819485
vt 0.993414 1.818921
vt 0.966794 1.823398
vt 0.966968 1.840608
vt 0.963852 1.823428
vt 0.964026 1.840638
vt 0.937609 1.842336
vt 0.993414 1.841772
vt 0.964026 1.864887
vt 0.963852 1.847678
vt 0.966968 1.864858
vt 0.966794 1.847648
vt 0.937609 1.866587
vt 0.993414 1.866022
vt 0.036375 1.212995
vt 0.009506 1.192120
vt 0.021208 1.191334
vt 0.009320 1.235946
vt 0.036376 1.237913
vt 0.056291 1.213031
vt 0.083439 1.235952
vt 0.056328 1.237917
vt 0.083319 1.192079
vt 0.071534 1.191331
vt 0.054928 1.213987
vt 0.054926 1.238011
vt 0.037793 1.238010
vt 0.037795 1.213958
vt 0.037793 1.239337
vt 0.053423 1.266361
vt 0.037769 1.266358
vt 0.054847 1.239336
vt 0.054933 1.211413
vt 0.037950 1.186718
vt 0.054932 1.186681
vt 0.037800 1.211387
vt 0.054940 1.184468
vt 0.037937 1.184501
vt 0.054956 1.173408
vt 0.037778 1.173514
vt 0.036098 1.185637
vt 0.056751 1.185605
vt 0.035661 1.266406
vt 0.035689 1.173457
vt 0.055560 1.266438
vt 0.057001 1.173353
vt 0.944264 1.219278
vt 0.917394 1.198403
vt 0.929096 1.197616
vt 0.917209 1.242228
vt 0.944264 1.244196
vt 0.964179 1.219313
vt 0.991208 1.198362
vt 0.991328 1.242235
vt 0.964216 1.244200
vt 0.979423 1.197614
vt 0.962816 1.220270
vt 0.962815 1.244293
vt 0.945682 1.244292
vt 0.945684 1.220240
vt 0.961311 1.272644
vt 0.945682 1.245619
vt 0.962735 1.245619
vt 0.945658 1.272640
vt 0.962821 1.217696
vt 0.945839 1.193001
vt 0.962821 1.192964
vt 0.945689 1.217669
vt 0.962844 1.179691
vt 0.945826 1.190784
vt 0.945666 1.179796
vt 0.962828 1.190751
vt 0.943987 1.191920
vt 0.964639 1.191887
vt 0.943550 1.272689
vt 0.943577 1.179740
vt 0.963448 1.272720
vt 0.964890 1.179636
vt 0.091392 1.170064
vt 0.077615 1.130508
vt 0.091392 1.132938
vt 0.064917 1.165396
vt 0.091392 1.131055
vt 0.078259 1.128739
vt 0.091392 1.092658
vt 0.105168 1.130508
vt 0.117867 1.165396
vt 0.104524 1.128739
vt 0.117283 1.123514
vt 0.141148 1.151955
vt 0.116073 1.122071
vt 0.158428 1.131361
vt 0.126275 1.112798
vt 0.124645 1.111856
vt 0.131060 1.099652
vt 0.167623 1.106099
vt 0.129205 1.099325
vt 0.167623 1.079216
vt 0.131060 1.085663
vt 0.129205 1.085990
vt 0.126275 1.072518
vt 0.158428 1.053954
vt 0.124644 1.073459
vt 0.117283 1.061802
vt 0.141148 1.033361
vt 0.116073 1.063244
vt 0.117867 1.019919
vt 0.105168 1.054807
vt 0.104524 1.056576
vt 0.091392 1.015251
vt 0.091392 1.052378
vt 0.091392 1.054261
vt 0.077615 1.054807
vt 0.064917 1.019919
vt 0.078259 1.056576
vt 0.065500 1.061801
vt 0.041636 1.033361
vt 0.066711 1.063244
vt 0.024356 1.053954
vt 0.056508 1.072518
vt 0.058139 1.073459
vt 0.015161 1.079216
vt 0.051724 1.085663
vt 0.053578 1.085990
vt 0.051724 1.099652
vt 0.015161 1.106099
vt 0.053578 1.099325
vt 0.056508 1.112798
vt 0.024356 1.131361
vt 0.058139 1.111856
vt 0.065500 1.123514
vt 0.041636 1.151955
vt 0.066711 1.122071
vt 0.059393 1.841705
vt 0.053999 1.837520
vt 0.059448 1.837520
vt 0.054055 1.841705
vt 0.053748 1.831735
vt 0.059700 1.831735
vt 0.054019 1.834260
vt 0.059429 1.834260
vt 0.051192 1.830418
vt 0.062256 1.830418
vt 0.054732 1.857017
vt 0.058716 1.857017
vt 0.054739 1.858695
vt 0.058709 1.858695
vt 0.059938 1.860682
vt 0.054617 1.860009
vt 0.058831 1.860009
vt 0.053510 1.860682
vt 0.044476 1.834053
vt 0.037654 1.833793
vt 0.040302 1.830551
vt 0.041743 1.837224
vt 0.043828 1.825958
vt 0.046557 1.831544
vt 0.042412 1.828066
vt 0.048387 1.829784
vt 0.042716 1.823306
vt 0.028330 1.845958
vt 0.030298 1.849799
vt 0.027257 1.847248
vt 0.031382 1.848518
vt 0.029962 1.852112
vt 0.026319 1.848176
vt 0.029547 1.850884
vt 0.025038 1.847980
vt 0.031103 1.822446
vt 0.034289 1.816408
vt 0.035235 1.821774
vt 0.030176 1.817190
vt 0.040975 1.821017
vt 0.038442 1.821189
vt 0.037502 1.815861
vt 0.039942 1.815156
vt 0.040795 1.812410
vt 0.014252 1.824723
vt 0.015214 1.820515
vt 0.015906 1.824438
vt 0.013563 1.820813
vt 0.012509 1.826278
vt 0.011393 1.819948
vt 0.012979 1.825071
vt 0.012248 1.820921
vt 0.032451 1.804286
vt 0.038773 1.801708
vt 0.036048 1.806427
vt 0.035120 1.799664
vt 0.043908 1.804383
vt 0.038881 1.808040
vt 0.041586 1.803355
vt 0.040932 1.809537
vt 0.046327 1.802827
vt 0.021521 1.792594
vt 0.018079 1.795199
vt 0.020064 1.791761
vt 0.019529 1.796044
vt 0.015744 1.795270
vt 0.018987 1.790998
vt 0.016880 1.794648
vt 0.018958 1.789703
vt 0.051657 1.793330
vt 0.045157 1.791242
vt 0.050173 1.789416
vt 0.046536 1.795194
vt 0.053871 1.798680
vt 0.048279 1.800716
vt 0.052753 1.796400
vt 0.047669 1.798251
vt 0.056724 1.799043
vt 0.044299 1.775259
vt 0.039989 1.775042
vt 0.043719 1.773685
vt 0.040556 1.776621
vt 0.038154 1.773595
vt 0.044194 1.771397
vt 0.039425 1.773849
vt 0.043384 1.772408
vt 0.068291 1.791242
vt 0.061791 1.793330
vt 0.063275 1.789416
vt 0.066912 1.795194
vt 0.065169 1.800716
vt 0.060694 1.796400
vt 0.065778 1.798251
vt 0.059576 1.798680
vt 0.067121 1.802827
vt 0.073459 1.775042
vt 0.069148 1.775259
vt 0.069729 1.773685
vt 0.072892 1.776621
vt 0.069253 1.771397
vt 0.074023 1.773849
vt 0.070063 1.772408
vt 0.075294 1.773595
vt 0.078328 1.799664
vt 0.080996 1.804286
vt 0.074675 1.801708
vt 0.077399 1.806427
vt 0.072515 1.809537
vt 0.069540 1.804383
vt 0.074567 1.808040
vt 0.071862 1.803355
vt 0.072653 1.812410
vt 0.093919 1.796044
vt 0.091927 1.792594
vt 0.095369 1.795199
vt 0.093384 1.791761
vt 0.096567 1.794648
vt 0.094460 1.790998
vt 0.097704 1.795270
vt 0.094490 1.789703
vt 0.078213 1.821774
vt 0.083272 1.817190
vt 0.082345 1.822446
vt 0.079159 1.816408
vt 0.072473 1.821017
vt 0.075946 1.815861
vt 0.075006 1.821189
vt 0.073506 1.815156
vt 0.070732 1.823306
vt 0.097542 1.824438
vt 0.099885 1.820813
vt 0.099196 1.824723
vt 0.098234 1.820515
vt 0.102055 1.819948
vt 0.100469 1.825071
vt 0.101200 1.820921
vt 0.100939 1.826278
vt 0.075794 1.833793
vt 0.068972 1.834053
vt 0.073146 1.830550
vt 0.071705 1.837224
vt 0.066891 1.831544
vt 0.069620 1.825958
vt 0.071036 1.828066
vt 0.065061 1.829784
vt 0.086191 1.847248
vt 0.082066 1.848518
vt 0.085118 1.845958
vt 0.083150 1.849799
vt 0.088410 1.847980
vt 0.083486 1.852112
vt 0.087129 1.848176
vt 0.083901 1.850884
vt 0.091674 1.986794
vt 0.100040 1.993851
vt 0.097714 1.977406
vt 0.107747 1.977412
vt 0.097725 1.886711
vt 0.087601 1.886709
vt 0.087601 1.977404
vt 0.107769 1.886714
vt 0.087601 1.882853
vt 0.097726 1.882854
vt 0.107770 1.882857
vt 0.087601 1.881077
vt 0.097725 1.881078
vt 0.107769 1.881082
vt 0.083528 1.986794
vt 0.092080 1.993999
vt 0.107746 1.993705
vt 0.077487 1.977406
vt 0.075161 1.993851
vt 0.067454 1.977412
vt 0.077476 1.886711
vt 0.067432 1.886714
vt 0.077476 1.882854
vt 0.067431 1.882857
vt 0.077476 1.881078
vt 0.067432 1.881082
vt 0.083121 1.993999
vt 0.067455 1.993705
vt 0.051380 1.986816
vt 0.059750 1.993862
vt 0.057420 1.977420
vt 0.057387 1.886718
vt 0.047304 1.977432
vt 0.047263 1.886725
vt 0.047262 1.882870
vt 0.057387 1.882863
vt 0.047263 1.881094
vt 0.057388 1.881087
vt 0.043232 1.986827
vt 0.051789 1.994022
vt 0.037188 1.977447
vt 0.034864 1.993896
vt 0.027150 1.977464
vt 0.037138 1.886733
vt 0.027094 1.886742
vt 0.037137 1.882879
vt 0.027093 1.882889
vt 0.037138 1.881103
vt 0.027094 1.881114
vt 0.042826 1.994034
vt 0.027155 1.993758
vt 0.011069 1.986884
vt 0.019444 1.993923
vt 0.017111 1.977483
vt 0.017050 1.886752
vt 0.006926 1.886763
vt 0.006989 1.977503
vt 0.006925 1.882913
vt 0.017049 1.882900
vt 0.006926 1.881137
vt 0.017050 1.881125
vt 0.002915 1.986901
vt 0.011478 1.994090
vt 0.989198 1.986901
vt 0.983144 1.977524
vt 0.980824 1.993974
vt 0.973103 1.977545
vt 0.983084 1.886774
vt 0.993272 1.977503
vt 0.993208 1.886763
vt 0.973039 1.886786
vt 0.993207 1.882913
vt 0.983084 1.882926
vt 0.973038 1.882938
vt 0.993208 1.881137
vt 0.983084 1.881150
vt 0.973040 1.881162
vt 0.973108 1.993840
vt 0.957010 1.986966
vt 0.965392 1.994006
vt 0.963056 1.977565
vt 0.962996 1.886796
vt 0.952927 1.977584
vt 0.952871 1.886807
vt 0.952870 1.882962
vt 0.962995 1.882950
vt 0.962996 1.881175
vt 0.952871 1.881186
vt 0.948850 1.986980
vt 0.957419 1.994172
vt 0.942796 1.977601
vt 0.940469 1.994051
vt 0.932744 1.977616
vt 0.942747 1.886816
vt 0.932702 1.886824
vt 0.942746 1.882972
vt 0.932702 1.882981
vt 0.942747 1.881196
vt 0.932703 1.881205
vt 0.948443 1.994189
vt 0.932747 1.993912
vt 0.916639 1.987023
vt 0.925026 1.994071
vt 0.922691 1.977628
vt 0.922658 1.886831
vt 0.912534 1.886835
vt 0.912556 1.977637
vt 0.912534 1.882993
vt 0.922658 1.882988
vt 0.922659 1.881212
vt 0.912534 1.881218
vt 0.908475 1.987029
vt 0.917048 1.994230
vt 0.902420 1.977642
vt 0.900089 1.994089
vt 0.892365 1.977644
vt 0.902409 1.886838
vt 0.892365 1.886839
vt 0.902409 1.882997
vt 0.892365 1.882998
vt 0.902409 1.881221
vt 0.892365 1.881222
vt 0.908067 1.994237
vt 0.892365 1.993940
vt 0.876255 1.987029
vt 0.884641 1.994089
vt 0.882310 1.977642
vt 0.882321 1.886838
vt 0.872174 1.977637
vt 0.872196 1.886835
vt 0.872197 1.882993
vt 0.882321 1.882997
vt 0.872196 1.881218
vt 0.882321 1.881221
vt 0.868091 1.987023
vt 0.876663 1.994237
vt 0.862039 1.977628
vt 0.859705 1.994071
vt 0.851986 1.977616
vt 0.862072 1.886831
vt 0.852028 1.886824
vt 0.862072 1.882988
vt 0.852028 1.882981
vt 0.862072 1.881212
vt 0.852027 1.881205
vt 0.867682 1.994230
vt 0.851983 1.993912
vt 0.835881 1.986980
vt 0.844262 1.994051
vt 0.841934 1.977601
vt 0.831859 1.886807
vt 0.831803 1.977584
vt 0.841984 1.886816
vt 0.831860 1.882962
vt 0.841984 1.882972
vt 0.831859 1.881186
vt 0.841983 1.881196
vt 0.827720 1.986966
vt 0.836287 1.994189
vt 0.821674 1.977565
vt 0.819338 1.994006
vt 0.811627 1.977545
vt 0.821735 1.886796
vt 0.811691 1.886786
vt 0.821736 1.882950
vt 0.811692 1.882938
vt 0.821734 1.881175
vt 0.811690 1.881162
vt 0.827311 1.994172
vt 0.811622 1.993840
vt 0.172286 1.986901
vt 0.180660 1.993974
vt 0.178339 1.977524
vt 0.188380 1.977545
vt 0.168212 1.977503
vt 0.178399 1.886774
vt 0.168276 1.886763
vt 0.188444 1.886786
vt 0.168277 1.882913
vt 0.178399 1.882926
vt 0.188445 1.882938
vt 0.168275 1.881137
vt 0.178399 1.881150
vt 0.188444 1.881162
vt 0.164132 1.986884
vt 0.172691 1.994108
vt 0.188375 1.993840
vt 0.158090 1.977483
vt 0.155757 1.993923
vt 0.148051 1.977464
vt 0.158151 1.886752
vt 0.148107 1.886742
vt 0.158152 1.882900
vt 0.148108 1.882889
vt 0.158151 1.881125
vt 0.148107 1.881114
vt 0.163723 1.994090
vt 0.148047 1.993758
vt 0.131969 1.986827
vt 0.140337 1.993896
vt 0.138013 1.977447
vt 0.127897 1.977432
vt 0.138063 1.886733
vt 0.127938 1.886725
vt 0.127939 1.882870
vt 0.138064 1.882879
vt 0.127938 1.881094
vt 0.138063 1.881103
vt 0.123821 1.986816
vt 0.132375 1.994034
vt 0.117781 1.977420
vt 0.115452 1.993862
vt 0.117814 1.886718
vt 0.117814 1.882863
vt 0.117814 1.881087
vt 0.123412 1.994022
vt 0.989046 1.993988
vt 0.056724 1.815218
vt 0.997081 1.997285
vt 0.890032 1.868545
vt 0.997081 1.868545
vt 0.890032 1.997285
vt 0.009607 1.500000
vt 0.020292 1.397772
vt 0.498602 1.500000
vt 0.051882 1.300012
vt 0.102996 1.210992
vt 0.171400 1.134604
vt 0.254104 1.074185
vt 0.347494 1.032376
vt 0.447488 1.011004
vt 0.549716 1.011004
vt 0.649710 1.032376
vt 0.743100 1.074185
vt 0.825804 1.134604
vt 0.894208 1.210992
vt 0.945322 1.300012
vt 0.976912 1.397772
vt 0.987598 1.500000
vt 0.976912 1.602228
vt 0.945322 1.699988
vt 0.894208 1.789008
vt 0.825804 1.865396
vt 0.743100 1.925815
vt 0.649710 1.967624
vt 0.549716 1.988996
vt 0.447488 1.988996
vt 0.347494 1.967624
vt 0.254104 1.925815
vt 0.171400 1.865396
vt 0.102996 1.789008
vt 0.051882 1.699988
vt 0.020292 1.602228
vt 0.211093 1.371288
vt 0.243990 1.313995
vt 0.190762 1.434206
vt 0.288015 1.264831
vt 0.183885 1.500000
vt 0.341243 1.225945
vt 0.190762 1.565794
vt 0.401349 1.199037
vt 0.211093 1.628712
vt 0.465705 1.185282
vt 0.243990 1.686005
vt 0.531499 1.185282
vt 0.288015 1.735169
vt 0.595855 1.199037
vt 0.341243 1.774055
vt 0.655961 1.225945
vt 0.401349 1.800963
vt 0.709189 1.264831
vt 0.465705 1.814718
vt 0.753214 1.313995
vt 0.531499 1.814718
vt 0.786111 1.371288
vt 0.595855 1.800963
vt 0.806442 1.434206
vt 0.655961 1.774055
vt 0.813320 1.500000
vt 0.709189 1.735169
vt 0.806442 1.565794
vt 0.753214 1.686005
vt 0.786111 1.628712
vt 0.319702 1.419910
vt 0.340172 1.384260
vt 0.307051 1.459060
vt 0.367566 1.353668
vt 0.302772 1.500000
vt 0.400687 1.329472
vt 0.307051 1.540940
vt 0.438087 1.312728
vt 0.319702 1.580090
vt 0.478132 1.304169
vt 0.340172 1.615740
vt 0.519072 1.304169
vt 0.367566 1.646332
vt 0.559117 1.312728
vt 0.400687 1.670528
vt 0.596517 1.329472
vt 0.438087 1.687272
vt 0.629638 1.353668
vt 0.478132 1.695831
vt 0.657032 1.384260
vt 0.519072 1.695831
vt 0.677502 1.419910
vt 0.559117 1.687272
vt 0.690153 1.459060
vt 0.596517 1.670528
vt 0.694432 1.500000
vt 0.629638 1.646332
vt 0.690153 1.540940
vt 0.657032 1.615740
vt 0.677502 1.580090
vt 0.273009 1.399006
vt 0.298821 1.354051
vt 0.257056 1.448375
vt 0.251659 1.500000
vt 0.257056 1.551625
vt 0.273009 1.600994
vt 0.298821 1.645949
vt 0.333365 1.684525
vt 0.375131 1.715037
vt 0.422293 1.736150
vt 0.472789 1.746943
vt 0.524415 1.746943
vt 0.574911 1.736150
vt 0.622073 1.715037
vt 0.663839 1.684525
vt 0.698383 1.645949
vt 0.724195 1.600994
vt 0.740148 1.551625
vt 0.745545 1.500000
vt 0.740148 1.448375
vt 0.724195 1.399006
vt 0.698383 1.354051
vt 0.663839 1.315475
vt 0.622073 1.284963
vt 0.574911 1.263850
vt 0.524415 1.253057
vt 0.472789 1.253057
vt 0.422293 1.263850
vt 0.375131 1.284963
vt 0.333365 1.315475
vt 0.260165 1.325811
vt 0.229358 1.379465
vt 0.210319 1.438386
vt 0.301393 1.279771
vt 0.203878 1.500000
vt 0.351240 1.243356
vt 0.210319 1.561614
vt 0.407527 1.218157
vt 0.229358 1.620535
vt 0.467795 1.205276
vt 0.260165 1.674189
vt 0.529409 1.205276
vt 0.301393 1.720229
vt 0.589677 1.218157
vt 0.351240 1.756644
vt 0.645964 1.243356
vt 0.407527 1.781843
vt 0.695811 1.279771
vt 0.467795 1.794724
vt 0.737039 1.325811
vt 0.529409 1.794724
vt 0.767846 1.379465
vt 0.589677 1.781843
vt 0.786886 1.438386
vt 0.645964 1.756644
vt 0.793326 1.500000
vt 0.695811 1.720229
vt 0.786886 1.561614
vt 0.737039 1.674189
vt 0.767846 1.620535
s 1
usemtl EXT_Tyre
f 1/1/1 2/2/2 3/3/3
f 2/2/2 1/1/1 4/4/4
f 5/5/5 6/6/6 7/7/7
f 5/5/5 7/7/7 8/8/8
f 9/9/9 10/10/10 11/11/11
f 11/11/11 10/10/10 12/12/12
f 3/3/3 13/13/13 14/14/14
f 13/13/13 3/3/3 2/2/2
f 15/15/15 16/16/16 17/17/17
f 15/15/15 17/17/17 18/18/18
f 19/19/19 20/20/20 21/21/21
f 21/21/21 20/20/20 22/22/22
f 4/4/4 23/23/23 24/24/24
f 23/23/23 4/4/4 1/1/1
f 25/25/25 26/26/26 27/27/27
f 25/25/25 27/27/27 28/28/28
f 29/29/29 30/30/30 31/31/31
f 30/30/30 29/29/29 32/32/32
f 33/33/33 14/14/14 13/13/13
f 33/33/33 13/13/13 34/34/34
f 35/35/35 36/36/36 37/37/37
f 35/35/35 37/37/37 38/38/38
f 39/39/39 40/40/40 41/41/41
f 40/40/40 39/39/39 42/42/42
f 23/23/23 43/43/43 24/24/24
f 43/43/43 23/23/23 44/44/44
f 45/45/45 46/46/46 47/47/47
f 46/46/46 45/45/45 48/48/48
f 49/49/49 50/50/50 51/51/51
f 50/50/50 49/49/49 52/52/52
f 33/33/33 53/53/53 54/54/54
f 53/53/53 33/33/33 34/34/34
f 55/55/55 56/56/56 57/57/57
f 56/56/56 55/55/55 58/58/58
f 59/59/59 60/60/60 61/61/61
f 60/60/60 59/59/59 62/62/62
f 44/44/44 63/63/63 43/43/43
f 63/63/63 44/44/44 64/64/64
f 65/65/65 66/66/66 67/67/67
f 66/66/66 65/65/65 68/68/68
f 69/69/69 70/70/70 71/71/71
f 70/70/70 69/69/69 72/72/72
f 54/54/54 73/73/73 74/74/74
f 73/73/73 54/54/54 53/53/53
f 75/75/75 76/76/76 77/77/77
f 76/76/76 75/75/75 78/78/78
f 79/79/79 80/80/80 81/81/81
f 80/80/80 79/79/79 82/82/82
f 63/63/63 83/83/83 84/84/84
f 83/83/83 63/63/63 64/64/64
f 85/85/85 86/86/86 87/87/87
f 86/86/86 85/85/85 88/88/88
f 89/89/89 90/90/90 91/91/91
f 90/90/90 89/89/89 92/92/92
f 74/74/74 93/93/93 94/94/94
f 93/93/93 74/74/74 73/73/73
f 95/95/95 96/96/96 97/97/97
f 95/95/95 97/97/97 98/98/98
f 99/99/99 100/100/100 101/101/101
f 100/100/100 99/99/99 102/102/102
f 84/84/84 103/103/103 104/104/104
f 103/103/103 84/84/84 83/83/83
f 105/5/105 106/6/106 107/7/107
f 105/5/105 107/7/107 108/8/108
f 109/105/109 110/106/110 111/107/111
f 110/106/110 109/105/109 112/108/112
f 113/109/113 94/94/94 93/93/93
f 94/94/94 113/109/113 114/110/114
f 115/15/115 116/16/116 117/17/117
f 115/15/115 117/17/117 118/18/118
f 119/111/119 120/112/120 121/113/121
f 120/112/120 119/111/119 122/114/122
f 104/104/104 123/115/123 124/116/124
f 123/115/123 104/104/104 103/103/103
f 125/25/125 126/26/126 127/27/127
f 125/25/125 127/27/127 128/28/128
f 129/117/129 130/118/130 131/119/131
f 130/118/130 129/117/129 132/120/132
f 113/109/113 133/121/133 134/122/134
f 113/109/113 134/122/134 114/110/114
f 135/35/135 136/36/136 137/37/137
f 135/35/135 137/37/137 138/38/138
f 139/123/139 140/124/140 141/125/141
f 140/124/140 139/123/139 142/126/142
f 124/116/124 143/127/143 144/128/144
f 143/127/143 124/116/124 123/115/123
f 145/46/145 146/45/146 147/48/147
f 146/45/146 145/46/145 148/47/148
f 149/129/149 150/130/150 151/131/151
f 150/130/150 149/129/149 152/132/152
f 133/121/133 153/133/153 154/134/154
f 133/121/133 154/134/154 134/122/134
f 155/56/155 156/55/156 157/58/157
f 156/55/156 155/56/155 158/57/158
f 159/135/159 160/136/160 161/137/161
f 160/136/160 159/135/159 162/138/162
f 163/139/163 164/140/164 143/127/143
f 164/140/164 144/128/144 143/127/143
f 165/66/165 166/65/166 167/68/167
f 166/65/166 165/66/165 168/67/168
f 169/141/169 170/142/170 171/143/171
f 170/142/170 169/141/169 172/144/172
f 173/145/173 153/133/153 174/146/174
f 153/133/153 173/145/173 154/134/154
f 175/76/175 176/75/176 177/78/177
f 176/75/176 175/76/175 178/77/178
f 179/147/179 180/148/180 181/149/181
f 180/148/180 179/147/179 182/150/182
f 163/139/163 183/151/183 184/152/184
f 184/152/184 164/140/164 163/139/163
f 185/86/185 186/85/186 187/88/187
f 186/85/186 185/86/185 188/87/188
f 189/153/189 190/154/190 191/155/191
f 190/154/190 189/153/189 192/156/192
f 193/157/193 173/145/173 174/146/174
f 173/145/173 193/157/193 194/158/194
f 195/97/195 196/98/196 197/95/197
f 195/97/195 197/95/197 198/96/198
f 199/159/199 200/160/200 201/161/201
f 200/160/200 199/159/199 202/162/202
f 203/163/203 184/152/184 183/151/183
f 184/152/184 203/163/203 204/164/204
f 205/7/205 206/8/206 207/5/207
f 205/7/205 207/5/207 208/6/208
f 209/165/209 210/166/210 211/167/211
f 210/166/210 209/165/209 212/168/212
f 213/169/213 194/158/194 193/157/193
f 194/158/194 213/169/213 214/170/214
f 215/17/215 216/18/216 217/15/217
f 215/17/215 217/15/217 218/16/218
f 219/171/219 220/172/220 221/173/221
f 221/173/221 220/172/220 222/174/222
f 203/163/203 223/175/223 224/176/224
f 203/163/203 224/176/224 204/164/204
f 225/27/225 226/28/226 227/25/227
f 225/27/225 227/25/227 228/26/228
f 229/177/229 230/178/230 231/179/231
f 232/180/232 231/179/231 230/178/230
f 233/181/233 214/170/214 213/169/213
f 214/170/214 233/181/233 234/182/234
f 235/37/235 236/38/236 237/35/237
f 235/37/235 237/35/237 238/36/238
f 239/183/239 240/184/240 241/185/241
f 242/186/242 241/185/241 240/184/240
f 223/175/223 243/187/243 244/188/244
f 223/175/223 244/188/244 224/176/224
f 245/45/245 246/46/246 247/47/247
f 246/46/246 245/45/245 248/48/248
f 249/189/249 250/190/250 251/191/251
f 252/192/252 251/191/251 250/190/250
f 234/182/234 253/193/253 254/194/254
f 253/193/253 234/182/234 233/181/233
f 255/55/255 256/56/256 257/57/257
f 256/56/256 255/55/255 258/58/258
f 259/195/259 260/196/260 261/197/261
f 262/198/262 261/197/261 260/196/260
f 263/199/263 243/187/243 264/200/264
f 243/187/243 263/199/263 244/188/244
f 265/65/265 266/66/266 267/67/267
f 266/66/266 265/65/265 268/68/268
f 269/201/269 270/202/270 271/203/271
f 270/202/270 269/201/269 272/204/272
f 254/194/254 273/205/273 274/206/274
f 273/205/273 254/194/254 253/193/253
f 275/75/275 276/76/276 277/77/277
f 276/76/276 275/75/275 278/78/278
f 279/207/279 280/208/280 281/209/281
f 280/208/280 279/207/279 282/210/282
f 283/211/283 263/199/263 264/200/264
f 263/199/263 283/211/283 284/212/284
f 285/85/285 286/86/286 287/87/287
f 286/86/286 285/85/285 288/88/288
f 289/213/289 290/214/290 291/215/291
f 290/214/290 289/213/289 292/216/292
f 274/206/274 293/217/293 294/218/294
f 293/217/293 274/206/274 273/205/273
f 295/95/295 296/96/296 297/97/297
f 295/95/295 297/97/297 298/98/298
f 299/219/299 300/220/300 301/221/301
f 300/220/300 299/219/299 302/222/302
f 284/212/284 303/223/303 304/224/304
f 303/223/303 284/212/284 283/211/283
f 305/5/305 306/6/306 307/7/307
f 305/5/305 307/7/307 308/8/308
f 309/225/309 310/226/310 311/227/311
f 310/226/310 309/225/309 312/228/312
f 294/218/294 313/229/313 314/230/314
f 313/229/313 294/218/294 293/217/293
f 315/15/315 316/16/316 317/17/317
f 315/15/315 317/17/317 318/18/318
f 319/231/319 320/232/320 321/233/321
f 320/232/320 319/231/319 322/234/322
f 304/224/304 323/235/323 324/236/324
f 323/235/323 304/224/304 303/223/303
f 325/25/325 326/26/326 327/27/327
f 325/25/325 327/27/327 328/28/328
f 329/237/329 330/238/330 331/239/331
f 330/238/330 329/237/329 332/240/332
f 333/241/333 314/230/314 313/229/313
f 313/229/313 334/242/334 333/241/333
f 335/35/335 336/36/336 337/37/337
f 335/35/335 337/37/337 338/38/338
f 339/243/339 340/244/340 341/245/341
f 340/244/340 339/243/339 342/246/342
f 324/236/324 343/247/343 344/248/344
f 343/247/343 324/236/324 323/235/323
f 345/45/345 346/46/346 347/47/347
f 346/46/346 345/45/345 348/48/348
f 349/249/349 350/250/350 351/251/351
f 350/250/350 349/249/349 352/252/352
f 353/253/353 333/241/333 334/242/334
f 334/242/334 354/254/354 353/253/353
f 355/55/355 356/56/356 357/57/357
f 356/56/356 355/55/355 358/58/358
f 359/255/359 360/256/360 361/257/361
f 360/256/360 359/255/359 362/258/362
f 343/247/343 363/259/363 344/248/344
f 363/259/363 343/247/343 364/260/364
f 365/65/365 366/66/366 367/67/367
f 366/66/366 365/65/365 368/68/368
f 369/261/369 370/262/370 371/263/371
f 372/264/372 371/263/371 370/262/370
f 353/253/353 373/265/373 374/266/374
f 373/265/373 353/253/353 354/254/354
f 375/75/375 376/76/376 377/77/377
f 376/76/376 375/75/375 378/78/378
f 379/267/379 380/268/380 381/269/381
f 382/270/382 381/269/381 380/268/380
f 383/271/383 363/259/363 364/260/364
f 383/271/383 364/260/364 384/272/384
f 385/85/385 386/86/386 387/87/387
f 386/86/386 385/85/385 388/88/388
f 389/273/389 390/274/390 391/275/391
f 392/276/392 391/275/391 390/274/390
f 383/271/383 374/266/374 373/265/373
f 374/266/374 383/271/383 384/272/384
f 393/95/393 394/96/394 395/97/395
f 393/95/393 395/97/395 396/98/396
f 397/277/397 398/278/398 399/279/399
f 398/278/398 400/280/400 399/279/399
f 401/281/401 402/282/402 403/283/403
f 402/282/402 401/281/401 404/284/404
f 405/285/405 406/286/406 407/287/407
f 406/286/406 405/285/405 408/288/408
f 409/289/409 410/290/410 411/291/411
f 410/290/410 409/289/409 412/292/412
f 413/293/413 414/294/414 415/295/415
f 414/294/414 413/293/413 416/296/416
f 417/297/417 418/298/418 419/299/419
f 417/297/417 419/299/419 420/300/420
f 421/301/421 422/302/422 423/303/423
f 421/301/421 423/303/423 424/304/424
f 425/305/425 426/306/426 427/307/427
f 425/305/425 427/307/427 428/308/428
f 429/309/429 430/310/430 431/311/431
f 429/309/429 431/311/431 432/312/432
f 433/313/433 434/314/434 435/315/435
f 433/313/433 435/315/435 436/316/436
f 437/317/437 438/318/438 439/319/439
f 438/318/438 437/317/437 440/320/440
f 441/281/441 442/282/442 443/283/443
f 442/282/442 441/281/441 444/284/444
f 445/285/445 446/286/446 447/287/447
f 446/286/446 445/285/445 448/288/448
f 449/289/449 450/290/450 451/291/451
f 450/290/450 449/289/449 452/292/452
f 453/293/453 454/294/454 455/295/455
f 454/294/454 453/293/453 456/296/456
f 457/299/457 458/300/458 459/297/459
f 457/299/457 459/297/459 460/298/460
f 461/304/461 462/301/462 463/303/463
f 463/303/463 462/301/462 464/302/464
f 465/308/465 466/305/466 467/307/467
f 467/307/467 466/305/466 468/306/468
f 469/312/469 470/309/470 471/311/471
f 471/311/471 470/309/470 472/310/472
f 473/316/473 474/313/474 475/315/475
f 475/315/475 474/313/474 476/314/476
f 477/318/477 478/317/478 479/320/479
f 478/317/478 477/318/477 480/319/480
f 481/282/481 482/281/482 483/284/483
f 482/281/482 481/282/481 484/283/484
f 485/286/485 486/285/486 487/288/487
f 486/285/486 485/286/485 488/287/488
f 489/290/489 490/289/490 491/292/491
f 490/289/490 489/290/489 492/291/492
f 493/294/493 494/293/494 495/296/495
f 494/293/494 493/294/493 496/295/496
f 497/297/497 498/298/498 499/299/499
f 497/297/497 499/299/499 500/300/500
f 501/301/501 502/302/502 503/303/503
f 501/301/501 503/303/503 504/304/504
f 505/305/505 506/306/506 507/307/507
f 505/305/505 507/307/507 508/308/508
f 509/309/509 510/310/510 511/311/511
f 509/309/509 511/311/511 512/312/512
f 513/313/513 514/314/514 515/315/515
f 513/313/513 515/315/515 516/316/516
f 517/317/517 518/318/518 519/319/519
f 518/318/518 517/317/517 520/320/520
f 521/281/521 522/282/522 523/283/523
f 522/282/522 521/281/521 524/284/524
f 525/285/525 526/286/526 527/287/527
f 526/286/526 525/285/525 528/288/528
f 529/289/529 530/290/530 531/291/531
f 530/290/530 529/289/529 532/292/532
f 533/293/533 534/294/534 535/295/535
f 534/294/534 533/293/533 536/296/536
f 537/297/537 538/298/538 539/299/539
f 537/297/537 539/299/539 540/300/540
f 541/301/541 542/302/542 543/303/543
f 541/301/541 543/303/543 544/304/544
f 545/305/545 546/306/546 547/307/547
f 545/305/545 547/307/547 548/308/548
f 549/309/549 550/310/550 551/311/551
f 549/309/549 551/311/551 552/312/552
f 553/313/553 554/314/554 555/315/555
f 553/313/553 555/315/555 556/316/556
f 557/317/557 558/318/558 559/319/559
f 558/318/558 557/317/557 560/320/560
f 403/283/403 561/321/561 562/322/562
f 561/321/561 403/283/403 402/282/402
f 407/287/407 563/323/563 564/324/564
f 563/323/563 407/287/407 406/286/406
f 411/291/411 565/325/565 566/326/566
f 565/325/565 411/291/411 410/290/410
f 415/295/415 567/327/567 568/328/568
f 567/327/567 415/295/415 414/294/414
f 569/329/569 420/300/420 570/330/570
f 569/329/569 417/297/417 420/300/420
f 421/301/421 424/304/424 571/331/571
f 571/331/571 424/304/424 572/332/572
f 425/305/425 428/308/428 573/333/573
f 573/333/573 428/308/428 574/334/574
f 429/309/429 432/312/432 575/335/575
f 575/335/575 432/312/432 576/336/576
f 433/313/433 436/316/436 577/337/577
f 577/337/577 436/316/436 578/338/578
f 439/319/439 579/339/579 580/340/580
f 579/339/579 439/319/439 438/318/438
f 443/283/443 581/321/581 582/322/582
f 581/321/581 443/283/443 442/282/442
f 447/287/447 583/323/583 584/324/584
f 583/323/583 447/287/447 446/286/446
f 451/291/451 585/325/585 586/326/586
f 585/325/585 451/291/451 450/290/450
f 455/295/455 587/327/587 588/328/588
f 587/327/587 455/295/455 454/294/454
f 589/330/589 590/329/590 458/300/458
f 459/297/459 458/300/458 590/329/590
f 591/332/591 592/331/592 461/304/461
f 462/301/462 461/304/461 592/331/592
f 593/334/593 594/333/594 465/308/465
f 465/308/465 594/333/594 466/305/466
f 595/336/595 596/335/596 469/312/469
f 469/312/469 596/335/596 470/309/470
f 597/338/597 598/337/598 473/316/473
f 473/316/473 598/337/598 474/313/474
f 599/339/599 480/319/480 477/318/477
f 480/319/480 599/339/599 600/340/600
f 601/321/601 484/283/484 481/282/481
f 484/283/484 601/321/601 602/322/602
f 603/323/603 488/287/488 485/286/485
f 488/287/488 603/323/603 604/324/604
f 605/325/605 492/291/492 489/290/489
f 492/291/492 605/325/605 606/326/606
f 607/327/607 496/295/496 493/294/493
f 496/295/496 607/327/607 608/328/608
f 609/329/609 500/300/500 610/330/610
f 609/329/609 497/297/497 500/300/500
f 501/301/501 504/304/504 611/331/611
f 611/331/611 504/304/504 612/332/612
f 505/305/505 508/308/508 613/333/613
f 613/333/613 508/308/508 614/334/614
f 509/309/509 512/312/512 615/335/615
f 615/335/615 512/312/512 616/336/616
f 513/313/513 516/316/516 617/337/617
f 617/337/617 516/316/516 618/338/618
f 519/319/519 619/339/619 620/340/620
f 619/339/619 519/319/519 518/318/518
f 523/283/523 621/321/621 622/322/622
f 621/321/621 523/283/523 522/282/522
f 527/287/527 623/323/623 624/324/624
f 623/323/623 527/287/527 526/286/526
f 531/291/531 625/325/625 626/326/626
f 625/325/625 531/291/531 530/290/530
f 535/295/535 627/327/627 628/328/628
f 627/327/627 535/295/535 534/294/534
f 629/329/629 540/300/540 630/330/630
f 629/329/629 537/297/537 540/300/540
f 541/301/541 544/304/544 631/331/631
f 631/331/631 544/304/544 632/332/632
f 545/305/545 548/308/548 633/333/633
f 633/333/633 548/308/548 634/334/634
f 549/309/549 552/312/552 635/335/635
f 635/335/635 552/312/552 636/336/636
f 553/313/553 556/316/556 637/337/637
f 637/337/637 556/316/556 638/338/638
f 559/319/559 639/339/639 640/340/640
f 639/339/639 559/319/559 558/318/558
f 399/279/399 400/280/400 641/341/641
f 400/280/400 642/342/642 641/341/641
f 390/274/390 389/273/389 643/343/643
f 389/273/389 644/344/644 643/343/643
f 11/11/11 12/12/12 645/345/645
f 645/345/645 12/12/12 646/346/646
f 647/347/647 648/348/648 379/267/379
f 380/268/380 379/267/379 648/348/648
f 22/22/22 649/349/649 21/21/21
f 649/349/649 22/22/22 650/350/650
f 651/351/651 652/352/652 369/261/369
f 370/262/370 369/261/369 652/352/652
f 32/32/32 653/353/653 30/30/30
f 653/353/653 32/32/32 654/354/654
f 655/355/655 362/258/362 359/255/359
f 362/258/362 655/355/655 656/356/656
f 657/357/657 41/41/41 658/358/658
f 41/41/41 657/357/657 39/39/39
f 659/359/659 352/252/352 349/249/349
f 352/252/352 659/359/659 660/360/660
f 661/361/661 51/51/51 662/362/662
f 51/51/51 661/361/661 49/49/49
f 663/363/663 342/246/342 339/243/339
f 342/246/342 663/363/663 664/364/664
f 665/365/665 61/61/61 666/366/666
f 61/61/61 665/365/665 59/59/59
f 667/367/667 332/240/332 329/237/329
f 332/240/332 667/367/667 668/368/668
f 669/369/669 72/72/72 69/69/69
f 72/72/72 669/369/669 670/370/670
f 671/371/671 322/234/322 319/231/319
f 322/234/322 671/371/671 672/372/672
f 673/373/673 82/82/82 79/79/79
f 82/82/82 673/373/673 674/374/674
f 675/375/675 312/228/312 309/225/309
f 312/228/312 675/375/675 676/376/676
f 677/377/677 92/92/92 89/89/89
f 92/92/92 677/377/677 678/378/678
f 301/221/301 679/379/679 680/380/680
f 679/379/679 301/221/301 300/220/300
f 681/381/681 102/102/102 99/99/99
f 102/102/102 681/381/681 682/382/682
f 291/215/291 683/383/683 684/384/684
f 683/383/683 291/215/291 290/214/290
f 685/385/685 112/108/112 109/105/109
f 112/108/112 685/385/685 686/386/686
f 281/209/281 687/387/687 688/388/688
f 687/387/687 281/209/281 280/208/280
f 122/114/122 689/389/689 690/390/690
f 689/389/689 122/114/122 119/111/119
f 271/203/271 691/391/691 692/392/692
f 691/391/691 271/203/271 270/202/270
f 131/119/131 693/393/693 694/394/694
f 693/393/693 131/119/131 130/118/130
f 260/196/260 259/195/259 695/395/695
f 259/195/259 696/396/696 695/395/695
f 141/125/141 697/397/697 698/398/698
f 697/397/697 141/125/141 140/124/140
f 699/399/699 700/400/700 249/189/249
f 250/190/250 249/189/249 700/400/700
f 151/131/151 701/401/701 702/402/702
f 701/401/701 151/131/151 150/130/150
f 703/403/703 704/404/704 239/183/239
f 240/184/240 239/183/239 704/404/704
f 161/137/161 705/405/705 706/406/706
f 705/405/705 161/137/161 160/136/160
f 707/407/707 708/408/708 229/177/229
f 229/177/229 708/408/708 230/178/230
f 171/143/171 709/409/709 169/141/169
f 709/409/709 171/143/171 710/410/710
f 711/411/711 712/412/712 219/171/219
f 219/171/219 712/412/712 220/172/220
f 713/413/713 181/149/181 714/414/714
f 181/149/181 713/413/713 179/147/179
f 715/415/715 211/167/211 716/416/716
f 211/167/211 715/415/715 209/165/209
f 717/417/717 191/155/191 718/418/718
f 191/155/191 717/417/717 189/153/189
f 719/419/719 201/161/201 720/420/720
f 201/161/201 719/419/719 199/159/199
f 641/341/641 642/342/642 373/265/373
f 643/343/643 644/344/644 383/271/383
f 645/345/645 646/346/646 354/254/354
f 648/348/648 647/347/647 363/259/363
f 649/349/649 650/350/650 334/242/334
f 652/352/652 651/351/651 344/248/344
f 653/353/653 654/354/654 313/229/313
f 656/356/656 655/355/655 324/236/324
f 657/357/657 658/358/658 293/217/293
f 660/360/660 659/359/659 304/224/304
f 661/361/661 662/362/662 273/205/273
f 664/364/664 663/363/663 284/212/284
f 665/365/665 666/366/666 253/193/253
f 668/368/668 667/367/667 263/199/263
f 670/370/670 669/369/669 233/181/233
f 672/372/672 671/371/671 244/188/244
f 674/374/674 673/373/673 213/169/213
f 676/376/676 675/375/675 224/176/224
f 678/378/678 677/377/677 193/157/193
f 680/380/680 679/379/679 204/164/204
f 682/382/682 681/381/681 174/146/174
f 684/384/684 683/383/683 184/152/184
f 686/386/686 685/385/685 153/133/153
f 688/388/688 687/387/687 164/140/164
f 690/390/690 689/389/689 133/121/133
f 692/392/692 691/391/691 144/128/144
f 694/394/694 693/393/693 113/109/113
f 695/395/695 696/396/696 124/116/124
f 698/398/698 697/397/697 93/93/93
f 700/400/700 699/399/699 104/104/104
f 702/402/702 701/401/701 73/73/73
f 704/404/704 703/403/703 84/84/84
f 706/406/706 705/405/705 53/53/53
f 708/408/708 707/407/707 63/63/63
f 709/409/709 710/410/710 34/34/34
f 712/412/712 711/411/711 43/43/43
f 713/413/713 714/414/714 13/13/13
f 715/415/715 716/416/716 24/24/24
f 717/417/717 718/418/718 2/2/2
f 719/419/719 720/420/720 4/4/4
f 721/421/721 405/285/405 404/284/404
f 405/285/405 721/421/721 722/422/722
f 723/423/723 409/289/409 408/288/408
f 409/289/409 723/423/723 724/424/724
f 725/425/725 413/293/413 412/292/412
f 413/293/413 725/425/725 726/426/726
f 727/427/727 418/298/418 416/296/416
f 418/298/418 727/427/727 728/428/728
f 419/299/419 729/429/729 422/302/422
f 729/429/729 419/299/419 730/430/730
f 423/303/423 731/431/731 426/306/426
f 731/431/731 423/303/423 732/432/732
f 427/307/427 733/433/733 430/310/430
f 733/433/733 427/307/427 734/434/734
f 431/311/431 735/435/735 434/314/434
f 735/435/735 431/311/431 736/436/736
f 435/315/435 737/437/737 437/317/437
f 737/437/737 435/315/435 738/438/738
f 739/439/739 740/440/740 440/320/440
f 740/440/740 739/439/739 741/441/741
f 742/421/742 445/285/445 444/284/444
f 445/285/445 742/421/742 743/422/743
f 744/423/744 449/289/449 448/288/448
f 449/289/449 744/423/744 745/424/745
f 746/425/746 453/293/453 452/292/452
f 453/293/453 746/425/746 747/426/747
f 748/427/748 460/298/460 456/296/456
f 460/298/460 748/427/748 749/428/749
f 750/429/750 457/299/457 751/430/751
f 457/299/457 750/429/750 464/302/464
f 752/431/752 463/303/463 753/432/753
f 463/303/463 752/431/752 468/306/468
f 754/433/754 467/307/467 755/434/755
f 467/307/467 754/433/754 472/310/472
f 756/435/756 471/311/471 757/436/757
f 471/311/471 756/435/756 476/314/476
f 758/437/758 475/315/475 759/438/759
f 475/315/475 758/437/758 478/317/478
f 760/441/760 761/440/761 762/439/762
f 761/440/761 479/320/479 762/439/762
f 763/422/763 486/285/486 764/421/764
f 486/285/486 483/284/483 764/421/764
f 765/424/765 490/289/490 766/423/766
f 490/289/490 487/288/487 766/423/766
f 767/426/767 494/293/494 768/425/768
f 494/293/494 491/292/491 768/425/768
f 769/428/769 498/298/498 770/427/770
f 498/298/498 495/296/495 770/427/770
f 499/299/499 771/429/771 502/302/502
f 771/429/771 499/299/499 772/430/772
f 503/303/503 773/431/773 506/306/506
f 773/431/773 503/303/503 774/432/774
f 507/307/507 775/433/775 510/310/510
f 775/433/775 507/307/507 776/434/776
f 511/311/511 777/435/777 514/314/514
f 777/435/777 511/311/511 778/436/778
f 515/315/515 779/437/779 517/317/517
f 779/437/779 515/315/515 780/438/780
f 781/439/781 782/440/782 520/320/520
f 782/440/782 781/439/781 783/441/783
f 784/421/784 525/285/525 524/284/524
f 525/285/525 784/421/784 785/422/785
f 786/423/786 529/289/529 528/288/528
f 529/289/529 786/423/786 787/424/787
f 788/425/788 533/293/533 532/292/532
f 533/293/533 788/425/788 789/426/789
f 790/427/790 538/298/538 536/296/536
f 538/298/538 790/427/790 791/428/791
f 539/299/539 792/429/792 542/302/542
f 792/429/792 539/299/539 793/430/793
f 543/303/543 794/431/794 546/306/546
f 794/431/794 543/303/543 795/432/795
f 547/307/547 796/433/796 550/310/550
f 796/433/796 547/307/547 797/434/797
f 551/311/551 798/435/798 554/314/554
f 798/435/798 551/311/551 799/436/799
f 555/315/555 800/437/800 557/317/557
f 800/437/800 555/315/555 801/438/801
f 802/439/802 803/440/803 560/320/560
f 803/440/803 802/439/802 804/441/804
f 805/442/805 806/443/806 7/7/7
f 7/7/7 806/443/806 16/16/16
f 17/17/17 807/444/807 808/445/808
f 17/17/17 808/445/808 26/26/26
f 809/446/809 810/447/810 395/97/395
f 395/97/395 810/447/810 811/448/811
f 27/27/27 812/449/812 813/450/813
f 27/27/27 813/450/813 36/36/36
f 814/451/814 394/96/394 388/88/388
f 394/96/394 814/451/814 815/452/815
f 37/37/37 816/453/816 817/454/817
f 37/37/37 817/454/817 45/45/45
f 818/455/818 385/85/385 378/78/378
f 385/85/385 818/455/818 819/456/819
f 820/457/820 55/55/55 48/48/48
f 55/55/55 820/457/820 821/458/821
f 822/459/822 375/75/375 368/68/368
f 375/75/375 822/459/822 823/460/823
f 824/461/824 65/65/65 58/58/58
f 65/65/65 824/461/824 825/462/825
f 826/461/826 365/65/365 358/58/358
f 365/65/365 826/461/826 827/462/827
f 828/459/828 75/75/75 68/68/68
f 75/75/75 828/459/828 829/460/829
f 830/457/830 355/55/355 348/48/348
f 355/55/355 830/457/830 831/458/831
f 832/455/832 85/85/85 78/78/78
f 85/85/85 832/455/832 833/456/833
f 337/37/337 834/453/834 835/454/835
f 337/37/337 835/454/835 345/45/345
f 836/451/836 96/96/96 88/88/88
f 96/96/96 836/451/836 837/452/837
f 327/27/327 838/449/838 839/450/839
f 327/27/327 839/450/839 336/36/336
f 840/446/840 841/447/841 97/97/97
f 97/97/97 841/447/841 842/448/842
f 317/17/317 843/444/843 844/445/844
f 317/17/317 844/445/844 326/26/326
f 845/442/845 846/443/846 107/7/107
f 107/7/107 846/443/846 116/16/116
f 847/442/847 848/443/848 307/7/307
f 307/7/307 848/443/848 316/16/316
f 117/17/117 849/444/849 850/445/850
f 117/17/117 850/445/850 126/26/126
f 851/446/851 852/447/852 297/97/297
f 297/97/297 852/447/852 853/448/853
f 127/27/127 854/449/854 855/450/855
f 127/27/127 855/450/855 136/36/136
f 856/451/856 296/96/296 288/88/288
f 296/96/296 856/451/856 857/452/857
f 137/37/137 858/453/858 859/454/859
f 137/37/137 859/454/859 146/45/146
f 860/455/860 285/85/285 278/78/278
f 285/85/285 860/455/860 861/456/861
f 156/55/156 862/457/862 863/458/863
f 862/457/862 156/55/156 147/48/147
f 864/459/864 275/75/275 268/68/268
f 275/75/275 864/459/864 865/460/865
f 166/65/166 866/461/866 867/462/867
f 866/461/866 166/65/166 157/58/157
f 868/461/868 265/65/265 258/58/258
f 265/65/265 868/461/868 869/462/869
f 176/75/176 870/459/870 871/460/871
f 870/459/870 176/75/176 167/68/167
f 872/457/872 255/55/255 248/48/248
f 255/55/255 872/457/872 873/458/873
f 186/85/186 874/455/874 875/456/875
f 874/455/874 186/85/186 177/78/177
f 876/454/876 245/45/245 235/37/235
f 876/454/876 235/37/235 877/453/877
f 198/96/198 878/451/878 879/452/879
f 878/451/878 198/96/198 187/88/187
f 880/450/880 238/36/238 225/27/225
f 880/450/880 225/27/225 881/449/881
f 882/447/882 883/448/883 195/97/195
f 882/447/882 195/97/195 884/446/884
f 885/445/885 228/26/228 215/17/215
f 885/445/885 215/17/215 886/444/886
f 887/443/887 218/16/218 205/7/205
f 887/443/887 205/7/205 888/442/888
f 889/463/889 890/464/890 805/442/805
f 805/442/805 890/464/890 806/443/806
f 891/465/891 892/466/892 807/444/807
f 808/445/808 807/444/807 892/466/892
f 893/467/893 894/468/894 809/446/809
f 809/446/809 894/468/894 810/447/810
f 813/450/813 812/449/812 895/469/895
f 812/449/812 896/470/896 895/469/895
f 897/471/897 814/451/814 898/472/898
f 814/451/814 897/471/897 815/452/815
f 817/454/817 816/453/816 899/473/899
f 816/453/816 900/474/900 899/473/899
f 901/475/901 818/455/818 902/476/902
f 818/455/818 901/475/901 819/456/819
f 821/458/821 903/477/903 904/478/904
f 903/477/903 821/458/821 820/457/820
f 905/479/905 822/459/822 906/480/906
f 822/459/822 905/479/905 823/460/823
f 825/462/825 907/481/907 908/482/908
f 907/481/907 825/462/825 824/461/824
f 909/482/909 826/461/826 910/481/910
f 826/461/826 909/482/909 827/462/827
f 829/460/829 911/480/911 912/479/912
f 911/480/911 829/460/829 828/459/828
f 830/457/830 913/478/913 831/458/831
f 913/478/913 830/457/830 914/477/914
f 833/456/833 915/476/915 916/475/916
f 915/476/915 833/456/833 832/455/832
f 835/454/835 917/474/917 918/473/918
f 917/474/917 835/454/835 834/453/834
f 919/472/919 837/452/837 836/451/836
f 837/452/837 919/472/919 920/471/920
f 839/450/839 921/470/921 922/469/922
f 921/470/921 839/450/839 838/449/838
f 923/467/923 841/447/841 840/446/840
f 841/447/841 923/467/923 924/468/924
f 844/445/844 925/465/925 926/466/926
f 925/465/925 844/445/844 843/444/843
f 927/463/927 846/443/846 845/442/845
f 846/443/846 927/463/927 928/464/928
f 848/443/848 929/463/929 930/464/930
f 929/463/929 848/443/848 847/442/847
f 931/465/931 850/445/850 849/444/849
f 850/445/850 931/465/931 932/466/932
f 852/447/852 933/467/933 934/468/934
f 933/467/933 852/447/852 851/446/851
f 935/470/935 855/450/855 854/449/854
f 855/450/855 935/470/935 936/469/936
f 937/472/937 857/452/857 856/451/856
f 857/452/857 937/472/937 938/471/938
f 939/474/939 859/454/859 858/453/858
f 859/454/859 939/474/939 940/473/940
f 941/476/941 861/456/861 860/455/860
f 861/456/861 941/476/941 942/475/942
f 943/477/943 944/478/944 862/457/862
f 863/458/863 862/457/862 944/478/944
f 945/480/945 865/460/865 864/459/864
f 865/460/865 945/480/945 946/479/946
f 867/462/867 866/461/866 947/482/947
f 866/461/866 948/481/948 947/482/947
f 949/481/949 869/462/869 868/461/868
f 869/462/869 949/481/949 950/482/950
f 871/460/871 870/459/870 951/479/951
f 870/459/870 952/480/952 951/479/951
f 953/477/953 873/458/873 872/457/872
f 873/458/873 953/477/953 954/478/954
f 875/456/875 874/455/874 955/475/955
f 874/455/874 956/476/956 955/475/955
f 957/473/957 877/453/877 958/474/958
f 877/453/877 957/473/957 876/454/876
f 879/452/879 878/451/878 959/471/959
f 959/471/959 878/451/878 960/472/960
f 961/469/961 881/449/881 962/470/962
f 881/449/881 961/469/961 880/450/880
f 884/446/884 963/468/963 882/447/882
f 963/468/963 884/446/884 964/467/964
f 965/466/965 886/444/886 966/465/966
f 886/444/886 965/466/965 885/445/885
f 888/442/888 967/464/967 887/443/887
f 967/464/967 888/442/888 968/463/968
f 969/483/969 970/484/970 971/485/971
f 972/486/972 973/487/973 974/488/974
f 975/489/975 976/490/976 977/491/977
f 978/492/978 979/493/979 980/494/980
f 981/495/981 982/496/982 983/497/983
f 984/498/984 985/499/985 986/500/986
f 987/501/987 988/502/988 989/503/989
f 990/504/990 991/505/991 992/506/992
f 993/507/993 994/508/994 995/509/995
f 996/510/996 997/511/997 998/512/998
f 999/513/999 1000/514/1000 1001/515/1001
f 1002/516/1002 1003/517/1003 1004/518/1004
f 1005/519/1005 1006/520/1006 1007/521/1007
f 1008/522/1008 1009/523/1009 1010/524/1010
f 1011/525/1011 1012/526/1012 1013/527/1013
f 1014/528/1014 1015/529/1015 1016/530/1016
f 1017/531/1017 1018/532/1018 1019/533/1019
f 1020/534/1020 1021/535/1021 1022/536/1022
f 1023/537/1023 1024/538/1024 1025/539/1025
f 1026/540/1026 1027/541/1027 1028/542/1028
f 1029/543/1029 1030/544/1030 1031/545/1031
f 1032/546/1032 1033/547/1033 1034/548/1034
f 1035/549/1035 1036/550/1036 1037/551/1037
f 1038/552/1038 1039/553/1039 1040/554/1040
f 1041/555/1041 1042/556/1042 1043/557/1043
f 1044/558/1044 1045/559/1045 1046/560/1046
f 1047/561/1047 1048/562/1048 1049/563/1049
f 1050/564/1050 1051/565/1051 1052/566/1052
f 1053/567/1053 1054/568/1054 1055/569/1055
f 1056/570/1056 1057/571/1057 1058/572/1058
f 1059/573/1059 1060/574/1060 1061/575/1061
f 1062/576/1062 1063/577/1063 1064/578/1064
f 1065/579/1065 1066/580/1066 1067/581/1067
f 1068/582/1068 1069/583/1069 1070/584/1070
f 1071/585/1071 1072/586/1072 1073/587/1073
f 1074/588/1074 1075/589/1075 1076/590/1076
f 1077/591/1077 1078/592/1078 1079/593/1079
f 1080/594/1080 1081/595/1081 1082/596/1082
f 1083/597/1083 1084/598/1084 1085/599/1085
f 1086/600/1086 1087/601/1087 1088/602/1088
f 1089/603/1089 971/485/971 977/491/977
f 971/485/971 1089/603/1089 1090/604/1090
f 971/485/971 1091/605/1091 974/488/974
f 1091/605/1091 971/485/971 1090/604/1090
f 1092/606/1092 977/491/977 983/497/983
f 977/491/977 1092/606/1092 1089/603/1089
f 974/488/974 1093/607/1093 980/494/980
f 1093/607/1093 974/488/974 1091/605/1091
f 989/503/989 1092/606/1092 983/497/983
f 1092/606/1092 989/503/989 1094/608/1094
f 980/494/980 1095/609/1095 986/500/986
f 1095/609/1095 980/494/980 1093/607/1093
f 1094/608/1094 995/509/995 1096/610/1096
f 995/509/995 1094/608/1094 989/503/989
f 986/500/986 1097/611/1097 992/506/992
f 1097/611/1097 986/500/986 1095/609/1095
f 1096/610/1096 1001/515/1001 1098/612/1098
f 1001/515/1001 1096/610/1096 995/509/995
f 1099/613/1099 998/512/998 1097/611/1097
f 998/512/998 992/506/992 1097/611/1097
f 1098/612/1098 1007/521/1007 1100/614/1100
f 1007/521/1007 1098/612/1098 1001/515/1001
f 1101/615/1101 998/512/998 1099/613/1099
f 998/512/998 1101/615/1101 1004/518/1004
f 1102/616/1102 1100/614/1100 1007/521/1007
f 1007/521/1007 1013/527/1013 1102/616/1102
f 1103/617/1103 1004/518/1004 1101/615/1101
f 1004/518/1004 1103/617/1103 1010/524/1010
f 1102/616/1102 1013/527/1013 1104/618/1104
f 1013/527/1013 1019/533/1019 1104/618/1104
f 1103/617/1103 1105/619/1105 1016/530/1016
f 1016/530/1016 1010/524/1010 1103/617/1103
f 1104/618/1104 1025/539/1025 1106/620/1106
f 1025/539/1025 1104/618/1104 1019/533/1019
f 1107/621/1107 1016/530/1016 1105/619/1105
f 1016/530/1016 1107/621/1107 1022/536/1022
f 1106/620/1106 1031/545/1031 1108/622/1108
f 1031/545/1031 1106/620/1106 1025/539/1025
f 1028/542/1028 1107/621/1107 1109/623/1109
f 1107/621/1107 1028/542/1028 1022/536/1022
f 1037/551/1037 1110/624/1110 1031/545/1031
f 1031/545/1031 1110/624/1110 1108/622/1108
f 1111/625/1111 1028/542/1028 1109/623/1109
f 1028/542/1028 1111/625/1111 1034/548/1034
f 1043/557/1043 1110/624/1110 1037/551/1037
f 1110/624/1110 1043/557/1043 1112/626/1112
f 1111/625/1111 1040/554/1040 1034/548/1034
f 1040/554/1040 1111/625/1111 1113/627/1113
f 1114/628/1114 1043/557/1043 1049/563/1049
f 1043/557/1043 1114/628/1114 1112/626/1112
f 1113/627/1113 1046/560/1046 1040/554/1040
f 1046/560/1046 1113/627/1113 1115/629/1115
f 1055/569/1055 1114/628/1114 1049/563/1049
f 1114/628/1114 1055/569/1055 1116/630/1116
f 1115/629/1115 1052/566/1052 1046/560/1046
f 1052/566/1052 1115/629/1115 1117/631/1117
f 1061/575/1061 1116/630/1116 1055/569/1055
f 1116/630/1116 1061/575/1061 1118/632/1118
f 1052/566/1052 1119/633/1119 1058/572/1058
f 1119/633/1119 1052/566/1052 1117/631/1117
f 1067/581/1067 1118/632/1118 1061/575/1061
f 1118/632/1118 1067/581/1067 1120/634/1120
f 1058/572/1058 1121/635/1121 1064/578/1064
f 1121/635/1121 1058/572/1058 1119/633/1119
f 1120/634/1120 1073/587/1073 1122/636/1122
f 1073/587/1073 1120/634/1120 1067/581/1067
f 1064/578/1064 1123/637/1123 1070/584/1070
f 1123/637/1123 1064/578/1064 1121/635/1121
f 1122/636/1122 1079/593/1079 1124/638/1124
f 1079/593/1079 1122/636/1122 1073/587/1073
f 1125/639/1125 1076/590/1076 1123/637/1123
f 1076/590/1076 1070/584/1070 1123/637/1123
f 1126/640/1126 1124/638/1124 1079/593/1079
f 1126/640/1126 1079/593/1079 1085/599/1085
f 1127/641/1127 1082/596/1082 1125/639/1125
f 1082/596/1082 1076/590/1076 1125/639/1125
f 1126/640/1126 1088/602/1088 1128/642/1128
f 1088/602/1088 1126/640/1126 1085/599/1085
f 1128/642/1128 1082/596/1082 1127/641/1127
f 1082/596/1082 1128/642/1128 1088/602/1088
f 8/8/8 722/422/722 721/421/721
f 722/422/722 8/8/8 15/15/15
f 18/18/18 724/424/724 723/423/723
f 724/424/724 18/18/18 25/25/25
f 28/28/28 726/426/726 725/425/725
f 726/426/726 28/28/28 35/35/35
f 38/38/38 728/428/728 727/427/727
f 728/428/728 38/38/38 47/47/47
f 730/430/730 46/46/46 57/57/57
f 730/430/730 57/57/57 729/429/729
f 732/432/732 56/56/56 67/67/67
f 732/432/732 67/67/67 731/431/731
f 734/434/734 66/66/66 77/77/77
f 734/434/734 77/77/77 733/433/733
f 736/436/736 76/76/76 87/87/87
f 736/436/736 87/87/87 735/435/735
f 738/438/738 86/86/86 95/95/95
f 738/438/738 95/95/95 737/437/737
f 98/98/98 741/441/741 739/439/739
f 741/441/741 98/98/98 1129/643/1129
f 108/8/108 743/422/743 742/421/742
f 743/422/743 108/8/108 115/15/115
f 118/18/118 745/424/745 744/423/744
f 745/424/745 118/18/118 125/25/125
f 128/28/128 747/426/747 746/425/746
f 747/426/747 128/28/128 135/35/135
f 138/38/138 749/428/749 748/427/748
f 749/428/749 138/38/138 148/47/148
f 158/57/158 750/429/750 751/430/751
f 158/57/158 751/430/751 145/46/145
f 168/67/168 752/431/752 753/432/753
f 168/67/168 753/432/753 155/56/155
f 178/77/178 754/433/754 755/434/755
f 178/77/178 755/434/755 165/66/165
f 188/87/188 756/435/756 757/436/757
f 188/87/188 757/436/757 175/76/175
f 197/95/197 758/437/758 759/438/759
f 197/95/197 759/438/759 185/86/185
f 760/441/760 196/98/196 1130/643/1130
f 196/98/196 760/441/760 762/439/762
f 763/422/763 206/8/206 217/15/217
f 206/8/206 763/422/763 764/421/764
f 765/424/765 216/18/216 227/25/227
f 216/18/216 765/424/765 766/423/766
f 767/426/767 226/28/226 237/35/237
f 226/28/226 767/426/767 768/425/768
f 769/428/769 236/38/236 247/47/247
f 236/38/236 769/428/769 770/427/770
f 772/430/772 246/46/246 257/57/257
f 772/430/772 257/57/257 771/429/771
f 774/432/774 256/56/256 267/67/267
f 774/432/774 267/67/267 773/431/773
f 776/434/776 266/66/266 277/77/277
f 776/434/776 277/77/277 775/433/775
f 778/436/778 276/76/276 287/87/287
f 778/436/778 287/87/287 777/435/777
f 780/438/780 286/86/286 295/95/295
f 780/438/780 295/95/295 779/437/779
f 298/98/298 783/441/783 781/439/781
f 783/441/783 298/98/298 1131/643/1131
f 308/8/308 785/422/785 784/421/784
f 785/422/785 308/8/308 315/15/315
f 318/18/318 787/424/787 786/423/786
f 787/424/787 318/18/318 325/25/325
f 328/28/328 789/426/789 788/425/788
f 789/426/789 328/28/328 335/35/335
f 338/38/338 791/428/791 790/427/790
f 791/428/791 338/38/338 347/47/347
f 793/430/793 346/46/346 357/57/357
f 793/430/793 357/57/357 792/429/792
f 795/432/795 356/56/356 367/67/367
f 795/432/795 367/67/367 794/431/794
f 797/434/797 366/66/366 377/77/377
f 797/434/797 377/77/377 796/433/796
f 799/436/799 376/76/376 387/87/387
f 799/436/799 387/87/387 798/435/798
f 801/438/801 386/86/386 393/95/393
f 801/438/801 393/95/393 800/437/800
f 396/98/396 804/441/804 802/439/802
f 804/441/804 396/98/396 1132/643/1132
f 8/8/8 7/7/7 16/16/16
f 8/8/8 16/16/16 15/15/15
f 399/279/399 12/12/12 10/10/10
f 10/10/10 397/277/397 399/279/399
f 18/18/18 17/17/17 26/26/26
f 18/18/18 26/26/26 25/25/25
f 11/11/11 22/22/22 20/20/20
f 20/20/20 9/9/9 11/11/11
f 28/28/28 27/27/27 36/36/36
f 28/28/28 36/36/36 35/35/35
f 21/21/21 32/32/32 29/29/29
f 29/29/29 19/19/19 21/21/21
f 38/38/38 37/37/37 45/45/45
f 38/38/38 45/45/45 47/47/47
f 30/30/30 41/41/41 40/40/40
f 30/30/30 40/40/40 31/31/31
f 48/48/48 57/57/57 46/46/46
f 57/57/57 48/48/48 55/55/55
f 39/39/39 51/51/51 50/50/50
f 39/39/39 50/50/50 42/42/42
f 58/58/58 67/67/67 56/56/56
f 67/67/67 58/58/58 65/65/65
f 49/49/49 61/61/61 60/60/60
f 49/49/49 60/60/60 52/52/52
f 68/68/68 77/77/77 66/66/66
f 77/77/77 68/68/68 75/75/75
f 69/69/69 62/62/62 59/59/59
f 62/62/62 69/69/69 71/71/71
f 78/78/78 87/87/87 76/76/76
f 87/87/87 78/78/78 85/85/85
f 79/79/79 70/70/70 72/72/72
f 70/70/70 79/79/79 81/81/81
f 88/88/88 95/95/95 86/86/86
f 95/95/95 88/88/88 96/96/96
f 80/80/80 89/89/89 91/91/91
f 89/89/89 80/80/80 82/82/82
f 98/98/98 97/97/97 842/448/842
f 98/98/98 842/448/842 1129/643/1129
f 90/90/90 99/99/99 101/101/101
f 99/99/99 90/90/90 92/92/92
f 108/8/108 107/7/107 116/16/116
f 108/8/108 116/16/116 115/15/115
f 100/100/100 109/105/109 111/107/111
f 109/105/109 100/100/100 102/102/102
f 118/18/118 117/17/117 126/26/126
f 118/18/118 126/26/126 125/25/125
f 110/106/110 119/111/119 121/113/121
f 119/111/119 110/106/110 112/108/112
f 128/28/128 127/27/127 136/36/136
f 128/28/128 136/36/136 135/35/135
f 120/112/120 130/118/130 132/120/132
f 130/118/130 120/112/120 122/114/122
f 138/38/138 137/37/137 146/45/146
f 138/38/138 146/45/146 148/47/148
f 140/124/140 129/117/129 131/119/131
f 129/117/129 140/124/140 142/126/142
f 158/57/158 147/48/147 156/55/156
f 147/48/147 158/57/158 145/46/145
f 150/130/150 139/123/139 141/125/141
f 139/123/139 150/130/150 152/132/152
f 168/67/168 157/58/157 166/65/166
f 157/58/157 168/67/168 155/56/155
f 160/136/160 149/129/149 151/131/151
f 149/129/149 160/136/160 162/138/162
f 178/77/178 167/68/167 176/75/176
f 167/68/167 178/77/178 165/66/165
f 161/137/161 171/143/171 170/142/170
f 170/142/170 159/135/159 161/137/161
f 188/87/188 177/78/177 186/85/186
f 177/78/177 188/87/188 175/76/175
f 169/141/169 181/149/181 180/148/180
f 169/141/169 180/148/180 172/144/172
f 197/95/197 187/88/187 198/96/198
f 187/88/187 197/95/197 185/86/185
f 179/147/179 191/155/191 190/154/190
f 179/147/179 190/154/190 182/150/182
f 883/448/883 1130/643/1130 196/98/196
f 883/448/883 196/98/196 195/97/195
f 200/160/200 189/153/189 201/161/201
f 189/153/189 200/160/200 192/156/192
f 218/16/218 217/15/217 206/8/206
f 218/16/218 206/8/206 205/7/205
f 210/166/210 199/159/199 211/167/211
f 199/159/199 210/166/210 202/162/202
f 228/26/228 227/25/227 216/18/216
f 228/26/228 216/18/216 215/17/215
f 209/165/209 221/173/221 212/168/212
f 221/173/221 209/165/209 219/171/219
f 238/36/238 237/35/237 226/28/226
f 238/36/238 226/28/226 225/27/225
f 220/172/220 231/179/231 222/174/222
f 231/179/231 220/172/220 229/177/229
f 245/45/245 247/47/247 236/38/236
f 245/45/245 236/38/236 235/37/235
f 230/178/230 241/185/241 232/180/232
f 241/185/241 230/178/230 239/183/239
f 248/48/248 257/57/257 246/46/246
f 257/57/257 248/48/248 255/55/255
f 240/184/240 251/191/251 242/186/242
f 251/191/251 240/184/240 249/189/249
f 258/58/258 267/67/267 256/56/256
f 267/67/267 258/58/258 265/65/265
f 261/197/261 252/192/252 250/190/250
f 261/197/261 250/190/250 259/195/259
f 268/68/268 277/77/277 266/66/266
f 277/77/277 268/68/268 275/75/275
f 270/202/270 262/198/262 260/196/260
f 262/198/262 270/202/270 272/204/272
f 278/78/278 287/87/287 276/76/276
f 287/87/287 278/78/278 285/85/285
f 280/208/280 269/201/269 271/203/271
f 269/201/269 280/208/280 282/210/282
f 288/88/288 295/95/295 286/86/286
f 295/95/295 288/88/288 296/96/296
f 290/214/290 279/207/279 281/209/281
f 279/207/279 290/214/290 292/216/292
f 298/98/298 297/97/297 853/448/853
f 298/98/298 853/448/853 1131/643/1131
f 300/220/300 289/213/289 291/215/291
f 289/213/289 300/220/300 302/222/302
f 308/8/308 307/7/307 316/16/316
f 308/8/308 316/16/316 315/15/315
f 309/225/309 299/219/299 301/221/301
f 299/219/299 309/225/309 311/227/311
f 318/18/318 317/17/317 326/26/326
f 318/18/318 326/26/326 325/25/325
f 319/231/319 310/226/310 312/228/312
f 310/226/310 319/231/319 321/233/321
f 328/28/328 327/27/327 336/36/336
f 328/28/328 336/36/336 335/35/335
f 329/237/329 320/232/320 322/234/322
f 320/232/320 329/237/329 331/239/331
f 338/38/338 337/37/337 345/45/345
f 338/38/338 345/45/345 347/47/347
f 339/243/339 330/238/330 332/240/332
f 330/238/330 339/243/339 341/245/341
f 348/48/348 357/57/357 346/46/346
f 357/57/357 348/48/348 355/55/355
f 340/244/340 349/249/349 351/251/351
f 349/249/349 340/244/340 342/246/342
f 358/58/358 367/67/367 356/56/356
f 367/67/367 358/58/358 365/65/365
f 350/250/350 359/255/359 361/257/361
f 359/255/359 350/250/350 352/252/352
f 368/68/368 377/77/377 366/66/366
f 377/77/377 368/68/368 375/75/375
f 362/258/362 371/263/371 360/256/360
f 371/263/371 362/258/362 369/261/369
f 378/78/378 387/87/387 376/76/376
f 387/87/387 378/78/378 385/85/385
f 370/262/370 381/269/381 372/264/372
f 381/269/381 370/262/370 379/267/379
f 388/88/388 393/95/393 386/86/386
f 393/95/393 388/88/388 394/96/394
f 391/275/391 382/270/382 380/268/380
f 391/275/391 380/268/380 389/273/389
f 396/98/396 395/97/395 811/448/811
f 396/98/396 811/448/811 1132/643/1132
f 398/278/398 392/276/392 390/274/390
f 398/278/398 390/274/390 400/280/400
f 402/282/402 404/284/404 407/287/407
f 404/284/404 405/285/405 407/287/407
f 406/286/406 408/288/408 411/291/411
f 408/288/408 409/289/409 411/291/411
f 410/290/410 412/292/412 415/295/415
f 412/292/412 413/293/413 415/295/415
f 418/298/418 417/297/417 416/296/416
f 414/294/414 416/296/416 417/297/417
f 420/300/420 422/302/422 421/301/421
f 422/302/422 420/300/420 419/299/419
f 424/304/424 426/306/426 425/305/425
f 426/306/426 424/304/424 423/303/423
f 428/308/428 430/310/430 429/309/429
f 430/310/430 428/308/428 427/307/427
f 432/312/432 434/314/434 433/313/433
f 434/314/434 432/312/432 431/311/431
f 436/316/436 437/317/437 439/319/439
f 437/317/437 436/316/436 435/315/435
f 438/318/438 440/320/440 1133/644/1133
f 440/320/440 740/440/740 1133/644/1133
f 442/282/442 444/284/444 447/287/447
f 444/284/444 445/285/445 447/287/447
f 446/286/446 448/288/448 451/291/451
f 448/288/448 449/289/449 451/291/451
f 450/290/450 452/292/452 455/295/455
f 452/292/452 453/293/453 455/295/455
f 460/298/460 459/297/459 456/296/456
f 454/294/454 456/296/456 459/297/459
f 464/302/464 458/300/458 457/299/457
f 458/300/458 464/302/464 462/301/462
f 468/306/468 461/304/461 463/303/463
f 461/304/461 468/306/468 466/305/466
f 472/310/472 465/308/465 467/307/467
f 465/308/465 472/310/472 470/309/470
f 476/314/476 469/312/469 471/311/471
f 469/312/469 476/314/476 474/313/474
f 478/317/478 473/316/473 475/315/475
f 473/316/473 478/317/478 480/319/480
f 1134/644/1134 479/320/479 761/440/761
f 479/320/479 1134/644/1134 477/318/477
f 488/287/488 483/284/483 486/285/486
f 483/284/483 488/287/488 481/282/481
f 492/291/492 487/288/487 490/289/490
f 487/288/487 492/291/492 485/286/485
f 496/295/496 491/292/491 494/293/494
f 491/292/491 496/295/496 489/290/489
f 497/297/497 495/296/495 498/298/498
f 495/296/495 497/297/497 493/294/493
f 500/300/500 502/302/502 501/301/501
f 502/302/502 500/300/500 499/299/499
f 504/304/504 506/306/506 505/305/505
f 506/306/506 504/304/504 503/303/503
f 508/308/508 510/310/510 509/309/509
f 510/310/510 508/308/508 507/307/507
f 512/312/512 514/314/514 513/313/513
f 514/314/514 512/312/512 511/311/511
f 516/316/516 517/317/517 519/319/519
f 517/317/517 516/316/516 515/315/515
f 518/318/518 520/320/520 1135/644/1135
f 520/320/520 782/440/782 1135/644/1135
f 522/282/522 524/284/524 527/287/527
f 524/284/524 525/285/525 527/287/527
f 526/286/526 528/288/528 531/291/531
f 528/288/528 529/289/529 531/291/531
f 530/290/530 532/292/532 535/295/535
f 532/292/532 533/293/533 535/295/535
f 538/298/538 537/297/537 536/296/536
f 534/294/534 536/296/536 537/297/537
f 540/300/540 542/302/542 541/301/541
f 542/302/542 540/300/540 539/299/539
f 544/304/544 546/306/546 545/305/545
f 546/306/546 544/304/544 543/303/543
f 548/308/548 550/310/550 549/309/549
f 550/310/550 548/308/548 547/307/547
f 552/312/552 554/314/554 553/313/553
f 554/314/554 552/312/552 551/311/551
f 556/316/556 557/317/557 559/319/559
f 557/317/557 556/316/556 555/315/555
f 558/318/558 560/320/560 1136/644/1136
f 560/320/560 803/440/803 1136/644/1136
f 564/324/564 561/321/561 402/282/402
f 402/282/402 407/287/407 564/324/564
f 566/326/566 563/323/563 406/286/406
f 406/286/406 411/291/411 566/326/566
f 568/328/568 565/325/565 410/290/410
f 410/290/410 415/295/415 568/328/568
f 567/327/567 414/294/414 569/329/569
f 414/294/414 417/297/417 569/329/569
f 570/330/570 421/301/421 571/331/571
f 421/301/421 570/330/570 420/300/420
f 572/332/572 425/305/425 573/333/573
f 425/305/425 572/332/572 424/304/424
f 574/334/574 429/309/429 575/335/575
f 429/309/429 574/334/574 428/308/428
f 576/336/576 433/313/433 577/337/577
f 433/313/433 576/336/576 432/312/432
f 578/338/578 439/319/439 580/340/580
f 439/319/439 578/338/578 436/316/436
f 1137/645/1137 579/339/579 438/318/438
f 438/318/438 1133/644/1133 1137/645/1137
f 584/324/584 581/321/581 442/282/442
f 442/282/442 447/287/447 584/324/584
f 586/326/586 583/323/583 446/286/446
f 446/286/446 451/291/451 586/326/586
f 588/328/588 585/325/585 450/290/450
f 450/290/450 455/295/455 588/328/588
f 587/327/587 454/294/454 590/329/590
f 454/294/454 459/297/459 590/329/590
f 462/301/462 589/330/589 458/300/458
f 589/330/589 462/301/462 592/331/592
f 466/305/466 591/332/591 461/304/461
f 591/332/591 466/305/466 594/333/594
f 470/309/470 593/334/593 465/308/465
f 593/334/593 470/309/470 596/335/596
f 474/313/474 595/336/595 469/312/469
f 595/336/595 474/313/474 598/337/598
f 480/319/480 597/338/597 473/316/473
f 597/338/597 480/319/480 600/340/600
f 1138/645/1138 477/318/477 1134/644/1134
f 477/318/477 1138/645/1138 599/339/599
f 604/324/604 481/282/481 488/287/488
f 481/282/481 604/324/604 601/321/601
f 606/326/606 485/286/485 492/291/492
f 485/286/485 606/326/606 603/323/603
f 608/328/608 489/290/489 496/295/496
f 489/290/489 608/328/608 605/325/605
f 609/329/609 493/294/493 497/297/497
f 609/329/609 607/327/607 493/294/493
f 610/330/610 501/301/501 611/331/611
f 501/301/501 610/330/610 500/300/500
f 612/332/612 505/305/505 613/333/613
f 505/305/505 612/332/612 504/304/504
f 614/334/614 509/309/509 615/335/615
f 509/309/509 614/334/614 508/308/508
f 616/336/616 513/313/513 617/337/617
f 513/313/513 616/336/616 512/312/512
f 618/338/618 519/319/519 620/340/620
f 519/319/519 618/338/618 516/316/516
f 1139/645/1139 619/339/619 518/318/518
f 518/318/518 1135/644/1135 1139/645/1139
f 624/324/624 621/321/621 522/282/522
f 522/282/522 527/287/527 624/324/624
f 626/326/626 623/323/623 526/286/526
f 526/286/526 531/291/531 626/326/626
f 628/328/628 625/325/625 530/290/530
f 530/290/530 535/295/535 628/328/628
f 627/327/627 534/294/534 629/329/629
f 534/294/534 537/297/537 629/329/629
f 630/330/630 541/301/541 631/331/631
f 541/301/541 630/330/630 540/300/540
f 632/332/632 545/305/545 633/333/633
f 545/305/545 632/332/632 544/304/544
f 634/334/634 549/309/549 635/335/635
f 549/309/549 634/334/634 548/308/548
f 636/336/636 553/313/553 637/337/637
f 553/313/553 636/336/636 552/312/552
f 638/338/638 559/319/559 640/340/640
f 559/319/559 638/338/638 556/316/556
f 1140/645/1140 639/339/639 558/318/558
f 558/318/558 1136/644/1136 1140/645/1140
f 400/280/400 390/274/390 643/343/643
f 400/280/400 643/343/643 642/342/642
f 389/273/389 380/268/380 648/348/648
f 389/273/389 648/348/648 644/344/644
f 12/12/12 399/279/399 641/341/641
f 12/12/12 641/341/641 646/346/646
f 652/352/652 379/267/379 370/262/370
f 379/267/379 652/352/652 647/347/647
f 645/345/645 650/350/650 22/22/22
f 22/22/22 11/11/11 645/345/645
f 656/356/656 369/261/369 362/258/362
f 369/261/369 656/356/656 651/351/651
f 649/349/649 654/354/654 32/32/32
f 32/32/32 21/21/21 649/349/649
f 352/252/352 655/355/655 359/255/359
f 655/355/655 352/252/352 660/360/660
f 653/353/653 658/358/658 41/41/41
f 41/41/41 30/30/30 653/353/653
f 342/246/342 659/359/659 349/249/349
f 659/359/659 342/246/342 664/364/664
f 657/357/657 662/362/662 51/51/51
f 657/357/657 51/51/51 39/39/39
f 663/363/663 332/240/332 668/368/668
f 332/240/332 663/363/663 339/243/339
f 61/61/61 661/361/661 666/366/666
f 661/361/661 61/61/61 49/49/49
f 667/367/667 322/234/322 672/372/672
f 322/234/322 667/367/667 329/237/329
f 669/369/669 59/59/59 665/365/665
f 59/59/59 669/369/669 69/69/69
f 671/371/671 312/228/312 676/376/676
f 312/228/312 671/371/671 319/231/319
f 72/72/72 673/373/673 79/79/79
f 673/373/673 72/72/72 670/370/670
f 675/375/675 301/221/301 680/380/680
f 301/221/301 675/375/675 309/225/309
f 82/82/82 677/377/677 89/89/89
f 677/377/677 82/82/82 674/374/674
f 679/379/679 291/215/291 684/384/684
f 291/215/291 679/379/679 300/220/300
f 92/92/92 681/381/681 99/99/99
f 681/381/681 92/92/92 678/378/678
f 683/383/683 281/209/281 688/388/688
f 281/209/281 683/383/683 290/214/290
f 102/102/102 685/385/685 109/105/109
f 685/385/685 102/102/102 682/382/682
f 687/387/687 271/203/271 692/392/692
f 271/203/271 687/387/687 280/208/280
f 112/108/112 689/389/689 119/111/119
f 689/389/689 112/108/112 686/386/686
f 260/196/260 691/391/691 270/202/270
f 691/391/691 260/196/260 695/395/695
f 122/114/122 693/393/693 130/118/130
f 693/393/693 122/114/122 690/390/690
f 259/195/259 250/190/250 700/400/700
f 259/195/259 700/400/700 696/396/696
f 131/119/131 697/397/697 140/124/140
f 697/397/697 131/119/131 694/394/694
f 704/404/704 249/189/249 240/184/240
f 249/189/249 704/404/704 699/399/699
f 701/401/701 141/125/141 698/398/698
f 141/125/141 701/401/701 150/130/150
f 708/408/708 239/183/239 230/178/230
f 239/183/239 708/408/708 703/403/703
f 705/405/705 151/131/151 702/402/702
f 151/131/151 705/405/705 160/136/160
f 712/412/712 229/177/229 220/172/220
f 229/177/229 712/412/712 707/407/707
f 706/406/706 710/410/710 171/143/171
f 171/143/171 161/137/161 706/406/706
f 715/415/715 219/171/219 209/165/209
f 219/171/219 715/415/715 711/411/711
f 709/409/709 714/414/714 181/149/181
f 709/409/709 181/149/181 169/141/169
f 211/167/211 719/419/719 716/416/716
f 719/419/719 211/167/211 199/159/199
f 713/413/713 718/418/718 191/155/191
f 713/413/713 191/155/191 179/147/179
f 201/161/201 717/417/717 720/420/720
f 717/417/717 201/161/201 189/153/189
f 1141/646/1141 404/284/404 401/281/401
f 404/284/404 1141/646/1141 721/421/721
f 722/422/722 408/288/408 405/285/405
f 408/288/408 722/422/722 723/423/723
f 724/424/724 412/292/412 409/289/409
f 412/292/412 724/424/724 725/425/725
f 726/426/726 416/296/416 413/293/413
f 416/296/416 726/426/726 727/427/727
f 728/428/728 730/430/730 418/298/418
f 418/298/418 730/430/730 419/299/419
f 729/429/729 732/432/732 422/302/422
f 422/302/422 732/432/732 423/303/423
f 731/431/731 734/434/734 426/306/426
f 426/306/426 734/434/734 427/307/427
f 733/433/733 736/436/736 430/310/430
f 430/310/430 736/436/736 431/311/431
f 735/435/735 738/438/738 434/314/434
f 434/314/434 738/438/738 435/315/435
f 737/437/737 440/320/440 437/317/437
f 440/320/440 737/437/737 739/439/739
f 1142/646/1142 444/284/444 441/281/441
f 444/284/444 1142/646/1142 742/421/742
f 743/422/743 448/288/448 445/285/445
f 448/288/448 743/422/743 744/423/744
f 745/424/745 452/292/452 449/289/449
f 452/292/452 745/424/745 746/425/746
f 747/426/747 456/296/456 453/293/453
f 456/296/456 747/426/747 748/427/748
f 751/430/751 457/299/457 460/298/460
f 751/430/751 460/298/460 749/428/749
f 753/432/753 463/303/463 464/302/464
f 753/432/753 464/302/464 750/429/750
f 755/434/755 467/307/467 468/306/468
f 755/434/755 468/306/468 752/431/752
f 757/436/757 471/311/471 472/310/472
f 757/436/757 472/310/472 754/433/754
f 759/438/759 475/315/475 476/314/476
f 759/438/759 476/314/476 756/435/756
f 479/320/479 758/437/758 762/439/762
f 758/437/758 479/320/479 478/317/478
f 483/284/483 1143/646/1143 764/421/764
f 1143/646/1143 483/284/483 482/281/482
f 487/288/487 763/422/763 766/423/766
f 763/422/763 487/288/487 486/285/486
f 491/292/491 765/424/765 768/425/768
f 765/424/765 491/292/491 490/289/490
f 495/296/495 767/426/767 770/427/770
f 767/426/767 495/296/495 494/293/494
f 769/428/769 772/430/772 498/298/498
f 498/298/498 772/430/772 499/299/499
f 771/429/771 774/432/774 502/302/502
f 502/302/502 774/432/774 503/303/503
f 773/431/773 776/434/776 506/306/506
f 506/306/506 776/434/776 507/307/507
f 775/433/775 778/436/778 510/310/510
f 510/310/510 778/436/778 511/311/511
f 777/435/777 780/438/780 514/314/514
f 514/314/514 780/438/780 515/315/515
f 779/437/779 520/320/520 517/317/517
f 520/320/520 779/437/779 781/439/781
f 1144/646/1144 524/284/524 521/281/521
f 524/284/524 1144/646/1144 784/421/784
f 785/422/785 528/288/528 525/285/525
f 528/288/528 785/422/785 786/423/786
f 787/424/787 532/292/532 529/289/529
f 532/292/532 787/424/787 788/425/788
f 789/426/789 536/296/536 533/293/533
f 536/296/536 789/426/789 790/427/790
f 791/428/791 793/430/793 538/298/538
f 538/298/538 793/430/793 539/299/539
f 792/429/792 795/432/795 542/302/542
f 542/302/542 795/432/795 543/303/543
f 794/431/794 797/434/797 546/306/546
f 546/306/546 797/434/797 547/307/547
f 796/433/796 799/436/799 550/310/550
f 550/310/550 799/436/799 551/311/551
f 798/435/798 801/438/801 554/314/554
f 554/314/554 801/438/801 555/315/555
f 800/437/800 560/320/560 557/317/557
f 560/320/560 800/437/800 802/439/802
f 6/6/6 805/442/805 7/7/7
f 805/442/805 6/6/6 1145/647/1145
f 16/16/16 807/444/807 17/17/17
f 807/444/807 16/16/16 806/443/806
f 394/96/394 809/446/809 395/97/395
f 809/446/809 394/96/394 815/452/815
f 26/26/26 812/449/812 27/27/27
f 812/449/812 26/26/26 808/445/808
f 819/456/819 388/88/388 385/85/385
f 388/88/388 819/456/819 814/451/814
f 36/36/36 816/453/816 37/37/37
f 816/453/816 36/36/36 813/450/813
f 823/460/823 378/78/378 375/75/375
f 378/78/378 823/460/823 818/455/818
f 817/454/817 48/48/48 45/45/45
f 48/48/48 817/454/817 820/457/820
f 827/462/827 368/68/368 365/65/365
f 368/68/368 827/462/827 822/459/822
f 821/458/821 58/58/58 55/55/55
f 58/58/58 821/458/821 824/461/824
f 831/458/831 358/58/358 355/55/355
f 358/58/358 831/458/831 826/461/826
f 825/462/825 68/68/68 65/65/65
f 68/68/68 825/462/825 828/459/828
f 835/454/835 348/48/348 345/45/345
f 348/48/348 835/454/835 830/457/830
f 829/460/829 78/78/78 75/75/75
f 78/78/78 829/460/829 832/455/832
f 336/36/336 834/453/834 337/37/337
f 834/453/834 336/36/336 839/450/839
f 833/456/833 88/88/88 85/85/85
f 88/88/88 833/456/833 836/451/836
f 326/26/326 838/449/838 327/27/327
f 838/449/838 326/26/326 844/445/844
f 96/96/96 840/446/840 97/97/97
f 840/446/840 96/96/96 837/452/837
f 316/16/316 843/444/843 317/17/317
f 843/444/843 316/16/316 848/443/848
f 106/6/106 845/442/845 107/7/107
f 845/442/845 106/6/106 1146/647/1146
f 306/6/306 847/442/847 307/7/307
f 847/442/847 306/6/306 1147/647/1147
f 116/16/116 849/444/849 117/17/117
f 849/444/849 116/16/116 846/443/846
f 296/96/296 851/446/851 297/97/297
f 851/446/851 296/96/296 857/452/857
f 126/26/126 854/449/854 127/27/127
f 854/449/854 126/26/126 850/445/850
f 861/456/861 288/88/288 285/85/285
f 288/88/288 861/456/861 856/451/856
f 136/36/136 858/453/858 137/37/137
f 858/453/858 136/36/136 855/450/855
f 865/460/865 278/78/278 275/75/275
f 278/78/278 865/460/865 860/455/860
f 146/45/146 859/454/859 147/48/147
f 862/457/862 147/48/147 859/454/859
f 869/462/869 268/68/268 265/65/265
f 268/68/268 869/462/869 864/459/864
f 156/55/156 863/458/863 157/58/157
f 866/461/866 157/58/157 863/458/863
f 873/458/873 258/58/258 255/55/255
f 258/58/258 873/458/873 868/461/868
f 166/65/166 867/462/867 167/68/167
f 870/459/870 167/68/167 867/462/867
f 876/454/876 248/48/248 245/45/245
f 248/48/248 876/454/876 872/457/872
f 874/455/874 177/78/177 871/460/871
f 177/78/177 176/75/176 871/460/871
f 877/453/877 238/36/238 880/450/880
f 238/36/238 877/453/877 235/37/235
f 878/451/878 187/88/187 875/456/875
f 187/88/187 186/85/186 875/456/875
f 881/449/881 228/26/228 885/445/885
f 228/26/228 881/449/881 225/27/225
f 884/446/884 198/96/198 879/452/879
f 198/96/198 884/446/884 195/97/195
f 886/444/886 218/16/218 887/443/887
f 218/16/218 886/444/886 215/17/215
f 888/442/888 208/6/208 1148/647/1148
f 208/6/208 888/442/888 205/7/205
f 1149/648/1149 805/442/805 1145/647/1145
f 805/442/805 1149/648/1149 889/463/889
f 890/464/890 807/444/807 806/443/806
f 807/444/807 890/464/890 891/465/891
f 897/471/897 809/446/809 815/452/815
f 809/446/809 897/471/897 893/467/893
f 892/466/892 812/449/812 808/445/808
f 812/449/812 892/466/892 896/470/896
f 814/451/814 901/475/901 898/472/898
f 901/475/901 814/451/814 819/456/819
f 816/453/816 813/450/813 895/469/895
f 816/453/816 895/469/895 900/474/900
f 818/455/818 905/479/905 902/476/902
f 905/479/905 818/455/818 823/460/823
f 817/454/817 903/477/903 820/457/820
f 903/477/903 817/454/817 899/473/899
f 909/482/909 906/480/906 822/459/822
f 909/482/909 822/459/822 827/462/827
f 907/481/907 821/458/821 904/478/904
f 821/458/821 907/481/907 824/461/824
f 913/478/913 910/481/910 826/461/826
f 913/478/913 826/461/826 831/458/831
f 911/480/911 825/462/825 908/482/908
f 825/462/825 911/480/911 828/459/828
f 918/473/918 914/477/914 830/457/830
f 830/457/830 835/454/835 918/473/918
f 915/476/915 829/460/829 912/479/912
f 829/460/829 915/476/915 832/455/832
f 917/474/917 839/450/839 922/469/922
f 839/450/839 917/474/917 834/453/834
f 919/472/919 833/456/833 916/475/916
f 833/456/833 919/472/919 836/451/836
f 921/470/921 844/445/844 926/466/926
f 844/445/844 921/470/921 838/449/838
f 923/467/923 837/452/837 920/471/920
f 837/452/837 923/467/923 840/446/840
f 848/443/848 925/465/925 843/444/843
f 925/465/925 848/443/848 930/464/930
f 927/463/927 1146/647/1146 1150/648/1150
f 1146/647/1146 927/463/927 845/442/845
f 1147/647/1147 929/463/929 847/442/847
f 929/463/929 1147/647/1147 1151/648/1151
f 931/465/931 846/443/846 928/464/928
f 846/443/846 931/465/931 849/444/849
f 857/452/857 933/467/933 851/446/851
f 933/467/933 857/452/857 938/471/938
f 850/445/850 935/470/935 854/449/854
f 935/470/935 850/445/850 932/466/932
f 861/456/861 937/472/937 856/451/856
f 937/472/937 861/456/861 942/475/942
f 855/450/855 939/474/939 858/453/858
f 939/474/939 855/450/855 936/469/936
f 865/460/865 941/476/941 860/455/860
f 941/476/941 865/460/865 946/479/946
f 940/473/940 862/457/862 859/454/859
f 862/457/862 940/473/940 943/477/943
f 869/462/869 945/480/945 864/459/864
f 945/480/945 869/462/869 950/482/950
f 944/478/944 866/461/866 863/458/863
f 866/461/866 944/478/944 948/481/948
f 873/458/873 949/481/949 868/461/868
f 949/481/949 873/458/873 954/478/954
f 870/459/870 867/462/867 947/482/947
f 870/459/870 947/482/947 952/480/952
f 953/477/953 876/454/876 957/473/957
f 876/454/876 953/477/953 872/457/872
f 874/455/874 871/460/871 951/479/951
f 874/455/874 951/479/951 956/476/956
f 877/453/877 961/469/961 958/474/958
f 961/469/961 877/453/877 880/450/880
f 878/451/878 875/456/875 955/475/955
f 878/451/878 955/475/955 960/472/960
f 965/466/965 962/470/962 881/449/881
f 965/466/965 881/449/881 885/445/885
f 959/471/959 964/467/964 884/446/884
f 884/446/884 879/452/879 959/471/959
f 967/464/967 966/465/966 886/444/886
f 886/444/886 887/443/887 967/464/967
f 1152/648/1152 968/463/968 888/442/888
f 888/442/888 1148/647/1148 1152/648/1152
f 5/5/5 721/421/721 1141/646/1141
f 721/421/721 5/5/5 8/8/8
f 15/15/15 723/423/723 722/422/722
f 723/423/723 15/15/15 18/18/18
f 25/25/25 725/425/725 724/424/724
f 725/425/725 25/25/25 28/28/28
f 35/35/35 727/427/727 726/426/726
f 727/427/727 35/35/35 38/38/38
f 728/428/728 47/47/47 46/46/46
f 728/428/728 46/46/46 730/430/730
f 729/429/729 57/57/57 56/56/56
f 729/429/729 56/56/56 732/432/732
f 731/431/731 67/67/67 66/66/66
f 731/431/731 66/66/66 734/434/734
f 733/433/733 77/77/77 76/76/76
f 733/433/733 76/76/76 736/436/736
f 735/435/735 87/87/87 86/86/86
f 735/435/735 86/86/86 738/438/738
f 95/95/95 739/439/739 737/437/737
f 739/439/739 95/95/95 98/98/98
f 105/5/105 742/421/742 1142/646/1142
f 742/421/742 105/5/105 108/8/108
f 115/15/115 744/423/744 743/422/743
f 744/423/744 115/15/115 118/18/118
f 125/25/125 746/425/746 745/424/745
f 746/425/746 125/25/125 128/28/128
f 135/35/135 748/427/748 747/426/747
f 748/427/748 135/35/135 138/38/138
f 145/46/145 751/430/751 749/428/749
f 145/46/145 749/428/749 148/47/148
f 155/56/155 753/432/753 750/429/750
f 155/56/155 750/429/750 158/57/158
f 165/66/165 755/434/755 752/431/752
f 165/66/165 752/431/752 168/67/168
f 175/76/175 757/436/757 754/433/754
f 175/76/175 754/433/754 178/77/178
f 185/86/185 759/438/759 756/435/756
f 185/86/185 756/435/756 188/87/188
f 762/439/762 197/95/197 196/98/196
f 197/95/197 762/439/762 758/437/758
f 764/421/764 207/5/207 206/8/206
f 207/5/207 764/421/764 1143/646/1143
f 766/423/766 217/15/217 216/18/216
f 217/15/217 766/423/766 763/422/763
f 768/425/768 227/25/227 226/28/226
f 227/25/227 768/425/768 765/424/765
f 770/427/770 237/35/237 236/38/236
f 237/35/237 770/427/770 767/426/767
f 769/428/769 247/47/247 246/46/246
f 769/428/769 246/46/246 772/430/772
f 771/429/771 257/57/257 256/56/256
f 771/429/771 256/56/256 774/432/774
f 773/431/773 267/67/267 266/66/266
f 773/431/773 266/66/266 776/434/776
f 775/433/775 277/77/277 276/76/276
f 775/433/775 276/76/276 778/436/778
f 777/435/777 287/87/287 286/86/286
f 777/435/777 286/86/286 780/438/780
f 295/95/295 781/439/781 779/437/779
f 781/439/781 295/95/295 298/98/298
f 305/5/305 784/421/784 1144/646/1144
f 784/421/784 305/5/305 308/8/308
f 315/15/315 786/423/786 785/422/785
f 786/423/786 315/15/315 318/18/318
f 325/25/325 788/425/788 787/424/787
f 788/425/788 325/25/325 328/28/328
f 335/35/335 790/427/790 789/426/789
f 790/427/790 335/35/335 338/38/338
f 791/428/791 347/47/347 346/46/346
f 791/428/791 346/46/346 793/430/793
f 792/429/792 357/57/357 356/56/356
f 792/429/792 356/56/356 795/432/795
f 794/431/794 367/67/367 366/66/366
f 794/431/794 366/66/366 797/434/797
f 796/433/796 377/77/377 376/76/376
f 796/433/796 376/76/376 799/436/799
f 798/435/798 387/87/387 386/86/386
f 798/435/798 386/86/386 801/438/801
f 393/95/393 802/439/802 800/437/800
f 802/439/802 393/95/393 396/98/396
f 970/484/970 975/489/975 977/491/977
f 970/484/970 977/491/977 971/485/971
f 973/487/973 969/483/969 971/485/971
f 973/487/973 971/485/971 974/488/974
f 976/490/976 981/495/981 983/497/983
f 976/490/976 983/497/983 977/491/977
f 979/493/979 972/486/972 974/488/974
f 979/493/979 974/488/974 980/494/980
f 982/496/982 987/501/987 989/503/989
f 982/496/982 989/503/989 983/497/983
f 985/499/985 978/492/978 980/494/980
f 985/499/985 980/494/980 986/500/986
f 988/502/988 993/507/993 995/509/995
f 988/502/988 995/509/995 989/503/989
f 991/505/991 984/498/984 986/500/986
f 991/505/991 986/500/986 992/506/992
f 994/508/994 999/513/999 1001/515/1001
f 994/508/994 1001/515/1001 995/509/995
f 1000/514/1000 1005/519/1005 1007/521/1007
f 1000/514/1000 1007/521/1007 1001/515/1001
f 1003/517/1003 996/510/996 998/512/998
f 1003/517/1003 998/512/998 1004/518/1004
f 1006/520/1006 1011/525/1011 1013/527/1013
f 1006/520/1006 1013/527/1013 1007/521/1007
f 1009/523/1009 1002/516/1002 1004/518/1004
f 1009/523/1009 1004/518/1004 1010/524/1010
f 1012/526/1012 1017/531/1017 1019/533/1019
f 1012/526/1012 1019/533/1019 1013/527/1013
f 1015/529/1015 1008/522/1008 1010/524/1010
f 1015/529/1015 1010/524/1010 1016/530/1016
f 1018/532/1018 1023/537/1023 1025/539/1025
f 1018/532/1018 1025/539/1025 1019/533/1019
f 1021/535/1021 1014/528/1014 1016/530/1016
f 1021/535/1021 1016/530/1016 1022/536/1022
f 1024/538/1024 1029/543/1029 1031/545/1031
f 1024/538/1024 1031/545/1031 1025/539/1025
f 1027/541/1027 1020/534/1020 1022/536/1022
f 1027/541/1027 1022/536/1022 1028/542/1028
f 1030/544/1030 1035/549/1035 1037/551/1037
f 1030/544/1030 1037/551/1037 1031/545/1031
f 1033/547/1033 1026/540/1026 1028/542/1028
f 1033/547/1033 1028/542/1028 1034/548/1034
f 1036/550/1036 1041/555/1041 1043/557/1043
f 1036/550/1036 1043/557/1043 1037/551/1037
f 1039/553/1039 1032/546/1032 1034/548/1034
f 1039/553/1039 1034/548/1034 1040/554/1040
f 1042/556/1042 1047/561/1047 1049/563/1049
f 1042/556/1042 1049/563/1049 1043/557/1043
f 1045/559/1045 1038/552/1038 1040/554/1040
f 1045/559/1045 1040/554/1040 1046/560/1046
f 1048/562/1048 1053/567/1053 1055/569/1055
f 1048/562/1048 1055/569/1055 1049/563/1049
f 1051/565/1051 1044/558/1044 1046/560/1046
f 1051/565/1051 1046/560/1046 1052/566/1052
f 1054/568/1054 1059/573/1059 1061/575/1061
f 1054/568/1054 1061/575/1061 1055/569/1055
f 1057/571/1057 1050/564/1050 1052/566/1052
f 1057/571/1057 1052/566/1052 1058/572/1058
f 1060/574/1060 1065/579/1065 1067/581/1067
f 1060/574/1060 1067/581/1067 1061/575/1061
f 1063/577/1063 1056/570/1056 1058/572/1058
f 1063/577/1063 1058/572/1058 1064/578/1064
f 1066/580/1066 1071/585/1071 1073/587/1073
f 1066/580/1066 1073/587/1073 1067/581/1067
f 1069/583/1069 1062/576/1062 1064/578/1064
f 1069/583/1069 1064/578/1064 1070/584/1070
f 1072/586/1072 1077/591/1077 1079/593/1079
f 1072/586/1072 1079/593/1079 1073/587/1073
f 1075/589/1075 1068/582/1068 1070/584/1070
f 1075/589/1075 1070/584/1070 1076/590/1076
f 1078/592/1078 1083/597/1083 1085/599/1085
f 1078/592/1078 1085/599/1085 1079/593/1079
f 1081/595/1081 1074/588/1074 1076/590/1076
f 1081/595/1081 1076/590/1076 1082/596/1082
f 1084/598/1084 1086/600/1086 1088/602/1088
f 1084/598/1084 1088/602/1088 1085/599/1085
f 1087/601/1087 1080/594/1080 1082/596/1082
f 1087/601/1087 1082/596/1082 1088/602/1088
f 997/511/997 990/504/990 992/506/992
f 997/511/997 992/506/992 998/512/998
f 642/342/642 643/343/643 383/271/383
f 642/342/642 383/271/383 373/265/373
f 644/344/644 648/348/648 363/259/363
f 644/344/644 363/259/363 383/271/383
f 646/346/646 641/341/641 373/265/373
f 646/346/646 373/265/373 354/254/354
f 647/347/647 652/352/652 344/248/344
f 647/347/647 344/248/344 363/259/363
f 650/350/650 645/345/645 354/254/354
f 650/350/650 354/254/354 334/242/334
f 651/351/651 656/356/656 324/236/324
f 651/351/651 324/236/324 344/248/344
f 654/354/654 649/349/649 334/242/334
f 654/354/654 334/242/334 313/229/313
f 655/355/655 660/360/660 304/224/304
f 655/355/655 304/224/304 324/236/324
f 658/358/658 653/353/653 313/229/313
f 658/358/658 313/229/313 293/217/293
f 659/359/659 664/364/664 284/212/284
f 659/359/659 284/212/284 304/224/304
f 662/362/662 657/357/657 293/217/293
f 662/362/662 293/217/293 273/205/273
f 663/363/663 668/368/668 263/199/263
f 663/363/663 263/199/263 284/212/284
f 666/366/666 661/361/661 273/205/273
f 666/366/666 273/205/273 253/193/253
f 667/367/667 672/372/672 244/188/244
f 667/367/667 244/188/244 263/199/263
f 669/369/669 665/365/665 253/193/253
f 669/369/669 253/193/253 233/181/233
f 671/371/671 676/376/676 224/176/224
f 671/371/671 224/176/224 244/188/244
f 673/373/673 670/370/670 233/181/233
f 673/373/673 233/181/233 213/169/213
f 675/375/675 680/380/680 204/164/204
f 675/375/675 204/164/204 224/176/224
f 677/377/677 674/374/674 213/169/213
f 677/377/677 213/169/213 193/157/193
f 679/379/679 684/384/684 184/152/184
f 679/379/679 184/152/184 204/164/204
f 681/381/681 678/378/678 193/157/193
f 681/381/681 193/157/193 174/146/174
f 683/383/683 688/388/688 164/140/164
f 683/383/683 164/140/164 184/152/184
f 685/385/685 682/382/682 174/146/174
f 685/385/685 174/146/174 153/133/153
f 687/387/687 692/392/692 144/128/144
f 687/387/687 144/128/144 164/140/164
f 689/389/689 686/386/686 153/133/153
f 689/389/689 153/133/153 133/121/133
f 691/391/691 695/395/695 124/116/124
f 691/391/691 124/116/124 144/128/144
f 693/393/693 690/390/690 133/121/133
f 693/393/693 133/121/133 113/109/113
f 696/396/696 700/400/700 104/104/104
f 696/396/696 104/104/104 124/116/124
f 697/397/697 694/394/694 113/109/113
f 697/397/697 113/109/113 93/93/93
f 699/399/699 704/404/704 84/84/84
f 699/399/699 84/84/84 104/104/104
f 701/401/701 698/398/698 93/93/93
f 701/401/701 93/93/93 73/73/73
f 703/403/703 708/408/708 63/63/63
f 703/403/703 63/63/63 84/84/84
f 705/405/705 702/402/702 73/73/73
f 705/405/705 73/73/73 53/53/53
f 707/407/707 712/412/712 43/43/43
f 707/407/707 43/43/43 63/63/63
f 710/410/710 706/406/706 53/53/53
f 710/410/710 53/53/53 34/34/34
f 711/411/711 715/415/715 24/24/24
f 711/411/711 24/24/24 43/43/43
f 714/414/714 709/409/709 34/34/34
f 714/414/714 34/34/34 13/13/13
f 716/416/716 719/419/719 4/4/4
f 716/416/716 4/4/4 24/24/24
f 718/418/718 713/413/713 13/13/13
f 718/418/718 13/13/13 2/2/2
f 720/420/720 717/417/717 2/2/2
f 720/420/720 2/2/2 4/4/4
usemtl RIM_LOGO
f 1153/649/1153 1154/650/1154 1155/651/1155
f 1155/651/1155 1156/652/1156 1153/649/1153
f 1154/650/1154 1157/653/1157 1158/654/1158
f 1157/653/1157 1154/650/1154 1159/655/1159
f 1160/656/1160 1158/654/1158 1157/653/1157
f 1160/656/1160 1161/657/1161 1162/658/1162
f 1162/658/1162 1158/654/1158 1160/656/1160
f 1153/649/1153 1159/655/1159 1154/650/1154
f 1155/651/1155 1163/659/1163 1156/652/1156
f 1164/660/1164 1165/661/1165 1166/662/1166
f 1165/661/1165 1164/660/1164 1167/663/1167
f 1164/660/1164 1168/664/1168 1169/665/1169
f 1168/664/1168 1164/660/1164 1170/666/1170
f 1171/667/1171 1168/664/1168 1170/666/1170
f 1170/666/1170 1162/658/1162 1171/667/1171
f 1171/667/1171 1162/658/1162 1161/657/1161
f 1167/663/1167 1164/660/1164 1169/665/1169
f 1166/662/1166 1165/661/1165 1172/668/1172
usemtl EXT_Rim
f 1173/669/1173 1174/670/1174 1175/671/1175
f 1174/670/1174 1173/669/1173 1176/672/1176
f 1177/673/1177 1173/669/1173 1178/674/1178
f 1175/671/1175 1178/674/1178 1173/669/1173
f 1179/675/1179 1178/674/1178 1180/676/1180
f 1178/674/1178 1179/675/1179 1177/673/1177
f 1181/677/1181 1179/675/1179 1182/678/1182
f 1182/678/1182 1179/675/1179 1180/676/1180
f 1183/679/1183 1184/680/1184 1185/681/1185
f 1184/680/1184 1183/679/1183 1186/682/1186
f 1187/683/1187 1185/681/1185 1188/684/1188
f 1185/681/1185 1187/683/1187 1183/679/1183
f 1189/685/1189 1188/684/1188 1190/686/1190
f 1188/684/1188 1189/685/1189 1187/683/1187
f 1191/687/1191 1190/686/1190 1192/688/1192
f 1190/686/1190 1191/687/1191 1189/685/1189
f 1193/689/1193 1194/690/1194 1195/691/1195
f 1194/690/1194 1193/689/1193 1196/692/1196
f 1197/693/1197 1196/692/1196 1193/689/1193
f 1196/692/1196 1197/693/1197 1198/694/1198
f 1199/695/1199 1197/693/1197 1200/696/1200
f 1197/693/1197 1199/695/1199 1198/694/1198
f 1201/697/1201 1199/695/1199 1200/696/1200
f 1199/695/1199 1201/697/1201 1202/698/1202
f 1194/690/1194 1196/692/1196 1203/699/1203
f 1203/699/1203 1204/700/1204 1194/690/1194
f 1205/701/1205 1196/692/1196 1198/694/1198
f 1196/692/1196 1205/701/1205 1206/702/1206
f 1207/703/1207 1198/694/1198 1199/695/1199
f 1198/694/1198 1207/703/1207 1205/701/1205
f 1208/704/1208 1199/695/1199 1202/698/1202
f 1199/695/1199 1208/704/1208 1207/703/1207
f 1174/670/1174 1209/705/1209 1175/671/1175
f 1209/705/1209 1174/670/1174 1210/706/1210
f 1211/707/1211 1182/678/1182 1180/676/1180
f 1182/678/1182 1211/707/1211 1212/708/1212
f 1213/709/1213 1180/676/1180 1178/674/1178
f 1180/676/1180 1213/709/1213 1211/707/1211
f 1209/705/1209 1178/674/1178 1175/671/1175
f 1178/674/1178 1209/705/1209 1213/709/1213
f 1176/672/1176 1173/669/1173 1214/710/1214
f 1176/672/1176 1214/710/1214 1215/711/1215
f 1177/673/1177 1214/710/1214 1173/669/1173
f 1214/710/1214 1177/673/1177 1216/712/1216
f 1179/675/1179 1216/712/1216 1177/673/1177
f 1216/712/1216 1179/675/1179 1217/713/1217
f 1181/677/1181 1217/713/1217 1179/675/1179
f 1217/713/1217 1181/677/1181 1218/714/1218
f 1186/682/1186 1183/679/1183 1219/715/1183
f 1219/715/1183 1220/716/1219 1186/682/1186
f 1187/683/1187 1221/717/1187 1183/679/1183
f 1221/717/1187 1219/715/1183 1183/679/1183
f 1189/685/1189 1222/718/1189 1187/683/1187
f 1222/718/1189 1221/717/1187 1187/683/1187
f 1191/687/1191 1223/719/1191 1189/685/1189
f 1223/719/1191 1222/718/1189 1189/685/1189
f 1220/716/1219 1219/715/1183 1193/689/1193
f 1193/689/1193 1195/691/1195 1220/716/1219
f 1219/715/1183 1221/717/1187 1197/693/1197
f 1197/693/1197 1193/689/1193 1219/715/1183
f 1221/717/1187 1222/718/1189 1200/696/1200
f 1200/696/1200 1197/693/1197 1221/717/1187
f 1222/718/1189 1223/719/1191 1201/697/1201
f 1201/697/1201 1200/696/1200 1222/718/1189
f 1215/711/1215 1214/710/1214 1185/681/1185
f 1215/711/1215 1185/681/1185 1184/680/1184
f 1214/710/1214 1216/712/1216 1188/684/1188
f 1214/710/1214 1188/684/1188 1185/681/1185
f 1217/713/1217 1188/684/1188 1216/712/1216
f 1188/684/1188 1217/713/1217 1190/686/1190
f 1218/714/1218 1190/686/1190 1217/713/1217
f 1190/686/1190 1218/714/1218 1192/688/1192
f 1224/720/1220 1225/721/1221 1226/722/1222
f 1226/722/1222 1227/723/1223 1224/720/1220
f 1225/721/1221 1228/724/1224 1229/725/1225
f 1228/724/1224 1225/721/1221 1230/726/1226
f 1231/727/1227 1229/725/1225 1228/724/1224
f 1231/727/1227 1232/728/1228 1233/729/1229
f 1233/729/1229 1229/725/1225 1231/727/1227
f 1234/730/1230 1235/731/1231 1226/722/1222
f 1234/730/1230 1226/722/1222 1236/732/1232
f 1225/721/1221 1229/725/1225 1237/733/1233
f 1237/733/1233 1238/734/1234 1225/721/1221
f 1229/725/1225 1233/729/1229 1239/735/1235
f 1239/735/1235 1237/733/1233 1229/725/1225
f 1205/701/1205 1240/736/1236 1206/702/1206
f 1240/736/1236 1241/737/1237 1206/702/1206
f 1207/703/1207 1242/738/1238 1205/701/1205
f 1242/738/1238 1240/736/1236 1205/701/1205
f 1208/704/1208 1243/739/1239 1207/703/1207
f 1243/739/1239 1242/738/1238 1207/703/1207
f 1244/740/1240 1245/741/1241 1246/742/1242
f 1245/741/1241 1244/740/1240 1247/743/1243
f 1248/744/1244 1244/740/1240 1246/742/1242
f 1244/740/1240 1248/744/1244 1249/745/1245
f 1250/746/1246 1247/743/1243 1244/740/1240
f 1247/743/1243 1250/746/1246 1251/747/1247
f 1252/748/1248 1244/740/1240 1249/745/1245
f 1244/740/1240 1252/748/1248 1250/746/1246
f 1253/749/1249 1254/750/1250 1255/751/1251
f 1255/751/1251 1256/752/1252 1253/749/1249
f 1257/753/1253 1256/752/1252 1255/751/1251
f 1256/752/1252 1257/753/1253 1258/754/1254
f 1257/753/1253 1259/755/1255 1258/754/1254
f 1250/746/1246 1253/749/1249 1251/747/1247
f 1252/748/1248 1254/750/1250 1250/746/1246
f 1260/756/1256 1261/757/1257 1262/755/1256
f 1261/757/1257 1260/756/1256 1263/758/1257
f 1264/758/1258 1265/756/1259 1266/759/1260
f 1266/759/1260 1267/760/1261 1268/761/1262
f 1266/759/1260 1268/761/1262 1269/762/1263
f 1250/746/1246 1254/750/1250 1253/749/1249
f 1270/763/1264 1271/764/1265 1272/765/1266
f 1273/766/1267 1274/767/1268 1248/744/1244
f 1248/744/1244 1246/742/1242 1273/766/1267
f 1275/768/1269 1276/769/1270 1277/770/1271
f 1274/767/1268 1276/769/1270 1275/768/1269
f 1275/768/1269 1278/771/1272 1279/772/1273
f 1275/768/1269 1277/770/1271 1278/771/1272
f 1277/770/1271 1280/773/1274 1278/771/1272
f 1281/774/1275 1282/775/1276 1283/776/1277
f 1283/776/1277 1280/773/1274 1281/774/1275
f 1280/773/1274 1283/776/1277 1278/771/1272
f 1273/766/1267 1246/742/1242 1284/777/1278
f 1285/778/1279 1282/775/1276 1281/774/1275
f 1282/775/1276 1285/778/1279 1286/779/1280
f 1285/778/1279 1280/773/1274 1287/780/1281
f 1280/773/1274 1285/778/1279 1281/774/1275
f 1288/781/1282 1287/780/1281 1280/773/1274
f 1280/773/1274 1277/770/1271 1288/781/1282
f 1289/782/1283 1288/781/1282 1277/770/1271
f 1277/770/1271 1276/769/1270 1289/782/1283
f 1290/783/1284 1289/782/1283 1276/769/1270
f 1276/769/1270 1273/766/1267 1290/783/1284
f 1284/777/1278 1290/783/1284 1273/766/1267
f 1290/783/1284 1284/777/1278 1291/784/1285
f 1292/785/1286 1291/784/1285 1293/786/1287
f 1293/786/1287 1291/784/1285 1284/777/1278
f 1292/785/1286 1245/741/1241 1294/787/1288
f 1245/741/1241 1292/785/1286 1293/786/1287
f 1295/788/1289 1296/789/1290 1285/778/1279
f 1296/789/1290 1286/779/1280 1285/778/1279
f 1285/778/1279 1287/780/1281 1295/788/1289
f 1297/790/1291 1295/788/1289 1287/780/1281
f 1287/780/1281 1288/781/1282 1297/790/1291
f 1298/791/1292 1297/790/1291 1288/781/1282
f 1298/791/1292 1288/781/1282 1289/782/1283
f 1299/792/1293 1289/782/1283 1290/783/1284
f 1289/782/1283 1299/792/1293 1298/791/1292
f 1291/784/1285 1299/792/1293 1290/783/1284
f 1300/793/1294 1299/792/1293 1291/784/1285
f 1292/785/1286 1294/787/1288 1272/765/1266
f 1270/763/1264 1272/765/1266 1294/787/1288
f 1272/765/1266 1300/793/1294 1292/785/1286
f 1300/793/1294 1291/784/1285 1292/785/1286
f 1299/792/1293 1300/793/1294 1271/764/1265
f 1271/764/1265 1300/793/1294 1272/765/1266
f 1273/766/1267 1276/769/1270 1274/767/1268
f 1246/742/1242 1245/741/1241 1293/786/1287
f 1246/742/1242 1293/786/1287 1284/777/1278
f 1301/794/1295 1302/795/1296 1303/796/1297
f 1301/794/1295 1303/796/1297 1304/797/1298
f 1305/798/1299 1306/799/1300 1307/800/1301
f 1306/799/1300 1305/798/1299 1308/801/1302
f 1309/802/1303 1310/803/1304 1311/804/1305
f 1310/803/1304 1309/802/1303 1312/805/1306
f 1312/805/1306 1313/806/1307 1310/803/1304
f 1313/806/1307 1312/805/1306 1314/807/1308
f 1308/801/1302 1311/804/1305 1306/799/1300
f 1311/804/1305 1308/801/1302 1309/802/1303
f 1315/808/1309 1307/800/1301 1316/809/1310
f 1307/800/1301 1315/808/1309 1305/798/1299
f 1317/810/1311 1316/809/1310 1318/811/1312
f 1316/809/1310 1317/810/1311 1315/808/1309
f 1319/812/1313 1318/811/1312 1320/813/1314
f 1318/811/1312 1319/812/1313 1317/810/1311
f 1321/814/1315 1322/815/1316 1323/816/1317
f 1323/816/1317 1324/817/1318 1321/814/1315
f 1325/818/1319 1321/814/1315 1324/817/1318
f 1324/817/1318 1326/819/1320 1325/818/1319
f 1322/815/1316 1327/820/1321 1328/821/1322
f 1328/821/1322 1323/816/1317 1322/815/1316
f 1329/822/1323 1328/821/1322 1330/823/1324
f 1330/823/1324 1328/821/1322 1327/820/1321
f 1329/822/1323 1331/731/1325 1332/730/1326
f 1332/730/1326 1333/824/1327 1329/822/1323
f 1334/825/1328 1335/826/1329 1336/827/1330
f 1336/827/1330 1337/828/1331 1334/825/1328
f 1338/829/1332 1339/830/1333 1340/831/1334
f 1340/831/1334 1339/830/1333 1341/819/1335
f 1334/825/1328 1337/828/1331 1341/819/1335
f 1337/828/1331 1340/831/1334 1341/819/1335
f 1342/832/1336 1343/833/1337 1338/829/1332
f 1339/830/1333 1338/829/1332 1343/833/1337
f 1335/826/1329 1344/834/1338 1345/835/1339
f 1345/835/1339 1336/827/1330 1335/826/1329
f 1345/835/1339 1346/824/1340 1347/836/1341
f 1346/824/1340 1345/835/1339 1344/834/1338
f 1323/816/1317 1348/825/1342 1324/817/1318
f 1348/825/1342 1323/816/1317 1349/826/1343
f 1322/815/1316 1350/837/1344 1351/838/1345
f 1322/815/1316 1321/814/1315 1350/837/1344
f 1326/819/1320 1352/830/1346 1325/818/1319
f 1324/817/1318 1348/825/1342 1326/819/1320
f 1325/818/1319 1353/839/1347 1321/814/1315
f 1353/839/1347 1325/818/1319 1354/840/1348
f 1355/841/1349 1352/830/1346 1356/833/1350
f 1352/830/1346 1355/841/1349 1325/818/1319
f 1355/841/1349 1354/840/1348 1325/818/1319
f 1321/814/1315 1353/839/1347 1350/837/1344
f 1328/821/1322 1349/826/1343 1323/816/1317
f 1349/826/1343 1328/821/1322 1357/834/1351
f 1351/838/1345 1327/820/1321 1322/815/1316
f 1327/820/1321 1351/838/1345 1358/842/1352
f 1333/824/1327 1328/821/1322 1329/822/1323
f 1328/821/1322 1333/824/1327 1357/834/1351
f 1330/823/1324 1327/820/1321 1359/843/1353
f 1359/843/1353 1327/820/1321 1358/842/1352
f 1234/730/1230 1347/836/1341 1346/824/1340
f 1360/844/1354 1330/823/1324 1361/845/1355
f 1330/823/1324 1359/843/1353 1361/845/1355
f 1360/844/1354 1329/822/1323 1330/823/1324
f 1329/822/1323 1360/844/1354 1331/731/1325
f 1362/846/1356 1320/813/1314 1363/847/1357
f 1320/813/1314 1362/846/1356 1319/812/1313
f 1363/847/1357 1206/702/1206 1362/846/1356
f 1235/731/1231 1364/844/1358 1227/723/1223
f 1365/848/1359 1302/795/1296 1366/849/1360
f 1230/726/1226 1224/720/1220 1241/737/1237
f 1228/724/1224 1241/737/1237 1240/736/1236
f 1241/737/1237 1228/724/1224 1230/726/1226
f 1231/727/1227 1240/736/1236 1242/738/1238
f 1240/736/1236 1231/727/1227 1228/724/1224
f 1232/728/1228 1242/738/1238 1243/739/1239
f 1242/738/1238 1232/728/1228 1231/727/1227
f 1367/850/1361 1234/730/1230 1236/732/1232
f 1238/734/1234 1236/732/1232 1225/721/1221
f 1225/721/1221 1236/732/1232 1226/722/1222
f 1236/732/1232 1368/851/1362 1367/850/1361
f 1196/692/1196 1206/702/1206 1203/699/1203
f 1302/795/1296 1365/848/1359 1363/847/1357
f 1206/702/1206 1363/847/1357 1365/848/1359
f 1303/796/1297 1302/795/1296 1320/813/1314
f 1363/847/1357 1320/813/1314 1302/795/1296
f 1320/813/1314 1318/811/1312 1303/796/1297
f 1303/796/1297 1318/811/1312 1369/852/1363
f 1316/809/1310 1369/852/1363 1318/811/1312
f 1369/852/1363 1316/809/1310 1370/853/1364
f 1371/854/1365 1370/853/1364 1316/809/1310
f 1316/809/1310 1307/800/1301 1371/854/1365
f 1372/855/1366 1371/854/1365 1307/800/1301
f 1307/800/1301 1306/799/1300 1372/855/1366
f 1306/799/1300 1283/776/1277 1372/855/1366
f 1283/776/1277 1306/799/1300 1311/804/1305
f 1278/771/1272 1283/776/1277 1311/804/1305
f 1311/804/1305 1310/803/1304 1278/771/1272
f 1279/772/1273 1310/803/1304 1313/806/1307
f 1279/772/1273 1278/771/1272 1310/803/1304
f 1241/737/1237 1362/846/1356 1206/702/1206
f 1362/846/1356 1241/737/1237 1224/720/1220
f 1227/723/1223 1319/812/1313 1224/720/1220
f 1362/846/1356 1224/720/1220 1319/812/1313
f 1319/812/1313 1227/723/1223 1364/844/1358
f 1319/812/1313 1364/844/1358 1373/845/1367
f 1317/810/1311 1319/812/1313 1373/845/1367
f 1373/845/1367 1374/843/1368 1317/810/1311
f 1315/808/1309 1317/810/1311 1374/843/1368
f 1374/843/1368 1375/842/1369 1315/808/1309
f 1305/798/1299 1315/808/1309 1375/842/1369
f 1375/842/1369 1376/838/1370 1305/798/1299
f 1308/801/1302 1305/798/1299 1376/838/1370
f 1376/838/1370 1377/837/1371 1308/801/1302
f 1309/802/1303 1308/801/1302 1377/837/1371
f 1377/837/1371 1378/839/1372 1309/802/1303
f 1309/802/1303 1378/839/1372 1312/805/1306
f 1378/839/1372 1379/840/1373 1312/805/1306
f 1312/805/1306 1379/840/1373 1314/807/1308
f 1379/840/1373 1380/841/1374 1314/807/1308
f 1234/730/1230 1367/850/1361 1347/836/1341
f 1224/720/1220 1230/726/1226 1225/721/1221
f 1226/722/1222 1235/731/1231 1227/723/1223
f 1236/732/1232 1238/734/1234 1368/851/1362
f 1204/700/1204 1365/848/1359 1366/849/1360
f 1204/700/1204 1203/699/1203 1365/848/1359
f 1365/848/1359 1203/699/1203 1206/702/1206
f 1282/775/1276 1372/855/1366 1283/776/1277
f 1371/854/1365 1381/856/1375 1370/853/1364
f 1381/856/1375 1371/854/1365 1382/857/1376
f 1270/763/1264 1383/858/1377 1271/764/1265
f 1295/788/1289 1297/790/1291 1271/764/1265
f 1271/764/1265 1298/791/1292 1299/792/1293
f 1271/764/1265 1297/790/1291 1298/791/1292
f 1296/789/1290 1295/788/1289 1271/764/1265
f 1259/755/1255 1384/757/1378 1258/754/1254
f 1385/859/1379 1260/756/1256 1262/755/1256
f 1260/756/1256 1385/859/1379 1386/860/1379
f 1257/753/1253 1387/859/1380 1259/755/1255
f 1265/756/1259 1267/760/1261 1266/759/1260
f 1265/756/1259 1388/860/1381 1267/760/1261
f 1382/857/1376 1371/854/1365 1372/855/1366
f 1382/857/1376 1372/855/1366 1389/861/1382
f 1174/670/1174 1390/862/1383 1391/863/1384
f 1390/862/1383 1174/670/1174 1176/672/1176
f 1392/864/1385 1391/863/1384 1390/862/1383
f 1392/864/1385 1390/862/1383 1393/865/1386
f 1394/866/1387 1392/864/1385 1393/865/1386
f 1394/866/1387 1393/865/1386 1395/867/1388
f 1395/867/1388 1396/868/1389 1394/866/1387
f 1396/868/1389 1395/867/1388 1397/869/1390
f 1184/680/1184 1398/870/1391 1399/871/1392
f 1398/870/1391 1184/680/1184 1186/682/1186
f 1399/871/1392 1400/872/1393 1401/873/1394
f 1400/872/1393 1399/871/1392 1398/870/1391
f 1401/873/1394 1402/874/1395 1403/875/1396
f 1402/874/1395 1401/873/1394 1400/872/1393
f 1403/875/1396 1404/876/1397 1405/877/1398
f 1404/876/1397 1403/875/1396 1402/874/1395
f 1194/690/1194 1406/878/1399 1195/691/1195
f 1406/878/1399 1194/690/1194 1407/879/1400
f 1407/879/1400 1408/880/1401 1406/878/1399
f 1408/880/1401 1407/879/1400 1409/881/1402
f 1409/881/1402 1410/882/1403 1408/880/1401
f 1411/883/1404 1408/880/1401 1410/882/1403
f 1410/882/1403 1412/884/1405 1411/883/1404
f 1412/884/1405 1410/882/1403 1413/885/1406
f 1414/886/1407 1194/690/1194 1204/700/1204
f 1407/879/1400 1194/690/1194 1414/886/1407
f 1407/879/1400 1415/887/1408 1409/881/1402
f 1415/887/1408 1407/879/1400 1416/888/1409
f 1409/881/1402 1417/889/1410 1410/882/1403
f 1417/889/1410 1409/881/1402 1415/887/1408
f 1410/882/1403 1418/890/1411 1413/885/1406
f 1418/890/1411 1410/882/1403 1417/889/1410
f 1419/891/1412 1174/670/1174 1391/863/1384
f 1174/670/1174 1419/891/1412 1210/706/1210
f 1420/892/1413 1421/893/1414 1396/868/1389
f 1396/868/1389 1421/893/1414 1394/866/1387
f 1421/893/1414 1392/864/1385 1394/866/1387
f 1392/864/1385 1421/893/1414 1422/894/1415
f 1422/894/1415 1419/891/1412 1392/864/1385
f 1392/864/1385 1419/891/1412 1391/863/1384
f 1390/862/1383 1176/672/1176 1423/895/1416
f 1176/672/1176 1215/711/1215 1423/895/1416
f 1393/865/1386 1423/895/1416 1424/896/1417
f 1423/895/1416 1393/865/1386 1390/862/1383
f 1395/867/1388 1424/896/1417 1425/897/1418
f 1424/896/1417 1395/867/1388 1393/865/1386
f 1397/869/1390 1425/897/1418 1426/898/1419
f 1425/897/1418 1397/869/1390 1395/867/1388
f 1220/716/1219 1427/899/1391 1186/682/1186
f 1186/682/1186 1427/899/1391 1398/870/1391
f 1427/899/1391 1428/900/1393 1398/870/1391
f 1398/870/1391 1428/900/1393 1400/872/1393
f 1428/900/1393 1429/901/1395 1400/872/1393
f 1400/872/1393 1429/901/1395 1402/874/1395
f 1429/901/1395 1430/902/1397 1402/874/1395
f 1402/874/1395 1430/902/1397 1404/876/1397
f 1195/691/1195 1406/878/1399 1220/716/1219
f 1220/716/1219 1406/878/1399 1427/899/1391
f 1406/878/1399 1408/880/1401 1427/899/1391
f 1427/899/1391 1408/880/1401 1428/900/1393
f 1408/880/1401 1411/883/1404 1428/900/1393
f 1428/900/1393 1411/883/1404 1429/901/1395
f 1411/883/1404 1412/884/1405 1429/901/1395
f 1429/901/1395 1412/884/1405 1430/902/1397
f 1184/680/1184 1399/871/1392 1215/711/1215
f 1423/895/1416 1215/711/1215 1399/871/1392
f 1399/871/1392 1401/873/1394 1423/895/1416
f 1424/896/1417 1423/895/1416 1401/873/1394
f 1401/873/1394 1403/875/1396 1424/896/1417
f 1425/897/1418 1424/896/1417 1403/875/1396
f 1403/875/1396 1426/898/1419 1425/897/1418
f 1426/898/1419 1403/875/1396 1405/877/1398
f 1431/903/1420 1432/904/1421 1433/905/1422
f 1434/906/1423 1433/905/1422 1432/904/1421
f 1431/903/1420 1435/907/1424 1436/908/1425
f 1435/907/1424 1431/903/1420 1437/909/1426
f 1438/910/1427 1435/907/1424 1437/909/1426
f 1439/911/1428 1438/910/1427 1440/912/1429
f 1438/910/1427 1437/909/1426 1440/912/1429
f 1441/913/1430 1433/905/1422 1442/914/1431
f 1433/905/1422 1441/913/1430 1443/915/1432
f 1444/916/1433 1431/903/1420 1445/917/1434
f 1431/903/1420 1444/916/1433 1437/909/1426
f 1444/916/1433 1446/918/1435 1437/909/1426
f 1437/909/1426 1446/918/1435 1440/912/1429
f 1447/919/1436 1448/920/1437 1416/888/1409
f 1416/888/1409 1448/920/1437 1415/887/1408
f 1448/920/1437 1449/921/1438 1415/887/1408
f 1415/887/1408 1449/921/1438 1417/889/1410
f 1449/921/1438 1450/922/1439 1417/889/1410
f 1417/889/1410 1450/922/1439 1418/890/1411
f 1247/743/1243 1451/923/1440 1245/741/1241
f 1452/924/1441 1245/741/1241 1451/923/1440
f 1451/923/1440 1453/925/1442 1452/924/1441
f 1453/925/1442 1451/923/1440 1454/926/1443
f 1247/743/1243 1455/927/1444 1451/923/1440
f 1455/927/1444 1247/743/1243 1251/747/1247
f 1451/923/1440 1456/928/1445 1454/926/1443
f 1456/928/1445 1451/923/1440 1455/927/1444
f 1256/752/1252 1457/929/1446 1253/749/1249
f 1253/749/1249 1457/929/1446 1458/930/1447
f 1256/752/1252 1459/931/1448 1457/929/1446
f 1459/931/1448 1256/752/1252 1258/754/1254
f 1459/931/1448 1258/754/1254 1460/932/1449
f 1455/927/1444 1251/747/1247 1253/749/1249
f 1456/928/1445 1455/927/1444 1458/930/1447
f 1461/932/1450 1261/757/1257 1462/933/1450
f 1261/757/1257 1263/758/1257 1462/933/1450
f 1264/758/1258 1266/759/1260 1463/933/1451
f 1269/762/1263 1464/934/1452 1266/759/1260
f 1465/935/1453 1266/759/1260 1464/934/1452
f 1455/927/1444 1253/749/1249 1458/930/1447
f 1270/763/1264 1466/936/1454 1383/858/1377
f 1452/924/1441 1453/925/1442 1467/937/1455
f 1453/925/1442 1468/938/1456 1467/937/1455
f 1469/939/1457 1468/938/1456 1470/940/1458
f 1470/940/1458 1471/941/1459 1469/939/1457
f 1472/942/1460 1470/940/1458 1473/943/1461
f 1471/941/1459 1470/940/1458 1472/942/1460
f 1471/941/1459 1472/942/1460 1474/944/1462
f 1475/945/1463 1476/946/1464 1282/775/1276
f 1474/944/1462 1476/946/1464 1475/945/1463
f 1476/946/1464 1474/944/1462 1472/942/1460
f 1467/937/1455 1477/947/1465 1452/924/1441
f 1286/779/1280 1478/948/1466 1282/775/1276
f 1475/945/1463 1282/775/1276 1478/948/1466
f 1474/944/1462 1478/948/1466 1479/949/1467
f 1478/948/1466 1474/944/1462 1475/945/1463
f 1480/950/1468 1474/944/1462 1479/949/1467
f 1474/944/1462 1480/950/1468 1471/941/1459
f 1480/950/1468 1481/951/1469 1471/941/1459
f 1471/941/1459 1481/951/1469 1469/939/1457
f 1482/952/1470 1469/939/1457 1481/951/1469
f 1467/937/1455 1469/939/1457 1482/952/1470
f 1482/952/1470 1477/947/1465 1467/937/1455
f 1477/947/1465 1482/952/1470 1483/953/1471
f 1484/954/1472 1483/953/1471 1485/955/1473
f 1483/953/1471 1484/954/1472 1477/947/1465
f 1245/741/1241 1485/955/1473 1294/787/1288
f 1485/955/1473 1245/741/1241 1484/954/1472
f 1478/948/1466 1286/779/1280 1296/789/1290
f 1296/789/1290 1486/956/1474 1478/948/1466
f 1479/949/1467 1478/948/1466 1486/956/1474
f 1486/956/1474 1487/957/1475 1479/949/1467
f 1480/950/1468 1479/949/1467 1487/957/1475
f 1487/957/1475 1488/958/1476 1480/950/1468
f 1488/958/1476 1481/951/1469 1480/950/1468
f 1481/951/1469 1489/959/1477 1482/952/1470
f 1489/959/1477 1481/951/1469 1488/958/1476
f 1483/953/1471 1482/952/1470 1489/959/1477
f 1483/953/1471 1489/959/1477 1490/960/1478
f 1294/787/1288 1466/936/1454 1270/763/1264
f 1466/936/1454 1294/787/1288 1485/955/1473
f 1490/960/1478 1466/936/1454 1485/955/1473
f 1485/955/1473 1483/953/1471 1490/960/1478
f 1489/959/1477 1383/858/1377 1490/960/1478
f 1383/858/1377 1466/936/1454 1490/960/1478
f 1467/937/1455 1468/938/1456 1469/939/1457
f 1452/924/1441 1484/954/1472 1245/741/1241
f 1452/924/1441 1477/947/1465 1484/954/1472
f 1491/961/1479 1370/853/1364 1381/856/1375
f 1370/853/1364 1491/961/1479 1369/852/1363
f 1492/962/1480 1493/963/1481 1494/964/1482
f 1495/965/1483 1494/964/1482 1493/963/1481
f 1496/966/1484 1497/967/1485 1498/968/1486
f 1499/969/1487 1498/968/1486 1497/967/1485
f 1500/970/1488 1496/966/1484 1501/971/1489
f 1501/971/1489 1496/966/1484 1498/968/1486
f 1497/967/1485 1492/962/1480 1499/969/1487
f 1494/964/1482 1499/969/1487 1492/962/1480
f 1495/965/1483 1502/972/1490 1503/973/1491
f 1502/972/1490 1495/965/1483 1493/963/1481
f 1504/974/1492 1503/973/1491 1505/975/1493
f 1505/975/1493 1503/973/1491 1502/972/1490
f 1506/976/1494 1504/974/1492 1507/977/1495
f 1504/974/1492 1505/975/1493 1507/977/1495
f 1508/978/1496 1509/979/1497 1510/980/1498
f 1509/979/1497 1511/981/1499 1510/980/1498
f 1509/979/1497 1512/982/1500 1511/981/1499
f 1512/982/1500 1513/983/1501 1511/981/1499
f 1514/984/1502 1508/978/1496 1515/985/1503
f 1508/978/1496 1510/980/1498 1515/985/1503
f 1516/986/1504 1517/987/1505 1515/985/1503
f 1517/987/1505 1514/984/1502 1515/985/1503
f 1518/914/1506 1516/986/1504 1519/913/1507
f 1519/913/1507 1516/986/1504 1520/988/1508
f 1521/989/1509 1522/990/1510 1523/991/1511
f 1524/992/1512 1523/991/1511 1522/990/1510
f 1525/993/1513 1526/994/1514 1527/995/1515
f 1525/993/1513 1527/995/1515 1528/983/1516
f 1521/989/1509 1523/991/1511 1528/983/1516
f 1528/983/1516 1527/995/1515 1521/989/1509
f 1526/994/1514 1529/996/1517 1530/997/1518
f 1529/996/1517 1526/994/1514 1525/993/1513
f 1522/990/1510 1531/998/1519 1524/992/1512
f 1532/999/1520 1524/992/1512 1531/998/1519
f 1531/998/1519 1533/1000/1521 1534/988/1522
f 1534/988/1522 1532/999/1520 1531/998/1519
f 1510/980/1498 1535/991/1523 1536/992/1524
f 1535/991/1523 1510/980/1498 1511/981/1499
f 1537/1001/1525 1538/1002/1526 1508/978/1496
f 1509/979/1497 1508/978/1496 1538/1002/1526
f 1513/983/1501 1512/982/1500 1539/993/1527
f 1511/981/1499 1513/983/1501 1535/991/1523
f 1540/1003/1528 1512/982/1500 1509/979/1497
f 1512/982/1500 1540/1003/1528 1541/1004/1529
f 1542/1005/1530 1539/993/1527 1512/982/1500
f 1539/993/1527 1542/1005/1530 1543/996/1531
f 1542/1005/1530 1512/982/1500 1541/1004/1529
f 1509/979/1497 1538/1002/1526 1540/1003/1528
f 1515/985/1503 1536/992/1524 1544/999/1532
f 1536/992/1524 1515/985/1503 1510/980/1498
f 1545/1006/1533 1537/1001/1525 1514/984/1502
f 1514/984/1502 1537/1001/1525 1508/978/1496
f 1520/988/1508 1515/985/1503 1544/999/1532
f 1515/985/1503 1520/988/1508 1516/986/1504
f 1546/1007/1534 1514/984/1502 1517/987/1505
f 1514/984/1502 1546/1007/1534 1545/1006/1533
f 1441/913/1430 1534/988/1522 1533/1000/1521
f 1517/987/1505 1547/1008/1535 1548/1009/1536
f 1517/987/1505 1548/1009/1536 1546/1007/1534
f 1547/1008/1535 1516/986/1504 1518/914/1506
f 1516/986/1504 1547/1008/1535 1517/987/1505
f 1507/977/1495 1549/1010/1537 1506/976/1494
f 1549/1010/1537 1550/1011/1538 1506/976/1494
f 1550/1011/1538 1549/1010/1537 1416/888/1409
f 1442/914/1431 1434/906/1423 1551/1008/1539
f 1552/1012/1540 1366/849/1360 1301/794/1295
f 1436/908/1425 1447/919/1436 1432/904/1421
f 1447/919/1436 1435/907/1424 1448/920/1437
f 1435/907/1424 1447/919/1436 1436/908/1425
f 1448/920/1437 1438/910/1427 1449/921/1438
f 1438/910/1427 1448/920/1437 1435/907/1424
f 1449/921/1438 1439/911/1428 1450/922/1439
f 1439/911/1428 1449/921/1438 1438/910/1427
f 1553/1013/1541 1443/915/1432 1441/913/1430
f 1433/905/1422 1443/915/1432 1431/903/1420
f 1443/915/1432 1445/917/1434 1431/903/1420
f 1443/915/1432 1553/1013/1541 1554/1014/1542
f 1407/879/1400 1414/886/1407 1416/888/1409
f 1550/1011/1538 1416/888/1409 1552/1012/1540
f 1552/1012/1540 1301/794/1295 1550/1011/1538
f 1506/976/1494 1550/1011/1538 1301/794/1295
f 1301/794/1295 1304/797/1298 1506/976/1494
f 1504/974/1492 1506/976/1494 1304/797/1298
f 1304/797/1298 1491/961/1479 1504/974/1492
f 1503/973/1491 1504/974/1492 1491/961/1479
f 1491/961/1479 1381/856/1375 1503/973/1491
f 1495/965/1483 1503/973/1491 1382/857/1376
f 1381/856/1375 1382/857/1376 1503/973/1491
f 1382/857/1376 1389/861/1382 1495/965/1483
f 1389/861/1382 1494/964/1482 1495/965/1483
f 1494/964/1482 1476/946/1464 1499/969/1487
f 1476/946/1464 1494/964/1482 1389/861/1382
f 1498/968/1486 1499/969/1487 1472/942/1460
f 1476/946/1464 1472/942/1460 1499/969/1487
f 1498/968/1486 1473/943/1461 1501/971/1489
f 1472/942/1460 1473/943/1461 1498/968/1486
f 1549/1010/1537 1447/919/1436 1416/888/1409
f 1447/919/1436 1549/1010/1537 1432/904/1421
f 1432/904/1421 1549/1010/1537 1507/977/1495
f 1432/904/1421 1507/977/1495 1434/906/1423
f 1507/977/1495 1551/1008/1539 1434/906/1423
f 1507/977/1495 1555/1009/1543 1551/1008/1539
f 1507/977/1495 1505/975/1493 1555/1009/1543
f 1555/1009/1543 1505/975/1493 1556/1007/1544
f 1505/975/1493 1502/972/1490 1556/1007/1544
f 1556/1007/1544 1502/972/1490 1557/1006/1545
f 1558/1001/1546 1557/1006/1545 1493/963/1481
f 1502/972/1490 1493/963/1481 1557/1006/1545
f 1493/963/1481 1492/962/1480 1558/1001/1546
f 1492/962/1480 1559/1002/1547 1558/1001/1546
f 1492/962/1480 1497/967/1485 1559/1002/1547
f 1497/967/1485 1560/1003/1548 1559/1002/1547
f 1560/1003/1548 1497/967/1485 1496/966/1484
f 1496/966/1484 1561/1004/1549 1560/1003/1548
f 1562/1005/1550 1561/1004/1549 1500/970/1488
f 1500/970/1488 1561/1004/1549 1496/966/1484
f 1441/913/1430 1533/1000/1521 1553/1013/1541
f 1432/904/1421 1431/903/1420 1436/908/1425
f 1433/905/1422 1434/906/1423 1442/914/1431
f 1443/915/1432 1554/1014/1542 1445/917/1434
f 1552/1012/1540 1204/700/1204 1366/849/1360
f 1414/886/1407 1204/700/1204 1552/1012/1540
f 1552/1012/1540 1416/888/1409 1414/886/1407
f 1282/775/1276 1476/946/1464 1389/861/1382
f 1304/797/1298 1369/852/1363 1491/961/1479
f 1369/852/1363 1304/797/1298 1303/796/1297
f 1282/775/1276 1389/861/1382 1372/855/1366
f 1486/956/1474 1383/858/1377 1487/957/1475
f 1488/958/1476 1383/858/1377 1489/959/1477
f 1487/957/1475 1383/858/1377 1488/958/1476
f 1296/789/1290 1383/858/1377 1486/956/1474
f 1460/932/1449 1258/754/1254 1384/757/1378
f 1563/1015/1551 1462/933/1450 1564/1016/1551
f 1462/933/1450 1563/1015/1551 1461/932/1450
f 1459/931/1448 1460/932/1449 1565/1015/1552
f 1463/933/1451 1266/759/1260 1465/935/1453
f 1463/933/1451 1465/935/1453 1566/1016/1553
f 1366/849/1360 1302/795/1296 1301/794/1295
f 1296/789/1290 1271/764/1265 1383/858/1377
f 1567/1017/1554 1568/1018/1555 1569/1019/1556
f 1568/1018/1555 1567/1017/1554 1570/1020/1557
f 1570/1020/1557 1571/1021/1558 1568/1018/1555
f 1568/1018/1555 1571/1021/1558 1572/1022/1559
f 1571/1021/1558 1573/1023/1560 1572/1022/1559
f 1573/1023/1560 1574/1024/1561 1572/1022/1559
f 1397/869/1390 1574/1024/1561 1396/868/1389
f 1573/1023/1560 1396/868/1389 1574/1024/1561
f 1575/1025/1562 1576/1026/1563 1577/1027/1564
f 1577/1027/1564 1576/1026/1563 1578/1028/1565
f 1579/1029/1566 1575/1025/1562 1580/1030/1567
f 1580/1030/1567 1575/1025/1562 1577/1027/1564
f 1581/1031/1568 1579/1029/1566 1582/1032/1569
f 1582/1032/1569 1579/1029/1566 1580/1030/1567
f 1404/876/1397 1581/1031/1568 1405/877/1398
f 1405/877/1398 1581/1031/1568 1582/1032/1569
f 1583/1033/1570 1584/1034/1571 1585/1035/1572
f 1584/1034/1571 1583/1033/1570 1586/1036/1573
f 1585/1035/1572 1587/1037/1574 1588/1038/1575
f 1587/1037/1574 1585/1035/1572 1584/1034/1571
f 1589/1039/1576 1588/1038/1575 1587/1037/1574
f 1587/1037/1574 1590/1040/1577 1589/1039/1576
f 1589/1039/1576 1412/884/1405 1413/885/1406
f 1412/884/1405 1589/1039/1576 1590/1040/1577
f 1583/1033/1570 1585/1035/1572 1591/1041/1578
f 1591/1041/1578 1592/1042/1579 1583/1033/1570
f 1593/1043/1580 1594/1044/1581 1588/1038/1575
f 1588/1038/1575 1594/1044/1581 1585/1035/1572
f 1595/1045/1582 1593/1043/1580 1589/1039/1576
f 1589/1039/1576 1593/1043/1580 1588/1038/1575
f 1418/890/1411 1595/1045/1582 1413/885/1406
f 1413/885/1406 1595/1045/1582 1589/1039/1576
f 1567/1017/1554 1596/1046/1583 1570/1020/1557
f 1596/1046/1583 1567/1017/1554 1597/1047/1584
f 1598/1048/1585 1396/868/1389 1573/1023/1560
f 1396/868/1389 1598/1048/1585 1420/892/1413
f 1571/1021/1558 1598/1048/1585 1573/1023/1560
f 1598/1048/1585 1571/1021/1558 1599/1049/1586
f 1596/1046/1583 1571/1021/1558 1570/1020/1557
f 1571/1021/1558 1596/1046/1583 1599/1049/1586
f 1569/1019/1556 1600/1050/1587 1601/1051/1588
f 1600/1050/1587 1569/1019/1556 1568/1018/1555
f 1600/1050/1587 1572/1022/1559 1602/1052/1589
f 1572/1022/1559 1600/1050/1587 1568/1018/1555
f 1572/1022/1559 1603/1053/1590 1602/1052/1589
f 1603/1053/1590 1572/1022/1559 1574/1024/1561
f 1397/869/1390 1603/1053/1590 1574/1024/1561
f 1603/1053/1590 1397/869/1390 1426/898/1419
f 1575/1025/1562 1604/1054/1591 1576/1026/1563
f 1604/1054/1591 1575/1025/1562 1605/1055/1562
f 1579/1029/1566 1605/1055/1562 1575/1025/1562
f 1605/1055/1562 1579/1029/1566 1606/1056/1592
f 1581/1031/1568 1606/1056/1592 1579/1029/1566
f 1606/1056/1592 1581/1031/1568 1607/1057/1568
f 1404/876/1397 1607/1057/1568 1581/1031/1568
f 1607/1057/1568 1404/876/1397 1430/902/1397
f 1605/1055/1562 1586/1036/1573 1604/1054/1591
f 1586/1036/1573 1605/1055/1562 1584/1034/1571
f 1606/1056/1592 1584/1034/1571 1605/1055/1562
f 1584/1034/1571 1606/1056/1592 1587/1037/1574
f 1607/1057/1568 1587/1037/1574 1606/1056/1592
f 1587/1037/1574 1607/1057/1568 1590/1040/1577
f 1430/902/1397 1590/1040/1577 1607/1057/1568
f 1590/1040/1577 1430/902/1397 1412/884/1405
f 1601/1051/1588 1577/1027/1564 1578/1028/1565
f 1577/1027/1564 1601/1051/1588 1600/1050/1587
f 1600/1050/1587 1580/1030/1567 1577/1027/1564
f 1580/1030/1567 1600/1050/1587 1602/1052/1589
f 1582/1032/1569 1602/1052/1589 1603/1053/1590
f 1602/1052/1589 1582/1032/1569 1580/1030/1567
f 1426/898/1419 1582/1032/1569 1603/1053/1590
f 1582/1032/1569 1426/898/1419 1405/877/1398
f 1608/1058/1593 1609/1059/1594 1610/1060/1595
f 1609/1059/1594 1608/1058/1593 1611/1061/1596
f 1608/1058/1593 1612/1062/1597 1613/1063/1598
f 1612/1062/1597 1608/1058/1593 1614/1064/1599
f 1615/1065/1600 1613/1063/1598 1612/1062/1597
f 1440/912/1429 1613/1063/1598 1615/1065/1600
f 1440/912/1429 1615/1065/1600 1439/911/1428
f 1616/1066/1601 1617/1067/1602 1611/1061/1596
f 1617/1067/1602 1618/1068/1603 1611/1061/1596
f 1613/1063/1598 1619/1069/1604 1608/1058/1593
f 1619/1069/1604 1613/1063/1598 1620/1070/1605
f 1440/912/1429 1620/1070/1605 1613/1063/1598
f 1620/1070/1605 1440/912/1429 1446/918/1435
f 1593/1043/1580 1621/1071/1606 1594/1044/1581
f 1621/1071/1606 1593/1043/1580 1622/1072/1607
f 1595/1045/1582 1622/1072/1607 1593/1043/1580
f 1622/1072/1607 1595/1045/1582 1623/1073/1608
f 1418/890/1411 1623/1073/1608 1595/1045/1582
f 1623/1073/1608 1418/890/1411 1450/922/1439
f 1624/1074/1609 1625/1075/1610 1626/1076/1611
f 1626/1076/1611 1627/1077/1612 1624/1074/1609
f 1624/1074/1609 1453/925/1442 1454/926/1443
f 1453/925/1442 1624/1074/1609 1627/1077/1612
f 1628/1078/1613 1629/1079/1614 1624/1074/1609
f 1624/1074/1609 1629/1079/1614 1625/1075/1610
f 1456/928/1445 1628/1078/1613 1454/926/1443
f 1454/926/1443 1628/1078/1613 1624/1074/1609
f 1458/930/1447 1630/1080/1615 1631/1081/1616
f 1630/1080/1615 1458/930/1447 1457/929/1446
f 1630/1080/1615 1459/931/1448 1632/1082/1617
f 1459/931/1448 1630/1080/1615 1457/929/1446
f 1459/931/1448 1633/1083/1618 1632/1082/1617
f 1628/1078/1613 1631/1081/1616 1629/1079/1614
f 1456/928/1445 1458/930/1447 1628/1078/1613
f 1634/1084/1619 1635/1085/1619 1636/1086/1620
f 1635/1085/1619 1637/1083/1620 1636/1086/1620
f 1638/1084/1621 1639/1086/1622 1640/1087/1623
f 1640/1087/1623 1464/934/1452 1641/1088/1624
f 1464/934/1452 1640/1087/1623 1465/935/1453
f 1628/1078/1613 1458/930/1447 1631/1081/1616
f 1642/1089/1625 1643/1090/1626 1644/1091/1627
f 1468/938/1456 1627/1077/1612 1645/1092/1628
f 1627/1077/1612 1468/938/1456 1453/925/1442
f 1646/1093/1629 1470/940/1458 1647/1094/1630
f 1647/1094/1630 1470/940/1458 1468/938/1456
f 1470/940/1458 1646/1093/1629 1648/1095/1631
f 1648/1095/1631 1473/943/1461 1470/940/1458
f 1646/1093/1629 1649/1096/1632 1648/1095/1631
f 1650/1097/1633 1651/1098/1634 1652/1099/1635
f 1649/1096/1632 1652/1099/1635 1648/1095/1631
f 1652/1099/1635 1649/1096/1632 1650/1097/1633
f 1645/1092/1628 1627/1077/1612 1653/1100/1636
f 1654/1101/1637 1655/1102/1638 1651/1098/1634
f 1651/1098/1634 1650/1097/1633 1654/1101/1637
f 1656/1103/1639 1654/1101/1637 1649/1096/1632
f 1650/1097/1633 1649/1096/1632 1654/1101/1637
f 1649/1096/1632 1657/1104/1640 1656/1103/1639
f 1657/1104/1640 1649/1096/1632 1646/1093/1629
f 1658/1105/1641 1657/1104/1640 1646/1093/1629
f 1658/1105/1641 1646/1093/1629 1647/1094/1630
f 1659/1106/1642 1658/1105/1641 1647/1094/1630
f 1659/1106/1642 1647/1094/1630 1645/1092/1628
f 1659/1106/1642 1653/1100/1636 1660/1107/1643
f 1653/1100/1636 1659/1106/1642 1645/1092/1628
f 1661/1108/1644 1660/1107/1643 1662/1109/1645
f 1653/1100/1636 1662/1109/1645 1660/1107/1643
f 1663/1110/1646 1661/1108/1644 1626/1076/1611
f 1662/1109/1645 1626/1076/1611 1661/1108/1644
f 1664/1111/1647 1665/1112/1648 1654/1101/1637
f 1665/1112/1648 1655/1102/1638 1654/1101/1637
f 1654/1101/1637 1656/1103/1639 1664/1111/1647
f 1666/1113/1649 1664/1111/1647 1656/1103/1639
f 1656/1103/1639 1657/1104/1640 1666/1113/1649
f 1667/1114/1650 1666/1113/1649 1657/1104/1640
f 1667/1114/1650 1657/1104/1640 1658/1105/1641
f 1658/1105/1641 1668/1115/1651 1667/1114/1650
f 1668/1115/1651 1658/1105/1641 1659/1106/1642
f 1659/1106/1642 1660/1107/1643 1668/1115/1651
f 1668/1115/1651 1660/1107/1643 1669/1116/1652
f 1663/1110/1646 1644/1091/1627 1661/1108/1644
f 1642/1089/1625 1644/1091/1627 1663/1110/1646
f 1661/1108/1644 1669/1116/1652 1660/1107/1643
f 1669/1116/1652 1661/1108/1644 1644/1091/1627
f 1668/1115/1651 1669/1116/1652 1643/1090/1626
f 1643/1090/1626 1669/1116/1652 1644/1091/1627
f 1645/1092/1628 1647/1094/1630 1468/938/1456
f 1627/1077/1612 1626/1076/1611 1662/1109/1645
f 1627/1077/1612 1662/1109/1645 1653/1100/1636
f 1670/1117/1653 1671/1118/1654 1672/1119/1655
f 1670/1117/1653 1673/1120/1656 1671/1118/1654
f 1674/1121/1657 1675/1122/1658 1676/1123/1659
f 1675/1122/1658 1674/1121/1657 1677/1124/1660
f 1678/1125/1661 1679/1126/1662 1680/1127/1663
f 1679/1126/1662 1678/1125/1661 1681/1128/1664
f 1681/1128/1664 1501/971/1489 1679/1126/1662
f 1501/971/1489 1681/1128/1664 1500/970/1488
f 1677/1124/1660 1680/1127/1663 1675/1122/1658
f 1680/1127/1663 1677/1124/1660 1678/1125/1661
f 1682/1129/1665 1676/1123/1659 1683/1130/1666
f 1676/1123/1659 1682/1129/1665 1674/1121/1657
f 1684/1131/1667 1683/1130/1666 1685/1132/1668
f 1683/1130/1666 1684/1131/1667 1682/1129/1665
f 1686/1133/1669 1685/1132/1668 1687/1134/1670
f 1685/1132/1668 1686/1133/1669 1684/1131/1667
f 1688/1135/1671 1689/1136/1672 1690/1137/1673
f 1689/1136/1672 1691/1138/1674 1690/1137/1673
f 1692/1139/1675 1690/1137/1673 1691/1138/1674
f 1691/1138/1674 1693/1140/1676 1692/1139/1675
f 1688/1135/1671 1694/1141/1677 1695/1142/1678
f 1695/1142/1678 1689/1136/1672 1688/1135/1671
f 1696/1143/1679 1695/1142/1678 1697/1144/1680
f 1697/1144/1680 1695/1142/1678 1694/1141/1677
f 1696/1143/1679 1698/1068/1681 1699/1067/1682
f 1696/1143/1679 1699/1067/1682 1700/1145/1683
f 1701/1146/1684 1702/1147/1685 1703/1148/1686
f 1703/1148/1686 1704/1149/1687 1701/1146/1684
f 1705/1150/1688 1706/1151/1689 1707/1152/1690
f 1707/1152/1690 1706/1151/1689 1708/1140/1691
f 1701/1146/1684 1704/1149/1687 1708/1140/1691
f 1704/1149/1687 1707/1152/1690 1708/1140/1691
f 1530/997/1518 1529/996/1517 1705/1150/1688
f 1706/1151/1689 1705/1150/1688 1529/996/1517
f 1702/1147/1685 1709/1153/1692 1710/1154/1693
f 1710/1154/1693 1703/1148/1686 1702/1147/1685
f 1710/1154/1693 1711/1145/1694 1712/1155/1695
f 1711/1145/1694 1710/1154/1693 1709/1153/1692
f 1689/1136/1672 1713/1146/1696 1691/1138/1674
f 1713/1146/1696 1689/1136/1672 1714/1147/1697
f 1688/1135/1671 1690/1137/1673 1715/1156/1698
f 1715/1156/1698 1716/1157/1699 1688/1135/1671
f 1693/1140/1676 1717/1151/1700 1692/1139/1675
f 1691/1138/1674 1713/1146/1696 1693/1140/1676
f 1718/1158/1701 1692/1139/1675 1719/1159/1702
f 1692/1139/1675 1718/1158/1701 1690/1137/1673
f 1717/1151/1700 1542/1005/1530 1692/1139/1675
f 1542/1005/1530 1717/1151/1700 1543/996/1531
f 1542/1005/1530 1719/1159/1702 1692/1139/1675
f 1690/1137/1673 1718/1158/1701 1715/1156/1698
f 1695/1142/1678 1714/1147/1697 1689/1136/1672
f 1714/1147/1697 1695/1142/1678 1720/1153/1703
f 1694/1141/1677 1688/1135/1671 1716/1157/1699
f 1716/1157/1699 1721/1160/1704 1694/1141/1677
f 1695/1142/1678 1700/1145/1683 1720/1153/1703
f 1700/1145/1683 1695/1142/1678 1696/1143/1679
f 1721/1160/1704 1722/1161/1705 1694/1141/1677
f 1697/1144/1680 1694/1141/1677 1722/1161/1705
f 1617/1067/1602 1712/1155/1695 1711/1145/1694
f 1723/1162/1706 1697/1144/1680 1724/1163/1707
f 1697/1144/1680 1722/1161/1705 1724/1163/1707
f 1723/1162/1706 1696/1143/1679 1697/1144/1680
f 1696/1143/1679 1723/1162/1706 1698/1068/1681
f 1725/1164/1708 1687/1134/1670 1726/1165/1709
f 1687/1134/1670 1725/1164/1708 1686/1133/1669
f 1726/1165/1709 1594/1044/1581 1725/1164/1708
f 1618/1068/1603 1727/1162/1710 1609/1059/1594
f 1728/1166/1711 1673/1120/1656 1729/1167/1712
f 1614/1064/1599 1610/1060/1595 1621/1071/1606
f 1612/1062/1597 1614/1064/1599 1622/1072/1607
f 1622/1072/1607 1614/1064/1599 1621/1071/1606
f 1615/1065/1600 1612/1062/1597 1623/1073/1608
f 1623/1073/1608 1612/1062/1597 1622/1072/1607
f 1439/911/1428 1615/1065/1600 1450/922/1439
f 1450/922/1439 1615/1065/1600 1623/1073/1608
f 1730/1168/1713 1617/1067/1602 1616/1066/1601
f 1619/1069/1604 1611/1061/1596 1608/1058/1593
f 1611/1061/1596 1619/1069/1604 1616/1066/1601
f 1616/1066/1601 1731/1169/1714 1730/1168/1713
f 1585/1035/1572 1594/1044/1581 1591/1041/1578
f 1673/1120/1656 1728/1166/1711 1726/1165/1709
f 1594/1044/1581 1726/1165/1709 1728/1166/1711
f 1726/1165/1709 1687/1134/1670 1673/1120/1656
f 1671/1118/1654 1673/1120/1656 1687/1134/1670
f 1687/1134/1670 1685/1132/1668 1671/1118/1654
f 1732/1170/1715 1671/1118/1654 1685/1132/1668
f 1685/1132/1668 1683/1130/1666 1732/1170/1715
f 1733/1171/1716 1732/1170/1715 1683/1130/1666
f 1734/1172/1717 1733/1171/1716 1683/1130/1666
f 1734/1172/1717 1683/1130/1666 1676/1123/1659
f 1735/1173/1718 1734/1172/1717 1676/1123/1659
f 1735/1173/1718 1676/1123/1659 1675/1122/1658
f 1675/1122/1658 1652/1099/1635 1735/1173/1718
f 1652/1099/1635 1675/1122/1658 1680/1127/1663
f 1648/1095/1631 1680/1127/1663 1679/1126/1662
f 1680/1127/1663 1648/1095/1631 1652/1099/1635
f 1473/943/1461 1648/1095/1631 1679/1126/1662
f 1679/1126/1662 1501/971/1489 1473/943/1461
f 1621/1071/1606 1725/1164/1708 1594/1044/1581
f 1725/1164/1708 1621/1071/1606 1610/1060/1595
f 1609/1059/1594 1686/1133/1669 1610/1060/1595
f 1725/1164/1708 1610/1060/1595 1686/1133/1669
f 1686/1133/1669 1609/1059/1594 1727/1162/1710
f 1686/1133/1669 1727/1162/1710 1736/1163/1719
f 1684/1131/1667 1686/1133/1669 1736/1163/1719
f 1736/1163/1719 1737/1161/1720 1684/1131/1667
f 1682/1129/1665 1684/1131/1667 1737/1161/1720
f 1737/1161/1720 1738/1160/1721 1682/1129/1665
f 1674/1121/1657 1682/1129/1665 1738/1160/1721
f 1738/1160/1721 1739/1157/1722 1674/1121/1657
f 1677/1124/1660 1674/1121/1657 1739/1157/1722
f 1739/1157/1722 1740/1156/1723 1677/1124/1660
f 1678/1125/1661 1677/1124/1660 1740/1156/1723
f 1740/1156/1723 1741/1158/1724 1678/1125/1661
f 1678/1125/1661 1741/1158/1724 1681/1128/1664
f 1741/1158/1724 1742/1159/1725 1681/1128/1664
f 1681/1128/1664 1742/1159/1725 1500/970/1488
f 1742/1159/1725 1562/1005/1550 1500/970/1488
f 1617/1067/1602 1730/1168/1713 1712/1155/1695
f 1610/1060/1595 1614/1064/1599 1608/1058/1593
f 1611/1061/1596 1618/1068/1603 1609/1059/1594
f 1616/1066/1601 1619/1069/1604 1731/1169/1714
f 1592/1042/1579 1728/1166/1711 1729/1167/1712
f 1592/1042/1579 1591/1041/1578 1728/1166/1711
f 1728/1166/1711 1591/1041/1578 1594/1044/1581
f 1651/1098/1634 1735/1173/1718 1652/1099/1635
f 1743/1174/1726 1734/1172/1717 1744/1175/1727
f 1734/1172/1717 1743/1174/1726 1733/1171/1716
f 1642/1089/1625 1745/1176/1728 1643/1090/1626
f 1664/1111/1647 1666/1113/1649 1643/1090/1626
f 1643/1090/1626 1666/1113/1649 1667/1114/1650
f 1643/1090/1626 1667/1114/1650 1668/1115/1651
f 1665/1112/1648 1664/1111/1647 1643/1090/1626
f 1633/1083/1618 1746/1085/1729 1632/1082/1617
f 1636/1086/1620 1563/1015/1551 1564/1016/1551
f 1563/1015/1551 1636/1086/1620 1637/1083/1620
f 1459/931/1448 1565/1015/1552 1633/1083/1618
f 1639/1086/1622 1465/935/1453 1640/1087/1623
f 1639/1086/1622 1566/1016/1553 1465/935/1453
f 1744/1175/1727 1735/1173/1718 1747/1177/1730
f 1735/1173/1718 1744/1175/1727 1734/1172/1717
f 1748/1178/1731 1567/1017/1554 1569/1019/1556
f 1567/1017/1554 1748/1178/1731 1749/1179/1732
f 1750/1180/1733 1749/1179/1732 1748/1178/1731
f 1749/1179/1732 1750/1180/1733 1751/1181/1734
f 1752/1182/1735 1751/1181/1734 1750/1180/1733
f 1751/1181/1734 1752/1182/1735 1753/1183/1736
f 1754/1184/1737 1752/1182/1735 1755/1185/1738
f 1752/1182/1735 1754/1184/1737 1753/1183/1736
f 1578/1028/1565 1756/1186/1739 1757/1187/1740
f 1756/1186/1739 1578/1028/1565 1576/1026/1563
f 1758/1188/1741 1757/1187/1740 1756/1186/1739
f 1756/1186/1739 1759/1189/1742 1758/1188/1741
f 1760/1190/1743 1758/1188/1741 1759/1189/1742
f 1759/1189/1742 1761/1191/1744 1760/1190/1743
f 1762/1192/1745 1760/1190/1743 1761/1191/1744
f 1761/1191/1744 1763/1193/1746 1762/1192/1745
f 1764/1194/1747 1583/1033/1570 1765/1195/1748
f 1583/1033/1570 1764/1194/1747 1586/1036/1573
f 1766/1196/1749 1765/1195/1748 1767/1197/1750
f 1765/1195/1748 1766/1196/1749 1764/1194/1747
f 1767/1197/1750 1768/1198/1751 1766/1196/1749
f 1768/1198/1751 1767/1197/1750 1769/1199/1752
f 1769/1199/1752 1770/1200/1753 1768/1198/1751
f 1770/1200/1753 1769/1199/1752 1771/1201/1754
f 1583/1033/1570 1772/1202/1755 1765/1195/1748
f 1772/1202/1755 1583/1033/1570 1592/1042/1579
f 1767/1197/1750 1765/1195/1748 1773/1203/1756
f 1773/1203/1756 1774/1204/1757 1767/1197/1750
f 1769/1199/1752 1767/1197/1750 1774/1204/1757
f 1774/1204/1757 1775/1205/1758 1769/1199/1752
f 1771/1201/1754 1769/1199/1752 1775/1205/1758
f 1775/1205/1758 1776/1206/1759 1771/1201/1754
f 1777/1207/1760 1567/1017/1554 1749/1179/1732
f 1567/1017/1554 1777/1207/1760 1597/1047/1584
f 1753/1183/1736 1778/1208/1761 1779/1209/1762
f 1778/1208/1761 1753/1183/1736 1754/1184/1737
f 1751/1181/1734 1779/1209/1762 1780/1210/1763
f 1779/1209/1762 1751/1181/1734 1753/1183/1736
f 1749/1179/1732 1751/1181/1734 1777/1207/1760
f 1777/1207/1760 1751/1181/1734 1780/1210/1763
f 1569/1019/1556 1781/1211/1764 1748/1178/1731
f 1781/1211/1764 1569/1019/1556 1601/1051/1588
f 1750/1180/1733 1781/1211/1764 1782/1212/1765
f 1781/1211/1764 1750/1180/1733 1748/1178/1731
f 1752/1182/1735 1782/1212/1765 1783/1213/1766
f 1782/1212/1765 1752/1182/1735 1750/1180/1733
f 1783/1213/1766 1755/1185/1738 1752/1182/1735
f 1755/1185/1738 1783/1213/1766 1784/1214/1767
f 1604/1054/1591 1785/1215/1768 1576/1026/1563
f 1576/1026/1563 1785/1215/1768 1756/1186/1739
f 1785/1215/1768 1759/1189/1742 1756/1186/1739
f 1759/1189/1742 1785/1215/1768 1786/1216/1742
f 1786/1216/1742 1761/1191/1744 1759/1189/1742
f 1761/1191/1744 1786/1216/1742 1787/1217/1769
f 1787/1217/1769 1763/1193/1746 1761/1191/1744
f 1763/1193/1746 1787/1217/1769 1788/1218/1746
f 1586/1036/1573 1764/1194/1747 1604/1054/1591
f 1604/1054/1591 1764/1194/1747 1785/1215/1768
f 1764/1194/1747 1786/1216/1742 1785/1215/1768
f 1786/1216/1742 1764/1194/1747 1766/1196/1749
f 1766/1196/1749 1787/1217/1769 1786/1216/1742
f 1787/1217/1769 1766/1196/1749 1768/1198/1751
f 1768/1198/1751 1788/1218/1746 1787/1217/1769
f 1788/1218/1746 1768/1198/1751 1770/1200/1753
f 1781/1211/1764 1601/1051/1588 1757/1187/1740
f 1757/1187/1740 1601/1051/1588 1578/1028/1565
f 1782/1212/1765 1781/1211/1764 1758/1188/1741
f 1758/1188/1741 1781/1211/1764 1757/1187/1740
f 1758/1188/1741 1783/1213/1766 1782/1212/1765
f 1783/1213/1766 1758/1188/1741 1760/1190/1743
f 1760/1190/1743 1784/1214/1767 1783/1213/1766
f 1784/1214/1767 1760/1190/1743 1762/1192/1745
f 1789/1219/1770 1790/1220/1771 1791/1221/1772
f 1790/1220/1771 1789/1219/1770 1792/1222/1773
f 1790/1220/1771 1793/1223/1774 1794/1224/1775
f 1793/1223/1774 1790/1220/1771 1795/1225/1776
f 1796/1226/1777 1793/1223/1774 1795/1225/1776
f 1795/1225/1776 1797/1227/1778 1796/1226/1777
f 1796/1226/1777 1797/1227/1778 1798/1228/1779
f 1799/1229/1780 1800/1230/1781 1792/1222/1773
f 1792/1222/1773 1800/1230/1781 1801/1231/1782
f 1795/1225/1776 1802/1232/1783 1803/1233/1784
f 1802/1232/1783 1795/1225/1776 1790/1220/1771
f 1803/1233/1784 1797/1227/1778 1795/1225/1776
f 1797/1227/1778 1803/1233/1784 1804/1234/1785
f 1805/1235/1786 1774/1204/1757 1773/1203/1756
f 1774/1204/1757 1805/1235/1786 1806/1236/1787
f 1806/1236/1787 1775/1205/1758 1774/1204/1757
f 1775/1205/1758 1806/1236/1787 1807/1237/1788
f 1807/1237/1788 1776/1206/1759 1775/1205/1758
f 1776/1206/1759 1807/1237/1788 1808/1238/1789
f 1809/1239/1790 1626/1076/1611 1810/1240/1791
f 1810/1240/1791 1626/1076/1611 1625/1075/1610
f 1810/1240/1791 1811/1241/1792 1809/1239/1790
f 1811/1241/1792 1810/1240/1791 1812/1242/1793
f 1810/1240/1791 1625/1075/1610 1629/1079/1614
f 1629/1079/1614 1813/1243/1794 1810/1240/1791
f 1812/1242/1793 1810/1240/1791 1813/1243/1794
f 1813/1243/1794 1814/1244/1795 1812/1242/1793
f 1630/1080/1615 1815/1245/1796 1631/1081/1616
f 1815/1245/1796 1630/1080/1615 1816/1246/1797
f 1817/1247/1798 1630/1080/1615 1632/1082/1617
f 1630/1080/1615 1817/1247/1798 1816/1246/1797
f 1817/1247/1798 1632/1082/1617 1818/1248/1799
f 1813/1243/1794 1629/1079/1614 1631/1081/1616
f 1814/1244/1795 1813/1243/1794 1815/1245/1796
f 1635/1085/1619 1819/1249/1800 1820/1248/1800
f 1819/1249/1800 1635/1085/1619 1634/1084/1619
f 1638/1084/1621 1640/1087/1623 1821/1249/1801
f 1640/1087/1623 1822/1250/1802 1823/1251/1803
f 1822/1250/1802 1640/1087/1623 1641/1088/1624
f 1813/1243/1794 1631/1081/1616 1815/1245/1796
f 1642/1089/1625 1824/1252/1804 1745/1176/1728
f 1825/1253/1805 1809/1239/1790 1811/1241/1792
f 1809/1239/1790 1825/1253/1805 1826/1254/1806
f 1827/1255/1807 1825/1253/1805 1828/1256/1808
f 1828/1256/1808 1829/1257/1809 1827/1255/1807
f 1830/1258/1810 1831/1259/1811 1828/1256/1808
f 1829/1257/1809 1828/1256/1808 1831/1259/1811
f 1829/1257/1809 1831/1259/1811 1832/1260/1812
f 1833/1261/1813 1834/1262/1814 1651/1098/1634
f 1834/1262/1814 1832/1260/1812 1831/1259/1811
f 1832/1260/1812 1834/1262/1814 1833/1261/1813
f 1826/1254/1806 1835/1263/1815 1809/1239/1790
f 1651/1098/1634 1836/1264/1816 1833/1261/1813
f 1836/1264/1816 1651/1098/1634 1655/1102/1638
f 1832/1260/1812 1833/1261/1813 1836/1264/1816
f 1836/1264/1816 1837/1265/1817 1832/1260/1812
f 1837/1265/1817 1838/1266/1818 1832/1260/1812
f 1829/1257/1809 1832/1260/1812 1838/1266/1818
f 1838/1266/1818 1839/1267/1819 1829/1257/1809
f 1827/1255/1807 1829/1257/1809 1839/1267/1819
f 1839/1267/1819 1840/1268/1820 1827/1255/1807
f 1826/1254/1806 1827/1255/1807 1840/1268/1820
f 1835/1263/1815 1840/1268/1820 1841/1269/1821
f 1840/1268/1820 1835/1263/1815 1826/1254/1806
f 1842/1270/1822 1835/1263/1815 1841/1269/1821
f 1841/1269/1821 1843/1271/1823 1842/1270/1822
f 1626/1076/1611 1842/1270/1822 1843/1271/1823
f 1843/1271/1823 1663/1110/1646 1626/1076/1611
f 1836/1264/1816 1665/1112/1648 1844/1272/1824
f 1665/1112/1648 1836/1264/1816 1655/1102/1638
f 1837/1265/1817 1836/1264/1816 1844/1272/1824
f 1844/1272/1824 1845/1273/1825 1837/1265/1817
f 1838/1266/1818 1837/1265/1817 1845/1273/1825
f 1845/1273/1825 1846/1274/1826 1838/1266/1818
f 1846/1274/1826 1839/1267/1819 1838/1266/1818
f 1839/1267/1819 1847/1275/1827 1840/1268/1820
f 1847/1275/1827 1839/1267/1819 1846/1274/1826
f 1841/1269/1821 1847/1275/1827 1848/1276/1828
f 1847/1275/1827 1841/1269/1821 1840/1268/1820
f 1663/1110/1646 1843/1271/1823 1824/1252/1804
f 1824/1252/1804 1642/1089/1625 1663/1110/1646
f 1843/1271/1823 1848/1276/1828 1824/1252/1804
f 1848/1276/1828 1843/1271/1823 1841/1269/1821
f 1847/1275/1827 1745/1176/1728 1848/1276/1828
f 1745/1176/1728 1824/1252/1804 1848/1276/1828
f 1826/1254/1806 1825/1253/1805 1827/1255/1807
f 1809/1239/1790 1842/1270/1822 1626/1076/1611
f 1809/1239/1790 1835/1263/1815 1842/1270/1822
f 1732/1170/1715 1743/1174/1726 1849/1277/1829
f 1743/1174/1726 1732/1170/1715 1733/1171/1716
f 1850/1278/1830 1851/1279/1831 1852/1280/1832
f 1853/1281/1833 1852/1280/1832 1851/1279/1831
f 1854/1282/1834 1855/1283/1835 1856/1284/1836
f 1857/1285/1837 1856/1284/1836 1855/1283/1835
f 1858/1286/1838 1854/1282/1834 1859/1287/1839
f 1856/1284/1836 1859/1287/1839 1854/1282/1834
f 1855/1283/1835 1850/1278/1830 1857/1285/1837
f 1852/1280/1832 1857/1285/1837 1850/1278/1830
f 1853/1281/1833 1860/1288/1840 1861/1289/1841
f 1860/1288/1840 1853/1281/1833 1851/1279/1831
f 1860/1288/1840 1862/1290/1842 1861/1289/1841
f 1861/1289/1841 1862/1290/1842 1863/1291/1843
f 1862/1290/1842 1864/1292/1844 1863/1291/1843
f 1863/1291/1843 1864/1292/1844 1865/1293/1845
f 1866/1294/1846 1867/1295/1847 1868/1296/1848
f 1868/1296/1848 1869/1297/1849 1866/1294/1846
f 1868/1296/1848 1870/1298/1850 1869/1297/1849
f 1870/1298/1850 1871/1299/1851 1869/1297/1849
f 1872/1300/1852 1867/1295/1847 1873/1301/1853
f 1867/1295/1847 1866/1294/1846 1873/1301/1853
f 1874/1302/1854 1875/1303/1855 1873/1301/1853
f 1875/1303/1855 1872/1300/1852 1873/1301/1853
f 1876/1229/1856 1874/1302/1854 1877/1230/1857
f 1874/1302/1854 1878/1304/1858 1877/1230/1857
f 1879/1305/1859 1880/1306/1860 1881/1307/1861
f 1882/1308/1862 1881/1307/1861 1880/1306/1860
f 1883/1309/1863 1884/1310/1864 1885/1311/1865
f 1883/1309/1863 1885/1311/1865 1886/1299/1866
f 1879/1305/1859 1881/1307/1861 1886/1299/1866
f 1886/1299/1866 1885/1311/1865 1879/1305/1859
f 1884/1310/1864 1883/1309/1863 1887/1312/1867
f 1887/1312/1867 1888/1313/1868 1884/1310/1864
f 1880/1306/1860 1889/1314/1869 1882/1308/1862
f 1890/1315/1870 1882/1308/1862 1889/1314/1869
f 1891/1316/1871 1892/1304/1872 1889/1314/1869
f 1892/1304/1872 1890/1315/1870 1889/1314/1869
f 1893/1307/1873 1866/1294/1846 1869/1297/1849
f 1866/1294/1846 1893/1307/1873 1894/1308/1874
f 1895/1317/1875 1867/1295/1847 1896/1318/1876
f 1867/1295/1847 1895/1317/1875 1868/1296/1848
f 1871/1299/1851 1870/1298/1850 1897/1309/1877
f 1869/1297/1849 1871/1299/1851 1893/1307/1873
f 1870/1298/1850 1898/1319/1878 1899/1320/1879
f 1898/1319/1878 1870/1298/1850 1868/1296/1848
f 1897/1309/1877 1900/1321/1880 1901/1312/1881
f 1900/1321/1880 1897/1309/1877 1870/1298/1850
f 1900/1321/1880 1870/1298/1850 1899/1320/1879
f 1868/1296/1848 1895/1317/1875 1898/1319/1878
f 1894/1308/1874 1873/1301/1853 1866/1294/1846
f 1873/1301/1853 1894/1308/1874 1902/1315/1882
f 1896/1318/1876 1872/1300/1852 1903/1322/1883
f 1867/1295/1847 1872/1300/1852 1896/1318/1876
f 1878/1304/1858 1873/1301/1853 1902/1315/1882
f 1873/1301/1853 1878/1304/1858 1874/1302/1854
f 1904/1323/1884 1903/1322/1883 1872/1300/1852
f 1872/1300/1852 1875/1303/1855 1904/1323/1884
f 1800/1230/1781 1892/1304/1872 1891/1316/1871
f 1905/1324/1885 1904/1323/1884 1875/1303/1855
f 1875/1303/1855 1906/1325/1886 1905/1324/1885
f 1874/1302/1854 1906/1325/1886 1875/1303/1855
f 1906/1325/1886 1874/1302/1854 1876/1229/1856
f 1864/1292/1844 1907/1326/1887 1865/1293/1845
f 1907/1326/1887 1908/1327/1888 1865/1293/1845
f 1908/1327/1888 1907/1326/1887 1773/1203/1756
f 1799/1229/1780 1789/1219/1770 1909/1325/1889
f 1910/1328/1890 1729/1167/1712 1670/1117/1653
f 1794/1224/1775 1805/1235/1786 1791/1221/1772
f 1806/1236/1787 1805/1235/1786 1794/1224/1775
f 1794/1224/1775 1793/1223/1774 1806/1236/1787
f 1807/1237/1788 1806/1236/1787 1793/1223/1774
f 1793/1223/1774 1796/1226/1777 1807/1237/1788
f 1808/1238/1789 1807/1237/1788 1796/1226/1777
f 1796/1226/1777 1798/1228/1779 1808/1238/1789
f 1911/1329/1891 1801/1231/1782 1800/1230/1781
f 1792/1222/1773 1802/1232/1783 1790/1220/1771
f 1802/1232/1783 1792/1222/1773 1801/1231/1782
f 1801/1231/1782 1911/1329/1891 1912/1330/1892
f 1765/1195/1748 1772/1202/1755 1773/1203/1756
f 1908/1327/1888 1773/1203/1756 1910/1328/1890
f 1910/1328/1890 1670/1117/1653 1908/1327/1888
f 1865/1293/1845 1670/1117/1653 1672/1119/1655
f 1670/1117/1653 1865/1293/1845 1908/1327/1888
f 1863/1291/1843 1865/1293/1845 1672/1119/1655
f 1863/1291/1843 1672/1119/1655 1849/1277/1829
f 1861/1289/1841 1863/1291/1843 1849/1277/1829
f 1861/1289/1841 1849/1277/1829 1743/1174/1726
f 1861/1289/1841 1744/1175/1727 1853/1281/1833
f 1744/1175/1727 1861/1289/1841 1743/1174/1726
f 1853/1281/1833 1747/1177/1730 1852/1280/1832
f 1747/1177/1730 1853/1281/1833 1744/1175/1727
f 1852/1280/1832 1834/1262/1814 1857/1285/1837
f 1834/1262/1814 1852/1280/1832 1747/1177/1730
f 1834/1262/1814 1831/1259/1811 1857/1285/1837
f 1857/1285/1837 1831/1259/1811 1856/1284/1836
f 1859/1287/1839 1856/1284/1836 1830/1258/1810
f 1831/1259/1811 1830/1258/1810 1856/1284/1836
f 1907/1326/1887 1805/1235/1786 1773/1203/1756
f 1805/1235/1786 1907/1326/1887 1791/1221/1772
f 1864/1292/1844 1789/1219/1770 1791/1221/1772
f 1864/1292/1844 1791/1221/1772 1907/1326/1887
f 1864/1292/1844 1909/1325/1889 1789/1219/1770
f 1864/1292/1844 1913/1324/1893 1909/1325/1889
f 1914/1323/1894 1913/1324/1893 1862/1290/1842
f 1864/1292/1844 1862/1290/1842 1913/1324/1893
f 1915/1322/1895 1914/1323/1894 1860/1288/1840
f 1860/1288/1840 1914/1323/1894 1862/1290/1842
f 1916/1318/1896 1915/1322/1895 1851/1279/1831
f 1860/1288/1840 1851/1279/1831 1915/1322/1895
f 1851/1279/1831 1850/1278/1830 1916/1318/1896
f 1850/1278/1830 1917/1317/1897 1916/1318/1896
f 1850/1278/1830 1855/1283/1835 1917/1317/1897
f 1855/1283/1835 1918/1319/1898 1917/1317/1897
f 1918/1319/1898 1855/1283/1835 1854/1282/1834
f 1854/1282/1834 1919/1320/1899 1918/1319/1898
f 1919/1320/1899 1854/1282/1834 1858/1286/1838
f 1858/1286/1838 1920/1321/1900 1919/1320/1899
f 1800/1230/1781 1891/1316/1871 1911/1329/1891
f 1791/1221/1772 1790/1220/1771 1794/1224/1775
f 1792/1222/1773 1789/1219/1770 1799/1229/1780
f 1801/1231/1782 1912/1330/1892 1802/1232/1783
f 1772/1202/1755 1592/1042/1579 1910/1328/1890
f 1729/1167/1712 1910/1328/1890 1592/1042/1579
f 1910/1328/1890 1773/1203/1756 1772/1202/1755
f 1651/1098/1634 1834/1262/1814 1747/1177/1730
f 1671/1118/1654 1849/1277/1829 1672/1119/1655
f 1849/1277/1829 1671/1118/1654 1732/1170/1715
f 1651/1098/1634 1747/1177/1730 1735/1173/1718
f 1844/1272/1824 1745/1176/1728 1845/1273/1825
f 1846/1274/1826 1745/1176/1728 1847/1275/1827
f 1845/1273/1825 1745/1176/1728 1846/1274/1826
f 1665/1112/1648 1745/1176/1728 1844/1272/1824
f 1818/1248/1799 1632/1082/1617 1746/1085/1729
f 1921/1331/1901 1819/1249/1800 1922/1332/1901
f 1819/1249/1800 1921/1331/1901 1820/1248/1800
f 1817/1247/1798 1818/1248/1799 1923/1331/1902
f 1821/1249/1801 1640/1087/1623 1823/1251/1803
f 1821/1249/1801 1823/1251/1803 1924/1332/1903
f 1729/1167/1712 1673/1120/1656 1670/1117/1653
f 1665/1112/1648 1643/1090/1626 1745/1176/1728
f 1925/1333/1904 1926/1334/1905 1927/1335/1906
f 1926/1334/1905 1925/1333/1904 1928/1336/1907
f 1925/1333/1904 1929/1337/1908 1930/1338/1909
f 1929/1337/1908 1925/1333/1904 1927/1335/1906
f 1930/1338/1909 1931/1339/1910 1932/1340/1911
f 1931/1339/1910 1930/1338/1909 1929/1337/1908
f 1932/1340/1911 1754/1184/1737 1755/1185/1738
f 1754/1184/1737 1932/1340/1911 1931/1339/1910
f 1933/1341/1912 1934/1342/1913 1935/1343/1914
f 1934/1342/1913 1933/1341/1912 1936/1344/1915
f 1937/1345/1916 1935/1343/1914 1938/1346/1917
f 1935/1343/1914 1937/1345/1916 1933/1341/1912
f 1939/1347/1918 1938/1346/1917 1940/1348/1919
f 1938/1346/1917 1939/1347/1918 1937/1345/1916
f 1763/1193/1746 1940/1348/1919 1762/1192/1745
f 1940/1348/1919 1763/1193/1746 1939/1347/1918
f 1941/1349/1920 1942/1350/1921 1943/1351/1922
f 1942/1350/1921 1941/1349/1920 1944/1352/1923
f 1943/1351/1922 1945/1353/1924 1946/1354/1925
f 1945/1353/1924 1943/1351/1922 1942/1350/1921
f 1947/1355/1926 1946/1354/1925 1945/1353/1924
f 1947/1355/1926 1945/1353/1924 1948/1356/1927
f 1947/1355/1926 1770/1200/1753 1771/1201/1754
f 1770/1200/1753 1947/1355/1926 1948/1356/1927
f 1941/1349/1920 1943/1351/1922 1949/1357/1928
f 1949/1357/1928 1950/1358/1929 1941/1349/1920
f 1951/1359/1930 1943/1351/1922 1946/1354/1925
f 1943/1351/1922 1951/1359/1930 1952/1360/1931
f 1953/1361/1932 1946/1354/1925 1947/1355/1926
f 1946/1354/1925 1953/1361/1932 1951/1359/1930
f 1776/1206/1759 1947/1355/1926 1771/1201/1754
f 1947/1355/1926 1776/1206/1759 1953/1361/1932
f 1954/1362/1933 1926/1334/1905 1955/1363/1934
f 1926/1334/1905 1954/1362/1933 1927/1335/1906
f 1956/1364/1935 1778/1208/1761 1754/1184/1737
f 1754/1184/1737 1931/1339/1910 1956/1364/1935
f 1956/1364/1935 1929/1337/1908 1957/1365/1936
f 1929/1337/1908 1956/1364/1935 1931/1339/1910
f 1954/1362/1933 1957/1365/1936 1929/1337/1908
f 1929/1337/1908 1927/1335/1906 1954/1362/1933
f 1958/1366/1937 1959/1367/1938 1928/1336/1907
f 1958/1366/1937 1928/1336/1907 1925/1333/1904
f 1960/1368/1939 1958/1366/1937 1925/1333/1904
f 1960/1368/1939 1925/1333/1904 1930/1338/1909
f 1960/1368/1939 1932/1340/1911 1961/1369/1940
f 1932/1340/1911 1960/1368/1939 1930/1338/1909
f 1961/1369/1940 1755/1185/1738 1784/1214/1767
f 1755/1185/1738 1961/1369/1940 1932/1340/1911
f 1933/1341/1912 1962/1370/1912 1936/1344/1915
f 1962/1370/1912 1963/1371/1941 1936/1344/1915
f 1937/1345/1916 1964/1372/1916 1933/1341/1912
f 1964/1372/1916 1962/1370/1912 1933/1341/1912
f 1939/1347/1918 1965/1373/1918 1937/1345/1916
f 1965/1373/1918 1964/1372/1916 1937/1345/1916
f 1763/1193/1746 1788/1218/1746 1939/1347/1918
f 1788/1218/1746 1965/1373/1918 1939/1347/1918
f 1963/1371/1941 1962/1370/1912 1942/1350/1921
f 1942/1350/1921 1944/1352/1923 1963/1371/1941
f 1962/1370/1912 1964/1372/1916 1945/1353/1924
f 1945/1353/1924 1942/1350/1921 1962/1370/1912
f 1964/1372/1916 1965/1373/1918 1948/1356/1927
f 1948/1356/1927 1945/1353/1924 1964/1372/1916
f 1965/1373/1918 1788/1218/1746 1770/1200/1753
f 1770/1200/1753 1948/1356/1927 1965/1373/1918
f 1959/1367/1938 1958/1366/1937 1935/1343/1914
f 1935/1343/1914 1934/1342/1913 1959/1367/1938
f 1960/1368/1939 1935/1343/1914 1958/1366/1937
f 1935/1343/1914 1960/1368/1939 1938/1346/1917
f 1938/1346/1917 1961/1369/1940 1940/1348/1919
f 1961/1369/1940 1938/1346/1917 1960/1368/1939
f 1940/1348/1919 1784/1214/1767 1762/1192/1745
f 1784/1214/1767 1940/1348/1919 1961/1369/1940
f 1966/1374/1942 1967/1375/1943 1968/1376/1944
f 1968/1376/1944 1969/1377/1945 1966/1374/1942
f 1967/1375/1943 1970/1378/1946 1971/1379/1947
f 1970/1378/1946 1967/1375/1943 1972/1380/1948
f 1973/1381/1949 1971/1379/1947 1970/1378/1946
f 1797/1227/1778 1971/1379/1947 1973/1381/1949
f 1797/1227/1778 1973/1381/1949 1798/1228/1779
f 1974/1382/1950 1975/1383/1951 1968/1376/1944
f 1974/1382/1950 1968/1376/1944 1976/1384/1952
f 1967/1375/1943 1971/1379/1947 1977/1385/1953
f 1977/1385/1953 1978/1386/1954 1967/1375/1943
f 1971/1379/1947 1797/1227/1778 1804/1234/1785
f 1804/1234/1785 1977/1385/1953 1971/1379/1947
f 1951/1359/1930 1979/1387/1955 1952/1360/1931
f 1979/1387/1955 1980/1388/1956 1952/1360/1931
f 1953/1361/1932 1981/1389/1957 1951/1359/1930
f 1981/1389/1957 1979/1387/1955 1951/1359/1930
f 1776/1206/1759 1808/1238/1789 1953/1361/1932
f 1808/1238/1789 1981/1389/1957 1953/1361/1932
f 1982/1390/1958 1983/1391/1959 1984/1392/1960
f 1983/1391/1959 1982/1390/1958 1985/1393/1961
f 1983/1391/1959 1811/1241/1792 1812/1242/1793
f 1811/1241/1792 1983/1391/1959 1985/1393/1961
f 1986/1394/1962 1984/1392/1960 1983/1391/1959
f 1984/1392/1960 1986/1394/1962 1987/1395/1963
f 1814/1244/1795 1983/1391/1959 1812/1242/1793
f 1983/1391/1959 1814/1244/1795 1986/1394/1962
f 1815/1245/1796 1816/1246/1797 1988/1396/1964
f 1816/1246/1797 1989/1397/1965 1988/1396/1964
f 1817/1247/1798 1989/1397/1965 1816/1246/1797
f 1989/1397/1965 1817/1247/1798 1990/1398/1966
f 1817/1247/1798 1991/1399/1967 1990/1398/1966
f 1986/1394/1962 1988/1396/1964 1987/1395/1963
f 1814/1244/1795 1815/1245/1796 1986/1394/1962
f 1992/1400/1968 1993/1401/1969 1994/1402/1968
f 1993/1401/1969 1992/1400/1968 1995/1399/1969
f 1996/1402/1970 1997/1401/1971 1998/1403/1972
f 1822/1250/1802 1999/1404/1973 1998/1403/1972
f 1822/1250/1802 1998/1403/1972 1823/1251/1803
f 1986/1394/1962 1815/1245/1796 1988/1396/1964
f 2000/1405/1974 2001/1406/1975 2002/1407/1976
f 2003/1408/1977 1825/1253/1805 1811/1241/1792
f 1811/1241/1792 1985/1393/1961 2003/1408/1977
f 2004/1409/1978 1828/1256/1808 2005/1410/1979
f 1825/1253/1805 2005/1410/1979 1828/1256/1808
f 1828/1256/1808 2004/1409/1978 2006/1411/1980
f 1828/1256/1808 2006/1411/1980 1830/1258/1810
f 2004/1409/1978 2007/1412/1981 2006/1411/1980
f 2008/1413/1982 2009/1414/1983 2010/1415/1984
f 2010/1415/1984 2007/1412/1981 2008/1413/1982
f 2007/1412/1981 2010/1415/1984 2006/1411/1980
f 2003/1408/1977 1985/1393/1961 2011/1416/1985
f 2009/1414/1983 2008/1413/1982 2012/1417/1986
f 2009/1414/1983 2012/1417/1986 2013/1418/1987
f 2008/1413/1982 2007/1412/1981 2012/1417/1986
f 2007/1412/1981 2014/1419/1988 2012/1417/1986
f 2007/1412/1981 2004/1409/1978 2015/1420/1989
f 2007/1412/1981 2015/1420/1989 2014/1419/1988
f 2004/1409/1978 2005/1410/1979 2016/1421/1990
f 2004/1409/1978 2016/1421/1990 2015/1420/1989
f 2003/1408/1977 2016/1421/1990 2005/1410/1979
f 2016/1421/1990 2003/1408/1977 2017/1422/1991
f 2017/1422/1991 2011/1416/1985 2018/1423/1992
f 2011/1416/1985 2017/1422/1991 2003/1408/1977
f 2011/1416/1985 2019/1424/1993 2018/1423/1992
f 2018/1423/1992 2019/1424/1993 2020/1425/1994
f 2021/1426/1995 2020/1425/1994 1982/1390/1958
f 2019/1424/1993 1982/1390/1958 2020/1425/1994
f 2022/1427/1996 2013/1418/1987 2012/1417/1986
f 2013/1418/1987 2022/1427/1996 2023/1428/1997
f 2012/1417/1986 2014/1419/1988 2022/1427/1996
f 2024/1429/1998 2022/1427/1996 2014/1419/1988
f 2014/1419/1988 2015/1420/1989 2024/1429/1998
f 2025/1430/1999 2024/1429/1998 2015/1420/1989
f 2025/1430/1999 2015/1420/1989 2016/1421/1990
f 2016/1421/1990 2026/1431/2000 2025/1430/1999
f 2026/1431/2000 2016/1421/1990 2017/1422/1991
f 2017/1422/1991 2018/1423/1992 2026/1431/2000
f 2026/1431/2000 2018/1423/1992 2027/1432/2001
f 2020/1425/1994 2021/1426/1995 2002/1407/1976
f 2002/1407/1976 2021/1426/1995 2000/1405/1974
f 2018/1423/1992 2020/1425/1994 2027/1432/2001
f 2027/1432/2001 2020/1425/1994 2002/1407/1976
f 2026/1431/2000 2027/1432/2001 2001/1406/1975
f 2001/1406/1975 2027/1432/2001 2002/1407/1976
f 2003/1408/1977 2005/1410/1979 1825/1253/1805
f 1985/1393/1961 1982/1390/1958 2019/1424/1993
f 1985/1393/1961 2019/1424/1993 2011/1416/1985
f 2028/1433/2002 2029/1434/2003 2030/1435/2004
f 2028/1433/2002 2030/1435/2004 2031/1436/2005
f 2032/1437/2006 2033/1438/2007 2034/1439/2008
f 2033/1438/2007 2032/1437/2006 2035/1440/2009
f 2036/1441/2010 2037/1442/2011 2038/1443/2012
f 2037/1442/2011 2036/1441/2010 2039/1444/2013
f 2039/1444/2013 1858/1286/1838 1859/1287/1839
f 1859/1287/1839 2037/1442/2011 2039/1444/2013
f 2035/1440/2009 2038/1443/2012 2033/1438/2007
f 2038/1443/2012 2035/1440/2009 2036/1441/2010
f 2040/1445/2014 2034/1439/2008 2041/1446/2015
f 2034/1439/2008 2040/1445/2014 2032/1437/2006
f 2042/1447/2016 2041/1446/2015 2043/1448/2017
f 2041/1446/2015 2042/1447/2016 2040/1445/2014
f 2044/1449/2018 2043/1448/2017 2045/1450/2019
f 2043/1448/2017 2044/1449/2018 2042/1447/2016
f 2046/1451/2020 2047/1452/2021 2048/1453/2022
f 2048/1453/2022 2049/1454/2023 2046/1451/2020
f 2050/1455/2024 2046/1451/2020 2049/1454/2023
f 2049/1454/2023 2051/1456/2025 2050/1455/2024
f 2047/1452/2021 2052/1457/2026 2053/1458/2027
f 2053/1458/2027 2048/1453/2022 2047/1452/2021
f 2054/1459/2028 2053/1458/2027 2055/1460/2029
f 2055/1460/2029 2053/1458/2027 2052/1457/2026
f 2054/1459/2028 2056/1382/2030 2057/1461/2031
f 2054/1459/2028 2058/1383/2032 2056/1382/2030
f 2059/1462/2033 2060/1463/2034 2061/1464/2035
f 2061/1464/2035 2062/1465/2036 2059/1462/2033
f 2063/1466/2037 2064/1467/2038 2065/1468/2039
f 2065/1468/2039 2064/1467/2038 2066/1456/2040
f 2059/1462/2033 2062/1465/2036 2066/1456/2040
f 2062/1465/2036 2065/1468/2039 2066/1456/2040
f 1887/1312/1867 2063/1466/2037 1888/1313/1868
f 2063/1466/2037 1887/1312/1867 2064/1467/2038
f 2060/1463/2034 2067/1469/2041 2068/1470/2042
f 2068/1470/2042 2061/1464/2035 2060/1463/2034
f 2068/1470/2042 2069/1461/2043 2070/1471/2044
f 2069/1461/2043 2068/1470/2042 2067/1469/2041
f 2071/1462/2045 2048/1453/2022 2072/1463/2046
f 2048/1453/2022 2071/1462/2045 2049/1454/2023
f 2073/1472/2047 2074/1473/2048 2047/1452/2021
f 2073/1472/2047 2047/1452/2021 2046/1451/2020
f 2051/1456/2025 2075/1467/2049 2050/1455/2024
f 2049/1454/2023 2071/1462/2045 2051/1456/2025
f 2076/1474/2050 2050/1455/2024 2077/1475/2051
f 2050/1455/2024 2076/1474/2050 2046/1451/2020
f 1900/1321/1880 2075/1467/2049 1901/1312/1881
f 2075/1467/2049 1900/1321/1880 2050/1455/2024
f 1900/1321/1880 2077/1475/2051 2050/1455/2024
f 2046/1451/2020 2076/1474/2050 2073/1472/2047
f 2072/1463/2046 2053/1458/2027 2078/1469/2052
f 2053/1458/2027 2072/1463/2046 2048/1453/2022
f 2052/1457/2026 2047/1452/2021 2074/1473/2048
f 2074/1473/2048 2079/1476/2053 2052/1457/2026
f 2053/1458/2027 2057/1461/2031 2078/1469/2052
f 2057/1461/2031 2053/1458/2027 2054/1459/2028
f 2055/1460/2029 2052/1457/2026 2080/1477/2054
f 2080/1477/2054 2052/1457/2026 2079/1476/2053
f 1974/1382/1950 2070/1471/2044 2069/1461/2043
f 2081/1478/2055 2055/1460/2029 2082/1479/2056
f 2055/1460/2029 2080/1477/2054 2082/1479/2056
f 2081/1478/2055 2054/1459/2028 2055/1460/2029
f 2054/1459/2028 2081/1478/2055 2058/1383/2032
f 2083/1480/2057 2045/1450/2019 2084/1481/2058
f 2045/1450/2019 2083/1480/2057 2044/1449/2018
f 2084/1481/2058 1952/1360/1931 2083/1480/2057
f 1975/1383/1951 2085/1478/2059 1969/1377/1945
f 2086/1482/2060 2029/1434/2003 2087/1483/2061
f 1972/1380/1948 1966/1374/1942 1980/1388/1956
f 1970/1378/1946 1980/1388/1956 1979/1387/1955
f 1980/1388/1956 1970/1378/1946 1972/1380/1948
f 1973/1381/1949 1979/1387/1955 1981/1389/1957
f 1979/1387/1955 1973/1381/1949 1970/1378/1946
f 1798/1228/1779 1981/1389/1957 1808/1238/1789
f 1981/1389/1957 1798/1228/1779 1973/1381/1949
f 2088/1484/2062 1974/1382/1950 1976/1384/1952
f 1976/1384/1952 1967/1375/1943 1978/1386/1954
f 1967/1375/1943 1976/1384/1952 1968/1376/1944
f 1976/1384/1952 2089/1485/2063 2088/1484/2062
f 1943/1351/1922 1952/1360/1931 1949/1357/1928
f 1952/1360/1931 2084/1481/2058 2086/1482/2060
f 2029/1434/2003 2086/1482/2060 2084/1481/2058
f 2084/1481/2058 2045/1450/2019 2029/1434/2003
f 2030/1435/2004 2029/1434/2003 2045/1450/2019
f 2043/1448/2017 2030/1435/2004 2045/1450/2019
f 2090/1486/2064 2030/1435/2004 2043/1448/2017
f 2041/1446/2015 2090/1486/2064 2043/1448/2017
f 2091/1487/2065 2090/1486/2064 2041/1446/2015
f 2092/1488/2066 2041/1446/2015 2034/1439/2008
f 2041/1446/2015 2092/1488/2066 2091/1487/2065
f 2093/1489/2067 2034/1439/2008 2033/1438/2007
f 2034/1439/2008 2093/1489/2067 2092/1488/2066
f 2033/1438/2007 2010/1415/1984 2093/1489/2067
f 2010/1415/1984 2033/1438/2007 2038/1443/2012
f 2006/1411/1980 2010/1415/1984 2038/1443/2012
f 2038/1443/2012 2037/1442/2011 2006/1411/1980
f 1830/1258/1810 2006/1411/1980 2037/1442/2011
f 1830/1258/1810 2037/1442/2011 1859/1287/1839
f 1980/1388/1956 2083/1480/2057 1952/1360/1931
f 2083/1480/2057 1980/1388/1956 1966/1374/1942
f 1969/1377/1945 2083/1480/2057 1966/1374/1942
f 2083/1480/2057 1969/1377/1945 2044/1449/2018
f 2044/1449/2018 1969/1377/1945 2085/1478/2059
f 2044/1449/2018 2085/1478/2059 2094/1479/2068
f 2042/1447/2016 2044/1449/2018 2094/1479/2068
f 2094/1479/2068 2095/1477/2069 2042/1447/2016
f 2040/1445/2014 2042/1447/2016 2095/1477/2069
f 2095/1477/2069 2096/1476/2070 2040/1445/2014
f 2032/1437/2006 2040/1445/2014 2096/1476/2070
f 2096/1476/2070 2097/1473/2071 2032/1437/2006
f 2035/1440/2009 2032/1437/2006 2097/1473/2071
f 2097/1473/2071 2098/1472/2072 2035/1440/2009
f 2036/1441/2010 2035/1440/2009 2098/1472/2072
f 2098/1472/2072 2099/1474/2073 2036/1441/2010
f 2036/1441/2010 2099/1474/2073 2039/1444/2013
f 2099/1474/2073 2100/1475/2074 2039/1444/2013
f 1858/1286/1838 2100/1475/2074 1920/1321/1900
f 2100/1475/2074 1858/1286/1838 2039/1444/2013
f 1974/1382/1950 2088/1484/2062 2070/1471/2044
f 1966/1374/1942 1972/1380/1948 1967/1375/1943
f 1968/1376/1944 1975/1383/1951 1969/1377/1945
f 1976/1384/1952 1978/1386/1954 2089/1485/2063
f 1950/1358/1929 1949/1357/1928 2086/1482/2060
f 1950/1358/1929 2086/1482/2060 2087/1483/2061
f 2086/1482/2060 1949/1357/1928 1952/1360/1931
f 2009/1414/1983 2093/1489/2067 2010/1415/1984
f 2091/1487/2065 2092/1488/2066 2101/1490/2075
f 2091/1487/2065 2101/1490/2075 2102/1491/2076
f 2000/1405/1974 2103/1492/2077 2001/1406/1975
f 2022/1427/1996 2024/1429/1998 2001/1406/1975
f 2001/1406/1975 2024/1429/1998 2025/1430/1999
f 2001/1406/1975 2025/1430/1999 2026/1431/2000
f 2023/1428/1997 2022/1427/1996 2001/1406/1975
f 1991/1399/1967 2104/1400/2078 1990/1398/1966
f 1993/1401/1969 1921/1331/1901 1922/1332/1901
f 1921/1331/1901 1993/1401/1969 1995/1399/1969
f 1817/1247/1798 1923/1331/1902 1991/1399/1967
f 1997/1401/1971 1823/1251/1803 1998/1403/1972
f 1997/1401/1971 1924/1332/1903 1823/1251/1803
f 2093/1489/2067 2105/1493/2079 2101/1490/2075
f 2093/1489/2067 2101/1490/2075 2092/1488/2066
f 1926/1334/1905 2106/1494/2080 2107/1495/2081
f 2106/1494/2080 1926/1334/1905 1928/1336/1907
f 2108/1496/2082 2107/1495/2081 2106/1494/2080
f 2106/1494/2080 2109/1497/2083 2108/1496/2082
f 2108/1496/2082 2110/1498/2084 2111/1499/2085
f 2110/1498/2084 2108/1496/2082 2109/1497/2083
f 2112/1500/2086 2111/1499/2085 2110/1498/2084
f 2110/1498/2084 2113/1501/2087 2112/1500/2086
f 2114/1502/2088 1934/1342/1913 1936/1344/1915
f 1936/1344/1915 2115/1503/2089 2114/1502/2088
f 2116/1504/2090 2114/1502/2088 2115/1503/2089
f 2115/1503/2089 2117/1505/2091 2116/1504/2090
f 2116/1504/2090 2118/1506/2092 2119/1507/2093
f 2118/1506/2092 2116/1504/2090 2117/1505/2091
f 2119/1507/2093 2120/1508/2094 2121/1509/2095
f 2120/1508/2094 2119/1507/2093 2118/1506/2092
f 1941/1349/1920 2122/1510/2096 1944/1352/1923
f 2122/1510/2096 1941/1349/1920 2123/1511/2097
f 2123/1511/2097 2124/1512/2098 2122/1510/2096
f 2124/1512/2098 2123/1511/2097 2125/1513/2099
f 2126/1514/2100 2124/1512/2098 2125/1513/2099
f 2124/1512/2098 2126/1514/2100 2127/1515/2101
f 2126/1514/2100 2128/1516/2102 2127/1515/2101
f 2128/1516/2102 2126/1514/2100 2129/1517/2103
f 2130/1518/2104 1941/1349/1920 1950/1358/1929
f 2123/1511/2097 1941/1349/1920 2130/1518/2104
f 2123/1511/2097 2131/1519/2105 2125/1513/2099
f 2131/1519/2105 2123/1511/2097 2132/1520/2106
f 2125/1513/2099 2133/1521/2107 2126/1514/2100
f 2133/1521/2107 2125/1513/2099 2131/1519/2105
f 2126/1514/2100 2134/1522/2108 2129/1517/2103
f 2134/1522/2108 2126/1514/2100 2133/1521/2107
f 1926/1334/1905 2135/1523/2109 1955/1363/1934
f 2135/1523/2109 1926/1334/1905 2107/1495/2081
f 2111/1499/2085 2136/1524/2110 2137/1525/2111
f 2136/1524/2110 2111/1499/2085 2112/1500/2086
f 2108/1496/2082 2137/1525/2111 2138/1526/2112
f 2137/1525/2111 2108/1496/2082 2111/1499/2085
f 2107/1495/2081 2108/1496/2082 2135/1523/2109
f 2135/1523/2109 2108/1496/2082 2138/1526/2112
f 2139/1527/2113 1928/1336/1907 1959/1367/1938
f 1928/1336/1907 2139/1527/2113 2106/1494/2080
f 2139/1527/2113 2109/1497/2083 2106/1494/2080
f 2109/1497/2083 2139/1527/2113 2140/1528/2114
f 2140/1528/2114 2110/1498/2084 2109/1497/2083
f 2110/1498/2084 2140/1528/2114 2141/1529/2115
f 2141/1529/2115 2113/1501/2087 2110/1498/2084
f 2113/1501/2087 2141/1529/2115 2142/1530/2116
f 1963/1371/1941 2115/1503/2089 1936/1344/1915
f 2115/1503/2089 1963/1371/1941 2143/1531/2089
f 2143/1531/2089 2117/1505/2091 2115/1503/2089
f 2117/1505/2091 2143/1531/2089 2144/1532/2117
f 2144/1532/2117 2145/1533/2092 2117/1505/2091
f 2117/1505/2091 2145/1533/2092 2118/1506/2092
f 2145/1533/2092 2146/1534/2118 2118/1506/2092
f 2118/1506/2092 2146/1534/2118 2120/1508/2094
f 1944/1352/1923 2143/1531/2089 1963/1371/1941
f 2143/1531/2089 1944/1352/1923 2122/1510/2096
f 2122/1510/2096 2144/1532/2117 2143/1531/2089
f 2144/1532/2117 2122/1510/2096 2124/1512/2098
f 2124/1512/2098 2127/1515/2101 2144/1532/2117
f 2144/1532/2117 2127/1515/2101 2145/1533/2092
f 2127/1515/2101 2128/1516/2102 2145/1533/2092
f 2145/1533/2092 2128/1516/2102 2146/1534/2118
f 2114/1502/2088 1959/1367/1938 1934/1342/1913
f 1959/1367/1938 2114/1502/2088 2139/1527/2113
f 2116/1504/2090 2139/1527/2113 2114/1502/2088
f 2139/1527/2113 2116/1504/2090 2140/1528/2114
f 2116/1504/2090 2141/1529/2115 2140/1528/2114
f 2141/1529/2115 2116/1504/2090 2119/1507/2093
f 2119/1507/2093 2142/1530/2116 2141/1529/2115
f 2142/1530/2116 2119/1507/2093 2121/1509/2095
f 2147/1535/2119 2148/1536/2120 2149/1537/2121
f 2148/1536/2120 2147/1535/2119 2150/1538/2122
f 2148/1536/2120 2151/1539/2123 2152/1540/2124
f 2151/1539/2123 2148/1536/2120 2153/1541/2125
f 2154/1542/2126 2151/1539/2123 2153/1541/2125
f 2153/1541/2125 2155/1543/2127 2154/1542/2126
f 2154/1542/2126 2155/1543/2127 2156/1544/2128
f 2157/1545/2129 2158/1546/2130 2150/1538/2122
f 2159/1547/2131 2150/1538/2122 2158/1546/2130
f 2160/1548/2132 2153/1541/2125 2148/1536/2120
f 2153/1541/2125 2160/1548/2132 2161/1549/2133
f 2162/1550/2134 2153/1541/2125 2161/1549/2133
f 2153/1541/2125 2162/1550/2134 2155/1543/2127
f 2163/1551/2135 2164/1552/2136 2132/1520/2106
f 2132/1520/2106 2164/1552/2136 2131/1519/2105
f 2164/1552/2136 2165/1553/2137 2131/1519/2105
f 2131/1519/2105 2165/1553/2137 2133/1521/2107
f 2165/1553/2137 2166/1554/2138 2133/1521/2107
f 2133/1521/2107 2166/1554/2138 2134/1522/2108
f 2167/1555/2139 1982/1390/1958 1984/1392/1960
f 1982/1390/1958 2167/1555/2139 2168/1556/2140
f 2167/1555/2139 2169/1557/2141 2168/1556/2140
f 2169/1557/2141 2167/1555/2139 2170/1558/2142
f 2167/1555/2139 1984/1392/1960 1987/1395/1963
f 1987/1395/1963 2171/1559/2143 2167/1555/2139
f 2167/1555/2139 2172/1560/2144 2170/1558/2142
f 2172/1560/2144 2167/1555/2139 2171/1559/2143
f 2173/1561/2145 1988/1396/1964 1989/1397/1965
f 1988/1396/1964 2173/1561/2145 2174/1562/2146
f 1989/1397/1965 2175/1563/2147 2173/1561/2145
f 2175/1563/2147 1989/1397/1965 1990/1398/1966
f 2175/1563/2147 1990/1398/1966 2176/1564/2148
f 2171/1559/2143 1987/1395/1963 1988/1396/1964
f 2172/1560/2144 2171/1559/2143 2174/1562/2146
f 2177/1565/2149 1992/1400/1968 1994/1402/1968
f 1992/1400/1968 2177/1565/2149 2178/1564/2149
f 1996/1402/1970 1998/1403/1972 2179/1565/2150
f 2180/1566/2151 1998/1403/1972 1999/1404/1973
f 1998/1403/1972 2180/1566/2151 2181/1567/2152
f 2171/1559/2143 1988/1396/1964 2174/1562/2146
f 2000/1405/1974 2182/1568/2153 2103/1492/2077
f 2168/1556/2140 2169/1557/2141 2183/1569/2154
f 2169/1557/2141 2184/1570/2155 2183/1569/2154
f 2185/1571/2156 2186/1572/2157 2187/1573/2158
f 2186/1572/2157 2185/1571/2156 2184/1570/2155
f 2187/1573/2158 2186/1572/2157 2188/1574/2159
f 2188/1574/2159 2186/1572/2157 2189/1575/2160
f 2187/1573/2158 2188/1574/2159 2190/1576/2161
f 2191/1577/2162 2192/1578/2163 2009/1414/1983
f 2192/1578/2163 2190/1576/2161 2188/1574/2159
f 2190/1576/2161 2192/1578/2163 2191/1577/2162
f 2183/1569/2154 2193/1579/2164 2168/1556/2140
f 2194/1580/2165 2009/1414/1983 2013/1418/1987
f 2191/1577/2162 2009/1414/1983 2194/1580/2165
f 2190/1576/2161 2191/1577/2162 2194/1580/2165
f 2190/1576/2161 2194/1580/2165 2195/1581/2166
f 2187/1573/2158 2190/1576/2161 2196/1582/2167
f 2196/1582/2167 2190/1576/2161 2195/1581/2166
f 2197/1583/2168 2187/1573/2158 2196/1582/2167
f 2185/1571/2156 2187/1573/2158 2197/1583/2168
f 2198/1584/2169 2185/1571/2156 2197/1583/2168
f 2183/1569/2154 2185/1571/2156 2198/1584/2169
f 2198/1584/2169 2193/1579/2164 2183/1569/2154
f 2193/1579/2164 2198/1584/2169 2199/1585/2170
f 2200/1586/2171 2193/1579/2164 2199/1585/2170
f 2200/1586/2171 2199/1585/2170 2201/1587/2172
f 1982/1390/1958 2200/1586/2171 2201/1587/2172
f 1982/1390/1958 2201/1587/2172 2021/1426/1995
f 2194/1580/2165 2013/1418/1987 2023/1428/1997
f 2023/1428/1997 2202/1588/2173 2194/1580/2165
f 2195/1581/2166 2194/1580/2165 2202/1588/2173
f 2202/1588/2173 2203/1589/2174 2195/1581/2166
f 2196/1582/2167 2195/1581/2166 2203/1589/2174
f 2203/1589/2174 2204/1590/2175 2196/1582/2167
f 2204/1590/2175 2197/1583/2168 2196/1582/2167
f 2197/1583/2168 2205/1591/2176 2198/1584/2169
f 2205/1591/2176 2197/1583/2168 2204/1590/2175
f 2199/1585/2170 2198/1584/2169 2205/1591/2176
f 2199/1585/2170 2205/1591/2176 2206/1592/2177
f 2021/1426/1995 2201/1587/2172 2182/1568/2153
f 2021/1426/1995 2182/1568/2153 2000/1405/1974
f 2206/1592/2177 2201/1587/2172 2199/1585/2170
f 2201/1587/2172 2206/1592/2177 2182/1568/2153
f 2205/1591/2176 2103/1492/2077 2206/1592/2177
f 2103/1492/2077 2182/1568/2153 2206/1592/2177
f 2183/1569/2154 2184/1570/2155 2185/1571/2156
f 2168/1556/2140 2200/1586/2171 1982/1390/1958
f 2168/1556/2140 2193/1579/2164 2200/1586/2171
f 2091/1487/2065 2207/1593/2178 2090/1486/2064
f 2207/1593/2178 2091/1487/2065 2102/1491/2076
f 2208/1594/2179 2209/1595/2180 2210/1596/2181
f 2210/1596/2181 2209/1595/2180 2211/1597/2182
f 2212/1598/2183 2213/1599/2184 2214/1600/2185
f 2215/1601/2186 2214/1600/2185 2213/1599/2184
f 2216/1602/2187 2212/1598/2183 2217/1603/2188
f 2214/1600/2185 2217/1603/2188 2212/1598/2183
f 2213/1599/2184 2208/1594/2179 2215/1601/2186
f 2215/1601/2186 2208/1594/2179 2210/1596/2181
f 2211/1597/2182 2218/1604/2189 2219/1605/2190
f 2218/1604/2189 2211/1597/2182 2209/1595/2180
f 2218/1604/2189 2220/1606/2191 2219/1605/2190
f 2219/1605/2190 2220/1606/2191 2221/1607/2192
f 2220/1606/2191 2222/1608/2193 2221/1607/2192
f 2221/1607/2192 2222/1608/2193 2223/1609/2194
f 2224/1610/2195 2225/1611/2196 2226/1612/2197
f 2226/1612/2197 2225/1611/2196 2227/1613/2198
f 2224/1610/2195 2228/1614/2199 2229/1615/2200
f 2228/1614/2199 2224/1610/2195 2226/1612/2197
f 2230/1616/2201 2227/1613/2198 2225/1611/2196
f 2227/1613/2198 2230/1616/2201 2231/1617/2202
f 2230/1616/2201 2232/1618/2203 2231/1617/2202
f 2232/1618/2203 2230/1616/2201 2233/1619/2204
f 2234/1545/2205 2233/1619/2204 2235/1546/2206
f 2235/1546/2206 2233/1619/2204 2236/1620/2207
f 2237/1621/2208 2238/1622/2209 2239/1623/2210
f 2239/1623/2210 2238/1622/2209 2240/1624/2211
f 2241/1625/2212 2242/1626/2213 2243/1627/2214
f 2241/1625/2212 2243/1627/2214 2244/1615/2215
f 2243/1627/2214 2237/1621/2208 2244/1615/2215
f 2244/1615/2215 2237/1621/2208 2239/1623/2210
f 2242/1626/2213 2241/1625/2212 2245/1628/2216
f 2245/1628/2216 2246/1629/2217 2242/1626/2213
f 2238/1622/2209 2247/1630/2218 2240/1624/2211
f 2240/1624/2211 2247/1630/2218 2248/1631/2219
f 2247/1630/2218 2249/1620/2220 2248/1631/2219
f 2249/1620/2220 2247/1630/2218 2250/1632/2221
f 2251/1623/2222 2225/1611/2196 2224/1610/2195
f 2225/1611/2196 2251/1623/2222 2252/1624/2223
f 2226/1612/2197 2227/1613/2198 2253/1633/2224
f 2227/1613/2198 2254/1634/2225 2253/1633/2224
f 2229/1615/2200 2228/1614/2199 2255/1625/2226
f 2224/1610/2195 2229/1615/2200 2251/1623/2222
f 2228/1614/2199 2256/1635/2227 2257/1636/2228
f 2256/1635/2227 2228/1614/2199 2226/1612/2197
f 2258/1637/2229 2255/1625/2226 2228/1614/2199
f 2255/1625/2226 2258/1637/2229 2259/1628/2230
f 2258/1637/2229 2228/1614/2199 2257/1636/2228
f 2226/1612/2197 2253/1633/2224 2256/1635/2227
f 2252/1624/2223 2230/1616/2201 2225/1611/2196
f 2230/1616/2201 2252/1624/2223 2260/1631/2231
f 2261/1638/2232 2254/1634/2225 2231/1617/2202
f 2227/1613/2198 2231/1617/2202 2254/1634/2225
f 2230/1616/2201 2236/1620/2207 2233/1619/2204
f 2236/1620/2207 2230/1616/2201 2260/1631/2231
f 2261/1638/2232 2232/1618/2203 2262/1639/2233
f 2232/1618/2203 2261/1638/2232 2231/1617/2202
f 2158/1546/2130 2249/1620/2220 2250/1632/2221
f 2263/1640/2234 2262/1639/2233 2232/1618/2203
f 2232/1618/2203 2264/1641/2235 2263/1640/2234
f 2233/1619/2204 2264/1641/2235 2232/1618/2203
f 2264/1641/2235 2233/1619/2204 2234/1545/2205
f 2222/1608/2193 2265/1642/2236 2223/1609/2194
f 2265/1642/2236 2266/1643/2237 2223/1609/2194
f 2266/1643/2237 2265/1642/2236 2132/1520/2106
f 2157/1545/2129 2147/1535/2119 2267/1641/2238
f 2268/1644/2239 2087/1483/2061 2028/1433/2002
f 2152/1540/2124 2163/1551/2135 2149/1537/2121
f 2164/1552/2136 2163/1551/2135 2152/1540/2124
f 2152/1540/2124 2151/1539/2123 2164/1552/2136
f 2164/1552/2136 2154/1542/2126 2165/1553/2137
f 2154/1542/2126 2164/1552/2136 2151/1539/2123
f 2165/1553/2137 2156/1544/2128 2166/1554/2138
f 2156/1544/2128 2165/1553/2137 2154/1542/2126
f 2269/1645/2240 2159/1547/2131 2158/1546/2130
f 2150/1538/2122 2159/1547/2131 2148/1536/2120
f 2159/1547/2131 2160/1548/2132 2148/1536/2120
f 2159/1547/2131 2269/1645/2240 2270/1646/2241
f 2123/1511/2097 2130/1518/2104 2132/1520/2106
f 2266/1643/2237 2132/1520/2106 2268/1644/2239
f 2268/1644/2239 2028/1433/2002 2266/1643/2237
f 2223/1609/2194 2266/1643/2237 2028/1433/2002
f 2028/1433/2002 2031/1436/2005 2223/1609/2194
f 2221/1607/2192 2223/1609/2194 2031/1436/2005
f 2031/1436/2005 2207/1593/2178 2221/1607/2192
f 2219/1605/2190 2207/1593/2178 2102/1491/2076
f 2207/1593/2178 2219/1605/2190 2221/1607/2192
f 2211/1597/2182 2219/1605/2190 2101/1490/2075
f 2102/1491/2076 2101/1490/2075 2219/1605/2190
f 2210/1596/2181 2211/1597/2182 2105/1493/2079
f 2101/1490/2075 2105/1493/2079 2211/1597/2182
f 2192/1578/2163 2210/1596/2181 2105/1493/2079
f 2210/1596/2181 2192/1578/2163 2215/1601/2186
f 2214/1600/2185 2215/1601/2186 2188/1574/2159
f 2188/1574/2159 2215/1601/2186 2192/1578/2163
f 2188/1574/2159 2189/1575/2160 2214/1600/2185
f 2214/1600/2185 2189/1575/2160 2217/1603/2188
f 2265/1642/2236 2163/1551/2135 2132/1520/2106
f 2163/1551/2135 2265/1642/2236 2149/1537/2121
f 2222/1608/2193 2147/1535/2119 2149/1537/2121
f 2222/1608/2193 2149/1537/2121 2265/1642/2236
f 2222/1608/2193 2267/1641/2238 2147/1535/2119
f 2222/1608/2193 2271/1640/2242 2267/1641/2238
f 2272/1639/2243 2271/1640/2242 2220/1606/2191
f 2222/1608/2193 2220/1606/2191 2271/1640/2242
f 2273/1638/2244 2272/1639/2243 2218/1604/2189
f 2218/1604/2189 2272/1639/2243 2220/1606/2191
f 2274/1634/2245 2273/1638/2244 2209/1595/2180
f 2209/1595/2180 2273/1638/2244 2218/1604/2189
f 2275/1633/2246 2274/1634/2245 2208/1594/2179
f 2208/1594/2179 2274/1634/2245 2209/1595/2180
f 2276/1635/2247 2275/1633/2246 2213/1599/2184
f 2213/1599/2184 2275/1633/2246 2208/1594/2179
f 2276/1635/2247 2213/1599/2184 2212/1598/2183
f 2212/1598/2183 2277/1636/2248 2276/1635/2247
f 2277/1636/2248 2212/1598/2183 2216/1602/2187
f 2216/1602/2187 2278/1637/2249 2277/1636/2248
f 2158/1546/2130 2250/1632/2221 2269/1645/2240
f 2149/1537/2121 2148/1536/2120 2152/1540/2124
f 2150/1538/2122 2147/1535/2119 2157/1545/2129
f 2159/1547/2131 2270/1646/2241 2160/1548/2132
f 2268/1644/2239 1950/1358/1929 2087/1483/2061
f 2130/1518/2104 1950/1358/1929 2268/1644/2239
f 2268/1644/2239 2132/1520/2106 2130/1518/2104
f 2009/1414/1983 2192/1578/2163 2105/1493/2079
f 2090/1486/2064 2031/1436/2005 2030/1435/2004
f 2031/1436/2005 2090/1486/2064 2207/1593/2178
f 2009/1414/1983 2105/1493/2079 2093/1489/2067
f 2202/1588/2173 2103/1492/2077 2203/1589/2174
f 2204/1590/2175 2103/1492/2077 2205/1591/2176
f 2203/1589/2174 2103/1492/2077 2204/1590/2175
f 2023/1428/1997 2103/1492/2077 2202/1588/2173
f 2176/1564/2148 1990/1398/1966 2104/1400/2078
f 2177/1565/2149 2279/1647/2250 2178/1564/2149
f 2279/1647/2250 2177/1565/2149 2280/1648/2250
f 2175/1563/2147 2176/1564/2148 2281/1647/2251
f 2179/1565/2150 1998/1403/1972 2181/1567/2152
f 2179/1565/2150 2181/1567/2152 2282/1648/2252
f 2087/1483/2061 2029/1434/2003 2028/1433/2002
f 2023/1428/1997 2001/1406/1975 2103/1492/2077
f 2283/1649/2253 2284/1650/2254 2285/1651/2255
f 2284/1650/2254 2283/1649/2253 2286/1652/2256
f 2286/1652/2256 2287/1653/2257 2284/1650/2254
f 2284/1650/2254 2287/1653/2257 2288/1654/2258
f 2287/1653/2257 2289/1655/2259 2288/1654/2258
f 2289/1655/2259 2290/1656/2260 2288/1654/2258
f 2291/1657/2261 2290/1656/2260 2292/1658/2262
f 2289/1655/2259 2292/1658/2262 2290/1656/2260
f 2293/1659/2263 2294/1660/2264 2295/1661/2265
f 2294/1660/2264 2293/1659/2263 2296/1662/2266
f 2297/1663/2267 2295/1661/2265 2298/1664/2268
f 2295/1661/2265 2297/1663/2267 2293/1659/2263
f 2299/1665/2269 2298/1664/2268 2300/1666/2270
f 2298/1664/2268 2299/1665/2269 2297/1663/2267
f 2301/1667/2271 2300/1666/2270 2302/1668/2272
f 2300/1666/2270 2301/1667/2271 2299/1665/2269
f 2303/1669/2273 2304/1670/2274 2305/1671/2275
f 2304/1670/2274 2303/1669/2273 2306/1672/2276
f 2305/1671/2275 2307/1673/2277 2308/1674/2278
f 2307/1673/2277 2305/1671/2275 2304/1670/2274
f 2309/1675/2279 2308/1674/2278 2307/1673/2277
f 2307/1673/2277 2310/1676/2280 2309/1675/2279
f 2311/1677/2281 2309/1675/2279 2310/1676/2280
f 2310/1676/2280 2312/1678/2282 2311/1677/2281
f 2303/1669/2273 2305/1671/2275 2313/1679/2283
f 2313/1679/2283 2314/1680/2284 2303/1669/2273
f 2315/1681/2285 2305/1671/2275 2308/1674/2278
f 2305/1671/2275 2315/1681/2285 2316/1682/2286
f 2317/1683/2287 2308/1674/2278 2309/1675/2279
f 2308/1674/2278 2317/1683/2287 2315/1681/2285
f 2318/1684/2288 2309/1675/2279 2311/1677/2281
f 2309/1675/2279 2318/1684/2288 2317/1683/2287
f 2283/1649/2253 2319/1685/2289 2286/1652/2256
f 2319/1685/2289 2283/1649/2253 2320/1686/2290
f 2321/1687/2291 2292/1658/2262 2289/1655/2259
f 2292/1658/2262 2321/1687/2291 2322/1688/2292
f 2287/1653/2257 2321/1687/2291 2289/1655/2259
f 2321/1687/2291 2287/1653/2257 2323/1689/2293
f 2319/1685/2289 2287/1653/2257 2286/1652/2256
f 2287/1653/2257 2319/1685/2289 2323/1689/2293
f 2285/1651/2255 2324/1690/2294 2325/1691/2295
f 2324/1690/2294 2285/1651/2255 2284/1650/2254
f 2284/1650/2254 2326/1692/2296 2324/1690/2294
f 2326/1692/2296 2284/1650/2254 2288/1654/2258
f 2288/1654/2258 2327/1693/2297 2326/1692/2296
f 2327/1693/2297 2288/1654/2258 2290/1656/2260
f 2291/1657/2261 2327/1693/2297 2290/1656/2260
f 2327/1693/2297 2291/1657/2261 2328/1694/2298
f 2293/1659/2263 2329/1695/2299 2296/1662/2266
f 2329/1695/2299 2330/1696/2266 2296/1662/2266
f 2297/1663/2267 2331/1697/2267 2293/1659/2263
f 2331/1697/2267 2329/1695/2299 2293/1659/2263
f 2299/1665/2269 2332/1698/2269 2297/1663/2267
f 2332/1698/2269 2331/1697/2267 2297/1663/2267
f 2301/1667/2271 2333/1699/2300 2299/1665/2269
f 2333/1699/2300 2332/1698/2269 2299/1665/2269
f 2330/1696/2266 2329/1695/2299 2304/1670/2274
f 2304/1670/2274 2306/1672/2276 2330/1696/2266
f 2329/1695/2299 2331/1697/2267 2307/1673/2277
f 2307/1673/2277 2304/1670/2274 2329/1695/2299
f 2331/1697/2267 2332/1698/2269 2310/1676/2280
f 2310/1676/2280 2307/1673/2277 2331/1697/2267
f 2332/1698/2269 2333/1699/2300 2312/1678/2282
f 2312/1678/2282 2310/1676/2280 2332/1698/2269
f 2325/1691/2295 2295/1661/2265 2294/1660/2264
f 2295/1661/2265 2325/1691/2295 2324/1690/2294
f 2324/1690/2294 2298/1664/2268 2295/1661/2265
f 2298/1664/2268 2324/1690/2294 2326/1692/2296
f 2300/1666/2270 2326/1692/2296 2327/1693/2297
f 2326/1692/2296 2300/1666/2270 2298/1664/2268
f 2328/1694/2298 2300/1666/2270 2327/1693/2297
f 2300/1666/2270 2328/1694/2298 2302/1668/2272
f 2334/1700/2301 2335/1701/2302 2336/1702/2303
f 2336/1702/2303 2337/1703/2304 2334/1700/2301
f 2335/1701/2302 2338/1704/2305 2339/1705/2306
f 2338/1704/2305 2335/1701/2302 2340/1706/2307
f 2341/1707/2308 2339/1705/2306 2338/1704/2305
f 2342/1708/2309 2339/1705/2306 2341/1707/2308
f 2342/1708/2309 2341/1707/2308 2343/1709/2310
f 2344/1710/2311 2345/1711/2312 2336/1702/2303
f 2345/1711/2312 2346/1712/2313 2336/1702/2303
f 2335/1701/2302 2339/1705/2306 2347/1713/2314
f 2347/1713/2314 2348/1714/2315 2335/1701/2302
f 2339/1705/2306 2342/1708/2309 2349/1715/2316
f 2349/1715/2316 2347/1713/2314 2339/1705/2306
f 2315/1681/2285 2350/1716/2317 2316/1682/2286
f 2350/1716/2317 2351/1717/2318 2316/1682/2286
f 2317/1683/2287 2352/1718/2319 2315/1681/2285
f 2352/1718/2319 2350/1716/2317 2315/1681/2285
f 2318/1684/2288 2353/1719/2320 2317/1683/2287
f 2353/1719/2320 2352/1718/2319 2317/1683/2287
f 2354/1720/2321 2355/1721/2322 2356/1722/2323
f 2356/1722/2323 2357/1723/2324 2354/1720/2321
f 2354/1720/2321 2358/1724/2325 2359/1725/2326
f 2358/1724/2325 2354/1720/2321 2357/1723/2324
f 2360/1726/2327 2355/1721/2322 2354/1720/2321
f 2355/1721/2322 2360/1726/2327 2361/1727/2328
f 2362/1728/2329 2354/1720/2321 2359/1725/2326
f 2354/1720/2321 2362/1728/2329 2360/1726/2327
f 2363/1729/2330 2364/1730/2331 2365/1731/2332
f 2364/1730/2331 2366/1732/2333 2365/1731/2332
f 2366/1732/2333 2367/1733/2334 2368/1734/2335
f 2367/1733/2334 2366/1732/2333 2364/1730/2331
f 2367/1733/2334 2369/1735/2336 2368/1734/2335
f 2360/1726/2327 2365/1731/2332 2361/1727/2328
f 2362/1728/2329 2363/1729/2330 2360/1726/2327
f 2370/1736/2337 2371/1737/2337 2372/1738/2338
f 2371/1737/2337 2373/1735/2338 2372/1738/2338
f 2374/1736/2339 2375/1738/2340 2376/1739/2341
f 2376/1739/2341 2377/1740/2342 2378/1741/2343
f 2377/1740/2342 2376/1739/2341 2379/1742/2344
f 2360/1726/2327 2363/1729/2330 2365/1731/2332
f 2380/1743/2345 2381/1744/2346 2382/1745/2347
f 2357/1723/2324 2383/1746/2348 2358/1724/2325
f 2383/1746/2348 2357/1723/2324 2384/1747/2349
f 2385/1748/2350 2386/1749/2351 2387/1750/2352
f 2387/1750/2352 2386/1749/2351 2383/1746/2348
f 2386/1749/2351 2385/1748/2350 2388/1751/2353
f 2388/1751/2353 2389/1752/2354 2386/1749/2351
f 2385/1748/2350 2390/1753/2355 2388/1751/2353
f 2391/1754/2356 2392/1755/2357 2393/1756/2358
f 2390/1753/2355 2393/1756/2358 2388/1751/2353
f 2393/1756/2358 2390/1753/2355 2391/1754/2356
f 2384/1747/2349 2357/1723/2324 2394/1757/2359
f 2395/1758/2360 2396/1759/2361 2392/1755/2357
f 2392/1755/2357 2391/1754/2356 2395/1758/2360
f 2397/1760/2362 2395/1758/2360 2390/1753/2355
f 2391/1754/2356 2390/1753/2355 2395/1758/2360
f 2398/1761/2363 2390/1753/2355 2385/1748/2350
f 2390/1753/2355 2398/1761/2363 2397/1760/2362
f 2399/1762/2364 2398/1761/2363 2385/1748/2350
f 2399/1762/2364 2385/1748/2350 2387/1750/2352
f 2400/1763/2365 2399/1762/2364 2387/1750/2352
f 2400/1763/2365 2387/1750/2352 2384/1747/2349
f 2400/1763/2365 2394/1757/2359 2401/1764/2366
f 2394/1757/2359 2400/1763/2365 2384/1747/2349
f 2402/1765/2367 2401/1764/2366 2403/1766/2368
f 2394/1757/2359 2403/1766/2368 2401/1764/2366
f 2404/1767/2369 2402/1765/2367 2356/1722/2323
f 2403/1766/2368 2356/1722/2323 2402/1765/2367
f 2396/1759/2361 2395/1758/2360 2405/1768/2370
f 2406/1769/2371 2405/1768/2370 2395/1758/2360
f 2395/1758/2360 2397/1760/2362 2406/1769/2371
f 2407/1770/2372 2406/1769/2371 2397/1760/2362
f 2397/1760/2362 2398/1761/2363 2407/1770/2372
f 2408/1771/2373 2407/1770/2372 2398/1761/2363
f 2408/1771/2373 2398/1761/2363 2399/1762/2364
f 2399/1762/2364 2409/1772/2374 2408/1771/2373
f 2409/1772/2374 2399/1762/2364 2400/1763/2365
f 2400/1763/2365 2401/1764/2366 2409/1772/2374
f 2409/1772/2374 2401/1764/2366 2410/1773/2375
f 2404/1767/2369 2382/1745/2347 2402/1765/2367
f 2380/1743/2345 2382/1745/2347 2404/1767/2369
f 2402/1765/2367 2410/1773/2375 2401/1764/2366
f 2410/1773/2375 2402/1765/2367 2382/1745/2347
f 2409/1772/2374 2410/1773/2375 2381/1744/2346
f 2381/1744/2346 2410/1773/2375 2382/1745/2347
f 2384/1747/2349 2387/1750/2352 2383/1746/2348
f 2357/1723/2324 2356/1722/2323 2403/1766/2368
f 2357/1723/2324 2403/1766/2368 2394/1757/2359
f 2411/1774/2376 2412/1775/2377 2413/1776/2378
f 2412/1775/2377 2411/1774/2376 2414/1777/2379
f 2415/1778/2380 2416/1779/2381 2417/1780/2382
f 2417/1780/2382 2418/1781/2383 2415/1778/2380
f 2419/1782/2384 2420/1783/2385 2421/1784/2386
f 2421/1784/2386 2422/1785/2387 2419/1782/2384
f 2420/1783/2385 2423/1786/2388 2424/1787/2389
f 2424/1787/2389 2421/1784/2386 2420/1783/2385
f 2416/1779/2381 2419/1782/2384 2422/1785/2387
f 2422/1785/2387 2417/1780/2382 2416/1779/2381
f 2418/1781/2383 2425/1788/2390 2415/1778/2380
f 2425/1788/2390 2418/1781/2383 2426/1789/2391
f 2427/1790/2392 2425/1788/2390 2426/1789/2391
f 2426/1789/2391 2428/1791/2393 2427/1790/2392
f 2429/1792/2394 2427/1790/2392 2428/1791/2393
f 2428/1791/2393 2430/1793/2395 2429/1792/2394
f 2431/1794/2396 2432/1795/2397 2433/1796/2398
f 2432/1795/2397 2431/1794/2396 2434/1797/2399
f 2435/1798/2400 2433/1796/2398 2436/1799/2401
f 2433/1796/2398 2435/1798/2400 2431/1794/2396
f 2434/1797/2399 2437/1800/2402 2432/1795/2397
f 2437/1800/2402 2434/1797/2399 2438/1801/2403
f 2437/1800/2402 2438/1801/2403 2439/1802/2404
f 2437/1800/2402 2439/1802/2404 2440/1803/2405
f 2440/1803/2405 2441/1712/2406 2442/1711/2407
f 2440/1803/2405 2442/1711/2407 2443/1804/2408
f 2444/1805/2409 2445/1806/2410 2446/1807/2411
f 2445/1806/2410 2444/1805/2409 2447/1808/2412
f 2448/1809/2413 2449/1810/2414 2450/1811/2415
f 2450/1811/2415 2449/1810/2414 2451/1799/2416
f 2450/1811/2415 2451/1799/2416 2446/1807/2411
f 2446/1807/2411 2451/1799/2416 2444/1805/2409
f 2452/1812/2417 2453/1813/2418 2448/1809/2413
f 2448/1809/2413 2453/1813/2418 2449/1810/2414
f 2447/1808/2412 2454/1814/2419 2445/1806/2410
f 2454/1814/2419 2447/1808/2412 2455/1815/2420
f 2455/1815/2420 2456/1804/2421 2454/1814/2419
f 2456/1804/2421 2457/1816/2422 2454/1814/2419
f 2432/1795/2397 2458/1805/2423 2433/1796/2398
f 2458/1805/2423 2432/1795/2397 2459/1808/2424
f 2434/1797/2399 2431/1794/2396 2460/1817/2425
f 2460/1817/2425 2461/1818/2426 2434/1797/2399
f 2436/1799/2401 2462/1810/2427 2435/1798/2400
f 2433/1796/2398 2458/1805/2423 2436/1799/2401
f 2435/1798/2400 2463/1819/2428 2431/1794/2396
f 2463/1819/2428 2435/1798/2400 2464/1820/2429
f 2462/1810/2427 2465/1821/2430 2435/1798/2400
f 2465/1821/2430 2462/1810/2427 2466/1813/2431
f 2465/1821/2430 2464/1820/2429 2435/1798/2400
f 2431/1794/2396 2463/1819/2428 2460/1817/2425
f 2437/1800/2402 2459/1808/2424 2432/1795/2397
f 2459/1808/2424 2437/1800/2402 2467/1815/2432
f 2438/1801/2403 2434/1797/2399 2461/1818/2426
f 2461/1818/2426 2468/1822/2433 2438/1801/2403
f 2437/1800/2402 2443/1804/2408 2467/1815/2432
f 2443/1804/2408 2437/1800/2402 2440/1803/2405
f 2468/1822/2433 2469/1823/2434 2438/1801/2403
f 2439/1802/2404 2438/1801/2403 2469/1823/2434
f 2345/1711/2312 2457/1816/2422 2456/1804/2421
f 2470/1824/2435 2439/1802/2404 2471/1825/2436
f 2439/1802/2404 2469/1823/2434 2471/1825/2436
f 2470/1824/2435 2440/1803/2405 2439/1802/2404
f 2440/1803/2405 2470/1824/2435 2441/1712/2406
f 2472/1826/2437 2430/1793/2395 2473/1827/2438
f 2430/1793/2395 2472/1826/2437 2429/1792/2394
f 2473/1827/2438 2316/1682/2286 2472/1826/2437
f 2346/1712/2313 2474/1824/2439 2337/1703/2304
f 2475/1828/2440 2412/1775/2377 2476/1829/2441
f 2340/1706/2307 2334/1700/2301 2351/1717/2318
f 2338/1704/2305 2351/1717/2318 2350/1716/2317
f 2351/1717/2318 2338/1704/2305 2340/1706/2307
f 2341/1707/2308 2350/1716/2317 2352/1718/2319
f 2350/1716/2317 2341/1707/2308 2338/1704/2305
f 2343/1709/2310 2352/1718/2319 2353/1719/2320
f 2352/1718/2319 2343/1709/2310 2341/1707/2308
f 2477/1830/2442 2345/1711/2312 2344/1710/2311
f 2348/1714/2315 2336/1702/2303 2335/1701/2302
f 2336/1702/2303 2348/1714/2315 2344/1710/2311
f 2344/1710/2311 2478/1831/2443 2477/1830/2442
f 2305/1671/2275 2316/1682/2286 2313/1679/2283
f 2412/1775/2377 2475/1828/2440 2473/1827/2438
f 2316/1682/2286 2473/1827/2438 2475/1828/2440
f 2473/1827/2438 2430/1793/2395 2412/1775/2377
f 2413/1776/2378 2412/1775/2377 2430/1793/2395
f 2430/1793/2395 2428/1791/2393 2413/1776/2378
f 2479/1832/2444 2413/1776/2378 2428/1791/2393
f 2428/1791/2393 2426/1789/2391 2479/1832/2444
f 2480/1833/2445 2479/1832/2444 2426/1789/2391
f 2481/1834/2446 2480/1833/2445 2426/1789/2391
f 2481/1834/2446 2426/1789/2391 2418/1781/2383
f 2482/1835/2447 2481/1834/2446 2418/1781/2383
f 2482/1835/2447 2418/1781/2383 2417/1780/2382
f 2417/1780/2382 2393/1756/2358 2482/1835/2447
f 2393/1756/2358 2417/1780/2382 2422/1785/2387
f 2388/1751/2353 2422/1785/2387 2421/1784/2386
f 2422/1785/2387 2388/1751/2353 2393/1756/2358
f 2389/1752/2354 2388/1751/2353 2421/1784/2386
f 2421/1784/2386 2424/1787/2389 2389/1752/2354
f 2351/1717/2318 2472/1826/2437 2316/1682/2286
f 2472/1826/2437 2351/1717/2318 2334/1700/2301
f 2337/1703/2304 2472/1826/2437 2334/1700/2301
f 2472/1826/2437 2337/1703/2304 2429/1792/2394
f 2429/1792/2394 2337/1703/2304 2474/1824/2439
f 2429/1792/2394 2474/1824/2439 2483/1825/2448
f 2427/1790/2392 2429/1792/2394 2483/1825/2448
f 2427/1790/2392 2483/1825/2448 2484/1823/2449
f 2425/1788/2390 2484/1823/2449 2485/1822/2450
f 2484/1823/2449 2425/1788/2390 2427/1790/2392
f 2415/1778/2380 2485/1822/2450 2486/1818/2451
f 2485/1822/2450 2415/1778/2380 2425/1788/2390
f 2416/1779/2381 2486/1818/2451 2487/1817/2452
f 2486/1818/2451 2416/1779/2381 2415/1778/2380
f 2419/1782/2384 2487/1817/2452 2488/1819/2453
f 2487/1817/2452 2419/1782/2384 2416/1779/2381
f 2420/1783/2385 2488/1819/2453 2489/1820/2454
f 2488/1819/2453 2420/1783/2385 2419/1782/2384
f 2423/1786/2388 2489/1820/2454 2490/1821/2455
f 2489/1820/2454 2423/1786/2388 2420/1783/2385
f 2345/1711/2312 2477/1830/2442 2457/1816/2422
f 2334/1700/2301 2340/1706/2307 2335/1701/2302
f 2336/1702/2303 2346/1712/2313 2337/1703/2304
f 2344/1710/2311 2348/1714/2315 2478/1831/2443
f 2314/1680/2284 2475/1828/2440 2476/1829/2441
f 2314/1680/2284 2313/1679/2283 2475/1828/2440
f 2475/1828/2440 2313/1679/2283 2316/1682/2286
f 2392/1755/2357 2482/1835/2447 2393/1756/2358
f 2491/1836/2456 2492/1837/2457 2480/1833/2445
f 2491/1836/2456 2480/1833/2445 2481/1834/2446
f 2380/1743/2345 2493/1838/2458 2381/1744/2346
f 2406/1769/2371 2407/1770/2372 2381/1744/2346
f 2381/1744/2346 2407/1770/2372 2408/1771/2373
f 2381/1744/2346 2408/1771/2373 2409/1772/2374
f 2405/1768/2370 2406/1769/2371 2381/1744/2346
f 2369/1735/2336 2494/1737/2459 2368/1734/2335
f 2372/1738/2338 2495/1839/2460 2496/1840/2460
f 2495/1839/2460 2372/1738/2338 2373/1735/2338
f 2367/1733/2334 2497/1839/2461 2369/1735/2336
f 2375/1738/2340 2379/1742/2344 2376/1739/2341
f 2375/1738/2340 2498/1840/2462 2379/1742/2344
f 2491/1836/2456 2482/1835/2447 2499/1841/2463
f 2482/1835/2447 2491/1836/2456 2481/1834/2446
f 2500/1842/2464 2283/1649/2253 2285/1651/2255
f 2283/1649/2253 2500/1842/2464 2501/1843/2465
f 2502/1844/2466 2500/1842/2464 2503/1845/2467
f 2500/1842/2464 2502/1844/2466 2501/1843/2465
f 2504/1846/2468 2503/1845/2467 2505/1847/2469
f 2503/1845/2467 2504/1846/2468 2502/1844/2466
f 2506/1848/2470 2505/1847/2469 2507/1849/2471
f 2505/1847/2469 2506/1848/2470 2504/1846/2468
f 2508/1850/2472 2294/1660/2264 2296/1662/2266
f 2296/1662/2266 2509/1851/2473 2508/1850/2472
f 2510/1852/2474 2508/1850/2472 2509/1851/2473
f 2509/1851/2473 2511/1853/2475 2510/1852/2474
f 2512/1854/2476 2510/1852/2474 2511/1853/2475
f 2511/1853/2475 2513/1855/2477 2512/1854/2476
f 2514/1856/2478 2512/1854/2476 2513/1855/2477
f 2513/1855/2477 2515/1857/2479 2514/1856/2478
f 2516/1858/2480 2303/1669/2273 2517/1859/2481
f 2303/1669/2273 2516/1858/2480 2306/1672/2276
f 2518/1860/2482 2517/1859/2481 2519/1861/2483
f 2517/1859/2481 2518/1860/2482 2516/1858/2480
f 2520/1862/2484 2518/1860/2482 2519/1861/2483
f 2521/1863/2485 2518/1860/2482 2520/1862/2484
f 2520/1862/2484 2522/1864/2486 2521/1863/2485
f 2522/1864/2486 2520/1862/2484 2523/1865/2487
f 2524/1866/2488 2303/1669/2273 2314/1680/2284
f 2517/1859/2481 2303/1669/2273 2524/1866/2488
f 2519/1861/2483 2517/1859/2481 2525/1867/2489
f 2525/1867/2489 2526/1868/2490 2519/1861/2483
f 2520/1862/2484 2519/1861/2483 2526/1868/2490
f 2526/1868/2490 2527/1869/2491 2520/1862/2484
f 2523/1865/2487 2520/1862/2484 2527/1869/2491
f 2527/1869/2491 2528/1870/2492 2523/1865/2487
f 2529/1871/2493 2283/1649/2253 2501/1843/2465
f 2283/1649/2253 2529/1871/2493 2320/1686/2290
f 2530/1872/2494 2504/1846/2468 2506/1848/2470
f 2504/1846/2468 2530/1872/2494 2531/1873/2495
f 2531/1873/2495 2502/1844/2466 2504/1846/2468
f 2502/1844/2466 2531/1873/2495 2532/1874/2496
f 2532/1874/2496 2529/1871/2493 2502/1844/2466
f 2502/1844/2466 2529/1871/2493 2501/1843/2465
f 2285/1651/2255 2533/1875/2497 2500/1842/2464
f 2533/1875/2497 2285/1651/2255 2325/1691/2295
f 2500/1842/2464 2534/1876/2498 2503/1845/2467
f 2534/1876/2498 2500/1842/2464 2533/1875/2497
f 2505/1847/2469 2534/1876/2498 2535/1877/2499
f 2534/1876/2498 2505/1847/2469 2503/1845/2467
f 2535/1877/2499 2507/1849/2471 2505/1847/2469
f 2507/1849/2471 2535/1877/2499 2536/1878/2500
f 2330/1696/2266 2509/1851/2473 2296/1662/2266
f 2509/1851/2473 2330/1696/2266 2537/1879/2501
f 2537/1879/2501 2511/1853/2475 2509/1851/2473
f 2511/1853/2475 2537/1879/2501 2538/1880/2475
f 2538/1880/2475 2513/1855/2477 2511/1853/2475
f 2513/1855/2477 2538/1880/2475 2539/1881/2477
f 2539/1881/2477 2515/1857/2479 2513/1855/2477
f 2515/1857/2479 2539/1881/2477 2540/1882/2502
f 2306/1672/2276 2537/1879/2501 2330/1696/2266
f 2537/1879/2501 2306/1672/2276 2516/1858/2480
f 2516/1858/2480 2538/1880/2475 2537/1879/2501
f 2538/1880/2475 2516/1858/2480 2518/1860/2482
f 2518/1860/2482 2539/1881/2477 2538/1880/2475
f 2539/1881/2477 2518/1860/2482 2521/1863/2485
f 2521/1863/2485 2540/1882/2502 2539/1881/2477
f 2540/1882/2502 2521/1863/2485 2522/1864/2486
f 2533/1875/2497 2325/1691/2295 2508/1850/2472
f 2508/1850/2472 2325/1691/2295 2294/1660/2264
f 2534/1876/2498 2508/1850/2472 2510/1852/2474
f 2508/1850/2472 2534/1876/2498 2533/1875/2497
f 2510/1852/2474 2535/1877/2499 2534/1876/2498
f 2535/1877/2499 2510/1852/2474 2512/1854/2476
f 2512/1854/2476 2536/1878/2500 2535/1877/2499
f 2536/1878/2500 2512/1854/2476 2514/1856/2478
f 2541/1883/2503 2542/1884/2504 2543/1885/2505
f 2542/1884/2504 2541/1883/2503 2544/1886/2506
f 2542/1884/2504 2545/1887/2507 2546/1888/2508
f 2545/1887/2507 2542/1884/2504 2547/1889/2509
f 2548/1890/2510 2545/1887/2507 2547/1889/2509
f 2547/1889/2509 2549/1891/2511 2548/1890/2510
f 2548/1890/2510 2549/1891/2511 2550/1892/2512
f 2551/1893/2513 2552/1894/2514 2544/1886/2506
f 2544/1886/2506 2552/1894/2514 2553/1895/2515
f 2554/1896/2516 2547/1889/2509 2542/1884/2504
f 2547/1889/2509 2554/1896/2516 2555/1897/2517
f 2555/1897/2517 2549/1891/2511 2547/1889/2509
f 2549/1891/2511 2555/1897/2517 2556/1898/2518
f 2557/1899/2519 2526/1868/2490 2525/1867/2489
f 2526/1868/2490 2557/1899/2519 2558/1900/2520
f 2558/1900/2520 2527/1869/2491 2526/1868/2490
f 2527/1869/2491 2558/1900/2520 2559/1901/2521
f 2559/1901/2521 2528/1870/2492 2527/1869/2491
f 2528/1870/2492 2559/1901/2521 2560/1902/2522
f 2561/1903/2523 2356/1722/2323 2562/1904/2524
f 2562/1904/2524 2356/1722/2323 2355/1721/2322
f 2562/1904/2524 2563/1905/2525 2561/1903/2523
f 2563/1905/2525 2562/1904/2524 2564/1906/2526
f 2562/1904/2524 2355/1721/2322 2361/1727/2328
f 2361/1727/2328 2565/1907/2527 2562/1904/2524
f 2564/1906/2526 2562/1904/2524 2565/1907/2527
f 2565/1907/2527 2566/1908/2528 2564/1906/2526
f 2366/1732/2333 2567/1909/2529 2365/1731/2332
f 2567/1909/2529 2366/1732/2333 2568/1910/2530
f 2569/1911/2531 2366/1732/2333 2368/1734/2335
f 2366/1732/2333 2569/1911/2531 2568/1910/2530
f 2569/1911/2531 2368/1734/2335 2570/1912/2532
f 2565/1907/2527 2361/1727/2328 2365/1731/2332
f 2566/1908/2528 2565/1907/2527 2567/1909/2529
f 2371/1737/2337 2571/1913/2533 2572/1912/2533
f 2571/1913/2533 2371/1737/2337 2370/1736/2337
f 2374/1736/2339 2376/1739/2341 2573/1913/2534
f 2376/1739/2341 2574/1914/2535 2575/1915/2536
f 2574/1914/2535 2376/1739/2341 2378/1741/2343
f 2565/1907/2527 2365/1731/2332 2567/1909/2529
f 2380/1743/2345 2576/1916/2537 2493/1838/2458
f 2561/1903/2523 2577/1917/2538 2578/1918/2539
f 2577/1917/2538 2561/1903/2523 2563/1905/2525
f 2579/1919/2540 2577/1917/2538 2580/1920/2541
f 2580/1920/2541 2581/1921/2542 2579/1919/2540
f 2582/1922/2543 2583/1923/2544 2580/1920/2541
f 2581/1921/2542 2580/1920/2541 2583/1923/2544
f 2581/1921/2542 2583/1923/2544 2584/1924/2545
f 2585/1925/2546 2586/1926/2547 2392/1755/2357
f 2586/1926/2547 2584/1924/2545 2583/1923/2544
f 2584/1924/2545 2586/1926/2547 2585/1925/2546
f 2578/1918/2539 2587/1927/2548 2561/1903/2523
f 2392/1755/2357 2588/1928/2549 2585/1925/2546
f 2588/1928/2549 2392/1755/2357 2396/1759/2361
f 2584/1924/2545 2585/1925/2546 2588/1928/2549
f 2588/1928/2549 2589/1929/2550 2584/1924/2545
f 2589/1929/2550 2590/1930/2551 2584/1924/2545
f 2581/1921/2542 2584/1924/2545 2590/1930/2551
f 2590/1930/2551 2591/1931/2552 2581/1921/2542
f 2579/1919/2540 2581/1921/2542 2591/1931/2552
f 2592/1932/2553 2579/1919/2540 2591/1931/2552
f 2578/1918/2539 2579/1919/2540 2592/1932/2553
f 2587/1927/2548 2592/1932/2553 2593/1933/2554
f 2592/1932/2553 2587/1927/2548 2578/1918/2539
f 2594/1934/2555 2587/1927/2548 2593/1933/2554
f 2593/1933/2554 2595/1935/2556 2594/1934/2555
f 2356/1722/2323 2594/1934/2555 2595/1935/2556
f 2595/1935/2556 2404/1767/2369 2356/1722/2323
f 2588/1928/2549 2396/1759/2361 2405/1768/2370
f 2405/1768/2370 2596/1936/2557 2588/1928/2549
f 2589/1929/2550 2588/1928/2549 2596/1936/2557
f 2596/1936/2557 2597/1937/2558 2589/1929/2550
f 2590/1930/2551 2589/1929/2550 2597/1937/2558
f 2597/1937/2558 2598/1938/2559 2590/1930/2551
f 2598/1938/2559 2591/1931/2552 2590/1930/2551
f 2591/1931/2552 2599/1939/2560 2592/1932/2553
f 2599/1939/2560 2591/1931/2552 2598/1938/2559
f 2593/1933/2554 2592/1932/2553 2599/1939/2560
f 2599/1939/2560 2600/1940/2561 2593/1933/2554
f 2404/1767/2369 2595/1935/2556 2576/1916/2537
f 2576/1916/2537 2380/1743/2345 2404/1767/2369
f 2595/1935/2556 2600/1940/2561 2576/1916/2537
f 2600/1940/2561 2595/1935/2556 2593/1933/2554
f 2599/1939/2560 2493/1838/2458 2600/1940/2561
f 2493/1838/2458 2576/1916/2537 2600/1940/2561
f 2578/1918/2539 2577/1917/2538 2579/1919/2540
f 2561/1903/2523 2594/1934/2555 2356/1722/2323
f 2561/1903/2523 2587/1927/2548 2594/1934/2555
f 2479/1832/2444 2492/1837/2457 2601/1941/2562
f 2492/1837/2457 2479/1832/2444 2480/1833/2445
f 2602/1942/2563 2603/1943/2564 2604/1944/2565
f 2604/1944/2565 2603/1943/2564 2605/1945/2566
f 2606/1946/2567 2607/1947/2568 2608/1948/2569
f 2608/1948/2569 2607/1947/2568 2609/1949/2570
f 2610/1950/2571 2606/1946/2567 2611/1951/2572
f 2611/1951/2572 2606/1946/2567 2608/1948/2569
f 2607/1947/2568 2602/1942/2563 2609/1949/2570
f 2609/1949/2570 2602/1942/2563 2604/1944/2565
f 2605/1945/2566 2612/1952/2573 2613/1953/2574
f 2612/1952/2573 2605/1945/2566 2603/1943/2564
f 2612/1952/2573 2614/1954/2575 2613/1953/2574
f 2613/1953/2574 2614/1954/2575 2615/1955/2576
f 2614/1954/2575 2616/1956/2577 2615/1955/2576
f 2615/1955/2576 2616/1956/2577 2617/1957/2578
f 2618/1958/2579 2619/1959/2580 2620/1960/2581
f 2620/1960/2581 2619/1959/2580 2621/1961/2582
f 2618/1958/2579 2622/1962/2583 2623/1963/2584
f 2622/1962/2583 2618/1958/2579 2620/1960/2581
f 2624/1964/2585 2621/1961/2582 2619/1959/2580
f 2621/1961/2582 2624/1964/2585 2625/1965/2586
f 2624/1964/2585 2626/1966/2587 2625/1965/2586
f 2626/1966/2587 2624/1964/2585 2627/1967/2588
f 2628/1893/2589 2627/1967/2588 2629/1894/2590
f 2627/1967/2588 2630/1968/2591 2629/1894/2590
f 2631/1969/2592 2632/1970/2593 2633/1971/2594
f 2633/1971/2594 2632/1970/2593 2634/1972/2595
f 2635/1973/2596 2636/1974/2597 2637/1975/2598
f 2635/1973/2596 2637/1975/2598 2638/1963/2599
f 2637/1975/2598 2631/1969/2592 2638/1963/2599
f 2638/1963/2599 2631/1969/2592 2633/1971/2594
f 2636/1974/2597 2639/1976/2600 2640/1977/2601
f 2639/1976/2600 2636/1974/2597 2635/1973/2596
f 2632/1970/2593 2641/1978/2602 2634/1972/2595
f 2634/1972/2595 2641/1978/2602 2642/1979/2603
f 2641/1978/2602 2643/1968/2604 2642/1979/2603
f 2643/1968/2604 2641/1978/2602 2644/1980/2605
f 2645/1971/2606 2619/1959/2580 2618/1958/2579
f 2619/1959/2580 2645/1971/2606 2646/1972/2607
f 2647/1981/2608 2621/1961/2582 2648/1982/2609
f 2621/1961/2582 2647/1981/2608 2620/1960/2581
f 2623/1963/2584 2622/1962/2583 2649/1973/2610
f 2618/1958/2579 2623/1963/2584 2645/1971/2606
f 2622/1962/2583 2650/1983/2611 2651/1984/2612
f 2650/1983/2611 2622/1962/2583 2620/1960/2581
f 2649/1973/2610 2652/1985/2613 2653/1976/2614
f 2652/1985/2613 2649/1973/2610 2622/1962/2583
f 2652/1985/2613 2622/1962/2583 2651/1984/2612
f 2620/1960/2581 2647/1981/2608 2650/1983/2611
f 2646/1972/2607 2624/1964/2585 2619/1959/2580
f 2624/1964/2585 2646/1972/2607 2654/1979/2615
f 2621/1961/2582 2625/1965/2586 2648/1982/2609
f 2648/1982/2609 2625/1965/2586 2655/1986/2616
f 2630/1968/2591 2624/1964/2585 2654/1979/2615
f 2624/1964/2585 2630/1968/2591 2627/1967/2588
f 2655/1986/2616 2626/1966/2587 2656/1987/2617
f 2626/1966/2587 2655/1986/2616 2625/1965/2586
f 2552/1894/2514 2643/1968/2604 2644/1980/2605
f 2657/1988/2618 2656/1987/2617 2626/1966/2587
f 2626/1966/2587 2658/1989/2619 2657/1988/2618
f 2627/1967/2588 2658/1989/2619 2626/1966/2587
f 2658/1989/2619 2627/1967/2588 2628/1893/2589
f 2616/1956/2577 2659/1990/2620 2617/1957/2578
f 2659/1990/2620 2660/1991/2621 2617/1957/2578
f 2660/1991/2621 2659/1990/2620 2525/1867/2489
f 2551/1893/2513 2541/1883/2503 2661/1989/2622
f 2662/1992/2623 2476/1829/2441 2414/1777/2379
f 2546/1888/2508 2557/1899/2519 2543/1885/2505
f 2558/1900/2520 2557/1899/2519 2546/1888/2508
f 2546/1888/2508 2545/1887/2507 2558/1900/2520
f 2559/1901/2521 2558/1900/2520 2545/1887/2507
f 2545/1887/2507 2548/1890/2510 2559/1901/2521
f 2560/1902/2522 2559/1901/2521 2548/1890/2510
f 2548/1890/2510 2550/1892/2512 2560/1902/2522
f 2663/1993/2624 2553/1895/2515 2552/1894/2514
f 2554/1896/2516 2544/1886/2506 2553/1895/2515
f 2544/1886/2506 2554/1896/2516 2542/1884/2504
f 2553/1895/2515 2663/1993/2624 2664/1994/2625
f 2517/1859/2481 2524/1866/2488 2525/1867/2489
f 2660/1991/2621 2525/1867/2489 2662/1992/2623
f 2662/1992/2623 2414/1777/2379 2660/1991/2621
f 2617/1957/2578 2414/1777/2379 2411/1774/2376
f 2414/1777/2379 2617/1957/2578 2660/1991/2621
f 2615/1955/2576 2617/1957/2578 2411/1774/2376
f 2615/1955/2576 2411/1774/2376 2601/1941/2562
f 2613/1953/2574 2615/1955/2576 2601/1941/2562
f 2613/1953/2574 2601/1941/2562 2492/1837/2457
f 2613/1953/2574 2491/1836/2456 2605/1945/2566
f 2491/1836/2456 2613/1953/2574 2492/1837/2457
f 2605/1945/2566 2499/1841/2463 2604/1944/2565
f 2499/1841/2463 2605/1945/2566 2491/1836/2456
f 2604/1944/2565 2586/1926/2547 2609/1949/2570
f 2586/1926/2547 2604/1944/2565 2499/1841/2463
f 2609/1949/2570 2583/1923/2544 2608/1948/2569
f 2586/1926/2547 2583/1923/2544 2609/1949/2570
f 2611/1951/2572 2608/1948/2569 2582/1922/2543
f 2583/1923/2544 2582/1922/2543 2608/1948/2569
f 2557/1899/2519 2659/1990/2620 2543/1885/2505
f 2659/1990/2620 2557/1899/2519 2525/1867/2489
f 2616/1956/2577 2541/1883/2503 2543/1885/2505
f 2616/1956/2577 2543/1885/2505 2659/1990/2620
f 2616/1956/2577 2661/1989/2622 2541/1883/2503
f 2616/1956/2577 2665/1988/2626 2661/1989/2622
f 2666/1987/2627 2665/1988/2626 2614/1954/2575
f 2616/1956/2577 2614/1954/2575 2665/1988/2626
f 2667/1986/2628 2666/1987/2627 2612/1952/2573
f 2612/1952/2573 2666/1987/2627 2614/1954/2575
f 2668/1982/2629 2667/1986/2628 2603/1943/2564
f 2603/1943/2564 2667/1986/2628 2612/1952/2573
f 2669/1981/2630 2668/1982/2629 2602/1942/2563
f 2602/1942/2563 2668/1982/2629 2603/1943/2564
f 2670/1983/2631 2669/1981/2630 2607/1947/2568
f 2607/1947/2568 2669/1981/2630 2602/1942/2563
f 2671/1984/2632 2670/1983/2631 2606/1946/2567
f 2606/1946/2567 2670/1983/2631 2607/1947/2568
f 2672/1985/2633 2671/1984/2632 2610/1950/2571
f 2610/1950/2571 2671/1984/2632 2606/1946/2567
f 2552/1894/2514 2644/1980/2605 2663/1993/2624
f 2543/1885/2505 2542/1884/2504 2546/1888/2508
f 2544/1886/2506 2541/1883/2503 2551/1893/2513
f 2553/1895/2515 2664/1994/2625 2554/1896/2516
f 2524/1866/2488 2314/1680/2284 2662/1992/2623
f 2476/1829/2441 2662/1992/2623 2314/1680/2284
f 2662/1992/2623 2525/1867/2489 2524/1866/2488
f 2392/1755/2357 2586/1926/2547 2499/1841/2463
f 2413/1776/2378 2601/1941/2562 2411/1774/2376
f 2601/1941/2562 2413/1776/2378 2479/1832/2444
f 2392/1755/2357 2499/1841/2463 2482/1835/2447
f 2596/1936/2557 2493/1838/2458 2597/1937/2558
f 2598/1938/2559 2493/1838/2458 2599/1939/2560
f 2597/1937/2558 2493/1838/2458 2598/1938/2559
f 2405/1768/2370 2493/1838/2458 2596/1936/2557
f 2570/1912/2532 2368/1734/2335 2494/1737/2459
f 2673/1995/2634 2571/1913/2533 2674/1996/2634
f 2571/1913/2533 2673/1995/2634 2572/1912/2533
f 2569/1911/2531 2570/1912/2532 2675/1995/2635
f 2573/1913/2534 2376/1739/2341 2575/1915/2536
f 2573/1913/2534 2575/1915/2536 2676/1996/2636
f 2476/1829/2441 2412/1775/2377 2414/1777/2379
f 2405/1768/2370 2381/1744/2346 2493/1838/2458
f 2677/1997/2637 2678/1998/2638 2679/1999/2639
f 2678/1998/2638 2677/1997/2637 2680/2000/2640
f 2681/2001/2641 2679/1999/2639 2682/2002/2642
f 2679/1999/2639 2681/2001/2641 2677/1997/2637
f 2683/2003/2643 2682/2002/2642 2684/2004/2644
f 2682/2002/2642 2683/2003/2643 2681/2001/2641
f 2113/1501/2087 2683/2003/2643 2112/1500/2086
f 2112/1500/2086 2683/2003/2643 2684/2004/2644
f 2685/2005/2645 2686/2006/2646 2687/2007/2647
f 2687/2007/2647 2686/2006/2646 2688/2008/2648
f 2689/2009/2649 2685/2005/2645 2690/2010/2650
f 2690/2010/2650 2685/2005/2645 2687/2007/2647
f 2691/2011/2651 2689/2009/2649 2692/2012/2652
f 2692/2012/2652 2689/2009/2649 2690/2010/2650
f 2120/1508/2094 2691/2011/2651 2121/1509/2095
f 2121/1509/2095 2691/2011/2651 2692/2012/2652
f 2693/2013/2653 2694/2014/2654 2695/2015/2655
f 2694/2014/2654 2693/2013/2653 2696/2016/2656
f 2697/2017/2657 2696/2016/2656 2693/2013/2653
f 2696/2016/2656 2697/2017/2657 2698/2018/2658
f 2699/2019/2659 2697/2017/2657 2700/2020/2660
f 2697/2017/2657 2699/2019/2659 2698/2018/2658
f 2128/1516/2102 2699/2019/2659 2700/2020/2660
f 2699/2019/2659 2128/1516/2102 2129/1517/2103
f 2694/2014/2654 2696/2016/2656 2701/2021/2661
f 2701/2021/2661 2702/2022/2662 2694/2014/2654
f 2703/2023/2663 2704/2024/2664 2698/2018/2658
f 2698/2018/2658 2704/2024/2664 2696/2016/2656
f 2705/2025/2665 2703/2023/2663 2699/2019/2659
f 2699/2019/2659 2703/2023/2663 2698/2018/2658
f 2134/1522/2108 2705/2025/2665 2129/1517/2103
f 2129/1517/2103 2705/2025/2665 2699/2019/2659
f 2706/2026/2666 2678/1998/2638 2707/2027/2667
f 2678/1998/2638 2706/2026/2666 2679/1999/2639
f 2708/2028/2668 2136/1524/2110 2112/1500/2086
f 2112/1500/2086 2684/2004/2644 2708/2028/2668
f 2708/2028/2668 2682/2002/2642 2709/2029/2669
f 2682/2002/2642 2708/2028/2668 2684/2004/2644
f 2706/2026/2666 2709/2029/2669 2682/2002/2642
f 2682/2002/2642 2679/1999/2639 2706/2026/2666
f 2680/2000/2640 2677/1997/2637 2710/2030/2670
f 2680/2000/2640 2710/2030/2670 2711/2031/2671
f 2681/2001/2641 2710/2030/2670 2677/1997/2637
f 2710/2030/2670 2681/2001/2641 2712/2032/2672
f 2683/2003/2643 2712/2032/2672 2681/2001/2641
f 2712/2032/2672 2683/2003/2643 2713/2033/2673
f 2113/1501/2087 2713/2033/2673 2683/2003/2643
f 2713/2033/2673 2113/1501/2087 2142/1530/2116
f 2685/2005/2645 2714/2034/2674 2686/2006/2646
f 2714/2034/2674 2685/2005/2645 2715/2035/2645
f 2689/2009/2649 2715/2035/2645 2685/2005/2645
f 2715/2035/2645 2689/2009/2649 2716/2036/2649
f 2691/2011/2651 2716/2036/2649 2689/2009/2649
f 2716/2036/2649 2691/2011/2651 2717/2037/2675
f 2120/1508/2094 2717/2037/2675 2691/2011/2651
f 2717/2037/2675 2120/1508/2094 2146/1534/2118
f 2715/2035/2645 2695/2015/2655 2714/2034/2674
f 2695/2015/2655 2715/2035/2645 2693/2013/2653
f 2716/2036/2649 2693/2013/2653 2715/2035/2645
f 2693/2013/2653 2716/2036/2649 2697/2017/2657
f 2717/2037/2675 2697/2017/2657 2716/2036/2649
f 2697/2017/2657 2717/2037/2675 2700/2020/2660
f 2146/1534/2118 2700/2020/2660 2717/2037/2675
f 2700/2020/2660 2146/1534/2118 2128/1516/2102
f 2711/2031/2671 2710/2030/2670 2687/2007/2647
f 2711/2031/2671 2687/2007/2647 2688/2008/2648
f 2710/2030/2670 2712/2032/2672 2690/2010/2650
f 2710/2030/2670 2690/2010/2650 2687/2007/2647
f 2712/2032/2672 2713/2033/2673 2692/2012/2652
f 2712/2032/2672 2692/2012/2652 2690/2010/2650
f 2142/1530/2116 2692/2012/2652 2713/2033/2673
f 2692/2012/2652 2142/1530/2116 2121/1509/2095
f 2718/2038/2676 2719/2039/2677 2720/2040/2678
f 2719/2039/2677 2718/2038/2676 2721/2041/2679
f 2718/2038/2676 2722/2042/2680 2723/2043/2681
f 2722/2042/2680 2718/2038/2676 2724/2044/2682
f 2725/2045/2683 2723/2043/2681 2722/2042/2680
f 2725/2045/2683 2156/1544/2128 2155/1543/2127
f 2155/1543/2127 2723/2043/2681 2725/2045/2683
f 2726/2046/2684 2727/2047/2685 2721/2041/2679
f 2726/2046/2684 2721/2041/2679 2728/2048/2686
f 2723/2043/2681 2729/2049/2687 2718/2038/2676
f 2729/2049/2687 2723/2043/2681 2730/2050/2688
f 2155/1543/2127 2730/2050/2688 2723/2043/2681
f 2730/2050/2688 2155/1543/2127 2162/1550/2134
f 2703/2023/2663 2731/2051/2689 2704/2024/2664
f 2731/2051/2689 2703/2023/2663 2732/2052/2690
f 2705/2025/2665 2732/2052/2690 2703/2023/2663
f 2732/2052/2690 2705/2025/2665 2733/2053/2691
f 2134/1522/2108 2733/2053/2691 2705/2025/2665
f 2733/2053/2691 2134/1522/2108 2166/1554/2138
f 2734/2054/2692 2735/2055/2693 2736/2056/2694
f 2735/2055/2693 2734/2054/2692 2737/2057/2695
f 2169/1557/2141 2734/2054/2692 2736/2056/2694
f 2734/2054/2692 2169/1557/2141 2170/1558/2142
f 2738/2058/2696 2739/2059/2697 2734/2054/2692
f 2734/2054/2692 2739/2059/2697 2737/2057/2695
f 2172/1560/2144 2738/2058/2696 2170/1558/2142
f 2170/1558/2142 2738/2058/2696 2734/2054/2692
f 2174/1562/2146 2740/2060/2698 2741/2061/2699
f 2740/2060/2698 2174/1562/2146 2173/1561/2145
f 2175/1563/2147 2742/2062/2700 2173/1561/2145
f 2740/2060/2698 2173/1561/2145 2742/2062/2700
f 2175/1563/2147 2743/2063/2701 2742/2062/2700
f 2738/2058/2696 2741/2061/2699 2739/2059/2697
f 2172/1560/2144 2174/1562/2146 2738/2058/2696
f 2744/2064/2702 2745/2065/2703 2746/2063/2702
f 2745/2065/2703 2744/2064/2702 2747/2066/2703
f 2748/2066/2704 2749/2064/2705 2750/2067/2706
f 2750/2067/2706 2181/1567/2152 2180/1566/2151
f 2750/2067/2706 2180/1566/2151 2751/2068/2707
f 2738/2058/2696 2174/1562/2146 2741/2061/2699
f 2752/2069/2708 2753/2070/2709 2754/2071/2710
f 2184/1570/2155 2736/2056/2694 2755/2072/2711
f 2736/2056/2694 2184/1570/2155 2169/1557/2141
f 2184/1570/2155 2756/2073/2712 2186/1572/2157
f 2186/1572/2157 2756/2073/2712 2757/2074/2713
f 2186/1572/2157 2758/2075/2714 2189/1575/2160
f 2186/1572/2157 2757/2074/2713 2758/2075/2714
f 2757/2074/2713 2759/2076/2715 2758/2075/2714
f 2760/2077/2716 2761/2078/2717 2762/2079/2718
f 2762/2079/2718 2759/2076/2715 2760/2077/2716
f 2759/2076/2715 2762/2079/2718 2758/2075/2714
f 2755/2072/2711 2736/2056/2694 2763/2080/2719
f 2764/2081/2720 2761/2078/2717 2760/2077/2716
f 2761/2078/2717 2764/2081/2720 2765/2082/2721
f 2764/2081/2720 2759/2076/2715 2766/2083/2722
f 2759/2076/2715 2764/2081/2720 2760/2077/2716
f 2767/2084/2723 2766/2083/2722 2759/2076/2715
f 2759/2076/2715 2757/2074/2713 2767/2084/2723
f 2768/2085/2724 2767/2084/2723 2757/2074/2713
f 2757/2074/2713 2756/2073/2712 2768/2085/2724
f 2769/2086/2725 2768/2085/2724 2756/2073/2712
f 2756/2073/2712 2755/2072/2711 2769/2086/2725
f 2763/2080/2719 2769/2086/2725 2755/2072/2711
f 2769/2086/2725 2763/2080/2719 2770/2087/2726
f 2771/2088/2727 2770/2087/2726 2772/2089/2728
f 2772/2089/2728 2770/2087/2726 2763/2080/2719
f 2771/2088/2727 2735/2055/2693 2773/2090/2729
f 2735/2055/2693 2771/2088/2727 2772/2089/2728
f 2774/2091/2730 2775/2092/2731 2764/2081/2720
f 2775/2092/2731 2765/2082/2721 2764/2081/2720
f 2764/2081/2720 2766/2083/2722 2774/2091/2730
f 2776/2093/2732 2774/2091/2730 2766/2083/2722
f 2766/2083/2722 2767/2084/2723 2776/2093/2732
f 2777/2094/2733 2776/2093/2732 2767/2084/2723
f 2777/2094/2733 2767/2084/2723 2768/2085/2724
f 2768/2085/2724 2778/2095/2734 2777/2094/2733
f 2778/2095/2734 2768/2085/2724 2769/2086/2725
f 2769/2086/2725 2770/2087/2726 2778/2095/2734
f 2779/2096/2735 2778/2095/2734 2770/2087/2726
f 2771/2088/2727 2773/2090/2729 2754/2071/2710
f 2752/2069/2708 2754/2071/2710 2773/2090/2729
f 2754/2071/2710 2779/2096/2735 2771/2088/2727
f 2779/2096/2735 2770/2087/2726 2771/2088/2727
f 2778/2095/2734 2779/2096/2735 2753/2070/2709
f 2753/2070/2709 2779/2096/2735 2754/2071/2710
f 2755/2072/2711 2756/2073/2712 2184/1570/2155
f 2736/2056/2694 2735/2055/2693 2772/2089/2728
f 2736/2056/2694 2772/2089/2728 2763/2080/2719
f 2780/2097/2736 2781/2098/2737 2782/2099/2738
f 2781/2098/2737 2780/2097/2736 2783/2100/2739
f 2784/2101/2740 2785/2102/2741 2786/2103/2742
f 2785/2102/2741 2784/2101/2740 2787/2104/2743
f 2788/2105/2744 2789/2106/2745 2790/2107/2746
f 2790/2107/2746 2791/2108/2747 2788/2105/2744
f 2789/2106/2745 2216/1602/2187 2217/1603/2188
f 2217/1603/2188 2790/2107/2746 2789/2106/2745
f 2787/2104/2743 2791/2108/2747 2785/2102/2741
f 2791/2108/2747 2787/2104/2743 2788/2105/2744
f 2792/2109/2748 2786/2103/2742 2793/2110/2749
f 2786/2103/2742 2792/2109/2748 2784/2101/2740
f 2794/2111/2750 2793/2110/2749 2795/2112/2751
f 2793/2110/2749 2794/2111/2750 2792/2109/2748
f 2796/2113/2752 2795/2112/2751 2797/2114/2753
f 2795/2112/2751 2796/2113/2752 2794/2111/2750
f 2798/2115/2754 2799/2116/2755 2800/2117/2756
f 2799/2116/2755 2801/2118/2757 2800/2117/2756
f 2802/2119/2758 2801/2118/2757 2803/2120/2759
f 2801/2118/2757 2802/2119/2758 2800/2117/2756
f 2798/2115/2754 2804/2121/2760 2805/2122/2761
f 2805/2122/2761 2799/2116/2755 2798/2115/2754
f 2806/2123/2762 2805/2122/2761 2807/2124/2763
f 2807/2124/2763 2805/2122/2761 2804/2121/2760
f 2806/2123/2762 2808/2047/2764 2809/2046/2765
f 2806/2123/2762 2809/2046/2765 2810/2125/2766
f 2811/2126/2767 2812/2127/2768 2813/2128/2769
f 2813/2128/2769 2814/2129/2770 2811/2126/2767
f 2815/2130/2771 2816/2131/2772 2817/2132/2773
f 2817/2132/2773 2816/2131/2772 2818/2120/2774
f 2811/2126/2767 2814/2129/2770 2818/2120/2774
f 2814/2129/2770 2817/2132/2773 2818/2120/2774
f 2245/1628/2216 2815/2130/2771 2246/1629/2217
f 2815/2130/2771 2245/1628/2216 2816/2131/2772
f 2812/2127/2768 2819/2133/2775 2820/2134/2776
f 2820/2134/2776 2813/2128/2769 2812/2127/2768
f 2820/2134/2776 2821/2125/2777 2822/2135/2778
f 2821/2125/2777 2820/2134/2776 2819/2133/2775
f 2799/2116/2755 2823/2126/2779 2801/2118/2757
f 2823/2126/2779 2799/2116/2755 2824/2127/2780
f 2798/2115/2754 2825/2136/2781 2826/2137/2782
f 2798/2115/2754 2800/2117/2756 2825/2136/2781
f 2803/2120/2759 2827/2131/2783 2802/2119/2758
f 2801/2118/2757 2823/2126/2779 2803/2120/2759
f 2802/2119/2758 2828/2138/2784 2800/2117/2756
f 2828/2138/2784 2802/2119/2758 2829/2139/2785
f 2258/1637/2229 2827/2131/2783 2259/1628/2230
f 2827/2131/2783 2258/1637/2229 2802/2119/2758
f 2258/1637/2229 2829/2139/2785 2802/2119/2758
f 2800/2117/2756 2828/2138/2784 2825/2136/2781
f 2805/2122/2761 2824/2127/2780 2799/2116/2755
f 2824/2127/2780 2805/2122/2761 2830/2133/2786
f 2826/2137/2782 2804/2121/2760 2798/2115/2754
f 2804/2121/2760 2826/2137/2782 2831/2140/2787
f 2810/2125/2766 2805/2122/2761 2806/2123/2762
f 2805/2122/2761 2810/2125/2766 2830/2133/2786
f 2807/2124/2763 2831/2140/2787 2832/2141/2788
f 2831/2140/2787 2807/2124/2763 2804/2121/2760
f 2726/2046/2684 2822/2135/2778 2821/2125/2777
f 2833/2142/2789 2807/2124/2763 2834/2143/2790
f 2807/2124/2763 2832/2141/2788 2834/2143/2790
f 2833/2142/2789 2806/2123/2762 2807/2124/2763
f 2806/2123/2762 2833/2142/2789 2808/2047/2764
f 2835/2144/2791 2797/2114/2753 2836/2145/2792
f 2797/2114/2753 2835/2144/2791 2796/2113/2752
f 2836/2145/2792 2704/2024/2664 2835/2144/2791
f 2727/2047/2685 2837/2142/2793 2719/2039/2677
f 2838/2146/2794 2780/2097/2736 2839/2147/2795
f 2724/2044/2682 2720/2040/2678 2731/2051/2689
f 2722/2042/2680 2724/2044/2682 2732/2052/2690
f 2732/2052/2690 2724/2044/2682 2731/2051/2689
f 2725/2045/2683 2722/2042/2680 2733/2053/2691
f 2733/2053/2691 2722/2042/2680 2732/2052/2690
f 2156/1544/2128 2725/2045/2683 2166/1554/2138
f 2166/1554/2138 2725/2045/2683 2733/2053/2691
f 2840/2148/2796 2726/2046/2684 2728/2048/2686
f 2729/2049/2687 2721/2041/2679 2718/2038/2676
f 2721/2041/2679 2729/2049/2687 2728/2048/2686
f 2728/2048/2686 2841/2149/2797 2840/2148/2796
f 2696/2016/2656 2704/2024/2664 2701/2021/2661
f 2780/2097/2736 2838/2146/2794 2836/2145/2792
f 2704/2024/2664 2836/2145/2792 2838/2146/2794
f 2783/2100/2739 2780/2097/2736 2797/2114/2753
f 2836/2145/2792 2797/2114/2753 2780/2097/2736
f 2797/2114/2753 2795/2112/2751 2783/2100/2739
f 2783/2100/2739 2795/2112/2751 2842/2150/2798
f 2793/2110/2749 2842/2150/2798 2795/2112/2751
f 2842/2150/2798 2793/2110/2749 2843/2151/2799
f 2844/2152/2800 2843/2151/2799 2793/2110/2749
f 2793/2110/2749 2786/2103/2742 2844/2152/2800
f 2845/2153/2801 2844/2152/2800 2786/2103/2742
f 2786/2103/2742 2785/2102/2741 2845/2153/2801
f 2785/2102/2741 2762/2079/2718 2845/2153/2801
f 2762/2079/2718 2785/2102/2741 2791/2108/2747
f 2758/2075/2714 2762/2079/2718 2791/2108/2747
f 2791/2108/2747 2790/2107/2746 2758/2075/2714
f 2189/1575/2160 2790/2107/2746 2217/1603/2188
f 2189/1575/2160 2758/2075/2714 2790/2107/2746
f 2731/2051/2689 2835/2144/2791 2704/2024/2664
f 2835/2144/2791 2731/2051/2689 2720/2040/2678
f 2719/2039/2677 2796/2113/2752 2720/2040/2678
f 2835/2144/2791 2720/2040/2678 2796/2113/2752
f 2796/2113/2752 2719/2039/2677 2837/2142/2793
f 2796/2113/2752 2837/2142/2793 2846/2143/2802
f 2794/2111/2750 2796/2113/2752 2846/2143/2802
f 2846/2143/2802 2847/2141/2803 2794/2111/2750
f 2792/2109/2748 2794/2111/2750 2847/2141/2803
f 2847/2141/2803 2848/2140/2804 2792/2109/2748
f 2784/2101/2740 2792/2109/2748 2848/2140/2804
f 2848/2140/2804 2849/2137/2805 2784/2101/2740
f 2787/2104/2743 2784/2101/2740 2849/2137/2805
f 2849/2137/2805 2850/2136/2806 2787/2104/2743
f 2788/2105/2744 2787/2104/2743 2850/2136/2806
f 2850/2136/2806 2851/2138/2807 2788/2105/2744
f 2789/2106/2745 2851/2138/2807 2852/2139/2808
f 2851/2138/2807 2789/2106/2745 2788/2105/2744
f 2216/1602/2187 2852/2139/2808 2278/1637/2249
f 2852/2139/2808 2216/1602/2187 2789/2106/2745
f 2726/2046/2684 2840/2148/2796 2822/2135/2778
f 2720/2040/2678 2724/2044/2682 2718/2038/2676
f 2721/2041/2679 2727/2047/2685 2719/2039/2677
f 2728/2048/2686 2729/2049/2687 2841/2149/2797
f 2702/2022/2662 2838/2146/2794 2839/2147/2795
f 2702/2022/2662 2701/2021/2661 2838/2146/2794
f 2838/2146/2794 2701/2021/2661 2704/2024/2664
f 2761/2078/2717 2845/2153/2801 2762/2079/2718
f 2853/2154/2809 2843/2151/2799 2844/2152/2800
f 2843/2151/2799 2853/2154/2809 2854/2155/2810
f 2752/2069/2708 2855/2156/2811 2753/2070/2709
f 2774/2091/2730 2776/2093/2732 2753/2070/2709
f 2753/2070/2709 2776/2093/2732 2777/2094/2733
f 2753/2070/2709 2777/2094/2733 2778/2095/2734
f 2775/2092/2731 2774/2091/2730 2753/2070/2709
f 2743/2063/2701 2856/2065/2812 2742/2062/2700
f 2279/1647/2250 2744/2064/2702 2746/2063/2702
f 2744/2064/2702 2279/1647/2250 2280/1648/2250
f 2175/1563/2147 2281/1647/2251 2743/2063/2701
f 2749/2064/2705 2181/1567/2152 2750/2067/2706
f 2749/2064/2705 2282/1648/2252 2181/1567/2152
f 2844/2152/2800 2857/2157/2813 2853/2154/2809
f 2857/2157/2813 2844/2152/2800 2845/2153/2801
f 2858/2158/2814 2678/1998/2638 2680/2000/2640
f 2858/2158/2814 2680/2000/2640 2859/2159/2815
f 2860/2160/2816 2858/2158/2814 2859/2159/2815
f 2860/2160/2816 2859/2159/2815 2861/2161/2817
f 2862/2162/2818 2860/2160/2816 2861/2161/2817
f 2862/2162/2818 2861/2161/2817 2863/2163/2819
f 2863/2163/2819 2292/1658/2262 2862/2162/2818
f 2292/1658/2262 2863/2163/2819 2291/1657/2261
f 2688/2008/2648 2864/2164/2820 2865/2165/2821
f 2864/2164/2820 2688/2008/2648 2686/2006/2646
f 2865/2165/2821 2866/2166/2822 2867/2167/2823
f 2866/2166/2822 2865/2165/2821 2864/2164/2820
f 2867/2167/2823 2868/2168/2824 2869/2169/2825
f 2868/2168/2824 2867/2167/2823 2866/2166/2822
f 2302/1668/2272 2869/2169/2825 2868/2168/2824
f 2868/2168/2824 2301/1667/2271 2302/1668/2272
f 2694/2014/2654 2870/2170/2826 2695/2015/2655
f 2870/2170/2826 2694/2014/2654 2871/2171/2827
f 2871/2171/2827 2872/2172/2828 2870/2170/2826
f 2872/2172/2828 2871/2171/2827 2873/2173/2829
f 2873/2173/2829 2874/2174/2830 2872/2172/2828
f 2874/2174/2830 2873/2173/2829 2875/2175/2831
f 2875/2175/2831 2312/1678/2282 2874/2174/2830
f 2312/1678/2282 2875/2175/2831 2311/1677/2281
f 2876/2176/2832 2694/2014/2654 2702/2022/2662
f 2871/2171/2827 2694/2014/2654 2876/2176/2832
f 2871/2171/2827 2877/2177/2833 2873/2173/2829
f 2877/2177/2833 2871/2171/2827 2878/2178/2834
f 2873/2173/2829 2879/2179/2835 2875/2175/2831
f 2879/2179/2835 2873/2173/2829 2877/2177/2833
f 2311/1677/2281 2875/2175/2831 2879/2179/2835
f 2879/2179/2835 2318/1684/2288 2311/1677/2281
f 2678/1998/2638 2880/2180/2836 2707/2027/2667
f 2880/2180/2836 2678/1998/2638 2858/2158/2814
f 2881/2181/2837 2292/1658/2262 2322/1688/2292
f 2292/1658/2262 2881/2181/2837 2862/2162/2818
f 2860/2160/2816 2881/2181/2837 2882/2182/2838
f 2881/2181/2837 2860/2160/2816 2862/2162/2818
f 2858/2158/2814 2860/2160/2816 2880/2180/2836
f 2880/2180/2836 2860/2160/2816 2882/2182/2838
f 2859/2159/2815 2680/2000/2640 2883/2183/2839
f 2680/2000/2640 2711/2031/2671 2883/2183/2839
f 2861/2161/2817 2859/2159/2815 2884/2184/2840
f 2859/2159/2815 2883/2183/2839 2884/2184/2840
f 2863/2163/2819 2861/2161/2817 2885/2185/2841
f 2861/2161/2817 2884/2184/2840 2885/2185/2841
f 2291/1657/2261 2885/2185/2841 2328/1694/2298
f 2885/2185/2841 2291/1657/2261 2863/2163/2819
f 2714/2034/2674 2886/2186/2820 2686/2006/2646
f 2686/2006/2646 2886/2186/2820 2864/2164/2820
f 2886/2186/2820 2887/2187/2822 2864/2164/2820
f 2864/2164/2820 2887/2187/2822 2866/2166/2822
f 2887/2187/2822 2888/2188/2842 2866/2166/2822
f 2866/2166/2822 2888/2188/2842 2868/2168/2824
f 2888/2188/2842 2301/1667/2271 2868/2168/2824
f 2301/1667/2271 2888/2188/2842 2333/1699/2300
f 2695/2015/2655 2870/2170/2826 2714/2034/2674
f 2714/2034/2674 2870/2170/2826 2886/2186/2820
f 2870/2170/2826 2872/2172/2828 2886/2186/2820
f 2886/2186/2820 2872/2172/2828 2887/2187/2822
f 2872/2172/2828 2874/2174/2830 2887/2187/2822
f 2887/2187/2822 2874/2174/2830 2888/2188/2842
f 2874/2174/2830 2333/1699/2300 2888/2188/2842
f 2333/1699/2300 2874/2174/2830 2312/1678/2282
f 2688/2008/2648 2865/2165/2821 2711/2031/2671
f 2883/2183/2839 2711/2031/2671 2865/2165/2821
f 2865/2165/2821 2867/2167/2823 2883/2183/2839
f 2884/2184/2840 2883/2183/2839 2867/2167/2823
f 2867/2167/2823 2869/2169/2825 2884/2184/2840
f 2885/2185/2841 2884/2184/2840 2869/2169/2825
f 2869/2169/2825 2328/1694/2298 2885/2185/2841
f 2328/1694/2298 2869/2169/2825 2302/1668/2272
f 2889/2189/2843 2890/2190/2844 2891/2191/2845
f 2890/2190/2844 2892/2192/2846 2891/2191/2845
f 2892/2192/2846 2893/2193/2847 2894/2194/2848
f 2893/2193/2847 2892/2192/2846 2895/2195/2849
f 2896/2196/2850 2893/2193/2847 2895/2195/2849
f 2343/1709/2310 2896/2196/2850 2342/1708/2309
f 2896/2196/2850 2895/2195/2849 2342/1708/2309
f 2897/2197/2851 2898/2198/2852 2890/2190/2844
f 2890/2190/2844 2898/2198/2852 2899/2199/2853
f 2900/2200/2854 2901/2201/2855 2892/2192/2846
f 2895/2195/2849 2892/2192/2846 2901/2201/2855
f 2901/2201/2855 2342/1708/2309 2895/2195/2849
f 2342/1708/2309 2901/2201/2855 2349/1715/2316
f 2902/2202/2856 2903/2203/2857 2878/2178/2834
f 2878/2178/2834 2903/2203/2857 2877/2177/2833
f 2903/2203/2857 2904/2204/2858 2877/2177/2833
f 2877/2177/2833 2904/2204/2858 2879/2179/2835
f 2904/2204/2858 2318/1684/2288 2879/2179/2835
f 2318/1684/2288 2904/2204/2858 2353/1719/2320
f 2737/2057/2695 2905/2205/2859 2735/2055/2693
f 2906/2206/2860 2735/2055/2693 2905/2205/2859
f 2905/2205/2859 2358/1724/2325 2906/2206/2860
f 2358/1724/2325 2905/2205/2859 2359/1725/2326
f 2737/2057/2695 2907/2207/2861 2905/2205/2859
f 2907/2207/2861 2737/2057/2695 2739/2059/2697
f 2359/1725/2326 2905/2205/2859 2907/2207/2861
f 2907/2207/2861 2362/1728/2329 2359/1725/2326
f 2740/2060/2698 2364/1730/2331 2741/2061/2699
f 2363/1729/2330 2741/2061/2699 2364/1730/2331
f 2740/2060/2698 2367/1733/2334 2364/1730/2331
f 2367/1733/2334 2740/2060/2698 2742/2062/2700
f 2367/1733/2334 2742/2062/2700 2908/2208/2862
f 2907/2207/2861 2739/2059/2697 2741/2061/2699
f 2362/1728/2329 2907/2207/2861 2363/1729/2330
f 2909/2208/2863 2745/2065/2703 2910/2209/2863
f 2745/2065/2703 2747/2066/2703 2910/2209/2863
f 2748/2066/2704 2750/2067/2706 2911/2209/2864
f 2751/2068/2707 2377/1740/2342 2750/2067/2706
f 2379/1742/2344 2750/2067/2706 2377/1740/2342
f 2907/2207/2861 2741/2061/2699 2363/1729/2330
f 2752/2069/2708 2912/2210/2865 2855/2156/2811
f 2383/1746/2348 2906/2206/2860 2358/1724/2325
f 2906/2206/2860 2383/1746/2348 2913/2211/2866
f 2914/2212/2867 2383/1746/2348 2386/1749/2351
f 2386/1749/2351 2915/2213/2868 2914/2212/2867
f 2916/2214/2869 2386/1749/2351 2389/1752/2354
f 2915/2213/2868 2386/1749/2351 2916/2214/2869
f 2915/2213/2868 2916/2214/2869 2917/2215/2870
f 2918/2216/2871 2919/2217/2872 2761/2078/2717
f 2917/2215/2870 2919/2217/2872 2918/2216/2871
f 2919/2217/2872 2917/2215/2870 2916/2214/2869
f 2913/2211/2866 2920/2218/2873 2906/2206/2860
f 2765/2082/2721 2921/2219/2874 2761/2078/2717
f 2918/2216/2871 2761/2078/2717 2921/2219/2874
f 2917/2215/2870 2921/2219/2874 2922/2220/2875
f 2921/2219/2874 2917/2215/2870 2918/2216/2871
f 2923/2221/2876 2917/2215/2870 2922/2220/2875
f 2917/2215/2870 2923/2221/2876 2915/2213/2868
f 2923/2221/2876 2924/2222/2877 2915/2213/2868
f 2915/2213/2868 2924/2222/2877 2914/2212/2867
f 2924/2222/2877 2925/2223/2878 2914/2212/2867
f 2914/2212/2867 2925/2223/2878 2913/2211/2866
f 2925/2223/2878 2920/2218/2873 2913/2211/2866
f 2920/2218/2873 2925/2223/2878 2926/2224/2879
f 2927/2225/2880 2926/2224/2879 2928/2226/2881
f 2926/2224/2879 2927/2225/2880 2920/2218/2873
f 2735/2055/2693 2928/2226/2881 2773/2090/2729
f 2928/2226/2881 2735/2055/2693 2927/2225/2880
f 2921/2219/2874 2765/2082/2721 2775/2092/2731
f 2921/2219/2874 2775/2092/2731 2929/2227/2882
f 2922/2220/2875 2921/2219/2874 2929/2227/2882
f 2929/2227/2882 2930/2228/2883 2922/2220/2875
f 2923/2221/2876 2922/2220/2875 2930/2228/2883
f 2930/2228/2883 2931/2229/2884 2923/2221/2876
f 2931/2229/2884 2924/2222/2877 2923/2221/2876
f 2924/2222/2877 2932/2230/2885 2925/2223/2878
f 2932/2230/2885 2924/2222/2877 2931/2229/2884
f 2926/2224/2879 2932/2230/2885 2933/2231/2886
f 2932/2230/2885 2926/2224/2879 2925/2223/2878
f 2773/2090/2729 2912/2210/2865 2752/2069/2708
f 2912/2210/2865 2773/2090/2729 2928/2226/2881
f 2933/2231/2886 2912/2210/2865 2928/2226/2881
f 2928/2226/2881 2926/2224/2879 2933/2231/2886
f 2932/2230/2885 2855/2156/2811 2933/2231/2886
f 2855/2156/2811 2912/2210/2865 2933/2231/2886
f 2913/2211/2866 2383/1746/2348 2914/2212/2867
f 2906/2206/2860 2927/2225/2880 2735/2055/2693
f 2906/2206/2860 2920/2218/2873 2927/2225/2880
f 2934/2232/2887 2842/2150/2798 2854/2155/2810
f 2842/2150/2798 2843/2151/2799 2854/2155/2810
f 2935/2233/2888 2936/2234/2889 2937/2235/2890
f 2937/2235/2890 2936/2234/2889 2938/2236/2891
f 2939/2237/2892 2940/2238/2893 2941/2239/2894
f 2941/2239/2894 2940/2238/2893 2942/2240/2895
f 2423/1786/2388 2939/2237/2892 2424/1787/2389
f 2424/1787/2389 2939/2237/2892 2941/2239/2894
f 2940/2238/2893 2935/2233/2888 2942/2240/2895
f 2942/2240/2895 2935/2233/2888 2937/2235/2890
f 2938/2236/2891 2943/2241/2896 2944/2242/2897
f 2943/2241/2896 2938/2236/2891 2936/2234/2889
f 2943/2241/2896 2945/2243/2898 2944/2242/2897
f 2944/2242/2897 2945/2243/2898 2946/2244/2899
f 2945/2243/2898 2947/2245/2900 2946/2244/2899
f 2946/2244/2899 2947/2245/2900 2948/2246/2901
f 2949/2247/2902 2950/2248/2903 2951/2249/2904
f 2951/2249/2904 2950/2248/2903 2952/2250/2905
f 2949/2247/2902 2953/2251/2906 2954/2252/2907
f 2953/2251/2906 2949/2247/2902 2951/2249/2904
f 2955/2253/2908 2952/2250/2905 2950/2248/2903
f 2952/2250/2905 2955/2253/2908 2956/2254/2909
f 2955/2253/2908 2957/2255/2910 2956/2254/2909
f 2957/2255/2910 2955/2253/2908 2958/2256/2911
f 2959/2197/2912 2958/2256/2911 2960/2198/2913
f 2960/2198/2913 2958/2256/2911 2961/2257/2914
f 2962/2258/2915 2963/2259/2916 2964/2260/2917
f 2964/2260/2917 2963/2259/2916 2965/2261/2918
f 2966/2262/2919 2967/2263/2920 2968/2264/2921
f 2966/2262/2919 2968/2264/2921 2969/2252/2922
f 2968/2264/2921 2962/2258/2915 2969/2252/2922
f 2969/2252/2922 2962/2258/2915 2964/2260/2917
f 2453/1813/2418 2452/1812/2417 2967/2263/2920
f 2453/1813/2418 2967/2263/2920 2966/2262/2919
f 2963/2259/2916 2970/2265/2923 2965/2261/2918
f 2965/2261/2918 2970/2265/2923 2971/2266/2924
f 2970/2265/2923 2972/2257/2925 2971/2266/2924
f 2972/2257/2925 2970/2265/2923 2973/2267/2926
f 2950/2248/2903 2974/2260/2927 2975/2261/2928
f 2974/2260/2927 2950/2248/2903 2949/2247/2902
f 2976/2268/2929 2977/2269/2930 2952/2250/2905
f 2951/2249/2904 2952/2250/2905 2977/2269/2930
f 2954/2252/2907 2953/2251/2906 2978/2262/2931
f 2949/2247/2902 2954/2252/2907 2974/2260/2927
f 2953/2251/2906 2951/2249/2904 2979/2270/2932
f 2953/2251/2906 2979/2270/2932 2980/2271/2933
f 2465/1821/2430 2978/2262/2931 2953/2251/2906
f 2978/2262/2931 2465/1821/2430 2466/1813/2431
f 2465/1821/2430 2953/2251/2906 2980/2271/2933
f 2951/2249/2904 2977/2269/2930 2979/2270/2932
f 2955/2253/2908 2975/2261/2928 2981/2266/2934
f 2975/2261/2928 2955/2253/2908 2950/2248/2903
f 2982/2272/2935 2976/2268/2929 2956/2254/2909
f 2956/2254/2909 2976/2268/2929 2952/2250/2905
f 2961/2257/2914 2955/2253/2908 2981/2266/2934
f 2955/2253/2908 2961/2257/2914 2958/2256/2911
f 2956/2254/2909 2983/2273/2936 2982/2272/2935
f 2983/2273/2936 2956/2254/2909 2957/2255/2910
f 2898/2198/2852 2972/2257/2925 2973/2267/2926
f 2984/2274/2937 2983/2273/2936 2957/2255/2910
f 2957/2255/2910 2985/2275/2938 2984/2274/2937
f 2958/2256/2911 2985/2275/2938 2957/2255/2910
f 2985/2275/2938 2958/2256/2911 2959/2197/2912
f 2947/2245/2900 2986/2276/2939 2948/2246/2901
f 2986/2276/2939 2987/2277/2940 2948/2246/2901
f 2987/2277/2940 2986/2276/2939 2878/2178/2834
f 2897/2197/2851 2889/2189/2843 2988/2275/2941
f 2989/2278/2942 2839/2147/2795 2782/2099/2738
f 2894/2194/2848 2902/2202/2856 2891/2191/2845
f 2902/2202/2856 2893/2193/2847 2903/2203/2857
f 2893/2193/2847 2902/2202/2856 2894/2194/2848
f 2903/2203/2857 2896/2196/2850 2904/2204/2858
f 2896/2196/2850 2903/2203/2857 2893/2193/2847
f 2353/1719/2320 2904/2204/2858 2896/2196/2850
f 2896/2196/2850 2343/1709/2310 2353/1719/2320
f 2990/2279/2943 2899/2199/2853 2898/2198/2852
f 2890/2190/2844 2900/2200/2854 2892/2192/2846
f 2900/2200/2854 2890/2190/2844 2899/2199/2853
f 2899/2199/2853 2990/2279/2943 2991/2280/2944
f 2871/2171/2827 2876/2176/2832 2878/2178/2834
f 2987/2277/2940 2878/2178/2834 2989/2278/2942
f 2989/2278/2942 2782/2099/2738 2987/2277/2940
f 2948/2246/2901 2987/2277/2940 2782/2099/2738
f 2782/2099/2738 2781/2098/2737 2948/2246/2901
f 2946/2244/2899 2948/2246/2901 2781/2098/2737
f 2781/2098/2737 2934/2232/2887 2946/2244/2899
f 2944/2242/2897 2946/2244/2899 2934/2232/2887
f 2934/2232/2887 2854/2155/2810 2944/2242/2897
f 2938/2236/2891 2944/2242/2897 2853/2154/2809
f 2854/2155/2810 2853/2154/2809 2944/2242/2897
f 2853/2154/2809 2857/2157/2813 2938/2236/2891
f 2857/2157/2813 2937/2235/2890 2938/2236/2891
f 2937/2235/2890 2919/2217/2872 2942/2240/2895
f 2919/2217/2872 2937/2235/2890 2857/2157/2813
f 2941/2239/2894 2942/2240/2895 2916/2214/2869
f 2919/2217/2872 2916/2214/2869 2942/2240/2895
f 2941/2239/2894 2389/1752/2354 2424/1787/2389
f 2916/2214/2869 2389/1752/2354 2941/2239/2894
f 2986/2276/2939 2902/2202/2856 2878/2178/2834
f 2902/2202/2856 2986/2276/2939 2891/2191/2845
f 2947/2245/2900 2889/2189/2843 2891/2191/2845
f 2947/2245/2900 2891/2191/2845 2986/2276/2939
f 2947/2245/2900 2988/2275/2941 2889/2189/2843
f 2947/2245/2900 2992/2274/2945 2988/2275/2941
f 2993/2273/2946 2992/2274/2945 2945/2243/2898
f 2947/2245/2900 2945/2243/2898 2992/2274/2945
f 2994/2272/2947 2993/2273/2946 2943/2241/2896
f 2943/2241/2896 2993/2273/2946 2945/2243/2898
f 2995/2268/2948 2994/2272/2947 2936/2234/2889
f 2936/2234/2889 2994/2272/2947 2943/2241/2896
f 2996/2269/2949 2995/2268/2948 2935/2233/2888
f 2935/2233/2888 2995/2268/2948 2936/2234/2889
f 2997/2270/2950 2996/2269/2949 2940/2238/2893
f 2940/2238/2893 2996/2269/2949 2935/2233/2888
f 2998/2271/2951 2997/2270/2950 2939/2237/2892
f 2939/2237/2892 2997/2270/2950 2940/2238/2893
f 2490/1821/2455 2998/2271/2951 2423/1786/2388
f 2423/1786/2388 2998/2271/2951 2939/2237/2892
f 2898/2198/2852 2973/2267/2926 2990/2279/2943
f 2891/2191/2845 2892/2192/2846 2894/2194/2848
f 2890/2190/2844 2889/2189/2843 2897/2197/2851
f 2899/2199/2853 2991/2280/2944 2900/2200/2854
f 2989/2278/2942 2702/2022/2662 2839/2147/2795
f 2876/2176/2832 2702/2022/2662 2989/2278/2942
f 2989/2278/2942 2878/2178/2834 2876/2176/2832
f 2761/2078/2717 2919/2217/2872 2857/2157/2813
f 2781/2098/2737 2783/2100/2739 2934/2232/2887
f 2783/2100/2739 2842/2150/2798 2934/2232/2887
f 2761/2078/2717 2857/2157/2813 2845/2153/2801
f 2929/2227/2882 2855/2156/2811 2930/2228/2883
f 2931/2229/2884 2855/2156/2811 2932/2230/2885
f 2930/2228/2883 2855/2156/2811 2931/2229/2884
f 2775/2092/2731 2855/2156/2811 2929/2227/2882
f 2908/2208/2862 2742/2062/2700 2856/2065/2812
f 2495/1839/2460 2910/2209/2863 2496/1840/2460
f 2910/2209/2863 2495/1839/2460 2909/2208/2863
f 2367/1733/2334 2908/2208/2862 2497/1839/2461
f 2911/2209/2864 2750/2067/2706 2379/1742/2344
f 2911/2209/2864 2379/1742/2344 2498/1840/2462
f 2839/2147/2795 2780/2097/2736 2782/2099/2738
f 2775/2092/2731 2753/2070/2709 2855/2156/2811
f 2999/2281/2952 3000/2282/2953 3001/2283/2954
f 3000/2282/2953 2999/2281/2952 3002/2284/2955
f 2999/2281/2952 3003/2285/2956 3004/2286/2957
f 3003/2285/2956 2999/2281/2952 3001/2283/2954
f 3004/2286/2957 3005/2287/2958 3006/2288/2959
f 3005/2287/2958 3004/2286/2957 3003/2285/2956
f 3006/2288/2959 2506/1848/2470 2507/1849/2471
f 2506/1848/2470 3006/2288/2959 3005/2287/2958
f 3007/2289/2960 3008/2290/2961 3009/2291/2962
f 3009/2291/2962 3008/2290/2961 3010/2292/2963
f 3011/2293/2964 3007/2289/2960 3012/2294/2965
f 3012/2294/2965 3007/2289/2960 3009/2291/2962
f 3013/2295/2966 3011/2293/2964 3014/2296/2967
f 3014/2296/2967 3011/2293/2964 3012/2294/2965
f 3013/2295/2966 2514/1856/2478 2515/1857/2479
f 2514/1856/2478 3013/2295/2966 3014/2296/2967
f 3015/2297/2968 3016/2298/2969 3017/2299/2970
f 3016/2298/2969 3015/2297/2968 3018/2300/2971
f 3017/2299/2970 3019/2301/2972 3020/2302/2973
f 3019/2301/2972 3017/2299/2970 3016/2298/2969
f 3021/2303/2974 3020/2302/2973 3019/2301/2972
f 3021/2303/2974 3019/2301/2972 3022/2304/2975
f 3021/2303/2974 2522/1864/2486 2523/1865/2487
f 2522/1864/2486 3021/2303/2974 3022/2304/2975
f 3015/2297/2968 3017/2299/2970 3023/2305/2976
f 3023/2305/2976 3024/2306/2977 3015/2297/2968
f 3025/2307/2978 3026/2308/2979 3020/2302/2973
f 3020/2302/2973 3026/2308/2979 3017/2299/2970
f 3027/2309/2980 3025/2307/2978 3021/2303/2974
f 3021/2303/2974 3025/2307/2978 3020/2302/2973
f 2528/1870/2492 3027/2309/2980 2523/1865/2487
f 2523/1865/2487 3027/2309/2980 3021/2303/2974
f 3000/2282/2953 3028/2310/2981 3001/2283/2954
f 3028/2310/2981 3000/2282/2953 3029/2311/2982
f 3030/2312/2983 2506/1848/2470 3005/2287/2958
f 2506/1848/2470 3030/2312/2983 2530/1872/2494
f 3003/2285/2956 3030/2312/2983 3005/2287/2958
f 3030/2312/2983 3003/2285/2956 3031/2313/2984
f 3028/2310/2981 3003/2285/2956 3001/2283/2954
f 3003/2285/2956 3028/2310/2981 3031/2313/2984
f 3032/2314/2985 3033/2315/2986 3002/2284/2955
f 3032/2314/2985 3002/2284/2955 2999/2281/2952
f 3034/2316/2987 3032/2314/2985 2999/2281/2952
f 3034/2316/2987 2999/2281/2952 3004/2286/2957
f 3034/2316/2987 3006/2288/2959 3035/2317/2988
f 3006/2288/2959 3034/2316/2987 3004/2286/2957
f 3035/2317/2988 2507/1849/2471 2536/1878/2500
f 2507/1849/2471 3035/2317/2988 3006/2288/2959
f 3007/2289/2960 3036/2318/2961 3008/2290/2961
f 3036/2318/2961 3007/2289/2960 3037/2319/2989
f 3011/2293/2964 3037/2319/2989 3007/2289/2960
f 3037/2319/2989 3011/2293/2964 3038/2320/2964
f 3013/2295/2966 3038/2320/2964 3011/2293/2964
f 3038/2320/2964 3013/2295/2966 3039/2321/2966
f 2515/1857/2479 3039/2321/2966 3013/2295/2966
f 3039/2321/2966 2515/1857/2479 2540/1882/2502
f 3037/2319/2989 3018/2300/2971 3036/2318/2961
f 3018/2300/2971 3037/2319/2989 3016/2298/2969
f 3038/2320/2964 3016/2298/2969 3037/2319/2989
f 3016/2298/2969 3038/2320/2964 3019/2301/2972
f 3039/2321/2966 3019/2301/2972 3038/2320/2964
f 3019/2301/2972 3039/2321/2966 3022/2304/2975
f 2540/1882/2502 3022/2304/2975 3039/2321/2966
f 3022/2304/2975 2540/1882/2502 2522/1864/2486
f 3033/2315/2986 3032/2314/2985 3009/2291/2962
f 3009/2291/2962 3010/2292/2963 3033/2315/2986
f 3032/2314/2985 3034/2316/2987 3012/2294/2965
f 3012/2294/2965 3009/2291/2962 3032/2314/2985
f 3014/2296/2967 3012/2294/2965 3034/2316/2987
f 3014/2296/2967 3034/2316/2987 3035/2317/2988
f 3014/2296/2967 2536/1878/2500 2514/1856/2478
f 2536/1878/2500 3014/2296/2967 3035/2317/2988
f 3040/2322/2990 3041/2323/2991 3042/2324/2992
f 3041/2323/2991 3040/2322/2990 3043/2325/2993
f 3041/2323/2991 3044/2326/2994 3045/2327/2995
f 3044/2326/2994 3041/2323/2991 3046/2328/2996
f 3047/2329/2997 3045/2327/2995 3044/2326/2994
f 2549/1891/2511 3045/2327/2995 3047/2329/2997
f 2549/1891/2511 3047/2329/2997 2550/1892/2512
f 3048/2330/2998 3042/2324/2992 3049/2331/2999
f 3042/2324/2992 3048/2330/2998 3050/2332/3000
f 3045/2327/2995 3051/2333/3001 3041/2323/2991
f 3051/2333/3001 3045/2327/2995 3052/2334/3002
f 2549/1891/2511 3052/2334/3002 3045/2327/2995
f 3052/2334/3002 2549/1891/2511 2556/1898/2518
f 3025/2307/2978 3053/2335/3003 3026/2308/2979
f 3053/2335/3003 3025/2307/2978 3054/2336/3004
f 3027/2309/2980 3054/2336/3004 3025/2307/2978
f 3054/2336/3004 3027/2309/2980 3055/2337/3005
f 2528/1870/2492 3055/2337/3005 3027/2309/2980
f 3055/2337/3005 2528/1870/2492 2560/1902/2522
f 3056/2338/3006 3057/2339/3007 3058/2340/3008
f 3057/2339/3007 3056/2338/3006 3059/2341/3009
f 3057/2339/3007 2563/1905/2525 2564/1906/2526
f 2563/1905/2525 3057/2339/3007 3059/2341/3009
f 3060/2342/3010 3061/2343/3011 3057/2339/3007
f 3057/2339/3007 3061/2343/3011 3058/2340/3008
f 3060/2342/3010 2564/1906/2526 2566/1908/2528
f 2564/1906/2526 3060/2342/3010 3057/2339/3007
f 2567/1909/2529 3062/2344/3012 3063/2345/3013
f 3062/2344/3012 2567/1909/2529 2568/1910/2530
f 2569/1911/2531 3062/2344/3012 2568/1910/2530
f 3062/2344/3012 2569/1911/2531 3064/2346/3014
f 2569/1911/2531 3065/2347/3015 3064/2346/3014
f 3060/2342/3010 3063/2345/3013 3061/2343/3011
f 2566/1908/2528 2567/1909/2529 3060/2342/3010
f 3066/2348/3016 3067/2349/3017 3068/2350/3016
f 3067/2349/3017 3066/2348/3016 3069/2347/3017
f 3070/2350/3018 3071/2349/3019 3072/2351/3020
f 2574/1914/2535 3073/2352/3021 3072/2351/3020
f 2574/1914/2535 3072/2351/3020 2575/1915/2536
f 3060/2342/3010 2567/1909/2529 3063/2345/3013
f 3074/2353/3022 3075/2354/3023 3076/2355/3024
f 2577/1917/2538 3059/2341/3009 3077/2356/3025
f 3059/2341/3009 2577/1917/2538 2563/1905/2525
f 3078/2357/3026 2580/1920/2541 3079/2358/3027
f 2577/1917/2538 3079/2358/3027 2580/1920/2541
f 2580/1920/2541 3078/2357/3026 3080/2359/3028
f 2580/1920/2541 3080/2359/3028 2582/1922/2543
f 3078/2357/3026 3081/2360/3029 3080/2359/3028
f 3082/2361/3030 3083/2362/3031 3084/2363/3032
f 3084/2363/3032 3081/2360/3029 3082/2361/3030
f 3081/2360/3029 3084/2363/3032 3080/2359/3028
f 3077/2356/3025 3059/2341/3009 3085/2364/3033
f 3083/2362/3031 3082/2361/3030 3086/2365/3034
f 3083/2362/3031 3086/2365/3034 3087/2366/3035
f 3082/2361/3030 3081/2360/3029 3086/2365/3034
f 3081/2360/3029 3088/2367/3036 3086/2365/3034
f 3081/2360/3029 3078/2357/3026 3089/2368/3037
f 3081/2360/3029 3089/2368/3037 3088/2367/3036
f 3078/2357/3026 3079/2358/3027 3090/2369/3038
f 3078/2357/3026 3090/2369/3038 3089/2368/3037
f 3091/2370/3039 3090/2369/3038 3079/2358/3027
f 3079/2358/3027 3077/2356/3025 3091/2370/3039
f 3091/2370/3039 3085/2364/3033 3092/2371/3040
f 3085/2364/3033 3091/2370/3039 3077/2356/3025
f 3092/2371/3040 3093/2372/3041 3094/2373/3042
f 3085/2364/3033 3093/2372/3041 3092/2371/3040
f 3095/2374/3043 3094/2373/3042 3056/2338/3006
f 3093/2372/3041 3056/2338/3006 3094/2373/3042
f 3096/2375/3044 3097/2376/3045 3086/2365/3034
f 3097/2376/3045 3087/2366/3035 3086/2365/3034
f 3086/2365/3034 3088/2367/3036 3096/2375/3044
f 3098/2377/3046 3096/2375/3044 3088/2367/3036
f 3088/2367/3036 3089/2368/3037 3098/2377/3046
f 3099/2378/3047 3098/2377/3046 3089/2368/3037
f 3099/2378/3047 3089/2368/3037 3090/2369/3038
f 3090/2369/3038 3100/2379/3048 3099/2378/3047
f 3100/2379/3048 3090/2369/3038 3091/2370/3039
f 3091/2370/3039 3092/2371/3040 3100/2379/3048
f 3100/2379/3048 3092/2371/3040 3101/2380/3049
f 3094/2373/3042 3095/2374/3043 3076/2355/3024
f 3076/2355/3024 3095/2374/3043 3074/2353/3022
f 3092/2371/3040 3094/2373/3042 3101/2380/3049
f 3101/2380/3049 3094/2373/3042 3076/2355/3024
f 3100/2379/3048 3101/2380/3049 3075/2354/3023
f 3075/2354/3023 3101/2380/3049 3076/2355/3024
f 3077/2356/3025 3079/2358/3027 2577/1917/2538
f 3059/2341/3009 3056/2338/3006 3093/2372/3041
f 3059/2341/3009 3093/2372/3041 3085/2364/3033
f 3102/2381/3050 3103/2382/3051 3104/2383/3052
f 3103/2382/3051 3102/2381/3050 3105/2384/3053
f 3106/2385/3054 3107/2386/3055 3108/2387/3056
f 3108/2387/3056 3109/2388/3057 3106/2385/3054
f 3110/2389/3058 3111/2390/3059 3112/2391/3060
f 3111/2390/3059 3110/2389/3058 3113/2392/3061
f 3113/2392/3061 2611/1951/2572 3111/2390/3059
f 2611/1951/2572 3113/2392/3061 2610/1950/2571
f 3107/2386/3055 3110/2389/3058 3112/2391/3060
f 3112/2391/3060 3108/2387/3056 3107/2386/3055
f 3109/2388/3057 3114/2393/3062 3106/2385/3054
f 3114/2393/3062 3109/2388/3057 3115/2394/3063
f 3116/2395/3064 3114/2393/3062 3115/2394/3063
f 3115/2394/3063 3117/2396/3065 3116/2395/3064
f 3118/2397/3066 3116/2395/3064 3117/2396/3065
f 3117/2396/3065 3119/2398/3067 3118/2397/3066
f 3120/2399/3068 3121/2400/3069 3122/2401/3070
f 3121/2400/3069 3120/2399/3068 3123/2402/3071
f 3120/2399/3068 3122/2401/3070 3124/2403/3072
f 3122/2401/3070 3125/2404/3073 3124/2403/3072
f 3123/2402/3071 3126/2405/3074 3121/2400/3069
f 3126/2405/3074 3123/2402/3071 3127/2406/3075
f 3126/2405/3074 3127/2406/3075 3128/2407/3076
f 3126/2405/3074 3128/2407/3076 3129/2408/3077
f 3129/2408/3077 3130/2330/3078 3131/2409/3079
f 3129/2408/3077 3132/2332/3080 3130/2330/3078
f 3133/2410/3081 3134/2411/3082 3135/2412/3083
f 3134/2411/3082 3133/2410/3081 3136/2413/3084
f 3137/2414/3085 3138/2415/3086 3139/2416/3087
f 3139/2416/3087 3138/2415/3086 3140/2404/3088
f 3139/2416/3087 3140/2404/3088 3135/2412/3083
f 3135/2412/3083 3140/2404/3088 3133/2410/3081
f 2640/1977/2601 2639/1976/2600 3137/2414/3085
f 3138/2415/3086 3137/2414/3085 2639/1976/2600
f 3136/2413/3084 3141/2417/3089 3134/2411/3082
f 3141/2417/3089 3136/2413/3084 3142/2418/3090
f 3142/2418/3090 3143/2409/3091 3141/2417/3089
f 3143/2409/3091 3144/2419/3092 3141/2417/3089
f 3145/2410/3093 3121/2400/3069 3146/2413/3094
f 3121/2400/3069 3145/2410/3093 3122/2401/3070
f 3147/2420/3095 3148/2421/3096 3123/2402/3071
f 3147/2420/3095 3123/2402/3071 3120/2399/3068
f 3125/2404/3073 3149/2415/3097 3124/2403/3072
f 3122/2401/3070 3145/2410/3093 3125/2404/3073
f 3150/2422/3098 3124/2403/3072 3151/2423/3099
f 3124/2403/3072 3150/2422/3098 3120/2399/3068
f 2652/1985/2613 3149/2415/3097 2653/1976/2614
f 3149/2415/3097 2652/1985/2613 3124/2403/3072
f 2652/1985/2613 3151/2423/3099 3124/2403/3072
f 3120/2399/3068 3150/2422/3098 3147/2420/3095
f 3146/2413/3094 3126/2405/3074 3152/2418/3100
f 3126/2405/3074 3146/2413/3094 3121/2400/3069
f 3127/2406/3075 3123/2402/3071 3148/2421/3096
f 3148/2421/3096 3153/2424/3101 3127/2406/3075
f 3126/2405/3074 3131/2409/3079 3152/2418/3100
f 3131/2409/3079 3126/2405/3074 3129/2408/3077
f 3153/2424/3101 3128/2407/3076 3127/2406/3075
f 3128/2407/3076 3153/2424/3101 3154/2425/3102
f 3048/2330/2998 3144/2419/3092 3143/2409/3091
f 3154/2425/3102 3155/2426/3103 3128/2407/3076
f 3156/2427/3104 3128/2407/3076 3155/2426/3103
f 3129/2408/3077 3156/2427/3104 3132/2332/3080
f 3156/2427/3104 3129/2408/3077 3128/2407/3076
f 3157/2428/3105 3118/2397/3066 3119/2398/3067
f 3119/2398/3067 3158/2429/3106 3157/2428/3105
f 3158/2429/3106 3026/2308/2979 3157/2428/3105
f 3050/2332/3000 3159/2427/3107 3040/2322/2990
f 3160/2430/3108 3102/2381/3050 3161/2431/3109
f 3046/2328/2996 3043/2325/2993 3053/2335/3003
f 3044/2326/2994 3046/2328/2996 3054/2336/3004
f 3054/2336/3004 3046/2328/2996 3053/2335/3003
f 3047/2329/2997 3044/2326/2994 3055/2337/3005
f 3055/2337/3005 3044/2326/2994 3054/2336/3004
f 2550/1892/2512 3047/2329/2997 2560/1902/2522
f 2560/1902/2522 3047/2329/2997 3055/2337/3005
f 3162/2432/3110 3048/2330/2998 3049/2331/2999
f 3051/2333/3001 3042/2324/2992 3041/2323/2991
f 3042/2324/2992 3051/2333/3001 3049/2331/2999
f 3049/2331/2999 3163/2433/3111 3162/2432/3110
f 3017/2299/2970 3026/2308/2979 3023/2305/2976
f 3026/2308/2979 3158/2429/3106 3160/2430/3108
f 3102/2381/3050 3160/2430/3108 3158/2429/3106
f 3158/2429/3106 3119/2398/3067 3102/2381/3050
f 3105/2384/3053 3102/2381/3050 3119/2398/3067
f 3164/2434/3112 3105/2384/3053 3117/2396/3065
f 3117/2396/3065 3105/2384/3053 3119/2398/3067
f 3165/2435/3113 3164/2434/3112 3115/2394/3063
f 3115/2394/3063 3164/2434/3112 3117/2396/3065
f 3166/2436/3114 3115/2394/3063 3109/2388/3057
f 3115/2394/3063 3166/2436/3114 3165/2435/3113
f 3167/2437/3115 3109/2388/3057 3108/2387/3056
f 3109/2388/3057 3167/2437/3115 3166/2436/3114
f 3108/2387/3056 3084/2363/3032 3167/2437/3115
f 3084/2363/3032 3108/2387/3056 3112/2391/3060
f 3080/2359/3028 3084/2363/3032 3112/2391/3060
f 3112/2391/3060 3111/2390/3059 3080/2359/3028
f 2582/1922/2543 3080/2359/3028 3111/2390/3059
f 2582/1922/2543 3111/2390/3059 2611/1951/2572
f 3053/2335/3003 3157/2428/3105 3026/2308/2979
f 3157/2428/3105 3053/2335/3003 3043/2325/2993
f 3043/2325/2993 3118/2397/3066 3157/2428/3105
f 3118/2397/3066 3043/2325/2993 3040/2322/2990
f 3118/2397/3066 3040/2322/2990 3159/2427/3107
f 3118/2397/3066 3159/2427/3107 3168/2426/3116
f 3116/2395/3064 3118/2397/3066 3168/2426/3116
f 3116/2395/3064 3168/2426/3116 3169/2425/3117
f 3114/2393/3062 3169/2425/3117 3170/2424/3118
f 3169/2425/3117 3114/2393/3062 3116/2395/3064
f 3106/2385/3054 3170/2424/3118 3171/2421/3119
f 3170/2424/3118 3106/2385/3054 3114/2393/3062
f 3107/2386/3055 3171/2421/3119 3172/2420/3120
f 3171/2421/3119 3107/2386/3055 3106/2385/3054
f 3110/2389/3058 3172/2420/3120 3173/2422/3121
f 3172/2420/3120 3110/2389/3058 3107/2386/3055
f 3110/2389/3058 3173/2422/3121 3113/2392/3061
f 3173/2422/3121 3174/2423/3122 3113/2392/3061
f 3113/2392/3061 3174/2423/3122 2610/1950/2571
f 3174/2423/3122 2672/1985/2633 2610/1950/2571
f 3048/2330/2998 3162/2432/3110 3144/2419/3092
f 3043/2325/2993 3046/2328/2996 3041/2323/2991
f 3042/2324/2992 3050/2332/3000 3040/2322/2990
f 3049/2331/2999 3051/2333/3001 3163/2433/3111
f 3024/2306/2977 3023/2305/2976 3160/2430/3108
f 3024/2306/2977 3160/2430/3108 3161/2431/3109
f 3160/2430/3108 3023/2305/2976 3026/2308/2979
f 3083/2362/3031 3167/2437/3115 3084/2363/3032
f 3166/2436/3114 3175/2438/3123 3165/2435/3113
f 3175/2438/3123 3166/2436/3114 3176/2439/3124
f 3074/2353/3022 3177/2440/3125 3075/2354/3023
f 3096/2375/3044 3098/2377/3046 3075/2354/3023
f 3075/2354/3023 3098/2377/3046 3099/2378/3047
f 3075/2354/3023 3099/2378/3047 3100/2379/3048
f 3097/2376/3045 3096/2375/3044 3075/2354/3023
f 3065/2347/3015 3178/2348/3126 3064/2346/3014
f 3067/2349/3017 2673/1995/2634 2674/1996/2634
f 2673/1995/2634 3067/2349/3017 3069/2347/3017
f 2569/1911/2531 2675/1995/2635 3065/2347/3015
f 3071/2349/3019 2575/1915/2536 3072/2351/3020
f 3071/2349/3019 2676/1996/2636 2575/1915/2536
f 3167/2437/3115 3179/2441/3127 3176/2439/3124
f 3167/2437/3115 3176/2439/3124 3166/2436/3114
f 3000/2282/2953 3180/2442/3128 3181/2443/3129
f 3180/2442/3128 3000/2282/2953 3002/2284/2955
f 3182/2444/3130 3181/2443/3129 3180/2442/3128
f 3180/2442/3128 3183/2445/3131 3182/2444/3130
f 3184/2446/3132 3182/2444/3130 3183/2445/3131
f 3183/2445/3131 3185/2447/3133 3184/2446/3132
f 3186/2448/3134 3184/2446/3132 3185/2447/3133
f 3185/2447/3133 3187/2449/3135 3186/2448/3134
f 3010/2292/2963 3188/2450/3136 3189/2451/3137
f 3188/2450/3136 3010/2292/2963 3008/2290/2961
f 3189/2451/3137 3190/2452/3138 3191/2453/3139
f 3190/2452/3138 3189/2451/3137 3188/2450/3136
f 3191/2453/3139 3192/2454/3140 3193/2455/3141
f 3192/2454/3140 3191/2453/3139 3190/2452/3138
f 3193/2455/3141 3194/2456/3142 3195/2457/3143
f 3194/2456/3142 3193/2455/3141 3192/2454/3140
f 3015/2297/2968 3196/2458/3144 3018/2300/2971
f 3196/2458/3144 3015/2297/2968 3197/2459/3145
f 3197/2459/3145 3198/2460/3146 3196/2458/3144
f 3198/2460/3146 3197/2459/3145 3199/2461/3147
f 3200/2462/3148 3198/2460/3146 3199/2461/3147
f 3198/2460/3146 3200/2462/3148 3201/2463/3149
f 3200/2462/3148 3202/2464/3150 3201/2463/3149
f 3202/2464/3150 3200/2462/3148 3203/2465/3151
f 3204/2466/3152 3015/2297/2968 3024/2306/2977
f 3197/2459/3145 3015/2297/2968 3204/2466/3152
f 3197/2459/3145 3205/2467/3153 3199/2461/3147
f 3205/2467/3153 3197/2459/3145 3206/2468/3154
f 3199/2461/3147 3207/2469/3155 3200/2462/3148
f 3207/2469/3155 3199/2461/3147 3205/2467/3153
f 3200/2462/3148 3208/2470/3156 3203/2465/3151
f 3208/2470/3156 3200/2462/3148 3207/2469/3155
f 3209/2471/3157 3000/2282/2953 3181/2443/3129
f 3000/2282/2953 3209/2471/3157 3029/2311/2982
f 3210/2472/3158 3211/2473/3159 3186/2448/3134
f 3186/2448/3134 3211/2473/3159 3184/2446/3132
f 3211/2473/3159 3182/2444/3130 3184/2446/3132
f 3182/2444/3130 3211/2473/3159 3212/2474/3160
f 3212/2474/3160 3209/2471/3157 3182/2444/3130
f 3182/2444/3130 3209/2471/3157 3181/2443/3129
f 3213/2475/3161 3002/2284/2955 3033/2315/2986
f 3002/2284/2955 3213/2475/3161 3180/2442/3128
f 3213/2475/3161 3183/2445/3131 3180/2442/3128
f 3183/2445/3131 3213/2475/3161 3214/2476/3162
f 3214/2476/3162 3185/2447/3133 3183/2445/3131
f 3185/2447/3133 3214/2476/3162 3215/2477/3163
f 3215/2477/3163 3187/2449/3135 3185/2447/3133
f 3187/2449/3135 3215/2477/3163 3216/2478/3164
f 3036/2318/2961 3217/2479/3136 3008/2290/2961
f 3008/2290/2961 3217/2479/3136 3188/2450/3136
f 3217/2479/3136 3218/2480/3138 3188/2450/3136
f 3188/2450/3136 3218/2480/3138 3190/2452/3138
f 3218/2480/3138 3219/2481/3140 3190/2452/3138
f 3190/2452/3138 3219/2481/3140 3192/2454/3140
f 3219/2481/3140 3220/2482/3142 3192/2454/3140
f 3192/2454/3140 3220/2482/3142 3194/2456/3142
f 3018/2300/2971 3196/2458/3144 3036/2318/2961
f 3036/2318/2961 3196/2458/3144 3217/2479/3136
f 3196/2458/3144 3198/2460/3146 3217/2479/3136
f 3217/2479/3136 3198/2460/3146 3218/2480/3138
f 3198/2460/3146 3201/2463/3149 3218/2480/3138
f 3218/2480/3138 3201/2463/3149 3219/2481/3140
f 3201/2463/3149 3202/2464/3150 3219/2481/3140
f 3219/2481/3140 3202/2464/3150 3220/2482/3142
f 3189/2451/3137 3033/2315/2986 3010/2292/2963
f 3033/2315/2986 3189/2451/3137 3213/2475/3161
f 3191/2453/3139 3213/2475/3161 3189/2451/3137
f 3213/2475/3161 3191/2453/3139 3214/2476/3162
f 3191/2453/3139 3215/2477/3163 3214/2476/3162
f 3215/2477/3163 3191/2453/3139 3193/2455/3141
f 3193/2455/3141 3216/2478/3164 3215/2477/3163
f 3216/2478/3164 3193/2455/3141 3195/2457/3143
f 3221/2483/3165 3222/2484/3166 3223/2485/3167
f 3222/2484/3166 3224/2486/3168 3223/2485/3167
f 3224/2486/3168 3225/2487/3169 3226/2488/3170
f 3225/2487/3169 3224/2486/3168 3227/2489/3171
f 3228/2490/3172 3225/2487/3169 3227/2489/3171
f 3227/2489/3171 3229/2491/3173 3228/2490/3172
f 3228/2490/3172 3229/2491/3173 3230/2492/3174
f 3231/2493/3175 3232/2494/3176 3222/2484/3166
f 3222/2484/3166 3232/2494/3176 3233/2495/3177
f 3234/2496/3178 3235/2497/3179 3224/2486/3168
f 3227/2489/3171 3224/2486/3168 3235/2497/3179
f 3235/2497/3179 3236/2498/3180 3227/2489/3171
f 3229/2491/3173 3227/2489/3171 3236/2498/3180
f 3237/2499/3181 3238/2500/3182 3206/2468/3154
f 3206/2468/3154 3238/2500/3182 3205/2467/3153
f 3238/2500/3182 3239/2501/3183 3205/2467/3153
f 3205/2467/3153 3239/2501/3183 3207/2469/3155
f 3239/2501/3183 3240/2502/3184 3207/2469/3155
f 3207/2469/3155 3240/2502/3184 3208/2470/3156
f 3241/2503/3185 3056/2338/3006 3058/2340/3008
f 3056/2338/3006 3241/2503/3185 3242/2504/3186
f 3241/2503/3185 3243/2505/3187 3242/2504/3186
f 3243/2505/3187 3241/2503/3185 3244/2506/3188
f 3058/2340/3008 3245/2507/3189 3241/2503/3185
f 3245/2507/3189 3058/2340/3008 3061/2343/3011
f 3241/2503/3185 3246/2508/3190 3244/2506/3188
f 3246/2508/3190 3241/2503/3185 3245/2507/3189
f 3062/2344/3012 3247/2509/3191 3063/2345/3013
f 3248/2510/3192 3063/2345/3013 3247/2509/3191
f 3062/2344/3012 3249/2511/3193 3247/2509/3191
f 3249/2511/3193 3062/2344/3012 3064/2346/3014
f 3249/2511/3193 3064/2346/3014 3250/2512/3194
f 3245/2507/3189 3061/2343/3011 3063/2345/3013
f 3246/2508/3190 3245/2507/3189 3248/2510/3192
f 3251/2513/3195 3066/2348/3016 3068/2350/3016
f 3066/2348/3016 3251/2513/3195 3252/2512/3195
f 3070/2350/3018 3072/2351/3020 3253/2513/3196
f 3254/2514/3197 3072/2351/3020 3073/2352/3021
f 3072/2351/3020 3254/2514/3197 3255/2515/3198
f 3245/2507/3189 3063/2345/3013 3248/2510/3192
f 3074/2353/3022 3256/2516/3199 3177/2440/3125
f 3242/2504/3186 3257/2517/3200 3258/2518/3201
f 3257/2517/3200 3242/2504/3186 3243/2505/3187
f 3259/2519/3202 3260/2520/3203 3261/2521/3204
f 3260/2520/3203 3259/2519/3202 3257/2517/3200
f 3261/2521/3204 3260/2520/3203 3262/2522/3205
f 3262/2522/3205 3260/2520/3203 3263/2523/3206
f 3261/2521/3204 3262/2522/3205 3264/2524/3207
f 3265/2525/3208 3266/2526/3209 3083/2362/3031
f 3266/2526/3209 3264/2524/3207 3262/2522/3205
f 3264/2524/3207 3266/2526/3209 3265/2525/3208
f 3258/2518/3201 3267/2527/3210 3242/2504/3186
f 3268/2528/3211 3083/2362/3031 3087/2366/3035
f 3265/2525/3208 3083/2362/3031 3268/2528/3211
f 3264/2524/3207 3265/2525/3208 3268/2528/3211
f 3264/2524/3207 3268/2528/3211 3269/2529/3212
f 3261/2521/3204 3264/2524/3207 3270/2530/3213
f 3270/2530/3213 3264/2524/3207 3269/2529/3212
f 3259/2519/3202 3261/2521/3204 3271/2531/3214
f 3271/2531/3214 3261/2521/3204 3270/2530/3213
f 3258/2518/3201 3259/2519/3202 3272/2532/3215
f 3272/2532/3215 3259/2519/3202 3271/2531/3214
f 3272/2532/3215 3267/2527/3210 3258/2518/3201
f 3267/2527/3210 3272/2532/3215 3273/2533/3216
f 3274/2534/3217 3267/2527/3210 3273/2533/3216
f 3274/2534/3217 3273/2533/3216 3275/2535/3218
f 3056/2338/3006 3274/2534/3217 3275/2535/3218
f 3056/2338/3006 3275/2535/3218 3095/2374/3043
f 3268/2528/3211 3087/2366/3035 3097/2376/3045
f 3097/2376/3045 3276/2536/3219 3268/2528/3211
f 3269/2529/3212 3276/2536/3219 3277/2537/3220
f 3269/2529/3212 3268/2528/3211 3276/2536/3219
f 3270/2530/3213 3277/2537/3220 3278/2538/3221
f 3270/2530/3213 3269/2529/3212 3277/2537/3220
f 3278/2538/3221 3271/2531/3214 3270/2530/3213
f 3271/2531/3214 3279/2539/3222 3272/2532/3215
f 3279/2539/3222 3271/2531/3214 3278/2538/3221
f 3273/2533/3216 3272/2532/3215 3279/2539/3222
f 3279/2539/3222 3280/2540/3223 3273/2533/3216
f 3095/2374/3043 3275/2535/3218 3256/2516/3199
f 3095/2374/3043 3256/2516/3199 3074/2353/3022
f 3280/2540/3223 3275/2535/3218 3273/2533/3216
f 3275/2535/3218 3280/2540/3223 3256/2516/3199
f 3279/2539/3222 3177/2440/3125 3280/2540/3223
f 3177/2440/3125 3256/2516/3199 3280/2540/3223
f 3258/2518/3201 3257/2517/3200 3259/2519/3202
f 3242/2504/3186 3274/2534/3217 3056/2338/3006
f 3242/2504/3186 3267/2527/3210 3274/2534/3217
f 3175/2438/3123 3164/2434/3112 3165/2435/3113
f 3164/2434/3112 3175/2438/3123 3281/2541/3224
f 3282/2542/3225 3283/2543/3226 3284/2544/3227
f 3284/2544/3227 3283/2543/3226 3285/2545/3228
f 3286/2546/3229 3287/2547/3230 3288/2548/3231
f 3288/2548/3231 3287/2547/3230 3289/2549/3232
f 3290/2550/3233 3286/2546/3229 3291/2551/3234
f 3291/2551/3234 3286/2546/3229 3288/2548/3231
f 3287/2547/3230 3282/2542/3225 3289/2549/3232
f 3289/2549/3232 3282/2542/3225 3284/2544/3227
f 3285/2545/3228 3292/2552/3235 3293/2553/3236
f 3292/2552/3235 3285/2545/3228 3283/2543/3226
f 3292/2552/3235 3294/2554/3237 3293/2553/3236
f 3293/2553/3236 3294/2554/3237 3295/2555/3238
f 3294/2554/3237 3296/2556/3239 3295/2555/3238
f 3295/2555/3238 3296/2556/3239 3297/2557/3240
f 3298/2558/3241 3299/2559/3242 3300/2560/3243
f 3300/2560/3243 3299/2559/3242 3301/2561/3244
f 3298/2558/3241 3302/2562/3245 3303/2563/3246
f 3302/2562/3245 3298/2558/3241 3300/2560/3243
f 3304/2564/3247 3301/2561/3244 3299/2559/3242
f 3301/2561/3244 3304/2564/3247 3305/2565/3248
f 3304/2564/3247 3306/2566/3249 3305/2565/3248
f 3306/2566/3249 3304/2564/3247 3307/2567/3250
f 3308/2493/3251 3307/2567/3250 3309/2494/3252
f 3309/2494/3252 3307/2567/3250 3310/2568/3253
f 3311/2569/3254 3312/2570/3255 3313/2571/3256
f 3313/2571/3256 3312/2570/3255 3314/2572/3257
f 3315/2573/3258 3316/2574/3259 3317/2575/3260
f 3315/2573/3258 3317/2575/3260 3318/2563/3261
f 3317/2575/3260 3311/2569/3254 3318/2563/3261
f 3318/2563/3261 3311/2569/3254 3313/2571/3256
f 3319/2576/3262 3320/2577/3263 3316/2574/3259
f 3319/2576/3262 3316/2574/3259 3315/2573/3258
f 3312/2570/3255 3321/2578/3264 3314/2572/3257
f 3314/2572/3257 3321/2578/3264 3322/2579/3265
f 3321/2578/3264 3323/2568/3266 3322/2579/3265
f 3323/2568/3266 3321/2578/3264 3324/2580/3267
f 3325/2571/3268 3299/2559/3242 3298/2558/3241
f 3299/2559/3242 3325/2571/3268 3326/2572/3269
f 3300/2560/3243 3301/2561/3244 3327/2581/3270
f 3301/2561/3244 3328/2582/3271 3327/2581/3270
f 3303/2563/3246 3302/2562/3245 3329/2573/3272
f 3298/2558/3241 3303/2563/3246 3325/2571/3268
f 3302/2562/3245 3330/2583/3273 3331/2584/3274
f 3330/2583/3273 3302/2562/3245 3300/2560/3243
f 3332/2585/3275 3329/2573/3272 3302/2562/3245
f 3329/2573/3272 3332/2585/3275 3333/2576/3276
f 3332/2585/3275 3302/2562/3245 3331/2584/3274
f 3300/2560/3243 3327/2581/3270 3330/2583/3273
f 3326/2572/3269 3304/2564/3247 3299/2559/3242
f 3304/2564/3247 3326/2572/3269 3334/2579/3277
f 3335/2586/3278 3328/2582/3271 3305/2565/3248
f 3301/2561/3244 3305/2565/3248 3328/2582/3271
f 3304/2564/3247 3310/2568/3253 3307/2567/3250
f 3310/2568/3253 3304/2564/3247 3334/2579/3277
f 3305/2565/3248 3306/2566/3249 3336/2587/3279
f 3305/2565/3248 3336/2587/3279 3335/2586/3278
f 3232/2494/3176 3323/2568/3266 3324/2580/3267
f 3337/2588/3280 3336/2587/3279 3306/2566/3249
f 3306/2566/3249 3338/2589/3281 3337/2588/3280
f 3307/2567/3250 3338/2589/3281 3306/2566/3249
f 3338/2589/3281 3307/2567/3250 3308/2493/3251
f 3296/2556/3239 3339/2590/3282 3297/2557/3240
f 3339/2590/3282 3340/2591/3283 3297/2557/3240
f 3340/2591/3283 3339/2590/3282 3206/2468/3154
f 3231/2493/3175 3221/2483/3165 3341/2589/3284
f 3342/2592/3285 3161/2431/3109 3104/2383/3052
f 3226/2488/3170 3237/2499/3181 3223/2485/3167
f 3237/2499/3181 3225/2487/3169 3238/2500/3182
f 3225/2487/3169 3237/2499/3181 3226/2488/3170
f 3238/2500/3182 3228/2490/3172 3239/2501/3183
f 3228/2490/3172 3238/2500/3182 3225/2487/3169
f 3239/2501/3183 3230/2492/3174 3240/2502/3184
f 3230/2492/3174 3239/2501/3183 3228/2490/3172
f 3343/2593/3286 3233/2495/3177 3232/2494/3176
f 3222/2484/3166 3234/2496/3178 3224/2486/3168
f 3234/2496/3178 3222/2484/3166 3233/2495/3177
f 3233/2495/3177 3343/2593/3286 3344/2594/3287
f 3197/2459/3145 3204/2466/3152 3206/2468/3154
f 3340/2591/3283 3206/2468/3154 3342/2592/3285
f 3342/2592/3285 3104/2383/3052 3340/2591/3283
f 3297/2557/3240 3340/2591/3283 3104/2383/3052
f 3104/2383/3052 3103/2382/3051 3297/2557/3240
f 3295/2555/3238 3297/2557/3240 3103/2382/3051
f 3103/2382/3051 3281/2541/3224 3295/2555/3238
f 3293/2553/3236 3281/2541/3224 3175/2438/3123
f 3281/2541/3224 3293/2553/3236 3295/2555/3238
f 3285/2545/3228 3293/2553/3236 3176/2439/3124
f 3175/2438/3123 3176/2439/3124 3293/2553/3236
f 3284/2544/3227 3285/2545/3228 3179/2441/3127
f 3176/2439/3124 3179/2441/3127 3285/2545/3228
f 3266/2526/3209 3284/2544/3227 3179/2441/3127
f 3284/2544/3227 3266/2526/3209 3289/2549/3232
f 3288/2548/3231 3289/2549/3232 3262/2522/3205
f 3262/2522/3205 3289/2549/3232 3266/2526/3209
f 3262/2522/3205 3263/2523/3206 3288/2548/3231
f 3288/2548/3231 3263/2523/3206 3291/2551/3234
f 3339/2590/3282 3237/2499/3181 3206/2468/3154
f 3237/2499/3181 3339/2590/3282 3223/2485/3167
f 3221/2483/3165 3339/2590/3282 3296/2556/3239
f 3339/2590/3282 3221/2483/3165 3223/2485/3167
f 3296/2556/3239 3341/2589/3284 3221/2483/3165
f 3296/2556/3239 3345/2588/3288 3341/2589/3284
f 3346/2587/3289 3345/2588/3288 3294/2554/3237
f 3296/2556/3239 3294/2554/3237 3345/2588/3288
f 3347/2586/3290 3346/2587/3289 3292/2552/3235
f 3292/2552/3235 3346/2587/3289 3294/2554/3237
f 3348/2582/3291 3347/2586/3290 3283/2543/3226
f 3283/2543/3226 3347/2586/3290 3292/2552/3235
f 3349/2581/3292 3348/2582/3291 3282/2542/3225
f 3282/2542/3225 3348/2582/3291 3283/2543/3226
f 3350/2583/3293 3349/2581/3292 3287/2547/3230
f 3287/2547/3230 3349/2581/3292 3282/2542/3225
f 3351/2584/3294 3350/2583/3293 3286/2546/3229
f 3286/2546/3229 3350/2583/3293 3287/2547/3230
f 3352/2585/3295 3351/2584/3294 3290/2550/3233
f 3290/2550/3233 3351/2584/3294 3286/2546/3229
f 3232/2494/3176 3324/2580/3267 3343/2593/3286
f 3223/2485/3167 3224/2486/3168 3226/2488/3170
f 3222/2484/3166 3221/2483/3165 3231/2493/3175
f 3233/2495/3177 3344/2594/3287 3234/2496/3178
f 3342/2592/3285 3024/2306/2977 3161/2431/3109
f 3204/2466/3152 3024/2306/2977 3342/2592/3285
f 3342/2592/3285 3206/2468/3154 3204/2466/3152
f 3083/2362/3031 3266/2526/3209 3179/2441/3127
f 3281/2541/3224 3105/2384/3053 3164/2434/3112
f 3105/2384/3053 3281/2541/3224 3103/2382/3051
f 3083/2362/3031 3179/2441/3127 3167/2437/3115
f 3276/2536/3219 3177/2440/3125 3277/2537/3220
f 3277/2537/3220 3177/2440/3125 3278/2538/3221
f 3177/2440/3125 3279/2539/3222 3278/2538/3221
f 3097/2376/3045 3177/2440/3125 3276/2536/3219
f 3250/2512/3194 3064/2346/3014 3178/2348/3126
f 3251/2513/3195 3353/2595/3296 3252/2512/3195
f 3353/2595/3296 3251/2513/3195 3354/2596/3296
f 3249/2511/3193 3250/2512/3194 3355/2595/3297
f 3253/2513/3196 3072/2351/3020 3255/2515/3198
f 3253/2513/3196 3255/2515/3198 3356/2596/3298
f 3161/2431/3109 3102/2381/3050 3104/2383/3052
f 3097/2376/3045 3075/2354/3023 3177/2440/3125
f 3357/2597/3299 3358/2598/3300 3359/2599/3301
f 3360/2600/3302 3359/2599/3301 3358/2598/3300
f 3361/2601/3303 3357/2597/3299 3362/2602/3304
f 3359/2599/3301 3362/2602/3304 3357/2597/3299
f 3363/2603/3305 3361/2601/3303 3364/2604/3306
f 3362/2602/3304 3364/2604/3306 3361/2601/3303
f 3187/2449/3135 3363/2603/3305 3186/2448/3134
f 3186/2448/3134 3363/2603/3305 3364/2604/3306
f 3365/2605/3307 3366/2606/3308 3367/2607/3309
f 3366/2606/3308 3365/2605/3307 3368/2608/3310
f 3368/2608/3310 3369/2609/3311 3366/2606/3308
f 3369/2609/3311 3368/2608/3310 3370/2610/3312
f 3370/2610/3312 3371/2611/3313 3369/2609/3311
f 3371/2611/3313 3370/2610/3312 3372/2612/3314
f 3194/2456/3142 3371/2611/3313 3195/2457/3143
f 3195/2457/3143 3371/2611/3313 3372/2612/3314
f 3373/2613/3315 3374/2614/3316 3375/2615/3317
f 3374/2614/3316 3373/2613/3315 3376/2616/3318
f 3377/2617/3319 3376/2616/3318 3373/2613/3315
f 3376/2616/3318 3377/2617/3319 3378/2618/3320
f 3379/2619/3321 3378/2618/3320 3377/2617/3319
f 3378/2618/3320 3379/2619/3321 3380/2620/3322
f 3202/2464/3150 3380/2620/3322 3379/2619/3321
f 3380/2620/3322 3202/2464/3150 3203/2465/3151
f 3374/2614/3316 3381/2621/3323 3382/2622/3324
f 3374/2614/3316 3376/2616/3318 3381/2621/3323
f 3376/2616/3318 3383/2623/3325 3384/2624/3326
f 3383/2623/3325 3376/2616/3318 3378/2618/3320
f 3378/2618/3320 3385/2625/3327 3383/2623/3325
f 3385/2625/3327 3378/2618/3320 3380/2620/3322
f 3208/2470/3156 3385/2625/3327 3203/2465/3151
f 3203/2465/3151 3385/2625/3327 3380/2620/3322
f 3360/2600/3302 3386/2626/3328 3359/2599/3301
f 3386/2626/3328 3360/2600/3302 3387/2627/3329
f 3388/2628/3330 3186/2448/3134 3364/2604/3306
f 3186/2448/3134 3388/2628/3330 3210/2472/3158
f 3362/2602/3304 3388/2628/3330 3364/2604/3306
f 3388/2628/3330 3362/2602/3304 3389/2629/3331
f 3359/2599/3301 3389/2629/3331 3362/2602/3304
f 3389/2629/3331 3359/2599/3301 3386/2626/3328
f 3358/2598/3300 3357/2597/3299 3390/2630/3332
f 3358/2598/3300 3390/2630/3332 3391/2631/3333
f 3357/2597/3299 3361/2601/3303 3392/2632/3334
f 3357/2597/3299 3392/2632/3334 3390/2630/3332
f 3363/2603/3305 3392/2632/3334 3361/2601/3303
f 3392/2632/3334 3363/2603/3305 3393/2633/3335
f 3187/2449/3135 3393/2633/3335 3363/2603/3305
f 3393/2633/3335 3187/2449/3135 3216/2478/3164
f 3367/2607/3309 3394/2634/3336 3395/2635/3309
f 3394/2634/3336 3367/2607/3309 3366/2606/3308
f 3366/2606/3308 3396/2636/3311 3394/2634/3336
f 3396/2636/3311 3366/2606/3308 3369/2609/3311
f 3369/2609/3311 3397/2637/3337 3396/2636/3311
f 3397/2637/3337 3369/2609/3311 3371/2611/3313
f 3194/2456/3142 3397/2637/3337 3371/2611/3313
f 3397/2637/3337 3194/2456/3142 3220/2482/3142
f 3395/2635/3309 3373/2613/3315 3375/2615/3317
f 3373/2613/3315 3395/2635/3309 3394/2634/3336
f 3394/2634/3336 3377/2617/3319 3373/2613/3315
f 3377/2617/3319 3394/2634/3336 3396/2636/3311
f 3396/2636/3311 3379/2619/3321 3377/2617/3319
f 3379/2619/3321 3396/2636/3311 3397/2637/3337
f 3220/2482/3142 3379/2619/3321 3397/2637/3337
f 3379/2619/3321 3220/2482/3142 3202/2464/3150
f 3391/2631/3333 3390/2630/3332 3368/2608/3310
f 3391/2631/3333 3368/2608/3310 3365/2605/3307
f 3392/2632/3334 3368/2608/3310 3390/2630/3332
f 3368/2608/3310 3392/2632/3334 3370/2610/3312
f 3392/2632/3334 3393/2633/3335 3372/2612/3314
f 3392/2632/3334 3372/2612/3314 3370/2610/3312
f 3216/2478/3164 3372/2612/3314 3393/2633/3335
f 3372/2612/3314 3216/2478/3164 3195/2457/3143
f 3398/2638/3338 3399/2639/3339 3400/2640/3340
f 3399/2639/3339 3398/2638/3338 3401/2641/3341
f 3401/2641/3341 3402/2642/3342 3403/2643/3343
f 3402/2642/3342 3401/2641/3341 3404/2644/3344
f 3405/2645/3345 3403/2643/3343 3402/2642/3342
f 3405/2645/3345 3230/2492/3174 3229/2491/3173
f 3229/2491/3173 3403/2643/3343 3405/2645/3345
f 3399/2639/3339 3406/2646/3346 3407/2647/3347
f 3406/2646/3346 3399/2639/3339 3408/2648/3348
f 3401/2641/3341 3409/2649/3349 3410/2650/3350
f 3401/2641/3341 3403/2643/3343 3409/2649/3349
f 3229/2491/3173 3409/2649/3349 3403/2643/3343
f 3409/2649/3349 3229/2491/3173 3236/2498/3180
f 3384/2624/3326 3411/2651/3351 3412/2652/3352
f 3411/2651/3351 3384/2624/3326 3383/2623/3325
f 3383/2623/3325 3413/2653/3353 3411/2651/3351
f 3413/2653/3353 3383/2623/3325 3385/2625/3327
f 3208/2470/3156 3413/2653/3353 3385/2625/3327
f 3413/2653/3353 3208/2470/3156 3240/2502/3184
f 3414/2654/3354 3415/2655/3355 3416/2656/3356
f 3415/2655/3355 3414/2654/3354 3417/2657/3357
f 3243/2505/3187 3414/2654/3354 3416/2656/3356
f 3414/2654/3354 3243/2505/3187 3244/2506/3188
f 3417/2657/3357 3418/2658/3358 3419/2659/3359
f 3418/2658/3358 3417/2657/3357 3414/2654/3354
f 3246/2508/3190 3418/2658/3358 3244/2506/3188
f 3244/2506/3188 3418/2658/3358 3414/2654/3354
f 3420/2660/3360 3247/2509/3191 3421/2661/3361
f 3420/2660/3360 3248/2510/3192 3247/2509/3191
f 3249/2511/3193 3421/2661/3361 3247/2509/3191
f 3421/2661/3361 3249/2511/3193 3422/2662/3362
f 3249/2511/3193 3423/2663/3363 3422/2662/3362
f 3418/2658/3358 3420/2660/3360 3419/2659/3359
f 3246/2508/3190 3248/2510/3192 3418/2658/3358
f 3424/2664/3364 3425/2665/3365 3426/2663/3364
f 3425/2665/3365 3424/2664/3364 3427/2666/3365
f 3428/2666/3366 3429/2664/3367 3430/2667/3368
f 3430/2667/3368 3255/2515/3198 3254/2514/3197
f 3430/2667/3368 3254/2514/3197 3431/2668/3369
f 3418/2658/3358 3248/2510/3192 3420/2660/3360
f 3432/2669/3370 3433/2670/3371 3434/2671/3372
f 3257/2517/3200 3416/2656/3356 3435/2672/3373
f 3416/2656/3356 3257/2517/3200 3243/2505/3187
f 3260/2520/3203 3436/2673/3374 3437/2674/3375
f 3257/2517/3200 3436/2673/3374 3260/2520/3203
f 3260/2520/3203 3438/2675/3376 3263/2523/3206
f 3260/2520/3203 3437/2674/3375 3438/2675/3376
f 3437/2674/3375 3439/2676/3377 3438/2675/3376
f 3440/2677/3378 3441/2678/3379 3442/2679/3380
f 3442/2679/3380 3439/2676/3377 3440/2677/3378
f 3439/2676/3377 3442/2679/3380 3438/2675/3376
f 3435/2672/3373 3416/2656/3356 3443/2680/3381
f 3444/2681/3382 3441/2678/3379 3440/2677/3378
f 3441/2678/3379 3444/2681/3382 3445/2682/3383
f 3444/2681/3382 3439/2676/3377 3446/2683/3384
f 3439/2676/3377 3444/2681/3382 3440/2677/3378
f 3447/2684/3385 3446/2683/3384 3439/2676/3377
f 3439/2676/3377 3437/2674/3375 3447/2684/3385
f 3448/2685/3386 3447/2684/3385 3437/2674/3375
f 3437/2674/3375 3436/2673/3374 3448/2685/3386
f 3449/2686/3387 3448/2685/3386 3436/2673/3374
f 3436/2673/3374 3435/2672/3373 3449/2686/3387
f 3443/2680/3381 3449/2686/3387 3435/2672/3373
f 3449/2686/3387 3443/2680/3381 3450/2687/3388
f 3451/2688/3389 3450/2687/3388 3452/2689/3390
f 3452/2689/3390 3450/2687/3388 3443/2680/3381
f 3451/2688/3389 3415/2655/3355 3453/2690/3391
f 3415/2655/3355 3451/2688/3389 3452/2689/3390
f 3444/2681/3382 3454/2691/3392 3445/2682/3383
f 3455/2692/3393 3454/2691/3392 3444/2681/3382
f 3444/2681/3382 3446/2683/3384 3455/2692/3393
f 3456/2693/3394 3455/2692/3393 3446/2683/3384
f 3446/2683/3384 3447/2684/3385 3456/2693/3394
f 3457/2694/3395 3456/2693/3394 3447/2684/3385
f 3457/2694/3395 3447/2684/3385 3448/2685/3386
f 3448/2685/3386 3458/2695/3396 3457/2694/3395
f 3458/2695/3396 3448/2685/3386 3449/2686/3387
f 3449/2686/3387 3450/2687/3388 3458/2695/3396
f 3458/2695/3396 3450/2687/3388 3459/2696/3397
f 3451/2688/3389 3453/2690/3391 3434/2671/3372
f 3432/2669/3370 3434/2671/3372 3453/2690/3391
f 3434/2671/3372 3459/2696/3397 3451/2688/3389
f 3459/2696/3397 3450/2687/3388 3451/2688/3389
f 3458/2695/3396 3459/2696/3397 3433/2670/3371
f 3433/2670/3371 3459/2696/3397 3434/2671/3372
f 3435/2672/3373 3436/2673/3374 3257/2517/3200
f 3416/2656/3356 3415/2655/3355 3452/2689/3390
f 3416/2656/3356 3452/2689/3390 3443/2680/3381
f 3460/2697/3398 3461/2698/3399 3462/2699/3400
f 3460/2697/3398 3462/2699/3400 3463/2700/3401
f 3464/2701/3402 3465/2702/3403 3466/2703/3404
f 3465/2702/3403 3464/2701/3402 3467/2704/3405
f 3468/2705/3406 3469/2706/3407 3470/2707/3408
f 3469/2706/3407 3468/2705/3406 3471/2708/3409
f 3471/2708/3409 3291/2551/3234 3469/2706/3407
f 3291/2551/3234 3471/2708/3409 3290/2550/3233
f 3467/2704/3405 3470/2707/3408 3465/2702/3403
f 3470/2707/3408 3467/2704/3405 3468/2705/3406
f 3472/2709/3410 3466/2703/3404 3473/2710/3411
f 3466/2703/3404 3472/2709/3410 3464/2701/3402
f 3474/2711/3412 3473/2710/3411 3475/2712/3413
f 3473/2710/3411 3474/2711/3412 3472/2709/3410
f 3476/2713/3414 3474/2711/3412 3475/2712/3413
f 3475/2712/3413 3477/2714/3415 3476/2713/3414
f 3478/2715/3416 3479/2716/3417 3480/2717/3418
f 3480/2717/3418 3481/2718/3419 3478/2715/3416
f 3482/2719/3420 3478/2715/3416 3481/2718/3419
f 3481/2718/3419 3483/2720/3421 3482/2719/3420
f 3479/2716/3417 3484/2721/3422 3485/2722/3423
f 3485/2722/3423 3480/2717/3418 3479/2716/3417
f 3486/2723/3424 3485/2722/3423 3487/2724/3425
f 3487/2724/3425 3485/2722/3423 3484/2721/3422
f 3486/2723/3424 3488/2647/3426 3489/2646/3427
f 3489/2646/3427 3490/2725/3428 3486/2723/3424
f 3491/2726/3429 3492/2727/3430 3493/2728/3431
f 3493/2728/3431 3494/2729/3432 3491/2726/3429
f 3495/2730/3433 3496/2731/3434 3497/2732/3435
f 3497/2732/3435 3496/2731/3434 3498/2720/3436
f 3491/2726/3429 3494/2729/3432 3498/2720/3436
f 3494/2729/3432 3497/2732/3435 3498/2720/3436
f 3320/2577/3263 3319/2576/3262 3495/2730/3433
f 3496/2731/3434 3495/2730/3433 3319/2576/3262
f 3492/2727/3430 3499/2733/3437 3500/2734/3438
f 3500/2734/3438 3493/2728/3431 3492/2727/3430
f 3500/2734/3438 3501/2725/3439 3502/2735/3440
f 3501/2725/3439 3500/2734/3438 3499/2733/3437
f 3480/2717/3418 3503/2726/3441 3481/2718/3419
f 3503/2726/3441 3480/2717/3418 3504/2727/3442
f 3479/2716/3417 3505/2736/3443 3506/2737/3444
f 3479/2716/3417 3478/2715/3416 3505/2736/3443
f 3483/2720/3421 3507/2731/3445 3482/2719/3420
f 3481/2718/3419 3503/2726/3441 3483/2720/3421
f 3508/2738/3446 3482/2719/3420 3509/2739/3447
f 3478/2715/3416 3482/2719/3420 3508/2738/3446
f 3332/2585/3275 3507/2731/3445 3333/2576/3276
f 3507/2731/3445 3332/2585/3275 3482/2719/3420
f 3332/2585/3275 3509/2739/3447 3482/2719/3420
f 3478/2715/3416 3508/2738/3446 3505/2736/3443
f 3485/2722/3423 3504/2727/3442 3480/2717/3418
f 3504/2727/3442 3485/2722/3423 3510/2733/3448
f 3506/2737/3444 3484/2721/3422 3479/2716/3417
f 3484/2721/3422 3506/2737/3444 3511/2740/3449
f 3490/2725/3428 3485/2722/3423 3486/2723/3424
f 3485/2722/3423 3490/2725/3428 3510/2733/3448
f 3487/2724/3425 3484/2721/3422 3512/2741/3450
f 3512/2741/3450 3484/2721/3422 3511/2740/3449
f 3406/2646/3346 3502/2735/3440 3501/2725/3439
f 3513/2742/3451 3487/2724/3425 3512/2741/3450
f 3514/2743/3452 3487/2724/3425 3513/2742/3451
f 3486/2723/3424 3514/2743/3452 3488/2647/3426
f 3514/2743/3452 3486/2723/3424 3487/2724/3425
f 3515/2744/3453 3476/2713/3414 3477/2714/3415
f 3477/2714/3415 3516/2745/3454 3515/2744/3453
f 3516/2745/3454 3384/2624/3326 3515/2744/3453
f 3407/2647/3347 3517/2743/3455 3400/2640/3340
f 3518/2746/3456 3461/2698/3399 3519/2747/3457
f 3404/2644/3344 3398/2638/3338 3412/2652/3352
f 3412/2652/3352 3402/2642/3342 3404/2644/3344
f 3402/2642/3342 3412/2652/3352 3411/2651/3351
f 3411/2651/3351 3405/2645/3345 3402/2642/3342
f 3405/2645/3345 3411/2651/3351 3413/2653/3353
f 3230/2492/3174 3405/2645/3345 3240/2502/3184
f 3240/2502/3184 3405/2645/3345 3413/2653/3353
f 3520/2748/3458 3406/2646/3346 3408/2648/3348
f 3399/2639/3339 3410/2650/3350 3408/2648/3348
f 3410/2650/3350 3399/2639/3339 3401/2641/3341
f 3408/2648/3348 3521/2749/3459 3520/2748/3458
f 3376/2616/3318 3384/2624/3326 3381/2621/3323
f 3461/2698/3399 3518/2746/3456 3516/2745/3454
f 3384/2624/3326 3516/2745/3454 3518/2746/3456
f 3462/2699/3400 3461/2698/3399 3477/2714/3415
f 3516/2745/3454 3477/2714/3415 3461/2698/3399
f 3477/2714/3415 3475/2712/3413 3462/2699/3400
f 3462/2699/3400 3475/2712/3413 3522/2750/3460
f 3473/2710/3411 3522/2750/3460 3475/2712/3413
f 3522/2750/3460 3473/2710/3411 3523/2751/3461
f 3524/2752/3462 3523/2751/3461 3473/2710/3411
f 3473/2710/3411 3466/2703/3404 3524/2752/3462
f 3525/2753/3463 3524/2752/3462 3466/2703/3404
f 3466/2703/3404 3465/2702/3403 3525/2753/3463
f 3465/2702/3403 3442/2679/3380 3525/2753/3463
f 3442/2679/3380 3465/2702/3403 3470/2707/3408
f 3438/2675/3376 3442/2679/3380 3470/2707/3408
f 3470/2707/3408 3469/2706/3407 3438/2675/3376
f 3263/2523/3206 3469/2706/3407 3291/2551/3234
f 3263/2523/3206 3438/2675/3376 3469/2706/3407
f 3515/2744/3453 3412/2652/3352 3398/2638/3338
f 3412/2652/3352 3515/2744/3453 3384/2624/3326
f 3398/2638/3338 3476/2713/3414 3515/2744/3453
f 3476/2713/3414 3398/2638/3338 3400/2640/3340
f 3476/2713/3414 3400/2640/3340 3517/2743/3455
f 3476/2713/3414 3517/2743/3455 3526/2742/3464
f 3474/2711/3412 3476/2713/3414 3526/2742/3464
f 3474/2711/3412 3526/2742/3464 3527/2741/3465
f 3472/2709/3410 3474/2711/3412 3527/2741/3465
f 3527/2741/3465 3528/2740/3466 3472/2709/3410
f 3464/2701/3402 3472/2709/3410 3528/2740/3466
f 3528/2740/3466 3529/2737/3467 3464/2701/3402
f 3467/2704/3405 3464/2701/3402 3529/2737/3467
f 3529/2737/3467 3530/2736/3468 3467/2704/3405
f 3468/2705/3406 3467/2704/3405 3530/2736/3468
f 3530/2736/3468 3531/2738/3469 3468/2705/3406
f 3468/2705/3406 3531/2738/3469 3471/2708/3409
f 3531/2738/3469 3532/2739/3470 3471/2708/3409
f 3471/2708/3409 3532/2739/3470 3290/2550/3233
f 3532/2739/3470 3352/2585/3295 3290/2550/3233
f 3406/2646/3346 3520/2748/3458 3502/2735/3440
f 3398/2638/3338 3404/2644/3344 3401/2641/3341
f 3399/2639/3339 3407/2647/3347 3400/2640/3340
f 3408/2648/3348 3410/2650/3350 3521/2749/3459
f 3382/2622/3324 3518/2746/3456 3519/2747/3457
f 3382/2622/3324 3381/2621/3323 3518/2746/3456
f 3518/2746/3456 3381/2621/3323 3384/2624/3326
f 3441/2678/3379 3525/2753/3463 3442/2679/3380
f 3524/2752/3462 3533/2754/3471 3523/2751/3461
f 3533/2754/3471 3524/2752/3462 3534/2755/3472
f 3432/2669/3370 3535/2756/3473 3433/2670/3371
f 3455/2692/3393 3456/2693/3394 3433/2670/3371
f 3433/2670/3371 3456/2693/3394 3457/2694/3395
f 3433/2670/3371 3457/2694/3395 3458/2695/3396
f 3454/2691/3392 3455/2692/3393 3433/2670/3371
f 3423/2663/3363 3536/2665/3474 3422/2662/3362
f 3353/2595/3296 3424/2664/3364 3426/2663/3364
f 3424/2664/3364 3353/2595/3296 3354/2596/3296
f 3249/2511/3193 3355/2595/3297 3423/2663/3363
f 3429/2664/3367 3255/2515/3198 3430/2667/3368
f 3429/2664/3367 3356/2596/3298 3255/2515/3198
f 3534/2755/3472 3524/2752/3462 3525/2753/3463
f 3534/2755/3472 3525/2753/3463 3537/2757/3475
f 3360/2600/3302 3538/2758/3476 3539/2759/3477
f 3538/2758/3476 3360/2600/3302 3358/2598/3300
f 3539/2759/3477 3540/2760/3478 3541/2761/3479
f 3540/2760/3478 3539/2759/3477 3538/2758/3476
f 3542/2762/3480 3541/2761/3479 3540/2760/3478
f 3542/2762/3480 3540/2760/3478 3543/2763/3481
f 3543/2763/3481 3544/2764/3482 3542/2762/3480
f 3544/2764/3482 3543/2763/3481 3545/2765/3483
f 3546/2766/3484 3367/2607/3309 3547/2767/3485
f 3367/2607/3309 3546/2766/3484 3365/2605/3307
f 3548/2768/3486 3547/2767/3485 3549/2769/3487
f 3547/2767/3485 3548/2768/3486 3546/2766/3484
f 3550/2770/3488 3549/2769/3487 3551/2771/3489
f 3549/2769/3487 3550/2770/3488 3548/2768/3486
f 3552/2772/3490 3551/2771/3489 3553/2773/3491
f 3551/2771/3489 3552/2772/3490 3550/2770/3488
f 3374/2614/3316 3554/2774/3492 3375/2615/3317
f 3554/2774/3492 3374/2614/3316 3555/2775/3493
f 3555/2775/3493 3556/2776/3494 3554/2774/3492
f 3556/2776/3494 3555/2775/3493 3557/2777/3495
f 3557/2777/3495 3558/2778/3496 3556/2776/3494
f 3559/2779/3497 3556/2776/3494 3558/2778/3496
f 3558/2778/3496 3560/2780/3498 3559/2779/3497
f 3560/2780/3498 3558/2778/3496 3561/2781/3499
f 3555/2775/3493 3374/2614/3316 3562/2782/3500
f 3382/2622/3324 3562/2782/3500 3374/2614/3316
f 3557/2777/3495 3563/2783/3501 3564/2784/3502
f 3563/2783/3501 3557/2777/3495 3555/2775/3493
f 3558/2778/3496 3564/2784/3502 3565/2785/3503
f 3564/2784/3502 3558/2778/3496 3557/2777/3495
f 3561/2781/3499 3565/2785/3503 3566/2786/3504
f 3565/2785/3503 3561/2781/3499 3558/2778/3496
f 3567/2787/3505 3360/2600/3302 3539/2759/3477
f 3360/2600/3302 3567/2787/3505 3387/2627/3329
f 3568/2788/3506 3569/2789/3507 3544/2764/3482
f 3544/2764/3482 3569/2789/3507 3542/2762/3480
f 3569/2789/3507 3570/2790/3508 3542/2762/3480
f 3542/2762/3480 3570/2790/3508 3541/2761/3479
f 3570/2790/3508 3567/2787/3505 3541/2761/3479
f 3541/2761/3479 3567/2787/3505 3539/2759/3477
f 3538/2758/3476 3358/2598/3300 3571/2791/3509
f 3358/2598/3300 3391/2631/3333 3571/2791/3509
f 3540/2760/3478 3538/2758/3476 3572/2792/3510
f 3538/2758/3476 3571/2791/3509 3572/2792/3510
f 3543/2763/3481 3572/2792/3510 3573/2793/3511
f 3572/2792/3510 3543/2763/3481 3540/2760/3478
f 3545/2765/3483 3573/2793/3511 3574/2794/3512
f 3573/2793/3511 3545/2765/3483 3543/2763/3481
f 3547/2767/3485 3395/2635/3309 3575/2795/3485
f 3395/2635/3309 3547/2767/3485 3367/2607/3309
f 3549/2769/3487 3575/2795/3485 3576/2796/3487
f 3575/2795/3485 3549/2769/3487 3547/2767/3485
f 3551/2771/3489 3576/2796/3487 3577/2797/3489
f 3576/2796/3487 3551/2771/3489 3549/2769/3487
f 3553/2773/3491 3577/2797/3489 3578/2798/3491
f 3577/2797/3489 3553/2773/3491 3551/2771/3489
f 3575/2795/3485 3375/2615/3317 3554/2774/3492
f 3375/2615/3317 3575/2795/3485 3395/2635/3309
f 3576/2796/3487 3554/2774/3492 3556/2776/3494
f 3554/2774/3492 3576/2796/3487 3575/2795/3485
f 3577/2797/3489 3556/2776/3494 3559/2779/3497
f 3556/2776/3494 3577/2797/3489 3576/2796/3487
f 3578/2798/3491 3559/2779/3497 3560/2780/3498
f 3559/2779/3497 3578/2798/3491 3577/2797/3489
f 3365/2605/3307 3546/2766/3484 3391/2631/3333
f 3571/2791/3509 3391/2631/3333 3546/2766/3484
f 3546/2766/3484 3548/2768/3486 3571/2791/3509
f 3572/2792/3510 3571/2791/3509 3548/2768/3486
f 3548/2768/3486 3550/2770/3488 3572/2792/3510
f 3573/2793/3511 3572/2792/3510 3550/2770/3488
f 3550/2770/3488 3574/2794/3512 3573/2793/3511
f 3574/2794/3512 3550/2770/3488 3552/2772/3490
f 3579/2799/3513 3580/2800/3514 3581/2801/3515
f 3580/2800/3514 3579/2799/3513 3582/2802/3516
f 3580/2800/3514 3583/2803/3517 3584/2804/3518
f 3583/2803/3517 3580/2800/3514 3585/2805/3519
f 3586/2806/3520 3583/2803/3517 3585/2805/3519
f 3587/2807/3521 3586/2806/3520 3588/2808/3522
f 3586/2806/3520 3585/2805/3519 3588/2808/3522
f 3589/2809/3523 3590/2810/3524 3582/2802/3516
f 3582/2802/3516 3590/2810/3524 3591/2811/3525
f 3585/2805/3519 3592/2812/3526 3593/2813/3527
f 3592/2812/3526 3585/2805/3519 3580/2800/3514
f 3588/2808/3522 3593/2813/3527 3594/2814/3528
f 3593/2813/3527 3588/2808/3522 3585/2805/3519
f 3564/2784/3502 3595/2815/3529 3596/2816/3530
f 3595/2815/3529 3564/2784/3502 3563/2783/3501
f 3565/2785/3503 3596/2816/3530 3597/2817/3531
f 3596/2816/3530 3565/2785/3503 3564/2784/3502
f 3566/2786/3504 3597/2817/3531 3598/2818/3532
f 3597/2817/3531 3566/2786/3504 3565/2785/3503
f 3417/2657/3357 3599/2819/3533 3415/2655/3355
f 3600/2820/3534 3415/2655/3355 3599/2819/3533
f 3599/2819/3533 3601/2821/3535 3600/2820/3534
f 3601/2821/3535 3599/2819/3533 3602/2822/3536
f 3599/2819/3533 3419/2659/3359 3603/2823/3537
f 3419/2659/3359 3599/2819/3533 3417/2657/3357
f 3602/2822/3536 3603/2823/3537 3604/2824/3538
f 3603/2823/3537 3602/2822/3536 3599/2819/3533
f 3605/2825/3539 3421/2661/3361 3606/2826/3540
f 3421/2661/3361 3605/2825/3539 3420/2660/3360
f 3421/2661/3361 3607/2827/3541 3606/2826/3540
f 3607/2827/3541 3421/2661/3361 3422/2662/3362
f 3607/2827/3541 3422/2662/3362 3608/2828/3542
f 3603/2823/3537 3419/2659/3359 3420/2660/3360
f 3604/2824/3538 3603/2823/3537 3605/2825/3539
f 3609/2828/3543 3425/2665/3365 3610/2829/3543
f 3425/2665/3365 3427/2666/3365 3610/2829/3543
f 3428/2666/3366 3430/2667/3368 3611/2829/3544
f 3431/2668/3369 3612/2830/3545 3430/2667/3368
f 3613/2831/3546 3430/2667/3368 3612/2830/3545
f 3603/2823/3537 3420/2660/3360 3605/2825/3539
f 3432/2669/3370 3614/2832/3547 3535/2756/3473
f 3615/2833/3548 3600/2820/3534 3601/2821/3535
f 3600/2820/3534 3615/2833/3548 3616/2834/3549
f 3617/2835/3550 3615/2833/3548 3618/2836/3551
f 3618/2836/3551 3619/2837/3552 3617/2835/3550
f 3620/2838/3553 3618/2836/3551 3621/2839/3554
f 3619/2837/3552 3618/2836/3551 3620/2838/3553
f 3619/2837/3552 3620/2838/3553 3622/2840/3555
f 3623/2841/3556 3624/2842/3557 3441/2678/3379
f 3622/2840/3555 3624/2842/3557 3623/2841/3556
f 3624/2842/3557 3622/2840/3555 3620/2838/3553
f 3616/2834/3549 3625/2843/3558 3600/2820/3534
f 3445/2682/3383 3626/2844/3559 3441/2678/3379
f 3623/2841/3556 3441/2678/3379 3626/2844/3559
f 3622/2840/3555 3626/2844/3559 3627/2845/3560
f 3626/2844/3559 3622/2840/3555 3623/2841/3556
f 3628/2846/3561 3622/2840/3555 3627/2845/3560
f 3622/2840/3555 3628/2846/3561 3619/2837/3552
f 3628/2846/3561 3629/2847/3562 3619/2837/3552
f 3619/2837/3552 3629/2847/3562 3617/2835/3550
f 3629/2847/3562 3630/2848/3563 3617/2835/3550
f 3616/2834/3549 3617/2835/3550 3630/2848/3563
f 3630/2848/3563 3625/2843/3558 3616/2834/3549
f 3625/2843/3558 3630/2848/3563 3631/2849/3564
f 3632/2850/3565 3631/2849/3564 3633/2851/3566
f 3631/2849/3564 3632/2850/3565 3625/2843/3558
f 3415/2655/3355 3633/2851/3566 3453/2690/3391
f 3633/2851/3566 3415/2655/3355 3632/2850/3565
f 3626/2844/3559 3454/2691/3392 3634/2852/3567
f 3626/2844/3559 3445/2682/3383 3454/2691/3392
f 3627/2845/3560 3634/2852/3567 3635/2853/3568
f 3627/2845/3560 3626/2844/3559 3634/2852/3567
f 3635/2853/3568 3636/2854/3569 3628/2846/3561
f 3635/2853/3568 3628/2846/3561 3627/2845/3560
f 3636/2854/3569 3629/2847/3562 3628/2846/3561
f 3629/2847/3562 3637/2855/3570 3630/2848/3563
f 3637/2855/3570 3629/2847/3562 3636/2854/3569
f 3631/2849/3564 3630/2848/3563 3637/2855/3570
f 3631/2849/3564 3637/2855/3570 3638/2856/3571
f 3453/2690/3391 3614/2832/3547 3432/2669/3370
f 3614/2832/3547 3453/2690/3391 3633/2851/3566
f 3638/2856/3571 3614/2832/3547 3633/2851/3566
f 3633/2851/3566 3631/2849/3564 3638/2856/3571
f 3637/2855/3570 3535/2756/3473 3638/2856/3571
f 3535/2756/3473 3614/2832/3547 3638/2856/3571
f 3616/2834/3549 3615/2833/3548 3617/2835/3550
f 3600/2820/3534 3632/2850/3565 3415/2655/3355
f 3600/2820/3534 3625/2843/3558 3632/2850/3565
f 3639/2857/3572 3523/2751/3461 3533/2754/3471
f 3523/2751/3461 3639/2857/3572 3522/2750/3460
f 3640/2858/3573 3641/2859/3574 3642/2860/3575
f 3642/2860/3575 3641/2859/3574 3643/2861/3576
f 3644/2862/3577 3645/2863/3578 3646/2864/3579
f 3646/2864/3579 3645/2863/3578 3647/2865/3580
f 3648/2866/3581 3644/2862/3577 3649/2867/3582
f 3649/2867/3582 3644/2862/3577 3646/2864/3579
f 3645/2863/3578 3640/2858/3573 3647/2865/3580
f 3647/2865/3580 3640/2858/3573 3642/2860/3575
f 3643/2861/3576 3650/2868/3583 3651/2869/3584
f 3650/2868/3583 3643/2861/3576 3641/2859/3574
f 3650/2868/3583 3652/2870/3585 3651/2869/3584
f 3651/2869/3584 3652/2870/3585 3653/2871/3586
f 3652/2870/3585 3654/2872/3587 3653/2871/3586
f 3653/2871/3586 3654/2872/3587 3655/2873/3588
f 3656/2874/3589 3657/2875/3590 3658/2876/3591
f 3658/2876/3591 3657/2875/3590 3659/2877/3592
f 3656/2874/3589 3660/2878/3593 3661/2879/3594
f 3660/2878/3593 3656/2874/3589 3658/2876/3591
f 3662/2880/3595 3659/2877/3592 3657/2875/3590
f 3659/2877/3592 3662/2880/3595 3663/2881/3596
f 3662/2880/3595 3664/2882/3597 3663/2881/3596
f 3664/2882/3597 3662/2880/3595 3665/2883/3598
f 3666/2884/3599 3667/2810/3600 3665/2883/3598
f 3665/2883/3598 3667/2810/3600 3668/2809/3601
f 3669/2885/3602 3670/2886/3603 3671/2887/3604
f 3671/2887/3604 3670/2886/3603 3672/2888/3605
f 3673/2889/3606 3674/2890/3607 3675/2891/3608
f 3673/2889/3606 3675/2891/3608 3676/2879/3609
f 3675/2891/3608 3669/2885/3602 3676/2879/3609
f 3676/2879/3609 3669/2885/3602 3671/2887/3604
f 3677/2892/3610 3678/2893/3611 3674/2890/3607
f 3677/2892/3610 3674/2890/3607 3673/2889/3606
f 3670/2886/3603 3679/2894/3612 3672/2888/3605
f 3672/2888/3605 3679/2894/3612 3680/2895/3613
f 3679/2894/3612 3681/2884/3614 3680/2895/3613
f 3681/2884/3614 3679/2894/3612 3682/2896/3615
f 3657/2875/3590 3683/2887/3616 3684/2888/3617
f 3683/2887/3616 3657/2875/3590 3656/2874/3589
f 3685/2897/3618 3686/2898/3619 3659/2877/3592
f 3658/2876/3591 3659/2877/3592 3686/2898/3619
f 3661/2879/3594 3660/2878/3593 3687/2889/3620
f 3656/2874/3589 3661/2879/3594 3683/2887/3616
f 3688/2899/3621 3660/2878/3593 3658/2876/3591
f 3660/2878/3593 3688/2899/3621 3689/2900/3622
f 3690/2901/3623 3687/2889/3620 3660/2878/3593
f 3687/2889/3620 3690/2901/3623 3691/2892/3624
f 3690/2901/3623 3660/2878/3593 3689/2900/3622
f 3658/2876/3591 3686/2898/3619 3688/2899/3621
f 3662/2880/3595 3684/2888/3617 3692/2895/3625
f 3684/2888/3617 3662/2880/3595 3657/2875/3590
f 3693/2902/3626 3685/2897/3618 3663/2881/3596
f 3663/2881/3596 3685/2897/3618 3659/2877/3592
f 3666/2884/3599 3662/2880/3595 3692/2895/3625
f 3662/2880/3595 3666/2884/3599 3665/2883/3598
f 3693/2902/3626 3664/2882/3597 3694/2903/3627
f 3664/2882/3597 3693/2902/3626 3663/2881/3596
f 3590/2810/3524 3681/2884/3614 3682/2896/3615
f 3695/2904/3628 3694/2903/3627 3664/2882/3597
f 3664/2882/3597 3696/2905/3629 3695/2904/3628
f 3665/2883/3598 3696/2905/3629 3664/2882/3597
f 3696/2905/3629 3665/2883/3598 3668/2809/3601
f 3654/2872/3587 3697/2906/3630 3655/2873/3588
f 3697/2906/3630 3698/2907/3631 3655/2873/3588
f 3698/2907/3631 3697/2906/3630 3563/2783/3501
f 3589/2809/3523 3579/2799/3513 3699/2905/3632
f 3700/2908/3633 3519/2747/3457 3460/2697/3398
f 3584/2804/3518 3595/2815/3529 3581/2801/3515
f 3596/2816/3530 3584/2804/3518 3583/2803/3517
f 3584/2804/3518 3596/2816/3530 3595/2815/3529
f 3597/2817/3531 3583/2803/3517 3586/2806/3520
f 3583/2803/3517 3597/2817/3531 3596/2816/3530
f 3598/2818/3532 3586/2806/3520 3587/2807/3521
f 3586/2806/3520 3598/2818/3532 3597/2817/3531
f 3701/2909/3634 3591/2811/3525 3590/2810/3524
f 3582/2802/3516 3592/2812/3526 3580/2800/3514
f 3592/2812/3526 3582/2802/3516 3591/2811/3525
f 3591/2811/3525 3701/2909/3634 3702/2910/3635
f 3555/2775/3493 3562/2782/3500 3563/2783/3501
f 3698/2907/3631 3563/2783/3501 3700/2908/3633
f 3700/2908/3633 3460/2697/3398 3698/2907/3631
f 3655/2873/3588 3698/2907/3631 3460/2697/3398
f 3460/2697/3398 3463/2700/3401 3655/2873/3588
f 3653/2871/3586 3655/2873/3588 3463/2700/3401
f 3463/2700/3401 3639/2857/3572 3653/2871/3586
f 3651/2869/3584 3653/2871/3586 3639/2857/3572
f 3639/2857/3572 3533/2754/3471 3651/2869/3584
f 3643/2861/3576 3651/2869/3584 3534/2755/3472
f 3533/2754/3471 3534/2755/3472 3651/2869/3584
f 3534/2755/3472 3537/2757/3475 3643/2861/3576
f 3537/2757/3475 3642/2860/3575 3643/2861/3576
f 3642/2860/3575 3624/2842/3557 3647/2865/3580
f 3624/2842/3557 3642/2860/3575 3537/2757/3475
f 3646/2864/3579 3647/2865/3580 3620/2838/3553
f 3624/2842/3557 3620/2838/3553 3647/2865/3580
f 3646/2864/3579 3621/2839/3554 3649/2867/3582
f 3620/2838/3553 3621/2839/3554 3646/2864/3579
f 3595/2815/3529 3697/2906/3630 3581/2801/3515
f 3697/2906/3630 3595/2815/3529 3563/2783/3501
f 3654/2872/3587 3579/2799/3513 3581/2801/3515
f 3654/2872/3587 3581/2801/3515 3697/2906/3630
f 3654/2872/3587 3699/2905/3632 3579/2799/3513
f 3654/2872/3587 3703/2904/3636 3699/2905/3632
f 3704/2903/3637 3703/2904/3636 3652/2870/3585
f 3654/2872/3587 3652/2870/3585 3703/2904/3636
f 3705/2902/3638 3704/2903/3637 3650/2868/3583
f 3650/2868/3583 3704/2903/3637 3652/2870/3585
f 3706/2897/3639 3705/2902/3638 3641/2859/3574
f 3641/2859/3574 3705/2902/3638 3650/2868/3583
f 3707/2898/3640 3706/2897/3639 3640/2858/3573
f 3640/2858/3573 3706/2897/3639 3641/2859/3574
f 3708/2899/3641 3707/2898/3640 3645/2863/3578
f 3645/2863/3578 3707/2898/3640 3640/2858/3573
f 3709/2900/3642 3708/2899/3641 3644/2862/3577
f 3644/2862/3577 3708/2899/3641 3645/2863/3578
f 3710/2901/3643 3709/2900/3642 3648/2866/3581
f 3648/2866/3581 3709/2900/3642 3644/2862/3577
f 3590/2810/3524 3682/2896/3615 3701/2909/3634
f 3581/2801/3515 3580/2800/3514 3584/2804/3518
f 3582/2802/3516 3579/2799/3513 3589/2809/3523
f 3591/2811/3525 3702/2910/3635 3592/2812/3526
f 3700/2908/3633 3382/2622/3324 3519/2747/3457
f 3562/2782/3500 3382/2622/3324 3700/2908/3633
f 3700/2908/3633 3563/2783/3501 3562/2782/3500
f 3441/2678/3379 3624/2842/3557 3537/2757/3475
f 3463/2700/3401 3462/2699/3400 3639/2857/3572
f 3462/2699/3400 3522/2750/3460 3639/2857/3572
f 3441/2678/3379 3537/2757/3475 3525/2753/3463
f 3634/2852/3567 3535/2756/3473 3635/2853/3568
f 3635/2853/3568 3535/2756/3473 3636/2854/3569
f 3636/2854/3569 3535/2756/3473 3637/2855/3570
f 3454/2691/3392 3535/2756/3473 3634/2852/3567
f 3608/2828/3542 3422/2662/3362 3536/2665/3474
f 3711/2911/3644 3610/2829/3543 3712/2912/3644
f 3610/2829/3543 3711/2911/3644 3609/2828/3543
f 3607/2827/3541 3608/2828/3542 3713/2911/3645
f 3611/2829/3544 3430/2667/3368 3613/2831/3546
f 3611/2829/3544 3613/2831/3546 3714/2912/3646
f 3519/2747/3457 3461/2698/3399 3460/2697/3398
f 3454/2691/3392 3433/2670/3371 3535/2756/3473
f 3715/2913/3647 3716/2914/3648 3717/2915/3649
f 3716/2914/3648 3715/2913/3647 3718/2916/3650
f 3718/2916/3650 3719/2917/3651 3716/2914/3648
f 3716/2914/3648 3719/2917/3651 3720/2918/3652
f 3719/2917/3651 3721/2919/3653 3720/2918/3652
f 3721/2919/3653 3719/2917/3651 3722/2920/3654
f 3545/2765/3483 3721/2919/3653 3544/2764/3482
f 3722/2920/3654 3544/2764/3482 3721/2919/3653
f 3723/2921/3655 3724/2922/3656 3725/2923/3657
f 3725/2923/3657 3724/2922/3656 3726/2924/3658
f 3724/2922/3656 3727/2925/3659 3726/2924/3658
f 3726/2924/3658 3727/2925/3659 3728/2926/3660
f 3727/2925/3659 3729/2927/3661 3728/2926/3660
f 3729/2927/3661 3727/2925/3659 3730/2928/3662
f 3730/2928/3662 3553/2773/3491 3729/2927/3661
f 3553/2773/3491 3730/2928/3662 3552/2772/3490
f 3731/2929/3663 3732/2930/3664 3733/2931/3665
f 3732/2930/3664 3731/2929/3663 3734/2932/3666
f 3733/2931/3665 3735/2933/3667 3736/2934/3668
f 3735/2933/3667 3733/2931/3665 3732/2930/3664
f 3737/2935/3669 3736/2934/3668 3735/2933/3667
f 3735/2933/3667 3738/2936/3670 3737/2935/3669
f 3737/2935/3669 3560/2780/3498 3561/2781/3499
f 3560/2780/3498 3737/2935/3669 3738/2936/3670
f 3731/2929/3663 3739/2937/3671 3740/2938/3672
f 3731/2929/3663 3733/2931/3665 3739/2937/3671
f 3733/2931/3665 3741/2939/3673 3742/2940/3674
f 3741/2939/3673 3733/2931/3665 3736/2934/3668
f 3736/2934/3668 3743/2941/3675 3741/2939/3673
f 3743/2941/3675 3736/2934/3668 3737/2935/3669
f 3737/2935/3669 3566/2786/3504 3743/2941/3675
f 3566/2786/3504 3737/2935/3669 3561/2781/3499
f 3715/2913/3647 3744/2942/3676 3718/2916/3650
f 3744/2942/3676 3715/2913/3647 3745/2943/3677
f 3746/2944/3678 3544/2764/3482 3722/2920/3654
f 3544/2764/3482 3746/2944/3678 3568/2788/3506
f 3719/2917/3651 3746/2944/3678 3722/2920/3654
f 3746/2944/3678 3719/2917/3651 3747/2945/3679
f 3744/2942/3676 3719/2917/3651 3718/2916/3650
f 3719/2917/3651 3744/2942/3676 3747/2945/3679
f 3717/2915/3649 3748/2946/3680 3749/2947/3681
f 3748/2946/3680 3717/2915/3649 3716/2914/3648
f 3748/2946/3680 3720/2918/3652 3750/2948/3682
f 3720/2918/3652 3748/2946/3680 3716/2914/3648
f 3720/2918/3652 3751/2949/3683 3750/2948/3682
f 3751/2949/3683 3720/2918/3652 3721/2919/3653
f 3751/2949/3683 3545/2765/3483 3574/2794/3512
f 3545/2765/3483 3751/2949/3683 3721/2919/3653
f 3752/2950/3684 3726/2924/3658 3753/2951/3658
f 3726/2924/3658 3752/2950/3684 3725/2923/3657
f 3753/2951/3658 3728/2926/3660 3754/2952/3685
f 3728/2926/3660 3753/2951/3658 3726/2924/3658
f 3728/2926/3660 3755/2953/3661 3754/2952/3685
f 3755/2953/3661 3728/2926/3660 3729/2927/3661
f 3729/2927/3661 3578/2798/3491 3755/2953/3661
f 3578/2798/3491 3729/2927/3661 3553/2773/3491
f 3734/2932/3666 3753/2951/3658 3732/2930/3664
f 3753/2951/3658 3734/2932/3666 3752/2950/3684
f 3732/2930/3664 3754/2952/3685 3735/2933/3667
f 3754/2952/3685 3732/2930/3664 3753/2951/3658
f 3754/2952/3685 3738/2936/3670 3735/2933/3667
f 3738/2936/3670 3754/2952/3685 3755/2953/3661
f 3755/2953/3661 3560/2780/3498 3738/2936/3670
f 3560/2780/3498 3755/2953/3661 3578/2798/3491
f 3749/2947/3681 3724/2922/3656 3723/2921/3655
f 3724/2922/3656 3749/2947/3681 3748/2946/3680
f 3748/2946/3680 3727/2925/3659 3724/2922/3656
f 3727/2925/3659 3748/2946/3680 3750/2948/3682
f 3730/2928/3662 3750/2948/3682 3751/2949/3683
f 3750/2948/3682 3730/2928/3662 3727/2925/3659
f 3574/2794/3512 3730/2928/3662 3751/2949/3683
f 3730/2928/3662 3574/2794/3512 3552/2772/3490
f 3756/2954/3686 3757/2955/3687 3758/2956/3688
f 3757/2955/3687 3756/2954/3686 3759/2957/3689
f 3756/2954/3686 3760/2958/3690 3761/2959/3691
f 3760/2958/3690 3756/2954/3686 3762/2960/3692
f 3763/2961/3693 3761/2959/3691 3760/2958/3690
f 3588/2808/3522 3761/2959/3691 3763/2961/3693
f 3588/2808/3522 3763/2961/3693 3587/2807/3521
f 3764/2962/3694 3765/2963/3695 3759/2957/3689
f 3764/2962/3694 3759/2957/3689 3766/2964/3696
f 3767/2965/3697 3761/2959/3691 3768/2966/3698
f 3761/2959/3691 3767/2965/3697 3756/2954/3686
f 3761/2959/3691 3594/2814/3528 3768/2966/3698
f 3594/2814/3528 3761/2959/3691 3588/2808/3522
f 3742/2940/3674 3769/2967/3699 3770/2968/3700
f 3769/2967/3699 3742/2940/3674 3741/2939/3673
f 3741/2939/3673 3771/2969/3701 3769/2967/3699
f 3771/2969/3701 3741/2939/3673 3743/2941/3675
f 3743/2941/3675 3598/2818/3532 3771/2969/3701
f 3598/2818/3532 3743/2941/3675 3566/2786/3504
f 3772/2970/3702 3773/2971/3703 3774/2972/3704
f 3774/2972/3704 3775/2973/3705 3772/2970/3702
f 3772/2970/3702 3601/2821/3535 3602/2822/3536
f 3601/2821/3535 3772/2970/3702 3775/2973/3705
f 3773/2971/3703 3772/2970/3702 3776/2974/3706
f 3776/2974/3706 3772/2970/3702 3777/2975/3707
f 3772/2970/3702 3604/2824/3538 3777/2975/3707
f 3604/2824/3538 3772/2970/3702 3602/2822/3536
f 3778/2976/3708 3606/2826/3540 3779/2977/3709
f 3606/2826/3540 3778/2976/3708 3605/2825/3539
f 3779/2977/3709 3607/2827/3541 3780/2978/3710
f 3607/2827/3541 3779/2977/3709 3606/2826/3540
f 3607/2827/3541 3781/2979/3711 3780/2978/3710
f 3777/2975/3707 3778/2976/3708 3776/2974/3706
f 3604/2824/3538 3605/2825/3539 3777/2975/3707
f 3782/2980/3712 3783/2981/3712 3784/2982/3713
f 3783/2981/3712 3785/2979/3713 3784/2982/3713
f 3786/2980/3714 3787/2982/3715 3788/2983/3716
f 3788/2983/3716 3612/2830/3545 3789/2984/3717
f 3612/2830/3545 3788/2983/3716 3613/2831/3546
f 3777/2975/3707 3605/2825/3539 3778/2976/3708
f 3790/2985/3718 3791/2986/3719 3792/2987/3720
f 3793/2988/3721 3601/2821/3535 3775/2973/3705
f 3601/2821/3535 3793/2988/3721 3615/2833/3548
f 3794/2989/3722 3618/2836/3551 3795/2990/3723
f 3795/2990/3723 3618/2836/3551 3615/2833/3548
f 3618/2836/3551 3794/2989/3722 3796/2991/3724
f 3796/2991/3724 3621/2839/3554 3618/2836/3551
f 3794/2989/3722 3797/2992/3725 3796/2991/3724
f 3798/2993/3726 3799/2994/3727 3800/2995/3728
f 3797/2992/3725 3800/2995/3728 3796/2991/3724
f 3800/2995/3728 3797/2992/3725 3798/2993/3726
f 3793/2988/3721 3775/2973/3705 3801/2996/3729
f 3802/2997/3730 3803/2998/3731 3799/2994/3727
f 3799/2994/3727 3798/2993/3726 3802/2997/3730
f 3804/2999/3732 3802/2997/3730 3797/2992/3725
f 3798/2993/3726 3797/2992/3725 3802/2997/3730
f 3797/2992/3725 3805/3000/3733 3804/2999/3732
f 3805/3000/3733 3797/2992/3725 3794/2989/3722
f 3806/3001/3734 3805/3000/3733 3794/2989/3722
f 3806/3001/3734 3794/2989/3722 3795/2990/3723
f 3807/3002/3735 3806/3001/3734 3795/2990/3723
f 3807/3002/3735 3795/2990/3723 3793/2988/3721
f 3807/3002/3735 3801/2996/3729 3808/3003/3736
f 3801/2996/3729 3807/3002/3735 3793/2988/3721
f 3809/3004/3737 3808/3003/3736 3810/3005/3738
f 3801/2996/3729 3810/3005/3738 3808/3003/3736
f 3811/3006/3739 3809/3004/3737 3774/2972/3704
f 3810/3005/3738 3774/2972/3704 3809/3004/3737
f 3803/2998/3731 3802/2997/3730 3812/3007/3740
f 3812/3007/3740 3802/2997/3730 3813/3008/3741
f 3802/2997/3730 3804/2999/3732 3813/3008/3741
f 3813/3008/3741 3804/2999/3732 3814/3009/3742
f 3804/2999/3732 3805/3000/3733 3814/3009/3742
f 3815/3010/3743 3814/3009/3742 3805/3000/3733
f 3815/3010/3743 3805/3000/3733 3806/3001/3734
f 3806/3001/3734 3816/3011/3744 3815/3010/3743
f 3816/3011/3744 3806/3001/3734 3807/3002/3735
f 3807/3002/3735 3808/3003/3736 3816/3011/3744
f 3816/3011/3744 3808/3003/3736 3817/3012/3745
f 3790/2985/3718 3792/2987/3720 3811/3006/3739
f 3811/3006/3739 3792/2987/3720 3809/3004/3737
f 3809/3004/3737 3817/3012/3745 3808/3003/3736
f 3817/3012/3745 3809/3004/3737 3792/2987/3720
f 3816/3011/3744 3817/3012/3745 3791/2986/3719
f 3791/2986/3719 3817/3012/3745 3792/2987/3720
f 3793/2988/3721 3795/2990/3723 3615/2833/3548
f 3775/2973/3705 3774/2972/3704 3810/3005/3738
f 3775/2973/3705 3810/3005/3738 3801/2996/3729
f 3818/3013/3746 3819/3014/3747 3820/3015/3748
f 3819/3014/3747 3818/3013/3746 3821/3016/3749
f 3822/3017/3750 3823/3018/3751 3824/3019/3752
f 3823/3018/3751 3822/3017/3750 3825/3020/3753
f 3826/3021/3754 3827/3022/3755 3828/3023/3756
f 3827/3022/3755 3826/3021/3754 3829/3024/3757
f 3829/3024/3757 3649/2867/3582 3827/3022/3755
f 3649/2867/3582 3829/3024/3757 3648/2866/3581
f 3825/3020/3753 3828/3023/3756 3823/3018/3751
f 3828/3023/3756 3825/3020/3753 3826/3021/3754
f 3830/3025/3758 3824/3019/3752 3831/3026/3759
f 3824/3019/3752 3830/3025/3758 3822/3017/3750
f 3832/3027/3760 3831/3026/3759 3833/3028/3761
f 3831/3026/3759 3832/3027/3760 3830/3025/3758
f 3834/3029/3762 3833/3028/3761 3835/3030/3763
f 3833/3028/3761 3834/3029/3762 3832/3027/3760
f 3836/3031/3764 3837/3032/3765 3838/3033/3766
f 3838/3033/3766 3839/3034/3767 3836/3031/3764
f 3840/3035/3768 3836/3031/3764 3839/3034/3767
f 3839/3034/3767 3841/3036/3769 3840/3035/3768
f 3837/3032/3765 3842/3037/3770 3843/3038/3771
f 3843/3038/3771 3838/3033/3766 3837/3032/3765
f 3844/3039/3772 3843/3038/3771 3845/3040/3773
f 3845/3040/3773 3843/3038/3771 3842/3037/3770
f 3844/3039/3772 3846/2963/3774 3847/2962/3775
f 3844/3039/3772 3847/2962/3775 3848/3041/3776
f 3849/3042/3777 3850/3043/3778 3851/3044/3779
f 3851/3044/3779 3852/3045/3780 3849/3042/3777
f 3853/3046/3781 3854/3047/3782 3855/3048/3783
f 3855/3048/3783 3854/3047/3782 3856/3036/3784
f 3849/3042/3777 3852/3045/3780 3856/3036/3784
f 3852/3045/3780 3855/3048/3783 3856/3036/3784
f 3678/2893/3611 3677/2892/3610 3853/3046/3781
f 3854/3047/3782 3853/3046/3781 3677/2892/3610
f 3850/3043/3778 3857/3049/3785 3858/3050/3786
f 3858/3050/3786 3851/3044/3779 3850/3043/3778
f 3858/3050/3786 3859/3041/3787 3860/3051/3788
f 3859/3041/3787 3858/3050/3786 3857/3049/3785
f 3838/3033/3766 3861/3042/3789 3839/3034/3767
f 3861/3042/3789 3838/3033/3766 3862/3043/3790
f 3837/3032/3765 3836/3031/3764 3863/3052/3791
f 3863/3052/3791 3864/3053/3792 3837/3032/3765
f 3841/3036/3769 3865/3047/3793 3840/3035/3768
f 3839/3034/3767 3861/3042/3789 3841/3036/3769
f 3840/3035/3768 3866/3054/3794 3836/3031/3764
f 3866/3054/3794 3840/3035/3768 3867/3055/3795
f 3865/3047/3793 3690/2901/3623 3840/3035/3768
f 3690/2901/3623 3865/3047/3793 3691/2892/3624
f 3690/2901/3623 3867/3055/3795 3840/3035/3768
f 3836/3031/3764 3866/3054/3794 3863/3052/3791
f 3843/3038/3771 3862/3043/3790 3838/3033/3766
f 3862/3043/3790 3843/3038/3771 3868/3049/3796
f 3842/3037/3770 3837/3032/3765 3864/3053/3792
f 3864/3053/3792 3869/3056/3797 3842/3037/3770
f 3843/3038/3771 3848/3041/3776 3868/3049/3796
f 3848/3041/3776 3843/3038/3771 3844/3039/3772
f 3845/3040/3773 3869/3056/3797 3870/3057/3798
f 3869/3056/3797 3845/3040/3773 3842/3037/3770
f 3764/2962/3694 3860/3051/3788 3859/3041/3787
f 3871/3058/3799 3845/3040/3773 3872/3059/3800
f 3845/3040/3773 3870/3057/3798 3872/3059/3800
f 3871/3058/3799 3844/3039/3772 3845/3040/3773
f 3844/3039/3772 3871/3058/3799 3846/2963/3774
f 3873/3060/3801 3835/3030/3763 3874/3061/3802
f 3835/3030/3763 3873/3060/3801 3834/3029/3762
f 3874/3061/3802 3742/2940/3674 3873/3060/3801
f 3765/2963/3695 3875/3058/3803 3757/2955/3687
f 3876/3062/3804 3819/3014/3747 3877/3063/3805
f 3762/2960/3692 3758/2956/3688 3770/2968/3700
f 3770/2968/3700 3769/2967/3699 3762/2960/3692
f 3762/2960/3692 3769/2967/3699 3760/2958/3690
f 3769/2967/3699 3763/2961/3693 3760/2958/3690
f 3763/2961/3693 3769/2967/3699 3771/2969/3701
f 3771/2969/3701 3587/2807/3521 3763/2961/3693
f 3587/2807/3521 3771/2969/3701 3598/2818/3532
f 3878/3064/3806 3764/2962/3694 3766/2964/3696
f 3766/2964/3696 3759/2957/3689 3756/2954/3686
f 3756/2954/3686 3767/2965/3697 3766/2964/3696
f 3766/2964/3696 3879/3065/3807 3878/3064/3806
f 3733/2931/3665 3742/2940/3674 3739/2937/3671
f 3819/3014/3747 3876/3062/3804 3874/3061/3802
f 3742/2940/3674 3874/3061/3802 3876/3062/3804
f 3874/3061/3802 3835/3030/3763 3819/3014/3747
f 3820/3015/3748 3819/3014/3747 3835/3030/3763
f 3835/3030/3763 3833/3028/3761 3820/3015/3748
f 3880/3066/3808 3820/3015/3748 3833/3028/3761
f 3833/3028/3761 3831/3026/3759 3880/3066/3808
f 3881/3067/3809 3880/3066/3808 3831/3026/3759
f 3882/3068/3810 3881/3067/3809 3831/3026/3759
f 3882/3068/3810 3831/3026/3759 3824/3019/3752
f 3883/3069/3811 3882/3068/3810 3824/3019/3752
f 3883/3069/3811 3824/3019/3752 3823/3018/3751
f 3823/3018/3751 3800/2995/3728 3883/3069/3811
f 3800/2995/3728 3823/3018/3751 3828/3023/3756
f 3796/2991/3724 3828/3023/3756 3827/3022/3755
f 3828/3023/3756 3796/2991/3724 3800/2995/3728
f 3621/2839/3554 3796/2991/3724 3827/3022/3755
f 3827/3022/3755 3649/2867/3582 3621/2839/3554
f 3873/3060/3801 3770/2968/3700 3758/2956/3688
f 3770/2968/3700 3873/3060/3801 3742/2940/3674
f 3757/2955/3687 3834/3029/3762 3758/2956/3688
f 3873/3060/3801 3758/2956/3688 3834/3029/3762
f 3834/3029/3762 3757/2955/3687 3875/3058/3803
f 3834/3029/3762 3875/3058/3803 3884/3059/3812
f 3832/3027/3760 3834/3029/3762 3884/3059/3812
f 3884/3059/3812 3885/3057/3813 3832/3027/3760
f 3830/3025/3758 3832/3027/3760 3885/3057/3813
f 3885/3057/3813 3886/3056/3814 3830/3025/3758
f 3822/3017/3750 3830/3025/3758 3886/3056/3814
f 3886/3056/3814 3887/3053/3815 3822/3017/3750
f 3825/3020/3753 3822/3017/3750 3887/3053/3815
f 3887/3053/3815 3888/3052/3816 3825/3020/3753
f 3826/3021/3754 3825/3020/3753 3888/3052/3816
f 3888/3052/3816 3889/3054/3817 3826/3021/3754
f 3826/3021/3754 3889/3054/3817 3829/3024/3757
f 3889/3054/3817 3890/3055/3818 3829/3024/3757
f 3829/3024/3757 3890/3055/3818 3648/2866/3581
f 3890/3055/3818 3710/2901/3643 3648/2866/3581
f 3764/2962/3694 3878/3064/3806 3860/3051/3788
f 3758/2956/3688 3762/2960/3692 3756/2954/3686
f 3759/2957/3689 3765/2963/3695 3757/2955/3687
f 3766/2964/3696 3767/2965/3697 3879/3065/3807
f 3740/2938/3672 3876/3062/3804 3877/3063/3805
f 3740/2938/3672 3739/2937/3671 3876/3062/3804
f 3876/3062/3804 3739/2937/3671 3742/2940/3674
f 3799/2994/3727 3883/3069/3811 3800/2995/3728
f 3891/3070/3819 3892/3071/3820 3881/3067/3809
f 3891/3070/3819 3881/3067/3809 3882/3068/3810
f 3790/2985/3718 3893/3072/3821 3791/2986/3719
f 3813/3008/3741 3814/3009/3742 3791/2986/3719
f 3791/2986/3719 3814/3009/3742 3815/3010/3743
f 3791/2986/3719 3815/3010/3743 3816/3011/3744
f 3812/3007/3740 3813/3008/3741 3791/2986/3719
f 3781/2979/3711 3894/2981/3822 3780/2978/3710
f 3784/2982/3713 3711/2911/3644 3712/2912/3644
f 3711/2911/3644 3784/2982/3713 3785/2979/3713
f 3607/2827/3541 3713/2911/3645 3781/2979/3711
f 3787/2982/3715 3613/2831/3546 3788/2983/3716
f 3787/2982/3715 3714/2912/3646 3613/2831/3546
f 3891/3070/3819 3883/3069/3811 3895/3073/3823
f 3883/3069/3811 3891/3070/3819 3882/3068/3810
f 3896/3074/3824 3715/2913/3647 3717/2915/3649
f 3715/2913/3647 3896/3074/3824 3897/3075/3825
f 3898/3076/3826 3896/3074/3824 3899/3077/3827
f 3896/3074/3824 3898/3076/3826 3897/3075/3825
f 3900/3078/3828 3899/3077/3827 3901/3079/3829
f 3899/3077/3827 3900/3078/3828 3898/3076/3826
f 3902/3080/3830 3901/3079/3829 3903/3081/3831
f 3901/3079/3829 3902/3080/3830 3900/3078/3828
f 3904/3082/3832 3723/2921/3655 3725/2923/3657
f 3723/2921/3655 3904/3082/3832 3905/3083/3833
f 3906/3084/3834 3905/3083/3833 3904/3082/3832
f 3905/3083/3833 3906/3084/3834 3907/3085/3835
f 3908/3086/3836 3907/3085/3835 3906/3084/3834
f 3907/3085/3835 3908/3086/3836 3909/3087/3837
f 3910/3088/3838 3909/3087/3837 3908/3086/3836
f 3909/3087/3837 3910/3088/3838 3911/3089/3839
f 3912/3090/3840 3731/2929/3663 3913/3091/3841
f 3731/2929/3663 3912/3090/3840 3734/2932/3666
f 3914/3092/3842 3913/3091/3841 3915/3093/3843
f 3913/3091/3841 3914/3092/3842 3912/3090/3840
f 3916/3094/3844 3914/3092/3842 3917/3095/3845
f 3917/3095/3845 3914/3092/3842 3915/3093/3843
f 3918/3096/3846 3916/3094/3844 3917/3095/3845
f 3916/3094/3844 3918/3096/3846 3919/3097/3847
f 3913/3091/3841 3731/2929/3663 3920/3098/3848
f 3740/2938/3672 3920/3098/3848 3731/2929/3663
f 3921/3099/3849 3913/3091/3841 3922/3100/3850
f 3913/3091/3841 3921/3099/3849 3915/3093/3843
f 3923/3101/3851 3915/3093/3843 3921/3099/3849
f 3915/3093/3843 3923/3101/3851 3917/3095/3845
f 3924/3102/3852 3917/3095/3845 3923/3101/3851
f 3917/3095/3845 3924/3102/3852 3918/3096/3846
f 3925/3103/3853 3715/2913/3647 3897/3075/3825
f 3715/2913/3647 3925/3103/3853 3745/2943/3677
f 3926/3104/3854 3927/3105/3855 3902/3080/3830
f 3902/3080/3830 3927/3105/3855 3900/3078/3828
f 3927/3105/3855 3898/3076/3826 3900/3078/3828
f 3898/3076/3826 3927/3105/3855 3928/3106/3856
f 3928/3106/3856 3925/3103/3853 3898/3076/3826
f 3898/3076/3826 3925/3103/3853 3897/3075/3825
f 3717/2915/3649 3929/3107/3857 3896/3074/3824
f 3929/3107/3857 3717/2915/3649 3749/2947/3681
f 3899/3077/3827 3929/3107/3857 3930/3108/3858
f 3929/3107/3857 3899/3077/3827 3896/3074/3824
f 3899/3077/3827 3931/3109/3859 3901/3079/3829
f 3931/3109/3859 3899/3077/3827 3930/3108/3858
f 3931/3109/3859 3903/3081/3831 3901/3079/3829
f 3903/3081/3831 3931/3109/3859 3932/3110/3860
f 3933/3111/3832 3904/3082/3832 3725/2923/3657
f 3933/3111/3832 3725/2923/3657 3752/2950/3684
f 3934/3112/3834 3906/3084/3834 3904/3082/3832
f 3934/3112/3834 3904/3082/3832 3933/3111/3832
f 3935/3113/3836 3908/3086/3836 3906/3084/3834
f 3935/3113/3836 3906/3084/3834 3934/3112/3834
f 3936/3114/3838 3910/3088/3838 3908/3086/3836
f 3936/3114/3838 3908/3086/3836 3935/3113/3836
f 3933/3111/3832 3752/2950/3684 3912/3090/3840
f 3912/3090/3840 3752/2950/3684 3734/2932/3666
f 3934/3112/3834 3933/3111/3832 3914/3092/3842
f 3914/3092/3842 3933/3111/3832 3912/3090/3840
f 3935/3113/3836 3934/3112/3834 3916/3094/3844
f 3916/3094/3844 3934/3112/3834 3914/3092/3842
f 3936/3114/3838 3935/3113/3836 3919/3097/3847
f 3919/3097/3847 3935/3113/3836 3916/3094/3844
f 3929/3107/3857 3749/2947/3681 3905/3083/3833
f 3905/3083/3833 3749/2947/3681 3723/2921/3655
f 3930/3108/3858 3905/3083/3833 3907/3085/3835
f 3905/3083/3833 3930/3108/3858 3929/3107/3857
f 3909/3087/3837 3930/3108/3858 3907/3085/3835
f 3930/3108/3858 3909/3087/3837 3931/3109/3859
f 3909/3087/3837 3932/3110/3860 3931/3109/3859
f 3932/3110/3860 3909/3087/3837 3911/3089/3839
f 3937/3115/3861 3938/3116/3862 3939/3117/3863
f 3938/3116/3862 3937/3115/3861 3940/3118/3864
f 3939/3117/3863 3941/3119/3865 3942/3120/3866
f 3941/3119/3865 3939/3117/3863 3943/3121/3867
f 3944/3122/3868 3941/3119/3865 3943/3121/3867
f 3943/3121/3867 3945/3123/3869 3944/3122/3868
f 3944/3122/3868 3945/3123/3869 3946/3124/3870
f 3947/3125/3871 3948/3126/3872 3938/3116/3862
f 3949/3127/3873 3938/3116/3862 3948/3126/3872
f 3943/3121/3867 3939/3117/3863 3950/3128/3874
f 3950/3128/3874 3939/3117/3863 3951/3129/3875
f 3945/3123/3869 3943/3121/3867 3952/3130/3876
f 3952/3130/3876 3943/3121/3867 3950/3128/3874
f 3953/3131/3877 3921/3099/3849 3922/3100/3850
f 3953/3131/3877 3922/3100/3850 3954/3132/3878
f 3955/3133/3879 3923/3101/3851 3921/3099/3849
f 3955/3133/3879 3921/3099/3849 3953/3131/3877
f 3956/3134/3880 3924/3102/3852 3923/3101/3851
f 3956/3134/3880 3923/3101/3851 3955/3133/3879
f 3957/3135/3881 3774/2972/3704 3958/3136/3882
f 3958/3136/3882 3774/2972/3704 3773/2971/3703
f 3958/3136/3882 3959/3137/3883 3957/3135/3881
f 3959/3137/3883 3958/3136/3882 3960/3138/3884
f 3961/3139/3885 3773/2971/3703 3776/2974/3706
f 3773/2971/3703 3961/3139/3885 3958/3136/3882
f 3962/3140/3886 3958/3136/3882 3961/3139/3885
f 3958/3136/3882 3962/3140/3886 3960/3138/3884
f 3963/3141/3887 3964/3142/3888 3778/2976/3708
f 3963/3141/3887 3778/2976/3708 3779/2977/3709
f 3965/3143/3889 3779/2977/3709 3780/2978/3710
f 3779/2977/3709 3965/3143/3889 3963/3141/3887
f 3965/3143/3889 3780/2978/3710 3966/3144/3890
f 3961/3139/3885 3776/2974/3706 3778/2976/3708
f 3962/3140/3886 3961/3139/3885 3964/3142/3888
f 3783/2981/3712 3967/3145/3891 3968/3144/3891
f 3967/3145/3891 3783/2981/3712 3782/2980/3712
f 3786/2980/3714 3788/2983/3716 3969/3145/3892
f 3788/2983/3716 3970/3146/3893 3971/3147/3894
f 3970/3146/3893 3788/2983/3716 3789/2984/3717
f 3961/3139/3885 3778/2976/3708 3964/3142/3888
f 3790/2985/3718 3972/3148/3895 3893/3072/3821
f 3973/3149/3896 3974/3150/3897 3959/3137/3883
f 3959/3137/3883 3974/3150/3897 3957/3135/3881
f 3975/3151/3898 3973/3149/3896 3976/3152/3899
f 3976/3152/3899 3977/3153/3900 3975/3151/3898
f 3978/3154/3901 3979/3155/3902 3976/3152/3899
f 3977/3153/3900 3976/3152/3899 3979/3155/3902
f 3977/3153/3900 3979/3155/3902 3980/3156/3903
f 3981/3157/3904 3982/3158/3905 3799/2994/3727
f 3982/3158/3905 3980/3156/3903 3979/3155/3902
f 3980/3156/3903 3982/3158/3905 3981/3157/3904
f 3974/3150/3897 3983/3159/3906 3957/3135/3881
f 3799/2994/3727 3984/3160/3907 3981/3157/3904
f 3984/3160/3907 3799/2994/3727 3803/2998/3731
f 3980/3156/3903 3981/3157/3904 3984/3160/3907
f 3984/3160/3907 3985/3161/3908 3980/3156/3903
f 3985/3161/3908 3986/3162/3909 3980/3156/3903
f 3977/3153/3900 3980/3156/3903 3986/3162/3909
f 3986/3162/3909 3987/3163/3910 3977/3153/3900
f 3975/3151/3898 3977/3153/3900 3987/3163/3910
f 3987/3163/3910 3974/3150/3897 3975/3151/3898
f 3974/3150/3897 3987/3163/3910 3988/3164/3911
f 3983/3159/3906 3988/3164/3911 3989/3165/3912
f 3988/3164/3911 3983/3159/3906 3974/3150/3897
f 3990/3166/3913 3983/3159/3906 3989/3165/3912
f 3989/3165/3912 3991/3167/3914 3990/3166/3913
f 3774/2972/3704 3990/3166/3913 3991/3167/3914
f 3991/3167/3914 3811/3006/3739 3774/2972/3704
f 3992/3168/3915 3803/2998/3731 3812/3007/3740
f 3803/2998/3731 3992/3168/3915 3984/3160/3907
f 3985/3161/3908 3984/3160/3907 3992/3168/3915
f 3992/3168/3915 3993/3169/3916 3985/3161/3908
f 3986/3162/3909 3985/3161/3908 3993/3169/3916
f 3993/3169/3916 3994/3170/3917 3986/3162/3909
f 3994/3170/3917 3987/3163/3910 3986/3162/3909
f 3987/3163/3910 3995/3171/3918 3988/3164/3911
f 3995/3171/3918 3987/3163/3910 3994/3170/3917
f 3989/3165/3912 3988/3164/3911 3995/3171/3918
f 3989/3165/3912 3995/3171/3918 3996/3172/3919
f 3811/3006/3739 3991/3167/3914 3972/3148/3895
f 3972/3148/3895 3790/2985/3718 3811/3006/3739
f 3991/3167/3914 3996/3172/3919 3972/3148/3895
f 3996/3172/3919 3991/3167/3914 3989/3165/3912
f 3995/3171/3918 3893/3072/3821 3996/3172/3919
f 3893/3072/3821 3972/3148/3895 3996/3172/3919
f 3974/3150/3897 3973/3149/3896 3975/3151/3898
f 3957/3135/3881 3990/3166/3913 3774/2972/3704
f 3957/3135/3881 3983/3159/3906 3990/3166/3913
f 3880/3066/3808 3892/3071/3820 3997/3173/3920
f 3892/3071/3820 3880/3066/3808 3881/3067/3809
f 3998/3174/3921 3999/3175/3922 4000/3176/3923
f 4000/3176/3923 3999/3175/3922 4001/3177/3924
f 4002/3178/3925 4003/3179/3926 4004/3180/3927
f 4004/3180/3927 4003/3179/3926 4005/3181/3928
f 4006/3182/3929 4002/3178/3925 4007/3183/3930
f 4007/3183/3930 4002/3178/3925 4004/3180/3927
f 4003/3179/3926 3998/3174/3921 4005/3181/3928
f 4005/3181/3928 3998/3174/3921 4000/3176/3923
f 4001/3177/3924 4008/3184/3931 4009/3185/3932
f 4008/3184/3931 4001/3177/3924 3999/3175/3922
f 4008/3184/3931 4010/3186/3933 4009/3185/3932
f 4009/3185/3932 4010/3186/3933 4011/3187/3934
f 4010/3186/3933 4012/3188/3935 4011/3187/3934
f 4011/3187/3934 4012/3188/3935 4013/3189/3936
f 4014/3190/3937 4015/3191/3938 4016/3192/3939
f 4016/3192/3939 4015/3191/3938 4017/3193/3940
f 4014/3190/3937 4018/3194/3941 4019/3195/3942
f 4018/3194/3941 4014/3190/3937 4016/3192/3939
f 4020/3196/3943 4017/3193/3940 4015/3191/3938
f 4017/3193/3940 4020/3196/3943 4021/3197/3944
f 4020/3196/3943 4022/3198/3945 4021/3197/3944
f 4022/3198/3945 4020/3196/3943 4023/3199/3946
f 4024/3125/3947 4023/3199/3946 4025/3126/3948
f 4023/3199/3946 4026/3200/3949 4025/3126/3948
f 4027/3201/3950 4028/3202/3951 4029/3203/3952
f 4029/3203/3952 4028/3202/3951 4030/3204/3953
f 4031/3205/3954 4032/3206/3955 4033/3207/3956
f 4031/3205/3954 4033/3207/3956 4034/3195/3957
f 4033/3207/3956 4027/3201/3950 4034/3195/3957
f 4034/3195/3957 4027/3201/3950 4029/3203/3952
f 4032/3206/3955 4035/3208/3958 4036/3209/3959
f 4035/3208/3958 4032/3206/3955 4031/3205/3954
f 4028/3202/3951 4037/3210/3960 4030/3204/3953
f 4030/3204/3953 4037/3210/3960 4038/3211/3961
f 4037/3210/3960 4039/3200/3962 4038/3211/3961
f 4039/3200/3962 4037/3210/3960 4040/3212/3963
f 4041/3203/3964 4015/3191/3938 4014/3190/3937
f 4015/3191/3938 4041/3203/3964 4042/3204/3965
f 4043/3213/3966 4017/3193/3940 4044/3214/3967
f 4017/3193/3940 4043/3213/3966 4016/3192/3939
f 4019/3195/3942 4018/3194/3941 4045/3205/3968
f 4014/3190/3937 4019/3195/3942 4041/3203/3964
f 4018/3194/3941 4046/3215/3969 4047/3216/3970
f 4046/3215/3969 4018/3194/3941 4016/3192/3939
f 4045/3205/3968 4048/3217/3971 4049/3208/3972
f 4048/3217/3971 4045/3205/3968 4018/3194/3941
f 4048/3217/3971 4018/3194/3941 4047/3216/3970
f 4016/3192/3939 4043/3213/3966 4046/3215/3969
f 4042/3204/3965 4020/3196/3943 4015/3191/3938
f 4020/3196/3943 4042/3204/3965 4050/3211/3973
f 4044/3214/3967 4021/3197/3944 4051/3218/3974
f 4017/3193/3940 4021/3197/3944 4044/3214/3967
f 4026/3200/3949 4020/3196/3943 4050/3211/3973
f 4020/3196/3943 4026/3200/3949 4023/3199/3946
f 4052/3219/3975 4051/3218/3974 4021/3197/3944
f 4021/3197/3944 4022/3198/3945 4052/3219/3975
f 3948/3126/3872 4039/3200/3962 4040/3212/3963
f 4053/3220/3976 4052/3219/3975 4022/3198/3945
f 4022/3198/3945 4054/3221/3977 4053/3220/3976
f 4054/3221/3977 4023/3199/3946 4024/3125/3947
f 4023/3199/3946 4054/3221/3977 4022/3198/3945
f 4055/3222/3978 4013/3189/3936 4056/3223/3979
f 4056/3223/3979 4013/3189/3936 4012/3188/3935
f 4055/3222/3978 4056/3223/3979 3922/3100/3850
f 3947/3125/3871 3940/3118/3864 4057/3221/3980
f 4058/3224/3981 3877/3063/3805 3821/3016/3749
f 3942/3120/3866 3954/3132/3878 3937/3115/3861
f 3941/3119/3865 3954/3132/3878 3942/3120/3866
f 3954/3132/3878 3941/3119/3865 3953/3131/3877
f 3944/3122/3868 3953/3131/3877 3941/3119/3865
f 3953/3131/3877 3944/3122/3868 3955/3133/3879
f 3946/3124/3870 3955/3133/3879 3944/3122/3868
f 3955/3133/3879 3946/3124/3870 3956/3134/3880
f 4059/3225/3982 3949/3127/3873 3948/3126/3872
f 3939/3117/3863 3949/3127/3873 3951/3129/3875
f 3949/3127/3873 3939/3117/3863 3938/3116/3862
f 3949/3127/3873 4059/3225/3982 4060/3226/3983
f 3913/3091/3841 3920/3098/3848 3922/3100/3850
f 4055/3222/3978 3922/3100/3850 4058/3224/3981
f 4058/3224/3981 3821/3016/3749 4055/3222/3978
f 4013/3189/3936 3821/3016/3749 3818/3013/3746
f 3821/3016/3749 4013/3189/3936 4055/3222/3978
f 4011/3187/3934 4013/3189/3936 3818/3013/3746
f 4011/3187/3934 3818/3013/3746 3997/3173/3920
f 4009/3185/3932 4011/3187/3934 3997/3173/3920
f 4009/3185/3932 3997/3173/3920 3892/3071/3820
f 4009/3185/3932 3891/3070/3819 4001/3177/3924
f 3891/3070/3819 4009/3185/3932 3892/3071/3820
f 4001/3177/3924 3895/3073/3823 4000/3176/3923
f 3895/3073/3823 4001/3177/3924 3891/3070/3819
f 4000/3176/3923 3982/3158/3905 4005/3181/3928
f 3982/3158/3905 4000/3176/3923 3895/3073/3823
f 4005/3181/3928 3979/3155/3902 4004/3180/3927
f 3982/3158/3905 3979/3155/3902 4005/3181/3928
f 4007/3183/3930 4004/3180/3927 3978/3154/3901
f 3979/3155/3902 3978/3154/3901 4004/3180/3927
f 4056/3223/3979 3954/3132/3878 3922/3100/3850
f 3954/3132/3878 4056/3223/3979 3937/3115/3861
f 4056/3223/3979 3940/3118/3864 3937/3115/3861
f 3940/3118/3864 4056/3223/3979 4012/3188/3935
f 4012/3188/3935 4057/3221/3980 3940/3118/3864
f 4012/3188/3935 4061/3220/3984 4057/3221/3980
f 4062/3219/3985 4061/3220/3984 4010/3186/3933
f 4012/3188/3935 4010/3186/3933 4061/3220/3984
f 4063/3218/3986 4062/3219/3985 4008/3184/3931
f 4008/3184/3931 4062/3219/3985 4010/3186/3933
f 4064/3214/3987 4063/3218/3986 3999/3175/3922
f 3999/3175/3922 4063/3218/3986 4008/3184/3931
f 4065/3213/3988 4064/3214/3987 3998/3174/3921
f 3998/3174/3921 4064/3214/3987 3999/3175/3922
f 4066/3215/3989 4065/3213/3988 4003/3179/3926
f 4003/3179/3926 4065/3213/3988 3998/3174/3921
f 4067/3216/3990 4066/3215/3989 4002/3178/3925
f 4002/3178/3925 4066/3215/3989 4003/3179/3926
f 4068/3217/3991 4067/3216/3990 4006/3182/3929
f 4006/3182/3929 4067/3216/3990 4002/3178/3925
f 3948/3126/3872 4040/3212/3963 4059/3225/3982
f 3937/3115/3861 3939/3117/3863 3942/3120/3866
f 3938/3116/3862 3940/3118/3864 3947/3125/3871
f 3949/3127/3873 4060/3226/3983 3951/3129/3875
f 3920/3098/3848 3740/2938/3672 4058/3224/3981
f 3877/3063/3805 4058/3224/3981 3740/2938/3672
f 4058/3224/3981 3922/3100/3850 3920/3098/3848
f 3799/2994/3727 3982/3158/3905 3895/3073/3823
f 3820/3015/3748 3997/3173/3920 3818/3013/3746
f 3997/3173/3920 3820/3015/3748 3880/3066/3808
f 3799/2994/3727 3895/3073/3823 3883/3069/3811
f 3992/3168/3915 3893/3072/3821 3993/3169/3916
f 3994/3170/3917 3893/3072/3821 3995/3171/3918
f 3993/3169/3916 3893/3072/3821 3994/3170/3917
f 3812/3007/3740 3893/3072/3821 3992/3168/3915
f 3966/3144/3890 3780/2978/3710 3894/2981/3822
f 4069/3227/3992 3967/3145/3891 4070/3228/3992
f 3967/3145/3891 4069/3227/3992 3968/3144/3891
f 3965/3143/3889 3966/3144/3890 4071/3227/3993
f 3969/3145/3892 3788/2983/3716 3971/3147/3894
f 3969/3145/3892 3971/3147/3894 4072/3228/3994
f 3877/3063/3805 3819/3014/3747 3821/3016/3749
f 3812/3007/3740 3791/2986/3719 3893/3072/3821
f 4073/3229/3995 4074/3230/3996 4075/3231/3997
f 4074/3230/3996 4073/3229/3995 4076/3232/3998
f 4077/3233/3999 4075/3231/3997 4078/3234/4000
f 4075/3231/3997 4077/3233/3999 4073/3229/3995
f 4077/3233/3999 4079/3235/4001 4080/3236/4002
f 4079/3235/4001 4077/3233/3999 4078/3234/4000
f 4080/3236/4002 3902/3080/3830 3903/3081/3831
f 3902/3080/3830 4080/3236/4002 4079/3235/4001
f 4081/3237/4003 4082/3238/4004 4083/3239/4005
f 4082/3238/4004 4081/3237/4003 4084/3240/4006
f 4083/3239/4005 4085/3241/4007 4081/3237/4003
f 4081/3237/4003 4085/3241/4007 4086/3242/4008
f 4085/3241/4007 4087/3243/4009 4086/3242/4008
f 4086/3242/4008 4087/3243/4009 4088/3244/4010
f 4087/3243/4009 3911/3089/3839 4088/3244/4010
f 4088/3244/4010 3911/3089/3839 3910/3088/3838
f 4089/3245/4011 4090/3246/4012 4091/3247/4013
f 4090/3246/4012 4089/3245/4011 4092/3248/4014
f 4091/3247/4013 4093/3249/4015 4094/3250/4016
f 4093/3249/4015 4091/3247/4013 4090/3246/4012
f 4095/3251/4017 4094/3250/4016 4093/3249/4015
f 4095/3251/4017 4093/3249/4015 4096/3252/4018
f 4095/3251/4017 3919/3097/3847 3918/3096/3846
f 3919/3097/3847 4095/3251/4017 4096/3252/4018
f 4089/3245/4011 4091/3247/4013 4097/3253/4019
f 4097/3253/4019 4098/3254/4020 4089/3245/4011
f 4091/3247/4013 4094/3250/4016 4099/3255/4021
f 4094/3250/4016 4100/3256/4022 4099/3255/4021
f 4094/3250/4016 4095/3251/4017 4100/3256/4022
f 4100/3256/4022 4095/3251/4017 4101/3257/4023
f 4095/3251/4017 3918/3096/3846 4101/3257/4023
f 4101/3257/4023 3918/3096/3846 3924/3102/3852
f 4074/3230/3996 4102/3258/4024 4075/3231/3997
f 4102/3258/4024 4074/3230/3996 4103/3259/4025
f 4079/3235/4001 3926/3104/3854 3902/3080/3830
f 3926/3104/3854 4079/3235/4001 4104/3260/4026
f 4105/3261/4027 4079/3235/4001 4078/3234/4000
f 4079/3235/4001 4105/3261/4027 4104/3260/4026
f 4102/3258/4024 4078/3234/4000 4075/3231/3997
f 4078/3234/4000 4102/3258/4024 4105/3261/4027
f 4106/3262/4028 4107/3263/4029 4076/3232/3998
f 4106/3262/4028 4076/3232/3998 4073/3229/3995
f 4108/3264/4030 4106/3262/4028 4073/3229/3995
f 4108/3264/4030 4073/3229/3995 4077/3233/3999
f 4108/3264/4030 4080/3236/4002 4109/3265/4031
f 4080/3236/4002 4108/3264/4030 4077/3233/3999
f 4109/3265/4031 3903/3081/3831 3932/3110/3860
f 3903/3081/3831 4109/3265/4031 4080/3236/4002
f 4081/3237/4003 4110/3266/4032 4084/3240/4006
f 4110/3266/4032 4111/3267/4033 4084/3240/4006
f 4110/3266/4032 4086/3242/4008 4112/3268/4008
f 4086/3242/4008 4110/3266/4032 4081/3237/4003
f 4112/3268/4008 4088/3244/4010 4113/3269/4010
f 4088/3244/4010 4112/3268/4008 4086/3242/4008
f 4113/3269/4010 3910/3088/3838 3936/3114/3838
f 3910/3088/3838 4113/3269/4010 4088/3244/4010
f 4111/3267/4033 4110/3266/4032 4090/3246/4012
f 4090/3246/4012 4092/3248/4014 4111/3267/4033
f 4090/3246/4012 4112/3268/4008 4093/3249/4015
f 4112/3268/4008 4090/3246/4012 4110/3266/4032
f 4093/3249/4015 4113/3269/4010 4096/3252/4018
f 4113/3269/4010 4093/3249/4015 4112/3268/4008
f 4096/3252/4018 3936/3114/3838 3919/3097/3847
f 3936/3114/3838 4096/3252/4018 4113/3269/4010
f 4107/3263/4029 4106/3262/4028 4083/3239/4005
f 4083/3239/4005 4082/3238/4004 4107/3263/4029
f 4106/3262/4028 4108/3264/4030 4085/3241/4007
f 4085/3241/4007 4083/3239/4005 4106/3262/4028
f 4087/3243/4009 4085/3241/4007 4108/3264/4030
f 4087/3243/4009 4108/3264/4030 4109/3265/4031
f 4087/3243/4009 3932/3110/3860 3911/3089/3839
f 3932/3110/3860 4087/3243/4009 4109/3265/4031
f 4114/3270/4034 4115/3271/4035 4116/3272/4036
f 4115/3271/4035 4114/3270/4034 4117/3273/4037
f 4114/3270/4034 4118/3274/4038 4119/3275/4039
f 4118/3274/4038 4114/3270/4034 4120/3276/4040
f 4121/3277/4041 4119/3275/4039 4118/3274/4038
f 3945/3123/3869 4119/3275/4039 4121/3277/4041
f 3945/3123/3869 4121/3277/4041 3946/3124/3870
f 4122/3278/4042 4123/3279/4043 4117/3273/4037
f 4123/3279/4043 4124/3280/4044 4117/3273/4037
f 4119/3275/4039 4125/3281/4045 4114/3270/4034
f 4125/3281/4045 4119/3275/4039 4126/3282/4046
f 4126/3282/4046 3945/3123/3869 3952/3130/3876
f 3945/3123/3869 4126/3282/4046 4119/3275/4039
f 4127/3283/4047 4100/3256/4022 4128/3284/4048
f 4100/3256/4022 4127/3283/4047 4099/3255/4021
f 4128/3284/4048 4101/3257/4023 4129/3285/4049
f 4101/3257/4023 4128/3284/4048 4100/3256/4022
f 4129/3285/4049 3924/3102/3852 3956/3134/3880
f 3924/3102/3852 4129/3285/4049 4101/3257/4023
f 4130/3286/4050 4131/3287/4051 4132/3288/4052
f 4131/3287/4051 4130/3286/4050 4133/3289/4053
f 4131/3287/4051 3959/3137/3883 3960/3138/3884
f 3959/3137/3883 4131/3287/4051 4133/3289/4053
f 4132/3288/4052 4131/3287/4051 4134/3290/4054
f 4134/3290/4054 4131/3287/4051 4135/3291/4055
f 4131/3287/4051 3960/3138/3884 4135/3291/4055
f 4135/3291/4055 3960/3138/3884 3962/3140/3886
f 4136/3292/4056 3964/3142/3888 3963/3141/3887
f 3964/3142/3888 4136/3292/4056 4137/3293/4057
f 3965/3143/3889 4136/3292/4056 3963/3141/3887
f 4136/3292/4056 3965/3143/3889 4138/3294/4058
f 3965/3143/3889 4139/3295/4059 4138/3294/4058
f 4135/3291/4055 4137/3293/4057 4134/3290/4054
f 3962/3140/3886 3964/3142/3888 4135/3291/4055
f 4140/3296/4060 4141/3297/4061 4142/3298/4060
f 4141/3297/4061 4140/3296/4060 4143/3295/4061
f 4144/3298/4062 4145/3297/4063 4146/3299/4064
f 3970/3146/3893 4147/3300/4065 4146/3299/4064
f 3970/3146/3893 4146/3299/4064 3971/3147/3894
f 4135/3291/4055 3964/3142/3888 4137/3293/4057
f 4148/3301/4066 4149/3302/4067 4150/3303/4068
f 3973/3149/3896 4133/3289/4053 4151/3304/4069
f 4133/3289/4053 3973/3149/3896 3959/3137/3883
f 4152/3305/4070 3976/3152/3899 4153/3306/4071
f 3973/3149/3896 4153/3306/4071 3976/3152/3899
f 3976/3152/3899 4152/3305/4070 4154/3307/4072
f 3976/3152/3899 4154/3307/4072 3978/3154/3901
f 4152/3305/4070 4155/3308/4073 4154/3307/4072
f 4156/3309/4074 4157/3310/4075 4158/3311/4076
f 4158/3311/4076 4155/3308/4073 4156/3309/4074
f 4155/3308/4073 4158/3311/4076 4154/3307/4072
f 4151/3304/4069 4133/3289/4053 4159/3312/4077
f 4157/3310/4075 4156/3309/4074 4160/3313/4078
f 4157/3310/4075 4160/3313/4078 4161/3314/4079
f 4156/3309/4074 4155/3308/4073 4160/3313/4078
f 4155/3308/4073 4162/3315/4080 4160/3313/4078
f 4155/3308/4073 4152/3305/4070 4163/3316/4081
f 4155/3308/4073 4163/3316/4081 4162/3315/4080
f 4152/3305/4070 4153/3306/4071 4164/3317/4082
f 4152/3305/4070 4164/3317/4082 4163/3316/4081
f 4165/3318/4083 4153/3306/4071 4151/3304/4069
f 4153/3306/4071 4165/3318/4083 4164/3317/4082
f 4165/3318/4083 4159/3312/4077 4166/3319/4084
f 4159/3312/4077 4165/3318/4083 4151/3304/4069
f 4166/3319/4084 4167/3320/4085 4168/3321/4086
f 4159/3312/4077 4167/3320/4085 4166/3319/4084
f 4169/3322/4087 4168/3321/4086 4130/3286/4050
f 4167/3320/4085 4130/3286/4050 4168/3321/4086
f 4161/3314/4079 4160/3313/4078 4170/3323/4088
f 4171/3324/4089 4170/3323/4088 4160/3313/4078
f 4160/3313/4078 4162/3315/4080 4171/3324/4089
f 4172/3325/4090 4171/3324/4089 4162/3315/4080
f 4162/3315/4080 4163/3316/4081 4172/3325/4090
f 4173/3326/4091 4172/3325/4090 4163/3316/4081
f 4173/3326/4091 4163/3316/4081 4164/3317/4082
f 4174/3327/4092 4164/3317/4082 4165/3318/4083
f 4164/3317/4082 4174/3327/4092 4173/3326/4091
f 4175/3328/4093 4174/3327/4092 4166/3319/4084
f 4174/3327/4092 4165/3318/4083 4166/3319/4084
f 4168/3321/4086 4169/3322/4087 4150/3303/4068
f 4150/3303/4068 4169/3322/4087 4148/3301/4066
f 4166/3319/4084 4168/3321/4086 4175/3328/4093
f 4175/3328/4093 4168/3321/4086 4150/3303/4068
f 4174/3327/4092 4175/3328/4093 4149/3302/4067
f 4149/3302/4067 4175/3328/4093 4150/3303/4068
f 4151/3304/4069 4153/3306/4071 3973/3149/3896
f 4133/3289/4053 4130/3286/4050 4167/3320/4085
f 4133/3289/4053 4167/3320/4085 4159/3312/4077
f 4176/3329/4094 4177/3330/4095 4178/3331/4096
f 4177/3330/4095 4176/3329/4094 4179/3332/4097
f 4180/3333/4098 4181/3334/4099 4182/3335/4100
f 4181/3334/4099 4180/3333/4098 4183/3336/4101
f 4184/3337/4102 4185/3338/4103 4186/3339/4104
f 4185/3338/4103 4184/3337/4102 4187/3340/4105
f 4187/3340/4105 4007/3183/3930 4185/3338/4103
f 4007/3183/3930 4187/3340/4105 4006/3182/3929
f 4183/3336/4101 4186/3339/4104 4181/3334/4099
f 4186/3339/4104 4183/3336/4101 4184/3337/4102
f 4188/3341/4106 4182/3335/4100 4189/3342/4107
f 4182/3335/4100 4188/3341/4106 4180/3333/4098
f 4190/3343/4108 4189/3342/4107 4191/3344/4109
f 4189/3342/4107 4190/3343/4108 4188/3341/4106
f 4192/3345/4110 4191/3344/4109 4193/3346/4111
f 4191/3344/4109 4192/3345/4110 4190/3343/4108
f 4194/3347/4112 4195/3348/4113 4196/3349/4114
f 4195/3348/4113 4197/3350/4115 4196/3349/4114
f 4198/3351/4116 4196/3349/4114 4197/3350/4115
f 4197/3350/4115 4199/3352/4117 4198/3351/4116
f 4194/3347/4112 4200/3353/4118 4201/3354/4119
f 4201/3354/4119 4195/3348/4113 4194/3347/4112
f 4202/3355/4120 4201/3354/4119 4203/3356/4121
f 4203/3356/4121 4201/3354/4119 4200/3353/4118
f 4202/3355/4120 4204/3279/4122 4205/3357/4123
f 4202/3355/4120 4206/3280/4124 4204/3279/4122
f 4207/3358/4125 4208/3359/4126 4209/3360/4127
f 4209/3360/4127 4210/3361/4128 4207/3358/4125
f 4211/3362/4129 4212/3363/4130 4213/3364/4131
f 4213/3364/4131 4212/3363/4130 4214/3352/4132
f 4207/3358/4125 4210/3361/4128 4214/3352/4132
f 4210/3361/4128 4213/3364/4131 4214/3352/4132
f 4036/3209/3959 4035/3208/3958 4211/3362/4129
f 4212/3363/4130 4211/3362/4129 4035/3208/3958
f 4208/3359/4126 4215/3365/4133 4216/3366/4134
f 4216/3366/4134 4209/3360/4127 4208/3359/4126
f 4216/3366/4134 4217/3357/4135 4218/3367/4136
f 4217/3357/4135 4216/3366/4134 4215/3365/4133
f 4219/3358/4137 4195/3348/4113 4220/3359/4138
f 4195/3348/4113 4219/3358/4137 4197/3350/4115
f 4221/3368/4139 4222/3369/4140 4194/3347/4112
f 4221/3368/4139 4194/3347/4112 4196/3349/4114
f 4199/3352/4117 4223/3363/4141 4198/3351/4116
f 4197/3350/4115 4219/3358/4137 4199/3352/4117
f 4224/3370/4142 4198/3351/4116 4225/3371/4143
f 4198/3351/4116 4224/3370/4142 4196/3349/4114
f 4048/3217/3971 4223/3363/4141 4049/3208/3972
f 4223/3363/4141 4048/3217/3971 4198/3351/4116
f 4048/3217/3971 4225/3371/4143 4198/3351/4116
f 4196/3349/4114 4224/3370/4142 4221/3368/4139
f 4220/3359/4138 4201/3354/4119 4226/3365/4144
f 4201/3354/4119 4220/3359/4138 4195/3348/4113
f 4200/3353/4118 4194/3347/4112 4222/3369/4140
f 4222/3369/4140 4227/3372/4145 4200/3353/4118
f 4201/3354/4119 4205/3357/4123 4226/3365/4144
f 4205/3357/4123 4201/3354/4119 4202/3355/4120
f 4228/3373/4146 4200/3353/4118 4227/3372/4145
f 4200/3353/4118 4228/3373/4146 4203/3356/4121
f 4123/3279/4043 4218/3367/4136 4217/3357/4135
f 4229/3374/4147 4203/3356/4121 4230/3375/4148
f 4203/3356/4121 4228/3373/4146 4230/3375/4148
f 4229/3374/4147 4202/3355/4120 4203/3356/4121
f 4202/3355/4120 4229/3374/4147 4206/3280/4124
f 4231/3376/4149 4193/3346/4111 4232/3377/4150
f 4193/3346/4111 4231/3376/4149 4192/3345/4110
f 4232/3377/4150 4099/3255/4021 4231/3376/4149
f 4124/3280/4044 4233/3374/4151 4115/3271/4035
f 4234/3378/4152 4176/3329/4094 4235/3379/4153
f 4120/3276/4040 4116/3272/4036 4127/3283/4047
f 4127/3283/4047 4128/3284/4048 4120/3276/4040
f 4118/3274/4038 4120/3276/4040 4128/3284/4048
f 4128/3284/4048 4129/3285/4049 4118/3274/4038
f 4121/3277/4041 4118/3274/4038 4129/3285/4049
f 4129/3285/4049 3956/3134/3880 4121/3277/4041
f 4121/3277/4041 3956/3134/3880 3946/3124/3870
f 4236/3380/4154 4123/3279/4043 4122/3278/4042
f 4125/3281/4045 4117/3273/4037 4114/3270/4034
f 4117/3273/4037 4125/3281/4045 4122/3278/4042
f 4122/3278/4042 4237/3381/4155 4236/3380/4154
f 4091/3247/4013 4099/3255/4021 4097/3253/4019
f 4099/3255/4021 4232/3377/4150 4234/3378/4152
f 4176/3329/4094 4234/3378/4152 4232/3377/4150
f 4232/3377/4150 4193/3346/4111 4176/3329/4094
f 4179/3332/4097 4176/3329/4094 4193/3346/4111
f 4191/3344/4109 4179/3332/4097 4193/3346/4111
f 4238/3382/4156 4179/3332/4097 4191/3344/4109
f 4189/3342/4107 4238/3382/4156 4191/3344/4109
f 4239/3383/4157 4238/3382/4156 4189/3342/4107
f 4240/3384/4158 4189/3342/4107 4182/3335/4100
f 4189/3342/4107 4240/3384/4158 4239/3383/4157
f 4241/3385/4159 4182/3335/4100 4181/3334/4099
f 4182/3335/4100 4241/3385/4159 4240/3384/4158
f 4181/3334/4099 4158/3311/4076 4241/3385/4159
f 4158/3311/4076 4181/3334/4099 4186/3339/4104
f 4154/3307/4072 4158/3311/4076 4186/3339/4104
f 4186/3339/4104 4185/3338/4103 4154/3307/4072
f 3978/3154/3901 4154/3307/4072 4185/3338/4103
f 3978/3154/3901 4185/3338/4103 4007/3183/3930
f 4127/3283/4047 4231/3376/4149 4099/3255/4021
f 4231/3376/4149 4127/3283/4047 4116/3272/4036
f 4115/3271/4035 4192/3345/4110 4116/3272/4036
f 4231/3376/4149 4116/3272/4036 4192/3345/4110
f 4192/3345/4110 4115/3271/4035 4233/3374/4151
f 4192/3345/4110 4233/3374/4151 4242/3375/4160
f 4192/3345/4110 4242/3375/4160 4190/3343/4108
f 4242/3375/4160 4243/3373/4161 4190/3343/4108
f 4188/3341/4106 4190/3343/4108 4243/3373/4161
f 4243/3373/4161 4244/3372/4162 4188/3341/4106
f 4180/3333/4098 4188/3341/4106 4244/3372/4162
f 4244/3372/4162 4245/3369/4163 4180/3333/4098
f 4183/3336/4101 4180/3333/4098 4245/3369/4163
f 4245/3369/4163 4246/3368/4164 4183/3336/4101
f 4184/3337/4102 4183/3336/4101 4246/3368/4164
f 4246/3368/4164 4247/3370/4165 4184/3337/4102
f 4184/3337/4102 4247/3370/4165 4187/3340/4105
f 4247/3370/4165 4248/3371/4166 4187/3340/4105
f 4187/3340/4105 4248/3371/4166 4006/3182/3929
f 4248/3371/4166 4068/3217/3991 4006/3182/3929
f 4123/3279/4043 4236/3380/4154 4218/3367/4136
f 4116/3272/4036 4120/3276/4040 4114/3270/4034
f 4117/3273/4037 4124/3280/4044 4115/3271/4035
f 4122/3278/4042 4125/3281/4045 4237/3381/4155
f 4098/3254/4020 4097/3253/4019 4234/3378/4152
f 4098/3254/4020 4234/3378/4152 4235/3379/4153
f 4234/3378/4152 4097/3253/4019 4099/3255/4021
f 4157/3310/4075 4241/3385/4159 4158/3311/4076
f 4239/3383/4157 4240/3384/4158 4249/3386/4167
f 4239/3383/4157 4249/3386/4167 4250/3387/4168
f 4148/3301/4066 4251/3388/4169 4149/3302/4067
f 4171/3324/4089 4172/3325/4090 4149/3302/4067
f 4149/3302/4067 4173/3326/4091 4174/3327/4092
f 4149/3302/4067 4172/3325/4090 4173/3326/4091
f 4170/3323/4088 4171/3324/4089 4149/3302/4067
f 4139/3295/4059 4252/3296/4170 4138/3294/4058
f 4141/3297/4061 4069/3227/3992 4070/3228/3992
f 4069/3227/3992 4141/3297/4061 4143/3295/4061
f 3965/3143/3889 4071/3227/3993 4139/3295/4059
f 4145/3297/4063 3971/3147/3894 4146/3299/4064
f 4145/3297/4063 4072/3228/3994 3971/3147/3894
f 4241/3385/4159 4253/3389/4171 4249/3386/4167
f 4241/3385/4159 4249/3386/4167 4240/3384/4158
f 4074/3230/3996 4254/3390/4172 4255/3391/4173
f 4254/3390/4172 4074/3230/3996 4076/3232/3998
f 4255/3391/4173 4256/3392/4174 4257/3393/4175
f 4256/3392/4174 4255/3391/4173 4254/3390/4172
f 4257/3393/4175 4258/3394/4176 4259/3395/4177
f 4258/3394/4176 4257/3393/4175 4256/3392/4174
f 1182/678/1182 4259/3395/4177 4258/3394/4176
f 4258/3394/4176 1181/677/1181 1182/678/1182
f 4260/3396/4178 4082/3238/4004 4084/3240/4006
f 4084/3240/4006 4261/3397/4179 4260/3396/4178
f 4262/3398/4180 4260/3396/4178 4261/3397/4179
f 4261/3397/4179 4263/3399/4181 4262/3398/4180
f 4264/3400/4182 4262/3398/4180 4263/3399/4181
f 4263/3399/4181 4265/3401/4183 4264/3400/4182
f 1192/688/1192 4264/3400/4182 4265/3401/4183
f 4265/3401/4183 1191/687/1191 1192/688/1192
f 4089/3245/4011 4266/3402/4184 4092/3248/4014
f 4266/3402/4184 4089/3245/4011 4267/3403/4185
f 4267/3403/4185 4268/3404/4186 4266/3402/4184
f 4268/3404/4186 4267/3403/4185 4269/3405/4187
f 4270/3406/4188 4268/3404/4186 4269/3405/4187
f 4268/3404/4186 4270/3406/4188 4271/3407/4189
f 4270/3406/4188 1201/697/1201 4271/3407/4189
f 1201/697/1201 4270/3406/4188 1202/698/1202
f 4272/3408/4190 4089/3245/4011 4098/3254/4020
f 4267/3403/4185 4089/3245/4011 4272/3408/4190
f 4269/3405/4187 4267/3403/4185 4273/3409/4191
f 4273/3409/4191 4274/3410/4192 4269/3405/4187
f 4270/3406/4188 4269/3405/4187 4274/3410/4192
f 4274/3410/4192 4275/3411/4193 4270/3406/4188
f 1202/698/1202 4270/3406/4188 4275/3411/4193
f 4275/3411/4193 1208/704/1208 1202/698/1202
f 4276/3412/4194 4074/3230/3996 4255/3391/4173
f 4074/3230/3996 4276/3412/4194 4103/3259/4025
f 4277/3413/4195 1182/678/1182 1212/708/1212
f 1182/678/1182 4277/3413/4195 4259/3395/4177
f 4277/3413/4195 4257/3393/4175 4259/3395/4177
f 4257/3393/4175 4277/3413/4195 4278/3414/4196
f 4278/3414/4196 4276/3412/4194 4257/3393/4175
f 4257/3393/4175 4276/3412/4194 4255/3391/4173
f 4279/3415/4197 4076/3232/3998 4107/3263/4029
f 4076/3232/3998 4279/3415/4197 4254/3390/4172
f 4280/3416/4198 4254/3390/4172 4279/3415/4197
f 4254/3390/4172 4280/3416/4198 4256/3392/4174
f 4280/3416/4198 4258/3394/4176 4256/3392/4174
f 4258/3394/4176 4280/3416/4198 4281/3417/4199
f 4281/3417/4199 1181/677/1181 4258/3394/4176
f 1181/677/1181 4281/3417/4199 1218/714/1218
f 4111/3267/4033 4261/3397/4179 4084/3240/4006
f 4261/3397/4179 4111/3267/4033 4282/3418/4179
f 4282/3418/4179 4263/3399/4181 4261/3397/4179
f 4263/3399/4181 4282/3418/4179 4283/3419/4181
f 4283/3419/4181 4265/3401/4183 4263/3399/4181
f 4265/3401/4183 4283/3419/4181 4284/3420/4183
f 4284/3420/4183 1191/687/1191 4265/3401/4183
f 1191/687/1191 4284/3420/4183 1223/719/1191
f 4092/3248/4014 4282/3418/4179 4111/3267/4033
f 4282/3418/4179 4092/3248/4014 4266/3402/4184
f 4266/3402/4184 4283/3419/4181 4282/3418/4179
f 4283/3419/4181 4266/3402/4184 4268/3404/4186
f 4268/3404/4186 4284/3420/4183 4283/3419/4181
f 4284/3420/4183 4268/3404/4186 4271/3407/4189
f 4271/3407/4189 1223/719/1191 4284/3420/4183
f 1223/719/1191 4271/3407/4189 1201/697/1201
f 4260/3396/4178 4107/3263/4029 4082/3238/4004
f 4107/3263/4029 4260/3396/4178 4279/3415/4197
f 4262/3398/4180 4279/3415/4197 4260/3396/4178
f 4279/3415/4197 4262/3398/4180 4280/3416/4198
f 4264/3400/4182 4280/3416/4198 4262/3398/4180
f 4280/3416/4198 4264/3400/4182 4281/3417/4199
f 4264/3400/4182 1218/714/1218 4281/3417/4199
f 1218/714/1218 4264/3400/4182 1192/688/1192
f 4285/3421/4200 4286/3422/4201 4287/3423/4202
f 4286/3422/4201 4285/3421/4200 4288/3424/4203
f 4285/3421/4200 4289/3425/4204 4290/3426/4205
f 4289/3425/4204 4285/3421/4200 4291/3427/4206
f 4292/3428/4207 4289/3425/4204 4291/3427/4206
f 4291/3427/4206 1233/729/1229 4292/3428/4207
f 4292/3428/4207 1233/729/1229 1232/728/1228
f 4293/3429/4208 4294/3430/4209 4287/3423/4202
f 4293/3429/4208 4287/3423/4202 4295/3431/4210
f 4296/3432/4211 4291/3427/4206 4285/3421/4200
f 4291/3427/4206 4296/3432/4211 4297/3433/4212
f 4297/3433/4212 1233/729/1229 4291/3427/4206
f 1233/729/1229 4297/3433/4212 1239/735/1235
f 4298/3434/4213 4274/3410/4192 4273/3409/4191
f 4274/3410/4192 4298/3434/4213 4299/3435/4214
f 4299/3435/4214 4275/3411/4193 4274/3410/4192
f 4275/3411/4193 4299/3435/4214 4300/3436/4215
f 4300/3436/4215 1208/704/1208 4275/3411/4193
f 1208/704/1208 4300/3436/4215 1243/739/1239
f 4301/3437/4216 4130/3286/4050 4132/3288/4052
f 4130/3286/4050 4301/3437/4216 4302/3438/4217
f 4301/3437/4216 1248/744/1244 4302/3438/4217
f 1248/744/1244 4301/3437/4216 1249/745/1245
f 4301/3437/4216 4132/3288/4052 4134/3290/4054
f 4134/3290/4054 4303/3439/4218 4301/3437/4216
f 1249/745/1245 4301/3437/4216 4303/3439/4218
f 4303/3439/4218 1252/748/1248 1249/745/1245
f 4136/3292/4056 1254/750/1250 4137/3293/4057
f 1254/750/1250 4136/3292/4056 1255/751/1251
f 4136/3292/4056 1257/753/1253 1255/751/1251
f 1257/753/1253 4136/3292/4056 4138/3294/4058
f 1257/753/1253 4138/3294/4058 4304/3440/4219
f 4303/3439/4218 4134/3290/4054 4137/3293/4057
f 1252/748/1248 4303/3439/4218 1254/750/1250
f 4305/3441/4220 4140/3296/4060 4142/3298/4060
f 4140/3296/4060 4305/3441/4220 4306/3440/4220
f 4144/3298/4062 4146/3299/4064 4307/3441/4221
f 4147/3300/4065 1267/760/1261 4146/3299/4064
f 1267/760/1261 4147/3300/4065 1268/761/1262
f 4303/3439/4218 4137/3293/4057 1254/750/1250
f 4148/3301/4066 4308/3442/4222 4251/3388/4169
f 1274/767/1268 4302/3438/4217 1248/744/1244
f 4302/3438/4217 1274/767/1268 4309/3443/4223
f 4310/3444/4224 1275/768/1269 4311/3445/4225
f 1275/768/1269 4310/3444/4224 1274/767/1268
f 4311/3445/4225 1275/768/1269 4312/3446/4226
f 4312/3446/4226 1275/768/1269 1279/772/1273
f 4311/3445/4225 4312/3446/4226 4313/3447/4227
f 4314/3448/4228 4315/3449/4229 4157/3310/4075
f 4315/3449/4229 4313/3447/4227 4312/3446/4226
f 4313/3447/4227 4315/3449/4229 4314/3448/4228
f 4309/3443/4223 4316/3450/4230 4302/3438/4217
f 4317/3451/4231 4157/3310/4075 4161/3314/4079
f 4314/3448/4228 4157/3310/4075 4317/3451/4231
f 4313/3447/4227 4314/3448/4228 4317/3451/4231
f 4313/3447/4227 4317/3451/4231 4318/3452/4232
f 4311/3445/4225 4313/3447/4227 4319/3453/4233
f 4319/3453/4233 4313/3447/4227 4318/3452/4232
f 4320/3454/4234 4311/3445/4225 4319/3453/4233
f 4310/3444/4224 4311/3445/4225 4320/3454/4234
f 4321/3455/4235 4310/3444/4224 4320/3454/4234
f 4309/3443/4223 4310/3444/4224 4321/3455/4235
f 4321/3455/4235 4316/3450/4230 4309/3443/4223
f 4316/3450/4230 4321/3455/4235 4322/3456/4236
f 4323/3457/4237 4316/3450/4230 4322/3456/4236
f 4323/3457/4237 4322/3456/4236 4324/3458/4238
f 4130/3286/4050 4323/3457/4237 4324/3458/4238
f 4130/3286/4050 4324/3458/4238 4169/3322/4087
f 4317/3451/4231 4161/3314/4079 4170/3323/4088
f 4170/3323/4088 4325/3459/4239 4317/3451/4231
f 4318/3452/4232 4317/3451/4231 4325/3459/4239
f 4325/3459/4239 4326/3460/4240 4318/3452/4232
f 4319/3453/4233 4318/3452/4232 4326/3460/4240
f 4326/3460/4240 4327/3461/4241 4319/3453/4233
f 4327/3461/4241 4320/3454/4234 4319/3453/4233
f 4320/3454/4234 4328/3462/4242 4321/3455/4235
f 4328/3462/4242 4320/3454/4234 4327/3461/4241
f 4322/3456/4236 4328/3462/4242 4329/3463/4243
f 4328/3462/4242 4322/3456/4236 4321/3455/4235
f 4169/3322/4087 4324/3458/4238 4308/3442/4222
f 4169/3322/4087 4308/3442/4222 4148/3301/4066
f 4329/3463/4243 4324/3458/4238 4322/3456/4236
f 4324/3458/4238 4329/3463/4243 4308/3442/4222
f 4328/3462/4242 4251/3388/4169 4329/3463/4243
f 4251/3388/4169 4308/3442/4222 4329/3463/4243
f 4309/3443/4223 1274/767/1268 4310/3444/4224
f 4302/3438/4217 4323/3457/4237 4130/3286/4050
f 4302/3438/4217 4316/3450/4230 4323/3457/4237
f 4250/3387/4168 4238/3382/4156 4239/3383/4157
f 4238/3382/4156 4250/3387/4168 4330/3464/4244
f 4331/3465/4245 4332/3466/4246 4333/3467/4247
f 4334/3468/4248 4333/3467/4247 4332/3466/4246
f 4335/3469/4249 4336/3470/4250 4337/3471/4251
f 4337/3471/4251 4336/3470/4250 4338/3472/4252
f 1314/807/1308 4335/3469/4249 1313/806/1307
f 1313/806/1307 4335/3469/4249 4337/3471/4251
f 4336/3470/4250 4331/3465/4245 4338/3472/4252
f 4338/3472/4252 4331/3465/4245 4333/3467/4247
f 4334/3468/4248 4339/3473/4253 4340/3474/4254
f 4339/3473/4253 4334/3468/4248 4332/3466/4246
f 4341/3475/4255 4340/3474/4254 4342/3476/4256
f 4342/3476/4256 4340/3474/4254 4339/3473/4253
f 4343/3477/4257 4341/3475/4255 4344/3478/4258
f 4341/3475/4255 4342/3476/4256 4344/3478/4258
f 4345/3479/4259 4346/3480/4260 4347/3481/4261
f 4347/3481/4261 4346/3480/4260 4348/3482/4262
f 4345/3479/4259 4349/3483/4263 4350/3484/4264
f 4349/3483/4263 4345/3479/4259 4347/3481/4261
f 4351/3485/4265 4348/3482/4262 4352/3486/4266
f 4348/3482/4262 4346/3480/4260 4352/3486/4266
f 4353/3487/4267 4354/3488/4268 4352/3486/4266
f 4354/3488/4268 4351/3485/4265 4352/3486/4266
f 4355/3431/4269 4353/3487/4267 4356/3429/4270
f 4356/3429/4270 4353/3487/4267 4357/3489/4271
f 4358/3490/4272 4359/3491/4273 4360/3492/4274
f 4361/3493/4275 4360/3492/4274 4359/3491/4273
f 4362/3494/4276 4363/3495/4277 4364/3496/4278
f 4362/3494/4276 4364/3496/4278 4365/3484/4279
f 4358/3490/4272 4360/3492/4274 4365/3484/4279
f 4365/3484/4279 4364/3496/4278 4358/3490/4272
f 1343/833/1337 1342/832/1336 4363/3495/4277
f 1343/833/1337 4363/3495/4277 4362/3494/4276
f 4359/3491/4273 4366/3497/4280 4361/3493/4275
f 4367/3498/4281 4361/3493/4275 4366/3497/4280
f 4368/3499/4282 4369/3489/4283 4366/3497/4280
f 4369/3489/4283 4367/3498/4281 4366/3497/4280
f 4370/3492/4284 4346/3480/4260 4345/3479/4259
f 4346/3480/4260 4370/3492/4284 4371/3493/4285
f 4347/3481/4261 4348/3482/4262 4372/3500/4286
f 4348/3482/4262 4373/3501/4287 4372/3500/4286
f 4350/3484/4264 4349/3483/4263 4374/3494/4288
f 4345/3479/4259 4350/3484/4264 4370/3492/4284
f 4375/3502/4289 4349/3483/4263 4347/3481/4261
f 4349/3483/4263 4375/3502/4289 4376/3503/4290
f 1355/841/1349 4374/3494/4288 4349/3483/4263
f 4374/3494/4288 1355/841/1349 1356/833/1350
f 1355/841/1349 4349/3483/4263 4376/3503/4290
f 4347/3481/4261 4372/3500/4286 4375/3502/4289
f 4371/3493/4285 4352/3486/4266 4346/3480/4260
f 4352/3486/4266 4371/3493/4285 4377/3498/4291
f 4378/3504/4292 4373/3501/4287 4351/3485/4265
f 4348/3482/4262 4351/3485/4265 4373/3501/4287
f 4352/3486/4266 4357/3489/4271 4353/3487/4267
f 4357/3489/4271 4352/3486/4266 4377/3498/4291
f 4351/3485/4265 4354/3488/4268 4379/3505/4293
f 4351/3485/4265 4379/3505/4293 4378/3504/4292
f 4293/3429/4208 4369/3489/4283 4368/3499/4282
f 4354/3488/4268 4380/3506/4294 4381/3507/4295
f 4354/3488/4268 4381/3507/4295 4379/3505/4293
f 4380/3506/4294 4353/3487/4267 4355/3431/4269
f 4353/3487/4267 4380/3506/4294 4354/3488/4268
f 4382/3508/4296 4343/3477/4257 4383/3509/4297
f 4383/3509/4297 4343/3477/4257 4344/3478/4258
f 4382/3508/4296 4383/3509/4297 4273/3409/4191
f 4295/3431/4210 4286/3422/4201 4384/3506/4298
f 4385/3510/4299 4235/3379/4153 4178/3331/4096
f 4290/3426/4205 4298/3434/4213 4288/3424/4203
f 4299/3435/4214 4298/3434/4213 4290/3426/4205
f 4290/3426/4205 4289/3425/4204 4299/3435/4214
f 4300/3436/4215 4299/3435/4214 4289/3425/4204
f 4289/3425/4204 4292/3428/4207 4300/3436/4215
f 1243/739/1239 4300/3436/4215 4292/3428/4207
f 4292/3428/4207 1232/728/1228 1243/739/1239
f 4386/3511/4300 4294/3430/4209 4293/3429/4208
f 4296/3432/4211 4287/3423/4202 4294/3430/4209
f 4287/3423/4202 4296/3432/4211 4285/3421/4200
f 4294/3430/4209 4386/3511/4300 4387/3512/4301
f 4267/3403/4185 4272/3408/4190 4273/3409/4191
f 4382/3508/4296 4273/3409/4191 4385/3510/4299
f 4385/3510/4299 4178/3331/4096 4382/3508/4296
f 4343/3477/4257 4382/3508/4296 4178/3331/4096
f 4178/3331/4096 4177/3330/4095 4343/3477/4257
f 4341/3475/4255 4343/3477/4257 4177/3330/4095
f 4177/3330/4095 4330/3464/4244 4341/3475/4255
f 4340/3474/4254 4330/3464/4244 4250/3387/4168
f 4330/3464/4244 4340/3474/4254 4341/3475/4255
f 4334/3468/4248 4340/3474/4254 4249/3386/4167
f 4250/3387/4168 4249/3386/4167 4340/3474/4254
f 4333/3467/4247 4334/3468/4248 4253/3389/4171
f 4249/3386/4167 4253/3389/4171 4334/3468/4248
f 4315/3449/4229 4333/3467/4247 4253/3389/4171
f 4333/3467/4247 4315/3449/4229 4338/3472/4252
f 4337/3471/4251 4338/3472/4252 4312/3446/4226
f 4312/3446/4226 4338/3472/4252 4315/3449/4229
f 4312/3446/4226 1279/772/1273 4337/3471/4251
f 4337/3471/4251 1279/772/1273 1313/806/1307
f 4383/3509/4297 4298/3434/4213 4273/3409/4191
f 4298/3434/4213 4383/3509/4297 4288/3424/4203
f 4288/3424/4203 4383/3509/4297 4344/3478/4258
f 4288/3424/4203 4344/3478/4258 4286/3422/4201
f 4344/3478/4258 4384/3506/4298 4286/3422/4201
f 4344/3478/4258 4388/3507/4302 4384/3506/4298
f 4344/3478/4258 4342/3476/4256 4388/3507/4302
f 4388/3507/4302 4342/3476/4256 4389/3505/4303
f 4342/3476/4256 4339/3473/4253 4389/3505/4303
f 4389/3505/4303 4339/3473/4253 4390/3504/4304
f 4391/3501/4305 4390/3504/4304 4332/3466/4246
f 4339/3473/4253 4332/3466/4246 4390/3504/4304
f 4332/3466/4246 4331/3465/4245 4391/3501/4305
f 4331/3465/4245 4392/3500/4306 4391/3501/4305
f 4393/3502/4307 4392/3500/4306 4336/3470/4250
f 4336/3470/4250 4392/3500/4306 4331/3465/4245
f 4394/3503/4308 4393/3502/4307 4335/3469/4249
f 4335/3469/4249 4393/3502/4307 4336/3470/4250
f 1380/841/1374 4394/3503/4308 1314/807/1308
f 1314/807/1308 4394/3503/4308 4335/3469/4249
f 4293/3429/4208 4368/3499/4282 4386/3511/4300
f 4288/3424/4203 4285/3421/4200 4290/3426/4205
f 4287/3423/4202 4286/3422/4201 4295/3431/4210
f 4294/3430/4209 4387/3512/4301 4296/3432/4211
f 4385/3510/4299 4098/3254/4020 4235/3379/4153
f 4272/3408/4190 4098/3254/4020 4385/3510/4299
f 4385/3510/4299 4273/3409/4191 4272/3408/4190
f 4157/3310/4075 4315/3449/4229 4253/3389/4171
f 4238/3382/4156 4177/3330/4095 4179/3332/4097
f 4177/3330/4095 4238/3382/4156 4330/3464/4244
f 4157/3310/4075 4253/3389/4171 4241/3385/4159
f 4325/3459/4239 4251/3388/4169 4326/3460/4240
f 4327/3461/4241 4251/3388/4169 4328/3462/4242
f 4326/3460/4240 4251/3388/4169 4327/3461/4241
f 4170/3323/4088 4251/3388/4169 4325/3459/4239
f 4304/3440/4219 4138/3294/4058 4252/3296/4170
f 4305/3441/4220 1385/859/1379 4306/3440/4220
f 1385/859/1379 4305/3441/4220 1386/860/1379
f 1257/753/1253 4304/3440/4219 1387/859/1380
f 4307/3441/4221 4146/3299/4064 1267/760/1261
f 4307/3441/4221 1267/760/1261 1388/860/1381
f 4235/3379/4153 4176/3329/4094 4178/3331/4096
f 4170/3323/4088 4149/3302/4067 4251/3388/4169
f 4395/3513/4309 4396/3514/4310 4397/3515/4311
f 4396/3514/4310 4395/3513/4309 4398/3516/4312
f 4396/3514/4310 4398/3516/4312 4399/3517/4313
f 4396/3514/4310 4399/3517/4313 4400/3518/4314
f 4400/3518/4314 4399/3517/4313 4401/3519/4315
f 4400/3518/4314 4401/3519/4315 4402/3520/4316
f 4402/3520/4316 4401/3519/4315 4403/3521/4317
f 4402/3520/4316 4403/3521/4317 4404/3522/4318
f 4403/3521/4317 4405/3523/4319 4404/3522/4318
f 4405/3523/4319 4403/3521/4317 4406/3524/4319
f 4405/3523/4319 4406/3524/4319 4407/3525/4320
f 4405/3523/4319 4407/3525/4320 4408/3526/4321
f 4408/3526/4321 4407/3525/4320 4409/3527/4322
f 4408/3526/4321 4409/3527/4322 4410/3528/4322
f 4409/3527/4322 4411/3529/4323 4410/3528/4322
f 4411/3529/4323 4409/3527/4322 4412/3530/4324
f 4413/3531/4325 4412/3530/4324 4414/3532/4326
f 4412/3530/4324 4413/3531/4325 4411/3529/4323
f 4415/3533/4327 4414/3532/4326 4416/3534/4328
f 4414/3532/4326 4415/3533/4327 4413/3531/4325
f 4415/3533/4327 4417/3535/4329 4418/3536/4329
f 4417/3535/4329 4415/3533/4327 4416/3534/4328
f 4417/3535/4329 4397/3515/4311 4418/3536/4329
f 4397/3515/4311 4417/3535/4329 4395/3513/4309
f 4419/3537/4330 4420/3538/4331 4421/3539/4332
f 4419/3537/4330 4421/3539/4332 4422/3540/4333
f 4421/3539/4332 4423/3541/4334 4422/3540/4333
f 4423/3541/4334 4421/3539/4332 4424/3542/4335
f 4423/3541/4334 4424/3542/4335 4425/3543/4336
f 4423/3541/4334 4425/3543/4336 4426/3544/4337
f 4426/3544/4337 4425/3543/4336 4427/3545/4338
f 4426/3544/4337 4427/3545/4338 4428/3546/4339
f 4427/3545/4338 4429/3547/4340 4428/3546/4339
f 4429/3547/4340 4427/3545/4338 4430/3548/4341
f 4429/3547/4340 4430/3548/4341 4431/3549/4342
f 4429/3547/4340 4431/3549/4342 4432/3550/4343
f 4432/3550/4343 4431/3549/4342 4433/3551/4344
f 4432/3550/4343 4433/3551/4344 4434/3552/4345
f 4433/3551/4344 4435/3553/4346 4434/3552/4345
f 4435/3553/4346 4433/3551/4344 4436/3554/4347
f 4437/3555/4348 4435/3553/4346 4438/3556/4349
f 4436/3554/4347 4438/3556/4349 4435/3553/4346
f 4437/3555/4348 4439/3557/4350 4440/3558/4351
f 4439/3557/4350 4437/3555/4348 4438/3556/4349
f 4441/3559/4352 4439/3557/4350 4442/3560/4353
f 4439/3557/4350 4441/3559/4352 4440/3558/4351
f 4441/3559/4352 4442/3560/4353 4420/3538/4331
f 4441/3559/4352 4420/3538/4331 4419/3537/4330
f 4443/3561/4354 4444/3562/4355 4445/3563/4356
f 4444/3562/4355 4446/3564/4357 4445/3563/4356
f 4446/3564/4357 4447/3565/4358 4445/3563/4356
f 4447/3565/4358 4448/3566/4359 4445/3563/4356
f 4448/3566/4359 4449/3567/4360 4445/3563/4356
f 4449/3567/4360 4450/3568/4361 4445/3563/4356
f 4450/3568/4361 4451/3569/4362 4445/3563/4356
f 4451/3569/4362 4443/3561/4354 4445/3563/4356
f 4422/3540/4333 4443/3561/4354 4419/3537/4330
f 4443/3561/4354 4422/3540/4333 4444/3562/4355
f 4422/3540/4333 4423/3541/4334 4444/3562/4355
f 4446/3564/4357 4444/3562/4355 4423/3541/4334
f 4423/3541/4334 4426/3544/4337 4446/3564/4357
f 4428/3546/4339 4446/3564/4357 4426/3544/4337
f 4446/3564/4357 4428/3546/4339 4447/3565/4358
f 4428/3546/4339 4429/3547/4340 4447/3565/4358
f 4448/3566/4359 4429/3547/4340 4432/3550/4343
f 4429/3547/4340 4448/3566/4359 4447/3565/4358
f 4448/3566/4359 4434/3552/4345 4449/3567/4360
f 4434/3552/4345 4448/3566/4359 4432/3550/4343
f 4434/3552/4345 4435/3553/4346 4449/3567/4360
f 4437/3555/4348 4450/3568/4361 4435/3553/4346
f 4435/3553/4346 4450/3568/4361 4449/3567/4360
f 4440/3558/4351 4450/3568/4361 4437/3555/4348
f 4450/3568/4361 4440/3558/4351 4451/3569/4362
f 4440/3558/4351 4441/3559/4352 4451/3569/4362
f 4451/3569/4362 4441/3559/4352 4443/3561/4354
f 4441/3559/4352 4419/3537/4330 4443/3561/4354
f 4397/3515/4311 4421/3539/4332 4420/3538/4331
f 4421/3539/4332 4397/3515/4311 4396/3514/4310
f 4396/3514/4310 4424/3542/4335 4421/3539/4332
f 4424/3542/4335 4396/3514/4310 4400/3518/4314
f 4400/3518/4314 4425/3543/4336 4424/3542/4335
f 4425/3543/4336 4400/3518/4314 4402/3520/4316
f 4402/3520/4316 4427/3545/4338 4425/3543/4336
f 4427/3545/4338 4402/3520/4316 4404/3522/4318
f 4404/3522/4318 4430/3548/4341 4427/3545/4338
f 4430/3548/4341 4404/3522/4318 4405/3523/4319
f 4430/3548/4341 4408/3526/4321 4431/3549/4342
f 4408/3526/4321 4430/3548/4341 4405/3523/4319
f 4408/3526/4321 4433/3551/4344 4431/3549/4342
f 4433/3551/4344 4408/3526/4321 4410/3528/4322
f 4433/3551/4344 4411/3529/4323 4436/3554/4347
f 4411/3529/4323 4433/3551/4344 4410/3528/4322
f 4411/3529/4323 4413/3531/4325 4438/3556/4349
f 4438/3556/4349 4436/3554/4347 4411/3529/4323
f 4415/3533/4327 4438/3556/4349 4413/3531/4325
f 4438/3556/4349 4415/3533/4327 4439/3557/4350
f 4418/3536/4329 4439/3557/4350 4415/3533/4327
f 4439/3557/4350 4418/3536/4329 4442/3560/4353
f 4418/3536/4329 4420/3538/4331 4442/3560/4353
f 4420/3538/4331 4418/3536/4329 4397/3515/4311
f 4452/3570/4363 4453/3571/4364 4454/3572/4365
f 4453/3571/4364 4452/3570/4363 4455/3573/4364
f 4456/3574/4366 4457/3575/4366 4454/3572/4365
f 4452/3570/4363 4454/3572/4365 4457/3575/4366
f 4458/3576/4367 4459/3577/4368 4460/3578/4368
f 4459/3577/4368 4458/3576/4367 4461/3579/4369
f 4462/3580/4370 4461/3579/4369 4458/3576/4367
f 4461/3579/4369 4462/3580/4370 4463/3581/4370
f 4464/3582/4371 4465/3583/4372 4462/3580/4370
f 4462/3580/4370 4465/3583/4372 4463/3581/4370
f 4466/3584/4373 4465/3583/4372 4464/3582/4371
f 4465/3583/4372 4466/3584/4373 4467/3585/4373
f 4468/3586/4374 4469/3587/4375 4466/3584/4373
f 4467/3585/4373 4466/3584/4373 4469/3587/4375
f 4453/3571/4364 4469/3587/4375 4468/3586/4374
f 4469/3587/4375 4453/3571/4364 4455/3573/4364
f 4470/3588/4376 4471/3589/4377 4472/3590/4376
f 4471/3589/4377 4470/3588/4376 4473/3591/4377
f 4474/3592/4378 4475/3588/4379 4476/3590/4379
f 4476/3590/4379 4477/3593/4380 4474/3592/4378
f 4474/3592/4378 4477/3593/4380 4478/3594/4381
f 4477/3593/4380 4479/3595/4381 4478/3594/4381
f 4480/3596/4382 4481/3594/4383 4482/3595/4383
f 4481/3594/4383 4480/3596/4382 4483/3597/4384
f 4483/3597/4384 4484/3598/4385 4485/3599/4385
f 4484/3598/4385 4483/3597/4384 4480/3596/4382
f 4486/3600/4386 4487/3599/4387 4488/3598/4387
f 4487/3599/4387 4486/3600/4386 4489/3601/4386
f 4490/3602/4388 4486/3600/4386 4491/3603/4388
f 4486/3600/4386 4490/3602/4388 4489/3601/4386
f 4492/3604/4389 4493/3602/4390 4494/3603/4390
f 4493/3602/4390 4492/3604/4389 4495/3605/4391
f 4495/3605/4391 4496/3606/4392 4497/3607/4392
f 4496/3606/4392 4495/3605/4391 4492/3604/4389
f 4498/3608/4393 4499/3607/4394 4500/3606/4394
f 4500/3606/4394 4501/3609/4395 4498/3608/4393
f 4498/3608/4393 4501/3609/4395 4502/3610/4396
f 4501/3609/4395 4503/3611/4396 4502/3610/4396
f 4471/3589/4377 4504/3610/4397 4505/3611/4397
f 4504/3610/4397 4471/3589/4377 4473/3591/4377
f 4506/3590/4398 4507/3589/4399 4508/3612/4398
f 4509/3589/4400 4510/3611/4401 4511/3613/4401
f 4510/3611/4401 4512/3609/4402 4511/3613/4401
f 4513/3609/4403 4514/3606/4404 4515/3614/4404
f 4514/3606/4404 4516/3604/4405 4515/3614/4404
f 4517/3604/4406 4518/3603/4407 4519/3615/4407
f 4518/3603/4407 4520/3600/4408 4519/3615/4407
f 4521/3600/4409 4522/3598/4410 4523/3616/4410
f 4522/3598/4410 4524/3596/4411 4523/3616/4410
f 4525/3596/4412 4526/3595/4413 4527/3617/4413
f 4526/3595/4413 4528/3593/4414 4527/3617/4413
f 4529/3593/4415 4506/3590/4398 4508/3612/4398
f 4530/3591/4416 4531/3588/4417 4532/3618/4417
f 4531/3588/4417 4533/3592/4418 4532/3618/4417
f 4533/3592/4419 4534/3594/4420 4535/3619/4420
f 4534/3594/4420 4536/3597/4421 4535/3619/4420
f 4536/3597/4422 4537/3599/4423 4538/3620/4423
f 4537/3599/4423 4539/3601/4424 4538/3620/4423
f 4539/3601/4425 4540/3602/4426 4541/3621/4426
f 4540/3602/4426 4542/3605/4427 4541/3621/4426
f 4542/3605/4428 4543/3607/4429 4544/3622/4429
f 4543/3607/4429 4545/3608/4430 4544/3622/4429
f 4545/3608/4431 4546/3610/4432 4547/3623/4432
f 4546/3610/4432 4530/3591/4433 4547/3623/4432
f 4548/3591/4434 4549/3618/4434 4550/3624/4434
f 4549/3618/4434 4551/3592/4434 4550/3624/4434
f 4551/3592/4434 4552/3619/4434 4550/3624/4434
f 4552/3619/4434 4553/3597/4434 4550/3624/4434
f 4553/3597/4434 4554/3620/4434 4550/3624/4434
f 4554/3620/4434 4555/3601/4434 4550/3624/4434
f 4555/3601/4434 4556/3621/4434 4550/3624/4434
f 4556/3621/4434 4557/3605/4434 4550/3624/4434
f 4557/3605/4434 4558/3622/4434 4550/3624/4434
f 4558/3622/4434 4559/3608/4434 4550/3624/4434
f 4559/3608/4434 4560/3623/4434 4550/3624/4434
f 4560/3623/4434 4548/3591/4434 4550/3624/4434
f 4561/3625/4435 4562/3626/4436 4563/3627/4437
f 4562/3626/4436 4561/3625/4435 4564/3628/4438
f 4565/3629/4439 4563/3627/4437 4566/3630/4440
f 4563/3627/4437 4565/3629/4439 4561/3625/4435
f 4567/3631/4441 4568/3632/4442 4566/3630/4440
f 4565/3629/4439 4566/3630/4440 4568/3632/4442
f 4569/3633/4443 4568/3632/4442 4567/3631/4441
f 4568/3632/4442 4569/3633/4443 4570/3634/4444
f 4571/3635/4445 4570/3634/4444 4569/3633/4443
f 4570/3634/4444 4571/3635/4445 4572/3636/4446
f 4573/3637/4447 4572/3636/4446 4571/3635/4445
f 4572/3636/4446 4573/3637/4447 4574/3638/4448
f 4575/3639/4449 4576/3640/4450 4573/3637/4447
f 4573/3637/4447 4576/3640/4450 4574/3638/4448
f 4577/3641/4451 4578/3642/4452 4575/3639/4449
f 4575/3639/4449 4578/3642/4452 4576/3640/4450
f 4579/3643/4453 4578/3642/4452 4577/3641/4451
f 4578/3642/4452 4579/3643/4453 4580/3644/4454
f 4581/3645/4455 4582/3646/4456 4579/3643/4453
f 4580/3644/4454 4579/3643/4453 4582/3646/4456
f 4583/3647/4457 4582/3646/4456 4581/3645/4455
f 4582/3646/4456 4583/3647/4457 4584/3648/4458
f 4562/3626/4436 4584/3648/4458 4583/3647/4457
f 4584/3648/4458 4562/3626/4436 4564/3628/4438
f 4585/3649/4459 4586/3650/4460 4587/3651/4461
f 4586/3650/4460 4588/3652/4462 4587/3651/4461
f 4588/3652/4462 4589/3653/4463 4587/3651/4461
f 4589/3653/4463 4590/3654/4464 4587/3651/4461
f 4590/3654/4464 4591/3655/4465 4587/3651/4461
f 4591/3655/4465 4592/3656/4466 4587/3651/4461
f 4592/3656/4466 4593/3657/4467 4587/3651/4461
f 4593/3657/4467 4594/3658/4468 4587/3651/4461
f 4594/3658/4468 4595/3659/4469 4587/3651/4461
f 4595/3659/4469 4596/3660/4470 4587/3651/4461
f 4596/3660/4470 4597/3661/4471 4587/3651/4461
f 4597/3661/4471 4585/3649/4459 4587/3651/4461
f 4564/3628/4438 4586/3650/4460 4585/3649/4459
f 4586/3650/4460 4564/3628/4438 4561/3625/4435
f 4561/3625/4435 4565/3629/4439 4586/3650/4460
f 4586/3650/4460 4565/3629/4439 4588/3652/4462
f 4565/3629/4439 4568/3632/4442 4588/3652/4462
f 4588/3652/4462 4568/3632/4442 4589/3653/4463
f 4568/3632/4442 4590/3654/4464 4589/3653/4463
f 4590/3654/4464 4568/3632/4442 4570/3634/4444
f 4570/3634/4444 4591/3655/4465 4590/3654/4464
f 4591/3655/4465 4570/3634/4444 4572/3636/4446
f 4572/3636/4446 4574/3638/4448 4591/3655/4465
f 4591/3655/4465 4574/3638/4448 4592/3656/4466
f 4574/3638/4448 4593/3657/4467 4592/3656/4466
f 4593/3657/4467 4574/3638/4448 4576/3640/4450
f 4594/3658/4468 4576/3640/4450 4578/3642/4452
f 4576/3640/4450 4594/3658/4468 4593/3657/4467
f 4595/3659/4469 4578/3642/4452 4580/3644/4454
f 4578/3642/4452 4595/3659/4469 4594/3658/4468
f 4580/3644/4454 4582/3646/4456 4595/3659/4469
f 4595/3659/4469 4582/3646/4456 4596/3660/4470
f 4582/3646/4456 4584/3648/4458 4596/3660/4470
f 4596/3660/4470 4584/3648/4458 4597/3661/4471
f 4564/3628/4438 4597/3661/4471 4584/3648/4458
f 4597/3661/4471 4564/3628/4438 4585/3649/4459
f 4598/3662/4472 4599/3663/4473 4600/3664/4474
f 4599/3663/4473 4598/3662/4472 4601/3665/4475
f 4599/3663/4473 4601/3665/4475 4602/3666/4476
f 4598/3662/4472 4600/3664/4474 4603/3667/2667
f 4604/3668/4477 4605/3669/4478 4606/3670/4479
f 4605/3669/4478 4604/3668/4477 4607/3671/4480
f 4606/3670/4479 4605/3669/4478 4608/3672/1212
f 4607/3671/4480 4604/3668/4477 4609/3673/2290
f 4610/3674/4481 4611/3675/4482 4612/3676/4483
f 4611/3675/4482 4613/3677/4484 4612/3676/4483
f 4611/3675/4482 4610/3674/4481 4614/3678/1413
f 4612/3676/4483 4613/3677/4484 4615/3679/2982
f 4616/3680/4485 4617/3681/4486 4618/3682/4487
f 4617/3681/4486 4616/3680/4485 4619/3683/4488
f 4617/3681/4486 4619/3683/4488 4620/3684/4489
f 4616/3680/4485 4618/3682/4487 4621/3685/3329
f 4622/3686/4490 4623/3687/4491 4624/3688/4492
f 4624/3688/4492 4623/3687/4491 4625/3689/4493
f 4624/3688/4492 4625/3689/4493 4626/3690/4494
f 4623/3687/4491 4622/3686/4490 4627/3691/3677
f 4628/3692/4495 4629/3693/4496 4630/3694/4497
f 4629/3693/4496 4631/3695/4498 4630/3694/4497
f 4629/3693/4496 4628/3692/4495 4632/3696/2292
f 4630/3694/4497 4631/3695/4498 4633/3697/4025
f 4634/3698/4499 4635/3699/4500 4636/3700/4501
f 4635/3699/4500 4634/3698/4499 4637/3701/4502
f 4635/3699/4500 4637/3701/4502 4638/3702/4503
f 4634/3698/4499 4636/3700/4501 4639/3703/1210
f 4640/3704/4504 4641/3705/4505 4642/3706/4506
f 4642/3706/4506 4641/3705/4505 4643/3707/4507
f 4642/3706/4506 4643/3707/4507 4644/3708/3158
f 4641/3705/4505 4640/3704/4504 4645/3709/1584
f 4646/3710/4508 4647/3711/4509 4648/3712/4510
f 4647/3711/4509 4649/3713/4511 4648/3712/4510
f 4647/3711/4509 4646/3710/4508 4650/3714/3506
f 4648/3712/4510 4649/3713/4511 4651/3715/1934
f 4652/3716/4512 4653/3717/4513 4654/3718/4514
f 4653/3717/4513 4652/3716/4512 4655/3719/4386
f 4652/3716/4512 4656/3720/4515 4655/3719/4386
f 4657/3721/4516 4658/3722/4517 4659/3723/4518
f 4660/3724/4519 4657/3721/4516 4661/3725/4520
f 4657/3721/4516 4660/3724/4519 4658/3722/4517
f 4662/3726/4521 4663/3727/4522 4664/3728/4523
f 4662/3726/4521 4664/3728/4523 4665/3729/4524
f 4666/3730/4525 4667/3731/4526 4668/3732/4527
f 4667/3731/4526 4666/3730/4525 4669/3733/4528
f 4670/3734/4529 4671/3735/4530 4672/3736/4531
f 4671/3735/4530 4670/3734/4529 4673/3737/4532
f 4674/3738/4533 4675/3739/4534 4676/3740/4535
f 4675/3739/4534 4677/3741/4536 4676/3740/4535
f 4675/3739/4534 4671/3735/4530 4678/3742/4537
f 4656/3720/4515 4664/3728/4523 4666/3730/4525
f 4673/3737/4532 4665/3729/4524 4652/3716/4512
f 4674/3738/4533 4679/3743/4538 4672/3736/4531
f 4663/3727/4522 4659/3723/4518 4669/3733/4528
f 4670/3734/4529 4657/3721/4516 4662/3726/4521
f 4656/3720/4515 4665/3729/4524 4664/3728/4523
f 4665/3729/4524 4656/3720/4515 4652/3716/4512
f 4666/3730/4525 4668/3732/4527 4656/3720/4515
f 4656/3720/4515 4668/3732/4527 4680/3744/4539
f 4673/3737/4532 4678/3742/4537 4671/3735/4530
f 4652/3716/4512 4678/3742/4537 4673/3737/4532
f 4678/3742/4537 4681/3745/4540 4675/3739/4534
f 4675/3739/4534 4681/3745/4540 4677/3741/4536
f 4667/3731/4526 4669/3733/4528 4682/3746/4541
f 4659/3723/4518 4682/3746/4541 4669/3733/4528
f 4662/3726/4521 4659/3723/4518 4663/3727/4522
f 4659/3723/4518 4662/3726/4521 4657/3721/4516
f 4670/3734/4529 4679/3743/4538 4657/3721/4516
f 4679/3743/4538 4670/3734/4529 4672/3736/4531
f 4674/3738/4533 4683/3747/4542 4679/3743/4538
f 4683/3747/4542 4674/3738/4533 4676/3740/4535
f 4662/3726/4521 4673/3737/4532 4670/3734/4529
f 4673/3737/4532 4662/3726/4521 4665/3729/4524
f 4669/3733/4528 4664/3728/4523 4663/3727/4522
f 4664/3728/4523 4669/3733/4528 4666/3730/4525
f 4675/3739/4534 4672/3736/4531 4671/3735/4530
f 4672/3736/4531 4675/3739/4534 4674/3738/4533
f 4684/3748/4543 4685/3749/4544 4686/3750/4545
f 4687/3751/4377 4684/3748/4543 4688/3752/4546
f 4685/3749/4544 4684/3748/4543 4687/3751/4377
f 4689/3753/4547 4690/3754/4548 4691/3755/4549
f 4691/3755/4549 4692/3756/4550 4689/3753/4547
f 4690/3754/4548 4689/3753/4547 4693/3757/4551
f 4694/3758/4552 4695/3759/4553 4696/3760/4554
f 4694/3758/4552 4696/3760/4554 4697/3761/4555
f 4698/3762/4556 4699/3763/4557 4700/3764/4558
f 4699/3763/4557 4698/3762/4556 4701/3765/4559
f 4702/3766/4560 4703/3767/4561 4704/3768/4562
f 4703/3767/4561 4702/3766/4560 4705/3769/4563
f 4706/3770/4564 4707/3771/4565 4708/3772/4566
f 4707/3771/4565 4706/3770/4564 4709/3773/4567
f 4707/3771/4565 4703/3767/4561 4710/3774/4568
f 4688/3752/4546 4696/3760/4554 4699/3763/4557
f 4705/3769/4563 4697/3761/4555 4684/3748/4543
f 4709/3773/4567 4711/3775/4569 4704/3768/4562
f 4695/3759/4553 4692/3756/4550 4700/3764/4558
f 4702/3766/4560 4689/3753/4547 4694/3758/4552
f 4697/3761/4555 4688/3752/4546 4684/3748/4543
f 4688/3752/4546 4697/3761/4555 4696/3760/4554
f 4699/3763/4557 4701/3765/4559 4688/3752/4546
f 4712/3776/4570 4688/3752/4546 4701/3765/4559
f 4684/3748/4543 4710/3774/4568 4705/3769/4563
f 4705/3769/4563 4710/3774/4568 4703/3767/4561
f 4707/3771/4565 4713/3777/4571 4708/3772/4566
f 4710/3774/4568 4713/3777/4571 4707/3771/4565
f 4698/3762/4556 4700/3764/4558 4714/3778/4572
f 4714/3778/4572 4700/3764/4558 4692/3756/4550
f 4695/3759/4553 4694/3758/4552 4692/3756/4550
f 4689/3753/4547 4692/3756/4550 4694/3758/4552
f 4702/3766/4560 4711/3775/4569 4689/3753/4547
f 4711/3775/4569 4702/3766/4560 4704/3768/4562
f 4715/3779/4573 4709/3773/4567 4706/3770/4564
f 4709/3773/4567 4715/3779/4573 4711/3775/4569
f 4694/3758/4552 4705/3769/4563 4702/3766/4560
f 4705/3769/4563 4694/3758/4552 4697/3761/4555
f 4700/3764/4558 4696/3760/4554 4695/3759/4553
f 4696/3760/4554 4700/3764/4558 4699/3763/4557
f 4707/3771/4565 4704/3768/4562 4703/3767/4561
f 4704/3768/4562 4707/3771/4565 4709/3773/4567
f 4716/3780/4574 4717/3781/4575 4718/3782/4574
f 4717/3781/4575 4716/3780/4574 4719/3783/4576
f 4720/3784/4577 4721/3785/4578 4722/3786/4356
f 4723/3787/4579 4724/3788/4580 4716/3780/4574
f 4723/3787/4579 4716/3780/4574 4718/3782/4574
f 4720/3784/4577 4722/3786/4356 4725/3789/4581
f 4726/3790/4582 4724/3788/4580 4723/3787/4579
f 4724/3788/4580 4726/3790/4582 4727/3791/4582
f 4728/3792/4583 4725/3789/4581 4722/3786/4356
f 4726/3790/4582 4729/3793/4584 4727/3791/4582
f 4729/3793/4584 4726/3790/4582 4730/3794/4585
f 4728/3792/4583 4722/3786/4356 4731/3795/4586
f 4732/3796/4587 4733/3797/4588 4730/3794/4585
f 4729/3793/4584 4730/3794/4585 4733/3797/4588
f 4734/3798/4589 4731/3795/4586 4722/3786/4356
f 4732/3796/4587 4735/3799/4590 4733/3797/4588
f 4735/3799/4590 4732/3796/4587 4736/3800/4590
f 4734/3798/4589 4722/3786/4356 4737/3801/4591
f 4738/3802/4592 4735/3799/4590 4736/3800/4590
f 4735/3799/4590 4738/3802/4592 4739/3803/4593
f 4740/3804/4594 4737/3801/4591 4722/3786/4356
f 4739/3803/4593 4738/3802/4592 4741/3805/4595
f 4739/3803/4593 4741/3805/4595 4742/3806/4595
f 4740/3804/4594 4722/3786/4356 4743/3807/4596
f 4744/3808/4597 4741/3805/4595 4745/3809/4598
f 4741/3805/4595 4744/3808/4597 4742/3806/4595
f 4746/3810/4599 4743/3807/4596 4722/3786/4356
f 4747/3811/4600 4745/3809/4598 4748/3812/4600
f 4745/3809/4598 4747/3811/4600 4744/3808/4597
f 4746/3810/4599 4722/3786/4356 4749/3813/4601
f 4750/3814/4602 4747/3811/4600 4748/3812/4600
f 4747/3811/4600 4750/3814/4602 4751/3815/4603
f 4752/3816/4604 4749/3813/4601 4722/3786/4356
f 4753/3817/4605 4754/3818/4605 4751/3815/4603
f 4753/3817/4605 4751/3815/4603 4750/3814/4602
f 4752/3816/4604 4722/3786/4356 4755/3819/4606
f 4756/3820/4607 4753/3817/4605 4757/3821/4608
f 4753/3817/4605 4756/3820/4607 4754/3818/4605
f 4758/3822/4609 4755/3819/4606 4722/3786/4356
f 4759/3823/4610 4757/3821/4608 4760/3824/4610
f 4757/3821/4608 4759/3823/4610 4756/3820/4607
f 4758/3822/4609 4722/3786/4356 4761/3825/4611
f 4762/3826/4612 4759/3823/4610 4760/3824/4610
f 4759/3823/4610 4762/3826/4612 4763/3827/4613
f 4764/3828/4614 4761/3825/4611 4722/3786/4356
f 4765/3829/4615 4766/3830/4616 4763/3827/4613
f 4765/3829/4615 4763/3827/4613 4762/3826/4612
f 4764/3828/4614 4722/3786/4356 4767/3831/4617
f 4768/3832/4618 4766/3830/4616 4765/3829/4615
f 4766/3830/4616 4768/3832/4618 4769/3833/4618
f 4770/3834/4619 4767/3831/4617 4722/3786/4356
f 4719/3783/4576 4768/3832/4618 4717/3781/4575
f 4768/3832/4618 4719/3783/4576 4769/3833/4618
f 4770/3834/4619 4722/3786/4356 4721/3785/4578
f 4718/3782/4574 4721/3785/4578 4720/3784/4577
f 4721/3785/4578 4718/3782/4574 4717/3781/4575
f 4725/3789/4581 4718/3782/4574 4720/3784/4577
f 4718/3782/4574 4725/3789/4581 4723/3787/4579
f 4728/3792/4583 4723/3787/4579 4725/3789/4581
f 4723/3787/4579 4728/3792/4583 4726/3790/4582
f 4730/3794/4585 4726/3790/4582 4728/3792/4583
f 4728/3792/4583 4731/3795/4586 4730/3794/4585
f 4732/3796/4587 4730/3794/4585 4731/3795/4586
f 4731/3795/4586 4734/3798/4589 4732/3796/4587
f 4736/3800/4590 4732/3796/4587 4734/3798/4589
f 4734/3798/4589 4737/3801/4591 4736/3800/4590
f 4736/3800/4590 4740/3804/4594 4738/3802/4592
f 4740/3804/4594 4736/3800/4590 4737/3801/4591
f 4738/3802/4592 4743/3807/4596 4741/3805/4595
f 4743/3807/4596 4738/3802/4592 4740/3804/4594
f 4745/3809/4598 4743/3807/4596 4746/3810/4599
f 4743/3807/4596 4745/3809/4598 4741/3805/4595
f 4748/3812/4600 4746/3810/4599 4749/3813/4601
f 4746/3810/4599 4748/3812/4600 4745/3809/4598
f 4752/3816/4604 4748/3812/4600 4749/3813/4601
f 4748/3812/4600 4752/3816/4604 4750/3814/4602
f 4755/3819/4606 4750/3814/4602 4752/3816/4604
f 4750/3814/4602 4755/3819/4606 4753/3817/4605
f 4757/3821/4608 4755/3819/4606 4758/3822/4609
f 4755/3819/4606 4757/3821/4608 4753/3817/4605
f 4760/3824/4610 4758/3822/4609 4761/3825/4611
f 4758/3822/4609 4760/3824/4610 4757/3821/4608
f 4764/3828/4614 4760/3824/4610 4761/3825/4611
f 4760/3824/4610 4764/3828/4614 4762/3826/4612
f 4767/3831/4617 4762/3826/4612 4764/3828/4614
f 4762/3826/4612 4767/3831/4617 4765/3829/4615
f 4770/3834/4619 4765/3829/4615 4767/3831/4617
f 4765/3829/4615 4770/3834/4619 4768/3832/4618
f 4717/3781/4575 4770/3834/4619 4721/3785/4578
f 4770/3834/4619 4717/3781/4575 4768/3832/4618
f 4771/3835/4620 4772/3836/4621 4773/3837/4622
f 4772/3836/4621 4771/3835/4620 4774/3838/4620
f 4775/3839/4623 4776/3840/4623 4777/3841/4624
f 4777/3841/4624 4776/3840/4623 4778/3842/4625
f 4773/3837/4622 4777/3841/4624 4778/3842/4625
f 4777/3841/4624 4773/3837/4622 4772/3836/4621
f 4779/3843/4626 4776/3840/4623 4775/3839/4623
f 4776/3840/4623 4779/3843/4626 4780/3844/4626
f 4781/3845/4627 4782/3846/4628 4783/3847/4629
f 4784/3848/4630 4783/3847/4629 4782/3846/4628
f 4771/3835/4620 4782/3846/4628 4781/3845/4627
f 4781/3845/4627 4774/3838/4620 4771/3835/4620
f 4785/3849/4631 4786/3850/4632 4787/3851/4632
f 4786/3850/4632 4785/3849/4631 4788/3852/4631
f 4783/3847/4629 4784/3848/4630 4786/3850/4632
f 4787/3851/4632 4786/3850/4632 4784/3848/4630
f 4789/3853/4633 4790/3854/4634 4791/3855/4635
f 4790/3854/4634 4789/3853/4633 4792/3856/4636
f 4793/3857/4637 4794/3858/4638 4795/3859/4638
f 4794/3858/4638 4793/3857/4637 4796/3860/4639
f 4794/3858/4638 4791/3855/4635 4795/3859/4638
f 4791/3855/4635 4794/3858/4638 4789/3853/4633
f 4797/3861/4640 4796/3860/4639 4793/3857/4637
f 4796/3860/4639 4797/3861/4640 4779/3843/4640
f 4798/3862/4641 4799/3863/4642 4800/3864/4643
f 4799/3863/4642 4798/3862/4641 4801/3865/4644
f 4790/3854/4634 4801/3865/4644 4798/3862/4641
f 4801/3865/4644 4790/3854/4634 4792/3856/4636
f 4802/3866/4645 4803/3867/4646 4804/3868/4647
f 4803/3867/4646 4802/3866/4645 4805/3869/4645
f 4800/3864/4643 4804/3868/4647 4803/3867/4646
f 4804/3868/4647 4800/3864/4643 4799/3863/4642
f 4806/3870/4648 4807/3871/4649 4808/3872/4650
f 4807/3871/4649 4806/3870/4648 4809/3873/4651
f 4810/3874/4652 4811/3875/4653 4812/3876/4653
f 4810/3874/4652 4812/3876/4653 4813/3877/4654
f 4808/3872/4650 4812/3876/4653 4811/3875/4653
f 4812/3876/4653 4808/3872/4650 4807/3871/4649
f 4814/3878/4655 4797/3861/4655 4813/3877/4654
f 4813/3877/4654 4797/3861/4655 4810/3874/4652
f 4815/3879/4656 4816/3880/4657 4817/3881/4657
f 4816/3880/4657 4815/3879/4656 4818/3882/4658
f 4806/3870/4648 4817/3881/4657 4816/3880/4657
f 4806/3870/4648 4816/3880/4657 4809/3873/4651
f 4819/3883/4659 4820/3884/4659 4821/3885/4660
f 4821/3885/4660 4820/3884/4659 4822/3886/4660
f 4821/3885/4660 4818/3882/4658 4815/3879/4656
f 4818/3882/4658 4821/3885/4660 4822/3886/4660
f 4823/3887/4661 4824/3888/4662 4825/3889/4663
f 4824/3888/4662 4823/3887/4661 4826/3890/4664
f 4827/3891/4665 4828/3892/4666 4829/3893/4667
f 4828/3892/4666 4827/3891/4665 4830/3894/4668
f 4825/3889/4663 4829/3893/4667 4828/3892/4666
f 4829/3893/4667 4825/3889/4663 4824/3888/4662
f 4831/3895/4669 4830/3894/4668 4827/3891/4665
f 4830/3894/4668 4831/3895/4669 4814/3878/4669
f 4832/3896/4670 4833/3897/4671 4834/3898/4671
f 4833/3897/4671 4832/3896/4670 4835/3899/4672
f 4823/3887/4661 4835/3899/4672 4832/3896/4670
f 4832/3896/4670 4826/3890/4664 4823/3887/4661
f 4836/3900/4673 4837/3901/4674 4838/3902/4674
f 4837/3901/4674 4836/3900/4673 4839/3903/4673
f 4834/3898/4671 4833/3897/4671 4837/3901/4674
f 4838/3902/4674 4837/3901/4674 4833/3897/4671
f 4840/3904/4675 4841/3905/4676 4842/3906/4677
f 4841/3905/4676 4840/3904/4675 4843/3907/4678
f 4844/3908/4679 4845/3909/4680 4846/3910/4681
f 4846/3910/4681 4845/3909/4680 4847/3911/4682
f 4847/3911/4682 4840/3904/4675 4846/3910/4681
f 4840/3904/4675 4847/3911/4682 4843/3907/4678
f 4848/3912/4683 4831/3895/4683 4844/3908/4679
f 4844/3908/4679 4831/3895/4683 4845/3909/4680
f 4849/3913/4684 4850/3914/4685 4851/3915/4686
f 4850/3914/4685 4849/3913/4684 4852/3916/4687
f 4842/3906/4677 4852/3916/4687 4849/3913/4684
f 4852/3916/4687 4842/3906/4677 4841/3905/4676
f 4853/3917/4688 4854/3918/4688 4855/3919/4689
f 4855/3919/4689 4854/3918/4688 4856/3920/4690
f 4850/3914/4685 4856/3920/4690 4851/3915/4686
f 4856/3920/4690 4850/3914/4685 4855/3919/4689
f 4857/3921/4691 4858/3922/4692 4859/3923/4693
f 4858/3922/4692 4857/3921/4691 4860/3924/4694
f 4861/3925/4695 4862/3926/4696 4863/3927/4696
f 4862/3926/4696 4861/3925/4695 4864/3928/4697
f 4860/3924/4694 4862/3926/4696 4858/3922/4692
f 4862/3926/4696 4860/3924/4694 4863/3927/4696
f 4865/3929/4698 4864/3928/4697 4861/3925/4695
f 4864/3928/4697 4865/3929/4698 4848/3912/4699
f 4866/3930/4700 4867/3931/4701 4868/3932/4702
f 4867/3931/4701 4866/3930/4700 4869/3933/4703
f 4859/3923/4693 4867/3931/4701 4869/3933/4703
f 4859/3923/4693 4869/3933/4703 4857/3921/4691
f 4870/3934/4704 4871/3935/4705 4872/3936/4705
f 4871/3935/4705 4870/3934/4704 4873/3937/4704
f 4872/3936/4705 4871/3935/4705 4868/3932/4702
f 4868/3932/4702 4871/3935/4705 4866/3930/4700
f 4874/3938/4706 4875/3939/4707 4876/3940/4708
f 4875/3939/4707 4877/3941/4708 4876/3940/4708
f 4878/3942/4709 4879/3943/4710 4880/3944/4711
f 4881/3945/4712 4880/3944/4711 4879/3943/4710
f 4876/3940/4708 4880/3944/4711 4881/3945/4712
f 4880/3944/4711 4876/3940/4708 4877/3941/4708
f 4882/3946/4713 4865/3929/4713 4878/3942/4709
f 4878/3942/4709 4865/3929/4713 4879/3943/4710
f 4883/3947/4714 4884/3948/4715 4885/3949/4716
f 4886/3950/4716 4885/3949/4716 4884/3948/4715
f 4874/3938/4706 4884/3948/4715 4883/3947/4714
f 4883/3947/4714 4875/3939/4707 4874/3938/4706
f 4887/3951/4717 4888/3952/4717 4889/3953/4718
f 4889/3953/4718 4888/3952/4717 4890/3954/4718
f 4885/3949/4716 4888/3952/4717 4887/3951/4717
f 4888/3952/4717 4885/3949/4716 4886/3950/4716
f 4891/3955/4719 4892/3956/4720 4893/3957/4721
f 4892/3956/4720 4891/3955/4719 4894/3958/4722
f 4895/3959/4723 4896/3960/4724 4897/3961/4724
f 4896/3960/4724 4895/3959/4723 4898/3962/4723
f 4896/3960/4724 4891/3955/4719 4897/3961/4724
f 4891/3955/4719 4896/3960/4724 4894/3958/4722
f 4899/3963/4725 4882/3946/4725 4895/3959/4723
f 4895/3959/4723 4882/3946/4725 4898/3962/4723
f 4900/3964/4726 4901/3965/4727 4902/3966/4727
f 4901/3965/4727 4900/3964/4726 4903/3967/4728
f 4893/3957/4721 4903/3967/4728 4900/3964/4726
f 4903/3967/4728 4893/3957/4721 4892/3956/4720
f 4904/3968/4729 4905/3969/4730 4906/3970/4730
f 4905/3969/4730 4904/3968/4729 4907/3971/4731
f 4901/3965/4727 4905/3969/4730 4902/3966/4727
f 4905/3969/4730 4901/3965/4727 4906/3970/4730
f 4908/3972/4732 4909/3973/4733 4910/3974/4734
f 4909/3973/4733 4908/3972/4732 4911/3975/4735
f 4912/3976/4736 4913/3977/4737 4914/3978/4738
f 4913/3977/4737 4912/3976/4736 4915/3979/4739
f 4910/3974/4734 4912/3976/4736 4914/3978/4738
f 4912/3976/4736 4910/3974/4734 4909/3973/4733
f 4780/3844/4740 4899/3963/4740 4915/3979/4739
f 4915/3979/4739 4899/3963/4740 4913/3977/4737
f 4916/3980/4741 4917/3981/4742 4918/3982/4743
f 4917/3981/4742 4916/3980/4741 4919/3983/4741
f 4908/3972/4732 4918/3982/4743 4917/3981/4742
f 4908/3972/4732 4917/3981/4742 4911/3975/4735
f 4920/3984/4744 4921/3985/4745 4922/3986/4746
f 4922/3986/4746 4921/3985/4745 4923/3987/4747
f 4922/3986/4746 4923/3987/4747 4916/3980/4741
f 4916/3980/4741 4923/3987/4747 4919/3983/4741
f 4924/3988/4748 4925/3989/4749 4926/3990/4750
f 4925/3989/4749 4927/3991/4751 4926/3990/4750
f 4928/3990/4752 4929/3992/4753 4930/3993/4754
f 4928/3990/4752 4930/3993/4754 4931/3994/4754
f 4932/3991/4755 4933/3995/4756 4929/3992/4753
f 4932/3991/4755 4929/3992/4753 4928/3990/4752
f 4934/3996/4757 4935/3992/4758 4936/3997/4758
f 4935/3992/4758 4934/3996/4757 4937/3993/4757
f 4938/3998/4759 4936/3997/4758 4935/3992/4758
f 4938/3998/4759 4935/3992/4758 4939/3995/4759
f 4940/3996/1210 4941/3997/4760 4942/3999/1210
f 4942/3999/1210 4941/3997/4760 4943/4000/4760
f 4941/3997/4760 4944/4001/1212 4943/4000/4760
f 4944/4001/1212 4941/3997/4760 4945/3998/1212
f 4924/3988/4748 4946/3994/4761 4947/4002/4762
f 4924/3988/4748 4948/4003/4763 4925/3989/4749
f 4925/3989/4749 4949/4004/4751 4927/3991/4751
f 4947/4002/4762 4950/4005/4764 4951/4006/4765
f 4951/4006/4765 4950/4005/4764 4952/4007/4766
f 4953/4008/4767 4954/4005/4768 4930/3993/4754
f 4931/3994/4754 4930/3993/4754 4954/4005/4768
f 4955/4009/4769 4956/4007/4770 4953/4008/4767
f 4954/4005/4768 4953/4008/4767 4956/4007/4770
f 4934/3996/4757 4957/4008/4771 4937/3993/4757
f 4957/4008/4771 4934/3996/4757 4958/4010/4771
f 4959/4011/4772 4957/4008/4771 4958/4010/4771
f 4957/4008/4771 4959/4011/4772 4960/4009/4772
f 4961/4010/4773 4942/3999/1210 4962/4012/4773
f 4942/3999/1210 4961/4010/4773 4940/3996/1210
f 4963/4013/4774 4961/4010/4773 4962/4012/4773
f 4961/4010/4773 4963/4013/4774 4964/4011/4775
f 4947/4002/4762 4946/3994/4761 4950/4005/4764
f 4947/4002/4762 4951/4006/4765 4965/4014/4776
f 4951/4006/4765 4952/4007/4766 4966/4015/4766
f 4924/3988/4748 4926/3990/4750 4946/3994/4761
f 4967/4016/4777 4968/4017/4778 4969/4018/4779
f 4968/4017/4778 4952/4007/4766 4969/4018/4779
f 4970/4019/4780 4971/4020/4781 4972/4018/4782
f 4971/4020/4781 4970/4019/4780 4973/4021/4781
f 4955/4009/4769 4972/4018/4782 4956/4007/4770
f 4972/4018/4782 4955/4009/4769 4970/4019/4780
f 4974/4022/4783 4975/4019/4784 4976/4023/4784
f 4975/4019/4784 4974/4022/4783 4977/4021/4783
f 4975/4019/4784 4959/4011/4772 4976/4023/4784
f 4959/4011/4772 4975/4019/4784 4960/4009/4772
f 4978/4022/1584 4979/4023/4785 4980/4024/1584
f 4980/4024/1584 4979/4023/4785 4981/4025/4786
f 4979/4023/4785 4964/4011/4775 4981/4025/4786
f 4981/4025/4786 4964/4011/4775 4963/4013/4774
f 4967/4016/4777 4982/4020/4787 4983/4026/4788
f 4967/4016/4777 4984/4027/4789 4968/4017/4778
f 4968/4017/4778 4966/4015/4766 4952/4007/4766
f 4983/4026/4788 4985/4028/4790 4986/4029/4791
f 4986/4029/4791 4985/4028/4790 4987/4030/4792
f 4988/4031/4793 4971/4020/4781 4973/4021/4781
f 4971/4020/4781 4988/4031/4793 4989/4028/4794
f 4990/4032/4795 4989/4028/4794 4988/4031/4793
f 4989/4028/4794 4990/4032/4795 4991/4030/4796
f 4992/4031/4797 4974/4022/4783 4993/4033/4797
f 4974/4022/4783 4992/4031/4797 4977/4021/4783
f 4994/4032/4798 4992/4031/4797 4995/4034/4798
f 4992/4031/4797 4993/4033/4797 4995/4034/4798
f 4996/4033/4799 4978/4022/1584 4980/4024/1584
f 4980/4024/1584 4997/4035/4800 4996/4033/4799
f 4998/4034/4801 4996/4033/4799 4997/4035/4800
f 4997/4035/4800 4999/4036/4802 4998/4034/4801
f 4983/4026/4788 4982/4020/4787 4985/4028/4790
f 4983/4026/4788 4986/4029/4791 5000/4037/4803
f 4986/4029/4791 4987/4030/4792 5001/4038/4792
f 4967/4016/4777 4969/4018/4779 4982/4020/4787
f 5002/4039/4804 5003/4040/4805 5004/4041/4806
f 5003/4040/4805 4987/4030/4792 5004/4041/4806
f 5005/4041/4807 5006/4042/4808 5007/4043/4809
f 5005/4041/4807 5007/4043/4809 5008/4044/4809
f 4991/4030/4796 4990/4032/4795 5006/4042/4808
f 4991/4030/4796 5006/4042/4808 5005/4041/4807
f 5009/4042/4810 5010/4045/4811 5011/4043/4811
f 5010/4045/4811 5009/4042/4810 5012/4046/4810
f 5009/4042/4810 4994/4032/4798 4995/4034/4798
f 4995/4034/4798 5012/4046/4810 5009/4042/4810
f 5013/4047/4812 5014/4046/4813 5015/4048/4813
f 5014/4046/4813 5013/4047/4812 5016/4045/4812
f 4999/4036/4802 5014/4046/4813 4998/4034/4801
f 5014/4046/4813 4999/4036/4802 5015/4048/4813
f 5002/4039/4804 5017/4044/4814 5018/4049/4815
f 5002/4039/4804 5019/4050/4816 5003/4040/4805
f 5003/4040/4805 5001/4038/4792 4987/4030/4792
f 5020/4051/4817 5021/4052/4818 5022/4053/4819
f 5022/4053/4819 5021/4052/4818 5023/4054/4820
f 5024/4055/4821 5025/4056/4822 5026/4057/4822
f 5025/4056/4822 5024/4055/4821 5027/4052/4821
f 5028/4058/4823 5029/4054/4824 5024/4055/4821
f 5027/4052/4821 5024/4055/4821 5029/4054/4824
f 5030/4059/4825 5031/4055/4826 5032/4057/4825
f 5031/4055/4826 5030/4059/4825 5033/4060/4826
f 5033/4060/4826 5034/4061/4827 5031/4055/4826
f 5031/4055/4826 5034/4061/4827 5035/4058/4827
f 5036/4060/4828 5037/4059/4829 5038/4062/4829
f 5038/4062/4829 5039/4063/4828 5036/4060/4828
f 5036/4060/4828 5040/4064/4494 5041/4061/4494
f 5040/4064/4494 5036/4060/4828 5039/4063/4828
f 5020/4051/4817 5042/4056/4830 5021/4052/4818
f 5022/4053/4819 5023/4054/4820 5043/4065/4820
f 5002/4039/4804 5004/4041/4806 5017/4044/4814
f 5044/4066/4831 5045/4067/4832 5046/4068/4833
f 5045/4067/4832 5023/4054/4820 5046/4068/4833
f 5047/4069/4834 5048/4070/4835 5049/4068/4836
f 5048/4070/4835 5047/4069/4834 5050/4071/4837
f 5028/4058/4823 5049/4068/4836 5029/4054/4824
f 5049/4068/4836 5028/4058/4823 5047/4069/4834
f 5051/4072/4838 5052/4069/4839 5053/4073/4839
f 5052/4069/4839 5051/4072/4838 5054/4071/4838
f 5034/4061/4827 5053/4073/4839 5052/4069/4839
f 5034/4061/4827 5052/4069/4839 5035/4058/4827
f 5055/4074/4840 5056/4075/2667 5057/4073/4840
f 5057/4073/4840 5056/4075/2667 5058/4072/2667
f 5040/4064/4494 5057/4073/4840 5041/4061/4494
f 5057/4073/4840 5040/4064/4494 5055/4074/4840
f 5044/4066/4831 5059/4070/4841 5060/4076/4842
f 5044/4066/4831 5061/4077/4843 5045/4067/4832
f 5045/4067/4832 5043/4065/4820 5023/4054/4820
f 5060/4076/4842 5062/4078/4844 5063/4079/4845
f 5063/4079/4845 5062/4078/4844 5064/4080/4846
f 5065/4081/4847 5066/4078/4847 5050/4071/4837
f 5048/4070/4835 5050/4071/4837 5066/4078/4847
f 5067/4082/4848 5066/4078/4847 5065/4081/4847
f 5066/4078/4847 5067/4082/4848 5068/4080/4849
f 5051/4072/4838 5069/4081/4850 5054/4071/4838
f 5069/4081/4850 5051/4072/4838 5070/4083/4850
f 5069/4081/4850 5071/4084/4851 5072/4082/4851
f 5071/4084/4851 5069/4081/4850 5070/4083/4850
f 5073/4083/4852 5058/4072/2667 5056/4075/2667
f 5056/4075/2667 5074/4085/4853 5073/4083/4852
f 5075/4084/4854 5074/4085/4853 5076/4086/4855
f 5074/4085/4853 5075/4084/4854 5073/4083/4852
f 5060/4076/4842 5059/4070/4841 5062/4078/4844
f 5060/4076/4842 5063/4079/4845 5077/4087/4856
f 5063/4079/4845 5064/4080/4846 5078/4088/4846
f 5044/4066/4831 5046/4068/4833 5059/4070/4841
f 5079/4089/4857 5080/4090/4858 5081/4091/4859
f 5080/4090/4858 5064/4080/4846 5081/4091/4859
f 5082/4091/4860 5083/4092/4861 5084/4093/4862
f 5082/4091/4860 5084/4093/4862 5085/4094/4863
f 5068/4080/4849 5067/4082/4848 5083/4092/4861
f 5068/4080/4849 5083/4092/4861 5082/4091/4860
f 5086/4095/4864 5087/4092/4865 5088/4096/4865
f 5087/4092/4865 5086/4095/4864 5089/4093/4864
f 5087/4092/4865 5071/4084/4851 5088/4096/4865
f 5071/4084/4851 5087/4092/4865 5072/4082/4851
f 5090/4095/4866 5091/4097/4867 5092/4098/4868
f 5091/4097/4867 5090/4095/4866 5093/4096/4869
f 5093/4096/4869 5076/4086/4855 5091/4097/4867
f 5076/4086/4855 5093/4096/4869 5075/4084/4854
f 5079/4089/4857 5094/4094/4870 5095/4099/4871
f 5079/4089/4857 5096/4100/4872 5080/4090/4858
f 5080/4090/4858 5078/4088/4846 5064/4080/4846
f 5095/4099/4871 5097/4101/4873 5098/4102/4874
f 5098/4102/4874 5097/4101/4873 5099/4103/4875
f 5100/4104/4876 5085/4094/4863 5084/4093/4862
f 5085/4094/4863 5100/4104/4876 5101/4101/4877
f 5102/4105/4878 5101/4101/4877 5100/4104/4876
f 5101/4101/4877 5102/4105/4878 5103/4103/4878
f 5104/4104/4879 5086/4095/4864 5105/4106/4880
f 5086/4095/4864 5104/4104/4879 5089/4093/4864
f 5106/4105/4881 5104/4104/4879 5107/4107/4881
f 5104/4104/4879 5105/4106/4880 5107/4107/4881
f 5108/4106/4882 5092/4098/4868 5109/4108/4882
f 5092/4098/4868 5108/4106/4882 5090/4095/4866
f 5110/4109/4503 5108/4106/4882 5109/4108/4882
f 5108/4106/4882 5110/4109/4503 5111/4107/4503
f 5095/4099/4871 5094/4094/4870 5097/4101/4873
f 5095/4099/4871 5098/4102/4874 5112/4110/4883
f 5098/4102/4874 5099/4103/4875 5113/4111/4875
f 5079/4089/4857 5081/4091/4859 5094/4094/4870
f 5114/4112/4884 5115/4113/4885 5116/4114/4886
f 5115/4113/4885 5099/4103/4875 5116/4114/4886
f 5117/4115/4887 5118/4116/4888 5119/4114/4889
f 5118/4116/4888 5117/4115/4887 5120/4117/4890
f 5102/4105/4878 5119/4114/4889 5103/4103/4878
f 5119/4114/4889 5102/4105/4878 5117/4115/4887
f 5121/4115/4891 5122/4118/4892 5123/4117/4893
f 5122/4118/4892 5121/4115/4891 5124/4119/4894
f 5121/4115/4891 5106/4105/4881 5107/4107/4881
f 5121/4115/4891 5107/4107/4881 5124/4119/4894
f 5125/4118/4895 5126/4119/4896 5127/4120/4897
f 5127/4120/4897 5126/4119/4896 5128/4121/4896
f 5126/4119/4896 5110/4109/4503 5128/4121/4896
f 5110/4109/4503 5126/4119/4896 5111/4107/4503
f 5114/4112/4884 5129/4116/4898 5130/4122/4899
f 5114/4112/4884 5131/4123/4900 5115/4113/4885
f 5115/4113/4885 5113/4111/4875 5099/4103/4875
f 5130/4122/4899 5132/4124/4901 5133/4125/4902
f 5133/4125/4902 5132/4124/4901 5134/4126/4903
f 5135/4127/4904 5136/4124/4905 5120/4117/4890
f 5118/4116/4888 5120/4117/4890 5136/4124/4905
f 5137/4128/4906 5138/4126/4907 5135/4127/4904
f 5136/4124/4905 5135/4127/4904 5138/4126/4907
f 5122/4118/4892 5139/4127/4908 5123/4117/4893
f 5139/4127/4908 5122/4118/4892 5140/4129/4908
f 5140/4129/4908 5141/4130/4909 5139/4127/4908
f 5139/4127/4908 5141/4130/4909 5142/4128/4909
f 5143/4131/4910 5125/4118/4895 5127/4120/4897
f 5125/4118/4895 5143/4131/4910 5144/4129/4911
f 5145/4132/4912 5144/4129/4911 5143/4131/4910
f 5144/4129/4911 5145/4132/4912 5146/4130/4913
f 5130/4122/4899 5129/4116/4898 5132/4124/4901
f 5130/4122/4899 5133/4125/4902 5147/4133/4914
f 5133/4125/4902 5134/4126/4903 5148/4134/4903
f 5114/4112/4884 5116/4114/4886 5129/4116/4898
f 5149/4135/4915 5150/4136/4916 5151/4137/4917
f 5150/4136/4916 5134/4126/4903 5151/4137/4917
f 5152/4138/4918 5153/4139/4919 5154/4137/4920
f 5152/4138/4918 5154/4137/4920 5155/4140/4920
f 5137/4128/4906 5154/4137/4920 5138/4126/4907
f 5154/4137/4920 5137/4128/4906 5155/4140/4920
f 5156/4141/4921 5157/4140/4922 5158/4142/4922
f 5157/4140/4922 5156/4141/4921 5159/4138/4921
f 5141/4130/4909 5158/4142/4922 5157/4140/4922
f 5141/4130/4909 5157/4140/4922 5142/4128/4909
f 5160/4141/3329 5161/4142/4923 5162/4143/3329
f 5162/4143/3329 5161/4142/4923 5163/4144/4924
f 5161/4142/4923 5146/4130/4913 5163/4144/4924
f 5163/4144/4924 5146/4130/4913 5145/4132/4912
f 5149/4135/4915 5164/4139/4925 5165/4145/4926
f 5149/4135/4915 5166/4146/4927 5150/4136/4916
f 5150/4136/4916 5148/4134/4903 5134/4126/4903
f 5165/4145/4926 5167/4147/4928 5168/4148/4929
f 5168/4148/4929 5167/4147/4928 5169/4149/4930
f 5170/4150/4931 5153/4139/4919 5152/4138/4918
f 5153/4139/4919 5170/4150/4931 5171/4147/4932
f 5172/4151/4933 5171/4147/4932 5170/4150/4931
f 5171/4147/4932 5172/4151/4933 5173/4149/4933
f 5156/4141/4921 5174/4150/4934 5159/4138/4921
f 5174/4150/4934 5156/4141/4921 5175/4152/4934
f 5174/4150/4934 5176/4153/4935 5177/4151/4935
f 5176/4153/4935 5174/4150/4934 5175/4152/4934
f 5178/4152/4936 5162/4143/3329 5179/4154/4936
f 5162/4143/3329 5178/4152/4936 5160/4141/3329
f 5180/4155/4937 5178/4152/4936 5179/4154/4936
f 5178/4152/4936 5180/4155/4937 5181/4153/4937
f 5165/4145/4926 5164/4139/4925 5167/4147/4928
f 5165/4145/4926 5168/4148/4929 5182/4156/4938
f 5168/4148/4929 5169/4149/4930 5183/4157/4939
f 5149/4135/4915 5151/4137/4917 5164/4139/4925
f 5184/4158/4940 5185/4159/4941 5186/4160/4942
f 5185/4159/4941 5187/4161/4943 5186/4160/4942
f 5188/4162/4944 5189/4163/4945 5190/4164/4946
f 5189/4163/4945 5188/4162/4944 5191/4160/4947
f 5189/4163/4945 5191/4160/4947 5192/4161/4948
f 5189/4163/4945 5192/4161/4948 5193/4165/4948
f 5194/4166/4949 5195/4163/4950 5196/4167/4950
f 5195/4163/4950 5194/4166/4949 5197/4164/4949
f 5195/4163/4950 5198/4168/4951 5196/4167/4950
f 5198/4168/4951 5195/4163/4950 5199/4165/4952
f 5200/4166/3677 5201/4167/4953 5202/4169/3677
f 5202/4169/3677 5201/4167/4953 5203/4170/4953
f 5201/4167/4953 5204/4171/4954 5203/4170/4953
f 5204/4171/4954 5201/4167/4953 5205/4168/4954
f 5184/4158/4940 5206/4162/4955 5207/4172/4956
f 5184/4158/4940 5208/4173/4957 5185/4159/4941
f 5185/4159/4941 5209/4174/4943 5187/4161/4943
f 5207/4172/4956 5210/4175/4958 5211/4176/4959
f 5211/4176/4959 5210/4175/4958 5212/4177/4960
f 5213/4175/4961 5190/4164/4946 5214/4178/4962
f 5190/4164/4946 5213/4175/4961 5188/4162/4944
f 5215/4177/4963 5214/4178/4962 5216/4179/4964
f 5214/4178/4962 5215/4177/4963 5213/4175/4961
f 5217/4178/4965 5194/4166/4949 5218/4180/4965
f 5194/4166/4949 5217/4178/4965 5197/4164/4949
f 5219/4179/4966 5217/4178/4965 5220/4181/4966
f 5217/4178/4965 5218/4180/4965 5220/4181/4966
f 5221/4180/4967 5202/4169/3677 5222/4182/4967
f 5202/4169/3677 5221/4180/4967 5200/4166/3677
f 5223/4183/4968 5221/4180/4967 5222/4182/4967
f 5221/4180/4967 5223/4183/4968 5224/4181/4969
f 5207/4172/4956 5206/4162/4955 5210/4175/4958
f 5207/4172/4956 5211/4176/4959 5225/4184/4970
f 5211/4176/4959 5212/4177/4960 5226/4185/4960
f 5184/4158/4940 5186/4160/4942 5206/4162/4955
f 5227/4186/4971 5228/4187/4972 5229/4188/4973
f 5228/4187/4972 5212/4177/4960 5229/4188/4973
f 5230/4189/4974 5231/4190/4975 5232/4191/4974
f 5231/4190/4975 5230/4189/4974 5233/4188/4976
f 5233/4188/4976 5216/4179/4964 5231/4190/4975
f 5216/4179/4964 5233/4188/4976 5215/4177/4963
f 5234/4190/4977 5235/4192/4978 5236/4191/4978
f 5235/4192/4978 5234/4190/4977 5237/4193/4977
f 5234/4190/4977 5219/4179/4966 5220/4181/4966
f 5220/4181/4966 5237/4193/4977 5234/4190/4977
f 5238/4192/4025 5239/4193/4979 5240/4194/4025
f 5240/4194/4025 5239/4193/4979 5241/4195/4980
f 5239/4193/4979 5224/4181/4969 5241/4195/4980
f 5241/4195/4980 5224/4181/4969 5223/4183/4968
f 5227/4186/4971 5242/4189/4981 5243/4196/4982
f 5227/4186/4971 5244/4197/4983 5228/4187/4972
f 5228/4187/4972 5226/4185/4960 5212/4177/4960
f 5243/4196/4982 5245/4198/4984 5246/4199/4985
f 5246/4199/4985 5245/4198/4984 4927/3991/4751
f 5247/4200/4986 5230/4189/4974 5232/4191/4974
f 5230/4189/4974 5247/4200/4986 5248/4198/4987
f 4933/3995/4756 5248/4198/4987 5247/4200/4986
f 5248/4198/4987 4933/3995/4756 4932/3991/4755
f 5235/4192/4978 5249/4200/4988 5236/4191/4978
f 5249/4200/4988 5235/4192/4978 5250/4201/4988
f 5250/4201/4988 4938/3998/4759 5249/4200/4988
f 5249/4200/4988 4938/3998/4759 4939/3995/4759
f 5251/4201/4989 5240/4194/4025 5252/4202/4989
f 5240/4194/4025 5251/4201/4989 5238/4192/4025
f 4944/4001/1212 5251/4201/4989 5252/4202/4989
f 5251/4201/4989 4944/4001/1212 4945/3998/1212
f 5243/4196/4982 5242/4189/4981 5245/4198/4984
f 5243/4196/4982 5246/4199/4985 5253/4203/4990
f 5246/4199/4985 4927/3991/4751 4949/4004/4751
f 5227/4186/4971 5229/4188/4973 5242/4189/4981
f 5254/4204/4991 5020/4051/4817 5022/4053/4819
f 5255/3844/4992 5256/3843/4992 5257/4205/4992
f 5256/3843/4992 5258/3861/4992 5257/4205/4992
f 5258/3861/4992 5259/3878/4992 5257/4205/4992
f 5259/3878/4992 5260/3895/4992 5257/4205/4992
f 5260/3895/4992 5261/3912/4992 5257/4205/4992
f 5261/3912/4992 5262/3929/4992 5257/4205/4992
f 5262/3929/4992 5263/3946/4992 5257/4205/4992
f 5263/3946/4992 5264/3963/4992 5257/4205/4992
f 5264/3963/4992 5255/3844/4992 5257/4205/4992
usemtl EXT_Brakedisc
f 5265/4206/4476 5266/4207/4476 5267/4208/4476
f 5266/4207/4476 5265/4206/4476 5268/4209/4476
f 5269/4207/4993 5270/4208/4993 5271/4209/4993
f 5270/4208/4993 5272/4206/4993 5271/4209/4993
f 5273/4210/4992 5274/4211/4992 5275/4212/4992
f 5276/4207/4994 5277/4208/4994 5278/4209/4994
f 5277/4208/4994 5279/4206/4994 5278/4209/4994
f 5274/4211/4992 5280/4213/4992 5275/4212/4992
f 5281/4207/2667 5282/4208/2667 5283/4209/2667
f 5282/4208/2667 5284/4206/2667 5283/4209/2667
f 5280/4213/4992 5285/4214/4992 5275/4212/4992
f 5286/4207/4995 5287/4206/4995 5288/4209/4995
f 5287/4206/4995 5286/4207/4995 5289/4208/4995
f 5285/4214/4992 5290/4215/4992 5275/4212/4992
f 5291/4206/4996 5292/4207/4996 5293/4208/4996
f 5292/4207/4996 5291/4206/4996 5294/4209/4996
f 5290/4215/4992 5295/4216/4992 5275/4212/4992
f 5296/4206/4997 5297/4207/4997 5298/4208/4997
f 5297/4207/4997 5296/4206/4997 5299/4209/4997
f 5295/4216/4992 5300/4217/4992 5275/4212/4992
f 5301/4206/4998 5302/4207/4998 5303/4208/4998
f 5302/4207/4998 5301/4206/4998 5304/4209/4998
f 5300/4217/4992 5305/4218/4992 5275/4212/4992
f 5306/4206/4503 5307/4207/4503 5308/4208/4503
f 5307/4207/4503 5306/4206/4503 5309/4209/4503
f 5305/4218/4992 5310/4219/4992 5275/4212/4992
f 5311/4206/4999 5312/4207/4999 5313/4208/4999
f 5312/4207/4999 5311/4206/4999 5314/4209/4999
f 5310/4219/4992 5315/4220/4992 5275/4212/4992
f 5316/4209/5000 5317/4208/5000 5318/4206/5000
f 5317/4208/5000 5316/4209/5000 5319/4207/5000
f 5315/4220/4992 5320/4221/4992 5275/4212/4992
f 5321/4206/5001 5322/4207/5001 5323/4208/5001
f 5322/4207/5001 5321/4206/5001 5324/4209/5001
f 5320/4221/4992 5325/4222/4992 5275/4212/4992
f 5326/4206/5002 5327/4207/5002 5328/4208/5002
f 5327/4207/5002 5326/4206/5002 5329/4209/5002
f 5325/4222/4992 5330/4223/4992 5275/4212/4992
f 5331/4206/3329 5332/4207/3329 5333/4208/3329
f 5332/4207/3329 5331/4206/3329 5334/4209/3329
f 5330/4223/4992 5335/4224/4992 5275/4212/4992
f 5336/4206/5003 5337/4207/5003 5338/4208/5003
f 5337/4207/5003 5336/4206/5003 5339/4209/5003
f 5335/4224/4992 5340/4225/4992 5275/4212/4992
f 5341/4206/5004 5342/4207/5004 5343/4208/5004
f 5342/4207/5004 5341/4206/5004 5344/4209/5004
f 5340/4225/4992 5345/4226/4992 5275/4212/4992
f 5346/4206/5005 5347/4207/5005 5348/4208/5005
f 5347/4207/5005 5346/4206/5005 5349/4209/5005
f 5345/4226/4992 5350/4227/4992 5275/4212/4992
f 5351/4206/5006 5352/4207/5006 5353/4208/5006
f 5352/4207/5006 5351/4206/5006 5354/4209/5006
f 5350/4227/4992 5355/4228/4992 5275/4212/4992
f 5355/4228/4992 5356/4229/4992 5275/4212/4992
f 5357/4206/5007 5358/4207/5007 5359/4208/5007
f 5358/4207/5007 5357/4206/5007 5360/4209/5007
f 5356/4229/4992 5361/4230/4992 5275/4212/4992
f 5362/4209/5008 5363/4208/5008 5364/4206/5008
f 5363/4208/5008 5362/4209/5008 5365/4207/5008
f 5361/4230/4992 5366/4231/4992 5275/4212/4992
f 5367/4209/5009 5368/4208/5009 5369/4206/5009
f 5368/4208/5009 5367/4209/5009 5370/4207/5009
f 5366/4231/4992 5371/4232/4992 5275/4212/4992
f 5372/4209/5010 5373/4208/5010 5374/4206/5010
f 5373/4208/5010 5372/4209/5010 5375/4207/5010
f 5371/4232/4992 5376/4233/4992 5275/4212/4992
f 5377/4209/1210 5378/4208/1210 5379/4206/1210
f 5378/4208/1210 5377/4209/1210 5380/4207/1210
f 5376/4233/4992 5381/4234/4992 5275/4212/4992
f 5382/4209/5011 5383/4208/5011 5384/4206/5011
f 5383/4208/5011 5382/4209/5011 5385/4207/5011
f 5381/4234/4992 5386/4235/4992 5275/4212/4992
f 5387/4209/5012 5388/4208/5012 5389/4206/5012
f 5388/4208/5012 5387/4209/5012 5390/4207/5012
f 5386/4235/4992 5391/4236/4992 5275/4212/4992
f 5392/4209/5013 5393/4208/5013 5394/4206/5013
f 5393/4208/5013 5392/4209/5013 5395/4207/5013
f 5391/4236/4992 5396/4237/4992 5275/4212/4992
f 5397/4207/5014 5398/4208/5014 5399/4209/5014
f 5398/4208/5014 5400/4206/5014 5399/4209/5014
f 5396/4237/4992 5401/4238/4992 5275/4212/4992
f 5402/4207/4489 5403/4208/4489 5404/4209/4489
f 5403/4208/4489 5405/4206/4489 5404/4209/4489
f 5401/4238/4992 5406/4239/4992 5275/4212/4992
f 5407/4207/5015 5408/4208/5015 5409/4209/5015
f 5408/4208/5015 5410/4206/5015 5409/4209/5015
f 5406/4239/4992 5411/4240/4992 5275/4212/4992
f 5412/4207/5016 5413/4208/5016 5414/4209/5016
f 5413/4208/5016 5415/4206/5016 5414/4209/5016
f 5411/4240/4992 5273/4210/4992 5275/4212/4992
f 5416/4214/4356 5417/4241/4356 5418/4242/4356
f 5417/4241/4356 5416/4214/4356 5419/4213/4356
f 5420/4211/4356 5421/4243/4356 5417/4241/4356
f 5420/4211/4356 5417/4241/4356 5419/4213/4356
f 5422/4244/4356 5423/4215/4356 5416/4214/4356
f 5416/4214/4356 5418/4242/4356 5422/4244/4356
f 5421/4243/4356 5424/4210/4356 5425/4245/4356
f 5424/4210/4356 5421/4243/4356 5420/4211/4356
f 5426/4246/4356 5427/4216/4356 5423/4215/4356
f 5426/4246/4356 5423/4215/4356 5422/4244/4356
f 5428/4247/4356 5424/4210/4356 5429/4240/4356
f 5424/4210/4356 5428/4247/4356 5425/4245/4356
f 5430/4217/4356 5426/4246/4356 5431/4248/4356
f 5426/4246/4356 5430/4217/4356 5427/4216/4356
f 5432/4249/4356 5429/4240/4356 5433/4239/4356
f 5429/4240/4356 5432/4249/4356 5428/4247/4356
f 5430/4217/4356 5434/4250/4356 5435/4218/4356
f 5434/4250/4356 5430/4217/4356 5431/4248/4356
f 5436/4238/4356 5432/4249/4356 5433/4239/4356
f 5432/4249/4356 5436/4238/4356 5437/4251/4356
f 5435/4218/4356 5438/4252/4356 5439/4219/4356
f 5438/4252/4356 5435/4218/4356 5434/4250/4356
f 5436/4238/4356 5440/4253/4356 5437/4251/4356
f 5440/4253/4356 5436/4238/4356 5441/4237/4356
f 5438/4252/4356 5442/4220/4356 5439/4219/4356
f 5442/4220/4356 5438/4252/4356 5443/4254/4356
f 5441/4237/4356 5444/4255/4356 5440/4253/4356
f 5444/4255/4356 5441/4237/4356 5445/4236/4356
f 5446/4256/4356 5442/4220/4356 5443/4254/4356
f 5442/4220/4356 5446/4256/4356 5447/4221/4356
f 5444/4255/4356 5445/4236/4356 5448/4235/4356
f 5444/4255/4356 5448/4235/4356 5449/4257/4356
f 5446/4256/4356 5450/4222/4356 5447/4221/4356
f 5450/4222/4356 5446/4256/4356 5451/4258/4356
f 5449/4257/4356 5448/4235/4356 5452/4234/4356
f 5452/4234/4356 5453/4259/4356 5449/4257/4356
f 5450/4222/4356 5451/4258/4356 5454/4260/4356
f 5450/4222/4356 5454/4260/4356 5455/4223/4356
f 5452/4234/4356 5456/4261/4356 5453/4259/4356
f 5456/4261/4356 5452/4234/4356 5457/4233/4356
f 5458/4262/4356 5459/4224/4356 5455/4223/4356
f 5455/4223/4356 5454/4260/4356 5458/4262/4356
f 5457/4233/4356 5460/4232/4356 5456/4261/4356
f 5460/4232/4356 5461/4263/4356 5456/4261/4356
f 5462/4225/4356 5458/4262/4356 5463/4264/4356
f 5458/4262/4356 5462/4225/4356 5459/4224/4356
f 5464/4265/4356 5460/4232/4356 5465/4231/4356
f 5460/4232/4356 5464/4265/4356 5461/4263/4356
f 5466/4226/4356 5463/4264/4356 5467/4266/4356
f 5463/4264/4356 5466/4226/4356 5462/4225/4356
f 5464/4265/4356 5468/4230/4356 5469/4267/4356
f 5468/4230/4356 5464/4265/4356 5465/4231/4356
f 5470/4268/4356 5471/4227/4356 5466/4226/4356
f 5470/4268/4356 5466/4226/4356 5467/4266/4356
f 5469/4267/4356 5472/4229/4356 5473/4269/4356
f 5472/4229/4356 5469/4267/4356 5468/4230/4356
f 5471/4227/4356 5474/4270/4356 5475/4228/4356
f 5474/4270/4356 5471/4227/4356 5470/4268/4356
f 5475/4228/4356 5473/4269/4356 5472/4229/4356
f 5473/4269/4356 5475/4228/4356 5474/4270/4356
f 5476/4271/4356 5477/4212/4356 5478/4272/4356
f 5479/4273/4356 5477/4212/4356 5476/4271/4356
f 5478/4272/4356 5477/4212/4356 5480/4274/4356
f 5481/4275/4356 5477/4212/4356 5479/4273/4356
f 5480/4274/4356 5477/4212/4356 5482/4276/4356
f 5483/4277/4356 5477/4212/4356 5481/4275/4356
f 5482/4276/4356 5477/4212/4356 5484/4278/4356
f 5485/4279/4356 5477/4212/4356 5483/4277/4356
f 5484/4278/4356 5477/4212/4356 5486/4280/4356
f 5487/4281/4356 5477/4212/4356 5485/4279/4356
f 5486/4280/4356 5477/4212/4356 5488/4282/4356
f 5489/4283/4356 5477/4212/4356 5487/4281/4356
f 5488/4282/4356 5477/4212/4356 5490/4284/4356
f 5491/4285/4356 5477/4212/4356 5489/4283/4356
f 5490/4284/4356 5477/4212/4356 5492/4286/4356
f 5493/4287/4356 5477/4212/4356 5491/4285/4356
f 5492/4286/4356 5477/4212/4356 5494/4288/4356
f 5495/4289/4356 5477/4212/4356 5493/4287/4356
f 5494/4288/4356 5477/4212/4356 5496/4290/4356
f 5497/4291/4356 5477/4212/4356 5495/4289/4356
f 5496/4290/4356 5477/4212/4356 5498/4292/4356
f 5499/4293/4356 5477/4212/4356 5497/4291/4356
f 5498/4292/4356 5477/4212/4356 5500/4294/4356
f 5501/4295/4356 5477/4212/4356 5499/4293/4356
f 5500/4294/4356 5477/4212/4356 5502/4296/4356
f 5503/4297/4356 5477/4212/4356 5501/4295/4356
f 5502/4296/4356 5477/4212/4356 5504/4298/4356
f 5505/4299/4356 5477/4212/4356 5503/4297/4356
f 5504/4298/4356 5477/4212/4356 5506/4300/4356
f 5506/4300/4356 5477/4212/4356 5505/4299/4356
f 5507/4301/5017 5508/4271/5017 5509/4302/5018
f 5509/4302/5018 5508/4271/5017 5510/4272/5018
f 5511/4303/5019 5508/4271/5017 5507/4301/5017
f 5508/4271/5017 5511/4303/5019 5512/4273/5020
f 5513/4304/5021 5512/4273/5020 5511/4303/5019
f 5512/4273/5020 5513/4304/5021 5514/4275/5021
f 5515/4277/5022 5513/4304/5021 5516/4305/5023
f 5513/4304/5021 5515/4277/5022 5514/4275/5021
f 5517/4279/5024 5516/4305/5023 5518/4306/5025
f 5516/4305/5023 5517/4279/5024 5515/4277/5022
f 5519/4281/5026 5517/4279/5024 5518/4306/5025
f 5518/4306/5025 5520/4307/5026 5519/4281/5026
f 5519/4281/5026 5521/4308/5027 5522/4283/5027
f 5521/4308/5027 5519/4281/5026 5520/4307/5026
f 5522/4283/5027 5521/4308/5027 5523/4285/5028
f 5521/4308/5027 5524/4309/5028 5523/4285/5028
f 5523/4285/5028 5525/4310/5029 5526/4287/5030
f 5525/4310/5029 5523/4285/5028 5524/4309/5028
f 5526/4287/5030 5527/4311/5031 5528/4289/5031
f 5527/4311/5031 5526/4287/5030 5525/4310/5029
f 5529/4312/5032 5530/4291/5033 5527/4311/5031
f 5528/4289/5031 5527/4311/5031 5530/4291/5033
f 5531/4313/5034 5532/4293/5035 5529/4312/5032
f 5530/4291/5033 5529/4312/5032 5532/4293/5035
f 5533/4314/5036 5534/4295/5036 5531/4313/5034
f 5532/4293/5035 5531/4313/5034 5534/4295/5036
f 5535/4315/5037 5534/4295/5036 5533/4314/5036
f 5534/4295/5036 5535/4315/5037 5536/4297/5038
f 5536/4297/5038 5537/4316/5039 5538/4299/5040
f 5537/4316/5039 5536/4297/5038 5535/4315/5037
f 5538/4299/5040 5539/4317/5041 5540/4300/5042
f 5539/4317/5041 5538/4299/5040 5537/4316/5039
f 5540/4300/5042 5541/4318/5043 5542/4298/5044
f 5541/4318/5043 5540/4300/5042 5539/4317/5041
f 5542/4298/5044 5543/4319/5045 5544/4296/5045
f 5543/4319/5045 5542/4298/5044 5541/4318/5043
f 5545/4320/5046 5546/4294/5047 5543/4319/5045
f 5544/4296/5045 5543/4319/5045 5546/4294/5047
f 5547/4321/5048 5548/4292/5048 5545/4320/5046
f 5546/4294/5047 5545/4320/5046 5548/4292/5048
f 5549/4322/5049 5548/4292/5048 5547/4321/5048
f 5548/4292/5048 5549/4322/5049 5550/4290/5049
f 5551/4288/5050 5549/4322/5049 5552/4323/5051
f 5549/4322/5049 5551/4288/5050 5550/4290/5049
f 5553/4286/5052 5552/4323/5051 5554/4324/5052
f 5552/4323/5051 5553/4286/5052 5551/4288/5050
f 5553/4286/5052 5555/4325/5053 5556/4284/5054
f 5555/4325/5053 5553/4286/5052 5554/4324/5052
f 5556/4284/5054 5557/4326/5055 5558/4282/5055
f 5557/4326/5055 5556/4284/5054 5555/4325/5053
f 5559/4327/5056 5560/4280/5057 5557/4326/5055
f 5558/4282/5055 5557/4326/5055 5560/4280/5057
f 5561/4328/5058 5562/4278/5059 5559/4327/5056
f 5560/4280/5057 5559/4327/5056 5562/4278/5059
f 5563/4329/5060 5564/4276/5061 5561/4328/5058
f 5562/4278/5059 5561/4328/5058 5564/4276/5061
f 5565/4330/5062 5566/4274/5062 5563/4329/5060
f 5564/4276/5061 5563/4329/5060 5566/4274/5062
f 5509/4302/5018 5566/4274/5062 5565/4330/5062
f 5566/4274/5062 5509/4302/5018 5510/4272/5018
f 5567/4241/5063 5568/4331/5064 5569/4242/5064
f 5568/4331/5064 5567/4241/5063 5570/4332/5065
f 5571/4243/5066 5570/4332/5065 5567/4241/5063
f 5570/4332/5065 5571/4243/5066 5572/4333/5067
f 5573/4244/5068 5569/4242/5064 5568/4331/5064
f 5573/4244/5068 5568/4331/5064 5574/4334/5068
f 5575/4245/5069 5572/4333/5067 5571/4243/5066
f 5572/4333/5067 5575/4245/5069 5576/4335/5069
f 5573/4244/5068 5577/4336/5070 5578/4246/5070
f 5577/4336/5070 5573/4244/5068 5574/4334/5068
f 5575/4245/5069 5579/4247/5071 5580/4337/5072
f 5580/4337/5072 5576/4335/5069 5575/4245/5069
f 5581/4248/5073 5577/4336/5070 5582/4338/5074
f 5581/4248/5073 5578/4246/5070 5577/4336/5070
f 5579/4247/5071 5583/4249/5075 5584/4339/5076
f 5584/4339/5076 5580/4337/5072 5579/4247/5071
f 5585/4250/5077 5582/4338/5074 5586/4340/5078
f 5582/4338/5074 5585/4250/5077 5581/4248/5073
f 5587/4341/5079 5584/4339/5076 5583/4249/5075
f 5587/4341/5079 5583/4249/5075 5588/4251/5080
f 5589/4252/5081 5586/4340/5078 5590/4342/5081
f 5586/4340/5078 5589/4252/5081 5585/4250/5077
f 5588/4251/5080 5591/4343/5082 5587/4341/5079
f 5591/4343/5082 5588/4251/5080 5592/4253/5083
f 5593/4344/5084 5589/4252/5081 5590/4342/5081
f 5589/4252/5081 5593/4344/5084 5594/4254/5085
f 5592/4253/5083 5595/4345/5086 5591/4343/5082
f 5595/4345/5086 5592/4253/5083 5596/4255/5086
f 5597/4346/5087 5594/4254/5085 5593/4344/5084
f 5594/4254/5085 5597/4346/5087 5598/4256/5087
f 5595/4345/5086 5599/4257/5088 5600/4347/5089
f 5599/4257/5088 5595/4345/5086 5596/4255/5086
f 5601/4258/5090 5598/4256/5087 5597/4346/5087
f 5597/4346/5087 5602/4348/5091 5601/4258/5090
f 5600/4347/5089 5603/4259/5092 5604/4349/5092
f 5603/4259/5092 5600/4347/5089 5599/4257/5088
f 5605/4260/5093 5601/4258/5090 5602/4348/5091
f 5605/4260/5093 5602/4348/5091 5606/4350/5093
f 5603/4259/5092 5607/4351/5094 5604/4349/5092
f 5607/4351/5094 5603/4259/5092 5608/4261/5095
f 5605/4260/5093 5609/4352/5096 5610/4262/5096
f 5609/4352/5096 5605/4260/5093 5606/4350/5093
f 5608/4261/5095 5611/4353/5097 5607/4351/5094
f 5611/4353/5097 5608/4261/5095 5612/4263/5098
f 5613/4264/5099 5609/4352/5096 5614/4354/5100
f 5613/4264/5099 5610/4262/5096 5609/4352/5096
f 5612/4263/5098 5615/4355/5101 5611/4353/5097
f 5612/4263/5098 5616/4265/5101 5615/4355/5101
f 5617/4266/5102 5614/4354/5100 5618/4356/5102
f 5614/4354/5100 5617/4266/5102 5613/4264/5099
f 5619/4267/5103 5615/4355/5101 5616/4265/5101
f 5615/4355/5101 5619/4267/5103 5620/4357/5104
f 5621/4358/5105 5617/4266/5102 5618/4356/5102
f 5617/4266/5102 5621/4358/5105 5622/4268/5106
f 5620/4357/5104 5623/4269/5107 5624/4359/5108
f 5623/4269/5107 5620/4357/5104 5619/4267/5103
f 5625/4360/5109 5622/4268/5106 5621/4358/5105
f 5622/4268/5106 5625/4360/5109 5626/4270/5110
f 5624/4359/5108 5626/4270/5110 5625/4360/5109
f 5626/4270/5110 5624/4359/5108 5623/4269/5107
f 5627/4331/4356 5628/4332/4356 5629/4301/4356
f 5627/4331/4356 5629/4301/4356 5630/4302/4356
f 5631/4333/4356 5629/4301/4356 5628/4332/4356
f 5629/4301/4356 5631/4333/4356 5632/4303/4356
f 5627/4331/4356 5633/4330/4356 5634/4334/4356
f 5633/4330/4356 5627/4331/4356 5630/4302/4356
f 5635/4335/4356 5632/4303/4356 5631/4333/4356
f 5632/4303/4356 5635/4335/4356 5636/4304/4356
f 5637/4329/4356 5634/4334/4356 5633/4330/4356
f 5634/4334/4356 5637/4329/4356 5638/4336/4356
f 5639/4337/4356 5640/4305/4356 5635/4335/4356
f 5640/4305/4356 5636/4304/4356 5635/4335/4356
f 5641/4338/4356 5637/4329/4356 5642/4328/4356
f 5637/4329/4356 5641/4338/4356 5638/4336/4356
f 5640/4305/4356 5643/4339/4356 5644/4306/4356
f 5643/4339/4356 5640/4305/4356 5639/4337/4356
f 5645/4340/4356 5642/4328/4356 5646/4327/4356
f 5642/4328/4356 5645/4340/4356 5641/4338/4356
f 5644/4306/4356 5643/4339/4356 5647/4307/4356
f 5647/4307/4356 5643/4339/4356 5648/4341/4356
f 5649/4326/4356 5645/4340/4356 5646/4327/4356
f 5645/4340/4356 5649/4326/4356 5650/4342/4356
f 5647/4307/4356 5651/4343/4356 5652/4308/4356
f 5651/4343/4356 5647/4307/4356 5648/4341/4356
f 5649/4326/4356 5653/4325/4356 5654/4344/4356
f 5649/4326/4356 5654/4344/4356 5650/4342/4356
f 5651/4343/4356 5655/4309/4356 5652/4308/4356
f 5655/4309/4356 5651/4343/4356 5656/4345/4356
f 5654/4344/4356 5657/4324/4356 5658/4346/4356
f 5657/4324/4356 5654/4344/4356 5653/4325/4356
f 5656/4345/4356 5659/4310/4356 5655/4309/4356
f 5659/4310/4356 5656/4345/4356 5660/4347/4356
f 5658/4346/4356 5657/4324/4356 5661/4348/4356
f 5657/4324/4356 5662/4323/4356 5661/4348/4356
f 5663/4349/4356 5659/4310/4356 5660/4347/4356
f 5659/4310/4356 5663/4349/4356 5664/4311/4356
f 5661/4348/4356 5665/4322/4356 5666/4350/4356
f 5665/4322/4356 5661/4348/4356 5662/4323/4356
f 5663/4349/4356 5667/4351/4356 5668/4312/4356
f 5663/4349/4356 5668/4312/4356 5664/4311/4356
f 5666/4350/4356 5669/4321/4356 5670/4352/4356
f 5669/4321/4356 5666/4350/4356 5665/4322/4356
f 5671/4353/4356 5668/4312/4356 5667/4351/4356
f 5668/4312/4356 5671/4353/4356 5672/4313/4356
f 5673/4354/4356 5670/4352/4356 5669/4321/4356
f 5673/4354/4356 5669/4321/4356 5674/4320/4356
f 5675/4355/4356 5676/4314/4356 5671/4353/4356
f 5676/4314/4356 5672/4313/4356 5671/4353/4356
f 5677/4356/4356 5674/4320/4356 5678/4319/4356
f 5674/4320/4356 5677/4356/4356 5673/4354/4356
f 5676/4314/4356 5679/4357/4356 5680/4315/4356
f 5679/4357/4356 5676/4314/4356 5675/4355/4356
f 5681/4318/4356 5677/4356/4356 5678/4319/4356
f 5677/4356/4356 5681/4318/4356 5682/4358/4356
f 5680/4315/4356 5683/4359/4356 5684/4316/4356
f 5683/4359/4356 5680/4315/4356 5679/4357/4356
f 5685/4317/4356 5682/4358/4356 5681/4318/4356
f 5682/4358/4356 5685/4317/4356 5686/4360/4356
f 5683/4359/4356 5685/4317/4356 5684/4316/4356
f 5685/4317/4356 5683/4359/4356 5686/4360/4356
