# Blender 4.5.3 LTS
# www.blender.org
mtllib COFRE.mtl
g COFRE_Mesh
v -5.138938 -1.223053 -6.687097
v -4.771874 -1.255877 -6.933680
v -5.058785 -1.519916 -7.649229
v -5.786017 -1.475112 -7.172126
v -5.785804 -1.254959 -6.506895
v -6.151105 -1.420927 -6.842449
v -6.129150 -1.348745 -6.636587
v -6.972031 -1.559311 -6.930544
v -6.794082 -1.762987 -7.530707
v -7.250523 -1.704496 -7.306840
v -7.412201 -1.494187 -6.756618
v -4.960678 -1.812000 -8.421380
v -5.686300 -1.863111 -8.265127
v -4.324235 -1.359918 -7.404466
v -4.163175 -1.737249 -8.508530
v -3.190873 -1.678385 -8.585365
v -3.279674 -1.312217 -7.515896
v -2.188982 -1.645085 -8.629181
v -2.212118 -1.287775 -7.582953
v -1.233985 -1.277986 -7.604728
v -1.233985 -1.634637 -8.644797
v -6.653716 -1.940031 -7.984644
v -6.440209 -2.233323 -8.639816
v -6.882327 -2.242478 -8.441590
v -7.099281 -1.916307 -7.800415
v -6.242037 -1.936803 -8.134141
v -5.492147 -2.155098 -8.943563
v -6.030346 -2.199489 -8.785499
v -4.848401 -2.099171 -9.103509
v -4.060668 -2.036542 -9.211844
v -3.125496 -1.984895 -9.295149
v -2.169576 -1.952312 -9.337788
v -1.233985 -1.946478 -9.358330
v -6.234706 -2.578281 -9.241009
v -6.656630 -2.633910 -9.073884
v -5.286066 -2.467949 -9.570554
v -5.827023 -2.527865 -9.397220
v -4.746108 -2.414178 -9.678976
v -3.066752 -2.299499 -9.855761
v -3.976548 -2.355154 -9.786380
v -2.149676 -2.275888 -9.907994
v -1.233985 -2.270913 -9.929800
v -5.134936 -2.726809 -9.994566
v -5.699787 -2.798795 -9.803161
v -4.663331 -2.690982 -10.096100
v -3.021263 -2.591627 -10.259915
v -3.923270 -2.645315 -10.191004
v -2.126957 -2.570302 -10.308722
v -1.233985 -2.557087 -10.337821
v -3.336799 -1.052916 -6.630644
v -3.355679 -0.932003 -6.145112
v -2.240708 -0.911479 -6.225502
v -2.228798 -1.030333 -6.705956
v -4.464911 -1.095201 -6.496529
v -4.448629 -0.968301 -6.009841
v -8.530848 -1.113402 -5.041391
v -8.660042 -0.905436 -4.342390
v -8.190533 -0.922254 -4.530593
v -8.033104 -1.124509 -5.294776
v -8.276297 -1.551767 -6.298783
v -8.410321 -1.313607 -5.681417
v -7.880732 -1.323228 -5.984841
v -7.726838 -1.544511 -6.604016
v -7.498149 -1.899524 -7.508303
v -8.116636 -1.825658 -6.980368
v -7.599457 -1.733967 -7.111247
v -7.966360 -2.177678 -7.614849
v -7.313932 -2.244398 -8.127938
v -7.868898 -2.433854 -8.065935
v -7.166873 -2.548348 -8.664388
v -9.063576 -1.058739 -4.768544
v -9.171372 -0.851819 -4.120183
v -8.011457 -0.883835 -4.629428
v -7.814507 -1.087045 -5.424263
v -8.852407 -1.511310 -5.928378
v -8.951315 -1.277113 -5.390527
v -7.628919 -1.297883 -6.128841
v -8.741911 -1.771290 -6.490541
v -7.458008 -1.505220 -6.747065
v -7.297545 -1.712532 -7.285999
v -8.635143 -2.073481 -7.021173
v -7.147995 -1.914863 -7.765843
v -6.927821 -2.242818 -8.398844
v -8.566034 -2.322073 -7.428574
v -6.711553 -2.624595 -9.030113
v -9.678464 -1.027762 -4.412759
v -9.749467 -0.819877 -3.830373
v -9.597251 -1.265190 -4.972822
v -9.455929 -1.705402 -5.859874
v -9.533896 -1.480684 -5.428258
v -9.373957 -1.957481 -6.274437
v -9.271112 -2.219276 -6.725021
v -4.808731 -0.863227 -5.457958
v -5.019504 -0.872529 -5.420311
v -4.811078 -0.859191 -5.438904
v -6.941092 -0.987642 -4.952248
v -7.164503 -0.798741 -4.045307
v -6.109723 -0.737472 -4.334315
v -5.914688 -0.921861 -5.229421
v -7.987709 -0.871901 -4.638928
v -8.185911 -0.696712 -3.773010
v -8.162209 -0.702038 -3.778257
v -7.963306 -0.878090 -4.647035
v -8.790776 -0.733224 -3.559232
v -8.357335 -0.737326 -3.692285
v -9.282167 -0.675508 -3.420403
v -9.813111 -0.641994 -3.241863
v -2.954951 -0.194651 -1.644781
v -2.981219 -0.038241 -1.134561
v -2.083522 -0.027430 -1.198707
v -2.082522 -0.178365 -1.694360
v -5.140077 -0.274550 -1.323300
v -5.179011 -0.079075 -0.773453
v -4.656544 -0.062006 -0.888386
v -4.627730 -0.240962 -1.416082
v -6.644829 -0.250612 -1.412399
v -6.848382 -0.094004 -0.209542
v -5.633689 -0.060526 -0.672057
v -5.482064 -0.208976 -1.730848
v -7.769942 -0.309796 -1.060875
v -7.994285 -0.153928 0.236103
v -8.882353 -0.250050 -0.335721
v -9.031481 -0.191975 0.501162
v -9.009735 -0.193513 0.500231
v -8.859404 -0.253469 -0.341719
v -3.764426 -0.872451 -2.421954
v -3.789322 -0.486547 -2.026850
v -2.951157 -0.454233 -2.120888
v -2.946147 -0.844843 -2.532699
v -4.527699 -0.909041 -2.289778
v -4.588124 -0.531838 -1.899686
v -8.504261 -0.448745 -2.172329
v -8.686510 -0.339057 -1.256811
v -8.444017 -0.330419 -0.869363
v -8.083907 -0.559688 -2.633912
v -8.634250 -0.454542 -2.085532
v -8.618470 -0.452041 -2.090437
v -8.633621 -0.465858 -2.133556
v -8.644108 -0.466166 -2.121197
v -10.523205 -0.219952 -2.146955
v -10.546959 -0.132069 -1.715362
v -10.532763 -0.156726 -1.714494
v -10.507395 -0.245566 -2.147308
v -5.143459 -0.827031 -2.319039
v -5.115305 -0.886487 -2.236891
v -4.941862 -1.289088 -2.587141
v -4.968603 -1.233899 -2.706708
v -3.750972 -1.281337 -2.687495
v -4.468177 -1.313039 -2.549012
v -2.934490 -1.256699 -2.811500
v -5.426757 -0.269705 -1.275982
v -5.567990 -0.074217 -0.680904
v -5.515800 -0.086313 -0.685466
v -5.347696 -0.283658 -1.279291
v -8.342721 -0.561111 -2.947048
v -7.790046 -0.771829 -3.862912
v -8.516653 -0.583166 -2.900159
v -8.389397 -0.564679 -2.932386
v -8.208904 -0.709022 -3.765929
v -8.897045 -0.587249 -2.843010
v -9.370328 -0.539075 -2.758976
v -10.458728 -0.492377 -3.048433
v -10.491188 -0.332648 -2.572863
v -10.475902 -0.358262 -2.576034
v -10.444341 -0.517992 -3.052556
v -10.211816 -1.045128 -4.096385
v -10.246670 -0.843082 -3.612545
v -10.152130 -1.507920 -4.977138
v -10.184775 -1.275758 -4.567736
v -10.112634 -1.722195 -5.310798
v -10.038279 -1.959998 -5.677039
v -9.919651 -2.135642 -5.995702
v -10.279891 -0.655240 -3.083049
v -9.443023 -0.426772 -2.144258
v -9.440699 -0.430361 -2.163921
v -9.801682 -0.398777 -2.163835
v -9.803714 -0.394803 -2.144171
v -6.645836 -1.512061 -6.858194
v -6.719975 -1.452600 -6.650092
v -6.230373 -1.851963 -7.942691
v -6.196869 -1.830842 -7.909489
v -7.554090 -0.967607 -4.786860
v -8.667133 -0.204968 0.422250
v -6.393119 -1.820504 -7.790080
v -7.584184 -1.286922 -6.133105
v -7.127280 -1.384951 -6.374366
v -7.764394 -1.083100 -5.448811
v -7.331595 -1.169251 -5.606521
v -10.288519 -0.384314 -2.141998
v -10.289127 -0.387879 -2.156670
v -10.324784 -0.384965 -2.144708
v -10.314355 -0.381894 -2.131992
v -10.274478 -1.045045 -4.071141
v -10.305457 -0.836132 -3.592840
v -10.242248 -1.276066 -4.548245
v -10.166733 -1.729258 -5.277606
v -10.203685 -1.509113 -4.939054
v -10.098260 -1.969684 -5.626848
v -9.999928 -2.144844 -5.915675
v -10.342093 -0.645342 -3.064573
v -10.420094 -0.203174 -0.390975
v -10.434340 -0.199271 -0.391951
v -10.454618 -0.214642 0.023470
v -10.440371 -0.218592 0.024747
v -10.498643 -0.181650 -0.396320
v -10.478750 -0.190160 -0.826672
v -10.528670 -0.141050 -0.828877
v -10.544505 -0.130741 -0.395914
v -10.402680 -0.384818 -2.144632
v -10.376503 -0.488427 -2.583316
v -10.425412 -0.442859 -2.586507
v -10.456532 -0.327966 -2.148477
v -10.351514 -0.964979 -4.046252
v -10.399991 -0.728756 -3.567124
v -10.358338 -0.803659 -3.579141
v -10.329389 -1.005401 -4.052603
v -10.300287 -1.226138 -4.509975
v -10.396528 -0.603112 -3.066235
v -10.585894 -0.066828 -0.396953
v -10.597009 -0.091398 0.019327
v -10.558947 -0.149904 0.017109
v -10.253274 -2.019587 -5.519650
v -10.196342 -1.998869 -5.572033
v -10.141682 -2.272032 -5.862722
v -10.179170 -2.368034 -5.890644
v -10.225706 -1.696408 -5.221045
v -10.255349 -1.484859 -4.915877
v -10.144222 -1.983106 -5.603426
v -10.078509 -2.189235 -5.867104
v -10.517873 -0.197102 0.017783
v -10.414439 -0.209758 -0.821284
v -10.307133 -0.493659 -2.591917
v -5.270062 -0.552008 -1.783971
v -5.312873 -0.490892 -1.847431
v -8.787636 -0.357015 -1.245745
v -8.956748 -0.273682 -0.317920
v -8.939471 -0.268173 -0.321893
v -8.770359 -0.352298 -1.247940
v -10.582087 -0.040222 -0.839566
v -10.569024 -0.064879 -0.836953
v -10.554036 -0.093282 -1.277128
v -10.566558 -0.068624 -1.281776
v -6.341860 -0.504698 -3.063279
v -7.433927 -0.567714 -2.787894
v -10.456311 -0.222233 -1.256821
v -10.429105 -0.293439 -1.707436
v -10.484280 -0.240931 -1.711538
v -10.512836 -0.174399 -1.261843
v -10.353550 -0.304329 -1.703034
v -10.367797 -0.302278 -1.703858
v -10.393629 -0.240306 -1.250608
v -10.379381 -0.244415 -1.249193
v -2.380359 0.041210 -0.731575
v -1.790798 0.043308 -0.764970
v -3.832876 -0.048140 -1.034944
v -3.564945 0.035089 -0.592619
v -2.982069 0.037796 -0.676342
v -4.678338 0.025609 -0.371558
v -4.126894 0.031620 -0.494372
v -5.678046 0.014816 -0.063721
v -5.211044 0.019130 -0.225672
v -9.212214 -0.180651 1.274514
v -9.229492 -0.189467 1.277875
v -9.287336 -0.182428 1.618153
v -9.273938 -0.174373 1.615595
v -9.138550 -0.151479 1.270315
v -9.190238 -0.136433 1.606382
v -8.864326 -0.116197 1.666960
v -8.791242 -0.144398 1.211205
v -10.544188 -0.346146 1.182383
v -10.551368 -0.417250 1.568094
v -10.514487 -0.415273 1.565491
v -10.500875 -0.348699 1.183626
v -10.639406 -0.342845 1.570482
v -10.618400 -0.367502 1.569229
v -10.615532 -0.281610 1.194366
v -10.635075 -0.256956 1.198641
v -10.593796 -0.396376 1.567761
v -10.585580 -0.319396 1.187814
v -5.774241 -1.147944 -6.155330
v -5.849113 -1.052913 -5.772188
v -5.471621 -1.021402 -5.816561
v -5.376702 -1.123070 -6.249139
v -5.229156 -0.455216 -3.303265
v -6.091207 0.013385 0.130971
v -6.087880 0.008925 0.095744
v -6.578145 0.000397 0.323425
v -6.585157 0.004363 0.358650
v -9.276310 -0.057960 3.454162
v -9.192257 -0.063472 3.154359
v -9.218577 -0.065983 3.143875
v -9.309628 -0.060500 3.444923
v -9.670625 -0.241114 3.385496
v -9.432634 -0.076883 3.410569
v -9.357367 -0.102526 2.676207
v -9.587125 -0.244588 2.661425
v -10.114354 -0.503192 3.337351
v -10.063205 -0.441962 2.634104
v -10.590312 -0.748289 3.271968
v -10.563423 -0.734470 3.275818
v -10.538327 -0.613523 2.604158
v -10.574351 -0.626728 2.601887
v -10.615422 -0.625729 2.603258
v -10.628115 -0.759080 3.271766
v -10.659840 -0.760341 3.270838
v -10.651335 -0.605953 2.604255
v -9.349316 -0.047839 3.807475
v -9.376130 -0.049890 3.807208
v -9.327416 -0.094590 2.671451
v -9.235507 -0.120958 1.942462
v -9.255421 -0.121915 1.944957
v -9.343209 -0.094119 2.674483
v -9.465110 -0.065750 3.800255
v -9.345180 -0.175388 1.958432
v -9.499274 -0.249951 1.956504
v -10.021334 -0.445169 4.013667
v -9.744749 -0.235689 4.084630
v -10.007704 -0.376825 1.956247
v -10.302113 -0.638792 3.961813
v -10.609269 -0.837132 3.918369
v -10.509108 -0.489427 1.956085
v -10.562656 -0.496785 1.953804
v -10.646439 -0.863892 3.916834
v -10.612442 -0.470629 1.946362
v -10.675111 -0.883542 3.916860
v -10.643738 -0.437162 1.942334
v -11.065237 -1.108155 3.169131
v -11.518794 -1.716475 3.093130
v -11.327423 -1.689152 3.912541
v -11.019706 -1.268690 3.916292
v -11.478090 -1.235547 2.329062
v -11.476383 -1.432050 2.715170
v -11.064806 -0.874988 2.486889
v -11.067148 -0.639122 1.827369
v -11.485373 -0.931920 1.672210
v -11.067619 -0.426416 1.159408
v -11.472971 -0.688232 1.067066
v -11.469069 -0.423743 -0.279331
v -11.464208 -0.507003 0.399499
v -11.060821 -0.260275 0.425043
v -11.064167 -0.184431 -0.340584
v -11.474216 -0.435169 -0.954692
v -11.054004 -0.202347 -1.120038
v -11.472858 -0.543180 -1.655297
v -11.020248 -0.334170 -1.917047
v -11.458830 -0.739863 -2.318322
v -10.978968 -0.565203 -2.683020
v -11.472174 -1.022470 -2.877284
v -10.936620 -0.815904 -3.250249
v -11.020236 -1.313952 -3.932077
v -11.182659 -1.295372 -3.706766
v -11.151253 -1.268957 -3.715163
v -10.857812 -1.332532 -4.157392
v -10.850565 -1.304841 -4.126674
v -10.545659 -1.395844 -4.583609
v -10.529477 -1.375404 -4.578780
v -10.416853 -1.405724 -4.735857
v -10.421536 -1.430122 -4.759206
v -10.448334 -2.426933 -5.550954
v -10.471296 -2.052772 -5.253422
v -9.101297 -0.222411 0.511081
v -9.084019 -0.214841 0.507759
v -8.125687 -0.074850 1.042785
v -10.535919 -0.280080 0.807317
v -10.486782 -0.287729 0.811141
v -10.470287 -0.250257 0.438892
v -10.530132 -0.237054 0.432253
v -10.632111 -0.174135 0.818253
v -10.613600 -0.198790 0.814997
v -10.607598 -0.139012 0.435423
v -10.624237 -0.114355 0.437877
v -10.579484 -0.244232 0.808978
v -10.571759 -0.192109 0.430131
v -11.696301 -2.170051 3.249887
v -11.566393 -2.139056 3.916669
v -10.726405 -0.940898 3.916826
v -10.705741 -0.794033 3.259323
v -11.816361 -1.631813 2.006040
v -11.819820 -1.844349 2.236450
v -10.697237 -0.630129 2.591230
v -11.810573 -1.438329 1.768452
v -10.695021 -0.450686 1.928409
v -11.803922 -1.106811 1.227708
v -10.690689 -0.354140 1.561292
v -11.793200 -0.731304 0.073865
v -10.675522 -0.120555 0.436365
v -10.664332 -0.072245 0.022764
v -11.793108 -0.678752 -0.532619
v -10.653143 -0.047015 -0.391062
v -10.633370 -0.044514 -0.827818
v -11.794930 -0.718610 -1.163351
v -10.617841 -0.071756 -1.264758
v -10.598241 -0.134175 -1.694765
v -11.796435 -0.846407 -1.759787
v -10.574488 -0.220797 -2.123232
v -10.542472 -0.332156 -2.542478
v -11.817328 -1.221829 -2.601096
v -11.828260 -1.220459 -2.577425
v -11.812993 -1.201049 -2.566789
v -10.510012 -0.488616 -3.012416
v -10.465518 -0.703273 -3.532304
v -11.798360 -0.878478 0.672807
v -10.686359 -0.266106 1.193982
v -10.683395 -0.181923 0.815156
v -11.828331 -2.083600 2.440633
v -11.837385 -2.340124 2.625898
v -11.800836 -2.615652 3.377337
v -11.745434 -2.589004 3.916975
v -10.422838 -0.930125 -4.007199
v -10.902720 -1.059887 -3.695583
v -10.930186 -2.022367 -4.551939
v -10.924921 -1.644196 -4.224535
v -10.756342 -1.657620 -4.495527
v -10.721292 -2.043841 -4.885962
v -10.933709 -2.358209 -4.777917
v -10.707026 -2.389108 -5.141992
v -10.930965 -1.387246 -3.959186
v -10.804287 -1.405258 -4.168166
v -11.466340 -1.975141 -3.676713
v -11.474653 -1.615960 -3.340428
v -11.161036 -1.623489 -3.840729
v -11.167296 -1.988199 -4.156096
v -11.462099 -2.333139 -3.929145
v -11.179719 -2.345394 -4.403075
v -11.491755 -1.315781 -2.978956
v -11.147147 -1.357213 -3.600669
v -11.185855 -2.697593 -4.610256
v -11.472131 -2.707023 -4.133422
v -10.942890 -2.716063 -4.972780
v -10.599574 -2.649357 -5.445865
v -10.817707 -2.733564 -5.164721
v -11.199318 -3.064237 -4.772667
v -11.217253 -3.452197 -4.893919
v -11.471416 -3.441540 -4.413240
v -11.473220 -3.065798 -4.286944
v -10.153363 -3.057370 -6.299296
v -10.140719 -3.308398 -6.418108
v -10.419931 -3.310841 -5.993259
v -10.423447 -3.039877 -5.884442
v -10.505967 -1.677537 -4.875478
v -10.530579 -1.442728 -4.589662
v -10.409140 -1.458852 -4.778699
v -10.333018 -1.691904 -5.124309
v -11.144480 -1.306060 -3.554560
v -10.933313 -1.340375 -3.908966
v -11.451184 -1.275177 -3.049783
v -10.187613 -2.461044 -5.943189
v -10.172096 -2.771990 -6.139810
v -10.432174 -2.751438 -5.743366
v -10.817822 -1.359141 -4.102801
v -10.532987 -1.409423 -4.552111
v -6.179639 -2.711213 -9.438131
v -5.116356 -2.899626 -10.201629
v -4.924004 -2.905739 -10.278724
v -2.995467 -2.827247 -10.563059
v -3.899200 -2.853155 -10.462940
v -2.115504 -2.808821 -10.611685
v -4.631003 -2.884396 -10.346819
v -7.435305 -1.492541 -6.752247
v -7.607666 -1.285667 -6.132666
v -6.925739 -1.354364 -6.271696
v -6.814243 -1.400118 -6.454544
v -7.255327 -1.239847 -5.897778
v -10.613048 -0.066744 0.020258
v -10.400192 -0.214097 -0.820086
v -10.601860 -0.042173 -0.397358
v -10.344067 -0.377259 -2.111439
v -11.807857 -1.259603 1.499880
v -11.793654 -0.794027 0.386156
v -11.793661 -0.694251 -0.231992
v -11.796544 -0.688517 -0.840455
v -11.797923 -0.770903 -1.452584
v -11.802126 -1.074601 -2.343513
v -11.799561 -0.944057 -2.047372
v -11.801616 -0.983580 0.955207
v -11.847015 -2.648758 2.798176
v -8.552717 -0.449425 -2.147931
v -8.875527 -0.482134 -2.162443
v -8.675799 -0.480650 -2.162990
v -9.114122 -0.468971 -2.162603
v -9.875458 -0.494585 -2.673893
v -5.225588 -0.684663 -4.495132
v -5.130614 -0.674289 -4.481464
v -6.710523 -1.182989 -5.785382
v -6.753218 -1.146806 -5.630458
v -6.101185 -1.041126 -5.607666
v -6.063539 -1.072286 -5.745433
v -5.923242 -1.026846 -5.642711
v -7.169781 -1.201033 -5.716763
v -7.029249 -1.232376 -5.826885
v -7.038383 -1.245021 -5.871836
v -6.995596 -1.309021 -6.101542
v -6.084422 -1.277879 -6.437986
v -6.019232 -1.206673 -6.238420
v -7.790315 -1.075980 -5.436665
v -7.273905 -1.703732 -7.297781
v -7.122372 -1.913126 -7.785507
v -6.905593 -2.240260 -8.421134
v -6.683689 -2.629280 -9.052358
v -9.052671 -0.201097 0.501719
v -8.904976 -0.257178 -0.329830
v -8.708645 -0.335091 -1.254645
v -8.528360 -0.442979 -2.161789
v -8.730640 -0.341458 -1.252986
v -8.366352 -0.556372 -2.940742
v -9.208335 -0.135700 1.606984
v -9.225632 -0.146862 1.608053
v -9.270041 -0.131411 1.948588
v -9.416564 -0.069294 3.414608
v -9.494982 -0.055506 4.160173
v -9.476802 -0.045312 4.165654
v -9.447819 -0.056901 3.803889
v -9.156294 -0.150836 1.269018
v -9.176266 -0.162314 1.267508
v -6.342456 -1.853788 -7.893511
v -9.391691 -0.036502 4.179214
v -9.413898 -0.038145 4.176219
v -9.399692 -0.067369 3.419947
v -9.429339 -0.053958 3.806683
v -8.939486 -0.064298 2.526828
v -8.783835 -0.060856 2.254230
v -8.806002 -0.064560 2.244740
v -8.963854 -0.067754 2.511910
v -9.073349 -0.066090 2.825499
v -9.102346 -0.069342 2.807923
v -8.409742 -0.045752 1.742608
v -8.176334 -0.037318 1.488441
v -8.202208 -0.042825 1.470201
v -8.436140 -0.050816 1.726672
v -8.635538 -0.058721 1.984093
v -8.601340 -0.053824 1.987285
v -7.896103 -0.031903 1.186914
v -7.874549 -0.026698 1.210914
v -7.064212 -0.011052 0.577537
v -7.053246 -0.005454 0.612765
v -5.684437 0.019891 -0.028496
v -3.816885 -0.213412 -1.541748
v -2.084014 -0.438731 -2.175562
v -1.233986 -0.431512 -2.205969
v -1.233986 -0.815849 -2.624369
v -2.074685 -0.825632 -2.598920
v -2.077668 -1.245186 -2.876758
v -1.233986 -1.236766 -2.907891
v -5.065946 -0.568195 -1.795538
v -4.930152 -0.944596 -2.197980
v -4.755367 -1.332608 -2.480026
v -1.233986 0.049214 -0.741804
v -1.233986 0.043705 -0.777029
v -1.790879 0.048751 -0.729744
v -2.380597 0.046661 -0.696348
v -2.982134 0.043643 -0.641117
v -3.565804 0.040969 -0.557383
v -4.127903 0.037427 -0.459147
v -4.680934 0.031500 -0.336330
v -5.214453 0.025353 -0.190446
v -5.472006 -0.224150 -1.302125
v -5.196701 -0.579624 -1.770358
v -1.233986 -0.171634 -1.714088
v -3.738522 -1.691538 -2.873971
v -4.406681 -1.712271 -2.736880
v -2.944827 -1.671597 -2.997741
v -2.078109 -1.662818 -3.073389
v -4.563281 -1.716640 -2.708927
v -5.186480 -0.488401 -3.285977
v -5.197026 -0.453924 -3.309883
v -5.450537 -0.207908 -1.738840
v -5.442045 -0.228610 -1.713283
v -5.607634 -0.059956 -0.681665
v -4.694242 -1.707275 -2.757294
v -4.872465 -1.328447 -2.499766
v -4.967271 -0.689762 -4.617251
v -4.962286 -0.706605 -4.611907
v -4.807657 -0.878613 -5.434910
v -4.811078 -0.859191 -5.438904
v -5.040348 -0.946903 -2.184443
v -4.777102 -1.685359 -2.894676
v -4.805489 -1.659836 -3.087407
v -6.995429 -1.224152 -5.805443
v -7.051309 -1.172936 -5.619223
v -5.028041 -0.872989 -5.418919
v -4.886071 -1.032970 -6.116387
v -6.021774 -1.071820 -5.764916
v -6.006486 -1.079862 -5.801888
v -5.986745 -1.150265 -6.062362
v -6.293053 -1.862996 -7.938386
v -6.172725 -1.788622 -7.819105
v -10.478539 -0.458052 1.693040
v -10.496383 -0.461463 1.692870
v -9.465710 -0.287449 1.710401
v -9.985167 -0.380079 1.709695
v -9.322957 -0.238671 1.680573
v -10.467314 -0.494465 1.554287
v -10.491098 -0.497478 1.554107
v -9.447352 -0.385473 1.554619
v -9.971821 -0.441039 1.558378
v -9.305151 -0.355568 1.536756
v -10.479366 -0.643038 1.381039
v -10.485189 -0.563586 1.452101
v -10.459789 -0.561483 1.453053
v -10.451735 -0.642873 1.381842
v -9.430703 -0.519844 1.460969
v -9.414722 -0.680332 1.410747
v -9.958236 -0.647723 1.396151
v -9.962713 -0.539442 1.452894
v -9.294331 -0.511510 1.445750
v -9.289816 -0.689231 1.402983
v -8.956748 -0.273682 -0.317920
v -8.956748 -0.297677 -0.317920
v -9.101297 -0.246411 0.511081
v -9.101297 -0.222411 0.511081
v -8.629207 -0.717731 -2.006640
v -8.702919 -0.586075 -1.652611
v -8.634250 -0.480789 -2.085532
v -8.680542 -0.477933 -2.143334
v -8.680542 -0.503539 -2.143334
v -8.644108 -0.491951 -2.121197
v -9.116936 -0.465792 -2.142940
v -9.443023 -0.459734 -2.144258
v -9.117002 -0.497175 -2.142940
v -9.803733 -0.427164 -2.144171
v -10.288519 -0.412795 -2.141998
v -10.056468 -0.414723 -2.143389
v -10.056471 -0.383866 -2.143389
v -10.420142 -0.233617 -0.391349
v -10.420161 -0.245132 -0.391491
v -10.397276 -0.242812 -0.821370
v -10.456039 -0.253398 0.440477
v -10.458537 -0.285704 0.440477
v -10.440371 -0.250897 0.024736
v -10.440371 -0.218592 0.024747
v -8.787636 -0.357015 -1.245745
v -8.787636 -0.381013 -1.245745
v -10.379381 -0.299244 -1.249193
v -10.353550 -0.396998 -1.703034
v -10.353550 -0.332889 -1.703034
v -10.379381 -0.272975 -1.249193
v -10.509108 -0.489427 1.956085
v -10.496383 -0.461463 1.692870
v -10.498821 -0.447997 1.668129
v -10.486113 -0.377356 1.181216
v -10.482139 -0.591953 1.159515
v -10.478803 -0.498849 0.812255
v -10.473505 -0.322255 0.812255
v -10.440371 -0.299244 0.024713
v -10.472534 -0.289950 0.812255
v -9.262180 -0.691201 1.401260
v -9.269722 -0.508523 1.443566
v -9.263977 -0.495865 1.414059
v -9.255625 -0.683042 1.364993
v -9.345180 -0.175388 1.958432
v -9.287336 -0.182428 1.618153
v -9.299336 -0.219392 1.663695
v -8.526756 -1.043418 -2.587760
v -9.423456 -0.870667 -2.565570
v -8.888015 -0.964298 -2.571728
v -9.909274 -0.795890 -2.552256
v -10.316637 -0.747546 -2.528352
v -10.314355 -0.409209 -2.131992
v -10.329666 -0.403595 -2.106663
v -10.316637 -0.747546 -2.528352
v -9.229492 -0.189467 1.277875
v -9.234406 -0.213465 1.298804
v -10.491098 -0.497478 1.554107
v -10.492406 -0.480423 1.536520
v -10.479673 -0.637354 1.356382
v -10.486028 -0.546235 1.435072
v -10.485189 -0.563586 1.452101
v -10.479366 -0.643038 1.381039
v -5.284749 -0.709326 -4.577398
v -5.180404 -0.704732 -4.609325
v -4.877781 -1.031596 -6.114255
v -4.498179 -0.851743 -5.508918
v -2.252721 -0.800551 -5.740839
v -1.233985 -0.796162 -5.765591
v -1.233985 -0.906435 -6.250821
v -3.374721 -0.819008 -5.655382
v -2.228636 -1.032554 -6.714333
v -1.233985 -1.026833 -6.740230
v -3.336411 -1.055136 -6.639007
v -4.465920 -1.097492 -6.504476
v -4.867466 -1.051757 -6.194690
v -4.719846 -1.093888 -6.404997
v -4.783150 -1.082922 -6.341955
v -4.826929 -1.066374 -6.264704
v -4.777197 -1.080722 -6.336088
v -4.715524 -1.091622 -6.398304
v -4.833856 -1.068129 -6.268667
v -4.859304 -1.050381 -6.192503
v -4.639076 -1.097445 -6.446404
v -4.552933 -1.098544 -6.479670
v -4.555642 -1.100966 -6.487478
v -4.641830 -1.099878 -6.454233
v -3.365772 -0.609332 -5.698544
v -2.241374 -0.593637 -5.783638
v -2.252721 -0.800551 -5.740839
v -3.374721 -0.819008 -5.655382
v -4.507060 -0.639273 -5.550729
v -4.498179 -0.851743 -5.508918
v -4.718298 -0.649637 -5.519232
v -4.808731 -0.863227 -5.457958
v -4.805830 -0.736395 -5.486586
v -4.797436 -0.703244 -5.495177
v -4.780612 -0.677721 -5.503435
v -4.753419 -0.658955 -5.511853
v -2.240352 -0.589190 -5.761832
v -2.251647 -0.816068 -5.717490
v -1.233985 -0.811763 -5.742199
v -1.233985 -0.584018 -5.785157
v -3.363659 -0.604945 -5.676803
v -3.372551 -0.834594 -5.632098
v -4.504208 -0.634894 -5.529076
v -4.495237 -0.867240 -5.485752
v -4.718659 -0.645038 -5.497672
v -4.811078 -0.859191 -5.438904
v -4.807657 -0.878613 -5.434910
v -4.797668 -0.698501 -5.473669
v -4.806060 -0.731644 -5.465071
v -4.780834 -0.672960 -5.481938
v -4.753658 -0.654212 -5.490335
v -3.363659 -0.604945 -5.676803
v -2.240352 -0.589190 -5.761832
v -2.241374 -0.593637 -5.783638
v -3.365772 -0.609332 -5.698544
v -4.504208 -0.634894 -5.529076
v -4.507060 -0.639273 -5.550729
v -4.718659 -0.645038 -5.497672
v -4.718298 -0.649637 -5.519232
v -4.808731 -0.863227 -5.457958
v -4.811078 -0.859191 -5.438904
v -4.806060 -0.731644 -5.465071
v -4.805830 -0.736395 -5.486586
v -4.797668 -0.698501 -5.473669
v -4.797436 -0.703244 -5.495177
v -4.780834 -0.672960 -5.481938
v -4.780612 -0.677721 -5.503435
v -4.753658 -0.654212 -5.490335
v -4.753419 -0.658955 -5.511853
v -5.027637 -0.670417 -4.501118
v -5.142695 -0.694627 -4.576250
v -5.168630 -0.698567 -4.585131
v -5.010736 -0.689670 -4.601004
v -7.497035 -0.017132 0.903379
v -7.517040 -0.022635 0.876537
v -4.689895 -1.340249 -5.291883
v -4.648860 -1.250606 -5.944968
v -4.807036 -0.885817 -5.434010
v -5.171770 -0.704319 -4.611187
v -5.163105 -0.699616 -4.592147
v -5.142795 -0.696466 -4.584830
v -4.967271 -0.689762 -4.617251
v -2.251647 -0.816068 -5.717490
v -3.372551 -0.834594 -5.632098
v -3.364712 -1.119418 -6.617384
v -2.251481 -1.093589 -6.683272
v -4.495237 -0.867240 -5.485752
v -4.498488 -1.161348 -6.478437
v -4.585921 -1.139629 -6.371977
v -4.644453 -1.069966 -6.081149
v -4.646518 -1.219119 -5.992435
v -4.975982 -0.701967 -4.503249
v -4.985854 -0.668848 -4.509099
v -4.747922 -1.467019 -4.368352
v -4.961247 -0.714468 -4.601239
v -4.644673 -1.063962 -6.087179
v -2.228636 -1.032554 -6.714333
v -3.336411 -1.055136 -6.639007
v -3.336351 -1.058725 -6.633566
v -2.228597 -1.036150 -6.708892
v -4.465920 -1.097492 -6.504476
v -4.465038 -1.101029 -6.499194
v -4.555642 -1.100966 -6.487478
v -4.553854 -1.104430 -6.482272
v -4.641830 -1.099878 -6.454233
v -4.640004 -1.103336 -6.449017
v -4.719846 -1.093888 -6.404997
v -4.717223 -1.097435 -6.400359
v -4.783150 -1.082922 -6.341955
v -4.779703 -1.086501 -6.337746
v -4.833856 -1.068129 -6.268667
v -4.829925 -1.071938 -6.265431
v -4.867466 -1.051757 -6.194690
v -4.862926 -1.055759 -6.192354
v -4.886071 -1.032970 -6.116387
v -4.881465 -1.036977 -6.114093
v -5.028041 -0.872989 -5.418919
v -5.023335 -0.877483 -5.418500
v -5.180404 -0.704732 -4.609325
v -5.175638 -0.709268 -4.609228
v -5.168630 -0.698567 -4.585131
v -5.165489 -0.703843 -4.587626
v -5.142695 -0.694627 -4.576250
v -5.142374 -0.700301 -4.579517
v -5.010736 -0.689670 -4.601004
v -4.970772 -0.692924 -4.612762
v -4.968783 -0.688090 -4.608875
v -4.961247 -0.714468 -4.601239
v -4.966372 -0.711999 -4.607203
v -4.807036 -0.885817 -5.434010
v -4.812122 -0.882731 -5.435284
v -4.807036 -0.885817 -5.434010
v -4.644453 -1.069966 -6.081149
v -4.649302 -1.067850 -6.084866
v -4.812122 -0.882731 -5.435284
v -4.644673 -1.063962 -6.087179
v -4.807657 -0.878613 -5.434910
v -4.807657 -0.878613 -5.434910
v -4.962286 -0.706605 -4.611907
v -4.967271 -0.689762 -4.617251
v -5.142795 -0.696466 -4.584830
v -5.163105 -0.699616 -4.592147
v -5.171770 -0.704319 -4.611187
v -5.019504 -0.872529 -5.420311
v -4.877781 -1.031596 -6.114255
v -4.859304 -1.050381 -6.192503
v -4.826929 -1.066374 -6.264704
v -4.777197 -1.080722 -6.336088
v -4.715524 -1.091622 -6.398304
v -4.639076 -1.097445 -6.446404
v -4.552933 -1.098544 -6.479670
v -4.464911 -1.095201 -6.496529
v -3.336799 -1.052916 -6.630644
v -2.228798 -1.030333 -6.705956
v -1.233985 -1.024641 -6.731843
v -1.233985 -1.030453 -6.734801
v -4.807657 -0.878613 -5.434910
v -11.585095 -1.260188 -2.823303
v -11.483464 -1.235322 -3.198816
v -11.487557 -1.260905 -3.235757
v -11.169473 -1.299065 -3.654200
v -10.983773 -1.325035 -3.922386
v -11.469935 -1.268025 -3.152945
v -10.839247 -1.344884 -4.132041
v -10.538974 -1.403009 -4.566998
v -10.414587 -1.437679 -4.747916
v -10.627816 -2.792023 -5.474001
v -10.592936 -2.780994 -5.521942
v -10.127893 -3.539341 -6.517092
v -10.426308 -3.507412 -6.054083
v -10.522580 -3.003140 -5.725298
v -10.558426 -3.116065 -5.715960
v -10.539946 -3.018605 -5.705269
v -10.954283 -3.068043 -5.123398
v -10.757051 -2.930067 -5.342309
v -10.761428 -2.970178 -5.353436
v -10.720947 -3.260685 -5.529879
v -10.971853 -3.462791 -5.254024
v -10.740944 -3.234761 -5.491107
v -10.648299 -3.261218 -5.636415
v -10.611256 -3.228055 -5.679126
v -10.562709 -2.791968 -5.572988
v -10.614904 -3.251806 -5.605451
v -10.579962 -3.059614 -5.575203
v -10.581882 -3.221970 -5.643503
v -10.718790 -2.864105 -5.369628
v -10.741558 -2.891682 -5.348134
v -10.753591 -3.002500 -5.378841
v -10.760001 -3.115097 -5.416358
v -10.490740 -2.891964 -5.726840
v -10.502009 -2.864210 -5.697644
v -10.502434 -2.970793 -5.742542
v -10.490918 -2.930537 -5.743110
v -10.741879 -3.018014 -5.402606
v -10.760506 -3.176376 -5.440178
v -10.580028 -3.177427 -5.706909
v -10.777742 -3.475054 -5.526462
v -10.686536 -3.272584 -5.584424
v -10.627772 -2.810028 -5.481896
v -10.715570 -2.879560 -5.381219
v -10.596761 -2.800237 -5.524469
v -10.569924 -2.809983 -5.569828
v -10.511374 -2.879680 -5.690115
v -10.502091 -2.902543 -5.714181
v -10.502212 -2.932141 -5.726648
v -10.510992 -2.963042 -5.726178
v -10.526967 -2.988803 -5.712413
v -10.548494 -3.007836 -5.687800
v -10.568677 -3.113043 -5.699485
v -10.588173 -3.168452 -5.691313
v -10.615989 -3.213594 -5.666531
v -10.648956 -3.243153 -5.628444
v -10.683009 -3.253287 -5.582112
v -10.713720 -3.242667 -5.533530
v -10.736854 -3.212734 -5.488815
v -10.749073 -3.167453 -5.453577
v -10.748588 -3.112112 -5.432051
v -10.728925 -3.007308 -5.417130
v -10.743343 -2.988196 -5.387848
v -10.749628 -2.962446 -5.367649
v -10.746264 -2.931665 -5.359102
v -10.734343 -2.902255 -5.363547
v -10.590261 -2.832647 -5.461343
v -10.671486 -2.897771 -5.368676
v -10.561568 -2.824067 -5.500950
v -10.536589 -2.832508 -5.542945
v -10.482273 -2.896510 -5.654396
v -10.473783 -2.917777 -5.676579
v -10.473762 -2.945076 -5.688263
v -10.481940 -2.973623 -5.687672
v -10.496957 -2.996946 -5.674318
v -10.516951 -3.014179 -5.651257
v -10.533813 -3.122128 -5.677915
v -10.553865 -3.177192 -5.668725
v -10.648974 -3.261284 -5.558849
v -10.679859 -3.251299 -5.510246
v -10.703341 -3.222012 -5.465272
v -10.715829 -3.177011 -5.429767
v -10.715485 -3.121736 -5.408058
v -10.683671 -3.014214 -5.401440
v -10.697458 -2.997211 -5.374010
v -10.703559 -2.973678 -5.355063
v -10.700340 -2.945199 -5.347289
v -10.689049 -2.918185 -5.351807
v -10.637576 -3.059463 -5.489168
v -10.610910 -3.070695 -5.533842
v -11.795434 -1.239437 -2.553231
v -11.784315 -1.241307 -2.577875
v -8.878363 -0.479230 -2.142790
v -8.878391 -0.508083 -2.142790
v -8.634250 -0.454542 -2.085532
v -8.526756 -1.043418 -2.587760
v -8.644108 -0.466166 -2.121197
v -8.644108 -0.491951 -2.121197
v -8.868822 -0.403098 -0.800325
v -9.030648 -0.423287 0.105909
v -9.277809 -0.341579 1.507955
v -9.283267 -0.351953 1.533135
v -9.303972 -0.230952 1.679417
v -8.956748 -0.390244 -0.317920
v -9.101297 -0.491022 0.511081
v -8.787636 -0.468652 -1.245745
v -10.314355 -0.409209 -2.131992
v -10.337099 -0.553787 -2.117427
v -10.329666 -0.376024 -2.106663
v -10.314355 -0.381894 -2.131992
v -10.353550 -0.304329 -1.703034
v -10.379381 -0.244415 -1.249193
v -10.400192 -0.214097 -0.820086
v -10.465894 -0.380832 0.440477
v -10.486628 -0.349541 1.184031
v -10.054431 -0.387790 -2.161298
v -9.457222 -0.041344 4.170386
v -10.500238 -0.414509 1.564494
v -10.486628 -0.349541 1.184031
v -10.472534 -0.289950 0.812255
v -10.456039 -0.253398 0.440477
v -10.329666 -0.376024 -2.106663
v -10.420094 -0.203174 -0.390975
v -9.303972 -0.230952 1.679417
v -9.283267 -0.351953 1.533135
v -9.269722 -0.508523 1.443566
v -9.262180 -0.691201 1.401260
v -10.500238 -0.414509 1.564494
v -8.911051 -0.098168 1.958345
v -4.968783 -0.688090 -4.608875
v -5.026742 -2.910264 -10.250113
v -6.093850 -1.278601 -6.435799
v -6.027722 -1.207065 -6.235893
v -6.707768 -1.185082 -5.794444
v -6.992526 -1.226616 -5.814366
v -6.636456 -1.510703 -6.856117
v -6.385399 -1.818854 -7.788591
v -6.806657 -1.399495 -6.452949
v -6.712803 -1.451936 -6.649310
v -6.138434 -1.349645 -6.635140
v -6.160672 -1.421994 -6.841228
v -7.028845 -1.245084 -5.870060
v -6.989707 -1.308833 -6.100214
v -6.917171 -1.353061 -6.267327
v -6.060768 -1.074300 -5.754505
v -7.021334 -1.233933 -5.832284
v -6.289660 -1.859164 -7.930556
v -6.232919 -1.849467 -7.935634
v -6.203624 -1.830994 -7.906469
v -6.333458 -1.851298 -7.890874
v -6.181277 -1.789679 -7.818046
v -5.995634 -1.150361 -6.058475
v -6.016040 -1.081269 -5.802819
v -6.028071 -1.074457 -5.771814
v -6.027722 -1.207065 -6.235893
v -6.093850 -1.278601 -6.435799
v -6.094509 -1.293470 -6.415076
v -6.028163 -1.221609 -6.214322
v -6.992526 -1.226616 -5.814366
v -6.707768 -1.185082 -5.794444
v -6.707768 -1.202263 -5.794444
v -6.992526 -1.243802 -5.814366
v -6.385399 -1.818854 -7.788591
v -6.636456 -1.510703 -6.856117
v -6.630933 -1.532085 -6.852345
v -6.383517 -1.827928 -7.771198
v -6.806657 -1.399495 -6.452949
v -6.804903 -1.414474 -6.432500
v -6.711569 -1.466550 -6.627934
v -6.712803 -1.451936 -6.649310
v -6.138434 -1.349645 -6.635140
v -6.138871 -1.364174 -6.613518
v -6.160672 -1.421994 -6.841228
v -6.161176 -1.443282 -6.837202
v -6.989707 -1.308833 -6.100214
v -7.028845 -1.245084 -5.870060
v -7.028845 -1.262268 -5.870060
v -6.989435 -1.321713 -6.074306
v -6.915938 -1.367726 -6.246055
v -6.917171 -1.353061 -6.267327
v -6.060768 -1.074300 -5.754505
v -6.060768 -1.091486 -5.754505
v -7.021334 -1.233933 -5.832284
v -7.021334 -1.251116 -5.832284
v -7.028845 -1.245084 -5.870060
v -7.028845 -1.262268 -5.870060
v -6.289660 -1.859164 -7.930556
v -6.296909 -1.863525 -7.889697
v -6.232836 -1.852480 -7.893691
v -6.232919 -1.849467 -7.935634
v -6.203624 -1.830994 -7.906469
v -6.203236 -1.834075 -7.866039
v -6.333458 -1.851298 -7.890874
v -6.340848 -1.855609 -7.852468
v -6.181277 -1.789679 -7.818046
v -6.184453 -1.799473 -7.795714
v -5.995634 -1.150361 -6.058475
v -5.996525 -1.163252 -6.032599
v -6.016040 -1.081269 -5.802819
v -6.016040 -1.098450 -5.802819
v -6.028071 -1.074457 -5.771814
v -6.028071 -1.091638 -5.771814
v -6.109284 -1.626751 -5.950343
v -6.038624 -1.566133 -5.703396
v -6.766207 -1.744739 -5.981597
v -6.693959 -1.744511 -6.201834
v -6.147694 -1.657913 -6.176267
v -6.574885 -1.749118 -6.814122
v -6.167262 -1.699895 -6.788728
v -6.983401 -1.608453 -5.497510
v -6.950491 -1.656328 -5.634432
v -6.885504 -1.706040 -5.760181
v -6.014760 -1.508299 -5.603447
v -6.489363 -1.802685 -6.805134
v -6.228182 -1.755050 -6.790527
v -6.188245 -1.735039 -6.788139
v -6.540594 -1.795523 -6.814358
v -6.017378 -1.461740 -5.452978
v -6.168541 -1.693703 -6.148560
v -6.207384 -1.712511 -6.148431
v -6.618855 -1.788052 -6.172432
v -6.664146 -1.779917 -6.186646
v -6.129345 -1.663752 -5.911453
v -6.164110 -1.678767 -5.901945
v -6.700865 -1.776825 -5.930659
v -6.739446 -1.773278 -5.949454
v -6.063081 -1.601066 -5.679178
v -6.099535 -1.615652 -5.667174
v -6.812925 -1.745508 -5.705646
v -6.855064 -1.741725 -5.726379
v -6.040862 -1.560253 -5.572386
v -6.088154 -1.585179 -5.566592
v -6.854874 -1.719119 -5.587927
v -6.915459 -1.706984 -5.594323
v -6.046449 -1.522917 -5.443317
v -6.096426 -1.552332 -5.446048
v -6.876006 -1.686604 -5.460197
v -6.938848 -1.673710 -5.463282
v -6.124481 -1.200207 -4.559093
v -6.127370 -0.855458 -4.601088
v -6.206019 -1.338135 -4.540533
v -6.326748 -1.365476 -4.529704
v -6.841862 -1.447384 -4.582355
v -6.971163 -1.426170 -4.586931
v -7.075361 -1.284471 -4.625541
v -7.119541 -0.964209 -4.680612
v -7.119541 -0.964209 -4.680612
v -6.102775 -1.155224 -4.058504
v -6.108106 -0.736382 -4.069504
v -6.218537 -1.308472 -4.027240
v -6.360817 -1.348332 -4.033633
v -6.730333 -1.380664 -4.037094
v -6.905009 -1.335724 -4.048758
v -7.030961 -1.152771 -4.031974
v -7.046564 -0.821420 -4.051776
v -7.046564 -0.821420 -4.051776
v -6.102775 -1.155224 -4.058504
v -6.565095 -1.064862 -3.640768
v -6.218537 -1.308472 -4.027240
v -6.360817 -1.348332 -4.033633
v -6.730333 -1.380664 -4.037094
v -6.905009 -1.335724 -4.048758
v -7.030961 -1.152771 -4.031974
v -11.826176 -1.643310 1.996668
v -11.828315 -1.854545 2.224616
v -11.819537 -1.271468 1.493636
v -11.821352 -1.449681 1.760021
v -11.814438 -0.995103 0.950835
v -11.816152 -1.118621 1.222492
v -11.807237 -0.705564 -0.230022
v -11.806773 -0.742772 0.074516
v -11.810013 -0.699103 -0.835689
v -11.806810 -0.689715 -0.529739
v -11.810895 -0.779988 -1.444498
v -11.808496 -0.728563 -1.157588
v -11.812162 -0.951606 -2.037356
v -11.809474 -0.854574 -1.750867
v -11.807055 -0.805705 0.385620
v -11.811535 -0.890071 0.669937
v -11.834882 -2.091897 2.426335
v -11.841175 -2.344697 2.609138
v -11.816455 -1.082608 -2.332136
v -11.848455 -2.649836 2.780419
v -11.659344 -1.217027 -2.897632
v -11.679190 -1.239183 -2.900138
v -11.789437 -1.112215 -2.318267
v -11.826866 -1.198148 -2.535527
v -11.794611 -1.221963 -2.519910
v -11.790948 -1.868964 2.210660
v -11.790707 -1.661189 1.981802
v -11.787621 -1.470634 1.745124
v -11.787413 -1.295244 1.479434
v -11.785404 -1.144819 1.209564
v -11.784929 -1.023367 0.939472
v -11.779661 -0.774974 0.069324
v -11.780457 -0.738331 -0.232860
v -11.780248 -0.722777 -0.530210
v -11.783579 -0.732215 -0.833719
v -11.782098 -0.761465 -1.153176
v -11.784417 -0.812412 -1.437686
v -11.782814 -0.886265 -1.741709
v -11.785068 -0.982113 -2.025768
v -11.783084 -0.920023 0.660329
v -11.779409 -0.836980 0.378112
v -11.799960 -2.351040 2.601393
v -11.795456 -2.102364 2.414712
v -11.806441 -2.654706 2.776789
v -10.376912 -1.179554 -4.460483
v -10.297508 -1.451951 -4.905722
v -10.330586 -1.187538 -4.502488
v -11.649032 -1.248799 -2.845783
v -11.608741 -1.257544 -2.783309
v -10.266379 -1.690517 -5.203020
v -10.414234 -0.703142 -3.563012
v -10.371555 -0.928364 -4.040510
v -10.328546 -1.454238 -4.879794
v -5.695480 -2.808288 -9.817009
v -6.175876 -2.720819 -9.452066
v -5.115165 -2.910709 -10.214899
v -3.898002 -2.863668 -10.476681
v -4.629242 -2.894930 -10.360475
v -2.994315 -2.837873 -10.576706
v -2.114995 -2.819551 -10.625299
v -4.919621 -2.914960 -10.291724
v -6.651595 -2.642641 -9.087992
v -6.678719 -2.637996 -9.066494
v -7.163085 -2.556831 -8.679015
v -7.865652 -2.442251 -8.080749
v -8.563551 -2.331009 -7.443214
v -9.267756 -2.227819 -6.739727
v -9.920357 -2.144850 -6.004719
v -9.996978 -2.154795 -5.929382
v -10.074097 -2.199369 -5.880458
v -10.134364 -2.275627 -5.874567
v -10.171393 -2.369052 -5.902340
v -10.178041 -2.462299 -5.957594
v -10.162597 -2.772741 -6.154291
v -10.143915 -3.057992 -6.313819
v -10.131246 -3.308544 -6.432618
v -6.706676 -2.633204 -9.044346
v -5.021104 -2.919823 -10.263429
v -10.117518 -3.540471 -6.533328
v -11.217129 -3.468221 -4.900527
v -11.471328 -3.457904 -4.418927
v -10.782182 -3.491811 -5.526193
v -10.972585 -3.479234 -5.259464
v -10.126655 -3.556875 -6.525081
v -10.425369 -3.523340 -6.061164
v -10.116201 -3.558071 -6.541372
v -5.685723 -2.831621 -9.797720
v -6.165560 -2.744275 -9.433227
v -5.106439 -2.933985 -10.195053
v -3.894486 -2.888545 -10.457167
v -4.624012 -2.919508 -10.340970
v -2.992073 -2.862833 -10.557116
v -2.113947 -2.844324 -10.605366
v -4.913175 -2.939175 -10.272134
v -6.668303 -2.661795 -9.048149
v -7.152956 -2.581619 -8.661847
v -7.854956 -2.467102 -8.064007
v -8.551282 -2.355143 -7.426517
v -9.252667 -2.250020 -6.722667
v -9.902190 -2.164348 -5.987347
v -9.976978 -2.172185 -5.911786
v -10.053219 -2.215240 -5.862456
v -10.112408 -2.290278 -5.856811
v -10.147964 -2.381987 -5.885151
v -10.153474 -2.473030 -5.940468
v -10.137277 -2.781499 -6.137142
v -10.118119 -3.065330 -6.296717
v -10.105186 -3.314880 -6.415515
v -5.013737 -2.943501 -10.243517
v -10.091301 -3.544871 -6.515784
v -10.090075 -3.563998 -6.524225
v -5.739261 -2.833436 -9.640996
v -6.141613 -2.759350 -9.370613
v -4.970852 -2.957653 -10.148323
v -3.880227 -2.890593 -10.313402
v -4.618477 -2.920458 -10.196392
v -2.990290 -2.863974 -10.409111
v -2.116560 -2.847818 -10.466388
v -1.233985 -2.841190 -10.622374
v -1.233985 -2.844096 -10.478190
v -4.906022 -2.941793 -10.157214
v -7.133009 -2.587052 -8.594073
v -7.831087 -2.476529 -7.997742
v -8.529789 -2.365942 -7.344777
v -9.216653 -2.266790 -6.636373
v -9.880308 -2.173681 -5.849518
v -6.647001 -2.672316 -8.987720
v -9.966290 -2.199505 -5.787901
v -10.033410 -2.248008 -5.771911
v -10.085671 -2.308482 -5.768803
v -10.128657 -2.389102 -5.782578
v -10.155062 -2.477845 -5.804983
v -10.152906 -2.812607 -6.012454
v -10.147190 -3.089372 -6.169306
v -10.137292 -3.347751 -6.296021
v -10.130467 -3.558188 -6.418108
v -10.100551 -3.562852 -6.507923
v -11.480957 -3.457512 -4.400676
v -11.481063 -3.441132 -4.395000
v -11.483506 -3.065856 -4.268693
v -11.483083 -2.707384 -4.115171
v -11.472969 -2.332668 -3.910894
v -11.477719 -1.974644 -3.658462
v -11.486090 -1.615688 -3.322191
v -11.498215 -1.321441 -2.971352
v -11.434389 -3.464810 -4.399264
v -11.181588 -3.476514 -4.878915
v -10.938782 -3.488418 -5.235548
v -10.748240 -3.500585 -5.502320
v -10.100551 -3.562852 -6.507923
v -10.130467 -3.558188 -6.418108
v -10.390802 -3.531666 -6.038040
v -10.090075 -3.563998 -6.524225
v -11.443973 -3.464120 -4.381002
v -11.444197 -3.447718 -4.375091
v -11.443973 -3.464120 -4.381002
v -11.447181 -3.073630 -4.248227
v -11.447711 -2.718041 -4.094339
v -11.438606 -2.346040 -3.889933
v -11.444634 -1.991108 -3.637652
v -11.453547 -1.634486 -3.302535
v -11.476401 -1.336757 -2.957812
v -9.458987 -0.040546 4.193419
v -9.416251 -0.037413 4.199202
v -9.747187 -0.235511 4.107618
v -9.496894 -0.054850 4.183198
v -10.023338 -0.445857 4.036684
v -10.303452 -0.640862 3.984796
v -10.609941 -0.840281 3.941258
v -10.647087 -0.867596 3.939639
v -10.675646 -0.887872 3.939558
v -11.743121 -2.588086 3.939950
v -11.561977 -2.138002 3.939332
v -11.323276 -1.690738 3.935011
v -11.018332 -1.273538 3.938851
v -10.726930 -0.945588 3.939453
v -9.478646 -0.044575 4.188684
v -9.394308 -0.035806 4.202168
v -9.458215 -0.076483 4.191470
v -9.721187 -0.272740 4.110381
v -9.996765 -0.482819 4.037616
v -10.277938 -0.678532 3.983015
v -10.584028 -0.877510 3.937297
v -10.633209 -0.913023 3.934174
v -11.521147 -2.157048 3.932756
v -11.698998 -2.598320 3.935113
v -10.983399 -1.301739 3.931265
v -11.285308 -1.714558 3.927009
v -10.693244 -0.975610 3.933376
v -9.411119 -0.084678 4.189432
v -9.471280 -0.139771 4.170946
v -9.434786 -0.153483 4.171503
v -10.646925 -0.927321 3.933991
v -11.847312 -2.659745 2.803907
v -11.802780 -2.627340 3.380457
v -11.748691 -2.600778 3.916954
v -11.848699 -2.660822 2.786169
v -11.806664 -2.665646 2.782656
v -11.746408 -2.599850 3.939932
v -11.702286 -2.610085 3.935132
v -11.806441 -2.654706 2.776789
v -11.698998 -2.598320 3.935113
v -11.702286 -2.610085 3.935132
v -11.806664 -2.665646 2.782656
v -11.836067 -2.667775 2.806829
v -11.792620 -2.636814 3.381572
v -11.840084 -2.667885 2.796515
v -11.813694 -2.671579 2.794438
v -11.712787 -2.615783 3.927778
v -11.813694 -2.671579 2.794438
v -11.741205 -2.609175 3.931051
v -11.712787 -2.615783 3.927778
v -11.742361 -2.609798 3.918688
v -11.509528 -1.830948 3.028298
v -11.285308 -1.714558 3.927009
v -11.521147 -2.157048 3.932756
v -11.338557 -1.660457 3.556055
v -11.151612 -1.454013 3.725356
v -10.983399 -1.301739 3.931265
v -10.941051 -1.237985 3.834484
v -10.707914 -0.991860 3.927653
v -10.693244 -0.975610 3.933376
v -11.441035 -1.794336 3.329569
v -11.799960 -2.351040 2.601393
v -11.795456 -2.102364 2.414712
v -11.588030 -1.729536 2.683136
v -11.742361 -2.609798 3.918688
v -11.792620 -2.636814 3.381572
v -11.836067 -2.667775 2.806829
v -11.840084 -2.667885 2.796515
v -11.741205 -2.609175 3.931051
v -1.233985 -1.024641 -6.731843
v -1.233986 -0.026912 -1.228599
v -1.233985 -2.805347 -10.629390
v -1.233985 -0.796162 -5.765591
v -1.233985 -0.588374 -5.806997
v -1.233985 -0.584018 -5.785157
v -1.233985 -0.588374 -5.806997
v -1.233985 -0.811763 -5.742199
v -1.233985 -1.088776 -6.717462
v -1.233985 -1.026833 -6.740230
v -1.233985 -2.816617 -10.642563
v -1.233986 -1.659347 -3.098590
v -4.689895 -1.340249 -5.291883
v -4.807036 -0.885817 -5.434010
v 2.670968 -1.223053 -6.687097
v 2.590815 -1.519914 -7.649219
v 2.303902 -1.255875 -6.933680
v 3.318046 -1.475112 -7.172126
v 3.317833 -1.254956 -6.506895
v 3.683135 -1.420922 -6.842449
v 3.661181 -1.348743 -6.636587
v 4.504060 -1.559311 -6.930544
v 4.944230 -1.494187 -6.756618
v 4.782552 -1.704496 -7.306840
v 4.326111 -1.762984 -7.530707
v 2.492707 -1.812000 -8.421380
v 3.218330 -1.863111 -8.265127
v 1.856264 -1.359915 -7.404466
v 1.695204 -1.737247 -8.508530
v 0.722903 -1.678385 -8.585365
v 0.811704 -1.312217 -7.515896
v -0.278989 -1.645085 -8.629181
v -0.255852 -1.287775 -7.582953
v 4.185745 -1.940028 -7.984644
v 4.631310 -1.916305 -7.800415
v 4.414356 -2.242478 -8.441590
v 3.972239 -2.233323 -8.639816
v 3.774068 -1.936800 -8.134141
v 3.562376 -2.199489 -8.785499
v 3.024177 -2.155098 -8.943563
v 2.380431 -2.099171 -9.103509
v 1.592698 -2.036542 -9.211844
v 0.657525 -1.984895 -9.295149
v -0.298395 -1.952312 -9.337788
v 4.188660 -2.633910 -9.073884
v 3.766736 -2.578278 -9.241009
v 2.818096 -2.467949 -9.570554
v 3.359052 -2.527865 -9.397220
v 2.278138 -2.414178 -9.678976
v 0.598783 -2.299499 -9.855761
v 1.508578 -2.355154 -9.786380
v -0.318294 -2.275888 -9.907994
v 3.231817 -2.798792 -9.803161
v 2.666965 -2.726809 -9.994566
v 2.195360 -2.690982 -10.096100
v 1.455299 -2.645315 -10.191004
v 0.553293 -2.591627 -10.259915
v -0.341013 -2.570302 -10.308722
v 0.868829 -1.052913 -6.630644
v -0.239172 -1.030333 -6.705956
v -0.227263 -0.911479 -6.225502
v 0.887709 -0.932003 -6.145112
v 1.996941 -1.095201 -6.496529
v 1.980659 -0.968301 -6.009841
v 6.062877 -1.113402 -5.041391
v 5.565133 -1.124509 -5.294765
v 5.722562 -0.922251 -4.530593
v 6.192071 -0.905436 -4.342390
v 5.808325 -1.551762 -6.298783
v 5.258868 -1.544508 -6.604016
v 5.412761 -1.323225 -5.984841
v 5.942350 -1.313604 -5.681417
v 5.030178 -1.899524 -7.508303
v 5.131485 -1.733967 -7.111247
v 5.648665 -1.825658 -6.980368
v 5.498389 -2.177678 -7.614849
v 4.845961 -2.244398 -8.127938
v 5.400928 -2.433854 -8.065935
v 4.698903 -2.548345 -8.664388
v 6.595605 -1.058739 -4.768544
v 6.703401 -0.851817 -4.120183
v 5.543487 -0.883829 -4.629428
v 5.346537 -1.087045 -5.424263
v 6.384438 -1.511310 -5.928378
v 6.483343 -1.277110 -5.390527
v 5.160949 -1.297883 -6.128841
v 6.273939 -1.771290 -6.490531
v 4.990036 -1.505218 -6.747065
v 4.829574 -1.712532 -7.285999
v 6.167173 -2.073479 -7.021173
v 4.680025 -1.914863 -7.765843
v 4.459850 -2.242816 -8.398844
v 6.098065 -2.322071 -7.428574
v 4.243584 -2.624592 -9.030113
v 7.281495 -0.819877 -3.830373
v 7.210492 -1.027759 -4.412759
v 7.129279 -1.265187 -4.972822
v 7.065926 -1.480684 -5.428258
v 6.987956 -1.705402 -5.859874
v 6.905986 -1.957476 -6.274437
v 6.803141 -2.219273 -6.725021
v 2.340761 -0.863227 -5.457958
v 2.343107 -0.859191 -5.438904
v 2.551534 -0.872529 -5.420311
v 4.473121 -0.987642 -4.952248
v 3.446717 -0.921859 -5.229421
v 3.641752 -0.737472 -4.334315
v 4.696532 -0.798741 -4.045297
v 5.519738 -0.871901 -4.638928
v 5.495335 -0.878085 -4.647035
v 5.694237 -0.702035 -3.778257
v 5.717940 -0.696707 -3.773010
v 5.889364 -0.737326 -3.692274
v 6.322804 -0.733224 -3.559232
v 6.814196 -0.675508 -3.420403
v 7.345140 -0.641991 -3.241863
v 0.486981 -0.194651 -1.644781
v -0.385448 -0.178365 -1.694360
v -0.384449 -0.027430 -1.198707
v 0.513249 -0.038241 -1.134561
v 2.672107 -0.274550 -1.323300
v 2.159759 -0.240962 -1.416082
v 2.188574 -0.062006 -0.888386
v 2.711042 -0.079075 -0.773453
v 4.176858 -0.250610 -1.412399
v 3.014094 -0.208976 -1.730848
v 3.165718 -0.060526 -0.672057
v 4.380412 -0.094004 -0.209542
v 5.301971 -0.309796 -1.060875
v 5.526314 -0.153928 0.236103
v 6.414380 -0.250050 -0.335721
v 6.391431 -0.253466 -0.341719
v 6.541763 -0.193511 0.500231
v 6.563509 -0.191973 0.501162
v 1.296456 -0.872451 -2.421954
v 0.478177 -0.844843 -2.532699
v 0.483187 -0.454230 -2.120888
v 1.321352 -0.486544 -2.026850
v 2.059728 -0.909039 -2.289778
v 2.120154 -0.531835 -1.899686
v 6.036291 -0.448740 -2.172329
v 5.615936 -0.559688 -2.633912
v 5.976046 -0.330419 -0.869363
v 6.218539 -0.339057 -1.256811
v 6.166278 -0.454542 -2.085532
v 6.176136 -0.466164 -2.121197
v 6.165652 -0.465858 -2.133556
v 6.150499 -0.452041 -2.090437
v 8.055233 -0.219946 -2.146955
v 8.039423 -0.245561 -2.147308
v 8.064792 -0.156724 -1.714494
v 8.078987 -0.132069 -1.715362
v 2.675489 -0.827029 -2.319039
v 2.500633 -1.233899 -2.706708
v 2.473891 -1.289086 -2.587141
v 2.647334 -0.886487 -2.236891
v 2.000207 -1.313039 -2.549012
v 1.283001 -1.281337 -2.687495
v 0.466521 -1.256699 -2.811500
v 2.958786 -0.269705 -1.275982
v 2.879725 -0.283656 -1.279291
v 3.047830 -0.086313 -0.685466
v 3.100019 -0.074215 -0.680904
v 5.322075 -0.771826 -3.862912
v 5.874751 -0.561111 -2.947048
v 5.740932 -0.709020 -3.765929
v 5.921425 -0.564679 -2.932386
v 6.048683 -0.583163 -2.900159
v 6.429074 -0.587249 -2.843010
v 6.902358 -0.539073 -2.758976
v 7.990758 -0.492372 -3.048433
v 7.976371 -0.517989 -3.052556
v 8.007930 -0.358260 -2.576034
v 8.023217 -0.332643 -2.572863
v 7.743845 -1.045126 -4.096385
v 7.778700 -0.843080 -3.612545
v 7.716805 -1.275758 -4.567736
v 7.684159 -1.507920 -4.977138
v 7.644664 -1.722195 -5.310798
v 7.570308 -1.959998 -5.677039
v 7.451679 -2.135642 -5.995702
v 7.811921 -0.655238 -3.083049
v 6.975052 -0.426769 -2.144258
v 7.335742 -0.394801 -2.144171
v 7.333712 -0.398777 -2.163835
v 6.972727 -0.430361 -2.163921
v 4.177865 -1.512058 -6.858194
v 4.252004 -1.452597 -6.650092
v 3.728899 -1.830840 -7.909489
v 3.762404 -1.851963 -7.942691
v 5.086119 -0.967605 -4.786860
v 6.199162 -0.204966 0.422250
v 3.925149 -1.820502 -7.790080
v 4.659309 -1.384949 -6.374366
v 5.116213 -1.286922 -6.133105
v 5.296422 -1.083097 -5.448811
v 4.863624 -1.169251 -5.606521
v 7.820549 -0.384311 -2.141998
v 7.846384 -0.381894 -2.131992
v 7.856812 -0.384962 -2.144695
v 7.821155 -0.387879 -2.156670
v 7.806507 -1.045045 -4.071141
v 7.837486 -0.836127 -3.592840
v 7.774276 -1.276066 -4.548245
v 7.698763 -1.729258 -5.277606
v 7.735713 -1.509110 -4.939054
v 7.630290 -1.969682 -5.626848
v 7.531959 -2.144842 -5.915675
v 7.874124 -0.645342 -3.064573
v 7.952122 -0.203171 -0.390975
v 7.972399 -0.218592 0.024747
v 7.986647 -0.214642 0.023470
v 7.966371 -0.199266 -0.391951
v 8.030672 -0.181650 -0.396320
v 8.076534 -0.130738 -0.395914
v 8.060699 -0.141047 -0.828877
v 8.010779 -0.190157 -0.826672
v 7.934710 -0.384816 -2.144632
v 7.988563 -0.327960 -2.148477
v 7.957441 -0.442859 -2.586507
v 7.908532 -0.488427 -2.583316
v 7.883543 -0.964976 -4.046252
v 7.861419 -1.005399 -4.052603
v 7.890368 -0.803659 -3.579141
v 7.932020 -0.728754 -3.567113
v 7.832316 -1.226135 -4.509975
v 7.928557 -0.603112 -3.066235
v 8.117924 -0.066825 -0.396953
v 8.090977 -0.149904 0.017109
v 8.129039 -0.091398 0.019327
v 7.785303 -2.019587 -5.519650
v 7.711200 -2.368032 -5.890644
v 7.673712 -2.272032 -5.862722
v 7.728372 -1.998869 -5.572033
v 7.787378 -1.484859 -4.915864
v 7.757736 -1.696408 -5.221045
v 7.676250 -1.983106 -5.603426
v 7.610539 -2.189235 -5.867104
v 8.049902 -0.197100 0.017783
v 7.946469 -0.209755 -0.821284
v 7.839161 -0.493659 -2.591917
v 2.802093 -0.552008 -1.783971
v 2.844903 -0.490892 -1.847431
v 6.319664 -0.357012 -1.245745
v 6.302387 -0.352298 -1.247930
v 6.471499 -0.268173 -0.321893
v 6.488777 -0.273679 -0.317920
v 8.114117 -0.040222 -0.839566
v 8.098587 -0.068624 -1.281776
v 8.086064 -0.093279 -1.277128
v 8.101054 -0.064879 -0.836953
v 4.965956 -0.567711 -2.787894
v 3.873890 -0.504698 -3.063279
v 7.988340 -0.222230 -1.256821
v 8.044865 -0.174397 -1.261843
v 8.016309 -0.240931 -1.711527
v 7.961135 -0.293436 -1.707436
v 7.885579 -0.304329 -1.703034
v 7.911411 -0.244413 -1.249193
v 7.925657 -0.240306 -1.250608
v 7.899827 -0.302275 -1.703858
v -0.677173 0.043308 -0.764970
v -0.087612 0.041210 -0.731575
v 1.364905 -0.048137 -1.034944
v 0.514098 0.037796 -0.676342
v 1.096975 0.035089 -0.592619
v 1.658923 0.031620 -0.494372
v 2.210367 0.025609 -0.371558
v 2.743074 0.019132 -0.225672
v 3.210075 0.014816 -0.063721
v 6.744243 -0.180651 1.274514
v 6.805966 -0.174373 1.615595
v 6.819365 -0.182425 1.618153
v 6.761520 -0.189467 1.277875
v 6.670578 -0.151479 1.270315
v 6.323269 -0.144398 1.211205
v 6.396355 -0.116197 1.666960
v 6.722266 -0.136428 1.606382
v 8.076217 -0.346141 1.182383
v 8.032904 -0.348697 1.183626
v 8.046515 -0.415270 1.565491
v 8.083396 -0.417250 1.568094
v 8.171435 -0.342842 1.570482
v 8.167105 -0.256951 1.198641
v 8.147561 -0.281608 1.194366
v 8.150428 -0.367497 1.569229
v 8.125824 -0.396376 1.567761
v 8.117610 -0.319394 1.187814
v 3.306271 -1.147942 -6.155330
v 2.908731 -1.123070 -6.249139
v 3.003650 -1.021402 -5.816561
v 3.381143 -1.052913 -5.772188
v 2.761186 -0.455214 -3.303265
v 3.623237 0.013388 0.130971
v 4.117188 0.004363 0.358650
v 4.110174 0.000400 0.323425
v 3.619909 0.008928 0.095744
v 6.808339 -0.057957 3.454162
v 6.841657 -0.060500 3.444923
v 6.750607 -0.065983 3.143875
v 6.724285 -0.063472 3.154359
v 7.202654 -0.241109 3.385496
v 7.119153 -0.244588 2.661425
v 6.889395 -0.102526 2.676207
v 6.964663 -0.076880 3.410569
v 7.646383 -0.503192 3.337351
v 7.595234 -0.441962 2.634104
v 8.122342 -0.748287 3.271968
v 8.106380 -0.626723 2.601887
v 8.070357 -0.613523 2.604158
v 8.095452 -0.734467 3.275818
v 8.147451 -0.625723 2.603258
v 8.160144 -0.759075 3.271766
v 8.191869 -0.760341 3.270838
v 8.183363 -0.605953 2.604255
v 6.881344 -0.047839 3.807475
v 6.908157 -0.049890 3.807208
v 6.859445 -0.094590 2.671451
v 6.875238 -0.094116 2.674483
v 6.787450 -0.121915 1.944957
v 6.767536 -0.120958 1.942462
v 6.997139 -0.065747 3.800255
v 7.031302 -0.249951 1.956504
v 6.877209 -0.175388 1.958432
v 7.553364 -0.445167 4.013667
v 7.276777 -0.235686 4.084630
v 7.539733 -0.376825 1.956247
v 7.834141 -0.638792 3.961813
v 8.141297 -0.837132 3.918369
v 8.041138 -0.489427 1.956085
v 8.094685 -0.496783 1.953804
v 8.178468 -0.863889 3.916834
v 8.144471 -0.470629 1.946362
v 8.207138 -0.883542 3.916860
v 8.175767 -0.437160 1.942334
v 8.597265 -1.108150 3.169131
v 8.551736 -1.268688 3.916292
v 8.859453 -1.689150 3.912541
v 9.050628 -1.715970 3.092957
v 9.010119 -1.235547 2.329062
v 8.596836 -0.874988 2.486889
v 9.008412 -1.432048 2.715170
v 8.599177 -0.639122 1.827369
v 9.017404 -0.931917 1.672210
v 8.599648 -0.426411 1.159408
v 9.005000 -0.688232 1.067066
v 9.001098 -0.423740 -0.279331
v 8.596196 -0.184429 -0.340573
v 8.592849 -0.260273 0.425043
v 8.996238 -0.507000 0.399499
v 9.006245 -0.435166 -0.954692
v 8.586034 -0.202347 -1.120028
v 9.004888 -0.543177 -1.655297
v 8.552278 -0.334170 -1.917047
v 8.990859 -0.739861 -2.318322
v 8.510998 -0.565203 -2.683020
v 9.004203 -1.022470 -2.877284
v 8.468649 -0.815901 -3.250249
v 8.389842 -1.332527 -4.157392
v 8.382594 -1.304838 -4.126674
v 8.683282 -1.268951 -3.715163
v 8.714688 -1.295372 -3.706766
v 8.552265 -1.313949 -3.932077
v 8.077688 -1.395841 -4.583609
v 7.953565 -1.430119 -4.759206
v 7.948883 -1.405724 -4.735857
v 8.061505 -1.375401 -4.578780
v 8.003325 -2.052769 -5.253422
v 7.980363 -2.426933 -5.550954
v 6.633325 -0.222411 0.511081
v 6.616047 -0.214835 0.507759
v 5.657717 -0.074848 1.042785
v 8.067947 -0.280080 0.807317
v 8.062160 -0.237054 0.432253
v 8.002316 -0.250254 0.438892
v 8.018811 -0.287729 0.811141
v 8.164141 -0.174133 0.818253
v 8.156267 -0.114352 0.437877
v 8.139627 -0.139007 0.435423
v 8.145630 -0.198790 0.814997
v 8.111513 -0.244232 0.808978
v 8.103788 -0.192106 0.430131
v 8.258434 -0.940895 3.916826
v 8.237771 -0.794030 3.259323
v 9.348392 -1.631813 2.006040
v 9.351851 -1.844346 2.236450
v 8.229265 -0.630129 2.591230
v 9.342603 -1.438326 1.768463
v 8.227050 -0.450683 1.928409
v 9.335952 -1.106808 1.227708
v 8.222719 -0.354137 1.561292
v 9.325230 -0.731302 0.073865
v 8.196362 -0.072245 0.022764
v 8.207549 -0.120555 0.436375
v 9.325137 -0.678752 -0.532619
v 8.165401 -0.044512 -0.827818
v 8.185173 -0.047012 -0.391051
v 9.326961 -0.718607 -1.163341
v 8.130270 -0.134173 -1.694765
v 8.149871 -0.071753 -1.264758
v 9.328465 -0.846407 -1.759787
v 8.074500 -0.332154 -2.542478
v 8.106517 -0.220794 -2.123232
v 9.349358 -1.221829 -2.601096
v 9.345022 -1.201049 -2.566789
v 9.360290 -1.220454 -2.577425
v 8.042041 -0.488616 -3.012416
v 7.997546 -0.703270 -3.532304
v 9.330390 -0.878475 0.672807
v 8.215424 -0.181923 0.815156
v 8.218388 -0.266106 1.193992
v 9.228332 -2.170046 3.249887
v 9.369415 -2.340124 2.625898
v 9.360359 -2.083597 2.440633
v 9.332865 -2.615652 3.377337
v 9.098422 -2.139054 3.916669
v 9.277464 -2.589002 3.916975
v 8.434749 -1.059887 -3.695583
v 7.954867 -0.930125 -4.007199
v 8.462215 -2.022365 -4.551939
v 8.253321 -2.043841 -4.885962
v 8.288372 -1.657618 -4.495527
v 8.456950 -1.644193 -4.224535
v 8.465738 -2.358204 -4.777917
v 8.239055 -2.389105 -5.141992
v 8.336315 -1.405253 -4.168166
v 8.462995 -1.387243 -3.959186
v 8.998369 -1.975138 -3.676713
v 8.699327 -1.988197 -4.156096
v 8.693066 -1.623486 -3.840729
v 9.006682 -1.615960 -3.340428
v 8.994128 -2.333137 -3.929145
v 8.711748 -2.345392 -4.403075
v 8.679177 -1.357210 -3.600669
v 9.023784 -1.315775 -2.978956
v 9.004159 -2.707023 -4.133412
v 8.717884 -2.697590 -4.610256
v 8.474920 -2.716063 -4.972780
v 8.349737 -2.733561 -5.164721
v 8.131604 -2.649354 -5.445865
v 8.731348 -3.064234 -4.772667
v 9.005249 -3.065798 -4.286944
v 9.003446 -3.441535 -4.413240
v 8.749281 -3.452191 -4.893919
v 7.685392 -3.057370 -6.299296
v 7.955476 -3.039875 -5.884442
v 7.951960 -3.310841 -5.993259
v 7.672749 -3.308398 -6.418108
v 8.037996 -1.677537 -4.875478
v 7.865047 -1.691904 -5.124309
v 7.941169 -1.458847 -4.778699
v 8.062608 -1.442728 -4.589662
v 8.465343 -1.340372 -3.908966
v 8.676509 -1.306060 -3.554560
v 8.983214 -1.275177 -3.049783
v 7.719643 -2.461044 -5.943189
v 7.964202 -2.751435 -5.743366
v 7.704125 -2.771990 -6.139810
v 8.065016 -1.409423 -4.552111
v 8.349850 -1.359141 -4.102801
v 3.711668 -2.711213 -9.438131
v 2.648385 -2.899623 -10.201629
v 2.456033 -2.905739 -10.278724
v 1.431231 -2.853155 -10.462940
v 0.527497 -2.827245 -10.563059
v -0.352466 -2.808821 -10.611685
v 2.163033 -2.884396 -10.346819
v 5.139696 -1.285667 -6.132666
v 4.967335 -1.492539 -6.752247
v 4.346272 -1.400115 -6.454544
v 4.457767 -1.354364 -6.271696
v 4.787355 -1.239845 -5.897767
v 8.145078 -0.066741 0.020258
v 7.932221 -0.214097 -0.820086
v 8.133889 -0.042170 -0.397348
v 7.876096 -0.377254 -2.111429
v 9.339885 -1.259598 1.499880
v 9.325683 -0.794027 0.386156
v 9.325689 -0.694248 -0.231992
v 9.328573 -0.688514 -0.840455
v 9.329955 -0.770898 -1.452584
v 9.334155 -1.074599 -2.343500
v 9.331591 -0.944054 -2.047372
v 9.333643 -0.983578 0.955207
v 9.379045 -2.648753 2.798176
v 6.084747 -0.449425 -2.147931
v 6.207828 -0.480648 -2.162990
v 6.407557 -0.482134 -2.162443
v 6.646149 -0.468968 -2.162603
v 7.407487 -0.494585 -2.673893
v 2.757617 -0.684663 -4.495132
v 2.662644 -0.674289 -4.481464
v 4.242551 -1.182989 -5.785382
v 3.595568 -1.072286 -5.745433
v 3.633215 -1.041126 -5.607666
v 4.285247 -1.146804 -5.630458
v 3.455271 -1.026843 -5.642711
v 4.570412 -1.245021 -5.871836
v 4.561278 -1.232376 -5.826885
v 4.701810 -1.201033 -5.716763
v 4.527626 -1.309021 -6.101542
v 3.616452 -1.277876 -6.437975
v 3.551261 -1.206673 -6.238409
v 5.322345 -1.075980 -5.436665
v 4.805933 -1.703730 -7.297781
v 4.654401 -1.913126 -7.785507
v 4.437624 -2.240260 -8.421134
v 4.215719 -2.629280 -9.052358
v 6.437005 -0.257175 -0.329830
v 6.584701 -0.201097 0.501719
v 6.240673 -0.335086 -1.254645
v 6.262670 -0.341458 -1.252986
v 6.060390 -0.442979 -2.161789
v 5.898381 -0.556369 -2.940731
v 6.802070 -0.131408 1.948588
v 6.757659 -0.146860 1.608053
v 6.740363 -0.135700 1.606994
v 6.948592 -0.069292 3.414608
v 7.027011 -0.055504 4.160173
v 6.979847 -0.056901 3.803889
v 7.008830 -0.045312 4.165654
v 6.688323 -0.150836 1.269018
v 6.708295 -0.162312 1.267508
v 3.874486 -1.853788 -7.893511
v 6.923719 -0.036502 4.179214
v 6.945928 -0.038142 4.176219
v 6.931719 -0.067369 3.419947
v 6.961369 -0.053955 3.806683
v 6.471514 -0.064296 2.526828
v 6.495883 -0.067751 2.511910
v 6.338030 -0.064560 2.244740
v 6.315864 -0.060856 2.254230
v 6.605379 -0.066087 2.825499
v 6.634375 -0.069342 2.807923
v 5.941772 -0.045749 1.742608
v 5.968170 -0.050816 1.726672
v 5.734236 -0.042825 1.470201
v 5.708364 -0.037318 1.488441
v 6.167568 -0.058721 1.984093
v 6.133369 -0.053824 1.987285
v 5.428133 -0.031903 1.186914
v 5.406579 -0.026698 1.210914
v 4.585274 -0.005452 0.612765
v 4.596241 -0.011050 0.577537
v 3.216466 0.019891 -0.028496
v 1.348915 -0.213412 -1.541748
v -0.383956 -0.438731 -2.175562
v -0.393286 -0.825632 -2.598920
v -0.390302 -1.245186 -2.876758
v 2.597975 -0.568193 -1.795538
v 2.462182 -0.944596 -2.197980
v 2.287397 -1.332606 -2.480026
v -0.677091 0.048751 -0.729744
v -0.087374 0.046661 -0.696348
v 0.514163 0.043643 -0.641117
v 1.097834 0.040969 -0.557383
v 1.659932 0.037427 -0.459147
v 2.212963 0.031500 -0.336330
v 2.746483 0.025353 -0.190446
v 3.004035 -0.224150 -1.302125
v 2.728731 -0.579621 -1.770358
v 1.938711 -1.712271 -2.736880
v 1.270552 -1.691538 -2.873971
v 0.476856 -1.671597 -2.997741
v -0.389862 -1.662818 -3.073389
v 2.095310 -1.716637 -2.708927
v 2.718509 -0.488401 -3.285977
v 2.974073 -0.228608 -1.713283
v 2.982567 -0.207908 -1.738840
v 2.729055 -0.453924 -3.309883
v 3.139663 -0.059956 -0.681665
v 2.404495 -1.328447 -2.499766
v 2.226272 -1.707275 -2.757294
v 2.499302 -0.689762 -4.617251
v 2.343107 -0.859191 -5.438904
v 2.339687 -0.878613 -5.434910
v 2.494316 -0.706605 -4.611907
v 2.572377 -0.946903 -2.184443
v 2.309131 -1.685359 -2.894676
v 2.337518 -1.659833 -3.087407
v 4.583338 -1.172934 -5.619223
v 4.527458 -1.224152 -5.805443
v 2.560071 -0.872989 -5.418919
v 2.418100 -1.032967 -6.116387
v 3.553803 -1.071820 -5.764916
v 3.538516 -1.079859 -5.801888
v 3.518776 -1.150265 -6.062362
v 3.825083 -1.862996 -7.938386
v 3.704755 -1.788620 -7.819105
v 8.028412 -0.461463 1.692880
v 8.010569 -0.458047 1.693050
v 6.997739 -0.287446 1.710401
v 7.517197 -0.380079 1.709695
v 6.854986 -0.238666 1.680573
v 8.023129 -0.497476 1.554107
v 7.999343 -0.494465 1.554287
v 7.503851 -0.441036 1.558378
v 6.979381 -0.385473 1.554619
v 6.837180 -0.355568 1.536756
v 8.011395 -0.643035 1.381039
v 7.983764 -0.642873 1.381842
v 7.991819 -0.561481 1.453053
v 8.017220 -0.563581 1.452101
v 6.962730 -0.519841 1.460969
v 7.494741 -0.539439 1.452904
v 7.490265 -0.647723 1.396151
v 6.946753 -0.680332 1.410747
v 6.821844 -0.689231 1.402983
v 6.826360 -0.511505 1.445750
v 6.488777 -0.273679 -0.317920
v 6.633325 -0.222411 0.511081
v 6.633325 -0.246409 0.511081
v 6.488777 -0.297677 -0.317920
v 6.161235 -0.717728 -2.006640
v 6.166278 -0.480789 -2.085532
v 6.234949 -0.586072 -1.652611
v 6.212570 -0.477933 -2.143334
v 6.176136 -0.491948 -2.121197
v 6.212570 -0.503537 -2.143334
v 6.648965 -0.465790 -2.142940
v 6.649031 -0.497175 -2.142940
v 6.975052 -0.459731 -2.144258
v 7.335761 -0.427161 -2.144171
v 7.588501 -0.383866 -2.143389
v 7.588497 -0.414723 -2.143389
v 7.820549 -0.412793 -2.141998
v 7.952171 -0.233617 -0.391349
v 7.929305 -0.242809 -0.821370
v 7.952189 -0.245127 -0.391491
v 7.988068 -0.253398 0.440477
v 7.972399 -0.218592 0.024747
v 7.972399 -0.250897 0.024736
v 7.990567 -0.285704 0.440477
v 6.319664 -0.357012 -1.245745
v 6.319664 -0.381010 -1.245745
v 7.911411 -0.299241 -1.249193
v 7.911411 -0.272972 -1.249193
v 7.885579 -0.332889 -1.703034
v 7.885579 -0.396998 -1.703034
v 8.041138 -0.489427 1.956085
v 8.030850 -0.447997 1.668129
v 8.028412 -0.461463 1.692880
v 8.018142 -0.377353 1.181227
v 8.005533 -0.322253 0.812255
v 8.010832 -0.498849 0.812255
v 8.014167 -0.591953 1.159515
v 7.972399 -0.299238 0.024713
v 8.004564 -0.289947 0.812255
v 6.794208 -0.691198 1.401270
v 6.787653 -0.683042 1.364993
v 6.796005 -0.495862 1.414059
v 6.801750 -0.508523 1.443566
v 6.877209 -0.175388 1.958432
v 6.831365 -0.219390 1.663695
v 6.819365 -0.182425 1.618153
v 6.058786 -1.043412 -2.587760
v 6.420044 -0.964298 -2.571728
v 6.955483 -0.870664 -2.565570
v 7.441302 -0.795887 -2.552256
v 7.848666 -0.747544 -2.528352
v 7.846384 -0.409209 -2.131992
v 7.848666 -0.747544 -2.528352
v 7.861694 -0.403595 -2.106652
v 6.761520 -0.189467 1.277875
v 6.766435 -0.213465 1.298804
v 8.024435 -0.480423 1.536520
v 8.023129 -0.497476 1.554107
v 8.011703 -0.637354 1.356392
v 8.011395 -0.643035 1.381039
v 8.017220 -0.563581 1.452101
v 8.018057 -0.546233 1.435072
v 2.712433 -0.704732 -4.609325
v 2.816778 -0.709326 -4.577398
v 2.409811 -1.031594 -6.114255
v 2.030209 -0.851743 -5.508918
v -0.215249 -0.800551 -5.740839
v 0.906752 -0.819008 -5.655382
v -0.239334 -1.032551 -6.714333
v 0.868441 -1.055136 -6.639007
v 1.997951 -1.097492 -6.504476
v 2.399495 -1.051757 -6.194690
v 2.251875 -1.093888 -6.404997
v 2.315179 -1.082919 -6.341955
v 2.358959 -1.066374 -6.264704
v 2.309227 -1.080722 -6.336088
v 2.247553 -1.091622 -6.398304
v 2.365885 -1.068127 -6.268667
v 2.391333 -1.050381 -6.192503
v 2.171106 -1.097445 -6.446404
v 2.084963 -1.098544 -6.479670
v 2.087672 -1.100966 -6.487478
v 2.173861 -1.099878 -6.454233
v 0.897801 -0.609329 -5.698544
v 0.906752 -0.819008 -5.655382
v -0.215249 -0.800551 -5.740839
v -0.226596 -0.593637 -5.783638
v 2.039089 -0.639273 -5.550729
v 2.030209 -0.851743 -5.508918
v 2.250327 -0.649634 -5.519232
v 2.337859 -0.736395 -5.486586
v 2.340761 -0.863227 -5.457958
v 2.329466 -0.703244 -5.495177
v 2.312642 -0.677721 -5.503435
v 2.285448 -0.658949 -5.511842
v -0.227618 -0.589190 -5.761832
v -0.216323 -0.816068 -5.717490
v 0.904581 -0.834594 -5.632098
v 0.895690 -0.604945 -5.676803
v 2.027267 -0.867237 -5.485752
v 2.036237 -0.634894 -5.529076
v 2.250689 -0.645036 -5.497672
v 2.343107 -0.859191 -5.438904
v 2.339687 -0.878613 -5.434910
v 2.329696 -0.698501 -5.473669
v 2.338090 -0.731644 -5.465071
v 2.312864 -0.672960 -5.481938
v 2.285687 -0.654212 -5.490335
v 0.895690 -0.604945 -5.676803
v 0.897801 -0.609329 -5.698544
v -0.226596 -0.593637 -5.783638
v -0.227618 -0.589190 -5.761832
v 2.036237 -0.634894 -5.529076
v 2.039089 -0.639273 -5.550729
v 2.250689 -0.645036 -5.497672
v 2.250327 -0.649634 -5.519232
v 2.340761 -0.863227 -5.457958
v 2.337859 -0.736395 -5.486586
v 2.338090 -0.731644 -5.465071
v 2.343107 -0.859191 -5.438904
v 2.329466 -0.703244 -5.495177
v 2.329696 -0.698501 -5.473669
v 2.312642 -0.677721 -5.503435
v 2.312864 -0.672960 -5.481938
v 2.285448 -0.658949 -5.511842
v 2.285687 -0.654212 -5.490335
v 2.559667 -0.670417 -4.501118
v 2.700659 -0.698564 -4.585131
v 2.674725 -0.694625 -4.576250
v 2.542765 -0.689668 -4.601004
v 5.029064 -0.017132 0.903379
v 5.049070 -0.022633 0.876537
v 2.221924 -1.340249 -5.291883
v 2.339066 -0.885817 -5.434010
v 2.180890 -1.250606 -5.944968
v 2.499302 -0.689762 -4.617251
v 2.674824 -0.696466 -4.584830
v 2.695135 -0.699616 -4.592147
v 2.703799 -0.704319 -4.611187
v -0.216323 -0.816068 -5.717490
v -0.216490 -1.093589 -6.683272
v 0.896742 -1.119418 -6.617384
v 0.904581 -0.834594 -5.632098
v 2.030518 -1.161345 -6.478437
v 2.027267 -0.867237 -5.485752
v 2.117951 -1.139629 -6.371977
v 2.176483 -1.069963 -6.081149
v 2.178548 -1.219119 -5.992435
v 2.517884 -0.668848 -4.509099
v 2.508011 -0.701967 -4.503249
v 2.279952 -1.467019 -4.368352
v 2.493278 -0.714468 -4.601239
v 2.176703 -1.063962 -6.087179
v -0.239334 -1.032551 -6.714333
v -0.239374 -1.036150 -6.708892
v 0.868381 -1.058725 -6.633566
v 0.868441 -1.055136 -6.639007
v 1.997067 -1.101029 -6.499194
v 1.997951 -1.097492 -6.504476
v 2.085883 -1.104430 -6.482272
v 2.087672 -1.100966 -6.487478
v 2.172034 -1.103336 -6.449017
v 2.173861 -1.099878 -6.454233
v 2.249253 -1.097435 -6.400359
v 2.251875 -1.093888 -6.404997
v 2.311733 -1.086501 -6.337746
v 2.315179 -1.082919 -6.341955
v 2.361955 -1.071938 -6.265431
v 2.365885 -1.068127 -6.268667
v 2.394955 -1.055759 -6.192354
v 2.399495 -1.051757 -6.194690
v 2.413495 -1.036975 -6.114093
v 2.418100 -1.032967 -6.116387
v 2.555365 -0.877483 -5.418500
v 2.560071 -0.872989 -5.418919
v 2.707668 -0.709268 -4.609228
v 2.712433 -0.704732 -4.609325
v 2.697519 -0.703843 -4.587626
v 2.700659 -0.698564 -4.585131
v 2.674404 -0.700301 -4.579517
v 2.674725 -0.694625 -4.576250
v 2.542765 -0.689668 -4.601004
v 2.502802 -0.692924 -4.612762
v 2.500813 -0.688090 -4.608875
v 2.498402 -0.711999 -4.607203
v 2.493278 -0.714468 -4.601239
v 2.344152 -0.882728 -5.435284
v 2.339066 -0.885817 -5.434010
v 2.339066 -0.885817 -5.434010
v 2.344152 -0.882728 -5.435284
v 2.181332 -1.067850 -6.084866
v 2.176483 -1.069963 -6.081149
v 2.176703 -1.063962 -6.087179
v 2.339687 -0.878613 -5.434910
v 2.339687 -0.878613 -5.434910
v 2.494316 -0.706605 -4.611907
v 2.499302 -0.689762 -4.617251
v 2.674824 -0.696466 -4.584830
v 2.695135 -0.699616 -4.592147
v 2.703799 -0.704319 -4.611187
v 2.551534 -0.872529 -5.420311
v 2.409811 -1.031594 -6.114255
v 2.391333 -1.050381 -6.192503
v 2.358959 -1.066374 -6.264704
v 2.309227 -1.080722 -6.336088
v 2.247553 -1.091622 -6.398304
v 2.171106 -1.097445 -6.446404
v 2.084963 -1.098544 -6.479670
v 1.996941 -1.095201 -6.496529
v 0.868829 -1.052913 -6.630644
v -0.239172 -1.030333 -6.705956
v 2.339687 -0.878613 -5.434910
v 9.117126 -1.260188 -2.823303
v 9.015494 -1.235319 -3.198816
v 9.019588 -1.260905 -3.235757
v 8.701501 -1.299060 -3.654200
v 8.515803 -1.325033 -3.922386
v 9.001964 -1.268023 -3.152945
v 8.371277 -1.344884 -4.132041
v 8.071004 -1.403003 -4.566988
v 7.946617 -1.437679 -4.747916
v 8.159846 -2.792020 -5.474001
v 8.124964 -2.780994 -5.521942
v 7.659923 -3.539341 -6.517092
v 7.958338 -3.507410 -6.054083
v 8.054609 -3.003138 -5.725298
v 8.071975 -3.018603 -5.705269
v 8.090454 -3.116065 -5.715960
v 8.486311 -3.068040 -5.123398
v 8.293457 -2.970178 -5.353436
v 8.289080 -2.930064 -5.342309
v 8.252976 -3.260682 -5.529879
v 8.272972 -3.234761 -5.491107
v 8.503882 -3.462788 -5.254024
v 8.143285 -3.228049 -5.679126
v 8.180329 -3.261213 -5.636415
v 8.094737 -2.791965 -5.572988
v 8.146934 -3.251801 -5.605440
v 8.113912 -3.221965 -5.643503
v 8.111991 -3.059612 -5.575203
v 8.250819 -2.864100 -5.369628
v 8.273587 -2.891682 -5.348134
v 8.285620 -3.002500 -5.378841
v 8.292031 -3.115097 -5.416358
v 8.022767 -2.891959 -5.726840
v 8.034038 -2.864210 -5.697644
v 8.034463 -2.970790 -5.742542
v 8.022948 -2.930537 -5.743110
v 8.273910 -3.018012 -5.402596
v 8.292536 -3.176373 -5.440178
v 8.112058 -3.177422 -5.706909
v 8.309772 -3.475051 -5.526462
v 8.218565 -3.272582 -5.584424
v 8.247600 -2.879560 -5.381219
v 8.159801 -2.810025 -5.481896
v 8.128791 -2.800237 -5.524469
v 8.101954 -2.809978 -5.569828
v 8.043403 -2.879680 -5.690115
v 8.034122 -2.902543 -5.714181
v 8.034241 -2.932138 -5.726648
v 8.043022 -2.963042 -5.726178
v 8.058997 -2.988801 -5.712413
v 8.080524 -3.007833 -5.687800
v 8.100705 -3.113040 -5.699485
v 8.120203 -3.168450 -5.691313
v 8.148019 -3.213589 -5.666531
v 8.180986 -3.243153 -5.628444
v 8.215038 -3.253284 -5.582112
v 8.245750 -3.242667 -5.533530
v 8.268882 -3.212731 -5.488815
v 8.281101 -3.167450 -5.453577
v 8.280617 -3.112109 -5.432051
v 8.260955 -3.007302 -5.417130
v 8.275373 -2.988196 -5.387848
v 8.281658 -2.962443 -5.367649
v 8.278294 -2.931662 -5.359102
v 8.266372 -2.902255 -5.363547
v 8.203515 -2.897769 -5.368676
v 8.122291 -2.832647 -5.461343
v 8.093596 -2.824064 -5.500950
v 8.068618 -2.832506 -5.542945
v 8.014301 -2.896505 -5.654396
v 8.005813 -2.917777 -5.676579
v 8.005792 -2.945071 -5.688263
v 8.013968 -2.973620 -5.687672
v 8.028987 -2.996943 -5.674318
v 8.048981 -3.014177 -5.651257
v 8.065842 -3.122128 -5.677915
v 8.085896 -3.177192 -5.668725
v 8.181004 -3.261281 -5.558849
v 8.211889 -3.251296 -5.510246
v 8.235371 -3.222009 -5.465261
v 8.247858 -3.177009 -5.429767
v 8.247515 -3.121733 -5.408058
v 8.215700 -3.014211 -5.401440
v 8.229487 -2.997211 -5.374010
v 8.235588 -2.973673 -5.355063
v 8.232370 -2.945197 -5.347289
v 8.221079 -2.918185 -5.351807
v 8.142939 -3.070693 -5.533842
v 8.169603 -3.059463 -5.489168
v 9.327463 -1.239434 -2.553231
v 9.316344 -1.241305 -2.577875
v 6.410391 -0.479230 -2.142790
v 6.410421 -0.508083 -2.142790
v 6.166278 -0.454542 -2.085532
v 6.058786 -1.043412 -2.587760
v 6.176136 -0.491948 -2.121197
v 6.176136 -0.466164 -2.121197
v 6.400850 -0.403098 -0.800325
v 6.562677 -0.423287 0.105909
v 6.836002 -0.230949 1.679417
v 6.815296 -0.351953 1.533135
v 6.809836 -0.341574 1.507955
v 6.488777 -0.390241 -0.317920
v 6.633325 -0.491020 0.511081
v 6.319664 -0.468646 -1.245745
v 7.846384 -0.409209 -2.131992
v 7.869129 -0.553782 -2.117427
v 7.861694 -0.376024 -2.106652
v 7.846384 -0.381894 -2.131992
v 7.885579 -0.304329 -1.703034
v 7.911411 -0.244413 -1.249193
v 7.932221 -0.214097 -0.820086
v 7.997924 -0.380830 0.440477
v 8.018656 -0.349536 1.184031
v 7.586461 -0.387790 -2.161298
v 6.989250 -0.041342 4.170386
v 8.032269 -0.414506 1.564494
v 8.018656 -0.349536 1.184031
v 7.988068 -0.253398 0.440477
v 8.004564 -0.289947 0.812255
v 7.861694 -0.376024 -2.106652
v 7.952122 -0.203171 -0.390975
v 6.836002 -0.230949 1.679417
v 6.815296 -0.351953 1.533135
v 6.801750 -0.508523 1.443566
v 6.794208 -0.691198 1.401270
v 8.032269 -0.414506 1.564494
v 6.443079 -0.098168 1.958345
v 2.500813 -0.688090 -4.608875
v 2.558772 -2.910262 -10.250113
v 3.559752 -1.207063 -6.235893
v 3.625879 -1.278601 -6.435799
v 4.524555 -1.226616 -5.814366
v 4.239799 -1.185082 -5.794444
v 3.917428 -1.818854 -7.788591
v 4.168488 -1.510701 -6.856117
v 4.244833 -1.451933 -6.649310
v 4.338687 -1.399495 -6.452949
v 3.670465 -1.349645 -6.635140
v 3.692701 -1.421992 -6.841228
v 4.521735 -1.308833 -6.100214
v 4.560874 -1.245084 -5.870060
v 4.449201 -1.353061 -6.267327
v 3.592797 -1.074300 -5.754505
v 4.553364 -1.233930 -5.832284
v 3.764950 -1.849467 -7.935634
v 3.821689 -1.859161 -7.930556
v 3.735655 -1.830994 -7.906469
v 3.865488 -1.851295 -7.890874
v 3.713307 -1.789676 -7.818046
v 3.527664 -1.150359 -6.058475
v 3.548070 -1.081269 -5.802819
v 3.560102 -1.074455 -5.771814
v 3.559752 -1.207063 -6.235893
v 3.560194 -1.221609 -6.214322
v 3.626538 -1.293467 -6.415076
v 3.625879 -1.278601 -6.435799
v 4.524555 -1.226616 -5.814366
v 4.524555 -1.243800 -5.814366
v 4.239799 -1.202263 -5.794444
v 4.239799 -1.185082 -5.794444
v 3.917428 -1.818854 -7.788591
v 3.915547 -1.827928 -7.771198
v 4.162964 -1.532085 -6.852345
v 4.168488 -1.510701 -6.856117
v 4.338687 -1.399495 -6.452949
v 4.244833 -1.451933 -6.649310
v 4.243598 -1.466550 -6.627934
v 4.336931 -1.414471 -6.432500
v 3.670900 -1.364171 -6.613518
v 3.670465 -1.349645 -6.635140
v 3.693207 -1.443280 -6.837202
v 3.692701 -1.421992 -6.841228
v 4.521735 -1.308833 -6.100214
v 4.521464 -1.321713 -6.074306
v 4.560874 -1.262268 -5.870060
v 4.560874 -1.245084 -5.870060
v 4.449201 -1.353061 -6.267327
v 4.447968 -1.367723 -6.246055
v 3.592797 -1.091486 -5.754505
v 3.592797 -1.074300 -5.754505
v 4.553364 -1.233930 -5.832284
v 4.553364 -1.251116 -5.832284
v 4.560874 -1.245084 -5.870060
v 4.560874 -1.262268 -5.870060
v 3.821689 -1.859161 -7.930556
v 3.764950 -1.849467 -7.935634
v 3.764865 -1.852480 -7.893691
v 3.828939 -1.863525 -7.889697
v 3.735655 -1.830994 -7.906469
v 3.735266 -1.834073 -7.866026
v 3.865488 -1.851295 -7.890874
v 3.872878 -1.855606 -7.852457
v 3.713307 -1.789676 -7.818046
v 3.716483 -1.799473 -7.795714
v 3.527664 -1.150359 -6.058475
v 3.528554 -1.163250 -6.032599
v 3.548070 -1.081269 -5.802819
v 3.548070 -1.098450 -5.802819
v 3.560102 -1.074455 -5.771814
v 3.560102 -1.091638 -5.771814
v 3.641314 -1.626748 -5.950343
v 3.570654 -1.566131 -5.703396
v 4.225990 -1.744511 -6.201834
v 4.298237 -1.744739 -5.981597
v 3.679724 -1.657913 -6.176267
v 4.106915 -1.749118 -6.814122
v 3.699291 -1.699892 -6.788728
v 4.482522 -1.656328 -5.634432
v 4.515431 -1.608453 -5.497510
v 4.417534 -1.706040 -5.760181
v 3.546789 -1.508297 -5.603447
v 3.760212 -1.755050 -6.790527
v 4.021394 -1.802685 -6.805134
v 3.720276 -1.735039 -6.788139
v 4.072623 -1.795523 -6.814358
v 3.549408 -1.461740 -5.452978
v 3.700572 -1.693703 -6.148560
v 3.739413 -1.712511 -6.148431
v 4.150885 -1.788052 -6.172432
v 4.196177 -1.779914 -6.186646
v 3.661376 -1.663752 -5.911453
v 3.696139 -1.678767 -5.901945
v 4.232895 -1.776825 -5.930659
v 4.271476 -1.773278 -5.949454
v 3.595112 -1.601066 -5.679178
v 3.631566 -1.615652 -5.667174
v 4.344955 -1.745508 -5.705646
v 4.387094 -1.741725 -5.726379
v 3.572892 -1.560253 -5.572386
v 3.620184 -1.585177 -5.566592
v 4.386903 -1.719119 -5.587927
v 4.447489 -1.706981 -5.594323
v 3.578479 -1.522914 -5.443317
v 3.628457 -1.552332 -5.446048
v 4.408035 -1.686604 -5.460197
v 4.470877 -1.673710 -5.463282
v 3.656511 -1.200207 -4.559093
v 3.659400 -0.855458 -4.601088
v 3.738049 -1.338133 -4.540533
v 3.858778 -1.365476 -4.529704
v 4.373891 -1.447384 -4.582355
v 4.503192 -1.426170 -4.586931
v 4.607391 -1.284469 -4.625541
v 4.651571 -0.964209 -4.680612
v 4.651571 -0.964209 -4.680612
v 3.640136 -0.736379 -4.069491
v 3.634804 -1.155224 -4.058504
v 3.750568 -1.308469 -4.027240
v 3.892846 -1.348332 -4.033633
v 4.262362 -1.380664 -4.037094
v 4.437037 -1.335724 -4.048747
v 4.562989 -1.152771 -4.031974
v 4.578593 -0.821420 -4.051776
v 4.578593 -0.821420 -4.051776
v 4.097126 -1.064862 -3.640768
v 3.634804 -1.155224 -4.058504
v 3.750568 -1.308469 -4.027240
v 3.892846 -1.348332 -4.033633
v 4.262362 -1.380664 -4.037094
v 4.437037 -1.335724 -4.048747
v 4.562989 -1.152771 -4.031974
v 9.358204 -1.643307 1.996668
v 9.360343 -1.854542 2.224616
v 9.351565 -1.271468 1.493636
v 9.353381 -1.449679 1.760021
v 9.346467 -0.995103 0.950846
v 9.348180 -1.118619 1.222492
v 9.339266 -0.705564 -0.230022
v 9.338802 -0.742772 0.074516
v 9.342040 -0.699103 -0.835689
v 9.338840 -0.689712 -0.529739
v 9.342923 -0.779985 -1.444498
v 9.340527 -0.728560 -1.157588
v 9.344192 -0.951606 -2.037356
v 9.341504 -0.854574 -1.750867
v 9.339086 -0.805702 0.385620
v 9.343564 -0.890066 0.669937
v 9.373204 -2.344691 2.609138
v 9.366911 -2.091895 2.426335
v 9.348485 -1.082608 -2.332136
v 9.380484 -2.649831 2.780419
v 9.211220 -1.239178 -2.900138
v 9.191373 -1.217024 -2.897632
v 9.321467 -1.112215 -2.318267
v 9.326640 -1.221960 -2.519910
v 9.358895 -1.198146 -2.535527
v 9.322978 -1.868961 2.210660
v 9.322736 -1.661189 1.981802
v 9.319652 -1.470632 1.745124
v 9.319443 -1.295241 1.479434
v 9.317434 -1.144819 1.209564
v 9.316958 -1.023365 0.939472
v 9.311690 -0.774968 0.069324
v 9.312488 -0.738331 -0.232860
v 9.312278 -0.722772 -0.530199
v 9.315609 -0.732212 -0.833719
v 9.314127 -0.761463 -1.153176
v 9.316446 -0.812412 -1.437686
v 9.314842 -0.886262 -1.741709
v 9.317098 -0.982107 -2.025768
v 9.315112 -0.920020 0.660329
v 9.311439 -0.836977 0.378112
v 9.331990 -2.351037 2.601393
v 9.327485 -2.102361 2.414712
v 9.338470 -2.654704 2.776789
v 7.908940 -1.179552 -4.460483
v 7.829538 -1.451951 -4.905722
v 7.862617 -1.187536 -4.502488
v 9.181061 -1.248794 -2.845783
v 9.140771 -1.257541 -2.783309
v 7.798409 -1.690515 -5.203020
v 7.946263 -0.703137 -3.563012
v 7.903584 -0.928362 -4.040499
v 7.860575 -1.454232 -4.879794
v 3.707906 -2.720819 -9.452066
v 3.227510 -2.808285 -9.817009
v 2.647194 -2.910707 -10.214899
v 2.161272 -2.894930 -10.360475
v 1.430032 -2.863668 -10.476681
v 0.526345 -2.837873 -10.576706
v -0.352974 -2.819551 -10.625299
v 2.451650 -2.914957 -10.291724
v 4.210749 -2.637990 -9.066494
v 4.183625 -2.642641 -9.087992
v 5.397679 -2.442251 -8.080749
v 4.695114 -2.556831 -8.679015
v 6.095580 -2.331007 -7.443214
v 6.799785 -2.227819 -6.739727
v 7.452387 -2.144850 -6.004719
v 7.529008 -2.154795 -5.929382
v 7.606126 -2.199369 -5.880458
v 7.666393 -2.275627 -5.874567
v 7.703422 -2.369052 -5.902340
v 7.710070 -2.462294 -5.957594
v 7.694625 -2.772738 -6.154291
v 7.675945 -3.057992 -6.313819
v 7.663275 -3.308542 -6.432618
v 4.238706 -2.633204 -9.044346
v 2.553134 -2.919823 -10.263429
v 7.649548 -3.540471 -6.533328
v 9.003357 -3.457902 -4.418927
v 8.749158 -3.468221 -4.900517
v 8.504615 -3.479234 -5.259464
v 8.314210 -3.491806 -5.526193
v 7.957397 -3.523337 -6.061164
v 7.658684 -3.556873 -6.525081
v 7.648232 -3.558071 -6.541372
v 3.217753 -2.831621 -9.797720
v 3.697590 -2.744273 -9.433227
v 2.638469 -2.933985 -10.195053
v 1.426516 -2.888545 -10.457167
v 2.156042 -2.919508 -10.340970
v 0.524104 -2.862833 -10.557116
v -0.354024 -2.844324 -10.605366
v 2.445205 -2.939175 -10.272134
v 4.200334 -2.661795 -9.048149
v 4.684986 -2.581619 -8.661847
v 5.386985 -2.467099 -8.064007
v 6.083312 -2.355141 -7.426517
v 6.784696 -2.250017 -6.722667
v 7.434220 -2.164348 -5.987347
v 7.509007 -2.172183 -5.911786
v 7.585249 -2.215237 -5.862456
v 7.644437 -2.290275 -5.856811
v 7.679993 -2.381985 -5.885151
v 7.685503 -2.473024 -5.940468
v 7.669307 -2.781497 -6.137142
v 7.650148 -3.065327 -6.296717
v 7.637216 -3.314880 -6.415515
v 2.545766 -2.943501 -10.243517
v 7.623330 -3.544871 -6.515784
v 7.622105 -3.563998 -6.524215
v 3.673644 -2.759350 -9.370613
v 3.271289 -2.833436 -9.640996
v 2.502881 -2.957653 -10.148323
v 2.150508 -2.920456 -10.196392
v 1.412257 -2.890593 -10.313402
v 0.522320 -2.863971 -10.409111
v -0.351411 -2.847818 -10.466388
v 2.438052 -2.941791 -10.157214
v 5.363117 -2.476529 -7.997742
v 4.665038 -2.587052 -8.594073
v 6.061818 -2.365939 -7.344777
v 6.748682 -2.266790 -6.636373
v 7.412338 -2.173679 -5.849518
v 4.179030 -2.672316 -8.987720
v 7.498319 -2.199505 -5.787891
v 7.617701 -2.308482 -5.768803
v 7.565439 -2.248008 -5.771911
v 7.687091 -2.477843 -5.804983
v 7.660686 -2.389102 -5.782578
v 7.684936 -2.812604 -6.012454
v 7.669321 -3.347748 -6.296021
v 7.679218 -3.089367 -6.169306
v 7.632579 -3.562852 -6.507913
v 7.662497 -3.558186 -6.418108
v 9.012985 -3.457512 -4.400676
v 9.013092 -3.441132 -4.395000
v 9.015535 -3.065856 -4.268693
v 9.015112 -2.707384 -4.115171
v 9.004997 -2.332665 -3.910894
v 9.009749 -1.974641 -3.658462
v 9.018119 -1.615686 -3.322191
v 9.030245 -1.321439 -2.971352
v 8.966418 -3.464808 -4.399253
v 8.713616 -3.476514 -4.878915
v 8.470812 -3.488416 -5.235548
v 8.280269 -3.500585 -5.502320
v 7.922832 -3.531666 -6.038040
v 7.662497 -3.558186 -6.418108
v 7.632579 -3.562852 -6.507913
v 7.622105 -3.563998 -6.524215
v 8.976227 -3.447718 -4.375091
v 8.976002 -3.464120 -4.381002
v 8.976002 -3.464120 -4.381002
v 8.979211 -3.073625 -4.248227
v 8.979739 -2.718039 -4.094339
v 8.970635 -2.346035 -3.889933
v 8.976665 -1.991105 -3.637652
v 8.985575 -1.634486 -3.302525
v 9.008430 -1.336754 -2.957812
v 6.991016 -0.040544 4.193419
v 6.948279 -0.037413 4.199202
v 7.279214 -0.235506 4.107618
v 7.028923 -0.054850 4.183198
v 7.555367 -0.445857 4.036684
v 7.835480 -0.640862 3.984796
v 8.141970 -0.840276 3.941258
v 8.179115 -0.867596 3.939639
v 8.207676 -0.887869 3.939558
v 9.275150 -2.588084 3.939950
v 9.094006 -2.138002 3.939332
v 8.855305 -1.690735 3.935011
v 8.550361 -1.273535 3.938851
v 8.258959 -0.945585 3.939453
v 7.010675 -0.044575 4.188684
v 6.926336 -0.035801 4.202168
v 6.990242 -0.076480 4.191470
v 7.253216 -0.272740 4.110381
v 7.528795 -0.482817 4.037616
v 7.809967 -0.678530 3.983015
v 8.116057 -0.877508 3.937297
v 8.165238 -0.913018 3.934174
v 9.053176 -2.157045 3.932756
v 9.231028 -2.598317 3.935113
v 8.515429 -1.301734 3.931265
v 8.817337 -1.714558 3.927009
v 8.225273 -0.975610 3.933376
v 6.943147 -0.084676 4.189432
v 6.966813 -0.153481 4.171503
v 7.003309 -0.139771 4.170946
v 8.178955 -0.927319 3.933991
v 9.334810 -2.627337 3.380457
v 9.379340 -2.659745 2.803907
v 9.280721 -2.600773 3.916954
v 9.380729 -2.660817 2.786169
v 9.338693 -2.665646 2.782656
v 9.278439 -2.599847 3.939932
v 9.234315 -2.610080 3.935132
v 9.338470 -2.654704 2.776789
v 9.338693 -2.665646 2.782656
v 9.234315 -2.610080 3.935132
v 9.231028 -2.598317 3.935113
v 9.324649 -2.636809 3.381572
v 9.368097 -2.667775 2.806829
v 9.372114 -2.667885 2.796515
v 9.345722 -2.671579 2.794438
v 9.345722 -2.671579 2.794438
v 9.244816 -2.615780 3.927778
v 9.244816 -2.615780 3.927778
v 9.273232 -2.609173 3.931051
v 9.274391 -2.609792 3.918688
v 9.041557 -1.830942 3.028298
v 8.817337 -1.714558 3.927009
v 8.870586 -1.660454 3.556055
v 9.053176 -2.157045 3.932756
v 8.683640 -1.454013 3.725356
v 8.515429 -1.301734 3.931265
v 8.473079 -1.237985 3.834484
v 8.239943 -0.991860 3.927653
v 8.225273 -0.975610 3.933376
v 8.973063 -1.794333 3.329569
v 9.331990 -2.351037 2.601393
v 9.120060 -1.729533 2.683136
v 9.327485 -2.102361 2.414712
v 9.274391 -2.609792 3.918688
v 9.273232 -2.609173 3.931051
v 9.372114 -2.667885 2.796515
v 9.368097 -2.667775 2.806829
v 9.324649 -2.636809 3.381572
v 2.339066 -0.885817 -5.434010
v 2.221924 -1.340249 -5.291883
v -2.380597 0.046661 -0.696348
v -2.380597 -0.002213 -0.693810
v -1.790879 -0.000123 -0.727205
v -1.790879 0.048751 -0.729744
v -3.565804 0.040969 -0.557383
v -3.565804 -0.007905 -0.554854
v -2.982134 -0.005232 -0.638577
v -2.982134 0.043643 -0.641117
v -4.680934 0.031500 -0.336330
v -4.669250 -0.017375 -0.336631
v -4.134785 -0.011311 -0.453727
v -4.127903 0.037427 -0.459147
v -7.497035 -0.017132 0.903379
v -7.497035 -0.066004 0.904289
v -7.053246 -0.054326 0.613620
v -7.053246 -0.005454 0.612765
v -5.214453 0.025353 -0.190446
v -5.684437 0.019891 -0.028496
v -5.643951 -0.028984 -0.041358
v -5.176304 -0.023522 -0.199293
v -7.874549 -0.026698 1.210914
v -8.176334 -0.037318 1.488441
v -8.174842 -0.086193 1.487295
v -7.872154 -0.075572 1.208772
v -6.091207 0.013385 0.130971
v -6.585157 0.004363 0.358650
v -6.580228 -0.044512 0.356722
v -6.076752 -0.035490 0.125659
v -8.409742 -0.045752 1.742608
v -8.601340 -0.053824 1.987285
v -8.601752 -0.102699 1.988229
v -8.408855 -0.094626 1.742126
v -8.939486 -0.064298 2.526828
v -8.944506 -0.113173 2.537935
v -8.783072 -0.109730 2.253811
v -8.783835 -0.060856 2.254230
v -9.192257 -0.063472 3.154359
v -9.276310 -0.057960 3.454162
v -9.286164 -0.106835 3.451949
v -9.192699 -0.112346 3.145169
v -9.349316 -0.047839 3.807475
v -9.391691 -0.036502 4.179214
v -9.408615 -0.085390 4.166465
v -9.368798 -0.096714 3.801351
v -9.073349 -0.066090 2.825499
v -9.076975 -0.114962 2.831785
v -2.380597 -0.064196 -0.690585
v -1.790879 -0.062106 -0.723992
v -3.565804 -0.069891 -0.551631
v -2.982134 -0.067217 -0.635365
v -4.650334 -0.096499 -0.337123
v -4.138112 -0.071565 -0.448200
v -5.395828 -0.334343 -0.120143
v -5.156945 -0.224108 -0.197109
v -8.159691 -0.582282 1.475686
v -7.838006 -0.624415 1.179085
v -8.605043 -0.492613 1.995715
v -8.400802 -0.538853 1.737703
v -8.942733 -0.378222 2.545186
v -8.777956 -0.437217 2.251005
v -9.300749 -0.179181 3.448671
v -9.193554 -0.228689 3.127444
v -9.432383 -0.154061 4.148520
v -9.395232 -0.163026 3.793041
v -9.070124 -0.330781 2.796763
v -5.931615 -0.689226 0.075696
v -1.233986 -0.061646 -0.736051
v -1.233986 0.000340 -0.739264
v -4.911016 -0.147948 -0.265804
v -9.394308 -0.035806 4.202168
v -9.411119 -0.084678 4.189432
v -9.434786 -0.153483 4.171503
v -2.380597 -0.104300 -0.688508
v -1.790879 -0.102210 -0.721902
v -3.565804 -0.109992 -0.549554
v -2.982134 -0.107318 -0.633287
v -4.640646 -0.137024 -0.337371
v -4.140263 -0.110546 -0.444624
v -5.366604 -0.369621 -0.129429
v -5.126323 -0.262433 -0.204959
v -5.883266 -0.689665 0.054520
v -1.233986 -0.101746 -0.733964
v -4.890700 -0.188522 -0.269746
v -6.515738 -0.683947 0.331576
v -2.374388 -0.110243 -0.725470
v -1.806620 -0.108438 -0.758864
v -3.555068 -0.115318 -0.586513
v -2.993528 -0.113225 -0.670247
v -4.639805 -0.144704 -0.374331
v -4.135064 -0.116529 -0.481586
v -5.358384 -0.371222 -0.166391
v -5.135418 -0.271427 -0.240281
v -5.858871 -0.678033 0.009870
v -4.894795 -0.196760 -0.306847
v -5.610866 -0.559777 -0.444067
v -5.188494 -0.398494 -0.930391
v -4.621742 -0.309581 -1.167796
v -4.009477 -0.261055 -1.374527
v -3.270145 -0.256600 -1.567496
v -2.209768 -0.267895 -1.705498
v -1.233986 -0.263922 -1.733859
v -1.233986 -0.107742 -0.770926
v -1.233986 0.049214 -0.741804
v -0.087374 0.046661 -0.696348
v -0.677091 0.048751 -0.729744
v -0.677091 -0.000121 -0.727205
v -0.087374 -0.002211 -0.693810
v 1.097834 0.040969 -0.557383
v 0.514163 0.043643 -0.641117
v 0.514163 -0.005232 -0.638577
v 1.097834 -0.007905 -0.554854
v 2.212963 0.031500 -0.336330
v 1.659932 0.037427 -0.459147
v 1.666816 -0.011311 -0.453727
v 2.201279 -0.017372 -0.336631
v 5.029064 -0.017132 0.903379
v 4.585274 -0.005452 0.612765
v 4.585274 -0.054326 0.613620
v 5.029064 -0.066004 0.904289
v 2.746483 0.025353 -0.190446
v 2.708334 -0.023522 -0.199293
v 3.175981 -0.028984 -0.041358
v 3.216466 0.019891 -0.028496
v 5.406579 -0.026698 1.210914
v 5.404183 -0.075572 1.208772
v 5.706871 -0.086193 1.487295
v 5.708364 -0.037318 1.488441
v 3.623237 0.013388 0.130971
v 3.608782 -0.035487 0.125659
v 4.112258 -0.044512 0.356722
v 4.117188 0.004363 0.358650
v 5.941772 -0.045749 1.742608
v 5.940885 -0.094621 1.742126
v 6.133781 -0.102699 1.988229
v 6.133369 -0.053824 1.987285
v 6.471514 -0.064296 2.526828
v 6.315864 -0.060856 2.254230
v 6.315100 -0.109730 2.253811
v 6.476533 -0.113168 2.537935
v 6.724285 -0.063472 3.154359
v 6.724729 -0.112344 3.145169
v 6.818192 -0.106832 3.451949
v 6.808339 -0.057957 3.454162
v 6.881344 -0.047839 3.807475
v 6.900826 -0.096714 3.801351
v 6.940644 -0.085387 4.166465
v 6.923719 -0.036502 4.179214
v 6.605379 -0.066087 2.825499
v 6.609004 -0.114962 2.831785
v -0.087374 -0.064193 -0.690585
v -0.677091 -0.062106 -0.723992
v 1.097834 -0.069891 -0.551631
v 0.514163 -0.067217 -0.635365
v 2.182364 -0.096499 -0.337123
v 1.670141 -0.071565 -0.448200
v 5.029064 -0.650145 0.915150
v 4.585274 -0.676957 0.624536
v 2.688975 -0.224108 -0.197109
v 2.927857 -0.334343 -0.120143
v 5.691720 -0.582279 1.475686
v 5.377295 -0.623864 1.184706
v 6.137072 -0.492608 1.995715
v 5.932831 -0.538851 1.737703
v 6.474761 -0.378222 2.545186
v 6.309986 -0.437214 2.251005
v 6.832777 -0.179181 3.448671
v 6.725583 -0.228689 3.127444
v 6.964413 -0.154059 4.148520
v 6.927261 -0.163026 3.793041
v 6.602152 -0.330781 2.796763
v 4.047768 -0.683947 0.331576
v 3.463645 -0.689226 0.075696
v 2.443045 -0.147945 -0.265804
v 6.943147 -0.084676 4.189432
v 6.926336 -0.035801 4.202168
v 6.966813 -0.153481 4.171503
v -0.087374 -0.104300 -0.688508
v -0.677091 -0.102210 -0.721902
v 1.097834 -0.109992 -0.549554
v 0.514163 -0.107318 -0.633287
v 2.172676 -0.137024 -0.337371
v 1.672293 -0.110546 -0.444624
v 2.898633 -0.369621 -0.129429
v 2.658352 -0.262433 -0.204959
v 3.415296 -0.689665 0.054520
v 2.422729 -0.188520 -0.269746
v -0.661350 -0.108435 -0.758864
v -0.093583 -0.110243 -0.725470
v 0.525558 -0.113225 -0.670247
v 1.087098 -0.115318 -0.586513
v 1.667094 -0.116526 -0.481586
v 2.171834 -0.144704 -0.374331
v 2.667447 -0.271427 -0.240281
v 2.890414 -0.371222 -0.166391
v 3.390902 -0.678033 0.009870
v 2.426825 -0.196760 -0.306847
v 3.142895 -0.559777 -0.444067
v 2.720523 -0.398492 -0.930391
v 2.153772 -0.309581 -1.167796
v 1.541507 -0.261055 -1.374527
v 0.802175 -0.256600 -1.567496
v -0.258202 -0.267895 -1.705498
v -6.693019 -0.096311 0.419602
v -7.053246 -0.101226 0.614510
v -7.497035 -0.113957 0.905210
v -7.821679 -0.218152 1.165064
v -7.826438 -0.592826 1.169037
v -6.616487 -0.153991 0.380082
v -6.647590 -0.111930 0.395986
v -7.746664 -0.120413 1.103845
v -7.798240 -0.149585 1.148924
v -7.058089 -0.117573 0.606701
v -6.697958 -0.108226 0.411786
v -6.693402 -0.107925 0.420235
v -7.053246 -0.117384 0.614821
v -7.502354 -0.132054 0.898238
v -7.497035 -0.132085 0.905563
v -7.823995 -0.598464 1.155552
v -7.817743 -0.222134 1.150305
v -7.812175 -0.222162 1.156839
v -7.818422 -0.598471 1.162066
v -6.656940 -0.122877 0.390590
v -6.627297 -0.162393 0.375489
v -6.622651 -0.162196 0.383851
v -6.652364 -0.122553 0.399018
v -6.545389 -0.661236 0.335432
v -6.540710 -0.661111 0.343753
v -7.794846 -0.158997 1.134657
v -7.749684 -0.133213 1.094237
v -7.744169 -0.133388 1.100972
v -7.789296 -0.159097 1.141264
v -7.128391 -0.146227 0.487358
v -6.778496 -0.143660 0.272691
v -7.582765 -0.158118 0.785908
v -7.893293 -0.228574 1.019329
v -6.745250 -0.155675 0.262795
v -6.719675 -0.178103 0.260556
v -7.882580 -0.183780 0.992221
v -7.846418 -0.161383 0.962832
v -6.532862 -0.651709 0.339908
v -11.282146 -1.460788 -3.935559
v -11.388052 -1.740083 -4.220850
v -11.646519 -1.711716 -3.828906
v -11.570838 -1.436000 -3.512426
v -10.875814 -1.342235 -4.153965
v -10.970369 -1.505184 -4.341043
v -11.188755 -1.305511 -3.720784
v -11.036196 -1.676020 -4.510875
v -11.086390 -1.854354 -4.661945
v -11.480020 -2.160738 -4.553129
v -11.133355 -2.065152 -4.827911
v -11.176891 -2.289020 -4.994405
v -11.543249 -2.673263 -4.863523
v -11.213786 -2.545379 -5.167099
v -11.239356 -2.800911 -5.326799
v -11.580482 -3.217575 -5.134314
v -11.252703 -3.056486 -5.477836
v -11.262561 -3.368018 -5.646203
v -11.739883 -1.433871 -3.186737
v -11.776737 -1.705464 -3.508142
v -11.828075 -1.631629 -3.130443
v -11.825047 -1.438192 -2.889502
v -11.492861 -1.272054 -3.253376
v -11.684343 -1.252357 -2.917554
v -11.834426 -2.080675 -3.568923
v -11.830601 -1.838282 -3.352521
v -11.805118 -2.163666 -3.907038
v -11.843903 -2.571909 -3.916183
v -11.839000 -2.325935 -3.762267
v -11.825552 -2.685513 -4.209070
v -11.850193 -3.096388 -4.173178
v -11.848376 -2.833662 -4.055472
v -11.841760 -3.240035 -4.436621
v -11.840801 -3.686337 -4.584187
v -11.861812 -3.683726 -4.368300
v -11.859025 -3.393759 -4.278600
v -11.487557 -1.260905 -3.235757
v -11.182660 -1.295372 -3.706766
v -11.700926 -2.151970 -4.191547
v -11.817889 -1.237284 -2.621701
v -11.817328 -1.221829 -2.601096
v -11.679190 -1.239180 -2.900138
v -11.736992 -2.677710 -4.496663
v -11.765319 -3.231157 -4.734015
v -11.589419 -3.668507 -5.337744
v -11.589484 -3.679339 -5.342489
v -11.773449 -3.693080 -4.905435
v -11.773355 -3.682185 -4.901545
v -11.263187 -3.645085 -5.777874
v -11.263211 -3.655135 -5.782651
v -11.840598 -3.696931 -4.587626
v -10.862259 -1.364985 -4.141273
v -10.859116 -1.366256 -4.169291
v -10.844363 -1.355343 -4.144668
v -10.855929 -1.354035 -4.128656
v -11.069448 -1.871851 -4.645526
v -11.058344 -1.872526 -4.657606
v -11.008986 -1.696236 -4.508272
v -11.020203 -1.695179 -4.495378
v -11.157749 -2.303567 -4.977525
v -11.146948 -2.303818 -4.989435
v -11.104452 -2.082304 -4.823359
v -11.115530 -2.081352 -4.811096
v -11.217948 -2.812207 -5.310154
v -11.206749 -2.812207 -5.324037
v -11.182633 -2.558416 -5.163167
v -11.193399 -2.558307 -5.150368
v -11.239843 -3.376781 -5.629783
v -11.227799 -3.376766 -5.646075
v -11.218943 -3.066198 -5.476410
v -11.230521 -3.066457 -5.461364
v -11.806723 -1.448901 -2.883847
v -11.812372 -1.448839 -2.863799
v -11.810931 -1.639778 -3.108336
v -11.807005 -1.638195 -3.126009
v -11.661954 -1.269354 -2.909006
v -11.477108 -1.295672 -3.245612
v -11.471218 -1.283190 -3.225786
v -11.656872 -1.256286 -2.891634
v -11.808534 -1.842559 -3.349126
v -11.811443 -1.844618 -3.332322
v -11.814627 -2.086443 -3.549205
v -11.811998 -2.083691 -3.566043
v -11.816456 -2.328368 -3.759556
v -11.818912 -2.330798 -3.742912
v -11.823277 -2.574993 -3.897721
v -11.821261 -2.573871 -3.913754
v -11.827851 -2.835229 -4.053340
v -11.829696 -2.836246 -4.038624
v -11.832965 -3.098282 -4.157059
v -11.831394 -3.097659 -4.171187
v -11.848320 -3.686274 -4.366704
v -11.850070 -3.686052 -4.351891
v -11.850365 -3.696617 -4.355116
v -11.848607 -3.696847 -4.369958
v -11.175891 -1.330518 -3.711895
v -11.677159 -1.634387 -3.542993
v -11.339506 -1.672384 -4.120034
v -10.944705 -1.528149 -4.341556
v -10.955964 -1.527215 -4.328254
v -11.728721 -2.166214 -4.035893
v -11.459501 -2.174778 -4.537533
v -11.800774 -1.248242 -2.614986
v -11.812300 -1.241846 -2.585189
v -11.757999 -2.687043 -4.336714
v -11.520359 -2.683687 -4.848370
v -11.775438 -3.239287 -4.578146
v -11.556112 -3.225439 -5.119929
v -11.753493 -3.682324 -4.894754
v -11.570447 -3.670249 -5.323244
v -11.242959 -3.642233 -5.760364
v -11.230732 -3.641187 -5.776687
v -11.822961 -3.689538 -4.581317
v -11.841948 -3.394653 -4.262792
v -11.840388 -3.394773 -4.276941
v -10.844363 -1.355343 -4.144668
v -10.857812 -1.332532 -4.157392
v -10.869411 -1.331203 -4.141294
v -10.855929 -1.354035 -4.128656
v -10.959187 -1.506774 -4.355587
v -10.864247 -1.343592 -4.169966
v -10.859116 -1.366256 -4.169291
v -10.944705 -1.528149 -4.341556
v -11.024920 -1.677085 -4.523847
v -11.008986 -1.696236 -4.508272
v -11.058344 -1.872526 -4.657606
v -11.075204 -1.855021 -4.674112
v -11.122178 -2.066071 -4.840250
v -11.104452 -2.082304 -4.823359
v -11.146948 -2.303818 -4.989435
v -11.165987 -2.289216 -5.006388
v -11.202920 -2.545426 -5.179982
v -11.182633 -2.558416 -5.163167
v -11.206749 -2.812207 -5.324037
v -11.228055 -2.800854 -5.340775
v -11.241018 -3.056164 -5.492992
v -11.218943 -3.066198 -5.476410
v -11.227799 -3.376766 -5.646075
v -11.250409 -3.367950 -5.662633
v -11.831670 -1.633602 -3.112480
v -11.810931 -1.639778 -3.108336
v -11.812372 -1.448839 -2.863799
v -11.830338 -1.438532 -2.869219
v -11.656872 -1.256286 -2.891634
v -11.471218 -1.283190 -3.225786
v -11.836676 -2.083709 -3.551755
v -11.814627 -2.086443 -3.549205
v -11.811443 -1.844618 -3.332322
v -11.833157 -1.840668 -3.335385
v -11.845509 -2.573191 -3.899863
v -11.823277 -2.574993 -3.897721
v -11.818912 -2.330798 -3.742912
v -11.841060 -2.328582 -3.745300
v -11.851084 -3.097110 -4.158817
v -11.832965 -3.098282 -4.157059
v -11.829696 -2.836246 -4.038624
v -11.849660 -2.834805 -4.040499
v -11.848607 -3.696847 -4.369958
v -11.850365 -3.696617 -4.355116
v -11.863385 -3.694056 -4.356615
v -11.861913 -3.694242 -4.371557
v -11.168777 -1.318658 -3.695455
v -11.828260 -1.220459 -2.577425
v -11.828410 -1.236096 -2.598352
v -11.812300 -1.241846 -2.585189
v -11.813956 -1.228730 -2.566886
v -11.800305 -1.232816 -2.594306
v -11.570718 -3.680877 -5.327987
v -11.753864 -3.693059 -4.898741
v -11.230839 -3.650777 -5.781422
v -11.251000 -3.654230 -5.799126
v -11.250979 -3.644208 -5.794347
v -11.230732 -3.641187 -5.776687
v -11.243073 -3.651860 -5.765099
v -11.823160 -3.700164 -4.584809
v -11.859884 -3.393722 -4.264239
v -11.841948 -3.394653 -4.262792
v -11.863263 -3.683543 -4.353379
v -11.850070 -3.686052 -4.351891
v -11.753864 -3.693059 -4.898741
v -11.570718 -3.680877 -5.327987
v -11.243073 -3.651860 -5.765099
v -11.823160 -3.700164 -4.584809
v -11.850365 -3.696617 -4.355116
v -11.168777 -1.318658 -3.695455
v -11.800305 -1.232816 -2.594306
v -10.844363 -1.355343 -4.144668
v -11.813956 -1.228730 -2.566886
v -11.813956 -1.228730 -2.566886
v -11.230839 -3.650777 -5.781422
v -11.230839 -3.650777 -5.781422
v -9.652475 -0.271019 0.202986
v -9.647516 -0.273540 0.060346
v -10.041896 -0.252048 0.066012
v -10.047678 -0.250971 0.204422
v -9.617496 -0.308980 -0.228125
v -9.634171 -0.287056 -0.088753
v -9.442693 -0.299076 -0.089179
v -9.325048 -0.331042 -0.229624
v -9.609482 -0.334767 -0.355395
v -9.316027 -0.360625 -0.357987
v -10.031227 -0.261779 -0.085645
v -9.043072 -0.271463 0.064652
v -9.064666 -0.253864 0.204038
v -9.044655 -0.251844 0.204059
v -9.023062 -0.270482 0.064932
v -9.463466 -0.278693 0.203169
v -9.457204 -0.283360 0.061578
v -10.434460 -0.244107 0.200438
v -10.428349 -0.241815 0.069525
v -10.444508 -0.241391 0.069666
v -10.450620 -0.243819 0.200268
v -10.024273 -0.280203 -0.231102
v -10.412155 -0.260587 -0.234422
v -10.419376 -0.247141 -0.084606
v -8.991947 -0.343907 -0.227859
v -9.016386 -0.303251 -0.088237
v -8.996374 -0.303481 -0.088195
v -8.971936 -0.344678 -0.227751
v -10.407393 -0.278861 -0.359831
v -10.423553 -0.277838 -0.359938
v -10.428316 -0.259770 -0.234563
v -10.019685 -0.303387 -0.357281
v -8.969065 -0.392674 -0.360569
v -8.949053 -0.394524 -0.360718
v -10.435536 -0.246532 -0.084565
v -9.266647 -0.274236 0.203716
v -9.255444 -0.281874 0.061751
v -9.237987 -0.300706 -0.088698
v -10.435175 -0.244227 0.207198
v -10.451334 -0.243947 0.207025
v -8.967987 -0.394979 -0.366855
v -8.947974 -0.396873 -0.366986
v -10.047960 -0.250913 0.211213
v -9.652710 -0.270898 0.209777
v -9.463765 -0.278471 0.209960
v -9.065519 -0.253019 0.210721
v -9.267180 -0.273870 0.210486
v -9.315561 -0.362150 -0.364584
v -9.609064 -0.336111 -0.362047
v -10.019440 -0.304619 -0.363954
v -10.407138 -0.279839 -0.366556
v -10.042503 -0.265677 0.066496
v -9.648283 -0.287151 0.061097
v -9.653142 -0.284642 0.203234
v -10.048202 -0.264605 0.204508
v -9.443316 -0.312579 -0.087178
v -9.635042 -0.300583 -0.087037
v -9.618496 -0.322389 -0.225661
v -9.325719 -0.344357 -0.226540
v -9.610601 -0.348108 -0.352580
v -9.317134 -0.373869 -0.354709
v -10.031947 -0.275350 -0.084264
v -9.063407 -0.267341 0.205793
v -9.265703 -0.287823 0.204584
v -9.254868 -0.295440 0.063197
v -9.042654 -0.284927 0.066912
v -9.457587 -0.296970 0.062564
v -9.463649 -0.292330 0.203661
v -10.428689 -0.255459 0.069677
v -10.434716 -0.257746 0.200182
v -10.419946 -0.260749 -0.083599
v -10.436104 -0.260142 -0.083578
v -10.429067 -0.273315 -0.232923
v -10.412908 -0.274131 -0.232763
v -10.025158 -0.293677 -0.228981
v -9.237967 -0.314128 -0.086105
v -8.992817 -0.356910 -0.223647
v -9.016730 -0.316500 -0.084863
v -10.408250 -0.292343 -0.357720
v -10.020680 -0.316788 -0.354688
v -8.970331 -0.405471 -0.355824
v -10.048452 -0.264550 0.211320
v -10.435429 -0.257861 0.206939
v -9.316826 -0.375407 -0.361427
v -8.969267 -0.407775 -0.362112
v -9.653366 -0.284522 0.210036
v -9.463904 -0.292108 0.210441
v -9.043395 -0.265316 0.205911
v -9.043983 -0.264364 0.212840
v -9.063993 -0.266441 0.212701
v -9.610220 -0.349458 -0.359240
v -10.020457 -0.318015 -0.361372
v -10.424227 -0.292299 -0.364618
v -10.408068 -0.293327 -0.364490
v -10.424408 -0.291325 -0.357848
v -9.266257 -0.287459 0.211341
v -9.043395 -0.265316 0.205911
v -9.022641 -0.283938 0.067265
v -10.444849 -0.255033 0.069815
v -10.450875 -0.257458 0.199999
v -10.429067 -0.273315 -0.232923
v -10.436104 -0.260142 -0.083578
v -8.996719 -0.316718 -0.084756
v -8.972806 -0.357666 -0.223477
v -10.424408 -0.291325 -0.357848
v -8.950320 -0.407294 -0.355889
v -10.451587 -0.257583 0.206758
v -8.949255 -0.409638 -0.362144
v -8.969267 -0.407775 -0.362112
v -9.316826 -0.375407 -0.361427
v -9.045507 -0.250950 0.210752
v -9.043983 -0.264364 0.212840
v -9.610220 -0.349458 -0.359240
v -10.020457 -0.318015 -0.361372
v -10.423299 -0.278809 -0.366664
v -10.408068 -0.293327 -0.364490
v -10.424227 -0.292299 -0.364618
v -10.424227 -0.292299 -0.364618
v -10.401535 -0.225950 -0.511017
v -10.408051 -0.220514 -0.392592
v -8.955447 -0.287127 -0.388919
v -8.935059 -0.303293 -0.514146
v -10.385752 -0.262831 -0.815887
v -10.392878 -0.240593 -0.663587
v -8.909575 -0.334288 -0.661722
v -8.881879 -0.377698 -0.814195
v -8.855814 -0.425375 -0.945932
v -10.381761 -0.288189 -0.945333
v -8.935436 -0.287933 -0.389027
v -8.915045 -0.304324 -0.514562
v -10.401910 -0.261696 -0.816047
v -10.409036 -0.239602 -0.663692
v -10.397918 -0.286871 -0.945396
v -8.889564 -0.335599 -0.661839
v -10.408424 -0.220203 -0.385814
v -10.424209 -0.219703 -0.392733
v -10.424582 -0.219395 -0.385953
v -8.854574 -0.427640 -0.952197
v -8.835802 -0.427384 -0.946050
v -8.834561 -0.429667 -0.952315
v -10.408795 -0.234148 -0.391951
v -10.424954 -0.233335 -0.392100
v -10.418517 -0.238692 -0.510204
v -10.402356 -0.239560 -0.509989
v -8.883141 -0.390704 -0.810017
v -8.863129 -0.392378 -0.810190
v -8.890606 -0.348856 -0.658541
v -8.910616 -0.347553 -0.658465
v -8.857185 -0.438224 -0.941304
v -8.837173 -0.440228 -0.941391
v -10.409944 -0.253152 -0.662023
v -10.393785 -0.254144 -0.661894
v -10.409166 -0.233837 -0.385171
v -8.956099 -0.300677 -0.387217
v -8.957109 -0.299819 -0.380512
v -8.855949 -0.440494 -0.947569
v -10.382877 -0.301559 -0.942547
v -10.382739 -0.302869 -0.949251
v -8.936085 -0.301478 -0.387292
v -8.937098 -0.300606 -0.380585
v -10.398897 -0.301546 -0.949338
v -10.399036 -0.300245 -0.942623
v -10.417694 -0.225081 -0.511232
v -10.418517 -0.238692 -0.510204
v -10.424954 -0.233335 -0.392100
v -8.890606 -0.348856 -0.658541
v -8.863129 -0.392378 -0.810190
v -8.861866 -0.379383 -0.814399
v -8.837173 -0.440228 -0.941391
v -10.409944 -0.253152 -0.662023
v -8.936085 -0.301478 -0.387292
v -8.915867 -0.317787 -0.512270
v -10.402891 -0.275141 -0.813627
v -10.399036 -0.300245 -0.942623
v -10.425325 -0.233026 -0.385320
v -8.956529 -0.286269 -0.382267
v -8.835939 -0.442509 -0.947645
v -10.381554 -0.289492 -0.951993
v -8.855949 -0.440494 -0.947569
v -10.382739 -0.302869 -0.949251
v -8.936516 -0.287062 -0.382375
v -8.937098 -0.300606 -0.380585
v -10.397713 -0.288168 -0.952058
v -10.398897 -0.301546 -0.949338
v -10.398897 -0.301546 -0.949338
v -10.373017 -0.252331 -1.095201
v -10.378627 -0.236879 -0.974078
v -8.854159 -0.337759 -0.977516
v -8.832810 -0.361143 -1.102805
v -8.806046 -0.405766 -1.252364
v -8.778967 -0.467935 -1.395616
v -10.356799 -0.330317 -1.404269
v -10.365751 -0.287765 -1.260805
v -10.349701 -0.381392 -1.539326
v -10.349877 -0.379393 -1.534047
v -8.752461 -0.544736 -1.538426
v -8.751382 -0.547865 -1.544243
v -8.834147 -0.338863 -0.977547
v -8.812798 -0.362364 -1.102901
v -10.372958 -0.329007 -1.404494
v -10.381909 -0.286546 -1.261148
v -10.365859 -0.379875 -1.539315
v -10.366036 -0.377884 -1.534036
v -8.786034 -0.407286 -1.252578
v -10.378938 -0.236018 -0.967343
v -10.394784 -0.235636 -0.974024
v -10.395096 -0.234784 -0.967298
v -10.379737 -0.250411 -0.972289
v -10.395896 -0.249173 -0.972258
v -10.390308 -0.264495 -1.092770
v -10.374147 -0.265787 -1.092846
v -8.780300 -0.480255 -1.389618
v -8.760288 -0.482118 -1.389649
v -8.787159 -0.420127 -1.247812
v -8.807170 -0.418615 -1.247621
v -8.753885 -0.556811 -1.531936
v -8.733875 -0.559084 -1.532012
v -10.383060 -0.299777 -1.257687
v -10.366902 -0.300996 -1.257344
v -10.380048 -0.249553 -0.965553
v -8.854990 -0.351210 -0.975052
v -8.856339 -0.349989 -0.968488
v -8.834977 -0.352314 -0.975085
v -8.836328 -0.351085 -0.968509
v -10.389174 -0.251039 -1.095117
v -10.390308 -0.264495 -1.092770
v -10.395896 -0.249173 -0.972258
v -8.787159 -0.420127 -1.247812
v -8.760288 -0.482118 -1.389649
v -8.758955 -0.469813 -1.395679
v -8.732800 -0.562221 -1.537816
v -8.731371 -0.550167 -1.544351
v -8.732450 -0.547023 -1.538533
v -8.733875 -0.559084 -1.532012
v -8.752810 -0.559929 -1.537730
v -10.350892 -0.394121 -1.534251
v -10.383060 -0.299777 -1.257687
v -8.834977 -0.352314 -0.975085
v -8.813740 -0.375647 -1.099624
v -10.374129 -0.341934 -1.399984
v -10.367229 -0.390623 -1.528990
v -10.367051 -0.392603 -1.534240
v -10.396207 -0.248316 -0.965519
v -8.855545 -0.336540 -0.970973
v -8.835533 -0.337639 -0.971005
v -8.836328 -0.351085 -0.968509
v -10.339390 -0.326626 -1.691103
v -10.346880 -0.297446 -1.572110
v -8.744259 -0.400420 -1.571896
v -8.723055 -0.428375 -1.701739
v -10.322030 -0.457715 -1.990456
v -10.330215 -0.381047 -1.846649
v -8.696239 -0.492618 -1.856469
v -8.668158 -0.596737 -1.996506
v -8.644015 -0.767068 -2.132324
v -10.314226 -0.564580 -2.128437
v -8.724247 -0.401568 -1.572003
v -8.703044 -0.429565 -1.701930
v -10.338189 -0.456524 -1.990487
v -10.346374 -0.379943 -1.846532
v -10.330384 -0.562995 -2.128469
v -8.676226 -0.493983 -1.856566
v -10.347294 -0.295832 -1.565523
v -10.363038 -0.296293 -1.572196
v -10.363452 -0.294676 -1.565620
v -8.643278 -0.772279 -2.136481
v -8.624002 -0.769943 -2.132455
v -8.623266 -0.775172 -2.136599
v -10.347919 -0.310722 -1.568749
v -10.364077 -0.309566 -1.568832
v -10.356520 -0.338672 -1.687064
v -10.340361 -0.339747 -1.687129
v -8.669273 -0.606507 -1.986718
v -8.649261 -0.608367 -1.986857
v -8.677186 -0.505823 -1.849540
v -8.697197 -0.504465 -1.849467
v -8.645233 -0.775583 -2.121390
v -8.625221 -0.778426 -2.121497
v -10.347248 -0.392478 -1.840887
v -10.331087 -0.393576 -1.840983
v -10.348335 -0.309105 -1.562172
v -8.745068 -0.413813 -1.569005
v -8.746128 -0.412400 -1.562439
v -8.644501 -0.780796 -2.125547
v -10.315235 -0.575287 -2.119708
v -10.315071 -0.579459 -2.125118
v -8.725058 -0.414958 -1.569112
v -8.726117 -0.413546 -1.562546
v -10.331393 -0.573715 -2.119763
v -10.331229 -0.577879 -2.125180
v -10.355549 -0.325554 -1.691048
v -10.356520 -0.338672 -1.687064
v -10.364077 -0.309566 -1.568832
v -8.677186 -0.505823 -1.849540
v -8.649261 -0.608367 -1.986857
v -8.648148 -0.598625 -1.996679
v -8.625221 -0.778426 -2.121497
v -10.347248 -0.392478 -1.840887
v -8.725058 -0.414958 -1.569112
v -8.703897 -0.442608 -1.697669
v -10.339039 -0.467998 -1.982820
v -10.331393 -0.573715 -2.119763
v -10.364496 -0.307944 -1.562246
v -8.745329 -0.399010 -1.565343
v -8.624491 -0.783650 -2.125630
v -10.313925 -0.568703 -2.133760
v -8.644501 -0.780796 -2.125547
v -10.315071 -0.579459 -2.125118
v -8.725317 -0.400153 -1.565450
v -8.726117 -0.413546 -1.562546
v -10.330084 -0.567107 -2.133802
v -10.331229 -0.577879 -2.125180
v -10.331229 -0.577879 -2.125180
v -9.691062 -0.287975 0.790865
v -9.687102 -0.291710 0.636166
v -10.091887 -0.287661 0.643718
v -10.101800 -0.288377 0.791852
v -9.664174 -0.351493 0.340177
v -9.675615 -0.314635 0.482752
v -9.484552 -0.319404 0.483479
v -9.379583 -0.363819 0.344203
v -9.655712 -0.388358 0.236832
v -9.369681 -0.409450 0.235375
v -10.083514 -0.303128 0.487015
v -9.141848 -0.258630 0.629098
v -9.169418 -0.233554 0.793479
v -9.149405 -0.228788 0.793727
v -9.121836 -0.255664 0.628839
v -9.512529 -0.286400 0.792343
v -9.501375 -0.292610 0.633875
v -10.457500 -0.305313 0.791467
v -10.453164 -0.300107 0.649458
v -10.469323 -0.300664 0.649714
v -10.473660 -0.306082 0.791444
v -10.074995 -0.332156 0.339361
v -10.442080 -0.327100 0.337765
v -10.447215 -0.307583 0.486704
v -9.091202 -0.364085 0.347159
v -9.115110 -0.304423 0.478349
v -9.095098 -0.302937 0.477996
v -9.071189 -0.364104 0.347373
v -10.437326 -0.349431 0.232226
v -10.453485 -0.348780 0.232098
v -10.458240 -0.326878 0.337702
v -10.069242 -0.364266 0.235129
v -9.071856 -0.434850 0.231724
v -9.051844 -0.436555 0.231478
v -10.463373 -0.307779 0.486683
v -9.345927 -0.275596 0.791381
v -9.333638 -0.287059 0.631549
v -9.330795 -0.320435 0.482173
v -10.457977 -0.305558 0.798245
v -10.474135 -0.306338 0.798224
v -9.070911 -0.438334 0.226026
v -9.050900 -0.440097 0.225812
v -10.102255 -0.288414 0.798642
v -9.691236 -0.287810 0.797656
v -9.513006 -0.286136 0.799124
v -9.346448 -0.275110 0.798151
v -9.170213 -0.232537 0.800152
v -9.369117 -0.412058 0.229152
v -9.655190 -0.390631 0.230471
v -10.068884 -0.366262 0.228660
v -10.437027 -0.350836 0.225587
v -10.091730 -0.301274 0.644393
v -9.687222 -0.305286 0.637409
v -9.691024 -0.301593 0.791208
v -10.101482 -0.301996 0.791799
v -9.484860 -0.332664 0.486736
v -9.675936 -0.327971 0.485666
v -9.664766 -0.364509 0.344342
v -9.379807 -0.376589 0.349128
v -9.656539 -0.401147 0.241651
v -9.370504 -0.421917 0.241010
v -10.083616 -0.316595 0.489210
v -9.166365 -0.246665 0.795707
v -9.343726 -0.288995 0.792602
v -9.332009 -0.300416 0.633843
v -9.139944 -0.271762 0.632342
v -9.501273 -0.306147 0.635471
v -9.512074 -0.300002 0.792987
v -10.452573 -0.313720 0.649596
v -10.456800 -0.318907 0.791007
v -10.447050 -0.321138 0.488193
v -10.463210 -0.321337 0.488151
v -10.458451 -0.340320 0.340080
v -10.442292 -0.340535 0.340187
v -10.075447 -0.345387 0.342746
v -9.329941 -0.333558 0.485891
v -9.091663 -0.376158 0.353670
v -9.114432 -0.317168 0.483288
v -10.437767 -0.362733 0.235320
v -10.069921 -0.377259 0.239359
v -9.072880 -0.446435 0.239048
v -10.101880 -0.302030 0.798611
v -10.457271 -0.319156 0.797784
v -9.370162 -0.424574 0.234635
v -9.071955 -0.449917 0.233351
v -9.691163 -0.301425 0.798020
v -9.512483 -0.299735 0.799736
v -9.146838 -0.240680 0.803011
v -9.166851 -0.245527 0.802647
v -9.146353 -0.241891 0.796050
v -9.656091 -0.403431 0.235247
v -10.069611 -0.379257 0.232869
v -10.453796 -0.363489 0.228391
v -10.437636 -0.364154 0.228574
v -10.453926 -0.362095 0.235150
v -9.344282 -0.288519 0.799349
v -9.146353 -0.241891 0.796050
v -9.119932 -0.268774 0.632182
v -10.468732 -0.314277 0.649832
v -10.472959 -0.319676 0.790962
v -10.458451 -0.340320 0.340080
v -10.463210 -0.321337 0.488151
v -9.094421 -0.315645 0.483052
v -9.071651 -0.376129 0.353981
v -10.453926 -0.362095 0.235150
v -9.052867 -0.448086 0.238920
v -10.473430 -0.319935 0.797743
v -9.051943 -0.451617 0.233264
v -9.071955 -0.449917 0.233351
v -9.370162 -0.424574 0.234635
v -9.150200 -0.227700 0.800377
v -9.146838 -0.240680 0.803011
v -9.656091 -0.403431 0.235247
v -10.069611 -0.379257 0.232869
v -10.453186 -0.350159 0.225459
v -10.437636 -0.364154 0.228574
v -10.453796 -0.363489 0.228391
v -10.453796 -0.363489 0.228391
v -9.698574 -0.308643 1.381894
v -9.686226 -0.317518 1.231276
v -10.092812 -0.344843 1.238472
v -10.105590 -0.342753 1.382151
v -9.661672 -0.428953 0.941282
v -9.672230 -0.355765 1.088463
v -9.488161 -0.341979 1.092351
v -9.427091 -0.425061 0.939313
v -9.652547 -0.533818 0.813872
v -9.416276 -0.550070 0.812342
v -10.084368 -0.373806 1.088217
v -9.242436 -0.240957 1.231789
v -9.266100 -0.216434 1.380084
v -9.246088 -0.209394 1.379689
v -9.222424 -0.235323 1.231716
v -9.526347 -0.287415 1.382431
v -9.514310 -0.299772 1.236330
v -10.475791 -0.394675 1.386017
v -10.470965 -0.387050 1.241407
v -10.487123 -0.388852 1.241535
v -10.491950 -0.396943 1.386190
v -10.075912 -0.429675 0.942376
v -10.461431 -0.448206 0.935520
v -10.467299 -0.402614 1.092256
v -9.199510 -0.294567 1.090917
v -9.174174 -0.408586 0.936720
v -9.194185 -0.409889 0.936924
v -9.219521 -0.298747 1.090648
v -10.456263 -0.501878 0.814921
v -10.472422 -0.501499 0.814921
v -10.477591 -0.448983 0.935242
v -10.071143 -0.510903 0.814869
v -9.171333 -0.567761 0.805883
v -9.151323 -0.569208 0.805357
v -10.483459 -0.403831 1.092427
v -9.378796 -0.256082 1.382292
v -9.366090 -0.275764 1.232315
v -9.360408 -0.328196 1.088775
v -10.476363 -0.395034 1.392787
v -10.492522 -0.397323 1.392959
v -9.170603 -0.572870 0.801640
v -9.150591 -0.574348 0.801148
v -10.106192 -0.342656 1.388931
v -9.699128 -0.308242 1.388664
v -9.526904 -0.286845 1.389187
v -9.267157 -0.215343 1.386715
v -9.379364 -0.255201 1.389007
v -9.415869 -0.554766 0.807576
v -9.652179 -0.538082 0.808700
v -10.070931 -0.514523 0.809182
v -10.456377 -0.504622 0.808742
v -10.091547 -0.358315 1.240005
v -9.685069 -0.330875 1.233696
v -9.697132 -0.322138 1.382847
v -10.104045 -0.356267 1.382462
v -9.487048 -0.354402 1.097985
v -9.671440 -0.368381 1.093679
v -9.661473 -0.440327 0.949004
v -9.426451 -0.435747 0.947987
v -9.653038 -0.544135 0.823030
v -9.416640 -0.559527 0.822441
v -10.083537 -0.386788 1.092361
v -9.261385 -0.228961 1.382815
v -9.374794 -0.268947 1.384455
v -9.362729 -0.288498 1.235945
v -9.238797 -0.253456 1.235987
v -9.512589 -0.312990 1.239202
v -9.524090 -0.300766 1.383888
v -10.469158 -0.400530 1.241964
v -10.473762 -0.408121 1.385449
v -10.469859 -0.415853 1.095351
v -10.486019 -0.417072 1.095479
v -10.477016 -0.461730 0.940147
v -10.460859 -0.460930 0.940490
v -10.075679 -0.441850 0.948672
v -9.358005 -0.340247 1.094836
v -9.193737 -0.419793 0.946540
v -9.217394 -0.310461 1.097483
v -10.456244 -0.514157 0.820995
v -10.071475 -0.522240 0.822643
v -9.171728 -0.576341 0.816765
v -10.104542 -0.356154 1.389295
v -10.474324 -0.408477 1.392219
v -9.416437 -0.564334 0.817547
v -9.171014 -0.581453 0.812522
v -9.697650 -0.321735 1.389637
v -9.524540 -0.300180 1.390603
v -9.241372 -0.221909 1.382538
v -9.242203 -0.220611 1.389391
v -9.262217 -0.227745 1.389648
v -9.652835 -0.548475 0.817749
v -10.071418 -0.525908 0.816883
v -10.472404 -0.513817 0.820919
v -10.472846 -0.516616 0.814515
v -10.456687 -0.516987 0.814612
v -9.375386 -0.268076 1.391149
v -9.241372 -0.221909 1.382538
v -9.218786 -0.247795 1.235998
v -10.485317 -0.402335 1.242051
v -10.489921 -0.410386 1.385580
v -10.477016 -0.461730 0.940147
v -10.486019 -0.417072 1.095479
v -9.197382 -0.306220 1.097857
v -9.173725 -0.418422 0.946423
v -10.472404 -0.513817 0.820919
v -9.151716 -0.577717 0.816305
v -10.490483 -0.410763 1.392347
v -9.151003 -0.582847 0.812106
v -9.171014 -0.581453 0.812522
v -9.416437 -0.564334 0.817547
v -9.247145 -0.208238 1.386297
v -9.242203 -0.220611 1.389391
v -9.652835 -0.548475 0.817749
v -10.071418 -0.525908 0.816883
v -10.472537 -0.504206 0.808732
v -10.456687 -0.516987 0.814612
v -10.472846 -0.516616 0.814515
v -10.472537 -0.504206 0.808732
v -10.472846 -0.516616 0.814515
v -10.351069 -0.392127 -1.528980
v -10.350892 -0.394121 -1.534251
v -8.752810 -0.559929 -1.537730
v -10.367229 -0.390623 -1.528990
v -10.367051 -0.392603 -1.534240
v -10.367051 -0.392603 -1.534240
v -8.723909 -0.441423 -1.697496
v -10.339039 -0.467998 -1.982820
v -10.322881 -0.469175 -1.982789
v -10.364496 -0.307944 -1.562246
v -8.833752 -0.374431 -1.099561
v -10.374129 -0.341934 -1.399984
v -10.357970 -0.343242 -1.399749
v -10.396207 -0.248316 -0.965519
v -8.935878 -0.316759 -0.511862
v -10.402891 -0.275141 -0.813627
v -10.386733 -0.276274 -0.813454
v -10.425325 -0.233026 -0.385320
v -10.444849 -0.255033 0.069815
v -10.450875 -0.257458 0.199999
v -10.451587 -0.257583 0.206758
v -10.468732 -0.314277 0.649832
v -10.472959 -0.319676 0.790962
v -10.473430 -0.319935 0.797743
v -10.485317 -0.402335 1.242051
v -10.489921 -0.410386 1.385580
v -10.490483 -0.410763 1.392347
v -8.703897 -0.442608 -1.697669
v -8.624491 -0.783650 -2.125630
v -8.624491 -0.783650 -2.125630
v -8.813740 -0.375647 -1.099624
v -8.732800 -0.562221 -1.537816
v -8.732800 -0.562221 -1.537816
v -8.915867 -0.317787 -0.512270
v -8.835939 -0.442509 -0.947645
v -8.835939 -0.442509 -0.947645
v -9.022641 -0.283938 0.067265
v -8.996719 -0.316718 -0.084756
v -8.972806 -0.357666 -0.223477
v -8.950320 -0.407294 -0.355889
v -8.949255 -0.409638 -0.362144
v -8.949255 -0.409638 -0.362144
v -9.119932 -0.268774 0.632182
v -9.094421 -0.315645 0.483052
v -9.071651 -0.376129 0.353981
v -9.052867 -0.448086 0.238920
v -9.051943 -0.451617 0.233264
v -9.051943 -0.451617 0.233264
v -9.218786 -0.247795 1.235998
v -9.173725 -0.418422 0.946423
v -9.197382 -0.306220 1.097857
v -9.151716 -0.577717 0.816305
v -9.151003 -0.582847 0.812106
v -9.151003 -0.582847 0.812106
v 8.920082 -1.740077 -4.220850
v 8.814174 -1.460788 -3.935559
v 9.102866 -1.436000 -3.512426
v 9.178547 -1.711716 -3.828906
v 8.407844 -1.342232 -4.153965
v 8.720784 -1.305508 -3.720784
v 8.502398 -1.505184 -4.341043
v 8.618421 -1.854354 -4.661945
v 8.568226 -1.676018 -4.510875
v 9.012049 -2.160733 -4.553129
v 8.708921 -2.289017 -4.994395
v 8.665384 -2.065150 -4.827911
v 9.075277 -2.673263 -4.863523
v 8.771386 -2.800911 -5.326799
v 8.745815 -2.545374 -5.167099
v 9.112511 -3.217573 -5.134314
v 8.794591 -3.368018 -5.646203
v 8.784733 -3.056486 -5.477836
v 9.271913 -1.433868 -3.186726
v 9.357078 -1.438190 -2.889502
v 9.360105 -1.631627 -3.130443
v 9.308766 -1.705464 -3.508142
v 9.024889 -1.272054 -3.253376
v 9.216375 -1.252357 -2.917554
v 9.366456 -2.080672 -3.568923
v 9.337148 -2.163663 -3.907038
v 9.362629 -1.838279 -3.352521
v 9.375935 -2.571909 -3.916183
v 9.357581 -2.685510 -4.209070
v 9.371030 -2.325933 -3.762267
v 9.382222 -3.096383 -4.173178
v 9.373789 -3.240030 -4.436621
v 9.380406 -2.833659 -4.055472
v 9.372831 -3.686337 -4.584187
v 9.391054 -3.393756 -4.278600
v 9.393841 -3.683721 -4.368300
v 8.714688 -1.295372 -3.706766
v 9.019588 -1.260905 -3.235757
v 9.232954 -2.151965 -4.191547
v 9.349919 -1.237281 -2.621701
v 9.211220 -1.239178 -2.900138
v 9.349359 -1.221827 -2.601096
v 9.269020 -2.677710 -4.496663
v 9.297348 -3.231157 -4.734015
v 9.121449 -3.668504 -5.337744
v 9.305386 -3.682183 -4.901545
v 9.305479 -3.693080 -4.905435
v 9.121512 -3.679337 -5.342489
v 8.795218 -3.645085 -5.777874
v 8.795241 -3.655135 -5.782651
v 9.372628 -3.696928 -4.587626
v 8.394287 -1.364985 -4.141273
v 8.387959 -1.354032 -4.128656
v 8.376391 -1.355343 -4.144668
v 8.391146 -1.366251 -4.169291
v 8.601477 -1.871849 -4.645526
v 8.552232 -1.695174 -4.495378
v 8.541015 -1.696233 -4.508272
v 8.590373 -1.872523 -4.657606
v 8.689779 -2.303564 -4.977525
v 8.647560 -2.081350 -4.811096
v 8.636482 -2.082304 -4.823359
v 8.678976 -2.303815 -4.989435
v 8.749977 -2.812201 -5.310154
v 8.725428 -2.558307 -5.150368
v 8.714663 -2.558414 -5.163157
v 8.738777 -2.812201 -5.324027
v 8.771873 -3.376781 -5.629783
v 8.762550 -3.066457 -5.461364
v 8.750973 -3.066196 -5.476410
v 8.759830 -3.376766 -5.646075
v 9.338753 -1.448899 -2.883847
v 9.339034 -1.638195 -3.126009
v 9.342960 -1.639775 -3.108336
v 9.344401 -1.448833 -2.863788
v 9.193984 -1.269352 -2.909006
v 9.188901 -1.256286 -2.891634
v 9.003247 -1.283187 -3.225786
v 9.009136 -1.295670 -3.245612
v 9.340562 -1.842556 -3.349126
v 9.344027 -2.083688 -3.566043
v 9.346655 -2.086440 -3.549205
v 9.343473 -1.844618 -3.332312
v 9.348486 -2.328368 -3.759556
v 9.353292 -2.573871 -3.913743
v 9.355306 -2.574991 -3.897721
v 9.350941 -2.330795 -3.742912
v 9.359880 -2.835226 -4.053340
v 9.363424 -3.097659 -4.171187
v 9.364995 -3.098282 -4.157059
v 9.361725 -2.836246 -4.038624
v 9.380350 -3.686274 -4.366704
v 9.380637 -3.696847 -4.369958
v 9.382395 -3.696617 -4.355116
v 9.382099 -3.686049 -4.351891
v 8.707921 -1.330518 -3.711895
v 8.871535 -1.672384 -4.120034
v 9.209189 -1.634387 -3.542993
v 8.487994 -1.527215 -4.328254
v 8.476733 -1.528146 -4.341556
v 8.991530 -2.174775 -4.537533
v 9.260750 -2.166214 -4.035893
v 9.332804 -1.248239 -2.614986
v 9.344329 -1.241843 -2.585189
v 9.052389 -2.683684 -4.848370
v 9.290029 -2.687041 -4.336714
v 9.088142 -3.225439 -5.119929
v 9.307468 -3.239282 -4.578146
v 9.285523 -3.682324 -4.894754
v 9.102476 -3.670249 -5.323244
v 8.774988 -3.642228 -5.760364
v 8.762761 -3.641184 -5.776687
v 9.354991 -3.689536 -4.581317
v 9.372416 -3.394771 -4.276941
v 9.373977 -3.394650 -4.262792
v 8.376391 -1.355343 -4.144668
v 8.387959 -1.354032 -4.128656
v 8.401441 -1.331203 -4.141294
v 8.389842 -1.332530 -4.157392
v 8.491217 -1.506774 -4.355587
v 8.476733 -1.528146 -4.341556
v 8.391146 -1.366251 -4.169291
v 8.396276 -1.343587 -4.169966
v 8.556950 -1.677082 -4.523847
v 8.607232 -1.855018 -4.674112
v 8.590373 -1.872523 -4.657606
v 8.541015 -1.696233 -4.508272
v 8.654206 -2.066071 -4.840250
v 8.698016 -2.289213 -5.006388
v 8.678976 -2.303815 -4.989435
v 8.636482 -2.082304 -4.823359
v 8.734948 -2.545426 -5.179982
v 8.760083 -2.800851 -5.340775
v 8.738777 -2.812201 -5.324027
v 8.714663 -2.558414 -5.163157
v 8.773047 -3.056161 -5.492992
v 8.782439 -3.367950 -5.662633
v 8.759830 -3.376766 -5.646075
v 8.750973 -3.066196 -5.476410
v 9.363699 -1.633602 -3.112480
v 9.362369 -1.438532 -2.869219
v 9.344401 -1.448833 -2.863788
v 9.342960 -1.639775 -3.108336
v 9.003247 -1.283187 -3.225786
v 9.188901 -1.256286 -2.891634
v 9.368706 -2.083707 -3.551755
v 9.365187 -1.840668 -3.335385
v 9.343473 -1.844618 -3.332312
v 9.346655 -2.086440 -3.549205
v 9.377539 -2.573186 -3.899863
v 9.373090 -2.328582 -3.745300
v 9.350941 -2.330795 -3.742912
v 9.355306 -2.574991 -3.897721
v 9.383114 -3.097105 -4.158817
v 9.381688 -2.834803 -4.040499
v 9.361725 -2.836246 -4.038624
v 9.364995 -3.098282 -4.157059
v 9.380637 -3.696847 -4.369958
v 9.393941 -3.694239 -4.371557
v 9.395413 -3.694053 -4.356615
v 9.382395 -3.696617 -4.355116
v 8.700807 -1.318658 -3.695445
v 9.360290 -1.220454 -2.577425
v 9.345986 -1.228725 -2.566886
v 9.344329 -1.241843 -2.585189
v 9.360438 -1.236096 -2.598352
v 9.332335 -1.232813 -2.594306
v 9.285894 -3.693059 -4.898741
v 9.102747 -3.680875 -5.327987
v 8.762867 -3.650771 -5.781422
v 8.762761 -3.641184 -5.776687
v 8.783009 -3.644206 -5.794347
v 8.783031 -3.654227 -5.799126
v 8.775102 -3.651857 -5.765099
v 9.355190 -3.700164 -4.584809
v 9.391912 -3.393722 -4.264239
v 9.373977 -3.394650 -4.262792
v 9.382099 -3.686049 -4.351891
v 9.395291 -3.683543 -4.353379
v 9.102747 -3.680875 -5.327987
v 9.285894 -3.693059 -4.898741
v 8.775102 -3.651857 -5.765099
v 9.355190 -3.700164 -4.584809
v 9.382395 -3.696617 -4.355116
v 8.700807 -1.318658 -3.695445
v 9.332335 -1.232813 -2.594306
v 8.376391 -1.355343 -4.144668
v 9.345986 -1.228725 -2.566886
v 9.345986 -1.228725 -2.566886
v 8.762867 -3.650771 -5.781422
v 8.762867 -3.650771 -5.781422
v 7.184504 -0.271016 0.202986
v 7.579708 -0.250965 0.204422
v 7.573926 -0.252048 0.066012
v 7.179544 -0.273540 0.060346
v 7.149524 -0.308977 -0.228125
v 6.857077 -0.331039 -0.229624
v 6.974722 -0.299074 -0.089179
v 7.166199 -0.287054 -0.088753
v 7.141510 -0.334764 -0.355395
v 6.848054 -0.360622 -0.357987
v 7.563255 -0.261779 -0.085645
v 6.575101 -0.271463 0.064662
v 6.555090 -0.270480 0.064932
v 6.576683 -0.251844 0.204069
v 6.596694 -0.253864 0.204038
v 6.995493 -0.278693 0.203169
v 6.989232 -0.283360 0.061578
v 7.966489 -0.244104 0.200438
v 7.982647 -0.243819 0.200268
v 7.976536 -0.241386 0.069677
v 7.960378 -0.241815 0.069525
v 7.951406 -0.247141 -0.084606
v 7.944184 -0.260587 -0.234422
v 7.556303 -0.280200 -0.231102
v 6.523977 -0.343904 -0.227859
v 6.503964 -0.344676 -0.227751
v 6.528401 -0.303481 -0.088195
v 6.548414 -0.303251 -0.088237
v 7.960345 -0.259765 -0.234563
v 7.955583 -0.277835 -0.359938
v 7.939422 -0.278861 -0.359831
v 7.551713 -0.303387 -0.357281
v 6.501093 -0.392671 -0.360569
v 6.481081 -0.394518 -0.360718
v 7.967566 -0.246529 -0.084554
v 6.798676 -0.274233 0.203716
v 6.787472 -0.281872 0.061751
v 6.770015 -0.300703 -0.088698
v 7.967205 -0.244222 0.207198
v 7.983363 -0.243944 0.207035
v 6.500016 -0.394979 -0.366855
v 6.480003 -0.396867 -0.366986
v 7.579989 -0.250913 0.211213
v 7.184739 -0.270896 0.209777
v 6.995793 -0.278468 0.209960
v 6.597548 -0.253016 0.210721
v 6.799210 -0.273870 0.210486
v 6.847590 -0.362145 -0.364584
v 7.141093 -0.336111 -0.362036
v 7.551469 -0.304617 -0.363954
v 7.939167 -0.279837 -0.366556
v 7.574533 -0.265674 0.066496
v 7.580231 -0.264599 0.204508
v 7.185170 -0.284642 0.203234
v 7.180312 -0.287148 0.061097
v 6.975344 -0.312577 -0.087178
v 6.857748 -0.344354 -0.226540
v 7.150525 -0.322389 -0.225661
v 7.167070 -0.300583 -0.087037
v 6.849162 -0.373869 -0.354709
v 7.142630 -0.348108 -0.352580
v 7.563976 -0.275348 -0.084264
v 6.595436 -0.267341 0.205793
v 6.574681 -0.284924 0.066912
v 6.786896 -0.295438 0.063197
v 6.797731 -0.287818 0.204584
v 6.995678 -0.292327 0.203661
v 6.989614 -0.296968 0.062564
v 7.960718 -0.255457 0.069687
v 7.966746 -0.257743 0.200182
v 7.951975 -0.260749 -0.083599
v 7.944938 -0.274131 -0.232763
v 7.961095 -0.273315 -0.232912
v 7.968134 -0.260139 -0.083568
v 7.557187 -0.293674 -0.228981
v 6.769994 -0.314123 -0.086105
v 6.548759 -0.316498 -0.084863
v 6.524846 -0.356908 -0.223647
v 7.940278 -0.292343 -0.357720
v 7.552710 -0.316786 -0.354688
v 6.502359 -0.405468 -0.355824
v 7.580482 -0.264547 0.211320
v 7.967457 -0.257861 0.206939
v 6.501296 -0.407775 -0.362112
v 6.848855 -0.375404 -0.361427
v 7.185394 -0.284522 0.210036
v 6.995932 -0.292105 0.210441
v 6.596023 -0.266441 0.212701
v 6.576011 -0.264361 0.212840
v 6.575423 -0.265316 0.205911
v 7.142249 -0.349458 -0.359240
v 7.552487 -0.318015 -0.361372
v 7.956257 -0.292296 -0.364618
v 7.956437 -0.291323 -0.357848
v 7.940097 -0.293327 -0.364490
v 6.798286 -0.287457 0.211341
v 6.554670 -0.283936 0.067265
v 6.575423 -0.265316 0.205911
v 7.982905 -0.257455 0.199999
v 7.976879 -0.255030 0.069815
v 7.968134 -0.260139 -0.083568
v 7.961095 -0.273315 -0.232912
v 6.504834 -0.357666 -0.223477
v 6.528747 -0.316715 -0.084745
v 7.956437 -0.291323 -0.357848
v 6.482349 -0.407294 -0.355889
v 7.983617 -0.257581 0.206758
v 6.481283 -0.409638 -0.362144
v 6.848855 -0.375404 -0.361427
v 6.501296 -0.407775 -0.362112
v 6.577536 -0.250950 0.210752
v 6.576011 -0.264361 0.212840
v 7.142249 -0.349458 -0.359240
v 7.552487 -0.318015 -0.361372
v 7.955327 -0.278806 -0.366664
v 7.956257 -0.292296 -0.364618
v 7.940097 -0.293327 -0.364490
v 7.956257 -0.292296 -0.364618
v 7.933564 -0.225947 -0.511017
v 6.467085 -0.303290 -0.514132
v 6.487476 -0.287127 -0.388919
v 7.940080 -0.220512 -0.392592
v 7.917781 -0.262831 -0.815887
v 6.413906 -0.377696 -0.814195
v 6.441604 -0.334286 -0.661722
v 7.924906 -0.240591 -0.663587
v 7.913789 -0.288184 -0.945333
v 6.387842 -0.425372 -0.945932
v 6.447073 -0.304324 -0.514562
v 6.467464 -0.287930 -0.389027
v 7.941066 -0.239602 -0.663692
v 7.933939 -0.261696 -0.816047
v 7.929948 -0.286868 -0.945396
v 6.421592 -0.335599 -0.661839
v 7.940453 -0.220203 -0.385814
v 7.956612 -0.219392 -0.385953
v 7.956238 -0.219701 -0.392733
v 6.386602 -0.427640 -0.952197
v 6.366590 -0.429665 -0.952304
v 6.367830 -0.427384 -0.946050
v 7.940825 -0.234145 -0.391951
v 7.934386 -0.239558 -0.509979
v 7.950547 -0.238692 -0.510204
v 7.956984 -0.233335 -0.392100
v 6.415168 -0.390702 -0.810017
v 6.442645 -0.347553 -0.658465
v 6.422634 -0.348856 -0.658541
v 6.395156 -0.392378 -0.810190
v 6.389214 -0.438224 -0.941294
v 6.369202 -0.440225 -0.941391
v 7.925815 -0.254141 -0.661894
v 7.941972 -0.253152 -0.662023
v 7.941196 -0.233837 -0.385171
v 6.489138 -0.299814 -0.380512
v 6.488126 -0.300674 -0.387217
v 6.387980 -0.440494 -0.947559
v 7.914768 -0.302864 -0.949251
v 7.914907 -0.301556 -0.942547
v 6.469126 -0.300604 -0.380585
v 6.468114 -0.301478 -0.387292
v 7.930927 -0.301546 -0.949338
v 7.931067 -0.300243 -0.942623
v 7.949724 -0.225079 -0.511232
v 7.956984 -0.233335 -0.392100
v 7.950547 -0.238692 -0.510204
v 6.393894 -0.379380 -0.814399
v 6.395156 -0.392378 -0.810190
v 6.422634 -0.348856 -0.658541
v 6.369202 -0.440225 -0.941391
v 7.941972 -0.253152 -0.662023
v 6.447896 -0.317785 -0.512260
v 6.468114 -0.301478 -0.387292
v 7.934920 -0.275141 -0.813627
v 7.931067 -0.300243 -0.942623
v 7.957354 -0.233026 -0.385320
v 6.488558 -0.286269 -0.382267
v 6.367967 -0.442509 -0.947645
v 7.913582 -0.289492 -0.951993
v 7.914768 -0.302864 -0.949251
v 6.387980 -0.440494 -0.947559
v 6.468544 -0.287062 -0.382375
v 6.469126 -0.300604 -0.380585
v 7.929743 -0.288165 -0.952058
v 7.930927 -0.301546 -0.949338
v 7.930927 -0.301546 -0.949338
v 7.905045 -0.252331 -1.095201
v 6.364840 -0.361140 -1.102805
v 6.386188 -0.337757 -0.977505
v 7.910655 -0.236876 -0.974078
v 6.338074 -0.405766 -1.252353
v 7.897779 -0.287763 -1.260805
v 7.888829 -0.330315 -1.404269
v 6.310995 -0.467935 -1.395616
v 7.881729 -0.381389 -1.539326
v 6.283411 -0.547865 -1.544243
v 6.284490 -0.544736 -1.538426
v 7.881907 -0.379391 -1.534036
v 6.344827 -0.362364 -1.102901
v 6.366176 -0.338863 -0.977547
v 7.913939 -0.286544 -1.261148
v 7.904987 -0.329007 -1.404494
v 7.898065 -0.377881 -1.534036
v 7.897889 -0.379872 -1.539315
v 6.318062 -0.407286 -1.252578
v 7.910966 -0.236018 -0.967343
v 7.927125 -0.234778 -0.967298
v 7.926814 -0.235636 -0.974024
v 7.911767 -0.250411 -0.972289
v 7.906177 -0.265782 -1.092846
v 7.922337 -0.264489 -1.092760
v 7.927925 -0.249171 -0.972247
v 6.312329 -0.480253 -1.389618
v 6.339199 -0.418615 -1.247621
v 6.319188 -0.420125 -1.247812
v 6.292317 -0.482118 -1.389649
v 6.285915 -0.556811 -1.531936
v 6.265903 -0.559082 -1.532012
v 7.898932 -0.300994 -1.257344
v 7.915091 -0.299775 -1.257687
v 7.912077 -0.249553 -0.965553
v 6.388367 -0.349986 -0.968488
v 6.387019 -0.351210 -0.975052
v 6.368356 -0.351085 -0.968509
v 6.367006 -0.352314 -0.975075
v 7.927925 -0.249171 -0.972247
v 7.922337 -0.264489 -1.092760
v 7.921204 -0.251039 -1.095117
v 6.290983 -0.469808 -1.395679
v 6.292317 -0.482118 -1.389649
v 6.319188 -0.420125 -1.247812
v 6.264829 -0.562221 -1.537816
v 6.265903 -0.559082 -1.532012
v 6.264478 -0.547023 -1.538533
v 6.263399 -0.550167 -1.544351
v 7.882922 -0.394118 -1.534251
v 6.284839 -0.559929 -1.537730
v 7.915091 -0.299775 -1.257687
v 6.345767 -0.375647 -1.099624
v 6.367006 -0.352314 -0.975075
v 7.906157 -0.341934 -1.399984
v 7.899258 -0.390621 -1.528990
v 7.899080 -0.392603 -1.534240
v 7.928237 -0.248313 -0.965509
v 6.387573 -0.336535 -0.970973
v 6.367562 -0.337639 -0.971005
v 6.368356 -0.351085 -0.968509
v 7.871419 -0.326626 -1.691103
v 6.255084 -0.428373 -1.701739
v 6.276288 -0.400420 -1.571896
v 7.878910 -0.297444 -1.572110
v 7.854058 -0.457712 -1.990456
v 6.200188 -0.596734 -1.996506
v 6.228269 -0.492615 -1.856469
v 7.862244 -0.381047 -1.846649
v 7.846254 -0.564577 -2.128437
v 6.176044 -0.767063 -2.132314
v 6.235072 -0.429563 -1.701930
v 6.256275 -0.401565 -1.572003
v 7.878403 -0.379943 -1.846532
v 7.870219 -0.456524 -1.990477
v 7.862413 -0.562990 -2.128469
v 6.208256 -0.493983 -1.856566
v 7.879323 -0.295830 -1.565523
v 7.895482 -0.294671 -1.565620
v 7.895067 -0.296293 -1.572196
v 6.175306 -0.772279 -2.136481
v 6.155296 -0.775170 -2.136599
v 6.156031 -0.769940 -2.132455
v 7.879948 -0.310717 -1.568749
v 7.872391 -0.339747 -1.687129
v 7.888549 -0.338670 -1.687064
v 7.896107 -0.309563 -1.568822
v 6.201302 -0.606504 -1.986718
v 6.229226 -0.504465 -1.849467
v 6.209214 -0.505818 -1.849540
v 6.181290 -0.608364 -1.986846
v 6.177262 -0.775580 -2.121390
v 6.157251 -0.778426 -2.121497
v 7.863117 -0.393574 -1.840983
v 7.879276 -0.392473 -1.840876
v 7.880364 -0.309105 -1.562162
v 6.278156 -0.412400 -1.562439
v 6.277096 -0.413813 -1.569005
v 6.176530 -0.780796 -2.125547
v 7.847099 -0.579459 -2.125118
v 7.847265 -0.575284 -2.119708
v 6.258145 -0.413543 -1.562546
v 6.257086 -0.414958 -1.569112
v 7.863258 -0.577879 -2.125180
v 7.863422 -0.573715 -2.119763
v 7.896107 -0.309563 -1.568822
v 7.888549 -0.338670 -1.687064
v 7.887579 -0.325554 -1.691037
v 6.180176 -0.598623 -1.996679
v 6.181290 -0.608364 -1.986846
v 6.209214 -0.505818 -1.849540
v 6.157251 -0.778426 -2.121497
v 7.879276 -0.392473 -1.840876
v 6.235926 -0.442605 -1.697669
v 6.257086 -0.414958 -1.569112
v 7.871069 -0.467998 -1.982820
v 7.863422 -0.573715 -2.119763
v 7.896524 -0.307944 -1.562246
v 6.277358 -0.399007 -1.565343
v 6.156519 -0.783648 -2.125630
v 7.845954 -0.568703 -2.133760
v 7.847099 -0.579459 -2.125118
v 6.176530 -0.780796 -2.125547
v 6.257346 -0.400153 -1.565450
v 6.258145 -0.413543 -1.562546
v 7.862113 -0.567107 -2.133802
v 7.863258 -0.577879 -2.125180
v 7.863258 -0.577879 -2.125180
v 7.223091 -0.287972 0.790865
v 7.633829 -0.288377 0.791852
v 7.623916 -0.287661 0.643718
v 7.219132 -0.291710 0.636166
v 7.196203 -0.351490 0.340177
v 6.911613 -0.363819 0.344203
v 7.016580 -0.319402 0.483479
v 7.207645 -0.314633 0.482752
v 7.187739 -0.388358 0.236832
v 6.901711 -0.409447 0.235375
v 7.615544 -0.303126 0.487015
v 6.673875 -0.258630 0.629098
v 6.653862 -0.255664 0.628852
v 6.681435 -0.228786 0.793727
v 6.701447 -0.233552 0.793479
v 7.044558 -0.286400 0.792343
v 7.033403 -0.292605 0.633875
v 7.989531 -0.305310 0.791467
v 8.005689 -0.306079 0.791444
v 8.001352 -0.300662 0.649714
v 7.985192 -0.300107 0.649458
v 7.979244 -0.307580 0.486704
v 7.974109 -0.327097 0.337765
v 7.607023 -0.332151 0.339361
v 6.623229 -0.364083 0.347169
v 6.603217 -0.364101 0.347373
v 6.627127 -0.302937 0.477996
v 6.647139 -0.304423 0.478349
v 7.990268 -0.326878 0.337702
v 7.985515 -0.348777 0.232098
v 7.969355 -0.349431 0.232226
v 7.601272 -0.364263 0.235129
v 6.603886 -0.434850 0.231724
v 6.583873 -0.436555 0.231478
v 7.995403 -0.307777 0.486694
v 6.877956 -0.275594 0.791381
v 6.865667 -0.287059 0.631549
v 6.862823 -0.320432 0.482173
v 7.990005 -0.305558 0.798245
v 8.006165 -0.306338 0.798234
v 6.602940 -0.438334 0.226026
v 6.582927 -0.440094 0.225812
v 7.634285 -0.288411 0.798642
v 7.223266 -0.287807 0.797656
v 7.045034 -0.286133 0.799124
v 6.702240 -0.232534 0.800152
v 6.878476 -0.275110 0.798151
v 7.187220 -0.390629 0.230471
v 6.901144 -0.412058 0.229152
v 7.600912 -0.366259 0.228660
v 7.969056 -0.350834 0.225597
v 7.623758 -0.301268 0.644393
v 7.633511 -0.301996 0.791799
v 7.223053 -0.301588 0.791208
v 7.219251 -0.305286 0.637409
v 7.016889 -0.332664 0.486746
v 6.911835 -0.376587 0.349128
v 7.196795 -0.364504 0.344342
v 7.207965 -0.327968 0.485666
v 6.902533 -0.421917 0.241020
v 7.188568 -0.401147 0.241661
v 7.615644 -0.316592 0.489210
v 6.698392 -0.246665 0.795707
v 6.671972 -0.271759 0.632342
v 6.864038 -0.300410 0.633843
v 6.875754 -0.288995 0.792602
v 7.044103 -0.300002 0.792997
v 7.033301 -0.306144 0.635471
v 7.984602 -0.313720 0.649596
v 7.988829 -0.318904 0.791007
v 7.979078 -0.321133 0.488193
v 7.974322 -0.340532 0.340187
v 7.990479 -0.340318 0.340080
v 7.995240 -0.321337 0.488151
v 7.607477 -0.345385 0.342756
v 6.861970 -0.333556 0.485891
v 6.646461 -0.317168 0.483298
v 6.623692 -0.376158 0.353670
v 7.969796 -0.362730 0.235320
v 7.601952 -0.377259 0.239359
v 6.604907 -0.446433 0.239048
v 7.633909 -0.302027 0.798611
v 7.989301 -0.319156 0.797784
v 6.603983 -0.449917 0.233351
v 6.902190 -0.424574 0.234635
v 7.223192 -0.301425 0.798020
v 7.044511 -0.299735 0.799746
v 6.678868 -0.240680 0.803024
v 6.678381 -0.241888 0.796050
v 6.698878 -0.245527 0.802647
v 7.188119 -0.403431 0.235247
v 7.601640 -0.379257 0.232869
v 7.985826 -0.363489 0.228391
v 7.985955 -0.362092 0.235150
v 7.969666 -0.364154 0.228574
v 6.876311 -0.288519 0.799349
v 6.651961 -0.268774 0.632182
v 6.678381 -0.241888 0.796050
v 8.004988 -0.319674 0.790962
v 8.000761 -0.314274 0.649832
v 7.995240 -0.321337 0.488151
v 7.990479 -0.340318 0.340080
v 6.603680 -0.376129 0.353991
v 6.626449 -0.315645 0.483052
v 7.985955 -0.362092 0.235150
v 6.584895 -0.448083 0.238920
v 8.005458 -0.319933 0.797753
v 6.583970 -0.451617 0.233264
v 6.902190 -0.424574 0.234635
v 6.603983 -0.449917 0.233351
v 6.682229 -0.227700 0.800387
v 6.678868 -0.240680 0.803024
v 7.188119 -0.403431 0.235247
v 7.601640 -0.379257 0.232869
v 7.985216 -0.350156 0.225459
v 7.985826 -0.363489 0.228391
v 7.969666 -0.364154 0.228574
v 7.985826 -0.363489 0.228391
v 7.230601 -0.308640 1.381894
v 7.637620 -0.342751 1.382161
v 7.624840 -0.344843 1.238472
v 7.218254 -0.317515 1.231276
v 7.193699 -0.428953 0.941282
v 6.959119 -0.425058 0.939313
v 7.020190 -0.341976 1.092351
v 7.204260 -0.355762 1.088463
v 7.184576 -0.533818 0.813872
v 6.948305 -0.550068 0.812342
v 7.616398 -0.373806 1.088217
v 6.774465 -0.240955 1.231799
v 6.754452 -0.235323 1.231716
v 6.778116 -0.209392 1.379689
v 6.798128 -0.216431 1.380084
v 7.058376 -0.287412 1.382441
v 7.046338 -0.299770 1.236330
v 8.007821 -0.394673 1.386030
v 8.023978 -0.396941 1.386190
v 8.019152 -0.388852 1.241535
v 8.002993 -0.387048 1.241418
v 7.999330 -0.402612 1.092256
v 7.993460 -0.448206 0.935530
v 7.607941 -0.429675 0.942376
v 6.731537 -0.294567 1.090917
v 6.751550 -0.298747 1.090648
v 6.726214 -0.409889 0.936924
v 6.706202 -0.408581 0.936720
v 8.009620 -0.448980 0.935242
v 8.004451 -0.501496 0.814921
v 7.988293 -0.501878 0.814921
v 7.603172 -0.510900 0.814869
v 6.703362 -0.567761 0.805883
v 6.683351 -0.569205 0.805357
v 8.015488 -0.403826 1.092427
v 6.910824 -0.256080 1.382292
v 6.898118 -0.275764 1.232315
v 6.892437 -0.328191 1.088775
v 8.008393 -0.395031 1.392787
v 8.024550 -0.397317 1.392959
v 6.702631 -0.572867 0.801640
v 6.682620 -0.574345 0.801148
v 7.638220 -0.342654 1.388931
v 7.231156 -0.308242 1.388664
v 7.058931 -0.286842 1.389187
v 6.799185 -0.215343 1.386715
v 6.911393 -0.255198 1.389007
v 7.184208 -0.538077 0.808700
v 6.947897 -0.554763 0.807576
v 7.602962 -0.514518 0.809192
v 7.988407 -0.504620 0.808742
v 7.623577 -0.358312 1.240016
v 7.636074 -0.356264 1.382462
v 7.229160 -0.322138 1.382847
v 7.217097 -0.330875 1.233696
v 7.019078 -0.354399 1.097985
v 6.958478 -0.435744 0.947997
v 7.193501 -0.440325 0.949004
v 7.203469 -0.368381 1.093690
v 6.948668 -0.559527 0.822441
v 7.185068 -0.544132 0.823030
v 7.615567 -0.386786 1.092361
v 6.793412 -0.228961 1.382826
v 6.770826 -0.253453 1.235987
v 6.894757 -0.288498 1.235945
v 6.906823 -0.268947 1.384455
v 7.056117 -0.300764 1.383888
v 7.044618 -0.312987 1.239202
v 8.001187 -0.400527 1.241964
v 8.005791 -0.408118 1.385449
v 8.001889 -0.415853 1.095351
v 7.992887 -0.460930 0.940490
v 8.009046 -0.461730 0.940147
v 8.018048 -0.417070 1.095479
v 7.607708 -0.441850 0.948672
v 6.890032 -0.340245 1.094846
v 6.749422 -0.310458 1.097483
v 6.725766 -0.419793 0.946551
v 7.988273 -0.514154 0.820995
v 7.603504 -0.522237 0.822643
v 6.703756 -0.576341 0.816765
v 7.636571 -0.356154 1.389295
v 8.006354 -0.408474 1.392219
v 6.703042 -0.581453 0.812522
v 6.948465 -0.564334 0.817547
v 7.229679 -0.321735 1.389637
v 7.056569 -0.300180 1.390603
v 6.794245 -0.227742 1.389661
v 6.774232 -0.220611 1.389391
v 6.773400 -0.221906 1.382538
v 7.184863 -0.548472 0.817749
v 7.603447 -0.525905 0.816883
v 8.004432 -0.513817 0.820929
v 7.988716 -0.516987 0.814612
v 8.004875 -0.516613 0.814515
v 6.907415 -0.268073 1.391149
v 6.750814 -0.247795 1.235998
v 6.773400 -0.221906 1.382538
v 8.021949 -0.410386 1.385591
v 8.017346 -0.402335 1.242051
v 8.018048 -0.417070 1.095479
v 8.009046 -0.461730 0.940147
v 6.705753 -0.418419 0.946423
v 6.729410 -0.306218 1.097857
v 8.004432 -0.513817 0.820929
v 6.683745 -0.577715 0.816305
v 8.022512 -0.410760 1.392347
v 6.683032 -0.582847 0.812117
v 6.948465 -0.564334 0.817547
v 6.703042 -0.581453 0.812522
v 6.779173 -0.208236 1.386307
v 6.774232 -0.220611 1.389391
v 7.184863 -0.548472 0.817749
v 7.603447 -0.525905 0.816883
v 8.004566 -0.504206 0.808732
v 8.004875 -0.516613 0.814515
v 7.988716 -0.516987 0.814612
v 8.004875 -0.516613 0.814515
v 8.004566 -0.504206 0.808732
v 7.883099 -0.392127 -1.528980
v 6.284839 -0.559929 -1.537730
v 7.882922 -0.394118 -1.534251
v 7.899080 -0.392603 -1.534240
v 7.899258 -0.390621 -1.528990
v 7.899080 -0.392603 -1.534240
v 6.255938 -0.441420 -1.697496
v 7.871069 -0.467998 -1.982820
v 7.854910 -0.469175 -1.982789
v 7.896524 -0.307944 -1.562246
v 6.365778 -0.374429 -1.099561
v 7.906157 -0.341934 -1.399984
v 7.889998 -0.343240 -1.399749
v 7.928237 -0.248313 -0.965509
v 6.467907 -0.316759 -0.511862
v 7.934920 -0.275141 -0.813627
v 7.918763 -0.276271 -0.813454
v 7.957354 -0.233026 -0.385320
v 7.976879 -0.255030 0.069815
v 7.982905 -0.257455 0.199999
v 7.983617 -0.257581 0.206758
v 8.000761 -0.314274 0.649832
v 8.004988 -0.319674 0.790962
v 8.005458 -0.319933 0.797753
v 8.017346 -0.402335 1.242051
v 8.021949 -0.410386 1.385591
v 8.022512 -0.410760 1.392347
v 6.235926 -0.442605 -1.697669
v 6.156519 -0.783648 -2.125630
v 6.156519 -0.783648 -2.125630
v 6.345767 -0.375647 -1.099624
v 6.264829 -0.562221 -1.537816
v 6.264829 -0.562221 -1.537816
v 6.447896 -0.317785 -0.512260
v 6.367967 -0.442509 -0.947645
v 6.367967 -0.442509 -0.947645
v 6.554670 -0.283936 0.067265
v 6.528747 -0.316715 -0.084745
v 6.504834 -0.357666 -0.223477
v 6.482349 -0.407294 -0.355889
v 6.481283 -0.409638 -0.362144
v 6.481283 -0.409638 -0.362144
v 6.651961 -0.268774 0.632182
v 6.626449 -0.315645 0.483052
v 6.603680 -0.376129 0.353991
v 6.584895 -0.448083 0.238920
v 6.583970 -0.451617 0.233264
v 6.583970 -0.451617 0.233264
v 6.750814 -0.247795 1.235998
v 6.729410 -0.306218 1.097857
v 6.705753 -0.418419 0.946423
v 6.683745 -0.577715 0.816305
v 6.683032 -0.582847 0.812117
v 6.683032 -0.582847 0.812117
vn -0.1189 0.9501 -0.2884
vn -0.1006 0.9515 -0.2908
vn -0.1260 0.9360 -0.3287
vn -0.1553 0.9304 -0.3320
vn -0.1348 0.9448 -0.2985
vn -0.1475 0.9345 -0.3239
vn -0.1403 0.9409 -0.3084
vn -0.0424 0.9451 -0.3239
vn -0.0911 0.9223 -0.3756
vn -0.0907 0.9155 -0.3918
vn -0.0078 0.9417 -0.3364
vn -0.1341 0.9174 -0.3748
vn -0.1851 0.9035 -0.3865
vn -0.0875 0.9444 -0.3168
vn -0.1020 0.9211 -0.3756
vn -0.0652 0.9287 -0.3651
vn -0.0531 0.9508 -0.3052
vn -0.0308 0.9364 -0.3495
vn -0.0254 0.9542 -0.2982
vn -0.0000 0.9511 -0.3090
vn -0.0000 0.9272 -0.3746
vn -0.1541 0.8983 -0.4115
vn -0.2460 0.8287 -0.5028
vn -0.3045 0.7865 -0.5372
vn -0.1853 0.8678 -0.4611
vn -0.1930 0.8900 -0.4131
vn -0.2019 0.8675 -0.4546
vn -0.2426 0.8372 -0.4901
vn -0.1592 0.8736 -0.4599
vn -0.1106 0.8864 -0.4495
vn -0.0695 0.8913 -0.4481
vn -0.0327 0.9016 -0.4314
vn -0.0000 0.8862 -0.4633
vn -0.3060 0.7691 -0.5611
vn -0.3203 0.7522 -0.5758
vn -0.2303 0.8141 -0.5331
vn -0.2934 0.7709 -0.5654
vn -0.1675 0.8261 -0.5380
vn -0.0791 0.8365 -0.5423
vn -0.1205 0.8339 -0.5387
vn -0.0371 0.8430 -0.5366
vn -0.0000 0.8323 -0.5543
vn -0.2327 0.7635 -0.6024
vn -0.3012 0.7432 -0.5974
vn -0.1612 0.7863 -0.5965
vn -0.0723 0.7946 -0.6028
vn -0.1104 0.7920 -0.6005
vn -0.0393 0.7972 -0.6024
vn -0.0000 0.7890 -0.6144
vn -0.0456 0.9691 -0.2424
vn -0.0485 0.9707 -0.2352
vn -0.0227 0.9724 -0.2322
vn -0.0196 0.9706 -0.2400
vn -0.0709 0.9663 -0.2474
vn -0.0764 0.9667 -0.2441
vn -0.0976 0.9464 -0.3080
vn -0.0464 0.9642 -0.2610
vn -0.2123 0.9379 -0.2743
vn -0.2448 0.9186 -0.3101
vn -0.2210 0.8878 -0.4038
vn -0.1610 0.9201 -0.3571
vn -0.2553 0.8988 -0.3564
vn -0.2825 0.8754 -0.3923
vn -0.3190 0.8156 -0.4828
vn -0.2898 0.8407 -0.4575
vn -0.2942 0.8607 -0.4155
vn -0.3417 0.7813 -0.5223
vn -0.3499 0.7729 -0.5294
vn -0.3378 0.7826 -0.5230
vn -0.3292 0.7762 -0.5377
vn -0.1189 0.9330 -0.3397
vn -0.0525 0.9581 -0.2815
vn -0.4350 0.8500 -0.2971
vn -0.4295 0.8374 -0.3380
vn -0.2486 0.8649 -0.4361
vn -0.1857 0.9038 -0.3855
vn -0.4168 0.8271 -0.3769
vn -0.3226 0.8158 -0.4799
vn -0.4206 0.8103 -0.4081
vn -0.4057 0.7997 -0.4426
vn -0.3756 0.7661 -0.5215
vn -0.3998 0.7709 -0.4959
vn -0.4615 0.7016 -0.5429
vn -0.3847 0.7586 -0.5259
vn -0.3762 0.7330 -0.5667
vn -0.2130 0.9003 -0.3797
vn -0.1442 0.9349 -0.3243
vn -0.2589 0.8736 -0.4122
vn -0.4024 0.7644 -0.5038
vn -0.3439 0.8134 -0.4691
vn -0.4478 0.7211 -0.5287
vn -0.4675 0.7061 -0.5318
vn -0.0814 0.9693 -0.2319
vn -0.0788 0.9722 -0.2206
vn -0.0815 0.9730 -0.2161
vn -0.0887 0.9666 -0.2403
vn -0.0656 0.9763 -0.2062
vn -0.1073 0.9706 -0.2154
vn -0.1135 0.9654 -0.2346
vn 0.1855 0.9679 -0.1696
vn 0.1790 0.9744 -0.1359
vn 0.1708 0.9749 -0.1431
vn 0.1637 0.9692 -0.1838
vn -0.0059 0.9772 -0.2121
vn -0.1605 0.9602 -0.2284
vn 0.0091 0.9734 -0.2290
vn -0.0727 0.9586 -0.2753
vn -0.0555 0.9189 -0.3905
vn -0.0353 0.9721 -0.2320
vn -0.0177 0.9764 -0.2152
vn -0.0274 0.9174 -0.3969
vn -0.1373 0.8869 -0.4410
vn -0.0880 0.9618 -0.2594
vn -0.0776 0.9650 -0.2506
vn -0.1194 0.8969 -0.4258
vn -0.0900 0.9836 -0.1562
vn -0.0908 0.9865 -0.1364
vn -0.0757 0.9874 -0.1392
vn -0.0765 0.9845 -0.1576
vn -0.0779 0.9863 -0.1456
vn -0.1004 0.9873 -0.1231
vn -0.1044 0.9895 -0.0996
vn -0.1609 0.9830 -0.0880
vn 0.0460 0.9973 -0.0580
vn 0.1033 0.9924 -0.0668
vn -0.1445 0.6231 -0.7687
vn -0.1182 0.7927 -0.5981
vn -0.0764 0.8045 -0.5891
vn -0.0987 0.6423 -0.7600
vn -0.1969 0.6155 -0.7632
vn -0.1548 0.7927 -0.5896
vn 0.1602 0.9821 -0.0990
vn 0.1485 0.9858 -0.0785
vn 0.0275 0.9940 -0.1060
vn 0.0676 0.9884 -0.1361
vn -0.2478 0.9499 -0.1905
vn -0.2209 0.9580 -0.1828
vn -0.2241 0.9549 -0.1947
vn -0.2530 0.9484 -0.1910
vn 0.8546 0.5155 -0.0622
vn 0.8757 0.4814 -0.0363
vn 0.8684 0.4944 -0.0389
vn 0.8524 0.5190 -0.0640
vn 0.9092 0.4163 0.0100
vn 0.8298 0.5362 -0.1546
vn 0.8430 0.5074 -0.1786
vn 0.9269 0.3753 0.0021
vn -0.1659 0.4716 -0.8661
vn -0.1989 0.4584 -0.8662
vn -0.1106 0.4827 -0.8688
vn 0.5003 0.8390 -0.2140
vn 0.3722 0.9180 -0.1369
vn 0.0540 0.9727 -0.2255
vn 0.0523 0.9159 -0.3981
vn 0.1619 0.9793 -0.1216
vn 0.0661 0.9827 -0.1732
vn -0.1202 0.9746 -0.1892
vn -0.2956 0.9316 -0.2116
vn -0.3974 0.8816 -0.2546
vn 0.0358 0.9851 -0.1685
vn 0.0460 0.9792 -0.1975
vn 0.8535 0.5072 -0.1197
vn 0.8491 0.5207 -0.0885
vn 0.8508 0.5168 -0.0950
vn 0.8552 0.5036 -0.1229
vn -0.2041 0.8897 -0.4085
vn -0.1193 0.9250 -0.3608
vn -0.4003 0.7627 -0.5080
vn -0.2860 0.8409 -0.4594
vn -0.4536 0.7167 -0.5298
vn -0.5298 0.6505 -0.5443
vn -0.5655 0.6170 -0.5473
vn -0.0346 0.9478 -0.3169
vn 0.0968 0.9799 -0.1742
vn 0.0929 0.9820 -0.1643
vn 0.0635 0.9795 -0.1912
vn 0.0642 0.9794 -0.1913
vn -0.0807 0.9442 -0.3195
vn -0.0557 0.9547 -0.2923
vn -0.1931 0.9031 -0.3835
vn -0.1884 0.9070 -0.3767
vn 0.0475 0.9752 -0.2162
vn -0.0380 0.9951 -0.0918
vn -0.1187 0.9262 -0.3579
vn 0.0433 0.9558 -0.2907
vn 0.0070 0.9594 -0.2818
vn 0.1135 0.9660 -0.2323
vn 0.0553 0.9714 -0.2310
vn -0.0011 0.9718 -0.2358
vn -0.0090 0.9738 -0.2272
vn 0.0059 0.9726 -0.2322
vn -0.0046 0.9728 -0.2314
vn 0.1224 0.9076 -0.4017
vn 0.2368 0.9088 -0.3435
vn 0.1449 0.8764 -0.4592
vn -0.2708 0.7749 -0.5712
vn -0.1291 0.8407 -0.5260
vn -0.5301 0.6333 -0.5639
vn -0.6208 0.5554 -0.5534
vn 0.3108 0.9043 -0.2926
vn 0.2703 0.9626 0.0187
vn 0.2678 0.9633 0.0195
vn 0.2513 0.9653 0.0716
vn 0.2422 0.9672 0.0767
vn 0.5984 0.8006 0.0323
vn 0.4973 0.8674 -0.0182
vn 0.7988 0.6015 0.0084
vn 0.7931 0.6080 0.0352
vn 0.7106 0.6936 -0.1182
vn 0.3613 0.9033 -0.2315
vn 0.7794 0.6132 -0.1281
vn 0.7867 0.6111 -0.0881
vn 0.8340 0.5183 -0.1894
vn 0.8548 0.4983 -0.1449
vn 0.6976 0.6800 -0.2258
vn 0.6096 0.7350 -0.2969
vn 0.6176 0.7028 -0.3531
vn 0.7533 0.6338 -0.1754
vn 0.8448 0.5333 0.0437
vn 0.8349 0.5454 0.0738
vn 0.7952 0.6027 0.0663
vn -0.7061 0.4513 -0.5457
vn -0.6244 0.5261 -0.5773
vn -0.6823 0.4627 -0.5660
vn -0.7345 0.4107 -0.5402
vn -0.0235 0.7998 -0.5998
vn 0.2691 0.8201 -0.5050
vn -0.4021 0.6835 -0.6092
vn -0.6096 0.5355 -0.5844
vn 0.5240 0.8484 0.0754
vn 0.2862 0.9575 -0.0357
vn 0.0062 0.9619 -0.2732
vn -0.0023 0.9755 -0.2199
vn 0.6483 0.7136 -0.2657
vn 0.8528 0.5213 -0.0302
vn -0.2956 0.9439 -0.1474
vn -0.3589 0.9243 -0.1301
vn -0.3354 0.9327 -0.1327
vn -0.2741 0.9500 -0.1493
vn 0.8856 0.4642 0.0145
vn 0.8774 0.4795 0.0182
vn 0.8868 0.4619 -0.0123
vn 0.8924 0.4510 -0.0117
vn -0.0937 0.9785 -0.1838
vn -0.0626 0.9826 -0.1751
vn 0.4864 0.8709 -0.0698
vn 0.4043 0.9044 -0.1362
vn 0.7772 0.6263 -0.0611
vn 0.8031 0.5954 -0.0241
vn 0.1949 0.9717 -0.1335
vn 0.1150 0.9813 -0.1541
vn 0.2395 0.9657 -0.1007
vn 0.2876 0.9550 -0.0724
vn -0.0168 0.9876 -0.1559
vn -0.0074 0.9879 -0.1547
vn -0.0491 0.9717 -0.2312
vn -0.0310 0.9857 -0.1654
vn -0.0246 0.9864 -0.1627
vn -0.0554 0.9839 -0.1698
vn -0.0412 0.9852 -0.1661
vn 0.0063 0.9901 -0.1406
vn -0.0650 0.9819 -0.1777
vn -0.4750 0.8731 -0.1096
vn -0.4683 0.8771 -0.1068
vn -0.5076 0.8551 -0.1053
vn -0.5154 0.8503 -0.1068
vn 0.0055 0.9987 -0.0513
vn -0.0084 0.9988 -0.0492
vn -0.0910 0.9932 -0.0723
vn -0.0817 0.9934 -0.0809
vn 0.2564 0.9503 0.1764
vn 0.1861 0.9632 0.1938
vn -0.0214 0.9835 0.1797
vn 0.0520 0.9845 0.1672
vn 0.7662 0.6233 0.1563
vn 0.7536 0.6381 0.1580
vn 0.7848 0.6036 0.1402
vn 0.7921 0.5945 0.1387
vn 0.5958 0.7843 0.1729
vn 0.6843 0.7128 0.1541
vn -0.1243 0.9546 -0.2707
vn -0.1110 0.9602 -0.2562
vn -0.1097 0.9623 -0.2487
vn -0.1146 0.9570 -0.2665
vn -0.0771 0.9806 -0.1802
vn -0.0742 0.9887 -0.1303
vn -0.0746 0.9872 -0.1410
vn -0.0832 0.9880 -0.1302
vn -0.0860 0.9880 -0.1282
vn -0.0696 0.9968 -0.0401
vn -0.0822 0.9958 -0.0392
vn -0.0752 0.9964 -0.0396
vn -0.0686 0.9968 -0.0406
vn -0.5450 0.8362 -0.0604
vn -0.4882 0.8696 -0.0730
vn -0.4996 0.8622 -0.0832
vn -0.4296 0.9028 -0.0212
vn -0.4757 0.8787 0.0397
vn -0.3360 0.9384 0.0809
vn -0.3468 0.9264 0.1469
vn -0.4676 0.8753 0.1233
vn -0.3878 0.9116 0.1367
vn -0.1581 0.9708 0.1804
vn 0.1680 0.9644 0.2042
vn -0.1590 0.9722 0.1721
vn -0.2542 0.9495 0.1840
vn 0.5586 0.8053 0.1987
vn -0.0721 0.9965 -0.0413
vn -0.0743 0.9964 -0.0407
vn -0.0503 0.9979 -0.0401
vn -0.0496 0.9976 -0.0493
vn -0.3035 0.9497 -0.0773
vn -0.2851 0.9562 -0.0670
vn -0.5015 0.8627 -0.0659
vn -0.4513 0.8792 -0.1529
vn -0.3753 0.9195 -0.1167
vn -0.5685 0.8226 -0.0130
vn -0.5817 0.8110 -0.0617
vn -0.2478 0.9685 -0.0243
vn -0.5571 0.8294 0.0415
vn -0.5338 0.8412 0.0865
vn -0.1853 0.9736 0.1331
vn 0.1266 0.9705 0.2050
vn -0.4675 0.8749 0.1266
vn 0.5721 0.7975 0.1917
vn -0.6341 0.7625 0.1285
vn 0.7237 0.6673 0.1760
vn -0.7267 0.6516 0.2175
vn -0.8553 0.4714 0.2152
vn -0.8438 0.5078 0.1736
vn -0.7665 0.6191 0.1709
vn -0.7515 0.5958 0.2832
vn -0.8433 0.4518 0.2911
vn -0.6107 0.7512 0.2506
vn -0.5634 0.7812 0.2689
vn -0.6918 0.6583 0.2968
vn -0.4903 0.8414 0.2273
vn -0.6494 0.7187 0.2485
vn -0.5787 0.8134 0.0585
vn -0.6009 0.7823 0.1639
vn -0.4256 0.8953 0.1315
vn -0.4039 0.9145 0.0228
vn -0.5738 0.8171 -0.0561
vn -0.4057 0.9079 -0.1055
vn -0.5776 0.7973 -0.1752
vn -0.4200 0.8775 -0.2315
vn -0.5932 0.7521 -0.2871
vn -0.4624 0.8203 -0.3366
vn -0.6122 0.6973 -0.3728
vn -0.4996 0.7620 -0.4120
vn -0.6310 0.5902 -0.5035
vn -0.6167 0.6383 -0.4607
vn -0.5994 0.6486 -0.4690
vn -0.5786 0.6514 -0.4909
vn -0.5430 0.6886 -0.4807
vn -0.5783 0.6268 -0.5223
vn -0.5593 0.6513 -0.5128
vn -0.5391 0.6545 -0.5301
vn -0.5640 0.6249 -0.5398
vn -0.7709 0.3421 -0.5373
vn -0.7402 0.4160 -0.5283
vn -0.4349 0.8927 -0.1182
vn -0.4116 0.9035 -0.1196
vn -0.1196 0.9873 -0.1049
vn 0.3958 0.9077 0.1393
vn 0.1375 0.9810 0.1367
vn 0.2030 0.9740 0.1001
vn 0.4775 0.8724 0.1039
vn 0.8109 0.5739 0.1141
vn 0.7988 0.5891 0.1222
vn 0.8206 0.5634 0.0959
vn 0.8320 0.5474 0.0906
vn 0.7495 0.6512 0.1191
vn 0.7862 0.6112 0.0909
vn -0.9389 0.3034 0.1624
vn -0.9132 0.3858 0.1313
vn -0.7285 0.6720 0.1334
vn -0.6367 0.7549 0.1575
vn -0.8353 0.4379 0.3323
vn -0.8799 0.3413 0.3305
vn -0.5300 0.8195 0.2181
vn -0.7877 0.5149 0.3383
vn -0.4089 0.8797 0.2428
vn -0.7174 0.6319 0.2934
vn -0.3396 0.9114 0.2323
vn -0.6354 0.7637 0.1137
vn -0.2184 0.9667 0.1331
vn -0.2227 0.9709 0.0878
vn -0.6236 0.7817 0.0027
vn -0.1840 0.9824 0.0314
vn -0.2075 0.9778 -0.0283
vn -0.6208 0.7759 -0.1120
vn -0.1866 0.9773 -0.1008
vn -0.2245 0.9593 -0.1715
vn -0.6286 0.7449 -0.2237
vn -0.2114 0.9500 -0.2298
vn -0.2619 0.9211 -0.2881
vn -0.6557 0.6740 -0.3403
vn -0.6389 0.6895 -0.3412
vn -0.6494 0.6793 -0.3417
vn -0.2934 0.8871 -0.3564
vn -0.3458 0.8429 -0.4122
vn -0.6647 0.7151 0.2165
vn -0.2946 0.9317 0.2123
vn -0.2744 0.9433 0.1869
vn -0.9296 0.2821 0.2374
vn -0.9784 0.1314 0.1596
vn -0.9710 0.2210 0.0912
vn -0.9540 0.2879 0.0837
vn -0.4031 0.7969 -0.4500
vn -0.5222 0.7301 -0.4408
vn -0.7673 0.3986 -0.5025
vn -0.7445 0.4584 -0.4853
vn -0.7292 0.4731 -0.4944
vn -0.7596 0.3993 -0.5134
vn -0.7841 0.3342 -0.5230
vn -0.7858 0.3224 -0.5278
vn -0.7337 0.4781 -0.4828
vn -0.7162 0.4952 -0.4918
vn -0.7789 0.3887 -0.4921
vn -0.7494 0.4639 -0.4725
vn -0.7490 0.4538 -0.4827
vn -0.7742 0.3977 -0.4924
vn -0.8095 0.3195 -0.4926
vn -0.7968 0.3354 -0.5026
vn -0.8289 0.2769 -0.4861
vn -0.7692 0.4181 -0.4832
vn -0.8120 0.2782 -0.5130
vn -0.8329 0.2537 -0.4919
vn -0.7916 0.2837 -0.5411
vn -0.7981 0.2768 -0.5351
vn -0.7991 0.2600 -0.5420
vn -0.8277 0.2224 -0.5152
vn -0.8370 0.1968 -0.5106
vn -0.8693 0.1606 -0.4674
vn -0.8556 0.1892 -0.4819
vn -0.8112 0.2293 -0.5379
vn -0.8186 0.2019 -0.5377
vn -0.8151 0.2013 -0.5432
vn -0.8045 0.2251 -0.5496
vn -0.7115 0.4885 -0.5052
vn -0.6971 0.5195 -0.4941
vn -0.6803 0.5363 -0.4996
vn -0.6816 0.5091 -0.5256
vn -0.7381 0.4725 -0.4816
vn -0.7334 0.4784 -0.4830
vn -0.8482 0.1613 -0.5045
vn -0.7726 0.3345 -0.5397
vn -0.7969 0.2734 -0.5388
vn -0.7893 0.2696 -0.5517
vn -0.7232 0.4864 -0.4903
vn -0.7007 0.5094 -0.4995
vn -0.3229 0.7400 -0.5900
vn -0.2799 0.7294 -0.6242
vn -0.2017 0.7594 -0.6186
vn -0.0680 0.7846 -0.6162
vn -0.1109 0.7831 -0.6119
vn -0.0329 0.7798 -0.6251
vn -0.1638 0.7722 -0.6139
vn -0.2562 0.8838 -0.3915
vn -0.2285 0.9084 -0.3500
vn -0.0174 0.9661 -0.2575
vn -0.0291 0.9634 -0.2664
vn 0.0569 0.9656 -0.2537
vn 0.8375 0.5426 0.0643
vn 0.2937 0.9554 -0.0320
vn 0.8532 0.5198 0.0435
vn 0.0174 0.9781 -0.2074
vn -0.0972 0.9925 0.0747
vn -0.0881 0.9959 0.0194
vn -0.0881 0.9951 -0.0438
vn -0.0974 0.9879 -0.1211
vn -0.1107 0.9764 -0.1853
vn -0.1318 0.9608 -0.2440
vn -0.1466 0.9742 0.1718
vn -0.1154 0.9855 0.1245
vn -0.7480 0.5727 0.3355
vn -0.6473 0.7426 0.1722
vn -0.6303 0.7740 0.0613
vn -0.6241 0.7796 -0.0522
vn -0.6273 0.7609 -0.1658
vn -0.6506 0.6837 -0.3305
vn -0.6430 0.7135 -0.2783
vn -0.6883 0.6750 0.2657
vn -0.9899 0.1079 0.0919
vn -0.2709 0.9443 -0.1869
vn 0.0237 0.9888 -0.1471
vn -0.0942 0.9825 -0.1604
vn 0.0857 0.9856 -0.1455
vn 0.0008 0.9736 -0.2284
vn -0.0895 0.9753 -0.2018
vn -0.0771 0.9777 -0.1953
vn -0.1628 0.9389 -0.3033
vn -0.2000 0.9087 -0.3665
vn -0.1330 0.9546 -0.2666
vn -0.1223 0.9581 -0.2591
vn -0.1367 0.9588 -0.2491
vn -0.1397 0.9564 -0.2564
vn -0.1133 0.9618 -0.2490
vn 0.0187 0.9677 -0.2515
vn 0.0091 0.9605 -0.2781
vn 0.0504 0.9620 -0.2685
vn 0.0192 0.9647 -0.2627
vn -0.1394 0.9445 -0.2974
vn -0.1327 0.9492 -0.2854
vn -0.5242 0.7914 -0.3146
vn -0.5255 0.7728 -0.3559
vn -0.2847 0.8550 -0.4336
vn -0.3327 0.8067 -0.4885
vn -0.4364 0.7126 -0.5493
vn -0.3502 0.7380 -0.5767
vn -0.4072 0.9051 -0.1222
vn -0.3317 0.9337 -0.1348
vn -0.0769 0.9898 -0.1202
vn -0.0951 0.9841 -0.1501
vn -0.2720 0.9502 -0.1523
vn -0.1410 0.9728 -0.1836
vn -0.5177 0.8114 -0.2713
vn -0.2696 0.9595 -0.0813
vn -0.5213 0.8463 -0.1094
vn -0.5278 0.8433 -0.1015
vn -0.3360 0.9399 -0.0611
vn -0.5177 0.8530 -0.0669
vn -0.3285 0.9428 -0.0565
vn -0.2981 0.9530 -0.0544
vn -0.2164 0.9729 -0.0818
vn -0.4794 0.8700 -0.1154
vn -0.1533 0.9190 -0.3631
vn -0.0701 0.9968 -0.0386
vn -0.0695 0.9968 -0.0392
vn -0.0762 0.9963 -0.0406
vn -0.1106 0.9929 -0.0429
vn -0.1196 0.9913 -0.0543
vn -0.1362 0.9885 -0.0664
vn -0.1302 0.9894 -0.0637
vn -0.0995 0.9938 -0.0495
vn -0.0968 0.9945 -0.0403
vn -0.0869 0.9955 -0.0381
vn -0.1390 0.9863 -0.0890
vn -0.1341 0.9858 -0.1014
vn -0.1322 0.9865 -0.0963
vn -0.1367 0.9872 -0.0823
vn -0.1358 0.9881 -0.0725
vn -0.1373 0.9878 -0.0730
vn -0.1230 0.9868 -0.1051
vn -0.1199 0.9868 -0.1084
vn -0.0999 0.9867 -0.1281
vn -0.0987 0.9871 -0.1261
vn -0.0688 0.9868 -0.1469
vn -0.0832 0.9100 -0.4062
vn -0.0425 0.7875 -0.6149
vn -0.0000 0.8393 -0.5437
vn -0.0000 0.6507 -0.7593
vn -0.0552 0.6313 -0.7735
vn -0.0558 0.4886 -0.8707
vn -0.0000 0.4667 -0.8844
vn -0.1886 0.7606 -0.6212
vn -0.1194 0.6435 -0.7561
vn -0.0152 0.5558 -0.8312
vn -0.0000 0.9881 -0.1538
vn -0.0000 0.9878 -0.1557
vn -0.0094 0.9882 -0.1529
vn -0.0173 0.9875 -0.1566
vn -0.0254 0.9861 -0.1642
vn -0.0326 0.9858 -0.1648
vn -0.0433 0.9853 -0.1651
vn -0.0555 0.9835 -0.1721
vn -0.0655 0.9831 -0.1712
vn 0.7445 0.6661 -0.0455
vn 0.0259 0.8086 -0.5878
vn -0.0000 0.9257 -0.3782
vn -0.1654 0.4049 -0.8993
vn -0.1864 0.3974 -0.8985
vn -0.1028 0.4144 -0.9043
vn -0.0499 0.4206 -0.9059
vn -0.0334 0.4855 -0.8736
vn 0.9344 0.3452 0.0882
vn 0.9306 0.3527 0.0980
vn 0.9049 0.4183 0.0783
vn 0.8972 0.4376 0.0599
vn 0.8782 0.4740 0.0635
vn 0.2351 0.6027 -0.7626
vn 0.2350 0.6027 -0.7626
vn 0.0655 0.6157 -0.7852
vn 0.9578 0.2578 0.1274
vn 0.9427 0.3144 0.1114
vn 0.9578 0.2576 0.1274
vn 0.9693 0.2001 0.1430
vn 0.4316 0.7265 -0.5347
vn 0.7406 0.5820 -0.3358
vn 0.0938 0.9861 -0.1373
vn 0.8416 0.5016 -0.2001
vn 0.9353 0.3532 0.0214
vn 0.7336 0.5828 -0.3495
vn -0.0802 0.9542 -0.2884
vn -0.0404 0.9626 -0.2680
vn -0.1036 0.9664 -0.2354
vn -0.1071 0.9624 -0.2496
vn -0.1231 0.9593 -0.2542
vn -0.1159 0.9584 -0.2610
vn -0.1245 0.9545 -0.2708
vn -0.1710 0.9110 -0.3752
vn -0.1688 0.9194 -0.3552
vn -0.1491 0.9752 -0.1633
vn -0.1864 0.9792 -0.0806
vn -0.2670 0.9143 -0.3046
vn -0.1729 0.9738 -0.1480
vn -0.3411 0.8207 -0.4584
vn -0.0921 0.8931 -0.4404
vn -0.1350 0.9242 -0.3574
vn -0.1709 0.7108 -0.6823
vn -0.0997 0.8572 -0.5052
vn -0.2284 0.6256 -0.7460
vn -0.0047 0.6625 -0.7490
vn -0.0592 0.7824 -0.6200
vn -0.0342 0.7336 -0.6787
vn 0.0062 0.5975 -0.8018
vn -0.0732 0.4479 -0.8911
vn -0.0413 0.2742 -0.9608
vn 0.0235 0.4119 -0.9109
vn -0.0212 0.6081 -0.7935
vn -0.1283 0.3711 -0.9197
vn -0.0674 0.2288 -0.9711
vn -0.1969 0.9564 0.2157
vn -0.2678 0.9356 0.2300
vn -0.9847 -0.0000 -0.1744
vn -0.9844 -0.0000 -0.1759
vn -0.9853 0.0140 -0.1705
vn -0.9857 -0.0000 -0.1682
vn -0.9851 -0.0729 -0.1559
vn -0.9818 -0.0482 -0.1837
vn -0.9942 -0.1032 -0.0307
vn -0.3571 -0.0005 0.9341
vn -0.1771 -0.0000 0.9842
vn -0.5193 -0.0000 0.8546
vn -0.0024 -0.0000 1.0000
vn -0.0012 -0.0000 1.0000
vn -0.0026 -0.0000 1.0000
vn -0.0018 -0.0000 1.0000
vn 0.0017 -0.0000 1.0000
vn 0.0013 -0.0000 1.0000
vn 0.1262 -0.0000 0.9920
vn 0.2464 -0.0006 0.9692
vn 0.0045 -0.0000 1.0000
vn 0.0046 -0.0000 1.0000
vn 0.9986 0.0180 0.0495
vn 0.9987 -0.0015 0.0500
vn 0.9978 0.0491 0.0451
vn 0.9980 -0.0514 0.0372
vn 0.9977 -0.0564 0.0389
vn 0.9989 -0.0116 0.0447
vn 0.9991 -0.0000 0.0434
vn -0.9838 -0.0000 -0.1795
vn -0.9832 -0.0109 -0.1823
vn 0.9987 -0.0000 0.0518
vn 0.9981 -0.0179 0.0586
vn 0.9983 -0.0000 0.0579
vn 0.9986 0.0166 0.0493
vn 0.9537 0.2910 0.0759
vn 0.9797 0.1981 0.0323
vn 0.9767 0.2090 0.0494
vn 0.9986 0.0450 0.0293
vn 0.9998 0.0182 0.0031
vn 0.9996 -0.0143 0.0230
vn 0.9990 -0.0304 0.0323
vn 0.9986 -0.0257 0.0461
vn 0.9983 -0.0457 0.0357
vn -0.9830 0.0030 -0.1835
vn -0.9815 0.0185 -0.1905
vn -0.9835 0.0101 -0.1806
vn -0.9842 0.0026 -0.1773
vn -0.9763 0.1316 -0.1715
vn -0.9813 0.0901 -0.1700
vn -0.9786 0.0962 -0.1822
vn -0.2279 -0.6567 0.7189
vn -0.1070 -0.6675 0.7369
vn -0.1688 -0.6547 0.7368
vn -0.0771 -0.7010 0.7090
vn -0.0807 -0.7207 0.6886
vn -0.0969 -0.7107 0.6968
vn -0.0596 -0.6817 0.7292
vn -0.0501 -0.7346 0.6767
vn -0.0599 -0.7310 0.6797
vn -0.0283 -0.7442 0.6674
vn 0.0711 -0.7564 0.6502
vn 0.0312 -0.7519 0.6585
vn 0.8156 -0.2094 0.5394
vn 0.9661 -0.1250 0.2259
vn 0.6199 -0.5985 0.5074
vn -0.9852 0.0364 -0.1674
vn -0.9833 0.0642 -0.1705
vn 0.9967 0.0799 0.0128
vn 0.9955 0.0930 0.0182
vn 0.9988 0.0483 0.0091
vn 0.9980 0.0601 0.0193
vn 0.9979 0.0645 0.0105
vn 0.9975 0.0699 0.0037
vn -0.1030 0.9707 -0.2170
vn -0.1010 0.9718 -0.2131
vn -0.0837 0.9664 -0.2431
vn -0.0662 0.9704 -0.2323
vn -0.0256 0.9742 -0.2243
vn -0.0000 0.9750 -0.2221
vn -0.0000 0.9724 -0.2335
vn -0.0507 0.9723 -0.2281
vn -0.0304 0.9587 -0.2827
vn -0.0000 0.9599 -0.2805
vn -0.0610 0.9563 -0.2860
vn -0.0821 0.9538 -0.2892
vn -0.1068 0.9601 -0.2586
vn -0.1061 0.9543 -0.2795
vn -0.1112 0.9555 -0.2733
vn -0.0814 0.9647 -0.2504
vn -0.0816 0.9647 -0.2503
vn -0.0826 0.9648 -0.2496
vn -0.1088 0.9569 -0.2693
vn -0.0814 0.9647 -0.2505
vn -0.0835 0.9649 -0.2490
vn -0.0841 0.9649 -0.2488
vn -0.0941 0.9537 -0.2855
vn -0.1012 0.9538 -0.2829
vn -0.0878 -0.1973 -0.9764
vn -0.0387 -0.1984 -0.9794
vn -0.0551 -0.1993 -0.9784
vn -0.1044 -0.1967 -0.9749
vn -0.1257 -0.1962 -0.9725
vn -0.1435 -0.2082 -0.9675
vn -0.1413 -0.2033 -0.9689
vn -0.1504 -0.2144 -0.9651
vn -0.1501 -0.2135 -0.9653
vn -0.1500 -0.2129 -0.9655
vn -0.1505 -0.2138 -0.9652
vn -0.1491 -0.2121 -0.9658
vn 0.0388 0.1880 0.9814
vn 0.0554 0.1889 0.9804
vn -0.0000 0.1880 0.9822
vn -0.0000 0.1854 0.9827
vn 0.0882 0.1870 0.9784
vn 0.1049 0.1866 0.9768
vn 0.1256 0.1861 0.9745
vn 0.1461 0.2028 0.9683
vn 0.1418 0.1946 0.9706
vn 0.1487 0.2087 0.9666
vn 0.1486 0.2242 0.9631
vn 0.1559 0.2103 0.9651
vn 0.1525 0.2020 0.9674
vn 0.1552 0.2092 0.9655
vn 0.1522 0.2055 0.9667
vn -0.0360 0.9801 -0.1954
vn -0.0192 0.9798 -0.1989
vn -0.0191 0.9802 -0.1971
vn -0.0432 0.9802 -0.1932
vn -0.0584 0.9799 -0.1909
vn -0.0678 0.9782 -0.1964
vn -0.1478 0.9682 -0.2018
vn -0.2207 0.9528 -0.2086
vn -0.9974 0.0165 -0.0701
vn -0.9921 0.0134 -0.1250
vn -0.9901 0.1241 -0.0661
vn -0.9913 0.1256 -0.0383
vn -0.8983 0.4269 -0.1038
vn -0.9404 0.3299 -0.0829
vn -0.6898 0.7053 -0.1632
vn -0.7747 0.6156 -0.1443
vn -0.3970 0.8958 -0.2001
vn -0.5008 0.8441 -0.1917
vn -0.0740 0.9779 -0.1957
vn -0.0765 0.9768 -0.2001
vn -0.0818 0.9760 -0.2018
vn -0.0745 0.9768 -0.2010
vn -0.1105 0.9866 -0.1203
vn -0.1122 0.9865 -0.1196
vn 0.9558 0.2771 0.0981
vn 0.9638 0.2304 0.1339
vn 0.9683 0.1915 0.1602
vn -0.0726 0.9749 -0.2106
vn -0.0771 0.9755 -0.2059
vn -0.0741 0.9743 -0.2126
vn -0.0793 0.9731 -0.2163
vn 0.0288 -0.9605 0.2767
vn 0.0571 -0.9584 0.2796
vn 0.0484 -0.9596 0.2771
vn 0.0210 -0.9612 0.2751
vn 0.0955 -0.9540 0.2841
vn 0.0803 -0.9563 0.2810
vn 0.1176 -0.9526 0.2807
vn 0.9708 0.1126 0.2119
vn 0.9705 0.1479 0.1907
vn 0.9474 0.3014 0.1075
vn 0.9434 0.3145 0.1049
vn 0.9480 0.3010 0.1034
vn 0.9475 0.3015 0.1065
vn 0.1053 -0.9526 0.2854
vn 0.0150 0.8339 0.5517
vn 0.0297 0.8341 0.5508
vn 0.0250 0.8344 0.5506
vn 0.0152 0.8342 0.5513
vn 0.0586 0.8363 0.5451
vn 0.0470 0.8340 0.5498
vn 0.1572 0.8467 0.5083
vn 0.1144 0.8424 0.5266
vn 0.2941 0.8395 0.4569
vn 0.2472 0.8448 0.4745
vn 0.4314 0.8229 0.3699
vn 0.3893 0.8260 0.4077
vn 0.5309 0.8062 0.2612
vn 0.5022 0.8122 0.2970
vn 0.6119 0.7754 0.1561
vn 0.5893 0.7844 0.1937
vn 0.6527 0.7573 0.0232
vn 0.6446 0.7612 0.0706
vn 0.6735 0.7387 -0.0274
vn 0.6653 0.7461 -0.0260
vn 0.6910 0.7225 -0.0218
vn 0.6831 0.7299 -0.0266
vn 0.6669 0.6725 -0.3211
vn 0.6820 0.7117 -0.1682
vn 0.3702 0.5609 -0.7405
vn 0.5108 0.6106 -0.6053
vn 0.0173 0.4997 -0.8660
vn 0.0180 0.5405 -0.8412
vn -0.1729 0.5893 -0.7892
vn -0.1689 0.6386 -0.7507
vn 0.8161 0.0420 -0.5764
vn 0.7646 0.0321 -0.6437
vn 0.8162 0.0419 -0.5762
vn 0.8616 0.0516 -0.5049
vn 0.5195 0.8508 -0.0787
vn 0.5310 0.8440 -0.0753
vn 0.5200 0.8505 -0.0786
vn 0.5084 0.8572 -0.0820
vn 0.5066 0.8543 -0.1161
vn 0.4772 0.8695 -0.1275
vn 0.5062 0.8545 -0.1163
vn 0.5349 0.8384 -0.1048
vn 0.6594 -0.6634 0.3538
vn 0.6178 -0.7022 0.3539
vn 0.6593 -0.6634 0.3538
vn 0.6988 -0.6224 0.3525
vn 0.7655 -0.5864 0.2648
vn 0.8645 -0.4342 0.2532
vn 0.7653 -0.5866 0.2649
vn 0.6410 -0.7194 0.2677
vn 0.5222 0.3720 0.7674
vn 0.2552 0.6960 0.6711
vn 0.3937 0.5318 0.7497
vn 0.4753 0.3454 0.8092
vn -0.1897 0.7936 0.5782
vn -0.0524 0.7977 0.6007
vn -0.6270 0.7103 0.3200
vn -0.4805 0.7485 0.4571
vn -0.8043 0.5822 -0.1185
vn -0.7856 0.6176 0.0372
vn -0.8028 0.5281 -0.2769
vn -0.8071 0.5254 -0.2692
vn -0.7917 0.5300 -0.3039
vn -0.7964 0.5284 -0.2942
vn -0.7692 0.4962 -0.4027
vn -0.7775 0.5166 -0.3585
vn -0.7137 0.4590 -0.5290
vn -0.7355 0.4696 -0.4884
vn -0.6290 0.4426 -0.6391
vn -0.6565 0.4524 -0.6036
vn -0.5123 0.4179 -0.7503
vn -0.5563 0.4277 -0.7124
vn -0.3686 0.4242 -0.8271
vn -0.4158 0.4206 -0.8064
vn -0.2316 0.4204 -0.8773
vn -0.2765 0.4250 -0.8619
vn -0.1440 0.4219 -0.8951
vn -0.1649 0.4162 -0.8942
vn -0.0873 0.4433 -0.8921
vn -0.1050 0.4326 -0.8954
vn -0.0479 0.4485 -0.8925
vn -0.0477 0.4487 -0.8924
vn -0.0000 0.4517 -0.8921
vn -0.0000 0.4536 -0.8912
vn 0.0821 -0.9531 0.2913
vn -0.8487 0.0570 -0.5258
vn -0.6056 0.6740 -0.4231
vn -0.5977 0.6886 -0.4107
vn -0.1877 -0.9814 -0.0409
vn -0.2684 -0.9580 -0.1005
vn -0.2826 -0.9551 -0.0892
vn -0.1700 -0.9850 -0.0300
vn -0.1765 -0.9834 -0.0426
vn -0.1658 -0.9855 -0.0360
vn -0.3811 -0.9119 -0.1521
vn -0.4542 -0.8730 -0.1777
vn -0.4458 -0.8784 -0.1725
vn -0.3977 -0.9052 -0.1499
vn -0.6844 0.5343 -0.4962
vn -0.8073 0.2443 -0.5372
vn -0.8102 0.2455 -0.5322
vn -0.8206 0.1882 -0.5396
vn -0.8124 0.1994 -0.5479
vn -0.8125 0.2186 -0.5405
vn -0.8110 0.2093 -0.5462
vn -0.8145 0.2162 -0.5384
vn -0.7953 0.2392 -0.5571
vn -0.8008 0.2441 -0.5469
vn -0.8009 0.2394 -0.5489
vn -0.8022 0.2097 -0.5590
vn -0.7978 0.2197 -0.5615
vn -0.8037 0.2143 -0.5551
vn -0.8104 0.2078 -0.5477
vn -0.8131 0.2042 -0.5452
vn -0.8056 0.2528 -0.5358
vn -0.8108 0.2321 -0.5374
vn -0.8199 0.2331 -0.5230
vn -0.8219 0.2291 -0.5216
vn -0.8061 0.2385 -0.5416
vn -0.8043 0.2417 -0.5429
vn -0.8011 0.2339 -0.5509
vn -0.8018 0.2261 -0.5532
vn -0.7995 0.2414 -0.5501
vn -0.8047 0.2467 -0.5400
vn -0.8119 0.2210 -0.5404
vn -0.7994 0.2346 -0.5532
vn -0.8048 0.2295 -0.5474
vn -0.8041 0.2189 -0.5527
vn -0.8133 0.2025 -0.5454
vn -0.8000 0.2072 -0.5631
vn -0.8074 0.2089 -0.5518
vn -0.8085 0.2353 -0.5395
vn -0.8053 0.2398 -0.5422
vn -0.8122 0.2322 -0.5352
vn -0.8144 0.2323 -0.5317
vn -0.8134 0.2330 -0.5330
vn -0.8125 0.2313 -0.5351
vn -0.8129 0.2273 -0.5362
vn -0.8154 0.2236 -0.5340
vn -0.8159 0.2264 -0.5320
vn -0.8155 0.2227 -0.5342
vn -0.8143 0.2119 -0.5405
vn -0.8141 0.2051 -0.5433
vn -0.8143 0.2056 -0.5427
vn -0.8119 0.2098 -0.5447
vn -0.8072 0.2131 -0.5504
vn -0.8045 0.2113 -0.5551
vn -0.8069 0.2082 -0.5528
vn -0.8094 0.2120 -0.5476
vn -0.8084 0.2224 -0.5450
vn -0.8053 0.2293 -0.5468
vn -0.8045 0.2318 -0.5469
vn -0.8061 0.2341 -0.5435
vn -0.8062 0.2405 -0.5405
vn -0.8044 0.2430 -0.5421
vn -0.0897 -0.7129 -0.6955
vn -0.2418 -0.8380 -0.4892
vn -0.1836 -0.8039 -0.5657
vn -0.0569 -0.6655 -0.7442
vn -0.4382 -0.8717 -0.2195
vn -0.3716 -0.8717 -0.3194
vn -0.5871 -0.8075 0.0574
vn -0.5457 -0.8373 -0.0326
vn -0.6987 -0.6695 0.2522
vn -0.6642 -0.7212 0.1964
vn -0.8086 -0.3619 0.4639
vn -0.7781 -0.4949 0.3869
vn -0.7889 0.0777 0.6096
vn -0.8140 -0.0752 0.5760
vn -0.6144 0.5148 0.5979
vn -0.6860 0.3766 0.6225
vn -0.3779 0.8008 0.4647
vn -0.4493 0.7283 0.5174
vn -0.2980 0.8634 0.4071
vn -0.2891 0.8665 0.4069
vn -0.6505 -0.0179 0.7593
vn -0.4856 0.2013 0.8507
vn -0.5910 0.0913 0.8015
vn -0.7599 -0.0415 0.6487
vn -0.3838 0.5087 0.7707
vn -0.4191 0.4063 0.8119
vn -0.2134 0.7709 0.6001
vn -0.2738 0.6933 0.6666
vn -0.0042 0.9373 0.3486
vn -0.0735 0.8941 0.4418
vn 0.1960 0.9788 0.0593
vn 0.1295 0.9790 0.1572
vn 0.3928 0.8904 -0.2298
vn 0.3244 0.9363 -0.1342
vn 0.5388 0.6853 -0.4900
vn 0.4918 0.7692 -0.4080
vn 0.6090 0.3926 -0.6893
vn 0.5916 0.5013 -0.6315
vn 0.5167 0.0807 -0.8524
vn 0.6072 0.1535 -0.7796
vn 0.3364 0.0706 -0.9391
vn 0.4542 -0.0227 -0.8906
vn 0.2839 0.8667 -0.4101
vn 0.3289 0.7212 -0.6097
vn 0.3052 0.8036 -0.5109
vn 0.2733 0.8731 -0.4038
vn 0.3262 0.3666 -0.8713
vn 0.3369 0.5100 -0.7914
vn 0.2237 -0.0770 -0.9716
vn 0.2693 0.0712 -0.9604
vn 0.0453 -0.4945 -0.8680
vn 0.1135 -0.3685 -0.9227
vn -0.7984 0.2353 -0.5542
vn -0.7913 0.2412 -0.5618
vn -0.8050 0.2336 -0.5453
vn -0.8029 0.2324 -0.5490
vn -0.7878 0.2350 -0.5694
vn -0.7869 0.2493 -0.5644
vn -0.7893 0.2675 -0.5527
vn -0.7851 0.2325 -0.5741
vn -0.8140 0.2559 -0.5215
vn -0.8239 0.2374 -0.5147
vn -0.8299 0.2227 -0.5116
vn -0.5679 -0.8140 0.1218
vn -0.5626 -0.8177 0.1219
vn -0.3720 -0.9199 -0.1244
vn -0.3314 -0.9360 -0.1189
vn 0.0010 -0.0000 1.0000
vn 0.0011 -0.0000 1.0000
vn -0.9927 -0.0000 0.1204
vn -0.9483 -0.2920 0.1242
vn -0.9639 -0.0000 0.2664
vn -0.9359 -0.1659 0.3106
vn -0.9838 -0.0000 -0.1793
vn -0.9851 -0.0000 -0.1718
vn -0.9830 0.0347 -0.1804
vn -0.9776 0.0632 -0.2009
vn -0.9728 0.1242 -0.1954
vn -0.9845 -0.0000 -0.1755
vn -0.9845 0.0055 -0.1751
vn -0.9815 -0.0000 -0.1916
vn -0.1103 0.9813 -0.1578
vn 0.3611 -0.0000 0.9325
vn 0.9962 -0.0542 0.0676
vn 0.9549 -0.0000 0.2969
vn 0.8558 -0.0000 0.5173
vn 0.9983 -0.0000 0.0578
vn 0.9986 -0.0000 0.0524
vn 0.9975 -0.0614 0.0346
vn 0.9994 -0.0002 0.0359
vn 0.1441 -0.7530 0.6420
vn 0.9957 -0.0547 0.0754
vn 0.0186 0.9768 -0.2135
vn 0.0180 0.9786 -0.2049
vn -0.0069 -0.6849 0.7286
vn 0.1639 0.9618 -0.2191
vn -0.1404 0.9891 -0.0447
vn 0.0245 0.9895 -0.1426
vn 0.0863 0.9850 -0.1493
vn -0.0091 0.9844 0.1758
vn 0.0535 0.9848 0.1650
vn 0.1129 0.9833 0.1430
vn 0.1844 0.9778 0.0999
vn 0.0397 0.9804 -0.1928
vn -0.0047 0.9729 -0.2313
vn 0.9989 -0.0016 0.0478
vn -0.3183 0.7993 -0.5096
vn -0.1967 0.5736 -0.7952
vn -0.0990 0.3151 -0.9439
vn -0.0448 0.2236 -0.9736
vn 0.9844 0.1667 0.0563
vn -0.0977 0.9930 -0.0671
vn -0.0734 0.9844 -0.1601
vn -0.0761 0.9812 -0.1776
vn -0.0751 0.9779 -0.1949
vn -0.0745 0.9767 -0.2011
vn -0.1626 0.6583 -0.7349
vn 0.9479 0.3010 0.1041
vn -0.2366 0.7390 -0.6308
vn -0.1406 0.9434 -0.3003
vn -0.1331 0.9480 -0.2893
vn -0.1387 0.9555 -0.2603
vn -0.1010 0.9544 -0.2811
vn -0.0639 0.9498 -0.3061
vn -0.1083 0.9328 -0.3438
vn -0.0219 0.9656 -0.2592
vn -0.0456 0.9584 -0.2817
vn -0.1412 0.9399 -0.3110
vn -0.1498 0.9303 -0.3348
vn 0.0363 0.9610 -0.2740
vn 0.0358 0.9661 -0.2558
vn -0.0022 0.9673 -0.2537
vn -0.1346 0.9580 -0.2531
vn -0.0330 0.9549 -0.2951
vn -0.1702 0.9160 -0.3632
vn -0.1863 0.9064 -0.3792
vn -0.1882 0.9050 -0.3816
vn -0.1425 0.9224 -0.3591
vn -0.1687 0.9144 -0.3679
vn -0.1294 0.9523 -0.2764
vn -0.1197 0.9571 -0.2639
vn -0.1211 0.9594 -0.2546
vn -0.9464 0.2761 0.1678
vn -0.9538 0.2574 0.1546
vn -0.9482 0.2718 0.1644
vn -0.9533 0.2629 0.1488
vn 0.2286 -0.0000 -0.9735
vn 0.0644 -0.0000 -0.9979
vn 0.0671 -0.0000 -0.9977
vn 0.3855 -0.0000 -0.9227
vn 0.8672 0.4643 0.1798
vn 0.9364 0.2794 0.2125
vn 0.9277 0.3185 0.1949
vn 0.8346 0.5326 0.1406
vn 0.8183 0.4949 0.2924
vn 0.8081 0.5062 0.3013
vn 0.8813 0.4044 0.2446
vn 0.8900 0.3817 0.2494
vn -0.9870 0.1290 0.0953
vn -0.9836 0.1527 0.0958
vn -0.9981 0.0335 0.0522
vn -0.9965 0.0752 0.0353
vn 0.9334 0.3004 0.1964
vn 0.9858 -0.0000 0.1676
vn 0.9801 0.1666 0.1077
vn 0.9138 0.3612 0.1857
vn 0.8182 0.4980 0.2872
vn 0.8058 0.5081 0.3041
vn -0.3014 -0.0000 -0.9535
vn -0.1189 -0.0000 -0.9929
vn 0.5282 -0.0000 -0.8491
vn 0.9808 -0.0000 -0.1950
vn -0.0061 0.9946 0.1033
vn 0.0443 0.9985 0.0336
vn -0.3622 0.9319 0.0193
vn -0.3776 0.9235 0.0671
vn -0.7087 0.7031 0.0577
vn -0.7268 0.6869 -0.0060
vn 0.4880 0.8528 0.1862
vn 0.5019 0.8579 0.1101
vn -0.9647 0.2630 0.0118
vn -0.9394 0.3426 -0.0130
vn -0.9905 0.1296 0.0468
vn -0.9969 0.0776 0.0109
vn -0.9849 -0.0198 -0.1718
vn -0.9836 -0.0281 -0.1779
vn -0.9323 -0.0000 -0.3617
vn -0.4679 -0.0000 -0.8838
vn -0.8945 0.4286 0.1277
vn -0.9239 0.3741 0.0805
vn 0.7262 0.6380 0.2563
vn 0.8136 0.5429 0.2080
vn -0.9312 0.3572 0.0727
vn 0.8913 0.4189 0.1736
vn -0.9583 0.2854 0.0133
vn 0.9307 0.3642 0.0328
vn 0.8321 0.5382 0.1337
vn 0.7528 0.6176 0.2279
vn -0.9405 0.3363 -0.0483
vn 0.0436 0.9985 -0.0316
vn -0.2982 0.9519 -0.0702
vn -0.6745 0.7370 -0.0426
vn 0.5768 0.8131 0.0784
vn -0.9708 0.1961 -0.1384
vn -0.6691 0.7430 -0.0144
vn -0.3098 0.9484 -0.0679
vn -0.0147 0.9993 -0.0333
vn 0.4417 0.8916 0.1000
vn -0.6540 0.7564 -0.0125
vn -0.2976 0.9462 -0.1269
vn -0.0271 0.9947 -0.0989
vn 0.3898 0.9164 0.0908
vn -0.7307 0.6807 -0.0512
vn -0.3459 0.9167 -0.1999
vn -0.0597 0.9773 -0.2031
vn 0.4116 0.9114 0.0025
vn -0.6423 0.7414 -0.1944
vn -0.2892 0.9217 -0.2587
vn 0.0192 0.9740 -0.2259
vn 0.2099 0.9590 -0.1906
vn 0.8006 0.5965 0.0576
vn -0.6980 0.6765 -0.2349
vn -0.2950 0.9177 -0.2660
vn 0.0799 0.9658 -0.2465
vn 0.2064 0.9504 -0.2326
vn 0.8304 0.5518 -0.0770
vn -0.9633 0.2566 -0.0783
vn -0.9999 -0.0113 -0.0020
vn -0.8726 0.4556 -0.1763
vn -0.2194 0.9628 -0.1577
vn -0.2430 0.9631 -0.1157
vn 0.0254 0.9791 -0.2019
vn 0.1792 0.9551 -0.2360
vn 0.9374 0.3332 -0.1016
vn 0.8104 0.5610 -0.1688
vn 0.9898 0.1413 -0.0186
vn 0.1066 -0.9625 0.2493
vn 0.1208 -0.9652 0.2321
vn 0.1061 -0.9660 0.2357
vn 0.0752 -0.9743 0.2121
vn 0.1228 -0.9605 0.2497
vn 0.1549 -0.9554 0.2512
vn 0.0231 -0.9796 0.1996
vn -0.0580 -0.9795 0.1927
vn 0.1284 -0.9701 0.2059
vn -0.9786 0.2048 0.0221
vn -0.9992 -0.0117 0.0388
vn -0.8327 0.5527 -0.0347
vn -0.1933 0.9798 -0.0507
vn -0.2667 0.9618 -0.0621
vn 0.0075 0.9948 -0.1017
vn 0.2111 0.9615 -0.1762
vn 0.9022 0.4008 -0.1591
vn 0.7997 0.5683 -0.1938
vn 0.9908 0.0769 -0.1118
vn 0.0907 -0.9729 0.2126
vn 0.0922 -0.9733 0.2103
vn -0.6732 -0.0280 -0.7390
vn -0.6483 0.1414 -0.7481
vn -0.0210 0.5181 -0.8551
vn -0.4135 0.5559 -0.7212
vn -0.1229 0.7734 -0.6219
vn 0.0830 0.7622 -0.6420
vn 0.3878 0.5856 -0.7118
vn 0.6041 0.2143 -0.7676
vn 0.6447 -0.0153 -0.7643
vn 0.0640 -0.8240 -0.5630
vn -0.8490 0.4017 0.3433
vn -0.8779 0.3401 0.3371
vn -0.7677 0.5454 0.3365
vn -0.8086 0.4743 0.3482
vn -0.7041 0.6554 0.2733
vn -0.7353 0.6034 0.3086
vn -0.6353 0.7685 0.0762
vn -0.6424 0.7549 0.1318
vn -0.6272 0.7780 -0.0363
vn -0.6277 0.7781 0.0206
vn -0.6281 0.7635 -0.1503
vn -0.6221 0.7772 -0.0944
vn -0.6392 0.7230 -0.2622
vn -0.6268 0.7512 -0.2069
vn -0.6576 0.7302 0.1855
vn -0.6783 0.6968 0.2333
vn -0.9122 0.2738 0.3047
vn -0.9604 0.1742 0.2177
vn -0.6485 0.6916 -0.3181
vn -0.9897 0.0879 0.1131
vn -0.6550 0.6583 -0.3709
vn -0.6509 0.6515 -0.3897
vn -0.7358 -0.5915 0.3297
vn -0.7698 -0.5662 0.2946
vn -0.6879 -0.6282 0.3636
vn -0.6610 -0.6547 0.3668
vn -0.4985 -0.6140 -0.6120
vn -0.4389 -0.6067 -0.6628
vn -0.5236 -0.6356 -0.5673
vn -0.5676 -0.6261 -0.5346
vn -0.6219 -0.6365 -0.4561
vn -0.5872 -0.6398 -0.4957
vn -0.6376 -0.6496 -0.4140
vn -0.6649 -0.6403 -0.3845
vn -0.6987 -0.6418 -0.3160
vn -0.6771 -0.6492 -0.3466
vn -0.7085 -0.6476 -0.2803
vn -0.7260 -0.6374 -0.2581
vn -0.7712 -0.6300 -0.0919
vn -0.7655 -0.6339 -0.1105
vn -0.7733 -0.6311 -0.0616
vn -0.7768 -0.6280 -0.0473
vn -0.7805 -0.6251 0.0073
vn -0.7782 -0.6278 -0.0134
vn -0.7811 -0.6234 0.0362
vn -0.7822 -0.6215 0.0448
vn -0.7823 -0.6156 0.0953
vn -0.7825 -0.6183 0.0743
vn -0.7816 -0.6111 0.1256
vn -0.7799 -0.6111 0.1350
vn -0.7750 -0.6034 0.1877
vn -0.7789 -0.6048 0.1659
vn -0.7721 -0.5928 0.2292
vn -0.7699 -0.5875 0.2492
vn -0.7470 -0.6305 -0.2108
vn -0.7339 -0.6392 -0.2298
vn -0.7529 -0.6344 -0.1750
vn -0.7619 -0.6301 -0.1496
vn -0.2795 -0.5360 -0.7966
vn -0.2003 -0.5117 -0.8355
vn -0.3247 -0.5734 -0.7522
vn -0.4032 -0.5762 -0.7109
vn -0.1550 -0.4730 -0.8673
vn -0.1300 -0.4706 -0.8727
vn -0.6459 0.6792 -0.3485
vn -0.4373 0.7477 -0.4997
vn 0.0224 0.8193 -0.5730
vn 0.7639 0.5833 -0.2759
vn -0.2121 -0.9753 -0.0619
vn -0.1544 -0.9873 -0.0387
vn -0.4951 0.6354 -0.5926
vn -0.5385 0.8200 0.1937
vn -0.3742 0.8984 0.2300
vn -0.2680 0.8686 -0.4167
vn -0.3158 0.8269 -0.4652
vn -0.3258 0.7957 -0.5106
vn -0.5722 0.6246 -0.5315
vn -0.1644 -0.9859 -0.0320
vn 0.8512 0.4957 -0.1728
vn 0.8549 0.4995 -0.1403
vn -0.5074 -0.8384 -0.1991
vn -0.3027 0.7325 -0.6098
vn -0.3255 0.7334 -0.5968
vn -0.2716 0.7266 -0.6311
vn -0.1037 0.7839 -0.6122
vn -0.1532 0.7745 -0.6138
vn -0.0705 0.7842 -0.6165
vn -0.0330 0.7787 -0.6265
vn -0.2010 0.7648 -0.6121
vn -0.3289 0.7421 -0.5841
vn -0.3305 0.7465 -0.5776
vn -0.3189 0.7740 -0.5470
vn -0.3308 0.7843 -0.5248
vn -0.3754 0.7641 -0.5246
vn -0.4425 0.7283 -0.5233
vn -0.5569 0.6269 -0.5448
vn -0.6237 0.5641 -0.5411
vn -0.6566 0.4992 -0.5654
vn -0.6996 0.4561 -0.5501
vn -0.7484 0.3961 -0.5320
vn -0.7768 0.3258 -0.5389
vn -0.8009 0.2651 -0.5370
vn -0.8132 0.2245 -0.5370
vn -0.8205 0.1943 -0.5375
vn -0.3283 0.7523 -0.5713
vn -0.2235 0.7487 -0.6240
vn -0.8216 0.1859 -0.5389
vn -0.8258 0.2086 -0.5239
vn -0.8706 0.1656 -0.4633
vn -0.8039 0.2013 -0.5596
vn -0.7951 0.2147 -0.5672
vn -0.8206 0.1872 -0.5399
vn -0.8161 0.1930 -0.5448
vn -0.8208 0.1855 -0.5402
vn -0.3854 -0.8664 -0.3177
vn -0.4069 -0.8467 -0.3427
vn -0.5246 -0.6615 -0.5359
vn -0.5080 -0.6638 -0.5489
vn -0.3640 -0.8475 -0.3863
vn -0.4300 -0.6681 -0.6072
vn -0.0871 -0.6253 -0.7755
vn -0.1226 -0.6366 -0.7614
vn -0.1098 -0.6292 -0.7694
vn -0.0781 -0.6215 -0.7795
vn -0.0559 -0.6202 -0.7825
vn -0.0430 -0.6221 -0.7818
vn -0.0214 -0.6269 -0.7788
vn -0.0216 -0.6273 -0.7785
vn -0.1630 -0.6525 -0.7401
vn -0.1493 -0.6419 -0.7521
vn -0.5263 -0.6585 -0.5380
vn -0.4276 -0.8255 -0.3684
vn -0.5374 -0.6497 -0.5377
vn -0.4319 -0.8285 -0.3566
vn -0.4145 -0.8554 -0.3106
vn -0.5734 -0.6126 -0.5440
vn -0.5604 -0.6140 -0.5558
vn -0.4139 -0.8631 -0.2895
vn -0.5812 -0.6318 -0.5129
vn -0.3968 -0.8822 -0.2536
vn -0.5678 -0.6875 -0.4527
vn -0.2788 -0.9259 -0.2549
vn -0.4853 -0.7647 -0.4238
vn 0.0268 -0.9130 -0.4071
vn -0.2536 -0.7975 -0.5475
vn 0.4261 -0.6840 -0.5921
vn 0.7108 -0.3326 -0.6198
vn 0.4924 -0.2691 -0.8277
vn 0.1350 -0.6451 -0.7521
vn 0.8544 0.0174 -0.5194
vn 0.6244 0.4204 -0.6583
vn 0.6476 0.3839 -0.6582
vn 0.6405 0.1164 -0.7591
vn 0.5959 0.4330 -0.6764
vn 0.6140 0.4355 -0.6583
vn 0.5787 0.3925 -0.7149
vn 0.5674 0.3638 -0.7387
vn 0.5755 0.3679 -0.7304
vn 0.5899 0.4065 -0.6977
vn -0.5425 -0.6381 -0.5464
vn -0.1579 -0.8935 -0.4205
vn -0.2507 -0.6616 -0.7067
vn 0.5617 0.3670 -0.7415
vn 0.5632 0.3645 -0.7416
vn 0.5617 0.3671 -0.7415
vn 0.5675 0.3626 -0.7393
vn 0.5626 0.3710 -0.7389
vn 0.5626 0.3708 -0.7389
vn -0.2415 -0.9649 -0.1032
vn -0.2513 -0.9609 -0.1161
vn -0.0835 -0.9914 -0.1007
vn 0.0481 -0.9988 -0.0118
vn 0.0317 -0.9994 -0.0144
vn 0.0356 -0.9993 -0.0144
vn 0.0584 -0.9982 -0.0147
vn 0.0218 -0.9997 -0.0135
vn 0.0245 -0.9996 -0.0110
vn 0.0089 -0.9997 -0.0233
vn 0.0138 -0.9997 -0.0193
vn -0.0000 -0.9998 -0.0202
vn -0.0000 -0.9997 -0.0226
vn 0.0573 -0.9981 -0.0204
vn 0.1032 -0.9901 -0.0954
vn -0.1938 -0.9803 -0.0371
vn -0.2141 -0.9746 -0.0653
vn -0.2237 -0.9716 -0.0776
vn -0.2159 -0.9737 -0.0734
vn -0.0073 -0.9936 -0.1127
vn -0.2179 -0.9738 -0.0657
vn 0.3278 -0.9004 -0.2860
vn 0.6377 -0.6749 -0.3713
vn 0.8458 -0.4451 -0.2942
vn 0.9963 -0.0646 -0.0566
vn 0.9648 -0.2293 -0.1286
vn 0.9939 -0.1020 0.0416
vn 0.9966 -0.0066 0.0822
vn 0.9879 -0.0532 0.1459
vn 0.9707 -0.0599 0.2326
vn 0.9823 -0.0498 0.1806
vn 0.9729 -0.0754 0.2185
vn 0.9554 -0.1002 0.2778
vn 0.9121 -0.1842 0.3663
vn 0.9105 -0.2473 0.3314
vn 0.8650 -0.2564 0.4313
vn 0.8206 -0.1859 0.5404
vn -0.8720 0.1558 -0.4641
vn -0.8683 0.1549 -0.4712
vn -0.8511 0.1935 -0.4881
vn -0.8276 0.2655 -0.4946
vn -0.8058 0.3239 -0.4958
vn -0.7710 0.4056 -0.4909
vn -0.7702 0.4584 -0.4435
vn -0.8460 0.2095 -0.4903
vn -0.8604 0.0109 -0.5094
vn -0.2064 -0.9772 -0.0501
vn -0.1751 -0.9837 -0.0402
vn -0.1985 -0.9786 -0.0552
vn -0.2622 -0.9587 -0.1100
vn -0.3704 -0.9153 -0.1579
vn -0.1608 -0.9852 -0.0588
vn -0.1528 -0.9865 -0.0595
vn -0.1706 -0.9826 -0.0739
vn -0.1845 -0.9790 -0.0873
vn -0.1938 -0.9764 -0.0952
vn -0.1890 -0.9774 -0.0947
vn -0.1954 -0.9769 -0.0870
vn -0.1926 -0.9781 -0.0785
vn -0.1828 -0.9824 -0.0392
vn -0.2004 -0.9791 -0.0362
vn -0.1683 -0.9856 -0.0181
vn -0.1710 -0.9841 -0.0477
vn -0.1956 -0.9784 -0.0672
vn -0.1897 -0.9805 -0.0514
vn -0.1898 -0.9806 -0.0498
vn -0.4918 -0.2945 0.8194
vn -0.4892 -0.3017 0.8183
vn -0.4928 -0.2907 0.8202
vn -0.5016 -0.2821 0.8178
vn -0.1531 -0.9869 -0.0512
vn -0.1608 -0.9852 -0.0589
vn -0.1534 -0.9872 -0.0432
vn -0.1531 -0.9869 -0.0514
vn -0.5090 -0.3001 0.8067
vn -0.5279 -0.3153 0.7886
vn -0.5398 -0.3536 0.7639
vn -0.5628 -0.3653 0.7414
vn -0.5749 -0.4152 0.7050
vn -0.5995 -0.4366 0.6708
vn -0.6126 -0.4925 0.6183
vn -0.6310 -0.5111 0.5835
vn -0.6350 -0.5605 0.5316
vn -0.6551 -0.5698 0.4962
vn -0.6502 -0.6945 0.3082
vn -0.6470 -0.7317 0.2145
vn -0.5555 -0.8303 -0.0443
vn -0.5253 -0.8204 -0.2259
vn -0.5166 -0.8238 -0.2336
vn -0.1087 0.9932 -0.0424
vn -0.0680 0.9969 -0.0385
vn -0.5778 0.8133 -0.0689
vn -0.5065 0.8596 -0.0671
vn -0.5869 0.8086 -0.0407
vn -0.5635 0.8259 0.0196
vn -0.5691 0.8177 0.0871
vn -0.5756 0.8083 0.1234
vn -0.6894 0.7137 0.1236
vn -0.9357 0.3357 0.1087
vn -0.8857 0.4330 0.1676
vn -0.8198 0.5420 0.1846
vn -0.7662 0.6170 0.1792
vn -0.7394 0.6582 0.1416
vn -0.2868 0.9565 -0.0542
vn -0.0678 0.9970 -0.0380
vn -0.1764 -0.0571 0.9827
vn -0.1539 -0.1210 0.9806
vn -0.1297 -0.0566 0.9899
vn -0.2253 -0.0745 0.9714
vn -0.2036 -0.0871 0.9752
vn -0.2462 -0.0706 0.9666
vn -0.1709 -0.0808 0.9820
vn -0.1403 -0.0984 0.9852
vn -0.1062 -0.0967 0.9896
vn -0.0798 -0.1207 0.9895
vn -0.0362 -0.1108 0.9932
vn -0.0042 -0.1157 0.9933
vn 0.0364 -0.1009 0.9942
vn 0.0540 -0.0993 0.9936
vn 0.0761 -0.0873 0.9933
vn 0.1227 -0.0487 0.9913
vn 0.1423 -0.0621 0.9879
vn 0.1125 -0.0394 0.9929
vn 0.1015 -0.0309 0.9944
vn 0.1298 -0.1099 0.9854
vn 0.1169 -0.1028 0.9878
vn 0.1426 -0.0970 0.9850
vn 0.1434 -0.0815 0.9863
vn 0.1036 -0.1012 0.9895
vn 0.0916 -0.0889 0.9918
vn -0.2355 -0.0661 0.9696
vn -0.0662 -0.1551 0.9857
vn -0.1539 -0.1211 0.9806
vn -0.0371 -0.2595 0.9650
vn -0.0663 -0.1552 0.9857
vn -0.0548 -0.2633 0.9631
vn -0.0973 -0.2195 0.9708
vn 0.0838 -0.0874 0.9926
vn -0.9919 0.1044 0.0718
vn -0.9741 0.2112 0.0802
vn -0.9604 0.2656 0.0841
vn -0.9951 0.0637 0.0754
vn -0.1443 -0.6886 -0.7107
vn -0.1383 -0.6817 -0.7184
vn -0.9600 0.2667 0.0853
vn 0.1020 -0.0286 0.9944
vn 0.1019 -0.0269 0.9944
vn 0.9639 -0.2214 -0.1479
vn 0.9342 -0.3421 -0.1015
vn 0.9823 -0.1685 -0.0818
vn 0.9940 -0.0668 -0.0868
vn 0.9639 -0.2215 -0.1479
vn -0.6553 -0.7493 0.0956
vn -0.6353 -0.7586 0.1446
vn -0.6303 -0.7632 0.1423
vn -0.7345 -0.6711 0.1007
vn -0.6986 -0.7089 0.0977
vn -0.6543 -0.7365 0.1713
vn -0.1493 -0.8604 -0.4872
vn -0.1585 -0.8719 -0.4633
vn 0.5547 -0.8320 -0.0092
vn 0.4774 -0.8787 -0.0009
vn 0.5547 -0.8320 -0.0093
vn 0.6275 -0.7784 -0.0175
vn -0.0892 -0.7172 0.6912
vn -0.0896 -0.7126 0.6958
vn -0.0892 -0.7173 0.6910
vn -0.0888 -0.7219 0.6863
vn -0.8230 -0.5584 0.1047
vn -0.7811 -0.6155 0.1052
vn -0.8233 -0.5579 0.1048
vn -0.8225 -0.5589 0.1051
vn 0.9261 -0.3078 -0.2184
vn 0.8200 -0.5351 -0.2032
vn 0.8935 -0.4247 -0.1460
vn 0.8538 -0.4891 -0.1782
vn 0.7785 -0.6022 -0.1772
vn 0.7567 -0.6429 -0.1183
vn 0.7407 -0.6624 -0.1122
vn 0.7452 -0.6632 -0.0695
vn 0.7469 -0.6643 -0.0282
vn 0.9045 -0.4050 -0.1338
vn 0.9115 -0.2539 -0.3236
vn 0.9055 -0.2652 -0.3314
vn 0.9115 -0.2700 -0.3104
vn -0.4902 -0.8493 -0.1960
vn -0.1911 -0.9793 0.0668
vn -0.1944 -0.9786 0.0674
vn -0.1538 -0.9860 0.0643
vn -0.1539 -0.9860 0.0643
vn -0.1335 -0.9891 0.0626
vn -0.1617 -0.9848 0.0643
vn -0.2180 -0.9735 0.0684
vn -0.2183 -0.9734 0.0695
vn -0.0000 0.9711 -0.2386
vn -0.0000 0.9697 -0.2444
vn -0.0000 0.7689 -0.6394
vn -0.0000 -0.1984 -0.9801
vn -0.0000 -0.1954 -0.9807
vn -0.0000 0.9803 -0.1975
vn -0.0000 0.9807 -0.1956
vn -0.0000 -0.9615 0.2747
vn -0.0000 -0.9619 0.2732
vn -0.0000 0.8329 0.5534
vn -0.0000 0.8319 0.5549
vn -0.0000 0.7599 -0.6500
vn -0.0000 -0.6311 -0.7757
vn -0.0000 -0.6348 -0.7727
vn -0.0000 0.4113 -0.9115
vn 0.9512 0.2901 0.1055
vn 0.1189 0.9501 -0.2883
vn 0.1260 0.9360 -0.3287
vn 0.1006 0.9515 -0.2908
vn 0.1553 0.9304 -0.3320
vn 0.1349 0.9448 -0.2985
vn 0.1476 0.9345 -0.3239
vn 0.1403 0.9409 -0.3083
vn 0.0425 0.9451 -0.3239
vn 0.0078 0.9417 -0.3364
vn 0.0906 0.9156 -0.3918
vn 0.0911 0.9223 -0.3756
vn 0.1341 0.9174 -0.3748
vn 0.1851 0.9035 -0.3866
vn 0.0875 0.9444 -0.3168
vn 0.1020 0.9211 -0.3757
vn 0.0652 0.9287 -0.3651
vn 0.0530 0.9508 -0.3052
vn 0.0308 0.9364 -0.3495
vn 0.0254 0.9542 -0.2982
vn 0.1541 0.8983 -0.4115
vn 0.1854 0.8678 -0.4611
vn 0.3046 0.7865 -0.5372
vn 0.2460 0.8287 -0.5028
vn 0.1931 0.8900 -0.4131
vn 0.2426 0.8372 -0.4901
vn 0.2019 0.8675 -0.4546
vn 0.1592 0.8736 -0.4599
vn 0.1104 0.8866 -0.4492
vn 0.0695 0.8913 -0.4481
vn 0.0327 0.9016 -0.4314
vn 0.3202 0.7522 -0.5758
vn 0.3060 0.7691 -0.5611
vn 0.2303 0.8141 -0.5331
vn 0.2934 0.7709 -0.5654
vn 0.1675 0.8261 -0.5380
vn 0.0791 0.8365 -0.5423
vn 0.1205 0.8339 -0.5387
vn 0.0371 0.8430 -0.5366
vn 0.3013 0.7432 -0.5974
vn 0.2328 0.7635 -0.6023
vn 0.1612 0.7863 -0.5965
vn 0.1104 0.7920 -0.6005
vn 0.0725 0.7949 -0.6024
vn 0.0393 0.7972 -0.6024
vn 0.0456 0.9691 -0.2424
vn 0.0196 0.9706 -0.2400
vn 0.0227 0.9724 -0.2322
vn 0.0485 0.9707 -0.2352
vn 0.0709 0.9663 -0.2474
vn 0.0764 0.9667 -0.2441
vn 0.0976 0.9464 -0.3080
vn 0.2448 0.9186 -0.3101
vn 0.2123 0.9379 -0.2743
vn 0.0464 0.9642 -0.2610
vn 0.2210 0.8878 -0.4038
vn 0.2825 0.8754 -0.3923
vn 0.2553 0.8988 -0.3564
vn 0.1611 0.9201 -0.3570
vn 0.3190 0.8156 -0.4828
vn 0.2942 0.8607 -0.4155
vn 0.2898 0.8407 -0.4575
vn 0.3416 0.7813 -0.5223
vn 0.3503 0.7727 -0.5293
vn 0.3378 0.7825 -0.5230
vn 0.3293 0.7761 -0.5378
vn 0.1188 0.9330 -0.3398
vn 0.0525 0.9581 -0.2815
vn 0.4350 0.8500 -0.2971
vn 0.4295 0.8374 -0.3380
vn 0.2486 0.8649 -0.4361
vn 0.1857 0.9038 -0.3856
vn 0.4168 0.8271 -0.3769
vn 0.3226 0.8159 -0.4799
vn 0.4207 0.8102 -0.4081
vn 0.4058 0.7997 -0.4426
vn 0.3753 0.7664 -0.5213
vn 0.3998 0.7709 -0.4959
vn 0.4615 0.7017 -0.5429
vn 0.3847 0.7586 -0.5259
vn 0.3763 0.7329 -0.5668
vn 0.1442 0.9349 -0.3243
vn 0.2129 0.9002 -0.3798
vn 0.2589 0.8736 -0.4122
vn 0.3439 0.8134 -0.4691
vn 0.4024 0.7644 -0.5038
vn 0.4478 0.7211 -0.5287
vn 0.4675 0.7061 -0.5319
vn 0.0814 0.9693 -0.2319
vn 0.0815 0.9730 -0.2161
vn 0.0788 0.9722 -0.2207
vn 0.0887 0.9666 -0.2403
vn 0.1135 0.9654 -0.2346
vn 0.1073 0.9706 -0.2155
vn 0.0656 0.9763 -0.2062
vn -0.1854 0.9679 -0.1696
vn -0.1636 0.9692 -0.1839
vn -0.1709 0.9748 -0.1431
vn -0.1791 0.9744 -0.1359
vn 0.1605 0.9602 -0.2284
vn 0.0059 0.9772 -0.2121
vn -0.0091 0.9734 -0.2290
vn 0.0728 0.9586 -0.2752
vn 0.0555 0.9189 -0.3905
vn 0.0274 0.9174 -0.3969
vn 0.0177 0.9764 -0.2152
vn 0.0350 0.9721 -0.2319
vn 0.1373 0.8869 -0.4410
vn 0.1195 0.8969 -0.4258
vn 0.0775 0.9650 -0.2506
vn 0.0880 0.9618 -0.2594
vn 0.0900 0.9836 -0.1562
vn 0.0764 0.9845 -0.1576
vn 0.0758 0.9874 -0.1393
vn 0.0911 0.9864 -0.1365
vn 0.0779 0.9863 -0.1456
vn 0.1004 0.9873 -0.1230
vn 0.1044 0.9895 -0.0996
vn -0.1033 0.9924 -0.0669
vn -0.0460 0.9973 -0.0580
vn 0.1610 0.9830 -0.0880
vn 0.1446 0.6232 -0.7686
vn 0.0987 0.6423 -0.7600
vn 0.0766 0.8045 -0.5890
vn 0.1182 0.7927 -0.5981
vn 0.1969 0.6155 -0.7632
vn 0.1548 0.7927 -0.5896
vn -0.1601 0.9821 -0.0990
vn -0.0676 0.9884 -0.1361
vn -0.0275 0.9940 -0.1060
vn -0.1485 0.9858 -0.0785
vn 0.2479 0.9499 -0.1905
vn 0.2529 0.9485 -0.1910
vn 0.2240 0.9549 -0.1947
vn 0.2209 0.9580 -0.1828
vn -0.8546 0.5155 -0.0622
vn -0.8524 0.5190 -0.0640
vn -0.8684 0.4943 -0.0389
vn -0.8757 0.4815 -0.0363
vn -0.9092 0.4163 0.0100
vn -0.9269 0.3753 0.0021
vn -0.8430 0.5074 -0.1786
vn -0.8298 0.5362 -0.1546
vn 0.1989 0.4584 -0.8662
vn 0.1659 0.4716 -0.8661
vn 0.1107 0.4827 -0.8688
vn -0.5003 0.8390 -0.2140
vn -0.0523 0.9159 -0.3981
vn -0.0541 0.9727 -0.2255
vn -0.3722 0.9180 -0.1369
vn -0.0663 0.9827 -0.1732
vn -0.1619 0.9793 -0.1216
vn 0.3975 0.8816 -0.2546
vn 0.2956 0.9316 -0.2116
vn 0.1202 0.9746 -0.1892
vn -0.0358 0.9851 -0.1685
vn -0.0460 0.9792 -0.1975
vn -0.8536 0.5071 -0.1197
vn -0.8552 0.5035 -0.1229
vn -0.8508 0.5168 -0.0950
vn -0.8491 0.5207 -0.0884
vn 0.2041 0.8897 -0.4084
vn 0.1193 0.9250 -0.3608
vn 0.2860 0.8410 -0.4594
vn 0.4002 0.7627 -0.5080
vn 0.4536 0.7167 -0.5298
vn 0.5298 0.6505 -0.5443
vn 0.5655 0.6170 -0.5473
vn 0.0347 0.9478 -0.3169
vn -0.0968 0.9799 -0.1743
vn -0.0642 0.9794 -0.1914
vn -0.0635 0.9795 -0.1913
vn -0.0929 0.9820 -0.1644
vn 0.0807 0.9442 -0.3195
vn 0.0557 0.9547 -0.2923
vn 0.1886 0.9070 -0.3766
vn 0.1936 0.9030 -0.3837
vn -0.0475 0.9752 -0.2162
vn 0.0380 0.9951 -0.0918
vn 0.1186 0.9262 -0.3578
vn -0.0070 0.9594 -0.2818
vn -0.0433 0.9558 -0.2907
vn -0.1134 0.9660 -0.2323
vn -0.0553 0.9714 -0.2310
vn 0.0014 0.9717 -0.2360
vn 0.0046 0.9729 -0.2313
vn -0.0059 0.9726 -0.2323
vn 0.0091 0.9738 -0.2272
vn -0.1224 0.9075 -0.4017
vn -0.2368 0.9088 -0.3435
vn -0.1449 0.8764 -0.4592
vn 0.2708 0.7748 -0.5712
vn 0.1292 0.8406 -0.5259
vn 0.5301 0.6332 -0.5639
vn 0.6207 0.5554 -0.5534
vn -0.3108 0.9043 -0.2926
vn -0.2705 0.9625 0.0187
vn -0.2422 0.9672 0.0767
vn -0.2513 0.9653 0.0716
vn -0.2679 0.9633 0.0195
vn -0.5983 0.8006 0.0323
vn -0.7932 0.6080 0.0352
vn -0.7988 0.6015 0.0084
vn -0.4973 0.8674 -0.0182
vn -0.7106 0.6936 -0.1182
vn -0.7867 0.6111 -0.0881
vn -0.7794 0.6132 -0.1281
vn -0.3613 0.9033 -0.2315
vn -0.8340 0.5182 -0.1894
vn -0.6096 0.7350 -0.2969
vn -0.6976 0.6800 -0.2258
vn -0.8549 0.4982 -0.1448
vn -0.6176 0.7028 -0.3531
vn -0.7533 0.6338 -0.1754
vn -0.8448 0.5333 0.0437
vn -0.7952 0.6027 0.0663
vn -0.8349 0.5454 0.0738
vn 0.7061 0.4513 -0.5457
vn 0.7345 0.4107 -0.5402
vn 0.6823 0.4627 -0.5660
vn 0.6244 0.5261 -0.5773
vn -0.2691 0.8201 -0.5050
vn 0.0234 0.7998 -0.5998
vn 0.4021 0.6835 -0.6092
vn 0.6096 0.5355 -0.5844
vn -0.5241 0.8483 0.0754
vn -0.2863 0.9575 -0.0357
vn 0.0022 0.9755 -0.2199
vn -0.0062 0.9619 -0.2732
vn -0.6483 0.7135 -0.2657
vn -0.8528 0.5213 -0.0302
vn 0.2954 0.9440 -0.1473
vn 0.2740 0.9501 -0.1493
vn 0.3353 0.9327 -0.1327
vn 0.3588 0.9243 -0.1300
vn -0.8856 0.4642 0.0145
vn -0.8924 0.4511 -0.0116
vn -0.8869 0.4619 -0.0123
vn -0.8774 0.4795 0.0182
vn 0.0626 0.9826 -0.1751
vn 0.0937 0.9785 -0.1838
vn -0.4865 0.8709 -0.0698
vn -0.8031 0.5954 -0.0241
vn -0.7772 0.6263 -0.0611
vn -0.4043 0.9044 -0.1362
vn -0.1951 0.9717 -0.1334
vn -0.2875 0.9550 -0.0724
vn -0.2394 0.9657 -0.1007
vn -0.1151 0.9813 -0.1540
vn 0.0074 0.9879 -0.1547
vn 0.0167 0.9876 -0.1559
vn 0.0491 0.9717 -0.2312
vn 0.0246 0.9864 -0.1628
vn 0.0310 0.9857 -0.1654
vn 0.0413 0.9852 -0.1661
vn 0.0554 0.9839 -0.1698
vn 0.0650 0.9819 -0.1776
vn -0.0063 0.9901 -0.1406
vn 0.4751 0.8731 -0.1096
vn 0.5153 0.8504 -0.1068
vn 0.5075 0.8552 -0.1053
vn 0.4683 0.8771 -0.1068
vn -0.0055 0.9987 -0.0513
vn 0.0817 0.9934 -0.0809
vn 0.0910 0.9932 -0.0722
vn 0.0086 0.9987 -0.0492
vn -0.2564 0.9503 0.1764
vn -0.0519 0.9846 0.1672
vn 0.0214 0.9835 0.1797
vn -0.1861 0.9632 0.1938
vn -0.7662 0.6233 0.1563
vn -0.7921 0.5944 0.1387
vn -0.7849 0.6036 0.1402
vn -0.7536 0.6381 0.1580
vn -0.5959 0.7842 0.1729
vn -0.6842 0.7128 0.1541
vn 0.1243 0.9546 -0.2706
vn 0.1146 0.9570 -0.2665
vn 0.1097 0.9623 -0.2487
vn 0.1112 0.9602 -0.2561
vn 0.0771 0.9806 -0.1802
vn 0.0742 0.9887 -0.1302
vn 0.0859 0.9880 -0.1281
vn 0.0831 0.9880 -0.1301
vn 0.0747 0.9872 -0.1410
vn 0.0696 0.9968 -0.0401
vn 0.0687 0.9968 -0.0406
vn 0.0752 0.9964 -0.0396
vn 0.0822 0.9958 -0.0392
vn 0.5450 0.8362 -0.0604
vn 0.4296 0.9028 -0.0212
vn 0.4997 0.8622 -0.0832
vn 0.4882 0.8697 -0.0730
vn 0.4757 0.8787 0.0396
vn 0.3360 0.9384 0.0809
vn 0.3468 0.9264 0.1469
vn 0.1580 0.9708 0.1804
vn 0.3877 0.9116 0.1367
vn 0.4676 0.8753 0.1233
vn -0.1680 0.9644 0.2042
vn 0.1591 0.9722 0.1717
vn 0.2542 0.9495 0.1840
vn -0.5585 0.8053 0.1987
vn 0.0720 0.9965 -0.0413
vn 0.0743 0.9964 -0.0407
vn 0.0503 0.9979 -0.0400
vn 0.2851 0.9562 -0.0670
vn 0.3034 0.9497 -0.0773
vn 0.0496 0.9976 -0.0493
vn 0.5014 0.8627 -0.0659
vn 0.3753 0.9195 -0.1167
vn 0.4513 0.8792 -0.1529
vn 0.5685 0.8226 -0.0129
vn 0.5818 0.8110 -0.0617
vn 0.2478 0.9685 -0.0243
vn 0.5571 0.8294 0.0415
vn 0.5337 0.8412 0.0864
vn 0.1853 0.9736 0.1331
vn -0.1266 0.9705 0.2050
vn 0.4676 0.8748 0.1266
vn -0.5721 0.7975 0.1917
vn 0.6341 0.7625 0.1287
vn -0.7237 0.6673 0.1760
vn 0.7267 0.6516 0.2175
vn 0.7665 0.6191 0.1710
vn 0.8438 0.5078 0.1736
vn 0.8552 0.4714 0.2152
vn 0.7515 0.5958 0.2832
vn 0.6107 0.7512 0.2506
vn 0.8433 0.4518 0.2911
vn 0.5634 0.7812 0.2689
vn 0.6918 0.6583 0.2968
vn 0.4903 0.8414 0.2273
vn 0.6495 0.7187 0.2484
vn 0.5787 0.8134 0.0585
vn 0.4039 0.9145 0.0228
vn 0.4256 0.8953 0.1314
vn 0.6009 0.7823 0.1639
vn 0.5738 0.8171 -0.0561
vn 0.4057 0.9079 -0.1055
vn 0.5776 0.7973 -0.1752
vn 0.4200 0.8775 -0.2315
vn 0.5932 0.7521 -0.2871
vn 0.4624 0.8203 -0.3366
vn 0.6122 0.6973 -0.3727
vn 0.4995 0.7621 -0.4120
vn 0.5785 0.6514 -0.4909
vn 0.5429 0.6886 -0.4807
vn 0.5995 0.6486 -0.4690
vn 0.6167 0.6382 -0.4608
vn 0.6311 0.5900 -0.5036
vn 0.5783 0.6267 -0.5223
vn 0.5640 0.6249 -0.5398
vn 0.5391 0.6545 -0.5300
vn 0.5593 0.6513 -0.5129
vn 0.7402 0.4160 -0.5283
vn 0.7709 0.3421 -0.5373
vn 0.4351 0.8926 -0.1182
vn 0.4116 0.9035 -0.1196
vn 0.1196 0.9873 -0.1049
vn -0.3957 0.9077 0.1393
vn -0.4775 0.8725 0.1039
vn -0.2031 0.9740 0.1001
vn -0.1375 0.9810 0.1367
vn -0.8110 0.5739 0.1141
vn -0.8320 0.5474 0.0906
vn -0.8206 0.5634 0.0959
vn -0.7988 0.5890 0.1222
vn -0.7495 0.6512 0.1191
vn -0.7862 0.6112 0.0909
vn 0.7285 0.6720 0.1334
vn 0.6367 0.7549 0.1575
vn 0.8354 0.4379 0.3323
vn 0.8800 0.3413 0.3304
vn 0.5300 0.8195 0.2181
vn 0.7878 0.5148 0.3382
vn 0.4088 0.8797 0.2429
vn 0.7174 0.6319 0.2934
vn 0.3396 0.9114 0.2323
vn 0.6354 0.7637 0.1137
vn 0.2228 0.9709 0.0878
vn 0.2185 0.9667 0.1331
vn 0.6236 0.7817 0.0026
vn 0.2075 0.9778 -0.0283
vn 0.1840 0.9824 0.0314
vn 0.6208 0.7759 -0.1121
vn 0.2245 0.9593 -0.1715
vn 0.1866 0.9773 -0.1008
vn 0.6286 0.7449 -0.2238
vn 0.2619 0.9211 -0.2881
vn 0.2114 0.9500 -0.2298
vn 0.6556 0.6741 -0.3403
vn 0.6494 0.6793 -0.3418
vn 0.6388 0.6896 -0.3413
vn 0.2934 0.8871 -0.3564
vn 0.3459 0.8429 -0.4122
vn 0.6646 0.7151 0.2166
vn 0.2744 0.9433 0.1869
vn 0.2946 0.9317 0.2123
vn 0.9389 0.3034 0.1624
vn 0.9784 0.1314 0.1596
vn 0.9295 0.2821 0.2374
vn 0.9710 0.2210 0.0912
vn 0.9132 0.3858 0.1314
vn 0.9540 0.2879 0.0837
vn 0.5222 0.7301 -0.4407
vn 0.4031 0.7969 -0.4500
vn 0.7673 0.3986 -0.5023
vn 0.7595 0.3991 -0.5137
vn 0.7291 0.4732 -0.4944
vn 0.7445 0.4584 -0.4853
vn 0.7841 0.3342 -0.5230
vn 0.7858 0.3224 -0.5278
vn 0.7161 0.4953 -0.4917
vn 0.7337 0.4781 -0.4828
vn 0.7790 0.3886 -0.4921
vn 0.7742 0.3978 -0.4924
vn 0.7490 0.4539 -0.4827
vn 0.7493 0.4640 -0.4725
vn 0.8094 0.3195 -0.4927
vn 0.7968 0.3354 -0.5026
vn 0.7692 0.4181 -0.4832
vn 0.8289 0.2769 -0.4861
vn 0.8328 0.2538 -0.4920
vn 0.8120 0.2782 -0.5130
vn 0.7916 0.2837 -0.5411
vn 0.7991 0.2600 -0.5420
vn 0.7981 0.2768 -0.5351
vn 0.8277 0.2224 -0.5152
vn 0.8556 0.1892 -0.4819
vn 0.8693 0.1607 -0.4674
vn 0.8370 0.1967 -0.5106
vn 0.8113 0.2293 -0.5378
vn 0.8045 0.2251 -0.5496
vn 0.8152 0.2011 -0.5432
vn 0.8186 0.2019 -0.5376
vn 0.7114 0.4885 -0.5052
vn 0.6816 0.5091 -0.5256
vn 0.6803 0.5363 -0.4996
vn 0.6971 0.5195 -0.4941
vn 0.7334 0.4784 -0.4830
vn 0.7382 0.4725 -0.4815
vn 0.8482 0.1612 -0.5045
vn 0.7726 0.3344 -0.5397
vn 0.7893 0.2696 -0.5517
vn 0.7969 0.2733 -0.5388
vn 0.7008 0.5093 -0.4996
vn 0.7232 0.4864 -0.4903
vn 0.3229 0.7400 -0.5900
vn 0.2799 0.7294 -0.6242
vn 0.2017 0.7594 -0.6186
vn 0.1109 0.7831 -0.6119
vn 0.0680 0.7846 -0.6163
vn 0.0329 0.7798 -0.6251
vn 0.1638 0.7721 -0.6140
vn 0.2285 0.9084 -0.3500
vn 0.2561 0.8838 -0.3915
vn 0.0290 0.9635 -0.2663
vn 0.0174 0.9661 -0.2575
vn -0.0570 0.9656 -0.2537
vn -0.8375 0.5426 0.0643
vn -0.2938 0.9553 -0.0317
vn -0.8532 0.5198 0.0435
vn -0.0175 0.9781 -0.2074
vn 0.0972 0.9925 0.0747
vn 0.0880 0.9959 0.0195
vn 0.0881 0.9951 -0.0438
vn 0.0973 0.9879 -0.1211
vn 0.1107 0.9764 -0.1853
vn 0.1318 0.9608 -0.2440
vn 0.1466 0.9742 0.1718
vn 0.1155 0.9855 0.1245
vn 0.7480 0.5726 0.3355
vn 0.6472 0.7426 0.1722
vn 0.6303 0.7739 0.0613
vn 0.6241 0.7796 -0.0522
vn 0.6274 0.7608 -0.1658
vn 0.6506 0.6837 -0.3305
vn 0.6430 0.7135 -0.2783
vn 0.6883 0.6751 0.2657
vn 0.9899 0.1079 0.0919
vn 0.2709 0.9443 -0.1869
vn 0.0942 0.9825 -0.1604
vn -0.0238 0.9888 -0.1471
vn -0.0857 0.9856 -0.1455
vn -0.0008 0.9736 -0.2284
vn 0.0898 0.9753 -0.2019
vn 0.0771 0.9777 -0.1952
vn 0.1628 0.9389 -0.3033
vn 0.2001 0.9086 -0.3665
vn 0.1330 0.9546 -0.2665
vn 0.1397 0.9564 -0.2565
vn 0.1368 0.9588 -0.2491
vn 0.1223 0.9581 -0.2590
vn 0.1133 0.9618 -0.2491
vn -0.0504 0.9620 -0.2685
vn -0.0091 0.9605 -0.2780
vn -0.0187 0.9677 -0.2515
vn -0.0192 0.9647 -0.2627
vn 0.1393 0.9445 -0.2974
vn 0.1324 0.9492 -0.2855
vn 0.5240 0.7915 -0.3145
vn 0.5255 0.7728 -0.3559
vn 0.2846 0.8550 -0.4335
vn 0.3328 0.8066 -0.4885
vn 0.4364 0.7126 -0.5493
vn 0.3501 0.7381 -0.5767
vn 0.3317 0.9337 -0.1348
vn 0.4073 0.9051 -0.1222
vn 0.0769 0.9898 -0.1202
vn 0.2721 0.9501 -0.1524
vn 0.0952 0.9841 -0.1501
vn 0.1410 0.9728 -0.1836
vn 0.5178 0.8113 -0.2713
vn 0.5278 0.8433 -0.1015
vn 0.5212 0.8464 -0.1094
vn 0.2696 0.9595 -0.0813
vn 0.3360 0.9399 -0.0611
vn 0.5176 0.8530 -0.0669
vn 0.2982 0.9530 -0.0544
vn 0.3285 0.9428 -0.0566
vn 0.2164 0.9729 -0.0818
vn 0.4794 0.8700 -0.1153
vn 0.1534 0.9190 -0.3632
vn 0.0702 0.9968 -0.0386
vn 0.0695 0.9968 -0.0392
vn 0.0761 0.9963 -0.0406
vn 0.1106 0.9929 -0.0429
vn 0.1197 0.9913 -0.0543
vn 0.0995 0.9938 -0.0495
vn 0.1302 0.9894 -0.0637
vn 0.1363 0.9884 -0.0664
vn 0.0968 0.9945 -0.0403
vn 0.0868 0.9955 -0.0381
vn 0.1391 0.9863 -0.0890
vn 0.1368 0.9872 -0.0824
vn 0.1322 0.9865 -0.0963
vn 0.1342 0.9858 -0.1014
vn 0.1359 0.9881 -0.0722
vn 0.1373 0.9878 -0.0730
vn 0.1230 0.9868 -0.1051
vn 0.1199 0.9868 -0.1084
vn 0.0987 0.9871 -0.1261
vn 0.0999 0.9867 -0.1281
vn 0.0688 0.9867 -0.1470
vn 0.0832 0.9100 -0.4062
vn 0.0425 0.7875 -0.6149
vn 0.0552 0.6313 -0.7735
vn 0.0558 0.4886 -0.8707
vn 0.1886 0.7606 -0.6212
vn 0.1194 0.6435 -0.7561
vn 0.0152 0.5558 -0.8312
vn 0.0094 0.9882 -0.1528
vn 0.0173 0.9875 -0.1565
vn 0.0254 0.9861 -0.1642
vn 0.0325 0.9858 -0.1648
vn 0.0433 0.9853 -0.1652
vn 0.0555 0.9835 -0.1720
vn 0.0654 0.9831 -0.1710
vn -0.7445 0.6660 -0.0454
vn -0.0258 0.8086 -0.5878
vn 0.1864 0.3974 -0.8985
vn 0.1654 0.4049 -0.8993
vn 0.1029 0.4144 -0.9043
vn 0.0499 0.4206 -0.9059
vn 0.0334 0.4855 -0.8736
vn -0.9344 0.3452 0.0882
vn -0.8971 0.4377 0.0599
vn -0.9049 0.4183 0.0783
vn -0.9306 0.3526 0.0979
vn -0.8782 0.4740 0.0635
vn -0.0655 0.6157 -0.7852
vn -0.2350 0.6027 -0.7626
vn -0.9578 0.2577 0.1274
vn -0.9693 0.2001 0.1430
vn -0.9427 0.3144 0.1114
vn -0.4316 0.7265 -0.5347
vn -0.7406 0.5820 -0.3358
vn -0.0937 0.9861 -0.1373
vn -0.8416 0.5016 -0.2001
vn -0.9353 0.3531 0.0215
vn -0.7336 0.5828 -0.3495
vn 0.0404 0.9626 -0.2680
vn 0.0802 0.9542 -0.2883
vn 0.1036 0.9664 -0.2352
vn 0.1071 0.9624 -0.2496
vn 0.1230 0.9593 -0.2542
vn 0.1160 0.9583 -0.2610
vn 0.1244 0.9546 -0.2708
vn 0.1710 0.9110 -0.3753
vn 0.1688 0.9194 -0.3552
vn 0.1867 0.9791 -0.0806
vn 0.1492 0.9752 -0.1633
vn 0.2670 0.9143 -0.3046
vn 0.1729 0.9738 -0.1480
vn 0.3411 0.8206 -0.4585
vn 0.1348 0.9242 -0.3574
vn 0.0921 0.8931 -0.4404
vn 0.0997 0.8572 -0.5052
vn 0.1709 0.7108 -0.6823
vn 0.2284 0.6256 -0.7460
vn 0.0046 0.6625 -0.7490
vn -0.0063 0.5975 -0.8019
vn 0.0342 0.7336 -0.6787
vn 0.0592 0.7824 -0.6199
vn 0.0732 0.4480 -0.8910
vn 0.0212 0.6082 -0.7935
vn -0.0235 0.4120 -0.9109
vn 0.0413 0.2742 -0.9608
vn 0.0673 0.2288 -0.9711
vn 0.1283 0.3711 -0.9197
vn 0.1969 0.9564 0.2157
vn 0.2678 0.9356 0.2300
vn 0.9847 -0.0000 -0.1742
vn 0.9857 -0.0000 -0.1682
vn 0.9853 0.0140 -0.1705
vn 0.9845 -0.0000 -0.1755
vn 0.9851 -0.0729 -0.1559
vn 0.9942 -0.1032 -0.0307
vn 0.9818 -0.0482 -0.1836
vn 0.3572 -0.0000 0.9340
vn 0.5193 -0.0000 0.8546
vn 0.1772 -0.0000 0.9842
vn 0.3571 -0.0000 0.9341
vn 0.0024 -0.0000 1.0000
vn 0.0019 -0.0000 1.0000
vn 0.0026 -0.0000 1.0000
vn 0.0012 -0.0000 1.0000
vn -0.0013 -0.0000 1.0000
vn -0.0021 -0.0000 1.0000
vn -0.1262 -0.0000 0.9920
vn -0.0046 -0.0000 1.0000
vn -0.0045 -0.0000 1.0000
vn -0.2463 -0.0000 0.9692
vn -0.9986 0.0179 0.0495
vn -0.9978 0.0491 0.0451
vn -0.9987 -0.0016 0.0500
vn -0.9980 -0.0514 0.0372
vn -0.9991 -0.0000 0.0434
vn -0.9989 -0.0116 0.0447
vn -0.9976 -0.0564 0.0389
vn 0.9838 -0.0000 -0.1795
vn 0.9832 -0.0109 -0.1823
vn -0.9987 -0.0000 0.0518
vn -0.9986 0.0166 0.0492
vn -0.9983 -0.0000 0.0579
vn -0.9981 -0.0179 0.0586
vn -0.9537 0.2911 0.0760
vn -0.9767 0.2090 0.0494
vn -0.9797 0.1980 0.0323
vn -0.9986 0.0449 0.0293
vn -0.9990 -0.0304 0.0323
vn -0.9996 -0.0143 0.0230
vn -0.9998 0.0182 0.0031
vn -0.9986 -0.0257 0.0461
vn -0.9983 -0.0456 0.0357
vn 0.9830 0.0030 -0.1834
vn 0.9842 0.0026 -0.1773
vn 0.9835 0.0101 -0.1806
vn 0.9815 0.0185 -0.1905
vn 0.9763 0.1317 -0.1715
vn 0.9785 0.0963 -0.1822
vn 0.9813 0.0900 -0.1700
vn 0.2279 -0.6567 0.7189
vn 0.1688 -0.6547 0.7368
vn 0.1070 -0.6675 0.7369
vn 0.0772 -0.7010 0.7090
vn 0.0595 -0.6815 0.7293
vn 0.0969 -0.7107 0.6968
vn 0.0807 -0.7207 0.6885
vn 0.0599 -0.7310 0.6797
vn 0.0501 -0.7346 0.6767
vn 0.0282 -0.7442 0.6673
vn -0.0312 -0.7519 0.6585
vn -0.0711 -0.7564 0.6502
vn -0.8157 -0.2094 0.5393
vn -0.6201 -0.5984 0.5072
vn -0.9661 -0.1249 0.2259
vn 0.9852 0.0365 -0.1674
vn 0.9833 0.0643 -0.1705
vn -0.9955 0.0929 0.0182
vn -0.9967 0.0799 0.0128
vn -0.9988 0.0483 0.0091
vn -0.9975 0.0699 0.0036
vn -0.9979 0.0645 0.0105
vn -0.9980 0.0601 0.0193
vn 0.1011 0.9718 -0.2132
vn 0.1031 0.9707 -0.2169
vn 0.0837 0.9664 -0.2431
vn 0.0663 0.9704 -0.2323
vn 0.0257 0.9742 -0.2244
vn 0.0507 0.9723 -0.2281
vn 0.0304 0.9587 -0.2827
vn 0.0610 0.9563 -0.2860
vn 0.0821 0.9538 -0.2891
vn 0.1068 0.9601 -0.2583
vn 0.1060 0.9542 -0.2797
vn 0.1112 0.9555 -0.2733
vn 0.0814 0.9647 -0.2504
vn 0.0816 0.9647 -0.2503
vn 0.0826 0.9648 -0.2496
vn 0.1090 0.9569 -0.2690
vn 0.0814 0.9647 -0.2505
vn 0.0835 0.9649 -0.2490
vn 0.0841 0.9649 -0.2488
vn 0.0944 0.9538 -0.2854
vn 0.1011 0.9538 -0.2829
vn 0.0878 -0.1973 -0.9764
vn 0.1044 -0.1967 -0.9749
vn 0.0551 -0.1993 -0.9784
vn 0.0386 -0.1984 -0.9794
vn 0.1257 -0.1962 -0.9725
vn 0.1436 -0.2082 -0.9675
vn 0.1414 -0.2034 -0.9688
vn 0.1500 -0.2132 -0.9654
vn 0.1504 -0.2144 -0.9651
vn 0.1500 -0.2129 -0.9655
vn 0.1504 -0.2136 -0.9653
vn 0.1492 -0.2122 -0.9658
vn -0.0388 0.1880 0.9814
vn -0.0554 0.1889 0.9804
vn -0.1049 0.1866 0.9768
vn -0.0882 0.1870 0.9784
vn -0.1461 0.2028 0.9683
vn -0.1256 0.1861 0.9745
vn -0.1417 0.1946 0.9706
vn -0.1487 0.2087 0.9666
vn -0.1486 0.2242 0.9631
vn -0.1559 0.2103 0.9651
vn -0.1525 0.2020 0.9674
vn -0.1552 0.2092 0.9655
vn -0.1522 0.2054 0.9668
vn 0.0360 0.9801 -0.1954
vn 0.0432 0.9802 -0.1931
vn 0.0191 0.9802 -0.1972
vn 0.0192 0.9798 -0.1989
vn 0.0584 0.9799 -0.1909
vn 0.0678 0.9782 -0.1964
vn 0.1478 0.9682 -0.2017
vn 0.2207 0.9528 -0.2085
vn 0.9974 0.0165 -0.0701
vn 0.9914 0.1255 -0.0383
vn 0.9901 0.1241 -0.0660
vn 0.9921 0.0134 -0.1250
vn 0.9404 0.3299 -0.0828
vn 0.8983 0.4269 -0.1038
vn 0.7747 0.6157 -0.1443
vn 0.6898 0.7054 -0.1632
vn 0.5007 0.8441 -0.1916
vn 0.3970 0.8958 -0.2001
vn 0.0740 0.9779 -0.1957
vn 0.0818 0.9760 -0.2018
vn 0.0765 0.9768 -0.2001
vn 0.0745 0.9768 -0.2010
vn 0.1104 0.9866 -0.1202
vn 0.1122 0.9865 -0.1196
vn -0.9558 0.2771 0.0981
vn -0.9683 0.1915 0.1602
vn -0.9638 0.2304 0.1339
vn 0.0793 0.9731 -0.2163
vn 0.0741 0.9743 -0.2127
vn 0.0771 0.9755 -0.2059
vn 0.0726 0.9749 -0.2106
vn -0.0288 -0.9605 0.2767
vn -0.0210 -0.9612 0.2751
vn -0.0484 -0.9596 0.2771
vn -0.0571 -0.9584 0.2796
vn -0.0802 -0.9563 0.2810
vn -0.0956 -0.9540 0.2843
vn -0.1176 -0.9525 0.2807
vn -0.9708 0.1126 0.2119
vn -0.9704 0.1479 0.1907
vn -0.9434 0.3145 0.1049
vn -0.9474 0.3014 0.1075
vn -0.9480 0.3010 0.1033
vn -0.9475 0.3015 0.1064
vn -0.1053 -0.9526 0.2854
vn -0.0150 0.8337 0.5520
vn -0.0152 0.8340 0.5516
vn -0.0251 0.8345 0.5505
vn -0.0297 0.8342 0.5507
vn -0.0470 0.8340 0.5498
vn -0.0586 0.8363 0.5452
vn -0.1144 0.8425 0.5264
vn -0.1572 0.8468 0.5082
vn -0.2471 0.8448 0.4746
vn -0.2941 0.8395 0.4569
vn -0.3894 0.8259 0.4078
vn -0.4315 0.8228 0.3700
vn -0.5024 0.8120 0.2971
vn -0.5311 0.8060 0.2614
vn -0.5895 0.7842 0.1939
vn -0.6121 0.7752 0.1562
vn -0.6447 0.7612 0.0707
vn -0.6527 0.7572 0.0232
vn -0.6653 0.7461 -0.0260
vn -0.6735 0.7387 -0.0274
vn -0.6831 0.7299 -0.0266
vn -0.6909 0.7226 -0.0218
vn -0.6821 0.7117 -0.1681
vn -0.6670 0.6724 -0.3210
vn -0.5108 0.6104 -0.6053
vn -0.3702 0.5608 -0.7406
vn -0.0180 0.5403 -0.8413
vn -0.0173 0.4995 -0.8661
vn 0.1729 0.5891 -0.7893
vn 0.1688 0.6385 -0.7509
vn -0.8160 0.0420 -0.5765
vn -0.8616 0.0516 -0.5050
vn -0.8162 0.0419 -0.5762
vn -0.7647 0.0321 -0.6436
vn -0.8162 0.0420 -0.5762
vn -0.5200 0.8505 -0.0786
vn -0.5085 0.8572 -0.0820
vn -0.5199 0.8506 -0.0786
vn -0.5314 0.8438 -0.0752
vn -0.5065 0.8544 -0.1162
vn -0.5353 0.8381 -0.1047
vn -0.5064 0.8544 -0.1163
vn -0.4769 0.8697 -0.1277
vn -0.6593 -0.6635 0.3538
vn -0.6988 -0.6224 0.3525
vn -0.6175 -0.7024 0.3539
vn -0.7653 -0.5867 0.2648
vn -0.6407 -0.7196 0.2677
vn -0.7653 -0.5867 0.2649
vn -0.8645 -0.4342 0.2532
vn -0.5224 0.3720 0.7673
vn -0.4753 0.3455 0.8091
vn -0.3938 0.5317 0.7498
vn -0.3936 0.5319 0.7498
vn -0.2551 0.6960 0.6712
vn -0.5223 0.3721 0.7673
vn 0.0524 0.7978 0.6007
vn 0.1896 0.7936 0.5781
vn 0.4805 0.7486 0.4568
vn 0.6270 0.7104 0.3197
vn 0.7856 0.6177 0.0373
vn 0.8043 0.5823 -0.1184
vn 0.8072 0.5254 -0.2691
vn 0.8028 0.5281 -0.2768
vn 0.7964 0.5283 -0.2942
vn 0.7917 0.5300 -0.3040
vn 0.7777 0.5164 -0.3586
vn 0.7693 0.4961 -0.4027
vn 0.7354 0.4698 -0.4883
vn 0.7137 0.4592 -0.5289
vn 0.6565 0.4525 -0.6035
vn 0.6291 0.4427 -0.6390
vn 0.5563 0.4277 -0.7124
vn 0.5123 0.4178 -0.7503
vn 0.4158 0.4206 -0.8064
vn 0.3686 0.4244 -0.8271
vn 0.2766 0.4249 -0.8620
vn 0.2316 0.4204 -0.8773
vn 0.1650 0.4163 -0.8941
vn 0.1440 0.4220 -0.8951
vn 0.1050 0.4326 -0.8955
vn 0.0873 0.4432 -0.8922
vn 0.0479 0.4487 -0.8924
vn 0.0479 0.4486 -0.8925
vn -0.0821 -0.9531 0.2913
vn 0.8487 0.0570 -0.5258
vn 0.6057 0.6739 -0.4231
vn 0.5977 0.6886 -0.4107
vn 0.1877 -0.9814 -0.0408
vn 0.1701 -0.9850 -0.0300
vn 0.2826 -0.9551 -0.0891
vn 0.2684 -0.9580 -0.1005
vn 0.1766 -0.9834 -0.0427
vn 0.1659 -0.9855 -0.0361
vn 0.3811 -0.9119 -0.1521
vn 0.3977 -0.9052 -0.1499
vn 0.4461 -0.8782 -0.1726
vn 0.4543 -0.8729 -0.1777
vn 0.6843 0.5344 -0.4961
vn 0.8073 0.2443 -0.5372
vn 0.8102 0.2456 -0.5322
vn 0.8206 0.1882 -0.5396
vn 0.8124 0.1994 -0.5479
vn 0.8125 0.2186 -0.5405
vn 0.8145 0.2162 -0.5384
vn 0.8110 0.2093 -0.5463
vn 0.7953 0.2392 -0.5571
vn 0.8009 0.2394 -0.5489
vn 0.8009 0.2441 -0.5468
vn 0.8025 0.2098 -0.5585
vn 0.8038 0.2142 -0.5550
vn 0.7977 0.2198 -0.5616
vn 0.8131 0.2042 -0.5452
vn 0.8105 0.2078 -0.5477
vn 0.8056 0.2527 -0.5358
vn 0.8107 0.2321 -0.5375
vn 0.8219 0.2291 -0.5215
vn 0.8199 0.2331 -0.5230
vn 0.8061 0.2385 -0.5416
vn 0.8043 0.2419 -0.5427
vn 0.8010 0.2339 -0.5510
vn 0.8018 0.2261 -0.5532
vn 0.7995 0.2414 -0.5501
vn 0.8047 0.2467 -0.5400
vn 0.8119 0.2210 -0.5404
vn 0.7994 0.2346 -0.5532
vn 0.8048 0.2294 -0.5474
vn 0.8041 0.2189 -0.5527
vn 0.8133 0.2025 -0.5454
vn 0.8000 0.2072 -0.5631
vn 0.8074 0.2089 -0.5518
vn 0.8052 0.2399 -0.5423
vn 0.8086 0.2351 -0.5394
vn 0.8122 0.2324 -0.5351
vn 0.8143 0.2325 -0.5318
vn 0.8137 0.2330 -0.5325
vn 0.8125 0.2313 -0.5351
vn 0.8129 0.2273 -0.5362
vn 0.8153 0.2237 -0.5340
vn 0.8159 0.2262 -0.5320
vn 0.8155 0.2227 -0.5342
vn 0.8142 0.2118 -0.5406
vn 0.8141 0.2051 -0.5433
vn 0.8144 0.2054 -0.5427
vn 0.8120 0.2098 -0.5447
vn 0.8072 0.2132 -0.5504
vn 0.8045 0.2113 -0.5551
vn 0.8069 0.2082 -0.5527
vn 0.8094 0.2120 -0.5476
vn 0.8084 0.2222 -0.5450
vn 0.8054 0.2293 -0.5466
vn 0.8045 0.2318 -0.5469
vn 0.8061 0.2341 -0.5435
vn 0.8063 0.2403 -0.5405
vn 0.8045 0.2431 -0.5420
vn 0.0897 -0.7130 -0.6954
vn 0.0569 -0.6655 -0.7442
vn 0.1836 -0.8039 -0.5657
vn 0.2418 -0.8380 -0.4892
vn 0.3716 -0.8717 -0.3194
vn 0.4381 -0.8717 -0.2195
vn 0.5457 -0.8374 -0.0326
vn 0.5872 -0.8074 0.0572
vn 0.6642 -0.7212 0.1965
vn 0.6987 -0.6695 0.2523
vn 0.7781 -0.4949 0.3869
vn 0.8085 -0.3620 0.4639
vn 0.8140 -0.0752 0.5760
vn 0.7889 0.0777 0.6096
vn 0.6861 0.3765 0.6225
vn 0.6144 0.5149 0.5979
vn 0.4493 0.7284 0.5173
vn 0.3779 0.8008 0.4647
vn 0.2891 0.8665 0.4069
vn 0.2892 0.8665 0.4069
vn 0.2980 0.8634 0.4071
vn 0.6505 -0.0179 0.7593
vn 0.7599 -0.0415 0.6487
vn 0.5910 0.0913 0.8015
vn 0.4856 0.2013 0.8507
vn 0.4191 0.4064 0.8119
vn 0.3838 0.5087 0.7707
vn 0.2738 0.6934 0.6666
vn 0.2141 0.7711 0.5996
vn 0.0731 0.8940 0.4420
vn 0.0043 0.9373 0.3485
vn -0.1295 0.9790 0.1572
vn -0.1960 0.9788 0.0593
vn -0.3244 0.9364 -0.1342
vn -0.3928 0.8905 -0.2298
vn -0.4918 0.7692 -0.4080
vn -0.5388 0.6852 -0.4900
vn -0.5916 0.5013 -0.6315
vn -0.6083 0.3927 -0.6897
vn -0.6072 0.1535 -0.7796
vn -0.5167 0.0807 -0.8523
vn -0.4541 -0.0227 -0.8906
vn -0.3364 0.0706 -0.9391
vn -0.2839 0.8667 -0.4101
vn -0.2733 0.8731 -0.4038
vn -0.3052 0.8037 -0.5109
vn -0.3289 0.7212 -0.6097
vn -0.3368 0.5100 -0.7915
vn -0.3262 0.3666 -0.8713
vn -0.2693 0.0712 -0.9604
vn -0.2237 -0.0770 -0.9716
vn -0.1135 -0.3685 -0.9227
vn -0.0448 -0.4943 -0.8681
vn 0.7984 0.2353 -0.5542
vn 0.8028 0.2324 -0.5491
vn 0.8050 0.2336 -0.5453
vn 0.7913 0.2412 -0.5618
vn 0.7878 0.2350 -0.5694
vn 0.7869 0.2493 -0.5645
vn 0.7893 0.2675 -0.5527
vn 0.7850 0.2325 -0.5741
vn 0.8239 0.2374 -0.5147
vn 0.8140 0.2559 -0.5215
vn 0.8298 0.2227 -0.5116
vn 0.5680 -0.8140 0.1218
vn 0.3314 -0.9360 -0.1189
vn 0.3720 -0.9199 -0.1244
vn 0.5626 -0.8177 0.1219
vn -0.0010 -0.0000 1.0000
vn -0.0011 -0.0000 1.0000
vn 0.9927 -0.0000 0.1204
vn 0.9883 -0.0666 -0.1369
vn 0.9359 -0.1659 0.3106
vn 0.9639 -0.0000 0.2664
vn 0.9838 -0.0000 -0.1793
vn 0.9851 -0.0000 -0.1718
vn 0.9728 0.1245 -0.1955
vn 0.9776 0.0632 -0.2010
vn 0.9830 0.0347 -0.1804
vn 0.9845 0.0055 -0.1752
vn 0.9815 -0.0000 -0.1916
vn 0.1103 0.9813 -0.1577
vn 0.2529 0.9484 -0.1911
vn -0.3611 -0.0000 0.9325
vn -0.2465 -0.0000 0.9691
vn -0.9962 -0.0542 0.0676
vn -0.9550 -0.0000 0.2968
vn -0.8559 -0.0000 0.5171
vn -0.9983 -0.0000 0.0578
vn -0.9986 -0.0000 0.0524
vn -0.9975 -0.0614 0.0346
vn -0.9994 -0.0002 0.0359
vn -0.1442 -0.7531 0.6420
vn -0.9957 -0.0547 0.0754
vn -0.0186 0.9768 -0.2135
vn -0.0180 0.9786 -0.2049
vn 0.0069 -0.6849 0.7286
vn 0.7939 -0.4823 0.3703
vn -0.1638 0.9618 -0.2192
vn 0.1404 0.9891 -0.0447
vn -0.0245 0.9895 -0.1427
vn -0.0863 0.9850 -0.1493
vn 0.0091 0.9844 0.1759
vn -0.0533 0.9849 0.1650
vn -0.1845 0.9777 0.0999
vn -0.1128 0.9833 0.1430
vn -0.0401 0.9804 -0.1927
vn -0.9989 -0.0015 0.0478
vn 0.3183 0.7993 -0.5097
vn 0.1968 0.5736 -0.7951
vn 0.0988 0.3151 -0.9439
vn 0.0444 0.2236 -0.9737
vn -0.9844 0.1669 0.0563
vn 0.0977 0.9930 -0.0669
vn 0.0735 0.9844 -0.1600
vn 0.0760 0.9812 -0.1776
vn 0.0751 0.9779 -0.1949
vn 0.0745 0.9767 -0.2011
vn 0.1627 0.6581 -0.7352
vn -0.9480 0.3009 0.1042
vn 0.2366 0.7390 -0.6308
vn 0.1325 0.9480 -0.2894
vn 0.1406 0.9434 -0.3003
vn 0.1010 0.9544 -0.2811
vn 0.1387 0.9556 -0.2601
vn 0.1081 0.9328 -0.3437
vn 0.0640 0.9498 -0.3062
vn 0.0456 0.9584 -0.2816
vn 0.0217 0.9656 -0.2592
vn 0.1413 0.9399 -0.3109
vn 0.1500 0.9303 -0.3348
vn -0.0358 0.9661 -0.2557
vn -0.0363 0.9610 -0.2740
vn 0.0022 0.9673 -0.2537
vn 0.1346 0.9580 -0.2531
vn 0.0331 0.9549 -0.2950
vn 0.1864 0.9063 -0.3793
vn 0.1702 0.9160 -0.3634
vn 0.1884 0.9050 -0.3815
vn 0.1426 0.9223 -0.3592
vn 0.1687 0.9144 -0.3679
vn 0.1290 0.9523 -0.2765
vn 0.1198 0.9571 -0.2639
vn 0.1210 0.9595 -0.2545
vn 0.9464 0.2761 0.1678
vn 0.9533 0.2629 0.1488
vn 0.9482 0.2718 0.1643
vn 0.9539 0.2574 0.1545
vn -0.2285 -0.0000 -0.9735
vn -0.3854 -0.0000 -0.9227
vn -0.0670 -0.0000 -0.9978
vn -0.0644 -0.0000 -0.9979
vn -0.8672 0.4643 0.1798
vn -0.8346 0.5326 0.1406
vn -0.9277 0.3185 0.1949
vn -0.9364 0.2793 0.2125
vn -0.8183 0.4949 0.2923
vn -0.8901 0.3816 0.2494
vn -0.8813 0.4044 0.2446
vn -0.8080 0.5063 0.3012
vn 0.9836 0.1527 0.0958
vn 0.9871 0.1290 0.0953
vn 0.9965 0.0753 0.0353
vn 0.9981 0.0335 0.0522
vn -0.9334 0.3004 0.1964
vn -0.9138 0.3611 0.1857
vn -0.9801 0.1666 0.1077
vn -0.9858 -0.0000 0.1676
vn -0.8058 0.5082 0.3041
vn -0.8182 0.4980 0.2872
vn 0.1189 -0.0003 -0.9929
vn 0.3014 -0.0000 -0.9535
vn -0.5281 -0.0000 -0.8492
vn -0.3855 -0.0000 -0.9227
vn -0.5282 -0.0000 -0.8491
vn -0.9808 -0.0000 -0.1950
vn 0.0060 0.9946 0.1033
vn 0.3776 0.9235 0.0671
vn 0.3622 0.9319 0.0193
vn -0.0444 0.9984 0.0336
vn 0.7087 0.7032 0.0576
vn 0.7268 0.6869 -0.0061
vn -0.4880 0.8528 0.1862
vn -0.5019 0.8579 0.1101
vn 0.9647 0.2630 0.0118
vn 0.9394 0.3426 -0.0130
vn 0.9905 0.1296 0.0468
vn 0.9969 0.0775 0.0109
vn 0.9849 -0.0198 -0.1718
vn 0.9836 -0.0281 -0.1780
vn 0.9323 -0.0000 -0.3618
vn 0.4679 -0.0000 -0.8838
vn 0.8945 0.4285 0.1277
vn 0.9239 0.3741 0.0805
vn -0.8136 0.5429 0.2080
vn -0.7262 0.6380 0.2563
vn 0.9312 0.3572 0.0727
vn -0.8913 0.4189 0.1736
vn 0.9583 0.2854 0.0133
vn -0.8321 0.5382 0.1337
vn -0.9307 0.3642 0.0328
vn -0.7528 0.6176 0.2279
vn 0.9405 0.3362 -0.0484
vn 0.2982 0.9519 -0.0702
vn -0.0437 0.9985 -0.0316
vn 0.6746 0.7370 -0.0426
vn -0.5767 0.8132 0.0783
vn 0.9708 0.1962 -0.1384
vn 0.6691 0.7430 -0.0144
vn 0.3098 0.9484 -0.0679
vn 0.0147 0.9993 -0.0333
vn -0.4417 0.8916 0.1000
vn 0.6540 0.7564 -0.0125
vn 0.2977 0.9462 -0.1269
vn 0.0271 0.9947 -0.0989
vn -0.3898 0.9164 0.0908
vn 0.7308 0.6807 -0.0512
vn 0.3459 0.9167 -0.1999
vn 0.0597 0.9773 -0.2032
vn -0.4116 0.9113 0.0026
vn 0.6423 0.7414 -0.1944
vn 0.2892 0.9216 -0.2587
vn -0.0192 0.9740 -0.2259
vn -0.2099 0.9590 -0.1906
vn -0.8005 0.5965 0.0576
vn 0.6979 0.6765 -0.2349
vn 0.2950 0.9177 -0.2660
vn -0.0799 0.9657 -0.2470
vn -0.2064 0.9504 -0.2326
vn -0.8304 0.5518 -0.0770
vn 0.9633 0.2566 -0.0783
vn 0.9999 -0.0113 -0.0020
vn 0.8726 0.4556 -0.1763
vn 0.2194 0.9628 -0.1577
vn 0.2430 0.9631 -0.1157
vn -0.0254 0.9791 -0.2019
vn -0.1792 0.9551 -0.2360
vn -0.9374 0.3332 -0.1016
vn -0.8104 0.5610 -0.1688
vn -0.9898 0.1413 -0.0186
vn -0.1066 -0.9625 0.2493
vn -0.1062 -0.9660 0.2357
vn -0.1208 -0.9652 0.2321
vn -0.0752 -0.9743 0.2121
vn -0.1229 -0.9605 0.2497
vn -0.1550 -0.9554 0.2512
vn -0.0232 -0.9796 0.1996
vn 0.0580 -0.9795 0.1927
vn -0.1284 -0.9701 0.2059
vn 0.9992 -0.0117 0.0388
vn 0.9786 0.2048 0.0221
vn 0.8326 0.5527 -0.0347
vn 0.8327 0.5527 -0.0348
vn 0.2667 0.9618 -0.0621
vn 0.1933 0.9798 -0.0507
vn -0.0075 0.9948 -0.1017
vn -0.2111 0.9615 -0.1762
vn -0.2110 0.9615 -0.1762
vn -0.7997 0.5683 -0.1938
vn -0.9022 0.4008 -0.1591
vn -0.9908 0.0769 -0.1118
vn -0.0922 -0.9733 0.2103
vn -0.0908 -0.9729 0.2125
vn 0.6732 -0.0280 -0.7390
vn 0.0210 0.5181 -0.8551
vn 0.6483 0.1414 -0.7481
vn 0.4135 0.5559 -0.7212
vn 0.1229 0.7734 -0.6219
vn -0.0830 0.7622 -0.6420
vn -0.3878 0.5856 -0.7119
vn -0.6041 0.2142 -0.7676
vn -0.6447 -0.0153 -0.7643
vn -0.0640 -0.8239 -0.5630
vn 0.8490 0.4017 0.3433
vn 0.8779 0.3400 0.3371
vn 0.7679 0.5452 0.3364
vn 0.8087 0.4740 0.3482
vn 0.7041 0.6554 0.2733
vn 0.7354 0.6033 0.3086
vn 0.6354 0.7684 0.0762
vn 0.6425 0.7549 0.1318
vn 0.6273 0.7780 -0.0363
vn 0.6277 0.7782 0.0206
vn 0.6282 0.7634 -0.1503
vn 0.6221 0.7773 -0.0944
vn 0.6392 0.7230 -0.2621
vn 0.6268 0.7512 -0.2069
vn 0.6576 0.7302 0.1855
vn 0.6782 0.6969 0.2333
vn 0.9603 0.1743 0.2177
vn 0.9122 0.2740 0.3048
vn 0.6484 0.6917 -0.3181
vn 0.9897 0.0879 0.1130
vn 0.6509 0.6515 -0.3897
vn 0.6550 0.6583 -0.3709
vn 0.7358 -0.5915 0.3297
vn 0.6610 -0.6547 0.3668
vn 0.6879 -0.6282 0.3636
vn 0.7698 -0.5662 0.2946
vn 0.4985 -0.6140 -0.6120
vn 0.5676 -0.6261 -0.5346
vn 0.5237 -0.6356 -0.5673
vn 0.4389 -0.6067 -0.6628
vn 0.6219 -0.6365 -0.4561
vn 0.6649 -0.6403 -0.3846
vn 0.6376 -0.6497 -0.4140
vn 0.5873 -0.6398 -0.4957
vn 0.6988 -0.6418 -0.3159
vn 0.7260 -0.6374 -0.2581
vn 0.7086 -0.6476 -0.2802
vn 0.6771 -0.6492 -0.3465
vn 0.7712 -0.6299 -0.0920
vn 0.7768 -0.6280 -0.0473
vn 0.7733 -0.6311 -0.0616
vn 0.7655 -0.6339 -0.1106
vn 0.7805 -0.6252 0.0073
vn 0.7821 -0.6215 0.0448
vn 0.7811 -0.6234 0.0362
vn 0.7782 -0.6278 -0.0135
vn 0.7823 -0.6156 0.0953
vn 0.7800 -0.6111 0.1350
vn 0.7816 -0.6110 0.1256
vn 0.7825 -0.6182 0.0742
vn 0.7750 -0.6035 0.1877
vn 0.7699 -0.5875 0.2492
vn 0.7720 -0.5929 0.2292
vn 0.7789 -0.6048 0.1659
vn 0.7470 -0.6305 -0.2108
vn 0.7619 -0.6302 -0.1496
vn 0.7529 -0.6344 -0.1750
vn 0.7339 -0.6392 -0.2297
vn 0.2796 -0.5360 -0.7966
vn 0.4032 -0.5762 -0.7109
vn 0.3247 -0.5734 -0.7522
vn 0.2003 -0.5117 -0.8355
vn 0.1551 -0.4730 -0.8673
vn 0.1300 -0.4703 -0.8729
vn 0.6458 0.6793 -0.3485
vn 0.4373 0.7478 -0.4997
vn -0.0225 0.8193 -0.5730
vn -0.7639 0.5833 -0.2759
vn 0.2121 -0.9753 -0.0620
vn 0.1544 -0.9872 -0.0386
vn 0.4951 0.6354 -0.5926
vn 0.5385 0.8201 0.1937
vn 0.3742 0.8984 0.2300
vn 0.2680 0.8686 -0.4167
vn 0.3158 0.8270 -0.4652
vn 0.3259 0.7957 -0.5106
vn 0.5721 0.6246 -0.5315
vn 0.1645 -0.9859 -0.0320
vn -0.8512 0.4956 -0.1728
vn -0.8549 0.4994 -0.1402
vn 0.5074 -0.8384 -0.1992
vn 0.3255 0.7334 -0.5969
vn 0.3027 0.7325 -0.6098
vn 0.2714 0.7266 -0.6312
vn 0.1532 0.7745 -0.6138
vn 0.1037 0.7839 -0.6122
vn 0.0705 0.7841 -0.6166
vn 0.0330 0.7787 -0.6265
vn 0.2010 0.7648 -0.6122
vn 0.3302 0.7466 -0.5775
vn 0.3288 0.7421 -0.5841
vn 0.3309 0.7843 -0.5248
vn 0.3190 0.7739 -0.5471
vn 0.3754 0.7641 -0.5246
vn 0.4426 0.7282 -0.5233
vn 0.5569 0.6270 -0.5447
vn 0.6237 0.5641 -0.5411
vn 0.6566 0.4992 -0.5654
vn 0.6996 0.4561 -0.5501
vn 0.7484 0.3960 -0.5321
vn 0.7769 0.3257 -0.5389
vn 0.8009 0.2650 -0.5369
vn 0.8132 0.2246 -0.5370
vn 0.8206 0.1943 -0.5375
vn 0.3283 0.7522 -0.5714
vn 0.2236 0.7487 -0.6240
vn 0.8216 0.1859 -0.5389
vn 0.8706 0.1655 -0.4633
vn 0.8259 0.2084 -0.5239
vn 0.7950 0.2148 -0.5672
vn 0.8040 0.2012 -0.5596
vn 0.8161 0.1930 -0.5448
vn 0.8206 0.1872 -0.5399
vn 0.8208 0.1856 -0.5402
vn 0.3854 -0.8663 -0.3177
vn 0.5080 -0.6638 -0.5489
vn 0.5246 -0.6615 -0.5359
vn 0.4070 -0.8467 -0.3427
vn 0.3640 -0.8475 -0.3863
vn 0.4300 -0.6680 -0.6073
vn 0.0871 -0.6253 -0.7755
vn 0.0781 -0.6215 -0.7795
vn 0.1098 -0.6293 -0.7694
vn 0.1226 -0.6366 -0.7614
vn 0.0559 -0.6202 -0.7824
vn 0.0430 -0.6221 -0.7818
vn 0.0214 -0.6269 -0.7788
vn 0.0216 -0.6273 -0.7785
vn 0.1493 -0.6418 -0.7522
vn 0.1630 -0.6525 -0.7401
vn 0.5263 -0.6585 -0.5380
vn 0.5374 -0.6496 -0.5378
vn 0.4276 -0.8255 -0.3684
vn 0.4319 -0.8285 -0.3566
vn 0.5604 -0.6140 -0.5559
vn 0.5734 -0.6126 -0.5440
vn 0.4145 -0.8554 -0.3106
vn 0.5812 -0.6318 -0.5128
vn 0.4139 -0.8631 -0.2894
vn 0.5677 -0.6876 -0.4526
vn 0.3968 -0.8822 -0.2536
vn 0.4853 -0.7647 -0.4238
vn 0.2788 -0.9259 -0.2549
vn 0.2536 -0.7975 -0.5475
vn -0.0265 -0.9129 -0.4073
vn -0.4261 -0.6840 -0.5921
vn -0.1350 -0.6451 -0.7521
vn -0.4926 -0.2691 -0.8276
vn -0.7108 -0.3326 -0.6198
vn -0.8543 0.0174 -0.5194
vn -0.6405 0.1164 -0.7591
vn -0.6476 0.3840 -0.6582
vn -0.6244 0.4204 -0.6583
vn -0.6140 0.4354 -0.6583
vn -0.5959 0.4329 -0.6764
vn -0.5786 0.3925 -0.7149
vn -0.5899 0.4065 -0.6977
vn -0.5755 0.3679 -0.7304
vn -0.5675 0.3638 -0.7387
vn 0.5425 -0.6381 -0.5464
vn 0.1579 -0.8935 -0.4205
vn 0.2508 -0.6616 -0.7067
vn -0.5632 0.3645 -0.7416
vn -0.5618 0.3669 -0.7415
vn -0.5627 0.3707 -0.7389
vn -0.5676 0.3622 -0.7393
vn 0.2513 -0.9609 -0.1161
vn 0.2415 -0.9649 -0.1032
vn 0.0835 -0.9914 -0.1007
vn -0.0481 -0.9988 -0.0117
vn -0.0584 -0.9982 -0.0147
vn -0.0356 -0.9993 -0.0144
vn -0.0317 -0.9994 -0.0144
vn -0.0246 -0.9996 -0.0110
vn -0.0218 -0.9997 -0.0135
vn -0.0138 -0.9997 -0.0193
vn -0.0089 -0.9997 -0.0233
vn -0.0573 -0.9981 -0.0204
vn -0.1032 -0.9901 -0.0954
vn 0.2141 -0.9746 -0.0654
vn 0.1938 -0.9803 -0.0372
vn 0.2237 -0.9716 -0.0776
vn 0.2159 -0.9737 -0.0734
vn 0.0073 -0.9936 -0.1127
vn 0.2179 -0.9738 -0.0657
vn -0.3277 -0.9004 -0.2860
vn -0.8458 -0.4451 -0.2942
vn -0.6377 -0.6749 -0.3713
vn -0.9963 -0.0649 -0.0562
vn -0.9939 -0.1020 0.0416
vn -0.9649 -0.2295 -0.1276
vn -0.9966 -0.0066 0.0822
vn -0.9879 -0.0532 0.1459
vn -0.9707 -0.0599 0.2326
vn -0.9554 -0.1002 0.2778
vn -0.9729 -0.0754 0.2185
vn -0.9823 -0.0498 0.1806
vn -0.9121 -0.1842 0.3664
vn -0.8650 -0.2562 0.4314
vn -0.9105 -0.2472 0.3314
vn -0.8207 -0.1856 0.5404
vn 0.8720 0.1558 -0.4640
vn 0.8683 0.1549 -0.4712
vn 0.8510 0.1935 -0.4882
vn 0.8275 0.2655 -0.4948
vn 0.8058 0.3239 -0.4958
vn 0.7710 0.4056 -0.4909
vn 0.7701 0.4585 -0.4436
vn 0.8460 0.2095 -0.4903
vn 0.8604 0.0109 -0.5094
vn 0.1544 -0.9872 -0.0387
vn 0.2064 -0.9772 -0.0501
vn 0.1751 -0.9837 -0.0401
vn 0.1984 -0.9786 -0.0551
vn 0.2622 -0.9587 -0.1100
vn 0.3705 -0.9153 -0.1580
vn 0.1608 -0.9852 -0.0589
vn 0.1845 -0.9790 -0.0873
vn 0.1706 -0.9826 -0.0739
vn 0.1527 -0.9865 -0.0595
vn 0.1938 -0.9764 -0.0951
vn 0.1927 -0.9781 -0.0785
vn 0.1955 -0.9768 -0.0870
vn 0.1889 -0.9774 -0.0946
vn 0.1829 -0.9824 -0.0391
vn 0.1956 -0.9784 -0.0672
vn 0.1710 -0.9841 -0.0477
vn 0.1683 -0.9856 -0.0181
vn 0.2004 -0.9790 -0.0362
vn 0.1898 -0.9805 -0.0514
vn 0.1898 -0.9806 -0.0497
vn 0.4918 -0.2945 0.8194
vn 0.5016 -0.2821 0.8178
vn 0.4927 -0.2906 0.8202
vn 0.4927 -0.2907 0.8202
vn 0.4892 -0.3017 0.8183
vn 0.4918 -0.2946 0.8193
vn 0.1530 -0.9869 -0.0514
vn 0.1533 -0.9872 -0.0433
vn 0.5090 -0.3001 0.8068
vn 0.5279 -0.3153 0.7886
vn 0.5398 -0.3537 0.7639
vn 0.5628 -0.3654 0.7414
vn 0.5749 -0.4153 0.7050
vn 0.5995 -0.4366 0.6707
vn 0.6125 -0.4925 0.6182
vn 0.6310 -0.5112 0.5835
vn 0.6351 -0.5604 0.5316
vn 0.6552 -0.5697 0.4962
vn 0.6501 -0.6945 0.3082
vn 0.6469 -0.7318 0.2146
vn 0.5555 -0.8304 -0.0443
vn 0.5254 -0.8203 -0.2259
vn 0.5166 -0.8237 -0.2337
vn 0.1087 0.9932 -0.0424
vn 0.0680 0.9969 -0.0385
vn 0.5778 0.8133 -0.0689
vn 0.5065 0.8596 -0.0671
vn 0.5869 0.8086 -0.0406
vn 0.5635 0.8259 0.0196
vn 0.5691 0.8177 0.0869
vn 0.5757 0.8083 0.1235
vn 0.6894 0.7138 0.1235
vn 0.9356 0.3357 0.1088
vn 0.8857 0.4330 0.1676
vn 0.8198 0.5420 0.1846
vn 0.7663 0.6170 0.1793
vn 0.7394 0.6582 0.1415
vn 0.2868 0.9564 -0.0543
vn 0.0680 0.9970 -0.0382
vn 0.1764 -0.0571 0.9827
vn 0.1297 -0.0566 0.9899
vn 0.1539 -0.1210 0.9806
vn 0.2253 -0.0745 0.9714
vn 0.2462 -0.0705 0.9667
vn 0.2036 -0.0870 0.9752
vn 0.1404 -0.0984 0.9852
vn 0.1709 -0.0808 0.9820
vn 0.0798 -0.1207 0.9895
vn 0.1062 -0.0967 0.9896
vn 0.0042 -0.1157 0.9933
vn 0.0362 -0.1108 0.9932
vn -0.0540 -0.0993 0.9936
vn -0.0364 -0.1009 0.9942
vn -0.0763 -0.0873 0.9933
vn -0.1227 -0.0486 0.9913
vn -0.1016 -0.0308 0.9944
vn -0.1126 -0.0394 0.9929
vn -0.1423 -0.0621 0.9879
vn -0.1298 -0.1099 0.9854
vn -0.1434 -0.0815 0.9863
vn -0.1426 -0.0970 0.9850
vn -0.1169 -0.1028 0.9878
vn -0.1036 -0.1012 0.9895
vn -0.0916 -0.0889 0.9918
vn 0.2355 -0.0661 0.9696
vn 0.0662 -0.1552 0.9857
vn 0.0371 -0.2595 0.9650
vn 0.0973 -0.2195 0.9708
vn 0.0548 -0.2633 0.9631
vn -0.0838 -0.0874 0.9926
vn 0.9741 0.2114 0.0802
vn 0.9920 0.1043 0.0718
vn 0.9604 0.2655 0.0842
vn 0.9951 0.0637 0.0755
vn 0.1444 -0.6885 -0.7107
vn 0.1383 -0.6817 -0.7185
vn 0.9599 0.2670 0.0854
vn -0.1019 -0.0270 0.9944
vn -0.1020 -0.0285 0.9944
vn -0.9639 -0.2214 -0.1479
vn -0.9940 -0.0667 -0.0868
vn -0.9823 -0.1684 -0.0818
vn -0.9342 -0.3420 -0.1015
vn 0.6553 -0.7493 0.0956
vn 0.7344 -0.6712 0.1007
vn 0.6303 -0.7632 0.1423
vn 0.6353 -0.7586 0.1446
vn 0.6544 -0.7364 0.1713
vn 0.6545 -0.7364 0.1713
vn 0.6987 -0.7087 0.0976
vn 0.6354 -0.7585 0.1446
vn 0.1585 -0.8718 -0.4636
vn 0.1494 -0.8603 -0.4874
vn -0.5549 -0.8319 -0.0093
vn -0.6275 -0.7784 -0.0175
vn -0.5547 -0.8320 -0.0092
vn -0.4775 -0.8786 -0.0009
vn 0.0892 -0.7173 0.6910
vn 0.0888 -0.7218 0.6864
vn 0.0892 -0.7172 0.6911
vn 0.0896 -0.7126 0.6958
vn 0.8229 -0.5584 0.1047
vn 0.8224 -0.5591 0.1051
vn 0.8233 -0.5579 0.1048
vn 0.7811 -0.6155 0.1052
vn -0.9260 -0.3078 -0.2184
vn -0.8200 -0.5351 -0.2032
vn -0.8538 -0.4891 -0.1782
vn -0.8935 -0.4247 -0.1460
vn -0.7785 -0.6021 -0.1772
vn -0.7567 -0.6429 -0.1183
vn -0.7408 -0.6623 -0.1121
vn -0.7452 -0.6632 -0.0694
vn -0.7469 -0.6643 -0.0282
vn -0.9044 -0.4051 -0.1338
vn -0.9115 -0.2539 -0.3236
vn -0.9115 -0.2700 -0.3104
vn -0.9055 -0.2652 -0.3314
vn 0.4901 -0.8494 -0.1959
vn 0.1912 -0.9793 0.0667
vn 0.2184 -0.9734 0.0693
vn 0.2181 -0.9735 0.0684
vn 0.1912 -0.9793 0.0668
vn 0.1616 -0.9848 0.0642
vn 0.1335 -0.9891 0.0625
vn 0.1538 -0.9860 0.0642
vn 0.1950 -0.9785 0.0675
vn -0.9512 0.2900 0.1054
vn 0.0679 0.0517 0.9964
vn 0.0795 0.0518 0.9955
vn 0.0447 0.0518 0.9977
vn 0.0331 0.0518 0.9981
vn 0.1516 0.0512 0.9871
vn 0.1607 0.0578 0.9853
vn 0.1248 0.0514 0.9909
vn 0.1080 0.0515 0.9928
vn 0.2382 0.0526 0.9698
vn 0.2403 0.0483 0.9695
vn 0.1965 0.0660 0.9783
vn 0.1870 0.0712 0.9798
vn 0.5900 0.0104 0.8074
vn 0.5884 0.0046 0.8085
vn 0.5074 0.0172 0.8615
vn 0.5125 0.0150 0.8585
vn 0.3025 0.0431 0.9522
vn 0.3499 0.0265 0.9364
vn 0.3311 0.0324 0.9430
vn 0.2803 0.0469 0.9588
vn 0.6621 0.0004 0.7494
vn 0.7171 0.0056 0.6969
vn 0.7073 0.0050 0.7069
vn 0.6493 -0.0027 0.7605
vn 0.4001 0.0125 0.9164
vn 0.4577 0.0117 0.8891
vn 0.4523 0.0206 0.8916
vn 0.3836 0.0230 0.9232
vn 0.7707 0.0067 0.6372
vn 0.8132 0.0057 0.5820
vn 0.8072 0.0055 0.5902
vn 0.7620 0.0070 0.6475
vn 0.8843 0.0105 0.4668
vn 0.8955 0.0012 0.4451
vn 0.8517 0.0116 0.5239
vn 0.8475 0.0087 0.5307
vn 0.9471 -0.1129 0.3005
vn 0.9359 -0.2640 0.2331
vn 0.9416 -0.2105 0.2630
vn 0.9429 -0.0799 0.3234
vn 0.9171 -0.3724 0.1421
vn 0.9293 -0.3510 0.1151
vn 0.9279 -0.3555 0.1119
vn 0.9229 -0.3484 0.1640
vn 0.9258 -0.0283 0.3769
vn 0.9266 -0.0331 0.3745
vn 0.0737 0.0517 0.9959
vn 0.0389 0.0519 0.9979
vn 0.1590 0.0560 0.9857
vn 0.1164 0.0514 0.9919
vn 0.2320 0.0517 0.9713
vn 0.1927 0.0686 0.9789
vn 0.3332 -0.0099 0.9428
vn 0.2902 0.0215 0.9567
vn 0.6977 0.0042 0.7164
vn 0.6613 0.0004 0.7502
vn 0.8005 0.0057 0.5993
vn 0.7530 0.0071 0.6580
vn 0.8788 0.0157 0.4768
vn 0.8432 0.0071 0.5376
vn 0.9433 -0.1537 0.2943
vn 0.9383 -0.0481 0.3425
vn 0.9266 -0.3603 0.1080
vn 0.9246 -0.3243 0.2001
vn 0.9137 -0.0159 0.4060
vn 0.3817 -0.0077 0.9242
vn -0.0000 0.0519 0.9987
vn -0.0000 0.0518 0.9987
vn 0.2584 0.0356 0.9654
vn 0.9294 -0.3501 0.1166
vn 0.9298 -0.3501 0.1137
vn 0.9305 -0.3495 0.1092
vn 0.0331 0.0520 0.9981
vn 0.1600 0.0584 0.9854
vn 0.1079 0.0514 0.9928
vn 0.2217 0.0588 0.9733
vn 0.1921 0.0791 0.9782
vn 0.3056 0.0183 0.9520
vn 0.2688 0.0269 0.9628
vn 0.3624 -0.0394 0.9312
vn -0.0000 0.0520 0.9986
vn 0.2542 0.0409 0.9663
vn 0.4466 0.0059 0.8947
vn 0.0085 -0.9868 0.1616
vn 0.0169 -0.9873 0.1582
vn 0.0143 -0.9871 0.1595
vn 0.0087 -0.9868 0.1617
vn 0.0237 -0.9883 0.1506
vn 0.0288 -0.9875 0.1550
vn 0.0310 -0.9877 0.1534
vn 0.0217 -0.9880 0.1532
vn 0.0725 -0.9810 0.1801
vn 0.1966 -0.9604 0.1976
vn 0.1562 -0.9677 0.1978
vn 0.0697 -0.9826 0.1722
vn 0.4038 -0.9050 0.1341
vn 0.5147 -0.8481 0.1256
vn 0.4848 -0.8655 0.1263
vn 0.3758 -0.9157 0.1423
vn 0.5455 -0.8342 0.0807
vn 0.5478 -0.8299 0.1057
vn 0.3049 -0.9374 0.1682
vn 0.2731 -0.9442 0.1840
vn 0.5155 -0.8500 0.1084
vn 0.3753 -0.9139 0.1545
vn 0.1790 -0.9641 0.1961
vn 0.0719 -0.9835 0.1658
vn 0.0254 -0.9876 0.1546
vn 0.0106 -0.9869 0.1613
vn -0.0000 -0.9869 0.1613
vn -0.0000 -0.9869 0.1615
vn -0.0000 -0.9871 0.1601
vn -0.0679 0.0517 0.9964
vn -0.0331 0.0519 0.9981
vn -0.0447 0.0518 0.9977
vn -0.0795 0.0517 0.9955
vn -0.1516 0.0512 0.9871
vn -0.1079 0.0516 0.9928
vn -0.1248 0.0514 0.9909
vn -0.1607 0.0578 0.9853
vn -0.2382 0.0526 0.9698
vn -0.1870 0.0711 0.9798
vn -0.1965 0.0660 0.9783
vn -0.2403 0.0483 0.9695
vn -0.5900 0.0104 0.8074
vn -0.5125 0.0150 0.8585
vn -0.5178 0.0150 0.8554
vn -0.5943 0.0114 0.8042
vn -0.3026 0.0431 0.9522
vn -0.2803 0.0469 0.9588
vn -0.3311 0.0324 0.9430
vn -0.3499 0.0265 0.9364
vn -0.6621 0.0004 0.7494
vn -0.6545 0.0023 0.7560
vn -0.7073 0.0050 0.7069
vn -0.7171 0.0054 0.6969
vn -0.4001 0.0125 0.9164
vn -0.3836 0.0230 0.9232
vn -0.4411 0.0144 0.8973
vn -0.4577 0.0117 0.8891
vn -0.7707 0.0067 0.6372
vn -0.7620 0.0070 0.6475
vn -0.8073 0.0056 0.5902
vn -0.8132 0.0058 0.5819
vn -0.8843 0.0106 0.4669
vn -0.8475 0.0087 0.5307
vn -0.8517 0.0116 0.5238
vn -0.8955 0.0013 0.4451
vn -0.9471 -0.1129 0.3005
vn -0.9429 -0.0799 0.3234
vn -0.9416 -0.2104 0.2630
vn -0.9359 -0.2640 0.2331
vn -0.9171 -0.3724 0.1421
vn -0.9229 -0.3484 0.1641
vn -0.9279 -0.3556 0.1119
vn -0.9293 -0.3510 0.1152
vn -0.9258 -0.0283 0.3769
vn -0.9266 -0.0331 0.3745
vn -0.0737 0.0517 0.9959
vn -0.0389 0.0519 0.9979
vn -0.1590 0.0560 0.9857
vn -0.1164 0.0514 0.9919
vn -0.2320 0.0517 0.9713
vn -0.1927 0.0686 0.9789
vn -0.5700 0.0150 0.8215
vn -0.5017 0.0146 0.8649
vn -0.2902 0.0215 0.9567
vn -0.3332 -0.0099 0.9428
vn -0.6981 0.0037 0.7160
vn -0.6412 0.0042 0.7673
vn -0.8005 0.0057 0.5993
vn -0.7530 0.0071 0.6580
vn -0.8788 0.0157 0.4768
vn -0.8432 0.0071 0.5376
vn -0.9433 -0.1538 0.2943
vn -0.9383 -0.0481 0.3425
vn -0.9266 -0.3602 0.1080
vn -0.9246 -0.3242 0.2001
vn -0.9137 -0.0159 0.4060
vn -0.4404 0.0091 0.8978
vn -0.3817 -0.0077 0.9242
vn -0.2584 0.0356 0.9654
vn -0.9298 -0.3501 0.1135
vn -0.9294 -0.3501 0.1167
vn -0.9305 -0.3495 0.1091
vn -0.0331 0.0520 0.9981
vn -0.1600 0.0584 0.9854
vn -0.1079 0.0513 0.9928
vn -0.2217 0.0588 0.9733
vn -0.1921 0.0791 0.9782
vn -0.3056 0.0183 0.9520
vn -0.2689 0.0269 0.9628
vn -0.3624 -0.0394 0.9312
vn -0.2542 0.0409 0.9663
vn -0.0085 -0.9868 0.1615
vn -0.0087 -0.9868 0.1617
vn -0.0144 -0.9870 0.1598
vn -0.0169 -0.9873 0.1582
vn -0.0237 -0.9883 0.1506
vn -0.0217 -0.9880 0.1532
vn -0.0308 -0.9877 0.1535
vn -0.0288 -0.9875 0.1549
vn -0.0725 -0.9810 0.1802
vn -0.0697 -0.9826 0.1722
vn -0.1562 -0.9677 0.1978
vn -0.1966 -0.9604 0.1976
vn -0.4038 -0.9049 0.1341
vn -0.3758 -0.9157 0.1424
vn -0.4848 -0.8655 0.1263
vn -0.5147 -0.8481 0.1256
vn -0.5478 -0.8299 0.1057
vn -0.5455 -0.8342 0.0807
vn -0.2731 -0.9442 0.1841
vn -0.3049 -0.9374 0.1683
vn -0.5155 -0.8500 0.1085
vn -0.3753 -0.9139 0.1545
vn -0.1790 -0.9641 0.1961
vn -0.0718 -0.9835 0.1658
vn -0.0254 -0.9877 0.1546
vn -0.0106 -0.9869 0.1613
vn 0.4735 0.0298 0.8803
vn 0.5240 0.0164 0.8516
vn 0.5856 0.0157 0.8105
vn 0.6422 -0.0170 0.7664
vn 0.6558 -0.0003 0.7549
vn 0.4850 0.0186 0.8743
vn 0.4806 0.0341 0.8763
vn 0.6357 -0.0130 0.7718
vn 0.6448 -0.0089 0.7643
vn 0.0780 -0.9930 0.0885
vn -0.1222 -0.9699 0.2105
vn -0.0633 -0.9959 0.0649
vn 0.0281 -0.9996 -0.0037
vn 0.0716 -0.9949 0.0704
vn 0.0040 -0.9999 -0.0142
vn 0.7987 -0.0216 -0.6013
vn 0.7874 -0.2884 -0.5449
vn 0.7518 -0.1502 -0.6420
vn 0.7597 -0.0216 -0.6499
vn -0.4887 -0.7710 0.4083
vn -0.7664 -0.3743 0.5221
vn -0.7499 -0.5037 0.4288
vn -0.4023 -0.8804 0.2512
vn -0.8093 -0.1776 0.5599
vn -0.8573 -0.1795 0.4825
vn 0.5265 -0.7890 -0.3168
vn 0.1567 -0.9874 -0.0202
vn 0.1948 -0.9636 -0.1831
vn 0.2925 -0.9204 -0.2596
vn 0.6977 -0.4001 -0.5943
vn -0.5494 -0.7717 0.3205
vn 0.5369 -0.7071 -0.4602
vn 0.1216 -0.9802 0.1560
vn 0.0041 -0.9708 0.2397
vn 0.1136 -0.9836 0.1404
vn 0.8459 -0.2405 -0.4761
vn -0.3092 -0.8517 0.4232
vn -0.6357 -0.5022 0.5862
vn -0.8092 -0.1778 0.5599
vn 0.7159 -0.6075 -0.3441
vn 0.3290 -0.9437 -0.0337
vn 0.6561 -0.0003 0.7547
vn 0.6512 -0.0150 0.7587
vn 0.6448 -0.0201 0.7641
vn 0.6503 -0.0244 0.7593
vn 0.5851 -0.0016 0.8109
vn 0.4997 0.0218 0.8659
vn 0.4713 0.0325 0.8814
vn 0.4755 0.0343 0.8791
vn 0.4809 0.0197 0.8765
vn 0.4565 0.0045 0.8897
vn 0.4394 0.0007 0.8983
vn -0.5183 0.7394 -0.4297
vn -0.5861 0.6347 -0.5037
vn -0.7163 0.5589 -0.4178
vn -0.5677 0.7338 -0.3730
vn -0.4781 0.7728 -0.4173
vn -0.5023 0.7318 -0.4606
vn -0.4681 0.7961 -0.3837
vn -0.5422 0.6643 -0.5145
vn -0.5792 0.5979 -0.5541
vn -0.6743 0.5084 -0.5356
vn -0.5947 0.5654 -0.5715
vn -0.6388 0.5080 -0.5778
vn -0.7774 0.3632 -0.5136
vn -0.6774 0.4608 -0.5734
vn -0.7179 0.3956 -0.5728
vn -0.8234 0.2761 -0.4958
vn -0.7438 0.3559 -0.5658
vn -0.7672 0.3007 -0.5666
vn -0.7702 0.5634 -0.2989
vn -0.9206 0.3069 -0.2417
vn -0.9533 0.2414 -0.1813
vn -0.8878 0.3863 -0.2501
vn -0.5170 0.7797 -0.3532
vn -0.6539 0.6766 -0.3385
vn -0.9838 0.1293 -0.1244
vn -0.9779 0.1524 -0.1433
vn -0.9633 0.1800 -0.1990
vn -0.9925 0.0764 -0.0957
vn -0.9898 0.0933 -0.1076
vn -0.9828 0.1025 -0.1538
vn -0.9966 0.0486 -0.0665
vn -0.9954 0.0501 -0.0817
vn -0.9827 0.0852 -0.1644
vn -0.9877 0.0486 -0.1483
vn -0.9944 0.0403 -0.0975
vn -0.9963 0.0394 -0.0762
vn -0.5236 0.7715 -0.3615
vn -0.4662 0.8017 -0.3740
vn -0.8423 0.3615 -0.3998
vn -0.7776 0.5248 -0.3464
vn -0.7619 0.5257 -0.3782
vn -0.6648 0.6524 -0.3638
vn -0.9148 0.2180 -0.3400
vn -0.9300 0.1662 -0.3278
vn -0.8524 0.2177 -0.4754
vn -0.8303 0.2329 -0.5063
vn -0.9372 0.1326 -0.3226
vn -0.9465 0.1212 -0.2991
vn -0.7799 0.2678 -0.5657
vn -0.7805 0.2699 -0.5639
vn -0.9842 0.0478 -0.1704
vn 0.5570 -0.7665 0.3198
vn 0.6075 -0.7601 0.2309
vn 0.4958 -0.8288 0.2594
vn 0.4758 -0.7790 0.4083
vn 0.5831 -0.5997 0.5481
vn 0.5753 -0.5933 0.5631
vn 0.5468 -0.6462 0.5324
vn 0.5439 -0.6636 0.5136
vn 0.6383 -0.5084 0.5780
vn 0.6419 -0.5058 0.5762
vn 0.5987 -0.5581 0.5745
vn 0.5944 -0.5656 0.5716
vn 0.7176 -0.3959 0.5730
vn 0.7210 -0.3936 0.5703
vn 0.6872 -0.4470 0.5727
vn 0.6770 -0.4611 0.5737
vn 0.7645 -0.3083 0.5661
vn 0.7685 -0.3013 0.5644
vn 0.7496 -0.3446 0.5651
vn 0.7435 -0.3561 0.5660
vn 0.8696 -0.4049 0.2826
vn 0.8567 -0.4142 0.3073
vn 0.9414 -0.2607 0.2139
vn 0.9408 -0.2596 0.2181
vn 0.6418 -0.6762 0.3616
vn 0.5290 -0.7599 0.3778
vn 0.5208 -0.7729 0.3625
vn 0.6470 -0.6639 0.3751
vn 0.9558 -0.2113 0.2045
vn 0.9704 -0.1771 0.1643
vn 0.9811 -0.1347 0.1387
vn 0.9639 -0.1895 0.1871
vn 0.9788 -0.1291 0.1590
vn 0.9848 -0.1142 0.1307
vn 0.9880 -0.0940 0.1223
vn 0.9807 -0.1179 0.1562
vn 0.9860 -0.0869 0.1427
vn 0.9897 -0.0808 0.1185
vn 0.9916 -0.0655 0.1115
vn 0.9864 -0.0822 0.1420
vn 0.9910 -0.0633 0.1181
vn 0.9913 -0.0628 0.1153
vn 0.9910 -0.0636 0.1181
vn 0.9911 -0.0615 0.1182
vn 0.5103 -0.7604 0.4016
vn 0.7876 -0.5087 0.3477
vn 0.6035 -0.6509 0.4605
vn 0.5074 -0.7114 0.4862
vn 0.5789 -0.7099 0.4010
vn 0.8978 -0.3089 0.3139
vn 0.7131 -0.4813 0.5097
vn 0.7500 -0.5495 0.3681
vn 0.7314 -0.5414 0.4147
vn 0.9377 -0.1950 0.2876
vn 0.7880 -0.3577 0.5011
vn 0.9520 -0.1533 0.2649
vn 0.8272 -0.2844 0.4846
vn 0.9436 -0.1499 0.2953
vn 0.8468 -0.2370 0.4762
vn 0.7752 -0.2842 0.5642
vn 0.7756 -0.2863 0.5625
vn 0.9844 -0.0802 0.1566
vn 0.9918 -0.0663 0.1090
vn 0.9887 -0.0751 0.1300
vn 0.6576 0.6231 0.4234
vn 0.6578 0.6235 0.4225
vn 0.6600 0.6192 0.4254
vn 0.6574 0.6229 0.4240
vn 0.8118 0.1950 -0.5504
vn 0.8111 0.1665 -0.5607
vn 0.8094 0.1697 -0.5622
vn 0.8145 0.1924 -0.5474
vn 0.8035 0.2345 -0.5471
vn 0.8124 0.2233 -0.5386
vn 0.8009 0.2436 -0.5470
vn 0.7922 0.2558 -0.5540
vn 0.7721 0.2774 -0.5718
vn 0.7877 0.2648 -0.5562
vn 0.7620 0.2867 -0.5807
vn 0.7403 0.3022 -0.6005
vn 0.7073 0.3260 -0.6273
vn 0.7292 0.3122 -0.6089
vn 0.6972 0.3368 -0.6329
vn 0.6776 0.3492 -0.6472
vn 0.6523 0.3530 -0.6707
vn 0.6685 0.3519 -0.6552
vn 0.6453 0.3448 -0.6817
vn 0.6214 0.3455 -0.7032
vn -0.4049 -0.7009 0.5872
vn -0.2988 -0.7188 0.6277
vn -0.5096 -0.6816 0.5251
vn -0.5378 -0.6651 0.5181
vn 0.6446 0.6843 0.3408
vn 0.5201 0.8285 0.2076
vn 0.5908 0.7635 0.2608
vn 0.6727 0.6508 0.3521
vn -0.1844 -0.6383 0.7474
vn -0.1591 -0.6269 0.7627
vn -0.2038 -0.6753 0.7088
vn -0.2599 -0.6869 0.6787
vn -0.1297 -0.5086 0.8512
vn -0.1207 -0.4894 0.8637
vn -0.1375 -0.5573 0.8189
vn -0.1513 -0.5839 0.7976
vn -0.1137 -0.3822 0.9171
vn -0.1065 -0.3569 0.9280
vn -0.1151 -0.4286 0.8961
vn -0.1177 -0.4488 0.8859
vn -0.1916 -0.9814 -0.0072
vn -0.1921 -0.9813 -0.0075
vn -0.1918 -0.9814 -0.0071
vn -0.1917 -0.9814 -0.0070
vn -0.1880 -0.9821 -0.0066
vn -0.1913 -0.9815 -0.0072
vn 0.6683 0.6219 0.4081
vn 0.6778 0.6062 0.4161
vn -0.6379 -0.6344 0.4366
vn -0.5887 -0.6466 0.4851
vn -0.6294 -0.6347 0.4485
vn -0.6293 -0.6348 0.4484
vn -0.6607 -0.6372 0.3968
vn -0.6378 -0.6346 0.4365
vn 0.4917 0.8560 0.1598
vn 0.4841 0.8576 0.1739
vn -0.0502 -0.9981 -0.0360
vn 0.0214 -0.9993 -0.0304
vn -0.0178 -0.9985 -0.0516
vn 0.0088 -0.9997 -0.0226
vn 0.5841 0.3514 -0.7317
vn 0.5840 0.3484 -0.7331
vn 0.5848 0.3501 -0.7317
vn 0.6032 0.3459 -0.7187
vn 0.1302 -0.9907 0.0387
vn 0.0802 -0.9968 -0.0026
vn -0.1353 -0.9906 -0.0208
vn -0.1780 -0.9837 -0.0273
vn -0.0992 -0.3179 0.9429
vn -0.1154 -0.3030 0.9460
vn -0.1381 -0.2884 0.9475
vn -0.1621 -0.2855 0.9446
vn -0.9947 0.0308 -0.0980
vn 0.9316 -0.1602 0.3264
vn 0.8248 -0.2521 0.5061
vn 0.7757 -0.2859 0.5626
vn 0.9796 -0.0860 0.1814
vn -0.1627 -0.2865 0.9442
vn -0.1645 -0.2838 0.9447
vn -0.4762 0.7788 -0.4083
vn 0.4658 -0.8020 0.3739
vn 0.7291 -0.5458 0.4130
vn 0.8114 0.1660 -0.5604
vn 0.8113 0.1654 -0.5607
vn -0.9517 0.2394 -0.1923
vn -0.8774 0.3870 -0.2834
vn -0.9864 0.1159 -0.1164
vn -0.9774 0.1562 -0.1423
vn -0.9924 0.0761 -0.0970
vn -0.9895 0.0972 -0.1074
vn -0.9968 0.0423 -0.0672
vn -0.9948 0.0559 -0.0851
vn -0.9957 0.0370 -0.0847
vn -0.9973 0.0439 -0.0596
vn -0.7683 0.5175 -0.3766
vn -0.7638 0.5196 -0.3829
vn 0.4665 0.8746 0.1323
vn 0.4478 0.8896 0.0904
vn -0.9944 0.0406 -0.0980
vn 0.7291 -0.5234 0.4410
vn -0.4813 0.7659 -0.4263
vn -0.5044 0.7194 -0.4774
vn -0.5471 0.6461 -0.5322
vn -0.5758 0.5930 -0.5629
vn -0.5990 0.5579 -0.5744
vn -0.6424 0.5055 -0.5760
vn -0.6875 0.4469 -0.5724
vn -0.7212 0.3934 -0.5702
vn -0.7499 0.3444 -0.5648
vn -0.7718 0.2906 -0.5655
vn -0.7804 0.2704 -0.5638
vn -0.7807 0.2701 -0.5636
vn 0.1319 -0.9905 0.0383
vn 0.1317 -0.9904 0.0432
vn 0.7757 -0.2863 0.5624
vn -0.4913 0.7638 -0.4186
vn 0.0478 0.9988 -0.0127
vn 0.0524 0.9974 -0.0489
vn 0.0414 0.9987 -0.0305
vn 0.0300 0.9995 0.0018
vn 0.0709 0.9828 -0.1705
vn 0.0619 0.9915 -0.1141
vn 0.0345 0.9893 -0.1420
vn 0.0527 0.9768 -0.2076
vn 0.0795 0.9763 -0.2015
vn 0.0758 0.9673 -0.2420
vn 0.0507 0.9947 -0.0899
vn -0.0455 0.9862 -0.1591
vn -0.0911 0.9879 -0.1254
vn -0.0817 0.9866 -0.1412
vn -0.0266 0.9821 -0.1866
vn 0.0213 0.9994 -0.0270
vn 0.0216 0.9975 -0.0677
vn 0.0193 0.9996 0.0192
vn 0.0267 0.9996 -0.0111
vn 0.0233 0.9997 0.0021
vn 0.0174 0.9996 0.0200
vn 0.0616 0.9870 -0.1484
vn 0.0509 0.9914 -0.1203
vn 0.0378 0.9972 -0.0645
vn 0.0374 0.9593 -0.2799
vn 0.0004 0.9719 -0.2355
vn 0.0207 0.9668 -0.2545
vn 0.0536 0.9467 -0.3178
vn 0.0615 0.9872 -0.1474
vn 0.0594 0.9883 -0.1407
vn 0.0465 0.9934 -0.1045
vn 0.0698 0.9816 -0.1775
vn 0.0777 0.9461 -0.3145
vn 0.0850 0.9385 -0.3347
vn 0.0337 0.9982 -0.0501
vn -0.0540 0.9966 -0.0627
vn -0.0334 0.9943 -0.1009
vn 0.0053 0.9804 -0.1971
vn 0.0174 0.9998 0.0134
vn 0.0171 0.9996 0.0211
vn 0.0858 0.9393 -0.3321
vn 0.0865 0.9377 -0.3366
vn 0.0394 0.9992 -0.0101
vn 0.0437 0.9988 -0.0212
vn -0.0019 0.9992 -0.0401
vn -0.1012 0.9885 -0.1121
vn -0.0629 0.9963 -0.0587
vn 0.0860 0.9669 -0.2404
vn 0.0790 0.9790 -0.1878
vn 0.0702 0.9814 -0.1786
vn 0.0638 0.9861 -0.1537
vn -0.0414 -0.9987 0.0305
vn -0.0524 -0.9974 0.0489
vn -0.0478 -0.9988 0.0127
vn -0.0326 -0.9995 0.0015
vn -0.0345 -0.9893 0.1420
vn -0.0619 -0.9915 0.1142
vn -0.0709 -0.9828 0.1705
vn -0.0526 -0.9768 0.2076
vn -0.0795 -0.9762 0.2019
vn -0.0777 -0.9633 0.2568
vn -0.0507 -0.9947 0.0900
vn 0.0926 -0.9889 0.1161
vn 0.0461 -0.9977 0.0501
vn 0.0334 -0.9943 0.1009
vn 0.0453 -0.9862 0.1591
vn -0.0215 -0.9975 0.0678
vn -0.0213 -0.9994 0.0269
vn -0.0267 -0.9996 0.0111
vn -0.0190 -0.9997 -0.0145
vn -0.0378 -0.9972 0.0645
vn -0.0336 -0.9982 0.0501
vn -0.0467 -0.9934 0.1045
vn -0.0510 -0.9914 0.1203
vn -0.0616 -0.9870 0.1485
vn -0.0053 -0.9804 0.1972
vn -0.0376 -0.9593 0.2799
vn -0.0005 -0.9719 0.2355
vn -0.0614 -0.9871 0.1477
vn -0.0698 -0.9817 0.1773
vn -0.0753 -0.9397 0.3335
vn -0.0340 -0.9994 0.0026
vn -0.0173 -0.9997 -0.0190
vn -0.0863 -0.9739 0.2101
vn -0.0866 -0.9487 0.3042
vn -0.0437 -0.9988 0.0213
vn 0.0019 -0.9992 0.0400
vn 0.0814 -0.9867 0.1409
vn 0.1001 -0.9851 0.1401
vn 0.1000 -0.9850 0.1405
vn 0.1014 -0.9854 0.1370
vn -0.0790 -0.9789 0.1884
vn -0.0699 -0.9816 0.1778
vn -0.0635 -0.9880 0.1407
vn -0.0638 -0.9860 0.1540
vn -0.0593 -0.9883 0.1408
vn 0.0751 -0.9936 0.0849
vn 0.9873 0.0915 0.1301
vn 0.9881 0.1138 0.1038
vn 0.9866 0.0748 0.1447
vn 0.9867 0.0440 0.1565
vn -0.9985 0.0228 -0.0504
vn -0.9981 0.0287 -0.0543
vn -0.9976 0.0216 -0.0655
vn -0.9962 0.0203 -0.0851
vn -0.9977 0.0456 -0.0493
vn -0.9975 0.0517 -0.0473
vn -0.9977 0.0415 -0.0536
vn -0.9979 0.0332 -0.0561
vn 0.9855 0.0088 0.1693
vn 0.9862 0.0309 0.1629
vn 0.9854 -0.0004 0.1703
vn 0.9844 -0.0158 0.1754
vn -0.9975 0.0564 -0.0430
vn -0.9976 0.0572 -0.0402
vn 0.9840 -0.0231 0.1766
vn 0.9832 -0.0298 0.1801
vn -0.9943 0.0208 -0.1044
vn -0.9943 0.0206 -0.1047
vn -0.0034 0.0040 1.0000
vn -0.0110 -0.0191 0.9998
vn -0.0110 -0.0098 0.9999
vn -0.0038 0.0080 1.0000
vn 0.9834 -0.0301 0.1792
vn 0.9831 -0.0301 0.1805
vn -0.0290 -0.2519 -0.9673
vn -0.0371 -0.3464 -0.9374
vn -0.0319 -0.3064 -0.9514
vn -0.0254 -0.2293 -0.9730
vn 0.0023 0.0152 0.9999
vn 0.0012 0.0245 0.9997
vn -0.0021 0.0299 0.9996
vn -0.0030 0.0444 0.9990
vn -0.0195 0.1477 0.9888
vn -0.0152 0.1168 0.9930
vn -0.0202 0.1463 0.9890
vn -0.0203 0.1463 0.9890
vn -0.0226 0.1512 0.9882
vn -0.0196 0.1477 0.9888
vn 0.9893 0.1153 0.0894
vn 0.9901 0.1230 0.0671
vn -0.0215 -0.2125 -0.9769
vn -0.0157 -0.1990 -0.9799
vn -0.0069 -0.1835 -0.9830
vn -0.0077 -0.1887 -0.9820
vn -0.0024 -0.1506 -0.9886
vn -0.0034 -0.1638 -0.9865
vn -0.0021 -0.1507 -0.9886
vn -0.0022 -0.1509 -0.9886
vn -0.0017 -0.1498 -0.9887
vn -0.0024 -0.1505 -0.9886
vn -0.9970 0.0616 -0.0465
vn -0.9974 0.0598 -0.0408
vn -0.0097 0.0760 0.9971
vn -0.0059 0.0624 0.9980
vn 0.0534 0.9953 -0.0803
vn 0.0494 0.9979 -0.0430
vn 0.0438 0.9941 -0.0991
vn 0.0501 0.9887 -0.1414
vn 0.0723 0.9800 -0.1851
vn 0.0618 0.9891 -0.1337
vn 0.0616 0.9759 -0.2093
vn 0.0749 0.9596 -0.2712
vn 0.0861 0.9420 -0.3243
vn 0.0823 0.9702 -0.2280
vn 0.0425 0.9916 -0.1222
vn 0.0526 0.9837 -0.1721
vn 0.0677 0.9853 -0.1567
vn 0.0593 0.9924 -0.1080
vn 0.0773 0.9790 -0.1887
vn 0.0676 0.9682 -0.2407
vn 0.0480 0.9969 -0.0624
vn 0.0504 0.9978 -0.0426
vn 0.0503 0.9978 -0.0423
vn 0.0899 0.9527 -0.2903
vn 0.0929 0.9414 -0.3241
vn 0.0934 0.9412 -0.3246
vn -0.0494 -0.9979 0.0430
vn -0.0506 -0.9978 0.0426
vn -0.0532 -0.9968 0.0590
vn -0.0535 -0.9953 0.0803
vn -0.0750 -0.9596 0.2712
vn -0.0823 -0.9490 0.3044
vn -0.0677 -0.9682 0.2407
vn -0.0618 -0.9759 0.2093
vn -0.0863 -0.9419 0.3246
vn -0.0931 -0.9412 0.3246
vn -0.0594 -0.9924 0.1080
vn -0.0619 -0.9891 0.1337
vn -0.0481 -0.9969 0.0623
vn -0.0438 -0.9941 0.0989
vn -0.0419 -0.9918 0.1207
vn -0.0900 -0.9524 0.2911
vn -0.0823 -0.9701 0.2283
vn -0.0848 -0.9782 0.1895
vn -0.0423 -0.9916 0.1220
vn -0.0389 -0.9918 0.1220
vn -0.0389 -0.9917 0.1222
vn -0.0806 -0.9788 0.1883
vn -0.0772 -0.9791 0.1884
vn -0.9968 0.0544 -0.0586
vn -0.9966 0.0568 -0.0602
vn -0.9970 0.0533 -0.0570
vn -0.9970 0.0519 -0.0571
vn 0.9824 -0.0327 0.1840
vn 0.9831 -0.0313 0.1801
vn 0.9807 -0.0314 0.1930
vn 0.9795 -0.0313 0.1990
vn 0.9784 -0.0298 0.2044
vn 0.9784 -0.0303 0.2047
vn -0.9965 0.0582 -0.0597
vn -0.9965 0.0606 -0.0575
vn 0.9861 -0.0283 0.1636
vn 0.9869 -0.0251 0.1595
vn 0.9854 -0.0295 0.1679
vn 0.9845 -0.0318 0.1727
vn -0.9967 0.0627 -0.0513
vn -0.9966 0.0674 -0.0477
vn -0.9964 0.0734 -0.0423
vn -0.9964 0.0749 -0.0398
vn -0.9970 0.0519 -0.0570
vn -0.9970 0.0517 -0.0572
vn 0.0042 0.1012 0.9949
vn -0.0045 0.0471 0.9989
vn -0.0015 0.0744 0.9972
vn 0.0072 0.1289 0.9916
vn 0.9784 -0.0304 0.2044
vn 0.9783 -0.0305 0.2048
vn -0.0199 -0.2454 -0.9692
vn -0.0358 -0.3361 -0.9411
vn -0.0283 -0.2906 -0.9564
vn -0.0134 -0.1991 -0.9799
vn 0.0095 0.1292 0.9916
vn 0.0073 0.1291 0.9916
vn 0.0088 0.1306 0.9914
vn 0.0096 0.1294 0.9916
vn 0.9872 -0.0244 0.1578
vn 0.9881 -0.0224 0.1522
vn -0.0117 -0.1990 -0.9799
vn -0.0110 -0.1983 -0.9801
vn -0.0118 -0.1990 -0.9799
vn -0.9958 0.0788 -0.0460
vn -0.9962 0.0772 -0.0407
vn 0.0726 0.9823 -0.1725
vn 0.0720 0.9898 -0.1230
vn 0.0608 0.9856 -0.1580
vn 0.0636 0.9750 -0.2128
vn 0.0706 0.9472 -0.3128
vn 0.0815 0.9110 -0.4043
vn 0.0815 0.9400 -0.3314
vn 0.0757 0.9643 -0.2536
vn 0.0913 0.9176 -0.3868
vn 0.0885 0.9257 -0.3678
vn 0.0925 0.8928 -0.4409
vn 0.0961 0.8837 -0.4582
vn 0.0556 0.9832 -0.1736
vn 0.0621 0.9683 -0.2421
vn 0.0801 0.9499 -0.3020
vn 0.0778 0.9701 -0.2299
vn 0.0871 0.9329 -0.3495
vn 0.0849 0.9335 -0.3484
vn 0.0736 0.9340 -0.3497
vn 0.0702 0.9884 -0.1347
vn 0.0755 0.9896 -0.1223
vn 0.0753 0.9897 -0.1220
vn -0.0720 -0.9898 0.1228
vn -0.0755 -0.9896 0.1224
vn -0.0772 -0.9856 0.1502
vn -0.0726 -0.9823 0.1725
vn -0.0814 -0.9109 0.4044
vn -0.0884 -0.8959 0.4353
vn -0.0737 -0.9339 0.3498
vn -0.0707 -0.9472 0.3128
vn -0.0919 -0.8837 0.4589
vn -0.0988 -0.8831 0.4587
vn -0.0777 -0.9701 0.2299
vn -0.0756 -0.9643 0.2537
vn -0.0702 -0.9884 0.1346
vn -0.0608 -0.9855 0.1582
vn -0.0591 -0.9835 0.1710
vn -0.0557 -0.9832 0.1736
vn -0.0538 -0.9836 0.1722
vn -0.0538 -0.9835 0.1725
vn -0.9957 0.0745 -0.0556
vn -0.9956 0.0738 -0.0574
vn -0.9956 0.0734 -0.0574
vn 0.9820 -0.0153 0.1883
vn 0.9824 -0.0192 0.1858
vn 0.9816 -0.0136 0.1906
vn 0.9816 -0.0131 0.1904
vn 0.9818 -0.0137 0.1894
vn 0.9818 -0.0136 0.1894
vn -0.0423 -0.4018 -0.9148
vn -0.0560 -0.4697 -0.8811
vn -0.0499 -0.4358 -0.8986
vn -0.0368 -0.3671 -0.9294
vn -0.9953 0.0700 -0.0666
vn -0.9951 0.0661 -0.0737
vn 0.9823 -0.0259 0.1858
vn 0.9802 -0.0235 0.1964
vn 0.9839 -0.0269 0.1766
vn 0.9835 -0.0235 0.1793
vn -0.9949 0.0627 -0.0789
vn -0.9949 0.0626 -0.0789
vn -0.9956 0.0672 -0.0655
vn -0.9953 0.0651 -0.0712
vn -0.0351 -0.3673 -0.9295
vn -0.0367 -0.3671 -0.9294
vn -0.0351 -0.3673 -0.9294
vn -0.9957 0.0743 -0.0554
vn 0.0121 0.1641 0.9864
vn 0.0118 0.1301 0.9914
vn 0.0124 0.1427 0.9897
vn 0.0121 0.1813 0.9834
vn 0.0113 0.1813 0.9834
vn 0.0120 0.1813 0.9834
vn 0.0106 0.1819 0.9833
vn 0.0111 0.1814 0.9833
vn 0.9779 -0.0207 0.2079
vn 0.9786 -0.0199 0.2047
vn 0.0612 0.9595 -0.2751
vn 0.0658 0.9701 -0.2338
vn 0.0590 0.9758 -0.2106
vn 0.0571 0.9580 -0.2809
vn 0.0655 0.8265 -0.5591
vn 0.0602 0.9121 -0.4054
vn 0.0585 0.8840 -0.4639
vn 0.0638 0.7496 -0.6588
vn 0.0743 0.6277 -0.7749
vn 0.0783 0.7483 -0.6587
vn 0.0551 0.9779 -0.2018
vn 0.0566 0.9463 -0.3183
vn 0.0610 0.8549 -0.5152
vn 0.0603 0.9255 -0.3740
vn 0.0723 0.7914 -0.6070
vn 0.0619 0.8515 -0.5206
vn 0.0667 0.9720 -0.2253
vn 0.0706 0.9697 -0.2340
vn 0.0708 0.9696 -0.2344
vn 0.0856 0.6716 -0.7359
vn 0.0854 0.6268 -0.7745
vn 0.0860 0.6262 -0.7749
vn -0.0660 -0.9700 0.2341
vn -0.0707 -0.9696 0.2342
vn -0.0652 -0.9620 0.2651
vn -0.0613 -0.9595 0.2750
vn -0.0639 -0.7495 0.6589
vn -0.0701 -0.6915 0.7190
vn -0.0621 -0.8516 0.5204
vn -0.0586 -0.8841 0.4637
vn -0.0744 -0.6274 0.7751
vn -0.0853 -0.6266 0.7747
vn -0.0604 -0.9255 0.3739
vn -0.0602 -0.9122 0.4053
vn -0.0667 -0.9719 0.2259
vn -0.0590 -0.9758 0.2104
vn -0.0591 -0.9778 0.2009
vn -0.0856 -0.6714 0.7362
vn -0.0784 -0.7482 0.6588
vn -0.0873 -0.7900 0.6069
vn -0.0553 -0.9780 0.2012
vn -0.0548 -0.9780 0.2012
vn -0.0549 -0.9779 0.2015
vn -0.0724 -0.7911 0.6073
vn -0.0794 -0.7909 0.6067
vn -0.9955 0.0557 -0.0767
vn -0.9958 0.0506 -0.0758
vn -0.9959 0.0490 -0.0756
vn -0.9953 0.0582 -0.0777
vn 0.9853 0.0311 0.1682
vn 0.9848 0.0125 0.1732
vn 0.9875 0.0344 0.1541
vn 0.9879 0.0386 0.1503
vn 0.9901 0.0313 0.1365
vn 0.9903 0.0323 0.1352
vn -0.9964 0.0408 -0.0749
vn -0.9968 0.0328 -0.0733
vn 0.9860 -0.0195 0.1656
vn 0.9858 -0.0235 0.1660
vn 0.9855 -0.0139 0.1689
vn 0.9858 -0.0003 0.1678
vn -0.9969 0.0285 -0.0740
vn -0.9968 0.0266 -0.0750
vn -0.9966 0.0336 -0.0755
vn -0.9968 0.0362 -0.0710
vn -0.9953 0.0584 -0.0770
vn -0.9953 0.0582 -0.0776
vn -0.9953 0.0585 -0.0777
vn -0.9953 0.0584 -0.0774
vn 0.0156 0.2220 0.9749
vn 0.0136 0.2438 0.9697
vn 0.0136 0.2360 0.9717
vn 0.0161 0.2110 0.9774
vn 0.9903 0.0320 0.1350
vn 0.9903 0.0322 0.1353
vn -0.0772 -0.6776 -0.7313
vn -0.1086 -0.7791 -0.6175
vn -0.0954 -0.7301 -0.6766
vn -0.0639 -0.6204 -0.7817
vn 0.0173 0.2109 0.9774
vn 0.0163 0.2108 0.9774
vn 0.9860 -0.0235 0.1651
vn 0.9861 -0.0232 0.1642
vn -0.0584 -0.6206 -0.7819
vn -0.0641 -0.6206 -0.7815
vn -0.0576 -0.6201 -0.7824
vn -0.0586 -0.6209 -0.7817
vn -0.9956 0.0377 -0.0852
vn -0.9964 0.0402 -0.0741
vn -0.0019 0.9999 -0.0145
vn 0.0071 0.9968 -0.0798
vn -0.0108 0.9990 -0.0434
vn -0.0299 0.9995 0.0138
vn 0.0440 0.9568 -0.2873
vn 0.0253 0.9810 -0.1923
vn 0.0116 0.9726 -0.2322
vn 0.0283 0.9437 -0.3294
vn 0.0584 0.9381 -0.3414
vn 0.0579 0.9164 -0.3961
vn 0.0084 0.9897 -0.1429
vn -0.1477 0.9621 -0.2291
vn -0.2141 0.9632 -0.1625
vn -0.1993 0.9626 -0.1836
vn -0.1221 0.9554 -0.2687
vn -0.0312 0.9987 -0.0415
vn -0.0169 0.9938 -0.1095
vn -0.0449 0.9984 0.0346
vn -0.0331 0.9994 -0.0108
vn -0.0389 0.9992 0.0091
vn -0.0478 0.9982 0.0350
vn 0.0312 0.9710 -0.2370
vn 0.0144 0.9840 -0.1777
vn -0.0115 0.9952 -0.0967
vn -0.0088 0.9030 -0.4295
vn -0.0890 0.9306 -0.3551
vn -0.0485 0.9209 -0.3868
vn 0.0260 0.8716 -0.4896
vn 0.0368 0.9750 -0.2193
vn 0.0321 0.9787 -0.2030
vn 0.0055 0.9882 -0.1532
vn 0.0486 0.9555 -0.2911
vn 0.0584 0.8673 -0.4943
vn 0.0674 0.8527 -0.5180
vn -0.0197 0.9971 -0.0730
vn -0.1428 0.9856 -0.0907
vn -0.0983 0.9824 -0.1591
vn -0.0475 0.9542 -0.2954
vn -0.0479 0.9985 0.0255
vn -0.0482 0.9982 0.0343
vn 0.0687 0.8545 -0.5149
vn 0.0694 0.8511 -0.5205
vn -0.0169 0.9998 -0.0057
vn -0.0064 0.9995 -0.0295
vn -0.0376 0.9984 -0.0416
vn -0.1218 0.9901 -0.0695
vn -0.2297 0.9624 -0.1448
vn 0.0706 0.9024 -0.4251
vn 0.0622 0.9406 -0.3338
vn 0.0503 0.9551 -0.2919
vn 0.0421 0.9712 -0.2346
vn 0.0108 -0.9990 0.0434
vn -0.0071 -0.9968 0.0798
vn 0.0019 -0.9999 0.0147
vn 0.0263 -0.9996 -0.0100
vn -0.0115 -0.9725 0.2324
vn -0.0253 -0.9810 0.1923
vn -0.0440 -0.9568 0.2874
vn -0.0282 -0.9437 0.3296
vn -0.0599 -0.9355 0.3483
vn -0.0556 -0.9107 0.4093
vn -0.0084 -0.9897 0.1428
vn 0.2138 -0.9633 0.1621
vn 0.1430 -0.9856 0.0905
vn 0.0984 -0.9823 0.1591
vn 0.1475 -0.9622 0.2291
vn 0.0170 -0.9938 0.1096
vn 0.0314 -0.9986 0.0415
vn 0.0331 -0.9994 0.0108
vn 0.0454 -0.9985 -0.0295
vn 0.0116 -0.9952 0.0967
vn 0.0197 -0.9971 0.0729
vn -0.0055 -0.9882 0.1533
vn -0.0143 -0.9840 0.1779
vn -0.0312 -0.9710 0.2371
vn 0.0475 -0.9542 0.2955
vn 0.0086 -0.9030 0.4295
vn 0.0886 -0.9306 0.3551
vn -0.0367 -0.9749 0.2194
vn -0.0486 -0.9554 0.2911
vn -0.0588 -0.8672 0.4944
vn 0.0246 -0.9997 -0.0041
vn 0.0480 -0.9983 -0.0338
vn -0.0699 -0.9129 0.4021
vn -0.0694 -0.8546 0.5146
vn 0.0064 -0.9995 0.0299
vn 0.0378 -0.9984 0.0417
vn 0.2270 -0.9575 0.1777
vn 0.2295 -0.9625 0.1447
vn 0.1991 -0.9627 0.1830
vn 0.2271 -0.9575 0.1776
vn -0.0609 -0.9461 0.3182
vn -0.0503 -0.9552 0.2917
vn -0.0417 -0.9783 0.2030
vn -0.0421 -0.9713 0.2343
vn -0.0320 -0.9787 0.2029
vn 0.1220 -0.9901 0.0690
vn 0.9694 0.2200 0.1088
vn 0.9665 0.2464 0.0716
vn 0.9728 0.1974 0.1211
vn 0.9799 0.1519 0.1296
vn -0.9984 -0.0458 -0.0329
vn -0.9989 -0.0343 -0.0332
vn -0.9978 -0.0477 -0.0450
vn -0.9971 -0.0495 -0.0584
vn -0.9993 0.0006 -0.0375
vn -0.9990 0.0132 -0.0425
vn -0.9994 -0.0073 -0.0331
vn -0.9991 -0.0251 -0.0335
vn 0.9862 0.0866 0.1414
vn 0.9837 0.1274 0.1267
vn 0.9881 0.0631 0.1406
vn 0.9880 0.0333 0.1508
vn -0.9988 0.0228 -0.0428
vn -0.9990 0.0250 -0.0360
vn 0.9885 0.0209 0.1495
vn 0.9877 0.0125 0.1559
vn -0.9963 -0.0489 -0.0712
vn -0.9962 -0.0491 -0.0717
vn 0.0005 -0.0029 1.0000
vn -0.0000 -0.0343 0.9994
vn -0.0008 -0.0234 0.9997
vn -0.0004 -0.0023 1.0000
vn 0.9878 0.0119 0.1554
vn 0.9875 0.0122 0.1570
vn -0.0389 -0.4200 -0.9067
vn -0.0536 -0.5331 -0.8444
vn -0.0476 -0.4875 -0.8718
vn -0.0346 -0.3986 -0.9165
vn -0.0020 0.0170 0.9999
vn -0.0054 0.0326 0.9995
vn -0.0048 0.0512 0.9987
vn -0.0029 0.0449 0.9990
vn -0.0586 0.1771 0.9825
vn -0.0622 0.1830 0.9811
vn -0.0577 0.1790 0.9822
vn -0.0578 0.1791 0.9821
vn -0.0485 0.1442 0.9884
vn -0.0586 0.1771 0.9824
vn 0.9677 0.2472 0.0499
vn 0.9666 0.2551 0.0231
vn -0.0256 -0.3651 -0.9306
vn -0.0198 -0.3346 -0.9421
vn -0.0079 -0.2961 -0.9551
vn -0.0095 -0.3076 -0.9515
vn 0.0003 -0.2170 -0.9762
vn -0.0014 -0.2488 -0.9686
vn 0.0010 -0.2176 -0.9760
vn 0.0013 -0.2175 -0.9761
vn 0.0022 -0.2149 -0.9766
vn 0.0006 -0.2168 -0.9762
vn -0.9981 0.0342 -0.0520
vn -0.9988 0.0309 -0.0385
vn -0.0108 0.0724 0.9973
vn -0.0319 0.1153 0.9928
vn -0.0980 0.9935 -0.0578
vn -0.0823 0.9840 -0.1582
vn -0.0867 0.9911 -0.1006
vn -0.1159 0.9933 -0.0011
vn -0.0099 0.8460 -0.5331
vn -0.0501 0.9366 -0.3468
vn -0.0869 0.9130 -0.3985
vn -0.0357 0.8019 -0.5964
vn 0.0314 0.7612 -0.6477
vn 0.0244 0.7120 -0.7018
vn -0.0569 0.9596 -0.2756
vn -0.2595 0.9201 -0.2933
vn -0.3190 0.9272 -0.1960
vn -0.3075 0.9284 -0.2086
vn -0.2336 0.9109 -0.3402
vn -0.1609 0.9819 -0.0996
vn -0.1315 0.9709 -0.2002
vn -0.1328 0.9901 0.0456
vn -0.1099 0.9931 -0.0403
vn -0.1202 0.9927 -0.0009
vn -0.1388 0.9893 0.0450
vn -0.0170 0.8965 -0.4426
vn -0.0404 0.9375 -0.3456
vn -0.0827 0.9775 -0.1939
vn -0.1330 0.8328 -0.5374
vn -0.0274 0.6938 -0.7196
vn -0.0733 0.7505 -0.6567
vn -0.1866 0.8558 -0.4824
vn 0.0095 0.9012 -0.4333
vn 0.0074 0.9149 -0.4036
vn -0.0393 0.9397 -0.3397
vn 0.0271 0.8364 -0.5475
vn 0.0151 0.6516 -0.7584
vn 0.0266 0.6371 -0.7703
vn -0.0758 0.9784 -0.1923
vn -0.2621 0.9535 -0.1488
vn -0.2157 0.9443 -0.2486
vn -0.1466 0.8783 -0.4551
vn -0.1392 0.9900 0.0245
vn -0.1396 0.9892 0.0436
vn 0.0276 0.6393 -0.7684
vn 0.0280 0.6357 -0.7715
vn -0.1027 0.9940 -0.0380
vn -0.1034 0.9924 -0.0671
vn -0.1512 0.9847 -0.0872
vn -0.3312 0.9249 -0.1864
vn -0.2500 0.9593 -0.1317
vn 0.0363 0.6900 -0.7229
vn 0.0460 0.7775 -0.6272
vn 0.0345 0.8437 -0.5357
vn 0.0223 0.8985 -0.4383
vn 0.0866 -0.9912 0.0999
vn 0.0824 -0.9840 0.1580
vn 0.0939 -0.9942 0.0516
vn 0.1112 -0.9938 0.0093
vn 0.0869 -0.9130 0.3986
vn 0.0501 -0.9366 0.3468
vn 0.0098 -0.8458 0.5333
vn 0.0358 -0.8017 0.5966
vn -0.0342 -0.7535 0.6566
vn -0.0191 -0.6989 0.7149
vn 0.0567 -0.9596 0.2757
vn 0.3187 -0.9274 0.1958
vn 0.2547 -0.9566 0.1415
vn 0.2113 -0.9390 0.2712
vn 0.2733 -0.9190 0.2841
vn 0.1317 -0.9709 0.2001
vn 0.1469 -0.9853 0.0868
vn 0.1099 -0.9932 0.0388
vn 0.1341 -0.9904 -0.0337
vn 0.0756 -0.9752 0.2078
vn 0.0874 -0.9830 0.1612
vn 0.0330 -0.9387 0.3430
vn 0.0456 -0.9362 0.3485
vn 0.0169 -0.8964 0.4428
vn 0.1254 -0.8756 0.4665
vn 0.0729 -0.7504 0.6569
vn 0.1981 -0.8652 0.4606
vn -0.0017 -0.9036 0.4284
vn -0.0272 -0.8360 0.5480
vn -0.0154 -0.6513 0.7587
vn 0.1117 -0.9936 0.0185
vn 0.1392 -0.9894 -0.0415
vn -0.0395 -0.7117 0.7013
vn -0.0279 -0.6390 0.7687
vn 0.1095 -0.9911 0.0759
vn 0.1793 -0.9773 0.1129
vn 0.3072 -0.9285 0.2087
vn 0.3290 -0.9208 0.2094
vn 0.3293 -0.9208 0.2089
vn 0.3310 -0.9250 0.1864
vn -0.0464 -0.7974 0.6016
vn -0.0348 -0.8432 0.5365
vn -0.0219 -0.9151 0.4027
vn -0.0234 -0.9154 0.4018
vn -0.0221 -0.8984 0.4387
vn 0.2713 -0.9511 0.1477
vn 0.9334 0.3483 0.0863
vn 0.9260 0.3715 0.0674
vn 0.9444 0.3219 0.0672
vn 0.9602 0.2721 0.0636
vn -0.9876 -0.1430 -0.0655
vn -0.9993 -0.0291 -0.0218
vn -0.9902 -0.1381 -0.0208
vn -0.9871 -0.1460 -0.0650
vn -0.9986 0.0191 -0.0489
vn -0.9986 -0.0433 -0.0306
vn -0.9985 0.0400 -0.0379
vn -0.9824 0.1753 -0.0640
vn 0.9832 0.1750 0.0520
vn 0.9722 0.2315 0.0359
vn 0.9914 0.1177 0.0574
vn 0.9921 0.1083 0.0639
vn -1.0000 -0.0037 0.0032
vn -0.9999 0.0049 0.0131
vn 0.9940 0.0747 0.0795
vn 0.9940 0.0664 0.0873
vn -0.9853 -0.1448 -0.0904
vn -0.9851 -0.1458 -0.0914
vn 0.0029 0.0215 0.9998
vn 0.0154 -0.0408 0.9990
vn 0.0112 -0.0175 0.9998
vn 0.0004 0.0270 0.9996
vn 0.9938 0.0674 0.0887
vn 0.9936 0.0680 0.0899
vn -0.0590 -0.7199 -0.6915
vn -0.0711 -0.7835 -0.6173
vn -0.0682 -0.7615 -0.6446
vn -0.0566 -0.7188 -0.6929
vn -0.0076 0.0561 0.9984
vn -0.0118 0.0814 0.9966
vn -0.0185 0.0915 0.9956
vn -0.0244 0.1195 0.9925
vn -0.0599 0.2112 0.9756
vn -0.0651 0.2176 0.9739
vn -0.0595 0.2135 0.9751
vn -0.0594 0.2135 0.9751
vn -0.0497 0.1900 0.9805
vn 0.9254 0.3738 0.0621
vn 0.9244 0.3793 0.0403
vn -0.0442 -0.6767 -0.7349
vn -0.0387 -0.6237 -0.7807
vn -0.0211 -0.5533 -0.8327
vn -0.0229 -0.5595 -0.8285
vn -0.0074 -0.4255 -0.9049
vn -0.0095 -0.4736 -0.8807
vn -0.0065 -0.4266 -0.9044
vn -0.0064 -0.4265 -0.9045
vn -0.0043 -0.4223 -0.9064
vn -0.0073 -0.4254 -0.9050
vn -0.9996 0.0279 0.0065
vn -0.9991 0.0272 0.0320
vn -0.0382 0.1541 0.9873
vn -0.0332 0.1541 0.9875
vn -0.0889 -0.9203 0.3810
vn -0.0913 -0.9325 0.3494
vn -0.0962 -0.8969 0.4316
vn -0.0850 -0.9334 0.3486
vn -0.0871 -0.9330 0.3492
vn -0.9958 0.0695 -0.0596
vn -0.9958 0.0695 -0.0598
vn 0.0652 0.9620 -0.2651
vn 0.0589 0.9778 -0.2009
vn 0.0875 0.7899 -0.6069
vn 0.0792 0.7909 -0.6068
vn -0.0570 -0.9581 0.2805
vn -0.0610 -0.8549 0.5152
vn -0.0652 -0.8265 0.5592
vn 0.0125 0.2448 0.9695
vn 0.0129 0.2455 0.9693
vn 0.0772 0.9856 -0.1502
vn 0.0592 0.9836 -0.1706
vn -0.0636 -0.9750 0.2127
vn -0.0802 -0.9499 0.3021
vn -0.0816 -0.9399 0.3314
vn -0.0755 -0.9896 0.1225
vn 0.0123 0.1297 0.9915
vn 0.0120 0.1294 0.9915
vn 0.0531 0.9968 -0.0590
vn 0.0424 0.9917 -0.1210
vn 0.0848 0.9784 -0.1887
vn 0.0807 0.9788 -0.1883
vn -0.0501 -0.9887 0.1414
vn -0.0677 -0.9853 0.1567
vn -0.0722 -0.9800 0.1852
vn -0.0505 -0.9978 0.0427
vn -0.0044 0.0472 0.9989
vn -0.0062 0.0467 0.9989
vn -0.0065 0.0472 0.9989
vn -0.0066 0.0471 0.9989
vn 0.0636 0.9880 -0.1405
vn -0.0234 -0.9997 -0.0021
vn -0.0173 -0.9997 -0.0197
vn -0.0169 -0.9996 -0.0204
vn -0.0112 -0.0188 0.9998
vn -0.0110 -0.0194 0.9998
vn -0.0114 -0.0189 0.9998
vn -0.0111 -0.0191 0.9998
vn 0.0418 0.9783 -0.2031
vn 0.0389 -0.9992 -0.0092
vn 0.0478 -0.9982 -0.0351
vn 0.0482 -0.9982 -0.0348
vn 0.0004 -0.0354 0.9994
vn -0.0002 -0.0346 0.9994
vn -0.0001 -0.0347 0.9994
vn 0.0223 0.8987 -0.4381
vn 0.0238 0.9158 -0.4010
vn 0.0075 0.9150 -0.4034
vn 0.1202 -0.9927 -0.0004
vn 0.1387 -0.9893 -0.0451
vn 0.1396 -0.9893 -0.0435
vn 0.0156 -0.0410 0.9990
vn 0.0168 -0.0430 0.9989
vn 0.0154 -0.0416 0.9990
vn 0.0151 -0.0415 0.9990
vn 0.0699 0.6917 -0.7188
vn 0.0550 0.9778 -0.2021
vn -0.0565 -0.9464 0.3180
vn -0.0860 -0.6255 0.7754
vn -0.1163 -0.7795 -0.6155
vn -0.1149 -0.7786 -0.6169
vn 0.0884 0.8960 -0.4352
vn 0.0987 0.8833 -0.4583
vn 0.0991 0.8830 -0.4589
vn 0.0539 0.9836 -0.1721
vn -0.0622 -0.9683 0.2421
vn -0.0588 -0.4704 -0.8805
vn -0.0583 -0.4698 -0.8808
vn -0.0991 -0.8830 0.4588
vn 0.0824 0.9490 -0.3044
vn 0.0390 0.9917 -0.1226
vn -0.0526 -0.9837 0.1722
vn -0.0935 -0.9412 0.3248
vn -0.0397 -0.3377 -0.9404
vn -0.0386 -0.3364 -0.9409
vn -0.1004 0.9849 -0.1409
vn 0.0264 -0.9821 0.1867
vn -0.0208 -0.9668 0.2546
vn -0.0538 -0.9466 0.3178
vn -0.0852 -0.9385 0.3345
vn -0.0867 -0.9376 0.3366
vn -0.0393 -0.3510 -0.9356
vn -0.0364 -0.3477 -0.9369
vn -0.2275 0.9573 -0.1785
vn 0.1220 -0.9554 0.2688
vn 0.0482 -0.9209 0.3869
vn -0.0265 -0.8715 0.4898
vn -0.0681 -0.8528 0.5178
vn -0.0701 -0.8512 0.5201
vn -0.0565 -0.5387 -0.8406
vn -0.0526 -0.5346 -0.8434
vn -0.3297 0.9207 -0.2088
vn 0.2337 -0.9108 0.3403
vn 0.0270 -0.6935 0.7200
vn 0.1330 -0.8326 0.5377
vn -0.0268 -0.6369 0.7705
vn -0.0282 -0.6355 0.7716
vn -0.0732 -0.7867 -0.6130
vn -0.0703 -0.7845 -0.6162
vn 0.5873 0.6402 -0.4953
vn 0.5021 0.7522 -0.4267
vn 0.5724 0.7242 -0.3845
vn 0.7354 0.5376 -0.4125
vn 0.4781 0.7729 -0.4173
vn 0.4681 0.7961 -0.3836
vn 0.5024 0.7318 -0.4606
vn 0.5792 0.5979 -0.5541
vn 0.5422 0.6643 -0.5145
vn 0.6743 0.5084 -0.5357
vn 0.6389 0.5080 -0.5778
vn 0.5947 0.5654 -0.5715
vn 0.7774 0.3632 -0.5136
vn 0.7179 0.3956 -0.5728
vn 0.6774 0.4608 -0.5734
vn 0.8234 0.2760 -0.4958
vn 0.7672 0.3007 -0.5665
vn 0.7438 0.3559 -0.5658
vn 0.7702 0.5634 -0.2990
vn 0.8878 0.3863 -0.2501
vn 0.9533 0.2413 -0.1813
vn 0.9205 0.3069 -0.2417
vn 0.5170 0.7797 -0.3532
vn 0.6539 0.6766 -0.3385
vn 0.9838 0.1293 -0.1244
vn 0.9675 0.1721 -0.1851
vn 0.9779 0.1525 -0.1433
vn 0.9925 0.0765 -0.0957
vn 0.9760 0.1243 -0.1790
vn 0.9898 0.0933 -0.1075
vn 0.9966 0.0486 -0.0664
vn 0.9827 0.0852 -0.1643
vn 0.9954 0.0501 -0.0816
vn 0.9877 0.0487 -0.1483
vn 0.9963 0.0394 -0.0762
vn 0.9944 0.0399 -0.0975
vn 0.4662 0.8018 -0.3740
vn 0.5236 0.7715 -0.3615
vn 0.8585 0.3395 -0.3843
vn 0.7776 0.5247 -0.3464
vn 0.6648 0.6524 -0.3638
vn 0.7620 0.5256 -0.3782
vn 0.9140 0.2168 -0.3428
vn 0.9300 0.1660 -0.3280
vn 0.8524 0.2177 -0.4754
vn 0.9465 0.1213 -0.2991
vn 0.9372 0.1326 -0.3226
vn 0.8303 0.2330 -0.5063
vn 0.7799 0.2678 -0.5658
vn 0.7805 0.2700 -0.5639
vn 0.9842 0.0479 -0.1704
vn -0.5570 -0.7665 0.3197
vn -0.4758 -0.7790 0.4084
vn -0.4958 -0.8289 0.2593
vn -0.6076 -0.7600 0.2308
vn -0.5831 -0.5997 0.5481
vn -0.5439 -0.6636 0.5136
vn -0.5467 -0.6463 0.5324
vn -0.5754 -0.5932 0.5631
vn -0.6383 -0.5084 0.5781
vn -0.5943 -0.5656 0.5717
vn -0.5985 -0.5582 0.5746
vn -0.6418 -0.5059 0.5764
vn -0.7175 -0.3960 0.5731
vn -0.6769 -0.4611 0.5738
vn -0.6870 -0.4471 0.5728
vn -0.7208 -0.3937 0.5705
vn -0.7645 -0.3083 0.5662
vn -0.7435 -0.3561 0.5661
vn -0.7496 -0.3446 0.5650
vn -0.7685 -0.3013 0.5644
vn -0.8696 -0.4049 0.2826
vn -0.9408 -0.2595 0.2181
vn -0.9414 -0.2607 0.2139
vn -0.8568 -0.4141 0.3073
vn -0.6418 -0.6763 0.3616
vn -0.6469 -0.6640 0.3751
vn -0.5209 -0.7729 0.3625
vn -0.5290 -0.7599 0.3778
vn -0.9558 -0.2114 0.2045
vn -0.9639 -0.1894 0.1871
vn -0.9811 -0.1346 0.1387
vn -0.9704 -0.1772 0.1643
vn -0.9788 -0.1291 0.1590
vn -0.9807 -0.1179 0.1562
vn -0.9880 -0.0940 0.1223
vn -0.9848 -0.1142 0.1307
vn -0.9860 -0.0868 0.1426
vn -0.9864 -0.0821 0.1421
vn -0.9916 -0.0655 0.1115
vn -0.9897 -0.0807 0.1185
vn -0.9910 -0.0633 0.1181
vn -0.9911 -0.0612 0.1182
vn -0.9910 -0.0636 0.1181
vn -0.9913 -0.0628 0.1153
vn -0.5103 -0.7605 0.4016
vn -0.6035 -0.6510 0.4605
vn -0.7876 -0.5087 0.3477
vn -0.5790 -0.7099 0.4010
vn -0.5074 -0.7115 0.4862
vn -0.7131 -0.4813 0.5097
vn -0.8978 -0.3089 0.3139
vn -0.7501 -0.5495 0.3680
vn -0.7314 -0.5413 0.4147
vn -0.7880 -0.3577 0.5011
vn -0.9377 -0.1950 0.2876
vn -0.8272 -0.2844 0.4846
vn -0.9520 -0.1533 0.2649
vn -0.9436 -0.1498 0.2953
vn -0.8468 -0.2368 0.4762
vn -0.7752 -0.2842 0.5642
vn -0.7756 -0.2863 0.5625
vn -0.9844 -0.0803 0.1566
vn -0.9887 -0.0751 0.1300
vn -0.9918 -0.0662 0.1093
vn -0.6576 0.6232 0.4234
vn -0.6574 0.6229 0.4239
vn -0.6600 0.6192 0.4254
vn -0.6578 0.6235 0.4226
vn -0.8118 0.1950 -0.5504
vn -0.8145 0.1928 -0.5471
vn -0.8094 0.1697 -0.5622
vn -0.8111 0.1665 -0.5607
vn -0.8035 0.2344 -0.5471
vn -0.7922 0.2558 -0.5540
vn -0.8009 0.2436 -0.5470
vn -0.8124 0.2233 -0.5386
vn -0.7721 0.2774 -0.5718
vn -0.7403 0.3022 -0.6005
vn -0.7620 0.2868 -0.5807
vn -0.7877 0.2648 -0.5562
vn -0.7074 0.3259 -0.6272
vn -0.6777 0.3491 -0.6472
vn -0.6973 0.3367 -0.6328
vn -0.7293 0.3121 -0.6088
vn -0.6523 0.3530 -0.6707
vn -0.6214 0.3454 -0.7032
vn -0.6454 0.3447 -0.6817
vn -0.6686 0.3518 -0.6551
vn 0.4049 -0.7009 0.5872
vn 0.5379 -0.6650 0.5181
vn 0.5096 -0.6816 0.5252
vn 0.2988 -0.7188 0.6277
vn -0.6446 0.6844 0.3408
vn -0.6726 0.6508 0.3521
vn -0.5908 0.7635 0.2608
vn -0.5202 0.8284 0.2077
vn 0.1844 -0.6383 0.7473
vn 0.2602 -0.6869 0.6786
vn 0.2042 -0.6753 0.7087
vn 0.1590 -0.6269 0.7627
vn 0.1298 -0.5087 0.8511
vn 0.1513 -0.5840 0.7976
vn 0.1375 -0.5573 0.8189
vn 0.1208 -0.4894 0.8636
vn 0.1138 -0.3822 0.9170
vn 0.1178 -0.4488 0.8858
vn 0.1151 -0.4286 0.8961
vn 0.1066 -0.3569 0.9280
vn 0.1917 -0.9814 -0.0073
vn 0.1882 -0.9821 -0.0066
vn 0.1920 -0.9814 -0.0071
vn 0.1924 -0.9813 -0.0076
vn -0.6777 0.6063 0.4161
vn -0.6683 0.6220 0.4080
vn 0.6378 -0.6344 0.4367
vn 0.6608 -0.6371 0.3968
vn 0.6293 -0.6347 0.4485
vn 0.5886 -0.6467 0.4851
vn -0.4917 0.8560 0.1597
vn -0.4841 0.8576 0.1738
vn 0.0502 -0.9981 -0.0360
vn -0.0088 -0.9997 -0.0226
vn 0.0178 -0.9985 -0.0516
vn -0.0214 -0.9993 -0.0304
vn -0.5841 0.3514 -0.7317
vn -0.6031 0.3459 -0.7187
vn -0.5848 0.3500 -0.7318
vn -0.5840 0.3484 -0.7332
vn -0.0803 -0.9968 -0.0026
vn -0.1302 -0.9907 0.0387
vn 0.1781 -0.9836 -0.0273
vn 0.1354 -0.9906 -0.0208
vn 0.0991 -0.3179 0.9429
vn 0.1153 -0.3030 0.9460
vn 0.1622 -0.2856 0.9445
vn 0.1381 -0.2885 0.9475
vn 0.9947 0.0306 -0.0980
vn -0.8249 -0.2519 0.5061
vn -0.9316 -0.1602 0.3264
vn -0.7757 -0.2859 0.5626
vn -0.9796 -0.0861 0.1814
vn 0.1621 -0.2856 0.9445
vn 0.1646 -0.2837 0.9447
vn 0.1628 -0.2861 0.9443
vn 0.1631 -0.2863 0.9442
vn 0.4761 0.7789 -0.4082
vn -0.4656 -0.8022 0.3738
vn -0.7291 -0.5458 0.4130
vn -0.8113 0.1664 -0.5604
vn -0.8113 0.1656 -0.5607
vn 0.8774 0.3871 -0.2833
vn 0.9517 0.2393 -0.1922
vn 0.9774 0.1564 -0.1423
vn 0.9864 0.1158 -0.1163
vn 0.9895 0.0972 -0.1074
vn 0.9924 0.0761 -0.0970
vn 0.9948 0.0559 -0.0850
vn 0.9968 0.0423 -0.0672
vn 0.9973 0.0438 -0.0596
vn 0.9957 0.0372 -0.0847
vn 0.7639 0.5195 -0.3829
vn 0.7684 0.5175 -0.3766
vn -0.4478 0.8895 0.0903
vn -0.4665 0.8746 0.1322
vn 0.9944 0.0409 -0.0977
vn -0.7292 -0.5232 0.4411
vn 0.5045 0.7194 -0.4774
vn 0.4813 0.7660 -0.4262
vn 0.5757 0.5931 -0.5629
vn 0.5471 0.6461 -0.5323
vn 0.6426 0.5054 -0.5758
vn 0.5990 0.5579 -0.5744
vn 0.7212 0.3934 -0.5702
vn 0.6875 0.4468 -0.5724
vn 0.7718 0.2907 -0.5655
vn 0.7500 0.3444 -0.5648
vn 0.7805 0.2705 -0.5636
vn 0.7804 0.2704 -0.5638
vn -0.1320 -0.9905 0.0382
vn -0.1318 -0.9903 0.0432
vn -0.7757 -0.2863 0.5624
vn 0.4913 0.7638 -0.4185
vn -0.0479 0.9988 -0.0126
vn -0.0300 0.9995 0.0022
vn -0.0414 0.9987 -0.0305
vn -0.0525 0.9974 -0.0489
vn -0.0709 0.9828 -0.1704
vn -0.0527 0.9768 -0.2075
vn -0.0345 0.9893 -0.1420
vn -0.0619 0.9915 -0.1142
vn -0.0795 0.9762 -0.2018
vn -0.0759 0.9674 -0.2418
vn -0.0507 0.9947 -0.0899
vn 0.0455 0.9862 -0.1591
vn 0.0268 0.9821 -0.1866
vn 0.0817 0.9866 -0.1413
vn 0.0910 0.9879 -0.1257
vn -0.0213 0.9994 -0.0271
vn -0.0213 0.9975 -0.0679
vn -0.0193 0.9996 0.0190
vn -0.0172 0.9997 0.0198
vn -0.0235 0.9997 0.0021
vn -0.0268 0.9996 -0.0111
vn -0.0379 0.9972 -0.0645
vn -0.0510 0.9914 -0.1203
vn -0.0616 0.9870 -0.1485
vn -0.0374 0.9593 -0.2798
vn -0.0536 0.9467 -0.3178
vn -0.0207 0.9668 -0.2545
vn -0.0003 0.9719 -0.2355
vn -0.0468 0.9934 -0.1045
vn -0.0596 0.9883 -0.1407
vn -0.0615 0.9872 -0.1472
vn -0.0698 0.9817 -0.1774
vn -0.0777 0.9460 -0.3146
vn -0.0848 0.9385 -0.3348
vn -0.0338 0.9982 -0.0501
vn 0.0540 0.9966 -0.0625
vn 0.0334 0.9943 -0.1009
vn -0.0053 0.9804 -0.1971
vn -0.0173 0.9998 0.0129
vn -0.0170 0.9996 0.0203
vn -0.0858 0.9392 -0.3325
vn -0.0863 0.9377 -0.3366
vn -0.0395 0.9992 -0.0095
vn -0.0437 0.9988 -0.0211
vn 0.0019 0.9992 -0.0404
vn 0.1011 0.9885 -0.1127
vn 0.0629 0.9963 -0.0583
vn -0.0860 0.9669 -0.2402
vn -0.0789 0.9790 -0.1882
vn -0.0702 0.9815 -0.1783
vn -0.0638 0.9861 -0.1534
vn 0.0414 -0.9987 0.0305
vn 0.0326 -0.9995 0.0013
vn 0.0478 -0.9988 0.0127
vn 0.0524 -0.9974 0.0488
vn 0.0345 -0.9893 0.1420
vn 0.0526 -0.9768 0.2077
vn 0.0709 -0.9828 0.1705
vn 0.0619 -0.9915 0.1142
vn 0.0777 -0.9634 0.2567
vn 0.0795 -0.9762 0.2018
vn 0.0507 -0.9947 0.0900
vn -0.0926 -0.9889 0.1162
vn -0.0453 -0.9862 0.1591
vn -0.0334 -0.9943 0.1009
vn -0.0461 -0.9977 0.0500
vn 0.0213 -0.9994 0.0270
vn 0.0215 -0.9975 0.0678
vn 0.0267 -0.9996 0.0111
vn 0.0190 -0.9997 -0.0147
vn 0.0378 -0.9972 0.0645
vn 0.0509 -0.9914 0.1203
vn 0.0466 -0.9934 0.1046
vn 0.0338 -0.9982 0.0501
vn 0.0616 -0.9870 0.1485
vn 0.0053 -0.9804 0.1972
vn 0.0006 -0.9719 0.2355
vn 0.0376 -0.9593 0.2799
vn 0.0615 -0.9871 0.1477
vn 0.0699 -0.9816 0.1775
vn 0.0754 -0.9397 0.3336
vn 0.0340 -0.9994 0.0023
vn 0.0172 -0.9997 -0.0197
vn 0.0866 -0.9486 0.3044
vn 0.0863 -0.9739 0.2098
vn 0.0437 -0.9988 0.0213
vn -0.0019 -0.9992 0.0400
vn -0.1015 -0.9854 0.1370
vn -0.1001 -0.9850 0.1405
vn -0.0814 -0.9866 0.1412
vn 0.0790 -0.9789 0.1882
vn 0.0702 -0.9815 0.1782
vn 0.0637 -0.9880 0.1407
vn 0.0594 -0.9883 0.1408
vn 0.0639 -0.9860 0.1540
vn -0.0750 -0.9936 0.0846
vn -0.9873 0.0913 0.1301
vn -0.9867 0.0439 0.1565
vn -0.9866 0.0747 0.1448
vn -0.9881 0.1137 0.1039
vn 0.9985 0.0231 -0.0503
vn 0.9962 0.0205 -0.0851
vn 0.9976 0.0218 -0.0655
vn 0.9981 0.0289 -0.0543
vn 0.9977 0.0455 -0.0493
vn 0.9979 0.0334 -0.0561
vn 0.9977 0.0415 -0.0536
vn 0.9976 0.0516 -0.0473
vn -0.9855 0.0089 0.1692
vn -0.9844 -0.0157 0.1754
vn -0.9854 -0.0002 0.1703
vn -0.9862 0.0309 0.1629
vn 0.9975 0.0564 -0.0430
vn 0.9976 0.0570 -0.0401
vn -0.9833 -0.0298 0.1798
vn -0.9840 -0.0231 0.1767
vn 0.9943 0.0207 -0.1047
vn 0.9943 0.0208 -0.1044
vn 0.0034 0.0040 1.0000
vn 0.0038 0.0080 1.0000
vn 0.0111 -0.0098 0.9999
vn 0.0108 -0.0191 0.9998
vn -0.9831 -0.0301 0.1804
vn -0.9833 -0.0300 0.1793
vn 0.0290 -0.2517 -0.9674
vn 0.0254 -0.2293 -0.9730
vn 0.0319 -0.3063 -0.9514
vn 0.0371 -0.3462 -0.9374
vn -0.0012 0.0244 0.9997
vn -0.0023 0.0152 0.9999
vn 0.0030 0.0444 0.9990
vn 0.0021 0.0299 0.9996
vn 0.0196 0.1477 0.9888
vn 0.0226 0.1512 0.9882
vn 0.0202 0.1462 0.9890
vn 0.0152 0.1167 0.9930
vn -0.9893 0.1152 0.0895
vn -0.9881 0.1137 0.1038
vn -0.9901 0.1230 0.0671
vn -0.9893 0.1153 0.0894
vn 0.0157 -0.1985 -0.9800
vn 0.0215 -0.2121 -0.9770
vn 0.0077 -0.1886 -0.9820
vn 0.0069 -0.1833 -0.9830
vn 0.0023 -0.1504 -0.9886
vn 0.0017 -0.1498 -0.9887
vn 0.0021 -0.1509 -0.9885
vn 0.0034 -0.1638 -0.9865
vn 0.9974 0.0598 -0.0408
vn 0.9970 0.0618 -0.0468
vn 0.0059 0.0624 0.9980
vn 0.0097 0.0760 0.9971
vn -0.0534 0.9953 -0.0803
vn -0.0501 0.9887 -0.1414
vn -0.0438 0.9941 -0.0991
vn -0.0493 0.9979 -0.0428
vn -0.0723 0.9800 -0.1851
vn -0.0749 0.9596 -0.2712
vn -0.0616 0.9759 -0.2092
vn -0.0617 0.9891 -0.1337
vn -0.0822 0.9701 -0.2282
vn -0.0862 0.9420 -0.3245
vn -0.0526 0.9837 -0.1721
vn -0.0423 0.9916 -0.1221
vn -0.0591 0.9924 -0.1080
vn -0.0677 0.9853 -0.1566
vn -0.0772 0.9790 -0.1886
vn -0.0677 0.9682 -0.2407
vn -0.0481 0.9969 -0.0622
vn -0.0504 0.9978 -0.0430
vn -0.0504 0.9978 -0.0426
vn -0.0900 0.9525 -0.2908
vn -0.0935 0.9412 -0.3247
vn -0.0930 0.9414 -0.3241
vn 0.0493 -0.9979 0.0428
vn 0.0534 -0.9953 0.0803
vn 0.0531 -0.9968 0.0590
vn 0.0505 -0.9978 0.0426
vn 0.0750 -0.9596 0.2712
vn 0.0616 -0.9759 0.2093
vn 0.0677 -0.9682 0.2407
vn 0.0824 -0.9490 0.3044
vn 0.0862 -0.9419 0.3247
vn 0.0929 -0.9413 0.3245
vn 0.0618 -0.9891 0.1338
vn 0.0592 -0.9924 0.1080
vn 0.0480 -0.9969 0.0620
vn 0.0424 -0.9918 0.1209
vn 0.0438 -0.9941 0.0991
vn 0.0899 -0.9525 0.2911
vn 0.0847 -0.9783 0.1891
vn 0.0822 -0.9702 0.2281
vn 0.0390 -0.9917 0.1223
vn 0.0424 -0.9916 0.1222
vn 0.0805 -0.9788 0.1885
vn 0.0771 -0.9790 0.1885
vn 0.9968 0.0546 -0.0586
vn 0.9970 0.0518 -0.0571
vn 0.9970 0.0532 -0.0569
vn 0.9966 0.0570 -0.0602
vn -0.9824 -0.0328 0.1840
vn -0.9795 -0.0313 0.1989
vn -0.9807 -0.0314 0.1930
vn -0.9831 -0.0313 0.1801
vn -0.9783 -0.0303 0.2048
vn -0.9784 -0.0300 0.2044
vn 0.9965 0.0580 -0.0597
vn 0.9965 0.0604 -0.0576
vn -0.9861 -0.0284 0.1636
vn -0.9845 -0.0318 0.1726
vn -0.9854 -0.0296 0.1679
vn -0.9869 -0.0251 0.1595
vn 0.9967 0.0626 -0.0513
vn 0.9966 0.0673 -0.0477
vn 0.9964 0.0735 -0.0423
vn 0.9964 0.0751 -0.0398
vn 0.9970 0.0517 -0.0573
vn 0.9970 0.0518 -0.0569
vn -0.0042 0.1013 0.9948
vn -0.0073 0.1290 0.9916
vn 0.0015 0.0744 0.9972
vn 0.0045 0.0471 0.9989
vn -0.9783 -0.0304 0.2050
vn -0.9784 -0.0304 0.2045
vn 0.0200 -0.2458 -0.9691
vn 0.0134 -0.1992 -0.9799
vn 0.0285 -0.2911 -0.9563
vn 0.0358 -0.3363 -0.9411
vn -0.0094 0.1296 0.9915
vn -0.0088 0.1306 0.9914
vn -0.9872 -0.0245 0.1577
vn -0.9881 -0.0224 0.1520
vn -0.9872 -0.0244 0.1578
vn 0.0116 -0.1990 -0.9799
vn 0.0109 -0.1983 -0.9801
vn 0.9962 0.0776 -0.0407
vn 0.9958 0.0788 -0.0460
vn -0.0726 0.9823 -0.1725
vn -0.0636 0.9750 -0.2128
vn -0.0608 0.9855 -0.1583
vn -0.0720 0.9898 -0.1227
vn -0.0706 0.9472 -0.3128
vn -0.0756 0.9643 -0.2536
vn -0.0815 0.9400 -0.3314
vn -0.0815 0.9110 -0.4043
vn -0.0914 0.9178 -0.3865
vn -0.0959 0.8837 -0.4582
vn -0.0925 0.8928 -0.4409
vn -0.0886 0.9258 -0.3676
vn -0.0622 0.9682 -0.2421
vn -0.0557 0.9832 -0.1737
vn -0.0778 0.9701 -0.2299
vn -0.0800 0.9499 -0.3020
vn -0.0850 0.9335 -0.3485
vn -0.0873 0.9329 -0.3494
vn -0.0735 0.9340 -0.3497
vn -0.0702 0.9884 -0.1344
vn -0.0756 0.9896 -0.1227
vn -0.0755 0.9896 -0.1225
vn 0.0720 -0.9898 0.1227
vn 0.0726 -0.9823 0.1725
vn 0.0771 -0.9856 0.1502
vn 0.0756 -0.9896 0.1224
vn 0.0815 -0.9109 0.4044
vn 0.0707 -0.9472 0.3128
vn 0.0735 -0.9340 0.3497
vn 0.0885 -0.8959 0.4353
vn 0.0918 -0.8838 0.4588
vn 0.0988 -0.8830 0.4589
vn 0.0756 -0.9643 0.2537
vn 0.0777 -0.9701 0.2300
vn 0.0702 -0.9884 0.1345
vn 0.0592 -0.9834 0.1712
vn 0.0608 -0.9855 0.1583
vn 0.0540 -0.9835 0.1729
vn 0.0558 -0.9832 0.1738
vn 0.9957 0.0744 -0.0556
vn 0.9956 0.0734 -0.0574
vn 0.9956 0.0738 -0.0574
vn -0.9820 -0.0153 0.1883
vn -0.9816 -0.0132 0.1904
vn -0.9816 -0.0136 0.1906
vn -0.9824 -0.0191 0.1858
vn -0.9818 -0.0137 0.1895
vn -0.9818 -0.0136 0.1893
vn -0.9818 -0.0136 0.1895
vn -0.9818 -0.0137 0.1896
vn 0.0423 -0.4019 -0.9147
vn 0.0369 -0.3671 -0.9295
vn 0.0499 -0.4359 -0.8986
vn 0.0559 -0.4697 -0.8810
vn 0.9953 0.0700 -0.0666
vn 0.9951 0.0661 -0.0737
vn -0.9823 -0.0259 0.1857
vn -0.9835 -0.0235 0.1793
vn -0.9839 -0.0268 0.1765
vn -0.9802 -0.0235 0.1965
vn 0.9949 0.0632 -0.0790
vn 0.9949 0.0626 -0.0789
vn 0.9953 0.0652 -0.0712
vn 0.9956 0.0673 -0.0654
vn 0.0351 -0.3672 -0.9295
vn 0.0350 -0.3672 -0.9295
vn 0.9957 0.0744 -0.0555
vn 0.9957 0.0745 -0.0555
vn -0.0122 0.1641 0.9864
vn -0.0121 0.1812 0.9834
vn -0.0125 0.1428 0.9897
vn -0.0118 0.1301 0.9914
vn -0.0112 0.1815 0.9833
vn -0.0110 0.1818 0.9833
vn -0.9779 -0.0207 0.2080
vn -0.9802 -0.0233 0.1964
vn -0.9786 -0.0197 0.2050
vn -0.9779 -0.0205 0.2079
vn -0.0612 0.9595 -0.2751
vn -0.0571 0.9580 -0.2809
vn -0.0590 0.9758 -0.2107
vn -0.0662 0.9700 -0.2339
vn -0.0653 0.8265 -0.5591
vn -0.0637 0.7496 -0.6588
vn -0.0586 0.8840 -0.4639
vn -0.0601 0.9121 -0.4054
vn -0.0784 0.7483 -0.6587
vn -0.0742 0.6279 -0.7748
vn -0.0566 0.9463 -0.3184
vn -0.0554 0.9779 -0.2017
vn -0.0602 0.9255 -0.3740
vn -0.0606 0.8549 -0.5152
vn -0.0723 0.7911 -0.6073
vn -0.0620 0.8515 -0.5206
vn -0.0667 0.9719 -0.2256
vn -0.0710 0.9694 -0.2351
vn -0.0706 0.9696 -0.2343
vn -0.0856 0.6718 -0.7358
vn -0.0859 0.6262 -0.7749
vn -0.0852 0.6272 -0.7742
vn 0.0662 -0.9701 0.2336
vn 0.0613 -0.9595 0.2749
vn 0.0653 -0.9620 0.2650
vn 0.0705 -0.9697 0.2340
vn 0.0640 -0.7495 0.6589
vn 0.0585 -0.8841 0.4637
vn 0.0620 -0.8517 0.5204
vn 0.0703 -0.6916 0.7189
vn 0.0745 -0.6273 0.7752
vn 0.0853 -0.6266 0.7747
vn 0.0601 -0.9122 0.4053
vn 0.0604 -0.9255 0.3740
vn 0.0666 -0.9721 0.2249
vn 0.0590 -0.9778 0.2009
vn 0.0589 -0.9758 0.2104
vn 0.0856 -0.6712 0.7363
vn 0.0874 -0.7899 0.6069
vn 0.0784 -0.7482 0.6589
vn 0.0549 -0.9779 0.2018
vn 0.0553 -0.9780 0.2013
vn 0.0793 -0.7909 0.6067
vn 0.0723 -0.7912 0.6073
vn 0.9955 0.0559 -0.0768
vn 0.9953 0.0582 -0.0777
vn 0.9959 0.0491 -0.0756
vn 0.9958 0.0507 -0.0759
vn -0.9853 0.0312 0.1681
vn -0.9878 0.0390 0.1504
vn -0.9875 0.0345 0.1540
vn -0.9848 0.0125 0.1732
vn -0.9901 0.0312 0.1365
vn -0.9903 0.0323 0.1353
vn 0.9964 0.0407 -0.0749
vn 0.9968 0.0326 -0.0733
vn -0.9860 -0.0196 0.1657
vn -0.9858 -0.0002 0.1678
vn -0.9855 -0.0138 0.1689
vn -0.9859 -0.0235 0.1659
vn 0.9969 0.0284 -0.0740
vn 0.9968 0.0266 -0.0750
vn 0.9966 0.0337 -0.0754
vn 0.9968 0.0362 -0.0710
vn 0.9953 0.0584 -0.0773
vn 0.9953 0.0583 -0.0777
vn -0.0156 0.2222 0.9749
vn -0.0160 0.2110 0.9774
vn -0.0135 0.2363 0.9716
vn -0.0137 0.2444 0.9696
vn -0.9903 0.0320 0.1351
vn -0.9903 0.0320 0.1350
vn 0.0772 -0.6777 -0.7312
vn 0.0639 -0.6204 -0.7816
vn 0.0954 -0.7301 -0.6767
vn 0.1086 -0.7790 -0.6175
vn -0.0173 0.2109 0.9774
vn -0.9860 -0.0236 0.1652
vn -0.9862 -0.0232 0.1641
vn -0.9860 -0.0235 0.1652
vn 0.0584 -0.6207 -0.7819
vn 0.0576 -0.6201 -0.7824
vn 0.9964 0.0402 -0.0742
vn 0.9956 0.0378 -0.0852
vn 0.0019 0.9999 -0.0147
vn 0.0299 0.9995 0.0138
vn 0.0108 0.9990 -0.0434
vn -0.0071 0.9968 -0.0798
vn -0.0440 0.9568 -0.2873
vn -0.0283 0.9437 -0.3295
vn -0.0116 0.9726 -0.2323
vn -0.0253 0.9810 -0.1922
vn -0.0584 0.9381 -0.3414
vn -0.0579 0.9164 -0.3961
vn -0.0084 0.9897 -0.1428
vn 0.1476 0.9621 -0.2291
vn 0.1221 0.9555 -0.2687
vn 0.1994 0.9626 -0.1834
vn 0.2141 0.9632 -0.1625
vn 0.0312 0.9986 -0.0416
vn 0.0168 0.9938 -0.1096
vn 0.0448 0.9984 0.0347
vn 0.0478 0.9982 0.0350
vn 0.0387 0.9992 0.0091
vn 0.0330 0.9994 -0.0108
vn 0.0115 0.9952 -0.0967
vn -0.0143 0.9840 -0.1778
vn -0.0312 0.9710 -0.2370
vn 0.0089 0.9030 -0.4295
vn -0.0258 0.8716 -0.4896
vn 0.0485 0.9209 -0.3868
vn 0.0889 0.9306 -0.3551
vn -0.0053 0.9882 -0.1532
vn -0.0323 0.9787 -0.2029
vn -0.0369 0.9750 -0.2193
vn -0.0486 0.9554 -0.2911
vn -0.0584 0.8673 -0.4943
vn -0.0673 0.8528 -0.5179
vn 0.0197 0.9971 -0.0730
vn 0.1428 0.9856 -0.0906
vn 0.0983 0.9824 -0.1590
vn 0.0475 0.9542 -0.2954
vn 0.0479 0.9985 0.0256
vn 0.0482 0.9982 0.0347
vn -0.0687 0.8546 -0.5147
vn -0.0693 0.8512 -0.5202
vn 0.0169 0.9998 -0.0058
vn 0.0064 0.9995 -0.0297
vn 0.0377 0.9984 -0.0418
vn 0.2296 0.9625 -0.1447
vn 0.1218 0.9901 -0.0693
vn -0.0622 0.9406 -0.3338
vn -0.0706 0.9023 -0.4253
vn -0.0500 0.9551 -0.2919
vn -0.0421 0.9712 -0.2345
vn -0.0108 -0.9990 0.0435
vn -0.0263 -0.9996 -0.0099
vn -0.0019 -0.9999 0.0144
vn 0.0071 -0.9968 0.0798
vn 0.0115 -0.9725 0.2324
vn 0.0282 -0.9437 0.3295
vn 0.0440 -0.9568 0.2874
vn 0.0253 -0.9810 0.1923
vn 0.0556 -0.9108 0.4091
vn 0.0599 -0.9356 0.3479
vn 0.0084 -0.9897 0.1431
vn -0.2139 -0.9633 0.1621
vn -0.1475 -0.9622 0.2291
vn -0.0984 -0.9823 0.1591
vn -0.1429 -0.9856 0.0905
vn -0.0313 -0.9986 0.0414
vn -0.0171 -0.9938 0.1095
vn -0.0330 -0.9994 0.0108
vn -0.0454 -0.9985 -0.0295
vn -0.0117 -0.9952 0.0967
vn 0.0143 -0.9840 0.1778
vn 0.0054 -0.9882 0.1533
vn -0.0200 -0.9971 0.0730
vn 0.0312 -0.9710 0.2371
vn -0.0475 -0.9542 0.2955
vn -0.0886 -0.9306 0.3551
vn -0.0085 -0.9031 0.4294
vn 0.0367 -0.9749 0.2196
vn 0.0486 -0.9555 0.2911
vn 0.0588 -0.8672 0.4945
vn -0.0246 -0.9997 -0.0039
vn -0.0480 -0.9983 -0.0341
vn 0.0693 -0.8543 0.5151
vn 0.0700 -0.9131 0.4018
vn -0.0064 -0.9996 0.0292
vn -0.0379 -0.9984 0.0418
vn -0.2271 -0.9576 0.1774
vn -0.1991 -0.9628 0.1829
vn -0.2295 -0.9625 0.1447
vn 0.0609 -0.9462 0.3177
vn 0.0500 -0.9552 0.2917
vn 0.0416 -0.9782 0.2033
vn 0.0320 -0.9786 0.2031
vn 0.0420 -0.9712 0.2347
vn -0.1220 -0.9901 0.0690
vn -0.9694 0.2202 0.1088
vn -0.9799 0.1517 0.1296
vn -0.9729 0.1972 0.1212
vn -0.9665 0.2466 0.0716
vn 0.9984 -0.0458 -0.0329
vn 0.9971 -0.0495 -0.0584
vn 0.9978 -0.0477 -0.0450
vn 0.9989 -0.0342 -0.0332
vn 0.9993 0.0007 -0.0375
vn 0.9991 -0.0250 -0.0335
vn 0.9994 -0.0072 -0.0331
vn 0.9990 0.0132 -0.0425
vn -0.9861 0.0868 0.1414
vn -0.9880 0.0333 0.1507
vn -0.9881 0.0631 0.1406
vn -0.9837 0.1275 0.1268
vn 0.9988 0.0228 -0.0428
vn 0.9990 0.0247 -0.0364
vn -0.9877 0.0127 0.1561
vn -0.9885 0.0210 0.1495
vn 0.9962 -0.0492 -0.0716
vn 0.9962 -0.0493 -0.0716
vn -0.0005 -0.0029 1.0000
vn 0.0004 -0.0023 1.0000
vn 0.0007 -0.0234 0.9997
vn -0.0004 -0.0342 0.9994
vn -0.9875 0.0124 0.1572
vn -0.9878 0.0120 0.1556
vn 0.0389 -0.4199 -0.9067
vn 0.0346 -0.3986 -0.9165
vn 0.0476 -0.4875 -0.8718
vn 0.0536 -0.5331 -0.8444
vn 0.0054 0.0329 0.9994
vn 0.0020 0.0170 0.9999
vn 0.0029 0.0456 0.9990
vn 0.0048 0.0517 0.9987
vn 0.0590 0.1771 0.9824
vn 0.0486 0.1442 0.9884
vn 0.0584 0.1790 0.9821
vn 0.0628 0.1830 0.9811
vn -0.9677 0.2472 0.0499
vn -0.9665 0.2463 0.0716
vn -0.9667 0.2547 0.0232
vn -0.9677 0.2470 0.0498
vn 0.0198 -0.3346 -0.9422
vn 0.0256 -0.3651 -0.9306
vn 0.0095 -0.3076 -0.9515
vn 0.0079 -0.2958 -0.9552
vn -0.0009 -0.2163 -0.9763
vn -0.0022 -0.2149 -0.9766
vn -0.0013 -0.2172 -0.9761
vn 0.0011 -0.2482 -0.9687
vn 0.9988 0.0308 -0.0384
vn 0.9981 0.0342 -0.0520
vn 0.0108 0.0727 0.9973
vn 0.0319 0.1153 0.9928
vn 0.0980 0.9935 -0.0577
vn 0.1159 0.9933 -0.0010
vn 0.0867 0.9911 -0.1006
vn 0.0823 0.9840 -0.1582
vn 0.0099 0.8460 -0.5331
vn 0.0357 0.8019 -0.5964
vn 0.0868 0.9130 -0.3985
vn 0.0501 0.9366 -0.3468
vn -0.0314 0.7614 -0.6475
vn -0.0244 0.7121 -0.7017
vn 0.0570 0.9596 -0.2755
vn 0.2595 0.9201 -0.2933
vn 0.2336 0.9109 -0.3402
vn 0.3075 0.9284 -0.2086
vn 0.3190 0.9273 -0.1959
vn 0.1609 0.9819 -0.0996
vn 0.1316 0.9709 -0.2003
vn 0.1328 0.9901 0.0456
vn 0.1388 0.9893 0.0450
vn 0.1203 0.9927 -0.0009
vn 0.1099 0.9931 -0.0403
vn 0.0827 0.9775 -0.1939
vn 0.0403 0.9375 -0.3456
vn 0.0170 0.8965 -0.4426
vn 0.1330 0.8328 -0.5374
vn 0.1866 0.8558 -0.4824
vn 0.0734 0.7505 -0.6568
vn 0.0276 0.6938 -0.7196
vn 0.0389 0.9396 -0.3401
vn -0.0075 0.9149 -0.4037
vn -0.0095 0.9013 -0.4331
vn -0.0271 0.8363 -0.5476
vn -0.0150 0.6517 -0.7583
vn -0.0265 0.6372 -0.7702
vn 0.0757 0.9784 -0.1923
vn 0.2621 0.9535 -0.1488
vn 0.2157 0.9443 -0.2487
vn 0.1466 0.8783 -0.4551
vn 0.1393 0.9900 0.0245
vn 0.1395 0.9893 0.0433
vn -0.0276 0.6395 -0.7683
vn -0.0280 0.6357 -0.7715
vn 0.1027 0.9940 -0.0377
vn 0.1035 0.9924 -0.0669
vn 0.1512 0.9847 -0.0872
vn 0.3312 0.9250 -0.1860
vn 0.2499 0.9593 -0.1317
vn -0.0460 0.7778 -0.6269
vn -0.0363 0.6901 -0.7228
vn -0.0346 0.8434 -0.5362
vn -0.0223 0.8986 -0.4383
vn -0.0866 -0.9912 0.0999
vn -0.1112 -0.9938 0.0092
vn -0.0939 -0.9942 0.0516
vn -0.0824 -0.9840 0.1580
vn -0.0869 -0.9130 0.3986
vn -0.0357 -0.8017 0.5966
vn -0.0098 -0.8459 0.5333
vn -0.0501 -0.9366 0.3468
vn 0.0191 -0.6989 0.7149
vn 0.0342 -0.7535 0.6566
vn -0.0567 -0.9595 0.2760
vn -0.3188 -0.9274 0.1959
vn -0.2733 -0.9190 0.2841
vn -0.2113 -0.9390 0.2712
vn -0.2546 -0.9566 0.1417
vn -0.1468 -0.9854 0.0865
vn -0.1318 -0.9709 0.2001
vn -0.1099 -0.9932 0.0388
vn -0.1342 -0.9904 -0.0337
vn -0.0755 -0.9753 0.2078
vn -0.0456 -0.9362 0.3486
vn -0.0330 -0.9387 0.3431
vn -0.0873 -0.9831 0.1612
vn -0.0169 -0.8964 0.4428
vn -0.1254 -0.8756 0.4665
vn -0.1981 -0.8652 0.4606
vn -0.0731 -0.7504 0.6570
vn 0.0016 -0.9035 0.4285
vn 0.0272 -0.8360 0.5480
vn 0.0153 -0.6513 0.7587
vn -0.1117 -0.9936 0.0182
vn -0.1392 -0.9894 -0.0412
vn 0.0279 -0.6386 0.7690
vn 0.0395 -0.7117 0.7013
vn -0.1095 -0.9911 0.0758
vn -0.1793 -0.9774 0.1123
vn -0.3309 -0.9250 0.1867
vn -0.3292 -0.9208 0.2093
vn -0.3074 -0.9284 0.2086
vn 0.0464 -0.7974 0.6017
vn 0.0348 -0.8432 0.5365
vn 0.0217 -0.9152 0.4023
vn 0.0220 -0.8984 0.4387
vn 0.0236 -0.9158 0.4009
vn -0.2713 -0.9511 0.1480
vn -0.9334 0.3482 0.0863
vn -0.9602 0.2720 0.0636
vn -0.9444 0.3218 0.0673
vn -0.9260 0.3715 0.0674
vn 0.9876 -0.1429 -0.0655
vn 0.9871 -0.1462 -0.0651
vn 0.9902 -0.1379 -0.0208
vn 0.9993 -0.0289 -0.0218
vn 0.9986 0.0193 -0.0489
vn 0.9824 0.1753 -0.0640
vn 0.9985 0.0399 -0.0379
vn 0.9986 -0.0431 -0.0306
vn -0.9832 0.1750 0.0521
vn -0.9920 0.1086 0.0641
vn -0.9914 0.1179 0.0575
vn -0.9722 0.2315 0.0359
vn 1.0000 -0.0038 0.0031
vn 0.9999 0.0049 0.0130
vn -0.9940 0.0745 0.0795
vn -0.9940 0.0664 0.0874
vn 0.9852 -0.1452 -0.0914
vn 0.9853 -0.1449 -0.0905
vn -0.0029 0.0214 0.9998
vn -0.0004 0.0270 0.9996
vn -0.0112 -0.0175 0.9998
vn -0.0155 -0.0406 0.9991
vn -0.9937 0.0674 0.0898
vn -0.9938 0.0673 0.0888
vn 0.0590 -0.7198 -0.6916
vn 0.0566 -0.7187 -0.6930
vn 0.0681 -0.7613 -0.6448
vn 0.0710 -0.7835 -0.6173
vn 0.0118 0.0814 0.9966
vn 0.0076 0.0561 0.9984
vn 0.0244 0.1195 0.9925
vn 0.0185 0.0915 0.9956
vn 0.0600 0.2116 0.9755
vn 0.0501 0.1905 0.9804
vn 0.0595 0.2136 0.9751
vn 0.0642 0.2171 0.9740
vn -0.9255 0.3736 0.0622
vn -0.9259 0.3716 0.0673
vn -0.9244 0.3792 0.0406
vn -0.9254 0.3738 0.0620
vn 0.0387 -0.6235 -0.7809
vn 0.0442 -0.6766 -0.7350
vn 0.0229 -0.5589 -0.8289
vn 0.0211 -0.5529 -0.8330
vn 0.0074 -0.4255 -0.9049
vn 0.0043 -0.4224 -0.9064
vn 0.0065 -0.4265 -0.9045
vn 0.0095 -0.4733 -0.8808
vn 0.9991 0.0273 0.0319
vn 0.9991 0.0272 0.0319
vn 0.9996 0.0279 0.0065
vn 1.0000 -0.0037 0.0031
vn 0.0332 0.1541 0.9875
vn 0.0383 0.1543 0.9873
vn 0.0889 -0.9203 0.3809
vn 0.0961 -0.8970 0.4314
vn 0.0918 -0.9326 0.3491
vn 0.0872 -0.9329 0.3494
vn 0.0851 -0.9334 0.3487
vn 0.9958 0.0694 -0.0598
vn 0.9958 0.0695 -0.0594
vn -0.0651 0.9620 -0.2651
vn -0.0589 0.9778 -0.2012
vn -0.0792 0.7907 -0.6071
vn -0.0875 0.7899 -0.6070
vn 0.0570 -0.9581 0.2805
vn 0.0605 -0.8549 0.5152
vn 0.0652 -0.8265 0.5592
vn 0.0709 -0.9696 0.2342
vn -0.0134 0.2364 0.9716
vn -0.0126 0.2454 0.9693
vn -0.0121 0.2450 0.9694
vn -0.0124 0.2451 0.9694
vn -0.0770 0.9857 -0.1502
vn -0.0592 0.9834 -0.1714
vn 0.0636 -0.9750 0.2127
vn 0.0800 -0.9499 0.3020
vn 0.0815 -0.9399 0.3314
vn 0.0756 -0.9896 0.1225
vn -0.0126 0.1428 0.9897
vn -0.0127 0.1300 0.9914
vn -0.0531 0.9968 -0.0590
vn -0.0424 0.9917 -0.1210
vn -0.0806 0.9788 -0.1885
vn -0.0849 0.9782 -0.1895
vn 0.0501 -0.9887 0.1414
vn 0.0676 -0.9853 0.1567
vn 0.0722 -0.9800 0.1852
vn 0.0505 -0.9978 0.0427
vn 0.0065 0.0471 0.9989
vn 0.0062 0.0467 0.9989
vn -0.0637 0.9881 -0.1403
vn 0.0234 -0.9997 -0.0021
vn 0.0174 -0.9997 -0.0194
vn 0.0171 -0.9996 -0.0204
vn 0.0109 -0.0195 0.9998
vn 0.0104 -0.0201 0.9997
vn -0.0420 0.9782 -0.2032
vn -0.0387 -0.9992 -0.0092
vn -0.0478 -0.9982 -0.0351
vn -0.0481 -0.9982 -0.0347
vn -0.0004 -0.0347 0.9994
vn -0.0011 -0.0353 0.9994
vn -0.0237 0.9156 -0.4014
vn -0.1204 -0.9927 -0.0004
vn -0.1388 -0.9893 -0.0449
vn -0.1396 -0.9893 -0.0431
vn -0.0152 -0.0414 0.9990
vn -0.0168 -0.0429 0.9989
vn -0.0698 0.6917 -0.7188
vn -0.0549 0.9779 -0.2018
vn 0.0565 -0.9464 0.3179
vn 0.0859 -0.6260 0.7751
vn 0.1151 -0.7788 -0.6166
vn 0.1162 -0.7795 -0.6155
vn -0.0882 0.8960 -0.4353
vn -0.0991 0.8830 -0.4588
vn -0.0987 0.8832 -0.4584
vn -0.0540 0.9835 -0.1726
vn 0.0623 -0.9683 0.2421
vn 0.0583 -0.4698 -0.8808
vn 0.0588 -0.4703 -0.8805
vn 0.0991 -0.8828 0.4591
vn -0.0823 0.9490 -0.3044
vn -0.0389 0.9917 -0.1224
vn 0.0525 -0.9837 0.1722
vn 0.0933 -0.9410 0.3252
vn 0.0385 -0.3362 -0.9410
vn 0.0391 -0.3370 -0.9407
vn 0.1003 0.9849 -0.1411
vn -0.0264 -0.9821 0.1866
vn 0.0209 -0.9668 0.2546
vn 0.0539 -0.9466 0.3178
vn 0.0853 -0.9385 0.3347
vn 0.0867 -0.9376 0.3366
vn 0.0363 -0.3476 -0.9369
vn 0.0392 -0.3508 -0.9356
vn 0.2275 0.9573 -0.1781
vn -0.1220 -0.9554 0.2688
vn -0.0482 -0.9208 0.3870
vn 0.0266 -0.8715 0.4897
vn 0.0680 -0.8527 0.5180
vn 0.0701 -0.8511 0.5204
vn 0.0526 -0.5347 -0.8434
vn 0.0564 -0.5386 -0.8406
vn 0.3296 0.9208 -0.2086
vn -0.2336 -0.9109 0.3402
vn -0.1331 -0.8326 0.5377
vn -0.0272 -0.6934 0.7200
vn 0.0268 -0.6365 0.7708
vn 0.0286 -0.6343 0.7725
vn 0.0702 -0.7845 -0.6162
vn 0.0732 -0.7869 -0.6127
vt 0.330474 0.155411
vt 0.325511 0.172850
vt 0.329383 0.141183
vt 0.339205 0.147930
vt 0.339212 0.157814
vt 0.344139 0.152663
vt 0.343846 0.155734
vt 0.355228 0.151029
vt 0.352798 0.142088
vt 0.358995 0.145382
vt 0.361216 0.153656
vt 0.328017 0.129586
vt 0.337819 0.131600
vt 0.319452 0.145049
vt 0.317240 0.128599
vt 0.304077 0.127694
vt 0.305307 0.143628
vt 0.290490 0.127159
vt 0.290827 0.142741
vt 0.277545 0.142434
vt 0.277522 0.126939
vt 0.350868 0.135250
vt 0.347912 0.125255
vt 0.353879 0.127973
vt 0.356904 0.137883
vt 0.345303 0.133185
vt 0.335131 0.121290
vt 0.342389 0.123343
vt 0.326445 0.119245
vt 0.315798 0.117926
vt 0.303136 0.116910
vt 0.290173 0.116391
vt 0.277467 0.116089
vt 0.345025 0.115835
vt 0.350695 0.117972
vt 0.332259 0.111620
vt 0.339543 0.113833
vt 0.324973 0.110281
vt 0.302253 0.108155
vt 0.314570 0.108965
vt 0.289815 0.107475
vt 0.277379 0.107154
vt 0.330129 0.104925
vt 0.337727 0.107348
vt 0.323760 0.103625
vt 0.301535 0.101628
vt 0.313748 0.102438
vt 0.289404 0.100989
vt 0.277283 0.100596
vt 1.233066 1.078985
vt 1.248039 1.078414
vt 1.245841 1.111694
vt 1.231030 1.112056
vt 1.236677 1.045358
vt 1.251726 1.045830
vt 0.376332 0.178574
vt 0.378084 0.188888
vt 0.371728 0.186222
vt 0.369607 0.175028
vt 0.372841 0.159808
vt 0.374691 0.169097
vt 0.367544 0.164865
vt 0.365434 0.155606
vt 0.362281 0.141977
vt 0.370633 0.149516
vt 0.363683 0.147993
vt 0.368498 0.139616
vt 0.359686 0.132304
vt 0.367104 0.132559
vt 0.357605 0.123913
vt 0.383554 0.182533
vt 0.385023 0.192145
vt 0.369335 0.184980
vt 0.366683 0.173358
vt 0.380627 0.165065
vt 0.382012 0.173245
vt 0.364164 0.162955
vt 0.379073 0.156466
vt 0.361831 0.153754
vt 0.359625 0.145644
vt 0.377540 0.148162
vt 0.357560 0.138366
vt 0.354489 0.128563
vt 0.376527 0.141732
vt 0.351439 0.118607
vt 0.391863 0.187559
vt 0.392845 0.196265
vt 0.390720 0.179064
vt 0.388700 0.165397
vt 0.389815 0.172081
vt 0.387512 0.158857
vt 0.386042 0.151788
vt 0.690247 0.538631
vt 0.691279 0.532354
vt 0.690830 0.538561
vt 0.354788 0.180150
vt 0.357771 0.193269
vt 0.343527 0.189447
vt 0.340929 0.176506
vt 0.369021 0.184887
vt 0.371661 0.197396
vt 0.371337 0.197305
vt 0.368688 0.184754
vt 0.379820 0.200245
vt 0.373952 0.198381
vt 0.386507 0.202366
vt 0.393709 0.204957
vt 0.300492 0.228141
vt 0.300849 0.235682
vt 0.288669 0.234798
vt 0.288655 0.227476
vt 0.330079 0.232395
vt 0.330624 0.240611
vt 0.323556 0.239063
vt 0.323154 0.231207
vt 0.350557 0.231308
vt 0.353198 0.248396
vt 0.336795 0.242087
vt 0.334839 0.227011
vt 0.365747 0.236001
vt 0.368653 0.254384
vt 0.318026 0.087239
vt 0.342795 0.082986
vt 0.342757 0.083638
vt 0.382380 0.257933
vt 0.380454 0.246134
vt 0.380767 0.246229
vt 0.311231 0.215246
vt 0.311726 0.221955
vt 0.300373 0.220732
vt 0.300148 0.213778
vt 0.321557 0.216978
vt 0.322531 0.223590
vt 0.375844 0.220267
vt 0.378220 0.233243
vt 0.374860 0.238598
vt 0.370150 0.213529
vt 0.370829 1.222577
vt 0.370629 1.222507
vt 0.370869 1.221956
vt 0.370999 1.222111
vt 1.362378 0.780817
vt 1.363549 0.793965
vt 1.362772 0.793888
vt 0.784499 0.297419
vt 0.783299 0.284229
vt 0.784104 0.284348
vt 0.898053 0.898731
vt 0.895805 0.900813
vt 0.885247 0.888220
vt 1.463521 1.384689
vt 1.465830 1.381481
vt 1.476327 1.395200
vt 0.310855 0.210247
vt 0.320557 0.212079
vt 0.299797 0.208587
vt 0.333969 0.233074
vt 0.335896 0.241917
vt 0.335180 0.241812
vt 0.308900 0.187549
vt 0.290241 0.192634
vt 0.290436 0.190253
vt 0.373723 0.209222
vt 0.366254 0.195895
vt 0.376065 0.209803
vt 0.374352 0.209415
vt 0.371965 0.197454
vt 0.381221 0.210592
vt 0.387666 0.211927
vt 0.778985 0.256568
vt 0.782154 0.271274
vt 0.781360 0.271073
vt 0.778197 0.256339
vt 0.399043 0.191881
vt 0.399548 0.199209
vt 0.398118 0.178230
vt 0.398624 0.184632
vt 0.397515 0.172930
vt 0.396430 0.167103
vt 0.394772 0.162133
vt 0.400015 0.207119
vt 0.264164 0.070099
vt 0.263567 0.070167
vt 0.263797 0.059334
vt 0.385525 1.223038
vt 0.385527 1.223327
vt 0.381019 1.222832
vt 0.350810 0.152167
vt 0.351815 0.155232
vt 0.345160 0.136099
vt 0.344711 0.136624
vt 0.363099 0.182518
vt 0.377732 0.256807
vt 0.347363 0.138311
vt 0.363563 0.162931
vt 0.357340 0.159268
vt 0.366009 0.173031
vt 0.360105 0.170559
vt 0.264544 0.044768
vt 0.264092 0.044750
vt 0.264462 0.043684
vt 0.391971 1.223922
vt 0.391823 1.224053
vt 0.391531 1.223917
vt 0.203802 0.045406
vt 0.219175 0.044366
vt 0.218552 0.046126
vt 0.399890 0.192232
vt 0.399402 0.184902
vt 0.163933 0.049120
vt 0.175316 0.047840
vt 0.174214 0.049367
vt 0.163014 0.050717
vt 0.152097 0.051366
vt 0.397230 0.167765
vt 0.395843 0.163208
vt 0.837377 0.402563
vt 0.842294 0.392935
vt 0.842849 0.395454
vt 0.235878 0.043198
vt 0.235270 0.045065
vt 0.316779 0.041187
vt 0.316778 0.040756
vt 0.328765 0.040310
vt 0.328775 0.040742
vt 0.779071 0.336441
vt 0.780253 0.323600
vt 0.781870 0.323772
vt 1.360143 0.820240
vt 1.358992 0.833158
vt 1.357344 0.832910
vt 0.401674 0.220936
vt 0.401336 0.214553
vt 0.402028 0.214661
vt 0.778737 0.270405
vt 0.780707 0.283846
vt 0.778844 0.283692
vt 1.346423 0.721663
vt 1.351891 0.736755
vt 1.349588 0.736087
vt 0.771314 0.239618
vt 0.766907 0.224839
vt 0.768149 0.225194
vt 0.761882 0.210473
vt 0.773617 0.240286
vt 0.775578 0.255579
vt 1.353851 0.752048
vt 0.782741 0.336932
vt 0.780602 0.349231
vt 0.778761 0.348915
vt 0.780718 0.336690
vt 0.839935 0.407624
vt 0.839118 0.405962
vt 0.847173 0.397311
vt 0.850192 0.396577
vt 0.204618 0.043718
vt 0.219800 0.042747
vt 0.188310 0.046512
vt 0.189772 0.044725
vt 0.398240 0.173366
vt 0.399050 0.174256
vt 0.399523 0.179154
vt 0.176160 0.046271
vt 0.152687 0.050017
vt 0.165809 0.047333
vt 0.396875 0.163735
vt 0.397843 0.168045
vt 0.837881 0.404160
vt 0.844460 0.397047
vt 0.401083 0.199803
vt 0.401628 0.207527
vt 0.400863 0.207409
vt 1.357034 0.845384
vt 1.355508 0.845186
vt 0.304206 0.041220
vt 0.304186 0.039269
vt 0.316774 0.038809
vt 0.250688 0.044204
vt 0.250977 0.042126
vt 0.400615 0.220931
vt 1.482059 1.412534
vt 1.474079 1.397282
vt 0.906032 0.914566
vt 0.903786 0.916065
vt 0.379581 0.233341
vt 0.381760 0.246400
vt 0.381530 0.246362
vt 0.318304 0.085560
vt 0.290758 0.090413
vt 0.290790 0.089904
vt 0.785055 0.323868
vt 0.784276 0.323845
vt 0.784920 0.310653
vt 0.785704 0.310616
vt 0.346588 0.207725
vt 0.361341 0.211356
vt 0.780731 0.310684
vt 0.780108 0.297022
vt 0.781847 0.297155
vt 0.278074 0.038872
vt 0.291628 0.038083
vt 0.291441 0.039837
vt 0.277879 0.042867
vt 0.277870 0.042438
vt 0.291495 0.041737
vt 0.401474 0.233722
vt 0.401278 0.233728
vt 0.400974 0.227280
vt 0.292658 0.241468
vt 0.284654 0.240991
vt 0.312398 0.237056
vt 0.308726 0.243410
vt 0.300822 0.242242
vt 0.323810 0.246469
vt 0.316342 0.244775
vt 0.337332 0.250714
vt 0.331018 0.248478
vt 0.365392 0.077830
vt 0.365429 0.077326
vt 0.375385 0.075702
vt 0.375366 0.076091
vt 0.384016 0.268682
vt 0.384666 0.273362
vt 0.380238 0.274249
vt 0.379311 0.267877
vt 0.403017 0.266889
vt 0.403003 0.271968
vt 0.402503 0.271937
vt 0.402427 0.266896
vt 0.767909 0.394528
vt 0.767119 0.394378
vt 0.770952 0.383526
vt 0.771727 0.383763
vt 0.372466 0.036910
vt 0.372329 0.038206
vt 0.361594 0.038196
vt 0.361938 0.036926
vt 0.339055 0.163007
vt 0.340059 0.168598
vt 0.334956 0.168075
vt 0.333685 0.161780
vt 0.331541 0.204537
vt 0.333373 0.170492
vt 0.332316 0.170585
vt 0.338897 0.156016
vt 0.339950 0.155813
vt 0.429697 0.076488
vt 0.420929 0.078906
vt 0.420607 0.078119
vt 0.429412 0.075492
vt 0.394638 0.297540
vt 0.390648 0.298415
vt 0.389498 0.288213
vt 0.393361 0.287553
vt 0.402112 0.296035
vt 0.401437 0.286549
vt 0.419638 0.038052
vt 0.419845 0.038839
vt 0.401130 0.039203
vt 0.400973 0.038143
vt 0.401021 0.036914
vt 0.419558 0.036936
vt 0.419523 0.035989
vt 0.401188 0.035815
vt 0.440055 0.074411
vt 0.388529 0.298936
vt 0.389602 0.303963
vt 0.389140 0.303973
vt 0.406659 0.074744
vt 0.385251 0.077280
vt 0.385318 0.076687
vt 0.406750 0.074272
vt 0.391127 0.303819
vt 0.406743 0.073860
vt 0.385341 0.074078
vt 0.384772 0.069569
vt 0.392003 0.277824
vt 0.400394 0.305536
vt 0.395761 0.307190
vt 0.400683 0.277424
vt 0.405107 0.304198
vt 0.437840 0.037820
vt 0.409254 0.277073
vt 0.410173 0.277020
vt 0.410128 0.285519
vt 0.409516 0.285592
vt 0.437611 0.036744
vt 0.383007 0.038103
vt 0.382973 0.036578
vt 0.437476 0.035913
vt 0.762740 0.405227
vt 0.763842 0.405264
vt 0.756575 0.424373
vt 1.412153 0.681876
vt 1.432009 0.684308
vt 1.425409 0.707667
vt 1.412009 0.704573
vt 1.422629 0.659015
vt 1.425934 0.671468
vt 1.409612 0.660540
vt 1.406861 0.639859
vt 1.417914 0.638020
vt 0.410086 0.266331
vt 0.415456 0.264216
vt 0.415371 0.271751
vt 1.404829 0.619065
vt 0.415803 0.246541
vt 0.415565 0.255617
vt 0.410225 0.256762
vt 0.410454 0.246466
vt 0.415989 0.237202
vt 0.410447 0.235672
vt 0.416034 0.227199
vt 0.410054 0.224262
vt 0.415847 0.217422
vt 0.409495 0.212953
vt 0.415962 0.208797
vt 0.408874 0.204316
vt 0.565126 0.965461
vt 0.565126 0.972437
vt 0.564217 0.972128
vt 0.565126 0.958486
vt 0.199311 0.028316
vt 0.212633 0.019609
vt 0.200397 0.028507
vt 0.921836 0.083588
vt 0.921176 0.083771
vt 0.921176 0.078888
vt 0.401732 0.181899
vt 0.401785 0.181498
vt 0.403460 0.184034
vt 1.418209 0.904093
vt 1.428465 0.893046
vt 1.431110 0.903638
vt 1.419927 0.912400
vt 0.342875 0.080943
vt 0.342830 0.081448
vt 0.370339 0.265758
vt 0.351133 0.038230
vt 0.351190 0.039711
vt 0.340612 0.040029
vt 0.402204 0.256961
vt 0.403026 0.256915
vt 0.403012 0.261940
vt 0.775489 0.372737
vt 0.774713 0.372531
vt 0.777781 0.361447
vt 0.778554 0.361627
vt 0.403624 0.262082
vt 0.774651 0.360913
vt 0.776118 0.361061
vt 0.773284 0.372151
vt 1.444880 0.691993
vt 1.439353 0.711009
vt 1.401374 0.701969
vt 1.401108 0.681823
vt 1.437422 0.652699
vt 1.442177 0.660707
vt 1.400458 0.661294
vt 1.433256 0.644589
vt 0.418434 0.283141
vt 0.412249 0.285366
vt 0.412498 0.276827
vt 0.409833 0.274832
vt 1.414544 0.618849
vt 1.426959 0.626792
vt 0.404934 0.272087
vt 1.415196 0.577899
vt 1.423169 0.590797
vt 1.413387 0.598232
vt 0.405070 0.257360
vt 0.405021 0.251822
vt 0.420102 0.242229
vt 0.404959 0.246205
vt 0.404771 0.240197
vt 0.420217 0.233412
vt 0.404623 0.234090
vt 0.404398 0.227962
vt 0.420270 0.224778
vt 0.404101 0.221776
vt 0.403676 0.215635
vt 0.875806 0.019081
vt 0.875661 0.019790
vt 0.874974 0.019951
vt 0.403228 0.208648
vt 0.402590 0.200782
vt 1.423748 0.609196
vt 0.404994 0.267317
vt 0.405072 0.262376
vt 0.869615 0.171650
vt 0.875948 0.178613
vt 0.866606 0.195525
vt 1.447889 0.668119
vt 1.457423 0.698608
vt 1.453094 0.714102
vt 0.401962 0.193495
vt 0.408350 0.197381
vt 1.420480 0.934057
vt 1.409041 0.943666
vt 1.408913 0.935314
vt 1.420464 0.923763
vt 1.430592 0.927457
vt 1.430801 0.916242
vt 0.830767 0.447197
vt 0.823007 0.455023
vt 0.823149 0.448591
vt 1.401423 0.945060
vt 0.842471 0.464549
vt 0.831645 0.474453
vt 0.830887 0.459022
vt 0.841924 0.449768
vt 0.853224 0.457156
vt 0.852720 0.442564
vt 0.822587 0.485149
vt 0.822784 0.466057
vt 0.863315 0.436537
vt 0.864476 0.451232
vt 1.441360 0.921806
vt 1.441589 0.933006
vt 0.852319 0.430988
vt 0.852527 0.419773
vt 0.859988 0.410641
vt 0.863208 0.419416
vt 0.874340 0.431866
vt 0.885988 0.428440
vt 0.886418 0.443192
vt 0.875211 0.446804
vt 1.449047 0.881098
vt 1.456509 0.877638
vt 1.457468 0.890766
vt 0.879194 0.394297
vt 0.871110 0.397435
vt 0.870774 0.384629
vt 0.398811 0.178753
vt 0.187743 0.048224
vt 0.830434 0.427114
vt 0.823394 0.435589
vt 0.823489 0.429760
vt 1.401762 0.926229
vt 1.408575 0.915886
vt 1.408707 0.923583
vt 0.821227 0.467408
vt 0.821595 0.456507
vt 0.821261 0.482952
vt 1.431290 0.891530
vt 1.440566 0.885767
vt 1.440782 0.898006
vt 0.862509 0.401537
vt 0.852837 0.407169
vt 0.853017 0.395061
vt 1.401667 0.932058
vt 0.821796 0.450545
vt 0.822392 0.436701
vt 0.921656 0.097777
vt 0.186457 0.037588
vt 0.344233 0.112682
vt 0.329812 0.101505
vt 0.327208 0.100416
vt 0.301100 0.096679
vt 0.313347 0.098009
vt 0.289163 0.096034
vt 0.323252 0.099536
vt 0.142034 0.125455
vt 0.122441 0.130659
vt 0.122580 0.129968
vt 0.361531 0.153723
vt 0.363883 0.162942
vt 0.354601 0.160774
vt 0.353092 0.158101
vt 0.359080 0.166313
vt 0.785276 0.297496
vt 0.340512 0.038220
vt 0.328723 0.038394
vt 0.782340 0.310777
vt 0.781378 0.349365
vt 1.354391 0.857530
vt 1.352924 0.857382
vt 0.777234 0.348717
vt 0.291507 0.042169
vt 0.401697 0.239736
vt 0.401501 0.239738
vt 0.783522 0.337026
vt 0.264467 0.041355
vt 0.265484 0.043108
vt 0.361611 0.039495
vt 0.402339 0.261966
vt 0.351430 0.036881
vt 0.329701 0.035378
vt 0.317713 0.035539
vt 0.317864 0.034015
vt 0.329737 0.033853
vt 0.304853 0.035979
vt 0.291782 0.036331
vt 0.292257 0.034808
vt 0.305166 0.034455
vt 0.403706 0.227683
vt 0.403409 0.221450
vt 0.266231 0.036010
vt 0.279305 0.035331
vt 0.278719 0.036854
vt 0.352188 0.035219
vt 0.341529 0.035247
vt 0.341443 0.033722
vt 0.404379 0.262442
vt 1.429722 0.635667
vt 1.423056 0.600302
vt 1.425402 0.572750
vt 1.423991 0.581634
vt 0.420198 0.237957
vt 1.353996 0.945044
vt 1.345417 0.949045
vt 1.345417 0.938660
vt 1.448151 0.522172
vt 1.442517 0.530050
vt 1.436972 0.520133
vt 1.425061 0.618086
vt 1.462150 0.681975
vt 0.883876 0.185506
vt 0.377585 0.220750
vt 0.376498 0.220603
vt 0.380868 0.220309
vt 0.378154 0.220298
vt 0.388578 0.220482
vt 0.384117 0.220360
vt 0.394540 0.213265
vt 0.400392 0.214415
vt 0.331573 0.187369
vt 0.330286 0.187588
vt 0.252364 0.038496
vt 0.237411 0.039516
vt 0.238487 0.037990
vt 0.402985 0.215213
vt 0.351690 0.168025
vt 0.352263 0.170279
vt 0.343462 0.170913
vt 0.159000 0.169644
vt 0.154772 0.170764
vt 0.152857 0.151554
vt 0.154122 0.177139
vt 0.158074 0.174933
vt 0.170834 0.175190
vt 0.357907 0.168930
vt 0.355999 0.167304
vt 0.151314 0.142077
vt 0.149918 0.141805
vt 0.149203 0.135304
vt 0.355546 0.163269
vt 0.343244 0.158700
vt 0.342364 0.161680
vt 0.366363 0.173223
vt 0.164061 0.118546
vt 0.188614 0.112659
vt 0.188419 0.113350
vt 0.163776 0.119250
vt 0.142056 0.124752
vt 0.142083 0.124134
vt 0.105231 0.134886
vt 0.105513 0.134195
vt 0.784723 0.495359
vt 0.783740 0.474104
vt 0.784208 0.474649
vt 0.069431 0.145570
vt 0.090138 0.138770
vt 0.089577 0.139527
vt 0.068799 0.146224
vt 0.047721 0.153157
vt 0.048402 0.152325
vt 0.784723 0.452763
vt 0.383375 0.257969
vt 0.382958 0.257930
vt 0.342749 0.082365
vt 0.318149 0.086574
vt 0.290681 0.092233
vt 0.263520 0.097459
vt 0.263879 0.096744
vt 0.290685 0.091585
vt 0.240053 0.102188
vt 0.214847 0.107486
vt 0.214968 0.106818
vt 0.374046 0.209326
vt 0.378522 0.233287
vt 0.378817 0.233290
vt 0.375382 0.077999
vt 0.375336 0.077497
vt 0.385358 0.076264
vt 0.428471 0.072296
vt 0.428301 0.071824
vt 0.391568 0.308811
vt 0.391260 0.308919
vt 0.390835 0.303898
vt 0.439890 0.071477
vt 0.439723 0.070970
vt 0.450273 0.070185
vt 0.388137 0.278094
vt 0.389398 0.278089
vt 0.384257 0.268667
vt 0.382676 0.257951
vt 0.365314 0.078878
vt 0.365437 0.079460
vt 0.376173 0.220432
vt 0.240239 0.101513
vt 0.104961 0.135583
vt 0.089120 0.140217
vt 0.346673 0.136775
vt 0.450957 0.073255
vt 0.440034 0.073612
vt 0.450858 0.072592
vt 0.428639 0.072800
vt 0.439991 0.072026
vt 0.402649 0.086252
vt 0.394734 0.090809
vt 0.394432 0.090148
vt 0.402191 0.085523
vt 0.411335 0.082354
vt 0.410801 0.081485
vt 0.374089 0.275503
vt 0.370968 0.272021
vt 0.371320 0.271753
vt 0.372020 0.107909
vt 0.379437 0.101012
vt 0.379935 0.101800
vt 0.386881 0.095148
vt 0.387007 0.096165
vt 0.385091 0.290126
vt 0.387023 0.294769
vt 0.386568 0.294920
vt 0.363842 0.116950
vt 0.372589 0.108681
vt 0.366924 0.268222
vt 0.367218 0.267875
vt 0.346227 0.141586
vt 0.347291 0.141919
vt 0.337416 0.251216
vt 0.342869 0.252907
vt 0.328766 0.182590
vt 0.312175 0.229533
vt 0.332887 0.232980
vt 0.288609 0.219994
vt 0.277068 0.219565
vt 0.276916 0.212541
vt 0.288330 0.212894
vt 0.288173 0.207691
vt 0.276719 0.207255
vt 0.328984 0.224925
vt 0.326989 0.218141
vt 0.324435 0.212977
vt 0.308099 0.315358
vt 0.307035 0.315353
vt 0.307397 0.298712
vt 0.284652 0.241494
vt 0.277087 0.241307
vt 0.309432 0.281098
vt 0.308368 0.281100
vt 0.309967 0.263135
vt 0.311033 0.263138
vt 0.313466 0.245720
vt 0.312399 0.245742
vt 0.315248 0.228980
vt 0.316314 0.228954
vt 0.323842 0.246973
vt 0.323010 0.196676
vt 0.324078 0.196578
vt 0.319861 0.212470
vt 1.488235 1.429154
vt 1.484306 1.411035
vt 0.911569 0.932213
vt 0.909962 0.932685
vt 0.330749 0.225239
vt 0.289018 0.198814
vt 0.273232 0.201257
vt 0.273889 0.197371
vt 0.277133 0.227192
vt 1.474500 0.526522
vt 1.464791 0.526886
vt 1.462837 0.506894
vt 1.472222 0.505062
vt 1.476433 0.550953
vt 1.466590 0.550636
vt 1.477410 0.576593
vt 1.467593 0.576571
vt 1.462434 0.502208
vt 1.470981 0.496469
vt 1.491310 1.368447
vt 1.492475 1.367930
vt 1.492475 1.415857
vt 1.491712 1.416494
vt 0.913438 0.920025
vt 0.914202 0.919388
vt 0.913644 0.951530
vt 0.321639 0.208556
vt 0.323433 0.207926
vt 0.326032 0.212723
vt 0.756445 0.424415
vt 0.755906 0.424453
vt 0.755906 0.399063
vt 0.756507 0.399078
vt 1.471810 1.398407
vt 1.461709 1.386957
vt 0.289991 0.188832
vt 0.309196 0.184770
vt 0.309118 0.185974
vt 1.491374 1.447886
vt 1.489843 1.428682
vt 0.273686 0.195137
vt 0.259284 0.202389
vt 0.331765 0.225145
vt 1.452958 1.373400
vt 1.454774 1.367892
vt 0.887556 0.885012
vt 0.874684 0.876931
vt 1.451362 1.377206
vt 0.247455 0.207804
vt 0.258904 0.205676
vt 0.355541 0.167625
vt 0.356296 0.170360
vt 0.154740 0.137871
vt 0.157772 0.141409
vt 0.151994 0.143084
vt 0.328944 0.194979
vt 0.327047 0.184842
vt 0.154207 0.172005
vt 0.341058 0.170470
vt 0.342393 0.168644
vt 0.153075 0.172460
vt 0.356124 0.166644
vt 0.139488 0.172099
vt 0.145003 0.173055
vt 0.142308 0.179374
vt 0.341924 0.164288
vt 0.342187 0.168107
vt 0.083582 0.153506
vt 0.086826 0.162729
vt 0.085454 0.164203
vt 0.346005 0.136125
vt 0.085404 0.166060
vt 0.079243 0.165759
vt 0.344392 0.138007
vt 0.075927 0.182231
vt 0.086516 0.167045
vt 0.089440 0.167742
vt 0.383123 0.039695
vt 0.375682 0.040479
vt 0.375654 0.039950
vt 0.388301 0.274310
vt 0.395305 0.274017
vt 0.386396 0.274053
vt 0.371390 0.040815
vt 0.371365 0.040108
vt 0.388022 0.271842
vt 0.395115 0.271733
vt 0.386110 0.271688
vt 0.372132 0.071164
vt 0.377347 0.070539
vt 0.376813 0.074732
vt 0.392081 1.267703
vt 0.392384 1.269104
vt 0.392049 1.269084
vt 0.367978 0.041094
vt 0.365341 0.041418
vt 0.365317 0.040592
vt 0.877102 0.981942
vt 0.873101 0.982593
vt 0.873455 0.966296
vt 0.875934 0.966056
vt 0.877667 0.986001
vt 0.873091 0.986334
vt 0.404302 0.267409
vt 0.372572 0.033955
vt 0.372917 0.035477
vt 0.362687 0.035368
vt 0.427064 0.702908
vt 0.427773 0.702859
vt 0.428386 0.727868
vt 0.427676 0.727916
vt 0.435713 0.651242
vt 0.432782 0.662157
vt 0.428587 0.649370
vt 0.899685 0.199954
vt 0.900449 0.200010
vt 0.900037 0.201095
vt 0.371062 1.222385
vt 0.371470 1.221850
vt 0.900287 0.186912
vt 0.899842 0.177099
vt 0.900826 0.177171
vt 0.901224 0.186978
vt 0.899685 0.166270
vt 0.900651 0.166340
vt 0.391412 1.224232
vt 0.388613 1.223891
vt 0.900838 0.158776
vt 0.899918 0.158708
vt 0.900444 0.151789
vt 0.899941 0.442231
vt 0.899598 0.442216
vt 0.900014 0.429342
vt 0.898654 0.467120
vt 0.897702 0.467095
vt 0.899085 0.454677
vt 0.900045 0.454705
vt 0.427114 0.674857
vt 0.427823 0.674809
vt 0.898697 0.416485
vt 0.896152 0.402805
vt 0.898058 0.402860
vt 0.899478 0.416507
vt 0.890324 0.512283
vt 0.891372 0.504424
vt 0.891804 0.503699
vt 0.894341 0.489190
vt 0.887968 0.488353
vt 0.891066 0.478049
vt 0.896299 0.478194
vt 0.897647 0.454635
vt 0.897257 0.478221
vt 0.443845 0.753723
vt 0.438554 0.755362
vt 0.438101 0.754500
vt 0.443509 0.752650
vt 0.429966 0.771483
vt 0.429307 0.761247
vt 0.430534 0.762546
vt 0.938437 0.750124
vt 0.937719 0.751211
vt 0.921710 0.746461
vt 0.937730 0.764273
vt 0.937870 0.774039
vt 0.923233 0.773338
vt 0.922584 0.757291
vt 0.938021 0.784841
vt 0.923994 0.787894
vt 0.938092 0.792407
vt 0.938125 0.799352
vt 0.924928 0.800097
vt 0.276376 0.950166
vt 0.275942 0.950956
vt 0.275942 0.936665
vt 0.428648 0.751012
vt 0.429416 0.751594
vt 0.890420 0.500239
vt 0.890948 0.499730
vt 0.886418 0.494196
vt 0.889070 0.496634
vt 0.888535 0.497127
vt 0.437577 1.200389
vt 0.438695 1.201371
vt 0.438619 1.201715
vt 0.191274 0.193963
vt 0.190374 0.197065
vt 0.330968 0.185729
vt 1.269552 1.028823
vt 1.268521 1.035100
vt 1.248247 1.033052
vt 1.267117 1.044353
vt 1.260720 1.111341
vt 1.260030 1.141782
vt 1.245139 1.141775
vt 1.263080 1.077849
vt 0.291045 0.176500
vt 0.277537 0.176122
vt 0.306071 0.177509
vt 0.321370 0.179269
vt 0.144218 0.205787
vt 0.141808 0.206342
vt 0.139740 0.191194
vt 0.324804 0.180661
vt 0.325660 0.181568
vt 1.243626 1.034570
vt 1.241449 1.036054
vt 0.663175 0.539585
vt 0.673452 0.549361
vt 0.661288 0.541423
vt 0.326797 0.183702
vt 0.326344 0.182628
vt 1.245839 1.033604
vt 1.238121 1.040170
vt 1.239562 1.037892
vt 0.658404 0.548889
vt 0.658872 0.546268
vt 1.237145 1.042736
vt 0.322584 0.179495
vt 0.323750 0.179960
vt 0.135581 0.818085
vt 0.136874 0.851731
vt 0.130609 0.851391
vt 0.129235 0.817816
vt 0.133260 0.783934
vt 0.126849 0.784199
vt 0.132653 0.777613
vt 0.126015 0.774906
vt 0.129879 0.774993
vt 0.130900 0.775245
vt 0.131703 0.775748
vt 0.132316 0.776562
vt 0.984649 0.407220
vt 0.991468 0.406922
vt 0.991322 0.437334
vt 0.984478 0.437296
vt 0.985180 0.373708
vt 0.992082 0.373482
vt 1.570355 0.869951
vt 1.563453 0.870177
vt 1.564453 0.836212
vt 0.986180 0.339743
vt 0.993161 0.340049
vt 1.564779 0.829829
vt 1.571435 0.836518
vt 0.324133 1.271637
vt 0.324138 1.271391
vt 0.320105 1.270864
vt 0.323571 1.273654
vt 0.323755 1.273253
vt 0.987352 0.331516
vt 0.988122 0.331020
vt 0.986785 0.332321
vt 0.986505 0.333360
vt 0.993183 0.145716
vt 0.990817 0.179250
vt 0.990152 0.179219
vt 0.992520 0.145652
vt 1.575550 0.608175
vt 1.571457 0.642185
vt 1.570794 0.642121
vt 0.996616 0.111619
vt 0.997277 0.111706
vt 0.998120 0.105318
vt 0.997461 0.105328
vt 0.323400 1.277236
vt 0.323653 1.277240
vt 0.323682 1.275561
vt 0.323400 1.275592
vt 0.323570 1.275075
vt 0.323300 1.275169
vt 0.323334 1.274676
vt 0.323100 1.274840
vt 0.692829 0.526362
vt 0.693329 0.527073
vt 0.692829 0.527503
vt 0.322951 1.274357
vt 0.322774 1.274583
vt 0.901224 1.770826
vt 0.900726 1.770632
vt 0.900617 1.770901
vt 0.322344 1.274432
vt 0.332377 0.186158
vt 0.328892 0.187326
vt 0.194306 0.198557
vt 0.191406 0.198190
vt 0.191121 0.197417
vt 0.193838 0.195726
vt 0.193758 0.201623
vt 0.190717 0.202120
vt 0.361856 0.264002
vt 0.355885 0.260020
vt 0.356037 0.259517
vt 0.354862 0.128165
vt 0.355681 0.128765
vt 0.362129 0.263615
vt 0.364576 0.117595
vt 0.631650 0.521164
vt 0.639711 0.503135
vt 0.646167 0.521164
vt 0.329420 1.187512
vt 0.329304 1.187703
vt 0.329087 1.187784
vt 0.716000 0.527834
vt 0.716822 0.528698
vt 1.295095 1.025167
vt 1.294198 1.030396
vt 1.269103 1.035030
vt 0.674355 0.971616
vt 0.674355 0.961500
vt 0.677921 0.962916
vt 0.781043 0.757337
vt 0.778631 0.723801
vt 0.809177 0.724059
vt 0.810974 0.757364
vt 0.774503 0.690218
vt 0.805317 0.690146
vt 0.802066 0.687529
vt 0.646023 0.500752
vt 0.641011 0.502037
vt 1.490594 1.331177
vt 1.491625 1.331184
vt 0.913352 0.834715
vt 0.914202 0.871462
vt 0.913037 0.871979
vt 0.888496 0.834533
vt 0.912407 0.831734
vt 0.912320 0.834708
vt 0.793273 0.685766
vt 0.786275 0.269966
vt 0.788150 0.236893
vt 0.788284 0.236900
vt 0.786408 0.269973
vt 0.791610 0.203207
vt 0.791739 0.203239
vt 0.792068 0.200532
vt 0.792195 0.200591
vt 0.793031 0.197960
vt 0.793159 0.198020
vt 0.631257 0.519140
vt 0.631637 0.521867
vt 0.631498 0.521874
vt 0.324115 1.164360
vt 0.323118 1.163723
vt 0.323149 1.163648
vt 0.324160 1.164294
vt 0.324984 1.165122
vt 0.324924 1.165179
vt 0.631257 0.524523
vt 0.820563 0.519898
vt 0.821089 0.522546
vt 0.820948 0.522560
vt 0.325572 1.166130
vt 0.821133 0.525025
vt 0.820987 0.525007
vt 0.326085 1.167067
vt 0.326324 1.168101
vt 0.326259 1.168118
vt 0.820563 0.527442
vt 0.651663 0.728921
vt 0.651982 0.750552
vt 0.651835 0.750525
vt 0.331397 0.833672
vt 0.331249 0.811901
vt 0.331397 0.811890
vt 0.651810 0.775522
vt 0.651663 0.775486
vt 0.329509 1.187560
vt 0.329368 1.187820
vt 0.329335 1.187760
vt 0.329468 1.187535
vt 0.329065 1.187917
vt 0.329078 1.187848
vt 0.327505 1.187575
vt 0.327008 1.187405
vt 0.763899 0.717884
vt 0.763769 0.717923
vt 0.763769 0.713933
vt 0.327022 1.187469
vt 0.326719 1.187498
vt 0.326755 1.187451
vt 0.450754 0.810175
vt 0.450754 0.784336
vt 0.450910 0.784348
vt 0.450937 0.810049
vt 0.450772 0.856788
vt 0.450761 0.836083
vt 0.450927 0.836028
vt 0.450927 0.856810
vt 0.450883 0.856810
vt 0.450897 0.877597
vt 0.450761 0.877596
vt 0.450761 0.856888
vt 0.765802 0.813104
vt 0.765977 0.838493
vt 0.765802 0.838604
vt 0.331261 0.811889
vt 0.331261 0.786174
vt 0.331397 0.786183
vt 0.326780 1.187400
vt 0.326988 1.187335
vt 0.905262 1.683804
vt 0.907360 1.684253
vt 0.907351 1.684317
vt 0.691631 0.521324
vt 0.691722 0.526429
vt 0.691631 0.526535
vt 0.901200 0.377717
vt 0.900975 0.352894
vt 0.901146 0.352922
vt 0.901372 0.377749
vt 0.901164 0.331514
vt 0.901337 0.331491
vt 0.901199 0.329097
vt 0.901372 0.329074
vt 0.433263 0.785601
vt 0.433094 0.783373
vt 0.433263 0.783315
vt 0.326009 1.167089
vt 0.325934 1.167112
vt 0.325506 1.166169
vt 0.324865 1.165236
vt 0.433749 0.785342
vt 0.433578 0.783397
vt 0.433749 0.783315
vt 0.433900 0.785623
vt 0.433900 0.783315
vt 0.434035 0.783362
vt 0.324070 1.164425
vt 0.323088 1.163798
vt 0.321976 1.163363
vt 0.322002 1.163295
vt 0.320827 1.163157
vt 0.320847 1.163087
vt 0.763906 0.720690
vt 0.763906 0.723360
vt 0.763769 0.723319
vt 0.768728 0.680878
vt 0.771260 0.714635
vt 0.771126 0.714648
vt 0.768590 0.680874
vt 0.772650 0.747791
vt 0.772515 0.747797
vt 1.350788 1.244266
vt 1.349399 1.211117
vt 1.349534 1.211104
vt 0.773069 0.777562
vt 0.772935 0.777561
vt 0.773069 0.680874
vt 0.821227 0.489920
vt 0.564315 0.988056
vt 0.993233 1.427624
vt 0.993953 1.444217
vt 0.993233 1.445248
vt 0.408363 1.202840
vt 0.406094 1.199317
vt 0.406510 1.198756
vt 0.990066 0.057186
vt 0.990153 0.069536
vt 0.988011 0.067449
vt 0.988042 0.084860
vt 0.409639 1.203076
vt 0.413967 1.209563
vt 0.412606 1.209140
vt 0.616166 0.965701
vt 0.616761 0.949817
vt 0.617130 0.950061
vt 0.617130 0.966019
vt 0.822864 0.430679
vt 0.864351 0.409906
vt 0.863910 0.408415
vt 1.438262 0.907110
vt 1.463363 0.874762
vt 1.463358 0.889044
vt 0.878236 0.381169
vt 0.885089 0.378293
vt 1.449384 0.893904
vt 0.862293 0.389298
vt 0.870331 0.402327
vt 0.873820 0.402711
vt 0.870849 0.402959
vt 1.451934 0.917477
vt 1.441482 0.915885
vt 1.447167 0.910571
vt 0.868893 0.414102
vt 0.870107 0.413794
vt 0.873660 0.421008
vt 0.878661 0.408586
vt 0.885514 0.417306
vt 0.877951 0.409764
vt 0.885085 0.392576
vt 0.878443 0.405291
vt 0.877334 0.403943
vt 0.864143 0.406848
vt 0.875931 0.521709
vt 0.870033 0.522069
vt 0.875020 0.520442
vt 0.866798 0.413197
vt 0.867695 0.413887
vt 0.871049 0.413036
vt 0.874436 0.411975
vt 0.866906 0.402183
vt 0.866111 0.403061
vt 0.869300 0.401767
vt 0.868060 0.401714
vt 0.871475 0.412315
vt 0.876269 0.411291
vt 1.463787 0.913774
vt 1.452709 0.908444
vt 0.875722 0.403042
vt 1.453996 0.899511
vt 1.452093 0.899180
vt 0.885246 0.408870
vt 0.878905 0.406908
vt 1.463520 0.905339
vt 1.457179 0.903377
vt 0.863086 0.425337
vt 1.442624 0.906375
vt 0.864889 0.409678
vt 0.867249 0.412853
vt 0.864498 0.408354
vt 0.408368 1.169922
vt 0.408922 1.170344
vt 0.408798 1.170563
vt 0.864704 0.406961
vt 1.442416 0.903317
vt 1.444385 0.899530
vt 1.444877 0.899776
vt 0.866604 0.403307
vt 0.867258 0.402584
vt 0.868144 0.402224
vt 0.407804 1.166681
vt 0.407591 1.167059
vt 0.407328 1.166979
vt 0.869095 0.402265
vt 0.869916 0.402713
vt 0.870554 0.403490
vt 0.873762 0.403218
vt 0.875480 0.403517
vt 0.876917 0.404320
vt 0.877905 0.405522
vt 0.878317 0.406964
vt 0.878099 0.408458
vt 0.877279 0.409817
vt 0.875966 0.410869
vt 0.874310 0.411487
vt 0.871113 0.411856
vt 0.870588 0.412745
vt 0.869838 0.413347
vt 0.868907 0.413584
vt 0.867989 0.413420
vt 0.907457 0.804088
vt 0.907745 0.800137
vt 0.909149 0.800126
vt 0.908894 0.803796
vt 0.964453 0.329556
vt 0.964726 0.328067
vt 0.965926 0.328082
vt 0.965677 0.329468
vt 0.964806 0.326465
vt 0.966005 0.326600
vt 0.964583 0.322173
vt 0.965801 0.322626
vt 0.964453 0.321303
vt 0.965679 0.321824
vt 0.709776 0.527603
vt 0.709672 0.526653
vt 0.710805 0.526726
vt 0.710906 0.527603
vt 0.408159 1.166425
vt 0.408492 1.166906
vt 0.711086 0.525892
vt 0.408581 1.166319
vt 0.408838 1.166837
vt 0.409000 1.166303
vt 0.409264 1.166770
vt 0.432471 0.784958
vt 0.431798 0.784540
vt 0.432471 0.783315
vt 0.409956 1.165546
vt 0.410175 1.165940
vt 0.871970 0.519082
vt 0.868642 0.519578
vt 0.868682 0.518532
vt 0.410644 1.165265
vt 0.410739 1.165724
vt 0.411397 1.165226
vt 0.411337 1.165697
vt 0.412127 1.165444
vt 0.411911 1.165868
vt 0.628440 0.527696
vt 0.628092 0.526444
vt 0.629297 0.526444
vt 0.412740 1.165902
vt 0.412388 1.166232
vt 0.731445 0.761269
vt 0.731466 0.763016
vt 0.730264 0.763016
vt 0.412719 1.166733
vt 0.893444 0.512313
vt 0.893677 0.513968
vt 0.892517 0.514255
vt 0.412858 1.167315
vt 0.413158 1.166545
vt 0.893672 0.515370
vt 0.892517 0.515665
vt 0.777305 0.450037
vt 0.777310 0.451800
vt 0.776530 0.451681
vt 0.776530 0.449917
vt 0.890018 0.515246
vt 0.889721 0.512393
vt 0.891118 0.512313
vt 0.891118 0.515430
vt 0.754784 0.761612
vt 0.755856 0.761465
vt 0.755784 0.762893
vt 0.754784 0.763038
vt 0.675704 0.526236
vt 0.676420 0.526586
vt 0.675704 0.527820
vt 0.411416 1.170073
vt 0.411519 1.169737
vt 0.412025 1.170020
vt 0.411881 1.170436
vt 0.411592 1.170770
vt 0.411254 1.170313
vt 0.690150 0.527746
vt 0.689418 0.527746
vt 0.689674 0.526320
vt 0.907753 0.805989
vt 0.907506 0.805078
vt 0.908928 0.804706
vt 0.909149 0.805553
vt 0.875922 0.524660
vt 0.870029 0.524735
vt 0.870374 0.523384
vt 0.876223 0.523182
vt 1.454195 1.021129
vt 1.453304 1.022438
vt 1.448303 1.021204
vt 0.871964 0.527446
vt 0.868642 0.527318
vt 0.875030 0.525969
vt 0.873656 0.526937
vt 0.873652 0.519529
vt 0.416222 1.217678
vt 0.415670 1.217555
vt 0.415603 1.217278
vt 0.416198 1.217226
vt 0.900161 0.194057
vt 0.901022 0.194119
vt 0.427811 0.649423
vt 0.265662 0.094334
vt 0.265536 0.094801
vt 0.443845 0.633127
vt 0.425834 1.196382
vt 0.425918 1.195898
vt 0.426242 1.195855
vt 0.428894 0.648296
vt 0.429635 0.688150
vt 0.432575 0.715340
vt 0.433770 0.757628
vt 0.434146 0.758365
vt 0.430924 0.762997
vt 0.430509 0.702673
vt 0.435617 0.727376
vt 0.430414 0.674632
vt 0.371429 1.221599
vt 0.391715 1.224381
vt 0.402008 0.227258
vt 0.401169 0.227276
vt 0.400876 0.221415
vt 0.891842 0.390265
vt 0.896273 0.390707
vt 0.435528 1.246311
vt 0.435837 1.246310
vt 0.435870 1.246646
vt 0.435576 1.246632
vt 0.897093 0.390730
vt 0.898907 0.402884
vt 0.900328 0.416532
vt 0.900876 0.429409
vt 0.894897 0.467022
vt 0.895166 0.489299
vt 0.938437 0.800126
vt 0.886418 0.377792
vt 0.388663 1.223623
vt 0.388660 1.223393
vt 0.391556 1.223734
vt 0.264501 0.051704
vt 0.937694 0.757130
vt 0.381069 0.246288
vt 0.389261 0.288217
vt 0.122644 0.129307
vt 0.188140 0.114085
vt 0.163372 0.120031
vt 0.359311 0.145510
vt 0.068188 0.146915
vt 0.351061 0.118284
vt 0.290590 0.092900
vt 0.263172 0.098183
vt 0.239836 0.102899
vt 0.317827 0.087927
vt 0.387550 0.278043
vt 0.384912 0.273373
vt 0.390084 0.298574
vt 0.388988 0.288173
vt 0.376277 1.304586
vt 0.376036 1.304641
vt 0.376057 1.299841
vt 0.450503 0.070717
vt 0.365470 0.079992
vt 0.264185 0.094352
vt 0.379350 0.233326
vt 0.384999 0.268647
vt 0.384522 0.268609
vt 0.318382 0.085052
vt 0.377379 0.221389
vt 0.393502 0.220601
vt 0.263237 0.087131
vt 0.263830 0.087050
vt 0.263818 0.092962
vt 0.263227 0.093100
vt 0.263924 0.079900
vt 0.263330 0.079981
vt 0.400131 0.220755
vt 0.396943 0.220682
vt 0.304210 0.041652
vt 0.277828 0.040592
vt 0.372242 0.039729
vt 0.361617 0.039922
vt 0.372267 0.039305
vt 0.351206 0.040140
vt 0.340636 0.040459
vt 0.265631 0.043539
vt 0.392165 1.224364
vt 0.391982 1.224407
vt 0.900845 0.442268
vt 0.376833 0.075289
vt 0.371735 0.076018
vt 0.371815 0.075370
vt 0.877805 0.986733
vt 0.873089 0.987162
vt 0.401966 0.273552
vt 0.401817 0.271521
vt 0.873089 0.951529
vt 0.368115 0.055925
vt 0.892906 0.500632
vt 0.385140 0.273352
vt 0.375359 0.078540
vt 0.381963 0.278323
vt 0.376644 0.278854
vt 0.374448 0.275268
vt 0.394952 0.269957
vt 0.401694 0.269907
vt 0.387733 0.270110
vt 0.368041 0.076599
vt 0.368085 0.075868
vt 0.385888 0.269923
vt 0.368473 0.071807
vt 0.367937 0.040337
vt 0.308460 0.298714
vt 0.308735 0.243915
vt 0.300820 0.242747
vt 0.318795 0.212544
vt 0.316353 0.245279
vt 0.331062 0.248984
vt 0.327705 0.182775
vt 0.349485 0.256035
vt 0.336443 0.241955
vt 0.377231 0.278796
vt 0.380109 0.282373
vt 0.382770 0.286049
vt 0.390517 0.303945
vt 0.450668 0.071299
vt 0.334412 0.226903
vt 0.277616 0.188366
vt 0.309472 0.183995
vt 0.277390 0.189305
vt 0.229942 0.196677
vt 0.230127 0.195720
vt 0.331107 0.204449
vt 0.328327 0.187219
vt 0.193536 0.202868
vt 0.190497 0.203370
vt 0.697877 0.527631
vt 0.697877 0.526362
vt 0.698031 0.526391
vt 1.491918 1.447998
vt 1.466769 1.331002
vt 0.913243 0.831652
vt 0.328597 0.100799
vt 0.133186 0.170176
vt 0.133245 0.169896
vt 0.139559 0.171846
vt 0.152578 0.151636
vt 0.151717 0.143171
vt 0.350683 0.152200
vt 0.347259 0.138336
vt 0.090123 0.161434
vt 0.090069 0.161205
vt 0.119342 0.153559
vt 0.131873 0.148513
vt 0.131924 0.148740
vt 0.125842 0.151548
vt 0.125814 0.151334
vt 0.126914 0.168865
vt 0.126950 0.168589
vt 0.119412 0.153838
vt 0.120421 0.168234
vt 0.120449 0.167950
vt 0.149969 0.142091
vt 0.142826 0.143267
vt 0.142786 0.143091
vt 0.137652 0.145437
vt 0.352635 1.166213
vt 0.352751 1.166158
vt 0.353568 1.168533
vt 0.154494 0.170846
vt 0.351653 0.167893
vt 0.342957 0.168912
vt 0.353436 1.172601
vt 0.353403 1.172483
vt 0.353765 1.172241
vt 0.353866 1.172314
vt 0.353867 1.171724
vt 0.137516 0.145182
vt 0.756724 0.761465
vt 0.756967 0.761588
vt 0.756724 0.763254
vt 0.344749 1.142421
vt 0.344721 1.142320
vt 0.345560 1.142365
vt 0.344326 1.142848
vt 0.344238 1.142806
vt 0.614916 0.527063
vt 0.614685 0.526899
vt 0.614916 0.525133
vt 0.345508 1.142478
vt 0.346194 1.142999
vt 0.086603 0.166845
vt 0.089463 0.167488
vt 0.086920 0.162995
vt 0.346071 1.143039
vt 0.346791 1.144486
vt 0.145116 0.172791
vt 0.340769 1.168827
vt 0.340654 1.168773
vt 0.341190 1.166350
vt 0.153038 0.172176
vt 0.340741 1.172311
vt 0.340867 1.172302
vt 0.340996 1.172730
vt 0.340906 1.172819
vt 0.341407 1.172980
vt 0.341435 1.173102
vt 0.579578 1.423852
vt 0.580839 1.417616
vt 0.581389 1.418140
vt 0.003116 0.921671
vt 0.001849 0.927934
vt 0.001305 0.927384
vt 0.324044 1.641846
vt 0.320498 1.641845
vt 0.320531 1.641636
vt 0.324109 1.641673
vt 0.044394 0.879333
vt 0.047469 0.909018
vt 0.046807 0.908970
vt 0.044003 0.879773
vt 0.048343 0.921813
vt 0.047760 0.922300
vt 0.047357 0.916091
vt 0.047935 0.915573
vt 0.002565 0.921147
vt 0.003720 0.914916
vt 0.004265 0.915468
vt 0.309553 1.654752
vt 0.308710 1.657747
vt 0.308403 1.657712
vt 0.005421 0.908462
vt 0.049016 0.933023
vt 0.049352 0.940224
vt 0.048855 0.940105
vt 0.048460 0.933687
vt 0.048124 0.928244
vt 0.048702 0.927729
vt 0.564658 0.901270
vt 0.564658 0.881715
vt 0.565138 0.881783
vt 0.565138 0.901338
vt 0.324318 1.641941
vt 0.605566 0.526925
vt 0.605566 0.527788
vt 0.605081 0.527773
vt 0.324634 1.642287
vt 0.324468 1.641881
vt 0.324797 1.642238
vt 0.968816 0.331174
vt 0.968963 0.332341
vt 0.967067 0.332218
vt 0.967139 0.331020
vt 0.966237 0.331958
vt 0.303384 1.673334
vt 0.303859 1.672913
vt 0.303917 1.673497
vt 0.970069 0.332440
vt 0.970224 0.333536
vt 0.304523 1.672172
vt 0.304349 1.671860
vt 0.010135 0.877691
vt 0.010558 0.878293
vt 0.004777 0.908464
vt 0.043650 0.877142
vt 0.044024 0.876042
vt 0.311961 1.646062
vt 0.311377 1.648714
vt 0.311140 1.648427
vt 0.001022 0.933584
vt 0.000500 0.932897
vt 0.312241 1.642401
vt 0.311728 1.645729
vt 0.000500 0.940715
vt 0.000000 0.940813
vt 0.312401 1.642059
vt 0.312064 1.642428
vt 0.312236 1.642031
vt 0.312622 1.641869
vt 0.312560 1.641691
vt 0.593725 1.429897
vt 0.593023 1.437450
vt 0.580123 1.424403
vt 0.034909 0.933054
vt 0.036256 0.926523
vt 0.015272 0.926640
vt 0.015451 0.933428
vt 0.625631 1.412560
vt 0.614530 1.422992
vt 0.618367 1.404949
vt 0.040093 0.908480
vt 0.013178 0.908425
vt 0.036076 0.948459
vt 0.035560 0.944090
vt 0.626397 1.424713
vt 0.613091 1.436442
vt 0.613182 1.429523
vt 0.626033 1.418769
vt 0.014749 0.940981
vt 0.013518 0.944231
vt 1.547237 0.828810
vt 1.551325 0.861015
vt 1.543550 0.861431
vt 1.545341 0.828687
vt 0.965276 0.364962
vt 0.964100 0.365119
vt 0.966158 0.333112
vt 1.544431 0.829581
vt 1.548498 0.830005
vt 1.552877 0.860864
vt 0.014295 0.908255
vt 0.011256 0.876042
vt 0.622276 1.376242
vt 0.616925 1.404559
vt 1.549671 0.832616
vt 0.625081 1.405439
vt 0.013011 0.948918
vt 0.016558 0.927263
vt 0.963679 0.383898
vt 0.962539 0.383975
vt 1.554203 0.879679
vt 1.541953 0.880367
vt 0.977313 0.382913
vt 0.975930 0.383210
vt 0.973052 0.364546
vt 1.555587 0.879382
vt 0.613311 1.423135
vt 0.038651 0.908090
vt 0.016831 0.934372
vt 0.962030 0.391242
vt 0.961022 0.391025
vt 1.556280 0.886893
vt 1.540303 0.887711
vt 0.979193 0.389953
vt 0.978007 0.390424
vt 1.557466 0.886422
vt 0.980072 0.389253
vt 0.035037 0.926666
vt 0.594280 1.437978
vt 0.016007 0.941509
vt 0.959793 0.398424
vt 0.958738 0.398129
vt 1.559302 0.893800
vt 1.538066 0.894893
vt 0.981029 0.397331
vt 0.982324 0.396810
vt 0.034817 0.939974
vt 0.033457 0.940654
vt 0.033777 0.933742
vt 0.983323 0.396116
vt 0.015316 0.944864
vt 0.959324 0.401546
vt 0.957947 0.401489
vt 0.982121 0.400992
vt 0.983953 0.400970
vt 0.033708 0.944842
vt 0.626733 1.430156
vt 0.613833 1.440559
vt 0.014971 0.948871
vt 0.959414 0.405290
vt 0.957947 0.405510
vt 0.982583 0.404960
vt 0.984478 0.405042
vt 0.033815 0.948923
vt 0.010840 0.976733
vt 0.000596 0.977468
vt 0.015312 0.976544
vt 0.965028 0.433535
vt 0.961467 0.433253
vt 0.980413 0.432105
vt 0.984304 0.432289
vt 0.039567 0.976205
vt 0.034888 0.976159
vt 0.049352 0.976895
vt 0.324340 1.627101
vt 0.312104 1.626668
vt 0.770148 0.874259
vt 0.770459 0.875412
vt 0.770148 0.910986
vt 0.012216 0.991678
vt 0.000000 0.993748
vt 0.017354 0.991796
vt 0.965276 0.448120
vt 0.961057 0.448398
vt 0.976285 0.448276
vt 0.981566 0.448479
vt 0.039058 0.994283
vt 0.033512 0.992303
vt 0.048830 0.996023
vt 0.312508 1.620068
vt 0.322446 1.619779
vt 0.868642 0.489920
vt 0.880532 0.490854
vt 0.880886 0.504768
vt 0.645041 0.874901
vt 0.650120 0.875690
vt 0.645041 0.888097
vt 0.614953 0.518700
vt 0.617345 0.515213
vt 0.631650 0.519140
vt 0.624280 0.506662
vt 0.627707 0.502638
vt 0.631650 0.500752
vt 0.878190 0.518532
vt 0.868642 0.518122
vt 0.139927 0.928347
vt 0.156683 0.938163
vt 0.139927 0.969214
vt 0.328482 0.218325
vt 0.859578 0.156047
vt 0.864305 0.163972
vt 0.863903 0.164238
vt 0.859148 0.156230
vt 0.851876 0.139113
vt 0.855405 0.147965
vt 0.854982 0.148120
vt 0.851448 0.139198
vt 0.847198 0.121587
vt 0.849107 0.130268
vt 0.848685 0.130323
vt 0.846788 0.121617
vt 0.846085 0.085321
vt 0.845276 0.094446
vt 0.844895 0.094328
vt 0.845717 0.085165
vt 0.300426 0.000138
vt 0.309398 0.000324
vt 0.309390 0.000718
vt 0.300361 0.000525
vt 0.282142 0.000012
vt 0.290851 0.000113
vt 0.290752 0.000504
vt 0.281969 0.000385
vt 0.263693 0.000000
vt 0.272706 0.000049
vt 0.272503 0.000425
vt 0.263453 0.000363
vt 0.845176 0.103917
vt 0.845879 0.112743
vt 0.845475 0.112727
vt 0.412464 1.260882
vt 0.412125 1.257026
vt 0.412354 1.257042
vt 0.869970 0.171296
vt 0.876199 0.178158
vt 0.844782 0.103833
vt 0.847481 0.076462
vt 0.318034 0.000824
vt 0.412227 1.241071
vt 0.412456 1.236885
vt 0.412676 1.236959
vt 0.859845 0.041741
vt 0.855787 0.050260
vt 0.855524 0.049940
vt 0.412858 1.233099
vt 0.413274 1.229018
vt 0.413479 1.229126
vt 0.870094 0.026116
vt 0.864448 0.033947
vt 0.864243 0.033581
vt 0.869878 0.025703
vt 0.884023 0.184997
vt 0.876903 0.010020
vt 0.877638 0.010123
vt 0.870765 0.026636
vt 0.874749 0.020879
vt 0.675705 0.519346
vt 0.676666 0.519703
vt 0.676619 0.526236
vt 0.450732 0.869044
vt 0.449610 0.868795
vt 0.449536 0.860559
vt 0.450602 0.860898
vt 0.450564 0.853157
vt 0.449548 0.852732
vt 0.449472 0.845043
vt 0.414686 1.272494
vt 0.415220 1.272359
vt 0.416341 1.276343
vt 0.849830 0.129976
vt 0.847977 0.121355
vt 0.846140 0.094423
vt 0.846952 0.085371
vt 0.848343 0.076584
vt 0.849662 0.067579
vt 0.850510 0.067773
vt 0.853334 0.058602
vt 0.852507 0.058338
vt 0.856585 0.050591
vt 0.860607 0.042136
vt 0.865159 0.034405
vt 0.846700 0.112574
vt 0.846025 0.103820
vt 0.450754 0.886548
vt 0.449519 0.886467
vt 0.449559 0.877508
vt 0.450741 0.877667
vt 0.924439 0.732652
vt 0.923477 0.733207
vt 0.923477 0.726062
vt 0.852532 0.138765
vt 0.450730 0.896869
vt 0.449472 0.896788
vt 0.420307 0.220497
vt 0.420279 0.229257
vt 1.448691 0.505499
vt 1.453247 0.516420
vt 1.455177 0.506489
vt 0.416048 0.203670
vt 0.411607 0.196435
vt 0.407574 0.190638
vt 0.401273 0.186432
vt 0.403251 0.184167
vt 0.186739 0.038046
vt 0.191537 0.042389
vt 0.181953 0.041400
vt 0.756575 0.197960
vt 0.763092 0.210869
vt 0.176685 0.044971
vt 0.675705 0.517991
vt 0.676675 0.518627
vt 0.988191 0.095453
vt 0.990153 0.096360
vt 0.988832 0.104324
vt 0.399603 0.174525
vt 0.400113 0.179403
vt 1.399514 0.701512
vt 1.399884 0.681854
vt 1.399501 0.661426
vt 0.411472 0.285623
vt 0.412119 0.294030
vt 0.411620 0.277061
vt 0.404242 0.272249
vt 0.220968 0.040950
vt 0.221862 0.039427
vt 0.352045 0.033695
vt 0.401899 0.200357
vt 0.401273 0.193040
vt 0.206463 0.040841
vt 0.205505 0.042361
vt 0.190258 0.043770
vt 0.177425 0.044055
vt 0.153493 0.048490
vt 0.143580 0.052164
vt 0.166375 0.046115
vt 0.398536 0.168428
vt 0.878632 0.000919
vt 0.879619 0.000000
vt 0.990077 0.087132
vt 0.990141 0.094975
vt 1.456905 0.497388
vt 1.347548 0.721985
vt 1.352678 0.736983
vt 0.769274 0.225516
vt 0.774405 0.240514
vt 1.362549 0.820314
vt 1.360613 0.807245
vt 1.363194 0.807122
vt 0.766193 0.394202
vt 0.769764 0.383161
vt 1.420198 0.946237
vt 0.842207 0.437588
vt 1.430993 0.939032
vt 1.464261 0.924909
vt 0.404240 1.196577
vt 0.404729 1.196412
vt 1.452613 0.928334
vt 0.616968 0.943169
vt 0.010061 0.205713
vt 0.010865 0.202657
vt 0.019579 0.199267
vt 0.024665 0.182540
vt 0.024196 0.182677
vt 0.035438 0.168323
vt 0.035910 0.168203
vt 0.012352 0.199980
vt 0.011889 0.200026
vt 0.313327 0.097786
vt 0.323224 0.099313
vt 0.007749 0.214483
vt 0.008220 0.214421
vt 0.005039 0.236218
vt 0.002282 0.263167
vt 0.001811 0.263211
vt 0.004566 0.236263
vt 0.000503 0.289458
vt 0.000974 0.289434
vt 0.009618 0.205851
vt 0.351986 1.124068
vt 0.351940 1.123832
vt 0.352318 1.124141
vt 0.352372 1.124379
vt 0.357551 0.123683
vt 0.367057 0.132327
vt 0.077331 0.117903
vt 0.077820 0.117800
vt 0.059588 0.138736
vt 0.096678 0.097108
vt 0.097166 0.097027
vt 0.117890 0.076158
vt 0.118377 0.076051
vt 0.139878 0.056787
vt 0.140204 0.056799
vt 0.046590 0.154122
vt 0.047061 0.153964
vt 0.394773 1.168476
vt 0.394808 1.168377
vt 0.395980 1.169281
vt 0.843140 0.395045
vt 0.844750 0.396645
vt 0.847257 0.396948
vt 0.850197 0.396216
vt 0.853023 0.394616
vt 0.862285 0.388851
vt 0.870762 0.384180
vt 0.878210 0.380721
vt 0.047927 0.152477
vt 0.059103 0.138856
vt 0.695986 0.526781
vt 0.696255 0.526362
vt 0.696255 0.527438
vt 0.352708 1.124463
vt 0.352767 1.124699
vt 0.010411 0.202833
vt 0.328451 1.107213
vt 0.328455 1.106994
vt 0.329715 1.107420
vt 0.885090 0.377792
vt 0.241504 0.936901
vt 0.241988 0.936724
vt 0.241988 0.951510
vt 0.427320 1.177458
vt 0.427202 1.177654
vt 0.422517 1.172244
vt 0.885761 0.408893
vt 0.886008 0.417151
vt 0.418820 1.167834
vt 0.418698 1.168024
vt 0.415758 1.164803
vt 0.885609 0.378060
vt 0.885557 0.392369
vt 0.406061 1.153047
vt 0.405963 1.153277
vt 0.405793 1.153084
vt 0.607695 0.527445
vt 0.607458 0.526925
vt 0.607960 0.526925
vt 0.691132 0.516172
vt 0.691631 0.516039
vt 0.691631 0.527147
vt 0.422621 1.172046
vt 0.812364 0.126627
vt 0.811187 0.112277
vt 0.812037 0.111968
vt 0.813215 0.126334
vt 0.813446 0.143952
vt 0.814301 0.143690
vt 0.817346 0.180214
vt 0.815312 0.158385
vt 0.816200 0.158228
vt 0.818243 0.180109
vt 0.819070 0.207218
vt 0.819970 0.207151
vt 0.820074 0.233496
vt 0.820972 0.233464
vt 0.814070 0.149733
vt 0.814948 0.149540
vt 0.810605 0.097741
vt 0.809667 0.097242
vt 0.810522 0.096930
vt 0.808070 0.082748
vt 0.805328 0.061756
vt 0.806196 0.061435
vt 0.808940 0.082445
vt 0.802118 0.040934
vt 0.802965 0.040567
vt 0.798052 0.019963
vt 0.798849 0.019511
vt 0.478943 0.023928
vt 0.456839 0.004503
vt 0.457244 0.003954
vt 0.793847 0.000000
vt 0.454659 0.002270
vt 0.455082 0.001666
vt 0.773211 0.527765
vt 0.772432 0.525375
vt 0.773211 0.524913
vt 0.654632 0.964492
vt 0.654652 0.967296
vt 0.653769 0.967260
vt 0.653750 0.964407
vt 0.655300 0.961722
vt 0.654414 0.961591
vt 0.398254 0.975999
vt 0.398361 0.972852
vt 0.398982 0.972962
vt 0.398908 0.976161
vt 0.398942 0.961934
vt 0.399535 0.961995
vt 0.398917 0.952188
vt 0.398336 0.943947
vt 0.398893 0.943949
vt 0.399487 0.952214
vt 0.655300 0.969750
vt 0.654418 0.969784
vt 0.810436 0.096094
vt 0.899647 0.217823
vt 0.898854 0.211197
vt 0.899647 0.210762
vt 0.813662 0.146724
vt 0.814528 0.146504
vt 0.404090 1.155845
vt 0.405401 1.152925
vt 0.398099 0.936427
vt 0.405519 1.152677
vt 0.405900 1.152853
vt 0.606632 0.527110
vt 0.607007 0.526925
vt 0.607007 0.527765
vt 0.561397 0.116308
vt 0.572599 0.130672
vt 0.567997 0.129077
vt 0.559637 0.117031
vt 0.584848 0.148014
vt 0.583602 0.152079
vt 0.589063 0.162441
vt 0.592313 0.184260
vt 0.588094 0.184694
vt 0.584814 0.162613
vt 0.595114 0.211255
vt 0.590765 0.211315
vt 0.596433 0.237527
vt 0.592362 0.237455
vt 0.596916 0.263858
vt 0.592689 0.263865
vt 0.587145 0.153795
vt 0.583778 0.154015
vt 0.519596 0.065748
vt 0.537812 0.086756
vt 0.535847 0.087357
vt 0.517698 0.066467
vt 0.500227 0.044911
vt 0.497881 0.045560
vt 0.476496 0.025013
vt 0.452835 0.005165
vt 0.549616 0.101261
vt 0.547896 0.101904
vt 0.451163 0.002601
vt 0.398090 1.169172
vt 0.397220 1.169366
vt 0.397360 1.168445
vt 0.397194 0.980736
vt 0.396260 0.979395
vt 0.398839 0.978666
vt 0.453442 -0.000000
vt 0.450957 0.000604
vt 0.395463 0.977254
vt 0.394761 0.974721
vt 0.395246 0.963012
vt 0.395263 0.953534
vt 0.394761 0.944960
vt 0.397560 0.936481
vt 0.394845 0.937703
vt 0.397097 0.936163
vt 0.586326 0.150788
vt 0.405267 1.152677
vt 0.427499 1.177664
vt 0.427380 1.177860
vt 0.424652 1.182313
vt 0.424465 1.182107
vt 0.422225 1.186873
vt 0.422033 1.186667
vt 0.419865 1.192050
vt 0.419679 1.191833
vt 0.417979 1.197625
vt 0.417794 1.197403
vt 0.416439 1.204113
vt 0.416235 1.203882
vt 0.831672 0.475015
vt 0.822777 0.485389
vt 0.415237 1.210255
vt 0.415789 1.213494
vt 0.415554 1.212855
vt 0.415082 1.210179
vt 0.413929 1.213282
vt 0.414768 1.213382
vt 0.987683 0.104344
vt 0.986614 0.094598
vt 0.986347 0.083083
vt 0.986881 0.066348
vt 0.407713 1.202714
vt 0.405795 1.199721
vt 0.403817 1.196721
vt 0.139873 0.849672
vt 0.138649 0.849823
vt 0.137256 0.833758
vt 0.138472 0.833672
vt 0.138797 0.820866
vt 0.137590 0.820871
vt 0.138045 0.811132
vt 0.139255 0.811126
vt 0.138252 0.775515
vt 0.139166 0.775484
vt 0.139873 0.778208
vt 0.139525 0.791946
vt 0.138309 0.791979
vt 0.139164 0.774906
vt 0.138249 0.774938
vt 0.427977 1.177954
vt 0.427858 1.178151
vt 0.762427 0.724428
vt 0.763553 0.724240
vt 0.763546 0.724726
vt 0.427744 1.177090
vt 0.692280 0.527758
vt 0.691738 0.527472
vt 0.692280 0.526362
vt 0.762611 0.713326
vt 0.763723 0.713102
vt 0.762684 0.702795
vt 0.763769 0.702484
vt 0.762427 0.691801
vt 0.763484 0.691408
vt 0.762563 0.681360
vt 0.763583 0.680874
vt 0.559315 0.970612
vt 0.558280 0.970273
vt 0.556993 0.958486
vt 0.558049 0.958869
vt 0.560175 0.982371
vt 0.559482 0.982148
vt 0.556993 0.988423
vt 0.830301 0.419417
vt 0.830034 0.416962
vt 1.408307 0.913431
vt 1.417392 0.902431
vt 0.841653 0.415931
vt 0.400529 0.179754
vt 0.181105 0.041284
vt 0.616635 0.943035
vt 0.617024 0.938437
vt 0.823082 0.426613
vt 0.690826 0.526320
vt 0.690826 0.527610
vt 0.690150 0.527574
vt 0.375472 1.304714
vt 0.376070 1.304913
vt 0.380629 1.304099
vt 0.376522 1.304804
vt 0.376532 1.304527
vt 0.446830 0.062930
vt 0.447501 0.062865
vt 0.443984 0.054862
vt 0.443319 0.054913
vt 0.441128 0.046727
vt 0.440473 0.046757
vt 0.438485 0.037812
vt 0.395164 1.302579
vt 0.395177 1.302873
vt 0.394593 1.302851
vt 0.395588 1.302609
vt 0.395602 1.302886
vt 0.874643 0.218294
vt 0.860892 0.215186
vt 0.861080 0.214540
vt 0.874820 0.217633
vt 0.847027 0.211855
vt 0.833731 0.208789
vt 0.833736 0.208104
vt 0.847136 0.211198
vt 0.823099 0.206191
vt 0.823101 0.205500
vt 0.606632 0.527564
vt 0.606050 0.527564
vt 0.606274 0.526925
vt 0.376288 1.304848
vt 0.375521 1.305036
vt 0.375209 1.305098
vt 0.375165 1.304751
vt 0.821227 0.205733
vt 0.821240 0.205043
vt 0.898064 0.801147
vt 0.897685 0.802151
vt 0.896884 0.800632
vt 0.968232 0.092652
vt 0.969557 0.092338
vt 0.971621 0.101970
vt 0.970317 0.101682
vt 0.966166 0.082444
vt 0.967496 0.082148
vt 0.963730 0.072504
vt 0.965047 0.072169
vt 0.960803 0.061940
vt 0.962117 0.061624
vt 0.960515 0.060590
vt 0.961722 0.059851
vt 0.960281 0.059569
vt 0.966649 0.014377
vt 0.965366 0.013991
vt 0.970278 0.000328
vt 0.971460 0.000977
vt 0.961635 0.044193
vt 0.960303 0.044129
vt 0.961791 0.028736
vt 0.963103 0.028959
vt 0.961626 0.057257
vt 0.960284 0.057258
vt 0.970527 0.102276
vt 0.896278 0.800368
vt 0.896278 0.801910
vt 0.376290 1.305343
vt 0.897444 0.804060
vt 0.896278 0.804081
vt 0.961700 0.059258
vt 0.879150 0.202139
vt 0.884161 0.185740
vt 0.879477 0.202304
vt 0.875175 0.217710
vt 0.426450 1.294158
vt 0.426514 1.293954
vt 0.426606 1.294054
vt 0.426577 1.294250
vt 0.426934 1.293613
vt 0.427038 1.293751
vt 0.421554 1.308278
vt 0.421431 1.308245
vt 0.421535 1.307991
vt 0.874997 0.218371
vt 0.970438 0.000000
vt 0.971621 0.000649
vt 0.872529 0.771041
vt 0.907073 0.771033
vt 0.907066 0.771372
vt 0.872693 0.771372
vt 0.901372 0.346268
vt 0.901396 0.329073
vt 0.901730 0.329143
vt 0.901679 0.346274
vt 0.426744 1.294169
vt 0.426746 1.294339
vt 0.695100 0.526362
vt 0.695100 0.527624
vt 0.694799 0.527438
vt 0.427056 1.293957
vt 0.982414 0.746461
vt 0.982414 0.780821
vt 0.982125 0.780546
vt 0.982178 0.746755
vt 0.631104 0.526444
vt 0.631104 0.527782
vt 0.630818 0.527580
vt 0.421687 1.308341
vt 0.421585 1.308749
vt 0.421397 1.308822
vt 0.875402 0.217800
vt 0.421795 1.308152
vt 0.901730 0.362279
vt 0.879706 0.202370
vt 0.880523 0.747805
vt 0.907230 0.746097
vt 0.907236 0.758491
vt 0.896262 0.743893
vt 0.901307 0.738557
vt 0.907412 0.734811
vt 0.904534 0.732944
vt 0.907287 0.726491
vt 0.907457 0.726062
vt 0.889481 0.747282
vt 0.867587 0.761835
vt 0.862255 0.754245
vt 0.870405 0.744142
vt 0.410270 0.302961
vt 0.409704 0.294447
vt 0.615331 0.965426
vt 0.616350 0.949545
vt 0.981264 0.780230
vt 0.981217 0.764206
vt 0.981475 0.747077
vt 0.424165 1.263247
vt 0.424018 1.263231
vt 0.424068 1.263558
vt 0.981265 0.780599
vt 0.373926 1.221811
vt 0.376909 1.222100
vt 0.376921 1.222352
vt 0.264397 0.059274
vt 0.263953 0.051764
vt 1.230316 1.141780
vt 0.277130 0.234353
vt 0.277189 0.095765
vt 0.130981 0.881877
vt 0.137256 0.881878
vt 0.990174 0.209322
vt 1.568448 0.705791
vt 1.567782 0.705790
vt 1.568425 0.675688
vt 0.781746 0.787788
vt 0.811954 0.787810
vt 0.785837 0.299694
vt 0.785704 0.299689
vt 0.277090 0.240804
vt 0.000462 0.315776
vt -0.000000 0.315787
vt 0.821227 0.259829
vt 0.820332 0.259829
vt 1.477959 0.601840
vt 1.467943 0.601832
vt 1.475008 1.304317
vt 1.489419 1.302564
vt 1.490680 1.328203
vt 0.224349 0.155093
vt 0.225437 0.140872
vt 0.229362 0.172562
vt 0.215495 0.147560
vt 0.215507 0.157444
vt 0.210506 0.152263
vt 0.210810 0.155336
vt 0.199285 0.150562
vt 0.193311 0.153153
vt 0.195483 0.144892
vt 0.201691 0.141635
vt 0.226737 0.129283
vt 0.216818 0.131237
vt 0.235468 0.144797
vt 0.237634 0.128360
vt 0.250894 0.127535
vt 0.249711 0.143462
vt 0.264536 0.127081
vt 0.264244 0.142662
vt 0.203576 0.134809
vt 0.197502 0.137405
vt 0.200373 0.127514
vt 0.206422 0.124832
vt 0.209199 0.132777
vt 0.212038 0.122953
vt 0.219406 0.120944
vt 0.228216 0.118950
vt 0.238977 0.117696
vt 0.251730 0.116756
vt 0.264747 0.116315
vt 0.203323 0.117530
vt 0.209120 0.115428
vt 0.222135 0.111290
vt 0.214718 0.113459
vt 0.229524 0.109995
vt 0.252444 0.108005
vt 0.240036 0.108741
vt 0.264929 0.107401
vt 0.216360 0.106984
vt 0.224113 0.104607
vt 0.230561 0.103346
vt 0.240661 0.102219
vt 0.252962 0.101483
vt 0.265136 0.100917
vt 1.233066 1.204714
vt 1.231030 1.171536
vt 1.245841 1.171886
vt 1.248039 1.205271
vt 1.236677 1.238537
vt 1.251726 1.238036
vt 0.178025 0.177980
vt 0.184827 0.174474
vt 0.182669 0.185656
vt 0.176265 0.188284
vt 0.181452 0.159235
vt 0.188978 0.155077
vt 0.186905 0.164324
vt 0.179660 0.168513
vt 0.192039 0.141467
vt 0.190689 0.147475
vt 0.183583 0.148955
vt 0.185532 0.139068
vt 0.194451 0.131809
vt 0.186786 0.132019
vt 0.196366 0.123430
vt 0.170768 0.181895
vt 0.169309 0.191499
vt 0.185143 0.184428
vt 0.187843 0.172823
vt 0.173580 0.164445
vt 0.172277 0.172617
vt 0.190368 0.162435
vt 0.175030 0.155855
vt 0.192680 0.153247
vt 0.194835 0.145151
vt 0.176398 0.147559
vt 0.196835 0.137884
vt 0.199747 0.128099
vt 0.177264 0.141135
vt 0.202575 0.118161
vt 0.161420 0.195572
vt 0.162367 0.186872
vt 0.163431 0.178383
vt 0.164247 0.171406
vt 0.165252 0.164727
vt 0.166292 0.158194
vt 0.167616 0.151134
vt 0.690247 0.752367
vt 0.690830 0.752438
vt 0.691279 0.758692
vt 0.199685 0.179685
vt 0.213722 0.176125
vt 0.211018 0.189050
vt 0.196597 0.192787
vt 0.188101 0.517158
vt 0.187823 0.516434
vt 0.214331 0.522442
vt 0.214520 0.523145
vt 0.180360 0.197801
vt 0.174449 0.199630
vt 0.167781 0.201711
vt 0.160553 0.204258
vt 0.253721 0.228001
vt 0.265595 0.227407
vt 0.265581 0.234728
vt 0.253364 0.235540
vt 0.223923 0.232077
vt 0.230922 0.230930
vt 0.230540 0.238784
vt 0.223410 0.240290
vt 0.203506 0.230867
vt 0.219388 0.226666
vt 0.217224 0.241728
vt 0.200615 0.247939
vt 0.188119 0.235469
vt 0.184927 0.253833
vt 0.317666 0.544538
vt 0.317468 0.543855
vt 0.342391 0.548554
vt 0.342428 0.549202
vt 0.242461 0.215040
vt 0.253617 0.213639
vt 0.253705 0.220592
vt 0.242280 0.221747
vt 0.232044 0.216709
vt 0.231375 0.223317
vt 0.178259 0.219676
vt 0.183989 0.212972
vt 0.178912 0.238011
vt 0.175682 0.232637
vt 0.265314 0.536800
vt 0.264195 0.537098
vt 0.263837 0.536780
vt 0.265189 0.536323
vt 0.926045 0.191537
vt 0.926866 0.191447
vt 0.925666 0.204598
vt 0.924876 0.204650
vt 0.678986 1.363111
vt 0.689562 1.349618
vt 0.691917 1.352855
vt 0.113644 0.856386
vt 0.103001 0.868756
vt 0.100712 0.866642
vt 0.232661 0.211816
vt 0.242450 0.210042
vt 0.253582 0.208448
vt 0.220022 0.232733
vt 0.221088 0.232645
vt 0.218813 0.241464
vt 0.308699 0.443561
vt 0.308914 0.445107
vt 0.290238 0.440941
vt 0.183048 0.196741
vt 0.188080 0.195361
vt 0.180528 0.208644
vt 0.182407 0.196886
vt 0.179889 0.208832
vt 0.178143 0.209210
vt 0.172962 0.209968
vt 0.166544 0.211264
vt 0.931164 0.163835
vt 0.931966 0.163632
vt 0.928808 0.178336
vt 1.507082 0.674805
vt 1.506273 0.674979
vt 1.509438 0.660304
vt 0.155052 0.191150
vt 0.154610 0.198476
vt 0.155368 0.183903
vt 0.155749 0.177504
vt 0.156219 0.172207
vt 0.157155 0.166386
vt 0.158721 0.161426
vt 0.154174 0.206383
vt 0.263778 0.560922
vt 0.263993 0.571663
vt 0.263393 0.571600
vt 0.263180 0.560850
vt 0.203732 0.151727
vt 0.202722 0.154785
vt 0.075718 0.448438
vt 0.086283 0.463779
vt 0.085169 0.464797
vt 0.209373 0.135693
vt 0.191337 0.182004
vt 0.175721 0.256202
vt 0.207153 0.137891
vt 0.197178 0.158788
vt 0.190983 0.162414
vt 0.188531 0.172499
vt 0.194390 0.170062
vt 0.185804 0.184206
vt 0.173218 0.245513
vt 0.171058 0.257300
vt 0.164548 1.223913
vt 0.164256 1.224048
vt 0.164108 1.223918
vt 0.164522 1.223730
vt 0.203376 0.585941
vt 0.202642 0.584060
vt 0.218128 0.584999
vt 0.218748 0.586754
vt 0.187886 0.585121
vt 0.187322 0.583396
vt 0.163513 0.583213
vt 0.162597 0.581576
vt 0.173795 0.582587
vt 0.155041 0.178023
vt 0.155474 0.172639
vt 0.151680 0.581365
vt 0.150288 0.579542
vt 0.142060 0.578558
vt 0.139796 0.576119
vt 0.156325 0.167043
vt 0.157610 0.162495
vt 0.234844 0.585924
vt 0.153331 0.206667
vt 0.153812 0.198767
vt 0.316346 0.590429
vt 0.328341 0.591196
vt 0.328331 0.591616
vt 0.316345 0.590849
vt 0.931182 0.243665
vt 0.929487 0.243822
vt 0.928337 0.230947
vt 0.930005 0.230879
vt 0.931424 0.191112
vt 0.929505 0.191157
vt 0.931478 0.177760
vt 0.933041 0.177733
vt 0.942016 0.132575
vt 0.943278 0.132258
vt 0.938886 0.147029
vt 0.936545 0.147623
vt 1.526559 0.614364
vt 1.521551 0.628727
vt 1.520289 0.629044
vt 0.934628 0.162957
vt 0.927425 0.243988
vt 0.931441 0.255997
vt 0.929563 0.256243
vt 1.443689 1.356712
vt 1.446656 1.342082
vt 1.447701 1.345002
vt 0.869427 0.848533
vt 0.867109 0.860011
vt 0.865416 0.860243
vt 0.204190 0.587537
vt 0.153110 0.199060
vt 0.153470 0.191879
vt 0.189345 0.586803
vt 0.154349 0.178420
vt 0.175736 0.585663
vt 0.165386 0.584952
vt 0.152268 0.582764
vt 0.154682 0.173524
vt 0.155688 0.167320
vt 0.143164 0.580982
vt 0.235449 0.587777
vt 0.235692 0.589348
vt 0.219371 0.588297
vt 0.933009 0.255882
vt 0.151858 0.244935
vt 0.150995 0.244930
vt 0.151338 0.238976
vt 0.303751 0.592018
vt 0.303774 0.590123
vt 0.264034 0.587227
vt 0.264035 0.589556
vt 0.250546 0.588761
vt 0.152869 0.213809
vt 0.153810 0.213676
vt 0.153554 0.220191
vt 0.094965 0.883790
vt 0.092663 0.882225
vt 0.681274 1.365225
vt 0.673239 1.380259
vt 0.290434 0.541540
vt 0.290404 0.541017
vt 0.317942 0.546274
vt 0.172117 0.245735
vt 0.171878 0.245771
vt 0.174295 0.232726
vt 0.925103 0.230951
vt 0.924451 0.217735
vt 0.925246 0.217794
vt 0.925894 0.230950
vt 0.192845 0.210851
vt 0.207771 0.207310
vt 1.507806 0.714483
vt 1.506137 0.714457
vt 1.506636 0.700890
vt 1.508433 0.700870
vt 0.277450 0.588130
vt 0.291077 0.588977
vt 0.291064 0.589397
vt 0.277440 0.588553
vt 0.269522 0.240946
vt 0.261503 0.241375
vt 0.241768 0.236845
vt 0.253315 0.242100
vt 0.245378 0.243220
vt 0.237722 0.244539
vt 0.230203 0.246188
vt 0.222934 0.248155
vt 0.216556 0.250352
vt 0.365016 0.554852
vt 0.374988 0.556804
vt 0.375006 0.557216
vt 0.365053 0.555381
vt 0.169193 0.268038
vt 0.173927 0.267262
vt 0.172868 0.273628
vt 0.168438 0.272714
vt 0.361155 0.594858
vt 0.361175 0.593567
vt 0.371830 0.594190
vt 0.371891 0.595296
vt 1.520500 0.797786
vt 1.516686 0.787070
vt 1.517480 0.786870
vt 1.521311 0.797678
vt 0.372025 0.596537
vt 0.361498 0.596062
vt 0.215664 0.162637
vt 0.221098 0.161443
vt 0.219790 0.167730
vt 0.214633 0.168223
vt 0.222964 0.204212
vt 0.210905 0.253012
vt 0.204147 0.256098
vt 0.204246 0.255600
vt 0.210954 0.252512
vt 0.166981 0.298416
vt 0.166528 0.298279
vt 0.167817 0.294119
vt 0.420232 0.555522
vt 0.420555 0.554735
vt 0.429319 0.557342
vt 0.161527 0.296853
vt 0.162790 0.286873
vt 0.165994 0.287552
vt 0.164853 0.297747
vt 0.155351 0.295312
vt 0.156209 0.285830
vt 0.419198 0.597471
vt 0.400534 0.596608
vt 0.400692 0.595515
vt 0.419406 0.596651
vt 0.400580 0.597835
vt 0.148750 0.293588
vt 0.148230 0.293548
vt 0.148602 0.284780
vt 0.147798 0.293530
vt 0.148126 0.284857
vt 0.439673 0.559631
vt 0.439650 0.560435
vt 0.429032 0.558338
vt 0.406278 0.558654
vt 0.406369 0.559126
vt 0.384940 0.556292
vt 0.167500 0.277422
vt 0.167772 0.277391
vt 0.166406 0.287514
vt 0.164348 0.303149
vt 0.164109 0.277151
vt 0.166246 0.277428
vt 0.156527 0.304821
vt 0.160396 0.306497
vt 0.157125 0.276710
vt 0.152606 0.303460
vt 0.437399 0.598373
vt 0.382687 0.594259
vt 0.382568 0.595869
vt 0.147802 0.302088
vt 0.382532 0.597320
vt 0.419080 0.599565
vt 0.419116 0.598616
vt 0.437168 0.599519
vt 0.437032 0.600402
vt 0.148854 0.276242
vt 1.531819 0.827489
vt 1.524561 0.808471
vt 1.525695 0.808497
vt 1.490690 1.191808
vt 1.490287 1.214690
vt 1.476927 1.216802
vt 1.470957 1.192778
vt 1.480908 1.167647
vt 1.493732 1.170447
vt 1.477308 1.180099
vt 1.496969 1.149738
vt 1.486121 1.146633
vt 0.142837 0.265530
vt 0.142597 0.274031
vt 0.136768 0.270917
vt 0.137191 0.263383
vt 0.137644 0.245708
vt 0.143299 0.245666
vt 0.143161 0.255962
vt 0.137538 0.254784
vt 0.137690 0.236369
vt 0.143567 0.234873
vt 0.137771 0.226366
vt 0.144092 0.223465
vt 0.137965 0.216589
vt 0.144655 0.212159
vt 0.137718 0.207963
vt 0.145185 0.203526
vt 0.198858 0.603729
vt 0.199945 0.603487
vt 0.212166 0.612568
vt 0.142085 0.195628
vt 0.141641 0.195656
vt 0.143878 0.192498
vt 0.205543 0.608637
vt 0.186019 0.594337
vt 0.180672 0.590612
vt 0.181521 0.590448
vt 0.186302 0.593828
vt 1.436424 1.359858
vt 1.437106 1.345728
vt 0.342504 0.551333
vt 0.342461 0.550805
vt 0.183043 0.265197
vt 0.150212 0.261183
vt 0.150384 0.256159
vt 0.151189 0.256209
vt 0.150875 0.261212
vt 1.512926 0.776087
vt 1.509865 0.765025
vt 1.510653 0.764877
vt 1.513720 0.775917
vt 0.936909 0.279134
vt 0.934078 0.268089
vt 0.935588 0.268025
vt 0.938146 0.278994
vt 1.500872 1.212997
vt 1.501599 1.192857
vt 1.466385 1.160225
vt 1.461439 1.168189
vt 0.142102 0.290972
vt 0.142370 0.282341
vt 0.147490 0.284596
vt 1.502724 1.172305
vt 1.470744 1.152159
vt 0.147746 0.276056
vt 1.489938 1.127485
vt 1.477462 1.134407
vt 0.147929 0.271317
vt 0.132994 0.249550
vt 0.148732 0.251054
vt 0.148477 0.256592
vt 0.133136 0.241369
vt 0.149324 0.239432
vt 0.148974 0.245439
vt 0.133202 0.232552
vt 0.149905 0.227200
vt 0.149598 0.233326
vt 0.133214 0.223918
vt 0.150699 0.214877
vt 0.150254 0.221015
vt 0.244910 0.632794
vt 0.246053 0.632649
vt 0.245608 0.633127
vt 0.151133 0.207893
vt 0.151705 0.200031
vt 1.491572 1.106851
vt 1.481084 1.116819
vt 0.148265 0.261607
vt 0.148106 0.266548
vt 1.457950 1.199859
vt 1.449049 1.182411
vt 1.455549 1.175529
vt 1.445279 1.206060
vt 1.462987 1.219341
vt 1.449230 1.221796
vt 0.145582 0.196594
vt 0.152236 0.192747
vt 1.419469 1.371362
vt 1.427410 1.365685
vt 1.424675 1.381692
vt 1.418163 1.386206
vt 1.419059 1.359319
vt 1.427582 1.352947
vt 1.421110 1.393335
vt 0.842837 0.896866
vt 0.837953 0.900541
vt 0.839890 0.889737
vt 0.820241 0.889591
vt 0.831948 0.881866
vt 0.830700 0.896178
vt 0.818373 0.904088
vt 0.820093 0.876577
vt 0.831664 0.868913
vt 0.829560 0.906830
vt 0.814852 0.917579
vt 0.818483 0.863978
vt 0.830510 0.856797
vt 0.840786 0.862850
vt 1.408783 1.353266
vt 1.417504 1.347273
vt 1.421982 1.343904
vt 1.430502 1.341723
vt 0.828009 0.845094
vt 0.815919 0.852661
vt 0.812400 0.841423
vt 0.824133 0.833585
vt 1.444513 1.318438
vt 1.434478 1.325234
vt 1.432372 1.316826
vt 0.854099 0.820357
vt 0.864735 0.813896
vt 0.866239 0.821969
vt 0.174894 0.584143
vt 1.433800 1.375384
vt 1.439763 1.371251
vt 1.435388 1.382656
vt 1.430960 1.385954
vt 0.837554 0.902540
vt 0.829341 0.908876
vt 0.817323 0.917448
vt 1.446291 1.338898
vt 1.436102 1.334610
vt 1.445626 1.328030
vt 0.852686 0.889485
vt 0.852357 0.890935
vt 0.842046 0.899075
vt 0.150396 0.183276
vt 0.150627 0.183410
vt 0.146224 0.189855
vt 0.868383 0.845613
vt 0.858832 0.849259
vt 0.868018 0.842429
vt 0.209825 0.112279
vt 0.224300 0.101189
vt 0.226925 0.100115
vt 0.240915 0.097793
vt 0.253228 0.096535
vt 0.265206 0.095962
vt 0.230931 0.099259
vt 0.141735 0.505137
vt 0.141756 0.505837
vt 0.122289 0.500747
vt 0.122150 0.500057
vt 0.201437 0.157647
vt 0.199916 0.160310
vt 0.195437 0.165823
vt 0.161364 1.235251
vt 0.161028 1.235240
vt 0.160883 1.229929
vt 0.150650 0.250582
vt 0.151498 0.250605
vt 0.927863 0.217988
vt 1.508278 0.727348
vt 0.931592 0.268556
vt 0.928772 0.256346
vt 0.932380 0.268408
vt 0.303779 0.589704
vt 0.161172 1.246018
vt 0.161159 1.240618
vt 0.161497 1.240629
vt 0.926630 0.244052
vt 1.507778 0.687626
vt 0.930160 0.204401
vt 0.265056 0.587804
vt 0.350695 0.594397
vt 0.350754 0.592940
vt 0.940425 0.290096
vt 0.149433 0.251040
vt 0.149675 0.245370
vt 0.150025 0.239287
vt 0.291815 0.595873
vt 0.291343 0.594330
vt 0.304413 0.594906
vt 0.278281 0.593681
vt 0.278865 0.595224
vt 0.265791 0.594483
vt 0.265108 0.592941
vt 0.351745 0.597137
vt 0.351600 0.598680
vt 0.340999 0.598236
vt 0.149177 0.256635
vt 0.148966 0.261677
vt 1.474489 1.143263
vt 1.482090 1.098391
vt 1.481982 1.107922
vt 0.133065 0.245459
vt 0.133139 0.237098
vt 0.133182 0.228397
vt 0.133107 0.215130
vt 0.133166 0.219637
vt 1.479563 1.125708
vt 1.440953 1.189202
vt 0.176484 0.220148
vt 0.177596 0.220007
vt 0.175908 0.219692
vt 0.173193 0.219687
vt 0.165544 0.219814
vt 0.169959 0.219718
vt 0.928000 0.178510
vt 0.159691 0.212562
vt 0.223093 0.187045
vt 0.224387 0.187271
vt 0.251928 0.591988
vt 0.252815 0.593531
vt 0.238050 0.592608
vt 0.151834 0.207387
vt 0.151401 0.214459
vt 0.134043 0.491525
vt 0.125556 0.479344
vt 0.131611 0.482160
vt 0.202854 0.167579
vt 0.211703 0.168519
vt 0.211185 0.170517
vt 0.202267 0.169830
vt 0.213618 0.170089
vt 0.148920 0.495323
vt 0.149644 0.488853
vt 0.151041 0.488578
vt 0.154461 0.492775
vt 0.137248 0.485494
vt 0.142515 0.487580
vt 0.211423 0.158306
vt 0.212315 0.161290
vt 0.188295 0.517887
vt 0.163751 0.511998
vt 0.163467 0.511257
vt 0.141782 0.506490
vt 0.190665 0.162423
vt 0.188181 0.172689
vt 0.122351 0.501445
vt 0.105228 0.496738
vt 0.104947 0.496016
vt 0.089300 0.491597
vt 0.089860 0.492372
vt 0.069163 0.486007
vt 0.068533 0.485332
vt 0.048144 0.479831
vt 0.047464 0.478997
vt 0.172594 0.245663
vt 0.170470 0.257294
vt 0.170034 0.257330
vt 0.175383 0.232679
vt 0.175080 0.232680
vt 0.177933 0.219839
vt 0.239718 0.528636
vt 0.239902 0.529339
vt 0.214640 0.523851
vt 0.172907 0.245606
vt 0.290332 0.539813
vt 0.290329 0.539147
vt 0.384980 0.556743
vt 0.374960 0.555321
vt 0.375007 0.554789
vt 0.428086 0.561537
vt 0.427915 0.562026
vt 0.406360 0.559561
vt 0.449884 0.564114
vt 0.439336 0.563113
vt 0.439503 0.562586
vt 0.179771 1.299819
vt 0.179802 1.304582
vt 0.179547 1.304523
vt 0.167295 0.277440
vt 0.365064 0.553139
vt 0.364940 0.553751
vt 0.342381 0.549848
vt 0.170763 0.257317
vt 0.168952 0.268022
vt 0.263176 0.533593
vt 0.263535 0.534334
vt 0.180209 0.208745
vt 0.104678 0.495315
vt 0.088844 0.490906
vt 0.207840 0.136359
vt 0.450573 0.561008
vt 0.450474 0.561673
vt 0.179947 1.294734
vt 0.180021 1.299837
vt 0.164587 0.303229
vt 0.165075 0.297828
vt 0.165305 0.297909
vt 0.163883 0.308139
vt 0.402287 0.546968
vt 0.401828 0.547696
vt 0.394076 0.542883
vt 0.394378 0.542218
vt 0.410966 0.551073
vt 0.410431 0.551938
vt 0.379598 0.530842
vt 0.379098 0.531633
vt 0.371692 0.524542
vt 0.372262 0.523767
vt 0.386532 0.537691
vt 0.386660 0.536663
vt 0.168174 0.294272
vt 0.169455 0.289486
vt 0.363528 0.515281
vt 0.364264 0.514638
vt 0.339698 0.475763
vt 0.347017 0.489855
vt 0.345952 0.490178
vt 0.197588 0.259042
vt 0.328557 0.448684
vt 0.333144 0.460907
vt 0.332088 0.460802
vt 0.327496 0.448488
vt 0.241979 0.229323
vt 0.265508 0.219925
vt 0.265482 0.212825
vt 0.265244 0.207622
vt 0.224842 0.224613
vt 0.226538 0.217841
vt 0.228734 0.212690
vt 0.269517 0.241449
vt 0.309378 0.349655
vt 0.310950 0.367660
vt 0.309884 0.367654
vt 0.308314 0.349643
vt 0.313356 0.385141
vt 0.316178 0.401983
vt 0.315112 0.401948
vt 0.312289 0.385111
vt 0.230164 0.246693
vt 0.222885 0.248660
vt 0.322822 0.434467
vt 0.318633 0.418483
vt 0.319699 0.418565
vt 0.667005 1.396629
vt 0.665341 1.396076
vt 0.670936 1.378694
vt 0.223054 0.224917
vt 1.474499 0.677169
vt 1.472222 0.698635
vt 1.462837 0.696787
vt 1.464791 0.676788
vt 1.476433 0.652732
vt 1.466590 0.653033
vt 1.477410 0.627089
vt 1.467593 0.627094
vt 1.470981 0.707231
vt 1.462434 0.701474
vt 0.884161 0.205005
vt 0.884563 0.200318
vt 0.893948 0.202166
vt 0.663837 1.336470
vt 0.663436 1.383975
vt 0.662661 1.383330
vt 0.084387 0.886861
vt 0.084387 0.839477
vt 0.085564 0.840001
vt 0.085162 0.887506
vt 0.084959 0.918660
vt 0.227149 0.212427
vt 0.229393 0.207645
vt 0.231159 0.208285
vt 0.763367 0.752283
vt 0.763309 0.727264
vt 0.763911 0.727246
vt 0.763911 0.752323
vt 0.105366 0.870023
vt 0.693829 1.355260
vt 0.683640 1.366492
vt 0.087068 0.899607
vt 0.088731 0.900160
vt 0.085553 0.918632
vt 0.218110 0.241564
vt 0.217580 0.241599
vt 0.219439 0.232521
vt 0.225036 0.218015
vt 0.222076 0.224817
vt 0.290047 0.438595
vt 0.273496 0.436456
vt 0.702563 1.341770
vt 0.700679 1.336218
vt 0.124290 0.845301
vt 0.126016 0.849281
vt 0.115555 0.858791
vt 0.198199 0.169887
vt 0.198961 0.167156
vt 0.151723 0.487564
vt 0.157498 0.489230
vt 0.196590 0.168446
vt 0.198501 0.166833
vt 0.225833 0.173712
vt 0.227794 0.184545
vt 0.212275 0.168254
vt 0.158771 0.460656
vt 0.154545 0.459525
vt 0.153982 0.458269
vt 0.153905 0.453080
vt 0.157854 0.455306
vt 0.152850 0.457810
vt 0.198377 0.166172
vt 0.198963 0.162800
vt 0.139263 0.458211
vt 0.142094 0.450838
vt 0.144780 0.457225
vt 0.212758 0.163901
vt 0.212484 0.167719
vt 0.208514 0.135713
vt 0.085216 0.466687
vt 0.086585 0.468167
vt 0.083327 0.477554
vt 0.079007 0.465193
vt 0.210172 0.137605
vt 0.209835 0.136220
vt 0.375219 0.593753
vt 0.375248 0.593215
vt 0.164587 0.273640
vt 0.157474 0.273305
vt 0.376959 0.562718
vt 0.376433 0.558376
vt 0.384960 0.559051
vt 0.370929 0.593596
vt 0.150558 0.270756
vt 0.150882 0.270770
vt 0.150726 0.272800
vt 0.157646 0.271021
vt 0.164807 0.271173
vt 0.166561 0.273395
vt 0.371745 0.562245
vt 0.371436 0.557949
vt 0.163997 1.267699
vt 0.164358 1.267653
vt 0.164030 1.269080
vt 0.367544 0.592710
vt 0.367501 0.593471
vt 0.364882 0.593378
vt 0.878508 0.981936
vt 0.879676 0.966051
vt 0.882155 0.966296
vt 0.882509 0.982592
vt 0.882519 0.986334
vt 0.877943 0.985996
vt 0.362245 0.597463
vt 0.372474 0.597831
vt 0.372127 0.599376
vt 0.362045 0.599007
vt 0.324736 0.854820
vt 0.324111 0.879465
vt 0.323399 0.879420
vt 0.324023 0.854775
vt 0.316033 0.804015
vt 0.323210 0.802104
vt 0.318986 0.814733
vt 0.900087 0.103611
vt 0.899685 0.102567
vt 0.900455 0.102518
vt 0.900852 0.103563
vt 0.900533 0.116661
vt 0.901471 0.116605
vt 0.900955 0.126406
vt 0.899971 0.126468
vt 0.900651 0.137235
vt 0.899685 0.137295
vt 0.900272 0.151789
vt 0.899827 0.144862
vt 0.900749 0.144804
vt 0.901122 0.151736
vt 0.121536 1.226035
vt 0.121338 1.231585
vt 0.121382 1.226036
vt 0.984860 0.712271
vt 0.983493 0.699912
vt 0.984450 0.699874
vt 0.985806 0.712230
vt 0.324688 0.827197
vt 0.323975 0.827152
vt 0.984906 0.661840
vt 0.984129 0.661871
vt 0.985573 0.648277
vt 0.987471 0.648202
vt 0.993090 0.757204
vt 0.991628 0.748663
vt 0.992061 0.749390
vt 0.989119 0.734216
vt 0.987184 0.723274
vt 0.992390 0.723062
vt 0.995469 0.733323
vt 0.983574 0.674663
vt 0.983621 0.687491
vt 0.983962 0.687473
vt 0.985881 0.699817
vt 0.986232 0.723313
vt 0.307873 0.904928
vt 0.308210 0.903869
vt 0.313640 0.905678
vt 0.313186 0.906527
vt 0.321787 0.922424
vt 0.321226 0.913605
vt 0.322455 0.912332
vt 0.242008 0.890818
vt 0.258711 0.887253
vt 0.242733 0.891903
vt 0.242811 0.904962
vt 0.257911 0.898054
vt 0.257372 0.914062
vt 0.242739 0.914711
vt 0.256711 0.928591
vt 0.242662 0.925499
vt 0.242643 0.933060
vt 0.255860 0.940780
vt 0.242658 0.940004
vt 0.784359 0.512025
vt 0.784799 0.498523
vt 0.784799 0.512811
vt 0.323122 0.902241
vt 0.322351 0.902813
vt 0.118618 1.197043
vt 0.118808 1.197388
vt 0.118338 1.199221
vt 0.992488 0.744702
vt 0.993016 0.745210
vt 0.997014 0.739155
vt 0.997208 0.739885
vt 0.994899 0.742093
vt 0.994366 0.741603
vt 0.223716 0.185408
vt 0.222289 0.185828
vt 1.269552 1.255161
vt 1.248247 1.250916
vt 1.268521 1.248836
vt 1.267117 1.239520
vt 1.260720 1.172251
vt 1.263080 1.205845
vt 0.264013 0.176420
vt 0.248933 0.177338
vt 0.233535 0.179006
vt 0.228050 0.183406
vt 0.135226 0.419161
vt 0.137135 0.421060
vt 0.126108 0.431764
vt 1.243626 1.249394
vt 1.241449 1.247904
vt 0.663175 0.751435
vt 0.661288 0.749586
vt 0.673452 0.741567
vt 0.228510 0.182335
vt 1.245839 1.250364
vt 0.665353 0.752925
vt 0.667566 0.753895
vt 0.230069 0.180377
vt 1.239562 1.246055
vt 1.238121 1.243762
vt 0.229204 0.181279
vt 0.658872 0.744709
vt 0.658404 0.742068
vt 1.237145 1.241178
vt 0.232311 0.179225
vt 0.231134 0.179683
vt 0.135581 0.945677
vt 0.129235 0.945944
vt 0.130609 0.912365
vt 0.136874 0.912026
vt 0.133260 0.979834
vt 0.126849 0.979568
vt 0.132653 0.986157
vt 0.129879 0.988776
vt 0.126015 0.988863
vt 0.130900 0.988525
vt 0.131703 0.988021
vt 0.132316 0.987208
vt 0.984649 0.467419
vt 0.991468 0.467796
vt 1.569741 0.964265
vt 1.570356 0.997876
vt 1.563454 0.997571
vt 0.985180 0.501102
vt 0.992082 0.501407
vt 0.993161 0.535132
vt 0.986180 0.535362
vt 1.564453 1.031831
vt 1.571435 1.031601
vt 1.564779 1.038277
vt 0.953618 0.802627
vt 0.949185 0.794229
vt 0.954081 0.802257
vt 0.949185 0.804598
vt 0.950183 0.804339
vt 0.232779 1.273937
vt 0.235973 1.270860
vt 0.232507 1.273650
vt 0.233165 1.274117
vt 1.565058 1.039331
vt 0.993183 0.273051
vt 0.992520 0.273113
vt 0.990152 0.239451
vt 0.990817 0.239422
vt 1.575550 0.803703
vt 1.574889 0.803787
vt 1.570794 0.769582
vt 1.571457 0.769520
vt 0.233626 1.274158
vt 0.233735 1.274428
vt 0.236400 1.274118
vt 0.996616 0.307318
vt 0.997277 0.307234
vt 0.998120 0.313668
vt 0.232679 1.277232
vt 0.232678 1.275588
vt 0.232396 1.275557
vt 0.232426 1.277236
vt 0.692829 0.527612
vt 0.692279 0.527251
vt 0.692829 0.526362
vt 0.232778 1.275165
vt 0.232508 1.275071
vt 0.232979 1.274836
vt 0.693329 0.526362
vt 0.693832 0.526785
vt 0.693329 0.527466
vt 0.232745 1.274672
vt 0.233305 1.274578
vt 0.693832 0.526362
vt 0.694314 0.526812
vt 0.693832 0.527510
vt 0.233128 1.274353
vt 0.225792 0.187017
vt 0.194123 0.431538
vt 0.193651 0.434386
vt 0.190936 0.432671
vt 0.191222 0.431894
vt 0.190539 0.427934
vt 0.193580 0.428448
vt 0.190188 0.433023
vt 0.191083 0.436160
vt 0.355386 0.503236
vt 0.354566 0.503832
vt 0.197734 0.259546
vt 0.191644 0.263492
vt 0.191374 0.263104
vt 0.186453 0.267681
vt 1.239051 1.017183
vt 1.224440 1.017326
vt 1.230749 0.999427
vt 1.269103 1.248906
vt 1.294198 1.253611
vt 1.295095 1.258877
vt 0.716822 0.762408
vt 0.716587 0.763017
vt 0.716000 0.763276
vt 1.294273 1.259745
vt 0.781043 0.818244
vt 0.810974 0.818262
vt 0.809177 0.851584
vt 0.778631 0.851795
vt 0.805317 0.885528
vt 0.774503 0.885405
vt 0.802066 0.888144
vt 0.646167 0.500752
vt 0.651166 0.501898
vt 0.646167 0.520857
vt 0.085255 0.803173
vt 0.663529 1.299642
vt 0.664568 1.299641
vt 0.688565 1.299616
vt 0.664480 1.296701
vt 0.793273 0.889897
vt 0.786563 0.329436
vt 0.786697 0.329440
vt 0.788894 0.362600
vt 0.788760 0.362596
vt 0.792677 0.396423
vt 1.370950 0.892892
vt 1.370821 0.892913
vt 1.367034 0.859065
vt 0.792548 0.396444
vt 0.793159 0.399086
vt 0.234077 1.163291
vt 0.234051 1.163223
vt 0.235243 1.163018
vt 0.763769 0.717923
vt 0.763905 0.717930
vt 0.763769 0.720690
vt 0.232960 1.163719
vt 0.232930 1.163644
vt 0.231964 1.164356
vt 0.231919 1.164290
vt 0.231154 1.165175
vt 0.770281 0.913678
vt 0.770145 0.913661
vt 0.770459 0.910986
vt 0.770459 0.916343
vt 0.770329 0.916358
vt 0.230440 1.166087
vt 0.230507 1.166126
vt 0.230070 1.167085
vt 0.433900 0.785609
vt 0.433749 0.785565
vt 0.433900 0.783315
vt 0.229994 1.167063
vt 0.229820 1.168114
vt 0.229754 1.168097
vt 0.901544 0.404390
vt 0.901696 0.404429
vt 0.901440 0.425721
vt 0.901287 0.425740
vt 0.901696 0.450373
vt 0.901544 0.450401
vt 0.226570 1.187555
vt 0.226611 1.187531
vt 0.226744 1.187756
vt 0.226710 1.187816
vt 0.227001 1.187844
vt 0.227013 1.187912
vt 0.228574 1.187571
vt 0.229071 1.187401
vt 0.229057 1.187465
vt 0.229324 1.187447
vt 0.229359 1.187494
vt 0.450927 0.836028
vt 0.450754 0.835900
vt 0.450779 0.810187
vt 0.450927 0.810175
vt 0.765949 0.859348
vt 0.765802 0.859367
vt 0.765802 0.838604
vt 0.765961 0.838662
vt 0.331246 0.837101
vt 0.331371 0.837179
vt 0.331385 0.857881
vt 0.331246 0.857882
vt 0.763769 0.680883
vt 0.763908 0.680874
vt 0.763908 0.706588
vt 0.652036 0.856690
vt 0.651867 0.856591
vt 0.652036 0.831514
vt 0.229298 1.187396
vt 0.229090 1.187331
vt 0.691722 0.516154
vt 0.691631 0.521324
vt 0.657459 0.526524
vt 0.657332 0.526505
vt 0.657459 0.521164
vt 0.226992 1.187780
vt 0.226774 1.187699
vt 0.610626 0.527520
vt 0.610461 0.527610
vt 0.610461 0.526925
vt 0.226658 1.187508
vt 0.450687 0.685277
vt 0.450520 0.685300
vt 0.450757 0.660865
vt 0.450924 0.660846
vt 0.450559 0.639796
vt 0.450728 0.639828
vt 0.450520 0.637425
vt 0.450689 0.637457
vt 0.450570 0.635246
vt 0.131550 0.308393
vt 0.131524 0.308472
vt 0.130545 0.308447
vt 0.450738 0.635304
vt 0.450716 0.633127
vt 0.231214 1.165232
vt 0.230573 1.166165
vt 0.232008 1.164421
vt 0.443829 0.774223
vt 0.443714 0.774219
vt 0.443712 0.771483
vt 0.443829 0.771515
vt 0.433578 0.785868
vt 0.433442 0.785912
vt 0.433442 0.783315
vt 0.234102 1.163359
vt 0.232991 1.163794
vt 0.235232 1.163083
vt 0.235251 1.163153
vt 0.768728 0.874256
vt 0.768590 0.874259
vt 0.771126 0.840479
vt 0.771260 0.840493
vt 0.772515 0.807327
vt 0.772650 0.807333
vt 0.773069 0.894759
vt 0.811954 0.921334
vt 0.137497 0.202836
vt 0.137433 0.202243
vt 0.212227 0.613544
vt 0.227424 0.622629
vt 0.810293 0.939384
vt 0.808151 0.941467
vt 0.808288 0.929110
vt 0.809735 0.929629
vt 0.810198 0.956810
vt 0.808162 0.959077
vt 0.809315 0.922015
vt 0.808363 0.922351
vt 0.808121 0.906388
vt 0.808482 0.906136
vt 0.857114 0.886187
vt 0.856733 0.887217
vt 0.850382 0.841239
vt 0.851774 0.840779
vt 0.852229 0.845254
vt 1.441375 1.303122
vt 1.443008 1.310365
vt 0.852123 0.814546
vt 0.863102 0.806653
vt 0.852886 0.832109
vt 0.852111 0.832031
vt 0.850643 0.829440
vt 0.836703 0.839668
vt 0.844197 0.838627
vt 0.844635 0.839801
vt 0.843708 0.847435
vt 0.843427 0.828687
vt 0.842921 0.829923
vt 0.832935 0.827832
vt 0.847733 0.827219
vt 0.846077 0.827048
vt 0.852851 0.839721
vt 0.597207 0.522044
vt 0.598117 0.520866
vt 0.603091 0.522521
vt 0.846493 0.841034
vt 0.845465 0.840672
vt 0.844255 0.837431
vt 0.843185 0.834046
vt 1.422471 1.335096
vt 1.414976 1.336137
vt 1.422528 1.333900
vt 0.854904 0.834860
vt 0.857829 0.838142
vt 0.854671 0.836001
vt 0.853892 0.832651
vt 0.856204 0.828766
vt 0.854623 0.833647
vt 1.431159 1.328578
vt 1.432165 1.329120
vt 0.844571 0.836681
vt 1.421458 1.330515
vt 1.411209 1.324301
vt 0.842688 0.832154
vt 1.430396 1.311015
vt 1.427600 1.324521
vt 0.849326 0.828052
vt 1.417803 1.319875
vt 1.421701 1.325156
vt 0.839529 0.823406
vt 0.844577 0.827559
vt 0.846506 0.840470
vt 0.850258 0.840668
vt 0.851494 0.840260
vt 0.852451 0.839319
vt 0.854208 0.835730
vt 0.854400 0.834790
vt 0.854184 0.833859
vt 0.853622 0.833096
vt 0.852820 0.832665
vt 0.851867 0.832568
vt 0.850286 0.829767
vt 0.849097 0.828514
vt 0.847676 0.827771
vt 0.846200 0.827619
vt 0.844863 0.828075
vt 0.843839 0.829080
vt 0.843255 0.830506
vt 0.843181 0.832172
vt 0.843630 0.833881
vt 0.845125 0.836726
vt 0.844735 0.837651
vt 0.844689 0.838603
vt 0.143952 1.170569
vt 0.144197 1.170431
vt 0.144487 1.170766
vt 0.845025 0.839504
vt 0.845661 0.840172
vt 0.886087 0.214692
vt 0.884636 0.214486
vt 0.884161 0.210835
vt 0.885562 0.210762
vt 0.897328 0.218139
vt 0.896116 0.218038
vt 0.895883 0.216645
vt 0.897071 0.216642
vt 0.895827 0.215162
vt 0.897016 0.215040
vt 0.896112 0.211201
vt 0.897328 0.210762
vt 0.853078 0.836047
vt 0.853252 0.835176
vt 0.853057 0.834315
vt 0.852534 0.833612
vt 0.851786 0.833236
vt 0.147497 1.166315
vt 0.147240 1.166833
vt 0.146815 1.166766
vt 0.147078 1.166299
vt 0.604479 0.519068
vt 0.604479 0.520198
vt 0.601162 0.519644
vt 0.926520 0.103998
vt 0.925542 0.103585
vt 0.926520 0.100544
vt 0.146123 1.165542
vt 0.145904 1.165936
vt 0.145340 1.165720
vt 0.145434 1.165261
vt 0.144742 1.165693
vt 0.144682 1.165221
vt 0.144168 1.165864
vt 1.533743 1.292005
vt 1.532572 1.292012
vt 1.532979 1.290698
vt 0.954299 0.795543
vt 0.955469 0.795537
vt 0.955258 0.797184
vt 0.954081 0.797180
vt 0.955251 0.798933
vt 0.954081 0.798930
vt 0.955469 0.800576
vt 0.143221 1.167311
vt 0.142748 1.167282
vt 0.142921 1.166541
vt 0.753683 0.761465
vt 0.754784 0.761839
vt 0.754784 0.763223
vt 0.753690 0.762842
vt 0.755856 0.761465
vt 0.756724 0.761465
vt 0.756504 0.763216
vt 0.143552 1.168450
vt 0.143174 1.168697
vt 0.142841 1.168031
vt 0.892380 0.515178
vt 0.891293 0.515424
vt 0.891118 0.512313
vt 0.892517 0.512313
vt 0.783910 0.428075
vt 0.784765 0.429183
vt 0.783910 0.429700
vt 0.144560 1.169732
vt 0.144054 1.170016
vt 0.143996 1.169604
vt 0.689418 0.526321
vt 0.689367 0.527717
vt 0.688635 0.527712
vt 0.688635 0.526323
vt 0.885551 0.217313
vt 0.884161 0.216910
vt 0.884486 0.216255
vt 0.885905 0.216608
vt 0.884657 0.215397
vt 0.886097 0.215683
vt 0.597218 0.524828
vt 0.596916 0.523427
vt 0.602752 0.523756
vt 0.603095 0.525039
vt 0.598108 0.526081
vt 0.601169 0.527541
vt 0.604479 0.527511
vt 0.599480 0.527023
vt 0.599482 0.520031
vt 0.139856 1.217674
vt 0.139881 1.217221
vt 0.140476 1.217274
vt 0.140409 1.217551
vt 0.900493 0.109515
vt 0.901354 0.109461
vt 0.323989 0.802154
vt 0.307873 0.786190
vt 0.322919 0.801006
vt 0.323685 0.801055
vt 0.322155 0.840295
vt 0.319197 0.867086
vt 0.320837 0.914047
vt 0.317608 0.909479
vt 0.317985 0.908754
vt 0.321276 0.854599
vt 0.316138 0.878955
vt 0.321374 0.826986
vt 0.263468 0.538195
vt 0.262877 0.538050
vt 0.164667 1.224228
vt 0.164363 1.224377
vt 0.277396 0.590373
vt 0.987377 0.636168
vt 0.991782 0.635661
vt 0.119215 1.246311
vt 0.119166 1.246632
vt 0.118872 1.246646
vt 0.118905 1.246310
vt 0.119921 1.241802
vt 0.984727 0.648310
vt 0.986561 0.636200
vt 0.983283 0.661904
vt 0.982713 0.674731
vt 0.988591 0.712109
vt 0.988296 0.734332
vt 0.242351 0.940780
vt 0.997208 0.623186
vt 0.264086 0.579205
vt 0.264118 0.586143
vt 0.263666 0.586161
vt 0.263538 0.579143
vt 0.242798 0.897824
vt 0.185475 0.184337
vt 0.182728 0.196830
vt 0.317788 0.545226
vt 0.166191 0.287557
vt 0.163065 0.510487
vt 0.192997 0.153218
vt 0.195164 0.145018
vt 0.067922 0.484633
vt 0.046806 0.478187
vt 0.290239 0.538490
vt 0.262830 0.532877
vt 0.239501 0.527934
vt 0.384875 0.555695
vt 0.374985 0.554249
vt 0.428255 0.561031
vt 0.164135 0.308248
vt 0.164840 0.303278
vt 0.439606 0.562031
vt 0.450281 0.562970
vt 0.450115 0.563559
vt 0.365098 0.552610
vt 0.174533 0.232712
vt 0.167277 0.272713
vt 0.168674 0.267962
vt 0.168174 0.267997
vt 0.318019 0.546799
vt 0.176691 0.220788
vt 0.160657 0.219904
vt 0.250261 0.586691
vt 0.262878 0.544023
vt 0.263470 0.544110
vt 0.262959 0.551138
vt 0.263553 0.551225
vt 0.240709 0.533178
vt 0.157229 0.219964
vt 0.154039 0.220018
vt 0.291007 0.591245
vt 0.371806 0.593763
vt 0.361181 0.593142
vt 0.340178 0.592272
vt 0.340202 0.591850
vt 0.151380 0.256221
vt 0.151067 0.261221
vt 0.150580 0.266142
vt 0.350772 0.592517
vt 0.265203 0.587374
vt 0.164096 1.224403
vt 0.163913 1.224360
vt 0.264425 0.586915
vt 0.982720 0.687537
vt 0.376453 0.557798
vt 0.371356 0.557289
vt 0.877805 0.986727
vt 0.882521 0.987162
vt 0.150245 0.276318
vt 0.367704 0.577820
vt 0.364907 0.592552
vt 0.882521 0.951530
vt 0.990530 0.745604
vt 0.900728 1.408801
vt 0.899500 1.410074
vt 0.900625 1.399282
vt 0.172191 0.277698
vt 0.371457 0.577999
vt 0.370956 0.592881
vt 0.150963 0.269156
vt 0.157731 0.269246
vt 0.164970 0.269443
vt 0.167060 0.270994
vt 0.166760 0.271031
vt 0.166831 0.269267
vt 0.367705 0.557800
vt 0.367663 0.557059
vt 0.368087 0.561893
vt 0.163711 1.270680
vt 0.163396 1.270699
vt 0.163695 1.269100
vt 0.150617 0.269135
vt 0.308434 0.332011
vt 0.253311 0.242604
vt 0.245363 0.243725
vt 0.237705 0.245043
vt 0.323891 0.434572
vt 0.186162 0.267333
vt 0.181944 0.271186
vt 0.178714 0.274682
vt 0.175954 0.278193
vt 0.173587 0.281757
vt 0.171391 0.285420
vt 0.164992 0.308420
vt 0.164402 0.308327
vt 0.309265 0.447056
vt 0.308990 0.446273
vt 0.277416 0.442361
vt 0.277192 0.441414
vt 0.219819 0.226560
vt 0.223403 0.204126
vt 0.229939 0.434593
vt 0.193359 0.427194
vt 0.226362 0.186914
vt 0.226029 0.185579
vt 0.226601 0.185477
vt 0.697676 0.527640
vt 0.697521 0.526401
vt 0.697676 0.526362
vt 0.086207 0.800232
vt 0.086294 0.803172
vt 0.228891 1.188680
vt 0.012170 0.432109
vt 0.010686 0.429428
vt 0.019395 0.432507
vt 0.132958 0.460186
vt 0.139333 0.458466
vt 0.133016 0.460470
vt 0.152599 0.478999
vt 0.151446 0.487477
vt 0.152321 0.478916
vt 0.119088 0.477136
vt 0.089826 0.469672
vt 0.089881 0.469440
vt 0.119158 0.476855
vt 0.125584 0.479129
vt 0.131662 0.481932
vt 0.126683 0.461550
vt 0.126719 0.461829
vt 0.120189 0.462231
vt 0.213115 1.160806
vt 0.212732 1.157904
vt 0.212873 1.157905
vt 0.142555 0.487405
vt 0.149696 0.488568
vt 0.137385 0.485238
vt 0.202891 0.167448
vt 0.211742 0.168388
vt 0.150873 0.488342
vt 0.202313 1.172237
vt 0.202676 1.172479
vt 0.202642 1.172597
vt 0.202212 1.172310
vt 0.202085 1.171701
vt 0.202211 1.171720
vt 0.210518 1.142361
vt 0.211358 1.142316
vt 0.211330 1.142416
vt 0.450763 0.735780
vt 0.450520 0.734085
vt 0.450763 0.733957
vt 0.211840 1.142802
vt 0.211752 1.142844
vt 0.696743 0.527813
vt 0.696556 0.526504
vt 0.696743 0.526362
vt 0.209884 1.142995
vt 0.210570 1.142473
vt 0.085471 0.466583
vt 0.086680 0.467895
vt 0.089207 0.463032
vt 0.089231 0.463289
vt 0.086369 0.463982
vt 0.120217 0.462519
vt 0.210375 0.152276
vt 0.210055 0.137616
vt 0.144892 0.457492
vt 0.152813 0.458098
vt 0.215338 1.172306
vt 0.215173 1.172815
vt 0.215083 1.172726
vt 0.215211 1.172298
vt 0.214644 1.173098
vt 0.214671 1.172976
vt 1.559723 1.172447
vt 1.559174 1.172999
vt 1.558008 1.166596
vt 0.979734 0.670127
vt 0.980288 0.669602
vt 0.981449 0.675978
vt 0.307810 0.915378
vt 0.307329 0.915442
vt 0.307173 0.906867
vt 0.307653 0.906804
vt 0.023137 0.879225
vt 0.023529 0.879665
vt 0.020445 0.908382
vt 0.019779 0.908424
vt 0.596961 1.417333
vt 0.597491 1.411291
vt 0.598068 1.411807
vt 0.019795 0.915338
vt 0.019271 0.921351
vt 0.018687 0.920864
vt 0.978656 0.663836
vt 0.979204 0.663282
vt 0.019218 0.914822
vt 0.977541 0.656794
vt 0.978187 0.656794
vt 0.017772 0.931686
vt 0.018327 0.932345
vt 0.017892 0.938689
vt 0.017398 0.938813
vt 0.018180 0.926544
vt 0.018757 0.927056
vt 0.307329 0.887317
vt 0.307810 0.887253
vt 0.606050 0.527787
vt 0.605566 0.527787
vt 0.605593 0.526925
vt 0.231966 1.641673
vt 0.232030 1.641846
vt 0.231756 1.641941
vt 0.231440 1.642287
vt 0.231277 1.642238
vt 0.231606 1.641881
vt 0.974393 0.476869
vt 0.976099 0.476720
vt 0.976132 0.477920
vt 0.974204 0.478036
vt 0.977028 0.477661
vt 0.977069 0.478817
vt 0.973130 0.478130
vt 0.972935 0.479227
vt 0.972901 0.626048
vt 0.972479 0.626644
vt 0.971808 0.624358
vt 0.972126 0.623186
vt 1.555814 1.153263
vt 1.550752 1.123113
vt 1.551175 1.122517
vt 0.023574 0.876042
vt 0.023937 0.877123
vt 0.982201 0.681554
vt 0.981675 0.682241
vt 0.980901 0.676530
vt 0.982713 0.689408
vt 0.982210 0.689313
vt 0.243673 1.642059
vt 0.243838 1.642031
vt 0.244010 1.642428
vt 0.982700 0.690336
vt 0.243453 1.641869
vt 0.243514 1.641691
vt 0.694314 0.526362
vt 0.694799 0.526362
vt 0.694630 0.527341
vt 0.967320 0.681915
vt 0.967909 0.689620
vt 0.597544 1.417819
vt 0.609153 1.422179
vt 0.610401 1.428543
vt 0.967570 0.675044
vt 0.598718 1.404850
vt 0.605474 1.404416
vt 0.969747 0.656794
vt 0.031232 0.942717
vt 0.030681 0.947025
vt 0.032128 0.932074
vt 0.032057 0.938734
vt 1.546183 1.186089
vt 1.559948 1.178710
vt 0.969107 0.692913
vt 0.977352 0.510688
vt 1.555626 1.007157
vt 1.547735 1.006714
vt 1.552477 0.974505
vt 0.978579 0.510848
vt 1.551208 0.975696
vt 1.546209 1.006556
vt 0.968653 0.656582
vt 1.548021 1.153263
vt 1.546926 1.153051
vt 0.028684 0.907619
vt 0.606957 1.404088
vt 0.601803 1.376134
vt 0.969609 0.697584
vt 1.544577 1.172095
vt 0.966304 0.675626
vt 0.978580 0.529642
vt 1.556853 1.007317
vt 1.558044 1.026191
vt 1.556854 1.026111
vt 1.544422 1.025381
vt 1.543070 1.025077
vt 0.032137 0.925908
vt 0.030880 0.925710
vt 0.965957 0.682820
vt 1.558407 1.033465
vt 0.979770 0.529722
vt 0.981188 0.536781
vt 0.980134 0.536996
vt 1.542193 1.032591
vt 0.962757 0.535645
vt 0.964796 0.528608
vt 0.966148 0.528912
vt 0.963919 0.536122
vt 0.033294 0.932812
vt 0.966677 0.690097
vt 0.982360 0.544186
vt 0.983462 0.543894
vt 0.960811 0.543019
vt 1.560634 1.040655
vt 1.539084 1.039488
vt 0.959540 0.542491
vt 0.610330 1.435202
vt 0.611567 1.429281
vt 0.033457 0.939470
vt 0.967333 0.693496
vt 0.984281 0.547256
vt 0.982833 0.547309
vt 0.959698 0.546676
vt 0.957903 0.546645
vt 0.033127 0.943530
vt 0.596601 1.428814
vt 0.597031 1.423525
vt 0.967678 0.697482
vt 0.982740 0.551053
vt 0.984282 0.551275
vt 0.959226 0.550641
vt 0.957367 0.550715
vt 0.032996 0.947566
vt 0.971874 0.725095
vt 0.982180 0.725756
vt 0.967490 0.724744
vt 0.976927 0.579277
vt 0.980568 0.579007
vt 0.961365 0.577792
vt 0.957532 0.577958
vt 0.027143 0.974648
vt 0.031949 0.974789
vt 0.017354 0.975344
vt 0.231734 1.627101
vt 0.235543 1.641636
vt 0.243970 1.626668
vt 0.565169 0.844753
vt 0.564897 0.880612
vt 0.564897 0.843775
vt 0.982713 0.742055
vt 0.970424 0.740080
vt 0.965417 0.739960
vt 0.980672 0.594163
vt 0.976353 0.593872
vt 0.965260 0.593987
vt 0.960104 0.594163
vt 0.033457 0.991097
vt 0.027761 0.992854
vt 0.018030 0.994666
vt 0.763309 0.757500
vt 0.744023 0.755349
vt 0.744023 0.727245
vt 0.760315 0.727793
vt 0.715092 0.500752
vt 0.715092 0.520009
vt 0.706504 0.509027
vt 0.971087 0.317086
vt 0.971087 0.329127
vt 0.966090 0.317433
vt 0.676684 0.513791
vt 0.660777 0.517991
vt 0.673528 0.510827
vt 0.664877 0.503884
vt 0.660777 0.500752
vt 0.442935 0.771483
vt 0.442935 0.785833
vt 0.437815 0.774535
vt 0.743617 0.506911
vt 0.736309 0.518857
vt 0.736309 0.500752
vt 0.233628 1.619779
vt 0.238515 1.616081
vt 0.243566 1.620068
vt 0.273703 0.434304
vt 0.259105 0.429973
vt 0.258730 0.426672
vt 0.887690 0.663541
vt 0.888112 0.663756
vt 0.883165 0.671720
vt 0.882773 0.671426
vt 1.474068 1.143141
vt 0.892470 0.655690
vt 0.892055 0.655501
vt 0.895795 0.646672
vt 0.900885 0.629169
vt 0.901290 0.629239
vt 0.899188 0.637938
vt 0.720785 1.765053
vt 0.720556 1.765020
vt 0.721167 1.761187
vt 0.317516 0.632613
vt 0.317537 0.632192
vt 0.326185 0.632330
vt 0.326124 0.632751
vt 0.299929 0.632483
vt 0.299864 0.632065
vt 0.308893 0.632054
vt 0.308901 0.632479
vt 0.281644 0.632411
vt 0.281472 0.632008
vt 0.290255 0.631948
vt 0.290353 0.632368
vt 0.263195 0.632474
vt 0.262956 0.632084
vt 0.272005 0.631959
vt 0.272208 0.632363
vt 0.903319 0.611497
vt 0.903709 0.611453
vt 0.902810 0.620350
vt 0.902411 0.620325
vt 0.877276 0.679061
vt 0.870775 0.685942
vt 0.870536 0.685473
vt 0.876932 0.678684
vt 1.470328 1.151970
vt 0.898772 0.637846
vt 0.896216 0.646794
vt 1.477046 1.134315
vt 0.334841 0.632532
vt 0.903439 0.602000
vt 0.143863 1.245087
vt 0.144090 1.245041
vt 0.144135 1.248932
vt 0.253705 0.632676
vt 0.253430 0.632233
vt 0.132988 0.219750
vt 0.132906 0.215260
vt 1.479158 1.125638
vt 1.480684 1.116794
vt 0.862679 0.692734
vt 0.862545 0.692217
vt 0.142150 1.213277
vt 0.142543 1.213386
vt 0.236314 0.627965
vt 0.742663 0.527667
vt 0.742617 0.521133
vt 0.743565 0.520772
vt 0.875644 0.527834
vt 0.880178 0.533168
vt 0.879483 0.533754
vt 0.449492 0.817218
vt 0.449618 0.809072
vt 0.450686 0.808734
vt 0.450615 0.816970
vt 0.449653 0.801332
vt 0.449770 0.793731
vt 0.450740 0.793218
vt 0.450670 0.800906
vt 0.898041 0.637627
vt 0.900098 0.629007
vt 0.902563 0.602040
vt 0.901960 0.592952
vt 0.902841 0.592840
vt 0.900772 0.584126
vt 0.898807 0.575257
vt 0.899673 0.575001
vt 0.901649 0.583942
vt 0.896193 0.566032
vt 0.893124 0.557955
vt 0.893943 0.557561
vt 0.897039 0.565706
vt 0.889292 0.549435
vt 0.884915 0.541623
vt 0.885649 0.541099
vt 0.890076 0.548976
vt 0.901580 0.620223
vt 0.902459 0.611464
vt 0.449472 0.834723
vt 0.449484 0.825842
vt 0.450667 0.825683
vt 0.450707 0.834642
vt 0.895132 0.646402
vt 0.450752 0.786197
vt 0.449493 0.845043
vt 0.450752 0.844963
vt 0.132733 0.212079
vt 0.132925 0.211640
vt 0.135063 0.207037
vt 0.152795 0.185688
vt 0.152168 0.181152
vt 0.176258 0.586884
vt 0.948286 0.117895
vt 0.947046 0.118231
vt 0.953545 0.105318
vt 0.742609 0.520057
vt 0.743565 0.519417
vt 0.810011 0.967411
vt 0.809342 0.976288
vt 0.808052 0.968313
vt 0.246983 0.633070
vt 0.165950 0.586167
vt 0.924450 0.716231
vt 0.922599 0.716528
vt 0.923326 0.696388
vt 0.418510 0.600978
vt 0.400197 0.600283
vt 0.400745 0.598883
vt 0.382145 0.599757
vt 0.382646 0.598210
vt 0.341087 0.596695
vt 0.329293 0.597698
vt 0.221428 0.591385
vt 0.220536 0.589841
vt 0.236977 0.591068
vt 0.206031 0.590247
vt 0.205075 0.588700
vt 0.191107 0.589049
vt 0.189830 0.587661
vt 0.153793 0.178666
vt 0.153427 0.185085
vt 0.153366 0.179014
vt 0.153071 0.584354
vt 1.445382 1.356480
vt 1.449324 1.347124
vt 0.154129 0.173790
vt 0.154965 0.167698
vt 0.236087 0.628586
vt 0.226171 0.622773
vt 0.808069 0.966927
vt 0.928362 0.204421
vt 1.505139 0.687916
vt 0.940872 0.132862
vt 0.935745 0.147825
vt 1.525319 0.614700
vt 0.943038 0.301209
vt 0.939207 0.290401
vt 0.943988 0.301082
vt 0.935446 0.279448
vt 0.947422 0.312028
vt 0.841195 0.874894
vt 0.839230 0.850805
vt 0.849309 0.856478
vt 1.402406 1.330054
vt 1.406283 1.341563
vt 0.808181 0.899491
vt 0.225521 0.100490
vt 0.024455 0.449553
vt 0.035678 0.463906
vt 0.035205 0.463801
vt 0.023986 0.449432
vt 0.216415 0.106763
vt 0.224312 0.100970
vt 0.230951 0.099037
vt 0.007589 0.417487
vt 0.004440 0.395546
vt 0.004913 0.395573
vt 0.002199 0.368487
vt 0.240927 0.097569
vt 0.253240 0.096313
vt 0.000462 0.342134
vt 0.000932 0.342140
vt 0.001728 0.368462
vt 0.008060 0.417530
vt 0.009887 0.426341
vt 0.009445 0.426217
vt 0.046993 0.478855
vt 0.203761 1.124137
vt 0.204139 1.123828
vt 0.204092 1.124064
vt 0.059309 0.493466
vt 0.077508 0.514505
vt 0.077019 0.514414
vt 0.058824 0.493359
vt 0.177295 0.140905
vt 0.096333 0.535347
vt 0.096821 0.535414
vt 0.117999 0.556595
vt 0.117512 0.556501
vt 0.139469 0.576149
vt 0.046335 0.478043
vt 0.141592 0.578478
vt 0.871201 0.850193
vt 0.871051 0.850655
vt 0.869659 0.848264
vt 0.873089 0.851131
vt 0.158896 1.169723
vt 0.160099 1.169276
vt 0.160148 1.169514
vt 0.868656 0.845409
vt 1.446629 1.338647
vt 1.446930 1.341878
vt 0.868355 0.842178
vt 0.867353 0.831561
vt 0.867701 0.831321
vt 0.866590 0.821731
vt 0.865094 0.813669
vt 0.196415 0.123201
vt 0.202638 0.117937
vt 0.203707 1.124375
vt 0.203312 1.124695
vt 0.203371 1.124459
vt 0.011706 0.432084
vt 0.010233 0.429267
vt 0.226363 1.107416
vt 0.227624 1.106990
vt 0.227628 1.107209
vt 0.863487 0.806375
vt 0.812251 0.840930
vt 0.824012 0.833085
vt 0.832778 0.827339
vt 0.839224 0.822993
vt 0.852016 0.814042
vt 0.862990 0.806095
vt 0.150017 1.153043
vt 0.150179 1.152849
vt 0.150285 1.153080
vt 0.812364 0.393073
vt 0.813215 0.393364
vt 0.812037 0.407750
vt 0.811187 0.407442
vt 0.813446 0.375726
vt 0.814301 0.375987
vt 0.817346 0.339451
vt 0.818243 0.339556
vt 0.816200 0.361442
vt 0.815312 0.361286
vt 0.819070 0.312443
vt 0.819970 0.312510
vt 0.820074 0.286163
vt 0.820972 0.286194
vt 0.814948 0.370133
vt 0.814070 0.369941
vt 0.810605 0.421996
vt 0.810522 0.422809
vt 0.809667 0.422497
vt 0.808070 0.437011
vt 0.808940 0.437314
vt 0.806196 0.458355
vt 0.805328 0.458035
vt 0.802965 0.479257
vt 0.802118 0.478890
vt 0.798849 0.500349
vt 0.798052 0.499898
vt 0.793847 0.519898
vt 0.457244 0.523836
vt 0.456839 0.523298
vt 0.478943 0.503849
vt 0.771654 0.524913
vt 0.772432 0.525374
vt 0.771654 0.527768
vt 0.455082 0.526135
vt 0.454659 0.525541
vt 0.969094 0.471042
vt 0.969975 0.470957
vt 0.969956 0.473809
vt 0.969073 0.473845
vt 0.968423 0.468272
vt 0.969309 0.468140
vt 0.894404 0.515480
vt 0.893677 0.515440
vt 0.894404 0.512313
vt 0.156199 1.167295
vt 0.156577 1.167120
vt 0.157223 1.168327
vt 0.237908 0.973451
vt 0.237226 0.973552
vt 0.236595 0.962576
vt 0.237252 0.962525
vt 0.237220 0.952772
vt 0.236583 0.952788
vt 0.237116 0.944513
vt 0.237739 0.944522
vt 0.969305 0.476331
vt 0.968423 0.476298
vt 0.810436 0.423646
vt 0.813662 0.372951
vt 0.814528 0.373171
vt 0.237857 0.936983
vt 0.238465 0.937048
vt 0.150677 1.152921
vt 0.150559 1.152672
vt 0.561397 0.411465
vt 0.559637 0.410754
vt 0.567997 0.398719
vt 0.572599 0.397110
vt 0.583602 0.375732
vt 0.584848 0.379782
vt 0.589063 0.365335
vt 0.584814 0.365176
vt 0.588094 0.343072
vt 0.592313 0.343492
vt 0.590765 0.316430
vt 0.595114 0.316477
vt 0.592362 0.290278
vt 0.596433 0.290193
vt 0.587145 0.373996
vt 0.583777 0.373788
vt 0.519596 0.462015
vt 0.517698 0.461306
vt 0.535847 0.440416
vt 0.537812 0.441008
vt 0.500227 0.482854
vt 0.497881 0.482217
vt 0.476496 0.502779
vt 0.452835 0.522651
vt 0.549616 0.426507
vt 0.547896 0.425875
vt 0.451162 0.525232
vt 0.237608 0.979295
vt 0.240252 0.980030
vt 0.239479 0.981400
vt 0.236583 0.980984
vt 0.453442 0.527834
vt 0.450957 0.527253
vt 0.241504 0.975313
vt 0.240905 0.977864
vt 0.238065 0.976606
vt 0.240896 0.963588
vt 0.241218 0.945512
vt 0.240789 0.954097
vt 0.238897 0.936724
vt 0.241071 0.938247
vt 0.586326 0.377008
vt 0.150812 1.152673
vt 0.128580 1.177660
vt 0.128759 1.177453
vt 0.128877 1.177650
vt 0.128699 1.177856
vt 0.811954 0.841720
vt 0.815464 0.852945
vt 0.818023 0.864253
vt 0.136399 1.191828
vt 0.136213 1.192045
vt 0.133853 1.186869
vt 0.138285 1.197399
vt 0.138100 1.197620
vt 0.139844 1.203878
vt 0.139639 1.204109
vt 0.140996 1.210175
vt 0.651951 0.822803
vt 0.651663 0.822852
vt 0.651663 0.809251
vt 0.140842 1.210251
vt 0.140525 1.212850
vt 0.651978 0.827432
vt 0.651663 0.828559
vt 0.651663 0.822852
vt 0.141310 1.213377
vt 0.140289 1.213489
vt 0.810481 0.976308
vt 0.811584 0.966559
vt 0.811894 0.955036
vt 0.811423 0.938286
vt 0.148366 1.202710
vt 0.147715 1.202836
vt 0.149984 1.199313
vt 0.150283 1.199717
vt 0.810139 0.921724
vt 0.152261 1.196717
vt 0.765984 0.837882
vt 0.767379 0.821864
vt 0.768590 0.821949
vt 0.767203 0.838031
vt 0.767052 0.809044
vt 0.766594 0.799294
vt 0.767800 0.799299
vt 0.768254 0.809048
vt 0.767600 0.763652
vt 0.767539 0.780128
vt 0.766328 0.780097
vt 0.765984 0.766347
vt 0.766689 0.763622
vt 0.766692 0.763043
vt 0.767603 0.763074
vt 0.128221 1.178146
vt 0.128101 1.177950
vt 0.128156 1.177292
vt 0.128335 1.177086
vt 0.767151 0.838641
vt 0.582460 0.969546
vt 0.582525 0.980651
vt 0.581446 0.980425
vt 0.581398 0.969284
vt 0.582434 0.959014
vt 0.581401 0.958666
vt 0.582651 0.948030
vt 0.581650 0.947601
vt 0.582360 0.937583
vt 0.581398 0.937062
vt 0.488229 0.968925
vt 0.489529 0.957189
vt 0.490573 0.956796
vt 0.489250 0.968576
vt 0.487362 0.980677
vt 0.488045 0.980447
vt 0.490573 0.986700
vt 0.863492 0.873657
vt 0.861489 0.874782
vt 0.176997 0.587823
vt 0.808508 0.899350
vt 0.808052 0.894759
vt 0.859731 0.884793
vt 1.438004 1.381262
vt 0.153209 0.174866
vt 0.450957 0.563030
vt 0.180607 1.304709
vt 0.180558 1.305032
vt 0.180008 1.304909
vt 0.447100 0.571873
vt 0.446430 0.571793
vt 0.757820 1.800992
vt 0.757831 1.801269
vt 0.753723 1.800564
vt 0.443570 0.580382
vt 0.442905 0.580313
vt 0.440701 0.588995
vt 0.440046 0.588944
vt 0.156495 0.305135
vt 0.152582 0.303769
vt 0.438044 0.598405
vt 0.161485 1.302846
vt 0.160902 1.302869
vt 0.160915 1.302575
vt 0.437806 0.599551
vt 0.160477 1.302882
vt 0.160491 1.302605
vt 0.871119 0.725998
vt 0.870957 0.725327
vt 0.884713 0.722872
vt 0.884884 0.723535
vt 0.898745 0.721004
vt 0.898653 0.720333
vt 0.912013 0.718221
vt 0.912001 0.718912
vt 0.922585 0.717220
vt 0.450559 0.564178
vt 0.450790 0.563621
vt 0.180043 1.304637
vt 0.179790 1.304844
vt 0.180913 1.304747
vt 0.180870 1.305094
vt 0.924448 0.716922
vt 0.898064 0.801110
vt 0.899241 0.800619
vt 0.898430 0.802120
vt 0.057218 0.885228
vt 0.059225 0.876314
vt 0.060518 0.876042
vt 0.058538 0.885550
vt 0.056546 0.895628
vt 0.055218 0.895324
vt 0.054139 0.905515
vt 0.052820 0.905179
vt 0.051236 0.915980
vt 0.049916 0.915664
vt 0.050839 0.917746
vt 0.049625 0.917010
vt 0.049387 0.918029
vt 0.055598 0.963201
vt 0.060359 0.976613
vt 0.059166 0.977263
vt 0.054303 0.963591
vt 0.050696 0.933387
vt 0.052114 0.948610
vt 0.050788 0.948837
vt 0.049352 0.933456
vt 0.050734 0.920336
vt 0.049382 0.920338
vt 0.179557 1.304800
vt 0.179789 1.305339
vt 0.899845 0.800367
vt 0.899845 0.801901
vt 0.899845 0.804059
vt 0.898680 0.804018
vt 0.050815 0.918338
vt 0.867006 0.709591
vt 0.866675 0.709747
vt 0.862389 0.692964
vt 0.870602 0.725391
vt 0.862255 0.692448
vt 0.129473 1.294050
vt 0.129040 1.293747
vt 0.129145 1.293608
vt 0.129565 1.293950
vt 0.870764 0.726062
vt 0.060518 0.976942
vt 0.059325 0.977592
vt 0.783411 0.462880
vt 0.783740 0.463042
vt 0.783740 0.497674
vt 0.783405 0.497692
vt 0.652019 0.793243
vt 0.651716 0.793248
vt 0.651663 0.776119
vt 0.651994 0.776051
vt 0.651759 0.775807
vt 0.651994 0.775522
vt 0.129335 1.294165
vt 0.129022 1.293953
vt 0.449472 0.896868
vt 0.449711 0.897162
vt 0.449764 0.930947
vt 0.449472 0.931222
vt 0.134681 1.308818
vt 0.134493 1.308745
vt 0.134392 1.308336
vt 0.691112 0.527455
vt 0.690826 0.527653
vt 0.690826 0.526321
vt 0.134525 1.308274
vt 0.134283 1.308148
vt 0.870370 0.725495
vt 0.866439 0.709838
vt 0.651663 0.809251
vt 0.760546 0.471802
vt 0.758990 0.499084
vt 0.756775 0.488001
vt 0.771094 0.498400
vt 0.751634 0.493558
vt 0.748055 0.500117
vt 0.746246 0.497360
vt 0.740047 0.500752
vt 0.111544 1.279958
vt 0.109899 1.285173
vt 0.760067 0.480936
vt 0.652475 0.502958
vt 0.774265 0.458026
vt 0.756851 0.461514
vt 0.766728 0.452763
vt 0.149657 0.284835
vt 0.148323 0.302198
vt 0.149123 0.293688
vt 0.808885 0.905855
vt 0.117207 1.260580
vt 0.117043 1.260552
vt 0.116989 1.260940
vt 0.450622 0.930634
vt 0.132006 1.263558
vt 0.132057 1.263231
vt 0.131910 1.263247
vt 0.450413 0.897486
vt 0.450670 0.914613
vt 1.568425 0.735920
vt 0.665760 1.271375
vt 0.087486 0.774906
vt 0.101987 0.776703
vt 0.110292 0.803147
vt 0.901871 0.276470
vt 0.903335 0.276471
vt 0.903249 0.294076
vt 0.901785 0.294074
vt 0.902139 0.241161
vt 0.903603 0.241162
vt 0.903464 0.258535
vt 0.902000 0.258534
vt 0.902577 0.208030
vt 0.904039 0.208378
vt 0.903776 0.224246
vt 0.902314 0.224448
vt 0.904902 0.125047
vt 0.906365 0.125047
vt 0.905811 0.138029
vt 0.904349 0.138029
vt 0.902863 0.192219
vt 0.903140 0.178325
vt 0.904594 0.179522
vt 0.904319 0.193350
vt 0.905404 0.114065
vt 0.905916 0.105318
vt 0.907378 0.105360
vt 0.906865 0.114134
vt 0.903447 0.166319
vt 0.903877 0.151774
vt 0.905338 0.151918
vt 0.904905 0.166745
vt 0.754822 0.369039
vt 0.753680 0.376487
vt 0.752251 0.376227
vt 0.753398 0.368735
vt 0.751123 0.392809
vt 0.749646 0.392854
vt 0.750982 0.384275
vt 0.752407 0.384578
vt 0.748105 0.411627
vt 0.746701 0.420584
vt 0.745320 0.420247
vt 0.746737 0.411069
vt 0.745075 0.431117
vt 0.743281 0.442144
vt 0.741984 0.441510
vt 0.743746 0.430682
vt 0.749663 0.401775
vt 0.748212 0.401677
vt 0.755906 0.361244
vt 0.754484 0.360919
vt 0.905192 0.276473
vt 0.905106 0.294077
vt 0.905460 0.241164
vt 0.905321 0.258537
vt 1.481737 0.755004
vt 1.481876 0.737631
vt 1.483733 0.737633
vt 1.484679 0.705410
vt 1.483856 0.720620
vt 1.482049 0.720715
vt 0.906406 0.208941
vt 0.913674 0.186857
vt 0.910322 0.193927
vt 0.922212 0.105790
vt 0.923264 0.115112
vt 0.740849 0.374147
vt 0.740450 0.365966
vt 0.741870 0.391497
vt 0.741437 0.382249
vt 0.743274 0.419749
vt 0.743455 0.409864
vt 0.740162 0.440620
vt 0.741943 0.430092
vt 0.742112 0.399364
vt 0.740047 0.357621
vt 0.924429 0.171020
vt 0.905083 0.310722
vt 0.903227 0.310720
vt 0.905582 0.224151
vt 0.907995 0.201215
vt 0.401116 1.313768
vt 0.401278 1.313760
vt 0.401808 1.314359
vt 0.401653 1.314367
vt 0.741873 0.442192
vt 0.740047 0.441301
vt 0.906393 0.276474
vt 0.906307 0.294079
vt 0.906661 0.241165
vt 0.906522 0.258538
vt 0.907618 0.209230
vt 0.906751 0.224089
vt 0.914723 0.187721
vt 0.911463 0.194834
vt 0.924427 0.172445
vt 0.906285 0.310723
vt 0.909206 0.201818
vt 0.924450 0.153807
vt 0.831596 0.650132
vt 0.830625 0.632487
vt 0.831745 0.632672
vt 0.832718 0.649661
vt 0.829017 0.614488
vt 0.826567 0.597026
vt 0.827684 0.597347
vt 0.830136 0.614147
vt 0.823483 0.579840
vt 0.820471 0.564877
vt 0.821601 0.564902
vt 0.824603 0.579995
vt 0.817259 0.550377
vt 0.815621 0.543214
vt 0.816718 0.543459
vt 0.818348 0.550105
vt 0.811954 0.527834
vt 0.813205 0.528560
vt 0.818762 0.557408
vt 0.819899 0.557286
vt 0.825917 0.535935
vt 0.839347 0.548517
vt 0.845848 0.565447
vt 0.851666 0.583749
vt 0.857320 0.605864
vt 0.861442 0.637593
vt 0.862255 0.666791
vt 0.833069 0.666796
vt 0.901763 0.310718
vt 0.831949 0.666797
vt 0.901871 0.345058
vt 0.901785 0.327387
vt 0.903249 0.327388
vt 0.903335 0.345060
vt 0.902139 0.380646
vt 0.902000 0.363105
vt 0.903464 0.363107
vt 0.903603 0.380648
vt 0.902577 0.414221
vt 0.902314 0.397557
vt 0.903776 0.397767
vt 0.904039 0.413870
vt 0.904902 0.499693
vt 0.904349 0.486128
vt 0.905811 0.486128
vt 0.906365 0.499693
vt 0.902863 0.430325
vt 0.904319 0.429174
vt 0.904594 0.443319
vt 0.903140 0.444544
vt 0.905404 0.511293
vt 0.906865 0.511218
vt 0.907378 0.520551
vt 0.905916 0.520598
vt 0.903447 0.456870
vt 0.904905 0.456432
vt 0.905338 0.471722
vt 0.903877 0.471873
vt 0.907457 0.729452
vt 0.908870 0.729116
vt 0.909839 0.736147
vt 0.908423 0.736442
vt 0.910713 0.751947
vt 0.909542 0.744093
vt 0.910955 0.743759
vt 0.912174 0.751946
vt 0.913621 0.770138
vt 0.914971 0.769548
vt 0.916378 0.778490
vt 0.915024 0.778882
vt 0.916688 0.789223
vt 0.917974 0.788712
vt 0.919826 0.799423
vt 0.918570 0.800126
vt 0.912100 0.760584
vt 0.913536 0.760443
vt 0.907809 0.527806
vt 0.906347 0.527834
vt 0.905192 0.345062
vt 0.905106 0.327390
vt 0.905460 0.380650
vt 0.905321 0.363108
vt 0.906406 0.413302
vt 0.905582 0.397871
vt 0.923849 0.499690
vt 0.924447 0.486124
vt 0.910322 0.428592
vt 0.913674 0.435812
vt 0.922211 0.520074
vt 0.923251 0.510377
vt 0.921137 0.733793
vt 1.487143 1.225585
vt 1.499983 1.222531
vt 1.499410 1.230262
vt 0.919886 0.750411
vt 1.489228 1.240228
vt 1.498693 1.237989
vt 1.498159 1.246880
vt 0.918382 0.777910
vt 0.918214 0.768263
vt 0.921589 0.798434
vt 0.919720 0.788019
vt 0.919575 0.758001
vt 0.921096 0.527550
vt 0.920420 0.741521
vt 0.924450 0.469753
vt 0.924429 0.452025
vt 1.482867 0.939788
vt 1.491948 0.932280
vt 1.502702 0.948494
vt 0.907995 0.421169
vt 0.155581 1.313768
vt 0.155324 1.314343
vt 0.155258 1.314335
vt 0.630614 0.527801
vt 0.630135 0.526444
vt 0.630818 0.526444
vt 0.921710 0.799107
vt 0.919942 0.800096
vt 0.906393 0.345063
vt 0.906307 0.327391
vt 0.906661 0.380651
vt 0.906522 0.363110
vt 0.907618 0.413011
vt 0.906751 0.397938
vt 0.914723 0.434927
vt 0.911463 0.427667
vt 0.924427 0.450558
vt 0.909206 0.420557
vt 0.831596 0.683462
vt 0.832718 0.683933
vt 0.831745 0.700926
vt 0.830625 0.701112
vt 0.829017 0.719116
vt 0.830136 0.719457
vt 0.827684 0.736265
vt 0.826567 0.736586
vt 0.823483 0.753782
vt 0.824603 0.753626
vt 0.821601 0.768741
vt 0.820471 0.768766
vt 0.817259 0.783335
vt 0.818348 0.783607
vt 0.816718 0.790306
vt 0.815621 0.790553
vt 0.813205 0.805361
vt 0.811954 0.806095
vt 0.819899 0.776387
vt 0.818762 0.776264
vt 0.825917 0.797893
vt 0.839347 0.785196
vt 0.845848 0.768205
vt 0.851666 0.749863
vt 0.857320 0.727729
vt 0.861442 0.695994
vt 0.906931 0.148607
vt 0.907215 0.138029
vt 0.907800 0.125047
vt 0.911100 0.115596
vt 0.922312 0.115449
vt 0.908629 0.150855
vt 0.907382 0.149942
vt 0.908132 0.117780
vt 0.909037 0.116282
vt 0.650312 0.950871
vt 0.651251 0.938732
vt 0.651535 0.938750
vt 0.650593 0.950876
vt 0.650414 0.966637
vt 0.650682 0.966617
vt 0.560175 0.971927
vt 0.564030 0.961438
vt 0.564199 0.961524
vt 0.560344 0.972013
vt 0.651312 0.937317
vt 0.651232 0.936207
vt 0.651515 0.936221
vt 0.651596 0.937334
vt 0.342260 1.314725
vt 0.341794 1.314853
vt 0.341744 1.314780
vt 0.342227 1.314608
vt 0.975232 0.462986
vt 0.975234 0.448479
vt 0.975472 0.448526
vt 0.975472 0.463035
vt 0.651511 0.977660
vt 0.651341 0.975963
vt 0.651596 0.975929
vt 0.357627 1.314907
vt 0.358381 1.315210
vt 0.358308 1.315325
vt 0.433263 0.785370
vt 0.433263 0.783315
vt 0.433443 0.783325
vt 0.358763 1.315951
vt 0.358642 1.315992
vt 0.608243 0.527818
vt 0.607961 0.527818
vt 0.608197 0.526925
vt 0.698368 0.526362
vt 0.698368 0.527438
vt 0.698193 0.526398
vt 0.646089 0.950692
vt 0.646341 0.938481
vt 0.646215 0.966831
vt 0.560476 0.959995
vt 0.646571 0.937448
vt 0.646823 0.936696
vt 0.972027 0.461813
vt 0.646451 0.977572
vt 0.646397 0.976265
vt 0.560175 0.958486
vt 0.564217 0.959577
vt 0.922476 0.115681
vt 0.911214 0.115872
vt 0.358922 1.315904
vt 0.358530 1.315098
vt 0.357668 1.314755
vt 0.353881 1.314892
vt 0.908343 0.125047
vt 0.907699 0.138029
vt 0.907279 0.148596
vt 0.342222 1.314471
vt 0.907702 0.149802
vt 0.341688 1.314655
vt 0.341395 1.315246
vt 0.908877 0.150674
vt 0.923492 0.153304
vt 0.923776 0.153073
vt 0.340431 1.321112
vt 0.340138 1.321380
vt 0.340339 1.321001
vt 0.917447 1.407567
vt 0.925458 1.400565
vt 0.925521 1.414461
vt 0.917772 1.422689
vt 0.910483 1.396419
vt 0.916312 1.392368
vt 0.911221 1.412257
vt 0.921163 1.388215
vt 0.925339 1.384212
vt 1.039119 1.397534
vt 1.029563 1.395891
vt 1.029556 1.387462
vt 1.040683 1.379571
vt 1.029936 1.378158
vt 1.030574 1.369131
vt 1.043658 1.361605
vt 1.031378 1.360286
vt 1.032715 1.349797
vt 0.482299 0.941920
vt 0.479345 0.929636
vt 0.487393 0.937919
vt 0.489872 0.946820
vt 0.911193 1.428759
vt 0.916736 1.433349
vt 0.910508 1.440146
vt 0.484557 0.919381
vt 0.485595 0.929033
vt 0.477704 0.911517
vt 0.484666 0.901421
vt 0.484128 0.910064
vt 0.479475 0.893586
vt 0.487520 0.884254
vt 0.485828 0.892656
vt 0.483595 0.876187
vt 0.487721 0.862844
vt 0.492973 0.866646
vt 0.490131 0.875215
vt 0.332919 0.932290
vt 0.332472 0.932703
vt 0.332541 0.916095
vt 0.332947 0.915788
vt 1.048517 1.403535
vt 1.049495 1.420651
vt 1.039565 1.413740
vt 1.029770 1.404005
vt 0.820242 1.456507
vt 0.819777 1.457122
vt 0.819777 1.447979
vt 0.289809 1.371576
vt 0.290088 1.371364
vt 0.289860 1.376445
vt 1.057618 1.426105
vt 1.060573 1.438388
vt 1.052118 1.433046
vt 0.470243 0.907066
vt 1.050337 1.385416
vt 1.054245 1.367840
vt 0.468274 0.850675
vt 0.468347 0.850331
vt 0.479823 0.857209
vt 0.479729 0.857540
vt 0.456039 0.844338
vt 0.456096 0.844012
vt 0.472063 0.888947
vt 1.055978 1.407986
vt 0.475972 0.871371
vt 0.487820 0.862529
vt 0.341016 1.345234
vt 0.341161 1.344817
vt 0.340750 1.345054
vt 0.340766 1.345357
vt 0.351539 1.340117
vt 0.351516 1.339860
vt 0.348192 1.341489
vt 0.348210 1.341757
vt 0.359326 1.336317
vt 0.359304 1.336066
vt 0.355332 1.337958
vt 0.355347 1.338217
vt 0.367991 1.332293
vt 0.367974 1.332015
vt 0.363693 1.333993
vt 0.363710 1.334254
vt 0.983493 0.814753
vt 0.983875 0.814428
vt 0.985199 0.824835
vt 0.984842 0.825131
vt 0.951353 0.911083
vt 0.950875 0.911454
vt 0.953451 0.902575
vt 0.953903 0.902290
vt 0.340761 1.368170
vt 0.341106 1.362177
vt 0.340800 1.362397
vt 0.340472 1.368366
vt 0.955728 0.893474
vt 0.955288 0.893728
vt 0.956307 0.884126
vt 0.956761 0.883888
vt 0.359796 1.358171
vt 0.359805 1.358438
vt 0.363880 1.356408
vt 0.956197 0.866306
vt 0.956603 0.866045
vt 0.957165 0.874632
vt 0.368165 1.354352
vt 0.368162 1.354585
vt 0.372394 1.353047
vt 0.953317 0.849218
vt 0.953669 0.848980
vt 0.955410 0.857340
vt 0.381777 1.350459
vt 0.381758 1.350691
vt 0.381926 1.350652
vt 0.381945 1.350420
vt 0.868642 0.499437
vt 0.867921 0.515990
vt 0.857449 0.509849
vt 0.857449 0.489920
vt 0.344754 1.343215
vt 0.344774 1.343488
vt 0.976895 0.882502
vt 0.963936 0.894644
vt 0.966611 0.873395
vt 0.978331 0.863507
vt 0.948350 0.920598
vt 0.947752 0.921312
vt 0.351372 1.363807
vt 0.351376 1.363537
vt 0.347645 1.366467
vt 0.964801 0.855703
vt 0.977006 0.846030
vt 0.960988 0.838258
vt 0.974126 0.828370
vt 0.985947 0.833569
vt 0.372175 1.330336
vt 0.960870 0.821990
vt 0.971270 0.814165
vt 0.651596 0.948032
vt 0.652042 0.947802
vt 0.652042 0.956560
vt 0.377206 1.327806
vt 0.377218 1.328121
vt 0.381476 1.326357
vt 0.355588 1.360684
vt 0.355598 1.360955
vt 0.956722 0.874873
vt 0.363885 1.356153
vt 0.953222 0.827540
vt 0.372400 1.352825
vt 0.377127 1.351748
vt 0.377144 1.351526
vt 0.288486 1.348090
vt 0.288944 1.348051
vt 0.288960 1.348362
vt 0.288503 1.348399
vt 0.766123 0.756193
vt 0.764341 0.763043
vt 0.763925 0.762491
vt 0.765396 0.755873
vt 0.767329 0.749376
vt 0.766601 0.749131
vt 0.767226 0.742444
vt 0.767949 0.742636
vt 1.346650 1.231279
vt 1.345938 1.231122
vt 1.346177 1.223030
vt 0.767904 0.726561
vt 0.768590 0.726682
vt 0.768376 0.734810
vt 0.768404 0.717603
vt 0.767748 0.717514
vt 0.767281 0.708672
vt 0.767908 0.708726
vt 0.767192 0.699960
vt 0.766591 0.699933
vt 0.765336 0.689517
vt 0.765915 0.689517
vt 0.793180 0.375627
vt 0.793802 0.375717
vt 0.793702 0.383954
vt 0.793162 0.383849
vt 0.289712 1.365516
vt 0.289353 1.371513
vt 0.289252 1.365508
vt 0.793159 0.360246
vt 0.793819 0.360308
vt 0.793846 0.368009
vt 0.793196 0.367939
vt 0.901695 0.232784
vt 0.901026 0.232813
vt 0.901019 0.225610
vt 0.901686 0.225569
vt 0.901520 0.248282
vt 0.900975 0.248297
vt 0.901060 0.240538
vt 0.901660 0.240517
vt 0.330997 1.351872
vt 0.330987 1.352107
vt 0.330777 1.352099
vt 0.330783 1.351863
vt 0.288938 1.356758
vt 0.442935 0.771703
vt 0.443712 0.771483
vt 0.443712 0.786035
vt 0.767665 0.734653
vt 0.289550 1.377139
vt 0.289836 1.376847
vt 0.289983 1.377152
vt 0.607458 0.526925
vt 0.607458 0.527537
vt 0.607007 0.527310
vt 0.289243 1.376691
vt 0.289575 1.376732
vt 0.271564 0.966590
vt 0.271362 0.952680
vt 0.272047 0.952833
vt 0.272179 0.966531
vt 0.328986 1.326937
vt 0.329303 1.327219
vt 0.329145 1.327292
vt 0.328833 1.327005
vt 0.275034 0.937005
vt 0.275802 0.937247
vt 0.900975 0.218428
vt 0.901640 0.218371
vt 0.274047 0.975771
vt 0.273543 0.975924
vt 0.901547 0.257090
vt 0.901009 0.257098
vt 0.901403 0.265700
vt 0.901005 0.265760
vt 0.493076 0.866335
vt 0.465384 0.865136
vt 1.058002 1.354009
vt 1.034312 1.340807
vt 1.046548 1.347144
vt 0.951032 0.840016
vt 0.948106 0.831464
vt 0.960778 0.821663
vt 0.382401 1.342054
vt 0.382391 1.334781
vt 0.382221 1.334844
vt 0.901471 0.115949
vt 0.901471 0.102518
vt 0.901754 0.102663
vt 0.953120 0.827224
vt 0.324816 1.329305
vt 0.763925 0.680874
vt 0.330697 1.352340
vt 0.330611 1.352147
vt 0.330863 1.352289
vt 0.910089 1.396693
vt 0.331815 0.900224
vt 0.332234 0.943677
vt 0.331788 0.944101
vt 0.492857 0.956383
vt 0.485476 0.951163
vt 1.063750 1.447632
vt 1.068146 1.443289
vt 0.341207 1.353521
vt 0.348782 1.349382
vt 0.868244 0.527452
vt 0.340914 1.353682
vt 0.340233 1.373233
vt 0.339938 1.373508
vt 0.288742 1.347637
vt 0.289218 1.347562
vt 0.289195 1.347925
vt 0.793159 0.392923
vt 0.793642 0.393280
vt 0.487874 0.938178
vt 0.490388 0.947155
vt 0.485032 0.919604
vt 0.486060 0.929270
vt 0.485088 0.901673
vt 0.484591 0.910293
vt 0.487882 0.884487
vt 0.486215 0.892889
vt 0.493336 0.866908
vt 0.490481 0.875466
vt 0.382056 1.347103
vt 0.382226 1.347060
vt 0.954957 0.914479
vt 0.275565 0.982000
vt 0.275942 0.981868
vt 0.289247 1.377172
vt 0.330617 1.351912
vt 0.493440 0.866598
vt 0.947752 0.831735
vt 0.950693 0.840272
vt 0.493440 0.956796
vt 0.340105 1.373727
vt 0.339863 1.373989
vt 0.338038 0.895899
vt 0.332210 0.899950
vt 0.332182 0.899365
vt 0.337997 0.895354
vt 0.347066 0.887743
vt 0.342889 0.891746
vt 0.342819 0.891241
vt 0.346984 0.887262
vt 0.451283 0.890993
vt 0.451289 0.899422
vt 0.450966 0.899212
vt 0.450957 0.890806
vt 0.452301 0.872662
vt 0.451662 0.881689
vt 0.451312 0.881489
vt 0.451920 0.872446
vt 0.454442 0.853328
vt 0.453105 0.863817
vt 0.452690 0.863588
vt 0.453999 0.853072
vt 0.451496 0.907536
vt 0.451173 0.907335
vt 0.455581 0.844101
vt 0.455638 0.843775
vt 0.357887 1.344692
vt 0.366338 1.340930
vt 0.986415 0.851704
vt 0.985622 0.833850
vt 0.982007 0.806095
vt 0.289397 1.356738
vt 0.275942 0.936665
vt 0.329343 1.327539
vt 0.329728 1.327198
vt 0.381449 1.326039
vt 0.381631 1.326293
vt 0.381604 1.325974
vt 0.289211 1.348235
vt 0.331788 0.899636
vt 1.346497 1.438781
vt 1.342328 1.438920
vt 1.342550 1.427101
vt 1.346586 1.426939
vt 0.755418 0.943372
vt 0.759623 0.942856
vt 0.759572 0.948596
vt 1.337846 1.445065
vt 1.333563 1.448614
vt 1.333691 1.439841
vt 1.329809 1.440105
vt 1.329623 1.448913
vt 1.337897 1.439325
vt 1.338070 1.427420
vt 1.057134 1.733661
vt 1.056868 1.731628
vt 1.057156 1.731632
vt 0.478883 1.235163
vt 0.479149 1.237192
vt 0.478861 1.237192
vt 1.346493 1.444442
vt 1.342340 1.444623
vt 0.458758 1.234913
vt 0.458809 1.236804
vt 0.458576 1.236798
vt 0.458522 1.234909
vt 1.333709 1.427641
vt 1.333658 1.416018
vt 1.338111 1.415797
vt 0.479528 1.241555
vt 0.479204 1.239452
vt 0.479493 1.239457
vt 0.479816 1.241560
vt 0.755384 0.919549
vt 0.751608 0.919706
vt 0.751608 0.919221
vt 0.755382 0.919065
vt 1.329876 1.427799
vt 0.479845 1.243599
vt 0.480135 1.243612
vt 0.759670 0.961346
vt 0.764335 0.960518
vt 0.764355 0.961115
vt 0.458900 1.239032
vt 0.458666 1.239027
vt 1.346586 1.450319
vt 1.342403 1.450652
vt 0.764067 0.948154
vt 0.768220 0.947973
vt 0.768313 0.953851
vt 1.337896 1.451187
vt 0.764129 0.954184
vt 0.759623 0.954718
vt 0.458751 1.234812
vt 0.458515 1.234809
vt 0.479860 1.243696
vt 0.480150 1.243709
vt 0.464324 1.234878
vt 0.470031 1.234952
vt 0.470035 1.235054
vt 0.464326 1.234969
vt 0.901669 0.144814
vt 0.901470 0.139159
vt 0.901669 0.139143
vt 0.472787 1.235087
vt 0.478586 1.235065
vt 0.478594 1.235159
vt 0.475654 1.235123
vt 0.475649 1.235022
vt 0.474823 1.243471
vt 0.470571 1.243314
vt 0.470566 1.243216
vt 0.474817 1.243373
vt 0.464629 1.243215
vt 0.464626 1.243117
vt 0.459020 1.243133
vt 0.459018 1.243035
vt 0.472784 1.234985
vt 0.746867 0.951089
vt 0.746663 0.939285
vt 0.750858 0.939451
vt 0.750933 0.951278
vt 0.742198 0.933125
vt 0.742233 0.938866
vt 0.738038 0.938346
vt 0.737945 0.929579
vt 0.734165 0.938086
vt 0.734015 0.929297
vt 0.742381 0.950750
vt 0.751134 0.921808
vt 0.750950 0.927856
vt 0.746750 0.927511
vt 0.746955 0.921163
vt 0.746687 0.933576
vt 0.750863 0.933778
vt 0.746947 0.962648
vt 0.750774 0.962846
vt 0.459003 1.230414
vt 0.458770 1.230413
vt 0.458893 1.228250
vt 0.737946 0.962614
vt 0.737949 0.962130
vt 0.742410 0.962364
vt 0.738024 0.950522
vt 0.742258 0.926980
vt 0.738022 0.919614
vt 0.742322 0.920359
vt 0.734174 0.961969
vt 0.734200 0.950365
vt 0.733872 0.918911
vt 0.751134 0.951286
vt 0.750972 0.962868
vt 0.733809 0.929286
vt 0.733675 0.918877
vt 0.751059 0.939458
vt 0.470033 1.234751
vt 0.470037 1.234650
vt 0.472790 1.234683
vt 0.901471 0.133460
vt 0.901671 0.133475
vt 0.901471 0.139143
vt 0.478598 1.234775
vt 0.478885 1.234780
vt 0.478875 1.234877
vt 0.478590 1.234872
vt 0.475011 1.226409
vt 0.475005 1.226508
vt 0.470758 1.226550
vt 0.470765 1.226452
vt 0.733962 0.938073
vt 0.733996 0.950357
vt 0.458988 1.226330
vt 0.459222 1.226333
vt 0.459218 1.226432
vt 0.458984 1.226429
vt 0.472785 1.234784
vt 0.475662 1.234722
vt 0.901471 0.127528
vt 0.901671 0.127549
vt 0.901471 0.133460
vt 0.479078 1.235140
vt 0.479345 1.237165
vt 0.937886 0.100604
vt 0.938294 0.100604
vt 0.938183 0.104830
vt 0.975285 0.607077
vt 0.975690 0.607057
vt 0.975995 0.610946
vt 0.975591 0.610978
vt 0.975275 0.597943
vt 0.975681 0.597969
vt 0.975560 0.602459
vt 0.975153 0.602453
vt 0.937886 0.105005
vt 0.937483 0.104951
vt 0.937886 0.100604
vt 0.480012 1.241529
vt 0.975589 0.594163
vt 0.975995 0.594203
vt 0.480331 1.243578
vt 0.479688 1.239426
vt 0.458324 1.234916
vt 0.458319 1.234818
vt 0.652004 0.947802
vt 0.651596 0.936223
vt 0.652004 0.936207
vt 0.458754 1.234612
vt 0.464326 1.234689
vt 0.480346 1.243675
vt 0.582989 0.937062
vt 0.583061 0.947502
vt 0.582651 0.947502
vt 0.479849 1.243894
vt 0.474813 1.243668
vt 0.478871 1.235068
vt 0.479065 1.235040
vt 0.808052 0.959988
vt 0.807646 0.959964
vt 0.808052 0.951165
vt 0.470565 1.243512
vt 0.793697 0.423024
vt 0.793291 0.423018
vt 0.793358 0.410708
vt 0.793763 0.410710
vt 0.458786 1.243130
vt 0.459017 1.243331
vt 0.610261 0.527552
vt 0.609950 0.527180
vt 0.610261 0.526925
vt 0.458784 1.243032
vt 0.458589 1.243133
vt 0.458586 1.243034
vt 0.475653 1.234822
vt 1.085378 1.409953
vt 1.088862 1.409760
vt 1.088862 1.453276
vt 1.085110 1.453898
vt 1.076251 1.410452
vt 1.080837 1.410220
vt 1.080605 1.454691
vt 1.075872 1.455567
vt 1.071713 1.456402
vt 1.072308 1.410596
vt 0.479557 1.216335
vt 0.479276 1.214509
vt 0.479566 1.214513
vt 0.930615 0.803940
vt 0.930615 0.800126
vt 0.931204 0.800238
vt 0.502564 0.913751
vt 0.497978 0.913983
vt 0.497977 0.913498
vt 0.502564 0.913267
vt 0.458537 1.220443
vt 0.458588 1.222349
vt 0.458354 1.222346
vt 0.458303 1.220442
vt 0.479920 1.218514
vt 0.479846 1.216345
vt 0.480209 1.218520
vt 0.458263 1.214192
vt 0.458267 1.214290
vt 0.458032 1.214289
vt 0.458028 1.214190
vt 0.480738 1.222920
vt 0.480719 1.222824
vt 0.481010 1.222833
vt 0.481029 1.222929
vt 0.790305 0.941341
vt 0.790302 0.941825
vt 0.786799 0.941618
vt 0.786803 0.941134
vt 0.480447 1.207881
vt 0.480737 1.207878
vt 0.480288 1.210148
vt 0.782068 0.895851
vt 0.782074 0.896450
vt 0.777384 0.895601
vt 0.929896 0.100669
vt 0.930483 0.100544
vt 0.930483 0.104739
vt 0.480878 1.205875
vt 0.782254 0.941341
vt 0.782255 0.940858
vt 0.790506 0.941353
vt 0.790304 0.897853
vt 0.790506 0.897884
vt 0.773069 0.894759
vt 0.773265 0.894798
vt 0.773740 0.940489
vt 0.773536 0.940483
vt 0.479279 1.214117
vt 0.479568 1.214119
vt 0.479552 1.214217
vt 0.479263 1.214214
vt 0.458516 1.205776
vt 0.458750 1.205778
vt 0.458746 1.205876
vt 0.458512 1.205875
vt 0.324736 0.918606
vt 0.325143 0.918608
vt 0.325241 0.922150
vt 0.457835 1.214297
vt 0.458109 1.216004
vt 0.480404 1.218484
vt 0.480809 1.220773
vt 0.480615 1.220812
vt 0.938694 0.104864
vt 0.938294 0.104809
vt 0.938694 0.100604
vt 0.481205 1.222791
vt 0.324833 0.914017
vt 0.325241 0.914039
vt 0.941188 0.104427
vt 0.940786 0.104380
vt 0.941188 0.100604
vt 0.480041 1.216312
vt 0.458105 1.220446
vt 0.458017 1.218224
vt 0.458215 1.218217
vt 0.458155 1.222348
vt 0.934193 0.800126
vt 0.934597 0.800126
vt 0.934467 0.804667
vt 0.611003 0.526925
vt 0.611185 0.527290
vt 0.611003 0.527381
vt 0.457830 1.214198
vt 0.325457 0.957493
vt 0.325455 0.914020
vt 0.325864 0.914017
vt 0.325864 0.957495
vt 0.481223 1.222888
vt 0.901282 0.450255
vt 0.901287 0.496116
vt 0.900876 0.496110
vt 0.900876 0.450254
vt 0.479551 1.214416
vt 0.479260 1.214412
vt 0.479746 1.214384
vt 0.479761 1.214482
vt 0.458356 1.222444
vt 0.458591 1.222448
vt 0.458587 1.222646
vt 0.458353 1.222642
vt 0.458158 1.222447
vt 0.806019 1.432709
vt 0.802389 1.432922
vt 0.802385 1.387209
vt 0.806183 1.386512
vt 0.810831 1.385618
vt 0.815417 1.384691
vt 0.815547 1.432050
vt 0.811081 1.432408
vt 0.241554 0.935269
vt 0.241387 0.935278
vt 0.241818 0.887291
vt 0.242008 0.887253
vt 0.227909 0.890043
vt 0.224111 0.890740
vt 0.224109 0.890140
vt 0.481154 1.193099
vt 0.481464 1.194940
vt 0.481175 1.194936
vt 0.232807 0.935939
vt 0.237273 0.935581
vt 0.237279 0.936066
vt 0.232817 0.936423
vt 0.459265 1.201200
vt 0.459269 1.201281
vt 0.459034 1.201277
vt 0.459030 1.201195
vt 0.232558 0.889149
vt 0.227910 0.889443
vt 0.481872 1.197193
vt 0.481583 1.197187
vt 0.458787 1.192728
vt 0.458792 1.192826
vt 0.458557 1.192823
vt 0.458552 1.192725
vt 0.458794 1.192432
vt 0.458560 1.192429
vt 0.458679 1.190676
vt 0.458914 1.190678
vt 0.281375 0.888738
vt 0.281375 0.888139
vt 0.285871 0.889033
vt 0.285874 0.889632
vt 0.276785 0.887853
vt 0.276781 0.887253
vt 0.290408 0.936643
vt 0.290408 0.937127
vt 0.285368 0.936817
vt 0.285380 0.936334
vt 0.294238 0.936887
vt 0.294035 0.936875
vt 0.294234 0.891219
vt 0.480870 1.192704
vt 0.480848 1.192800
vt 0.458787 1.192529
vt 0.481159 1.192708
vt 0.481137 1.192804
vt 0.458637 1.194586
vt 0.458439 1.194594
vt 0.458358 1.192831
vt 0.934193 0.804848
vt 0.933788 0.804824
vt 0.933788 0.800143
vt 0.934193 0.800126
vt 0.482966 1.201830
vt 0.482770 1.201871
vt 0.482752 1.201776
vt 0.482947 1.201735
vt 0.450937 0.736281
vt 0.450934 0.784336
vt 0.450526 0.784332
vt 0.450526 0.736285
vt 0.458752 1.197038
vt 0.458554 1.197048
vt 0.481349 1.193064
vt 0.481659 1.194903
vt 0.940381 0.100604
vt 0.940786 0.100604
vt 0.940594 0.104446
vt 0.458901 1.199196
vt 0.458703 1.199206
vt 0.458831 1.201204
vt 0.450933 0.735795
vt 0.459265 1.201480
vt 0.459031 1.201476
vt 0.482067 1.197153
vt 0.458354 1.192733
vt 0.331381 0.930786
vt 0.331381 0.885129
vt 0.331788 0.885125
vt 0.331786 0.930791
vt 0.481135 1.193002
vt 0.480844 1.192998
vt 0.481332 1.192966
vt 0.642657 1.423897
vt 0.638995 1.424176
vt 0.638992 1.376124
vt 0.642956 1.375435
vt 0.652271 1.423157
vt 0.647558 1.423527
vt 0.647893 1.374525
vt 0.652677 1.373521
vt 0.657798 1.372541
vt 0.657023 1.422755
vt 0.481905 1.172229
vt 0.481596 1.170311
vt 0.481887 1.170315
vt 0.482194 1.172235
vt 0.069284 0.927058
vt 0.073997 0.926688
vt 0.073997 0.927173
vt 0.458596 1.176564
vt 0.458435 1.174212
vt 0.458668 1.174217
vt 0.078750 0.926287
vt 0.078747 0.926772
vt 0.458780 1.179078
vt 0.458829 1.176568
vt 0.482324 1.174644
vt 0.482614 1.174649
vt 0.458387 1.169970
vt 0.458393 1.170068
vt 0.458158 1.170066
vt 0.458152 1.169968
vt 0.483309 1.180375
vt 0.483294 1.180279
vt 0.483587 1.180298
vt 0.483602 1.180394
vt 0.458395 1.169674
vt 0.458161 1.169671
vt 0.458316 1.167915
vt 0.458550 1.167916
vt 0.482944 1.163217
vt 0.483235 1.163214
vt 0.482709 1.165667
vt 0.271100 0.936665
vt 0.271056 0.936068
vt 0.275692 0.936655
vt 0.784324 0.500233
vt 0.783740 0.500386
vt 0.783740 0.495359
vt 0.483493 1.160123
vt 0.929327 0.804940
vt 0.928843 0.804940
vt 0.929204 0.800126
vt 0.458524 1.165566
vt 0.458758 1.165566
vt 0.258711 0.887253
vt 0.258914 0.887254
vt 0.262240 0.935131
vt 0.262038 0.935111
vt 0.981333 0.971648
vt 0.981183 0.971612
vt 0.981333 0.921312
vt 0.765984 0.813104
vt 0.765802 0.813093
vt 0.765984 0.763043
vt 0.481600 1.169919
vt 0.481890 1.169921
vt 0.481872 1.170018
vt 0.481583 1.170015
vt 0.610843 0.527409
vt 0.610821 0.526925
vt 0.611003 0.526925
vt 0.458972 1.160660
vt 0.459207 1.160658
vt 0.459200 1.160756
vt 0.458277 1.171834
vt 0.458079 1.171846
vt 0.457959 1.170078
vt 0.482809 1.174608
vt 0.483282 1.177121
vt 0.483087 1.177161
vt 0.483786 1.180262
vt 0.458235 1.174223
vt 0.939980 0.104592
vt 0.939577 0.104549
vt 0.939980 0.100604
vt 0.482390 1.172198
vt 0.458397 1.176575
vt 0.458579 1.179087
vt 0.932581 0.805316
vt 0.932168 0.805316
vt 0.932470 0.800126
vt 0.457952 1.169979
vt 0.901224 0.199802
vt 0.901226 0.151791
vt 0.901627 0.151789
vt 0.901627 0.199807
vt 0.483802 1.180358
vt 0.331788 0.786174
vt 0.331788 0.836493
vt 0.331437 0.836497
vt 0.331397 0.786184
vt 0.481871 1.170217
vt 0.481580 1.170213
vt 0.482068 1.170183
vt 0.482084 1.170281
vt 0.458788 1.179176
vt 0.459023 1.179183
vt 0.459015 1.179383
vt 0.458781 1.179376
vt 0.458586 1.179186
vt 1.247878 1.439782
vt 1.243348 1.439791
vt 1.243771 1.427692
vt 1.248081 1.427505
vt 1.234308 1.440332
vt 1.238719 1.440050
vt 1.238624 1.445767
vt 1.234216 1.448857
vt 1.231040 1.440554
vt 1.230728 1.449129
vt 1.239099 1.427846
vt 0.477677 1.259702
vt 0.477380 1.257299
vt 0.477670 1.257303
vt 0.477967 1.259707
vt 0.669581 0.948649
vt 0.664921 0.948873
vt 0.665074 0.943322
vt 1.247855 1.445118
vt 0.669833 0.920424
vt 0.665734 0.920443
vt 0.665744 0.919961
vt 0.669834 0.919942
vt 1.234596 1.428027
vt 1.234743 1.417047
vt 1.239216 1.416979
vt 0.478222 1.264061
vt 0.477966 1.261979
vt 0.478253 1.261988
vt 0.478509 1.264068
vt 0.458721 1.263595
vt 0.458760 1.265152
vt 0.458526 1.265147
vt 0.458489 1.263591
vt 1.231337 1.428162
vt 0.478444 1.266016
vt 0.478734 1.266040
vt 0.660351 0.949298
vt 0.660445 0.943581
vt 1.243195 1.445342
vt 0.458643 1.259081
vt 0.458688 1.261430
vt 0.458456 1.261426
vt 0.660947 0.920028
vt 1.247830 1.450084
vt 1.243093 1.450348
vt 0.660239 0.953895
vt 0.655943 0.952388
vt 1.238513 1.450364
vt 0.458604 1.256934
vt 0.458609 1.257032
vt 0.458375 1.257028
vt 0.458371 1.256930
vt 0.478455 1.266112
vt 0.478745 1.266137
vt 0.463736 1.257012
vt 0.469689 1.257102
vt 0.469690 1.257205
vt 0.463741 1.257105
vt 0.472293 1.257133
vt 0.472299 1.257232
vt 0.474747 1.257288
vt 0.474743 1.257175
vt 0.477377 1.257212
vt 0.652454 0.952660
vt 0.652255 0.952675
vt 0.652565 0.944099
vt 0.470044 1.265529
vt 0.470038 1.265431
vt 0.474158 1.265655
vt 0.464074 1.265357
vt 0.464070 1.265260
vt 0.458762 1.265249
vt 0.312409 0.933305
vt 0.312730 0.945409
vt 0.308184 0.945336
vt 0.308073 0.933054
vt 0.317360 0.951429
vt 0.317321 0.945710
vt 0.321681 0.946013
vt 0.321673 0.954543
vt 0.324905 0.946238
vt 0.325103 0.954801
vt 0.317061 0.933509
vt 0.307873 0.961027
vt 0.308154 0.955727
vt 0.312891 0.956036
vt 0.312823 0.961778
vt 0.312835 0.950973
vt 0.308164 0.950691
vt 0.312240 0.922511
vt 0.308107 0.922424
vt 0.934111 0.105005
vt 0.933628 0.105005
vt 0.933747 0.100544
vt 0.458680 1.250121
vt 0.458912 1.250125
vt 0.458820 1.252275
vt 0.321529 0.933719
vt 0.317425 0.956065
vt 0.321603 0.963167
vt 0.317462 0.962510
vt 0.324701 0.922851
vt 0.324746 0.933863
vt 0.321493 0.922740
vt 0.325364 0.963711
vt 0.317031 0.922634
vt 0.463740 1.256819
vt 0.458608 1.256738
vt 0.458617 1.256641
vt 0.307873 0.933043
vt 0.325305 0.954810
vt 0.474374 1.248480
vt 0.478655 1.248275
vt 0.478642 1.248370
vt 0.307982 0.945334
vt 0.469691 1.256899
vt 0.469693 1.256795
vt 0.472300 1.256838
vt 0.472295 1.256936
vt 0.477664 1.257035
vt 0.477384 1.257029
vt 0.477386 1.256938
vt 0.477672 1.256945
vt 0.474369 1.248579
vt 0.470258 1.248666
vt 0.470266 1.248568
vt 0.325106 0.946250
vt 0.324948 0.933871
vt 0.458765 1.248479
vt 0.458998 1.248482
vt 0.458995 1.248582
vt 0.458762 1.248578
vt 0.474749 1.256965
vt 0.474757 1.256855
vt 0.933393 0.805151
vt 0.932989 0.805115
vt 0.933393 0.800126
vt 0.478161 1.259685
vt 0.975639 0.461205
vt 0.976039 0.461176
vt 0.976520 0.465376
vt 0.976123 0.465423
vt 0.975693 0.451829
vt 0.976097 0.451869
vt 0.975875 0.456333
vt 0.975472 0.456321
vt 0.194851 0.942406
vt 0.194441 0.942406
vt 0.194145 0.938109
vt 0.478705 1.264043
vt 0.976092 0.448624
vt 0.976494 0.448684
vt 0.937091 0.804264
vt 0.936688 0.804201
vt 0.937091 0.800126
vt 0.478931 1.266012
vt 0.194550 0.947171
vt 0.194145 0.947116
vt 0.458177 1.257032
vt 0.458175 1.256934
vt 0.478942 1.266109
vt 0.793731 0.229966
vt 0.793560 0.238916
vt 0.793159 0.238909
vt 0.793322 0.229959
vt 0.477659 1.257212
vt 0.477850 1.257185
vt 0.477863 1.257284
vt 0.793395 0.221383
vt 0.793805 0.221385
vt 0.793354 0.208988
vt 0.793763 0.208985
vt 0.458528 1.265245
vt 0.458758 1.265447
vt 0.609544 0.527409
vt 0.609544 0.526925
vt 0.609950 0.526926
vt 0.458330 1.265247
vt 0.976520 0.448479
vt 1.308986 1.439854
vt 1.304533 1.440080
vt 1.304845 1.427968
vt 1.309050 1.427730
vt 1.295301 1.440647
vt 1.300101 1.440397
vt 1.300177 1.445886
vt 1.295102 1.447652
vt 1.290858 1.440912
vt 1.290529 1.447990
vt 1.300266 1.428100
vt 0.477086 1.282716
vt 0.476814 1.280585
vt 0.477109 1.280586
vt 0.477378 1.282706
vt 0.730751 0.948509
vt 0.726406 0.948734
vt 0.726259 0.943611
vt 1.309025 1.444978
vt 0.459024 1.280495
vt 0.459112 1.282580
vt 0.458878 1.282579
vt 0.934595 0.100544
vt 0.935071 0.104673
vt 0.934595 0.104729
vt 1.295627 1.428269
vt 1.295577 1.416762
vt 1.300459 1.416693
vt 1.300257 1.454457
vt 1.294958 1.455189
vt 1.294970 1.454593
vt 0.716696 0.958124
vt 0.721961 0.957395
vt 0.721984 0.957988
vt 0.717304 0.920293
vt 0.713417 0.920387
vt 0.713432 0.919903
vt 0.458927 1.288987
vt 0.458923 1.287094
vt 0.459156 1.287094
vt 1.291348 1.428376
vt 0.711768 0.958855
vt 0.716685 0.958720
vt 0.477755 1.287616
vt 0.477895 1.290603
vt 0.477608 1.290564
vt 0.726487 0.956787
vt 0.726509 0.957378
vt 0.477581 1.284872
vt 0.477292 1.284887
vt 0.721904 0.949418
vt 0.721828 0.943928
vt 1.304679 1.445203
vt 0.459139 1.284741
vt 0.458906 1.284737
vt 0.730859 0.952882
vt 0.726349 0.953132
vt 1.309132 1.449351
vt 0.721803 0.953216
vt 0.716828 0.951183
vt 1.304622 1.449601
vt 0.459015 1.280400
vt 0.458789 1.280493
vt 0.610627 0.526935
vt 0.610821 0.526925
vt 0.610821 0.527405
vt 0.477613 1.290660
vt 0.477900 1.290699
vt 0.464421 1.280437
vt 0.470370 1.280466
vt 0.470378 1.280571
vt 0.464430 1.280535
vt 0.472912 1.280476
vt 0.472918 1.280580
vt 0.476806 1.280497
vt 0.475110 1.280586
vt 0.475106 1.280486
vt 0.474118 1.290082
vt 0.474118 1.290178
vt 0.470736 1.289823
vt 0.712404 0.944453
vt 0.712584 0.944443
vt 0.712256 0.951521
vt 0.464706 1.289373
vt 0.464707 1.289276
vt 0.713075 0.931907
vt 0.459155 1.289095
vt 0.459160 1.288998
vt 0.860139 0.948983
vt 0.860185 0.936826
vt 0.864619 0.937213
vt 0.864339 0.949380
vt 0.856103 0.930873
vt 0.855863 0.936386
vt 0.851216 0.936046
vt 0.851259 0.929014
vt 0.846945 0.935746
vt 0.846892 0.928668
vt 0.855641 0.948713
vt 0.476821 1.280223
vt 0.475119 1.280192
vt 0.475271 1.278039
vt 0.477106 1.278126
vt 0.470539 1.277975
vt 0.473069 1.278054
vt 0.472919 1.280169
vt 0.864801 0.932040
vt 0.859890 0.960272
vt 0.864069 0.960430
vt 0.855492 0.960266
vt 0.855486 0.960749
vt 0.850673 0.960444
vt 0.850691 0.959961
vt 0.851114 0.948441
vt 0.856114 0.927014
vt 0.851350 0.922054
vt 0.856383 0.922815
vt 0.846886 0.959790
vt 0.846968 0.948274
vt 0.846682 0.921334
vt 0.860547 0.927192
vt 0.860765 0.923492
vt 0.860479 0.931670
vt 0.464424 1.280239
vt 0.459019 1.280209
vt 0.459031 1.280116
vt 0.864540 0.949396
vt 0.477640 1.270419
vt 0.474160 1.270854
vt 0.474158 1.270756
vt 0.477645 1.270323
vt 0.464432 1.280139
vt 0.470377 1.280157
vt 0.864821 0.937229
vt 0.472914 1.280272
vt 0.470371 1.280262
vt 0.477113 1.280228
vt 0.477102 1.280318
vt 0.476814 1.280314
vt 0.470784 1.271158
vt 0.846766 0.935738
vt 0.846721 0.928660
vt 0.464765 1.271523
vt 0.464763 1.271425
vt 0.470783 1.271060
vt 0.458994 1.271721
vt 0.458985 1.271621
vt 0.459217 1.271614
vt 0.459227 1.271714
vt 0.475112 1.280289
vt 0.477300 1.280563
vt 0.477569 1.282685
vt 0.934997 0.800178
vt 0.935396 0.800126
vt 0.935396 0.804654
vt 0.415503 0.957565
vt 0.414960 0.953262
vt 0.415351 0.953247
vt 0.458682 1.282581
vt 0.458593 1.280501
vt 0.933393 0.800126
vt 0.933788 0.800197
vt 0.933393 0.805020
vt 0.458706 1.284730
vt 0.930615 0.805870
vt 0.930212 0.805794
vt 0.477951 1.287603
vt 0.939980 0.100604
vt 0.940381 0.100665
vt 0.939980 0.104536
vt 0.458726 1.287091
vt 0.478095 1.290587
vt 0.477775 1.284857
vt 0.415094 0.948779
vt 0.415503 0.948844
vt 0.458589 1.280404
vt 0.458783 1.280396
vt 0.478100 1.290684
vt 0.793618 0.309097
vt 0.793510 0.316449
vt 0.793159 0.316454
vt 0.793248 0.309097
vt 0.477096 1.280496
vt 0.477286 1.280465
vt 0.793363 0.302010
vt 0.793747 0.302011
vt 0.793423 0.289467
vt 0.793821 0.289463
vt 0.458921 1.289084
vt 0.459145 1.289293
vt 0.458912 1.289281
vt 0.458927 1.289085
vt 0.458728 1.289080
vt 0.458728 1.288979
vt 0.820091 1.383760
vt 0.819660 1.431747
vt 0.459135 1.199197
vt 0.276900 0.935696
vt 0.276735 0.935688
vt 0.276598 0.887816
vt 0.459465 1.184120
vt 0.459231 1.184118
vt 0.459236 1.184037
vt 0.459471 1.184039
vt 0.482306 1.199441
vt 0.482501 1.199399
vt 0.458836 1.201285
vt 0.458511 1.171838
vt 0.935396 0.800126
vt 0.935880 0.803764
vt 0.935396 0.803792
vt 0.064384 0.927428
vt 0.069280 0.927543
vt 0.064382 0.927913
vt 0.060518 0.927723
vt 0.060518 0.879690
vt 0.060718 0.879655
vt 0.060721 0.927707
vt 0.459016 1.179085
vt 0.262563 0.887272
vt 0.266202 0.935538
vt 0.267392 0.887278
vt 0.458736 1.163250
vt 0.458970 1.163251
vt 0.931688 0.804711
vt 0.931204 0.804696
vt 0.931688 0.800126
vt 0.458965 1.160759
vt 0.933628 0.105151
vt 0.933144 0.105132
vt 0.933628 0.100544
vt 0.458387 1.169771
vt 0.458153 1.169769
vt 0.806016 1.433193
vt 0.458871 1.194590
vt 0.458986 1.197036
vt 0.223913 0.936465
vt 0.223913 0.890784
vt 0.224115 0.936453
vt 0.290456 0.890515
vt 0.280957 0.936466
vt 0.280965 0.935982
vt 0.459287 1.186111
vt 0.459053 1.186105
vt 0.458553 1.192527
vt 0.510589 0.913291
vt 0.507105 0.913484
vt 0.507101 0.913000
vt 0.458343 1.216004
vt 0.510788 0.913280
vt 0.510788 0.956774
vt 0.510589 0.956807
vt 0.786552 0.897230
vt 0.458426 1.207772
vt 0.458660 1.207776
vt 0.458527 1.209987
vt 0.777675 0.941108
vt 0.936038 0.104523
vt 0.935555 0.104538
vt 0.935555 0.100604
vt 0.458035 1.213893
vt 0.458269 1.213897
vt 0.458263 1.213995
vt 0.458029 1.213992
vt 1.342633 1.415535
vt 1.346427 1.415367
vt 0.458972 1.241205
vt 0.458738 1.241202
vt 1.329881 1.416175
vt 0.768349 0.918877
vt 0.768510 0.930462
vt 0.768312 0.930470
vt 0.768153 0.918898
vt 0.458627 1.232628
vt 0.458860 1.232627
vt 0.458764 1.234512
vt 0.936520 0.104437
vt 0.936038 0.104394
vt 0.936520 0.100604
vt 0.459127 1.228253
vt 0.734172 0.962453
vt 0.742411 0.962848
vt 0.458529 1.234509
vt 0.458517 1.234608
vt 0.733969 0.961963
vt 0.793693 0.399086
vt 0.793291 0.399085
vt 1.244007 1.416912
vt 1.248106 1.416893
vt 1.231514 1.417139
vt 0.665497 0.931223
vt 0.660825 0.931377
vt 0.660942 0.920510
vt 0.458478 1.254602
vt 0.458710 1.254602
vt 0.935555 0.104720
vt 0.935071 0.104729
vt 0.935071 0.100604
vt 0.894887 0.515520
vt 0.894403 0.515520
vt 0.894526 0.512313
vt 0.458587 1.252271
vt 0.929809 0.804929
vt 0.929326 0.804900
vt 0.929809 0.800126
vt 0.458384 1.256637
vt 0.458376 1.256734
vt 0.324907 0.922854
vt 0.464299 1.248650
vt 0.793565 0.197960
vt 0.793159 0.197966
vt 1.304910 1.416718
vt 1.309068 1.416729
vt 0.722194 0.919743
vt 0.722186 0.920224
vt 1.291691 1.416855
vt 0.730989 0.920251
vt 0.730974 0.931249
vt 0.730776 0.931261
vt 0.730794 0.920260
vt 0.458901 1.278046
vt 0.459135 1.278047
vt 0.934595 0.104725
vt 0.934112 0.104725
vt 0.934168 0.100544
vt 0.458975 1.273595
vt 0.859879 0.960755
vt 0.458798 1.280113
vt 0.458788 1.280207
vt 0.846682 0.959801
vt 0.793566 0.277927
vt 0.793159 0.277937
vt 0.482798 1.177152
vt 0.079524 0.876072
vt 0.079681 0.876042
vt 0.271984 0.887271
vt 0.276598 0.887253
vt 0.976327 0.970430
vt 0.262284 0.935729
vt 0.481951 1.168028
vt 0.482241 1.168029
vt 0.266248 0.936136
vt 0.483785 1.160109
vt 0.483510 1.160028
vt 0.483802 1.160014
vt 0.483588 1.180595
vt 0.331426 0.837101
vt 0.482016 1.199435
vt 0.482479 1.201862
vt 0.482460 1.201767
vt 0.480864 1.193095
vt 0.481224 1.190883
vt 0.290458 0.889916
vt 0.294238 0.890620
vt 0.482762 1.202070
vt 0.482471 1.202061
vt 1.060579 1.695910
vt 1.061025 1.698245
vt 1.060734 1.698236
vt 0.482955 1.184132
vt 0.482663 1.184133
vt 0.482683 1.184039
vt 0.482975 1.184037
vt 0.480325 1.220804
vt 0.777676 0.940624
vt 0.479595 1.212305
vt 0.479884 1.212301
vt 0.479998 1.210148
vt 0.786537 0.896631
vt 0.481169 1.205872
vt 0.480899 1.205779
vt 0.610336 0.526925
vt 0.610461 0.527511
vt 0.610261 0.527511
vt 0.481022 1.223127
vt 0.480731 1.223119
vt 0.768510 0.959861
vt 1.346784 1.456330
vt 1.337944 1.457815
vt 1.333603 1.458589
vt 1.329407 1.459329
vt 1.342609 1.456987
vt 0.478905 1.232762
vt 0.479193 1.232771
vt 0.742327 0.919760
vt 0.738027 0.919015
vt 0.479951 1.228457
vt 0.479663 1.228454
vt 0.480024 1.226431
vt 0.929307 0.100652
vt 0.929896 0.100544
vt 0.929896 0.104766
vt 0.479294 1.230532
vt 0.479582 1.230536
vt 0.480314 1.226426
vt 0.480041 1.226334
vt 0.480330 1.226330
vt 0.614685 0.519068
vt 0.614893 0.519087
vt 0.614685 0.525133
vt 0.480140 1.243907
vt 1.248107 1.455310
vt 1.243137 1.456044
vt 0.664820 0.953879
vt 0.669556 0.953615
vt 0.669834 0.958842
vt 1.238419 1.456789
vt 1.234176 1.457480
vt 1.230316 1.458060
vt 0.664863 0.959576
vt 0.660146 0.960320
vt 0.474163 1.265752
vt 0.652043 0.961591
vt 0.477738 1.254572
vt 0.478027 1.254576
vt 0.317466 0.963108
vt 0.478374 1.250296
vt 0.478660 1.250299
vt 0.478361 1.252339
vt 0.321599 0.963766
vt 0.325381 0.964311
vt 0.312816 0.962376
vt 0.478074 1.252338
vt 0.478929 1.248356
vt 0.478942 1.248261
vt 0.608913 0.526925
vt 0.609246 0.527425
vt 0.608913 0.527648
vt 0.478726 1.266335
vt 0.478437 1.266310
vt 0.730989 0.956202
vt 1.309263 1.452671
vt 1.300077 1.449685
vt 1.290041 1.455324
vt 1.304760 1.453256
vt 0.651867 0.856724
vt 0.652024 0.856690
vt 0.652024 0.864050
vt 0.477398 1.278141
vt 0.851358 0.921456
vt 0.856421 0.922217
vt 0.477924 1.270383
vt 0.477778 1.273331
vt 0.477313 1.276001
vt 0.477602 1.276021
vt 0.477929 1.270288
vt 0.609246 0.526925
vt 0.609544 0.527445
vt 0.609246 0.527627
vt 0.477871 1.290897
vt 0.477585 1.290857
vt 1.483460 0.523826
vt 1.488762 0.533241
vt 1.482524 0.547145
vt 1.477959 0.536691
vt 1.499879 0.525486
vt 1.493012 0.539892
vt 1.495718 0.519585
vt 1.489754 0.508747
vt 1.492468 0.513966
vt 1.477959 0.512059
vt 1.484258 0.496875
vt 1.486974 0.502871
vt 1.533143 1.158404
vt 1.542511 1.148273
vt 1.543096 1.157301
vt 0.951954 0.643969
vt 0.962123 0.632489
vt 0.963454 0.642967
vt 1.513693 1.216818
vt 1.506297 1.221601
vt 1.508792 1.212733
vt 0.930519 0.716264
vt 0.938478 0.708085
vt 0.935419 0.720349
vt 1.486572 0.555208
vt 1.482726 0.566033
vt 1.479240 0.557439
vt 1.511646 1.194252
vt 1.518460 1.186467
vt 1.516752 1.204554
vt 1.510600 1.203877
vt 1.511542 1.176329
vt 1.516712 1.168555
vt 0.940187 0.689998
vt 0.933807 0.688488
vt 0.933269 0.679860
vt 0.930395 0.662714
vt 0.934315 0.654695
vt 0.938439 0.672086
vt 0.932101 0.671107
vt 0.930145 0.641363
vt 0.927779 0.653676
vt 0.924916 0.645110
vt 0.908298 0.058739
vt 0.914738 0.043423
vt 0.915016 0.043857
vt 0.908573 0.059288
vt 1.524583 1.199256
vt 1.525694 1.182147
vt 1.534570 1.176378
vt 1.533895 1.192611
vt 0.902091 0.078888
vt 0.904453 0.069564
vt 0.904728 0.070120
vt 0.914143 0.951529
vt 0.914143 0.960322
vt 0.913686 0.959704
vt 1.521756 1.211662
vt 0.947421 0.685678
vt 1.523938 1.164036
vt 1.543390 1.166612
vt 1.520059 1.146460
vt 1.530227 1.140438
vt 1.541728 1.139436
vt 0.949052 0.629521
vt 0.938010 0.636168
vt 0.937915 0.635837
vt 0.948979 0.629177
vt 0.960508 0.623512
vt 1.527253 1.125646
vt 1.538723 1.119655
vt 1.538781 1.119981
vt 0.945664 0.667567
vt 1.512080 1.184957
vt 1.512589 1.151164
vt 0.930045 0.641048
vt 0.215058 1.345234
vt 0.215308 1.345357
vt 0.215324 1.345054
vt 0.214913 1.344817
vt 0.204535 1.340117
vt 0.207864 1.341757
vt 0.207882 1.341489
vt 0.204559 1.339860
vt 0.196749 1.336317
vt 0.200727 1.338217
vt 0.200743 1.337958
vt 0.196770 1.336066
vt 0.188084 1.332293
vt 0.192364 1.334254
vt 0.192382 1.333993
vt 0.188100 1.332015
vt 0.178856 1.328121
vt 0.183899 1.330336
vt 0.183917 1.330040
vt 0.901372 0.372791
vt 0.901372 0.362279
vt 0.901757 0.362553
vt 0.212009 1.369656
vt 0.208430 1.366467
vt 0.208446 1.366751
vt 0.212051 1.369978
vt 0.331789 0.941778
vt 0.331375 0.942216
vt 0.331255 0.930791
vt 0.215274 1.362397
vt 0.214968 1.362177
vt 0.215314 1.368170
vt 0.204698 1.363537
vt 0.200487 1.360684
vt 0.200476 1.360955
vt 0.808046 0.941475
vt 0.808046 0.951165
vt 0.807646 0.950865
vt 0.980201 0.174078
vt 0.980757 0.165471
vt 0.981154 0.165733
vt 0.980634 0.174321
vt 0.187910 1.354352
vt 0.183675 1.352825
vt 0.183681 1.353047
vt 0.984007 0.148616
vt 0.982298 0.156988
vt 0.981933 0.156747
vt 0.174297 1.350459
vt 0.174130 1.350420
vt 0.174149 1.350652
vt 0.174317 1.350691
vt 0.295366 0.906884
vt 0.307173 0.898072
vt 0.306090 0.917987
vt 0.295185 0.923465
vt 0.211300 1.343488
vt 0.211320 1.343215
vt 0.961842 0.182194
vt 0.960123 0.163046
vt 0.971050 0.172835
vt 0.973818 0.194199
vt 0.988945 0.220239
vt 0.985958 0.210673
vt 0.986418 0.211045
vt 0.989508 0.220950
vt 0.204702 1.363807
vt 0.600284 0.938204
vt 0.600284 0.947271
vt 0.599912 0.946903
vt 0.961300 0.145488
vt 0.972791 0.155090
vt 0.964086 0.127777
vt 0.976551 0.137616
vt 0.976744 0.121325
vt 0.966901 0.113546
vt 0.174598 1.326357
vt 0.178868 1.327806
vt 0.947314 0.960565
vt 0.947314 0.951796
vt 0.947724 0.952026
vt 0.196279 1.358171
vt 0.196269 1.358438
vt 0.187912 1.354585
vt 0.192195 1.356408
vt 0.192189 1.356153
vt 0.984152 0.126893
vt 0.983662 0.148376
vt 0.986267 0.139403
vt 0.986599 0.139661
vt 0.178947 1.351748
vt 0.267588 1.348090
vt 0.267572 1.348399
vt 0.267114 1.348362
vt 0.267131 1.348051
vt 0.328459 0.964788
vt 0.329225 0.964496
vt 0.330793 0.971234
vt 0.330357 0.971773
vt 0.327209 0.957873
vt 0.326580 0.951062
vt 0.327346 0.950901
vt 0.327978 0.957658
vt 0.326170 0.943170
vt 0.325985 0.934982
vt 0.326717 0.934892
vt 0.326925 0.943043
vt 0.326231 0.925856
vt 0.326812 0.916950
vt 0.327491 0.916928
vt 0.326937 0.925799
vt 0.327641 0.908171
vt 0.329065 0.897726
vt 0.329700 0.897758
vt 0.328296 0.908175
vt 0.901635 0.281143
vt 0.901661 0.289365
vt 0.901127 0.289475
vt 0.901017 0.281238
vt 0.266363 1.365516
vt 0.266822 1.365508
vt 0.266721 1.371513
vt 0.266265 1.371576
vt 0.901681 0.265760
vt 0.901623 0.273454
vt 0.900975 0.273531
vt 0.255048 1.366961
vt 0.250945 1.363978
vt 0.251147 1.363691
vt 0.900994 0.313541
vt 0.901005 0.306331
vt 0.901665 0.306403
vt 0.901657 0.313600
vt 0.901015 0.329034
vt 0.900975 0.321269
vt 0.901570 0.321317
vt 0.901555 0.329074
vt 0.225077 1.351872
vt 0.225292 1.351863
vt 0.225297 1.352099
vt 0.225087 1.352107
vt 0.900876 0.404390
vt 0.900876 0.390554
vt 0.901673 0.390778
vt 0.267136 1.356758
vt 0.266524 1.377139
vt 0.266351 1.377391
vt 0.266091 1.377152
vt 0.901204 0.298801
vt 0.901679 0.298440
vt 0.901681 0.299141
vt 0.565155 0.911011
vt 0.564658 0.911113
vt 0.564658 0.901338
vt 0.266831 1.376691
vt 0.906569 1.404644
vt 0.905765 1.413397
vt 0.905086 1.413419
vt 0.772841 0.948499
vt 0.772226 0.948441
vt 0.772316 0.934725
vt 0.772999 0.934571
vt 0.227089 1.326937
vt 0.227242 1.327005
vt 0.226930 1.327292
vt 0.226771 1.327219
vt 0.768510 0.919120
vt 0.769278 0.918877
vt 0.900975 0.299141
vt 0.901632 0.299228
vt 0.770891 0.957845
vt 0.770388 0.957693
vt 0.230016 1.353480
vt 0.234704 1.355022
vt 0.234603 1.355289
vt 0.229931 1.353749
vt 0.276478 0.950976
vt 0.276478 0.959633
vt 0.276083 0.959563
vt 0.275942 0.950956
vt 0.924812 0.644799
vt 0.941785 0.649991
vt 1.516283 1.132637
vt 1.527326 1.125990
vt 1.540396 1.128958
vt 1.508419 1.137832
vt 0.989162 0.130845
vt 0.966971 0.113208
vt 0.976834 0.120998
vt 0.957101 0.105632
vt 0.957154 0.105318
vt 0.984252 0.126576
vt 0.331242 0.889126
vt 0.330800 0.888786
vt 0.225377 1.352340
vt 0.225212 1.352289
vt 0.225463 1.352147
vt 0.921888 0.029417
vt 0.921606 0.029017
vt 0.928024 0.725132
vt 0.932084 0.729593
vt 1.510358 1.226062
vt 1.503282 1.231129
vt 0.294636 0.891005
vt 0.300531 0.887253
vt 0.294238 0.934900
vt 0.215160 1.353682
vt 0.214867 1.353521
vt 0.600270 0.955369
vt 0.599912 0.956051
vt 0.599912 0.947271
vt 0.331255 0.951468
vt 0.267332 1.347637
vt 0.266879 1.347925
vt 0.331242 0.971899
vt 0.927519 0.725459
vt 0.930044 0.716517
vt 0.932326 0.707408
vt 0.931865 0.707640
vt 0.932899 0.698001
vt 0.933372 0.697783
vt 0.933346 0.688712
vt 0.932848 0.680107
vt 0.931716 0.671335
vt 0.930032 0.662944
vt 0.927429 0.653924
vt 0.924555 0.645369
vt 0.266500 1.376732
vt 0.266239 1.376847
vt 0.266214 1.376445
vt 0.983435 0.201838
vt 0.980604 0.183365
vt 0.981628 0.192985
vt 0.174018 1.347103
vt 0.173849 1.347060
vt 0.989267 0.130535
vt 0.982752 0.214163
vt 0.768887 0.963929
vt 0.768510 0.963797
vt 0.266827 1.377172
vt 0.564658 0.911886
vt 0.225458 1.351912
vt 0.924450 0.645059
vt 0.989508 0.131118
vt 0.178930 1.351526
vt 0.925009 0.734660
vt 0.924450 0.735060
vt 0.215969 1.373727
vt 0.216211 1.373989
vt 0.216137 1.373508
vt 0.215841 1.373233
vt 0.917444 0.023116
vt 0.917693 0.022626
vt 0.921860 0.028485
vt 0.911480 0.012279
vt 0.911745 0.011863
vt 0.914456 0.017055
vt 0.914194 0.017497
vt 0.905985 0.000406
vt 0.906243 0.000000
vt 0.908963 0.005980
vt 0.908701 0.006402
vt 0.964238 0.651805
vt 0.964591 0.651600
vt 0.965146 0.660643
vt 0.964823 0.660832
vt 0.962537 0.632245
vt 0.963841 0.642750
vt 0.965417 0.669966
vt 0.965117 0.670143
vt 0.226731 1.327539
vt 0.226890 1.327612
vt 0.294238 0.891258
vt 0.207292 1.349382
vt 0.198187 1.344692
vt 0.189737 1.340930
vt 0.954296 0.124704
vt 0.955624 0.114302
vt 0.953545 0.133449
vt 0.901134 0.377792
vt 0.604479 0.527735
vt 0.604479 0.526925
vt 0.605081 0.526972
vt 0.226309 1.327517
vt 0.226347 1.327198
vt 0.960937 0.623287
vt 0.174626 1.326039
vt 0.174471 1.325974
vt 0.174443 1.326293
vt 0.266863 1.348235
vt 0.194612 0.956473
vt 0.194612 0.963728
vt 0.194145 0.963036
vt 1.106501 1.430519
vt 1.106676 1.442308
vt 1.102640 1.442091
vt 1.102331 1.430328
vt 1.093688 1.429382
vt 1.093495 1.420668
vt 1.097804 1.424189
vt 1.097897 1.429898
vt 1.089804 1.429135
vt 1.089553 1.420395
vt 1.098157 1.441736
vt 0.524206 0.915787
vt 0.524221 0.915188
vt 0.528400 0.915855
vt 0.528385 0.916456
vt 1.106456 1.424879
vt 0.524058 0.933859
vt 0.524028 0.928183
vt 0.528182 0.928410
vt 0.937001 0.104400
vt 0.936520 0.104365
vt 0.937001 0.100604
vt 0.096166 1.236798
vt 0.095933 1.236804
vt 0.095984 1.234913
vt 1.098284 1.453320
vt 1.093829 1.453073
vt 1.093795 1.441504
vt 0.515188 0.914259
vt 0.515186 0.913661
vt 0.519534 0.914383
vt 1.097808 1.410852
vt 1.097808 1.411450
vt 1.093462 1.410728
vt 0.937483 0.104378
vt 0.937001 0.104378
vt 0.937172 0.100604
vt 0.095958 1.243032
vt 0.095724 1.243035
vt 0.095771 1.241205
vt 1.089961 1.441356
vt 0.510987 0.913595
vt 0.510970 0.912999
vt 0.519535 0.914981
vt 1.102301 1.424652
vt 0.519623 0.933429
vt 0.519530 0.927720
vt 0.096076 1.239027
vt 0.520016 0.957334
vt 0.520010 0.956851
vt 0.524534 0.957163
vt 1.106505 1.418989
vt 1.102319 1.418618
vt 1.097809 1.418072
vt 0.095991 1.234812
vt 0.096227 1.234809
vt 0.096220 1.234909
vt 0.074883 1.243696
vt 0.074592 1.243709
vt 0.074607 1.243612
vt 0.074898 1.243599
vt 0.090418 1.234878
vt 0.090416 1.234969
vt 0.084708 1.235054
vt 0.084711 1.234952
vt 0.081955 1.235087
vt 0.081959 1.234985
vt 0.528585 0.916482
vt 0.528431 0.922538
vt 0.528232 0.922521
vt 0.511077 0.923912
vt 0.511280 0.923926
vt 0.511531 0.932666
vt 0.511328 0.932653
vt 0.511688 0.944887
vt 0.511485 0.944879
vt 0.511778 0.956445
vt 0.511576 0.956436
vt 0.528381 0.928421
vt 0.088654 0.950834
vt 0.084588 0.951033
vt 0.084671 0.939214
vt 0.088866 0.939041
vt 0.093334 0.932882
vt 0.097589 0.929341
vt 0.097491 0.938098
vt 0.093296 0.938617
vt 0.101520 0.929064
vt 0.101364 0.937842
vt 0.093141 0.950490
vt 0.084405 0.921564
vt 0.088584 0.920918
vt 0.088785 0.927270
vt 0.084585 0.927621
vt 0.084669 0.933545
vt 0.088845 0.933336
vt 0.088567 0.962390
vt 0.084741 0.962597
vt 0.093105 0.962098
vt 0.097566 0.961860
vt 0.097568 0.962343
vt 0.093103 0.962581
vt 0.097498 0.950261
vt 0.093278 0.926738
vt 0.093218 0.920118
vt 0.097518 0.919382
vt 0.101341 0.961699
vt 0.101322 0.950106
vt 0.101669 0.918692
vt 0.090416 1.234689
vt 0.090412 1.234598
vt 0.095978 1.234512
vt 0.901471 0.115969
vt 0.901669 0.115949
vt 0.901669 0.127528
vt 0.101866 0.918660
vt 0.101726 0.929054
vt 0.084387 0.951042
vt 0.084470 0.939222
vt 0.084705 1.234650
vt 0.084469 0.933554
vt 0.076144 1.234775
vt 0.076152 1.234872
vt 0.075867 1.234877
vt 0.075857 1.234780
vt 0.101568 0.937829
vt 0.101526 0.950099
vt 0.095754 1.226330
vt 0.095758 1.226429
vt 0.095524 1.226432
vt 0.095520 1.226333
vt 0.081957 1.234784
vt 0.079089 1.234822
vt 0.079080 1.234722
vt 0.075859 1.235163
vt 0.075593 1.237192
vt 0.075397 1.237165
vt 0.936282 0.800126
vt 0.936688 0.804273
vt 0.936282 0.804321
vt 0.096419 1.234916
vt 0.096363 1.236804
vt 0.096004 1.241202
vt 0.096274 1.239032
vt 0.096201 1.241206
vt 0.075249 1.239457
vt 0.074926 1.241560
vt 0.074730 1.241529
vt 0.075054 1.239426
vt 0.096156 1.243034
vt 0.074411 1.243578
vt 0.096423 1.234818
vt 0.363300 0.967502
vt 0.363708 0.967514
vt 0.363580 0.979085
vt 0.363172 0.979080
vt 0.074397 1.243675
vt 0.793203 0.349205
vt 0.793610 0.349197
vt 0.793729 0.359638
vt 0.793319 0.359645
vt 0.363820 0.955675
vt 0.364228 0.955691
vt 0.364010 0.950022
vt 0.364418 0.950024
vt 0.075871 1.235068
vt 0.076157 1.235065
vt 0.075664 1.235140
vt 0.075677 1.235040
vt 0.793159 0.340392
vt 0.793565 0.340389
vt 0.793181 0.328078
vt 0.793585 0.328078
vt 0.095956 1.243130
vt 0.095959 1.243327
vt 0.095725 1.243331
vt 0.095722 1.243133
vt 0.096154 1.243133
vt 0.363835 0.944144
vt 0.364242 0.944114
vt 1.382643 1.437462
vt 1.382375 1.393719
vt 1.386127 1.394378
vt 1.386127 1.437716
vt 1.373517 1.436869
vt 1.373137 1.392058
vt 1.377869 1.392915
vt 1.378103 1.437138
vt 1.369574 1.436710
vt 1.368977 1.391266
vt 0.075185 1.216335
vt 0.074896 1.216345
vt 0.075177 1.214513
vt 0.807849 0.897311
vt 0.807853 0.897909
vt 0.804101 0.897250
vt 0.096293 1.218219
vt 0.096527 1.218217
vt 0.096439 1.220442
vt 0.795242 0.940881
vt 0.795243 0.940400
vt 0.799829 0.940669
vt 0.096205 1.220443
vt 0.096389 1.222346
vt 0.096154 1.222349
vt 0.799596 0.896446
vt 0.799588 0.895850
vt 0.804086 0.896653
vt 0.096480 1.214192
vt 0.096714 1.214190
vt 0.096710 1.214289
vt 0.096476 1.214290
vt 0.074004 1.222920
vt 0.073713 1.222929
vt 0.073732 1.222833
vt 0.074023 1.222824
vt 0.096473 1.213897
vt 0.096365 1.212190
vt 0.096599 1.212186
vt 0.938980 0.100604
vt 0.939177 0.104108
vt 0.938694 0.104108
vt 0.630556 0.889733
vt 0.625865 0.890576
vt 0.625871 0.889977
vt 0.074455 1.210148
vt 0.074005 1.207878
vt 0.074295 1.207881
vt 0.634673 0.888941
vt 0.630567 0.889135
vt 0.634684 0.888342
vt 0.621136 0.935223
vt 0.625684 0.934940
vt 0.625685 0.935423
vt 0.621140 0.935706
vt 0.617433 0.935450
vt 0.617433 0.892011
vt 0.617635 0.891980
vt 0.617634 0.935437
vt 0.634870 0.888903
vt 0.634403 0.934564
vt 0.634199 0.934569
vt 0.075463 1.214117
vt 0.075480 1.214214
vt 0.075190 1.214217
vt 0.075174 1.214119
vt 0.096226 1.205776
vt 0.096230 1.205875
vt 0.095996 1.205876
vt 0.095992 1.205778
vt 0.096633 1.216004
vt 0.096908 1.214297
vt 0.096831 1.216011
vt 0.074533 1.218520
vt 0.074128 1.220812
vt 0.073933 1.220773
vt 0.582962 0.947502
vt 0.583049 0.952217
vt 0.582651 0.952250
vt 0.073537 1.222791
vt 0.937091 0.800126
vt 0.937485 0.804290
vt 0.937091 0.804353
vt 0.096725 1.218224
vt 0.074701 1.216312
vt 0.074981 1.214482
vt 0.096637 1.220446
vt 0.937858 0.800126
vt 0.937894 0.804056
vt 0.937485 0.804056
vt 0.096587 1.222348
vt 0.583049 0.956724
vt 0.074338 1.218484
vt 0.096912 1.214198
vt 0.307403 0.915442
vt 0.307809 0.915442
vt 0.307809 0.958914
vt 0.307400 0.958910
vt 0.073519 1.222888
vt 0.900881 0.404391
vt 0.901287 0.404390
vt 0.901287 0.450248
vt 0.900876 0.450254
vt 0.608243 0.526925
vt 0.608579 0.527155
vt 0.608243 0.527652
vt 0.075482 1.214412
vt 0.075192 1.214416
vt 0.074996 1.214384
vt 0.096386 1.222444
vt 0.096390 1.222642
vt 0.096155 1.222646
vt 0.096151 1.222448
vt 0.096584 1.222447
vt 1.157529 1.433267
vt 1.157365 1.387354
vt 1.161163 1.388068
vt 1.161159 1.433517
vt 1.152716 1.386483
vt 1.152467 1.432955
vt 1.148001 1.432620
vt 1.148129 1.385630
vt 0.095474 1.201281
vt 0.072264 1.201862
vt 0.072282 1.201767
vt 0.565179 0.888342
vt 0.565613 0.935895
vt 0.565446 0.935888
vt 0.579091 0.890885
vt 0.579090 0.890288
vt 0.582891 0.891002
vt 0.073588 1.193099
vt 0.073878 1.193095
vt 0.073567 1.194936
vt 0.932169 0.804601
vt 0.931688 0.804575
vt 0.932169 0.800126
vt 0.095841 1.199196
vt 0.095607 1.199197
vt 0.095756 1.197036
vt 0.095477 1.201200
vt 0.095712 1.201195
vt 0.095708 1.201277
vt 0.574443 0.890014
vt 0.574436 0.889418
vt 0.095955 1.192728
vt 0.096190 1.192725
vt 0.096185 1.192823
vt 0.095950 1.192826
vt 0.095948 1.192432
vt 0.095829 1.190678
vt 0.096063 1.190676
vt 0.096182 1.192429
vt 0.394831 0.888139
vt 0.390328 0.888998
vt 0.390333 0.888399
vt 0.394834 0.887540
vt 0.072079 1.184133
vt 0.072577 1.186446
vt 0.072287 1.186448
vt 0.071788 1.184132
vt 0.095656 1.188251
vt 0.095890 1.188244
vt 0.927876 0.800126
vt 0.928359 0.805153
vt 0.927876 0.805169
vt 0.381761 0.936163
vt 0.381761 0.890585
vt 0.381961 0.890541
vt 0.381964 0.936151
vt 0.073873 1.192704
vt 0.073895 1.192800
vt 0.073605 1.192804
vt 0.073583 1.192708
vt 0.096384 1.192831
vt 0.096303 1.194594
vt 0.096105 1.194586
vt 0.650120 0.879570
vt 0.650480 0.874901
vt 0.650878 0.874940
vt 0.650520 0.879569
vt 0.071777 1.201830
vt 0.071795 1.201735
vt 0.071990 1.201776
vt 0.071972 1.201871
vt 0.450522 0.685300
vt 0.450933 0.685304
vt 0.450927 0.733355
vt 0.450520 0.733358
vt 0.095990 1.197038
vt 0.096189 1.197048
vt 0.650878 0.888000
vt 0.650317 0.884239
vt 0.650715 0.884191
vt 0.073083 1.194903
vt 0.073393 1.193064
vt 0.096039 1.199206
vt 0.095912 1.201204
vt 0.095712 1.201476
vt 0.095477 1.201480
vt 0.096388 1.192733
vt 0.901290 0.450402
vt 0.901695 0.450401
vt 0.901695 0.496078
vt 0.901287 0.496070
vt 0.608579 0.526925
vt 0.608913 0.527154
vt 0.608579 0.527651
vt 0.073898 1.192998
vt 0.073607 1.193002
vt 0.073410 1.192966
vt 0.769312 1.434286
vt 0.769013 1.386086
vt 0.772977 1.386783
vt 0.772975 1.434563
vt 0.759696 1.433703
vt 0.759289 1.384430
vt 0.764075 1.385247
vt 0.764411 1.433962
vt 0.754941 1.433496
vt 0.754163 1.383814
vt 0.190740 0.889617
vt 0.190735 0.889021
vt 0.194702 0.889717
vt 0.072856 1.170315
vt 0.073147 1.170311
vt 0.072837 1.172229
vt 0.096074 1.174217
vt 0.096308 1.174212
vt 0.096146 1.176564
vt 0.759696 1.434184
vt 0.754944 1.433978
vt 0.176670 0.937509
vt 0.176667 0.937028
vt 0.181423 0.937234
vt 0.764072 1.384651
vt 0.769008 1.385489
vt 0.185802 0.888778
vt 0.096355 1.169970
vt 0.096590 1.169968
vt 0.096584 1.170066
vt 0.096349 1.170068
vt 0.071433 1.180375
vt 0.071140 1.180394
vt 0.071155 1.180298
vt 0.071448 1.180279
vt 0.096347 1.169674
vt 0.096193 1.167916
vt 0.096426 1.167915
vt 0.096581 1.169671
vt 0.071798 1.163217
vt 0.072323 1.165666
vt 0.072033 1.165667
vt 0.071507 1.163214
vt 0.776686 0.429980
vt 0.776686 0.424942
vt 0.777267 0.425099
vt 0.777262 0.430165
vt 0.198745 0.938748
vt 0.203562 0.938418
vt 0.203559 0.938902
vt 0.096218 1.165566
vt 0.194904 0.939030
vt 0.194904 0.891104
vt 0.195104 0.891070
vt 0.195106 0.939016
vt 0.213446 0.887902
vt 0.212931 0.937858
vt 0.212749 0.937864
vt 0.213295 0.887925
vt 0.073142 1.169919
vt 0.073160 1.170015
vt 0.072870 1.170018
vt 0.072852 1.169921
vt 0.095543 1.160756
vt 0.095536 1.160658
vt 0.095770 1.160660
vt 0.095777 1.160759
vt 0.096783 1.170078
vt 0.096664 1.171846
vt 0.096465 1.171834
vt 0.072128 1.174649
vt 0.071655 1.177161
vt 0.071460 1.177121
vt 0.071933 1.174608
vt 0.070956 1.180262
vt 0.096507 1.174223
vt 0.072548 1.172235
vt 0.072352 1.172198
vt 0.072659 1.170281
vt 0.096345 1.176575
vt 0.095962 1.179078
vt 0.096163 1.179087
vt 0.096790 1.169979
vt 0.331385 0.837101
vt 0.331788 0.837101
vt 0.331788 0.885124
vt 0.331388 0.885116
vt 0.070940 1.180358
vt 0.651476 0.831514
vt 0.651867 0.831524
vt 0.651827 0.881841
vt 0.651476 0.881838
vt 0.072871 1.170217
vt 0.073162 1.170213
vt 0.072674 1.170183
vt 0.095955 1.179176
vt 0.095962 1.179376
vt 0.095727 1.179383
vt 0.095720 1.179183
vt 0.096156 1.179186
vt 1.272463 1.439631
vt 1.272249 1.427353
vt 1.276561 1.427631
vt 1.276995 1.439723
vt 0.707762 0.943815
vt 0.707861 0.952305
vt 0.703451 0.949249
vt 1.281725 1.445718
vt 1.281625 1.440014
vt 1.286036 1.440284
vt 1.289303 1.440471
vt 1.289623 1.448991
vt 1.286134 1.448774
vt 1.281234 1.427838
vt 1.277222 1.456068
vt 1.277218 1.456671
vt 1.272220 1.455907
vt 0.693946 0.959438
vt 0.693977 0.958833
vt 0.698949 0.959599
vt 1.272491 1.444970
vt 0.698721 0.943255
vt 0.698880 0.948805
vt 0.694218 0.948501
vt 0.693940 0.920227
vt 0.693939 0.919743
vt 0.698030 0.919862
vt 0.698041 0.920345
vt 1.281107 1.416960
vt 1.285580 1.417066
vt 1.285737 1.428032
vt 0.707909 0.960926
vt 0.707912 0.961524
vt 0.703676 0.960914
vt 0.703667 0.960313
vt 0.096021 1.263595
vt 0.096253 1.263591
vt 0.096216 1.265147
vt 0.710528 0.920211
vt 0.710536 0.920693
vt 0.707307 0.920597
vt 1.288996 1.428144
vt 0.076298 1.266016
vt 0.076009 1.266040
vt 0.076233 1.264068
vt 0.076520 1.264061
vt 0.698945 0.960202
vt 1.277153 1.445274
vt 0.703352 0.943545
vt 0.702828 0.920008
vt 0.702833 0.920491
vt 1.272521 1.449965
vt 0.698986 0.953826
vt 0.694248 0.953496
vt 1.281840 1.450313
vt 1.277259 1.450295
vt 0.703567 0.953844
vt 0.096139 1.256934
vt 0.096372 1.256930
vt 0.096368 1.257028
vt 0.096134 1.257032
vt 0.076287 1.266112
vt 0.075998 1.266137
vt 0.693778 0.930871
vt 0.693975 0.930884
vt 0.694190 0.943162
vt 0.693991 0.943158
vt 0.694019 0.948488
vt 0.693776 0.958812
vt 0.077365 1.257212
vt 0.079999 1.257175
vt 0.079995 1.257288
vt 0.711349 0.952522
vt 0.711030 0.944002
vt 0.711231 0.944013
vt 0.711549 0.952534
vt 0.710723 0.931675
vt 0.710925 0.931682
vt 0.710739 0.920699
vt 0.694047 0.953483
vt 0.683016 0.931225
vt 0.687353 0.930992
vt 0.687151 0.943274
vt 0.682604 0.943324
vt 0.677929 0.949309
vt 0.673593 0.952383
vt 0.673648 0.943858
vt 0.678010 0.943593
vt 0.670161 0.952603
vt 0.670424 0.944051
vt 0.678363 0.931400
vt 0.687343 0.958992
vt 0.682388 0.959708
vt 0.682363 0.953953
vt 0.687102 0.953670
vt 0.687130 0.948630
vt 0.682457 0.948887
vt 0.683266 0.920426
vt 0.687400 0.920355
vt 0.678474 0.920523
vt 0.674011 0.920599
vt 0.674017 0.920116
vt 0.678479 0.920040
vt 0.673893 0.931575
vt 0.677829 0.953944
vt 0.677743 0.960397
vt 0.673598 0.961007
vt 0.670803 0.920685
vt 0.670675 0.931689
vt 0.669834 0.961500
vt 0.687554 0.930983
vt 0.096125 1.256641
vt 0.096134 1.256738
vt 0.091003 1.256819
vt 0.076101 1.248370
vt 0.076087 1.248275
vt 0.080369 1.248480
vt 0.669958 0.952610
vt 0.687352 0.943273
vt 0.085051 1.256899
vt 0.082448 1.256936
vt 0.082442 1.256838
vt 0.085049 1.256795
vt 0.077078 1.257035
vt 0.077070 1.256945
vt 0.077357 1.256938
vt 0.077359 1.257029
vt 0.084476 1.248568
vt 0.084484 1.248666
vt 0.670222 0.944062
vt 0.670473 0.931695
vt 0.095977 1.248479
vt 0.095980 1.248578
vt 0.095747 1.248582
vt 0.095744 1.248482
vt 0.687303 0.953656
vt 0.687331 0.948620
vt 0.932581 0.805104
vt 0.932581 0.800126
vt 0.932989 0.800151
vt 0.932988 0.805100
vt 0.936283 0.800126
vt 0.936282 0.804364
vt 0.935880 0.804369
vt 0.935880 0.800148
vt 0.346840 0.944101
vt 0.347244 0.948565
vt 0.346840 0.948597
vt 0.096484 1.261425
vt 0.096450 1.263593
vt 0.076489 1.261988
vt 0.076038 1.264043
vt 0.331764 0.951468
vt 0.331663 0.955743
vt 0.331255 0.955766
vt 0.096414 1.265147
vt 0.939577 0.104730
vt 0.939177 0.100642
vt 0.939577 0.100604
vt 0.075812 1.266012
vt 0.331764 0.960467
vt 0.076293 1.261964
vt 0.076581 1.259685
vt 0.076775 1.259707
vt 0.096287 1.261426
vt 0.096332 1.259073
vt 0.096528 1.259076
vt 0.346873 0.953429
vt 0.096567 1.256934
vt 0.096565 1.257032
vt 0.222453 0.915326
vt 0.222861 0.915338
vt 0.222770 0.925978
vt 0.222363 0.925977
vt 0.075800 1.266109
vt 0.755980 0.390112
vt 0.756389 0.390105
vt 0.756553 0.399056
vt 0.756151 0.399063
vt 0.223130 0.903051
vt 0.223538 0.903072
vt 0.223383 0.897727
vt 0.223791 0.897735
vt 0.077083 1.257212
vt 0.077073 1.257303
vt 0.076879 1.257284
vt 0.609756 0.527816
vt 0.609544 0.527816
vt 0.609553 0.527409
vt 0.755906 0.381530
vt 0.756316 0.381528
vt 0.755948 0.369130
vt 0.756357 0.369133
vt 0.096214 1.265245
vt 0.096218 1.265442
vt 0.095984 1.265447
vt 0.756553 0.358111
vt 0.756147 0.358105
vt 0.756155 0.357621
vt 0.096412 1.265247
vt 0.223335 0.892734
vt 0.223740 0.892693
vt 1.107279 1.433309
vt 1.107149 1.421094
vt 1.111357 1.421395
vt 1.111735 1.433583
vt 0.542693 0.937521
vt 0.542929 0.944536
vt 0.537848 0.942920
vt 1.116122 1.439389
vt 1.116168 1.433865
vt 1.120966 1.433990
vt 1.125405 1.434034
vt 1.125769 1.441069
vt 1.121202 1.441005
vt 1.115938 1.421522
vt 0.533309 0.950492
vt 0.533290 0.951099
vt 0.528783 0.950511
vt 0.528802 0.949903
vt 1.107268 1.438488
vt 0.533462 0.937114
vt 0.533343 0.942281
vt 0.528995 0.942019
vt 0.528796 0.913486
vt 0.528793 0.913000
vt 0.532952 0.913078
vt 1.111225 1.409547
vt 1.111230 1.410032
vt 1.107069 1.409955
vt 1.115683 1.410038
vt 1.120564 1.410059
vt 1.120576 1.421611
vt 0.537817 0.951617
vt 0.537836 0.951013
vt 0.543098 0.951517
vt 0.077272 1.287608
vt 0.076987 1.287616
vt 0.077161 1.284872
vt 0.095587 1.287094
vt 0.095819 1.287094
vt 0.095816 1.288987
vt 0.546159 0.913115
vt 0.546176 0.913597
vt 0.542291 0.913590
vt 1.124851 1.421561
vt 0.548021 0.951889
vt 0.548064 0.952484
vt 0.543113 0.952117
vt 1.111617 1.438750
vt 0.537895 0.937397
vt 0.673904 1.779049
vt 0.674138 1.779048
vt 0.674110 1.781206
vt 0.537399 0.913084
vt 0.537409 0.913569
vt 0.532957 0.913563
vt 1.107186 1.442945
vt 0.533425 0.946744
vt 0.528912 0.946476
vt 1.116243 1.443226
vt 1.111698 1.443213
vt 0.537969 0.946757
vt 0.095728 1.280400
vt 0.095959 1.280396
vt 0.095953 1.280493
vt 0.095718 1.280495
vt 0.077129 1.290660
vt 0.076842 1.290699
vt 0.076847 1.290603
vt 0.077134 1.290564
vt 0.528677 0.924611
vt 0.528876 0.924625
vt 0.529006 0.936840
vt 0.528805 0.936827
vt 0.528794 0.942007
vt 0.528601 0.949876
vt 0.528710 0.946464
vt 0.547496 0.944600
vt 0.547132 0.937565
vt 0.547312 0.937567
vt 0.084006 1.289823
vt 0.080624 1.290178
vt 0.080624 1.290082
vt 0.084007 1.289726
vt 0.090036 1.289276
vt 0.546578 0.925092
vt 0.546768 0.925090
vt 0.546374 0.913586
vt 0.081824 1.280580
vt 0.079632 1.280586
vt 0.079636 1.280486
vt 0.826142 0.933234
vt 0.830352 0.932939
vt 0.830306 0.945125
vt 0.825864 0.945402
vt 0.821625 0.951245
vt 0.816733 0.952949
vt 0.816878 0.945916
vt 0.821532 0.945721
vt 0.812359 0.953132
vt 0.812601 0.946065
vt 0.821639 0.933384
vt 0.830554 0.958194
vt 0.826087 0.958781
vt 0.825969 0.955062
vt 0.830451 0.954788
vt 0.830350 0.950310
vt 0.826020 0.950571
vt 0.826195 0.921923
vt 0.830378 0.921861
vt 0.095621 1.275924
vt 0.095534 1.273599
vt 0.095767 1.273595
vt 0.928605 0.800126
vt 0.928843 0.804942
vt 0.928359 0.804942
vt 0.817106 0.933523
vt 0.079483 1.275867
vt 0.077429 1.276001
vt 0.077250 1.273336
vt 0.816638 0.959916
vt 0.821533 0.955109
vt 0.813183 0.922043
vt 0.816991 0.921987
vt 0.812958 0.933553
vt 0.811954 0.960451
vt 0.079471 1.278039
vt 0.077637 1.278126
vt 0.821798 0.921818
vt 0.830554 0.932928
vt 0.095712 1.280116
vt 0.095723 1.280209
vt 0.090318 1.280239
vt 0.763769 0.706614
vt 0.763921 0.706588
vt 0.763921 0.713933
vt 0.080584 1.270756
vt 0.080582 1.270854
vt 0.077102 1.270419
vt 0.830509 0.945113
vt 0.084372 1.280262
vt 0.081828 1.280272
vt 0.081824 1.280169
vt 0.077921 1.280223
vt 0.077928 1.280314
vt 0.077640 1.280318
vt 0.077629 1.280228
vt 0.083959 1.271060
vt 0.083958 1.271158
vt 0.089979 1.271425
vt 0.089977 1.271523
vt 0.812422 0.946067
vt 0.095748 1.271721
vt 0.095516 1.271714
vt 0.095525 1.271614
vt 0.095757 1.271621
vt 0.079630 1.280289
vt 0.079624 1.280192
vt 0.830551 0.950300
vt 0.077633 1.280586
vt 0.077364 1.282706
vt 0.077173 1.282685
vt 0.077442 1.280563
vt 0.096149 1.280501
vt 0.096061 1.282581
vt 0.095864 1.282579
vt 0.194145 0.947171
vt 0.194765 0.952004
vt 0.194354 0.952034
vt 0.096036 1.284730
vt 0.096016 1.287091
vt 0.076791 1.287603
vt 0.929809 0.800126
vt 0.930212 0.805778
vt 0.929809 0.805855
vt 0.938298 0.804040
vt 0.937894 0.800189
vt 0.938298 0.800126
vt 0.650878 0.875091
vt 0.651288 0.875100
vt 0.651289 0.881288
vt 0.076967 1.284857
vt 0.934597 0.800126
vt 0.934997 0.804603
vt 0.934597 0.804676
vt 0.194539 0.956473
vt 0.194145 0.956433
vt 0.096153 1.280404
vt 0.611181 0.527829
vt 0.611003 0.527732
vt 0.611181 0.527381
vt 0.222477 0.952071
vt 0.222884 0.952083
vt 0.222770 0.963255
vt 0.222363 0.963256
vt 0.076643 1.290684
vt 0.651289 0.874901
vt 0.793362 0.270570
vt 0.793732 0.270570
vt 0.793821 0.277927
vt 0.793470 0.277924
vt 0.223290 0.939880
vt 0.223696 0.939898
vt 0.223431 0.934693
vt 0.223837 0.934684
vt 0.222874 0.926602
vt 0.222483 0.926690
vt 0.222363 0.926066
vt 0.222753 0.925978
vt 0.077647 1.280496
vt 0.077457 1.280465
vt 0.793233 0.263485
vt 0.793617 0.263483
vt 0.793159 0.250936
vt 0.793557 0.250940
vt 0.095821 1.289084
vt 0.095830 1.289281
vt 0.095597 1.289293
vt 0.793821 0.239410
vt 0.793414 0.239400
vt 0.793424 0.238916
vt 0.096014 1.288979
vt 0.096014 1.289080
vt 0.095815 1.289085
vt 0.223159 0.930188
vt 0.223559 0.930131
vt 1.143887 1.432364
vt 1.143453 1.384811
vt 0.399104 0.935063
vt 0.399425 0.887296
vt 0.399612 0.887262
vt 0.399270 0.935056
vt 0.095277 1.184120
vt 0.095272 1.184039
vt 0.095506 1.184037
vt 0.095512 1.184118
vt 0.072242 1.199399
vt 0.072437 1.199441
vt 0.095907 1.201285
vt 0.096231 1.171838
vt 0.186141 0.937974
vt 0.186137 0.937493
vt 0.191038 0.937817
vt 0.194904 0.938109
vt 0.194701 0.938094
vt 0.194704 0.890314
vt 0.194904 0.890349
vt 0.095726 1.179085
vt 0.199028 0.890391
vt 0.203834 0.889542
vt 0.208144 0.938613
vt 0.095985 1.165566
vt 0.095772 1.163251
vt 0.096006 1.163250
vt 0.212748 0.938347
vt 0.208144 0.938129
vt 0.096590 1.169769
vt 0.096355 1.169771
vt 0.095871 1.194590
vt 0.583087 0.937062
vt 0.582885 0.937048
vt 0.582889 0.891599
vt 0.583087 0.891644
vt 0.385593 0.935932
vt 0.385742 0.889853
vt 0.390621 0.935646
vt 0.395045 0.935804
vt 0.390632 0.936129
vt 0.395038 0.935321
vt 0.399103 0.935547
vt 0.095455 1.186111
vt 0.096189 1.192527
vt 0.095955 1.192529
vt 0.804366 0.941475
vt 0.804370 0.940994
vt 0.807853 0.941247
vt 0.096400 1.216004
vt 0.799829 0.941151
vt 0.808052 0.941261
vt 0.808052 0.897944
vt 0.621387 0.891354
vt 0.630265 0.935187
vt 0.630263 0.934704
vt 0.096316 1.207772
vt 0.096082 1.207776
vt 0.634197 0.935052
vt 0.096707 1.213893
vt 0.096713 1.213992
vt 0.096479 1.213995
vt 1.102808 1.453632
vt 1.106603 1.453861
vt 0.095843 1.239032
vt 1.090052 1.452914
vt 0.528525 0.957416
vt 0.528329 0.957392
vt 0.528403 0.945839
vt 0.528601 0.945850
vt 0.096115 1.232628
vt 0.096213 1.234509
vt 0.095882 1.232627
vt 0.101342 0.962182
vt 0.088564 0.962873
vt 0.096225 1.234608
vt 0.095989 1.234612
vt 0.101546 0.961692
vt 0.793333 0.316454
vt 0.793735 0.316456
vt 1.276314 1.416814
vt 1.272214 1.416696
vt 0.096054 1.261430
vt 0.707300 0.920114
vt 1.288810 1.417162
vt 0.693745 0.920214
vt 0.095982 1.265152
vt 0.095980 1.265249
vt 0.096265 1.254602
vt 0.096358 1.256637
vt 0.683277 0.919942
vt 0.096063 1.250121
vt 0.095830 1.250125
vt 0.670809 0.920202
vt 0.096367 1.256734
vt 0.670597 0.920686
vt 0.095603 1.284741
vt 0.095836 1.284737
vt 0.674093 1.783563
vt 0.673860 1.783563
vt 1.124449 1.410066
vt 0.528601 0.913472
vt 0.090313 1.280535
vt 0.090321 1.280437
vt 0.095588 1.289095
vt 0.095582 1.288998
vt 0.826197 0.921439
vt 0.830379 0.921377
vt 0.816987 0.921504
vt 0.095607 1.278047
vt 0.095855 1.275925
vt 0.821805 0.921334
vt 0.095944 1.280113
vt 0.095954 1.280207
vt 0.812980 0.922025
vt 0.812769 0.933550
vt 0.181015 0.887961
vt 0.181006 0.887365
vt 0.185799 0.888182
vt 0.175889 0.887345
vt 0.175732 0.887327
vt 0.176484 0.937020
vt 0.208419 0.888669
vt 0.072501 1.168029
vt 0.072791 1.168028
vt 0.195107 0.890472
vt 0.199032 0.889792
vt 0.070957 1.160109
vt 0.070940 1.160014
vt 0.071232 1.160028
vt 0.213307 0.887327
vt 0.071446 1.180576
vt 0.071154 1.180595
vt 0.072726 1.199435
vt 0.072870 1.197193
vt 0.569856 0.889161
vt 0.073229 1.190886
vt 0.073519 1.190883
vt 0.381959 0.889943
vt 0.072770 1.188665
vt 0.073060 1.188664
vt 0.385742 0.889255
vt 0.450933 0.733957
vt 0.071980 1.202070
vt 0.071768 1.184037
vt 0.072059 1.184039
vt 0.794863 0.895589
vt 0.794850 0.894993
vt 0.790704 0.894797
vt 0.790506 0.894759
vt 0.791300 0.940241
vt 0.791097 0.940233
vt 0.075467 1.214509
vt 0.808049 0.897346
vt 0.617639 0.891381
vt 0.621401 0.890755
vt 0.074858 1.212301
vt 0.074744 1.210148
vt 0.073573 1.205872
vt 0.073553 1.205776
vt 0.073843 1.205779
vt 0.073864 1.205875
vt 0.074011 1.223119
vt 0.073720 1.223127
vt 0.524046 0.922149
vt 1.102479 1.412256
vt 1.106658 1.412924
vt 0.519536 0.921603
vt 1.089261 1.410064
vt 0.510788 0.913564
vt 0.528601 0.915881
vt 0.076148 1.235159
vt 0.084387 0.920964
vt 0.088565 0.920319
vt 0.093213 0.919519
vt 0.097514 0.918784
vt 0.927287 0.804346
vt 0.927287 0.800126
vt 0.927876 0.800232
vt 0.074718 1.226431
vt 0.075080 1.228454
vt 0.074791 1.228457
vt 0.074429 1.226426
vt 0.074412 1.226330
vt 0.074701 1.226334
vt 0.793735 0.360239
vt 0.793325 0.360246
vt 0.363172 0.938117
vt 0.363575 0.938071
vt 1.272251 1.455302
vt 1.286182 1.457394
vt 1.281940 1.456782
vt 1.290041 1.457856
vt 0.080584 1.265655
vt 0.080579 1.265752
vt 0.693745 0.959417
vt 0.077362 1.257299
vt 0.076715 1.254576
vt 0.077004 1.254572
vt 0.687370 0.959592
vt 0.076381 1.252339
vt 0.076082 1.250299
vt 0.076369 1.250296
vt 0.076668 1.252338
vt 0.075814 1.248356
vt 0.682390 0.960308
vt 0.075800 1.248261
vt 0.079985 1.256855
vt 0.687554 0.958980
vt 0.076305 1.266310
vt 0.076016 1.266335
vt 0.222363 0.887403
vt 0.222758 0.887327
vt 1.111582 1.446961
vt 1.107076 1.446372
vt 1.121372 1.447986
vt 1.116109 1.447482
vt 0.547667 0.944602
vt 0.548180 0.951900
vt 0.077928 1.280585
vt 0.077937 1.280497
vt 0.077345 1.278141
vt 0.763508 0.752323
vt 0.763910 0.757392
vt 0.763309 0.757392
vt 0.077140 1.276021
vt 0.076964 1.273331
vt 0.793159 0.398020
vt 0.793159 0.393281
vt 0.793749 0.393381
vt 0.076818 1.270383
vt 0.076814 1.270288
vt 0.077098 1.270323
vt 0.077157 1.290857
vt 0.076871 1.290897
s 1
g off
g COFRE_Material
usemtl Material
f 1/1/1 2/2/2 3/3/3
f 4/4/4 5/5/5 1/1/1
f 6/6/6 7/7/7 5/5/5
f 5/5/5 4/4/4 6/6/6
f 8/8/8 9/9/9 10/10/10
f 10/10/10 11/11/11 8/8/8
f 12/12/12 13/13/13 4/4/4
f 4/4/4 3/3/3 12/12/12
f 14/14/14 15/15/15 12/12/12
f 12/12/12 3/3/3 14/14/14
f 16/16/16 15/15/15 14/14/14
f 14/14/14 17/17/17 16/16/16
f 18/18/18 16/16/16 17/17/17
f 17/17/17 19/19/19 18/18/18
f 20/20/20 21/21/21 18/18/18
f 18/18/18 19/19/19 20/20/20
f 22/22/22 23/23/23 24/24/24
f 24/24/24 25/25/25 22/22/22
f 26/26/26 13/13/13 27/27/27
f 27/27/27 28/28/28 26/26/26
f 29/29/29 27/27/27 13/13/13
f 13/13/13 12/12/12 29/29/29
f 30/30/30 29/29/29 12/12/12
f 12/12/12 15/15/15 30/30/30
f 31/31/31 30/30/30 15/15/15
f 15/15/15 16/16/16 31/31/31
f 32/32/32 31/31/31 16/16/16
f 16/16/16 18/18/18 32/32/32
f 21/21/21 33/33/33 32/32/32
f 32/32/32 18/18/18 21/21/21
f 23/23/23 34/34/34 35/35/35
f 35/35/35 24/24/24 23/23/23
f 36/36/36 37/37/37 28/28/28
f 28/28/28 27/27/27 36/36/36
f 29/29/29 38/38/38 36/36/36
f 36/36/36 27/27/27 29/29/29
f 39/39/39 40/40/40 30/30/30
f 30/30/30 31/31/31 39/39/39
f 41/41/41 39/39/39 31/31/31
f 31/31/31 32/32/32 41/41/41
f 33/33/33 42/42/42 41/41/41
f 41/41/41 32/32/32 33/33/33
f 36/36/36 43/43/43 44/44/44
f 44/44/44 37/37/37 36/36/36
f 38/38/38 45/45/45 43/43/43
f 43/43/43 36/36/36 38/38/38
f 39/39/39 46/46/46 47/47/47
f 47/47/47 40/40/40 39/39/39
f 41/41/41 48/48/48 46/46/46
f 46/46/46 39/39/39 41/41/41
f 42/42/42 49/49/49 48/48/48
f 48/48/48 41/41/41 42/42/42
s 2
f 50/50/50 51/51/51 52/52/52
f 52/52/52 53/53/53 50/50/50
f 54/54/54 55/55/55 51/51/51
f 51/51/51 50/50/50 54/54/54
s 1
f 40/40/40 38/38/38 29/29/29
f 29/29/29 30/30/30 40/40/40
f 40/40/40 47/47/47 45/45/45
f 45/45/45 38/38/38 40/40/40
f 56/56/56 57/57/57 58/58/58
f 58/58/58 59/59/59 56/56/56
f 60/60/60 61/61/61 62/62/62
f 62/62/62 63/63/63 60/60/60
f 64/64/64 65/65/65 66/66/66
f 67/67/67 65/65/65 64/64/64
f 64/64/64 68/68/68 67/67/67
f 69/69/69 67/67/67 68/68/68
f 68/68/68 70/70/70 69/69/69
f 71/71/71 72/72/72 57/57/57
f 57/57/57 56/56/56 71/71/71
f 73/73/73 74/74/74 59/59/59
f 59/59/59 58/58/58 73/73/73
f 75/75/75 76/76/76 61/61/61
f 61/61/61 60/60/60 75/75/75
f 74/74/74 77/77/77 62/62/62
f 62/62/62 59/59/59 74/74/74
f 78/78/78 75/75/75 60/60/60
f 60/60/60 65/65/65 78/78/78
f 79/79/79 80/80/80 66/66/66
f 66/66/66 63/63/63 79/79/79
f 81/81/81 78/78/78 65/65/65
f 65/65/65 67/67/67 81/81/81
f 82/82/82 83/83/83 68/68/68
f 68/68/68 64/64/64 82/82/82
f 84/84/84 81/81/81 67/67/67
f 67/67/67 69/69/69 84/84/84
f 83/83/83 85/85/85 70/70/70
f 70/70/70 68/68/68 83/83/83
f 72/72/72 71/71/71 86/86/86
f 86/86/86 87/87/87 72/72/72
f 71/71/71 76/76/76 88/88/88
f 88/88/88 86/86/86 71/71/71
f 75/75/75 78/78/78 89/89/89
f 89/89/89 90/90/90 75/75/75
f 78/78/78 81/81/81 91/91/91
f 91/91/91 89/89/89 78/78/78
f 81/81/81 84/84/84 92/92/92
f 92/92/92 91/91/91 81/81/81
s 2
f 93/93/93 94/94/94 95/95/95
s 1
f 96/96/96 97/97/97 98/98/98
f 98/98/98 99/99/99 96/96/96
f 100/100/100 101/101/101 102/102/102
f 102/102/102 103/103/103 100/100/100
f 57/57/57 104/104/104 105/105/105
f 105/105/105 58/58/58 57/57/57
f 72/72/72 106/106/106 104/104/104
f 104/104/104 57/57/57 72/72/72
f 87/87/87 107/107/107 106/106/106
f 106/106/106 72/72/72 87/87/87
f 108/108/108 109/109/109 110/110/110
f 110/110/110 111/111/111 108/108/108
f 112/112/112 113/113/113 114/114/114
f 114/114/114 115/115/115 112/112/112
f 116/116/116 117/117/117 118/118/118
f 118/118/118 119/119/119 116/116/116
f 120/120/120 121/121/121 117/117/117
f 117/117/117 116/116/116 120/120/120
f 122/122/122 123/123/123 124/124/124
f 124/125/124 125/126/125 122/127/122
f 126/128/126 127/129/127 128/130/128
f 128/130/128 129/131/129 126/128/126
f 130/132/130 131/133/131 127/129/127
f 127/129/127 126/128/126 130/132/130
f 132/134/132 133/135/133 134/136/134
f 134/136/134 135/137/135 132/134/132
f 136/138/136 137/139/137 138/140/138
f 138/140/138 139/141/139 136/138/136
f 140/142/140 141/143/141 142/144/142
f 142/145/142 143/146/143 140/147/140
f 144/148/144 145/149/145 146/150/146
f 146/151/146 147/152/147 144/153/144
f 126/128/126 148/154/148 149/155/149
f 149/155/149 130/132/130 126/128/126
f 129/131/129 150/156/150 148/154/148
f 148/154/148 126/128/126 129/131/129
f 151/157/151 152/158/152 153/159/153
f 153/160/153 154/161/154 151/162/151
f 102/102/102 155/163/155 135/137/135
f 135/137/135 156/164/156 102/102/102
f 105/105/105 157/165/157 158/166/158
f 158/166/158 159/167/159 105/105/105
f 104/104/104 160/168/160 157/165/157
f 157/165/157 105/105/105 104/104/104
f 106/106/106 161/169/161 160/168/160
f 160/168/160 104/104/104 106/106/106
f 162/170/162 163/171/163 164/172/164
f 164/172/164 165/173/165 162/170/162
f 166/174/166 167/175/167 87/87/87
f 87/87/87 86/86/86 166/174/166
f 90/90/90 168/176/168 169/177/169
f 169/177/169 88/88/88 90/90/90
f 170/178/170 168/176/168 90/90/90
f 90/90/90 89/89/89 170/178/170
f 171/179/171 170/178/170 89/89/89
f 89/89/89 91/91/91 171/179/171
f 172/180/172 171/179/171 91/91/91
f 91/91/91 92/92/92 172/180/172
f 167/175/167 173/181/173 107/107/107
f 107/107/107 87/87/87 167/175/167
f 174/182/174 175/183/175 176/184/176
f 176/185/176 177/186/177 174/187/174
f 178/188/178 8/8/8 179/189/179
f 13/13/13 26/26/26 180/190/180
f 180/190/180 181/191/181 13/13/13
f 182/192/182 156/164/156 97/97/97
f 97/97/97 96/96/96 182/192/182
f 134/136/134 183/193/183 121/121/121
f 121/121/121 120/120/120 134/136/134
f 8/8/8 178/188/178 184/194/184
f 184/194/184 9/9/9 8/8/8
f 26/26/26 28/28/28 23/23/23
f 23/23/23 22/22/22 26/26/26
f 28/28/28 37/37/37 34/34/34
f 34/34/34 23/23/23 28/28/28
f 11/11/11 185/195/185 186/196/186
f 186/196/186 8/8/8 11/11/11
f 187/197/187 103/103/103 182/192/182
f 182/192/182 188/198/188 187/197/187
f 103/103/103 102/102/102 156/164/156
f 156/164/156 182/192/182 103/103/103
f 125/126/125 124/125/124 183/193/183
f 183/193/183 134/136/134 125/126/125
f 189/199/189 190/200/190 191/201/191
f 191/202/191 192/203/192 189/204/189
f 193/205/193 194/206/194 167/207/167
f 167/175/167 166/174/166 193/208/193
f 195/209/195 193/208/193 166/174/166
f 166/174/166 169/177/169 195/209/195
f 196/210/196 197/211/197 168/212/168
f 168/212/168 170/213/170 196/210/196
f 198/214/198 196/210/196 170/213/170
f 170/178/170 171/179/171 198/215/198
f 199/216/199 198/215/198 171/179/171
f 171/217/171 172/218/172 199/219/199
f 194/206/194 200/220/200 173/221/173
f 173/221/173 167/207/167 194/206/194
f 201/222/201 202/223/202 203/224/203
f 203/224/203 204/225/204 201/222/201
f 205/226/205 206/227/206 207/228/207
f 207/229/207 208/230/208 205/231/205
f 209/232/209 210/233/210 211/234/211
f 211/235/211 212/236/212 209/237/209
f 213/238/213 214/239/214 215/240/215
f 215/241/215 216/242/216 213/243/213
f 217/244/217 213/243/213 216/242/216
f 214/245/214 165/173/165 218/246/218
f 218/247/218 215/240/215 214/239/214
f 219/248/219 220/249/220 221/250/221
f 221/250/221 208/251/208 219/248/219
f 222/252/222 223/253/223 224/254/224
f 224/254/224 225/255/225 222/252/222
f 216/256/216 215/257/215 194/206/194
f 194/206/194 193/205/193 216/256/216
f 195/258/195 217/259/217 216/256/216
f 216/256/216 193/205/193 195/258/195
f 196/260/196 226/261/226 227/262/227
f 227/263/227 197/211/197 196/210/196
f 228/264/228 226/265/226 196/210/196
f 196/210/196 198/214/198 228/264/228
f 229/266/229 228/267/228 198/215/198
f 198/268/198 199/219/199 229/269/229
f 215/270/215 218/271/218 200/272/200
f 200/220/200 194/206/194 215/257/215
f 205/231/205 208/230/208 221/273/221
f 221/273/221 230/274/230 205/231/205
f 202/223/202 231/275/231 206/276/206
f 206/276/206 205/277/205 202/223/202
f 191/201/191 232/278/232 210/279/210
f 210/233/210 209/232/233 191/280/191
f 233/281/234 145/282/145 144/153/144
f 144/148/144 234/283/235 233/284/234
f 133/135/133 125/126/125 134/136/134
f 235/285/236 236/286/237 237/287/238
f 237/288/238 238/289/239 235/290/236
f 239/291/240 240/292/241 241/293/242
f 241/293/242 242/294/243 239/291/240
f 116/116/116 243/295/244 244/296/245
f 244/296/245 120/120/120 116/116/116
f 120/120/120 244/296/245 135/137/135
f 135/137/135 134/136/134 120/120/120
f 245/297/246 246/298/247 247/299/248
f 247/300/248 248/301/249 245/302/246
f 249/303/250 250/304/251 251/305/252
f 251/306/252 252/307/253 249/308/250
f 110/110/110 253/309/254 254/310/255
f 255/311/256 256/312/257 257/313/258
f 257/313/258 109/109/109 255/311/256
f 114/114/114 258/314/259 259/315/260
f 259/315/260 255/311/256 114/114/114
f 153/159/153 260/316/261 261/317/262
f 261/317/262 113/113/113 153/159/153
f 262/318/263 263/319/264 264/320/265
f 264/320/265 265/321/266 262/318/263
f 266/322/267 267/323/268 268/324/269
f 268/324/269 269/325/270 266/322/267
f 270/326/271 271/327/272 272/328/273
f 272/328/273 273/329/274 270/326/271
f 274/330/275 275/331/276 276/332/277
f 276/332/277 277/333/278 274/330/275
f 278/334/279 271/335/272 270/336/271
f 270/336/271 279/337/280 278/334/279
f 280/338/281 281/339/282 282/340/283
f 282/340/283 283/341/284 280/338/281
f 119/119/119 284/342/285 243/295/244
f 243/295/244 116/116/116 119/119/119
f 285/343/286 286/344/287 287/345/288
f 287/345/288 288/346/289 285/343/286
f 289/347/290 290/348/291 291/349/292
f 291/349/292 292/350/293 289/347/290
f 293/351/294 294/352/295 295/353/296
f 295/353/296 296/354/297 293/351/294
f 297/355/298 293/351/294 296/354/297
f 296/354/297 298/356/299 297/355/298
f 299/357/300 300/358/301 301/359/302
f 301/359/302 302/360/303 299/357/300
f 303/361/304 304/362/305 299/357/300
f 299/357/300 302/360/303 303/361/304
f 305/363/306 304/362/305 303/361/304
f 303/361/304 306/364/307 305/363/306
f 307/365/308 289/347/290 292/350/293
f 292/366/293 308/367/309 307/368/308
f 309/369/310 310/370/311 311/371/312
f 311/371/312 312/372/313 309/369/310
f 293/351/294 313/373/314 294/352/295
f 295/374/296 314/375/315 315/376/316
f 315/377/316 296/354/297 295/353/296
f 316/378/317 317/379/318 293/351/294
f 293/351/294 297/355/298 316/378/317
f 296/354/297 315/377/316 318/380/319
f 318/380/319 298/356/299 296/354/297
f 297/355/298 319/381/320 316/378/317
f 299/357/300 320/382/321 300/358/301
f 321/383/322 322/384/323 302/385/303
f 302/385/303 301/386/302 321/383/322
f 304/362/305 323/387/324 299/357/300
f 322/388/323 324/389/325 303/361/304
f 303/361/304 302/360/303 322/388/323
f 305/363/306 325/390/326 323/387/324
f 323/387/324 304/362/305 305/363/306
f 324/391/325 326/392/327 306/393/307
f 306/364/307 303/361/304 324/389/325
f 327/394/328 328/395/329 329/396/330
f 329/396/330 330/397/331 327/394/328
f 331/398/332 332/399/333 327/394/328
f 327/394/328 333/400/334 331/398/332
f 334/401/335 335/402/336 331/398/332
f 331/398/332 333/400/334 334/401/335
f 336/403/337 337/404/338 335/405/336
f 335/402/336 334/401/335 336/406/337
f 338/407/339 339/408/340 340/409/341
f 340/409/341 341/410/342 338/407/339
f 342/411/343 338/407/339 341/410/342
f 341/410/342 343/412/344 342/411/343
f 344/413/345 342/411/343 343/412/344
f 343/412/344 345/414/346 344/413/345
f 346/415/347 344/413/345 345/414/346
f 345/414/346 347/416/348 346/415/347
f 348/417/349 346/415/347 347/416/348
f 347/416/348 349/418/350 348/417/349
f 350/419/351 351/420/352 352/421/353
f 353/422/354 350/419/351 352/421/353
f 353/423/354 352/424/353 354/425/355
f 355/426/356 356/427/357 357/428/358
f 357/429/358 358/430/359 355/431/356
f 222/432/222 225/433/225 359/434/360
f 359/434/360 360/435/361 222/432/222
f 361/436/362 263/319/264 262/318/263
f 262/318/263 362/437/363 361/436/362
f 183/193/183 269/325/270 363/438/364
f 363/438/364 121/121/121 183/193/183
f 124/125/124 266/322/267 269/325/270
f 269/325/270 183/193/183 124/125/124
f 364/439/365 365/440/366 366/441/367
f 366/442/367 367/443/368 364/444/365
f 368/445/369 369/446/370 370/447/371
f 370/447/371 371/448/372 368/445/369
f 372/449/373 364/444/365 367/443/368
f 367/450/368 373/451/374 372/452/373
f 339/408/340 337/404/338 336/403/337
f 336/403/337 340/409/341 339/408/340
f 374/453/375 375/454/376 329/396/330
f 329/396/330 328/395/329 374/453/375
f 376/455/377 377/456/378 327/394/328
f 327/394/328 330/397/331 376/455/377
f 378/457/379 379/458/380 332/399/333
f 332/399/333 331/398/332 378/457/379
f 327/394/328 377/456/378 380/459/381
f 380/459/381 333/400/334 327/394/328
f 335/402/336 381/460/382 331/398/332
f 333/461/334 380/462/381 382/463/383
f 382/463/383 334/464/335 333/461/334
f 337/465/338 383/466/384 335/402/336
f 334/464/335 382/463/383 384/467/385
f 338/468/339 385/469/386 339/470/340
f 340/409/341 386/471/387 387/472/388
f 342/411/343 388/473/389 338/407/339
f 341/410/342 389/474/390 390/475/391
f 344/413/345 391/476/392 342/411/343
f 343/412/344 392/477/393 393/478/394
f 346/415/347 394/479/395 344/413/345
f 345/414/346 395/480/396 396/481/397
f 397/482/398 398/483/399 399/484/400
f 400/485/401 401/486/402 349/418/350
f 349/418/350 347/416/348 400/485/401
f 339/470/340 402/487/403 337/465/338
f 336/403/337 403/488/404 404/489/405
f 405/490/406 406/491/407 374/492/375
f 374/453/375 328/395/329 405/493/406
f 407/494/408 408/495/409 375/454/376
f 375/454/376 374/453/375 407/494/408
f 401/486/402 409/496/410 410/497/411
f 410/497/411 349/418/350 401/486/402
f 411/498/412 412/499/413 413/500/414
f 413/500/414 414/501/415 411/498/412
f 415/502/416 411/498/412 414/501/415
f 414/501/415 416/503/417 415/502/416
f 412/504/413 417/505/418 418/506/419
f 418/507/419 413/500/414 412/499/413
f 419/508/420 420/509/421 421/510/422
f 421/510/422 422/511/423 419/508/420
f 423/512/424 419/508/420 422/511/423
f 422/511/423 424/513/425 423/512/424
f 420/509/421 425/514/426 426/515/427
f 426/515/427 421/510/422 420/509/421
f 424/513/425 427/516/428 428/517/429
f 428/517/429 423/512/424 424/513/425
f 415/502/416 429/518/430 427/519/428
f 427/516/428 424/513/425 415/520/416
f 416/521/417 430/522/431 431/523/432
f 432/524/433 433/525/434 434/526/435
f 434/526/435 435/527/436 432/524/433
f 436/528/437 437/529/438 438/530/439
f 438/531/439 439/532/440 436/533/437
f 197/534/197 195/209/195 169/177/169
f 169/535/169 168/212/168 197/211/197
f 227/263/227 217/259/217 195/258/195
f 195/209/195 197/534/197 227/262/227
f 440/536/441 441/537/442 442/538/443
f 442/539/443 443/540/444 440/541/441
f 426/515/427 444/542/445 445/543/446
f 445/543/446 417/505/418 426/515/427
f 446/544/447 444/542/445 426/515/427
f 426/515/427 425/514/426 446/544/447
f 447/545/448 448/546/449 449/547/450
f 449/548/450 359/549/360 447/550/448
f 416/503/417 414/501/415 360/435/361
f 360/435/361 359/434/360 416/503/417
f 414/501/415 413/500/414 440/541/441
f 440/541/441 360/435/361 414/501/415
f 413/500/414 418/507/419 441/551/442
f 441/551/442 440/541/441 413/500/414
f 418/506/419 450/552/451 451/553/452
f 451/553/452 441/537/442 418/506/419
f 354/554/355 356/427/357 355/426/356
f 355/555/356 353/423/354 354/425/355
f 225/433/225 447/545/448 359/434/360
f 37/37/37 44/44/44 452/556/453
f 452/556/453 34/34/34 37/37/37
f 34/34/34 452/556/453 35/35/35
f 43/43/43 453/557/454 44/44/44
f 45/45/45 454/558/455 43/43/43
f 46/46/46 455/559/456 456/560/457
f 456/560/457 47/47/47 46/46/46
f 48/48/48 457/561/458 455/559/456
f 455/559/456 46/46/46 48/48/48
f 47/47/47 456/560/457 458/562/459
f 458/562/459 45/45/45 47/47/47
f 61/61/61 56/56/56 59/59/59
f 59/59/59 62/62/62 61/61/61
f 76/76/76 71/71/71 56/56/56
f 56/56/56 61/61/61 76/76/76
f 185/563/185 11/564/11 459/565/460
f 459/566/460 460/567/461 185/195/185
f 76/76/76 75/75/75 90/90/90
f 90/90/90 88/88/88 76/76/76
f 186/196/186 461/568/462 462/569/463
f 185/195/185 463/570/464 186/196/186
f 169/177/169 166/174/166 86/86/86
f 86/86/86 88/88/88 169/177/169
f 141/571/141 242/294/243 241/293/242
f 241/293/242 142/145/142 141/571/141
f 367/572/368 366/441/367 203/224/203
f 203/224/203 230/573/230 367/572/368
f 206/276/206 245/302/246 248/301/249
f 248/574/249 207/228/207 206/227/206
f 371/448/372 370/447/371 220/249/220
f 220/249/220 464/575/465 371/448/372
f 373/576/374 367/577/368 230/274/230
f 230/578/230 221/250/221 373/451/374
f 252/579/253 251/305/252 231/275/231
f 231/580/231 465/581/466 252/307/253
f 466/582/467 219/248/219 240/292/241
f 240/292/241 239/291/240 466/582/467
f 246/298/247 209/237/209 212/236/212
f 212/236/212 247/299/248 246/298/247
f 191/201/191 209/583/233 467/584/468
f 270/336/271 273/585/274 365/440/366
f 365/586/366 364/444/365 270/326/271
f 277/333/278 276/332/277 369/446/370
f 369/446/370 368/445/369 277/333/278
f 279/337/280 270/336/271 364/439/365
f 364/439/365 372/587/373 279/337/280
f 464/588/469 466/589/470 389/590/390
f 389/590/390 387/591/388 464/588/469
f 239/592/471 242/593/472 392/594/393
f 392/594/393 390/595/391 239/592/471
f 141/596/473 140/597/474 395/480/396
f 395/598/396 393/599/394 141/600/473
f 368/601/475 371/602/476 386/603/387
f 386/471/387 404/489/405 368/604/475
f 381/460/382 378/457/379 331/398/332
f 383/466/384 468/605/477 335/402/336
f 385/469/386 469/606/478 339/470/340
f 388/607/389 470/608/479 338/468/339
f 391/476/392 471/609/480 342/411/343
f 394/610/395 472/611/481 344/612/345
f 473/613/482 474/614/483 346/615/347
f 402/487/403 475/616/484 337/465/338
f 405/493/406 328/395/329 332/399/333
f 332/399/333 379/458/380 405/493/406
f 476/617/485 407/494/408 374/453/375
f 374/492/375 406/491/407 476/618/485
f 328/395/329 327/394/328 332/399/333
f 155/163/155 132/134/132 135/137/135
f 138/619/138 477/620/486 158/166/158
f 158/166/158 157/165/157 138/619/138
f 160/168/160 478/621/487 479/622/488
f 479/622/488 157/165/157 160/168/160
f 175/623/175 480/624/489 160/168/160
f 160/168/160 161/169/161 175/623/175
f 163/171/163 140/147/140 143/146/143
f 143/146/143 164/172/164 163/171/163
f 161/169/161 106/106/106 107/107/107
f 107/107/107 481/625/490 161/169/161
f 243/295/244 98/98/98 97/97/97
f 97/97/97 244/296/245 243/295/244
f 244/296/245 97/97/97 156/164/156
f 156/164/156 135/137/135 244/296/245
f 481/625/490 107/107/107 173/181/173
f 173/181/173 232/626/232 481/625/490
f 210/233/210 200/272/200 218/271/218
f 218/271/218 211/234/211 210/233/210
f 232/278/232 173/221/173 200/220/200
f 200/220/200 210/279/210 232/278/232
f 482/627/491 243/295/244 284/342/285
f 284/342/285 483/628/492 482/627/491
f 163/629/493 162/630/494 400/631/401
f 400/485/401 396/481/397 163/632/493
f 8/8/8 186/196/186 179/189/179
f 186/196/186 462/569/463 179/189/179
f 484/633/495 485/634/496 486/635/497
f 486/636/497 487/637/498 484/638/495
f 99/99/99 282/340/283 281/339/282
f 281/639/282 488/640/499 99/641/99
f 463/570/464 489/642/500 490/643/501
f 490/644/501 491/645/502 463/646/464
f 186/196/186 492/647/503 461/568/462
f 5/5/5 7/7/7 493/648/504
f 5/5/5 494/649/505 280/338/281
f 100/100/506 495/650/507 74/74/74
f 74/651/74 73/652/73 100/653/506
f 495/654/507 460/655/461 77/656/77
f 77/77/77 74/74/74 495/650/507
f 459/565/460 496/657/508 80/658/80
f 80/80/80 79/79/79 459/566/460
f 497/659/509 498/660/510 83/661/83
f 83/662/83 82/663/82 497/664/509
f 498/665/510 499/666/511 85/667/85
f 85/668/85 83/661/83 498/660/510
f 58/58/58 105/105/105 159/167/159
f 159/167/159 73/73/73 58/58/58
f 237/287/238 362/669/363 500/670/512
f 500/671/512 501/672/513 237/288/238
f 502/673/514 503/674/515 477/675/486
f 477/675/486 504/676/516 502/673/514
f 505/677/517 101/678/518 159/679/159
f 159/167/159 158/166/158 505/680/517
f 122/127/122 502/681/514 504/682/516
f 504/676/516 501/672/513 122/122/122
f 311/371/312 506/683/519 507/684/520
f 507/684/520 508/685/521 311/371/312
f 509/686/522 312/372/313 295/374/296
f 295/374/296 294/687/295 509/686/522
f 510/688/523 511/689/524 512/690/525
f 512/691/525 313/692/314 510/693/523
f 508/694/521 314/695/315 295/353/296
f 513/696/526 123/697/123 500/670/512
f 500/671/512 514/698/527 513/699/526
f 63/63/63 62/62/62 77/77/77
f 77/77/77 79/79/79 63/63/63
f 503/700/515 505/680/517 158/166/158
f 158/701/158 477/675/486 503/674/515
f 9/9/9 22/22/22 25/25/25
f 25/25/25 10/10/10 9/9/9
f 80/80/80 82/82/82 64/64/64
f 64/64/64 66/66/66 80/80/80
f 10/702/10 25/703/25 497/664/509
f 497/664/509 496/657/508 10/702/10
f 65/65/65 60/60/60 63/63/63
f 63/63/63 66/66/66 65/65/65
f 184/194/184 515/704/528 22/22/22
f 22/22/22 9/9/9 184/194/184
f 516/705/529 307/365/308 308/706/309
f 308/706/309 517/707/530 516/705/529
f 518/708/531 509/686/522 512/691/525
f 512/691/525 519/709/532 518/708/531
f 317/379/318 510/688/523 313/373/314
f 313/373/314 293/351/294 317/379/318
f 520/710/533 521/711/534 522/712/535
f 522/712/535 523/713/536 520/710/533
f 524/714/537 520/710/533 523/713/536
f 523/713/536 525/715/538 524/714/537
f 526/716/539 527/717/540 528/718/541
f 528/719/541 529/720/542 526/721/539
f 530/722/543 522/712/535 521/711/534
f 521/711/534 531/723/544 530/722/543
f 290/348/291 524/714/537 525/715/538
f 525/724/538 291/725/292 290/726/291
f 532/727/545 528/719/541 527/728/540
f 527/717/540 533/729/546 532/730/545
f 288/346/289 287/345/288 534/731/547
f 534/731/547 535/732/548 288/346/289
f 536/733/549 260/316/261 286/734/287
f 286/344/287 285/343/286 536/735/549
f 537/736/550 255/311/256 109/109/109
f 109/109/109 108/108/108 537/736/550
f 115/115/115 114/114/114 255/311/256
f 255/311/256 537/736/550 115/115/115
f 154/737/154 153/159/153 113/113/113
f 113/113/113 112/112/112 154/737/154
f 538/738/551 539/739/552 540/740/553
f 540/740/553 541/741/554 538/738/551
f 538/738/551 541/741/554 129/131/129
f 129/131/129 128/130/128 538/738/551
f 541/741/554 542/742/555 150/156/150
f 150/156/150 129/131/129 541/741/554
f 540/740/553 543/743/556 542/742/555
f 542/742/555 541/741/554 540/740/553
f 544/744/557 131/133/131 130/132/130
f 130/132/130 545/745/558 544/744/557
f 130/132/130 149/155/149 546/746/559
f 546/746/559 545/745/558 130/132/130
f 547/747/560 548/748/561 254/749/255
f 254/310/255 549/750/562 547/751/560
f 550/752/563 253/753/254 257/754/258
f 257/754/258 551/755/564 550/752/563
f 552/756/565 256/757/257 259/758/260
f 259/758/260 553/759/566 552/756/565
f 554/760/567 258/314/259 261/317/262
f 261/761/262 555/762/568 554/763/567
f 151/764/151 233/281/234 234/765/235
f 234/283/235 556/766/569 151/767/151
f 127/129/127 537/736/550 108/108/108
f 108/108/108 128/130/128 127/129/127
f 131/133/131 115/115/115 537/736/550
f 537/736/550 127/129/127 131/133/131
f 557/768/570 154/737/154 112/112/112
f 112/769/112 544/770/557 557/771/570
f 111/111/111 558/772/571 539/739/552
f 539/739/552 538/738/551 111/111/111
f 128/130/128 108/108/108 111/111/111
f 111/111/111 538/738/551 128/130/128
f 544/744/557 112/112/112 115/115/115
f 115/115/115 131/133/131 544/744/557
f 148/773/148 559/774/572 560/775/573
f 560/775/573 149/776/149 148/773/148
f 150/777/150 561/778/574 559/774/572
f 559/774/572 148/773/148 150/777/150
f 542/779/555 562/780/575 561/778/574
f 561/778/574 150/777/150 542/779/555
f 149/776/149 560/775/573 563/781/576
f 563/781/576 546/782/559 149/776/149
f 564/783/577 565/784/578 566/785/579
f 566/785/579 567/786/580 564/783/577
f 567/787/580 566/788/579 568/789/581
f 546/746/559 563/790/576 569/791/582
f 569/791/583 570/792/584 546/746/559
s 3
f 571/793/585 572/794/586 573/795/587
f 573/795/587 574/796/588 571/793/585
s 1
f 575/797/589 570/798/590 146/151/146
f 146/151/146 145/282/145 575/797/589
f 556/799/569 568/800/591 152/801/152
f 152/802/152 151/764/151 556/803/569
f 233/804/234 557/771/570 575/805/589
f 575/797/589 145/282/145 233/281/234
f 154/161/154 557/771/570 233/804/234
f 233/806/234 151/157/151 154/737/154
f 576/807/592 577/808/593 147/152/147
f 147/809/147 146/150/146 576/810/592
f 576/807/592 146/151/146 570/798/590
f 570/798/590 569/811/594 576/807/592
f 545/745/558 546/746/559 570/792/584
f 570/812/584 575/805/589 545/813/558
f 485/634/496 484/633/495 578/814/595
f 578/814/595 579/815/596 485/634/496
f 490/644/501 489/816/500 579/817/596
f 579/817/596 578/818/595 490/644/501
f 188/198/188 182/192/182 579/815/596
f 485/634/496 96/96/96 99/99/99
f 99/99/99 486/635/497 485/634/496
f 580/819/597 581/820/598 282/340/283
f 282/340/283 99/99/99 580/819/597
f 582/821/599 487/637/498 486/636/497
f 486/635/497 488/822/499 582/823/599
f 488/822/499 486/635/497 99/99/99
f 281/639/282 583/824/600 582/821/599
f 582/821/599 488/640/499 281/639/282
f 491/825/502 492/647/503 463/570/464
f 492/647/503 186/196/186 463/570/464
f 494/826/505 584/827/601 280/828/281
f 584/829/601 583/830/600 281/339/282
f 281/339/282 280/338/281 584/829/601
f 22/831/22 515/832/528 585/833/602
f 585/834/602 26/26/26 22/22/22
f 585/833/602 180/835/180 26/836/26
f 586/837/603 4/4/4 13/13/13
f 13/838/13 181/839/181 586/840/603
f 96/96/96 485/634/496 579/815/596
f 579/815/596 182/192/182 96/96/96
f 185/195/185 187/197/187 463/570/464
f 187/197/187 188/198/188 463/570/464
f 321/841/322 587/842/604 588/843/605
f 589/844/606 590/845/607 318/380/319
f 318/380/319 315/377/316 589/844/606
f 314/695/315 591/846/608 589/844/606
f 589/844/606 315/377/316 314/695/315
f 587/842/604 592/847/609 593/848/610
f 593/848/610 588/843/605 587/842/604
f 589/844/606 594/849/611 595/850/612
f 595/850/612 590/845/607 589/844/606
f 591/846/608 596/851/613 594/849/611
f 594/852/611 589/853/606 591/854/608
f 597/855/614 598/856/615 599/857/616
f 599/858/616 600/859/617 597/860/614
f 601/861/618 602/862/619 603/863/620
f 603/863/620 604/864/621 601/861/618
f 602/862/619 601/861/618 605/865/622
f 605/865/622 606/866/623 602/862/619
f 271/327/272 322/384/323 321/383/322
f 321/383/322 272/328/273 271/327/272
f 326/392/327 324/391/325 275/331/276
f 275/331/276 274/330/275 326/392/327
f 324/389/325 322/388/323 271/335/272
f 271/335/272 278/334/279 324/389/325
f 277/867/624 403/488/404 384/467/385
f 384/868/385 274/869/625 277/870/624
s 4
f 607/871/626 608/872/627 609/873/628
f 609/873/628 610/874/629 607/871/626
f 611/875/630 612/876/631 613/877/632
s 5
f 614/878/633 615/879/634 616/880/635
f 616/881/635 139/141/635 614/882/633
f 617/883/636 174/884/637 618/885/638
f 618/885/638 619/886/639 617/883/636
f 174/884/637 177/887/640 620/888/641
f 620/888/641 618/885/638 174/884/637
f 189/204/642 621/889/643 622/890/644
f 622/891/644 623/892/645 189/893/642
s 6
f 624/894/646 625/895/647 626/896/648
f 627/897/649 628/898/650 629/899/651
f 629/899/651 630/900/652 627/897/649
s 4
f 631/901/653 632/902/654 608/872/627
f 608/872/627 607/871/626 631/901/653
s 6
f 633/903/655 634/904/656 635/905/657
f 635/905/657 636/906/658 633/903/655
f 637/907/659 638/908/660 639/909/661
f 640/910/662 641/911/663 642/912/664
f 642/912/664 643/913/665 640/910/662
f 626/896/648 633/903/655 636/906/658
f 629/899/651 644/914/666 625/895/647
f 625/895/647 624/894/646 629/899/651
f 645/915/667 643/913/665 628/898/650
f 628/898/650 627/897/649 645/915/667
s 4
f 646/916/668 647/917/669 648/918/670
f 648/918/670 649/919/671 646/916/668
f 650/920/672 651/921/673 652/922/674
s 7
f 616/923/675 615/924/676 653/925/677
f 619/926/678 618/927/679 654/928/680
f 654/928/680 655/929/681 619/926/678
f 618/927/679 620/930/682 656/931/683
f 656/931/683 654/928/680 618/927/679
f 622/932/684 621/933/685 657/934/686
f 657/934/686 656/931/683 622/932/684
s 6
f 658/935/687 659/936/688 660/937/689
s 4
f 661/938/690 610/874/629 609/873/628
f 609/873/628 662/939/691 661/938/690
s 6
f 638/908/660 663/940/692 664/941/693
f 664/941/693 639/909/661 638/908/660
f 665/942/694 666/943/695 667/944/696
f 667/945/696 668/946/697 665/947/694
s 1
f 99/641/99 669/948/698 670/949/699
f 670/950/699 580/819/597 99/99/99
s 2
f 94/951/94 93/952/93 671/953/700
f 93/952/93 672/954/701 55/55/55
f 52/52/52 673/955/702 674/956/703
f 674/956/703 675/957/704 52/52/52
f 51/51/51 676/958/705 673/955/702
f 673/955/702 52/52/52 51/51/51
f 55/55/55 672/954/701 676/958/705
f 676/958/705 51/51/51 55/55/55
s 1
f 581/820/598 283/341/284 282/340/283
f 19/19/19 677/959/706 678/960/707
f 678/960/707 20/20/20 19/19/19
f 17/17/17 679/961/708 677/959/706
f 677/959/706 19/19/19 17/17/17
f 14/14/14 680/962/709 679/961/708
f 679/961/708 17/17/17 14/14/14
f 5/5/5 280/338/281 283/341/284
f 283/341/284 1/1/1 5/5/5
f 14/14/14 3/3/3 2/2/2
f 1/1/1 3/3/3 4/4/4
f 4/4/4 586/837/603 6/6/6
f 680/962/709 14/14/14 2/2/2
f 581/963/598 681/964/710 283/965/284
f 682/966/711 1/1/1 683/967/712
s 2
f 684/968/713 55/55/55 685/969/714
f 685/970/714 55/971/55 686/972/715
s 1
f 681/973/710 687/974/716 283/341/284
s 2
f 688/975/717 671/953/700 55/55/55
f 684/968/713 688/975/717 55/55/55
s 1
f 687/974/716 1/1/1 283/341/284
f 682/966/711 2/2/2 1/1/1
s 2
f 55/55/55 689/976/718 686/977/715
s 1
f 687/974/716 683/967/712 1/1/1
s 2
f 55/971/55 54/978/54 690/979/719
f 55/55/55 690/980/719 689/976/718
s 1
f 691/981/720 680/962/709 2/2/2
f 692/982/721 691/981/720 2/2/2
f 682/966/711 692/982/721 2/2/2
s 8
f 693/983/722 694/984/723 695/985/724
f 695/985/724 696/986/725 693/983/722
f 697/987/726 693/983/722 696/986/725
f 696/986/725 698/988/727 697/987/726
f 698/988/727 699/989/728 697/987/726
f 698/988/727 700/990/729 701/991/730
f 698/988/727 701/991/730 702/992/731
f 698/988/727 702/992/731 703/993/732
f 698/988/727 703/993/732 704/994/733
f 698/988/727 704/994/733 699/989/728
s 9
f 705/995/734 706/996/735 707/997/736
f 707/997/736 708/998/737 705/995/734
f 706/996/735 705/995/734 709/999/738
f 709/999/738 710/1000/739 706/996/735
f 710/1001/739 709/1002/738 711/1003/740
f 711/1004/740 712/1005/741 710/1000/739
f 711/1003/740 713/1006/742 712/1007/741
f 714/1008/743 715/1009/744 712/1010/741
f 716/1011/745 717/1012/746 712/1010/741
f 718/1013/747 716/1014/745 712/1005/741
f 719/1015/748 718/1013/747 712/1005/741
f 713/1016/742 719/1015/748 712/1005/741
s 10
f 720/1017/749 721/1018/750 722/1019/751
f 722/1019/751 723/1020/752 720/1017/749
f 724/1021/753 720/1022/749 723/1023/752
f 723/1020/752 725/1024/754 724/1025/753
f 726/1026/755 724/1025/753 725/1024/754
f 725/1024/754 727/1027/756 726/1026/755
f 728/1028/757 729/1029/758 730/1030/759
f 730/1030/759 731/1031/760 728/1028/757
f 730/1030/759 732/1032/761 733/1033/762
f 733/1033/762 731/1031/760 730/1030/759
f 732/1032/761 734/1034/763 735/1035/764
f 735/1036/764 733/1037/762 732/1038/761
f 734/1034/763 736/1039/765 737/1040/766
f 737/1040/766 735/1035/764 734/1034/763
f 736/1041/765 726/1042/755 727/1043/756
f 727/1044/756 737/1040/766 736/1039/765
s 1
f 98/98/98 243/295/244 482/627/491
f 482/627/491 669/1045/698 98/98/98
f 738/1046/767 483/628/492 284/342/285
f 483/1047/492 739/1048/768 740/1049/769
f 740/1049/769 482/1050/491 483/1047/492
f 739/1048/768 483/1047/492 738/1051/767
f 738/1051/767 741/1052/770 739/1048/768
f 99/99/99 98/98/98 669/1045/698
f 670/950/699 669/1045/698 482/627/491
f 482/1050/491 740/1049/769 670/949/699
f 742/1053/771 535/1054/548 534/1055/547
f 534/731/547 743/1056/772 742/1057/771
f 743/1058/772 532/730/545 533/729/546
f 533/1059/546 742/1057/771 743/1056/772
s 11
f 744/1060/773 745/1061/774 746/1062/775
s 2
f 747/1063/776 748/1064/777 749/1065/778
f 94/94/94 747/1066/776 749/1067/778
f 94/951/94 749/1068/778 750/1069/779
f 94/951/94 750/1069/779 95/1070/95
s 9
f 712/1071/741 717/1072/746 714/1073/743
s 2
f 93/952/93 55/55/55 671/953/700
s 12
f 751/1074/780 752/1075/781 753/1076/782
f 753/1076/782 754/1077/783 751/1074/780
f 752/1075/781 755/1078/784 756/1079/785
f 756/1079/785 753/1076/782 752/1075/781
f 755/1078/784 757/1080/786 756/1079/785
s 11
f 758/1081/787 746/1062/775 759/1082/788
s 1
f 564/783/577 760/1083/789 761/1084/790
f 761/1085/790 565/1086/578 564/1087/577
f 762/1088/791 763/1089/792 760/1090/789
s 12
f 755/1078/784 764/1091/793 757/1080/786
s 13
f 765/1092/794 766/1093/795 767/1094/796
f 767/1094/796 768/1095/797 765/1092/794
f 766/1093/795 769/1096/798 770/1097/799
f 770/1097/799 767/1094/796 766/1093/795
f 769/1096/798 771/1098/800 772/1099/801
f 772/1099/801 770/1097/799 769/1096/798
f 771/1098/800 773/1100/802 774/1101/803
f 774/1101/803 772/1099/801 771/1098/800
f 773/1102/802 775/1103/804 776/1104/805
f 776/1105/805 774/1106/803 773/1107/802
f 775/1108/804 777/1109/806 778/1110/807
f 778/1111/807 776/1104/805 775/1103/804
f 777/1112/806 779/1113/808 780/1114/809
f 780/1115/809 778/1110/807 777/1109/806
f 779/1113/808 781/1116/810 782/1117/811
f 782/1117/811 780/1114/809 779/1113/808
f 781/1118/810 783/1119/812 784/1120/813
f 784/1121/813 782/1117/811 781/1116/810
f 783/1122/812 785/1123/814 786/1124/815
f 786/1125/815 784/1126/813 783/1127/812
f 785/1123/814 787/1128/816 788/1129/817
f 788/1129/817 786/1124/815 785/1123/814
f 787/1130/816 789/1131/818 790/1132/819
f 790/1132/819 788/1133/817 787/1130/816
f 789/1131/818 791/1134/820 792/1135/821
f 792/1135/821 790/1132/819 789/1131/818
f 793/1136/822 794/1137/823 792/1135/821
f 792/1138/821 791/1139/820 793/1140/822
s 14
f 795/1141/824 796/1142/825 797/1143/826
f 797/1143/826 794/1137/827 795/1141/824
s 15
f 796/1144/828 798/1145/829 799/1146/828
s 16
f 799/1146/830 797/1147/831 796/1144/830
s 17
f 800/1148/832 801/1149/833 802/1150/832
s 18
f 802/1150/834 803/1151/835 800/1148/834
s 19
f 804/1152/836 805/1153/837 803/1154/836
s 20
f 803/1154/838 802/1155/839 804/1152/838
s 21
f 806/1156/840 807/1157/841 797/1158/842
f 797/1159/842 799/1160/843 806/1161/840
s 22
f 807/1162/844 808/1163/845 794/1137/846
f 794/1137/846 797/1143/847 807/1162/844
f 808/1164/845 809/1165/848 792/1166/849
f 792/1167/849 794/1168/846 808/1169/845
f 809/1065/848 810/1064/850 790/1132/851
f 790/1132/851 792/1135/849 809/1065/848
f 810/1064/850 811/1063/852 788/1133/853
f 788/1133/853 790/1132/851 810/1064/850
f 811/1170/852 812/1171/854 786/1172/855
f 786/1172/855 788/1173/853 811/1170/852
f 812/1171/854 813/1174/856 784/1175/857
f 784/1175/857 786/1172/855 812/1171/854
f 813/1174/856 814/1176/858 782/1177/859
f 782/1177/859 784/1175/857 813/1174/856
f 814/1178/858 815/1179/860 780/1180/861
f 780/1115/861 782/1181/859 814/1182/858
f 815/1183/860 816/1184/862 778/1110/863
f 778/1110/863 780/1115/861 815/1183/860
f 816/1185/862 817/1186/864 776/1187/865
f 776/1105/865 778/1110/863 816/1184/862
f 817/1188/864 818/1189/866 774/1190/867
f 774/1106/867 776/1105/865 817/1191/864
f 818/1192/866 819/1193/868 772/1194/869
f 772/1194/869 774/1106/867 818/1192/866
f 819/1193/868 820/1195/870 770/1196/871
f 770/1197/871 772/1198/869 819/1199/868
f 820/1200/870 821/1201/872 767/1202/873
f 767/1202/873 770/1203/871 820/1200/870
f 821/1201/872 822/1204/874 768/1205/875
f 768/1206/875 767/1207/873 821/1208/872
f 823/1209/876 824/1210/877 768/1205/875
f 768/1205/875 822/1204/874 823/1209/876
s 12
f 755/1078/784 825/1211/878 764/1091/793
s 1
f 826/1212/879 446/544/447 425/514/426
f 827/1213/880 352/421/353 351/420/352
f 351/1214/352 828/1215/881 827/1216/880
s 23
f 829/1217/882 830/1218/883 445/1219/884
f 445/1220/884 444/1221/885 829/1222/882
f 831/1223/886 829/1222/882 444/1221/885
f 444/1224/885 446/1225/887 831/1226/886
f 832/1227/888 833/1228/889 451/1229/890
f 451/1229/890 450/1230/891 832/1227/888
s 1
f 441/537/442 451/553/452 834/1231/892
f 834/1231/892 442/538/443 441/537/442
f 835/1232/893 430/522/431 836/1233/894
f 359/549/360 449/548/450 430/522/431
f 430/1234/431 416/503/417 359/434/360
f 837/1235/895 838/1236/896 438/530/439
f 438/531/439 437/1237/438 837/1238/895
f 448/546/449 436/528/437 439/1239/440
f 439/532/440 449/548/450 448/1240/449
f 839/1241/897 840/1242/898 841/1243/899
f 842/1244/900 431/1245/432 843/1246/901
f 843/1247/901 844/1248/902 842/1249/900
f 845/1250/903 846/1251/904 847/1252/905
f 838/1253/896 848/1254/906 849/1255/907
f 430/522/431 850/1256/908 836/1233/894
s 24
f 851/1257/909 852/1258/910 853/1259/911
s 1
f 431/523/432 835/1232/893 854/1260/912
f 431/523/432 854/1260/912 855/1261/913
f 856/1262/914 857/1263/915 842/1249/900
f 844/1248/902 856/1262/914 842/1249/900
f 431/523/432 855/1261/913 843/1247/901
f 858/1264/916 859/1265/917 449/548/450
f 860/1266/918 861/1267/919 439/532/440
f 839/1241/897 860/1266/918 439/532/440
f 839/1241/897 439/532/440 840/1242/898
f 856/1262/914 862/1268/920 857/1263/915
f 857/1263/915 863/1269/921 846/1251/904
f 846/1270/904 842/1244/900 857/1271/915
f 439/532/440 438/531/439 840/1242/898
f 861/1267/919 858/1264/916 449/548/450
f 449/548/450 439/532/440 861/1267/919
f 838/1253/896 849/1255/907 864/1272/922
f 864/1272/922 438/531/439 838/1253/896
f 438/530/439 864/1273/922 840/1274/898
f 863/1269/921 847/1252/905 846/1251/904
f 865/1275/923 846/1251/904 845/1250/903
f 865/1275/923 845/1250/903 866/1276/924
f 838/1236/896 865/1277/923 866/1278/924
f 838/1253/896 866/1276/924 848/1254/906
f 427/516/428 432/524/433 435/527/436
f 435/527/436 428/517/429 427/516/428
f 431/523/432 842/1249/900 429/1279/430
f 449/548/450 859/1265/917 850/1256/908
f 431/1245/432 430/1234/431 835/1280/893
f 430/522/431 449/548/450 850/1256/908
f 854/1260/912 835/1232/893 867/1281/925
f 867/1281/925 868/1282/926 854/1260/912
f 835/1232/893 836/1233/894 869/1283/927
f 869/1284/927 867/1285/925 835/1286/893
f 836/1233/894 850/1256/908 870/1287/928
f 870/1287/928 869/1283/927 836/1233/894
f 850/1288/908 859/1289/917 871/1290/929
f 871/1291/929 870/1287/928 850/1256/908
f 859/1265/917 858/1264/916 872/1292/930
f 872/1292/930 871/1291/929 859/1265/917
f 858/1264/916 861/1267/919 873/1293/931
f 873/1294/931 872/1295/930 858/1296/916
f 861/1267/919 860/1266/918 874/1297/932
f 874/1297/932 873/1293/931 861/1267/919
f 860/1266/918 839/1241/897 875/1298/933
f 875/1298/933 874/1297/932 860/1266/918
f 839/1241/897 841/1243/899 876/1299/934
f 876/1299/934 875/1298/933 839/1241/897
f 841/1243/899 840/1242/898 877/1300/935
f 877/1300/935 876/1299/934 841/1243/899
f 840/1242/898 864/1272/922 878/1301/936
f 878/1301/936 877/1300/935 840/1242/898
f 864/1272/922 849/1255/907 879/1302/937
f 879/1302/937 878/1301/936 864/1272/922
f 849/1255/907 848/1254/906 880/1303/938
f 880/1303/938 879/1302/937 849/1255/907
f 848/1254/906 866/1276/924 881/1304/939
f 881/1304/939 880/1303/938 848/1254/906
f 866/1276/924 845/1250/903 882/1305/940
f 882/1305/940 881/1304/939 866/1276/924
f 845/1250/903 847/1252/905 883/1306/941
f 883/1306/941 882/1305/940 845/1250/903
f 847/1252/905 863/1269/921 884/1307/942
f 884/1307/942 883/1306/941 847/1252/905
f 863/1269/921 857/1263/915 885/1308/943
f 885/1308/943 884/1307/942 863/1269/921
f 857/1263/915 862/1268/920 886/1309/944
f 886/1309/944 885/1308/943 857/1263/915
f 862/1268/920 856/1262/914 887/1310/945
f 887/1310/945 886/1309/944 862/1268/920
f 856/1262/914 844/1248/902 888/1311/946
f 888/1311/946 887/1310/945 856/1262/914
f 844/1248/902 843/1247/901 889/1312/947
f 889/1312/947 888/1311/946 844/1248/902
f 843/1247/901 855/1261/913 890/1313/948
f 890/1313/948 889/1312/947 843/1247/901
f 855/1261/913 854/1260/912 868/1282/926
f 868/1282/926 890/1313/948 855/1261/913
s 25
f 868/1314/949 867/1315/950 891/1316/951
f 891/1316/951 892/1317/952 868/1314/949
f 867/1318/950 869/1319/953 893/1320/954
f 893/1320/954 891/1321/951 867/1318/950
f 869/1319/953 870/1322/955 894/1323/956
f 894/1323/956 893/1320/954 869/1319/953
f 870/1322/955 871/1324/957 895/1325/958
f 895/1325/958 894/1323/956 870/1322/955
f 871/1324/957 872/1326/959 896/1327/960
f 896/1327/960 895/1325/958 871/1324/957
f 872/1328/959 873/1329/961 897/1330/962
f 897/1330/962 896/1331/960 872/1328/959
f 873/1294/961 874/1332/963 898/1333/964
f 898/1334/964 897/1330/962 873/1329/961
f 874/1332/963 875/1335/965 899/1336/966
f 899/1336/966 898/1333/964 874/1332/963
f 875/1335/965 876/1337/967 900/1338/968
f 900/1339/968 899/1340/966 875/1341/965
s 26
f 876/1337/969 877/1342/970 901/1343/971
f 901/1344/971 900/1345/972 876/1346/969
f 877/1342/970 878/1347/973 902/1348/974
f 902/1348/974 901/1343/971 877/1342/970
f 878/1347/973 879/1349/975 853/1350/976
f 853/1350/976 902/1348/974 878/1347/973
f 879/1349/975 880/1351/977 851/1352/978
f 851/1353/978 853/1354/976 879/1355/975
f 880/1351/977 881/1356/979 903/1357/980
f 903/1357/980 851/1352/978 880/1351/977
f 881/1358/979 882/1359/981 904/1360/982
f 904/1361/982 903/1357/980 881/1356/979
f 882/1362/981 883/1363/983 905/1364/984
f 905/1365/984 904/1361/982 882/1366/981
f 883/1363/983 884/1367/985 906/1368/986
f 906/1368/986 905/1364/984 883/1363/983
f 884/1369/985 885/1370/987 907/1371/988
f 907/1371/988 906/1372/986 884/1369/985
f 885/1373/987 886/1374/989 908/1375/990
f 908/1375/990 907/1376/988 885/1373/987
s 25
f 886/1377/991 887/1378/992 909/1379/993
f 909/1379/993 908/1380/994 886/1377/991
f 887/1381/992 888/1382/995 910/1383/996
f 910/1384/996 909/1385/993 887/1386/992
f 888/1387/995 889/1388/997 911/1389/998
f 911/1390/998 910/1391/996 888/1392/995
f 889/1393/997 890/1394/999 912/1395/1000
f 912/1395/1000 911/1396/998 889/1393/997
f 890/1394/999 868/1314/949 892/1317/952
f 892/1317/952 912/1395/1000 890/1394/999
s 24
f 904/1397/1001 913/1398/1002 914/1399/1003
f 914/1399/1003 903/1400/1004 904/1397/1001
f 851/1257/909 903/1400/1004 914/1399/1003
f 914/1399/1003 852/1258/910 851/1257/909
f 904/1401/1001 905/1402/1005 913/1403/1002
f 907/1404/1006 908/1405/1007 913/1398/1002
f 905/1406/1005 906/1407/1008 913/1398/1002
f 906/1407/1008 907/1404/1006 913/1398/1002
f 852/1258/910 900/1345/1009 901/1344/1010
f 852/1258/910 902/1408/1011 853/1259/911
f 852/1258/910 901/1344/1010 902/1408/1011
s 23
f 915/1409/1012 398/1410/1013 397/1411/1014
f 397/1411/1014 916/1412/1015 915/1409/1012
s 5
f 917/1413/1016 918/1414/1017 615/879/634
f 615/879/634 614/878/633 917/1413/1016
s 4
f 631/901/653 919/1415/1018 613/877/632
f 613/877/632 632/902/654 631/901/653
s 1
f 136/1416/136 235/290/236 238/289/239
f 238/289/239 137/1417/137 136/1416/136
s 4
f 613/877/632 920/1418/1019 611/875/630
f 919/1419/1018 921/1420/1020 922/1421/1021
f 922/1422/1021 613/877/632 919/1415/1018
f 613/877/632 612/876/631 632/902/654
f 632/902/654 923/1423/1022 608/872/627
f 608/872/627 924/1424/1023 609/873/628
f 652/922/674 925/1425/1024 926/1426/1025
f 926/1426/1025 927/1427/1026 652/922/674
f 608/872/627 928/1428/1027 924/1424/1023
f 924/1424/1023 929/1429/1028 609/873/628
f 632/902/654 930/1430/1029 923/1423/1022
f 923/1423/1022 928/1428/1027 608/872/627
f 612/876/631 930/1430/1029 632/902/654
s 1
f 614/882/1030 139/141/139 138/140/138
f 138/140/138 479/1431/488 614/882/1030
s 5
f 192/203/1031 931/1432/1031 621/889/643
f 621/889/643 189/204/642 192/203/1031
s 1
f 246/1433/247 250/1434/251 467/1435/468
f 467/1435/468 209/232/233 246/1433/247
s 6
f 634/904/656 932/1436/1032 659/1437/688
f 659/1437/688 635/905/657 634/904/656
f 933/1438/1033 659/1439/688 658/1440/687
f 658/1440/687 934/1441/1034 933/1438/1033
f 933/1442/1033 935/1443/1035 635/905/657
f 635/905/657 659/1437/688 933/1442/1033
f 935/1443/1035 936/1444/1036 636/906/658
f 636/906/658 635/905/657 935/1443/1035
f 636/906/658 936/1444/1036 937/1445/648
f 937/1445/648 626/896/648 636/906/658
f 938/1446/1037 628/898/650 643/913/665
f 643/913/665 642/912/664 938/1446/1037
f 628/898/650 938/1446/1037 644/914/666
f 644/914/666 629/899/651 628/898/650
f 643/913/665 645/915/667 939/1447/1038
f 939/1447/1038 640/910/662 643/913/665
s 7
f 621/933/685 931/1448/1039 657/934/686
s 6
f 659/1437/688 932/1436/1032 660/1449/1040
s 1
f 623/1450/1041 940/1451/1042 190/1452/190
f 190/200/190 189/199/189 623/1453/1041
s 7
f 615/924/676 918/1454/1043 655/929/681
f 655/929/681 653/925/677 615/924/676
s 4
f 613/877/632 922/1422/1021 920/1418/1019
s 1
f 73/652/73 159/679/159 101/678/518
f 101/101/518 100/100/506 73/73/73
f 501/672/513 500/671/512 123/123/123
f 123/697/123 122/127/122 501/1455/513
f 508/694/521 295/353/296 312/1456/313
f 312/372/313 311/371/312 508/685/521
f 79/1457/79 77/656/77 460/655/461
f 460/655/461 459/565/460 79/1457/79
f 103/1458/103 187/1459/187 495/654/1044
f 495/654/1044 100/653/100 103/1458/103
f 187/1459/187 185/563/185 460/655/461
f 460/655/461 495/654/1044 187/1459/187
f 11/11/11 10/10/10 496/1460/508
f 496/657/508 459/565/460 11/564/11
f 25/703/25 24/1461/24 498/665/510
f 498/665/510 497/664/509 25/703/25
f 24/24/24 35/35/35 499/1462/511
f 499/666/511 498/665/510 24/1461/24
f 133/1463/133 132/1464/132 503/674/515
f 503/700/515 502/681/514 133/135/133
f 155/163/155 102/102/102 101/101/101
f 101/678/101 505/677/517 155/1465/155
f 125/1466/125 133/1463/133 502/673/514
f 502/673/514 122/122/122 125/1466/125
f 310/1467/311 267/323/268 506/1468/519
f 506/683/519 311/371/312 310/370/311
f 518/1469/531 309/1470/310 312/1456/313
f 312/372/313 509/686/522 518/708/531
f 511/1471/524 941/1472/1045 519/1473/532
f 519/709/532 512/691/525 511/1474/524
f 266/1475/267 124/124/124 123/123/123
f 123/123/123 513/699/526 266/1475/267
f 132/1464/132 155/1465/155 505/677/517
f 505/677/517 503/674/515 132/1464/132
f 82/663/82 80/658/80 496/657/508
f 496/657/508 497/664/509 82/663/82
f 509/686/522 294/687/295 313/692/314
f 313/692/314 512/691/525 509/686/522
f 137/1417/137 477/675/486 138/1476/138
f 501/1455/513 504/682/516 238/1477/239
f 238/1477/239 237/287/238 501/1455/513
f 508/685/521 507/684/520 265/321/266
f 265/321/266 314/375/315 508/685/521
f 514/698/527 500/671/512 362/437/363
f 362/669/363 262/1478/263 514/1479/527
f 236/1480/237 361/436/362 362/437/363
f 362/669/363 237/287/238 236/286/237
f 504/682/516 477/620/486 137/1481/137
f 137/1481/137 238/1477/239 504/682/516
f 175/623/175 161/169/161 481/625/490
f 481/625/490 176/1482/176 175/623/175
f 190/200/190 232/278/232 191/201/191
f 478/1483/487 917/1484/1046 614/1485/1030
f 614/1485/1030 479/1486/488 478/1483/487
f 175/183/175 174/182/174 617/1487/1047
f 617/1487/1047 480/1488/489 175/183/175
f 138/619/138 157/165/157 479/622/488
f 481/625/490 232/626/232 190/1489/190
f 190/1489/190 940/1490/1042 481/625/490
f 202/223/202 205/277/205 230/573/230
f 230/573/230 203/224/203 202/223/202
f 201/222/201 465/1491/466 231/275/231
f 231/275/231 202/223/202 201/222/201
f 246/1492/247 245/302/246 251/305/252
f 251/306/252 250/1434/251 246/1433/247
f 942/1493/1048 943/1494/1049 273/585/274
f 273/585/274 272/1495/273 942/1493/1048
f 365/440/366 944/1496/1050 945/1497/1051
f 945/1497/1051 366/441/367 365/440/366
f 366/441/367 945/1497/1051 204/225/204
f 204/225/204 203/224/203 366/441/367
f 245/302/246 206/276/206 231/275/231
f 231/275/231 251/305/252 245/302/246
f 273/585/274 943/1494/1049 944/1496/1050
f 944/1496/1050 365/440/366 273/585/274
f 321/841/322 942/1493/1048 272/1495/273
f 250/304/251 249/303/250 946/1498/1052
f 946/1498/1052 467/584/468 250/304/251
f 192/203/192 191/202/191 467/1499/468
f 467/1499/468 946/1500/1052 192/203/1053
s 6
f 937/1445/648 947/1501/1054 624/894/646
f 624/894/646 626/896/648 937/1445/648
f 947/1501/1054 630/900/652 629/899/651
f 629/899/651 624/894/646 947/1501/1054
s 4
f 652/922/674 927/1427/1026 650/920/672
s 1
f 314/375/315 948/1502/1055 591/854/608
f 948/1502/1055 949/1503/1056 596/1504/613
f 596/1504/613 591/854/608 948/1502/1055
f 950/1505/1057 951/1506/1058 606/866/623
f 606/866/623 605/865/622 950/1505/1057
s 4
f 652/922/674 662/939/691 925/1425/1024
f 925/1425/1024 662/939/691 609/873/628
f 925/1425/1024 609/873/628 929/1429/1028
f 648/918/670 925/1425/1024 929/1429/1028
f 648/918/670 929/1429/1028 649/919/671
s 1
f 590/845/607 587/1507/604 321/383/322
f 321/383/322 318/380/319 590/845/607
f 587/1507/604 590/845/607 595/850/612
f 595/850/612 592/1508/609 587/1507/604
f 604/864/621 603/863/620 600/1509/617
f 600/859/617 599/858/616 604/1510/621
s 6
f 665/942/694 641/911/663 640/910/662
f 665/942/694 640/910/662 666/943/695
f 664/941/693 640/910/662 639/909/661
f 640/910/662 939/1447/1038 952/1511/1059
f 952/1511/1059 639/909/661 640/910/662
f 639/909/661 952/1511/1059 637/907/659
s 1
f 264/320/265 314/375/315 265/321/266
f 506/683/519 513/699/526 514/698/527
f 514/1479/527 507/1512/520 506/1468/519
s 4
f 662/939/691 652/922/674 651/921/673
f 651/921/673 661/938/690 662/939/691
s 1
f 267/1513/268 266/1475/267 513/699/526
f 513/699/526 506/683/519 267/1513/268
f 507/1512/520 514/1479/527 262/1478/263
f 262/318/263 265/321/266 507/684/520
f 267/323/268 310/1467/311 953/1514/1060
f 953/1514/1060 268/324/269 267/323/268
f 531/1515/544 526/716/539 529/1516/542
f 529/720/542 530/722/543 531/723/544
s 6
f 666/943/695 640/910/662 664/941/693
s 1
f 595/850/612 604/1517/621 599/1518/616
f 599/1518/616 592/1508/609 595/850/612
f 594/849/611 601/1519/618 604/1517/621
f 604/1517/621 595/850/612 594/849/611
f 949/1503/1056 950/1520/1057 605/1521/622
f 605/1521/622 596/1504/613 949/1503/1056
s 4
f 647/917/669 926/1426/1025 925/1425/1024
f 925/1425/1024 648/918/670 647/917/669
s 1
f 596/851/613 605/1522/622 601/1519/618
f 601/1523/618 594/852/611 596/1504/613
f 592/847/609 599/858/616 598/1524/615
f 598/1524/615 593/848/610 592/847/609
s 6
f 666/943/695 664/941/693 663/940/692
f 663/940/692 667/944/696 666/943/695
s 1
f 253/753/254 550/752/563 549/1525/562
f 549/750/562 254/310/255 253/309/254
f 256/312/257 552/1526/565 551/1527/564
f 551/755/564 257/754/258 256/757/257
f 258/1528/259 554/763/567 553/759/566
f 553/1529/566 259/315/260 258/314/259
f 260/316/261 536/733/549 555/1530/568
f 555/762/568 261/761/262 260/1531/261
f 286/734/287 117/117/117 287/1532/288
f 287/1532/288 117/117/117 534/1055/547
f 260/316/261 118/118/118 117/117/117
f 117/117/117 286/734/287 260/316/261
f 253/309/254 110/110/110 109/109/109
f 109/109/109 257/313/258 253/309/254
f 256/312/257 255/311/256 259/315/260
f 258/314/259 114/114/114 113/113/113
f 113/113/113 261/317/262 258/314/259
f 260/1531/261 153/160/153 152/801/152
f 260/316/261 152/158/152 568/1533/591
f 534/1055/547 117/117/117 743/1058/772
f 743/1058/772 117/117/117 121/121/121
f 743/1058/772 121/121/121 363/438/364
f 743/1058/772 363/438/364 532/730/545
f 532/730/545 363/438/364 528/718/541
f 528/718/541 363/438/364 269/325/270
f 269/325/270 529/1516/542 528/718/541
f 529/1516/542 269/325/270 268/324/269
f 268/324/269 953/1514/1060 530/1534/543
f 530/1534/543 529/1516/542 268/324/269
f 530/1534/543 953/1514/1060 522/1535/535
f 522/1535/535 953/1514/1060 523/1536/536
f 523/1536/536 953/1514/1060 310/1467/311
f 310/1467/311 309/1470/310 523/1536/536
f 523/1536/536 309/1470/310 525/724/538
f 525/724/538 309/1470/310 291/725/292
f 291/725/292 518/1469/531 292/366/293
f 292/350/293 518/708/531 519/709/532
f 519/1537/532 308/367/309 292/366/293
f 519/709/532 941/1538/1045 517/707/530
f 517/707/530 308/706/309 519/709/532
f 291/725/292 309/1470/310 518/1469/531
f 260/316/261 568/1533/591 118/118/118
f 568/1533/591 566/1539/1061 119/119/119
f 119/1540/119 118/1541/118 568/800/591
f 566/1542/1061 565/1543/1062 284/1544/285
f 284/342/285 119/119/119 566/1539/1061
f 284/342/285 565/1545/1062 761/1546/1063
f 761/1546/1063 738/1046/767 284/342/285
f 761/1547/1063 954/1548/1064 741/1052/770
f 741/1052/770 738/1051/767 761/1547/1063
s 13
f 793/1549/822 795/1550/1065 794/1551/823
s 1
f 568/1552/581 556/803/569 567/786/580
f 567/786/580 556/803/569 234/765/235
f 567/787/580 234/283/235 144/148/144
f 144/153/144 564/783/577 567/786/580
f 564/783/577 144/153/144 147/152/147
f 564/783/577 147/152/147 577/808/593
f 577/808/593 762/1553/791 564/783/577
f 564/783/577 762/1553/791 760/1083/789
f 763/1089/792 954/1554/1066 761/1085/790
f 761/1085/790 760/1090/789 763/1089/792
f 463/570/464 188/198/188 489/642/500
f 489/642/500 188/198/188 579/815/596
f 453/557/454 43/43/43 955/1555/1067
f 493/1556/504 956/1557/1068 957/1558/1069
f 957/1558/1069 494/826/505 493/1556/504
f 484/638/495 958/1559/1070 959/1560/1071
f 959/1560/1071 578/818/595 484/638/495
f 178/188/178 960/1561/1072 961/1562/1073
f 961/1563/1073 184/1564/184 178/1565/178
f 462/1566/463 962/1567/1074 963/1568/1075
f 963/1568/1075 179/1569/179 462/1566/463
f 7/1570/7 964/1571/1076 956/1557/1068
f 956/1557/1068 493/1556/504 7/1570/7
f 179/1569/179 963/1568/1075 960/1572/1072
f 960/1572/1072 178/1565/178 179/1569/179
f 6/1573/6 965/1574/1077 964/1571/1076
f 964/1571/1076 7/1570/7 6/1573/6
f 491/645/502 966/1575/1078 967/1576/1079
f 967/1576/1079 492/1577/503 491/645/502
f 492/1577/503 967/1576/1079 968/1578/1080
f 968/1579/1080 461/1580/462 492/1581/503
f 487/637/498 969/1582/1081 958/1559/1070
f 958/1583/1070 484/633/495 487/1584/498
f 578/1585/595 959/1586/1071 970/1587/1082
f 970/1587/1082 490/1588/501 578/1585/595
f 490/1588/501 970/1587/1082 966/1589/1078
f 966/1575/1078 491/645/502 490/644/501
f 461/1590/462 968/1578/1080 962/1567/1074
f 962/1567/1074 462/1566/463 461/1590/462
f 585/1591/602 971/1592/1083 972/1593/1084
f 972/1594/1084 180/1595/180 585/1596/602
f 180/1595/180 972/1594/1084 973/1597/1085
f 973/1597/1085 181/1598/181 180/1595/180
f 515/1599/528 974/1600/1086 971/1601/1083
f 971/1602/1083 585/1596/602 515/1603/528
f 181/839/181 973/1604/1085 975/1605/1087
f 975/1605/1087 586/840/603 181/839/181
f 586/840/603 975/1605/1087 965/1574/1077
f 965/1574/1077 6/1573/6 586/840/603
f 184/1564/184 961/1563/1073 974/1606/1086
f 974/1607/1086 515/1603/528 184/1608/184
f 494/826/505 957/1558/1069 976/1609/1088
f 976/1610/1088 584/1611/601 494/1612/505
f 584/827/601 976/1609/1088 977/1613/1089
f 977/1613/1089 583/824/600 584/827/601
f 583/1614/600 977/1615/1089 978/1616/1090
f 978/1616/1090 582/1617/599 583/1614/600
f 582/1617/599 978/1616/1090 969/1618/1081
f 969/1618/1081 487/1619/498 582/1617/599
f 5/5/5 493/648/504 494/649/505
s 27
f 979/1620/1091 980/1621/1092 981/1622/1093
f 981/1623/1093 982/1624/1094 979/1625/1091
s 28
f 983/1626/1095 984/1627/1096 985/1628/1097
f 985/1628/1097 986/1629/1098 983/1626/1095
s 27
f 987/1630/1099 988/1631/1100 989/1632/1101
f 989/1632/1101 990/1633/1102 987/1630/1099
f 991/1634/1103 992/1635/1104 993/1636/1105
f 993/1636/1105 994/1637/1106 991/1634/1103
f 980/1638/1092 995/1639/1107 996/1640/1108
f 996/1640/1108 981/1623/1093 980/1638/1092
f 994/1637/1106 993/1636/1105 989/1632/1101
f 989/1632/1101 988/1631/1100 994/1637/1106
f 995/1641/1107 997/1642/1109 998/1643/1110
f 998/1644/1110 996/1640/1108 995/1639/1107
f 999/1645/1111 1000/1646/1112 1001/1647/1113
f 1001/1647/1113 1002/1648/1114 999/1645/1111
f 999/1645/1111 1002/1648/1114 1003/1649/1115
f 1003/1649/1115 1004/1650/1116 999/1645/1111
s 28
f 984/1651/1096 1005/1652/1117 1006/1653/1118
f 1006/1653/1118 985/1654/1097 984/1651/1096
f 1007/1655/1119 983/1626/1095 986/1629/1098
f 986/1656/1098 1008/1657/1119 1007/1658/1119
s 29
f 1009/1659/1120 1007/1655/1120 1008/1660/1120
f 1008/1660/1120 1010/1661/1120 1009/1659/1120
s 27
f 1004/1650/1116 1003/1649/1115 992/1635/1104
f 992/1635/1104 991/1634/1103 1004/1650/1116
f 1011/1662/1121 1012/1663/1122 1013/1664/1123
f 1013/1664/1123 1014/1665/1124 1011/1662/1121
f 1015/1666/1125 1014/1665/1124 1013/1664/1123
f 1013/1667/1123 1016/1668/1126 1015/1669/1125
f 1017/1670/1127 1018/1671/1128 1012/1663/1122
f 1012/1663/1122 1011/1662/1121 1017/1670/1127
f 1019/1672/1129 1015/1669/1125 1016/1668/1126
f 1016/1668/1126 1020/1673/1130 1019/1672/1129
f 1019/1674/1129 1020/1675/1130 998/1644/1110
f 998/1644/1110 997/1676/1109 1019/1674/1129
f 987/1630/1099 990/1633/1102 1018/1677/1128
f 1018/1677/1128 1017/1678/1127 987/1630/1099
f 1021/1679/1131 979/1680/1091 982/1681/1094
f 982/1624/1094 1022/1682/1132 1021/1683/1131
f 1023/1684/1133 1021/1679/1131 1022/1685/1132
f 1022/1682/1132 1024/1686/1134 1023/1687/1133
f 1025/1688/1135 1023/1684/1133 1024/1689/1134
f 1024/1689/1134 1026/1690/1135 1025/1688/1135
s 28
f 1005/1691/1117 1025/1688/1136 1026/1690/1136
f 1026/1690/1136 1006/1692/1118 1005/1691/1117
s 27
f 1027/1693/1137 1028/1694/1138 982/1695/1094
f 982/1695/1094 981/1622/1093 1027/1693/1137
f 992/1635/1104 1029/1696/1139 1030/1697/1140
f 1030/1697/1140 993/1636/1105 992/1635/1104
f 1031/1698/1141 1027/1699/1137 981/1623/1093
f 981/1623/1093 996/1640/1108 1031/1698/1141
f 993/1700/1105 1030/1701/1140 1032/1702/1142
f 1032/1703/1142 989/1632/1101 993/1636/1105
f 1033/1704/1143 1031/1698/1141 996/1640/1108
f 996/1640/1108 998/1644/1110 1033/1704/1143
f 1002/1648/1114 1001/1647/1113 1034/1705/1144
f 1034/1705/1144 1035/1706/1145 1002/1648/1114
f 1003/1707/1115 1036/1708/1146 1029/1709/1139
f 1029/1709/1139 992/1710/1104 1003/1707/1115
f 1028/1711/1138 1037/1712/1147 1022/1682/1132
f 1022/1682/1132 982/1624/1094 1028/1711/1138
f 1012/1713/1122 1038/1714/1148 1039/1715/1149
f 1039/1715/1149 1013/1716/1123 1012/1713/1122
f 1039/1717/1149 1040/1718/1150 1016/1719/1126
f 1016/1720/1126 1013/1716/1123 1039/1715/1149
f 1018/1721/1128 1041/1722/1151 1038/1714/1148
f 1038/1714/1148 1012/1713/1122 1018/1721/1128
f 1040/1723/1150 1033/1704/1143 1020/1675/1130
f 1020/1675/1130 1016/1724/1126 1040/1723/1150
f 990/1725/1102 1032/1702/1142 1041/1726/1151
f 1041/1722/1151 1018/1721/1128 990/1727/1102
f 1020/1675/1130 1033/1704/1143 998/1644/1110
f 989/1728/1101 1032/1702/1142 990/1725/1102
f 1022/1682/1132 1037/1712/1147 1042/1729/1152
f 1042/1729/1152 1024/1686/1134 1022/1682/1132
f 1043/1730/1153 1031/1698/1141 1033/1704/1143
f 1033/1704/1143 1040/1723/1150 1043/1730/1153
f 1044/1731/1154 1043/1732/1153 1040/1718/1150
f 1040/1718/1150 1039/1717/1149 1044/1731/1154
f 1045/1733/1155 1044/1734/1154 1039/1715/1149
f 1039/1715/1149 1038/1714/1148 1045/1733/1155
f 1046/1735/1156 1045/1736/1155 1038/1737/1148
f 1038/1714/1148 1041/1722/1151 1046/1738/1156
f 1030/1701/1140 1046/1739/1156 1041/1726/1151
f 1041/1740/1151 1032/1703/1142 1030/1697/1140
f 1047/1741/1157 1027/1699/1137 1031/1698/1141
f 1031/1698/1141 1043/1730/1153 1047/1741/1157
f 1048/1742/1158 1047/1743/1157 1043/1732/1153
f 1043/1732/1153 1044/1731/1154 1048/1742/1158
f 1049/1744/1159 1048/1745/1158 1044/1734/1154
f 1044/1734/1154 1045/1733/1155 1049/1744/1159
f 1050/1746/1160 1049/1747/1159 1045/1736/1155
f 1045/1733/1155 1046/1738/1156 1050/1748/1160
f 1029/1749/1139 1050/1746/1160 1046/1735/1156
f 1046/1750/1156 1030/1697/1140 1029/1696/1139
f 1051/1751/1161 1028/1694/1138 1027/1693/1137
f 1027/1699/1137 1047/1741/1157 1051/1752/1161
f 1052/1753/1162 1051/1754/1161 1047/1743/1157
f 1047/1743/1157 1048/1742/1158 1052/1753/1162
f 1053/1755/1163 1052/1756/1162 1048/1745/1158
f 1048/1742/1158 1049/1747/1159 1053/1757/1163
f 1054/1758/1164 1053/1757/1163 1049/1747/1159
f 1049/1747/1159 1050/1746/1160 1054/1758/1164
f 1036/1759/1146 1054/1760/1164 1050/1761/1160
f 1050/1746/1160 1029/1749/1139 1036/1762/1146
f 1051/1752/1161 1055/1763/1165 1037/1712/1147
f 1037/1712/1147 1028/1711/1138 1051/1752/1161
f 1052/1753/1162 1056/1764/1166 1055/1765/1165
f 1055/1765/1165 1051/1754/1161 1052/1753/1162
f 1053/1757/1163 1057/1766/1167 1056/1764/1166
f 1056/1764/1166 1052/1753/1162 1053/1757/1163
f 1054/1758/1164 1058/1767/1168 1057/1766/1167
f 1057/1766/1167 1053/1757/1163 1054/1758/1164
f 1054/1760/1164 1036/1759/1146 1035/1706/1145
f 1035/1706/1145 1058/1768/1169 1054/1760/1164
f 1036/1708/1146 1003/1707/1115 1002/1769/1114
f 1002/1769/1114 1035/1770/1145 1036/1708/1146
f 1059/1771/1170 1042/1729/1152 1037/1712/1147
f 1037/1712/1147 1055/1763/1165 1059/1771/1170
f 1060/1772/1171 1059/1773/1170 1055/1765/1165
f 1055/1765/1165 1056/1764/1166 1060/1772/1171
f 1057/1766/1167 1061/1774/1172 1060/1772/1171
f 1060/1772/1171 1056/1764/1166 1057/1766/1167
f 1058/1767/1168 1062/1775/1173 1061/1774/1172
f 1061/1774/1172 1057/1766/1167 1058/1767/1168
f 1034/1705/1144 1062/1776/1174 1058/1768/1169
f 1058/1768/1169 1035/1706/1145 1034/1705/1144
f 1063/1777/1175 1064/1778/1176 1024/1686/1134
f 1024/1686/1134 1042/1729/1152 1063/1777/1175
f 1065/1779/1177 1063/1777/1175 1042/1729/1152
f 1042/1729/1152 1059/1771/1170 1065/1779/1177
f 1066/1780/1178 1065/1781/1179 1059/1773/1170
f 1059/1773/1170 1060/1772/1171 1066/1780/1178
f 1067/1782/1180 1066/1780/1178 1060/1772/1171
f 1060/1772/1171 1061/1774/1172 1067/1782/1180
f 1068/1783/1181 1067/1782/1180 1061/1774/1172
f 1061/1774/1172 1062/1775/1173 1068/1783/1181
f 1069/1784/1182 1068/1785/1183 1062/1776/1174
f 1062/1776/1174 1034/1705/1144 1069/1784/1182
f 1070/1786/1184 1069/1784/1182 1034/1705/1144
f 1034/1705/1144 1001/1647/1113 1070/1786/1184
s 30
f 986/1629/1185 985/1628/1186 1071/1787/1187
f 985/1628/1186 1064/1788/1188 1071/1787/1187
f 1008/1660/1189 986/1629/1185 1071/1787/1187
f 1010/1789/1190 1008/1790/1189 1071/1791/1187
f 1026/1690/1191 1024/1689/1192 1064/1788/1188
f 1006/1692/1193 1026/1690/1191 1064/1788/1188
s 27
f 1064/1778/1176 1063/1777/1175 1072/1792/1194
f 1072/1792/1194 1073/1793/1195 1064/1778/1176
f 1063/1777/1175 1065/1779/1177 1074/1794/1196
f 1074/1794/1196 1072/1792/1194 1063/1777/1175
f 1065/1781/1179 1066/1780/1178 1075/1795/1197
f 1075/1795/1197 1074/1796/1198 1065/1781/1179
f 1066/1780/1178 1067/1782/1180 1076/1797/1199
f 1076/1797/1199 1075/1795/1197 1066/1780/1178
f 1067/1782/1180 1068/1783/1181 1077/1798/1200
f 1077/1798/1200 1076/1797/1199 1067/1782/1180
f 1068/1785/1183 1069/1784/1182 1078/1799/1201
f 1078/1799/1201 1077/1800/1202 1068/1785/1183
f 1069/1784/1182 1070/1786/1184 1079/1801/1203
f 1079/1801/1203 1078/1799/1201 1069/1784/1182
s 30
f 1071/1787/1187 1064/1788/1188 1073/1802/1204
f 1073/1802/1204 1080/1803/1205 1071/1787/1187
s 31
f 1073/1804/1206 1081/1805/1207 1082/1806/1208
f 1081/1807/1207 1083/1808/1209 1082/1809/1208
f 1083/1810/1209 1084/1811/1210 1082/1812/1208
f 1084/1811/1210 1085/1813/1211 1082/1812/1208
f 1085/1813/1211 1086/1814/1212 1082/1812/1208
f 1086/1814/1212 1087/1815/1213 1082/1812/1208
f 1087/1816/1213 1080/1817/1214 1082/1806/1208
s 32
f 1080/1817/1215 1073/1804/1215 1082/1806/1215
s 30
f 985/1818/1186 1006/1819/1193 1064/1820/1188
s 1
f 557/768/570 544/744/557 545/745/558
f 545/745/558 575/1821/589 557/768/570
f 1088/1822/1216 1089/1823/1217 379/1824/380
f 379/1824/380 378/1825/379 1088/1822/1216
f 1090/1826/1218 1091/1827/1219 381/1828/382
f 381/1828/382 468/1829/477 1090/1826/1218
f 1092/1830/1220 1093/1831/1221 383/1832/384
f 383/1832/384 475/1833/484 1092/1830/1220
f 1094/1834/1222 1095/1835/1223 385/1836/386
f 385/1836/386 470/1837/479 1094/1834/1222
f 1096/1838/1224 1097/1839/1225 388/1840/389
f 388/1840/389 471/1841/480 1096/1838/1224
f 1098/1842/1226 1099/1843/1227 391/1844/392
f 391/1844/392 472/1845/481 1098/1842/1226
f 1100/1846/1228 1101/1847/1229 394/1848/395
f 394/1848/395 474/1849/483 1100/1846/1228
f 1102/1850/1230 1103/1851/1231 402/1852/403
f 402/1853/403 469/1854/478 1102/1855/1230
f 405/490/406 1104/1856/1232 1105/1857/1233
f 1105/1857/1233 406/491/407 405/490/406
f 1091/1827/1219 1088/1822/1216 378/1825/379
f 378/1825/379 381/1828/382 1091/1827/1219
f 1093/1831/1221 1090/1826/1218 468/1829/477
f 468/1829/477 383/1832/384 1093/1831/1221
f 1095/1835/1223 1102/1850/1230 469/1858/478
f 469/1858/478 385/1836/386 1095/1835/1223
f 1097/1859/1225 1094/1834/1222 470/1837/479
f 470/1860/479 388/1840/389 1097/1839/1225
f 1099/1843/1227 1096/1838/1224 471/1841/480
f 471/1861/480 391/1862/392 1099/1863/1227
f 1101/1864/1229 1098/1865/1226 472/1866/481
f 472/1867/481 394/1868/395 1101/1869/1229
f 1106/1870/1234 1100/1871/1228 474/1872/483
f 474/1872/483 473/1873/482 1106/1870/1234
f 1103/1851/1231 1092/1830/1220 475/1833/484
f 475/1833/484 402/1852/403 1103/1851/1231
f 379/1824/380 1089/1823/1217 1104/1856/1232
f 1104/1856/1232 405/490/406 379/1824/380
f 406/491/407 1105/1857/1233 1107/1874/1235
f 1107/1874/1235 476/618/485 406/491/407
f 397/482/398 399/484/400 1108/1875/1236
f 1108/1875/1236 1109/1876/1237 397/482/398
s 23
f 1110/1877/1238 1106/1870/1239 1111/1878/1240
f 1111/1879/1240 1112/1880/1241 1110/1881/1238
f 1113/1882/1242 1089/1883/1243 1088/1884/1244
f 1088/1884/1244 1114/1885/1245 1113/1882/1242
f 1115/1886/1246 1091/1887/1247 1090/1888/1248
f 1090/1889/1248 1116/1890/1249 1115/1891/1246
f 1117/1892/1250 1093/1831/1251 1092/1830/1252
f 1092/1830/1252 1118/1893/1253 1117/1892/1250
f 1119/1894/1254 1095/1835/1255 1094/1834/1256
f 1094/1834/1256 1120/1895/1257 1119/1894/1254
f 1121/1896/1258 1097/1859/1259 1096/1897/1260
f 1096/1897/1260 1122/1898/1261 1121/1896/1258
f 1123/1899/1262 1099/1900/1263 1098/1865/1264
f 1098/1865/1264 1124/1901/1265 1123/1899/1262
f 1125/1902/1266 1101/1864/1267 1100/1871/1268
f 1100/1871/1268 1126/1903/1269 1125/1902/1266
f 1127/1904/1270 1103/1851/1271 1102/1850/1272
f 1102/1850/1272 1128/1905/1273 1127/1904/1270
f 1129/1906/1274 1105/1907/1275 1104/1908/1276
f 1104/1908/1276 1130/1909/1277 1129/1906/1274
f 1114/1885/1245 1088/1884/1244 1091/1887/1247
f 1091/1887/1247 1115/1886/1246 1114/1885/1245
f 1116/1910/1249 1090/1911/1248 1093/1912/1251
f 1093/1831/1251 1117/1892/1250 1116/1913/1249
f 1128/1905/1273 1102/1850/1272 1095/1835/1255
f 1095/1835/1255 1119/1894/1254 1128/1905/1273
f 1120/1895/1257 1094/1834/1256 1097/1859/1259
f 1097/1859/1259 1121/1896/1258 1120/1895/1257
f 1122/1898/1261 1096/1897/1260 1099/1900/1263
f 1099/1900/1263 1123/1899/1262 1122/1898/1261
f 1124/1901/1265 1098/1865/1264 1101/1864/1267
f 1101/1864/1267 1125/1902/1266 1124/1901/1265
f 1126/1903/1269 1100/1871/1268 1106/1870/1239
f 1106/1870/1239 1110/1877/1238 1126/1903/1269
f 1118/1893/1253 1092/1830/1252 1103/1851/1271
f 1103/1851/1271 1127/1904/1270 1118/1893/1253
f 1130/1909/1277 1104/1908/1276 1089/1883/1243
f 1089/1883/1243 1113/1882/1242 1130/1909/1277
f 1131/1914/1278 1107/1915/1279 1105/1907/1275
f 1105/1907/1275 1129/1906/1274 1131/1914/1278
s 1
f 342/411/343 471/609/480 388/473/389
f 346/415/347 474/1916/483 394/479/395
f 338/468/339 470/608/479 385/469/386
f 344/413/345 472/1917/481 391/476/392
f 335/402/336 468/605/477 381/460/382
f 339/470/340 469/606/478 402/487/403
f 337/465/338 475/616/484 383/466/384
f 1111/1878/1280 1106/1870/1234 473/1873/482
f 473/1873/482 399/484/400 1111/1878/1280
f 473/613/482 346/615/347 348/1918/349
f 348/1918/349 399/1919/400 473/613/482
f 399/1919/400 348/1918/349 1108/1920/1236
f 827/1921/880 348/417/349 349/418/350
f 349/418/350 410/497/411 827/1921/880
f 827/1921/880 410/497/411 352/1922/353
f 352/1922/353 410/497/411 354/1923/355
f 354/1923/355 410/497/411 409/496/410
f 409/496/410 1132/1924/1281 354/1923/355
f 354/1923/355 1132/1924/1281 356/1925/357
f 356/1926/357 1132/1927/1281 357/1928/358
f 1133/1929/1282 1134/1930/1283 217/244/217
f 217/259/217 227/263/227 1133/1931/1282
s 23
f 1111/1879/1240 398/1932/1013 915/1933/1012
f 915/1933/1012 1112/1880/1241 1111/1879/1240
f 1135/1934/1284 1136/1935/1285 916/1936/1015
s 1
f 398/483/399 1111/1878/1280 399/484/400
f 226/261/226 1137/1937/1286 1133/1938/1282
f 325/1939/326 305/1940/306 377/456/378
f 377/456/378 376/455/377 325/1939/326
f 377/456/378 305/1940/306 306/1941/1287
f 306/1942/1287 380/462/381 377/1943/378
f 380/462/381 306/1942/1287 326/1944/1288
f 326/1944/1288 382/463/383 380/462/381
f 382/463/383 326/1944/1288 274/1945/625
f 274/1945/625 384/467/385 382/463/383
f 371/602/476 464/588/469 387/591/388
f 387/591/388 386/603/387 371/602/476
f 466/589/470 239/592/471 390/595/391
f 390/595/391 389/590/390 466/589/470
f 242/593/472 141/600/473 393/599/394
f 393/599/394 392/594/393 242/593/472
f 140/597/474 163/632/493 396/481/397
f 396/481/397 395/480/396 140/597/474
f 162/630/494 1138/1946/1289 401/1947/402
f 401/1947/402 400/631/401 162/630/494
f 277/870/624 368/601/475 404/1948/405
f 404/489/405 403/488/404 277/867/624
f 1138/1949/1289 1139/1950/1290 409/496/410
f 409/1951/410 401/1947/402 1138/1946/1289
f 389/474/390 341/410/342 387/472/388
f 392/477/393 343/412/344 390/475/391
f 395/480/396 345/414/346 393/478/394
f 386/471/387 340/409/341 404/489/405
f 400/485/401 347/416/348 396/481/397
f 403/488/404 336/403/337 384/467/385
f 1139/1952/1290 1134/1953/1291 1132/1927/1281
f 1132/1924/1281 409/496/410 1139/1950/1290
f 1133/1931/1282 1140/1954/1292 1132/1927/1281
f 1132/1927/1281 1134/1953/1291 1133/1931/1282
f 229/269/229 224/254/224 223/253/223
f 223/1955/223 228/264/228 229/1956/229
f 1137/1957/1286 226/265/226 228/264/228
f 228/267/228 223/1958/223 1137/1937/1286
f 226/265/226 1133/1931/1282 227/263/227
f 827/1959/880 828/1960/881 1109/1876/1237
f 1109/1876/1237 1108/1875/1236 827/1959/880
s 23
f 446/1961/887 826/1962/1293 1135/1934/1284
f 1135/1934/1284 831/1223/886 446/1961/887
s 1
f 348/1918/349 827/1963/880 1108/1920/1236
f 247/299/248 212/236/212 143/146/143
f 143/146/143 142/145/142 247/299/248
f 211/235/211 218/246/218 165/173/165
f 165/173/165 164/172/164 211/235/211
f 1139/1964/1294 1138/1965/1295 214/239/214
f 214/245/214 213/243/213 1139/1966/1294
f 1134/1930/1283 1139/1966/1294 213/243/213
f 213/243/213 217/244/217 1134/1930/1283
f 1138/1967/1295 162/170/162 165/173/165
f 165/173/165 214/245/214 1138/1967/1295
f 219/248/219 466/582/467 464/575/465
f 464/575/465 220/249/220 219/248/219
f 240/1968/241 207/229/207 248/1969/249
f 248/1969/249 241/1970/242 240/1968/241
f 275/331/276 278/1971/279 279/1972/280
f 279/1972/280 276/332/277 275/331/276
f 372/452/373 373/451/374 370/447/371
f 370/447/371 369/446/370 372/452/373
f 248/574/249 247/299/248 142/145/142
f 142/144/142 241/1970/242 248/1969/249
f 373/451/374 221/250/221 220/249/220
f 220/249/220 370/447/371 373/451/374
f 219/248/219 208/251/208 207/228/207
f 207/228/207 240/292/241 219/248/219
f 276/332/277 279/1972/280 372/452/373
f 372/452/373 369/446/370 276/332/277
f 212/236/212 211/235/211 164/172/164
f 164/172/164 143/146/143 212/236/212
f 324/391/325 278/1971/279 275/331/276
f 422/511/423 421/510/422 412/504/413
f 412/499/413 411/498/412 422/1973/423
f 424/513/425 422/511/423 411/1974/412
f 411/498/412 415/502/416 424/1975/425
f 421/510/422 426/515/427 417/505/418
f 417/505/418 412/504/413 421/510/422
f 416/521/417 431/523/432 429/1279/430
f 429/518/430 415/502/416 416/503/417
f 433/525/434 432/524/433 842/1249/900
f 842/1244/900 846/1270/904 433/1976/434
f 450/552/451 418/506/419 417/505/418
f 417/505/418 445/543/446 450/552/451
s 23
f 832/1977/888 450/1978/891 445/1219/884
f 445/1219/884 830/1218/883 832/1977/888
s 1
f 432/524/433 427/516/428 429/1279/430
f 429/518/430 842/1244/900 432/1979/433
s 23
f 834/1980/1296 451/1229/890 833/1228/889
s 1
f 45/45/45 458/562/459 454/558/455
f 454/1981/455 955/1982/1067 43/1983/43
f 44/1984/44 1141/1985/1297 1142/1986/1298
f 1142/1986/1298 452/1987/453 44/1984/44
f 453/1988/454 1143/1989/1299 1141/1985/1297
f 1141/1985/1297 44/1984/44 453/1988/454
f 456/560/457 1144/1990/1300 1145/1991/1301
f 1145/1992/1301 458/1993/459 456/1994/457
f 455/1995/456 1146/1996/1302 1144/1997/1300
f 1144/1990/1300 456/560/457 455/559/456
f 1147/1998/1303 1146/1996/1302 455/1995/456
f 455/1995/456 457/1999/458 1147/1998/1303
f 458/1993/459 1145/1992/1301 1148/2000/1304
f 1148/2000/1304 454/1981/455 458/1993/459
f 35/2001/35 1149/2002/1305 1150/2003/1306
f 1150/2003/1306 499/2004/511 35/2001/35
f 70/70/70 1151/2005/1307 1152/2006/1308
f 1152/2007/1308 69/2008/69 70/2009/70
f 69/2008/69 1152/2007/1308 1153/2010/1309
f 1153/2010/1309 84/2011/84 69/2008/69
f 84/2011/84 1153/2010/1309 1154/2012/1310
f 1154/2012/1310 92/2013/92 84/2011/84
f 92/2013/92 1154/2012/1310 1155/2014/1311
f 1155/2014/1311 172/2015/172 92/2013/92
f 452/1987/453 1142/1986/1298 1149/2016/1305
f 1149/2016/1305 35/2017/35 452/1987/453
f 172/2018/172 1155/2019/1311 1156/2020/1312
f 1156/2021/1312 199/219/199 172/218/172
f 1157/2022/1313 1158/2023/1314 224/254/224
f 224/254/224 229/269/229 1157/2022/1313
f 199/219/199 1156/2021/1312 1157/2022/1313
f 1157/2022/1313 229/269/229 199/219/199
f 1159/2024/1315 1160/2025/1316 447/550/448
f 447/550/448 225/255/225 1159/2024/1315
f 1160/2025/1316 1161/2026/1317 448/1240/449
f 448/1240/449 447/550/448 1160/2025/1316
f 1162/2027/1318 1163/2028/1319 437/1237/438
f 437/1237/438 436/533/437 1162/2027/1318
f 1158/2023/1314 1159/2024/1315 225/255/225
f 225/255/225 224/254/224 1158/2023/1314
f 85/667/85 1164/2029/1320 1151/2030/1307
f 1151/2030/1307 70/2009/70 85/667/85
f 1161/2026/1317 1162/2027/1318 436/533/437
f 436/533/437 448/1240/449 1161/2026/1317
f 499/2031/511 1150/2032/1306 1164/2033/1320
f 1164/2034/1320 85/2035/85 499/2004/511
f 955/1982/1067 1165/2036/1321 1143/1989/1299
f 1143/1989/1299 453/1988/454 955/1982/1067
f 454/2037/455 1148/2038/1304 1165/2039/1321
f 1165/2036/1321 955/1982/1067 454/1981/455
f 1163/2028/1319 1166/2040/1322 837/1238/895
f 837/1238/895 437/1237/438 1163/2028/1319
f 433/2041/434 1167/2042/1323 1168/2043/1324
f 1168/2044/1324 434/2045/435 433/2046/434
f 865/1275/923 1169/2047/1325 1170/2048/1326
f 1170/2049/1326 846/2050/904 865/2051/923
f 837/1238/895 1171/2052/1327 1172/2053/1328
f 1172/2053/1328 838/1253/896 837/1238/895
f 838/1253/896 1172/2053/1328 1169/2047/1325
f 1169/2047/1325 865/1275/923 838/1253/896
f 1171/2054/1327 837/2055/895 1166/2056/1322
f 1166/2057/1322 1173/2058/1329 1171/2059/1327
f 846/2060/904 1170/2061/1326 1167/2062/1323
f 1167/2063/1323 433/2046/434 846/2050/904
s 33
f 1174/2064/1330 1175/2065/1331 1142/2066/1332
f 1142/2066/1332 1141/2067/1333 1174/2064/1330
f 1176/2068/1334 1174/2064/1330 1141/2067/1333
f 1141/2067/1333 1143/2069/1335 1176/2068/1334
f 1177/2070/1336 1178/2071/1337 1145/2072/1338
f 1145/2072/1338 1144/2073/1339 1177/2070/1336
f 1179/2074/1340 1177/2070/1336 1144/2073/1339
f 1144/2073/1339 1146/2075/1341 1179/2074/1340
f 1180/2076/1342 1179/2074/1340 1146/2075/1341
f 1146/2075/1341 1147/2077/1343 1180/2076/1342
f 1178/2071/1337 1181/2078/1344 1148/2079/1345
f 1148/2079/1345 1145/2072/1338 1178/2071/1337
f 1149/2080/1346 1182/2081/1347 1150/2082/1348
f 1183/2083/1349 1184/2084/1350 1152/2085/1351
f 1152/2085/1351 1151/2086/1352 1183/2083/1349
f 1184/2084/1350 1185/2087/1353 1153/2088/1354
f 1153/2088/1354 1152/2085/1351 1184/2084/1350
f 1185/2087/1353 1186/2089/1355 1154/2090/1356
f 1154/2090/1356 1153/2088/1354 1185/2087/1353
f 1186/2091/1355 1187/2092/1357 1155/2093/1358
f 1155/2094/1358 1154/2090/1356 1186/2089/1355
f 1175/2065/1331 1182/2081/1347 1149/2080/1346
f 1149/2080/1346 1142/2066/1332 1175/2065/1331
f 1187/2092/1357 1188/2095/1359 1156/2096/1360
f 1156/2097/1360 1155/2098/1358 1187/2099/1357
f 1189/2100/1361 1190/2101/1362 1158/2102/1363
f 1158/2102/1363 1157/2103/1364 1189/2100/1361
f 1188/2104/1359 1189/2100/1361 1157/2103/1364
f 1157/2103/1364 1156/2105/1360 1188/2104/1359
f 1191/2106/1365 1192/2107/1366 1160/2108/1367
f 1160/2108/1367 1159/2109/1368 1191/2106/1365
f 1192/2107/1366 1193/2110/1369 1161/2111/1370
f 1161/2111/1370 1160/2108/1367 1192/2107/1366
f 1194/2112/1371 1195/2113/1372 1163/2114/1373
f 1163/2114/1373 1162/2115/1374 1194/2112/1371
f 1190/2101/1362 1191/2116/1365 1159/2117/1368
f 1159/2117/1368 1158/2102/1363 1190/2101/1362
f 1164/2118/1375 1182/2081/1347 1183/2083/1349
f 1183/2083/1349 1151/2086/1352 1164/2118/1375
f 1193/2119/1369 1194/2120/1371 1162/2121/1374
f 1162/2115/1374 1161/2111/1370 1193/2110/1369
f 1150/2082/1348 1182/2081/1347 1164/2118/1375
f 1196/2122/1376 1176/2068/1334 1143/2069/1335
f 1143/2069/1335 1165/2123/1377 1196/2122/1376
f 1181/2078/1344 1196/2122/1376 1165/2123/1377
f 1165/2123/1377 1148/2079/1345 1181/2078/1344
f 1195/2124/1372 1197/2125/1378 1166/2056/1379
f 1166/2126/1379 1163/2114/1373 1195/2113/1372
s 34
f 1197/2125/1380 1198/2127/1381 1173/2128/1382
s 33
f 1173/2129/1383 1166/2130/1379 1197/2131/1378
f 1175/2132/1331 1174/2133/1330 1199/2134/1384
f 1199/2134/1384 1200/2135/1385 1175/2132/1331
f 1174/2133/1330 1176/2136/1334 1201/2137/1386
f 1201/2137/1386 1199/2134/1384 1174/2133/1330
f 1178/2138/1387 1177/2139/1388 1202/2140/1389
f 1202/2140/1389 1203/2141/1390 1178/2138/1387
f 1177/2139/1388 1179/2142/1391 1204/2143/1392
f 1204/2143/1392 1202/2140/1389 1177/2139/1388
f 1179/2142/1391 1180/2144/1393 1205/2145/1394
f 1205/2145/1394 1204/2143/1392 1179/2142/1391
f 1180/2144/1393 1206/2146/1395 1207/2147/1396
f 1207/2147/1396 1205/2145/1394 1180/2144/1393
f 1181/2148/1397 1178/2138/1387 1203/2141/1390
f 1203/2141/1390 1208/2149/1398 1181/2148/1397
f 1184/2150/1350 1183/2151/1349 1209/2152/1399
f 1209/2152/1399 1210/2153/1400 1184/2150/1350
f 1185/2154/1353 1184/2150/1350 1210/2153/1400
f 1210/2153/1400 1211/2155/1401 1185/2154/1353
f 1186/2091/1355 1185/2154/1353 1211/2155/1401
f 1211/2155/1401 1212/2156/1402 1186/2091/1355
f 1187/2092/1357 1186/2091/1355 1212/2156/1402
f 1212/2156/1402 1213/2157/1403 1187/2092/1357
f 1182/2158/1347 1175/2132/1331 1200/2135/1385
f 1200/2135/1385 1214/2159/1404 1182/2158/1347
f 1188/2095/1359 1187/2092/1357 1213/2157/1403
f 1213/2157/1403 1215/2160/1405 1188/2095/1359
f 1190/2161/1362 1189/2162/1361 1216/2163/1406
f 1216/2164/1406 1217/2165/1407 1190/2166/1362
f 1189/2167/1361 1188/2095/1359 1215/2160/1405
f 1215/2160/1405 1216/2168/1406 1189/2167/1361
f 1192/2107/1408 1191/2106/1365 1218/2169/1409
f 1218/2169/1409 1219/2170/1410 1192/2107/1408
f 1193/2110/1411 1192/2107/1408 1219/2170/1410
f 1219/2170/1410 1220/2171/1412 1193/2110/1411
f 1195/2113/1413 1194/2112/1414 1221/2172/1415
f 1221/2172/1415 1222/2173/1416 1195/2113/1413
f 1191/2106/1365 1190/2166/1362 1217/2165/1407
f 1217/2165/1407 1218/2169/1409 1191/2106/1365
f 1183/2151/1349 1182/2158/1347 1214/2159/1404
f 1214/2159/1404 1209/2152/1399 1183/2151/1349
f 1194/2112/1414 1193/2110/1411 1220/2171/1412
f 1220/2171/1412 1221/2172/1415 1194/2112/1414
f 1197/2174/1417 1195/2113/1413 1222/2173/1416
f 1197/2174/1417 1222/2173/1416 1223/2175/1418
f 1197/2174/1417 1223/2175/1418 1224/2176/1419
f 1176/2136/1334 1196/2177/1376 1201/2137/1386
f 1196/2177/1376 1181/2148/1397 1208/2149/1398
f 1208/2149/1398 1201/2137/1386 1196/2177/1376
f 1197/2125/1417 1224/2178/1419 1198/2127/1420
s 1
f 1225/2179/1421 1226/2180/1422 434/2045/435
f 434/2045/435 1168/2044/1324 1225/2179/1421
f 1226/2180/1422 1227/2181/1423 435/2182/436
f 435/2182/436 434/2045/435 1226/2180/1422
f 1227/2181/1423 1228/2183/1424 428/2184/429
f 428/2184/429 435/2182/436 1227/2181/1423
f 1228/2183/1424 1229/2185/1425 423/2186/424
f 423/2186/424 428/2184/429 1228/2183/1424
f 1229/2185/1425 1230/2187/1426 419/2188/420
f 419/2188/420 423/2186/424 1229/2185/1425
f 1230/2187/1426 1231/2189/1427 420/2190/421
f 420/2190/421 419/2188/420 1230/2187/1426
f 1231/2191/1427 1232/2192/1428 425/514/426
f 425/514/426 420/509/421 1231/2191/1427
f 1232/2193/1428 1136/2194/1429 826/2195/879
f 826/2195/879 425/2196/426 1232/2193/1428
s 23
f 826/1962/1293 1136/1935/1285 1135/1934/1284
f 397/1411/1014 1109/2197/1430 1135/2198/1284
f 1135/1934/1284 916/1936/1015 397/2199/1014
f 1109/2200/1430 828/2201/1431 831/1223/886
f 831/1223/886 1135/1934/1284 1109/2200/1430
f 828/2201/1431 351/2202/1432 829/1222/882
f 829/1222/882 831/1223/886 828/2201/1431
f 351/2203/1432 350/2204/1433 830/1218/883
f 830/1218/883 829/1217/882 351/2203/1432
f 830/1218/883 350/2204/1433 353/2205/1434
f 353/2205/1434 832/1977/888 830/1218/883
s 35
f 1233/2206/1435 1168/2207/1436 1167/2208/1437
f 1167/2208/1437 1234/2209/1438 1233/2206/1435
f 1235/2210/1439 1170/2211/1440 1169/2212/1441
f 1169/2212/1441 1236/2213/1442 1235/2210/1439
f 1171/2214/1443 1237/2215/1444 1238/2216/1445
f 1171/2214/1443 1238/2216/1445 1239/2217/1446
f 1171/2214/1443 1239/2217/1446 1172/2218/1447
f 1236/2213/1442 1169/2212/1441 1172/2218/1447
f 1172/2218/1447 1239/2217/1446 1236/2213/1442
f 1240/2219/1448 1237/2215/1444 1171/2214/1443
f 1171/2214/1443 1173/2220/1449 1240/2219/1448
f 1234/2209/1438 1167/2208/1437 1170/2211/1440
f 1170/2211/1440 1235/2210/1439 1234/2209/1438
s 36
f 1225/2179/1450 1241/2221/1451 1242/2222/1452
f 1242/2223/1452 1226/2224/1453 1225/2225/1450
s 35
f 1225/2179/1454 1168/2044/1436 1233/2226/1435
s 37
f 1233/2227/1455 1243/2228/1456 1225/2229/1457
s 36
f 1244/2230/1458 1227/2231/1459 1226/2224/1453
f 1226/2224/1453 1242/2223/1452 1244/2230/1458
f 1245/2232/1460 1228/2233/1461 1227/2231/1459
f 1227/2231/1459 1244/2230/1458 1245/2232/1460
f 1246/2234/1462 1229/2235/1463 1228/2233/1461
f 1228/2233/1461 1245/2232/1460 1246/2234/1462
f 1247/2236/1464 1230/2237/1465 1229/2235/1463
f 1229/2235/1463 1246/2234/1462 1247/2236/1464
f 1248/2238/1466 1231/2239/1467 1230/2240/1465
f 1230/2240/1465 1247/2241/1464 1248/2238/1466
f 1249/2242/1468 1232/2243/1469 1231/2239/1467
f 1231/2239/1467 1248/2238/1466 1249/2242/1468
f 1232/2243/1469 1249/2242/1468 1136/2244/1470
s 1
f 222/252/222 443/2245/444 1137/2246/1286
f 1137/2247/1286 223/2248/223 222/432/222
f 360/2249/361 440/536/441 443/2245/444
f 443/540/444 222/432/222 360/435/361
f 1132/1924/1281 1140/2250/1292 357/429/358
f 357/1928/358 1140/1954/1292 358/2251/359
s 23
f 358/2252/1471 1140/2253/1472 834/1980/1296
s 1
f 834/1231/892 1140/2254/1292 442/538/443
f 1140/2254/1292 1137/2246/1286 443/2245/444
f 443/2245/444 442/538/443 1140/2254/1292
f 1137/1957/1286 1140/1954/1292 1133/1931/1282
f 1250/2255/1473 1251/2256/1474 517/2257/530
f 517/2258/530 941/1472/1045 1250/2259/1473
f 1252/2260/1475 1253/2261/1476 510/2262/523
f 510/693/523 317/2263/318 1252/2264/1475
f 1254/2265/1477 1252/2264/1475 317/2263/318
f 317/2263/318 316/2266/317 1254/2265/1477
f 1255/2267/1478 1254/2265/1477 316/2266/317
f 316/2266/317 319/2268/320 1255/2267/1478
f 1256/2269/1479 1255/2267/1478 319/2268/320
f 319/2268/320 320/382/321 1256/2269/1479
f 323/2270/324 1257/2271/1480 1256/2272/1479
f 1256/2269/1479 320/382/321 323/387/324
f 325/2273/326 1258/2274/1481 1257/2271/1480
f 1257/2271/1480 323/2270/324 325/2273/326
f 1259/2275/1482 1260/2276/1483 375/2277/376
f 375/2277/376 408/2278/409 1259/2275/1482
f 1261/2279/1484 1262/2280/1485 330/2281/331
f 330/2281/331 329/2282/330 1261/2279/1484
f 330/2281/331 1262/2280/1485 1263/2283/1486
f 1263/2283/1486 376/2284/377 330/2281/331
f 1260/2276/1483 1261/2279/1484 329/2282/330
f 329/2282/330 375/2277/376 1260/2276/1483
f 1253/2285/1476 1264/2286/1487 511/2287/524
f 511/1471/524 510/2262/523 1253/2261/1476
f 1264/2288/1487 1250/2259/1473 941/1472/1045
f 941/1472/1045 511/1471/524 1264/2288/1487
f 1251/2289/1474 1265/2290/1488 516/2291/529
f 516/2291/529 517/2258/530 1251/2289/1474
f 376/2284/377 1263/2283/1486 1258/2292/1481
f 1258/2292/1481 325/2293/326 376/2284/377
s 38
f 1250/2294/1489 1266/2295/1490 1251/2296/1491
f 1252/2297/1492 1267/2298/1493 1266/2299/1490
f 1266/2299/1490 1253/2300/1494 1252/2297/1492
f 1267/2298/1493 1252/2297/1492 1254/2301/1495
f 1254/2301/1495 1268/2302/1496 1267/2298/1493
f 1268/2302/1496 1254/2301/1495 1255/2303/1497
f 1255/2303/1497 1269/2304/1498 1268/2302/1496
f 1269/2304/1498 1255/2303/1497 1256/2305/1499
f 1256/2305/1499 1270/2306/1500 1269/2304/1498
f 1270/2306/1500 1256/2305/1499 1257/2307/1501
f 1257/2307/1501 1271/2308/1502 1270/2306/1500
f 1258/2309/1503 1271/2308/1502 1257/2307/1501
f 1272/2310/1504 1260/2311/1505 1259/2312/1506
f 1259/2312/1506 1273/2313/1507 1272/2310/1504
f 1274/2314/1508 1262/2315/1509 1261/2316/1510
f 1261/2316/1510 1275/2317/1511 1274/2314/1508
f 1276/2318/1512 1263/2319/1513 1262/2315/1509
f 1262/2315/1509 1274/2314/1508 1276/2318/1512
f 1275/2317/1511 1261/2316/1510 1260/2311/1505
f 1260/2311/1505 1272/2310/1504 1275/2317/1511
f 1253/2300/1494 1266/2299/1490 1264/2320/1514
s 39
f 1265/2321/1515 1266/2295/1516 1277/2322/1517
s 38
f 1264/2288/1514 1266/2323/1490 1250/2259/1489
f 1251/2296/1491 1266/2295/1490 1265/2321/1518
s 39
f 1277/2322/1517 1266/2295/1516 1278/2324/1519
f 1278/2324/1519 1279/2325/1520 1277/2322/1517
s 38
f 1280/2326/1521 1271/2308/1502 1258/2309/1503
s 1
f 407/2327/408 476/618/485 1281/2328/1522
f 1281/2328/1522 1282/2329/1523 407/2327/408
f 408/2278/409 407/2327/408 1282/2329/1523
f 1282/2329/1523 1283/2330/1524 408/2278/409
f 476/2331/485 1107/2332/1235 1284/2333/1525
f 1284/2333/1525 1281/2334/1522 476/2331/485
s 23
f 1284/2333/1526 1107/2332/1279 1131/2335/1278
f 1131/2335/1278 1285/2336/1527 1284/2333/1526
s 1
f 1286/2337/1528 1259/2338/1482 408/2339/409
f 408/2278/409 1283/2330/1524 1286/2340/1528
s 38
f 1273/2313/1507 1259/2312/1506 1286/2341/1529
f 1286/2341/1529 1287/2342/1530 1273/2313/1507
s 40
f 1288/2343/1531 1289/2344/1532 1290/2345/1533
s 41
f 1290/2345/1533 1291/2346/1534 1288/2343/1535
s 42
f 1282/2347/1536 1281/2348/1537 1292/2349/1538
f 1292/2349/1538 1293/2350/1539 1282/2347/1536
f 1281/2334/1537 1284/2333/1540 1294/2351/1541
f 1294/2351/1541 1292/2352/1538 1281/2334/1537
s 23
f 1284/2353/1526 1285/2354/1527 1295/2355/1542
f 1295/2356/1542 1294/2351/1543 1284/2333/1526
s 43
f 1291/2357/1544 1290/2358/1545 1296/2359/1544
s 44
f 1296/2359/1546 1297/2360/1547 1291/2357/1544
s 45
f 1287/2361/1548 1286/2362/1549 1298/2363/1548
s 46
f 1298/2364/1550 1299/2365/1551 1287/2366/1550
s 42
f 1286/2340/1552 1283/2330/1553 1300/2367/1554
f 1300/2368/1554 1298/2364/1555 1286/2337/1552
f 1283/2369/1553 1282/2347/1536 1293/2350/1539
f 1293/2370/1539 1300/2367/1554 1283/2330/1553
s 40
f 1289/2344/1532 1288/2343/1531 1301/2371/1556
f 1302/2372/1557 1303/2373/1558 1304/2374/1559
f 1302/2372/1557 1304/2374/1559 1305/2375/1560
f 1306/2376/1561 1302/2372/1557 1305/2375/1560
f 1305/2375/1560 1307/2377/1562 1306/2376/1561
f 1308/2378/1563 1309/2379/1564 1306/2376/1561
f 1306/2376/1561 1307/2377/1562 1308/2378/1563
s 38
f 1263/2319/1513 1276/2318/1512 1280/2326/1521
f 1280/2326/1521 1258/2309/1503 1263/2319/1513
s 40
f 1303/2373/1558 1289/2344/1532 1310/2380/1565
f 1310/2380/1565 1304/2374/1559 1303/2373/1558
f 1289/2344/1532 1301/2371/1556 1310/2380/1565
s 11
f 759/1082/788 746/1062/775 745/1061/774
s 40
f 1311/2381/1566 1312/2382/1567 1313/2383/1568
f 1313/2383/1568 1301/2371/1556 1311/2381/1566
f 1288/2343/1531 1311/2381/1566 1301/2371/1556
s 1
f 341/410/342 340/409/341 387/472/388
f 343/412/344 341/410/342 390/475/391
f 345/414/346 343/412/344 393/478/394
f 340/409/341 336/403/337 404/489/405
f 347/416/348 345/414/346 396/481/397
f 336/403/337 334/464/335 384/467/385
f 298/356/299 318/380/319 321/383/322
f 321/383/322 301/386/302 298/356/299
f 320/2384/321 319/381/320 297/355/298
f 297/355/298 300/2385/301 320/2384/321
f 297/355/298 298/356/299 301/386/302
f 301/386/302 300/2385/301 297/355/298
f 323/387/324 320/382/321 299/357/300
s 23
f 353/2386/1434 355/2387/1569 833/1228/889
f 833/1228/889 832/1227/888 353/2386/1434
f 355/2387/1569 358/2252/1471 834/1980/1296
f 834/1980/1296 833/1228/889 355/2387/1569
s 47
f 1314/2388/1570 1315/2389/1571 1316/2390/1572
s 48
f 1316/2391/1573 1317/2392/1574 1297/2393/1575
s 47
f 1314/2388/1570 1316/2390/1572 1297/2360/1575
f 1314/2388/1570 1297/2360/1575 1296/2359/1576
f 1314/2388/1570 1296/2359/1576 1318/2394/1577
s 7
f 619/926/678 655/929/681 918/1454/1043
s 1
f 478/621/487 160/168/160 480/624/489
s 5
f 917/1413/1016 617/883/636 619/886/639
f 619/886/639 918/1414/1017 917/1413/1016
s 1
f 478/2395/487 480/2396/489 617/2397/1047
f 617/1487/1047 917/1484/1046 478/1483/487
s 7
f 622/932/684 656/931/683 620/930/682
s 1
f 176/1482/176 481/625/490 940/1490/1042
f 623/1453/1041 177/2398/177 176/184/176
f 176/184/176 940/2399/1042 623/1453/1041
s 5
f 177/887/640 623/892/645 622/891/644
f 622/891/644 620/888/641 177/887/640
s 2
f 53/53/53 52/52/52 675/957/704
f 675/957/704 1319/2400/1578 53/53/53
s 1
f 111/111/111 110/110/110 1320/2401/1579
f 1320/2401/1579 558/772/571 111/111/111
f 457/561/458 48/48/48 49/49/49
f 49/49/49 1321/2402/1580 457/561/458
s 8
f 1322/2403/1581 695/985/724 694/984/723
f 694/984/723 1323/2404/1582 1322/2403/1581
s 10
f 722/1019/751 721/1018/750 1324/2405/1583
f 1324/2406/1583 1325/2407/1584 722/2408/751
s 12
f 1326/2409/1585 751/1074/780 754/1077/783
f 754/1077/783 1327/2410/1586 1326/2409/1585
s 13
f 765/1092/794 768/1095/797 824/2411/1587
f 824/2411/1587 1328/2412/1588 765/1092/794
s 1
f 110/110/110 254/310/255 548/2413/561
f 548/2413/561 1320/2401/1579 110/110/110
f 1147/1998/1303 457/1999/458 1321/2414/1580
f 1321/2414/1580 1329/2415/1589 1147/1998/1303
s 33
f 1180/2076/1342 1147/2077/1343 1329/2416/1590
f 1329/2416/1590 1206/2417/1591 1180/2076/1342
s 1
f 562/780/575 542/779/555 543/2418/556
f 543/2418/556 1330/2419/1592 562/780/575
f 762/1553/791 1331/2420/773 1332/2421/1593
f 1332/2421/1593 763/2422/792 762/1553/791
f 1333/2423/1594 1334/2424/1595 1335/2425/1596
f 1336/2426/1597 1333/2423/1594 1337/2427/1598
f 1338/2428/1599 1336/2426/1597 1337/2427/1598
f 1337/2427/1598 1339/2429/1600 1338/2428/1599
f 1340/2430/1601 1341/2431/1602 1342/2432/1603
f 1342/2432/1603 1343/2433/1604 1340/2430/1601
f 1344/2434/1605 1334/2424/1595 1336/2426/1597
f 1336/2426/1597 1345/2435/1606 1344/2434/1605
f 1346/2436/1607 1334/2424/1595 1344/2434/1605
f 1344/2434/1605 1347/2437/1608 1346/2436/1607
f 1348/2438/1609 1349/2439/1610 1346/2436/1607
f 1346/2436/1607 1347/2437/1608 1348/2438/1609
f 1350/2440/1611 1351/2441/1612 1349/2439/1610
f 1349/2439/1610 1348/2438/1609 1350/2440/1611
f 20/20/20 1351/2441/1612 1350/2440/1611
f 1350/2440/1611 21/21/21 20/20/20
f 1352/2442/1613 1353/2443/1614 1354/2444/1615
f 1354/2444/1615 1355/2445/1616 1352/2442/1613
f 1356/2446/1617 1357/2447/1618 1358/2448/1619
f 1358/2448/1619 1345/2435/1606 1356/2446/1617
f 1359/2449/1620 1344/2434/1605 1345/2435/1606
f 1345/2435/1606 1358/2448/1619 1359/2449/1620
f 1360/2450/1621 1347/2437/1608 1344/2434/1605
f 1344/2434/1605 1359/2449/1620 1360/2450/1621
f 1361/2451/1622 1348/2438/1609 1347/2437/1608
f 1347/2437/1608 1360/2450/1621 1361/2451/1622
f 1362/2452/1623 1350/2440/1611 1348/2438/1609
f 1348/2438/1609 1361/2451/1622 1362/2452/1623
f 21/21/21 1350/2440/1611 1362/2452/1623
f 1362/2452/1623 33/33/33 21/21/21
f 1355/2445/1616 1354/2444/1615 1363/2453/1624
f 1363/2453/1624 1364/2454/1625 1355/2445/1616
f 1365/2455/1626 1358/2448/1619 1357/2447/1618
f 1357/2447/1618 1366/2456/1627 1365/2455/1626
f 1359/2449/1620 1358/2448/1619 1365/2455/1626
f 1365/2455/1626 1367/2457/1628 1359/2449/1620
f 1368/2458/1629 1361/2451/1622 1360/2450/1621
f 1360/2450/1621 1369/2459/1630 1368/2458/1629
f 1370/2460/1631 1362/2452/1623 1361/2451/1622
f 1361/2451/1622 1368/2458/1629 1370/2460/1631
f 33/33/33 1362/2452/1623 1370/2460/1631
f 1370/2460/1631 42/42/42 33/33/33
f 1365/2455/1626 1366/2456/1627 1371/2461/1632
f 1371/2461/1632 1372/2462/1633 1365/2455/1626
f 1367/2457/1628 1365/2455/1626 1372/2462/1633
f 1372/2462/1633 1373/2463/1634 1367/2457/1628
f 1368/2458/1629 1369/2459/1630 1374/2464/1635
f 1374/2464/1635 1375/2465/1636 1368/2458/1629
f 1370/2460/1631 1368/2458/1629 1375/2465/1636
f 1375/2465/1636 1376/2466/1637 1370/2460/1631
f 42/42/42 1370/2460/1631 1376/2466/1637
f 1376/2466/1637 49/49/49 42/42/42
s 2
f 1377/2467/1638 1378/2468/1639 1379/2469/1640
f 1379/2469/1640 1380/2470/1641 1377/2467/1638
f 1381/2471/1642 1377/2467/1638 1380/2470/1641
f 1380/2470/1641 1382/2472/1643 1381/2471/1642
s 1
f 1369/2459/1630 1360/2450/1621 1359/2449/1620
f 1359/2449/1620 1367/2457/1628 1369/2459/1630
f 1369/2459/1630 1367/2457/1628 1373/2463/1634
f 1373/2463/1634 1374/2464/1635 1369/2459/1630
f 1383/2473/1644 1384/2474/1645 1385/2475/1646
f 1385/2475/1646 1386/2476/1647 1383/2473/1644
f 1387/2477/1648 1388/2478/1649 1389/2479/1650
f 1389/2479/1650 1390/2480/1651 1387/2477/1648
f 1391/2481/1652 1392/2482/1653 1393/2483/1654
f 1394/2484/1655 1395/2485/1656 1391/2481/1652
f 1391/2481/1652 1393/2483/1654 1394/2484/1655
f 1396/2486/1657 1397/2487/1658 1395/2485/1656
f 1395/2485/1656 1394/2484/1655 1396/2486/1657
f 1398/2488/1659 1383/2473/1644 1386/2476/1647
f 1386/2476/1647 1399/2489/1660 1398/2488/1659
f 1400/2490/1661 1385/2475/1646 1384/2474/1645
f 1384/2474/1645 1401/2491/1662 1400/2490/1661
f 1402/2492/1663 1387/2477/1648 1390/2480/1651
f 1390/2480/1651 1403/2493/1664 1402/2492/1663
f 1401/2491/1662 1384/2474/1645 1389/2479/1650
f 1389/2479/1650 1404/2494/1665 1401/2491/1662
f 1405/2495/1666 1393/2483/1654 1387/2477/1648
f 1387/2477/1648 1402/2492/1663 1405/2495/1666
f 1406/2496/1667 1388/2478/1649 1392/2482/1653
f 1392/2482/1653 1407/2497/1668 1406/2496/1667
f 1408/2498/1669 1394/2484/1655 1393/2483/1654
f 1393/2483/1654 1405/2495/1666 1408/2498/1669
f 1409/2499/1670 1391/2481/1652 1395/2485/1656
f 1395/2485/1656 1410/2500/1671 1409/2499/1670
f 1411/2501/1672 1396/2486/1657 1394/2484/1655
f 1394/2484/1655 1408/2498/1669 1411/2501/1672
f 1410/2500/1671 1395/2485/1656 1397/2487/1658
f 1397/2487/1658 1412/2502/1673 1410/2500/1671
f 1399/2489/1660 1413/2503/1674 1414/2504/1675
f 1414/2504/1675 1398/2488/1659 1399/2489/1660
f 1398/2488/1659 1414/2504/1675 1415/2505/1676
f 1415/2505/1676 1403/2493/1664 1398/2488/1659
f 1402/2492/1663 1416/2506/1677 1417/2507/1678
f 1417/2507/1678 1405/2495/1666 1402/2492/1663
f 1405/2495/1666 1417/2507/1678 1418/2508/1679
f 1418/2508/1679 1408/2498/1669 1405/2495/1666
f 1408/2498/1669 1418/2508/1679 1419/2509/1680
f 1419/2509/1680 1411/2501/1672 1408/2498/1669
s 2
f 1420/2510/1681 1421/2511/1682 1422/2512/1683
s 1
f 1423/2513/1684 1424/2514/1685 1425/2515/1686
f 1425/2515/1686 1426/2516/1687 1423/2513/1684
f 1427/2517/1688 1428/2518/1689 1429/2519/1690
f 1429/2519/1690 1430/2520/1691 1427/2517/1688
f 1386/2476/1647 1385/2475/1646 1431/2521/1692
f 1431/2521/1692 1432/2522/1693 1386/2476/1647
f 1399/2489/1660 1386/2476/1647 1432/2522/1693
f 1432/2522/1693 1433/2523/1694 1399/2489/1660
f 1413/2503/1674 1399/2489/1660 1433/2523/1694
f 1433/2523/1694 1434/2524/1695 1413/2503/1674
f 1435/2525/1696 1436/2526/1697 1437/2527/1698
f 1437/2527/1698 1438/2528/1699 1435/2525/1696
f 1439/2529/1700 1440/2530/1701 1441/2531/1702
f 1441/2531/1702 1442/2532/1703 1439/2529/1700
f 1443/2533/1704 1444/2534/1705 1445/2535/1706
f 1445/2535/1706 1446/2536/1707 1443/2533/1704
f 1447/2537/1708 1443/2533/1704 1446/2536/1707
f 1446/2536/1707 1448/2538/1709 1447/2537/1708
f 1449/2539/1710 1450/2540/1711 1451/2541/1712
f 1451/2541/1712 1452/2542/1713 1449/2539/1710
f 1453/2543/1714 1454/2544/1715 1455/2545/1716
f 1455/2545/1716 1456/2546/1717 1453/2543/1714
f 1457/2547/1718 1453/2543/1714 1456/2546/1717
f 1456/2546/1717 1458/2548/1719 1457/2547/1718
f 1459/2549/1720 1460/2550/1721 1461/2551/1722
f 1461/2551/1722 1462/2552/1723 1459/2549/1720
f 1463/2553/1724 1464/2554/1725 1465/2555/1726
f 1465/2555/1726 1466/2556/1727 1463/2553/1724
f 1467/2557/1728 1468/2558/1729 1469/2559/1730
f 1469/2559/1730 1470/2560/1731 1467/2557/1728
f 1471/2561/1732 1472/2562/1733 1473/2563/1734
f 1473/2564/1734 1474/2565/1735 1471/2566/1732
f 1453/2543/1714 1457/2547/1718 1475/2567/1736
f 1475/2567/1736 1476/2568/1737 1453/2543/1714
f 1454/2544/1715 1453/2543/1714 1476/2568/1737
f 1476/2568/1737 1477/2569/1738 1454/2544/1715
f 1478/2570/1739 1479/2571/1740 1480/2572/1741
f 1480/2573/1741 1481/2574/1742 1478/2575/1739
f 1429/2576/1690 1482/2577/1743 1460/2550/1721
f 1460/2550/1721 1483/2578/1744 1429/2576/1690
f 1431/2521/1692 1484/2579/1745 1485/2580/1746
f 1485/2580/1746 1486/2581/1747 1431/2521/1692
f 1432/2522/1693 1431/2521/1692 1486/2581/1747
f 1486/2581/1747 1487/2582/1748 1432/2522/1693
f 1433/2523/1694 1432/2522/1693 1487/2582/1748
f 1487/2582/1748 1488/2583/1749 1433/2523/1694
f 1489/2584/1750 1490/2585/1751 1491/2586/1752
f 1491/2587/1752 1492/2588/1753 1489/2589/1750
f 1493/2590/1754 1414/2504/1675 1413/2503/1674
f 1413/2503/1674 1494/2591/1755 1493/2590/1754
f 1416/2506/1677 1415/2505/1676 1495/2592/1756
f 1495/2592/1756 1496/2593/1757 1416/2506/1677
f 1497/2594/1758 1417/2507/1678 1416/2506/1677
f 1416/2506/1677 1496/2593/1757 1497/2594/1758
f 1498/2595/1759 1418/2508/1679 1417/2507/1678
f 1417/2507/1678 1497/2594/1758 1498/2595/1759
f 1499/2596/1760 1419/2509/1680 1418/2508/1679
f 1418/2508/1679 1498/2595/1759 1499/2596/1760
f 1494/2591/1755 1413/2503/1674 1434/2524/1695
f 1434/2524/1695 1500/2597/1761 1494/2591/1755
f 1501/2598/1762 1502/2599/1763 1503/2600/1764
f 1503/2600/1764 1504/2601/1765 1501/2598/1762
f 1505/2602/1766 1506/2603/1767 1340/2430/1601
f 1345/2604/1606 1507/2605/1768 1508/2606/1769
f 1508/2607/1769 1356/2446/1617 1345/2435/1606
f 1509/2608/1770 1423/2513/1684 1426/2516/1687
f 1426/2516/1687 1482/2577/1743 1509/2608/1770
f 1461/2551/1722 1447/2537/1708 1448/2538/1709
f 1448/2538/1709 1510/2609/1771 1461/2551/1722
f 1340/2430/1601 1343/2433/1604 1511/2610/1772
f 1511/2610/1772 1505/2602/1766 1340/2430/1601
f 1356/2446/1617 1352/2442/1613 1355/2445/1616
f 1355/2445/1616 1357/2447/1618 1356/2446/1617
f 1357/2447/1618 1355/2445/1616 1364/2454/1625
f 1364/2454/1625 1366/2456/1627 1357/2447/1618
f 1341/2431/1602 1340/2430/1601 1512/2611/1773
f 1512/2611/1773 1513/2612/1774 1341/2431/1602
f 1514/2613/1775 1515/2614/1776 1509/2608/1770
f 1509/2608/1770 1428/2615/1689 1514/2613/1775
f 1428/2615/1689 1509/2608/1770 1482/2577/1743
f 1482/2577/1743 1429/2576/1690 1428/2615/1689
f 1450/2616/1711 1461/2551/1722 1510/2609/1771
f 1510/2609/1771 1451/2617/1712 1450/2616/1711
f 1516/2618/1777 1517/2619/1778 1518/2620/1779
f 1518/2620/1779 1519/2621/1780 1516/2618/1777
f 1520/2622/1781 1493/2623/1754 1494/2624/1755
f 1494/2624/1755 1521/2625/1782 1520/2622/1781
f 1522/2626/1783 1495/2627/1756 1493/2623/1754
f 1493/2623/1754 1520/2622/1781 1522/2626/1783
f 1523/2628/1784 1497/2629/1758 1496/2630/1757
f 1496/2593/1757 1524/2631/1785 1523/2632/1784
f 1525/2633/1786 1498/2634/1759 1497/2629/1758
f 1497/2629/1758 1523/2628/1784 1525/2633/1786
f 1526/2635/1787 1499/2636/1760 1498/2634/1759
f 1498/2595/1759 1525/2637/1786 1526/2638/1787
f 1521/2625/1782 1494/2624/1755 1500/2639/1761
f 1500/2597/1761 1527/2640/1788 1521/2641/1782
f 1528/2642/1789 1529/2643/1790 1530/2644/1791
f 1530/2644/1791 1531/2645/1792 1528/2642/1789
f 1532/2646/1793 1533/2647/1794 1534/2648/1795
f 1534/2648/1795 1535/2649/1796 1532/2646/1793
f 1536/2650/1797 1537/2651/1798 1538/2652/1799
f 1538/2652/1799 1539/2653/1800 1536/2650/1797
f 1540/2654/1801 1541/2655/1802 1542/2656/1803
f 1542/2656/1803 1543/2657/1804 1540/2654/1801
f 1544/2658/1805 1541/2659/1802 1540/2660/1801
f 1543/2657/1804 1542/2656/1803 1545/2661/1806
f 1545/2661/1806 1490/2585/1751 1543/2657/1804
f 1546/2662/1807 1533/2647/1794 1547/2663/1808
f 1547/2663/1808 1548/2664/1809 1546/2662/1807
f 1549/2665/1810 1550/2666/1811 1551/2667/1812
f 1551/2668/1812 1552/2669/1813 1549/2670/1810
f 1541/2671/1802 1520/2622/1781 1521/2625/1782
f 1521/2641/1782 1542/2672/1803 1541/2673/1802
f 1522/2626/1783 1520/2622/1781 1541/2671/1802
f 1541/2671/1802 1544/2674/1805 1522/2626/1783
f 1523/2632/1784 1524/2631/1785 1553/2675/1814
f 1553/2676/1814 1554/2677/1815 1523/2628/1784
f 1555/2678/1816 1525/2633/1786 1523/2628/1784
f 1523/2632/1784 1554/2679/1815 1555/2680/1816
f 1556/2681/1817 1526/2635/1787 1525/2633/1786
f 1525/2633/1786 1555/2678/1816 1556/2681/1817
f 1542/2672/1803 1521/2641/1782 1527/2640/1788
f 1527/2682/1788 1545/2683/1806 1542/2684/1803
f 1532/2646/1793 1557/2685/1818 1547/2663/1808
f 1547/2663/1808 1533/2647/1794 1532/2646/1793
f 1531/2686/1792 1532/2687/1793 1535/2688/1796
f 1535/2689/1796 1558/2690/1819 1531/2645/1792
f 1518/2691/1779 1536/2692/1820 1539/2693/1800
f 1539/2694/1800 1559/2695/1821 1518/2696/1779
f 1560/2697/1822 1561/2698/1823 1471/2566/1732
f 1471/2561/1732 1474/2699/1735 1560/2700/1822
f 1462/2552/1723 1461/2551/1722 1450/2616/1711
f 1562/2701/1824 1563/2702/1825 1564/2703/1826
f 1564/2704/1826 1565/2705/1827 1562/2706/1824
f 1566/2707/1828 1567/2708/1829 1568/2709/1830
f 1568/2709/1830 1569/2710/1831 1566/2707/1828
f 1443/2533/1704 1447/2537/1708 1570/2711/1832
f 1570/2711/1832 1571/2712/1833 1443/2533/1704
f 1447/2537/1708 1461/2551/1722 1460/2550/1721
f 1460/2550/1721 1570/2711/1832 1447/2537/1708
f 1572/2713/1834 1573/2714/1835 1574/2715/1836
f 1574/2715/1836 1575/2716/1837 1572/2713/1834
f 1576/2717/1838 1577/2718/1839 1578/2719/1840
f 1578/2719/1840 1579/2720/1841 1576/2717/1838
f 1437/2527/1698 1580/2721/1842 1581/2722/1843
f 1582/2723/1844 1438/2528/1699 1583/2724/1845
f 1583/2724/1845 1584/2725/1846 1582/2723/1844
f 1441/2531/1702 1582/2723/1844 1585/2726/1847
f 1585/2726/1847 1586/2727/1848 1441/2531/1702
f 1480/2572/1741 1442/2532/1703 1587/2728/1849
f 1587/2728/1849 1588/2729/1850 1480/2572/1741
f 1589/2730/1851 1590/2731/1852 1591/2732/1853
f 1591/2732/1853 1592/2733/1854 1589/2730/1851
f 1593/2734/1855 1594/2735/1856 1595/2736/1857
f 1595/2736/1857 1596/2737/1858 1593/2734/1855
f 1597/2738/1859 1598/2739/1860 1599/2740/1861
f 1599/2740/1861 1600/2741/1862 1597/2738/1859
f 1601/2742/1863 1602/2743/1864 1603/2744/1865
f 1603/2744/1865 1604/2745/1866 1601/2742/1863
f 1605/2746/1867 1606/2747/1868 1597/2738/1859
f 1597/2738/1859 1600/2741/1862 1605/2746/1867
f 1607/2748/1869 1608/2749/1870 1609/2750/1871
f 1609/2750/1871 1610/2751/1872 1607/2748/1869
f 1444/2534/1705 1443/2533/1704 1571/2712/1833
f 1571/2712/1833 1611/2752/1873 1444/2534/1705
f 1612/2753/1874 1613/2754/1875 1614/2755/1876
f 1614/2755/1876 1615/2756/1877 1612/2753/1874
f 1616/2757/1878 1617/2758/1879 1618/2759/1880
f 1618/2760/1880 1619/2761/1881 1616/2762/1878
f 1620/2763/1882 1621/2764/1883 1622/2765/1884
f 1622/2765/1884 1623/2766/1885 1620/2763/1882
f 1624/2767/1886 1625/2768/1887 1621/2764/1883
f 1621/2764/1883 1620/2763/1882 1624/2767/1886
f 1626/2769/1888 1627/2770/1889 1628/2771/1890
f 1628/2771/1890 1629/2772/1891 1626/2769/1888
f 1630/2773/1892 1627/2770/1889 1626/2769/1888
f 1626/2774/1888 1631/2775/1893 1630/2776/1892
f 1632/2777/1894 1633/2778/1895 1630/2776/1892
f 1630/2776/1892 1631/2775/1893 1632/2777/1894
f 1634/2779/1896 1635/2780/1897 1617/2781/1879
f 1617/2781/1879 1616/2762/1878 1634/2779/1896
f 1636/2782/1898 1637/2783/1899 1638/2784/1900
f 1638/2785/1900 1639/2786/1901 1636/2787/1898
f 1620/2763/1882 1623/2766/1885 1640/2788/1902
f 1622/2765/1884 1621/2764/1883 1641/2789/1903
f 1641/2789/1903 1642/2790/1904 1622/2765/1884
f 1643/2791/1905 1624/2767/1886 1620/2763/1882
f 1620/2763/1882 1644/2792/1906 1643/2791/1905
f 1621/2764/1883 1625/2768/1887 1645/2793/1907
f 1645/2793/1907 1641/2789/1903 1621/2764/1883
f 1624/2767/1886 1643/2791/1905 1646/2794/1908
f 1626/2769/1888 1629/2772/1891 1647/2795/1909
f 1648/2796/1910 1628/2771/1890 1627/2770/1889
f 1627/2770/1889 1649/2797/1911 1648/2796/1910
f 1631/2775/1893 1626/2774/1888 1650/2798/1912
f 1649/2797/1911 1627/2770/1889 1630/2773/1892
f 1630/2773/1892 1651/2799/1913 1649/2797/1911
f 1632/2800/1894 1631/2801/1893 1650/2802/1912
f 1650/2802/1912 1652/2803/1914 1632/2800/1894
f 1651/2804/1913 1630/2776/1892 1633/2778/1895
f 1633/2805/1895 1653/2806/1915 1651/2807/1913
f 1654/2808/1916 1655/2809/1917 1656/2810/1918
f 1656/2810/1918 1657/2811/1919 1654/2808/1916
f 1658/2812/1920 1659/2813/1921 1654/2808/1916
f 1654/2808/1916 1660/2814/1922 1658/2812/1920
f 1661/2815/1923 1659/2813/1921 1658/2812/1920
f 1658/2812/1920 1662/2816/1924 1661/2815/1923
f 1663/2817/1925 1661/2818/1923 1662/2819/1924
f 1662/2819/1924 1664/2820/1926 1663/2817/1925
f 1665/2821/1927 1666/2822/1928 1667/2823/1929
f 1667/2823/1929 1668/2824/1930 1665/2821/1927
f 1669/2825/1931 1670/2826/1932 1666/2822/1928
f 1666/2822/1928 1665/2821/1927 1669/2825/1931
f 1671/2827/1933 1672/2828/1934 1670/2826/1932
f 1670/2826/1932 1669/2825/1931 1671/2827/1933
f 1673/2829/1935 1674/2830/1936 1672/2828/1934
f 1672/2828/1934 1671/2827/1933 1673/2829/1935
f 1675/2831/1937 1676/2832/1938 1674/2830/1936
f 1674/2830/1936 1673/2829/1935 1675/2831/1937
f 1677/2833/1939 1678/2834/1940 1679/2835/1941
f 1679/2836/1941 1680/2837/1942 1681/2838/1943
f 1677/2833/1939 1679/2835/1941 1681/2839/1943
f 1682/2840/1944 1683/2841/1945 1684/2842/1946
f 1684/2842/1946 1685/2843/1947 1682/2840/1944
f 1549/2665/1810 1686/2844/1948 1687/2845/1949
f 1687/2845/1949 1550/2666/1811 1549/2665/1810
f 1688/2846/1950 1689/2847/1951 1589/2730/1851
f 1589/2730/1851 1592/2733/1854 1688/2846/1950
f 1510/2609/1771 1448/2538/1709 1690/2848/1952
f 1690/2848/1952 1594/2735/1856 1510/2609/1771
f 1451/2617/1712 1510/2609/1771 1594/2735/1856
f 1594/2735/1856 1593/2734/1855 1451/2617/1712
f 1691/2849/1953 1692/2850/1954 1693/2851/1955
f 1693/2851/1955 1694/2852/1956 1691/2849/1953
f 1695/2853/1957 1696/2854/1958 1697/2855/1959
f 1697/2855/1959 1698/2856/1960 1695/2853/1957
f 1699/2857/1961 1700/2858/1962 1692/2859/1954
f 1692/2859/1954 1691/2860/1953 1699/2857/1961
f 1668/2824/1930 1667/2823/1929 1663/2817/1925
f 1663/2817/1925 1664/2820/1926 1668/2824/1930
f 1701/2861/1963 1655/2809/1917 1654/2808/1916
f 1654/2808/1916 1702/2862/1964 1701/2861/1963
f 1703/2863/1965 1658/2812/1920 1660/2814/1922
f 1660/2814/1922 1704/2864/1966 1703/2863/1965
f 1654/2865/1916 1659/2866/1921 1705/2867/1967
f 1705/2868/1967 1702/2862/1964 1654/2808/1916
f 1662/2816/1924 1658/2812/1920 1706/2869/1968
f 1659/2866/1921 1661/2818/1923 1707/2870/1969
f 1707/2870/1969 1705/2867/1967 1659/2866/1921
f 1664/2871/1926 1662/2816/1924 1708/2872/1970
f 1661/2818/1923 1709/2873/1971 1707/2870/1969
f 1665/2821/1927 1668/2824/1930 1710/2874/1972
f 1667/2823/1929 1711/2875/1973 1712/2876/1974
f 1669/2825/1931 1665/2821/1927 1713/2877/1975
f 1666/2822/1928 1714/2878/1976 1715/2879/1977
f 1671/2827/1933 1669/2825/1931 1716/2880/1978
f 1670/2826/1932 1717/2881/1979 1718/2882/1980
f 1673/2829/1935 1671/2827/1933 1719/2883/1981
f 1672/2828/1934 1720/2884/1982 1721/2885/1983
f 1722/2886/1984 1723/2887/1985 1724/2888/1986
f 1725/2889/1987 1674/2830/1936 1676/2832/1938
f 1676/2832/1938 1726/2890/1988 1725/2889/1987
f 1668/2891/1930 1664/2871/1926 1727/2892/1989
f 1663/2817/1925 1728/2893/1990 1729/2894/1991
f 1730/2895/1992 1731/2896/1993 1732/2897/1994
f 1732/2897/1994 1657/2811/1919 1730/2895/1992
f 1733/2898/1995 1730/2895/1992 1734/2899/1996
f 1734/2899/1996 1735/2900/1997 1733/2898/1995
f 1726/2890/1988 1676/2832/1938 1736/2901/1998
f 1736/2901/1998 1737/2902/1999 1726/2890/1988
f 1738/2903/2000 1739/2904/2001 1740/2905/2002
f 1740/2905/2002 1741/2906/2003 1738/2903/2000
f 1742/2907/2004 1743/2908/2005 1739/2904/2001
f 1739/2904/2001 1738/2903/2000 1742/2907/2004
f 1741/2906/2003 1740/2905/2002 1744/2909/2006
f 1744/2910/2006 1745/2911/2007 1741/2912/2003
f 1746/2913/2008 1747/2914/2009 1748/2915/2010
f 1748/2915/2010 1749/2916/2011 1746/2913/2008
f 1750/2917/2012 1751/2918/2013 1747/2914/2009
f 1747/2914/2009 1746/2913/2008 1750/2917/2012
f 1749/2916/2011 1748/2915/2010 1752/2919/2014
f 1752/2919/2014 1753/2920/2015 1749/2916/2011
f 1751/2918/2013 1750/2917/2012 1754/2921/2016
f 1754/2921/2016 1755/2922/2017 1751/2918/2013
f 1742/2923/2004 1751/2918/2013 1755/2922/2017
f 1755/2924/2017 1756/2925/2018 1742/2907/2004
f 1743/2908/2005 1757/2926/2019 1758/2927/2020
f 1759/2928/2021 1760/2929/2022 1761/2930/2023
f 1761/2930/2023 1762/2931/2024 1759/2928/2021
f 1763/2932/2025 1764/2933/2026 1765/2934/2027
f 1765/2935/2027 1766/2936/2028 1763/2937/2025
f 1524/2631/1785 1496/2593/1757 1495/2592/1756
f 1495/2627/1756 1522/2626/1783 1524/2938/1785
f 1553/2676/1814 1524/2938/1785 1522/2626/1783
f 1522/2626/1783 1544/2674/1805 1553/2676/1814
f 1767/2939/2029 1768/2940/2030 1769/2941/2031
f 1769/2941/2031 1770/2942/2032 1767/2939/2029
f 1752/2919/2014 1745/2911/2007 1771/2943/2033
f 1771/2943/2033 1772/2944/2034 1752/2919/2014
f 1773/2945/2035 1753/2920/2015 1752/2919/2014
f 1752/2919/2014 1772/2944/2034 1773/2945/2035
f 1774/2946/2036 1687/2845/1949 1775/2947/2037
f 1775/2947/2037 1776/2948/2038 1774/2946/2036
f 1743/2908/2005 1687/2845/1949 1686/2844/1948
f 1686/2844/1948 1739/2904/2001 1743/2908/2005
f 1739/2904/2001 1686/2844/1948 1767/2939/2029
f 1767/2939/2029 1740/2905/2002 1739/2904/2001
f 1740/2905/2002 1767/2939/2029 1770/2942/2032
f 1770/2942/2032 1744/2909/2006 1740/2905/2002
f 1744/2910/2006 1770/2949/2032 1777/2950/2039
f 1777/2950/2039 1778/2951/2040 1744/2910/2006
f 1678/2834/1940 1677/2833/1939 1682/2840/1944
f 1682/2952/1944 1685/2953/1947 1678/2954/1940
f 1550/2955/1811 1687/2956/1949 1774/2957/2036
f 1366/2456/1627 1364/2454/1625 1779/2958/2041
f 1779/2958/2041 1371/2461/1632 1366/2456/1627
f 1364/2454/1625 1363/2453/1624 1779/2958/2041
f 1372/2462/1633 1371/2461/1632 1780/2959/2042
f 1373/2463/1634 1372/2462/1633 1781/2960/2043
f 1375/2465/1636 1374/2464/1635 1782/2961/2044
f 1782/2961/2044 1783/2962/2045 1375/2465/1636
f 1376/2466/1637 1375/2465/1636 1783/2962/2045
f 1783/2962/2045 1784/2963/2046 1376/2466/1637
f 1374/2464/1635 1373/2463/1634 1785/2964/2047
f 1785/2964/2047 1782/2961/2044 1374/2464/1635
f 1390/2480/1651 1389/2479/1650 1384/2474/1645
f 1384/2474/1645 1383/2473/1644 1390/2480/1651
f 1403/2493/1664 1390/2480/1651 1383/2473/1644
f 1383/2473/1644 1398/2488/1659 1403/2493/1664
f 1513/2965/1774 1786/2966/2048 1787/2967/2049
f 1787/2967/2049 1341/2968/1602 1513/2965/1774
f 1403/2493/1664 1415/2505/1676 1416/2506/1677
f 1416/2506/1677 1402/2492/1663 1403/2493/1664
f 1512/2611/1773 1788/2969/2050 1789/2970/2051
f 1513/2612/1774 1512/2611/1773 1790/2971/2052
f 1495/2592/1756 1415/2505/1676 1414/2504/1675
f 1414/2504/1675 1493/2590/1754 1495/2592/1756
f 1470/2560/1731 1469/2559/1730 1568/2709/1830
f 1568/2972/1830 1567/2973/1829 1470/2974/1731
f 1692/2850/1954 1557/2975/1818 1530/2976/1791
f 1530/2976/1791 1693/2851/1955 1692/2850/1954
f 1535/2649/1796 1534/2648/1795 1573/2977/1835
f 1573/2714/1835 1572/2713/1834 1535/2978/1796
f 1696/2979/1958 1791/2980/2053 1548/2664/1809
f 1548/2664/1809 1697/2981/1959 1696/2979/1958
f 1700/2858/1962 1547/2663/1808 1557/2685/1818
f 1557/2685/1818 1692/2859/1954 1700/2858/1962
f 1577/2718/1839 1792/2982/2054 1558/2690/1819
f 1558/2690/1819 1578/2719/1840 1577/2718/1839
f 1793/2983/2055 1566/2984/1828 1569/2985/1831
f 1569/2710/1831 1546/2662/1807 1793/2986/2055
f 1575/2716/1837 1574/2715/1836 1537/2987/1798
f 1537/2651/1798 1536/2650/1797 1575/2988/1837
f 1518/2691/1779 1794/2989/2056 1536/2692/1820
f 1597/2738/1859 1691/2990/1953 1694/2991/1956
f 1694/2991/1956 1598/2739/1860 1597/2738/1859
f 1602/2743/1864 1695/2853/1957 1698/2856/1960
f 1698/2856/1960 1603/2744/1865 1602/2743/1864
f 1606/2992/1868 1699/2857/1961 1691/2860/1953
f 1691/2990/1953 1597/2738/1859 1606/2747/1868
f 1791/2993/2057 1711/2875/1973 1715/2879/1977
f 1715/2879/1977 1793/2994/2058 1791/2993/2057
f 1566/2995/2059 1714/2878/1976 1718/2882/1980
f 1718/2996/1980 1567/2997/2060 1566/2998/2059
f 1470/2999/2061 1717/3000/1979 1721/3001/1983
f 1721/3001/1983 1467/3002/2062 1470/2999/2061
f 1695/3003/2063 1728/3004/1990 1712/3005/1974
f 1712/2876/1974 1696/3006/2064 1695/3007/2063
f 1706/2869/1968 1658/2812/1920 1703/2863/1965
f 1708/2872/1970 1662/2816/1924 1795/3008/2065
f 1710/3009/1972 1668/2891/1930 1796/3010/2066
f 1713/2877/1975 1665/2821/1927 1797/3011/2067
f 1716/2880/1978 1669/2825/1931 1798/3012/2068
f 1719/2883/1981 1671/2827/1933 1799/3013/2069
f 1800/3014/2070 1673/2829/1935 1801/3015/2071
f 1727/2892/1989 1664/2871/1926 1802/3016/2072
f 1732/2897/1994 1704/2864/1966 1660/2814/1922
f 1660/2814/1922 1657/2811/1919 1732/2897/1994
f 1803/3017/2073 1731/2896/1993 1730/2895/1992
f 1730/2895/1992 1733/2898/1995 1803/3017/2073
f 1657/2811/1919 1660/2814/1922 1654/2808/1916
f 1483/2578/1744 1460/2550/1721 1459/2549/1720
f 1465/3018/1726 1486/2581/1747 1485/2580/1746
f 1485/2580/1746 1804/3019/2074 1465/3018/1726
f 1487/2582/1748 1486/2581/1747 1805/3020/2075
f 1805/3020/2075 1806/3021/2076 1487/2582/1748
f 1504/3022/1765 1488/2583/1749 1487/2582/1748
f 1487/2582/1748 1807/3023/2077 1504/3022/1765
f 1492/3024/1753 1491/2586/1752 1468/2558/1729
f 1468/2558/1729 1467/2557/1728 1492/3024/1753
f 1488/2583/1749 1808/3025/2078 1434/2524/1695
f 1434/2524/1695 1433/2523/1694 1488/2583/1749
f 1571/2712/1833 1570/2711/1832 1426/2516/1687
f 1426/2516/1687 1425/2515/1686 1571/2712/1833
f 1570/2711/1832 1460/2550/1721 1482/2577/1743
f 1482/2577/1743 1426/2516/1687 1570/2711/1832
f 1808/3025/2078 1559/2695/1821 1500/2597/1761
f 1500/2597/1761 1434/2524/1695 1808/3025/2078
f 1539/2653/1800 1538/2652/1799 1545/2661/1806
f 1545/2683/1806 1527/2682/1788 1539/2693/1800
f 1559/2695/1821 1539/2694/1800 1527/2640/1788
f 1527/2640/1788 1500/2597/1761 1559/2695/1821
f 1809/3026/2079 1810/3027/2080 1611/2752/1873
f 1611/2752/1873 1571/2712/1833 1809/3026/2079
f 1492/3028/2081 1720/3029/1982 1725/3030/1987
f 1725/2889/1987 1489/3031/2082 1492/3032/2081
f 1340/2430/1601 1506/2603/1767 1512/2611/1773
f 1512/3033/1773 1506/3034/1767 1788/3035/2050
f 1811/3036/2083 1812/3037/2084 1813/3038/2085
f 1813/3038/2085 1814/3039/2086 1811/3036/2083
f 1424/2514/1685 1815/3040/2087 1610/2751/1872
f 1610/2751/1872 1609/2750/1871 1424/2514/1685
f 1790/3041/2052 1816/3042/2088 1817/3043/2089
f 1817/3043/2089 1818/3044/2090 1790/3041/2052
f 1512/3033/1773 1789/3045/2051 1819/3046/2091
f 1337/2427/1598 1820/3047/2092 1339/2429/1600
f 1337/2427/1598 1607/2748/1869 1821/3048/2093
f 1427/2517/2094 1400/3049/1661 1401/3050/1662
f 1401/3050/1662 1822/3051/2095 1427/2517/2094
f 1822/3051/2095 1401/3050/1662 1404/3052/1665
f 1404/2494/1665 1786/3053/2048 1822/3054/2095
f 1787/2967/2049 1406/3055/1667 1407/3056/1668
f 1407/3056/1668 1823/3057/2096 1787/2967/2049
f 1824/3058/2097 1409/3059/1670 1410/3060/1671
f 1410/3060/1671 1825/3061/2098 1824/3058/2097
f 1825/3061/2098 1410/3060/1671 1412/3062/1673
f 1412/3062/1673 1826/3063/2099 1825/3061/2098
f 1385/2475/1646 1400/2490/1661 1484/2579/1745
f 1484/2579/1745 1431/2521/1692 1385/2475/1646
f 1564/2704/1826 1827/3064/2100 1828/3065/2101
f 1828/3065/2101 1689/3066/1951 1564/2704/1826
f 1829/3067/2102 1830/3068/2103 1804/3019/2074
f 1804/3019/2074 1831/3069/2104 1829/3067/2102
f 1832/3070/2105 1485/3071/1746 1484/3072/1745
f 1484/3072/1745 1430/2520/2106 1832/3070/2105
f 1449/3073/1710 1827/3064/2100 1830/3068/2103
f 1830/3074/2103 1829/3075/2102 1449/2539/1710
f 1638/2784/1900 1833/3076/2107 1834/3077/2108
f 1834/3077/2108 1835/3078/2109 1638/2784/1900
f 1836/3079/2110 1623/3080/1885 1622/3081/1884
f 1622/3081/1884 1637/2783/1899 1836/3079/2110
f 1837/3082/2111 1640/3083/1902 1838/3084/2112
f 1838/3085/2112 1839/3086/2113 1837/3087/2111
f 1833/3088/2107 1622/2765/1884 1642/2790/1904
f 1840/3089/2114 1841/3090/2115 1828/3091/2101
f 1828/3065/2101 1452/3092/1713 1840/3093/2114
f 1388/2478/1649 1406/2496/1667 1404/2494/1665
f 1404/2494/1665 1389/2479/1650 1388/2478/1649
f 1831/3094/2104 1804/3095/2074 1485/3071/1746
f 1485/2580/1746 1832/3096/2105 1831/3069/2104
f 1343/2433/1604 1342/2432/1603 1353/2443/1614
f 1353/2443/1614 1352/2442/1613 1343/2433/1604
f 1407/2497/1668 1392/2482/1653 1391/2481/1652
f 1391/2481/1652 1409/2499/1670 1407/2497/1668
f 1342/3097/1603 1823/3057/2096 1824/3058/2097
f 1824/3058/2097 1353/3098/1614 1342/3097/1603
f 1393/2483/1654 1392/2482/1653 1388/2478/1649
f 1388/2478/1649 1387/2477/1648 1393/2483/1654
f 1511/2610/1772 1343/2433/1604 1352/2442/1613
f 1352/2442/1613 1842/3099/2116 1511/2610/1772
f 1843/3100/2117 1844/3101/2118 1635/2780/1897
f 1635/2780/1897 1634/2779/1896 1843/3100/2117
f 1845/3102/2119 1846/3103/2120 1838/3085/2112
f 1838/3104/2112 1836/3105/2110 1845/3106/2119
f 1644/2792/1906 1620/2763/1882 1640/2788/1902
f 1640/2788/1902 1837/3107/2111 1644/2792/1906
f 1847/3108/2121 1848/3109/2122 1849/3110/2123
f 1849/3110/2123 1850/3111/2124 1847/3108/2121
f 1851/3112/2125 1852/3113/2126 1848/3109/2122
f 1848/3109/2122 1847/3108/2121 1851/3112/2125
f 1853/3114/2127 1854/3115/2128 1855/3116/2129
f 1855/3116/2129 1856/3117/2130 1853/3114/2127
f 1857/3118/2131 1858/3119/2132 1850/3111/2124
f 1850/3111/2124 1849/3110/2123 1857/3118/2131
f 1619/3120/1881 1618/2759/1880 1852/3121/2126
f 1852/3113/2126 1851/3112/2125 1619/2761/1881
f 1859/3122/2133 1860/3123/2134 1856/3117/2130
f 1856/3117/2130 1855/3116/2129 1859/3122/2133
f 1613/3124/1875 1861/3125/2135 1862/3126/2136
f 1862/3127/2136 1614/2755/1876 1613/2754/1875
f 1863/3128/2137 1612/3129/1874 1615/3130/1877
f 1615/3130/1877 1588/3131/1850 1863/3128/2137
f 1864/3132/2138 1435/2525/1696 1438/2528/1699
f 1438/2528/1699 1582/2723/1844 1864/3132/2138
f 1440/2530/1701 1864/3132/2138 1582/2723/1844
f 1582/2723/1844 1441/2531/1702 1440/2530/1701
f 1479/2571/1740 1439/2529/1700 1442/2532/1703
f 1442/2532/1703 1480/2572/1741 1479/2571/1740
f 1865/3133/2139 1866/3134/2140 540/740/553
f 540/740/553 539/739/552 1865/3133/2139
f 1865/3133/2139 1455/2545/1716 1454/2544/1715
f 1454/2544/1715 1866/3134/2140 1865/3133/2139
f 1866/3134/2140 1454/2544/1715 1477/2569/1738
f 1477/2569/1738 1867/3135/2141 1866/3134/2140
f 540/740/553 1866/3134/2140 1867/3135/2141
f 1867/3135/2141 543/743/556 540/740/553
f 1868/3136/2142 1869/3137/2143 1457/2547/1718
f 1457/2547/1718 1458/2548/1719 1868/3136/2142
f 1457/2547/1718 1869/3137/2143 1870/3138/2144
f 1870/3138/2144 1475/2567/1736 1457/2547/1718
f 547/751/560 1871/3139/2145 1580/2721/1842
f 1580/2721/1842 548/2413/561 547/751/560
f 1872/3140/2146 1873/3141/2147 1583/3142/1845
f 1583/3142/1845 1581/3143/1843 1872/3140/2146
f 1874/3144/2148 1875/3145/2149 1585/3146/1847
f 1585/3146/1847 1584/3147/1846 1874/3144/2148
f 1876/3148/2150 1877/3149/2151 1587/2728/1849
f 1587/3150/1849 1586/3151/1848 1876/3152/2150
f 1478/3153/1739 1878/3154/2152 1561/3155/1823
f 1561/3155/1823 1560/2700/1822 1478/3153/1739
f 1456/2546/1717 1455/2545/1716 1435/2525/1696
f 1435/2525/1696 1864/3132/2138 1456/2546/1717
f 1458/2548/1719 1456/2546/1717 1864/3132/2138
f 1864/3132/2138 1440/2530/1701 1458/2548/1719
f 1879/3156/2153 1868/3136/2142 1439/2529/1700
f 1439/2529/1700 1479/2571/1740 1879/3156/2153
f 1436/2526/1697 1865/3133/2139 539/739/552
f 539/739/552 558/772/571 1436/2526/1697
f 1455/2545/1716 1865/3133/2139 1436/2526/1697
f 1436/2526/1697 1435/2525/1696 1455/2545/1716
f 1868/3136/2142 1458/2548/1719 1440/2530/1701
f 1440/2530/1701 1439/2529/1700 1868/3136/2142
f 1476/3157/1737 1475/3158/1736 1880/3159/2154
f 1880/3159/2154 1881/3160/2155 1476/3157/1737
f 1477/3161/1738 1476/3157/1737 1881/3160/2155
f 1881/3160/2155 1882/3162/2156 1477/3161/1738
f 1867/3163/2141 1477/3161/1738 1882/3162/2156
f 1882/3162/2156 1883/3164/2157 1867/3163/2141
f 1475/3158/1736 1870/3165/2144 1884/3166/2158
f 1884/3167/2158 1880/3168/2154 1475/3169/1736
f 1885/3170/2159 1886/3171/2160 1887/3172/2161
f 1887/3173/2161 1888/3174/2162 1885/3175/2159
f 1886/3176/2160 1889/3177/2163 1887/3173/2161
f 1870/3138/2144 1890/3178/2164 1891/3179/2165
f 1891/3179/2165 1884/3180/2158 1870/3138/2144
s 49
f 1892/3181/2166 1893/3182/2167 1894/3183/2166
f 1894/3183/2166 1895/3184/2168 1892/3181/2166
s 1
f 1896/3185/2169 1474/2565/1735 1473/2564/1734
f 1473/2563/1734 1890/3186/2170 1896/3187/2169
f 1878/3188/2152 1478/3189/1739 1481/3190/1742
f 1481/3191/1742 1889/3192/2171 1878/3193/2152
f 1560/2700/1822 1474/2699/1735 1896/3187/2169
f 1896/3194/2169 1879/3156/2153 1560/3195/1822
f 1479/3196/1740 1478/2575/1739 1560/3197/1822
f 1560/3195/1822 1879/3156/2153 1479/2571/1740
f 1897/3198/2172 1473/2563/1734 1472/2562/1733
f 1472/2562/1733 1898/3199/2173 1897/3198/2172
f 1897/3200/2172 1891/3201/2174 1890/3202/2170
f 1890/3186/2170 1473/2563/1734 1897/3198/2172
f 1869/3137/2143 1896/3194/2169 1890/3178/2164
f 1890/3178/2164 1870/3138/2144 1869/3137/2143
f 1814/3039/2086 1899/3203/2175 1900/3204/2176
f 1900/3204/2176 1811/3036/2083 1814/3039/2086
f 1817/3043/2089 1900/3205/2176 1899/3206/2175
f 1899/3203/2175 1818/3207/2090 1817/3208/2089
f 1515/2614/1776 1899/3203/2175 1509/2608/1770
f 1814/3039/2086 1813/3038/2085 1424/2514/1685
f 1424/2514/1685 1423/2513/1684 1814/3039/2086
f 1901/3209/2177 1424/2514/1685 1609/2750/1871
f 1609/2750/1871 1902/3210/2178 1901/3209/2177
f 1903/3211/2179 1815/3040/2087 1813/3038/2085
f 1813/3212/2085 1812/3213/2084 1903/3214/2179
f 1815/3040/2087 1424/2514/1685 1813/3038/2085
f 1610/3215/1872 1815/3216/2087 1903/3214/2179
f 1903/3214/2179 1904/3217/2180 1610/3215/1872
f 1816/3218/2088 1790/2971/2052 1819/3219/2091
f 1819/3219/2091 1790/2971/2052 1512/2611/1773
f 1821/3220/2093 1607/3221/1869 1905/3222/2181
f 1905/3223/2181 1607/2748/1869 1610/2751/1872
f 1610/2751/1872 1904/3224/2180 1905/3223/2181
f 1352/2442/1613 1356/2446/1617 1906/3225/2182
f 1906/3226/2182 1842/3227/2116 1352/3228/1613
f 1906/3226/2182 1356/3229/1617 1508/2606/1769
f 1907/3230/2183 1507/3231/1768 1345/2435/1606
f 1345/2435/1606 1336/2426/1597 1907/3230/2183
f 1423/2513/1684 1509/2608/1770 1899/3203/2175
f 1899/3203/2175 1814/3039/2086 1423/2513/1684
f 1513/2612/1774 1790/2971/2052 1514/2613/1775
f 1514/2613/1775 1790/2971/2052 1515/2614/1776
f 1648/2796/1910 1908/3232/2184 1909/3233/2185
f 1910/3234/2186 1641/2789/1903 1645/2793/1907
f 1645/2793/1907 1911/3235/2187 1910/3234/2186
f 1642/2790/1904 1641/2789/1903 1910/3234/2186
f 1910/3236/2186 1912/3237/2188 1642/3238/1904
f 1909/3233/2185 1908/3232/2184 1913/3239/2189
f 1913/3240/2189 1914/3241/2190 1909/3242/2185
f 1910/3234/2186 1911/3235/2187 1915/3243/2191
f 1915/3243/2191 1916/3244/2192 1910/3234/2186
f 1912/3245/2188 1910/3234/2186 1916/3244/2192
f 1916/3246/2192 1917/3247/2193 1912/3237/2188
f 1918/3248/2194 1919/3249/2195 1920/3250/2196
f 1920/3251/2196 1921/3252/2197 1918/3253/2194
f 1922/3254/2198 1923/3255/2199 1924/3256/2200
f 1924/3256/2200 1925/3257/2201 1922/3254/2198
f 1925/3257/2201 1926/3258/2202 1927/3259/2203
f 1927/3259/2203 1922/3254/2198 1925/3257/2201
f 1600/2741/1862 1599/2740/1861 1648/2796/1910
f 1648/2796/1910 1649/2797/1911 1600/2741/1862
f 1653/2806/1915 1601/2742/1863 1604/2745/1866
f 1604/2745/1866 1651/2807/1913 1653/2806/1915
f 1651/2799/1913 1605/2746/1867 1600/2741/1862
f 1600/2741/1862 1649/2797/1911 1651/2799/1913
f 1602/3260/2204 1601/3261/2205 1709/3262/1971
f 1709/3262/1971 1729/3263/1991 1602/3260/2204
s 50
f 1928/3264/2206 1929/3265/2207 1930/3266/2208
f 1930/3266/2208 1931/3267/2209 1928/3264/2206
f 1932/3268/2210 1933/3269/2211 1934/3270/2212
s 51
f 1935/3271/2213 1464/3272/2214 1936/3273/2214
s 52
f 1936/3273/2214 1937/3274/2215 1935/3271/2216
f 1938/3275/2217 1939/3276/2218 1940/3277/2219
f 1940/3277/2219 1501/3278/2220 1938/3275/2217
f 1501/3278/2220 1940/3277/2219 1941/3279/2221
f 1941/3279/2221 1502/3280/2222 1501/3278/2220
f 1516/3281/2223 1942/3282/2224 1943/3283/2225
f 1943/3283/2225 1944/3284/2226 1516/3281/2223
s 53
f 1945/3285/2227 1946/3286/2228 1947/3287/2229
f 1948/3288/2230 1949/3289/2231 1950/3290/2232
f 1950/3290/2232 1951/3291/2233 1948/3288/2230
s 50
f 1952/3292/2234 1928/3264/2206 1931/3267/2209
f 1931/3267/2209 1953/3293/2235 1952/3292/2234
s 53
f 1954/3294/2236 1955/3295/2237 1956/3296/2238
f 1956/3296/2238 1957/3297/2239 1954/3294/2236
f 1958/3298/2240 1959/3299/2241 1960/3300/2242
f 1961/3301/2243 1962/3302/2244 1963/3303/2245
f 1963/3303/2245 1964/3304/2246 1961/3301/2243
f 1946/3305/2228 1955/3295/2237 1954/3294/2236
f 1950/3290/2232 1945/3306/2227 1947/3307/2229
f 1947/3307/2229 1965/3308/2247 1950/3290/2232
f 1966/3309/2248 1948/3288/2230 1951/3291/2233
f 1951/3291/2233 1962/3302/2244 1966/3309/2248
s 50
f 1967/3310/2249 1968/3311/2250 1969/3312/2251
f 1969/3312/2251 1970/3313/2252 1967/3310/2249
f 1971/3314/2253 1972/3315/2254 1973/3316/2255
s 54
f 1936/3317/2256 1974/3318/2257 1937/3319/2258
f 1939/3320/2259 1975/3321/2260 1976/3322/2261
f 1976/3322/2261 1940/3323/2262 1939/3320/2259
f 1940/3323/2262 1976/3322/2261 1977/3324/2263
f 1977/3324/2263 1941/3325/2264 1940/3323/2262
f 1943/3326/2265 1977/3324/2263 1978/3327/2266
f 1978/3327/2266 1944/3328/2267 1943/3326/2265
s 53
f 1979/3329/2268 1980/3330/2269 1981/3331/2270
s 50
f 1982/3332/2271 1983/3333/2272 1930/3266/2208
f 1930/3266/2208 1929/3265/2207 1982/3332/2271
s 53
f 1960/3334/2242 1959/3335/2241 1984/3336/2273
f 1984/3337/2273 1985/3338/2274 1960/3300/2242
f 1986/3339/2275 1987/3340/2276 1988/3341/2277
f 1988/3341/2277 1989/3342/2278 1986/3339/2275
s 1
f 1424/2514/1685 1901/3209/2177 1990/3343/2279
f 1990/3343/2279 1991/3344/2280 1424/2514/1685
s 2
f 1422/3345/1683 1992/3346/2281 1420/3347/1681
f 1420/3347/1681 1382/2472/1643 1993/3348/2282
f 1379/2469/1640 675/957/704 674/956/703
f 674/956/703 1994/3349/2283 1379/2469/1640
f 1380/2470/1641 1379/2469/1640 1994/3349/2283
f 1994/3349/2283 1995/3350/2284 1380/2470/1641
f 1382/2472/1643 1380/2470/1641 1995/3350/2284
f 1995/3350/2284 1993/3348/2282 1382/2472/1643
s 1
f 1902/3210/2178 1609/2750/1871 1608/2749/1870
f 1351/2441/1612 20/20/20 678/960/707
f 678/960/707 1996/3351/2285 1351/2441/1612
f 1349/2439/1610 1351/2441/1612 1996/3351/2285
f 1996/3351/2285 1997/3352/2286 1349/2439/1610
f 1346/2436/1607 1349/2439/1610 1997/3352/2286
f 1997/3352/2286 1998/3353/2287 1346/2436/1607
f 1337/2427/1598 1333/2423/1594 1608/2749/1870
f 1608/2749/1870 1607/2748/1869 1337/2427/1598
f 1346/2436/1607 1335/2425/1596 1334/2424/1595
f 1333/2423/1594 1336/2426/1597 1334/2424/1595
f 1336/2426/1597 1338/2428/1599 1907/3230/2183
f 1998/3353/2287 1335/2425/1596 1346/2436/1607
f 1902/3210/2178 1608/2749/1870 1999/3354/2288
f 2000/3355/2289 2001/3356/2290 1333/3357/1594
s 2
f 2002/3358/2291 2003/3359/2292 1382/2472/1643
f 2003/3360/2292 2004/3361/2293 1382/3362/1643
s 1
f 1999/3354/2288 1608/2749/1870 2005/3363/2294
s 2
f 2006/3364/2295 1382/2472/1643 1992/3346/2281
f 2002/3365/2291 1382/3362/1643 2006/3366/2295
s 1
f 2005/3363/2294 1608/2749/1870 1333/2423/1594
f 2000/3367/2289 1333/2423/1594 1335/2425/1596
s 2
f 1382/2472/1643 2004/3368/2293 2007/3369/2296
s 1
f 2005/3363/2294 1333/2423/1594 2001/3370/2290
s 2
f 1382/3362/1643 2008/3371/2297 1381/3372/1642
f 1382/2472/1643 2007/3369/2296 2008/3373/2297
s 1
f 2009/3374/2298 1335/2425/1596 1998/3353/2287
f 2010/3375/2299 1335/2425/1596 2009/3374/2298
f 2000/3367/2289 1335/2425/1596 2010/3375/2299
s 8
f 2011/3376/2300 2012/3377/2301 2013/3378/2302
f 2013/3378/2302 2014/3379/2303 2011/3376/2300
f 2015/3380/2304 2016/3381/2305 2012/3377/2301
f 2012/3377/2301 2011/3376/2300 2015/3380/2304
f 2016/3381/2305 2015/3380/2304 2017/3382/2306
f 2016/3381/2305 2018/3383/2307 2019/3384/2308
f 2016/3381/2305 2020/3385/2309 2018/3383/2307
f 2016/3381/2305 2021/3386/2310 2020/3385/2309
f 2016/3381/2305 2022/3387/2311 2021/3386/2310
f 2016/3381/2305 2017/3382/2306 2022/3387/2311
s 9
f 2023/3388/2312 708/998/737 707/997/736
f 707/997/736 2024/3389/2313 2023/3388/2312
f 2024/3390/2313 2025/3391/2314 2026/3392/2315
f 2026/3393/2315 2023/3388/2312 2024/3389/2313
f 2025/3394/2314 2027/3395/2316 2028/3396/2317
f 2028/3397/2317 2026/3392/2315 2025/3391/2314
f 2028/3397/2317 2027/3398/2316 2029/3399/2318
f 2030/3400/2319 2027/3401/2316 2031/3402/2320
f 2032/3403/2321 2027/3401/2316 2033/3404/2322
f 2034/3405/2323 2027/3406/2316 2032/3407/2321
f 2035/3408/2324 2027/3406/2316 2034/3405/2323
f 2029/3399/2318 2027/3398/2316 2035/3409/2324
s 10
f 2036/3410/2325 2037/3411/2326 2038/3412/2327
f 2038/3412/2327 2039/3413/2328 2036/3410/2325
f 2040/3414/2329 2041/3415/2330 2037/3416/2326
f 2037/3416/2326 2036/3417/2325 2040/3414/2329
f 2042/3418/2331 2043/3419/2332 2041/3420/2330
f 2041/3421/2330 2040/3422/2329 2042/3423/2331
f 2044/3424/2333 2045/3425/2334 2046/3426/2335
f 2046/3426/2335 2047/3427/2336 2044/3424/2333
f 2046/3428/2335 2045/3429/2334 2048/3430/2337
f 2048/3431/2337 2049/3432/2338 2046/3426/2335
f 2049/3432/2338 2048/3431/2337 2050/3433/2339
f 2050/3434/2339 2051/3435/2340 2049/3436/2338
f 2051/3437/2340 2050/3433/2339 2052/3438/2341
f 2052/3439/2341 2053/3440/2342 2051/3441/2340
f 2053/3442/2342 2052/3438/2341 2043/3419/2332
f 2043/3419/2332 2042/3418/2331 2053/3442/2342
s 1
f 1425/2515/1686 1991/3344/2280 1809/3026/2079
f 1809/3026/2079 1571/2712/1833 1425/2515/1686
f 2054/3443/2343 1611/2752/1873 1810/3027/2080
f 1810/3444/2080 1809/3445/2079 2055/3446/2344
f 2055/3446/2344 2056/3447/2345 1810/3444/2080
f 2056/3447/2345 2057/3448/2346 2054/3449/2343
f 2054/3449/2343 1810/3444/2080 2056/3447/2345
f 1424/2514/1685 1991/3344/2280 1425/2515/1686
f 1990/3450/2279 2055/3446/2344 1809/3445/2079
f 1809/3445/2079 1991/3451/2280 1990/3450/2279
f 2058/3452/2347 2059/3453/2348 1862/3126/2136
f 1862/3127/2136 1861/3454/2135 2058/3455/2347
f 2059/3456/2348 2058/3455/2347 1860/3457/2134
f 1860/3123/2134 1859/3122/2133 2059/3453/2348
s 55
f 2060/3458/2349 2061/3459/2350 2062/3460/2351
s 2
f 1422/3345/1683 1421/3461/1682 2063/3462/2352
f 1422/3345/1683 2063/3462/2352 2064/3463/2353
f 2064/3464/2353 2065/3465/2354 2066/3466/2355
f 1422/3345/1683 2064/3463/2353 2066/3467/2355
s 9
f 2027/3401/2316 2030/3400/2319 2033/3404/2322
s 2
f 1420/3347/1681 1992/3346/2281 1382/2472/1643
s 12
f 2067/3468/2356 2068/3469/2357 2069/3470/2358
f 2069/3470/2358 2070/3471/2359 2067/3468/2356
f 2070/3471/2359 2069/3470/2358 2071/3472/2360
f 2071/3472/2360 2072/3473/2361 2070/3471/2359
f 2072/3473/2361 2071/3472/2360 2073/3474/2362
s 55
f 2074/3475/2363 2075/3476/2364 2061/3477/2350
s 1
f 1885/3175/2159 1888/3174/2162 2076/3478/2365
f 2076/3479/2365 2077/3480/2366 1885/3170/2159
f 2078/3481/2367 2077/3480/2366 2079/3482/2368
s 12
f 2072/3473/2361 2073/3474/2362 2080/3483/2369
s 13
f 2081/3484/2370 2082/3485/2371 2083/3486/2372
f 2083/3486/2372 2084/3487/2373 2081/3484/2370
f 2084/3487/2373 2083/3486/2372 2085/3488/2374
f 2085/3489/2374 2086/3490/2375 2084/3491/2373
f 2086/3492/2375 2085/3488/2374 2087/3493/2376
f 2087/3494/2376 2088/3495/2377 2086/3496/2375
f 2088/3497/2377 2087/3498/2376 2089/3499/2378
f 2089/3500/2378 2090/3501/2379 2088/3495/2377
f 2090/3501/2379 2089/3500/2378 2091/3502/2380
f 2091/3502/2380 2092/3503/2381 2090/3501/2379
f 2092/3503/2381 2091/3502/2380 2093/3504/2382
f 2093/3505/2382 2094/3506/2383 2092/3507/2381
f 2094/3506/2383 2093/3505/2382 2095/3508/2384
f 2095/3508/2384 2096/3509/2385 2094/3506/2383
f 2096/3510/2385 2095/3511/2384 2097/3512/2386
f 2097/3513/2386 2098/3514/2387 2096/3515/2385
f 2098/3516/2387 2097/3512/2386 2099/3517/2388
f 2099/3517/2388 2100/3518/2389 2098/3516/2387
f 2100/3519/2389 2099/3520/2388 2101/3521/2390
f 2101/3521/2390 2102/3522/2391 2100/3519/2389
f 2102/3522/2391 2101/3521/2390 2103/3523/2392
f 2103/3523/2392 2104/3524/2393 2102/3522/2391
f 2104/3525/2393 2103/3526/2392 2105/3527/2394
f 2105/3527/2394 2106/3528/2395 2104/3525/2393
f 2106/3528/2395 2105/3527/2394 2107/3529/2396
f 2107/3529/2396 2108/3530/2397 2106/3528/2395
f 2109/3531/2398 2108/3530/2397 2107/3529/2396
f 2107/3529/2396 2110/3532/2399 2109/3531/2398
s 56
f 2111/3533/2400 2110/3532/2401 2112/3534/2400
s 57
f 2112/3534/2402 2113/3535/2403 2111/3533/2404
s 58
f 2113/3536/2405 2112/3537/2406 2114/3538/2405
s 59
f 2114/3538/2407 2115/3539/2408 2113/3536/2407
s 60
f 2116/3540/2409 2117/3541/2410 2118/3542/2411
f 2118/3542/2411 2119/3543/2412 2116/3540/2409
s 61
f 2120/3544/2413 2118/3545/2414 2117/3546/2413
f 2117/3546/2413 2121/3547/2415 2120/3544/2413
s 62
f 2122/3548/2416 2114/3549/2417 2112/3550/2418
f 2112/3551/2418 2123/3552/2419 2122/3553/2416
s 63
f 2123/3554/2420 2112/3534/2421 2110/3532/2422
s 22
f 2110/3532/2423 2124/3555/2424 2123/3554/2425
f 2124/2061/2424 2110/3556/2423 2107/3557/2426
f 2107/3558/2426 2125/3559/2427 2124/3560/2424
f 2125/3561/2427 2107/3529/2426 2105/3527/2428
f 2105/3527/2428 2126/3562/2429 2125/3561/2427
f 2126/3563/2429 2105/3564/2428 2103/3565/2430
f 2103/3526/2430 2127/3566/2431 2126/3562/2429
f 2127/3567/2431 2103/3568/2430 2101/3569/2432
f 2101/3569/2432 2128/3570/2433 2127/3567/2431
f 2128/3570/2433 2101/3569/2432 2099/3571/2434
f 2099/3571/2434 2129/3572/2435 2128/3570/2433
f 2129/3572/2435 2099/3571/2434 2097/3573/2436
f 2097/3573/2436 2130/3574/2437 2129/3572/2435
f 2130/3574/2437 2097/3573/2436 2095/3575/2438
f 2095/3576/2438 2131/3577/2439 2130/3578/2437
f 2131/3579/2439 2095/3575/2438 2093/3580/2440
f 2093/3504/2440 2132/3581/2441 2131/3582/2439
f 2132/3581/2441 2093/3504/2440 2091/3502/2442
f 2091/3502/2442 2133/3583/2443 2132/3581/2441
f 2133/3584/2443 2091/3585/2442 2089/3586/2444
f 2089/3586/2444 2134/3587/2445 2133/3584/2443
f 2134/3588/2445 2089/3589/2444 2087/3590/2446
f 2087/3494/2446 2135/3591/2447 2134/3592/2445
f 2135/3591/2447 2087/3494/2446 2085/3593/2448
f 2085/3593/2448 2136/3594/2449 2135/3591/2447
f 2136/3595/2449 2085/3596/2448 2083/3597/2450
f 2083/3597/2450 2137/3598/2451 2136/3595/2449
f 2137/3598/2451 2083/3597/2450 2082/3599/2452
f 2082/3599/2452 2138/3600/2453 2137/3598/2451
f 823/1209/876 2138/3600/2453 2082/3599/2452
f 2082/3599/2452 824/1210/877 823/1209/876
s 12
f 2072/3473/2361 2080/3483/2369 2139/3601/2454
s 1
f 2140/3602/2455 1753/2920/2015 1773/2945/2035
f 2141/3603/2456 2142/3604/2457 1680/2837/1942
f 1680/3605/1942 1679/2835/1941 2141/3606/2456
s 64
f 2143/3607/2458 1772/3608/2459 1771/3609/2460
f 1771/3609/2460 2144/3610/2461 2143/3607/2458
f 2145/3611/2462 1773/3612/2463 1772/3608/2459
f 1772/3608/2459 2143/3607/2458 2145/3611/2462
f 2146/3613/2464 1778/3614/2465 1777/3615/2466
f 1777/3615/2466 2147/3616/2467 2146/3613/2464
s 1
f 1770/2949/2032 1769/3617/2031 2148/3618/2468
f 2148/3618/2468 1777/2950/2039 1770/2949/2032
f 2149/3619/2469 2150/3620/2470 1758/3621/2020
f 1687/2845/1949 1743/2908/2005 1758/2927/2020
f 1758/2927/2020 1775/2947/2037 1687/2845/1949
f 2151/3622/2471 1766/3623/2028 1765/2934/2027
f 1765/2935/2027 2152/3624/2472 2151/3625/2471
f 1776/2948/2038 1775/2947/2037 1764/2933/2026
f 1764/2933/2026 1763/2932/2025 1776/2948/2038
f 2153/3626/2473 2154/3627/2474 2155/3628/2475
f 2156/3629/2476 2157/3630/2477 2158/3631/2478
f 2158/3631/2478 1757/3632/2019 2156/3629/2476
f 2159/3633/2479 2160/3634/2480 2161/3635/2481
f 2152/3624/2472 2162/3636/2482 2163/3637/2483
f 1758/3621/2020 2150/3620/2470 2164/3638/2484
s 65
f 2165/3639/2485 2166/3640/2486 2167/3641/2487
s 1
f 1757/3632/2019 2168/3642/2488 2149/3619/2469
f 1757/3632/2019 2169/3643/2489 2168/3642/2488
f 2170/3644/2490 2156/3629/2476 2171/3645/2491
f 2157/3646/2477 2156/3647/2476 2170/3648/2490
f 1757/3632/2019 2158/3631/2478 2169/3643/2489
f 2172/3649/2492 1775/3650/2037 2173/3651/2493
f 2174/3652/2494 1764/3653/2026 2175/3654/2495
f 2153/3655/2473 1764/2933/2026 2174/3656/2494
f 2153/3626/2473 2155/3628/2475 1764/3653/2026
f 2170/3644/2490 2171/3645/2491 2176/3657/2496
f 2171/3658/2491 2156/3647/2476 2161/3659/2481
f 2161/3635/2481 2177/3660/2497 2171/3645/2491
f 1764/3653/2026 2155/3628/2475 1765/2935/2027
f 2175/3654/2495 1764/3653/2026 1775/3650/2037
f 1775/3650/2037 2172/3649/2492 2175/3654/2495
f 2152/3661/2472 1765/2934/2027 2178/3662/2498
f 2178/3663/2498 2162/3636/2482 2152/3624/2472
f 1765/2935/2027 2155/3628/2475 2178/3663/2498
f 2177/3660/2497 2161/3635/2481 2160/3634/2480
f 2179/3664/2499 2159/3665/2479 2161/3659/2481
f 2179/3666/2499 2180/3667/2500 2159/3633/2479
f 2152/3624/2472 2180/3667/2500 2179/3666/2499
f 2152/3624/2472 2163/3637/2483 2180/3667/2500
f 1755/2922/2017 1754/2921/2016 1760/2929/2022
f 1760/2929/2022 1759/2928/2021 1755/2922/2017
f 1757/2926/2019 1756/2925/2018 2156/3647/2476
f 1775/3650/2037 2164/3638/2484 2173/3651/2493
f 1757/3632/2019 2149/3619/2469 1758/3621/2020
f 1758/3621/2020 2164/3638/2484 1775/3650/2037
f 2168/3642/2488 2181/3668/2501 2182/3669/2502
f 2182/3669/2502 2149/3619/2469 2168/3642/2488
f 2149/3619/2469 2182/3669/2502 2183/3670/2503
f 2183/3670/2503 2150/3620/2470 2149/3619/2469
f 2150/3620/2470 2183/3670/2503 2184/3671/2504
f 2184/3671/2504 2164/3638/2484 2150/3620/2470
f 2164/3638/2484 2184/3671/2504 2185/3672/2505
f 2185/3672/2505 2173/3651/2493 2164/3638/2484
f 2173/3651/2493 2185/3672/2505 2186/3673/2506
f 2186/3673/2506 2172/3649/2492 2173/3651/2493
f 2172/3649/2492 2186/3673/2506 2187/3674/2507
f 2187/3674/2507 2175/3654/2495 2172/3649/2492
f 2175/3654/2495 2187/3674/2507 2188/3675/2508
f 2188/3675/2508 2174/3652/2494 2175/3654/2495
f 2174/3652/2494 2188/3675/2508 2189/3676/2509
f 2189/3676/2509 2153/3626/2473 2174/3652/2494
f 2153/3626/2473 2189/3676/2509 2190/3677/2510
f 2190/3677/2510 2154/3627/2474 2153/3626/2473
f 2154/3627/2474 2190/3677/2510 2191/3678/2511
f 2191/3678/2511 2155/3628/2475 2154/3627/2474
f 2155/3628/2475 2191/3678/2511 2192/3679/2512
f 2192/3679/2512 2178/3663/2498 2155/3628/2475
f 2178/3663/2498 2192/3679/2512 2193/3680/2513
f 2193/3680/2513 2162/3636/2482 2178/3663/2498
f 2162/3636/2482 2193/3680/2513 2194/3681/2514
f 2194/3681/2514 2163/3637/2483 2162/3636/2482
f 2163/3637/2483 2194/3681/2514 2195/3682/2515
f 2195/3682/2515 2180/3667/2500 2163/3637/2483
f 2180/3667/2500 2195/3682/2515 2196/3683/2516
f 2196/3683/2516 2159/3633/2479 2180/3667/2500
f 2159/3633/2479 2196/3683/2516 2197/3684/2517
f 2197/3684/2517 2160/3634/2480 2159/3633/2479
f 2160/3634/2480 2197/3684/2517 2198/3685/2518
f 2198/3685/2518 2177/3660/2497 2160/3634/2480
f 2177/3660/2497 2198/3685/2518 2199/3686/2519
f 2199/3686/2519 2171/3645/2491 2177/3660/2497
f 2171/3645/2491 2199/3686/2519 2200/3687/2520
f 2200/3687/2520 2176/3657/2496 2171/3645/2491
f 2176/3657/2496 2200/3687/2520 2201/3688/2521
f 2201/3688/2521 2170/3644/2490 2176/3657/2496
f 2170/3644/2490 2201/3688/2521 2202/3689/2522
f 2202/3689/2522 2157/3630/2477 2170/3644/2490
f 2157/3690/2477 2202/3691/2522 2203/3692/2523
f 2203/3693/2523 2158/3631/2478 2157/3630/2477
f 2158/3631/2478 2203/3693/2523 2204/3694/2524
f 2204/3694/2524 2169/3643/2489 2158/3631/2478
f 2169/3643/2489 2204/3694/2524 2181/3668/2501
f 2181/3668/2501 2168/3642/2488 2169/3643/2489
s 66
f 2181/3695/2525 2205/3696/2526 2206/3697/2527
f 2206/3697/2527 2182/3698/2528 2181/3695/2525
f 2182/3699/2528 2206/3700/2527 2207/3701/2529
f 2207/3701/2529 2183/3702/2530 2182/3699/2528
f 2183/3702/2530 2207/3701/2529 2208/3703/2531
f 2208/3703/2531 2184/3704/2532 2183/3702/2530
f 2184/3704/2532 2208/3703/2531 2209/3705/2533
f 2209/3705/2533 2185/3706/2534 2184/3704/2532
f 2185/3672/2534 2209/3707/2533 2210/3708/2535
f 2210/3708/2535 2186/3673/2536 2185/3672/2534
f 2186/3673/2536 2210/3708/2535 2211/3709/2537
f 2211/3709/2537 2187/3674/2538 2186/3673/2536
f 2187/3674/2538 2211/3709/2537 2212/3710/2539
f 2212/3710/2539 2188/3675/2540 2187/3674/2538
f 2188/3675/2540 2212/3710/2539 2213/3711/2541
f 2213/3711/2541 2189/3676/2542 2188/3675/2540
f 2189/3712/2542 2213/3713/2541 2214/3714/2543
s 67
f 2214/3714/2544 2190/3715/2545 2189/3712/2542
s 68
f 2190/3716/2546 2214/3717/2547 2215/3718/2548
f 2215/3719/2548 2191/3720/2549 2190/3721/2546
f 2191/3722/2549 2215/3723/2548 2216/3724/2550
f 2216/3724/2550 2192/3725/2551 2191/3722/2549
f 2192/3725/2551 2216/3724/2550 2166/3726/2552
f 2166/3726/2552 2193/3727/2553 2192/3725/2551
f 2193/3727/2553 2166/3726/2552 2165/3728/2554
f 2165/3729/2554 2194/3730/2555 2193/3731/2553
f 2194/3732/2555 2165/3733/2554 2217/3734/2556
f 2217/3734/2556 2195/3735/2557 2194/3732/2555
f 2195/3735/2557 2217/3734/2556 2218/3736/2558
f 2218/3736/2558 2196/3737/2559 2195/3735/2557
f 2196/3737/2559 2218/3736/2558 2219/3738/2560
f 2219/3739/2560 2197/3740/2561 2196/3741/2559
f 2197/3742/2561 2219/3743/2560 2220/3744/2562
f 2220/3744/2562 2198/3745/2563 2197/3742/2561
f 2198/3746/2563 2220/3747/2562 2221/3748/2564
f 2221/3749/2564 2199/3750/2565 2198/3751/2563
f 2199/3752/2565 2221/3753/2564 2222/3754/2566
f 2222/3754/2566 2200/3755/2567 2199/3752/2565
s 66
f 2200/3756/2568 2222/3757/2569 2223/3758/2570
f 2223/3759/2570 2201/3760/2571 2200/3761/2568
f 2201/3762/2571 2223/3763/2570 2224/3764/2572
f 2224/3764/2572 2202/3765/2573 2201/3762/2571
f 2202/3766/2573 2224/3767/2572 2225/3768/2574
f 2225/3768/2574 2203/3769/2575 2202/3766/2573
f 2203/3769/2575 2225/3768/2574 2226/3770/2576
f 2226/3770/2576 2204/3771/2577 2203/3769/2575
f 2204/3771/2577 2226/3770/2576 2205/3696/2526
f 2205/3696/2526 2181/3695/2525 2204/3771/2577
s 65
f 2218/3772/2578 2217/3773/2579 2227/3774/2580
f 2227/3774/2580 2228/3775/2581 2218/3772/2578
f 2165/3639/2485 2167/3641/2487 2227/3774/2580
f 2227/3774/2580 2217/3773/2579 2165/3639/2485
f 2218/3772/2578 2228/3775/2581 2219/3776/2582
f 2221/3777/2583 2228/3775/2581 2222/3778/2584
f 2219/3776/2582 2228/3775/2581 2220/3779/2585
f 2220/3779/2585 2228/3775/2581 2221/3777/2583
f 2167/3641/2487 2215/3718/2586 2214/3717/2587
f 2167/3641/2487 2166/3640/2486 2216/3780/2588
f 2167/3641/2487 2216/3780/2588 2215/3718/2586
s 64
f 2229/3781/2589 2230/3782/2590 1722/3783/2591
f 1722/3783/2591 1724/3784/2592 2229/3781/2589
s 52
f 2231/3785/2593 1935/3271/2216 1937/3274/2215
f 1937/3274/2215 2232/3786/2594 2231/3785/2593
s 50
f 1952/3292/2234 1953/3293/2235 1933/3269/2211
f 1933/3269/2211 2233/3787/2595 1952/3292/2234
s 1
f 1463/2553/1724 1466/2556/1727 1563/2702/1825
f 1563/2702/1825 1562/2701/1824 1463/2553/1724
s 50
f 1933/3269/2211 1932/3268/2210 2234/3788/2596
f 2233/3787/2595 1933/3269/2211 2235/3789/2597
f 2235/3789/2597 2236/3790/2598 2233/3787/2595
f 1933/3269/2211 1953/3293/2235 1934/3270/2212
f 1953/3293/2235 1931/3267/2209 2237/3791/2599
f 1931/3267/2209 1930/3266/2208 2238/3792/2600
f 1972/3315/2254 2239/3793/2601 2240/3794/2602
f 2240/3794/2602 2241/3795/2603 1972/3315/2254
f 1931/3267/2209 2238/3792/2600 2242/3796/2209
f 2238/3792/2600 1930/3266/2208 2243/3797/2604
f 1953/3293/2235 2237/3791/2599 2244/3798/2605
f 2237/3791/2599 1931/3267/2209 2242/3796/2209
f 1934/3270/2212 1953/3293/2235 2244/3798/2605
s 1
f 1935/3799/2606 1805/3800/2075 1465/2555/1726
f 1465/2555/1726 1464/2554/2607 1935/3799/2606
s 52
f 1517/2619/2608 1516/2618/2223 1944/3801/2226
s 69
f 1944/3801/2609 2245/3802/2608 1517/2619/2608
s 1
f 1575/3803/1837 1536/2692/1820 1794/2989/2056
f 1794/2989/2056 1579/2720/1841 1575/3803/1837
s 53
f 1957/3297/2239 1956/3296/2238 1981/3804/2270
f 1981/3804/2270 2246/3805/2610 1957/3297/2239
f 2247/3806/2611 2248/3807/2612 1979/3808/2268
f 1979/3808/2268 1981/3809/2270 2247/3806/2611
f 2247/3806/2611 1981/3809/2270 1956/3810/2238
f 1956/3296/2238 2249/3811/2613 2247/3812/2611
f 2249/3811/2613 1956/3296/2238 1955/3295/2237
f 1955/3295/2237 2250/3813/2614 2249/3811/2613
f 1955/3295/2237 1946/3305/2228 2251/3814/2228
f 2251/3814/2228 2250/3813/2614 1955/3295/2237
f 2252/3815/2615 1963/3303/2245 1962/3302/2244
f 1962/3302/2244 1951/3291/2233 2252/3815/2615
f 1951/3291/2233 1950/3290/2232 1965/3308/2247
f 1965/3308/2247 2252/3815/2615 1951/3291/2233
f 1962/3302/2244 1961/3301/2243 2253/3816/2616
f 2253/3816/2616 1966/3309/2248 1962/3302/2244
s 54
f 1944/3328/2267 1978/3327/2266 2245/3817/2617
s 53
f 1981/3804/2270 1980/3818/2618 2246/3805/2610
s 1
f 1942/3819/2619 1516/3820/1777 1519/3821/1780
f 1519/3821/1780 2254/3822/2620 1942/3819/2619
s 54
f 1937/3319/2258 1974/3318/2257 1975/3321/2260
f 1975/3321/2260 2232/3823/2621 1937/3319/2258
s 50
f 1933/3269/2211 2234/3788/2622 2235/3789/2597
s 1
f 1400/2490/1661 1427/3824/2094 1430/3825/2106
f 1430/2520/2106 1484/3072/1745 1400/3049/1661
f 1827/3064/2100 1449/3073/1710 1452/3092/1713
f 1452/2542/1713 1828/3091/2101 1827/3826/2100
f 1833/3088/2107 1638/2785/1900 1637/3827/1899
f 1637/2783/1899 1622/3081/1884 1833/3076/2107
f 1406/3055/1667 1787/2967/2049 1786/2966/2048
f 1786/3053/2048 1404/2494/1665 1406/2496/1667
f 1428/2615/1689 1427/3824/1688 1822/3054/2623
f 1822/3054/2623 1514/2613/1775 1428/2615/1689
f 1514/3828/1775 1822/3051/2623 1786/2966/2048
f 1786/2966/2048 1513/2965/1774 1514/3828/1775
f 1341/2431/1602 1787/3829/2049 1823/3830/2096
f 1823/3057/2096 1342/3097/1603 1341/2968/1602
f 1353/3098/1614 1824/3058/2097 1825/3061/2098
f 1825/3061/2098 1354/3831/1615 1353/3098/1614
f 1354/3831/1615 1825/3061/2098 1826/3063/2099
f 1826/3063/2099 1363/3832/1624 1354/3831/1615
f 1462/3833/1723 1829/3075/2102 1831/3094/2104
f 1831/3094/2104 1459/3834/1720 1462/3833/1723
f 1483/3835/1744 1832/3070/2105 1430/2520/1691
f 1430/3825/1691 1429/2576/1690 1483/2578/1744
f 1450/2616/1711 1449/3073/1710 1829/3067/2102
f 1829/3075/2102 1462/3833/1723 1450/2540/1711
f 1639/3836/1901 1638/2784/1900 1835/3078/2109
f 1835/3078/2109 1596/3837/1858 1639/3836/1901
f 1845/3838/2119 1836/3079/2110 1637/2783/1899
f 1637/2783/1899 1636/2782/1898 1845/3838/2119
f 1839/3839/2113 1838/3104/2112 1846/3840/2120
f 1846/3841/2120 2255/3842/2624 1839/3843/2113
f 1593/3844/1855 1840/3089/2114 1452/2542/1713
f 1452/2542/1713 1451/2541/1712 1593/3844/1855
f 1459/3834/1720 1831/3094/2104 1832/3070/2105
f 1832/3096/2105 1483/2578/1744 1459/2549/1720
f 1409/3059/1670 1824/3058/2097 1823/3057/2096
f 1823/3057/2096 1407/3056/1668 1409/3059/1670
f 1836/3079/2110 1838/3084/2112 1640/3083/1902
f 1640/2788/1902 1623/2766/1885 1836/3105/2110
f 1466/2556/1727 1465/2555/1726 1804/3095/2074
f 1827/3064/2100 1564/2704/1826 1563/3845/1825
f 1563/2702/1825 1830/3074/2103 1827/3826/2100
f 1833/3088/2107 1642/2790/1904 1590/3846/1852
f 1590/2731/1852 1834/3077/2108 1833/3076/2107
f 1841/3847/2115 1589/3848/1851 1689/3066/1951
f 1689/3066/1951 1828/3065/2101 1841/3847/2115
f 1565/3849/1827 1564/2703/1826 1689/2847/1951
f 1689/2847/1951 1688/2846/1950 1565/3849/1827
f 1830/3068/2103 1563/3845/1825 1466/3850/1727
f 1466/3850/1727 1804/3019/2074 1830/3068/2103
f 1504/3022/1765 1503/3851/1764 1808/3025/2078
f 1808/3025/2078 1488/2583/1749 1504/3022/1765
f 1519/3821/1780 1518/2691/1779 1559/3852/1821
f 1806/3853/2076 1805/3800/2075 1935/3799/2606
f 1935/3799/2606 2231/3854/2625 1806/3853/2076
f 1504/2601/1765 1807/3855/2077 1938/3856/2626
f 1938/3856/2626 1501/2598/1762 1504/2601/1765
f 1465/2555/1726 1805/3800/2075 1486/3857/1747
f 1808/3025/2078 2254/3858/2620 1519/3859/1780
f 1519/3859/1780 1559/2695/1821 1808/3025/2078
f 1531/2686/1792 1530/2976/1791 1557/2975/1818
f 1557/2975/1818 1532/2687/1793 1531/2686/1792
f 1528/2642/1789 1531/2645/1792 1558/2690/1819
f 1558/2690/1819 1792/2982/2054 1528/2642/1789
f 1575/3803/1837 1579/2720/1841 1578/2719/1840
f 1578/2719/1840 1572/3860/1834 1575/3803/1837
f 2256/3861/2627 1599/2740/1861 1598/2739/1860
f 1598/2739/1860 2257/3862/2628 2256/3861/2627
f 1694/2991/1956 1693/3863/1955 2258/3864/2629
f 2258/3865/2629 2259/3866/2630 1694/2852/1956
f 1693/3863/1955 1530/2644/1791 1529/2643/1790
f 1529/2643/1790 2258/3864/2629 1693/3863/1955
f 1572/3860/1834 1578/2719/1840 1558/2690/1819
f 1558/2690/1819 1535/2689/1796 1572/3860/1834
f 1598/3867/1860 1694/2852/1956 2259/3866/2630
f 2259/3868/2630 2257/3862/2628 1598/2739/1860
f 1648/2796/1910 1599/2740/1861 2256/3861/2627
f 1579/2720/1841 1794/2989/2056 2260/3869/2631
f 2260/3869/2631 1576/2717/1838 1579/2720/1841
f 1517/2619/1778 2260/3870/2631 1794/3871/2056
f 1794/2989/2056 1518/2691/1779 1517/3872/1778
s 53
f 2251/3814/2228 1946/3305/2228 1945/3306/2227
f 1945/3306/2227 2261/3873/2632 2251/3814/2228
f 2261/3873/2632 1945/3306/2227 1950/3290/2232
f 1950/3290/2232 1949/3289/2231 2261/3873/2632
s 50
f 1972/3315/2254 1971/3314/2253 2239/3793/2601
s 1
f 1642/3238/1904 1912/3237/2188 2262/3874/2633
f 2262/3874/2633 1912/3237/2188 1917/3247/2193
f 1917/3247/2193 2263/3875/2634 2262/3874/2633
f 2264/3876/2635 1927/3259/2203 1926/3258/2202
f 1926/3258/2202 2265/3877/2636 2264/3876/2635
s 50
f 1972/3315/2254 2241/3795/2603 1983/3333/2272
f 1930/3266/2208 1983/3333/2272 2241/3795/2603
f 2243/3797/2604 1930/3266/2208 2241/3795/2603
f 1969/3312/2251 2243/3797/2604 2241/3795/2603
f 1969/3312/2251 1968/3311/2250 2243/3797/2604
s 1
f 1911/3235/2187 1645/2793/1907 1648/3878/1910
f 1648/3878/1910 1909/3242/2185 1911/3235/2187
f 1909/3242/2185 1914/3241/2190 1915/3243/2191
f 1915/3243/2191 1911/3235/2187 1909/3242/2185
f 1923/3879/2199 1920/3251/2196 1919/3880/2195
f 1919/3881/2195 1924/3256/2200 1923/3255/2199
s 53
f 1986/3339/2275 1961/3301/2243 1964/3304/2246
f 1986/3339/2275 1989/3342/2278 1961/3301/2243
f 1984/3337/2273 1959/3299/2241 1961/3301/2243
f 1961/3301/2243 1959/3299/2241 2266/3882/2637
f 2266/3882/2637 2253/3816/2616 1961/3301/2243
f 1959/3299/2241 1958/3298/2240 2266/3882/2637
s 1
f 1591/2732/1853 1590/2731/1852 1642/3238/1904
f 1835/3078/2109 1834/3077/2108 1841/3090/2115
f 1841/3090/2115 1840/3089/2114 1835/3078/2109
s 50
f 1983/3333/2272 1982/3332/2271 1973/3316/2255
f 1973/3883/2255 1972/3884/2254 1983/3885/2272
s 1
f 1596/3837/1858 1835/3078/2109 1840/3089/2114
f 1840/3089/2114 1593/3844/1855 1596/3837/1858
f 1834/3077/2108 1590/2731/1852 1589/2730/1851
f 1589/2730/1851 1841/3090/2115 1834/3077/2108
f 1596/2737/1858 1595/2736/1857 2267/3886/2638
f 2267/3886/2638 1639/2786/1901 1596/2737/1858
f 1858/3119/2132 1857/3118/2131 1854/3115/2128
f 1854/3115/2128 1853/3114/2127 1858/3119/2132
s 53
f 1989/3342/2278 1984/3337/2273 1961/3301/2243
s 1
f 1915/3887/2191 1914/3888/2190 1920/3251/2196
f 1920/3889/2196 1923/3890/2199 1915/3243/2191
f 1916/3244/2192 1915/3243/2191 1923/3890/2199
f 1923/3890/2199 1922/3891/2198 1916/3244/2192
f 2263/3892/2634 1917/3893/2193 1927/3894/2203
f 1927/3895/2203 2264/3896/2635 2263/3875/2634
s 50
f 1970/3313/2252 1969/3312/2251 2241/3795/2603
f 2241/3795/2603 2240/3794/2602 1970/3313/2252
s 1
f 1917/3247/2193 1916/3246/2192 1922/3897/2198
f 1922/3897/2198 1927/3895/2203 1917/3247/2193
f 1914/3898/2190 1913/3899/2189 1921/3900/2197
f 1921/3901/2197 1920/3889/2196 1914/3241/2190
s 53
f 1989/3342/2278 1988/3341/2277 1985/3338/2274
f 1985/3338/2274 1984/3337/2273 1989/3342/2278
s 1
f 1581/2722/1843 1580/2721/1842 1871/3139/2145
f 1871/3902/2145 1872/3140/2146 1581/3143/1843
f 1584/3147/1846 1583/3142/1845 1873/3141/2147
f 1873/3903/2147 1874/3904/2148 1584/2725/1846
f 1586/2727/1848 1585/2726/1847 1875/3905/2149
f 1875/3145/2149 1876/3152/2150 1586/3151/1848
f 1588/3131/1850 1587/3150/1849 1877/3906/2151
f 1877/3906/2151 1863/3128/2137 1588/3131/1850
f 1615/2756/1877 1614/2755/1876 1446/2536/1707
f 1614/2755/1876 1862/3127/2136 1446/2536/1707
f 1588/2729/1850 1615/2756/1877 1446/2536/1707
f 1446/2536/1707 1445/2535/1706 1588/2729/1850
f 1581/2722/1843 1583/2724/1845 1438/2528/1699
f 1438/2528/1699 1437/2527/1698 1581/2722/1843
f 1584/2725/1846 1585/2726/1847 1582/2723/1844
f 1586/2727/1848 1587/2728/1849 1442/2532/1703
f 1442/2532/1703 1441/2531/1702 1586/2727/1848
f 1588/2729/1850 1481/3191/1742 1480/2572/1741
f 1588/2729/1850 1889/3192/2171 1481/3191/1742
f 1862/3127/2136 2059/3456/2348 1446/2536/1707
f 2059/3456/2348 1448/2538/1709 1446/2536/1707
f 2059/3456/2348 1690/2848/1952 1448/2538/1709
f 2059/3456/2348 1859/3907/2133 1690/2848/1952
f 1859/3907/2133 1855/3908/2129 1690/2848/1952
f 1855/3908/2129 1854/3909/2128 1594/2735/1856
f 1594/2735/1856 1690/2848/1952 1855/3908/2129
f 1854/3909/2128 1595/2736/1857 1594/2735/1856
f 1595/2736/1857 1854/3909/2128 1857/3910/2131
f 1857/3910/2131 2267/3886/2638 1595/2736/1857
f 1857/3910/2131 1849/3911/2123 2267/3886/2638
f 1849/3911/2123 1848/3912/2122 2267/3886/2638
f 1848/3912/2122 1636/2787/1898 1639/2786/1901
f 1639/2786/1901 2267/3886/2638 1848/3912/2122
f 1848/3912/2122 1852/3121/2126 1636/2787/1898
f 1852/3121/2126 1618/2759/1880 1636/2787/1898
f 1618/2759/1880 1617/2758/1879 1845/3106/2119
f 1617/2781/1879 1635/2780/1897 1846/3841/2120
f 1846/3841/2120 1845/3838/2119 1617/2781/1879
f 1846/3841/2120 1635/2780/1897 1844/3101/2118
f 1844/3913/2118 2255/3914/2624 1846/3840/2120
f 1618/2759/1880 1845/3106/2119 1636/2787/1898
f 1588/3131/1850 1445/3915/1706 1889/3916/2171
f 1889/3192/2171 1445/2535/1706 1444/2534/1705
f 1444/3917/1705 1887/3918/2639 1889/3916/2171
f 1887/3919/2639 1444/2534/1705 1611/2752/1873
f 1611/2752/1873 1888/3920/2640 1887/3919/2639
f 1611/3921/1873 2054/3449/2343 2076/3922/2641
f 2076/3923/2641 1888/3920/2640 1611/2752/1873
f 2076/3922/2641 2054/3449/2343 2057/3448/2346
f 2057/3924/2346 2268/3925/2642 2076/3923/2641
s 13
f 2109/3926/2398 2110/3927/2399 2111/3928/2643
s 1
f 1889/3177/2163 1886/3176/2160 1878/3188/2152
f 1886/3171/2160 1561/3155/1823 1878/3154/2152
f 1886/3171/2160 1885/3170/2159 1471/2561/1732
f 1471/2561/1732 1561/3155/1823 1886/3171/2160
f 1885/3170/2159 1472/2562/1733 1471/2561/1732
f 1885/3170/2159 2078/3481/2367 1898/3199/2173
f 1898/3199/2173 1472/2562/1733 1885/3170/2159
f 1885/3170/2159 2077/3480/2366 2078/3481/2367
f 2079/3929/2368 2077/3930/2366 2076/3478/2365
f 2076/3931/2365 2268/3533/2644 2079/3535/2368
f 1790/2971/2052 1818/3207/2090 1515/2614/1776
f 1818/3207/2090 1899/3203/2175 1515/2614/1776
f 1780/3932/2042 2269/3933/2645 1372/3934/1633
f 1820/3935/2092 1821/3220/2093 2270/3936/2646
f 2270/3936/2646 2271/3937/2647 1820/3935/2092
f 1811/3938/2083 1900/3205/2176 2272/3939/2648
f 2272/3939/2648 2273/3940/2649 1811/3938/2083
f 1505/3941/1766 1511/3942/1772 2274/3943/2650
f 2274/3943/2650 2275/3944/2651 1505/3941/1766
f 1788/3035/2050 1506/3034/1767 2276/3945/2652
f 2276/3945/2652 2277/3946/2653 1788/3035/2050
f 1339/3947/1600 1820/3935/2092 2271/3937/2647
f 2271/3937/2647 2278/3948/2654 1339/3947/1600
f 1506/3034/1767 1505/3941/1766 2275/3944/2651
f 2275/3944/2651 2276/3945/2652 1506/3034/1767
f 1338/3949/1599 1339/3947/1600 2278/3948/2654
f 2278/3950/2654 2279/3951/2655 1338/3952/1599
f 1816/3042/2088 1819/3046/2091 2280/3953/2656
f 2280/3953/2656 2281/3954/2657 1816/3042/2088
f 1819/3046/2091 1789/3045/2051 2282/3955/2658
f 2282/3955/2658 2280/3953/2656 1819/3046/2091
f 1812/3213/2084 1811/3938/2083 2273/3940/2649
f 2273/3956/2649 2283/3957/2659 1812/3037/2084
f 1900/3205/2176 1817/3043/2089 2284/3958/2660
f 2284/3959/2660 2272/3960/2648 1900/3961/2176
f 1817/3962/2089 1816/3963/2088 2281/3964/2657
f 2281/3954/2657 2284/3958/2660 1817/3043/2089
f 1789/3045/2051 1788/3035/2050 2277/3946/2653
f 2277/3946/2653 2282/3955/2658 1789/3045/2051
f 1906/3965/2182 1508/3966/1769 2285/3967/2661
f 2285/3968/2661 2286/3969/2662 1906/3970/2182
f 1508/3966/1769 1507/3971/1768 2287/3972/2663
f 2287/3973/2663 2285/3974/2661 1508/3975/1769
f 1842/3976/2116 1906/3965/2182 2286/3977/2662
f 2286/3978/2662 2288/3979/2664 1842/3227/2116
f 1507/2605/1768 1907/3980/2183 2289/3981/2665
f 2289/3981/2665 2287/3982/2663 1507/2605/1768
f 1907/3980/2183 1338/3949/1599 2279/3983/2655
f 2279/3984/2655 2289/3985/2665 1907/3230/2183
f 1511/3942/1772 1842/3227/2116 2288/3979/2664
f 2288/3979/2664 2274/3943/2650 1511/3942/1772
f 1821/3220/2093 1905/3222/2181 2290/3986/2666
f 2290/3986/2666 2270/3936/2646 1821/3220/2093
f 1905/3222/2181 1904/3217/2180 2291/3987/2667
f 2291/3987/2667 2290/3986/2666 1905/3222/2181
f 1904/3988/2180 1903/3989/2179 2292/3990/2668
f 2292/3990/2668 2291/3991/2667 1904/3988/2180
f 1903/3989/2179 1812/3992/2084 2283/3993/2659
f 2283/3993/2659 2292/3990/2668 1903/3989/2179
f 1337/2427/1598 1821/3048/2093 1820/3047/2092
s 70
f 2293/3994/2669 2294/3995/2670 2295/3996/2671
f 2295/3997/2671 2296/3998/2672 2293/3999/2669
s 71
f 2297/4000/2673 2298/4001/2674 2299/4002/2675
f 2299/4002/2675 2300/4003/2676 2297/4000/2673
s 70
f 2301/4004/2677 2302/4005/2678 2303/4006/2679
f 2303/4006/2679 2304/4007/2680 2301/4004/2677
f 2305/4008/2681 2306/4009/2682 2307/4010/2683
f 2307/4011/2683 2308/4012/2684 2305/4013/2681
f 2296/3998/2672 2295/3997/2671 2309/4014/2685
f 2309/4014/2685 2310/4015/2686 2296/3998/2672
f 2306/4016/2682 2304/4007/2680 2303/4006/2679
f 2303/4006/2679 2307/4011/2683 2306/4016/2682
f 2310/4015/2686 2309/4014/2685 2311/4017/2687
f 2311/4017/2687 2312/4018/2688 2310/4015/2686
f 2313/4019/2689 2314/4020/2690 2315/4021/2691
f 2315/4021/2691 2316/4022/2692 2313/4019/2689
f 2313/4019/2689 2317/4023/2693 2318/4024/2694
f 2318/4024/2694 2314/4020/2690 2313/4019/2689
s 71
f 2300/4003/2676 2299/4002/2675 2319/4025/2695
f 2319/4025/2695 2320/4026/2696 2300/4003/2676
s 72
f 2321/4027/2697 2322/4028/2697 2298/4029/2698
s 71
f 2298/4030/2674 2297/4031/2673 2321/4032/2699
s 73
f 2323/4033/2700 2324/4034/2700 2322/4035/2700
f 2322/4035/2700 2321/4032/2700 2323/4033/2700
s 70
f 2317/4023/2693 2305/4013/2681 2308/4012/2684
f 2308/4012/2684 2318/4024/2694 2317/4023/2693
f 2325/4036/2701 2326/4037/2702 2327/4038/2703
f 2327/4038/2703 2328/4039/2704 2325/4036/2701
f 2329/4040/2705 2330/4041/2706 2327/4038/2703
f 2327/4038/2703 2326/4037/2702 2329/4040/2705
f 2331/4042/2707 2325/4036/2701 2328/4039/2704
f 2328/4039/2704 2332/4043/2708 2331/4042/2707
f 2333/4044/2709 2334/4045/2710 2330/4046/2706
f 2330/4046/2706 2329/4047/2705 2333/4044/2709
f 2333/4044/2709 2312/4018/2688 2311/4017/2687
f 2311/4048/2687 2334/4049/2710 2333/4050/2709
f 2301/4004/2677 2331/4051/2707 2332/4052/2708
f 2332/4052/2708 2302/4005/2678 2301/4004/2677
f 2335/4053/2711 2336/4054/2712 2294/4055/2670
f 2294/4055/2670 2293/3999/2669 2335/4053/2711
f 2337/4056/2713 2338/4057/2714 2336/4054/2712
f 2336/4054/2712 2335/4053/2711 2337/4056/2713
s 74
f 2339/4058/2715 2340/4059/2715 2338/4060/2714
s 70
f 2338/4057/2714 2337/4056/2713 2339/4061/2715
s 71
f 2320/4062/2696 2319/4063/2695 2340/4059/2716
f 2340/4064/2716 2339/4065/2716 2320/4066/2696
s 70
f 2341/4067/2717 2295/3997/2671 2294/4055/2670
f 2294/4055/2670 2342/4068/2718 2341/4067/2717
f 2308/4069/2684 2307/4010/2683 2343/4070/2719
f 2343/4070/2719 2344/4071/2720 2308/4069/2684
f 2345/4072/2721 2309/4014/2685 2295/3997/2671
f 2295/3997/2671 2341/4067/2717 2345/4072/2721
f 2307/4010/2683 2303/4073/2679 2346/4074/2722
f 2346/4074/2722 2343/4070/2719 2307/4010/2683
f 2347/4075/2723 2311/4017/2687 2309/4014/2685
f 2309/4014/2685 2345/4072/2721 2347/4075/2723
f 2314/4020/2690 2348/4076/2724 2349/4077/2725
f 2349/4077/2725 2315/4021/2691 2314/4020/2690
f 2318/4024/2694 2308/4012/2684 2344/4078/2720
f 2344/4078/2720 2350/4079/2726 2318/4024/2694
f 2342/4080/2718 2294/3995/2670 2336/4081/2712
f 2336/4054/2712 2351/4082/2727 2342/4068/2718
f 2328/4039/2704 2327/4038/2703 2352/4083/2728
f 2352/4084/2728 2353/4085/2729 2328/4086/2704
f 2352/4083/2728 2327/4038/2703 2330/4041/2706
f 2330/4041/2706 2354/4087/2730 2352/4083/2728
f 2332/4088/2708 2328/4086/2704 2353/4085/2729
f 2353/4085/2729 2355/4089/2731 2332/4088/2708
f 2354/4090/2730 2330/4046/2706 2334/4045/2710
f 2334/4049/2710 2347/4091/2723 2354/4092/2730
f 2302/4005/2678 2332/4052/2708 2355/4093/2731
f 2355/4094/2731 2346/4074/2722 2302/4095/2678
f 2334/4049/2710 2311/4048/2687 2347/4091/2723
f 2303/4073/2679 2302/4095/2678 2346/4074/2722
f 2336/4054/2712 2338/4057/2714 2356/4096/2732
f 2356/4096/2732 2351/4082/2727 2336/4054/2712
f 2357/4097/2733 2354/4092/2730 2347/4091/2723
f 2347/4075/2723 2345/4072/2721 2357/4098/2733
f 2358/4099/2734 2352/4083/2728 2354/4087/2730
f 2354/4100/2730 2357/4101/2733 2358/4102/2734
f 2359/4103/2735 2353/4085/2729 2352/4084/2728
f 2352/4084/2728 2358/4102/2734 2359/4103/2735
f 2360/4104/2736 2355/4089/2731 2353/4085/2729
f 2353/4085/2729 2359/4103/2735 2360/4104/2736
f 2343/4070/2719 2346/4074/2722 2355/4094/2731
f 2355/4093/2731 2360/4105/2736 2343/4106/2719
f 2361/4107/2737 2357/4098/2733 2345/4072/2721
f 2345/4072/2721 2341/4067/2717 2361/4107/2737
f 2362/4108/2738 2358/4102/2734 2357/4101/2733
f 2357/4109/2733 2361/4110/2737 2362/4111/2738
f 2363/4112/2739 2359/4103/2735 2358/4102/2734
f 2358/4102/2734 2362/4108/2738 2363/4112/2739
f 2364/4113/2740 2360/4114/2736 2359/4115/2735
f 2359/4115/2735 2363/4116/2739 2364/4113/2740
f 2344/4078/2720 2343/4106/2719 2360/4105/2736
f 2360/4105/2736 2364/4117/2740 2344/4078/2720
f 2365/4118/2741 2361/4107/2737 2341/4067/2717
f 2341/4067/2717 2342/4068/2718 2365/4118/2741
f 2366/4119/2742 2362/4111/2738 2361/4110/2737
f 2361/4110/2737 2365/4120/2741 2366/4119/2742
f 2367/4121/2743 2363/4116/2739 2362/4111/2738
f 2362/4108/2738 2366/4122/2742 2367/4123/2743
f 2368/4124/2744 2364/4113/2740 2363/4116/2739
f 2363/4116/2739 2367/4121/2743 2368/4124/2744
f 2350/4125/2726 2344/4071/2720 2364/4126/2740
f 2364/4117/2740 2368/4127/2744 2350/4079/2726
f 2365/4118/2741 2342/4068/2718 2351/4082/2727
f 2351/4082/2727 2369/4128/2745 2365/4118/2741
f 2366/4119/2742 2365/4120/2741 2369/4129/2745
f 2369/4129/2745 2370/4130/2746 2366/4119/2742
f 2367/4121/2743 2366/4119/2742 2370/4130/2746
f 2370/4130/2746 2371/4131/2747 2367/4121/2743
f 2368/4124/2744 2367/4121/2743 2371/4131/2747
f 2371/4131/2747 2372/4132/2748 2368/4124/2744
f 2368/4127/2744 2372/4133/2749 2348/4076/2724
f 2348/4076/2724 2350/4079/2726 2368/4127/2744
f 2350/4079/2726 2348/4076/2724 2314/4020/2690
f 2314/4134/2690 2318/4135/2694 2350/4125/2726
f 2373/4136/2750 2369/4128/2745 2351/4082/2727
f 2351/4082/2727 2356/4096/2732 2373/4136/2750
f 2374/4137/2751 2370/4130/2746 2369/4129/2745
f 2369/4129/2745 2373/4138/2750 2374/4137/2751
f 2371/4131/2747 2370/4130/2746 2374/4137/2751
f 2374/4137/2751 2375/4139/2752 2371/4131/2747
f 2372/4132/2748 2371/4131/2747 2375/4139/2752
f 2375/4139/2752 2376/4140/2753 2372/4132/2748
f 2349/4077/2725 2348/4076/2724 2372/4133/2749
f 2372/4133/2749 2376/4141/2754 2349/4077/2725
f 2377/4142/2755 2356/4096/2732 2338/4057/2714
f 2338/4057/2714 2378/4143/2756 2377/4142/2755
f 2379/4144/2757 2373/4136/2750 2356/4096/2732
f 2356/4096/2732 2377/4142/2755 2379/4144/2757
f 2380/4145/2758 2374/4137/2751 2373/4138/2750
f 2373/4138/2750 2379/4146/2759 2380/4145/2758
f 2381/4147/2760 2375/4139/2752 2374/4137/2751
f 2374/4137/2751 2380/4145/2758 2381/4147/2760
f 2382/4148/2761 2376/4140/2753 2375/4139/2752
f 2375/4139/2752 2381/4147/2760 2382/4148/2761
f 2383/4149/2762 2349/4077/2725 2376/4141/2754
f 2376/4141/2754 2382/4150/2763 2383/4149/2762
f 2384/4151/2764 2315/4021/2691 2349/4077/2725
f 2349/4077/2725 2383/4149/2762 2384/4151/2764
s 75
f 2298/4030/2765 2385/4152/2766 2299/4153/2767
f 2299/4153/2767 2385/4152/2766 2378/4154/2768
f 2322/4035/2769 2385/4152/2766 2298/4030/2765
f 2324/4034/2770 2385/4152/2766 2322/4035/2769
f 2340/4155/2771 2378/4156/2768 2338/4157/2772
f 2319/4063/2773 2378/4154/2768 2340/4059/2771
s 70
f 2378/4143/2756 2386/4158/2774 2387/4159/2775
f 2387/4159/2775 2377/4142/2755 2378/4143/2756
f 2377/4142/2755 2387/4159/2775 2388/4160/2776
f 2388/4160/2777 2379/4144/2757 2377/4142/2755
f 2379/4146/2759 2388/4161/2778 2389/4162/2779
f 2389/4162/2779 2380/4145/2758 2379/4146/2759
f 2380/4145/2758 2389/4162/2779 2390/4163/2780
f 2390/4163/2780 2381/4147/2760 2380/4145/2758
f 2381/4147/2760 2390/4163/2780 2391/4164/2781
f 2391/4164/2782 2382/4148/2761 2381/4147/2760
f 2382/4150/2763 2391/4165/2783 2392/4166/2784
f 2392/4166/2784 2383/4149/2762 2382/4150/2763
f 2383/4149/2762 2392/4166/2784 2393/4167/2785
f 2393/4167/2785 2384/4151/2764 2383/4149/2762
s 75
f 2385/4168/2766 2394/4169/2786 2386/4170/2787
f 2386/4170/2787 2378/4171/2768 2385/4168/2766
s 76
f 2386/4172/2788 2395/4173/2789 2396/4174/2790
f 2396/4175/2790 2395/4176/2789 2397/4177/2791
f 2397/4178/2791 2395/4179/2789 2398/4180/2792
f 2398/4180/2792 2395/4179/2789 2399/4181/2793
f 2399/4181/2793 2395/4179/2789 2400/4182/2794
f 2400/4183/2794 2395/4184/2789 2401/4185/2795
f 2401/4186/2795 2395/4187/2789 2394/4188/2796
s 77
f 2394/4189/2797 2395/4190/2797 2386/4191/2797
s 75
f 2299/4153/2767 2378/4154/2768 2319/4063/2773
s 1
f 1879/4192/2153 1896/4193/2169 1869/4194/2143
f 1869/3137/2143 1868/3136/2142 1879/3156/2153
f 2402/4195/2798 1703/4196/1965 1704/4197/1966
f 1704/4197/1966 2403/4198/2799 2402/4195/2798
f 2404/4199/2800 1795/3008/2065 1706/2869/1968
f 1706/4200/1968 2405/4201/2801 2404/4202/2800
f 2406/4203/2802 1802/4204/2072 1708/4205/1970
f 1708/4206/1970 2407/4207/2803 2406/4208/2802
f 2408/4209/2804 1797/4210/2067 1710/4211/1972
f 1710/4211/1972 2409/4212/2805 2408/4209/2804
f 2410/4213/2806 1798/4214/2068 1713/4215/1975
f 1713/4215/1975 2411/4216/2807 2410/4213/2806
f 2412/4217/2808 1799/4218/2069 1716/4219/1978
f 1716/4219/1978 2413/4220/2809 2412/4217/2808
f 2414/4221/2810 1801/4222/2071 1719/4223/1981
f 1719/4223/1981 2415/4224/2811 2414/4221/2810
f 2416/4225/2812 1796/4226/2066 1727/4227/1989
f 1727/4227/1989 2417/4228/2813 2416/4225/2812
f 1732/4229/1994 1731/4230/1993 2418/4231/2814
f 2418/4231/2814 2419/4232/2815 1732/4229/1994
f 2405/4233/2801 1706/2869/1968 1703/2863/1965
f 1703/4196/1965 2402/4195/2798 2405/4201/2801
f 2407/4234/2803 1708/4205/1970 1795/4235/2065
f 1795/3008/2065 2404/4199/2800 2407/4236/2803
f 2409/4212/2805 1710/4211/1972 1796/4237/2066
f 1796/4226/2066 2416/4225/2812 2409/4238/2805
f 2411/4239/2807 1713/4240/1975 1797/4241/2067
f 1797/4210/2067 2408/4209/2804 2411/4216/2807
f 2413/4220/2809 1716/4219/1978 1798/4214/2068
f 1798/4214/2068 2410/4213/2806 2413/4220/2809
f 2415/4224/2811 1719/4223/1981 1799/4218/2069
f 1799/4218/2069 2412/4217/2808 2415/4224/2811
f 2420/4242/2816 1800/4243/2070 1801/4222/2071
f 1801/3015/2071 2414/4244/2810 2420/4245/2816
f 2417/4228/2813 1727/4227/1989 1802/4204/2072
f 1802/3016/2072 2406/4246/2802 2417/4247/2813
f 1704/4197/1966 1732/4229/1994 2419/4232/2815
f 2419/4232/2815 2403/4198/2799 1704/4197/1966
f 1731/4230/1993 1803/4248/2073 2421/4249/2817
f 2421/4249/2817 2418/4231/2814 1731/4230/1993
f 1722/3783/1984 2422/4250/2818 2423/4251/2819
f 2423/4252/2819 1723/2887/1985 1722/2886/1984
s 64
f 2424/4253/2820 2425/4254/2821 2426/4255/2822
f 2426/4256/2822 2420/4257/2823 2424/4258/2820
f 2427/4259/2824 2428/4260/2825 2402/4261/2826
f 2402/4261/2826 2403/4262/2827 2427/4259/2824
f 2429/4263/2828 2430/4264/2829 2404/4265/2830
f 2404/4265/2830 2405/4266/2831 2429/4263/2828
f 2431/4267/2832 2432/4268/2833 2406/4203/2834
f 2406/4203/2834 2407/4234/2835 2431/4267/2832
f 2433/4269/2836 2434/4270/2837 2408/4271/2838
f 2408/4271/2838 2409/4238/2839 2433/4269/2836
f 2435/4272/2840 2436/4273/2841 2410/4274/2842
f 2410/4274/2842 2411/4275/2843 2435/4272/2840
f 2437/4276/2844 2438/4277/2845 2412/4278/2846
f 2412/4278/2846 2413/4279/2847 2437/4276/2844
f 2439/4280/2848 2440/4281/2849 2414/4282/2850
f 2414/4282/2850 2415/4283/2851 2439/4280/2848
f 2441/4284/2852 2442/4285/2853 2416/4225/2854
f 2416/4225/2854 2417/4228/2855 2441/4284/2852
f 2443/4286/2856 2444/4287/2857 2419/4288/2858
f 2419/4288/2858 2418/4289/2859 2443/4286/2856
f 2428/4260/2825 2429/4263/2828 2405/4266/2831
f 2405/4266/2831 2402/4261/2826 2428/4260/2825
f 2430/4290/2829 2431/4267/2832 2407/4234/2835
f 2407/4291/2835 2404/4265/2830 2430/4264/2829
f 2442/4285/2853 2433/4269/2836 2409/4238/2839
f 2409/4238/2839 2416/4225/2854 2442/4285/2853
f 2434/4270/2837 2435/4272/2840 2411/4275/2843
f 2411/4275/2843 2408/4271/2838 2434/4270/2837
f 2436/4273/2841 2437/4276/2844 2413/4279/2847
f 2413/4279/2847 2410/4274/2842 2436/4273/2841
f 2438/4277/2845 2439/4280/2848 2415/4283/2851
f 2415/4283/2851 2412/4278/2846 2438/4277/2845
f 2440/4281/2849 2424/4258/2820 2420/4257/2823
f 2420/4257/2823 2414/4282/2850 2440/4281/2849
f 2432/4268/2833 2441/4284/2852 2417/4228/2855
f 2417/4228/2855 2406/4203/2834 2432/4268/2833
f 2444/4287/2857 2427/4259/2824 2403/4262/2827
f 2403/4262/2827 2419/4288/2858 2444/4287/2857
f 2445/4292/2860 2443/4286/2856 2418/4289/2859
f 2418/4289/2859 2421/4293/2861 2445/4292/2860
s 1
f 1669/2825/1931 1713/2877/1975 1798/3012/2068
f 1673/2829/1935 1719/2883/1981 1801/3015/2071
f 1665/2821/1927 1710/2874/1972 1797/3011/2067
f 1671/2827/1933 1716/2880/1978 1799/3013/2069
f 1662/2816/1924 1706/2869/1968 1795/3008/2065
f 1668/2891/1930 1727/2892/1989 1796/3010/2066
f 1664/2871/1926 1708/2872/1970 1802/3016/2072
f 2426/4294/2862 1723/4295/1985 1800/3014/2070
f 1800/3014/2070 2420/4245/2816 2426/4294/2862
f 1800/3014/2070 1723/4295/1985 1675/2831/1937
f 1675/2831/1937 1673/2829/1935 1800/3014/2070
f 1723/4295/1985 2423/4296/2819 1675/2831/1937
f 2141/3603/2456 1736/2901/1998 1676/2832/1938
f 1676/2832/1938 1675/2831/1937 2141/3603/2456
f 2141/3603/2456 1679/2836/1941 1736/2901/1998
f 1679/2836/1941 1678/2954/1940 1736/2901/1998
f 1678/2954/1940 2446/4297/2863 1737/2902/1999
f 1737/2902/1999 1736/2901/1998 1678/2954/1940
f 1678/2954/1940 1685/2953/1947 2446/4297/2863
f 1685/2953/1947 1684/4298/1946 2446/4297/2863
f 2447/4299/2864 1553/2676/1814 1544/2674/1805
f 1544/4300/1805 2448/4301/2865 2447/4302/2864
s 64
f 2426/4255/2822 2425/4254/2821 2229/4303/2589
f 2229/4303/2589 1724/4304/2592 2426/4255/2822
f 2449/4305/2866 2230/4306/2590 2450/4307/2867
s 1
f 1724/2888/1986 1723/2887/1985 2426/4308/2862
f 1554/2677/1815 2447/4299/2864 2451/4309/2868
f 1652/4310/1914 1701/4311/1963 1702/4312/1964
f 1702/4313/1964 1632/2800/1894 1652/2803/1914
f 1702/4313/1964 1705/4314/1967 1633/4315/2869
f 1633/4315/2869 1632/2800/1894 1702/4313/1964
f 1705/4314/1967 1707/4316/1969 1653/4317/2870
f 1653/4317/2870 1633/4315/2869 1705/4314/1967
f 1707/4316/1969 1709/3262/1971 1601/3261/2205
f 1601/3261/2205 1653/4317/2870 1707/4316/1969
f 1696/4318/2064 1712/3005/1974 1711/4319/1973
f 1711/2875/1973 1791/2993/2057 1696/3006/2064
f 1793/2994/2058 1715/2879/1977 1714/2878/1976
f 1714/2878/1976 1566/2995/2059 1793/2994/2058
f 1567/2997/2060 1718/2996/1980 1717/3000/1979
f 1717/3000/1979 1470/2999/2061 1567/2997/2060
f 1467/3002/2062 1721/3001/1983 1720/3029/1982
f 1720/3029/1982 1492/3028/2081 1467/3002/2062
f 1489/3031/2082 1725/2889/1987 1726/2890/1988
f 1726/4320/1988 2452/4321/2871 1489/4322/2082
f 1602/3260/2204 1729/3263/1991 1728/3004/1990
f 1728/3004/1990 1695/3003/2063 1602/3260/2204
f 2452/4321/2871 1726/4320/1988 1737/4323/1999
f 1737/4323/1999 2453/4324/2872 2452/4321/2871
f 1715/2879/1977 1711/2875/1973 1666/2822/1928
f 1718/2882/1980 1714/2878/1976 1670/2826/1932
f 1721/2885/1983 1717/2881/1979 1672/2828/1934
f 1712/2876/1974 1728/2893/1990 1667/2823/1929
f 1725/2889/1987 1720/2884/1982 1674/2830/1936
f 1729/2894/1991 1709/2873/1971 1663/2817/1925
f 2453/4324/2872 1737/4323/1999 2446/4325/2863
f 2446/4325/2863 2448/4326/2873 2453/4324/2872
f 2447/4327/2864 2448/4328/2873 2446/4297/2863
f 2446/4297/2863 2454/4329/2874 2447/4327/2864
f 1556/2681/1817 1555/2678/1816 1552/4330/1813
f 1552/4331/1813 1551/2667/1812 1556/4332/1817
f 2451/4333/2868 1552/4334/1813 1555/2680/1816
f 1555/2678/1816 1554/2677/1815 2451/4309/2868
f 1554/2677/1815 1553/2676/1814 2447/4299/2864
f 2141/3606/2456 2423/4252/2819 2422/4335/2818
f 2422/4335/2818 2142/4336/2457 2141/3606/2456
s 64
f 1773/3612/2463 2145/3611/2462 2449/4305/2866
f 2449/4305/2866 2140/4337/2875 1773/3612/2463
s 1
f 1675/2831/1937 2423/4296/2819 2141/3603/2456
f 1574/4338/1836 1469/2559/1730 1468/2558/1729
f 1468/4339/1729 1537/2987/1798 1574/2715/1836
f 1538/2652/1799 1491/2586/1752 1490/2585/1751
f 1490/2585/1751 1545/2661/1806 1538/2652/1799
f 2453/4340/2876 1540/2654/1801 1543/2657/1804
f 1543/2657/1804 2452/4341/2877 2453/4340/2876
f 2448/4342/2865 1544/2658/1805 1540/2660/1801
f 1540/2654/1801 2453/4340/2876 2448/4301/2865
f 2452/4341/2877 1543/2657/1804 1490/2585/1751
f 1490/2585/1751 1489/2584/1750 2452/4341/2877
f 1546/2662/1807 1548/2664/1809 1791/2980/2053
f 1791/2980/2053 1793/2986/2055 1546/2662/1807
f 1569/2710/1831 1568/2709/1830 1573/2977/1835
f 1573/2977/1835 1534/2648/1795 1569/2710/1831
f 1604/4343/1866 1603/4344/1865 1606/2992/1868
f 1606/2992/1868 1605/4345/1867 1604/4343/1866
f 1699/2857/1961 1698/4346/1960 1697/2981/1959
f 1697/2981/1959 1700/2858/1962 1699/2857/1961
f 1573/2977/1835 1568/2709/1830 1469/2559/1730
f 1469/2559/1730 1574/4338/1836 1573/2977/1835
f 1700/2858/1962 1697/2981/1959 1548/2664/1809
f 1548/2664/1809 1547/2663/1808 1700/2858/1962
f 1546/2662/1807 1569/2710/1831 1534/2648/1795
f 1534/2648/1795 1533/2647/1794 1546/2662/1807
f 1603/4344/1865 1698/4346/1960 1699/2857/1961
f 1699/2857/1961 1606/2992/1868 1603/4344/1865
f 1537/2987/1798 1468/4339/1729 1491/2587/1752
f 1491/2586/1752 1538/2652/1799 1537/2651/1798
f 1651/4347/1913 1604/4343/1866 1605/4345/1867
f 1747/2914/2009 1738/4348/2000 1741/2912/2003
f 1741/2912/2003 1748/2915/2010 1747/2914/2009
f 1751/2918/2013 1742/2923/2004 1738/4348/2000
f 1738/4348/2000 1747/2914/2009 1751/2918/2013
f 1748/2915/2010 1741/2912/2003 1745/2911/2007
f 1745/2911/2007 1752/2919/2014 1748/2915/2010
f 1743/2908/2005 1742/2907/2004 1756/2925/2018
f 1756/4349/2018 1757/3632/2019 1743/4350/2005
f 1762/4351/2024 2161/3659/2481 2156/3647/2476
f 2156/3629/2476 1759/2928/2021 1762/2931/2024
f 1778/2951/2040 1771/2943/2033 1745/2911/2007
f 1745/2911/2007 1744/2910/2006 1778/2951/2040
s 64
f 2146/3613/2464 2144/3610/2461 1771/3609/2460
f 1771/3609/2460 1778/3614/2465 2146/3613/2464
s 1
f 1759/4352/2021 2156/3647/2476 1756/2925/2018
f 1756/4349/2018 1755/2922/2017 1759/2928/2021
s 64
f 2148/4353/2878 2147/3616/2467 1777/3615/2466
s 1
f 1373/2463/1634 1781/2960/2043 1785/2964/2047
f 1781/2960/2043 1372/2462/1633 2269/4354/2645
f 1371/4355/1632 1779/4356/2041 2455/4357/2879
f 2455/4357/2879 2456/4358/2880 1371/4355/1632
f 1780/3932/2042 1371/4355/1632 2456/4358/2880
f 2456/4359/2880 2457/4360/2881 1780/2959/2042
f 1782/2961/2044 1785/2964/2047 2458/4361/2882
f 2458/4362/2882 2459/4363/2883 1782/4364/2044
f 1783/4365/2045 1782/4364/2044 2459/4363/2883
f 2459/4366/2883 2460/4367/2884 1783/2962/2045
f 2461/4368/2885 1784/4369/2046 1783/4365/2045
f 1783/4365/2045 2460/4370/2884 2461/4368/2885
f 1785/4371/2047 1781/4372/2043 2462/4373/2886
f 2462/4373/2886 2458/4362/2882 1785/4371/2047
f 1363/3832/1624 1826/3063/2099 2463/4374/2887
f 2463/4375/2887 2464/4376/2888 1363/4377/1624
f 1397/4378/1658 1396/4379/1657 2465/4380/2889
f 2465/4380/2889 2466/4381/2890 1397/4378/1658
f 1396/2486/1657 1411/2501/1672 2467/4382/2891
f 2467/4383/2891 2465/4380/2889 1396/4379/1657
f 1411/4384/1672 1419/4385/1680 2468/4386/2892
f 2468/4386/2892 2467/4383/2891 1411/4384/1672
f 1419/4385/1680 1499/2636/1760 2469/4387/2893
f 2469/4387/2893 2468/4386/2892 1419/4385/1680
f 1779/4356/2041 1363/3832/1624 2464/4388/2888
f 2464/4388/2888 2455/4357/2879 1779/4356/2041
f 1499/2636/1760 1526/2635/1787 2470/4389/2894
f 2470/4389/2894 2469/4387/2893 1499/2636/1760
f 2471/4390/2895 1556/4391/1817 1551/2668/1812
f 1551/2668/1812 2472/4392/2896 2471/4390/2895
f 1526/4393/1787 1556/4391/1817 2471/4390/2895
f 2471/4394/2895 2470/4395/2894 1526/4396/1787
f 2473/4397/2897 1550/2955/1811 1774/2957/2036
f 1774/2946/2036 2474/4398/2898 2473/4399/2897
f 2474/4400/2898 1774/2957/2036 1776/4401/2038
f 1776/4401/2038 2475/4402/2899 2474/4400/2898
f 2476/4403/2900 1763/2937/2025 1766/2936/2028
f 1766/2936/2028 2477/4404/2901 2476/4403/2900
f 2472/4392/2896 1551/2668/1812 1550/2955/1811
f 1550/2955/1811 2473/4397/2897 2472/4392/2896
f 1412/3062/1673 1397/4378/1658 2466/4381/2890
f 2466/4405/2890 2478/4406/2902 1412/2502/1673
f 2475/4402/2899 1776/4401/2038 1763/2937/2025
f 1763/2937/2025 2476/4403/2900 2475/4402/2899
f 1826/4407/2099 1412/4408/1673 2478/4409/2902
f 2478/4409/2902 2463/4375/2887 1826/4407/2099
f 2269/3933/2645 1780/3932/2042 2457/4410/2881
f 2457/4410/2881 2479/4411/2903 2269/3933/2645
f 1781/4372/2043 2269/3933/2645 2479/4411/2903
f 2479/4412/2903 2462/4413/2886 1781/4414/2043
f 2477/4404/2901 1766/2936/2028 2151/3625/2471
f 2151/3625/2471 2480/4415/2904 2477/4404/2901
f 1762/2931/2024 1761/2930/2023 2481/4416/2905
f 2481/4416/2905 2482/4417/2906 1762/2931/2024
f 2179/3666/2499 2161/3635/2481 2483/4418/2907
f 2483/4418/2907 2484/4419/2908 2179/3666/2499
f 2151/3625/2471 2152/3624/2472 2485/4420/2909
f 2485/4420/2909 2486/4421/2910 2151/3625/2471
f 2152/3624/2472 2179/3666/2499 2484/4419/2908
f 2484/4419/2908 2485/4420/2909 2152/3624/2472
f 2486/4422/2910 2487/4423/2911 2480/4424/2904
f 2480/4415/2904 2151/3625/2471 2486/4421/2910
f 2161/3635/2481 1762/2931/2024 2482/4417/2906
f 2482/4417/2906 2483/4418/2907 2161/3635/2481
s 33
f 2488/4425/2912 2456/4426/2913 2455/4427/2914
f 2455/4427/2914 2489/4428/2915 2488/4425/2912
f 2490/4429/2916 2457/4430/2917 2456/4426/2913
f 2456/4426/2913 2488/4425/2912 2490/4429/2916
f 2491/4431/2918 2459/4432/2919 2458/4433/2920
f 2458/4433/2920 2492/4434/2921 2491/4431/2918
f 2493/4435/2922 2460/4436/2923 2459/4432/2919
f 2459/4432/2919 2491/4431/2918 2493/4435/2922
f 2494/4437/2924 2461/4438/2925 2460/4436/2923
f 2460/4436/2923 2493/4435/2922 2494/4437/2924
f 2492/4434/2921 2458/4433/2920 2462/4439/2926
f 2462/4439/2926 2495/4440/2927 2492/4434/2921
f 2464/4441/2928 2463/4442/2929 2496/4443/2930
f 2497/4444/2931 2466/4445/2932 2465/4446/2933
f 2465/4446/2933 2498/4447/2934 2497/4444/2931
f 2498/4447/2934 2465/4446/2933 2467/4448/2935
f 2467/4448/2935 2499/4449/2936 2498/4447/2934
f 2499/4449/2936 2467/4448/2935 2468/4450/2937
f 2468/4450/2937 2500/4451/2938 2499/4449/2936
f 2500/4451/2938 2468/4450/2937 2469/4452/2939
f 2469/4453/2939 2501/4454/2940 2500/4455/2938
f 2489/4428/2915 2455/4427/2914 2464/4441/2928
f 2464/4441/2928 2496/4443/2930 2489/4428/2915
f 2501/4456/2940 2469/4457/2939 2470/4458/2941
f 2470/4459/2941 2502/4460/2942 2501/4454/2940
f 2503/4461/2943 2471/4462/2944 2472/4463/2945
f 2472/4463/2945 2504/4464/2946 2503/4461/2943
f 2502/4465/2942 2470/4466/2941 2471/4462/2944
f 2471/4462/2944 2503/4461/2943 2502/4465/2942
f 2505/4467/2947 2473/4468/2948 2474/4469/2949
f 2474/4470/2949 2506/4471/2950 2505/4472/2947
f 2506/4473/2950 2474/4474/2949 2475/4475/2951
f 2475/4475/2951 2507/4476/2952 2506/4473/2950
f 2508/4477/2953 2476/4478/2954 2477/4479/2955
f 2477/4479/2955 2509/4480/2956 2508/4477/2953
f 2504/4464/2946 2472/4463/2945 2473/4481/2948
f 2473/4481/2948 2505/4482/2947 2504/4464/2946
f 2478/4483/2957 2466/4445/2932 2497/4444/2931
f 2497/4444/2931 2496/4443/2930 2478/4483/2957
f 2507/4476/2952 2475/4475/2951 2476/4478/2954
f 2476/4478/2954 2508/4477/2953 2507/4476/2952
f 2463/4442/2929 2478/4483/2957 2496/4443/2930
f 2510/4484/2958 2479/4485/2959 2457/4430/2917
f 2457/4430/2917 2490/4429/2916 2510/4484/2958
f 2495/4440/2927 2462/4439/2926 2479/4485/2959
f 2479/4485/2959 2510/4484/2958 2495/4440/2927
f 2509/4480/2956 2477/4479/2955 2480/4486/2960
f 2480/4486/2960 2511/4487/2961 2509/4480/2956
f 2511/4488/2961 2480/4424/2960 2487/4423/2962
f 2487/4423/2962 2512/4489/2963 2511/4488/2961
f 2489/4490/2915 2513/4491/2964 2514/4492/2965
f 2514/4492/2965 2488/4493/2912 2489/4490/2915
f 2488/4493/2912 2514/4492/2965 2515/4494/2966
f 2515/4494/2966 2490/4495/2916 2488/4493/2912
f 2492/4496/2967 2516/4497/2968 2517/4498/2969
f 2517/4498/2969 2491/4499/2970 2492/4496/2967
f 2491/4499/2970 2517/4498/2969 2518/4500/2971
f 2518/4500/2971 2493/4501/2972 2491/4499/2970
f 2493/4501/2972 2518/4500/2971 2519/4502/2973
f 2519/4502/2973 2494/4503/2974 2493/4501/2972
f 2494/4503/2974 2519/4502/2973 1207/2147/1396
f 1207/2147/1396 1206/2146/1395 2494/4503/2974
f 2495/4504/2975 2520/4505/2976 2516/4497/2968
f 2516/4497/2968 2492/4496/2967 2495/4504/2975
f 2498/4506/2934 2521/4507/2977 2522/4508/2978
f 2522/4508/2978 2497/4509/2931 2498/4506/2934
f 2499/4510/2936 2523/4511/2979 2521/4507/2977
f 2521/4507/2977 2498/4506/2934 2499/4510/2936
f 2500/4455/2938 2524/4512/2980 2523/4511/2979
f 2523/4511/2979 2499/4510/2936 2500/4455/2938
f 2501/4454/2940 2525/4513/2981 2524/4512/2980
f 2524/4512/2980 2500/4455/2938 2501/4454/2940
f 2496/4514/2930 2526/4515/2982 2513/4491/2964
f 2513/4491/2964 2489/4490/2915 2496/4514/2930
f 2502/4460/2942 2527/4516/2983 2525/4513/2981
f 2525/4513/2981 2501/4454/2940 2502/4460/2942
f 2504/4517/2946 2528/4518/2984 2529/4519/2985
f 2529/4519/2985 2503/4520/2943 2504/4517/2946
f 2503/4521/2943 2529/4522/2985 2527/4516/2983
f 2527/4516/2983 2502/4460/2942 2503/4521/2943
f 2506/4473/2986 2530/4523/2987 2531/4524/2988
f 2531/4524/2988 2505/4525/2947 2506/4473/2986
f 2507/4476/2989 2532/4526/2990 2530/4523/2987
f 2530/4523/2987 2506/4473/2986 2507/4476/2989
f 2509/4480/2991 2533/4527/2992 2534/4528/2993
f 2534/4528/2993 2508/4477/2994 2509/4480/2991
f 2505/4525/2947 2531/4524/2988 2528/4518/2984
f 2528/4518/2984 2504/4517/2946 2505/4525/2947
f 2497/4509/2931 2522/4508/2978 2526/4515/2982
f 2526/4515/2982 2496/4514/2930 2497/4509/2931
f 2508/4477/2994 2534/4528/2993 2532/4526/2990
f 2532/4526/2990 2507/4476/2989 2508/4477/2994
f 2511/4487/2995 2535/4529/2996 2536/4530/2997
f 2511/4487/2995 2536/4530/2997 2533/4527/2992
f 2511/4487/2995 2533/4527/2992 2509/4480/2991
f 2490/4495/2916 2515/4494/2966 2510/4531/2958
f 2510/4531/2958 2515/4494/2966 2520/4505/2976
f 2520/4505/2976 2495/4504/2975 2510/4531/2958
f 2511/4488/2995 2512/4489/2998 2535/4532/2996
s 1
f 2537/4533/2999 2481/4534/2905 1761/4535/2023
f 1761/4535/2023 2538/4536/3000 2537/4533/2999
f 2538/4537/3000 1761/2930/2023 1760/2929/2022
f 1760/2929/2022 2539/4538/3001 2538/4537/3000
f 2539/4538/3001 1760/2929/2022 1754/2921/2016
f 1754/2921/2016 2540/4539/3002 2539/4538/3001
f 2540/4539/3002 1754/2921/2016 1750/2917/2012
f 1750/4540/2012 2541/4541/3003 2540/4542/3002
f 2541/4541/3003 1750/4540/2012 1746/4543/2008
f 1746/4543/2008 2542/4544/3004 2541/4541/3003
f 2542/4544/3004 1746/4543/2008 1749/4545/2011
f 1749/4545/2011 2543/4546/3005 2542/4544/3004
f 2543/4546/3005 1749/4545/2011 1753/4547/2015
f 1753/4548/2015 2544/4549/3006 2543/4550/3005
f 2544/4551/3006 1753/4547/2015 2140/4552/2455
f 2140/4553/2455 2450/4554/3007 2544/4555/3006
s 64
f 2140/4552/2875 2449/4556/2866 2450/4557/3008
f 1722/4558/2591 2230/4306/2590 2449/4305/2866
f 2449/4305/2866 2422/4559/3009 1722/4558/2591
f 2422/4559/3009 2449/4305/2866 2145/3611/2462
f 2145/3611/2462 2142/4560/3010 2422/4559/3009
f 2142/4560/3010 2145/3611/2462 2143/3607/2458
f 2143/3607/2458 1680/4561/3011 2142/4560/3010
f 1680/4562/3011 2143/4563/2458 2144/4564/2461
f 2144/4564/2461 1681/4565/3012 1680/4562/3011
f 2144/3610/2461 2146/3613/2464 1677/4566/3013
f 1677/4567/3013 1681/4565/3012 2144/4564/2461
s 78
f 2545/4568/3014 2546/4569/3015 2482/4570/3016
f 2482/4570/3016 2481/4571/3017 2545/4568/3014
f 2547/4572/3018 2548/4573/3019 2484/4574/3020
f 2484/4574/3020 2483/4575/3021 2547/4572/3018
f 2486/4576/3022 2485/4577/3023 2549/4578/3024
f 2486/4576/3022 2549/4578/3024 2550/4579/3025
f 2486/4576/3022 2550/4579/3025 2551/4580/3026
f 2548/4573/3019 2549/4578/3024 2485/4577/3023
f 2485/4577/3023 2484/4574/3020 2548/4573/3019
f 2552/4581/3027 2487/4582/3028 2486/4576/3022
f 2486/4576/3022 2551/4580/3026 2552/4581/3027
f 2546/4569/3015 2547/4572/3018 2483/4575/3021
f 2483/4575/3021 2482/4570/3016 2546/4569/3015
s 79
f 2537/4533/3029 2538/4536/3030 2553/4583/3031
s 80
f 2553/4583/3032 2554/4584/3033 2537/4533/3034
s 78
f 2537/4533/3035 2555/4585/3036 2545/4586/3014
f 2545/4568/3014 2481/4571/3017 2537/4587/3035
s 79
f 2556/4588/3037 2553/4589/3031 2538/4590/3030
f 2538/4590/3030 2539/4591/3038 2556/4588/3037
f 2557/4592/3039 2556/4588/3037 2539/4591/3038
f 2539/4591/3038 2540/4593/3040 2557/4592/3039
f 2558/4594/3041 2557/4592/3039 2540/4593/3040
f 2540/4593/3040 2541/4595/3042 2558/4594/3041
f 2559/4596/3043 2558/4594/3041 2541/4595/3042
f 2541/4595/3042 2542/4597/3044 2559/4596/3043
f 2560/4598/3045 2559/4599/3043 2542/4600/3044
f 2542/4600/3044 2543/4601/3046 2560/4598/3045
f 2561/4602/3047 2560/4598/3045 2543/4601/3046
f 2543/4601/3046 2544/4603/3048 2561/4602/3047
f 2544/4603/3048 2450/4604/3049 2561/4602/3047
s 1
f 1549/2670/1810 1552/2669/1813 2451/4605/2868
f 2451/4605/2868 1768/4606/2030 1549/2670/1810
f 1686/2844/1948 1549/2665/1810 1768/2940/2030
f 1768/2940/2030 1767/2939/2029 1686/2844/1948
f 2446/4325/2863 1684/2842/1946 2454/4607/2874
f 1684/2842/1946 1683/2841/1945 2454/4607/2874
s 64
f 1683/4608/3050 2148/4353/2878 2454/4609/3051
s 1
f 2148/3618/2468 1769/3617/2031 2454/4610/2874
f 2454/4611/2874 1769/2941/2031 1768/2940/2030
f 1768/4612/2030 2451/4333/2868 2454/4329/2874
f 2451/4309/2868 2447/4299/2864 2454/4607/2874
f 2562/4613/3052 2255/3842/2624 1844/3101/2118
f 1844/4614/2118 2563/4615/3053 2562/4616/3052
f 2564/4617/3054 1644/4618/1906 1837/3082/2111
f 1837/4619/2111 2565/4620/3055 2564/4621/3054
f 2566/4622/3056 1643/4623/1905 1644/4618/1906
f 1644/4618/1906 2564/4617/3054 2566/4622/3056
f 2567/4624/3057 1646/4625/1908 1643/4623/1905
f 1643/2791/1905 2566/4626/3056 2567/4627/3057
f 2568/4628/3058 1647/2795/1909 1646/4625/1908
f 1646/4625/1908 2567/4624/3057 2568/4628/3058
f 1650/2802/1912 1647/2795/1909 2568/4628/3058
f 2568/4629/3058 2569/4630/3059 1650/4631/1912
f 1652/2803/1914 1650/2802/1912 2569/4632/3059
f 2569/4630/3059 2570/4633/3060 1652/4634/1914
f 2571/4635/3061 1735/4636/1997 1734/4637/1996
f 1734/4637/1996 2572/4638/3062 2571/4635/3061
f 2573/4639/3063 1656/4640/1918 1655/4641/1917
f 1655/4641/1917 2574/4642/3064 2573/4639/3063
f 1655/4641/1917 1701/4311/1963 2575/4643/3065
f 2575/4643/3065 2574/4642/3064 1655/4641/1917
f 2572/4638/3062 1734/4637/1996 1656/4640/1918
f 1656/4640/1918 2573/4639/3063 2572/4638/3062
f 2565/4644/3055 1837/3082/2111 1839/3843/2113
f 1839/3843/2113 2576/4645/3066 2565/4644/3055
f 2576/4645/3066 1839/3843/2113 2255/3842/2624
f 2255/4646/2624 2562/4616/3052 2576/4647/3066
f 2563/4615/3053 1844/4614/2118 1843/4648/2117
f 1843/4648/2117 2577/4649/3067 2563/4615/3053
f 1701/4311/1963 1652/4310/1914 2570/4650/3060
f 2570/4650/3060 2575/4643/3065 1701/4311/1963
s 81
f 2562/4651/3068 2563/4652/3069 2578/4653/3070
f 2564/4654/3071 2565/4655/3072 2578/4656/3070
f 2578/4656/3070 2579/4657/3073 2564/4654/3071
f 2579/4657/3073 2580/4658/3074 2566/4659/3075
f 2566/4659/3075 2564/4654/3071 2579/4657/3073
f 2580/4658/3074 2581/4660/3076 2567/4661/3077
f 2567/4661/3077 2566/4659/3075 2580/4658/3074
f 2581/4660/3076 2582/4662/3078 2568/4663/3079
f 2568/4663/3079 2567/4661/3077 2581/4660/3076
f 2582/4662/3078 2583/4664/3080 2569/4665/3081
f 2569/4665/3081 2568/4663/3079 2582/4662/3078
f 2570/4666/3082 2569/4665/3081 2583/4664/3080
f 2584/4667/3083 2585/4668/3084 2571/4669/3085
f 2571/4669/3085 2572/4670/3086 2584/4667/3083
f 2586/4671/3087 2587/4672/3088 2573/4673/3089
f 2573/4673/3089 2574/4674/3090 2586/4671/3087
f 2588/4675/3091 2586/4671/3087 2574/4674/3090
f 2574/4674/3090 2575/4676/3092 2588/4675/3091
f 2587/4672/3088 2584/4667/3083 2572/4670/3086
f 2572/4670/3086 2573/4673/3089 2587/4672/3088
f 2565/4677/3072 2576/4647/3093 2578/4678/3070
f 2577/4679/3094 2589/4680/3095 2578/4653/3070
f 2576/4647/3093 2562/4616/3068 2578/4678/3070
f 2563/4652/3069 2577/4679/3094 2578/4653/3070
f 2589/4680/3095 2590/4681/3096 2591/4682/3097
f 2591/4682/3097 2578/4653/3070 2589/4680/3095
f 2592/4683/3098 2570/4666/3082 2583/4664/3080
s 1
f 1733/4684/1995 2593/4685/3099 2594/4686/3100
f 2594/4686/3100 1803/4248/2073 1733/4684/1995
f 1735/4636/1997 2595/4687/3101 2593/4685/3099
f 2593/4685/3099 1733/4684/1995 1735/4636/1997
f 1803/4248/2073 2594/4686/3100 2596/4688/3102
f 2596/4688/3102 2421/4249/2817 1803/4248/2073
s 64
f 2596/4689/3103 2597/4690/3104 2445/4691/2860
f 2445/4691/2860 2421/4692/2861 2596/4689/3103
s 1
f 2598/4693/3105 2595/4687/3101 1735/4636/1997
f 1735/4636/1997 2571/4635/3061 2598/4693/3105
s 81
f 2585/4668/3084 2599/4694/3106 2598/4695/3107
f 2598/4695/3107 2571/4669/3085 2585/4668/3084
s 82
f 2600/4696/3108 2601/4697/3109 2602/4698/3110
f 2602/4698/3110 2603/4699/3111 2600/4696/3108
s 83
f 2593/4700/3112 2604/4701/3113 2605/4702/3114
f 2605/4702/3114 2594/4703/3115 2593/4700/3112
f 2594/4703/3115 2605/4702/3114 2606/4704/3116
s 84
f 2606/4704/3117 2596/4705/3118 2594/4703/3119
s 64
f 2596/4689/3103 2606/4706/3120 2607/4707/3121
f 2607/4707/3121 2597/4690/3104 2596/4689/3103
s 85
f 2601/4708/3122 2608/4709/3123 2609/4710/3124
f 2609/4710/3124 2602/4711/3125 2601/4708/3122
s 86
f 2599/4712/3126 2610/4713/3127 2611/4714/3126
s 87
f 2611/4715/3128 2598/4716/3129 2599/4717/3128
s 83
f 2598/4718/3130 2611/4714/3131 2612/4719/3132
f 2612/4720/3132 2595/4687/3133 2598/4693/3130
f 2595/4687/3133 2612/4720/3132 2604/4721/3113
f 2604/4701/3113 2593/4700/3112 2595/4722/3133
s 82
f 2603/4699/3111 2613/4723/3134 2600/4696/3108
f 2614/4724/3135 2615/4725/3136 2616/4726/3137
f 2614/4724/3135 2617/4727/3138 2615/4725/3136
f 2618/4728/3139 2619/4729/3140 2617/4727/3138
f 2617/4727/3138 2614/4724/3135 2618/4728/3139
f 2620/4730/3141 2619/4729/3140 2618/4728/3139
f 2618/4731/3139 2621/4732/3142 2620/4732/3141
s 81
f 2575/4676/3092 2570/4666/3082 2592/4683/3098
f 2592/4683/3098 2588/4675/3091 2575/4676/3092
s 82
f 2616/4726/3137 2615/4725/3136 2622/4733/3143
f 2622/4733/3143 2603/4699/3111 2616/4726/3137
f 2603/4699/3111 2622/4733/3143 2613/4723/3134
s 55
f 2075/3476/2364 2062/4734/2351 2061/3477/2350
s 82
f 2623/4735/3144 2613/4723/3134 2624/4736/3145
f 2624/4736/3145 2625/4737/3146 2623/4735/3144
f 2600/4696/3108 2613/4723/3134 2623/4735/3144
s 1
f 1666/2822/1928 1711/2875/1973 1667/2823/1929
f 1670/2826/1932 1714/2878/1976 1666/2822/1928
f 1672/2828/1934 1717/2881/1979 1670/2826/1932
f 1667/2823/1929 1728/2893/1990 1663/2817/1925
f 1674/2830/1936 1720/2884/1982 1672/2828/1934
f 1663/2817/1925 1709/2873/1971 1661/2818/1923
f 1625/2768/1887 1628/4738/1890 1648/3878/1910
f 1648/3878/1910 1645/2793/1907 1625/2768/1887
f 1647/4739/1909 1629/4740/1891 1624/2767/1886
f 1624/2767/1886 1646/2794/1908 1647/4739/1909
f 1624/2767/1886 1629/4740/1891 1628/4738/1890
f 1628/4738/1890 1625/2768/1887 1624/2767/1886
f 1650/2798/1912 1626/2774/1888 1647/4739/1909
s 64
f 1677/4566/3013 2146/3613/2464 2147/3616/2467
f 2147/3616/2467 1682/4741/3147 1677/4566/3013
f 1682/4741/3147 2147/3616/2467 2148/4353/2878
f 2148/4353/2878 1683/4608/3050 1682/4741/3147
s 88
f 2626/4742/3148 2627/4743/3149 2609/4744/3150
s 89
f 2626/4745/3151 2609/4710/3150 2608/4709/3152
f 2608/4746/3152 2628/4747/3153 2629/4748/3154
f 2626/4745/3151 2608/4709/3152 2629/4749/3154
f 2626/4745/3151 2629/4749/3154 2630/4750/3155
s 54
f 1939/3320/2259 2232/3823/2621 1975/3321/2260
s 1
f 1806/3021/2076 1807/3023/2077 1487/2582/1748
s 52
f 2231/3785/2593 2232/3786/2594 1939/3276/2218
f 1939/3276/2218 1938/3275/2217 2231/3785/2593
s 1
f 1806/3853/2076 2231/3854/2625 1938/3856/2626
f 1938/3856/2626 1807/3855/2077 1806/3853/2076
s 54
f 1943/3326/2265 1941/3325/2264 1977/3324/2263
s 1
f 1503/3851/1764 2254/3858/2620 1808/3025/2078
f 1942/3819/2619 2254/3822/2620 1503/2600/1764
f 1503/2600/1764 1502/2599/1763 1942/3819/2619
s 52
f 1502/3280/2222 1941/3279/2221 1943/3283/2225
f 1943/3283/2225 1942/3282/2224 1502/3280/2222
s 2
f 1378/2468/1639 1319/2400/1578 675/957/704
f 675/957/704 1379/2469/1640 1378/2468/1639
s 1
f 1436/2526/1697 558/772/571 1320/2401/1579
f 1320/2401/1579 1437/2527/1698 1436/2526/1697
f 1784/2963/2046 1321/2402/1580 49/49/49
f 49/49/49 1376/2466/1637 1784/2963/2046
s 8
f 1322/2403/1581 1323/2404/1582 2014/3379/2303
f 2014/3379/2303 2013/3378/2302 1322/2403/1581
s 10
f 2038/4751/2327 1325/2407/1584 1324/2406/1583
f 1324/2405/1583 2039/3413/2328 2038/3412/2327
s 12
f 1326/2409/1585 1327/2410/1586 2068/3469/2357
f 2068/3469/2357 2067/3468/2356 1326/2409/1585
s 13
f 2081/3484/2370 1328/2412/1588 824/2411/1587
f 824/2411/1587 2082/3485/2371 2081/3484/2370
s 1
f 1437/2527/1698 1320/2401/1579 548/2413/561
f 548/2413/561 1580/2721/1842 1437/2527/1698
f 2461/4368/2885 1329/2415/1589 1321/2414/1580
f 1321/2414/1580 1784/4369/2046 2461/4368/2885
s 33
f 2494/4437/2924 1206/2417/1591 1329/2416/1590
f 1329/2416/1590 2461/4438/2925 2494/4437/2924
s 1
f 1883/3164/2157 1330/2419/1592 543/2418/556
f 543/2418/556 1867/3163/2141 1883/3164/2157
f 2078/3481/2367 2079/3482/2368 2631/4752/3156
f 2631/4753/3156 2632/4754/2349 2078/4755/2367
s 90
f 2633/4756/3157 2634/4757/3158 2635/4758/3159
f 2635/4758/3159 2636/4759/3160 2633/4756/3157
f 2637/4760/3161 2638/4761/3162 2639/4762/3163
f 2639/4762/3163 2640/4763/3164 2637/4760/3161
f 2641/4764/3165 2642/4765/3166 2643/4766/3167
f 2643/4766/3167 2644/4767/3168 2641/4764/3165
f 2645/4768/3169 2646/4769/3170 2647/4770/3171
f 2647/4770/3171 2648/4771/3172 2645/4768/3169
f 2649/4772/3173 2650/4773/3174 2651/4774/3175
f 2651/4774/3175 2652/4775/3176 2649/4772/3173
f 2653/4776/3177 2654/4777/3178 2655/4778/3179
f 2655/4778/3179 2656/4779/3180 2653/4776/3177
f 2657/4780/3181 2658/4781/3182 2659/4782/3183
f 2659/4782/3183 2660/4783/3184 2657/4780/3181
f 2661/4784/3185 2662/4785/3186 2663/4786/3187
f 2663/4786/3187 2664/4787/3188 2661/4784/3185
f 2665/4788/3189 2666/4789/3190 2667/4790/3191
f 2667/4790/3191 2668/4791/3192 2665/4788/3189
f 2669/4792/3193 2670/4793/3194 2671/4794/3195
f 2671/4794/3195 2672/4795/3196 2669/4792/3193
f 2673/4796/3197 2674/4797/3198 2675/4798/3199
f 2675/4798/3199 2676/4799/3200 2673/4796/3197
f 2670/4793/3194 2673/4796/3197 2676/4799/3200
f 2676/4799/3200 2671/4794/3195 2670/4793/3194
f 2677/4800/3201 2678/4801/3202 2666/4789/3190
f 2666/4789/3190 2665/4788/3189 2677/4800/3201
f 2654/4802/3178 2661/4784/3185 2664/4787/3188
f 2664/4787/3188 2655/4803/3179 2654/4802/3178
f 2662/4785/3186 2668/4791/3192 2667/4790/3191
f 2667/4790/3191 2663/4786/3187 2662/4785/3186
f 2677/4800/3201 2669/4792/3193 2672/4795/3196
f 2672/4795/3196 2678/4801/3202 2677/4800/3201
f 2645/4768/3169 2653/4776/3177 2656/4779/3180
f 2656/4779/3180 2646/4769/3170 2645/4768/3169
f 2658/4781/3182 2648/4771/3172 2647/4770/3171
f 2647/4770/3171 2659/4782/3183 2658/4781/3182
f 2650/4773/3174 2657/4780/3181 2660/4783/3184
f 2660/4783/3184 2651/4774/3175 2650/4773/3174
f 2640/4763/3164 2639/4762/3163 2634/4757/3158
f 2634/4757/3158 2633/4756/3157 2640/4763/3164
f 2644/4767/3168 2643/4766/3167 2638/4761/3162
f 2638/4761/3162 2637/4760/3161 2644/4767/3168
f 2641/4764/3165 2649/4772/3173 2652/4775/3176
f 2652/4775/3176 2642/4765/3166 2641/4764/3165
f 2679/4804/3203 2680/4805/3204 2635/4758/3159
f 2635/4758/3159 2634/4757/3158 2679/4804/3203
f 2681/4806/3205 2682/4807/3206 2639/4762/3163
f 2639/4808/3163 2638/4809/3162 2681/4810/3205
f 2683/4811/3207 2684/4812/3208 2643/4813/3167
f 2643/4766/3167 2642/4765/3166 2683/4814/3207
f 2651/4774/3175 2685/4815/3209 2686/4816/3210
f 2686/4816/3210 2652/4775/3176 2651/4774/3175
f 2687/4817/3211 2688/4818/3212 2656/4779/3180
f 2656/4779/3180 2655/4778/3179 2687/4817/3211
f 2689/4819/3213 2690/4820/3214 2664/4787/3188
f 2664/4787/3188 2663/4786/3187 2689/4819/3213
f 2691/4821/3215 2692/4822/3216 2667/4790/3191
f 2667/4790/3191 2666/4789/3190 2691/4821/3215
f 2693/4823/3217 2694/4824/3218 2672/4795/3196
f 2672/4795/3196 2671/4794/3195 2693/4823/3217
f 2695/4825/3219 2696/4826/3220 2676/4799/3200
f 2676/4799/3200 2675/4798/3199 2695/4825/3219
f 2696/4826/3220 2693/4823/3217 2671/4794/3195
f 2671/4794/3195 2676/4799/3200 2696/4826/3220
f 2697/4827/3221 2691/4821/3215 2666/4789/3190
f 2666/4789/3190 2678/4801/3202 2697/4827/3221
f 2690/4820/3214 2687/4828/3211 2655/4803/3179
f 2655/4803/3179 2664/4787/3188 2690/4820/3214
f 2692/4822/3216 2689/4819/3213 2663/4786/3187
f 2663/4786/3187 2667/4790/3191 2692/4822/3216
f 2694/4824/3218 2697/4827/3221 2678/4801/3202
f 2678/4801/3202 2672/4795/3196 2694/4824/3218
f 2698/4829/3222 2685/4815/3209 2651/4774/3175
f 2651/4774/3175 2660/4783/3184 2698/4829/3222
f 2680/4805/3204 2699/4830/3223 2700/4831/3224
f 2700/4831/3224 2635/4758/3159 2680/4805/3204
f 2682/4807/3206 2679/4804/3203 2634/4757/3158
f 2634/4757/3158 2639/4762/3163 2682/4807/3206
f 2643/4766/3167 2684/4832/3208 2681/4806/3205
f 2681/4806/3205 2638/4761/3162 2643/4766/3167
f 2701/4833/3225 2683/4814/3207 2642/4765/3166
f 2642/4765/3166 2652/4775/3176 2701/4833/3225
f 2674/4834/3198 2702/4835/3226 2703/4836/3227
f 2703/4836/3227 2675/4837/3199 2674/4834/3198
f 2675/4798/3199 2703/4838/3227 2704/4839/3228
f 2704/4839/3228 2695/4825/3219 2675/4798/3199
f 2705/4840/3157 2706/4841/3229 2680/4805/3204
f 2680/4805/3204 2679/4804/3203 2705/4840/3157
f 2707/4842/3230 2708/4843/3231 2682/4807/3206
f 2682/4807/3206 2681/4806/3205 2707/4842/3230
f 2709/4844/3232 2710/4845/3233 2684/4832/3208
f 2684/4832/3208 2683/4814/3207 2709/4844/3232
f 2711/4846/3234 2712/4847/3235 2686/4816/3210
f 2686/4816/3210 2685/4815/3209 2711/4846/3234
f 2713/4848/3236 2711/4846/3234 2685/4815/3209
f 2685/4815/3209 2698/4829/3222 2713/4848/3236
f 2706/4841/3229 2714/4849/3237 2699/4830/3223
f 2699/4830/3223 2680/4805/3204 2706/4841/3229
f 2708/4843/3231 2705/4840/3157 2679/4804/3203
f 2679/4804/3203 2682/4807/3206 2708/4843/3231
f 2684/4832/3208 2710/4845/3233 2707/4842/3230
f 2707/4842/3230 2681/4806/3205 2684/4832/3208
f 2712/4847/3235 2715/4850/3238 2701/4833/3225
f 2701/4833/3225 2686/4816/3210 2712/4847/3235
f 2698/4829/3222 2660/4783/3184 2659/4782/3183
f 2659/4782/3183 2716/4851/3239 2698/4829/3222
s 91
f 2706/4852/3240 2705/4853/3241 2717/4854/3242
f 2717/4854/3242 2718/4855/3243 2706/4852/3240
f 2708/4856/3244 2707/4857/3245 2719/4858/3246
f 2719/4858/3246 2720/4859/3247 2708/4856/3244
f 2710/4860/3248 2709/4861/3249 2721/4862/3250
f 2721/4862/3250 2722/4863/3251 2710/4860/3248
f 2712/4864/3252 2711/4865/3253 2723/4866/3254
f 2723/4866/3254 2724/4867/3255 2712/4864/3252
f 2711/4865/3253 2713/4868/3256 2725/4869/3257
f 2725/4869/3257 2723/4866/3254 2711/4865/3253
f 2705/4853/3241 2708/4856/3244 2720/4859/3247
f 2720/4859/3247 2717/4854/3242 2705/4853/3241
f 2707/4857/3245 2710/4860/3248 2722/4863/3251
f 2722/4863/3251 2719/4858/3246 2707/4857/3245
f 2709/4861/3249 2715/4870/3258 2726/4871/3259
f 2726/4871/3259 2721/4862/3250 2709/4861/3249
f 2725/4869/3257 2727/4872/3260 2723/4866/3254
f 2723/4866/3254 2728/4873/3261 2724/4867/3255
f 2724/4867/3255 2728/4873/3261 2726/4871/3259
f 2729/4874/3262 2730/4875/3263 2722/4863/3251
f 2722/4863/3251 2721/4862/3250 2729/4874/3262
f 2730/4875/3263 2731/4876/3264 2719/4858/3246
f 2719/4858/3246 2722/4863/3251 2730/4875/3263
f 2719/4858/3246 2731/4876/3264 2720/4859/3247
f 2731/4876/3264 2732/4877/3265 2717/4854/3242
f 2717/4854/3242 2720/4859/3247 2731/4876/3264
f 2717/4854/3242 2732/4877/3265 2718/4855/3243
f 2718/4855/3243 2732/4877/3265 2733/4878/3266
f 2733/4878/3266 2734/4879/3267 2718/4855/3243
f 2727/4872/3260 2728/4873/3261 2723/4866/3254
s 90
f 2715/4850/3238 2709/4844/3232 2683/4814/3207
f 2683/4814/3207 2701/4833/3225 2715/4850/3238
s 91
f 2715/4870/3258 2712/4864/3252 2724/4867/3255
f 2724/4867/3255 2726/4871/3259 2715/4870/3258
s 90
f 2652/4775/3176 2686/4816/3210 2701/4833/3225
s 91
f 2728/4873/3261 2729/4874/3262 2726/4871/3259
f 2729/4874/3262 2721/4862/3250 2726/4871/3259
s 90
f 2636/4759/3160 2635/4758/3159 2700/4831/3224
f 2700/4831/3224 2735/4880/3223 2636/4759/3160
s 91
f 2706/4852/3240 2718/4855/3243 2734/4879/3267
f 2734/4879/3267 2714/4881/3268 2706/4852/3240
s 90
f 2736/4882/3269 2737/4883/3270 2738/4884/3271
f 2738/4884/3271 2739/4885/3272 2736/4882/3269
f 2740/4886/3273 2741/4887/3274 2742/4888/3275
f 2742/4888/3275 2743/4889/3276 2740/4886/3273
f 2744/4890/3277 2745/4891/3278 2746/4892/3279
f 2746/4892/3279 2747/4893/3280 2744/4890/3277
f 2748/4894/3281 2749/4895/3282 2750/4896/3283
f 2750/4896/3283 2751/4897/3284 2748/4894/3281
f 2752/4898/3285 2753/4899/3286 2754/4900/3287
f 2754/4900/3287 2755/4901/3288 2752/4898/3285
f 2756/4902/3289 2757/4903/3290 2758/4904/3291
f 2758/4904/3291 2759/4905/3292 2756/4902/3289
f 2760/4906/3293 2761/4907/3294 2762/4908/3295
f 2762/4908/3295 2763/4909/3296 2760/4906/3293
f 2764/4910/3297 2765/4911/3298 2766/4912/3299
f 2766/4912/3299 2767/4913/3300 2764/4910/3297
f 2768/4914/3301 2769/4915/3302 2770/4916/3303
f 2770/4916/3303 2771/4917/3304 2768/4914/3301
f 2772/4918/3305 2773/4919/3306 2774/4920/3307
f 2774/4920/3307 2775/4921/3308 2772/4918/3305
f 2776/4922/3309 2777/4923/3310 2778/4924/3311
f 2778/4924/3311 2779/4925/3312 2776/4922/3309
f 2775/4921/3308 2774/4920/3307 2777/4923/3310
f 2777/4923/3310 2776/4922/3309 2775/4921/3308
f 2780/4926/3313 2768/4914/3301 2771/4917/3304
f 2771/4917/3304 2781/4927/3314 2780/4926/3313
f 2759/4905/3292 2758/4904/3291 2765/4928/3298
f 2765/4928/3298 2764/4929/3297 2759/4905/3292
f 2767/4913/3300 2766/4912/3299 2770/4916/3303
f 2770/4916/3303 2769/4915/3302 2767/4913/3300
f 2780/4926/3313 2781/4927/3314 2773/4919/3306
f 2773/4919/3306 2772/4918/3305 2780/4926/3313
f 2748/4894/3281 2751/4897/3284 2757/4903/3290
f 2757/4903/3290 2756/4902/3289 2748/4894/3281
f 2763/4909/3296 2762/4908/3295 2750/4896/3283
f 2750/4896/3283 2749/4895/3282 2763/4909/3296
f 2755/4901/3288 2754/4900/3287 2761/4907/3294
f 2761/4907/3294 2760/4906/3293 2755/4901/3288
f 2741/4887/3274 2736/4882/3269 2739/4885/3272
f 2739/4885/3272 2742/4888/3275 2741/4887/3274
f 2745/4891/3278 2740/4886/3273 2743/4889/3276
f 2743/4889/3276 2746/4892/3279 2745/4891/3278
f 2744/4890/3277 2747/4893/3280 2753/4899/3286
f 2753/4899/3286 2752/4898/3285 2744/4890/3277
f 2782/4930/3315 2739/4885/3272 2738/4884/3271
f 2738/4884/3271 2783/4931/3316 2782/4930/3315
f 2784/4932/3317 2743/4889/3276 2742/4888/3275
f 2742/4888/3275 2785/4933/3318 2784/4932/3317
f 2786/4934/3319 2747/4893/3280 2746/4892/3279
f 2746/4892/3279 2787/4935/3320 2786/4934/3319
f 2788/4936/3321 2751/4897/3284 2750/4896/3283
f 2750/4896/3283 2789/4937/3322 2788/4936/3321
f 2754/4900/3287 2753/4899/3286 2790/4938/3323
f 2790/4938/3323 2791/4939/3324 2754/4900/3287
f 2792/4940/3325 2758/4904/3291 2757/4903/3290
f 2757/4903/3290 2793/4941/3326 2792/4940/3325
f 2794/4942/3327 2766/4912/3299 2765/4911/3298
f 2765/4943/3298 2795/4944/3328 2794/4945/3327
f 2796/4946/3329 2771/4917/3304 2770/4916/3303
f 2770/4947/3303 2797/4948/3330 2796/4949/3329
f 2798/4950/3331 2774/4920/3307 2773/4919/3306
f 2773/4919/3306 2799/4951/3332 2798/4950/3331
f 2800/4952/3333 2778/4924/3311 2777/4923/3310
f 2777/4923/3310 2801/4953/3334 2800/4952/3333
f 2801/4953/3334 2777/4923/3310 2774/4920/3307
f 2774/4920/3307 2798/4950/3331 2801/4953/3334
f 2802/4954/3335 2781/4927/3314 2771/4917/3304
f 2771/4917/3304 2796/4946/3329 2802/4954/3335
f 2795/4955/3328 2765/4928/3298 2758/4904/3291
f 2758/4904/3291 2792/4940/3325 2795/4955/3328
f 2797/4956/3330 2770/4916/3303 2766/4912/3299
f 2766/4912/3299 2794/4942/3327 2797/4956/3330
f 2799/4951/3332 2773/4919/3306 2781/4927/3314
f 2781/4927/3314 2802/4954/3335 2799/4951/3332
f 2793/4941/3326 2757/4903/3290 2751/4897/3284
f 2751/4897/3284 2788/4936/3321 2793/4941/3326
f 2789/4937/3322 2750/4896/3283 2762/4908/3295
f 2762/4908/3295 2803/4957/3336 2789/4937/3322
f 2804/4958/3337 2761/4907/3294 2754/4900/3287
f 2754/4959/3287 2791/4960/3324 2804/4961/3337
f 2783/4931/3316 2738/4884/3271 2700/4831/3224
f 2700/4831/3224 2699/4830/3223 2783/4931/3316
f 2785/4933/3318 2742/4888/3275 2739/4885/3272
f 2739/4885/3272 2782/4930/3315 2785/4933/3318
f 2746/4892/3279 2743/4889/3276 2784/4932/3317
f 2784/4932/3317 2787/4935/3320 2746/4892/3279
f 2805/4962/3338 2753/4899/3286 2747/4893/3280
f 2747/4893/3280 2786/4934/3319 2805/4962/3338
f 2779/4963/3312 2778/4964/3311 2806/4965/3339
f 2806/4966/3339 2807/4967/3340 2779/4968/3312
f 2778/4924/3311 2800/4952/3333 2808/4969/3341
f 2808/4969/3341 2806/4970/3339 2778/4924/3311
f 2809/4971/3269 2782/4930/3315 2783/4931/3316
f 2783/4931/3316 2810/4972/3342 2809/4971/3269
f 2811/4973/3343 2784/4932/3317 2785/4933/3318
f 2785/4933/3318 2812/4974/3344 2811/4973/3343
f 2813/4975/3345 2786/4934/3319 2787/4935/3320
f 2787/4935/3320 2814/4976/3346 2813/4975/3345
f 2815/4977/3347 2791/4939/3324 2790/4938/3323
f 2790/4938/3323 2816/4978/3348 2815/4977/3347
f 2817/4979/3349 2804/4958/3337 2791/4939/3324
f 2791/4939/3324 2815/4977/3347 2817/4979/3349
f 2810/4972/3342 2783/4931/3316 2699/4830/3223
f 2699/4830/3223 2714/4849/3237 2810/4972/3342
f 2812/4974/3344 2785/4933/3318 2782/4930/3315
f 2782/4930/3315 2809/4971/3269 2812/4974/3344
f 2787/4935/3320 2784/4932/3317 2811/4973/3343
f 2811/4973/3343 2814/4976/3346 2787/4935/3320
f 2816/4978/3348 2790/4938/3323 2805/4962/3338
f 2805/4962/3338 2818/4980/3350 2816/4978/3348
f 2804/4958/3337 2803/4957/3336 2762/4908/3295
f 2762/4908/3295 2761/4907/3294 2804/4958/3337
s 91
f 2810/4981/3351 2819/4982/3352 2820/4983/3353
f 2820/4983/3353 2809/4984/3354 2810/4981/3351
f 2812/4985/3355 2821/4986/3356 2822/4987/3357
f 2822/4987/3357 2811/4988/3358 2812/4985/3355
f 2814/4989/3359 2823/4990/3360 2824/4991/3361
f 2824/4991/3361 2813/4992/3362 2814/4989/3359
f 2816/4993/3363 2825/4994/3364 2826/4995/3365
f 2826/4995/3365 2815/4996/3366 2816/4993/3363
f 2815/4996/3366 2826/4995/3365 2827/4997/3367
f 2827/4997/3367 2817/4998/3368 2815/4996/3366
f 2809/4984/3354 2820/4983/3353 2821/4986/3356
f 2821/4986/3356 2812/4985/3355 2809/4984/3354
f 2811/4988/3358 2822/4987/3357 2823/4990/3360
f 2823/4990/3360 2814/4989/3359 2811/4988/3358
f 2813/4992/3362 2824/4991/3361 2828/4999/3369
f 2828/4999/3369 2818/5000/3370 2813/4992/3362
f 2827/4997/3367 2826/4995/3365 2829/5001/3371
f 2826/4995/3365 2825/4994/3364 2830/5002/3372
f 2825/4994/3364 2828/4999/3369 2830/5002/3372
f 2831/5003/3373 2824/4991/3361 2823/4990/3360
f 2823/4990/3360 2832/5004/3374 2831/5003/3373
f 2832/5004/3374 2823/4990/3360 2822/4987/3357
f 2822/4987/3357 2833/5005/3375 2832/5004/3374
f 2822/4987/3357 2821/4986/3356 2833/5005/3375
f 2833/5005/3375 2821/4986/3356 2820/4983/3353
f 2820/4983/3353 2834/5006/3376 2833/5005/3375
f 2820/4983/3353 2819/4982/3352 2834/5006/3376
f 2819/4982/3352 2734/4879/3267 2733/4878/3266
f 2733/4878/3266 2834/5006/3376 2819/4982/3352
f 2829/5001/3371 2826/4995/3365 2830/5002/3372
s 90
f 2818/4980/3350 2805/4962/3338 2786/4934/3319
f 2786/4934/3319 2813/4975/3345 2818/4980/3350
s 91
f 2818/5000/3370 2828/4999/3369 2825/4994/3364
f 2825/4994/3364 2816/4993/3363 2818/5000/3370
s 90
f 2753/4899/3286 2805/4962/3338 2790/4938/3323
s 91
f 2830/5002/3372 2828/4999/3369 2831/5003/3373
f 2831/5003/3373 2828/4999/3369 2824/4991/3361
s 90
f 2737/4883/3270 2735/4880/3223 2700/4831/3224
f 2700/4831/3224 2738/4884/3271 2737/4883/3270
s 91
f 2810/4981/3351 2714/4881/3268 2734/4879/3267
f 2734/4879/3267 2819/4982/3352 2810/4981/3351
s 90
f 2835/5007/3377 2659/4782/3183 2647/4770/3171
f 2647/4770/3171 2836/5008/3378 2835/5007/3377
f 2836/5008/3378 2647/4770/3171 2646/4769/3170
f 2646/4769/3170 2837/5009/3379 2836/5008/3378
f 2838/5010/3380 2656/4779/3180 2688/4818/3212
f 2688/4818/3212 2839/5011/3381 2838/5010/3380
f 2840/5012/3382 2659/4782/3183 2841/5013/3383
f 2841/5013/3383 2659/4782/3183 2835/5007/3377
f 2842/5014/3384 2656/4779/3180 2843/5015/3385
f 2843/5015/3385 2656/4779/3180 2838/5010/3380
s 92
f 2844/5016/3386 2845/5017/3387 2846/5018/3388
f 2846/5018/3388 2847/5019/3389 2844/5016/3386
f 2848/5020/3390 2844/5016/3386 2847/5019/3389
f 2847/5019/3389 2849/5021/3391 2848/5020/3390
f 2850/5022/3392 2851/5023/3393 2852/5024/3394
f 2852/5024/3394 2853/5025/3395 2850/5022/3392
f 2854/5026/3396 2855/5027/3397 2856/5028/3398
f 2856/5028/3398 2857/5029/3399 2854/5026/3396
f 2845/5030/3387 2854/5031/3396 2857/5032/3399
f 2857/5032/3399 2846/5033/3388 2845/5030/3387
f 2855/5034/3397 2858/5035/3400 2859/5036/3401
f 2859/5036/3401 2856/5037/3398 2855/5034/3397
f 2860/5038/3402 2861/5039/3403 2862/5040/3404
f 2862/5041/3404 2863/5042/3405 2860/5043/3402
f 2851/5044/3393 2860/5045/3402 2863/5046/3406
f 2863/5042/3406 2852/5047/3394 2851/5048/3393
f 2861/5039/3403 2848/5020/3390 2849/5021/3391
f 2849/5021/3391 2862/5040/3404 2861/5039/3403
s 93
f 2859/5049/3407 2858/5050/3407 2716/5051/3407
s 94
f 2853/5052/3408 2688/5053/3408 2850/5054/3408
s 92
f 2844/5016/3386 2864/5055/3409 2865/5056/3410
f 2865/5056/3410 2845/5017/3387 2844/5016/3386
f 2848/5020/3390 2866/5057/3411 2864/5055/3409
f 2864/5055/3409 2844/5016/3386 2848/5020/3390
f 2850/5022/3392 2867/5058/3412 2851/5023/3393
f 2854/5026/3396 2868/5059/3413 2869/5060/3414
f 2869/5060/3414 2855/5027/3397 2854/5026/3396
f 2845/5017/3387 2865/5056/3410 2868/5059/3413
f 2868/5059/3413 2854/5026/3396 2845/5017/3387
f 2855/5034/3397 2869/5061/3414 2858/5035/3415
f 2860/5038/3402 2870/5062/3416 2871/5063/3417
f 2871/5063/3417 2861/5039/3403 2860/5038/3402
f 2851/5023/3393 2867/5058/3412 2870/5064/3416
f 2870/5064/3416 2860/5065/3402 2851/5023/3393
f 2861/5039/3403 2871/5063/3417 2866/5057/3411
f 2866/5057/3411 2848/5020/3390 2861/5039/3403
s 90
f 2839/5011/3381 2853/5066/3418 2852/5067/3419
f 2852/5067/3419 2838/5010/3380 2839/5011/3381
f 2838/5068/3380 2852/5047/3419 2863/5042/3420
f 2863/5042/3420 2843/5069/3385 2838/5068/3380
f 2843/5069/3385 2863/5042/3420 2862/5041/3421
f 2862/5041/3421 2842/5070/3384 2843/5069/3385
f 2646/4769/3170 2656/4779/3180 2842/5014/3384
f 2842/5014/3384 2837/5009/3379 2646/4769/3170
f 2842/5070/3384 2862/5041/3421 2849/5071/3422
f 2849/5072/3422 2837/5009/3379 2842/5014/3384
f 2849/5072/3422 2847/5073/3423 2836/5008/3378
f 2836/5008/3378 2837/5009/3379 2849/5072/3422
f 2835/5007/3377 2836/5008/3378 2847/5073/3423
f 2847/5073/3423 2846/5074/3424 2835/5007/3377
f 2835/5075/3377 2846/5033/3424 2857/5032/3425
f 2857/5076/3425 2841/5013/3383 2835/5007/3377
f 2841/5077/3383 2857/5032/3425 2856/5078/3426
f 2856/5079/3426 2840/5012/3382 2841/5013/3383
f 2716/4851/3239 2659/4782/3183 2840/5012/3382
f 2840/5012/3382 2872/5080/3427 2716/4851/3239
f 2856/5079/3426 2859/5081/3428 2872/5080/3427
f 2872/5080/3427 2840/5012/3382 2856/5079/3426
f 2859/5082/3428 2716/5083/3239 2872/5084/3427
f 2839/5011/3381 2688/4818/3212 2853/5066/3418
s 95
f 2873/5085/3429 2874/5086/3430 2875/5087/3431
f 2875/5087/3431 2876/5088/3432 2873/5085/3429
f 2877/5089/3433 2878/5090/3434 2873/5085/3429
f 2873/5085/3429 2879/5091/3435 2877/5089/3433
f 2874/5086/3430 2880/5092/3436 2881/5093/3437
f 2882/5094/3438 2883/5095/3439 2884/5096/3440
f 2885/5097/3441 2886/5098/3442 2887/5099/3443
f 2888/5100/3444 2889/5101/3445 2890/5102/3446
f 2891/5103/3447 2892/5104/3448 2893/5105/3449
f 2893/5105/3449 2894/5106/3450 2891/5103/3447
f 2895/5107/3451 2876/5088/3432 2891/5108/3447
f 2891/5108/3447 2896/5109/3452 2895/5107/3451
f 2897/5110/3453 2898/5111/3454 2892/5104/3448
f 2892/5104/3448 2899/5112/3455 2897/5110/3453
f 2900/5113/3456 2901/5114/3457 2899/5112/3455
f 2899/5112/3455 2902/5115/3458 2900/5113/3456
f 2903/5116/3459 2904/5117/3460 2902/5115/3458
f 2902/5115/3458 2905/5118/3461 2903/5116/3459
f 2906/5119/3462 2907/5120/3463 2908/5121/3464
f 2908/5121/3464 2905/5118/3461 2906/5119/3462
f 2895/5122/3451 2909/5123/3465 2910/5124/3466
f 2910/5124/3466 2879/5125/3435 2895/5122/3451
f 2878/5090/3434 2880/5092/3436 2874/5086/3430
f 2874/5086/3430 2873/5085/3429 2878/5090/3434
f 2882/5094/3438 2911/5126/3467 2875/5127/3431
f 2875/5127/3431 2874/5128/3430 2882/5094/3438
f 2881/5129/3437 2883/5095/3439 2882/5094/3438
f 2882/5094/3438 2874/5128/3430 2881/5129/3437
f 2912/5130/3468 2913/5131/3469 2914/5132/3470
f 2914/5133/3470 2896/5134/3452 2912/5135/3468
f 2875/5127/3431 2892/5136/3448 2891/5137/3447
f 2891/5137/3447 2876/5138/3432 2875/5127/3431
f 2911/5139/3467 2899/5112/3455 2892/5104/3448
f 2892/5136/3448 2875/5127/3431 2911/5126/3467
f 2892/5104/3448 2898/5111/3454 2893/5105/3449
f 2885/5097/3441 2915/5140/3471 2911/5126/3467
f 2911/5126/3467 2882/5094/3438 2885/5097/3441
f 2884/5096/3440 2886/5098/3442 2885/5097/3441
f 2885/5097/3441 2882/5094/3438 2884/5096/3440
f 2916/5141/3472 2915/5140/3471 2885/5097/3441
f 2885/5097/3441 2888/5100/3444 2916/5141/3472
f 2887/5099/3443 2889/5101/3445 2888/5100/3444
f 2888/5100/3444 2885/5097/3441 2887/5099/3443
f 2917/5142/3473 2918/5143/3474 2919/5144/3475
f 2919/5144/3475 2920/5145/3476 2917/5142/3473
f 2921/5146/3477 2922/5147/3478 2918/5143/3474
f 2918/5143/3474 2917/5142/3473 2921/5146/3477
f 2915/5148/3471 2902/5115/3458 2899/5112/3455
f 2899/5149/3455 2911/5126/3467 2915/5140/3471
f 2899/5112/3455 2901/5114/3457 2897/5110/3453
f 2905/5118/3461 2902/5115/3458 2915/5148/3471
f 2915/5148/3471 2916/5150/3472 2905/5118/3461
f 2902/5115/3458 2904/5117/3460 2900/5113/3456
f 2920/5145/3476 2919/5144/3475 2923/5151/3479
f 2923/5151/3479 2906/5119/3462 2920/5145/3476
f 2905/5118/3461 2908/5121/3464 2903/5116/3459
s 96
f 2924/5152/3480 2925/5153/3481 2926/5154/3482
f 2926/5154/3482 2927/5155/3483 2924/5152/3480
f 2928/5156/3484 2929/5157/3485 2930/5158/3486
f 2930/5158/3486 2931/5159/3487 2928/5156/3484
f 2932/5160/3488 2933/5161/3489 2934/5162/3490
f 2934/5162/3490 2935/5163/3491 2932/5160/3488
f 2936/5164/3492 2937/5165/3493 2938/5166/3494
f 2938/5166/3494 2939/5167/3495 2936/5164/3492
f 2940/5168/3496 2941/5169/3497 2942/5170/3498
f 2942/5170/3498 2943/5171/3499 2940/5168/3496
f 2944/5172/3500 2945/5173/3501 2946/5174/3502
f 2946/5174/3502 2947/5175/3503 2944/5172/3500
f 2948/5176/3504 2949/5177/3505 2950/5178/3506
f 2950/5178/3506 2951/5179/3507 2948/5176/3504
f 2952/5180/3508 2953/5181/3509 2954/5182/3510
f 2954/5182/3510 2955/5183/3511 2952/5180/3508
f 2956/5184/3512 2957/5185/3513 2958/5186/3514
f 2958/5187/3514 2959/5188/3515 2956/5189/3512
f 2960/5190/3516 2961/5191/3517 2962/5192/3518
f 2962/5193/3518 2963/5194/3519 2960/5195/3516
f 2964/5196/3520 2965/5197/3521 2966/5198/3522
f 2966/5198/3522 2967/5199/3523 2964/5196/3520
f 2968/5200/3524 2949/5201/3505 2969/5202/3525
f 2969/5202/3525 2970/5203/3526 2968/5200/3524
f 2931/5159/3487 2930/5158/3486 2971/5204/3527
f 2971/5204/3527 2972/5205/3528 2931/5159/3487
f 2970/5206/3526 2969/5207/3525 2973/5208/3529
f 2973/5208/3529 2974/5209/3530 2970/5206/3526
f 2935/5163/3491 2934/5162/3490 2929/5157/3485
f 2929/5157/3485 2928/5156/3484 2935/5163/3491
f 2975/5210/3531 2976/5211/3532 2945/5173/3501
f 2945/5173/3501 2944/5172/3500 2975/5210/3531
f 2947/5175/3503 2946/5174/3502 2953/5181/3509
f 2953/5212/3509 2952/5213/3508 2947/5214/3503
f 2974/5209/3530 2973/5208/3529 2977/5215/3533
f 2977/5215/3533 2978/5216/3534 2974/5209/3530
f 2939/5167/3495 2938/5166/3494 2933/5161/3489
f 2933/5161/3489 2932/5160/3488 2939/5167/3495
f 2978/5216/3534 2977/5215/3533 2979/5217/3535
f 2979/5217/3535 2980/5218/3536 2978/5216/3534
f 2943/5171/3499 2942/5170/3498 2937/5219/3493
f 2937/5165/3493 2936/5164/3492 2943/5220/3499
f 2981/5221/3537 2982/5222/3538 2980/5218/3536
f 2980/5218/3536 2979/5217/3535 2981/5221/3537
f 2983/5223/3539 2984/5224/3540 2941/5225/3497
f 2941/5226/3497 2940/5227/3496 2983/5228/3539
f 2955/5229/3511 2954/5230/3510 2957/5185/3513
f 2957/5231/3513 2956/5189/3512 2955/5183/3511
f 2959/5232/3515 2958/5186/3514 2961/5191/3517
f 2961/5191/3517 2960/5190/3516 2959/5232/3515
f 2979/5217/3535 2985/5233/3541 2981/5221/3537
f 2963/5234/3519 2962/5192/3518 2986/5235/3542
f 2986/5235/3542 2987/5236/3543 2963/5234/3519
s 97
f 2988/5237/3544 2989/5238/3545 2990/5239/3546
f 2990/5239/3546 2991/5240/3547 2988/5237/3544
s 98
f 2992/5241/3548 2993/5242/3549 2994/5243/3550
f 2994/5243/3550 2995/5244/3551 2992/5241/3548
f 2996/5245/3552 2997/5246/3553 2998/5247/3554
f 2998/5247/3554 2999/5248/3555 2996/5245/3552
f 3000/5249/3556 3001/5250/3557 3002/5251/3558
f 3002/5252/3558 3003/5253/3559 3000/5254/3556
f 3004/5255/3560 3005/5256/3561 3006/5257/3562
f 3006/5257/3562 3007/5258/3563 3004/5255/3560
f 3008/5259/3564 3009/5260/3565 3010/5261/3566
f 3010/5261/3566 3011/5262/3567 3008/5259/3564
s 99
f 3012/5263/3568 3013/5264/3569 3014/5265/3570
f 3014/5265/3570 3015/5266/3571 3012/5263/3568
s 97
f 2909/5267/3572 2914/5133/3573 3016/5268/3574
f 3016/5268/3574 3017/5269/3575 2909/5267/3572
s 99
f 3018/5270/3576 3019/5271/3577 3020/5272/3578
f 3020/5272/3578 3021/5273/3579 3018/5270/3576
f 3022/5274/3580 3023/5275/3581 3024/5276/3582
f 3024/5276/3582 3025/5277/3583 3022/5274/3580
f 3026/5278/3584 3027/5279/3585 3028/5280/3586
f 3028/5280/3586 3029/5281/3587 3026/5278/3584
s 100
f 3030/5282/3588 3031/5283/3589 3032/5284/3590
s 101
f 3032/5284/3591 3033/5285/3592 3030/5282/3593
s 97
f 2909/5267/3572 3017/5269/3575 3034/5286/3594
f 3034/5287/3594 2910/5288/3595 2909/5289/3572
s 98
f 2992/5241/3548 2995/5244/3551 2997/5246/3553
f 2997/5246/3553 2996/5245/3552 2992/5241/3548
f 2999/5248/3555 2998/5247/3554 3001/5290/3557
f 3001/5290/3557 3000/5254/3556 2999/5248/3555
s 99
f 3035/5291/3596 3036/5292/3597 3037/5293/3598
s 102
f 3037/5294/3599 3038/5295/3600 3035/5296/3601
s 97
f 3039/5297/3602 3016/5268/3574 2914/5133/3573
f 2914/5133/3573 2913/5298/3603 3039/5297/3602
s 99
f 3021/5273/3579 3020/5272/3578 3013/5264/3569
f 3013/5264/3569 3012/5263/3568 3021/5273/3579
s 98
f 3003/5253/3559 3002/5252/3558 3005/5256/3561
f 3005/5256/3561 3004/5255/3560 3003/5253/3559
f 3007/5258/3563 3006/5257/3562 3009/5260/3565
f 3009/5260/3565 3008/5259/3564 3007/5258/3563
s 101
f 2919/5299/3604 2918/5300/3605 3040/5301/3606
f 3040/5301/3606 3041/5302/3607 2919/5299/3604
s 98
f 3042/5303/3608 3043/5304/3609 3044/5305/3610
f 3044/5305/3610 3045/5306/3611 3042/5303/3608
s 101
f 2918/5300/3605 2922/5307/3612 3046/5308/3613
f 3046/5308/3613 3040/5301/3606 2918/5300/3605
s 99
f 3025/5277/3583 3024/5276/3582 3019/5309/3577
f 3019/5309/3577 3018/5310/3576 3025/5277/3583
f 3029/5281/3587 3028/5280/3586 3023/5275/3581
f 3023/5275/3581 3022/5274/3580 3029/5281/3587
s 101
f 2919/5299/3604 3041/5302/3607 3047/5311/3614
f 3047/5311/3614 2923/5312/3615 2919/5299/3604
s 99
f 3048/5313/3616 3049/5314/3617 3027/5279/3585
f 3027/5279/3585 3026/5278/3584 3048/5313/3616
f 3049/5314/3617 3048/5313/3616 3050/5315/3618
f 3050/5315/3618 3051/5316/3619 3049/5314/3617
s 95
f 3033/5317/3620 2907/5120/3463 2906/5119/3462
f 2906/5119/3462 2923/5151/3479 3033/5317/3620
f 2888/5318/3444 2917/5142/3473 2920/5145/3476
f 2920/5319/3476 2916/5141/3472 2888/5100/3444
f 2890/5102/3446 2921/5320/3477 2917/5321/3473
f 2917/5321/3473 2888/5100/3444 2890/5102/3446
f 2916/5150/3472 2920/5145/3476 2906/5119/3462
f 2906/5119/3462 2905/5118/3461 2916/5150/3472
s 96
f 2985/5233/3541 2979/5217/3535 2987/5322/3543
f 2987/5322/3543 2964/5323/3520 2985/5233/3541
f 2982/5222/3538 2981/5221/3537 3052/5324/3621
f 3052/5325/3621 3053/5326/3622 2982/5327/3538
f 2983/5228/3539 2982/5327/3538 3053/5326/3622
f 3053/5328/3622 3054/5329/3623 2983/5330/3539
f 2981/5221/3537 2985/5233/3541 3055/5331/3624
f 3055/5331/3624 3052/5324/3621 2981/5221/3537
s 98
f 3045/5306/3611 3044/5305/3610 3011/5332/3567
f 3011/5262/3567 3010/5261/3566 3045/5333/3611
s 99
f 3051/5334/3619 3050/5335/3618 3032/5284/3625
f 3032/5284/3625 3056/5336/3626 3051/5334/3619
s 95
f 2990/5337/3627 2877/5089/3433 2879/5091/3435
f 2879/5125/3435 2910/5124/3466 2990/5338/3627
f 2909/5123/3465 2895/5122/3451 2896/5339/3452
f 2896/5339/3452 2914/5340/3470 2909/5123/3465
f 2876/5088/3432 2895/5107/3451 2879/5091/3435
f 2879/5091/3435 2873/5085/3429 2876/5088/3432
f 2894/5106/3450 2912/5341/3468 2896/5342/3452
f 2896/5343/3452 2891/5137/3447 2894/5344/3450
s 96
f 2924/5152/3480 2968/5345/3524 2970/5346/3526
f 2970/5346/3526 2972/5205/3528 2924/5152/3480
f 2948/5347/3504 2969/5202/3525 2949/5201/3505
f 2949/5177/3505 2968/5345/3524 3057/5348/3628
f 3057/5348/3628 2950/5178/3506 2949/5177/3505
f 2975/5349/3531 2948/5176/3504 2951/5179/3507
f 2951/5179/3507 3058/5350/3629 2975/5349/3531
s 98
f 3059/5351/3630 2994/5352/3550 2993/5353/3549
f 2993/5353/3549 2989/5238/3631 3059/5351/3630
s 99
f 3036/5354/3597 3015/5266/3571 3014/5265/3570
f 3014/5265/3570 3037/5355/3598 3036/5354/3597
s 95
f 2894/5106/3450 2893/5105/3449 3012/5356/3632
f 3012/5356/3632 3015/5357/3633 2894/5106/3450
f 2898/5111/3454 2897/5110/3453 3018/5358/3634
f 3018/5358/3634 3021/5359/3635 2898/5111/3454
f 2901/5114/3457 2900/5113/3456 3022/5360/3636
f 3022/5360/3636 3025/5361/3637 2901/5114/3457
f 2904/5117/3460 2903/5116/3459 3026/5362/3638
f 3026/5362/3638 3029/5363/3639 2904/5117/3460
f 2908/5121/3464 2907/5120/3463 3050/5364/3640
f 3050/5364/3640 3048/5365/3641 2908/5121/3464
f 2913/5298/3469 2912/5135/3468 3036/5292/3642
f 3036/5292/3642 3035/5291/3643 2913/5298/3469
f 2893/5105/3449 2898/5111/3454 3021/5359/3635
f 3021/5359/3635 3012/5356/3632 2893/5105/3449
f 2897/5110/3453 2901/5114/3457 3025/5361/3637
f 3025/5361/3637 3018/5358/3634 2897/5110/3453
f 2900/5113/3456 2904/5117/3460 3029/5363/3639
f 3029/5363/3639 3022/5360/3636 2900/5113/3456
f 2903/5116/3459 2908/5121/3464 3048/5365/3641
f 3048/5365/3641 3026/5362/3638 2903/5116/3459
s 96
f 2947/5175/3503 2969/5207/3525 2944/5172/3500
f 2969/5207/3525 2952/5180/3508 2955/5183/3511
f 2955/5183/3511 2973/5208/3529 2969/5207/3525
f 2973/5208/3529 2956/5189/3512 2959/5188/3515
f 2959/5188/3515 2977/5215/3533 2973/5208/3529
f 2977/5215/3533 2960/5195/3516 2963/5194/3519
f 2963/5194/3519 2979/5217/3535 2977/5215/3533
f 2985/5366/3541 2964/5196/3520 2967/5199/3523
f 2967/5199/3523 3055/5367/3624 2985/5366/3541
f 2948/5368/3504 2975/5210/3531 2944/5172/3500
f 2944/5172/3500 2969/5207/3525 2948/5368/3504
f 2952/5180/3508 2969/5207/3525 2947/5175/3503
f 2956/5189/3512 2973/5208/3529 2955/5183/3511
f 2960/5195/3516 2977/5215/3533 2959/5188/3515
f 2987/5322/3543 2979/5217/3535 2963/5194/3519
s 101
f 3033/5369/3592 2923/5312/3615 3047/5311/3614
f 3047/5311/3614 3030/5370/3593 3033/5369/3592
s 97
f 3039/5297/3602 2913/5298/3603 3035/5291/3644
f 3035/5291/3644 3060/5371/3645 3039/5297/3602
s 95
f 2907/5372/3463 3033/5285/3620 3032/5284/3646
f 3032/5373/3646 3050/5364/3640 2907/5120/3463
s 96
f 2965/5374/3521 2964/5323/3520 2987/5322/3543
f 2987/5322/3543 2986/5375/3542 2965/5374/3521
s 95
f 2912/5341/3468 2894/5106/3450 3015/5357/3633
f 3015/5357/3633 3036/5376/3642 2912/5341/3468
s 96
f 2976/5377/3532 2975/5349/3531 3058/5350/3629
f 3058/5350/3629 3061/5378/3647 2976/5377/3532
s 95
f 2878/5379/3434 2877/5380/3433 2993/5381/3648
f 2993/5381/3648 2992/5382/3649 2878/5379/3434
f 2881/5383/3437 2880/5384/3436 2996/5385/3650
f 2996/5385/3650 2999/5386/3651 2881/5383/3437
f 2884/5387/3440 2883/5388/3439 3000/5389/3652
f 3000/5389/3652 3003/5390/3653 2884/5387/3440
f 2887/5391/3443 2886/5392/3442 3004/5393/3654
f 3004/5393/3654 3007/5394/3655 2887/5391/3443
f 2890/5395/3446 2889/5396/3445 3008/5397/3656
f 3008/5397/3656 3011/5398/3657 2890/5395/3446
f 2880/5384/3436 2878/5379/3434 2992/5382/3649
f 2992/5382/3649 2996/5385/3650 2880/5384/3436
f 2883/5388/3439 2881/5399/3437 2999/5400/3651
f 2999/5400/3651 3000/5389/3652 2883/5388/3439
f 2886/5392/3442 2884/5387/3440 3003/5390/3653
f 3003/5390/3653 3004/5393/3654 2886/5392/3442
f 2889/5396/3445 2887/5391/3443 3007/5394/3655
f 3007/5394/3655 3008/5397/3656 2889/5396/3445
f 2922/5147/3478 2921/5146/3477 3044/5401/3658
f 3044/5401/3658 3043/5402/3659 2922/5147/3478
s 96
f 2968/5345/3524 2924/5152/3480 2927/5155/3483
f 2927/5155/3483 3057/5348/3628 2968/5345/3524
f 2931/5159/3487 2970/5346/3526 2928/5156/3484
f 2935/5163/3491 2974/5403/3530 2932/5160/3488
f 2939/5167/3495 2978/5404/3534 2936/5164/3492
f 2943/5171/3499 2980/5218/3536 2940/5168/3496
f 2972/5205/3528 2970/5346/3526 2931/5159/3487
f 2974/5403/3530 2935/5163/3491 2928/5156/3484
f 2928/5156/3484 2970/5346/3526 2974/5403/3530
f 2978/5404/3534 2939/5167/3495 2932/5160/3488
f 2932/5405/3488 2974/5209/3530 2978/5216/3534
f 2980/5218/3536 2943/5171/3499 2936/5406/3492
f 2936/5406/3492 2978/5216/3534 2980/5218/3536
f 2982/5222/3538 2983/5407/3539 2940/5168/3496
f 2940/5168/3496 2980/5218/3536 2982/5222/3538
s 97
f 2990/5239/3546 2910/5408/3595 3034/5286/3594
f 3034/5286/3594 2991/5240/3547 2990/5239/3546
s 101
f 3062/5409/3660 3046/5308/3613 2922/5307/3612
f 2922/5410/3612 3043/5304/3661 3062/5411/3660
s 95
f 2921/5146/3477 2890/5395/3446 3011/5398/3657
f 3011/5398/3657 3044/5401/3658 2921/5146/3477
s 96
f 2984/5412/3540 2983/5228/3539 3054/5413/3623
f 3054/5413/3623 3063/5414/3662 2984/5412/3540
s 95
f 2877/5415/3433 2990/5239/3627 2989/5238/3663
f 2989/5416/3663 2993/5381/3648 2877/5380/3433
s 96
f 2925/5153/3481 2924/5152/3480 2972/5205/3528
f 2972/5205/3528 2971/5204/3527 2925/5153/3481
s 103
f 3064/5417/3664 3065/5418/3665 3066/5419/3666
f 3066/5419/3666 3067/5420/3667 3064/5417/3664
f 3068/5421/3668 3069/5422/3669 3070/5423/3670
f 3070/5424/3670 3071/5425/3671 3068/5426/3668
f 3072/5427/3672 3068/5426/3668 3071/5425/3671
f 3071/5425/3671 3073/5428/3673 3072/5427/3672
f 3065/5418/3665 3069/5429/3669 3074/5430/3674
f 3074/5430/3674 3066/5419/3666 3065/5418/3665
f 3075/5431/3675 3076/5432/3676 3077/5433/3677
f 3077/5434/3677 3078/5435/3678 3075/5436/3675
f 3079/5437/3679 3080/5438/3680 3065/5418/3665
f 3065/5418/3665 3064/5417/3664 3079/5437/3679
f 3081/5439/3681 3082/5440/3682 3083/5441/3683
f 3083/5441/3683 3084/5442/3684 3081/5439/3681
f 3074/5430/3674 3085/5443/3685 3086/5444/3686
f 3086/5444/3686 3087/5445/3687 3074/5430/3674
f 3085/5443/3685 3074/5430/3674 3069/5429/3669
f 3069/5429/3669 3068/5426/3668 3085/5443/3685
f 3088/5446/3688 3089/5447/3689 3090/5448/3690
f 3090/5448/3690 3091/5449/3691 3088/5446/3688
f 3086/5450/3686 3092/5451/3692 3093/5452/3693
f 3093/5452/3693 3094/5453/3694 3086/5450/3686
f 3095/5454/3695 3085/5443/3685 3068/5426/3668
f 3068/5426/3668 3072/5427/3672 3095/5454/3695
f 3096/5455/3696 3088/5446/3688 3091/5449/3691
f 3091/5449/3691 3097/5456/3697 3096/5455/3696
f 3089/5457/3689 3075/5458/3675 3078/5459/3678
f 3078/5435/3678 3090/5448/3690 3089/5447/3689
f 3080/5438/3680 3070/5424/3670 3069/5429/3669
f 3069/5429/3669 3065/5418/3665 3080/5438/3680
f 3082/5440/3682 3087/5460/3687 3098/5461/3698
f 3098/5461/3698 3083/5441/3683 3082/5440/3682
f 3099/5462/3699 3100/5463/3700 3080/5438/3680
f 3080/5464/3680 3079/5465/3679 3099/5466/3699
f 3070/5424/3670 3101/5467/3701 3071/5425/3671
f 3100/5468/3700 3101/5469/3701 3070/5423/3670
f 3070/5424/3670 3080/5438/3680 3100/5463/3700
f 3102/5470/3702 3081/5439/3681 3084/5442/3684
f 3084/5442/3684 3103/5471/3703 3102/5470/3702
f 3104/5472/3704 3096/5455/3696 3097/5456/3697
f 3097/5456/3697 3105/5473/3705 3104/5472/3704
f 3106/5474/3706 3107/5475/3707 3064/5476/3664
f 3064/5476/3664 3067/5477/3667 3106/5474/3706
f 3107/5478/3707 3108/5479/3708 3079/5480/3679
f 3079/5481/3679 3064/5476/3664 3107/5475/3707
f 3109/5482/3709 3076/5483/3676 3099/5484/3699
f 3099/5484/3699 3110/5485/3710 3109/5482/3709
f 3111/5486/3711 3112/5487/3712 3072/5488/3672
f 3072/5488/3672 3073/5489/3673 3111/5486/3711
f 3112/5487/3712 3113/5490/3713 3095/5491/3695
f 3095/5491/3695 3072/5488/3672 3112/5487/3712
f 3095/5491/3695 3113/5490/3713 3114/5492/3714
f 3114/5492/3714 3092/5493/3692 3095/5491/3695
f 3108/5494/3708 3110/5485/3710 3099/5484/3699
f 3099/5484/3699 3079/5481/3679 3108/5494/3708
s 104
f 3115/5495/3715 3116/5496/3716 3117/5497/3717
f 3117/5497/3717 3118/5498/3718 3115/5495/3715
f 3119/5499/3719 3120/5500/3720 3121/5501/3721
f 3121/5501/3721 3122/5502/3722 3119/5499/3719
f 3122/5502/3722 3121/5501/3721 3123/5503/3723
f 3123/5503/3723 3124/5504/3724 3122/5502/3722
f 3125/5505/3725 3120/5500/3720 3116/5496/3716
f 3116/5496/3716 3115/5495/3715 3125/5505/3725
f 3126/5506/3726 3127/5507/3727 3128/5508/3728
f 3128/5508/3728 3129/5509/3729 3126/5506/3726
f 3116/5496/3716 3130/5510/3730 3131/5511/3731
f 3131/5511/3731 3117/5497/3717 3116/5496/3716
f 3132/5512/3732 3115/5495/3715 3118/5498/3718
f 3118/5498/3718 3133/5513/3733 3132/5512/3732
f 3134/5514/3734 3135/5515/3735 3136/5516/3736
f 3136/5517/3736 3137/5518/3737 3134/5519/3734
f 3138/5520/3738 3121/5501/3721 3120/5500/3720
f 3120/5500/3720 3125/5505/3725 3138/5520/3738
f 3139/5521/3739 3122/5502/3722 3140/5522/3740
f 3140/5522/3740 3141/5523/3741 3139/5521/3739
f 3142/5524/3742 3143/5525/3743 3138/5520/3738
f 3138/5520/3738 3137/5518/3737 3142/5524/3742
f 3121/5501/3721 3138/5520/3738 3143/5525/3743
f 3143/5525/3743 3123/5503/3723 3121/5501/3721
f 3140/5522/3740 3122/5502/3722 3124/5504/3724
f 3124/5504/3724 3144/5526/3744 3140/5522/3740
f 3129/5509/3729 3128/5508/3728 3139/5521/3739
f 3139/5521/3739 3141/5523/3741 3129/5509/3729
f 3120/5500/3720 3119/5499/3719 3130/5510/3730
f 3130/5510/3730 3116/5496/3716 3120/5500/3720
f 3134/5519/3734 3125/5505/3725 3115/5495/3715
f 3115/5495/3715 3132/5512/3732 3134/5519/3734
f 3127/5507/3727 3131/5511/3731 3130/5510/3730
f 3130/5510/3730 3128/5508/3728 3127/5507/3727
f 3122/5502/3722 3139/5521/3739 3119/5499/3719
f 3128/5508/3728 3130/5510/3730 3119/5499/3719
f 3119/5499/3719 3139/5521/3739 3128/5508/3728
f 3145/5527/3745 3146/5528/3746 3133/5513/3733
f 3133/5513/3733 3118/5498/3718 3145/5527/3745
f 3124/5504/3724 3147/5529/3747 3148/5530/3748
f 3148/5530/3748 3144/5526/3744 3124/5504/3724
f 3145/5527/3745 3118/5498/3718 3117/5497/3717
f 3117/5497/3717 3149/5531/3749 3145/5527/3745
f 3149/5532/3749 3117/5533/3717 3131/5534/3731
f 3131/5535/3731 3150/5536/3750 3149/5537/3749
f 3126/5538/3726 3151/5539/3751 3152/5540/3752
f 3152/5540/3753 3153/5541/3754 3126/5538/3726
f 3147/5542/3747 3124/5543/3724 3123/5544/3723
f 3123/5544/3723 3154/5545/3755 3147/5542/3747
f 3154/5546/3755 3123/5503/3723 3143/5525/3743
f 3143/5525/3743 3155/5547/3756 3154/5546/3755
f 3156/5548/3757 3157/5549/3758 3142/5550/3742
f 3142/5550/3742 3158/5551/3759 3156/5548/3757
f 3150/5552/3750 3131/5534/3731 3127/5553/3727
f 3127/5554/3727 3159/5555/3760 3150/5556/3750
s 105
f 3077/5434/3761 3160/5557/3762 3161/5558/3763
f 3161/5559/3763 3078/5560/3764 3077/5561/3761
s 106
f 3083/5562/3765 3162/5563/3766 3163/5564/3767
f 3163/5564/3767 3084/5565/3768 3083/5562/3765
f 3094/5566/3769 3164/5567/3770 3165/5568/3771
f 3165/5568/3771 3098/5569/3772 3094/5566/3769
s 105
f 3090/5570/3773 3166/5571/3774 3167/5572/3775
f 3167/5573/3775 3091/5449/3776 3090/5448/3773
s 106
f 3093/5574/3777 3168/5575/3778 3164/5567/3770
f 3164/5567/3770 3094/5566/3769 3093/5574/3777
s 105
f 3091/5449/3776 3167/5573/3775 3169/5576/3779
f 3169/5576/3779 3097/5456/3780 3091/5449/3776
f 3078/5435/3764 3161/5558/3763 3166/5577/3774
f 3166/5577/3774 3090/5448/3773 3078/5435/3764
s 106
f 3098/5569/3772 3165/5568/3771 3162/5563/3766
f 3162/5563/3766 3083/5562/3765 3098/5569/3772
f 3084/5442/3768 3163/5578/3767 3170/5579/3781
f 3170/5579/3781 3103/5471/3782 3084/5442/3768
s 107
f 3106/5580/3783 3102/5581/3784 3146/5582/3785
f 3146/5583/3785 3145/5584/3786 3106/5474/3783
s 105
f 3097/5456/3780 3169/5576/3779 3171/5585/3787
f 3171/5585/3787 3105/5473/3788 3097/5456/3780
s 108
f 3111/5586/3789 3104/5587/3790 3172/5588/3791
f 3172/5589/3791 3173/5590/3792 3111/5486/3789
s 107
f 3106/5474/3783 3145/5584/3786 3149/5532/3793
f 3149/5532/3793 3107/5475/3794 3106/5474/3783
f 3107/5475/3794 3149/5532/3793 3150/5552/3795
f 3150/5552/3795 3108/5494/3796 3107/5475/3794
f 3174/5591/3797 3109/5482/3798 3153/5541/3799
s 109
f 3153/5541/3800 3152/5540/3801 3174/5591/3802
s 105
f 3174/5591/3803 3175/5592/3804 3160/5557/3762
f 3160/5557/3762 3077/5434/3761 3174/5591/3803
s 108
f 3111/5593/3789 3173/5594/3792 3176/5595/3805
f 3176/5596/3805 3112/5487/3806 3111/5486/3789
f 3112/5597/3806 3176/5598/3805 3177/5599/3807
f 3177/5599/3807 3113/5600/3808 3112/5597/3806
f 3178/5601/3809 3114/5492/3810 3179/5602/3811
s 110
f 3179/5603/3812 3180/5604/3813 3178/5605/3814
s 106
f 3093/5606/3777 3178/5601/3815 3181/5607/3816
f 3181/5607/3816 3168/5608/3778 3093/5606/3777
s 107
f 3108/5494/3796 3150/5552/3795 3159/5609/3817
f 3159/5609/3817 3110/5485/3818 3108/5494/3796
s 111
f 3182/5610/3819 3183/5611/3820 3184/5612/3821
f 3184/5612/3821 3185/5613/3822 3182/5610/3819
f 3186/5614/3823 3187/5615/3824 3188/5616/3825
f 3188/5616/3825 3189/5617/3826 3186/5614/3823
f 3189/5617/3826 3190/5618/3827 3191/5619/3828
f 3191/5619/3828 3186/5614/3823 3189/5617/3826
f 3185/5613/3822 3188/5616/3825 3187/5615/3824
f 3187/5615/3824 3182/5610/3819 3185/5613/3822
f 3185/5620/3822 3184/5621/3821 3192/5622/3829
f 3192/5623/3829 3193/5624/3830 3185/5625/3822
f 3187/5626/3824 3186/5627/3823 3194/5628/3831
f 3194/5628/3831 3195/5629/3832 3187/5626/3824
f 3186/5630/3823 3191/5631/3828 3196/5632/3833
f 3196/5632/3833 3194/5633/3831 3186/5630/3823
f 3188/5634/3825 3185/5620/3822 3193/5635/3830
f 3193/5635/3830 3197/5636/3834 3188/5634/3825
f 3198/5637/3835 3183/5638/3820 3199/5639/3836
f 3199/5639/3836 3200/5640/3837 3198/5637/3835
f 3201/5641/3838 3190/5642/3827 3202/5643/3839
f 3202/5643/3839 3203/5644/3840 3201/5641/3838
s 112
f 3204/5645/3841 3205/5646/3842 3206/5647/3843
f 3206/5647/3843 3207/5648/3844 3204/5645/3841
f 3208/5649/3845 3209/5650/3846 3210/5651/3847
f 3210/5652/3847 3211/5653/3848 3208/5654/3845
f 3212/5655/3849 3213/5656/3850 3209/5657/3846
f 3209/5650/3846 3208/5649/3845 3212/5658/3849
f 3207/5648/3844 3206/5647/3843 3214/5659/3851
f 3214/5659/3851 3215/5660/3852 3207/5648/3844
f 3216/5661/3853 3204/5645/3841 3217/5662/3854
f 3217/5662/3854 3218/5663/3855 3216/5661/3853
f 3219/5664/3856 3212/5665/3849 3220/5666/3857
f 3220/5666/3857 3221/5667/3858 3219/5664/3856
f 3217/5668/3854 3222/5669/3859 3223/5670/3860
f 3223/5670/3861 3218/5671/3855 3217/5668/3854
f 3224/5672/3862 3221/5673/3858 3220/5674/3857
f 3220/5674/3857 3225/5675/3863 3224/5672/3862
s 113
f 3226/5676/3864 3227/5677/3865 3228/5678/3866
f 3228/5679/3866 3199/5639/3867 3226/5680/3864
s 114
f 3197/5636/3868 3229/5681/3869 3230/5682/3870
f 3230/5682/3870 3231/5683/3871 3197/5636/3868
f 3231/5684/3871 3230/5685/3870 3232/5686/3872
f 3232/5687/3872 3202/5643/3873 3231/5683/3871
s 113
f 3195/5688/3874 3233/5689/3875 3227/5677/3865
f 3227/5677/3865 3226/5676/3864 3195/5688/3874
s 114
f 3192/5690/3876 3234/5691/3877 3235/5692/3878
f 3235/5693/3878 3193/5635/3879 3192/5622/3876
s 113
f 3194/5633/3880 3236/5694/3881 3233/5695/3875
f 3233/5695/3875 3195/5696/3874 3194/5633/3880
f 3196/5632/3882 3237/5697/3883 3236/5694/3881
f 3236/5694/3881 3194/5633/3880 3196/5632/3882
s 114
f 3193/5635/3879 3235/5693/3878 3229/5681/3869
f 3229/5698/3869 3197/5699/3868 3193/5700/3879
s 113
f 3199/5701/3867 3228/5702/3866 3238/5703/3884
f 3238/5704/3884 3200/5640/3885 3199/5639/3867
s 115
f 3239/5705/3886 3198/5706/3887 3216/5707/3888
f 3216/5707/3888 3218/5708/3889 3239/5705/3886
s 114
f 3202/5643/3873 3232/5687/3872 3240/5709/3890
f 3240/5709/3890 3203/5644/3891 3202/5643/3873
s 116
f 3241/5710/3892 3201/5711/3893 3242/5712/3894
f 3242/5712/3894 3243/5713/3895 3241/5710/3892
s 115
f 3244/5714/3896 3239/5715/3886 3218/5671/3889
s 117
f 3218/5671/3897 3223/5670/3898 3244/5714/3899
s 114
f 3244/5714/3900 3245/5716/3901 3234/5717/3877
f 3234/5717/3877 3192/5622/3876 3244/5714/3900
s 116
f 3246/5718/3902 3241/5719/3892 3243/5720/3895
s 118
f 3243/5720/3895 3247/5721/3903 3246/5718/3904
s 113
f 3196/5632/3882 3246/5718/3905 3248/5722/3906
f 3248/5722/3906 3237/5697/3883 3196/5632/3882
s 119
f 3249/5723/3907 3250/5724/3908 3251/5725/3909
f 3251/5725/3909 3252/5726/3910 3249/5723/3907
f 3253/5727/3911 3254/5728/3912 3255/5729/3913
f 3255/5729/3913 3256/5730/3914 3253/5727/3911
f 3257/5731/3915 3258/5732/3916 3259/5733/3917
f 3259/5733/3917 3260/5734/3918 3257/5731/3915
f 3252/5726/3910 3253/5727/3911 3256/5730/3914
f 3256/5730/3914 3249/5723/3907 3252/5726/3910
f 3252/5735/3910 3251/5736/3909 3261/5737/3919
f 3261/5738/3919 3262/5739/3920 3252/5740/3910
f 3256/5741/3914 3255/5742/3913 3263/5743/3921
f 3263/5743/3921 3264/5744/3922 3256/5741/3914
f 3258/5745/3916 3257/5746/3915 3265/5747/3923
f 3265/5747/3923 3266/5748/3924 3258/5745/3916
f 3253/5749/3911 3252/5735/3910 3262/5750/3920
f 3262/5739/3920 3267/5751/3925 3253/5752/3911
f 3268/5753/3926 3250/5754/3908 3269/5755/3927
f 3269/5755/3927 3270/5756/3928 3268/5753/3926
s 120
f 3271/5757/3929 3272/5758/3930 3273/5759/3931
f 3273/5759/3931 3274/5760/3932 3271/5757/3929
f 3275/5761/3933 3276/5762/3934 3277/5763/3935
f 3277/5763/3935 3278/5764/3936 3275/5761/3933
f 3279/5765/3937 3280/5766/3938 3276/5762/3934
f 3276/5762/3934 3275/5761/3933 3279/5765/3937
f 3274/5767/3932 3273/5768/3931 3281/5769/3939
f 3281/5769/3939 3282/5770/3940 3274/5767/3932
f 3283/5771/3941 3271/5772/3929 3284/5773/3942
f 3284/5774/3942 3285/5775/3943 3283/5776/3941
f 3284/5774/3942 3286/5777/3944 3287/5778/3945
f 3287/5778/3946 3285/5775/3943 3284/5774/3942
s 121
f 3269/5755/3947 3288/5779/3948 3289/5780/3949
f 3289/5780/3949 3290/5781/3947 3269/5755/3947
s 122
f 3267/5782/3950 3291/5783/3951 3292/5784/3952
f 3292/5784/3952 3293/5785/3953 3267/5782/3950
f 3294/5786/3954 3295/5787/3955 3296/5788/3955
f 3296/5788/3955 3297/5789/3955 3294/5786/3954
s 123
f 3257/5790/3956 3260/5791/3957 3298/5792/3958
f 3298/5792/3958 3299/5793/3959 3257/5790/3956
s 121
f 3264/5794/3960 3300/5795/3961 3289/5780/3949
f 3289/5780/3949 3288/5779/3948 3264/5794/3960
s 122
f 3261/5738/3962 3301/5796/3963 3302/5797/3964
f 3302/5798/3964 3262/5799/3965 3261/5800/3962
s 121
f 3263/5801/3966 3303/5802/3967 3300/5795/3961
f 3300/5795/3961 3264/5794/3960 3263/5801/3966
f 3263/5801/3966 3266/5748/3968 3304/5803/3969
f 3304/5803/3969 3303/5802/3967 3263/5801/3966
s 123
f 3265/5804/3970 3257/5790/3956 3299/5793/3959
s 124
f 3299/5805/3971 3305/5806/3972 3265/5747/3972
s 122
f 3262/5739/3965 3302/5797/3964 3291/5807/3951
f 3291/5807/3951 3267/5751/3950 3262/5739/3965
s 121
f 3270/5756/3947 3269/5755/3947 3290/5781/3947
s 125
f 3290/5781/3973 3306/5808/3973 3270/5756/3973
s 126
f 3307/5809/3974 3268/5810/3975 3283/5811/3976
f 3283/5811/3976 3285/5812/3977 3307/5809/3974
f 3308/5813/3978 3307/5814/3974 3285/5775/3977
s 127
f 3285/5775/3979 3287/5778/3980 3308/5813/3981
s 122
f 3308/5813/3982 3309/5815/3983 3301/5796/3963
f 3301/5796/3963 3261/5738/3962 3308/5813/3982
s 128
f 3310/5816/3984 3311/5817/3985 3312/5818/3986
f 3312/5818/3986 3313/5819/3987 3310/5816/3984
f 3314/5820/3988 3315/5821/3989 3316/5822/3990
f 3316/5822/3990 3317/5823/3991 3314/5820/3988
f 3317/5823/3991 3318/5824/3992 3319/5825/3993
f 3319/5825/3993 3314/5820/3988 3317/5823/3991
f 3313/5819/3987 3316/5822/3990 3315/5821/3989
f 3315/5821/3989 3310/5816/3984 3313/5819/3987
f 3313/5826/3987 3312/5827/3986 3320/5828/3994
f 3320/5828/3994 3321/5829/3995 3313/5826/3987
f 3315/5830/3989 3314/5831/3988 3322/5832/3996
f 3322/5833/3996 3323/5834/3997 3315/5835/3989
f 3314/5831/3988 3319/5836/3993 3324/5837/3998
f 3324/5838/3998 3322/5833/3996 3314/5839/3988
f 3316/5840/3990 3313/5826/3987 3321/5829/3995
f 3321/5829/3995 3325/5841/3999 3316/5840/3990
f 3326/5842/4000 3311/5843/3985 3327/5844/4001
f 3327/5844/4001 3328/5845/4002 3326/5842/4000
f 3329/5846/4003 3318/5847/3992 3330/5848/4004
f 3330/5848/4004 3331/5849/4005 3329/5846/4003
s 129
f 3332/5850/4006 3333/5851/4007 3334/5852/4008
f 3334/5852/4008 3335/5853/4009 3332/5850/4006
f 3336/5854/4010 3337/5855/4011 3338/5856/4012
f 3338/5857/4012 3339/5858/4013 3336/5859/4010
f 3340/5860/4014 3341/5861/4015 3337/5862/4011
f 3337/5855/4011 3336/5854/4010 3340/5863/4014
f 3335/5864/4009 3334/5865/4008 3342/5866/4016
f 3342/5867/4016 3343/5868/4017 3335/5853/4009
f 3344/5869/4018 3332/5870/4006 3345/5871/4019
f 3345/5871/4019 3346/5872/4020 3344/5869/4018
f 3347/5873/4021 3340/5874/4014 3348/5875/4022
f 3348/5876/4022 3349/5877/4023 3347/5878/4021
f 3345/5879/4019 3350/5880/4024 3351/5881/4025
f 3351/5881/4026 3346/5882/4020 3345/5879/4019
f 3348/5883/4022 3352/5884/4027 3353/5885/4028
f 3353/5886/4028 3349/5887/4023 3348/5888/4022
s 130
f 3327/5844/4029 3354/5889/4030 3355/5890/4031
f 3355/5890/4031 3356/5891/4032 3327/5844/4029
s 131
f 3325/5841/4033 3357/5892/4034 3358/5893/4035
f 3358/5893/4035 3359/5894/4036 3325/5841/4033
f 3330/5848/4037 3359/5894/4036 3358/5893/4035
f 3358/5893/4035 3360/5895/4038 3330/5848/4037
s 130
f 3323/5834/4039 3361/5896/4040 3355/5890/4031
f 3355/5890/4031 3354/5889/4030 3323/5834/4039
s 131
f 3320/5897/4041 3362/5898/4042 3363/5899/4043
f 3363/5900/4043 3321/5829/4044 3320/5828/4041
s 130
f 3322/5833/4045 3364/5901/4046 3361/5896/4040
f 3361/5896/4040 3323/5834/4039 3322/5833/4045
f 3324/5838/4047 3365/5902/4048 3364/5901/4046
f 3364/5903/4046 3322/5904/4045 3324/5905/4047
s 131
f 3321/5829/4044 3363/5900/4043 3357/5892/4034
f 3357/5892/4034 3325/5841/4033 3321/5829/4044
s 130
f 3328/5845/4049 3327/5844/4029 3356/5891/4032
s 132
f 3356/5891/4050 3366/5906/4051 3328/5845/4052
s 133
f 3367/5907/4053 3326/5908/4054 3344/5909/4055
f 3344/5909/4055 3346/5910/4056 3367/5907/4053
s 131
f 3330/5848/4037 3360/5895/4038 3368/5911/4057
f 3368/5911/4057 3331/5849/4058 3330/5848/4037
s 134
f 3369/5912/4059 3329/5913/4060 3370/5914/4061
f 3370/5914/4061 3371/5915/4062 3369/5912/4059
s 133
f 3372/5916/4063 3367/5917/4053 3346/5882/4056
s 135
f 3346/5882/4064 3351/5881/4063 3372/5916/4063
s 131
f 3372/5916/4065 3373/5918/4066 3362/5919/4042
f 3362/5919/4042 3320/5828/4041 3372/5916/4065
s 134
f 3374/5920/4067 3369/5921/4059 3371/5922/4062
s 136
f 3371/5922/4068 3375/5923/4069 3374/5920/4070
s 130
f 3324/5838/4047 3374/5920/4071 3376/5924/4072
f 3376/5924/4072 3365/5902/4048 3324/5838/4047
s 137
f 3377/5925/4073 3378/5926/4074 3379/5927/4075
f 3379/5927/4075 3380/5928/4076 3377/5925/4073
f 3381/5929/4077 3382/5930/4078 3383/5931/4079
f 3383/5931/4079 3384/5932/4080 3381/5929/4077
f 3385/5933/4081 3381/5929/4077 3384/5932/4080
f 3384/5932/4080 3386/5934/4082 3385/5933/4081
f 3378/5926/4074 3382/5930/4078 3387/5935/4083
f 3387/5935/4083 3379/5927/4075 3378/5926/4074
f 3388/5936/4084 3389/5937/4085 3390/5938/4086
f 3390/5938/4086 3391/5939/4087 3388/5936/4084
f 3392/5940/4088 3393/5941/4089 3378/5942/4074
f 3378/5926/4074 3377/5925/4073 3392/5943/4088
f 3394/5944/4090 3395/5945/4091 3396/5946/4092
f 3396/5946/4092 3397/5947/4093 3394/5944/4090
f 3387/5935/4083 3398/5948/4094 3399/5949/4095
f 3399/5949/4095 3400/5950/4096 3387/5935/4083
f 3398/5948/4094 3387/5935/4083 3382/5930/4078
f 3382/5930/4078 3381/5929/4077 3398/5948/4094
f 3401/5951/4097 3402/5952/4098 3403/5953/4099
f 3403/5953/4099 3404/5954/4100 3401/5951/4097
f 3399/5955/4095 3405/5956/4101 3406/5957/4102
f 3406/5957/4102 3407/5958/4103 3399/5955/4095
f 3408/5959/4104 3398/5948/4094 3381/5929/4077
f 3381/5929/4077 3385/5933/4081 3408/5959/4104
f 3409/5960/4105 3401/5951/4097 3404/5954/4100
f 3404/5954/4100 3410/5961/4106 3409/5960/4105
f 3402/5952/4098 3388/5936/4084 3391/5939/4087
f 3391/5939/4087 3403/5953/4099 3402/5952/4098
f 3393/5941/4089 3383/5962/4079 3382/5963/4078
f 3382/5930/4078 3378/5926/4074 3393/5964/4089
f 3395/5965/4091 3400/5966/4096 3411/5967/4107
f 3411/5968/4107 3396/5946/4092 3395/5945/4091
f 3412/5969/4108 3413/5970/4109 3393/5964/4089
f 3393/5964/4089 3392/5943/4088 3412/5969/4108
f 3383/5962/4079 3414/5971/4110 3384/5972/4080
f 3413/5970/4109 3414/5973/4110 3383/5931/4079
f 3383/5931/4079 3393/5964/4089 3413/5970/4109
f 3415/5974/4111 3394/5975/4090 3397/5976/4093
f 3397/5976/4093 3416/5977/4112 3415/5974/4111
f 3417/5978/4113 3409/5960/4105 3410/5961/4106
f 3410/5961/4106 3418/5979/4114 3417/5978/4113
f 3419/5980/4115 3420/5981/4116 3377/5982/4073
f 3377/5982/4073 3380/5983/4076 3419/5980/4115
f 3420/5981/4116 3421/5984/4117 3392/5985/4088
f 3392/5985/4088 3377/5982/4073 3420/5981/4116
f 3412/5986/4108 3422/5987/4118 3423/5988/4119
f 3423/5988/4119 3389/5937/4085 3412/5986/4108
f 3386/5989/4082 3424/5990/4120 3425/5991/4121
f 3425/5992/4121 3385/5993/4081 3386/5994/4082
f 3425/5992/4121 3426/5995/4122 3408/5996/4104
f 3408/5996/4104 3385/5993/4081 3425/5992/4121
f 3408/5996/4104 3426/5995/4122 3427/5997/4123
f 3427/5997/4123 3405/5956/4101 3408/5996/4104
f 3392/5985/4088 3421/5984/4117 3422/5987/4118
f 3422/5987/4118 3412/5986/4108 3392/5985/4088
s 138
f 3428/5998/4124 3429/5999/4125 3430/6000/4126
f 3430/6000/4126 3431/6001/4127 3428/5998/4124
f 3432/6002/4128 3433/6003/4129 3434/6004/4130
f 3434/6004/4130 3435/6005/4131 3432/6002/4128
f 3435/6005/4131 3434/6004/4130 3436/6006/4132
f 3436/6006/4132 3437/6007/4133 3435/6005/4131
f 3438/6008/4134 3433/6003/4129 3429/5999/4125
f 3429/5999/4125 3428/5998/4124 3438/6008/4134
f 3439/6009/4135 3440/6010/4136 3441/6011/4137
f 3441/6011/4137 3442/6012/4138 3439/6009/4135
f 3429/5999/4125 3443/6013/4139 3444/6014/4140
f 3444/6014/4140 3430/6000/4126 3429/5999/4125
f 3445/6015/4141 3428/5998/4124 3431/6001/4127
f 3431/6001/4127 3446/6016/4142 3445/6015/4141
f 3447/6017/4143 3448/6018/4144 3449/6019/4145
f 3449/6020/4145 3450/6021/4146 3447/6022/4143
f 3451/6023/4147 3434/6004/4130 3433/6003/4129
f 3433/6003/4129 3438/6008/4134 3451/6023/4147
f 3452/6024/4148 3435/6005/4131 3453/6025/4149
f 3453/6025/4149 3454/6026/4150 3452/6024/4148
f 3455/6027/4151 3456/6028/4152 3451/6023/4147
f 3451/6023/4147 3450/6029/4146 3455/6027/4151
f 3434/6004/4130 3451/6023/4147 3456/6028/4152
f 3456/6028/4152 3436/6006/4132 3434/6004/4130
f 3453/6025/4149 3435/6005/4131 3437/6007/4133
f 3437/6007/4133 3457/6030/4153 3453/6025/4149
f 3442/6012/4138 3441/6011/4137 3452/6024/4148
f 3452/6024/4148 3454/6026/4150 3442/6012/4138
f 3433/6003/4129 3432/6002/4128 3443/6013/4139
f 3443/6013/4139 3429/5999/4125 3433/6003/4129
f 3447/6031/4143 3438/6008/4134 3428/5998/4124
f 3428/5998/4124 3445/6015/4141 3447/6031/4143
f 3440/6010/4136 3444/6014/4140 3443/6013/4139
f 3443/6013/4139 3441/6011/4137 3440/6010/4136
f 3435/6005/4131 3452/6024/4148 3432/6002/4128
f 3441/6011/4137 3443/6013/4139 3432/6002/4128
f 3432/6002/4128 3452/6024/4148 3441/6011/4137
f 3458/6032/4154 3459/6033/4155 3446/6034/4142
f 3446/6016/4142 3431/6001/4127 3458/6035/4154
f 3457/6030/4153 3437/6007/4133 3460/6036/4156
f 3460/6037/4156 3461/6038/4157 3457/6039/4153
f 3458/6035/4154 3431/6001/4127 3430/6000/4126
f 3430/6000/4126 3462/6040/4158 3458/6035/4154
f 3462/6041/4158 3430/6042/4126 3444/6043/4140
f 3444/6043/4140 3463/6044/4159 3462/6041/4158
f 3464/6045/4160 3465/6046/4161 3439/6047/4135
f 3439/6047/4135 3466/6048/4162 3464/6045/4163
f 3460/6037/4156 3437/6049/4133 3436/6050/4132
f 3436/6050/4132 3467/6051/4164 3460/6037/4156
f 3467/6052/4164 3436/6006/4132 3456/6028/4152
f 3456/6028/4152 3468/6053/4165 3467/6052/4164
f 3469/6054/4166 3470/6055/4167 3455/6056/4151
f 3455/6056/4151 3471/6057/4168 3469/6054/4166
f 3472/6058/4169 3463/6044/4159 3444/6043/4140
f 3444/6043/4140 3440/6059/4136 3472/6058/4169
s 139
f 3390/6060/4170 3473/6061/4171 3474/6062/4172
f 3474/6063/4172 3391/5939/4173 3390/5938/4170
s 140
f 3396/6064/4174 3475/6065/4175 3476/6066/4176
f 3476/6066/4176 3397/6067/4177 3396/6064/4174
f 3407/6068/4178 3477/6069/4179 3478/6070/4180
f 3478/6070/4180 3411/6071/4181 3407/6068/4178
s 139
f 3403/6072/4182 3479/6073/4183 3480/6074/4184
f 3480/6075/4184 3404/5954/4185 3403/5953/4182
s 140
f 3406/6076/4186 3481/6077/4187 3477/6069/4179
f 3477/6069/4179 3407/6068/4178 3406/6076/4186
s 139
f 3404/6078/4185 3480/6079/4184 3482/6080/4188
f 3482/6081/4188 3410/5961/4189 3404/5954/4185
f 3391/6082/4173 3474/6083/4172 3479/6073/4183
f 3479/6073/4183 3403/6072/4182 3391/6082/4173
s 140
f 3411/6071/4181 3478/6070/4180 3475/6065/4175
f 3475/6065/4175 3396/6064/4174 3411/6071/4181
f 3397/5976/4177 3476/6084/4176 3483/6085/4190
f 3483/6085/4190 3416/5977/4191 3397/5976/4177
s 141
f 3419/5980/4192 3415/5974/4193 3459/6033/4194
f 3459/6033/4194 3458/6032/4195 3419/5980/4192
s 139
f 3410/5961/4189 3482/6081/4188 3484/6086/4196
f 3484/6086/4196 3418/5979/4197 3410/5961/4189
s 142
f 3424/6087/4198 3417/6088/4199 3485/6089/4200
f 3485/6089/4200 3486/6090/4201 3424/6087/4198
s 141
f 3419/5980/4192 3458/6032/4195 3462/6041/4202
f 3462/6041/4202 3420/5981/4203 3419/5980/4192
f 3420/5981/4203 3462/6041/4202 3463/6044/4204
f 3463/6044/4204 3421/5984/4205 3420/5981/4203
s 143
f 3465/6046/4206 3464/6045/4207 3487/6091/4208
s 141
f 3487/6091/4209 3423/5988/4210 3465/6046/4211
s 139
f 3487/6091/4212 3488/6092/4213 3473/6093/4171
f 3473/6093/4171 3390/5938/4170 3487/6091/4212
s 142
f 3424/6087/4198 3486/6090/4201 3489/6094/4214
f 3489/6094/4214 3425/6095/4215 3424/6087/4198
f 3425/6095/4215 3489/6094/4214 3490/6096/4216
f 3490/6096/4216 3426/6097/4217 3425/6095/4215
f 3491/6098/4218 3427/5997/4219 3492/6099/4220
s 144
f 3492/6100/4221 3493/6101/4222 3491/6102/4223
s 140
f 3406/5957/4186 3491/6098/4224 3494/6103/4225
f 3494/6104/4225 3481/6077/4187 3406/6076/4186
s 141
f 3422/5987/4226 3421/5984/4205 3463/6044/4204
f 3463/6044/4204 3472/6058/4227 3422/5987/4226
s 145
f 3495/6105/4228 3496/6106/4229 3497/6107/4230
f 3497/6107/4230 3498/6108/4231 3495/6105/4228
f 3499/6109/4232 3500/6110/4233 3501/6111/4234
f 3501/6111/4234 3502/6112/4235 3499/6109/4232
f 3503/6113/4236 3499/6109/4232 3502/6112/4235
f 3502/6112/4235 3504/6114/4237 3503/6113/4236
f 3496/6106/4229 3500/6110/4233 3505/6115/4238
f 3505/6115/4238 3497/6107/4230 3496/6106/4229
f 3506/6116/4239 3507/6117/4240 3508/6118/4241
f 3508/6118/4241 3509/6119/4242 3506/6116/4239
f 3510/6120/4243 3511/6121/4244 3496/6122/4229
f 3496/6106/4229 3495/6105/4228 3510/6123/4243
f 3512/6124/4245 3513/6125/4246 3514/6126/4247
f 3514/6127/4247 3515/6128/4248 3512/6129/4245
f 3505/6115/4238 3516/6130/4249 3517/6131/4250
f 3517/6131/4250 3518/6132/4251 3505/6115/4238
f 3516/6130/4249 3505/6115/4238 3500/6110/4233
f 3500/6110/4233 3499/6109/4232 3516/6130/4249
f 3519/6133/4252 3520/6134/4253 3521/6135/4254
f 3521/6136/4254 3522/6137/4255 3519/6138/4252
f 3517/6139/4250 3523/6140/4256 3524/6141/4257
f 3524/6142/4257 3525/6143/4258 3517/6144/4250
f 3526/6145/4259 3516/6130/4249 3499/6109/4232
f 3499/6109/4232 3503/6113/4236 3526/6145/4259
f 3527/6146/4260 3521/6136/4254 3520/6147/4253
f 3520/6148/4253 3528/6149/4261 3527/6150/4260
f 3522/6137/4255 3506/6151/4239 3509/6152/4242
f 3509/6119/4242 3519/6153/4252 3522/6154/4255
f 3511/6121/4244 3501/6155/4234 3500/6156/4233
f 3500/6110/4233 3496/6106/4229 3511/6157/4244
f 3513/6125/4246 3518/6158/4251 3529/6159/4262
f 3529/6159/4262 3514/6126/4247 3513/6125/4246
f 3530/6160/4263 3531/6161/4264 3511/6121/4244
f 3511/6157/4244 3510/6123/4243 3530/6162/4263
f 3501/6155/4234 3532/6163/4265 3502/6164/4235
f 3531/6161/4264 3532/6163/4265 3501/6155/4234
f 3501/6111/4234 3511/6157/4244 3531/6165/4264
f 3533/6166/4266 3512/6124/4245 3515/6167/4248
f 3515/6168/4248 3534/6169/4267 3533/6170/4266
f 3535/6171/4268 3527/6150/4260 3528/6149/4261
f 3528/6149/4261 3536/6172/4269 3535/6171/4268
f 3537/6173/4270 3538/6174/4271 3495/6175/4228
f 3495/6175/4228 3498/6176/4231 3537/6173/4270
f 3495/6175/4228 3538/6174/4271 3539/6177/4272
f 3539/6177/4272 3510/6178/4243 3495/6175/4228
f 3540/6179/4273 3507/6117/4240 3530/6180/4263
f 3530/6180/4263 3541/6181/4274 3540/6179/4273
f 3504/6182/4237 3542/6183/4275 3543/6184/4276
f 3543/6185/4276 3503/6186/4236 3504/6187/4237
f 3543/6184/4276 3544/6188/4277 3526/6189/4259
f 3526/6190/4259 3503/6186/4236 3543/6185/4276
f 3526/6189/4259 3544/6188/4277 3545/6191/4278
f 3545/6191/4278 3523/6192/4256 3526/6189/4259
f 3510/6178/4243 3539/6177/4272 3541/6181/4274
f 3541/6181/4274 3530/6180/4263 3510/6178/4243
s 146
f 3546/6193/4279 3547/6194/4280 3548/6195/4281
f 3548/6195/4281 3549/6196/4282 3546/6193/4279
f 3550/6197/4283 3551/6198/4284 3552/6199/4285
f 3552/6199/4285 3553/6200/4286 3550/6197/4283
f 3553/6200/4286 3552/6199/4285 3554/6201/4287
f 3554/6201/4287 3555/6202/4288 3553/6200/4286
f 3556/6203/4289 3551/6198/4284 3547/6194/4280
f 3547/6194/4280 3546/6193/4279 3556/6203/4289
f 3557/6204/4290 3558/6205/4291 3559/6206/4292
f 3559/6206/4292 3560/6207/4293 3557/6204/4290
f 3547/6208/4280 3561/6209/4294 3562/6210/4295
f 3562/6211/4295 3548/6195/4281 3547/6194/4280
f 3563/6212/4296 3546/6193/4279 3549/6196/4282
f 3549/6196/4282 3564/6213/4297 3563/6212/4296
f 3565/6214/4298 3566/6215/4299 3567/6216/4300
f 3567/6216/4300 3568/6217/4301 3565/6214/4298
f 3569/6218/4302 3552/6199/4285 3551/6198/4284
f 3551/6198/4284 3556/6203/4289 3569/6218/4302
f 3570/6219/4303 3553/6200/4286 3571/6220/4304
f 3571/6220/4304 3572/6221/4305 3570/6219/4303
f 3573/6222/4306 3574/6223/4307 3569/6218/4302
f 3569/6218/4302 3568/6217/4301 3573/6222/4306
f 3552/6199/4285 3569/6218/4302 3574/6223/4307
f 3574/6223/4307 3554/6201/4287 3552/6199/4285
f 3571/6220/4304 3553/6200/4286 3555/6202/4288
f 3555/6202/4288 3575/6224/4308 3571/6220/4304
f 3559/6225/4292 3570/6219/4303 3572/6221/4305
f 3572/6221/4305 3560/6226/4293 3559/6225/4292
f 3551/6198/4284 3550/6197/4283 3561/6227/4294
f 3561/6227/4294 3547/6194/4280 3551/6198/4284
f 3565/6214/4298 3556/6203/4289 3546/6193/4279
f 3546/6193/4279 3563/6212/4296 3565/6214/4298
f 3558/6205/4291 3562/6210/4295 3561/6209/4294
f 3561/6209/4294 3559/6206/4292 3558/6205/4291
f 3553/6200/4286 3570/6219/4303 3550/6197/4283
f 3559/6225/4292 3561/6227/4294 3550/6197/4283
f 3550/6197/4283 3570/6219/4303 3559/6225/4292
f 3576/6228/4309 3577/6229/4310 3564/6230/4297
f 3564/6213/4297 3549/6196/4282 3576/6231/4309
f 3575/6232/4308 3555/6233/4288 3578/6234/4311
f 3578/6234/4311 3579/6235/4312 3575/6232/4308
f 3576/6228/4309 3549/6236/4282 3548/6237/4281
f 3548/6195/4281 3580/6238/4313 3576/6231/4309
f 3580/6238/4313 3548/6195/4281 3562/6211/4295
f 3562/6210/4295 3581/6239/4314 3580/6240/4313
f 3557/6204/4290 3582/6241/4315 3583/6242/4316
f 3583/6242/4317 3584/6243/4318 3557/6204/4290
f 3578/6234/4311 3555/6233/4288 3554/6244/4287
f 3554/6201/4287 3585/6245/4319 3578/6246/4311
f 3585/6245/4319 3554/6201/4287 3574/6223/4307
f 3574/6247/4307 3586/6248/4320 3585/6249/4319
f 3587/6250/4321 3588/6251/4322 3589/6252/4323
f 3589/6252/4323 3573/6253/4306 3587/6250/4321
f 3581/6239/4314 3562/6210/4295 3558/6205/4291
f 3558/6205/4291 3590/6254/4324 3581/6239/4314
s 147
f 3508/6118/4325 3591/6255/4326 3592/6256/4327
f 3592/6257/4327 3509/6258/4328 3508/6259/4325
s 148
f 3515/6260/4329 3514/6261/4330 3593/6262/4331
f 3593/6263/4331 3594/6264/4332 3515/6167/4329
f 3525/6265/4333 3595/6266/4334 3596/6267/4335
f 3596/6268/4335 3529/6159/4336 3525/6143/4333
s 147
f 3519/6269/4337 3597/6270/4338 3598/5624/4339
f 3598/6271/4339 3520/6148/4340 3519/6153/4337
s 148
f 3524/6272/4341 3599/6273/4342 3595/6274/4334
f 3595/6275/4334 3525/6143/4333 3524/6142/4341
s 147
f 3528/6149/4343 3520/6148/4340 3598/6271/4339
f 3598/6271/4339 3600/6276/4344 3528/6149/4343
f 3509/6119/4328 3592/6256/4327 3597/6277/4338
f 3597/6277/4338 3519/6153/4337 3509/6119/4328
s 148
f 3514/6261/4330 3529/6278/4336 3596/6279/4335
f 3596/6279/4335 3593/6262/4331 3514/6261/4330
f 3515/6167/4329 3594/6264/4332 3601/6280/4345
f 3601/6280/4345 3534/6281/4346 3515/6167/4329
s 149
f 3537/6173/4347 3533/6166/4348 3577/6229/4349
f 3577/6229/4349 3576/6228/4350 3537/6173/4347
s 147
f 3528/6149/4343 3600/6276/4344 3602/6282/4351
f 3602/6282/4351 3536/6172/4352 3528/6149/4343
s 150
f 3542/6283/4353 3535/6284/4354 3603/6285/4355
f 3603/6285/4355 3604/6286/4356 3542/6283/4353
s 149
f 3537/6173/4347 3576/6228/4350 3580/6240/4357
f 3580/6240/4357 3538/6174/4358 3537/6173/4347
f 3538/6174/4358 3580/6240/4357 3581/6239/4359
f 3581/6239/4359 3539/6177/4360 3538/6174/4358
s 151
f 3584/6243/4361 3583/6242/4362 3605/6287/4363
s 149
f 3605/6287/4364 3540/6179/4365 3584/6243/4361
s 147
f 3605/6287/4366 3606/6288/4367 3591/6255/4326
f 3591/6255/4326 3508/6118/4325 3605/6287/4366
s 150
f 3542/6283/4353 3604/6286/4356 3607/6289/4368
f 3607/6289/4368 3543/6290/4369 3542/6283/4353
f 3543/6290/4369 3607/6289/4368 3608/6291/4370
f 3608/6291/4370 3544/6292/4371 3543/6290/4369
f 3609/6293/4372 3545/6191/4373 3610/6294/4374
s 152
f 3610/6294/4375 3611/6295/4376 3609/6293/4377
s 148
f 3524/6142/4341 3612/6296/4378 3613/6297/4379
f 3613/6297/4379 3599/6298/4342 3524/6142/4341
s 149
f 3539/6177/4360 3581/6239/4359 3590/6254/4380
f 3590/6254/4380 3541/6181/4381 3539/6177/4360
s 119
f 3254/5728/3912 3259/6299/3917 3258/6300/3916
f 3258/6300/3916 3255/5729/3913 3254/5728/3912
f 3255/6301/3913 3258/5745/3916 3266/5748/3924
f 3266/5748/3924 3263/5801/3921 3255/6301/3913
s 120
f 3614/6302/4382 3615/6303/4383 3616/6304/4384
f 3616/6304/4384 3279/5765/3937 3614/6302/4382
f 3614/6305/4382 3617/6306/4385 3618/6307/4386
f 3618/6307/4386 3615/6308/4383 3614/6305/4382
s 122
f 3296/5788/3955 3293/6309/3953 3292/6310/3952
f 3292/6310/3952 3297/5789/3955 3296/5788/3955
s 121
f 3266/5748/3968 3265/5747/4387 3619/6311/4388
f 3619/6311/4388 3304/5803/3969 3266/5748/3968
s 128
f 3311/5843/3985 3310/6312/3984 3354/5889/4389
f 3354/6313/4389 3327/6314/4001 3311/6315/3985
f 3310/6316/3984 3315/5830/3989 3323/6317/3997
f 3323/6317/3997 3354/6318/4389 3310/6316/3984
f 3326/6319/4000 3367/6320/4390 3312/6321/3986
f 3312/6321/3986 3311/6322/3985 3326/6319/4000
f 3319/6323/3993 3369/5921/4391 3374/5920/4392
f 3374/5920/4392 3324/5838/3998 3319/6323/3993
s 129
f 3335/6324/4009 3620/6325/4393 3345/5871/4019
f 3345/5871/4019 3332/5870/4006 3335/6324/4009
f 3620/6325/4393 3335/6324/4009 3343/6326/4017
f 3343/6326/4017 3339/5858/4013 3620/6325/4393
f 3621/6327/4394 3622/6328/4395 3343/5868/4017
f 3343/6329/4017 3342/6330/4016 3621/6331/4394
f 3352/6332/4027 3348/5888/4022 3622/6328/4395
f 3622/6333/4395 3621/6334/4394 3352/6335/4027
f 3333/5851/4007 3332/5850/4006 3344/6336/4018
f 3344/6336/4018 3623/6337/4007 3333/5851/4007
s 133
f 3344/6336/4055 3326/5842/4054 3328/5845/4396
f 3328/5845/4396 3623/6337/4397 3344/6336/4055
s 119
f 3250/5724/3908 3249/5723/3907 3288/6338/4398
f 3288/5779/4398 3269/5755/3927 3250/5754/3908
f 3249/6339/3907 3256/6340/3914 3264/5794/3922
f 3264/5794/3922 3288/5779/4398 3249/6339/3907
f 3268/6341/3926 3307/6342/4399 3251/5736/3909
f 3251/5736/3909 3250/6343/3908 3268/6341/3926
s 120
f 3274/5767/3932 3624/6344/4400 3284/5773/3942
f 3284/5773/3942 3271/5772/3929 3274/5767/3932
f 3624/6344/4400 3274/5767/3932 3282/5770/3940
f 3282/5770/3940 3278/5764/3936 3624/6344/4400
f 3625/6345/4401 3626/6346/4402 3282/5770/3940
f 3282/5770/3940 3281/5769/3939 3625/6345/4401
f 3617/6306/4385 3614/6305/4382 3626/6347/4402
f 3626/6347/4402 3625/6348/4401 3617/6306/4385
f 3272/5758/3930 3271/5757/3929 3283/5776/3941
f 3283/5776/3941 3627/6349/4403 3272/5758/3930
s 126
f 3283/5776/3976 3268/5753/3975 3270/5756/4404
f 3270/5756/4404 3627/6349/4405 3283/5776/3976
s 111
f 3183/6350/3820 3182/6351/3819 3226/6352/4406
f 3226/5680/4406 3199/5639/3836 3183/5638/3820
f 3182/6351/3819 3187/5626/3824 3195/5629/3832
f 3195/5696/3832 3226/5680/4406 3182/6353/3819
f 3198/6354/3835 3239/6355/4407 3184/6356/3821
f 3184/6356/3821 3183/6350/3820 3198/6354/3835
f 3191/5631/3828 3241/5719/4408 3246/5718/4409
f 3246/5718/4409 3196/5632/3833 3191/5631/3828
s 112
f 3207/5648/3844 3628/6357/4410 3217/5662/3854
f 3217/5662/3854 3204/5645/3841 3207/5648/3844
f 3628/6357/4410 3207/5648/3844 3215/5660/3852
f 3215/5660/3852 3211/5653/3848 3628/6357/4410
f 3629/6358/4411 3630/6359/4412 3215/6360/3852
f 3215/5660/3852 3214/5659/3851 3629/6361/4411
f 3225/5675/3863 3220/5674/3857 3630/6359/4412
f 3630/6362/4412 3629/6363/4411 3225/6364/3863
f 3205/6365/3842 3204/6366/3841 3216/6367/3853
f 3216/6367/3853 3631/6368/4413 3205/6365/3842
s 153
f 3198/5637/4414 3200/5640/4415 3631/6368/4416
s 115
f 3631/6368/4417 3216/6367/3888 3198/5637/3887
s 103
f 3082/6369/3682 3081/6370/3681 3067/5420/3667
f 3067/5420/3667 3066/5419/3666 3082/6369/3682
f 3087/5460/3687 3086/6371/3686 3094/6372/3694
f 3094/6372/3694 3098/5461/3698 3087/5460/3687
f 3092/6373/3692 3086/5444/3686 3085/5443/3685
f 3085/5443/3685 3095/5454/3695 3092/6373/3692
f 3087/5445/3687 3082/6369/3682 3066/5419/3666
f 3066/5419/3666 3074/5430/3674 3087/5445/3687
f 3102/6374/3702 3106/6375/3706 3067/6376/3667
f 3067/6376/3667 3081/6377/3681 3102/6374/3702
f 3092/5493/3692 3114/5492/3714 3178/5601/4418
f 3178/5601/4418 3093/5606/3693 3092/5493/3692
s 104
f 3632/6378/4419 3132/6379/3732 3133/6380/3733
f 3133/6381/3733 3633/6382/4420 3632/6383/4419
f 3125/5505/3725 3134/5519/3734 3137/5518/3737
f 3137/5518/3737 3138/5520/3738 3125/5505/3725
f 3158/5551/3759 3142/5550/3742 3137/6384/3737
f 3137/5518/3737 3136/5517/3736 3158/6385/3759
f 3135/6386/3735 3134/5519/3734 3132/5512/3732
f 3132/6379/3732 3632/6378/4419 3135/5515/3735
f 3633/6387/4420 3133/6380/3733 3146/5583/3746
f 3146/5583/3746 3634/6388/4421 3633/6387/4420
f 3157/6389/3758 3155/5547/3756 3143/5525/3743
f 3143/5525/3743 3142/5524/3742 3157/6389/3758
s 154
f 3102/5470/4422 3103/5471/4423 3634/6388/4424
s 107
f 3634/6388/4425 3146/5583/3785 3102/5470/3784
s 108
f 3114/6390/3810 3113/5600/3808 3177/5599/3807
f 3177/5599/3807 3179/6391/3811 3114/6390/3810
s 137
f 3395/6392/4091 3394/6393/4090 3380/5928/4076
f 3380/5928/4076 3379/5927/4075 3395/6392/4091
f 3400/5966/4096 3399/5955/4095 3407/5958/4103
f 3407/5958/4103 3411/5967/4107 3400/5966/4096
f 3405/6394/4101 3399/5949/4095 3398/5948/4094
f 3398/5948/4094 3408/5959/4104 3405/6394/4101
f 3400/5950/4096 3395/6392/4091 3379/5927/4075
f 3379/6395/4075 3387/6396/4083 3400/6397/4096
f 3415/5974/4111 3419/5980/4115 3380/5983/4076
f 3380/5983/4076 3394/5975/4090 3415/5974/4111
f 3405/5956/4101 3427/5997/4123 3491/6098/4426
f 3491/6098/4426 3406/5957/4102 3405/5956/4101
s 138
f 3635/6398/4427 3445/6399/4141 3446/6034/4142
f 3446/6400/4142 3636/6401/4428 3635/6402/4427
f 3438/6008/4134 3447/6031/4143 3450/6029/4146
f 3450/6029/4146 3451/6023/4147 3438/6008/4134
f 3471/6057/4168 3455/6056/4151 3450/6021/4146
f 3450/6403/4146 3449/6404/4145 3471/6405/4168
f 3448/6406/4144 3447/6022/4143 3445/6399/4141
f 3445/6407/4141 3635/6408/4427 3448/6409/4144
f 3636/6410/4428 3446/6034/4142 3459/6033/4155
f 3459/6033/4155 3637/6411/4429 3636/6410/4428
f 3470/6412/4167 3468/6053/4165 3456/6028/4152
f 3456/6413/4152 3455/6056/4151 3470/6055/4167
s 155
f 3415/5974/4193 3416/5977/4430 3637/6411/4431
s 141
f 3637/6411/4432 3459/6033/4194 3415/5974/4193
s 142
f 3427/6414/4219 3426/6097/4217 3490/6096/4216
f 3490/6096/4216 3492/6415/4220 3427/6414/4219
s 145
f 3513/6416/4246 3512/6417/4245 3498/6108/4231
f 3498/6108/4231 3497/6107/4230 3513/6416/4246
f 3517/6144/4250 3525/6143/4258 3529/6159/4262
f 3529/6418/4262 3518/6419/4251 3517/6139/4250
f 3523/6420/4256 3517/6131/4250 3516/6130/4249
f 3516/6130/4249 3526/6145/4259 3523/6420/4256
f 3518/6132/4251 3513/6416/4246 3497/6107/4230
f 3497/6107/4230 3505/6115/4238 3518/6132/4251
f 3533/6421/4266 3537/6422/4270 3498/6423/4231
f 3498/6423/4231 3512/6424/4245 3533/6421/4266
s 156
f 3545/6191/4433 3609/6293/4434 3524/6142/4435
s 145
f 3524/6142/4257 3523/6192/4256 3545/6191/4278
s 146
f 3638/6425/4436 3563/6426/4296 3564/6230/4297
f 3564/6427/4297 3639/6428/4437 3638/6429/4436
f 3556/6203/4289 3565/6214/4298 3568/6217/4301
f 3568/6217/4301 3569/6218/4302 3556/6203/4289
f 3573/6222/4306 3568/6217/4301 3567/6216/4300
f 3567/6430/4300 3587/6250/4321 3573/6253/4306
f 3563/6212/4296 3638/6431/4436 3566/6215/4299
f 3566/6215/4299 3565/6214/4298 3563/6212/4296
f 3639/6432/4437 3564/6230/4297 3577/6229/4310
f 3577/6229/4310 3640/6433/4438 3639/6432/4437
f 3589/6252/4323 3586/6248/4320 3574/6247/4307
f 3574/6223/4307 3573/6222/4306 3589/6434/4323
s 157
f 3533/6166/4439 3534/6281/4440 3640/6433/4441
s 149
f 3640/6433/4442 3577/6229/4349 3533/6166/4348
s 150
f 3545/6435/4373 3544/6292/4371 3608/6291/4370
f 3608/6291/4370 3610/6436/4374 3545/6435/4373
s 128
f 3317/6437/3991 3316/5840/3990 3325/5841/3999
f 3325/5841/3999 3359/5894/4443 3317/6437/3991
f 3318/5847/3992 3317/6437/3991 3359/5894/4443
f 3359/5894/4443 3330/5848/4004 3318/5847/3992
f 3329/5846/4003 3369/5921/4391 3319/6323/3993
f 3319/5836/3993 3318/6438/3992 3329/6439/4003
f 3312/5827/3986 3367/5917/4390 3372/5916/4444
f 3372/5916/4444 3320/5828/3994 3312/5827/3986
s 129
f 3622/6440/4395 3336/5859/4010 3339/5858/4013
f 3339/5858/4013 3343/6326/4017 3622/6440/4395
f 3336/5859/4010 3622/6440/4395 3348/6441/4022
f 3348/5875/4022 3340/5874/4014 3336/6442/4010
f 3350/6443/4024 3345/5871/4019 3620/6325/4393
f 3620/6444/4393 3641/6445/4445 3350/5880/4024
f 3641/6446/4445 3620/6325/4393 3339/5858/4013
f 3339/5858/4013 3338/5857/4012 3641/6446/4445
f 3341/6447/4015 3340/5863/4014 3347/6448/4021
f 3347/6448/4021 3642/6449/4446 3341/6447/4015
s 134
f 3329/5846/4060 3331/5849/4447 3643/6450/4448
f 3643/6451/4448 3370/5914/4061 3329/5913/4060
s 119
f 3254/6452/3912 3253/5752/3911 3267/5751/3925
f 3267/5751/3925 3293/6309/4449 3254/6452/3912
f 3260/6453/3918 3259/6454/3917 3296/5788/4450
f 3296/5788/4450 3295/5787/4451 3260/6453/3918
f 3251/6455/3909 3307/5814/4399 3308/5813/4452
f 3308/5813/4452 3261/5738/3919 3251/6455/3909
s 120
f 3626/6346/4402 3275/5761/3933 3278/5764/3936
f 3278/5764/3936 3282/5770/3940 3626/6346/4402
f 3614/6302/4382 3279/5765/3937 3275/5761/3933
f 3275/5761/3933 3626/6346/4402 3614/6302/4382
f 3286/5777/3944 3284/5774/3942 3624/6456/4400
f 3624/6344/4400 3644/6457/4453 3286/6458/3944
f 3644/6457/4453 3624/6344/4400 3278/5764/3936
f 3278/5764/3936 3277/5763/3935 3644/6457/4453
s 123
f 3260/6453/3957 3295/5787/4454 3645/6459/4455
f 3645/6459/4455 3298/6460/3958 3260/6453/3957
s 119
f 3259/6454/3917 3254/6452/3912 3293/6309/4449
f 3293/6461/4449 3296/6462/4450 3259/6463/3917
s 120
f 3280/6464/3938 3279/6465/3937 3616/6466/4384
f 3616/6466/4384 3646/6467/4456 3280/6464/3938
s 111
f 3189/6468/3826 3188/5634/3825 3197/5636/3834
f 3197/5636/3834 3231/5683/4457 3189/6468/3826
f 3190/5642/3827 3189/6468/3826 3231/5683/4457
f 3231/5683/4457 3202/5643/3839 3190/5642/3827
f 3201/5641/3838 3241/5719/4408 3191/5631/3828
f 3191/5631/3828 3190/5642/3827 3201/5641/3838
f 3184/5621/3821 3239/5715/4407 3244/5714/4458
f 3244/5714/4458 3192/5622/3829 3184/5621/3821
s 112
f 3630/6469/4412 3208/5654/3845 3211/5653/3848
f 3211/5653/3848 3215/5660/3852 3630/6469/4412
f 3208/5654/3845 3630/6469/4412 3220/5666/3857
f 3220/5666/3857 3212/5665/3849 3208/5654/3845
f 3222/5669/3859 3217/5668/3854 3628/6470/4410
f 3628/6470/4410 3647/6471/4459 3222/5669/3859
f 3647/6471/4459 3628/6470/4410 3211/6472/3848
f 3211/5653/3848 3210/5652/3847 3647/6473/4459
f 3213/6474/3850 3212/5658/3849 3219/6475/3856
f 3219/6476/3856 3648/6477/4460 3213/6478/3850
s 116
f 3201/5641/3893 3203/5644/4461 3649/6479/4462
f 3649/6479/4462 3242/6480/3894 3201/5641/3893
s 103
f 3076/6481/3676 3075/5458/3675 3100/5468/3700
f 3100/5463/3700 3099/5462/3699 3076/6482/3676
f 3101/5467/3701 3089/6483/3689 3088/6484/3688
f 3088/6484/3688 3071/5425/3671 3101/5467/3701
f 3088/6484/3688 3096/6485/3696 3073/5428/3673
f 3073/5428/3673 3071/5425/3671 3088/6484/3688
f 3075/6486/3675 3089/6483/3689 3101/5467/3701
f 3101/5467/3701 3100/5463/3700 3075/6486/3675
f 3096/5455/3696 3104/5472/3704 3111/5486/3711
f 3111/5486/3711 3073/5489/3673 3096/5455/3696
f 3076/5483/3676 3109/5482/3709 3174/5591/4463
f 3174/5591/4463 3077/5434/3677 3076/5483/3676
s 104
f 3151/5539/3751 3126/5538/3726 3129/6487/3729
f 3129/6487/3729 3650/6488/4464 3151/5539/3751
f 3651/6489/4465 3141/5523/3741 3140/5522/3740
f 3140/5522/3740 3652/6490/4466 3651/6489/4465
f 3652/6491/4466 3140/6492/3740 3144/6493/3744
f 3144/6494/3744 3653/6495/4467 3652/6496/4466
f 3650/6488/4464 3129/6487/3729 3141/6497/3741
f 3141/6497/3741 3651/6498/4465 3650/6488/4464
f 3653/6499/4467 3144/6493/3744 3148/6500/3748
f 3148/6500/3748 3654/6501/4468 3653/6499/4467
f 3126/6502/3726 3153/6503/3754 3159/6504/3760
f 3159/5609/3760 3127/5553/3727 3126/5538/3726
s 108
f 3104/5472/3790 3105/5473/4469 3655/6505/4470
f 3655/6505/4470 3172/5589/3791 3104/5472/3790
s 107
f 3109/5482/3798 3110/5485/3818 3159/5609/3817
f 3159/5609/3817 3153/5541/3799 3109/5482/3798
s 137
f 3389/6506/4085 3388/6507/4084 3413/5970/4109
f 3413/6508/4109 3412/6509/4108 3389/6510/4085
f 3414/5973/4110 3402/6511/4098 3401/6512/4097
f 3401/6512/4097 3384/5932/4080 3414/5973/4110
f 3401/6512/4097 3409/6513/4105 3386/5934/4082
f 3386/5934/4082 3384/5932/4080 3401/6512/4097
f 3388/6514/4084 3402/6515/4098 3414/5971/4110
f 3414/5973/4110 3413/5970/4109 3388/6507/4084
f 3409/5960/4105 3417/5978/4113 3424/6516/4120
f 3424/5990/4120 3386/5989/4082 3409/6517/4105
f 3389/5937/4085 3423/5988/4119 3487/6091/4471
f 3487/6091/4471 3390/5938/4086 3389/5937/4085
s 138
f 3466/6048/4162 3439/6047/4135 3442/6518/4138
f 3442/6518/4138 3656/6519/4472 3466/6048/4162
f 3657/6520/4473 3454/6026/4150 3453/6025/4149
f 3453/6521/4149 3658/6522/4474 3657/6523/4473
f 3658/6524/4474 3453/6025/4149 3457/6030/4153
f 3457/6030/4153 3659/6525/4475 3658/6524/4474
f 3656/6526/4472 3442/6012/4138 3454/6026/4150
f 3454/6527/4150 3657/6523/4473 3656/6519/4472
f 3659/6528/4475 3457/6039/4153 3461/6038/4157
f 3461/6038/4157 3660/6529/4476 3659/6528/4475
f 3465/6046/4161 3472/6058/4169 3440/6059/4136
f 3440/6059/4136 3439/6047/4135 3465/6046/4161
s 142
f 3417/6530/4199 3418/6531/4477 3661/6532/4478
f 3661/6533/4478 3485/6534/4200 3417/5978/4199
s 141
f 3423/5988/4210 3422/5987/4226 3472/6058/4227
f 3472/6058/4227 3465/6046/4211 3423/5988/4210
s 145
f 3507/6535/4240 3506/6151/4239 3531/6161/4264
f 3531/6165/4264 3530/6162/4263 3507/6536/4240
f 3532/6163/4265 3522/6137/4255 3521/6136/4254
f 3521/6135/4254 3502/6112/4235 3532/6537/4265
f 3521/6135/4254 3527/6538/4260 3504/6114/4237
f 3504/6114/4237 3502/6112/4235 3521/6135/4254
f 3506/6151/4239 3522/6137/4255 3532/6163/4265
f 3532/6537/4265 3531/6165/4264 3506/6539/4239
f 3527/6540/4260 3535/6541/4268 3542/6542/4275
f 3542/6183/4275 3504/6182/4237 3527/6150/4260
f 3507/6117/4240 3540/6179/4273 3605/6287/4479
f 3605/6287/4479 3508/6118/4241 3507/6117/4240
s 146
f 3582/6241/4315 3557/6204/4290 3560/6207/4293
f 3560/6207/4293 3662/6543/4480 3582/6241/4315
f 3571/6220/4304 3663/6544/4481 3664/6545/4482
f 3664/6545/4482 3572/6221/4305 3571/6220/4304
f 3663/6544/4481 3571/6220/4304 3575/6224/4308
f 3575/6232/4308 3665/6546/4483 3663/6547/4481
f 3662/6543/4480 3560/6207/4293 3572/6548/4305
f 3572/6548/4305 3664/6549/4482 3662/6543/4480
f 3665/6546/4483 3575/6232/4308 3579/6235/4312
f 3579/6235/4312 3666/6550/4484 3665/6546/4483
f 3558/6205/4291 3557/6204/4290 3584/6243/4318
f 3584/6243/4318 3590/6254/4324 3558/6205/4291
s 150
f 3535/6551/4354 3536/6552/4485 3667/6553/4486
f 3667/6554/4486 3603/6555/4355 3535/6171/4354
s 149
f 3540/6179/4365 3541/6181/4381 3590/6254/4380
f 3590/6254/4380 3584/6243/4361 3540/6179/4365
s 158
f 3668/6556/4487 3669/6557/4488 3670/6558/4489
f 3670/6558/4489 3671/6559/4490 3668/6556/4487
f 3672/6560/4491 3673/6561/4492 3669/6557/4488
f 3669/6557/4488 3674/6562/4493 3672/6560/4491
f 3668/6556/4487 3675/6563/4494 3676/6564/4495
f 3677/6565/4496 3678/6566/4497 3679/6567/4498
f 3680/6568/4499 3681/6569/4500 3682/6570/4501
f 3683/6571/4502 3684/6572/4503 3685/6573/4504
f 3686/6574/4505 3687/6575/4506 3688/6576/4507
f 3688/6577/4507 3689/6578/4508 3686/6579/4505
f 3690/6580/4509 3691/6581/4510 3686/6582/4505
f 3686/6582/4505 3670/6558/4489 3690/6580/4509
f 3692/6583/4511 3693/6584/4512 3689/6585/4508
f 3689/6585/4508 3694/6586/4513 3692/6583/4511
f 3695/6587/4514 3696/6588/4515 3693/6584/4512
f 3693/6589/4512 3697/6590/4516 3695/6591/4514
f 3698/6592/4517 3699/6593/4518 3696/6594/4515
f 3696/6594/4515 3700/6595/4519 3698/6592/4517
f 3701/6596/4520 3699/6593/4518 3702/6597/4521
f 3702/6597/4521 3703/6598/4522 3701/6596/4520
f 3690/6599/4509 3673/6600/4492 3704/6601/4523
f 3704/6601/4523 3705/6602/4524 3690/6599/4509
f 3674/6562/4493 3669/6557/4488 3668/6556/4487
f 3668/6556/4487 3676/6564/4495 3674/6562/4493
f 3671/6603/4490 3706/6604/4525 3677/6605/4496
f 3677/6605/4496 3668/6606/4487 3671/6603/4490
f 3675/6563/4494 3668/6556/4487 3677/6565/4496
f 3677/6565/4496 3679/6567/4498 3675/6563/4494
f 3707/6607/4526 3691/6608/4510 3708/6609/4527
f 3708/6610/4527 3709/6611/4528 3707/6612/4526
f 3686/6574/4505 3689/6585/4508 3671/6603/4490
f 3671/6603/4490 3670/6613/4489 3686/6574/4505
f 3689/6578/4508 3693/6589/4512 3706/6614/4525
f 3706/6604/4525 3671/6603/4490 3689/6585/4508
f 3689/6585/4508 3688/6576/4507 3694/6586/4513
f 3706/6604/4525 3710/6615/4529 3680/6568/4499
f 3680/6568/4499 3677/6605/4496 3706/6604/4525
f 3678/6616/4497 3677/6605/4496 3680/6568/4499
f 3680/6568/4499 3682/6570/4501 3678/6616/4497
f 3711/6617/4530 3683/6618/4502 3680/6568/4499
f 3680/6568/4499 3710/6615/4529 3711/6617/4530
f 3681/6569/4500 3680/6568/4499 3683/6618/4502
f 3683/6618/4502 3685/6619/4504 3681/6569/4500
f 3712/6620/4531 3713/6621/4532 3714/6622/4533
f 3714/6622/4533 3715/6623/4534 3712/6620/4531
f 3716/6624/4535 3712/6620/4531 3715/6623/4534
f 3715/6625/4534 3717/6626/4536 3716/6627/4535
f 3696/6594/4515 3710/6628/4529 3706/6614/4525
f 3706/6604/4525 3693/6584/4512 3696/6588/4515
f 3693/6584/4512 3692/6583/4511 3697/6629/4516
f 3699/6630/4518 3711/6617/4530 3710/6615/4529
f 3710/6615/4529 3696/6588/4515 3699/6630/4518
f 3696/6594/4515 3695/6591/4514 3700/6595/4519
f 3713/6621/4532 3701/6596/4520 3718/6631/4537
f 3718/6631/4537 3714/6622/4533 3713/6621/4532
f 3699/6593/4518 3698/6592/4517 3702/6597/4521
s 159
f 3719/6632/4538 3720/6633/4539 3721/6634/4540
f 3721/6634/4540 3722/6635/4541 3719/6632/4538
f 3723/6636/4542 3724/6637/4543 3725/6638/4544
f 3725/6638/4544 3726/6639/4545 3723/6636/4542
f 3727/6640/4546 3728/6641/4547 3729/6642/4548
f 3729/6642/4548 3730/6643/4549 3727/6640/4546
f 3731/6644/4550 3732/6645/4551 3733/6646/4552
f 3733/6646/4552 3734/6647/4553 3731/6644/4550
f 3735/6648/4554 3736/6649/4555 3737/6650/4556
f 3737/6651/4556 3738/6652/4557 3735/6653/4554
f 3739/6654/4558 3740/6655/4559 3741/6656/4560
f 3741/6656/4560 3742/6657/4561 3739/6654/4558
f 3743/6658/4562 3744/6659/4563 3745/6660/4564
f 3745/6661/4564 3746/6662/4565 3743/6663/4562
f 3747/6664/4566 3748/6665/4567 3749/6666/4568
f 3749/6667/4568 3750/6668/4569 3747/6669/4566
f 3751/6670/4570 3752/6671/4571 3753/6672/4572
f 3753/6672/4572 3754/6673/4573 3751/6670/4570
f 3755/6674/4574 3756/6675/4575 3757/6676/4576
f 3757/6677/4576 3758/6678/4577 3755/6679/4574
f 3759/6680/4578 3760/6681/4579 3761/6682/4580
f 3761/6682/4580 3762/6683/4581 3759/6680/4578
f 3763/6684/4582 3764/6685/4583 3765/6686/4584
f 3765/6686/4584 3746/6687/4565 3763/6684/4582
f 3724/6637/4543 3766/6688/4585 3767/6689/4586
f 3767/6689/4586 3725/6638/4544 3724/6637/4543
f 3764/6690/4583 3768/6691/4587 3769/6692/4588
f 3769/6692/4588 3765/6693/4584 3764/6690/4583
f 3728/6641/4547 3723/6636/4542 3726/6639/4545
f 3726/6639/4545 3729/6642/4548 3728/6641/4547
f 3770/6694/4589 3739/6695/4558 3742/6696/4561
f 3742/6696/4561 3771/6697/4590 3770/6694/4589
f 3740/6655/4559 3747/6664/4566 3750/6698/4569
f 3750/6699/4569 3741/6700/4560 3740/6701/4559
f 3768/6691/4587 3772/6702/4591 3773/6703/4592
f 3773/6703/4592 3769/6692/4588 3768/6691/4587
f 3732/6645/4551 3727/6640/4546 3730/6643/4549
f 3730/6643/4549 3733/6646/4552 3732/6645/4551
f 3772/6702/4591 3774/6704/4593 3775/6705/4594
f 3775/6705/4594 3773/6703/4592 3772/6702/4591
f 3736/6649/4555 3731/6644/4550 3734/6647/4553
f 3734/6647/4553 3737/6650/4556 3736/6649/4555
f 3776/6706/4595 3775/6705/4594 3774/6704/4593
f 3774/6704/4593 3777/6707/4596 3776/6706/4595
f 3778/6708/4597 3735/6648/4554 3738/6709/4557
f 3738/6710/4557 3779/6711/4598 3778/6712/4597
f 3748/6665/4567 3751/6713/4570 3754/6714/4573
f 3754/6714/4573 3749/6666/4568 3748/6665/4567
f 3752/6671/4571 3755/6679/4574 3758/6678/4577
f 3758/6715/4577 3753/6716/4572 3752/6717/4571
f 3775/6705/4594 3776/6706/4595 3780/6718/4599
f 3756/6719/4575 3781/6720/4600 3782/6721/4601
f 3782/6722/4601 3757/6676/4576 3756/6675/4575
s 160
f 3783/6723/4602 3784/6724/4603 3785/6725/4604
f 3785/6725/4604 3786/6726/4605 3783/6723/4602
s 161
f 3787/6727/4606 3788/6728/4607 3789/6729/4608
f 3789/6729/4608 3790/6730/4609 3787/6727/4606
f 3791/6731/4610 3792/6732/4611 3793/6733/4612
f 3793/6733/4612 3794/6734/4613 3791/6731/4610
f 3795/6735/4614 3796/6736/4615 3797/6737/4616
f 3797/6737/4616 3798/6738/4617 3795/6735/4614
f 3799/6739/4618 3800/6740/4619 3801/6741/4620
f 3801/6741/4620 3802/6742/4621 3799/6739/4618
f 3803/6743/4622 3804/6744/4623 3805/6745/4624
f 3805/6745/4624 3806/6746/4625 3803/6743/4622
s 162
f 3807/6747/4626 3808/6748/4627 3809/6749/4628
f 3809/6749/4628 3810/6750/4629 3807/6747/4626
s 160
f 3705/6751/4630 3811/6752/4631 3812/6753/4632
f 3812/6753/4632 3708/6754/4633 3705/6751/4630
s 162
f 3813/6755/4634 3814/6756/4635 3815/6757/4636
f 3815/6758/4636 3816/6759/4637 3813/6760/4634
f 3817/6761/4638 3818/6762/4639 3819/6763/4640
f 3819/6763/4640 3820/6764/4641 3817/6761/4638
f 3821/6765/4642 3822/6766/4643 3823/6767/4644
f 3823/6767/4644 3824/6768/4645 3821/6765/4642
s 163
f 3825/6769/4646 3826/6770/4647 3827/6771/4648
f 3827/6771/4648 3828/6772/4649 3825/6769/4646
s 160
f 3705/6773/4630 3704/6774/4650 3829/6775/4651
f 3829/6776/4651 3811/6752/4631 3705/6751/4630
s 161
f 3787/6727/4606 3791/6731/4610 3794/6734/4613
f 3794/6734/4613 3788/6728/4607 3787/6727/4606
f 3792/6732/4611 3795/6735/4614 3798/6738/4617
f 3798/6738/4617 3793/6733/4612 3792/6732/4611
s 162
f 3830/6777/4652 3831/6778/4653 3832/6779/4654
f 3832/6780/4654 3833/6781/4655 3830/6782/4652
s 160
f 3834/6783/4656 3709/6784/4657 3708/6785/4633
f 3708/6754/4633 3812/6753/4632 3834/6786/4656
s 162
f 3814/6756/4635 3807/6747/4626 3810/6750/4629
f 3810/6750/4629 3815/6757/4636 3814/6756/4635
s 161
f 3796/6736/4615 3799/6739/4618 3802/6742/4621
f 3802/6742/4621 3797/6737/4616 3796/6736/4615
f 3800/6740/4619 3803/6743/4622 3806/6746/4625
f 3806/6787/4625 3801/6788/4620 3800/6789/4619
s 163
f 3714/6790/4658 3835/6791/4659 3836/6792/4660
f 3836/6792/4660 3715/6793/4661 3714/6790/4658
s 161
f 3837/6794/4662 3838/6795/4663 3839/6796/4664
f 3839/6796/4664 3840/6797/4665 3837/6794/4662
s 163
f 3715/6793/4661 3836/6792/4660 3841/6798/4666
f 3841/6798/4666 3717/6799/4667 3715/6793/4661
s 162
f 3818/6762/4639 3813/6800/4634 3816/6801/4637
f 3816/6801/4637 3819/6763/4640 3818/6762/4639
f 3822/6766/4643 3817/6761/4638 3820/6764/4641
f 3820/6764/4641 3823/6767/4644 3822/6766/4643
s 163
f 3714/6790/4658 3718/6802/4668 3842/6803/4669
f 3842/6803/4669 3835/6791/4659 3714/6790/4658
s 162
f 3843/6804/4670 3821/6805/4642 3824/6806/4645
f 3824/6806/4645 3844/6807/4671 3843/6804/4670
f 3844/6808/4671 3845/6809/4672 3846/6810/4673
f 3846/6810/4673 3843/6811/4670 3844/6808/4671
s 158
f 3826/6812/4674 3718/6631/4537 3701/6596/4520
f 3701/6596/4520 3703/6598/4522 3826/6812/4674
f 3683/6571/4502 3711/6813/4530 3713/6621/4532
f 3713/6814/4532 3712/6815/4531 3683/6618/4502
f 3684/6816/4503 3683/6618/4502 3712/6815/4531
f 3712/6620/4531 3716/6624/4535 3684/6572/4503
f 3711/6617/4530 3699/6630/4518 3701/6817/4520
f 3701/6596/4520 3713/6621/4532 3711/6813/4530
s 159
f 3780/6718/4599 3759/6818/4578 3781/6720/4600
f 3781/6720/4600 3775/6705/4594 3780/6718/4599
f 3777/6707/4596 3847/6819/4675 3848/6820/4676
f 3848/6820/4676 3776/6706/4595 3777/6707/4596
f 3778/6821/4597 3849/6822/4677 3847/6819/4675
f 3847/6819/4675 3777/6707/4596 3778/6821/4597
f 3776/6706/4595 3848/6820/4676 3850/6823/4678
f 3850/6823/4678 3780/6718/4599 3776/6706/4595
s 161
f 3838/6824/4663 3805/6745/4624 3804/6744/4623
f 3804/6744/4623 3839/6825/4664 3838/6824/4663
s 164
f 3845/6826/4679 3851/6827/4680 3827/6771/4681
s 162
f 3827/6771/4682 3846/6828/4673 3845/6826/4672
s 158
f 3785/6829/4683 3704/6601/4523 3673/6600/4492
f 3673/6600/4492 3672/6830/4491 3785/6829/4683
f 3705/6602/4524 3708/6609/4527 3691/6608/4510
f 3691/6608/4510 3690/6599/4509 3705/6602/4524
f 3670/6558/4489 3669/6557/4488 3673/6561/4492
f 3673/6561/4492 3690/6580/4509 3670/6558/4489
f 3687/6831/4506 3686/6579/4505 3691/6832/4510
f 3691/6833/4510 3707/6834/4526 3687/6575/4506
s 159
f 3719/6835/4538 3766/6836/4585 3764/6685/4583
f 3764/6685/4583 3763/6684/4582 3719/6835/4538
f 3743/6837/4562 3746/6687/4565 3765/6686/4584
f 3746/6662/4565 3745/6661/4564 3852/6838/4684
f 3852/6838/4684 3763/6839/4582 3746/6662/4565
f 3770/6840/4589 3853/6841/4685 3744/6842/4563
f 3744/6659/4563 3743/6658/4562 3770/6843/4589
s 161
f 3854/6844/4686 3786/6726/4687 3790/6845/4609
f 3790/6730/4609 3789/6729/4608 3854/6846/4686
s 162
f 3833/6781/4655 3832/6780/4654 3809/6749/4628
f 3809/6749/4628 3808/6748/4627 3833/6781/4655
s 158
f 3687/6831/4506 3808/6847/4688 3807/6848/4689
f 3807/6848/4689 3688/6577/4507 3687/6831/4506
f 3694/6849/4513 3814/6850/4690 3813/6851/4691
f 3813/6851/4691 3692/6852/4511 3694/6849/4513
f 3697/6590/4516 3818/6853/4692 3817/6854/4693
f 3817/6854/4693 3695/6591/4514 3697/6590/4516
f 3700/6595/4519 3822/6855/4694 3821/6856/4695
f 3821/6856/4695 3698/6592/4517 3700/6595/4519
f 3702/6597/4521 3843/6857/4696 3846/6858/4697
f 3846/6858/4697 3703/6598/4522 3702/6597/4521
f 3709/6859/4528 3830/6777/4698 3833/6860/4699
f 3833/6860/4699 3707/6861/4526 3709/6859/4528
f 3688/6577/4507 3807/6848/4689 3814/6850/4690
f 3814/6850/4690 3694/6849/4513 3688/6577/4507
f 3692/6852/4511 3813/6851/4691 3818/6853/4692
f 3818/6853/4692 3697/6590/4516 3692/6852/4511
f 3695/6591/4514 3817/6854/4693 3822/6855/4694
f 3822/6855/4694 3700/6595/4519 3695/6591/4514
f 3698/6592/4517 3821/6856/4695 3843/6857/4696
f 3843/6857/4696 3702/6597/4521 3698/6592/4517
s 159
f 3740/6862/4559 3739/6695/4558 3765/6693/4584
f 3765/6693/4584 3769/6692/4588 3748/6863/4567
f 3748/6863/4567 3747/6864/4566 3765/6693/4584
f 3769/6692/4588 3773/6703/4592 3752/6671/4571
f 3752/6671/4571 3751/6670/4570 3769/6692/4588
f 3773/6703/4592 3775/6705/4594 3756/6719/4575
f 3756/6719/4575 3755/6679/4574 3773/6703/4592
f 3780/6865/4599 3850/6866/4678 3760/6681/4579
f 3760/6867/4579 3759/6818/4578 3780/6718/4599
f 3743/6868/4562 3765/6693/4584 3739/6695/4558
f 3739/6695/4558 3770/6694/4589 3743/6868/4562
f 3747/6864/4566 3740/6862/4559 3765/6693/4584
f 3751/6670/4570 3748/6863/4567 3769/6692/4588
f 3755/6679/4574 3752/6671/4571 3773/6703/4592
f 3781/6720/4600 3756/6719/4575 3775/6705/4594
s 163
f 3826/6869/4647 3825/6870/4646 3842/6803/4669
f 3842/6803/4669 3718/6802/4668 3826/6869/4647
s 165
f 3834/6786/4656 3855/6871/4700 3830/6777/4701
s 160
f 3830/6872/4701 3709/6784/4657 3834/6783/4656
s 158
f 3703/6873/4522 3846/6828/4697 3827/6771/4702
f 3827/6874/4702 3826/6812/4674 3703/6598/4522
s 159
f 3762/6875/4581 3782/6721/4601 3781/6720/4600
f 3781/6876/4600 3759/6680/4578 3762/6683/4581
s 158
f 3707/6877/4526 3833/6878/4699 3808/6847/4688
f 3808/6847/4688 3687/6831/4506 3707/6877/4526
s 159
f 3771/6879/4590 3856/6880/4703 3853/6881/4685
f 3853/6881/4685 3770/6882/4589 3771/6879/4590
s 158
f 3674/6883/4493 3787/6884/4704 3790/6885/4705
f 3790/6885/4705 3672/6830/4491 3674/6883/4493
f 3675/6886/4494 3792/6887/4706 3791/6888/4707
f 3791/6888/4707 3676/6889/4495 3675/6886/4494
f 3678/6890/4497 3796/6891/4708 3795/6892/4709
f 3795/6892/4709 3679/6893/4498 3678/6890/4497
f 3681/6894/4500 3800/6895/4710 3799/6896/4711
f 3799/6896/4711 3682/6897/4501 3681/6894/4500
f 3684/6572/4503 3804/6898/4712 3803/6899/4713
f 3803/6899/4713 3685/6573/4504 3684/6572/4503
f 3676/6889/4495 3791/6888/4707 3787/6884/4704
f 3787/6884/4704 3674/6883/4493 3676/6889/4495
f 3679/6893/4498 3795/6892/4709 3792/6887/4706
f 3792/6887/4706 3675/6886/4494 3679/6893/4498
f 3682/6897/4501 3799/6896/4711 3796/6900/4708
f 3796/6900/4708 3678/6901/4497 3682/6897/4501
f 3685/6573/4504 3803/6899/4713 3800/6895/4710
f 3800/6895/4710 3681/6894/4500 3685/6573/4504
f 3717/6902/4536 3840/6797/4714 3839/6796/4715
f 3839/6796/4715 3716/6903/4535 3717/6902/4536
s 159
f 3763/6839/4582 3852/6838/4684 3720/6633/4539
f 3720/6904/4539 3719/6835/4538 3763/6684/4582
f 3724/6637/4543 3723/6636/4542 3764/6905/4583
f 3728/6641/4547 3727/6640/4546 3768/6906/4587
f 3732/6645/4551 3731/6644/4550 3772/6907/4591
f 3736/6908/4555 3735/6909/4554 3774/6704/4593
f 3766/6688/4585 3724/6637/4543 3764/6905/4583
f 3768/6906/4587 3764/6905/4583 3723/6636/4542
f 3723/6636/4542 3728/6641/4547 3768/6906/4587
f 3772/6907/4591 3768/6906/4587 3727/6640/4546
f 3727/6640/4546 3732/6645/4551 3772/6907/4591
f 3774/6704/4593 3772/6702/4591 3731/6910/4550
f 3731/6910/4550 3736/6908/4555 3774/6704/4593
f 3777/6707/4596 3774/6704/4593 3735/6909/4554
f 3735/6909/4554 3778/6821/4597 3777/6707/4596
s 160
f 3785/6725/4604 3784/6724/4603 3829/6776/4651
f 3829/6775/4651 3704/6774/4650 3785/6911/4604
s 163
f 3857/6912/4716 3840/6913/4717 3717/6914/4667
f 3717/6902/4667 3841/6915/4666 3857/6916/4716
s 158
f 3716/6624/4535 3839/6917/4715 3804/6898/4712
f 3804/6898/4712 3684/6572/4503 3716/6624/4535
s 159
f 3779/6918/4598 3858/6919/4718 3849/6920/4677
f 3849/6920/4677 3778/6708/4597 3779/6918/4598
s 158
f 3672/6921/4491 3790/6845/4705 3786/6726/4719
f 3786/6726/4719 3785/6725/4683 3672/6921/4491
s 159
f 3722/6635/4541 3767/6689/4586 3766/6688/4585
f 3766/6922/4585 3719/6923/4538 3722/6924/4541
s 166
f 3859/6925/4720 3860/6926/4721 3861/6927/4722
f 3861/6927/4722 3862/6928/4723 3859/6925/4720
f 3863/6929/4724 3864/6930/4725 3865/6931/4726
f 3865/6931/4726 3866/6932/4727 3863/6929/4724
f 3867/6933/4728 3868/6934/4729 3864/6930/4725
f 3864/6930/4725 3863/6929/4724 3867/6933/4728
f 3862/6928/4723 3861/6927/4722 3869/6935/4730
f 3869/6935/4730 3866/6932/4727 3862/6928/4723
f 3870/6936/4731 3871/6937/4732 3872/6938/4733
f 3872/6938/4733 3873/6939/4734 3870/6936/4731
f 3874/6940/4735 3859/6925/4720 3862/6928/4723
f 3862/6941/4723 3875/6942/4736 3874/6943/4735
f 3876/6944/4737 3877/6945/4738 3878/6946/4739
f 3878/6947/4739 3879/6948/4740 3876/6949/4737
f 3869/6935/4730 3880/6950/4741 3881/6951/4742
f 3881/6951/4742 3882/6952/4743 3869/6935/4730
f 3882/6952/4743 3863/6929/4724 3866/6932/4727
f 3866/6932/4727 3869/6935/4730 3882/6952/4743
f 3883/6953/4744 3884/6954/4745 3885/6955/4746
f 3885/6956/4746 3886/6957/4747 3883/6958/4744
f 3881/6959/4742 3887/6960/4748 3888/6961/4749
f 3888/6962/4749 3889/6963/4750 3881/6964/4742
f 3890/6965/4751 3867/6933/4728 3863/6929/4724
f 3863/6929/4724 3882/6952/4743 3890/6965/4751
f 3891/6966/4752 3892/6967/4753 3884/6954/4745
f 3884/6954/4745 3883/6953/4744 3891/6966/4752
f 3886/6968/4747 3885/6955/4746 3871/6937/4732
f 3871/6937/4732 3870/6936/4731 3886/6968/4747
f 3875/6969/4736 3862/6928/4723 3866/6932/4727
f 3866/6970/4727 3865/6971/4726 3875/6942/4736
f 3879/6948/4740 3878/6947/4739 3893/6972/4754
f 3893/6973/4754 3880/6974/4741 3879/6975/4740
f 3894/6976/4755 3874/6940/4735 3875/6969/4736
f 3875/6969/4736 3895/6977/4756 3894/6976/4755
f 3865/6931/4726 3864/6930/4725 3896/6978/4757
f 3895/6977/4756 3875/6969/4736 3865/6931/4726
f 3865/6931/4726 3896/6978/4757 3895/6977/4756
f 3897/6979/4758 3898/6980/4759 3877/6981/4738
f 3877/6981/4738 3876/6949/4737 3897/6979/4758
f 3899/6982/4760 3900/6983/4761 3892/6984/4753
f 3892/6984/4753 3891/6985/4752 3899/6982/4760
f 3901/6986/4762 3860/6987/4721 3859/6988/4720
f 3859/6988/4720 3902/6989/4763 3901/6986/4762
f 3902/6989/4763 3859/6988/4720 3874/6990/4735
f 3874/6990/4735 3903/6991/4764 3902/6989/4763
f 3904/6992/4765 3905/6993/4766 3894/6994/4755
f 3894/6994/4755 3873/6939/4734 3904/6992/4765
f 3906/6995/4767 3868/6996/4729 3867/6997/4728
f 3867/6997/4728 3907/6998/4768 3906/6995/4767
f 3907/6998/4768 3867/6997/4728 3890/6999/4751
f 3890/6999/4751 3908/7000/4769 3907/6998/4768
f 3890/6999/4751 3889/7001/4750 3909/7002/4770
f 3909/7002/4770 3908/7000/4769 3890/6999/4751
f 3903/7003/4764 3874/6943/4735 3894/6994/4755
f 3894/6994/4755 3905/6993/4766 3903/7003/4764
s 167
f 3910/7004/4771 3911/7005/4772 3912/7006/4773
f 3912/7006/4773 3913/7007/4774 3910/7004/4771
f 3914/7008/4775 3915/7009/4776 3916/7010/4777
f 3916/7010/4777 3917/7011/4778 3914/7008/4775
f 3915/7009/4776 3918/7012/4779 3919/7013/4780
f 3919/7013/4780 3916/7010/4777 3915/7009/4776
f 3920/7014/4781 3910/7004/4771 3913/7007/4774
f 3913/7007/4774 3917/7011/4778 3920/7014/4781
f 3921/7015/4782 3922/7016/4783 3923/7017/4784
f 3923/7017/4784 3924/7018/4785 3921/7015/4782
f 3913/7007/4774 3912/7006/4773 3925/7019/4786
f 3925/7019/4786 3926/7020/4787 3913/7007/4774
f 3927/7021/4788 3928/7022/4789 3911/7005/4772
f 3911/7005/4772 3910/7004/4771 3927/7021/4788
f 3929/7023/4790 3930/7024/4791 3931/7025/4792
f 3931/7025/4792 3932/7026/4793 3929/7023/4790
f 3933/7027/4794 3920/7014/4781 3917/7011/4778
f 3917/7011/4778 3916/7010/4777 3933/7027/4794
f 3934/7028/4795 3935/7029/4796 3936/7030/4797
f 3936/7030/4797 3915/7009/4776 3934/7028/4795
f 3937/7031/4798 3930/7024/4791 3933/7027/4794
f 3933/7027/4794 3938/7032/4799 3937/7031/4798
f 3916/7010/4777 3919/7013/4780 3938/7032/4799
f 3938/7032/4799 3933/7027/4794 3916/7010/4777
f 3936/7030/4797 3939/7033/4800 3918/7012/4779
f 3918/7012/4779 3915/7009/4776 3936/7030/4797
f 3922/7016/4783 3935/7029/4796 3934/7028/4795
f 3934/7028/4795 3923/7017/4784 3922/7016/4783
f 3917/7011/4778 3913/7007/4774 3926/7020/4787
f 3926/7020/4787 3914/7008/4775 3917/7011/4778
f 3929/7023/4790 3927/7021/4788 3910/7004/4771
f 3910/7004/4771 3920/7014/4781 3929/7023/4790
f 3924/7018/4785 3923/7017/4784 3926/7020/4787
f 3926/7020/4787 3925/7019/4786 3924/7018/4785
f 3915/7009/4776 3914/7008/4775 3934/7028/4795
f 3923/7017/4784 3934/7028/4795 3914/7008/4775
f 3914/7008/4775 3926/7020/4787 3923/7017/4784
f 3940/7034/4801 3911/7035/4772 3928/7036/4789
f 3928/7037/4789 3941/7038/4802 3940/7039/4801
f 3918/7012/4779 3939/7033/4800 3942/7040/4803
f 3942/7040/4803 3943/7041/4804 3918/7012/4779
f 3940/7042/4801 3944/7043/4805 3912/7006/4773
f 3912/7044/4773 3911/7035/4772 3940/7034/4801
f 3944/7043/4805 3945/7045/4806 3925/7019/4786
f 3925/7019/4786 3912/7006/4773 3944/7043/4805
f 3921/7046/4782 3946/7047/4807 3947/7048/4808
f 3947/7048/4808 3948/7049/4809 3921/7046/4782
f 3943/7041/4804 3949/7050/4810 3919/7013/4780
f 3919/7013/4780 3918/7012/4779 3943/7041/4804
f 3949/7050/4810 3950/7051/4811 3938/7032/4799
f 3938/7032/4799 3919/7013/4780 3949/7050/4810
f 3951/7052/4812 3952/7053/4813 3937/7054/4798
f 3937/7054/4798 3953/7055/4814 3951/7052/4812
f 3945/7056/4806 3954/7057/4815 3924/7058/4785
f 3924/7018/4785 3925/7019/4786 3945/7045/4806
s 168
f 3872/7059/4816 3871/7060/4817 3955/7061/4818
f 3955/7062/4818 3956/7063/4819 3872/7064/4816
s 169
f 3878/6947/4820 3877/6981/4821 3957/7065/4822
f 3957/7065/4822 3958/7066/4823 3878/6947/4820
f 3887/7067/4824 3893/6972/4825 3959/7068/4826
f 3959/7068/4826 3960/7069/4827 3887/7067/4824
s 168
f 3885/7070/4828 3884/7071/4829 3961/7072/4830
f 3961/7072/4830 3962/7073/4831 3885/7070/4828
s 169
f 3888/6962/4832 3887/7067/4824 3960/7069/4827
f 3960/7069/4827 3963/7074/4833 3888/6962/4832
s 168
f 3884/7071/4829 3892/6984/4834 3964/7075/4835
f 3964/7075/4835 3961/7072/4830 3884/7071/4829
f 3871/7060/4817 3885/7070/4828 3962/7073/4831
f 3962/7073/4831 3955/7061/4818 3871/7060/4817
s 169
f 3893/6972/4825 3878/6947/4820 3958/7066/4823
f 3958/7066/4823 3959/7068/4826 3893/6972/4825
f 3877/6981/4821 3898/6980/4836 3965/7076/4837
f 3965/7076/4837 3957/7065/4822 3877/6981/4821
s 170
f 3901/7077/4838 3940/7078/4839 3941/7079/4840
f 3941/7079/4840 3897/7080/4841 3901/7077/4838
s 168
f 3892/6984/4834 3900/6983/4842 3966/7081/4843
f 3966/7081/4843 3964/7075/4835 3892/6984/4834
s 171
f 3906/7082/4844 3967/7083/4845 3968/7084/4846
f 3968/7084/4846 3899/7085/4847 3906/7082/4844
s 170
f 3901/7077/4838 3902/7086/4848 3944/7087/4849
f 3944/7087/4849 3940/7078/4839 3901/7077/4838
f 3902/7086/4848 3903/7088/4850 3945/7089/4851
f 3945/7089/4851 3944/7087/4849 3902/7086/4848
f 3969/7090/4852 3947/7048/4853 3946/7047/4854
f 3946/7047/4854 3904/7091/4855 3969/7090/4852
s 168
f 3969/7090/4856 3872/7059/4816 3956/7092/4819
s 172
f 3956/7092/4857 3970/7093/4858 3969/7090/4859
s 171
f 3906/7082/4844 3907/7094/4860 3971/7095/4861
f 3971/7095/4861 3967/7083/4845 3906/7082/4844
f 3907/7094/4860 3908/7096/4862 3972/7097/4863
f 3972/7097/4863 3971/7095/4861 3907/7094/4860
f 3973/7098/4864 3974/7099/4865 3975/7100/4866
f 3975/7100/4866 3909/7101/4867 3973/7098/4864
s 169
f 3888/6962/4832 3963/7074/4833 3976/7102/4868
f 3976/7102/4868 3973/7098/4869 3888/6962/4832
s 170
f 3903/7088/4850 3905/7103/4870 3954/7104/4871
f 3954/7104/4871 3945/7089/4851 3903/7088/4850
s 173
f 3977/7105/4872 3978/7106/4873 3979/7107/4874
f 3979/7107/4874 3980/7108/4875 3977/7105/4872
f 3981/7109/4876 3982/7110/4877 3983/7111/4878
f 3983/7111/4878 3984/7112/4879 3981/7109/4876
f 3982/7110/4877 3981/7109/4876 3985/7113/4880
f 3985/7113/4880 3986/7114/4881 3982/7110/4877
f 3978/7106/4873 3977/7105/4872 3984/7112/4879
f 3984/7112/4879 3983/7111/4878 3978/7106/4873
f 3978/7115/4873 3987/7116/4882 3988/7117/4883
f 3988/7118/4883 3979/7119/4874 3978/7120/4873
f 3984/7121/4879 3989/7122/4884 3990/7123/4885
f 3990/7124/4885 3981/7125/4876 3984/7126/4879
f 3981/7127/4876 3990/7123/4885 3991/7128/4886
f 3991/7128/4886 3985/7129/4880 3981/7127/4876
f 3983/7130/4878 3992/7131/4887 3987/7132/4882
f 3987/7132/4882 3978/7120/4873 3983/7130/4878
f 3993/7133/4888 3994/7134/4889 3995/7135/4890
f 3995/7135/4890 3980/7136/4875 3993/7133/4888
f 3996/7137/4891 3997/7138/4892 3998/7139/4893
f 3998/7139/4893 3986/7140/4881 3996/7137/4891
s 174
f 3999/7141/4894 4000/7142/4895 4001/7143/4896
f 4001/7144/4896 4002/7145/4897 3999/7146/4894
f 4003/7147/4898 4004/7148/4899 4005/7149/4900
f 4005/7150/4900 4006/7151/4901 4003/7152/4898
f 4007/7153/4902 4003/7147/4898 4006/7154/4901
f 4006/7154/4901 4008/7155/4903 4007/7153/4902
f 4000/7156/4895 4009/7157/4904 4010/7158/4905
f 4010/7158/4905 4001/7159/4896 4000/7156/4895
f 4011/7160/4906 4012/7161/4907 4013/7162/4908
f 4013/7162/4908 3999/7163/4894 4011/7160/4906
f 4014/7164/4909 4015/7165/4910 4016/7166/4911
f 4016/7166/4911 4007/7153/4902 4014/7164/4909
f 4013/7167/4908 4012/7168/4907 4017/7169/4912
f 4017/7169/4912 4018/7170/4913 4013/7167/4908
f 4019/7171/4914 4020/7172/4915 4016/7173/4911
f 4016/7173/4911 4015/7174/4910 4019/7171/4914
s 175
f 4021/7175/4916 3995/7135/4917 4022/7176/4918
f 4022/7176/4918 4023/7177/4919 4021/7175/4916
s 176
f 3992/7178/4920 4024/7179/4921 4025/7180/4922
f 4025/7181/4922 4026/7182/4923 3992/7183/4920
f 4024/7179/4921 3998/7139/4924 4027/7184/4925
f 4027/7185/4925 4025/7186/4922 4024/7187/4921
s 175
f 3989/7122/4926 4021/7175/4916 4023/7177/4919
f 4023/7177/4919 4028/7188/4927 3989/7122/4926
s 176
f 3988/7117/4928 3987/7116/4929 4029/7189/4930
f 4029/7189/4930 4030/7190/4931 3988/7117/4928
s 175
f 3990/7123/4932 3989/7122/4926 4028/7188/4927
f 4028/7188/4927 4031/7191/4933 3990/7123/4932
f 3991/7192/4934 3990/7193/4932 4031/7194/4933
f 4031/7191/4933 4032/7195/4935 3991/7128/4934
s 176
f 3987/7196/4929 3992/7183/4920 4026/7182/4923
f 4026/7197/4923 4029/7189/4930 3987/7116/4929
s 175
f 3995/7135/4917 3994/7134/4936 4033/7198/4937
f 4033/7198/4937 4022/7176/4918 3995/7135/4917
s 177
f 4034/7199/4938 4012/7200/4939 4011/7201/4940
f 4011/7201/4940 3993/7202/4941 4034/7199/4938
s 176
f 3998/7139/4924 3997/7138/4942 4035/7203/4943
f 4035/7203/4943 4027/7184/4925 3998/7139/4924
s 178
f 4036/7204/4944 4037/7205/4945 4038/7206/4946
f 4038/7206/4946 3996/7207/4947 4036/7204/4944
s 177
f 4039/7208/4948 4017/7209/4949 4012/7210/4939
f 4012/7168/4939 4034/7211/4938 4039/7212/4948
s 176
f 4039/7212/4950 3988/7117/4928 4030/7190/4931
s 179
f 4030/7190/4931 4040/7213/4951 4039/7212/4952
s 178
f 4041/7214/4953 4042/7215/4954 4037/7216/4945
f 4037/7216/4945 4036/7217/4944 4041/7214/4953
s 175
f 3991/7128/4934 4032/7195/4935 4043/7218/4955
f 4043/7218/4955 4041/7214/4956 3991/7128/4934
s 180
f 4044/7219/4957 4045/7220/4958 4046/7221/4959
f 4046/7221/4959 4047/7222/4960 4044/7219/4957
f 4048/7223/4961 4049/7224/4962 4050/7225/4963
f 4050/7225/4963 4051/7226/4964 4048/7223/4961
f 4052/7227/4965 4053/7228/4966 4054/7229/4967
f 4054/7230/4967 4055/7231/4968 4052/7232/4965
f 4045/7220/4958 4044/7219/4957 4049/7224/4962
f 4049/7224/4962 4048/7223/4961 4045/7220/4958
f 4045/7233/4958 4056/7234/4969 4057/7235/4970
f 4057/7236/4970 4046/7237/4959 4045/7238/4958
f 4049/7239/4962 4058/7240/4971 4059/7241/4972
f 4059/7242/4972 4050/7243/4963 4049/7244/4962
f 4055/7245/4968 4060/7246/4973 4061/7247/4974
f 4061/7247/4974 4052/7227/4965 4055/7245/4968
f 4048/7248/4961 4062/7249/4975 4056/7234/4969
f 4056/7234/4969 4045/7233/4958 4048/7248/4961
f 4063/7250/4976 4064/7251/4977 4065/7252/4978
f 4065/7252/4978 4047/7253/4960 4063/7250/4976
s 181
f 4066/7254/4979 4067/7255/4980 4068/7256/4981
f 4068/7256/4981 4069/7257/4982 4066/7254/4979
f 4070/7258/4983 4071/7259/4984 4072/7260/4985
f 4072/7260/4985 4073/7261/4986 4070/7258/4983
f 4074/7262/4987 4070/7263/4983 4073/7264/4986
f 4073/7264/4986 4075/7265/4988 4074/7262/4987
f 4067/7255/4980 4076/7266/4989 4077/7267/4990
f 4077/7268/4990 4068/7269/4981 4067/7270/4980
f 4078/7271/4991 4079/7272/4992 4080/7273/4993
f 4080/7273/4993 4066/7274/4979 4078/7271/4991
f 4080/7275/4993 4079/7276/4992 4081/7277/4994
f 4081/7277/4994 4082/7278/4995 4080/7275/4993
s 182
f 4065/7252/4996 4083/7279/4996 4084/7280/4997
f 4084/7280/4997 4085/7281/4998 4065/7252/4996
s 183
f 4062/7282/4999 4086/7283/5000 4087/7284/5001
f 4087/7284/5001 4088/7285/5002 4062/7282/4999
f 4089/7286/5003 4090/7287/5004 4091/7288/5005
f 4091/7288/5005 4092/7289/5006 4089/7286/5003
s 184
f 4052/7290/5007 4093/7291/5008 4094/7292/5009
f 4094/7292/5009 4053/7293/5010 4052/7290/5007
s 182
f 4058/7294/5011 4085/7281/4998 4084/7280/4997
f 4084/7280/4997 4095/7295/5012 4058/7294/5011
s 183
f 4057/7296/5013 4056/7297/5014 4096/7298/5015
f 4096/7299/5015 4097/7300/5016 4057/7236/5013
s 182
f 4059/7242/5017 4058/7294/5011 4095/7295/5012
f 4095/7295/5012 4098/7301/5018 4059/7242/5017
f 4059/7242/5017 4098/7301/5018 4099/7302/5019
f 4099/7302/5019 4060/7246/5020 4059/7242/5017
s 184
f 4061/7247/5021 4100/7303/5022 4093/7304/5008
f 4093/7304/5008 4052/7227/5007 4061/7247/5021
s 183
f 4056/7297/5014 4062/7282/4999 4088/7285/5002
f 4088/7285/5002 4096/7298/5015 4056/7297/5014
s 182
f 4064/7251/5023 4101/7305/5024 4083/7279/4996
f 4083/7279/4996 4065/7252/4996 4064/7251/5023
s 185
f 4102/7306/5025 4079/7307/5026 4078/7308/5027
f 4078/7308/5027 4063/7309/5028 4102/7306/5025
f 4103/7310/5029 4081/7311/5030 4079/7312/5026
f 4079/7276/5026 4102/7313/5025 4103/7314/5029
s 183
f 4103/7314/5031 4057/7236/5013 4097/7300/5016
s 186
f 4097/7300/5032 4104/7315/5033 4103/7314/5034
s 187
f 4105/7316/5035 4106/7317/5036 4107/7318/5037
f 4107/7318/5037 4108/7319/5038 4105/7316/5035
f 4109/7320/5039 4110/7321/5040 4111/7322/5041
f 4111/7322/5041 4112/7323/5042 4109/7320/5039
f 4110/7321/5040 4109/7320/5039 4113/7324/5043
f 4113/7324/5043 4114/7325/5044 4110/7321/5040
f 4106/7317/5036 4105/7316/5035 4112/7323/5042
f 4112/7323/5042 4111/7322/5041 4106/7317/5036
f 4106/7326/5036 4115/7327/5045 4116/7328/5046
f 4116/7329/5046 4107/7330/5037 4106/7331/5036
f 4112/7332/5042 4117/7333/5047 4118/7334/5048
f 4118/7335/5048 4109/7320/5039 4112/7323/5042
f 4109/7320/5039 4118/7335/5048 4119/7336/5049
f 4119/7337/5049 4113/7338/5043 4109/7339/5039
f 4111/7322/5041 4120/7340/5050 4115/7341/5045
f 4115/7327/5045 4106/7326/5036 4111/7342/5041
f 4121/7343/5051 4122/7344/5052 4123/7345/5053
f 4123/7345/5053 4108/7346/5038 4121/7343/5051
f 4124/7347/5054 4125/7348/5055 4126/7349/5056
f 4126/7349/5056 4114/7350/5044 4124/7347/5054
s 188
f 4127/7351/5057 4128/7352/5058 4129/7353/5059
f 4129/7353/5059 4130/7354/5060 4127/7351/5057
f 4131/7355/5061 4132/7356/5062 4133/7357/5063
f 4133/7357/5063 4134/7358/5064 4131/7355/5061
f 4135/7359/5065 4131/7360/5061 4134/7361/5064
f 4134/7361/5064 4136/7362/5066 4135/7359/5065
f 4128/7363/5058 4137/7364/5067 4138/7365/5068
f 4138/7366/5068 4129/7353/5059 4128/7352/5058
f 4139/7367/5069 4140/7368/5070 4141/7369/5071
f 4141/7369/5071 4127/7370/5057 4139/7367/5069
f 4142/7371/5072 4143/7372/5073 4144/7373/5074
f 4144/7373/5074 4135/7374/5065 4142/7371/5072
f 4141/7375/5071 4140/7376/5070 4145/7377/5075
f 4145/7377/5075 4146/7378/5076 4141/7375/5071
f 4144/7379/5074 4143/7380/5073 4147/7381/5077
f 4147/7381/5077 4148/7382/5078 4144/7379/5074
s 189
f 4123/7345/5079 4149/7383/5080 4150/7384/5081
f 4150/7384/5081 4151/7385/5082 4123/7345/5079
s 190
f 4120/7386/5083 4152/7387/5084 4153/7388/5085
f 4153/7388/5085 4154/7389/5086 4120/7386/5083
f 4126/7349/5087 4155/7390/5088 4153/7388/5085
f 4153/7388/5085 4152/7387/5084 4126/7349/5087
s 189
f 4117/7333/5089 4151/7385/5082 4150/7384/5081
f 4150/7384/5081 4156/7391/5090 4117/7333/5089
s 190
f 4116/7329/5091 4115/7392/5092 4157/7393/5093
f 4157/7393/5093 4158/7394/5094 4116/7329/5091
s 189
f 4118/7334/5095 4117/7333/5089 4156/7391/5090
f 4156/7391/5090 4159/7395/5096 4118/7334/5095
f 4119/7396/5097 4118/7334/5095 4159/7395/5096
f 4159/7395/5096 4160/7397/5098 4119/7396/5097
s 190
f 4115/7392/5092 4120/7386/5083 4154/7389/5086
f 4154/7389/5086 4157/7393/5093 4115/7392/5092
s 189
f 4122/7344/5099 4161/7398/5100 4149/7383/5080
f 4149/7383/5080 4123/7345/5079 4122/7344/5099
s 191
f 4162/7399/5101 4140/7400/5102 4139/7401/5103
f 4139/7401/5103 4121/7402/5104 4162/7399/5101
s 190
f 4126/7349/5087 4125/7348/5105 4163/7403/5106
f 4163/7403/5106 4155/7390/5088 4126/7349/5087
s 192
f 4164/7404/5107 4165/7405/5108 4166/7406/5109
f 4166/7406/5109 4124/7407/5110 4164/7404/5107
s 191
f 4167/7408/5111 4145/7377/5111 4140/7376/5102
f 4140/7376/5102 4162/7409/5101 4167/7408/5111
s 190
f 4167/7408/5112 4116/7329/5091 4158/7394/5094
s 193
f 4158/7394/5094 4168/7410/5113 4167/7408/5114
s 192
f 4169/7411/5115 4170/7412/5116 4165/7413/5108
f 4165/7413/5108 4164/7414/5107 4169/7411/5115
s 189
f 4119/7396/5097 4160/7397/5098 4171/7415/5117
f 4171/7415/5117 4169/7411/5118 4119/7396/5097
s 194
f 4172/7416/5119 4173/7417/5120 4174/7418/5121
f 4174/7418/5121 4175/7419/5122 4172/7416/5119
f 4176/7420/5123 4177/7421/5124 4178/7422/5125
f 4178/7423/5125 4179/7424/5126 4176/7425/5123
f 4180/7426/5127 4181/7427/5128 4177/7428/5124
f 4177/7428/5124 4176/7425/5123 4180/7426/5127
f 4175/7419/5122 4174/7418/5121 4182/7429/5129
f 4182/7429/5129 4179/7424/5126 4175/7419/5122
f 4183/7430/5130 4184/7431/5131 4185/7432/5132
f 4185/7433/5132 4186/7434/5133 4183/7435/5130
f 4187/7436/5134 4172/7416/5119 4175/7419/5122
f 4175/7437/5122 4188/7438/5135 4187/7439/5134
f 4189/7440/5136 4190/7441/5137 4191/7442/5138
f 4191/7442/5138 4192/7443/5139 4189/7440/5136
f 4182/7429/5129 4193/7444/5140 4194/7445/5141
f 4194/7445/5141 4195/7446/5142 4182/7429/5129
f 4195/7446/5142 4176/7425/5123 4179/7424/5126
f 4179/7424/5126 4182/7429/5129 4195/7446/5142
f 4196/7447/5143 4197/7448/5144 4198/7449/5145
f 4198/7449/5145 4199/7450/5146 4196/7447/5143
f 4194/7451/5141 4200/7452/5147 4201/7453/5148
f 4201/7454/5148 4202/7455/5149 4194/7456/5141
f 4203/7457/5150 4180/7426/5127 4176/7425/5123
f 4176/7425/5123 4195/7446/5142 4203/7457/5150
f 4204/7458/5151 4205/7459/5152 4197/7460/5144
f 4197/7460/5144 4196/7461/5143 4204/7458/5151
f 4199/7450/5146 4198/7449/5145 4184/7462/5131
f 4184/7462/5131 4183/7435/5130 4199/7450/5146
f 4188/7463/5135 4175/7419/5122 4179/7424/5126
f 4179/7464/5126 4178/7422/5125 4188/7438/5135
f 4192/7443/5139 4191/7442/5138 4206/7465/5153
f 4206/7465/5153 4193/7466/5140 4192/7443/5139
f 4207/7467/5154 4187/7436/5134 4188/7463/5135
f 4188/7438/5135 4208/7468/5155 4207/7469/5154
f 4178/7423/5125 4177/7428/5124 4209/7470/5156
f 4208/7471/5155 4188/7463/5135 4178/7423/5125
f 4178/7422/5125 4209/7472/5156 4208/7468/5155
f 4210/7473/5157 4211/7474/5158 4190/7475/5137
f 4190/7475/5137 4189/7476/5136 4210/7473/5157
f 4212/7477/5159 4213/7478/5160 4205/7459/5152
f 4205/7459/5152 4204/7458/5151 4212/7477/5159
f 4214/7479/5161 4173/7480/5120 4172/7481/5119
f 4172/7481/5119 4215/7482/5162 4214/7479/5161
f 4215/7482/5162 4172/7481/5119 4187/7439/5134
f 4187/7439/5134 4216/7483/5163 4215/7482/5162
f 4207/7469/5154 4186/7434/5133 4217/7484/5164
f 4217/7485/5164 4218/7486/5165 4207/7487/5154
f 4181/7488/5128 4180/7489/5127 4219/7490/5166
f 4219/7490/5166 4220/7491/5167 4181/7488/5128
f 4219/7490/5166 4180/7489/5127 4203/7492/5150
f 4203/7492/5150 4221/7493/5168 4219/7490/5166
f 4203/7492/5150 4202/7455/5149 4222/7494/5169
f 4222/7494/5169 4221/7493/5168 4203/7492/5150
f 4187/7439/5134 4207/7469/5154 4218/7495/5165
f 4218/7495/5165 4216/7483/5163 4187/7439/5134
s 195
f 4223/7496/5170 4224/7497/5171 4225/7498/5172
f 4225/7498/5172 4226/7499/5173 4223/7496/5170
f 4227/7500/5174 4228/7501/5175 4229/7502/5176
f 4229/7502/5176 4230/7503/5177 4227/7500/5174
f 4228/7501/5175 4231/7504/5178 4232/7505/5179
f 4232/7505/5179 4229/7502/5176 4228/7501/5175
f 4233/7506/5180 4223/7496/5170 4226/7499/5173
f 4226/7499/5173 4230/7503/5177 4233/7506/5180
f 4234/7507/5181 4235/7508/5182 4236/7509/5183
f 4236/7509/5183 4237/7510/5184 4234/7507/5181
f 4226/7499/5173 4225/7498/5172 4238/7511/5185
f 4238/7511/5185 4239/7512/5186 4226/7499/5173
f 4240/7513/5187 4241/7514/5188 4224/7497/5171
f 4224/7497/5171 4223/7496/5170 4240/7513/5187
f 4242/7515/5189 4243/7516/5190 4244/7517/5191
f 4244/7517/5191 4245/7518/5192 4242/7515/5189
f 4246/7519/5193 4233/7506/5180 4230/7503/5177
f 4230/7503/5177 4229/7502/5176 4246/7519/5193
f 4247/7520/5194 4248/7521/5195 4249/7522/5196
f 4249/7522/5196 4228/7501/5175 4247/7520/5194
f 4250/7523/5197 4243/7516/5190 4246/7519/5193
f 4246/7519/5193 4251/7524/5198 4250/7523/5197
f 4229/7502/5176 4232/7505/5179 4251/7524/5198
f 4251/7524/5198 4246/7519/5193 4229/7502/5176
f 4249/7522/5196 4252/7525/5199 4231/7504/5178
f 4231/7504/5178 4228/7501/5175 4249/7522/5196
f 4235/7508/5182 4248/7521/5195 4247/7520/5194
f 4247/7520/5194 4236/7509/5183 4235/7508/5182
f 4230/7503/5177 4226/7499/5173 4239/7512/5186
f 4239/7512/5186 4227/7500/5174 4230/7503/5177
f 4242/7515/5189 4240/7513/5187 4223/7496/5170
f 4223/7496/5170 4233/7506/5180 4242/7515/5189
f 4237/7510/5184 4236/7509/5183 4239/7512/5186
f 4239/7512/5186 4238/7511/5185 4237/7510/5184
f 4228/7501/5175 4227/7500/5174 4247/7520/5194
f 4236/7509/5183 4247/7520/5194 4227/7500/5174
f 4227/7500/5174 4239/7512/5186 4236/7509/5183
f 4253/7526/5200 4224/7497/5171 4241/7514/5188
f 4241/7527/5188 4254/7528/5201 4253/7529/5200
f 4252/7530/5199 4255/7531/5202 4256/7532/5203
f 4256/7533/5203 4231/7504/5178 4252/7525/5199
f 4253/7526/5200 4257/7534/5204 4225/7498/5172
f 4225/7498/5172 4224/7497/5171 4253/7526/5200
f 4257/7535/5204 4258/7536/5205 4238/7537/5185
f 4238/7537/5185 4225/7538/5172 4257/7535/5204
f 4259/7539/5206 4260/7540/5207 4234/7541/5181
f 4234/7541/5181 4261/7542/5208 4259/7539/5206
f 4256/7532/5203 4262/7543/5209 4232/7544/5179
f 4232/7505/5179 4231/7504/5178 4256/7533/5203
f 4262/7545/5209 4263/7546/5210 4251/7524/5198
f 4251/7524/5198 4232/7505/5179 4262/7545/5209
f 4264/7547/5211 4265/7548/5212 4250/7549/5197
f 4250/7549/5197 4266/7550/5213 4264/7547/5211
f 4267/7551/5214 4237/7510/5184 4238/7511/5185
f 4238/7511/5185 4258/7552/5205 4267/7551/5214
s 196
f 4185/7553/5215 4184/7554/5216 4268/7555/5217
f 4268/7555/5217 4269/7556/5218 4185/7553/5215
s 197
f 4191/7557/5219 4190/7558/5220 4270/7559/5221
f 4270/7559/5221 4271/7560/5222 4191/7557/5219
f 4200/7561/5223 4206/7562/5224 4272/7563/5225
f 4272/7564/5225 4273/7565/5226 4200/7452/5223
s 196
f 4198/7566/5227 4197/7460/5228 4274/7567/5229
f 4274/7568/5229 4275/7569/5230 4198/7570/5227
s 197
f 4201/7453/5231 4200/7452/5223 4273/7565/5226
f 4273/7565/5226 4276/7571/5232 4201/7453/5231
s 196
f 4197/7572/5228 4205/7573/5233 4277/7574/5234
f 4277/7575/5234 4274/7567/5229 4197/7460/5228
f 4184/7576/5216 4198/7570/5227 4275/7569/5230
f 4275/7577/5230 4268/7578/5217 4184/7579/5216
s 197
f 4206/7580/5224 4191/7581/5219 4271/7582/5222
f 4271/7583/5222 4272/7563/5225 4206/7562/5224
f 4190/7475/5220 4211/7474/5235 4278/7584/5236
f 4278/7584/5236 4270/7585/5221 4190/7475/5220
s 198
f 4214/7586/5237 4253/7587/5238 4254/7588/5239
f 4254/7588/5239 4210/7589/5240 4214/7586/5237
s 196
f 4205/7459/5233 4213/7478/5241 4279/7590/5242
f 4279/7590/5242 4277/7575/5234 4205/7459/5233
s 199
f 4220/7591/5243 4280/7592/5244 4281/7593/5245
f 4281/7593/5245 4212/7594/5246 4220/7591/5243
s 198
f 4214/7586/5237 4215/7595/5247 4257/7596/5248
f 4257/7596/5248 4253/7587/5238 4214/7586/5237
f 4215/7595/5247 4216/7597/5249 4258/7598/5250
f 4258/7598/5250 4257/7596/5248 4215/7595/5247
f 4261/7542/5251 4217/7485/5252 4282/7599/5253
f 4282/7599/5253 4259/7539/5254 4261/7542/5251
s 196
f 4282/7599/5255 4185/7600/5215 4269/7601/5218
s 200
f 4269/7602/5256 4283/7603/5257 4282/7604/5258
s 199
f 4220/7591/5243 4219/7605/5259 4284/7606/5260
f 4284/7606/5260 4280/7592/5244 4220/7591/5243
f 4219/7605/5259 4221/7607/5261 4285/7608/5262
f 4285/7608/5262 4284/7606/5260 4219/7605/5259
f 4286/7609/5263 4287/7610/5264 4288/7611/5265
f 4288/7612/5265 4222/7613/5266 4286/7614/5263
s 197
f 4201/7453/5231 4276/7571/5232 4289/7615/5267
f 4289/7615/5267 4286/7609/5268 4201/7453/5231
s 198
f 4218/7616/5269 4267/7617/5270 4258/7598/5250
f 4258/7598/5250 4216/7597/5249 4218/7616/5269
s 201
f 4290/7618/5271 4291/7619/5272 4292/7620/5273
f 4292/7620/5273 4293/7621/5274 4290/7618/5271
f 4294/7622/5275 4295/7623/5276 4296/7624/5277
f 4296/7625/5277 4297/7626/5278 4294/7627/5275
f 4298/7628/5279 4299/7629/5280 4295/7630/5276
f 4295/7630/5276 4294/7627/5275 4298/7628/5279
f 4293/7621/5274 4292/7620/5273 4300/7631/5281
f 4300/7631/5281 4297/7626/5278 4293/7621/5274
f 4301/7632/5282 4302/7633/5283 4303/7634/5284
f 4303/7634/5284 4304/7635/5285 4301/7632/5282
f 4305/7636/5286 4290/7618/5271 4293/7621/5274
f 4293/7637/5274 4306/7638/5287 4305/7639/5286
f 4307/7640/5288 4308/7641/5289 4309/7642/5290
f 4309/7643/5290 4310/7644/5291 4307/7645/5288
f 4300/7631/5281 4311/7646/5292 4312/7647/5293
f 4312/7647/5293 4313/7648/5294 4300/7631/5281
f 4313/7648/5294 4294/7627/5275 4297/7626/5278
f 4297/7626/5278 4300/7631/5281 4313/7648/5294
f 4314/7649/5295 4315/7650/5296 4316/7651/5297
f 4316/7652/5297 4317/7653/5298 4314/7654/5295
f 4312/7655/5293 4318/7656/5299 4319/7657/5300
f 4319/7658/5300 4320/7659/5301 4312/7660/5293
f 4321/7661/5302 4298/7628/5279 4294/7627/5275
f 4294/7627/5275 4313/7648/5294 4321/7661/5302
f 4322/7662/5303 4323/7663/5304 4317/7664/5298
f 4317/7664/5298 4316/7651/5297 4322/7662/5303
f 4315/7650/5296 4314/7649/5295 4302/7633/5283
f 4302/7633/5283 4301/7632/5282 4315/7650/5296
f 4306/7665/5287 4293/7621/5274 4297/7626/5278
f 4297/7666/5278 4296/7624/5277 4306/7638/5287
f 4310/7667/5291 4309/7668/5290 4324/7669/5305
f 4324/7670/5305 4311/7671/5292 4310/7672/5291
f 4325/7673/5306 4305/7636/5286 4306/7665/5287
f 4306/7638/5287 4326/7674/5307 4325/7675/5306
f 4296/7625/5277 4295/7630/5276 4327/7676/5308
f 4326/7677/5307 4306/7665/5287 4296/7625/5277
f 4296/7624/5277 4327/7678/5308 4326/7674/5307
f 4328/7679/5309 4329/7680/5310 4308/7681/5289
f 4308/7681/5289 4307/7682/5288 4328/7679/5309
f 4330/7683/5311 4331/7684/5312 4323/7685/5304
f 4323/7685/5304 4322/7686/5303 4330/7683/5311
f 4332/7687/5313 4291/7688/5272 4290/7689/5271
f 4290/7689/5271 4333/7690/5314 4332/7687/5313
f 4290/7689/5271 4305/7639/5286 4334/7691/5315
f 4334/7691/5315 4333/7690/5314 4290/7689/5271
f 4335/7692/5316 4336/7693/5317 4325/7675/5306
f 4325/7675/5306 4304/7635/5285 4335/7692/5316
f 4299/7694/5280 4298/7695/5279 4337/7696/5318
f 4337/7697/5318 4338/7698/5319 4299/7699/5280
f 4337/7697/5318 4298/7700/5279 4321/7701/5302
f 4321/7702/5302 4339/7703/5320 4337/7696/5318
f 4321/7702/5302 4320/7659/5301 4340/7704/5321
f 4340/7704/5321 4339/7703/5320 4321/7702/5302
f 4305/7705/5286 4325/7706/5306 4336/7707/5317
f 4336/7693/5317 4334/7691/5315 4305/7639/5286
s 202
f 4341/7708/5322 4342/7709/5323 4343/7710/5324
f 4343/7710/5324 4344/7711/5325 4341/7708/5322
f 4345/7712/5326 4346/7713/5327 4347/7714/5328
f 4347/7714/5328 4348/7715/5329 4345/7712/5326
f 4346/7713/5327 4349/7716/5330 4350/7717/5331
f 4350/7717/5331 4347/7714/5328 4346/7713/5327
f 4351/7718/5332 4341/7708/5322 4344/7711/5325
f 4344/7711/5325 4348/7715/5329 4351/7718/5332
f 4352/7719/5333 4353/7720/5334 4354/7721/5335
f 4354/7721/5335 4355/7722/5336 4352/7719/5333
f 4344/7711/5325 4343/7710/5324 4356/7723/5337
f 4356/7723/5337 4357/7724/5338 4344/7711/5325
f 4358/7725/5339 4359/7726/5340 4342/7709/5323
f 4342/7709/5323 4341/7708/5322 4358/7725/5339
f 4360/7727/5341 4361/7728/5342 4362/7729/5343
f 4362/7730/5343 4363/7731/5344 4360/7732/5341
f 4364/7733/5345 4351/7718/5332 4348/7715/5329
f 4348/7715/5329 4347/7714/5328 4364/7733/5345
f 4365/7734/5346 4366/7735/5347 4367/7736/5348
f 4367/7737/5348 4346/7713/5327 4365/7738/5346
f 4368/7739/5349 4361/7740/5342 4364/7733/5345
f 4364/7733/5345 4369/7741/5350 4368/7739/5349
f 4347/7714/5328 4350/7717/5331 4369/7741/5350
f 4369/7741/5350 4364/7733/5345 4347/7714/5328
f 4367/7737/5348 4370/7742/5351 4349/7716/5330
f 4349/7716/5330 4346/7713/5327 4367/7737/5348
f 4354/7743/5335 4353/7744/5334 4366/7735/5347
f 4366/7735/5347 4365/7734/5346 4354/7743/5335
f 4348/7715/5329 4344/7711/5325 4357/7724/5338
f 4357/7724/5338 4345/7712/5326 4348/7715/5329
f 4360/7745/5341 4358/7725/5339 4341/7708/5322
f 4341/7708/5322 4351/7718/5332 4360/7745/5341
f 4355/7722/5336 4354/7721/5335 4357/7724/5338
f 4357/7724/5338 4356/7723/5337 4355/7722/5336
f 4346/7713/5327 4345/7712/5326 4365/7738/5346
f 4354/7721/5335 4365/7738/5346 4345/7712/5326
f 4345/7712/5326 4357/7724/5338 4354/7721/5335
f 4371/7746/5352 4342/7709/5323 4359/7726/5340
f 4359/7747/5340 4372/7748/5353 4371/7749/5352
f 4370/7750/5351 4373/7751/5354 4374/7752/5355
f 4374/7753/5355 4349/7754/5330 4370/7755/5351
f 4371/7746/5352 4375/7756/5356 4343/7710/5324
f 4343/7710/5324 4342/7709/5323 4371/7746/5352
f 4375/7757/5356 4376/7758/5357 4356/7759/5337
f 4356/7723/5337 4343/7710/5324 4375/7756/5356
f 4352/7760/5333 4377/7761/5358 4378/7762/5359
f 4378/7762/5359 4379/7763/5360 4352/7760/5333
f 4374/7753/5355 4380/7764/5361 4350/7765/5331
f 4350/7765/5331 4349/7754/5330 4374/7753/5355
f 4380/7764/5361 4381/7766/5362 4369/7767/5350
f 4369/7741/5350 4350/7717/5331 4380/7768/5361
f 4382/7769/5363 4368/7770/5349 4383/7771/5364
f 4383/7771/5364 4384/7772/5365 4382/7769/5363
f 4376/7758/5357 4385/7773/5366 4355/7774/5336
f 4355/7722/5336 4356/7723/5337 4376/7775/5357
s 203
f 4303/7776/5367 4302/7777/5368 4386/7778/5369
f 4386/7778/5369 4387/7779/5370 4303/7776/5367
s 204
f 4308/7681/5371 4388/7780/5372 4389/7781/5373
f 4389/7781/5373 4309/7782/5374 4308/7681/5371
f 4318/7783/5375 4324/7784/5376 4390/7785/5377
f 4390/7786/5377 4391/7787/5378 4318/7656/5375
s 203
f 4314/7654/5379 4317/7653/5380 4392/7788/5381
f 4392/7789/5381 4393/7790/5382 4314/7791/5379
s 204
f 4319/7657/5383 4318/7656/5375 4391/7787/5378
f 4391/7792/5378 4394/7793/5384 4319/7794/5383
s 203
f 4323/7795/5385 4395/7796/5386 4392/7797/5381
f 4392/7788/5381 4317/7653/5380 4323/7685/5385
f 4302/7777/5368 4314/7654/5379 4393/7798/5382
f 4393/7799/5382 4386/7800/5369 4302/7801/5368
s 204
f 4309/7802/5374 4389/7803/5373 4390/7785/5377
f 4390/7785/5377 4324/7784/5376 4309/7802/5374
f 4308/7681/5371 4329/7680/5387 4396/7804/5388
f 4396/7805/5388 4388/7806/5372 4308/7807/5371
s 205
f 4332/7808/5389 4371/7809/5390 4372/7810/5391
f 4372/7810/5391 4328/7811/5392 4332/7808/5389
s 203
f 4323/7685/5385 4331/7684/5393 4397/7812/5394
f 4397/7813/5394 4395/7796/5386 4323/7795/5385
s 206
f 4338/7814/5395 4398/7815/5396 4399/7816/5397
f 4399/7816/5397 4330/7817/5398 4338/7814/5395
s 205
f 4332/7808/5389 4333/7818/5399 4375/7819/5400
f 4375/7819/5400 4371/7809/5390 4332/7808/5389
f 4333/7818/5399 4334/7820/5401 4376/7821/5402
f 4376/7821/5402 4375/7819/5400 4333/7818/5399
f 4377/7822/5403 4335/7823/5404 4400/7824/5405
f 4400/7824/5405 4378/7825/5406 4377/7822/5403
s 203
f 4400/7826/5407 4303/7776/5367 4387/7779/5370
s 207
f 4387/7779/5408 4401/7827/5409 4400/7826/5410
s 206
f 4338/7814/5395 4337/7828/5411 4402/7829/5412
f 4402/7829/5412 4398/7815/5396 4338/7814/5395
f 4337/7828/5411 4339/7830/5413 4403/7831/5414
f 4403/7831/5414 4402/7829/5412 4337/7828/5411
f 4404/7832/5415 4405/7833/5416 4406/7834/5417
f 4406/7835/5417 4340/7836/5418 4404/7837/5415
s 204
f 4319/7657/5383 4394/7838/5384 4407/7839/5419
s 208
f 4407/7839/5420 4408/7840/5421 4319/7657/5422
s 205
f 4334/7820/5401 4336/7841/5423 4385/7842/5424
f 4385/7842/5424 4376/7821/5402 4334/7820/5401
s 180
f 4051/7226/4964 4050/7225/4963 4055/7843/4968
f 4055/7843/4968 4054/7844/4967 4051/7226/4964
f 4050/7243/4963 4059/7242/4972 4060/7246/4973
f 4060/7246/4973 4055/7245/4968 4050/7243/4963
s 181
f 4409/7845/5425 4074/7846/4987 4410/7847/5426
f 4410/7847/5426 4411/7848/5427 4409/7845/5425
f 4409/7849/5425 4411/7850/5427 4412/7851/5428
f 4412/7851/5428 4413/7852/5429 4409/7849/5425
s 183
f 4091/7288/5005 4090/7287/5004 4087/7853/5001
f 4087/7853/5001 4086/7854/5000 4091/7288/5005
s 182
f 4060/7246/5020 4099/7302/5019 4414/7855/5430
f 4414/7855/5430 4061/7247/5431 4060/7246/5020
s 187
f 4108/7346/5038 4123/7345/5053 4151/7385/5432
f 4151/7385/5432 4105/7856/5035 4108/7346/5038
f 4105/7856/5035 4151/7385/5432 4117/7333/5047
f 4117/7857/5047 4112/7858/5042 4105/7859/5035
f 4121/7860/5051 4108/7861/5038 4107/7862/5037
f 4107/7862/5037 4162/7863/5433 4121/7860/5051
f 4113/7864/5043 4119/7396/5049 4169/7411/5434
f 4169/7411/5434 4164/7414/5435 4113/7864/5043
s 188
f 4128/7363/5058 4127/7370/5057 4141/7369/5071
f 4141/7369/5071 4415/7865/5436 4128/7363/5058
f 4415/7865/5436 4132/7866/5062 4137/7364/5067
f 4137/7364/5067 4128/7363/5058 4415/7865/5436
f 4416/7867/5437 4138/7365/5068 4137/7364/5067
f 4137/7868/5067 4417/7869/5438 4416/7870/5437
f 4148/7871/5078 4416/7867/5437 4417/7872/5438
f 4417/7872/5438 4144/7373/5074 4148/7871/5078
f 4130/7354/5060 4418/7873/5439 4139/7874/5069
f 4139/7874/5069 4127/7351/5057 4130/7354/5060
s 209
f 4139/7874/5440 4418/7873/5441 4122/7344/5442
s 191
f 4122/7344/5443 4121/7343/5104 4139/7874/5103
s 180
f 4047/7253/4960 4065/7252/4978 4085/7281/5444
f 4085/7281/5444 4044/7875/4957 4047/7253/4960
f 4044/7875/4957 4085/7281/5444 4058/7294/4971
f 4058/7294/4971 4049/7244/4962 4044/7875/4957
f 4063/7876/4976 4047/7877/4960 4046/7878/4959
f 4046/7878/4959 4102/7879/5445 4063/7876/4976
s 181
f 4067/7880/4980 4066/7274/4979 4080/7273/4993
f 4080/7273/4993 4419/7881/5446 4067/7880/4980
f 4419/7881/5446 4071/7259/4984 4076/7882/4989
f 4076/7882/4989 4067/7880/4980 4419/7881/5446
f 4420/7883/5447 4077/7884/4990 4076/7882/4989
f 4076/7882/4989 4421/7885/5448 4420/7883/5447
f 4413/7886/5429 4420/7883/5447 4421/7885/5448
f 4421/7887/5448 4409/7849/5425 4413/7852/5429
f 4069/7257/4982 4422/7888/5449 4078/7889/4991
f 4078/7889/4991 4066/7254/4979 4069/7257/4982
s 210
f 4078/7889/5450 4422/7888/5451 4064/7251/5451
s 185
f 4064/7251/5451 4063/7250/5028 4078/7889/5027
s 173
f 3980/7136/4875 3995/7135/4890 4021/7175/5452
f 4021/7890/5452 3977/7891/4872 3980/7892/4875
f 3977/7893/4872 4021/7175/5452 3989/7122/4884
f 3989/7894/4884 3984/7126/4879 3977/7891/4872
f 3993/7895/4888 3980/7892/4875 3979/7119/4874
f 3979/7119/4874 4034/7896/5453 3993/7895/4888
f 3985/7129/4880 3991/7128/4886 4041/7214/5454
f 4041/7214/5454 4036/7217/5455 3985/7129/4880
s 174
f 4000/7156/4895 3999/7163/4894 4013/7162/4908
f 4013/7162/4908 4423/7897/5456 4000/7156/4895
f 4423/7897/5456 4004/7148/4899 4009/7157/4904
f 4009/7157/4904 4000/7156/4895 4423/7897/5456
f 4424/7898/5457 4010/7158/4905 4009/7157/4904
f 4009/7157/4904 4425/7899/5458 4424/7898/5457
f 4020/7172/4915 4424/7900/5457 4425/7901/5458
f 4425/7899/5458 4016/7166/4911 4020/7902/4915
f 4002/7903/4897 4426/7904/5459 4011/7905/4906
f 4011/7905/4906 3999/7141/4894 4002/7903/4897
s 177
f 3993/7133/4941 4011/7905/4940 4426/7904/5460
f 4426/7904/5460 3994/7134/5461 3993/7133/4941
s 166
f 3879/7906/4740 3861/6927/4722 3860/6926/4721
f 3860/6926/4721 3876/7907/4737 3879/7906/4740
f 3880/7908/4741 3893/6972/4754 3887/7067/4748
f 3887/7067/4748 3881/6964/4742 3880/7908/4741
f 3889/7909/4750 3890/6965/4751 3882/6952/4743
f 3882/6952/4743 3881/6951/4742 3889/7909/4750
f 3880/6950/4741 3869/6935/4730 3861/6927/4722
f 3861/6927/4722 3879/7906/4740 3880/6950/4741
f 3897/7910/4758 3876/7911/4737 3860/7912/4721
f 3860/7912/4721 3901/7913/4762 3897/7910/4758
f 3889/6963/4750 3888/6962/4749 3973/7098/5462
f 3973/7098/5462 3909/7101/4770 3889/6963/4750
s 167
f 4427/7914/5463 4428/7915/5464 3928/7036/4789
f 3928/7036/4789 3927/7916/4788 4427/7914/5463
f 3920/7014/4781 3933/7027/4794 3930/7024/4791
f 3930/7024/4791 3929/7023/4790 3920/7014/4781
f 3952/7917/4813 3931/7025/4792 3930/7024/4791
f 3930/7024/4791 3937/7031/4798 3952/7917/4813
f 3932/7026/4793 4427/7918/5463 3927/7021/4788
f 3927/7021/4788 3929/7023/4790 3932/7026/4793
f 4428/7915/5464 4429/7919/5465 3941/7920/4802
f 3941/7920/4802 3928/7036/4789 4428/7915/5464
f 3953/7921/4814 3937/7031/4798 3938/7032/4799
f 3938/7032/4799 3950/7051/4811 3953/7921/4814
s 170
f 3897/6979/4841 3941/7920/4840 4429/7919/5466
f 4429/7919/5466 3898/6980/5467 3897/6979/4841
s 171
f 3909/7922/4867 3975/7923/4866 3972/7097/4863
f 3972/7097/4863 3908/7096/4862 3909/7922/4867
s 194
f 4192/7924/5139 4174/7418/5121 4173/7417/5120
f 4173/7417/5120 4189/7925/5136 4192/7924/5139
f 4193/7926/5140 4206/7580/5153 4200/7452/5147
f 4200/7927/5147 4194/7456/5141 4193/7466/5140
f 4202/7928/5149 4203/7457/5150 4195/7446/5142
f 4195/7446/5142 4194/7445/5141 4202/7928/5149
f 4193/7444/5140 4182/7429/5129 4174/7418/5121
f 4174/7418/5121 4192/7924/5139 4193/7444/5140
f 4210/7929/5157 4189/7440/5136 4173/7480/5120
f 4173/7480/5120 4214/7479/5161 4210/7929/5157
f 4202/7930/5149 4201/7453/5148 4286/7609/5468
f 4286/7609/5468 4222/7931/5169 4202/7930/5149
s 195
f 4430/7932/5469 4431/7933/5470 4241/7527/5188
f 4241/7514/5188 4240/7513/5187 4430/7934/5469
f 4233/7506/5180 4246/7519/5193 4243/7516/5190
f 4243/7516/5190 4242/7515/5189 4233/7506/5180
f 4265/7548/5212 4244/7935/5191 4243/7936/5190
f 4243/7516/5190 4250/7523/5197 4265/7937/5212
f 4245/7518/5192 4430/7934/5469 4240/7513/5187
f 4240/7513/5187 4242/7515/5189 4245/7518/5192
f 4431/7933/5470 4432/7938/5471 4254/7528/5201
f 4254/7528/5201 4241/7527/5188 4431/7933/5470
f 4266/7939/5213 4250/7523/5197 4251/7524/5198
f 4251/7524/5198 4263/7546/5210 4266/7939/5213
s 198
f 4210/7473/5240 4254/7528/5239 4432/7938/5472
f 4432/7938/5472 4211/7474/5473 4210/7473/5240
s 199
f 4222/7613/5266 4288/7612/5265 4285/7608/5262
f 4285/7608/5262 4221/7607/5261 4222/7613/5266
s 201
f 4310/7644/5291 4292/7620/5273 4291/7619/5272
f 4291/7619/5272 4307/7645/5288 4310/7644/5291
f 4312/7655/5293 4311/7940/5292 4324/7941/5305
f 4324/7669/5305 4318/7942/5299 4312/7943/5293
f 4320/7944/5301 4321/7661/5302 4313/7648/5294
f 4313/7648/5294 4312/7647/5293 4320/7944/5301
f 4311/7646/5292 4300/7631/5281 4292/7620/5273
f 4292/7620/5273 4310/7644/5291 4311/7646/5292
f 4328/7945/5309 4307/7640/5288 4291/7688/5272
f 4291/7946/5272 4332/7947/5313 4328/7679/5309
f 4340/7948/5321 4320/7949/5301 4319/7657/5300
f 4319/7657/5300 4404/7832/5474 4340/7948/5321
s 202
f 4433/7950/5475 4434/7951/5476 4359/7726/5340
f 4359/7726/5340 4358/7725/5339 4433/7950/5475
f 4351/7718/5332 4364/7733/5345 4361/7740/5342
f 4361/7740/5342 4360/7745/5341 4351/7718/5332
f 4368/7770/5349 4382/7769/5363 4362/7729/5343
f 4362/7952/5343 4361/7740/5342 4368/7739/5349
f 4358/7953/5339 4360/7727/5341 4363/7954/5344
f 4363/7955/5344 4433/7950/5475 4358/7725/5339
f 4434/7956/5476 4435/7957/5477 4372/7748/5353
f 4372/7748/5353 4359/7747/5340 4434/7956/5476
f 4383/7958/5364 4368/7739/5349 4369/7741/5350
f 4369/7741/5350 4381/7959/5362 4383/7958/5364
s 205
f 4328/7679/5392 4372/7748/5391 4435/7957/5478
f 4435/7957/5478 4329/7680/5479 4328/7679/5392
s 206
f 4340/7836/5418 4406/7835/5417 4403/7831/5414
f 4403/7831/5414 4339/7830/5413 4340/7836/5418
s 187
f 4110/7960/5040 4152/7961/5480 4120/7962/5050
f 4120/7962/5050 4111/7342/5041 4110/7960/5040
f 4114/7350/5044 4126/7349/5056 4152/7387/5480
f 4152/7961/5480 4110/7960/5040 4114/7963/5044
f 4124/7964/5054 4114/7963/5044 4113/7338/5043
f 4113/7338/5043 4164/7965/5435 4124/7964/5054
f 4107/7330/5037 4116/7329/5046 4167/7408/5481
f 4167/7408/5481 4162/7409/5433 4107/7330/5037
s 188
f 4417/7872/5438 4137/7364/5067 4132/7866/5062
f 4132/7866/5062 4131/7966/5061 4417/7872/5438
f 4131/7966/5061 4135/7374/5065 4144/7373/5074
f 4144/7373/5074 4417/7872/5438 4131/7966/5061
f 4146/7378/5076 4436/7967/5482 4415/7968/5436
f 4415/7865/5436 4141/7369/5071 4146/7969/5076
f 4436/7967/5482 4133/7357/5063 4132/7356/5062
f 4132/7866/5062 4415/7865/5436 4436/7970/5482
f 4136/7971/5066 4437/7972/5483 4142/7973/5072
f 4142/7371/5072 4135/7374/5065 4136/7974/5066
s 192
f 4124/7347/5110 4166/7975/5109 4438/7976/5484
f 4438/7976/5484 4125/7348/5485 4124/7347/5110
s 180
f 4051/7977/4964 4086/7854/5486 4062/7978/4975
f 4062/7249/4975 4048/7248/4961 4051/7979/4964
f 4053/7228/4966 4092/7289/5487 4091/7288/5488
f 4091/7288/5488 4054/7229/4967 4053/7228/4966
f 4046/7237/4959 4057/7236/4970 4103/7314/5489
f 4103/7314/5489 4102/7313/5445 4046/7237/4959
s 181
f 4421/7885/5448 4076/7882/4989 4071/7259/4984
f 4071/7259/4984 4070/7258/4983 4421/7885/5448
f 4409/7845/5425 4421/7885/5448 4070/7258/4983
f 4070/7258/4983 4074/7846/4987 4409/7845/5425
f 4082/7278/4995 4439/7980/5490 4419/7981/5446
f 4419/7881/5446 4080/7273/4993 4082/7982/4995
f 4439/7980/5490 4072/7983/4985 4071/7984/4984
f 4071/7259/4984 4419/7881/5446 4439/7985/5490
s 184
f 4053/7293/5010 4094/7292/5009 4440/7986/5491
f 4440/7987/5491 4092/7289/5492 4053/7228/5010
s 180
f 4054/7229/4967 4091/7288/5488 4086/7854/5486
f 4086/7854/5486 4051/7977/4964 4054/7229/4967
s 181
f 4075/7265/4988 4441/7988/5493 4410/7989/5426
f 4410/7989/5426 4074/7262/4987 4075/7265/4988
s 173
f 3982/7990/4877 4024/7991/5494 3992/7131/4887
f 3992/7131/4887 3983/7130/4878 3982/7990/4877
f 3986/7140/4881 3998/7139/4893 4024/7179/5494
f 4024/7991/5494 3982/7990/4877 3986/7992/4881
f 3996/7993/4891 3986/7992/4881 3985/7994/4880
f 3985/7994/4880 4036/7995/5455 3996/7993/4891
f 3979/7996/4874 3988/7117/4883 4039/7212/5495
f 4039/7997/5495 4034/7896/5453 3979/7119/4874
s 174
f 4425/7899/5458 4009/7157/4904 4004/7148/4899
f 4004/7148/4899 4003/7147/4898 4425/7899/5458
f 4003/7147/4898 4007/7153/4902 4016/7166/4911
f 4016/7166/4911 4425/7899/5458 4003/7147/4898
f 4018/7998/4913 4442/7999/5496 4423/7897/5456
f 4423/7897/5456 4013/7162/4908 4018/7998/4913
f 4442/8000/5496 4005/7150/4900 4004/8001/4899
f 4004/7148/4899 4423/7897/5456 4442/7999/5496
f 4008/8002/4903 4443/8003/5497 4014/8004/4909
f 4014/8004/4909 4007/8005/4902 4008/8002/4903
s 178
f 3996/7137/4947 4038/8006/4946 4444/8007/5498
f 4444/8007/5498 3997/7138/5499 3996/7137/4947
s 166
f 3873/6939/4734 3894/6994/4755 3895/8008/4756
f 3895/6977/4756 3870/8009/4731 3873/8010/4734
f 3896/6978/4757 3864/6930/4725 3883/6958/4744
f 3883/6953/4744 3886/6968/4747 3896/8011/4757
f 3883/6958/4744 3864/6930/4725 3868/6934/4729
f 3868/6934/4729 3891/8012/4752 3883/6958/4744
f 3870/8009/4731 3895/6977/4756 3896/6978/4757
f 3896/8011/4757 3886/6968/4747 3870/6936/4731
f 3891/6966/4752 3868/6996/4729 3906/6995/4767
f 3906/6995/4767 3899/8013/4760 3891/6966/4752
f 3873/6939/4734 3872/6938/4733 3969/8014/5500
f 3969/7090/5500 3904/7091/4765 3873/8015/4734
s 167
f 3948/8016/4809 4445/8017/5501 3922/7016/4783
f 3922/7016/4783 3921/7015/4782 3948/8016/4809
f 4446/8018/5502 4447/8019/5503 3936/7030/4797
f 3936/7030/4797 3935/7029/4796 4446/8018/5502
f 4447/8020/5503 4448/8021/5504 3939/8022/4800
f 3939/8023/4800 3936/8024/4797 4447/8025/5503
f 4445/8017/5501 4446/8018/5502 3935/7029/4796
f 3935/7029/4796 3922/7016/4783 4445/8017/5501
f 4448/8026/5504 4449/8027/5505 3942/8028/4803
f 3942/8028/4803 3939/8023/4800 4448/8026/5504
f 3921/7046/4782 3924/7058/4785 3954/7057/4815
f 3954/7057/4815 3946/7047/4807 3921/7046/4782
s 171
f 3899/7085/4847 3968/7084/4846 4450/8029/5506
f 4450/8029/5506 3900/8030/5507 3899/7085/4847
s 170
f 3904/8031/4855 3946/8032/4854 3954/7104/4871
f 3954/7104/4871 3905/7103/4870 3904/8031/4855
s 194
f 4186/8033/5133 4207/7467/5154 4208/7471/5155
f 4208/7468/5155 4183/7435/5130 4186/7434/5133
f 4209/7470/5156 4177/7428/5124 4196/8034/5143
f 4196/8034/5143 4199/8035/5146 4209/7470/5156
f 4196/8034/5143 4177/7428/5124 4181/7427/5128
f 4181/7427/5128 4204/8036/5151 4196/8034/5143
f 4183/7430/5130 4208/7471/5155 4209/7470/5156
f 4209/7470/5156 4199/8035/5146 4183/7430/5130
f 4204/7458/5151 4181/8037/5128 4220/8038/5167
f 4220/8038/5167 4212/7477/5159 4204/7458/5151
f 4186/7434/5133 4185/7433/5132 4282/8039/5508
f 4282/7599/5508 4217/7485/5164 4186/8040/5133
s 195
f 4260/7540/5207 4451/8041/5509 4235/8042/5182
f 4235/7508/5182 4234/7507/5181 4260/8043/5207
f 4452/8044/5510 4453/8045/5511 4249/8046/5196
f 4249/8046/5196 4248/8047/5195 4452/8044/5510
f 4453/8045/5511 4454/8048/5512 4252/7530/5199
f 4252/7530/5199 4249/8046/5196 4453/8045/5511
f 4451/8041/5509 4452/8044/5510 4248/8047/5195
f 4248/7521/5195 4235/7508/5182 4451/8049/5509
f 4454/8048/5512 4455/8050/5513 4255/7531/5202
f 4255/7531/5202 4252/7530/5199 4454/8048/5512
f 4261/7542/5208 4234/7541/5181 4237/8051/5184
f 4237/7510/5184 4267/7551/5214 4261/8052/5208
s 199
f 4212/7477/5246 4281/8053/5245 4456/8054/5514
f 4456/8054/5514 4213/7478/5515 4212/7477/5246
s 198
f 4217/8055/5252 4261/8056/5251 4267/7617/5270
f 4267/7617/5270 4218/7616/5269 4217/8055/5252
s 201
f 4304/7635/5285 4325/7675/5306 4326/7674/5307
f 4326/7677/5307 4301/8057/5282 4304/8058/5285
f 4327/7678/5308 4295/7623/5276 4316/7651/5297
f 4316/8059/5297 4315/8060/5296 4327/7676/5308
f 4316/8059/5297 4295/7630/5276 4299/7629/5280
f 4299/7694/5280 4322/7662/5303 4316/7651/5297
f 4301/8057/5282 4326/7677/5307 4327/7676/5308
f 4327/7678/5308 4315/7650/5296 4301/7632/5282
f 4322/7662/5303 4299/7694/5280 4338/8061/5319
f 4338/8061/5319 4330/8062/5311 4322/7662/5303
f 4304/8063/5285 4303/7776/5284 4400/7826/5516
f 4400/7826/5516 4335/8064/5316 4304/8063/5285
s 202
f 4379/7763/5360 4457/8065/5517 4353/7744/5334
f 4353/7744/5334 4352/7760/5333 4379/7763/5360
f 4367/8066/5348 4366/8067/5347 4458/8068/5518
f 4458/8069/5518 4459/8070/5519 4367/7736/5348
f 4459/8071/5519 4460/8072/5520 4370/8073/5351
f 4370/7755/5351 4367/7736/5348 4459/8070/5519
f 4457/8065/5517 4458/8069/5518 4366/7735/5347
f 4366/7735/5347 4353/7744/5334 4457/8065/5517
f 4460/8074/5520 4461/8075/5521 4373/8076/5354
f 4373/8076/5354 4370/7755/5351 4460/8074/5520
f 4355/7774/5336 4385/7773/5366 4377/7761/5358
f 4377/7761/5358 4352/7760/5333 4355/7774/5336
s 206
f 4330/7683/5398 4399/8077/5397 4462/8078/5522
f 4462/8078/5522 4331/7684/5523 4330/7683/5398
s 205
f 4335/7823/5404 4377/7822/5403 4385/7842/5424
f 4385/7842/5424 4336/7841/5423 4335/7823/5404
s 1
f 1730/2895/1992 1657/2811/1919 1656/2810/1918
f 1656/2810/1918 1734/2899/1996 1730/2895/1992
