# Blender 4.5.3 LTS
# www.blender.org
mtllib globo.mtl
g Object_13_Mesh
v 0.080832 0.098555 0.018960
v 0.104494 0.076106 -0.003049
v 0.114713 0.096495 -0.010829
v 0.094197 0.115960 0.008253
v 0.065194 0.058569 0.042613
v 0.083614 0.041092 0.025479
v 0.098522 0.057647 0.014336
v 0.074859 0.080096 0.036345
v 0.074859 0.080096 0.036345
v 0.098522 0.057647 0.014336
v 0.104494 0.076106 -0.003049
v 0.080832 0.098555 0.018960
v -0.248531 -0.124120 0.133494
v -0.249260 -0.113824 0.106299
v -0.261949 -0.123237 0.103955
v -0.261317 -0.132164 0.127534
v -0.226862 -0.101751 0.140927
v -0.227429 -0.093735 0.119756
v -0.240621 -0.101084 0.112733
v -0.239893 -0.111379 0.139929
v -0.239893 -0.111379 0.139929
v -0.240621 -0.101084 0.112733
v -0.249260 -0.113824 0.106299
v -0.248531 -0.124120 0.133494
v 0.076090 -0.230399 -0.027458
v 0.079920 -0.199776 -0.000577
v 0.074790 -0.187369 -0.024443
v 0.071469 -0.213921 -0.047750
v 0.077840 -0.255782 0.021184
v 0.080821 -0.231942 0.042110
v 0.075677 -0.214006 0.022985
v 0.071847 -0.244630 -0.003896
v 0.071847 -0.244630 -0.003896
v 0.075677 -0.214006 0.022985
v 0.079920 -0.199776 -0.000577
v 0.076090 -0.230399 -0.027458
v -0.077942 -0.209113 -0.124573
v -0.055055 -0.202369 -0.120714
v -0.052093 -0.217165 -0.123099
v -0.071937 -0.223013 -0.126446
v -0.083723 -0.179323 -0.126166
v -0.065906 -0.174072 -0.123161
v -0.058807 -0.187739 -0.125370
v -0.081693 -0.194483 -0.129230
v -0.081693 -0.194483 -0.129230
v -0.058807 -0.187739 -0.125370
v -0.055055 -0.202369 -0.120714
v -0.077942 -0.209113 -0.124573
v -0.325844 0.058905 0.097714
v -0.325289 0.073395 0.054611
v -0.342185 0.055824 0.049349
v -0.342666 0.043260 0.086721
v -0.298943 0.098734 0.111430
v -0.298511 0.110015 0.077875
v -0.315958 0.095299 0.065097
v -0.316513 0.080808 0.108200
v -0.316513 0.080808 0.108200
v -0.315958 0.095299 0.065097
v -0.325289 0.073395 0.054611
v -0.325844 0.058905 0.097714
v -0.115417 -0.174641 0.124366
v -0.135334 -0.197758 0.131986
v -0.133393 -0.191459 0.153980
v -0.116125 -0.171415 0.147373
v -0.124146 -0.182249 0.079865
v -0.139651 -0.200246 0.085797
v -0.141651 -0.197662 0.109260
v -0.121735 -0.174544 0.101640
v -0.121735 -0.174544 0.101640
v -0.141651 -0.197662 0.109260
v -0.135334 -0.197758 0.131986
v -0.115417 -0.174641 0.124366
v -0.173965 -0.103638 0.066734
v -0.134217 -0.122446 0.072606
v -0.129584 -0.112521 0.042136
v -0.164047 -0.096214 0.037045
v -0.180416 -0.114461 0.131101
v -0.149472 -0.129102 0.135672
v -0.137457 -0.121778 0.106328
v -0.177205 -0.102971 0.100457
v -0.177205 -0.102971 0.100457
v -0.137457 -0.121778 0.106328
v -0.134217 -0.122446 0.072606
v -0.173965 -0.103638 0.066734
v -0.158664 -0.164911 0.139722
v -0.182473 -0.143108 0.102719
v -0.202251 -0.141693 0.126801
v -0.181608 -0.160596 0.158884
v -0.115453 -0.159489 0.096772
v -0.133988 -0.142516 0.067966
v -0.157877 -0.136532 0.085975
v -0.134068 -0.158334 0.122977
v -0.134068 -0.158334 0.122977
v -0.157877 -0.136532 0.085975
v -0.182473 -0.143108 0.102719
v -0.158664 -0.164911 0.139722
v 0.067300 -0.230343 0.067906
v 0.067097 -0.212471 0.116429
v 0.094956 -0.210056 0.111508
v 0.095132 -0.225552 0.069436
v 0.011129 -0.226464 0.071971
v 0.010971 -0.212552 0.109746
v 0.038938 -0.206230 0.113043
v 0.039140 -0.224102 0.064520
v 0.039140 -0.224102 0.064520
v 0.038938 -0.206230 0.113043
v 0.067097 -0.212471 0.116429
v 0.067300 -0.230343 0.067906
v -0.181399 -0.215709 0.069748
v -0.215676 -0.228912 0.067180
v -0.206965 -0.246712 0.081601
v -0.177245 -0.235263 0.083828
v -0.199760 -0.176610 0.049644
v -0.226445 -0.186890 0.047644
v -0.223901 -0.206896 0.062384
v -0.189623 -0.193692 0.064952
v -0.189623 -0.193692 0.064952
v -0.223901 -0.206896 0.062384
v -0.215676 -0.228912 0.067180
v -0.181399 -0.215709 0.069748
v 0.106741 -0.193616 -0.028365
v 0.130005 -0.195825 -0.030416
v 0.128504 -0.186291 -0.043719
v 0.108332 -0.184376 -0.041940
v 0.109850 -0.208360 0.001735
v 0.127961 -0.210080 0.000138
v 0.130632 -0.200540 -0.013344
v 0.107368 -0.198332 -0.011292
v 0.107368 -0.198332 -0.011292
v 0.130632 -0.200540 -0.013344
v 0.130005 -0.195825 -0.030416
v 0.106741 -0.193616 -0.028365
v 0.051637 -0.267476 0.022718
v 0.019016 -0.273393 0.012016
v 0.021993 -0.292285 0.024213
v 0.050278 -0.287155 0.033492
v 0.044058 -0.227020 0.006627
v 0.018663 -0.231626 -0.001705
v 0.015679 -0.251492 0.009303
v 0.048300 -0.245575 0.020005
v 0.048300 -0.245575 0.020005
v 0.015679 -0.251492 0.009303
v 0.019016 -0.273393 0.012016
v 0.051637 -0.267476 0.022718
v -0.044635 0.012742 -0.077253
v -0.068882 0.003915 -0.053764
v -0.065146 0.022008 -0.043036
v -0.044124 0.029662 -0.063401
v -0.056249 -0.019497 -0.104027
v -0.075125 -0.026370 -0.085741
v -0.076042 -0.009433 -0.071148
v -0.051794 -0.000606 -0.094636
v -0.051794 -0.000606 -0.094636
v -0.076042 -0.009433 -0.071148
v -0.068882 0.003915 -0.053764
v -0.044635 0.012742 -0.077253
v -0.205296 -0.066981 0.116776
v -0.211986 -0.067784 0.154502
v -0.194647 -0.056803 0.156517
v -0.188847 -0.056107 0.123807
v -0.243073 -0.082471 0.111295
v -0.248280 -0.083095 0.140664
v -0.232274 -0.071679 0.149346
v -0.225584 -0.070876 0.111620
v -0.225584 -0.070876 0.111620
v -0.232274 -0.071679 0.149346
v -0.211986 -0.067784 0.154502
v -0.205296 -0.066981 0.116776
v -0.127045 -0.178101 0.107470
v -0.137120 -0.154336 0.126281
v -0.134113 -0.144728 0.106980
v -0.125378 -0.165334 0.090670
v -0.139035 -0.198834 0.142752
v -0.146878 -0.180331 0.157397
v -0.146130 -0.166518 0.141085
v -0.136055 -0.190283 0.122274
v -0.136055 -0.190283 0.122274
v -0.146130 -0.166518 0.141085
v -0.137120 -0.154336 0.126281
v -0.127045 -0.178101 0.107470
v -0.065403 -0.002061 -0.142734
v -0.059935 -0.025530 -0.126122
v -0.043917 -0.023885 -0.134614
v -0.048658 -0.003537 -0.149018
v -0.095193 -0.001492 -0.120602
v -0.090936 -0.019762 -0.107670
v -0.073656 -0.022014 -0.112833
v -0.079124 0.001455 -0.129445
v -0.079124 0.001455 -0.129445
v -0.073656 -0.022014 -0.112833
v -0.059935 -0.025530 -0.126122
v -0.065403 -0.002061 -0.142734
v -0.066181 -0.285806 0.036780
v -0.051917 -0.302963 0.017387
v -0.067558 -0.306149 0.008896
v -0.079926 -0.291273 0.025712
v -0.034793 -0.274632 0.049146
v -0.023688 -0.287988 0.034048
v -0.036862 -0.293895 0.021662
v -0.051127 -0.276739 0.041055
v -0.051127 -0.276739 0.041055
v -0.036862 -0.293895 0.021662
v -0.051917 -0.302963 0.017387
v -0.066181 -0.285806 0.036780
v -0.104489 0.074732 0.114061
v -0.100092 0.099806 0.092251
v -0.086196 0.104578 0.108079
v -0.090008 0.082837 0.126989
v -0.127172 0.061314 0.079014
v -0.123750 0.080834 0.062035
v -0.108574 0.089830 0.073786
v -0.112971 0.064756 0.095595
v -0.112971 0.064756 0.095595
v -0.108574 0.089830 0.073786
v -0.100092 0.099806 0.092251
v -0.104489 0.074732 0.114061
v -0.139956 -0.299505 0.031770
v -0.164600 -0.301800 0.020432
v -0.169113 -0.296218 0.038382
v -0.147746 -0.294227 0.048212
v -0.130334 -0.304908 -0.005642
v -0.149519 -0.306695 -0.014468
v -0.158437 -0.301036 0.001445
v -0.133793 -0.298740 0.012782
v -0.133793 -0.298740 0.012782
v -0.158437 -0.301036 0.001445
v -0.164600 -0.301800 0.020432
v -0.139956 -0.299505 0.031770
v -0.221532 0.070152 -0.130831
v -0.233151 0.075490 -0.165249
v -0.246892 0.061836 -0.158987
v -0.236817 0.057208 -0.129145
v -0.198354 0.102021 -0.139418
v -0.207400 0.106176 -0.166212
v -0.223652 0.093750 -0.165774
v -0.212034 0.088412 -0.131356
v -0.212034 0.088412 -0.131356
v -0.223652 0.093750 -0.165774
v -0.233151 0.075490 -0.165249
v -0.221532 0.070152 -0.130831
v -0.176191 -0.049370 0.136021
v -0.179862 -0.066505 0.181117
v -0.168470 -0.043999 0.190767
v -0.165286 -0.029142 0.151666
v -0.206907 -0.089409 0.117252
v -0.209765 -0.102749 0.152358
v -0.199581 -0.082780 0.170202
v -0.195909 -0.065645 0.125107
v -0.195909 -0.065645 0.125107
v -0.199581 -0.082780 0.170202
v -0.179862 -0.066505 0.181117
v -0.176191 -0.049370 0.136021
v -0.062259 -0.280204 -0.053987
v -0.053036 -0.285203 -0.026530
v -0.040288 -0.290737 -0.036140
v -0.048285 -0.286402 -0.059947
v -0.085187 -0.264091 -0.035422
v -0.078006 -0.267982 -0.014047
v -0.063319 -0.274052 -0.018844
v -0.072543 -0.269053 -0.046302
v -0.072543 -0.269053 -0.046302
v -0.063319 -0.274052 -0.018844
v -0.053036 -0.285203 -0.026530
v -0.062259 -0.280204 -0.053987
v -0.272935 0.058240 0.088468
v -0.290751 0.061819 0.053884
v -0.294147 0.082046 0.062456
v -0.278699 0.078944 0.092443
v -0.259581 0.020709 0.068076
v -0.273451 0.023494 0.041153
v -0.279550 0.044725 0.043321
v -0.261732 0.041146 0.077905
v -0.261732 0.041146 0.077905
v -0.279550 0.044725 0.043321
v -0.290751 0.061819 0.053884
v -0.272935 0.058240 0.088468
v -0.049639 -0.020346 -0.125705
v -0.067667 -0.016471 -0.159218
v -0.083448 -0.025057 -0.145541
v -0.067816 -0.028416 -0.116484
v -0.020298 0.003297 -0.149277
v -0.034333 0.006313 -0.175366
v -0.053624 -0.001124 -0.167317
v -0.035596 -0.004998 -0.133804
v -0.035596 -0.004998 -0.133804
v -0.053624 -0.001124 -0.167317
v -0.067667 -0.016471 -0.159218
v -0.049639 -0.020346 -0.125705
v -0.040204 -0.181847 0.004330
v -0.023271 -0.179688 -0.028627
v -0.019884 -0.160261 -0.021392
v -0.034565 -0.162132 0.007183
v -0.041230 -0.222245 -0.005138
v -0.028048 -0.220565 -0.030795
v -0.021151 -0.200746 -0.029033
v -0.038083 -0.202905 0.003924
v -0.038083 -0.202905 0.003924
v -0.021151 -0.200746 -0.029033
v -0.023271 -0.179688 -0.028627
v -0.040204 -0.181847 0.004330
v 0.082304 0.062306 0.144433
v 0.094005 0.102526 0.149728
v 0.092037 0.097270 0.180543
v 0.081891 0.062397 0.175952
v 0.094892 0.069221 0.083876
v 0.104002 0.100531 0.087998
v 0.104800 0.102174 0.120046
v 0.093099 0.061955 0.114751
v 0.093099 0.061955 0.114751
v 0.104800 0.102174 0.120046
v 0.094005 0.102526 0.149728
v 0.082304 0.062306 0.144433
v -0.132936 -0.280013 -0.064507
v -0.128143 -0.247872 -0.072120
v -0.125249 -0.254506 -0.095382
v -0.129403 -0.282374 -0.088780
v -0.145896 -0.266801 -0.020161
v -0.142165 -0.241780 -0.026088
v -0.138956 -0.242695 -0.051036
v -0.143747 -0.274835 -0.043422
v -0.143747 -0.274835 -0.043422
v -0.138956 -0.242695 -0.051036
v -0.128143 -0.247872 -0.072120
v -0.132936 -0.280013 -0.064507
v -0.260625 -0.135106 -0.050977
v -0.263000 -0.113085 -0.060333
v -0.260475 -0.119252 -0.076063
v -0.258415 -0.138345 -0.067951
v -0.270658 -0.124185 -0.020567
v -0.272507 -0.107042 -0.027851
v -0.270784 -0.109409 -0.045444
v -0.268408 -0.131430 -0.036088
v -0.268408 -0.131430 -0.036088
v -0.270784 -0.109409 -0.045444
v -0.263000 -0.113085 -0.060333
v -0.260625 -0.135106 -0.050977
v -0.130210 0.098772 -0.156068
v -0.150688 0.094445 -0.174394
v -0.164604 0.086500 -0.157352
v -0.138299 0.092057 -0.133811
v -0.149892 0.007639 0.053297
v -0.154106 0.001218 0.013762
v -0.148750 0.022079 0.010982
v -0.145095 0.027646 0.045261
v -0.153029 -0.035215 0.058907
v -0.156311 -0.040214 0.028129
v -0.151081 -0.020459 0.018243
v -0.146866 -0.014038 0.057777
v -0.146866 -0.014038 0.057777
v -0.151081 -0.020459 0.018243
v -0.154106 0.001218 0.013762
v -0.149892 0.007639 0.053297
v 0.056383 -0.097164 0.006111
v 0.031320 -0.084471 0.009585
v 0.029862 -0.094868 0.026682
v 0.051593 -0.105874 0.023671
v 0.062421 -0.072501 -0.023477
v 0.042910 -0.062620 -0.020773
v 0.037191 -0.070503 -0.002580
v 0.062254 -0.083196 -0.006053
v 0.062254 -0.083196 -0.006053
v 0.037191 -0.070503 -0.002580
v 0.031320 -0.084471 0.009585
v 0.056383 -0.097164 0.006111
v -0.023566 -0.240816 0.104165
v -0.033519 -0.260081 0.063848
v -0.057453 -0.256163 0.073270
v -0.048823 -0.239460 0.108227
v 0.023548 -0.240336 0.081272
v 0.015800 -0.255333 0.049885
v -0.010133 -0.254193 0.051817
v -0.000181 -0.234928 0.092134
v -0.000181 -0.234928 0.092134
v -0.010133 -0.254193 0.051817
v -0.033519 -0.260081 0.063848
v -0.023566 -0.240816 0.104165
v 0.049639 -0.210192 0.035244
v 0.026386 -0.248319 0.033913
v 0.051874 -0.260420 0.035352
v 0.072036 -0.227362 0.036505
v -0.000513 -0.185624 0.044137
v -0.018614 -0.215305 0.043101
v 0.002931 -0.234295 0.045235
v 0.026183 -0.196169 0.046565
v 0.026183 -0.196169 0.046565
v 0.002931 -0.234295 0.045235
v 0.026386 -0.248319 0.033913
v 0.049639 -0.210192 0.035244
v -0.139938 -0.234556 -0.073335
v -0.123182 -0.229559 -0.122590
v -0.148420 -0.217414 -0.129042
v -0.162948 -0.221746 -0.086335
v -0.086888 -0.249643 -0.056612
v -0.073844 -0.245754 -0.094956
v -0.096037 -0.231911 -0.109986
v -0.112793 -0.236906 -0.060731
v -0.112793 -0.236906 -0.060731
v -0.096037 -0.231911 -0.109986
v -0.123182 -0.229559 -0.122590
v -0.139938 -0.234556 -0.073335
v -0.086630 -0.204000 -0.073985
v -0.071093 -0.177738 -0.087399
v -0.085371 -0.167395 -0.074837
v -0.098841 -0.190166 -0.063206
v -0.054569 -0.224910 -0.091570
v -0.042474 -0.204464 -0.102013
v -0.053780 -0.189360 -0.091184
v -0.069316 -0.215623 -0.077770
v -0.069316 -0.215623 -0.077770
v -0.053780 -0.189360 -0.091184
v -0.071093 -0.177738 -0.087399
v -0.086630 -0.204000 -0.073985
v -0.074713 -0.273759 -0.053613
v -0.075974 -0.255419 -0.023270
v -0.065175 -0.242821 -0.036365
v -0.064082 -0.258723 -0.062673
v -0.101803 -0.295976 -0.031286
v -0.102785 -0.281698 -0.007665
v -0.092575 -0.265495 -0.015704
v -0.091314 -0.283835 -0.046046
v -0.091314 -0.283835 -0.046046
v -0.092575 -0.265495 -0.015704
v -0.075974 -0.255419 -0.023270
v -0.074713 -0.273759 -0.053613
v -0.224189 -0.155344 0.077248
v -0.214915 -0.178836 0.074191
v -0.227898 -0.181131 0.063356
v -0.235938 -0.160761 0.066006
v -0.195932 -0.148717 0.093268
v -0.188713 -0.167005 0.090888
v -0.199935 -0.173368 0.078991
v -0.209209 -0.149877 0.082048
v -0.209209 -0.149877 0.082048
v -0.199935 -0.173368 0.078991
v -0.214915 -0.178836 0.074191
v -0.224189 -0.155344 0.077248
v -0.071659 -0.027861 0.098959
v -0.086363 -0.004380 0.105622
v -0.091416 -0.005710 0.085390
v -0.078666 -0.026069 0.079613
v -0.066330 -0.029203 0.140667
v -0.077778 -0.010922 0.145855
v -0.085877 -0.008362 0.126786
v -0.071171 -0.031843 0.120122
v -0.071171 -0.031843 0.120122
v -0.085877 -0.008362 0.126786
v -0.086363 -0.004380 0.105622
v -0.071659 -0.027861 0.098959
v -0.083715 -0.141054 0.190197
v -0.091409 -0.141089 0.163619
v -0.104051 -0.135667 0.170711
v -0.097381 -0.135636 0.193755
v -0.056883 -0.146824 0.176036
v -0.062873 -0.146851 0.155345
v -0.076856 -0.141002 0.157717
v -0.069162 -0.140966 0.184295
v -0.069162 -0.140966 0.184295
v -0.076856 -0.141002 0.157717
v -0.091409 -0.141089 0.163619
v -0.083715 -0.141054 0.190197
v -0.210491 0.060049 0.121878
v -0.237120 0.080667 0.102182
v -0.242602 0.086975 0.128494
v -0.219514 0.069097 0.145571
v -0.193888 0.053632 0.069898
v -0.214618 0.069684 0.054565
v -0.224471 0.080218 0.077563
v -0.197842 0.059598 0.097259
v -0.197842 0.059598 0.097259
v -0.224471 0.080218 0.077563
v -0.237120 0.080667 0.102182
v -0.210491 0.060049 0.121878
v -0.139947 -0.146224 -0.135384
v -0.120837 -0.155542 -0.151176
v -0.119495 -0.140658 -0.157491
v -0.136065 -0.132578 -0.143799
v -0.139484 -0.174139 -0.117710
v -0.124607 -0.181394 -0.130004
v -0.119582 -0.167940 -0.138797
v -0.138691 -0.158622 -0.123005
v -0.138691 -0.158622 -0.123005
v -0.119582 -0.167940 -0.138797
v -0.120837 -0.155542 -0.151176
v -0.139947 -0.146224 -0.135384
v -0.169863 -0.280976 0.001004
v -0.171631 -0.249462 -0.006043
v -0.191673 -0.252579 -0.004895
v -0.190140 -0.279904 0.001215
v -0.130266 -0.274145 0.007157
v -0.131642 -0.249612 0.001670
v -0.152169 -0.247050 0.002225
v -0.150400 -0.278564 0.009273
v -0.150400 -0.278564 0.009273
v -0.152169 -0.247050 0.002225
v -0.171631 -0.249462 -0.006043
v -0.169863 -0.280976 0.001004
v -0.227506 -0.105397 -0.083413
v -0.220674 -0.101877 -0.127748
v -0.242670 -0.111623 -0.130511
v -0.248593 -0.114676 -0.092069
v -0.187805 -0.078555 -0.076972
v -0.182487 -0.075814 -0.111487
v -0.203737 -0.084414 -0.122149
v -0.210569 -0.087936 -0.077813
v -0.210569 -0.087936 -0.077813
v -0.203737 -0.084414 -0.122149
v -0.220674 -0.101877 -0.127748
v -0.227506 -0.105397 -0.083413
v 0.100667 0.080416 0.006405
v 0.102858 0.083631 -0.031550
v 0.087661 0.097044 -0.028627
v 0.085761 0.094257 0.004282
v 0.135300 0.059217 0.002424
v 0.137005 0.061721 -0.027124
v 0.122436 0.076239 -0.030844
v 0.120245 0.073024 0.007111
v 0.120245 0.073024 0.007111
v 0.122436 0.076239 -0.030844
v 0.102858 0.083631 -0.031550
v 0.100667 0.080416 0.006405
v -0.159098 -0.127758 0.154891
v -0.153182 -0.105149 0.140111
v -0.148302 -0.100092 0.158109
v -0.153430 -0.119696 0.170924
v -0.163410 -0.140164 0.118512
v -0.158805 -0.122563 0.107005
v -0.152403 -0.113599 0.122437
v -0.158318 -0.136207 0.137218
v -0.158318 -0.136207 0.137218
v -0.152403 -0.113599 0.122437
v -0.153182 -0.105149 0.140111
v -0.159098 -0.127758 0.154891
v -0.147041 -0.162078 -0.132780
v -0.177686 -0.164011 -0.109563
v -0.175696 -0.141080 -0.108534
v -0.149126 -0.139404 -0.128663
v -0.154706 -0.206520 -0.143268
v -0.178563 -0.208024 -0.125194
v -0.182348 -0.185181 -0.120655
v -0.151703 -0.183248 -0.143871
v -0.151703 -0.183248 -0.143871
v -0.182348 -0.185181 -0.120655
v -0.177686 -0.164011 -0.109563
v -0.147041 -0.162078 -0.132780
v -0.170370 -0.205651 0.061260
v -0.197190 -0.207466 0.099781
v -0.188925 -0.182508 0.105183
v -0.165670 -0.180934 0.071784
v -0.066095 -0.251450 0.043396
v -0.086974 -0.252863 0.073384
v -0.210788 -0.227746 0.085177
v -0.183967 -0.225932 0.046657
v -0.183967 -0.225932 0.046657
v -0.210788 -0.227746 0.085177
v -0.197190 -0.207466 0.099781
v -0.170370 -0.205651 0.061260
v -0.224242 -0.118141 -0.021513
v -0.253793 -0.139959 -0.028042
v -0.259480 -0.133581 -0.002153
v -0.233859 -0.114665 0.003508
v -0.216652 -0.123824 -0.075824
v -0.239657 -0.140809 -0.080907
v -0.250980 -0.137749 -0.056222
v -0.221430 -0.115932 -0.049692
v -0.221430 -0.115932 -0.049692
v -0.250980 -0.137749 -0.056222
v -0.253793 -0.139959 -0.028042
v -0.224242 -0.118141 -0.021513
v -0.022430 0.066475 0.179380
v -0.033166 0.039503 0.187738
v -0.038963 0.048138 0.206402
v -0.029653 0.071524 0.199155
v -0.016543 0.051540 0.139019
v -0.024902 0.030543 0.145526
v -0.033111 0.034577 0.165571
v -0.022373 0.061550 0.157213
v -0.022373 0.061550 0.157213
v -0.033111 0.034577 0.165571
v -0.033166 0.039503 0.187738
v -0.022430 0.066475 0.179380
v 0.140021 0.094004 -0.027257
v 0.136798 0.102754 -0.055769
v 0.120923 0.100685 -0.051964
v 0.123718 0.093099 -0.027243
v 0.171023 0.103256 -0.031821
v 0.168513 0.110068 -0.054018
v 0.151899 0.109957 -0.055064
v 0.155122 0.101206 -0.026552
v 0.155122 0.101206 -0.026552
v 0.151899 0.109957 -0.055064
v 0.136798 0.102754 -0.055769
v 0.140021 0.094004 -0.027257
v 0.032409 -0.034173 0.099440
v 0.006668 -0.034699 0.127863
v 0.021314 -0.023552 0.142676
v 0.043633 -0.023095 0.118031
v 0.001365 -0.049351 0.066422
v -0.018674 -0.049760 0.088549
v -0.008689 -0.038077 0.108290
v 0.017053 -0.037551 0.079866
v 0.017053 -0.037551 0.079866
v -0.008689 -0.038077 0.108290
v 0.006668 -0.034699 0.127863
v 0.032409 -0.034173 0.099440
v 0.126705 -0.139848 0.058658
v 0.154449 -0.151836 0.076854
v 0.162853 -0.151287 0.053520
v 0.138797 -0.140894 0.037743
v 0.111982 -0.133662 0.105626
v 0.133580 -0.142994 0.119791
v 0.147180 -0.144021 0.099595
v 0.119436 -0.132034 0.081399
v 0.119436 -0.132034 0.081399
v 0.147180 -0.144021 0.099595
v 0.154449 -0.151836 0.076854
v 0.126705 -0.139848 0.058658
v -0.294835 -0.089831 0.094851
v -0.295695 -0.066942 0.083589
v -0.292950 -0.062482 0.101083
v -0.292205 -0.082328 0.110848
v -0.294810 -0.099254 0.059539
v -0.295480 -0.081436 0.050771
v -0.292439 -0.072880 0.066332
v -0.291579 -0.095769 0.077594
v -0.291579 -0.095769 0.077594
v -0.292439 -0.072880 0.066332
v -0.295695 -0.066942 0.083589
v -0.294835 -0.089831 0.094851
v -0.025397 0.032970 0.145371
v -0.015822 0.061803 0.152930
v -0.024564 0.066250 0.132807
v -0.032866 0.041249 0.126252
v -0.014274 0.024858 0.188767
v -0.006820 0.047305 0.194652
v -0.014400 0.057014 0.176002
v -0.023976 0.028181 0.168443
v -0.023976 0.028181 0.168443
v -0.014400 0.057014 0.176002
v -0.015822 0.061803 0.152930
v -0.025397 0.032970 0.145371
v -0.221275 -0.185779 -0.123529
v -0.225134 -0.161394 -0.109971
v -0.227062 -0.156085 -0.129208
v -0.223716 -0.177227 -0.140963
v -0.223320 -0.197810 -0.085547
v -0.226325 -0.178827 -0.074993
v -0.229421 -0.169219 -0.091960
v -0.225562 -0.193604 -0.105518
v -0.225562 -0.193604 -0.105518
v -0.229421 -0.169219 -0.091960
v -0.225134 -0.161394 -0.109971
v -0.221275 -0.185779 -0.123529
v -0.138675 -0.205417 0.153641
v -0.150122 -0.202011 0.121796
v -0.166406 -0.202785 0.132415
v -0.156481 -0.205738 0.160027
v -0.106292 -0.197490 0.134298
v -0.115203 -0.194839 0.109507
v -0.133660 -0.194506 0.114630
v -0.122214 -0.197912 0.146475
v -0.122214 -0.197912 0.146475
v -0.133660 -0.194506 0.114630
v -0.150122 -0.202011 0.121796
v -0.138675 -0.205417 0.153641
v -0.053281 0.030612 -0.182596
v -0.033254 0.017178 -0.187426
v -0.029606 0.028557 -0.199041
v -0.046971 0.040205 -0.194853
v -0.058292 0.011110 -0.154927
v -0.042701 0.000652 -0.158688
v -0.035257 0.009950 -0.170896
v -0.055284 0.023384 -0.166065
v -0.055284 0.023384 -0.166065
v -0.035257 0.009950 -0.170896
v -0.033254 0.017178 -0.187426
v -0.053281 0.030612 -0.182596
v -0.153851 -0.287912 0.012969
v -0.171284 -0.247894 0.023984
v -0.162928 -0.253683 0.055138
v -0.147814 -0.288380 0.045588
v -0.161203 -0.273089 -0.050725
v -0.174774 -0.241936 -0.042151
v -0.168756 -0.240328 -0.008929
v -0.151324 -0.280345 -0.019943
v -0.151324 -0.280345 -0.019943
v -0.168756 -0.240328 -0.008929
v -0.171284 -0.247894 0.023984
v -0.153851 -0.287912 0.012969
v 0.016179 0.029890 0.068917
v 0.035473 0.007613 0.066712
v 0.030838 0.007712 0.045307
v 0.014109 0.027028 0.047219
v 0.029720 0.034405 0.109643
v 0.044740 0.017062 0.107926
v 0.043871 0.013537 0.085824
v 0.024577 0.035813 0.088029
v 0.024577 0.035813 0.088029
v 0.043871 0.013537 0.085824
v 0.035473 0.007613 0.066712
v 0.016179 0.029890 0.068917
v -0.133932 -0.241954 -0.103727
v -0.133518 -0.214743 -0.132584
v -0.154203 -0.223076 -0.139701
v -0.154563 -0.246669 -0.114681
v -0.096780 -0.221219 -0.082763
v -0.096456 -0.200037 -0.105228
v -0.117533 -0.203221 -0.117039
v -0.117948 -0.230431 -0.088183
v -0.117948 -0.230431 -0.088183
v -0.117533 -0.203221 -0.117039
v -0.133518 -0.214743 -0.132584
v -0.133932 -0.241954 -0.103727
v 0.194645 0.079807 0.024704
v 0.155120 0.093662 0.024751
v 0.152347 0.077278 0.049152
v 0.186618 0.065265 0.049111
v 0.203300 0.118615 -0.016474
v 0.172529 0.129402 -0.016438
v 0.162892 0.115872 0.008728
v 0.202418 0.102016 0.008681
v 0.202418 0.102016 0.008681
v 0.162892 0.115872 0.008728
v 0.155120 0.093662 0.024751
v 0.194645 0.079807 0.024704
v -0.082965 -0.301899 -0.042725
v -0.099567 -0.271304 -0.055043
v -0.078263 -0.262727 -0.055446
v -0.063868 -0.289255 -0.044765
v -0.123782 -0.321590 -0.050800
v -0.136707 -0.297772 -0.060390
v -0.118103 -0.283851 -0.063703
v -0.101501 -0.314446 -0.051384
v -0.101501 -0.314446 -0.051384
v -0.118103 -0.283851 -0.063703
v -0.099567 -0.271304 -0.055043
v -0.082965 -0.301899 -0.042725
v 0.012557 -0.271410 0.020824
v 0.012014 -0.291841 -0.023580
v -0.014032 -0.284711 -0.023903
v -0.013562 -0.266996 0.014597
v 0.066063 -0.276975 0.017118
v 0.065641 -0.292880 -0.017450
v 0.039440 -0.288685 -0.026083
v 0.039982 -0.268254 0.018320
v 0.039982 -0.268254 0.018320
v 0.039440 -0.288685 -0.026083
v 0.012014 -0.291841 -0.023580
v 0.012557 -0.271410 0.020824
v 0.140968 0.001544 0.028450
v 0.120329 -0.005177 0.046282
v 0.130701 -0.001782 0.061248
v 0.148596 0.004045 0.045787
v 0.119160 0.000559 -0.001359
v 0.103094 -0.004672 0.012523
v 0.109747 -0.002004 0.030795
v 0.130385 0.004716 0.012963
v 0.130385 0.004716 0.012963
v 0.109747 -0.002004 0.030795
v 0.120329 -0.005177 0.046282
v 0.140968 0.001544 0.028450
v -0.238323 -0.072133 -0.078286
v -0.256517 -0.046736 -0.091769
v -0.241611 -0.034931 -0.081154
v -0.225837 -0.056952 -0.069464
v -0.263447 -0.095937 -0.106338
v -0.277610 -0.076165 -0.116834
v -0.265504 -0.059743 -0.109106
v -0.247311 -0.085140 -0.095623
v -0.247311 -0.085140 -0.095623
v -0.265504 -0.059743 -0.109106
v -0.256517 -0.046736 -0.091769
v -0.238323 -0.072133 -0.078286
v 0.052875 -0.255870 0.088638
v 0.028277 -0.246088 0.091887
v 0.035943 -0.231192 0.090063
v 0.057271 -0.239674 0.087246
v 0.037544 -0.285598 0.085245
v 0.018394 -0.277982 0.087774
v 0.021697 -0.261229 0.085968
v 0.046295 -0.271011 0.082720
v 0.046295 -0.271011 0.082720
v 0.021697 -0.261229 0.085968
v 0.028277 -0.246088 0.091887
v 0.052875 -0.255870 0.088638
v -0.023566 0.034685 0.097540
v -0.039627 0.036776 0.073682
v -0.051218 0.033779 0.086857
v -0.037292 0.031966 0.107542
v -0.000947 0.046155 0.073265
v -0.013450 0.047783 0.054692
v -0.028041 0.045573 0.063834
v -0.011980 0.043482 0.087692
v -0.011980 0.043482 0.087692
v -0.028041 0.045573 0.063834
v -0.039627 0.036776 0.073682
v -0.023566 0.034685 0.097540
v -0.227293 0.099935 -0.119110
v -0.214014 0.077716 -0.138806
v -0.204619 0.092500 -0.148822
v -0.216133 0.111765 -0.131745
v -0.241073 0.070790 -0.093523
v -0.230736 0.053493 -0.108855
v -0.218505 0.064420 -0.122033
v -0.231784 0.086638 -0.102337
v -0.231784 0.086638 -0.102337
v -0.218505 0.064420 -0.122033
v -0.214014 0.077716 -0.138806
v -0.227293 0.099935 -0.119110
v -0.126903 -0.214391 -0.110583
v -0.137691 -0.197917 -0.149517
v -0.160034 -0.203679 -0.140743
v -0.150680 -0.217963 -0.106986
v -0.083349 -0.195897 -0.122385
v -0.091747 -0.183072 -0.152695
v -0.116259 -0.185368 -0.150398
v -0.105471 -0.201843 -0.111464
v -0.105471 -0.201843 -0.111464
v -0.116259 -0.185368 -0.150398
v -0.137691 -0.197917 -0.149517
v -0.126903 -0.214391 -0.110583
v -0.190439 -0.078794 -0.104734
v -0.188095 -0.072864 -0.134105
v -0.202396 -0.080341 -0.135738
v -0.204428 -0.085482 -0.110272
v -0.165014 -0.059280 -0.099839
v -0.163189 -0.054664 -0.122704
v -0.177411 -0.060766 -0.129488
v -0.179754 -0.066697 -0.100117
v -0.179754 -0.066697 -0.100117
v -0.177411 -0.060766 -0.129488
v -0.188095 -0.072864 -0.134105
v -0.190439 -0.078794 -0.104734
v -0.101033 -0.131670 -0.152274
v -0.094160 -0.103352 -0.135519
v -0.095313 -0.095999 -0.158104
v -0.101272 -0.120552 -0.172631
v -0.105906 -0.145457 -0.107106
v -0.100557 -0.123411 -0.094062
v -0.101049 -0.110858 -0.113787
v -0.107921 -0.139175 -0.130542
v -0.107921 -0.139175 -0.130542
v -0.101049 -0.110858 -0.113787
v -0.094160 -0.103352 -0.135519
v -0.101033 -0.131670 -0.152274
v 0.078113 0.086262 0.089813
v 0.105051 0.082217 0.094412
v 0.106742 0.092654 0.078062
v 0.083385 0.096162 0.074074
v 0.074442 0.070655 0.126252
v 0.095413 0.067506 0.129832
v 0.101925 0.077699 0.114495
v 0.074987 0.081744 0.109897
v 0.074987 0.081744 0.109897
v 0.101925 0.077699 0.114495
v 0.105051 0.082217 0.094412
v 0.078113 0.086262 0.089813
v -0.108351 -0.037007 0.119712
v -0.110108 -0.019091 0.077625
v -0.105505 0.001819 0.093343
v -0.103981 -0.013715 0.129834
v -0.108699 -0.079746 0.088384
v -0.110066 -0.065798 0.055620
v -0.105052 -0.041611 0.063897
v -0.103295 -0.059527 0.105984
v -0.103295 -0.059527 0.105984
v -0.105052 -0.041611 0.063897
v -0.110108 -0.019091 0.077625
v -0.108351 -0.037007 0.119712
v -0.133060 -0.250571 -0.019944
v -0.120441 -0.254080 0.006403
v -0.110008 -0.243151 -0.000916
v -0.120948 -0.240109 -0.023761
v -0.156861 -0.267771 -0.003254
v -0.147039 -0.270502 0.017257
v -0.134505 -0.259767 0.014778
v -0.147122 -0.256258 -0.011569
v -0.147122 -0.256258 -0.011569
v -0.134505 -0.259767 0.014778
v -0.120441 -0.254080 0.006403
v -0.133060 -0.250571 -0.019944
v 0.098904 -0.221704 0.049126
v 0.074155 -0.201712 0.044635
v 0.063074 -0.218629 0.045965
v 0.084532 -0.235964 0.049859
v 0.120744 -0.188052 0.054930
v 0.101477 -0.172488 0.051434
v 0.085859 -0.185943 0.052632
v 0.110607 -0.205935 0.057123
v 0.110607 -0.205935 0.057123
v 0.085859 -0.185943 0.052632
v 0.074155 -0.201712 0.044635
v 0.098904 -0.221704 0.049126
v -0.088137 -0.196715 -0.104377
v -0.116440 -0.178789 -0.101971
v -0.107316 -0.170518 -0.081519
v -0.082775 -0.186060 -0.083605
v -0.102449 -0.208021 -0.149603
v -0.124484 -0.194066 -0.147730
v -0.120068 -0.182114 -0.127054
v -0.091764 -0.200039 -0.129460
v -0.091764 -0.200039 -0.129460
v -0.120068 -0.182114 -0.127054
v -0.116440 -0.178789 -0.101971
v -0.088137 -0.196715 -0.104377
v -0.031430 -0.224885 0.115825
v -0.046616 -0.195667 0.123620
v -0.054828 -0.206218 0.143139
v -0.041662 -0.231551 0.136380
v -0.009186 -0.202654 0.082236
v -0.021009 -0.179908 0.088305
v -0.031541 -0.185196 0.109776
v -0.016355 -0.214414 0.101981
v -0.016355 -0.214414 0.101981
v -0.031541 -0.185196 0.109776
v -0.046616 -0.195667 0.123620
v -0.031430 -0.224885 0.115825
v -0.148559 -0.048379 -0.035457
v -0.162468 -0.065492 -0.007076
v -0.175008 -0.049217 -0.005421
v -0.162948 -0.034380 -0.030028
v -0.128086 -0.083097 -0.044926
v -0.138914 -0.096418 -0.022833
v -0.154393 -0.083279 -0.016559
v -0.140484 -0.066167 -0.044939
v -0.140484 -0.066167 -0.044939
v -0.154393 -0.083279 -0.016559
v -0.162468 -0.065492 -0.007076
v -0.148559 -0.048379 -0.035457
v 0.030768 -0.149318 -0.055155
v 0.006574 -0.137092 -0.075364
v -0.004828 -0.143848 -0.057237
v 0.016150 -0.154449 -0.039714
v 0.054473 -0.130058 -0.086474
v 0.035639 -0.120540 -0.102206
v 0.019894 -0.124694 -0.087199
v 0.044088 -0.136920 -0.066990
v 0.044088 -0.136920 -0.066990
v 0.019894 -0.124694 -0.087199
v 0.006574 -0.137092 -0.075364
v 0.030768 -0.149318 -0.055155
v -0.326089 -0.022267 0.045147
v -0.332663 0.013683 0.041377
v -0.344734 0.007326 0.019178
v -0.339034 -0.023844 0.022446
v -0.308879 -0.011295 0.094305
v -0.313996 0.016691 0.091370
v -0.327868 0.016607 0.068725
v -0.321294 -0.019344 0.072495
v -0.321294 -0.019344 0.072495
v -0.327868 0.016607 0.068725
v -0.332663 0.013683 0.041377
v -0.326089 -0.022267 0.045147
v 0.001869 -0.267183 0.086074
v -0.005206 -0.234705 0.082790
v 0.013612 -0.232101 0.093623
v 0.019746 -0.260262 0.096470
v -0.031796 -0.272823 0.056956
v -0.037303 -0.247540 0.054400
v -0.019322 -0.239127 0.064129
v -0.012247 -0.271605 0.067412
v -0.012247 -0.271605 0.067412
v -0.019322 -0.239127 0.064129
v -0.005206 -0.234705 0.082790
v 0.001869 -0.267183 0.086074
v -0.197390 -0.128428 0.137174
v -0.198670 -0.114851 0.165933
v -0.182807 -0.122009 0.169143
v -0.181697 -0.133780 0.144208
v -0.225910 -0.109700 0.127197
v -0.226906 -0.099130 0.149586
v -0.210919 -0.103552 0.157696
v -0.209639 -0.117129 0.128937
v -0.209639 -0.117129 0.128937
v -0.210919 -0.103552 0.157696
v -0.198670 -0.114851 0.165933
v -0.197390 -0.128428 0.137174
v -0.109549 -0.227176 0.098756
v -0.070077 -0.210998 0.108236
v -0.061359 -0.233882 0.093582
v -0.095583 -0.247908 0.085362
v -0.127629 -0.177947 0.117366
v -0.096901 -0.165353 0.124746
v -0.081096 -0.185209 0.110857
v -0.120568 -0.201387 0.101377
v -0.120568 -0.201387 0.101377
v -0.081096 -0.185209 0.110857
v -0.070077 -0.210998 0.108236
v -0.109549 -0.227176 0.098756
v -0.079782 -0.236035 0.110037
v -0.087097 -0.196020 0.094941
v -0.065873 -0.190202 0.113355
v -0.059531 -0.224897 0.126444
v -0.115635 -0.249579 0.065390
v -0.121329 -0.218428 0.053638
v -0.100762 -0.205544 0.068848
v -0.093449 -0.245559 0.083943
v -0.093449 -0.245559 0.083943
v -0.100762 -0.205544 0.068848
v -0.087097 -0.196020 0.094941
v -0.079782 -0.236035 0.110037
v -0.099314 -0.218769 -0.135548
v -0.093063 -0.210425 -0.105299
v -0.085403 -0.197074 -0.115022
v -0.090823 -0.204307 -0.141250
v -0.119740 -0.242051 -0.116729
v -0.114873 -0.235556 -0.093180
v -0.106443 -0.220352 -0.097589
v -0.112695 -0.228695 -0.127838
v -0.112695 -0.228695 -0.127838
v -0.106443 -0.220352 -0.097589
v -0.093063 -0.210425 -0.105299
v -0.099314 -0.218769 -0.135548
v -0.105995 0.025344 0.149257
v -0.113624 0.006095 0.119130
v -0.115318 0.024044 0.106990
v -0.108703 0.040735 0.133112
v -0.095487 -0.009962 0.171591
v -0.101426 -0.024947 0.148137
v -0.103940 -0.010289 0.130361
v -0.096311 0.008961 0.160488
v -0.096311 0.008961 0.160488
v -0.103940 -0.010289 0.130361
v -0.113624 0.006095 0.119130
v -0.105995 0.025344 0.149257
v 0.031106 -0.085389 0.051804
v 0.012652 -0.066690 0.042083
v 0.001182 -0.079471 0.045404
v 0.017182 -0.095684 0.053833
v 0.053370 -0.058751 0.052287
v 0.039004 -0.044193 0.044720
v 0.024096 -0.053618 0.046878
v 0.042550 -0.072317 0.056599
v 0.042550 -0.072317 0.056599
v 0.024096 -0.053618 0.046878
v 0.012652 -0.066690 0.042083
v 0.031106 -0.085389 0.051804
v -0.011913 -0.076974 0.117966
v -0.022547 -0.036922 0.134610
v -0.026126 -0.031603 0.102755
v -0.016906 -0.066330 0.088324
v -0.013935 -0.090950 0.181131
v -0.022214 -0.059770 0.194088
v -0.028446 -0.047493 0.164971
v -0.017812 -0.087545 0.148327
v -0.017812 -0.087545 0.148327
v -0.028446 -0.047493 0.164971
v -0.022547 -0.036922 0.134610
v -0.011913 -0.076974 0.117966
v -0.201982 -0.155807 0.138548
v -0.200057 -0.126763 0.149188
v -0.213283 -0.132024 0.164543
v -0.214953 -0.157207 0.155318
v -0.171095 -0.147700 0.113244
v -0.169596 -0.125089 0.121527
v -0.182214 -0.125364 0.139315
v -0.184140 -0.154409 0.128675
v -0.184140 -0.154409 0.128675
v -0.182214 -0.125364 0.139315
v -0.200057 -0.126763 0.149188
v -0.201982 -0.155807 0.138548
v 0.119621 -0.196256 0.052789
v 0.099647 -0.190815 0.025372
v 0.090736 -0.179281 0.040953
v 0.108054 -0.183999 0.064725
v 0.141393 -0.213734 0.020242
v 0.125844 -0.209498 -0.001102
v 0.113602 -0.196475 0.009552
v 0.133576 -0.201916 0.036969
v 0.133576 -0.201916 0.036969
v 0.113602 -0.196475 0.009552
v 0.099647 -0.190815 0.025372
v 0.119621 -0.196256 0.052789
v -0.216096 -0.180745 0.006073
v -0.177319 -0.201034 0.015704
v -0.167630 -0.174794 0.019339
v -0.201251 -0.157201 0.010989
v -0.238116 -0.232284 0.010099
v -0.207930 -0.248079 0.017597
v -0.191429 -0.225234 0.023871
v -0.230206 -0.204945 0.014240
v -0.230206 -0.204945 0.014240
v -0.191429 -0.225234 0.023871
v -0.177319 -0.201034 0.015704
v -0.216096 -0.180745 0.006073
v -0.206109 -0.188374 0.079508
v -0.202545 -0.205300 0.051248
v -0.186163 -0.209492 0.060525
v -0.189253 -0.194816 0.085028
v -0.241192 -0.184794 0.065533
v -0.238417 -0.197971 0.043532
v -0.221472 -0.205604 0.048159
v -0.225036 -0.188678 0.076419
v -0.225036 -0.188678 0.076419
v -0.221472 -0.205604 0.048159
v -0.202545 -0.205300 0.051248
v -0.206109 -0.188374 0.079508
v 0.155936 -0.081846 0.096830
v 0.124789 -0.103089 0.082215
v 0.130461 -0.117813 0.105291
v 0.157468 -0.099394 0.117963
v 0.140109 -0.047685 0.057809
v 0.115861 -0.064223 0.046431
v 0.115630 -0.082482 0.067594
v 0.146777 -0.061238 0.082209
v 0.146777 -0.061238 0.082209
v 0.115630 -0.082482 0.067594
v 0.124789 -0.103089 0.082215
v 0.155936 -0.081846 0.096830
v -0.134190 -0.037869 -0.073526
v -0.144864 -0.040914 -0.049415
v -0.131425 -0.044325 -0.043761
v -0.122170 -0.041685 -0.064666
v -0.159583 -0.026165 -0.083743
v -0.167892 -0.028537 -0.064972
v -0.156164 -0.032132 -0.054870
v -0.145490 -0.029087 -0.078982
v -0.145490 -0.029087 -0.078982
v -0.156164 -0.032132 -0.054870
v -0.144864 -0.040914 -0.049415
v -0.134190 -0.037869 -0.073526
v -0.190875 -0.198144 0.084654
v -0.179311 -0.178088 0.089305
v -0.168616 -0.184506 0.079776
v -0.178642 -0.201896 0.075743
v -0.214193 -0.183894 0.098182
v -0.205191 -0.168280 0.101803
v -0.192502 -0.171029 0.092612
v -0.204067 -0.191086 0.087961
v -0.204067 -0.191086 0.087961
v -0.192502 -0.171029 0.092612
v -0.179311 -0.178088 0.089305
v -0.190875 -0.198144 0.084654
v -0.105034 -0.299385 -0.020626
v -0.081442 -0.302404 -0.018635
v -0.082179 -0.303993 -0.036357
v -0.102635 -0.301375 -0.038084
v -0.103348 -0.290999 0.013506
v -0.084981 -0.293350 0.015056
v -0.081475 -0.295081 -0.002526
v -0.105068 -0.292062 -0.004517
v -0.105068 -0.292062 -0.004517
v -0.081475 -0.295081 -0.002526
v -0.081442 -0.302404 -0.018635
v -0.105034 -0.299385 -0.020626
v -0.114723 -0.202057 -0.130191
v -0.104427 -0.220059 -0.117040
v -0.118112 -0.225881 -0.117114
v -0.127039 -0.210273 -0.128517
v -0.087019 -0.192508 -0.135737
v -0.079003 -0.206522 -0.125499
v -0.090903 -0.215776 -0.123661
v -0.101200 -0.197776 -0.136813
v -0.101200 -0.197776 -0.136813
v -0.090903 -0.215776 -0.123661
v -0.104427 -0.220059 -0.117040
v -0.114723 -0.202057 -0.130191
v 0.091721 -0.183264 0.095287
v 0.103372 -0.196125 0.067523
v 0.113349 -0.205387 0.082256
v 0.103247 -0.194236 0.106329
v 0.067305 -0.169361 0.067149
v 0.076375 -0.179373 0.045535
v 0.088156 -0.191365 0.055486
v 0.076504 -0.178504 0.083250
v 0.076504 -0.178504 0.083250
v 0.088156 -0.191365 0.055486
v 0.103372 -0.196125 0.067523
v 0.091721 -0.183264 0.095287
v -0.085877 -0.019411 0.123319
v -0.110447 -0.035708 0.107149
v -0.117271 -0.037297 0.130006
v -0.095967 -0.023167 0.144026
v -0.075604 -0.009804 0.077748
v -0.094731 -0.022490 0.065161
v -0.106273 -0.026508 0.085275
v -0.081703 -0.010213 0.101444
v -0.081703 -0.010213 0.101444
v -0.106273 -0.026508 0.085275
v -0.110447 -0.035708 0.107149
v -0.085877 -0.019411 0.123319
v 0.043925 -0.227738 -0.009225
v 0.063516 -0.218764 0.005358
v 0.056284 -0.204964 0.003136
v 0.039298 -0.212745 -0.009508
v 0.055107 -0.255809 0.000487
v 0.070358 -0.248823 0.011840
v 0.066338 -0.233361 0.012633
v 0.046746 -0.242336 -0.001950
v 0.046746 -0.242336 -0.001950
v 0.066338 -0.233361 0.012633
v 0.063516 -0.218764 0.005358
v 0.043925 -0.227738 -0.009225
v -0.225475 -0.077719 0.029082
v -0.227110 -0.056950 0.014166
v -0.216902 -0.063706 0.003120
v -0.215485 -0.081714 0.016053
v -0.249562 -0.066925 0.047670
v -0.250834 -0.050757 0.036058
v -0.241142 -0.054043 0.021990
v -0.239507 -0.074812 0.036907
v -0.239507 -0.074812 0.036907
v -0.241142 -0.054043 0.021990
v -0.227110 -0.056950 0.014166
v -0.225475 -0.077719 0.029082
v 0.166484 -0.089577 0.065729
v 0.176369 -0.116435 0.075296
v 0.160072 -0.122415 0.066751
v 0.151502 -0.099129 0.058455
v 0.201215 -0.077987 0.075385
v 0.208910 -0.098895 0.082833
v 0.194451 -0.109762 0.075364
v 0.184567 -0.082905 0.065797
v 0.184567 -0.082905 0.065797
v 0.194451 -0.109762 0.075364
v 0.176369 -0.116435 0.075296
v 0.166484 -0.089577 0.065729
v -0.121657 -0.067506 -0.052189
v -0.119582 -0.058551 -0.078394
v -0.123753 -0.072471 -0.083479
v -0.125554 -0.080234 -0.060759
v -0.118585 -0.038810 -0.041512
v -0.116969 -0.031839 -0.061912
v -0.121209 -0.044175 -0.071692
v -0.123285 -0.053129 -0.045487
v -0.123285 -0.053129 -0.045487
v -0.121209 -0.044175 -0.071692
v -0.119582 -0.058551 -0.078394
v -0.121657 -0.067506 -0.052189
v -0.009481 0.000095 0.090444
v -0.040377 0.005681 0.089620
v -0.041138 -0.008546 0.105987
v -0.014350 -0.013389 0.106701
v -0.006609 0.032770 0.064152
v -0.030661 0.037118 0.063511
v -0.036864 0.024133 0.080342
v -0.005968 0.018548 0.081165
v -0.005968 0.018548 0.081165
v -0.036864 0.024133 0.080342
v -0.040377 0.005681 0.089620
v -0.009481 0.000095 0.090444
v 0.036314 -0.192076 -0.120779
v 0.011435 -0.210882 -0.083620
v 0.031028 -0.200957 -0.063110
v 0.052599 -0.184651 -0.095329
v -0.006808 -0.202899 -0.160728
v -0.026176 -0.217539 -0.131800
v -0.011230 -0.210215 -0.104408
v 0.013649 -0.191408 -0.141567
v 0.013649 -0.191408 -0.141567
v -0.011230 -0.210215 -0.104408
v 0.011435 -0.210882 -0.083620
v 0.036314 -0.192076 -0.120779
v -0.111508 -0.275693 0.054068
v -0.146436 -0.257822 0.028666
v -0.157349 -0.255406 0.059404
v -0.127065 -0.270902 0.081429
v -0.085274 -0.271815 -0.004865
v -0.112465 -0.257901 -0.024640
v -0.129369 -0.251580 0.001938
v -0.094441 -0.269452 0.027341
v -0.094441 -0.269452 0.027341
v -0.129369 -0.251580 0.001938
v -0.146436 -0.257822 0.028666
v -0.111508 -0.275693 0.054068
v -0.062483 -0.139068 0.143958
v -0.073081 -0.141276 0.168556
v -0.062698 -0.131743 0.173946
v -0.053508 -0.129828 0.152617
v -0.085829 -0.153812 0.131472
v -0.094080 -0.155531 0.150623
v -0.085733 -0.145992 0.160325
v -0.075134 -0.143784 0.135726
v -0.075134 -0.143784 0.135726
v -0.085733 -0.145992 0.160325
v -0.073081 -0.141276 0.168556
v -0.062483 -0.139068 0.143958
v 0.051420 0.012742 0.016213
v 0.047052 0.003915 -0.020512
v 0.037366 0.022008 -0.022304
v 0.041154 0.029662 0.009538
v 0.076781 -0.019497 0.018368
v 0.073381 -0.026370 -0.010222
v 0.063320 -0.009433 -0.018727
v 0.067688 -0.000606 0.017998
v 0.067688 -0.000606 0.017998
v 0.063320 -0.009433 -0.018727
v 0.047052 0.003915 -0.020512
v 0.051420 0.012742 0.016213
v -0.019722 -0.285806 -0.064797
v -0.013127 -0.302963 -0.040297
v 0.001125 -0.306149 -0.051710
v -0.004593 -0.291273 -0.072954
v -0.044949 -0.274632 -0.039466
v -0.039815 -0.287988 -0.020393
v -0.024031 -0.293895 -0.027288
v -0.030626 -0.276739 -0.051788
v -0.030626 -0.276739 -0.051788
v -0.024031 -0.293895 -0.027288
v -0.013127 -0.302963 -0.040297
v -0.019722 -0.285806 -0.064797
v -0.042970 -0.264168 -0.073847
v -0.021987 -0.266463 -0.092890
v -0.032602 -0.260881 -0.106776
v -0.050795 -0.258891 -0.090266
v -0.020955 -0.269572 -0.044687
v -0.004620 -0.271358 -0.059512
v -0.011478 -0.265699 -0.076795
v -0.032461 -0.263404 -0.057753
v -0.032461 -0.263404 -0.057753
v -0.011478 -0.265699 -0.076795
v -0.021987 -0.266463 -0.092890
v -0.042970 -0.264168 -0.073847
v 0.043774 -0.280204 -0.013697
v 0.019161 -0.285203 -0.018624
v 0.019479 -0.290737 -0.000738
v 0.040821 -0.286402 0.003534
v 0.042275 -0.264091 -0.046530
v 0.023114 -0.267982 -0.050366
v 0.018952 -0.274052 -0.033018
v 0.043566 -0.269053 -0.028090
v 0.043566 -0.269053 -0.028090
v 0.018952 -0.274052 -0.033018
v 0.019161 -0.285203 -0.018624
v 0.043774 -0.280204 -0.013697
v 0.011822 0.007639 -0.158055
v 0.042554 0.001218 -0.141790
v 0.041780 0.022079 -0.134927
v 0.015133 0.027646 -0.149030
v 0.009401 -0.035215 -0.164142
v 0.033326 -0.040214 -0.151480
v 0.037748 -0.020459 -0.141056
v 0.007016 -0.014038 -0.157320
v 0.007016 -0.014038 -0.157320
v 0.037748 -0.020459 -0.141056
v 0.042554 0.001218 -0.141790
v 0.011822 0.007639 -0.158055
v -0.061224 -0.097164 0.075114
v -0.050717 -0.084471 0.047956
v -0.062304 -0.094868 0.037603
v -0.071414 -0.105874 0.061150
v -0.042997 -0.072501 0.096586
v -0.034817 -0.062620 0.075444
v -0.044983 -0.070503 0.060212
v -0.055490 -0.083196 0.087369
v -0.055490 -0.083196 0.087369
v -0.044983 -0.070503 0.060212
v -0.050717 -0.084471 0.047956
v -0.061224 -0.097164 0.075114
v -0.090501 -0.240816 -0.056679
v -0.056226 -0.260081 -0.045812
v -0.050599 -0.256163 -0.074916
v -0.080319 -0.239460 -0.084339
v -0.098438 -0.240336 0.002869
v -0.071754 -0.255333 0.011329
v -0.059683 -0.254193 -0.015908
v -0.093959 -0.234928 -0.026775
v -0.093959 -0.234928 -0.026775
v -0.059683 -0.254193 -0.015908
v -0.056226 -0.260081 -0.045812
v -0.090501 -0.240816 -0.056679
v 0.104442 -0.118141 -0.115620
v 0.124500 -0.139958 -0.142122
v 0.108762 -0.133581 -0.161319
v 0.091371 -0.114665 -0.138340
v 0.139712 -0.123824 -0.079739
v 0.155328 -0.140809 -0.100370
v 0.143385 -0.137749 -0.124643
v 0.123326 -0.115932 -0.098141
v 0.123326 -0.115932 -0.098141
v 0.143385 -0.137749 -0.124643
v 0.124500 -0.139958 -0.142122
v 0.104442 -0.118141 -0.115620
v -0.135521 -0.271410 -0.039026
v -0.103180 -0.291841 -0.016517
v -0.089422 -0.284711 -0.042697
v -0.117462 -0.266996 -0.062214
v -0.160629 -0.276975 0.017025
v -0.135453 -0.292880 0.034548
v -0.115614 -0.288685 0.012527
v -0.147954 -0.268254 -0.009982
v -0.147954 -0.268254 -0.009982
v -0.115614 -0.288685 0.012527
v -0.103180 -0.291841 -0.016517
v -0.135521 -0.271410 -0.039026
v 0.049110 -0.232052 -0.013708
v 0.062070 -0.214126 -0.043589
v 0.042566 -0.205855 -0.044978
v 0.031328 -0.221397 -0.019070
v 0.089194 -0.243358 -0.004702
v 0.099283 -0.229403 -0.027964
v 0.082063 -0.217451 -0.034234
v 0.069103 -0.235376 -0.004352
v 0.069103 -0.235376 -0.004352
v 0.082063 -0.217451 -0.034234
v 0.062070 -0.214126 -0.043589
v 0.049110 -0.232052 -0.013708
v -0.003689 -0.149318 0.081015
v 0.023465 -0.137092 0.067035
v 0.016297 -0.143848 0.046088
v -0.007247 -0.154449 0.058209
v 0.006612 -0.130058 0.121258
v 0.027751 -0.120540 0.110375
v 0.025092 -0.124694 0.086656
v -0.002061 -0.136920 0.100636
v -0.002061 -0.136920 0.100636
v 0.025092 -0.124694 0.086656
v 0.023465 -0.137092 0.067035
v -0.003689 -0.149318 0.081015
v 0.154317 -0.317268 -0.057315
v 0.126976 -0.301090 -0.022308
v 0.133029 -0.323973 -0.005880
v 0.156735 -0.338001 -0.036232
v 0.150270 -0.268040 -0.085269
v 0.128985 -0.255445 -0.058016
v 0.130805 -0.275301 -0.034816
v 0.158146 -0.291479 -0.069823
v 0.158146 -0.291479 -0.069823
v 0.130805 -0.275301 -0.034816
v 0.126976 -0.301090 -0.022308
v 0.154317 -0.317268 -0.057315
v -0.065549 -0.236035 -0.116597
v -0.050853 -0.196020 -0.116157
v -0.075168 -0.190202 -0.104249
v -0.087910 -0.224897 -0.104630
v -0.014697 -0.249579 -0.129681
v -0.003257 -0.218428 -0.129338
v -0.024918 -0.205544 -0.116432
v -0.039614 -0.245558 -0.116871
v -0.039614 -0.245558 -0.116871
v -0.024918 -0.205544 -0.116432
v -0.050853 -0.196020 -0.116157
v -0.065549 -0.236035 -0.116597
v 0.095233 -0.037869 -0.076315
v 0.083367 -0.040914 -0.099634
v 0.072307 -0.044325 -0.088974
v 0.082594 -0.041685 -0.068756
v 0.115795 -0.026165 -0.096697
v 0.106558 -0.028537 -0.114850
v 0.093175 -0.032132 -0.108232
v 0.105039 -0.029087 -0.084914
v 0.105039 -0.029087 -0.084914
v 0.093175 -0.032132 -0.108232
v 0.083367 -0.040914 -0.099634
v 0.095233 -0.037869 -0.076315
v -0.023274 -0.299385 -0.039517
v -0.036963 -0.302404 -0.016685
v -0.023785 -0.303993 -0.008228
v -0.011916 -0.301375 -0.028025
v -0.048793 -0.290999 -0.055535
v -0.059449 -0.293350 -0.037761
v -0.048577 -0.295081 -0.025084
v -0.034887 -0.292062 -0.047915
v -0.034887 -0.292062 -0.047915
v -0.048577 -0.295081 -0.025084
v -0.036963 -0.302404 -0.016685
v -0.023274 -0.299385 -0.039517
v -0.143958 -0.183264 0.064554
v -0.129963 -0.196125 0.090758
v -0.145780 -0.205387 0.093199
v -0.157915 -0.194236 0.070480
v -0.110964 -0.169361 0.054466
v -0.100069 -0.179373 0.074865
v -0.113370 -0.191365 0.081615
v -0.127366 -0.178504 0.055412
v -0.127366 -0.178504 0.055412
v -0.113370 -0.191365 0.081615
v -0.129963 -0.196125 0.090758
v -0.143958 -0.183264 0.064554
v -0.043683 -0.227738 0.070474
v -0.064385 -0.218764 0.082720
v -0.059024 -0.204964 0.076559
v -0.041076 -0.212745 0.065941
v -0.056501 -0.255809 0.076743
v -0.072617 -0.248823 0.086276
v -0.071102 -0.233361 0.081797
v -0.050400 -0.242336 0.069551
v -0.050400 -0.242336 0.069551
v -0.071102 -0.233361 0.081797
v -0.064385 -0.218764 0.082720
v -0.043683 -0.227738 0.070474
v 0.073320 -0.067506 -0.074717
v 0.091161 -0.058551 -0.059010
v 0.096999 -0.072471 -0.060589
v 0.081530 -0.080234 -0.074208
v 0.064015 -0.038810 -0.077153
v 0.077905 -0.031839 -0.064925
v 0.087167 -0.044175 -0.064136
v 0.069326 -0.053129 -0.079844
v 0.069326 -0.053129 -0.079844
v 0.087167 -0.044175 -0.064136
v 0.091161 -0.058551 -0.059010
v 0.073320 -0.067506 -0.074717
v -0.265824 -0.090463 0.059962
v -0.250441 -0.106707 0.096644
v -0.229693 -0.098134 0.086063
v -0.243032 -0.084050 0.054258
v -0.308060 -0.099810 0.085160
v -0.296084 -0.112456 0.113717
v -0.272502 -0.106130 0.109966
v -0.287885 -0.089886 0.073283
v -0.287885 -0.089886 0.073283
v -0.272502 -0.106130 0.109966
v -0.250441 -0.106707 0.096644
v -0.265824 -0.090463 0.059962
v -0.113208 -0.190374 0.118224
v -0.142827 -0.174938 0.141192
v -0.126546 -0.172852 0.162593
v -0.100866 -0.186237 0.142679
v -0.142470 -0.187025 0.072280
v -0.165527 -0.175007 0.090161
v -0.154196 -0.169547 0.115573
v -0.124578 -0.184984 0.092605
v -0.124578 -0.184984 0.092605
v -0.154196 -0.169547 0.115573
v -0.142827 -0.174938 0.141192
v -0.113208 -0.190374 0.118224
v -0.053329 -0.186109 0.117899
v -0.040986 -0.188017 0.136752
v -0.033609 -0.179781 0.129128
v -0.044310 -0.178127 0.112782
v -0.070159 -0.198844 0.134904
v -0.060550 -0.200329 0.149581
v -0.051074 -0.192089 0.145428
v -0.063417 -0.190182 0.126576
v -0.063417 -0.190182 0.126576
v -0.051074 -0.192089 0.145428
v -0.040986 -0.188017 0.136752
v -0.053329 -0.186109 0.117899
v -0.095778 -0.007868 0.085261
v -0.121632 -0.015492 0.075794
v -0.126377 0.000136 0.084094
v -0.103961 0.006747 0.092303
v -0.085027 -0.035714 0.062591
v -0.105154 -0.041650 0.055221
v -0.114469 -0.027021 0.061400
v -0.088616 -0.019397 0.070867
v -0.088616 -0.019397 0.070867
v -0.114469 -0.027021 0.061400
v -0.121632 -0.015492 0.075794
v -0.095778 -0.007868 0.085261
v -0.175430 -0.173646 0.121277
v -0.156828 -0.188465 0.124188
v -0.159122 -0.191217 0.106805
v -0.175251 -0.178368 0.104282
v -0.167984 -0.163994 0.153931
v -0.153503 -0.175531 0.156197
v -0.152250 -0.180633 0.139059
v -0.170852 -0.165814 0.136148
v -0.170852 -0.165814 0.136148
v -0.152250 -0.180633 0.139059
v -0.156828 -0.188465 0.124188
v -0.175430 -0.173646 0.121277
v -0.207565 -0.152732 0.055999
v -0.212421 -0.154715 0.029585
v -0.225493 -0.149893 0.034297
v -0.221284 -0.148174 0.057200
v -0.180215 -0.157400 0.046359
v -0.183996 -0.158942 0.025796
v -0.197929 -0.154054 0.025783
v -0.193074 -0.152072 0.052197
v -0.193074 -0.152072 0.052197
v -0.197929 -0.154054 0.025783
v -0.212421 -0.154715 0.029585
v -0.207565 -0.152732 0.055999
v -0.118338 -0.260899 0.081333
v -0.130643 -0.265217 0.102290
v -0.118717 -0.269996 0.108573
v -0.108047 -0.266252 0.090402
v -0.140567 -0.246981 0.070643
v -0.150147 -0.250343 0.086958
v -0.140224 -0.255585 0.097189
v -0.127917 -0.251267 0.076231
v -0.127917 -0.251267 0.076231
v -0.140224 -0.255585 0.097189
v -0.130643 -0.265217 0.102290
v -0.118338 -0.260899 0.081333
v -0.225400 -0.012276 0.057796
v -0.203358 -0.017821 0.035348
v -0.199112 0.000198 0.038589
v -0.218224 0.005006 0.058052
v -0.230310 -0.049291 0.057796
v -0.213151 -0.053608 0.040321
v -0.204642 -0.036545 0.040064
v -0.226684 -0.030999 0.062512
v -0.226684 -0.030999 0.062512
v -0.204642 -0.036545 0.040064
v -0.203358 -0.017821 0.035348
v -0.225400 -0.012276 0.057796
v -0.098319 -0.102799 0.188455
v -0.112385 -0.091835 0.168746
v -0.123483 -0.100816 0.175657
v -0.111287 -0.110322 0.192746
v -0.077439 -0.081496 0.179491
v -0.088389 -0.072961 0.164148
v -0.102185 -0.079771 0.167949
v -0.088119 -0.090734 0.187658
v -0.088119 -0.090734 0.187658
v -0.102185 -0.079771 0.167949
v -0.112385 -0.091835 0.168746
v -0.098319 -0.102799 0.188455
v -0.196103 -0.134786 0.145073
v -0.176321 -0.151426 0.117361
v -0.193468 -0.148042 0.101452
v -0.210620 -0.133614 0.125480
v -0.159706 -0.134371 0.174317
v -0.144306 -0.147324 0.152744
v -0.157849 -0.146339 0.131558
v -0.177631 -0.129700 0.159270
v -0.177631 -0.129700 0.159270
v -0.157849 -0.146339 0.131558
v -0.176321 -0.151426 0.117361
v -0.196103 -0.134786 0.145073
v -0.143611 -0.251992 0.005889
v -0.105654 -0.247676 -0.003317
v -0.113765 -0.237186 -0.027908
v -0.146676 -0.240927 -0.019926
v -0.128487 -0.265024 0.059086
v -0.098937 -0.261664 0.051919
v -0.100377 -0.249707 0.025834
v -0.138335 -0.254022 0.035040
v -0.138335 -0.254022 0.035040
v -0.100377 -0.249707 0.025834
v -0.105654 -0.247676 -0.003317
v -0.143611 -0.251992 0.005889
v -0.215345 -0.120917 -0.041261
v -0.225465 -0.139762 -0.069564
v -0.243929 -0.134253 -0.062066
v -0.235154 -0.117915 -0.037525
v -0.178683 -0.125826 -0.060692
v -0.186561 -0.140497 -0.082726
v -0.206979 -0.137854 -0.080606
v -0.196859 -0.119009 -0.052302
v -0.196859 -0.119009 -0.052302
v -0.206979 -0.137854 -0.080606
v -0.225465 -0.139762 -0.069564
v -0.215345 -0.120917 -0.041261
v -0.168163 -0.091986 0.122493
v -0.141406 -0.109633 0.100854
v -0.153632 -0.103474 0.078497
v -0.176830 -0.088173 0.097259
v -0.140391 -0.096792 0.166336
v -0.119561 -0.110530 0.149491
v -0.126804 -0.106908 0.123039
v -0.153560 -0.089260 0.144678
v -0.153560 -0.089260 0.144678
v -0.126804 -0.106908 0.123039
v -0.141406 -0.109633 0.100854
v -0.168163 -0.091986 0.122493
v -0.100021 -0.219307 0.035242
v -0.114984 -0.203825 0.012262
v -0.123075 -0.196679 0.029795
v -0.110102 -0.210104 0.049719
v -0.079333 -0.229073 0.001473
v -0.090980 -0.217020 -0.016416
v -0.101453 -0.206695 -0.002792
v -0.086492 -0.222178 0.020188
v -0.086492 -0.222178 0.020188
v -0.101453 -0.206695 -0.002792
v -0.114984 -0.203825 0.012262
v -0.100021 -0.219307 0.035242
v -0.073262 -0.147846 0.160075
v -0.072505 -0.137286 0.129813
v -0.088971 -0.143121 0.128740
v -0.089628 -0.152278 0.154978
v -0.042903 -0.131210 0.165347
v -0.042313 -0.122990 0.141788
v -0.058952 -0.126578 0.135524
v -0.059709 -0.137138 0.165786
v -0.059709 -0.137138 0.165786
v -0.058952 -0.126578 0.135524
v -0.072505 -0.137286 0.129813
v -0.073262 -0.147846 0.160075
v -0.233818 -0.137374 0.113865
v -0.220761 -0.123400 0.152034
v -0.207688 -0.143165 0.152477
v -0.219009 -0.155282 0.119383
v -0.253763 -0.094853 0.107328
v -0.243598 -0.083975 0.137042
v -0.227611 -0.101126 0.143891
v -0.240668 -0.115099 0.105722
v -0.240668 -0.115099 0.105722
v -0.227611 -0.101126 0.143891
v -0.220761 -0.123400 0.152034
v -0.233818 -0.137374 0.113865
v -0.226486 -0.097910 0.144619
v -0.220789 -0.063348 0.131185
v -0.221871 -0.058322 0.158059
v -0.226809 -0.088290 0.169706
v -0.216421 -0.109609 0.092764
v -0.211986 -0.082703 0.082306
v -0.211432 -0.071573 0.107092
v -0.217128 -0.106136 0.120525
v -0.217128 -0.106136 0.120525
v -0.211432 -0.071573 0.107092
v -0.220789 -0.063348 0.131185
v -0.226486 -0.097910 0.144619
v -0.228243 -0.162069 -0.021161
v -0.215610 -0.179594 0.016487
v -0.213201 -0.156928 0.026480
v -0.224154 -0.141733 -0.006163
v -0.241194 -0.206586 -0.038012
v -0.231360 -0.220228 -0.008704
v -0.227308 -0.200497 0.008354
v -0.239941 -0.182972 -0.029294
v -0.239941 -0.182972 -0.029294
v -0.227308 -0.200497 0.008354
v -0.215610 -0.179594 0.016487
v -0.228243 -0.162069 -0.021161
v -0.140754 -0.051583 0.010698
v -0.160514 -0.054212 0.013097
v -0.157545 -0.057159 0.027250
v -0.140412 -0.054878 0.025170
v -0.146648 -0.041474 -0.015820
v -0.162031 -0.043522 -0.013952
v -0.162584 -0.046628 0.000863
v -0.142824 -0.043997 -0.001537
v -0.142824 -0.043997 -0.001537
v -0.162584 -0.046628 0.000863
v -0.160514 -0.054212 0.013097
v -0.140754 -0.051583 0.010698
v -0.159033 -0.277466 0.060780
v -0.148994 -0.280074 0.081841
v -0.138564 -0.281446 0.072760
v -0.147269 -0.279185 0.054499
v -0.178996 -0.270224 0.078495
v -0.171179 -0.272254 0.094890
v -0.158810 -0.273749 0.089495
v -0.168850 -0.271141 0.068434
v -0.168850 -0.271141 0.068434
v -0.158810 -0.273749 0.089495
v -0.148994 -0.280074 0.081841
v -0.159033 -0.277466 0.060780
v -0.135721 -0.177168 0.141392
v -0.113273 -0.188276 0.138083
v -0.117479 -0.196275 0.153613
v -0.136942 -0.186644 0.156482
v -0.130246 -0.165158 0.107159
v -0.112771 -0.173807 0.104583
v -0.113206 -0.184164 0.119371
v -0.135655 -0.173056 0.122680
v -0.135655 -0.173056 0.122680
v -0.113206 -0.184164 0.119371
v -0.113273 -0.188276 0.138083
v -0.135721 -0.177168 0.141392
v -0.094931 -0.054264 0.159061
v -0.094460 -0.046513 0.182716
v -0.096556 -0.034593 0.175492
v -0.096965 -0.041314 0.154982
v -0.095507 -0.078510 0.173224
v -0.095140 -0.072476 0.191639
v -0.097540 -0.059121 0.188590
v -0.098011 -0.066873 0.164935
v -0.098011 -0.066873 0.164935
v -0.097540 -0.059121 0.188590
v -0.094460 -0.046513 0.182716
v -0.094931 -0.054264 0.159061
v -0.147759 -0.077180 0.031557
v -0.130826 -0.069446 0.020829
v -0.129722 -0.081469 0.014848
v -0.144403 -0.088176 0.024149
v -0.152789 -0.052395 0.039268
v -0.139607 -0.046374 0.030917
v -0.135679 -0.057030 0.022638
v -0.152612 -0.064764 0.033366
v -0.152612 -0.064764 0.033366
v -0.135679 -0.057030 0.022638
v -0.130826 -0.069446 0.020829
v -0.147759 -0.077180 0.031557
v -0.185489 0.176292 0.097714
v -0.184934 0.190783 0.054611
v -0.201829 0.173212 0.049349
v -0.202311 0.160648 0.086721
v -0.158588 0.216122 0.111430
v -0.158156 0.227403 0.077875
v -0.175602 0.212687 0.065097
v -0.176157 0.198197 0.108200
v -0.176157 0.198197 0.108200
v -0.175602 0.212687 0.065097
v -0.184934 0.190783 0.054611
v -0.185489 0.176292 0.097714
v -0.047540 0.259510 -0.142734
v -0.042072 0.236041 -0.126122
v -0.026053 0.237686 -0.134614
v -0.030794 0.258034 -0.149018
v -0.077329 0.260079 -0.120602
v -0.073072 0.241809 -0.107670
v -0.055792 0.239558 -0.112833
v -0.061261 0.263026 -0.129445
v -0.061261 0.263026 -0.129445
v -0.055792 0.239558 -0.112833
v -0.042072 0.236041 -0.126122
v -0.047540 0.259510 -0.142734
v -0.132579 0.175628 0.088468
v -0.150395 0.179207 0.053884
v -0.153791 0.199434 0.062456
v -0.138344 0.196331 0.092443
v -0.119225 0.138097 0.068076
v -0.133095 0.140883 0.041153
v -0.139194 0.162112 0.043321
v -0.121378 0.158535 0.077905
v -0.121378 0.158535 0.077905
v -0.139194 0.162112 0.043321
v -0.150395 0.179207 0.053884
v -0.132579 0.175628 0.088468
v -0.038723 0.292172 -0.063690
v -0.056751 0.296047 -0.097203
v -0.072532 0.287461 -0.083526
v -0.056901 0.284102 -0.054469
v -0.009382 0.315815 -0.087262
v -0.023417 0.318831 -0.113351
v -0.042709 0.311394 -0.105302
v -0.024680 0.307520 -0.071789
v -0.024680 0.307520 -0.071789
v -0.042709 0.311394 -0.105302
v -0.056751 0.296047 -0.097203
v -0.038723 0.292172 -0.063690
v -0.040204 0.124383 0.004330
v -0.023271 0.126541 -0.028627
v -0.019884 0.145969 -0.021392
v -0.034565 0.144098 0.007183
v -0.041230 0.083985 -0.005138
v -0.028048 0.085665 -0.030795
v -0.021151 0.105484 -0.029033
v -0.038083 0.103326 0.003924
v -0.038083 0.103326 0.003924
v -0.021151 0.105484 -0.029033
v -0.023271 0.126541 -0.028627
v -0.040204 0.124383 0.004330
v 0.049639 0.096038 0.035244
v 0.026386 0.057911 0.033913
v 0.051874 0.045810 0.035352
v 0.072036 0.078868 0.036505
v -0.000513 0.120606 0.044137
v -0.018614 0.090925 0.043101
v 0.002931 0.071934 0.045235
v 0.026183 0.110062 0.046565
v 0.026183 0.110062 0.046565
v 0.002931 0.071934 0.045235
v 0.026386 0.057911 0.033913
v 0.049639 0.096038 0.035244
v -0.079968 0.148232 -0.073336
v -0.063211 0.153228 -0.122590
v -0.088449 0.165374 -0.129042
v -0.102978 0.161042 -0.086335
v -0.026918 0.133144 -0.056612
v -0.013874 0.137033 -0.094956
v -0.036067 0.150877 -0.109986
v -0.052823 0.145881 -0.060731
v -0.052823 0.145881 -0.060731
v -0.036067 0.150877 -0.109986
v -0.063211 0.153228 -0.122590
v -0.079968 0.148232 -0.073336
v -0.062606 0.275893 0.075135
v -0.077312 0.299374 0.081798
v -0.082365 0.298045 0.061566
v -0.069614 0.277685 0.055789
v -0.057278 0.274552 0.116843
v -0.068726 0.292832 0.122031
v -0.076825 0.295392 0.102962
v -0.062120 0.271911 0.096298
v -0.062120 0.271911 0.096298
v -0.076825 0.295392 0.102962
v -0.077312 0.299374 0.081798
v -0.062606 0.275893 0.075135
v -0.139947 0.160007 -0.135384
v -0.120837 0.150688 -0.151176
v -0.119495 0.165572 -0.157491
v -0.136065 0.173652 -0.143799
v -0.139484 0.132091 -0.117710
v -0.124607 0.124837 -0.130004
v -0.119582 0.138289 -0.138797
v -0.138691 0.147609 -0.123005
v -0.138691 0.147609 -0.123005
v -0.119582 0.138289 -0.138797
v -0.120837 0.150688 -0.151176
v -0.139947 0.160007 -0.135384
v -0.087071 0.220709 -0.132780
v -0.117716 0.218777 -0.109564
v -0.115726 0.241707 -0.108534
v -0.089156 0.243383 -0.128663
v -0.094736 0.176268 -0.143268
v -0.118593 0.174763 -0.125194
v -0.122378 0.197607 -0.120655
v -0.091733 0.199540 -0.143871
v -0.091733 0.199540 -0.143871
v -0.122378 0.197607 -0.120655
v -0.117716 0.218777 -0.109564
v -0.087071 0.220709 -0.132780
v -0.221275 0.120451 -0.123529
v -0.225134 0.144836 -0.109971
v -0.227062 0.150146 -0.129208
v -0.223716 0.129002 -0.140964
v -0.223320 0.108420 -0.085547
v -0.226325 0.127403 -0.074993
v -0.229421 0.137010 -0.091960
v -0.225562 0.112626 -0.105518
v -0.225562 0.112626 -0.105518
v -0.229421 0.137010 -0.091960
v -0.225134 0.144836 -0.109971
v -0.221275 0.120451 -0.123529
v 0.275031 0.120638 0.024704
v 0.235506 0.134493 0.024751
v 0.232733 0.118108 0.049152
v 0.267004 0.106095 0.049111
v 0.283684 0.159446 -0.016474
v 0.252915 0.170233 -0.016438
v 0.243277 0.156703 0.008728
v 0.282803 0.142847 0.008681
v 0.282803 0.142847 0.008681
v 0.243277 0.156703 0.008728
v 0.235506 0.134493 0.024751
v 0.275031 0.120638 0.024704
v 0.221353 0.042374 0.028450
v 0.200714 0.035654 0.046282
v 0.211087 0.039049 0.061248
v 0.228982 0.044876 0.045787
v 0.199546 0.041390 -0.001359
v 0.183479 0.036159 0.012524
v 0.190132 0.038827 0.030795
v 0.210770 0.045547 0.012963
v 0.210770 0.045547 0.012963
v 0.190132 0.038827 0.030795
v 0.200714 0.035654 0.046282
v 0.221353 0.042374 0.028450
v 0.158498 0.127093 0.089813
v 0.185437 0.123047 0.094412
v 0.187128 0.133485 0.078062
v 0.163771 0.136993 0.074074
v 0.154827 0.111486 0.126252
v 0.175798 0.108337 0.129832
v 0.182311 0.118529 0.114495
v 0.155372 0.122575 0.109897
v 0.155372 0.122575 0.109897
v 0.182311 0.118529 0.114495
v 0.185437 0.123047 0.094412
v 0.158498 0.127093 0.089813
v -0.019812 0.146753 0.110037
v -0.027127 0.186767 0.094941
v -0.005903 0.192586 0.113355
v 0.000439 0.157891 0.126444
v -0.055665 0.133209 0.065390
v -0.061359 0.164359 0.053638
v -0.040792 0.177244 0.068848
v -0.033479 0.137229 0.083943
v -0.033479 0.137229 0.083943
v -0.040792 0.177244 0.068848
v -0.027127 0.186767 0.094941
v -0.019812 0.146753 0.110037
v -0.130104 0.226266 0.091176
v -0.128179 0.255310 0.101815
v -0.141406 0.250049 0.117170
v -0.143075 0.224866 0.107945
v -0.099217 0.234373 0.065872
v -0.097719 0.256983 0.074155
v -0.110337 0.256709 0.091942
v -0.112262 0.227665 0.081303
v -0.112262 0.227665 0.081303
v -0.110337 0.256709 0.091942
v -0.128179 0.255310 0.101815
v -0.130104 0.226266 0.091176
v 0.236322 -0.041016 0.096830
v 0.205174 -0.062258 0.082215
v 0.210847 -0.076982 0.105291
v 0.237853 -0.058563 0.117963
v 0.220494 -0.006855 0.057809
v 0.196246 -0.023392 0.046431
v 0.196016 -0.041651 0.067594
v 0.227163 -0.020407 0.082209
v 0.227163 -0.020407 0.082209
v 0.196016 -0.041651 0.067594
v 0.205174 -0.062258 0.082215
v 0.236322 -0.041016 0.096830
v 0.091721 0.122965 0.095287
v 0.103372 0.110105 0.067523
v 0.113349 0.100843 0.082256
v 0.103247 0.111995 0.106329
v 0.067305 0.136868 0.067149
v 0.076375 0.126857 0.045535
v 0.088156 0.114865 0.055486
v 0.076504 0.127726 0.083250
v 0.076504 0.127726 0.083250
v 0.088156 0.114865 0.055486
v 0.103372 0.110105 0.067523
v 0.091721 0.122965 0.095287
v -0.042656 0.350983 0.090444
v -0.073552 0.356569 0.089620
v -0.074313 0.342343 0.105987
v -0.047525 0.337500 0.106701
v -0.039784 0.383658 0.064152
v -0.063836 0.388006 0.063511
v -0.070039 0.375022 0.080342
v -0.039143 0.369436 0.081165
v -0.039143 0.369436 0.081165
v -0.070039 0.375022 0.080342
v -0.073552 0.356569 0.089620
v -0.042656 0.350983 0.090444
v -0.043683 0.078493 0.070474
v -0.064384 0.087466 0.082720
v -0.059024 0.101266 0.076559
v -0.041076 0.093485 0.065941
v -0.056501 0.050421 0.076743
v -0.072617 0.057408 0.086276
v -0.071102 0.072869 0.081797
v -0.050400 0.063895 0.069551
v -0.050400 0.063895 0.069551
v -0.071102 0.072869 0.081797
v -0.064384 0.087466 0.082720
v -0.043683 0.078493 0.070474
v 0.153706 -0.026675 -0.074717
v 0.171546 -0.017720 -0.059010
v 0.177385 -0.031640 -0.060589
v 0.161916 -0.039405 -0.074208
v 0.144401 0.002021 -0.077153
v 0.158290 0.008991 -0.064925
v 0.167553 -0.003344 -0.064136
v 0.149711 -0.012299 -0.079843
v 0.149711 -0.012299 -0.079843
v 0.167553 -0.003344 -0.064136
v 0.171546 -0.017720 -0.059010
v 0.153706 -0.026675 -0.074717
v 0.020335 0.235841 0.085261
v -0.005519 0.228216 0.075794
v -0.010265 0.243844 0.084094
v 0.012151 0.250455 0.092303
v 0.031085 0.207994 0.062591
v 0.010958 0.202058 0.055221
v 0.001642 0.216686 0.061400
v 0.027496 0.224312 0.070867
v 0.027496 0.224312 0.070867
v 0.001642 0.216686 0.061400
v -0.005519 0.228216 0.075794
v 0.020335 0.235841 0.085261
v -0.145015 0.028555 0.057796
v -0.122973 0.023009 0.035348
v -0.118727 0.041028 0.038589
v -0.137839 0.045836 0.058052
v -0.149925 -0.008460 0.057796
v -0.132766 -0.012777 0.040321
v -0.124256 0.004286 0.040064
v -0.146298 0.009831 0.062512
v -0.146298 0.009831 0.062512
v -0.124256 0.004286 0.040064
v -0.122973 0.023009 0.035348
v -0.145015 0.028555 0.057796
v -0.017934 -0.061968 0.188455
v -0.032000 -0.051005 0.168747
v -0.043098 -0.059985 0.175657
v -0.030902 -0.069491 0.192746
v 0.002947 -0.040665 0.179491
v -0.008004 -0.032131 0.164148
v -0.021799 -0.038940 0.167950
v -0.007734 -0.049903 0.187658
v -0.007734 -0.049903 0.187658
v -0.021799 -0.038940 0.167950
v -0.032000 -0.051005 0.168747
v -0.017934 -0.061968 0.188455
v -0.083641 0.130796 0.005889
v -0.045684 0.135111 -0.003317
v -0.053795 0.145602 -0.027908
v -0.086706 0.141860 -0.019926
v -0.068517 0.117764 0.059086
v -0.038967 0.121124 0.051919
v -0.040406 0.133080 0.025834
v -0.078365 0.128766 0.035040
v -0.078365 0.128766 0.035040
v -0.040406 0.133080 0.025834
v -0.045684 0.135111 -0.003317
v -0.083641 0.130796 0.005889
v -0.060369 -0.010752 0.010698
v -0.080129 -0.013383 0.013097
v -0.077159 -0.016328 0.027250
v -0.060026 -0.014047 0.025170
v -0.066263 -0.000644 -0.015820
v -0.081646 -0.002691 -0.013952
v -0.082199 -0.005797 0.000863
v -0.062439 -0.003167 -0.001537
v -0.062439 -0.003167 -0.001537
v -0.082199 -0.005797 0.000863
v -0.080129 -0.013383 0.013097
v -0.060369 -0.010752 0.010698
v 1.996511 -0.405748 2.861677
v 2.006202 -0.405748 2.869672
v 1.996510 -0.390479 2.844450
vn 0.6582 -0.0431 0.7516
vn 0.6444 -0.0676 0.7617
vn 0.6444 -0.0675 0.7617
vn 0.7816 0.2747 0.5601
vn 0.7816 0.2746 0.5601
vn -0.6037 0.7401 0.2963
vn -0.6038 0.7400 0.2964
vn -0.5814 0.7556 0.3016
vn -0.8550 0.4770 0.2035
vn -0.9811 -0.0429 0.1886
vn -0.9766 -0.0595 0.2069
vn -0.9811 0.1815 -0.0670
vn 0.1118 0.1799 -0.9773
vn 0.1118 0.1800 -0.9773
vn 0.1021 0.2102 -0.9723
vn 0.2301 -0.2411 -0.9428
vn 0.2300 -0.2411 -0.9428
vn -0.7354 0.6451 0.2074
vn -0.7355 0.6451 0.2074
vn -0.7166 0.6638 0.2139
vn -0.9320 0.3470 0.1046
vn -0.7708 0.6273 -0.1116
vn -0.7722 0.6210 -0.1342
vn -0.7088 0.6765 0.1999
vn 0.3613 0.8690 0.3380
vn 0.3549 0.8626 0.3606
vn 0.4248 0.9050 0.0229
vn 0.3897 0.8810 0.2683
vn 0.4100 0.8764 0.2526
vn 0.0819 0.8808 0.4663
vn -0.1411 0.9288 -0.3427
vn -0.1688 0.9247 -0.3413
vn 0.2421 0.9108 -0.3345
vn -0.2633 0.5262 0.8086
vn -0.2633 0.5263 0.8085
vn -0.2706 0.5485 0.7912
vn -0.1357 0.1622 0.9774
vn 0.1273 0.8129 0.5683
vn 0.1273 0.8130 0.5683
vn 0.1277 0.7975 0.5896
vn 0.1140 0.9587 0.2606
vn -0.3510 0.4682 0.8109
vn -0.3506 0.4937 0.7958
vn -0.3506 0.4936 0.7958
vn -0.3221 0.0679 0.9443
vn -0.6971 0.4666 -0.5443
vn -0.7018 0.4428 -0.5580
vn -0.7018 0.4429 -0.5580
vn -0.5866 0.7408 -0.3272
vn -0.5867 0.7408 -0.3272
vn -0.5272 0.8464 -0.0755
vn -0.5497 0.8315 -0.0798
vn -0.5498 0.8315 -0.0798
vn -0.1856 0.9826 -0.0120
vn -0.9467 -0.2042 -0.2491
vn -0.9480 -0.2200 -0.2298
vn -0.8647 0.0303 -0.5014
vn 0.3277 0.5955 0.7335
vn 0.3277 0.5955 0.7334
vn 0.3001 0.5967 0.7442
vn 0.6555 0.5321 0.5360
vn 0.6554 0.5321 0.5360
vn 0.1570 0.7941 -0.5871
vn 0.1569 0.7942 -0.5871
vn 0.1810 0.7989 -0.5736
vn 0.1811 0.7989 -0.5736
vn -0.1919 0.6607 -0.7257
vn 0.7105 -0.5286 -0.4645
vn 0.6917 -0.5392 -0.4805
vn 0.9074 -0.3549 -0.2251
vn 0.0428 0.9570 -0.2869
vn 0.0532 0.9499 -0.3080
vn -0.0967 0.9953 0.0087
vn -0.5928 0.7411 0.3151
vn -0.5720 0.7591 0.3108
vn -0.8277 0.4406 0.3477
vn -0.8277 0.4405 0.3477
vn -0.9033 0.4203 0.0862
vn -0.9033 0.4203 0.0861
vn -0.9143 0.3978 0.0767
vn -0.6885 0.6948 0.2079
vn 0.4147 0.9096 0.0263
vn 0.4146 0.9096 0.0263
vn 0.3916 0.9194 0.0358
vn 0.6945 0.7120 -0.1037
vn 0.8561 0.3168 -0.4083
vn 0.8561 0.3167 -0.4083
vn 0.8626 0.2901 -0.4144
vn 0.7046 0.6448 -0.2963
vn -0.2800 0.9248 0.2575
vn -0.2574 0.9343 0.2465
vn -0.2574 0.9344 0.2464
vn -0.5679 0.7252 0.3893
vn -0.5680 0.7251 0.3894
vn 0.8550 -0.3052 0.4193
vn 0.8477 -0.3318 0.4138
vn 0.8845 0.0802 0.4597
vn 0.9596 -0.2810 0.0134
vn 0.9596 -0.2809 0.0134
vn 0.9605 -0.2782 -0.0097
vn 0.8943 -0.3035 0.3288
vn -0.9820 0.1101 -0.1536
vn -0.9820 0.1100 -0.1536
vn -0.9846 0.1158 -0.1309
vn -0.8873 0.0231 -0.4607
vn -0.8873 0.0232 -0.4607
vn -0.9839 -0.1485 -0.0997
vn -0.9839 -0.1485 -0.0998
vn -0.9871 -0.1396 -0.0779
vn -0.8802 -0.2629 -0.3953
vn -0.8802 -0.2628 -0.3952
vn -0.3371 0.9282 0.1575
vn 0.9648 -0.2559 -0.0613
vn 0.9647 -0.2559 -0.0613
vn 0.9578 -0.2818 -0.0564
vn 0.9860 0.1121 -0.1233
vn 0.9860 0.1122 -0.1233
vn 0.4466 0.7471 0.4924
vn 0.4497 0.7593 0.4704
vn 0.3690 0.5174 0.7721
vn 0.3690 0.5173 0.7721
vn -0.0201 0.9040 -0.4270
vn 0.0074 0.9016 -0.4326
vn 0.0074 0.9015 -0.4326
vn -0.3827 0.8668 -0.3197
vn -0.0565 -0.0004 0.9984
vn -0.0841 0.0165 0.9963
vn 0.3125 -0.2228 0.9234
vn 0.3769 0.8999 0.2195
vn 0.4006 0.8879 0.2263
vn 0.0339 0.9931 0.1123
vn 0.6585 -0.0051 0.7526
vn 0.6753 -0.0230 0.7372
vn 0.3615 0.2456 0.8995
vn -0.8550 0.4274 -0.2939
vn -0.8686 0.4073 -0.2823
vn -0.6036 0.6710 -0.4307
vn 0.5718 0.3238 -0.7537
vn 0.5719 0.3238 -0.7537
vn 0.5925 0.3295 -0.7351
vn 0.2267 0.2132 -0.9503
vn -0.7924 -0.5629 0.2349
vn -0.7844 -0.5643 0.2574
vn -0.7844 -0.5643 0.2573
vn -0.8547 -0.5134 -0.0769
vn 0.3439 0.9336 -0.1008
vn 0.3681 0.9235 -0.1077
vn 0.3681 0.9235 -0.1078
vn -0.0058 1.0000 0.0004
vn -0.0059 1.0000 0.0004
vn 0.6353 0.7705 -0.0523
vn 0.6438 0.7617 -0.0731
vn 0.6438 0.7617 -0.0730
vn 0.4822 0.8447 0.2323
vn 0.6843 0.2317 0.6914
vn 0.6810 0.2051 0.7030
vn 0.6737 0.5552 0.4877
vn 0.0218 0.2193 0.9754
vn 0.0217 0.2193 0.9754
vn 0.0539 0.2208 0.9738
vn -0.4034 0.1781 0.8975
vn -0.4061 0.9138 0.0100
vn -0.4062 0.9138 0.0100
vn -0.3814 0.9243 0.0146
vn -0.7082 0.7040 -0.0532
vn 0.6692 0.7362 0.1010
vn 0.6893 0.7175 0.1006
vn 0.6893 0.7175 0.1005
vn 0.3484 0.9321 0.0990
vn 0.3484 0.9321 0.0991
vn 0.9263 -0.3435 -0.1547
vn 0.9263 -0.3435 -0.1548
vn 0.9185 -0.3547 -0.1750
vn 0.9768 -0.1732 0.1259
vn -0.6051 0.0880 -0.7913
vn -0.6050 0.0881 -0.7913
vn -0.6052 0.0575 -0.7940
vn -0.5489 0.4796 -0.6846
vn -0.7712 0.3679 -0.5196
vn -0.2127 -0.9578 -0.1932
vn -0.6088 0.6900 -0.3914
vn -0.5193 0.7963 -0.3102
vn -0.5114 0.7923 -0.3328
vn -0.5945 0.8041 0.0037
vn -0.8920 0.2355 -0.3859
vn -0.8847 0.2259 -0.4077
vn -0.8847 0.2259 -0.4078
vn -0.9344 0.3473 -0.0795
vn -0.0527 0.9530 0.2984
vn -0.0250 0.9549 0.2959
vn -0.4211 0.8526 0.3093
vn -0.4211 0.8527 0.3093
vn -0.3586 0.8811 -0.3085
vn -0.3755 0.8684 -0.3240
vn -0.3755 0.8683 -0.3240
vn -0.1120 0.9902 -0.0831
vn 0.3164 0.9388 0.1360
vn 0.3034 0.9399 0.1565
vn 0.4723 0.8690 -0.1477
vn 0.4723 0.8690 -0.1476
vn 0.9886 -0.0348 -0.1462
vn 0.9848 -0.0454 -0.1675
vn 0.9829 0.1096 0.1477
vn -0.8863 0.1828 0.4254
vn -0.8773 0.1741 0.4472
vn -0.8773 0.1741 0.4473
vn -0.9513 0.2850 0.1178
vn -0.9821 -0.1822 0.0481
vn -0.9787 -0.1933 0.0691
vn -0.9706 -0.0203 -0.2398
vn 0.0179 0.9948 0.1000
vn 0.0432 0.9949 0.0909
vn -0.3258 0.9205 0.2156
vn 0.5157 0.5254 0.6767
vn 0.5081 0.5072 0.6961
vn 0.5764 0.7208 0.3850
vn 0.8885 0.4306 -0.1583
vn 0.8886 0.4306 -0.1583
vn 0.8825 0.4342 -0.1809
vn 0.9207 0.3589 0.1532
vn 0.7388 0.6554 -0.1569
vn 0.7388 0.6554 -0.1570
vn 0.7425 0.6563 -0.1339
vn 0.6436 0.6040 -0.4700
vn 0.6437 0.6040 -0.4700
vn -0.4678 0.6464 0.6028
vn -0.4420 0.6558 0.6120
vn -0.4421 0.6558 0.6120
vn -0.7653 0.4738 0.4358
vn 0.2753 0.7834 0.5573
vn 0.2799 0.7968 0.5355
vn 0.2799 0.7967 0.5356
vn 0.1871 0.5308 0.8266
vn 0.1871 0.5309 0.8266
vn 0.1106 -0.3190 -0.9413
vn 0.0823 -0.3335 -0.9392
vn 0.4737 -0.0955 -0.8755
vn 0.4736 -0.0955 -0.8755
vn 0.2458 0.8794 -0.4076
vn 0.2458 0.8794 -0.4077
vn 0.2731 0.8726 -0.4049
vn -0.1412 0.9000 -0.4124
vn -0.3102 0.9507 -0.0007
vn -0.3249 0.9455 -0.0198
vn -0.0898 0.9618 0.2585
vn -0.0899 0.9618 0.2584
vn 0.5857 -0.0107 -0.8105
vn 0.5671 -0.0307 -0.8231
vn 0.7739 0.2441 -0.5844
vn -0.1483 -0.0447 -0.9879
vn -0.1482 -0.0447 -0.9879
vn -0.1597 -0.0746 -0.9843
vn -0.1597 -0.0746 -0.9844
vn 0.0187 0.3570 -0.9339
vn 0.0186 0.3570 -0.9339
vn -0.0887 0.9853 0.1461
vn -0.0672 0.9890 0.1319
vn -0.3770 0.8656 0.3297
vn 0.7828 -0.0793 0.6172
vn 0.7692 -0.0998 0.6312
vn 0.9001 0.1904 0.3920
vn -0.0754 0.9107 0.4062
vn -0.0482 0.9150 0.4005
vn -0.4372 0.7784 0.4505
vn -0.4712 0.8711 0.1383
vn -0.4470 0.8831 0.1426
vn -0.7607 0.6453 0.0696
vn -0.9789 0.1744 0.1068
vn -0.9789 0.1744 0.1067
vn -0.9785 0.1620 0.1275
vn -0.9264 0.3310 -0.1794
vn 0.0340 0.8408 0.5403
vn 0.0283 0.8269 0.5616
vn 0.1053 0.9666 0.2338
vn 0.1052 0.9666 0.2338
vn 0.9849 -0.1408 -0.1011
vn 0.9800 -0.1651 -0.1112
vn 0.9800 0.1945 0.0419
vn -0.5420 0.7590 0.3607
vn -0.5420 0.7591 0.3606
vn -0.5619 0.7409 0.3678
vn -0.2381 0.9413 0.2394
vn -0.0763 0.1277 0.9889
vn -0.0558 0.1526 0.9867
vn -0.3387 -0.2134 0.9164
vn 0.4336 0.7514 -0.4974
vn 0.4253 0.7412 -0.5193
vn 0.5145 0.8372 -0.1854
vn 0.8157 0.2905 0.5002
vn 0.8248 0.3010 0.4787
vn 0.6254 0.1193 0.7712
vn -0.6637 -0.4507 -0.5970
vn -0.6447 -0.4726 -0.6009
vn -0.8590 -0.1252 -0.4965
vn -0.8590 -0.1253 -0.4965
vn 0.1151 0.9049 0.4097
vn 0.1330 0.9105 0.3916
vn -0.1448 0.7602 0.6333
vn -0.8607 -0.1051 0.4981
vn -0.8607 -0.1052 0.4981
vn -0.8482 -0.1006 0.5200
vn -0.9696 -0.1577 0.1869
vn 0.4967 0.0205 -0.8677
vn 0.4710 0.0134 -0.8821
vn 0.4709 0.0134 -0.8821
vn 0.7804 0.1077 -0.6159
vn 0.7805 0.1077 -0.6159
vn 0.4433 0.8180 -0.3665
vn 0.4181 0.8285 -0.3725
vn 0.7431 0.6173 -0.2583
vn -0.0163 0.5348 -0.8448
vn -0.0291 0.5573 -0.8298
vn 0.1642 0.1689 -0.9719
vn 0.6711 -0.1511 -0.7258
vn 0.6502 -0.1613 -0.7425
vn 0.6501 -0.1613 -0.7425
vn 0.8875 -0.0115 -0.4606
vn -0.8558 0.5161 0.0345
vn -0.8684 0.4940 0.0432
vn -0.6248 0.7762 -0.0850
vn 0.9755 -0.0524 -0.2136
vn 0.9770 -0.0747 -0.1997
vn 0.9770 -0.0746 -0.1997
vn 0.8850 0.2569 -0.3883
vn 0.8850 0.2570 -0.3883
vn -0.1278 0.3553 0.9260
vn -0.1043 0.3758 0.9208
vn -0.1042 0.3758 0.9208
vn -0.4294 0.0451 0.9020
vn -0.9581 -0.2797 0.0610
vn -0.9541 -0.2878 0.0829
vn -0.9584 -0.1547 -0.2400
vn -0.9583 -0.1547 -0.2401
vn 0.7738 -0.2625 0.5765
vn 0.7737 -0.2625 0.5766
vn 0.7903 -0.2563 0.5566
vn 0.7902 -0.2563 0.5566
vn 0.4767 -0.3301 0.8147
vn 0.5657 0.7837 -0.2566
vn 0.5809 0.7676 -0.2708
vn 0.5809 0.7676 -0.2709
vn 0.3260 0.9440 -0.0502
vn -0.2595 -0.0379 0.9650
vn -0.2731 -0.0663 0.9597
vn -0.0515 0.3462 0.9368
vn -0.4407 -0.7935 0.4197
vn -0.4653 -0.7840 0.4109
vn -0.0688 -0.8597 0.5062
vn -0.6342 0.5717 0.5206
vn -0.6342 0.5716 0.5206
vn -0.6357 0.5879 0.5003
vn -0.5638 0.2963 0.7709
vn 0.1636 0.9672 0.1946
vn 0.1636 0.9671 0.1946
vn 0.1393 0.9729 0.1846
vn 0.4820 0.8169 0.3166
vn 0.4820 0.8170 0.3166
vn -0.4390 0.4354 -0.7859
vn -0.4390 0.4354 -0.7860
vn -0.4606 0.4438 -0.7687
vn -0.4606 0.4438 -0.7686
vn -0.0926 0.2753 -0.9569
vn 0.1342 0.9865 -0.0940
vn 0.1325 0.9886 -0.0709
vn 0.1497 0.9002 -0.4089
vn 0.2144 -0.4933 -0.8430
vn 0.2417 -0.4785 -0.8442
vn 0.2418 -0.4785 -0.8442
vn -0.1639 -0.6414 -0.7495
vn -0.1640 -0.6414 -0.7495
vn -0.7051 -0.7083 0.0322
vn -0.7208 -0.6929 0.0185
vn -0.7208 -0.6929 0.0184
vn -0.4435 -0.8697 0.2167
vn -0.5076 0.8566 -0.0920
vn -0.4965 0.8607 -0.1130
vn -0.6285 0.7526 0.1966
vn -0.6285 0.7526 0.1965
vn -0.5443 -0.1524 0.8250
vn -0.5443 -0.1524 0.8249
vn -0.5326 -0.1809 0.8268
vn -0.6475 0.2360 0.7246
vn -0.7817 -0.4032 -0.4758
vn -0.7978 -0.3918 -0.4582
vn -0.7978 -0.3919 -0.4582
vn -0.4936 -0.5326 -0.6875
vn -0.4937 -0.5326 -0.6875
vn 0.4960 -0.1236 -0.8595
vn 0.4961 -0.1236 -0.8594
vn 0.5203 -0.1102 -0.8469
vn 0.1129 -0.2963 -0.9484
vn -0.9597 0.2804 0.0198
vn -0.9521 0.3046 0.0287
vn -0.9927 -0.0654 -0.1010
vn -0.9927 -0.0653 -0.1010
vn 0.1176 0.7468 0.6546
vn 0.1212 0.7638 0.6339
vn 0.0557 0.4400 0.8962
vn 0.0557 0.4401 0.8962
vn -0.5185 0.8510 0.0835
vn -0.5358 0.8417 0.0673
vn -0.2481 0.9211 0.3001
vn 0.4108 0.9087 0.0744
vn 0.4108 0.9087 0.0745
vn 0.4233 0.9043 0.0542
vn 0.4233 0.9043 0.0541
vn 0.2130 0.9126 0.3491
vn 0.2130 0.9125 0.3491
vn -0.6075 0.7706 -0.1926
vn -0.6259 0.7532 -0.2021
vn -0.6259 0.7533 -0.2021
vn -0.3187 0.9464 -0.0524
vn 0.8704 0.4451 -0.2105
vn 0.8833 0.4211 -0.2063
vn 0.8832 0.4211 -0.2063
vn 0.6303 0.7345 -0.2515
vn 0.4958 0.7684 0.4046
vn 0.4726 0.7766 0.4166
vn 0.7648 0.6061 0.2186
vn 0.2653 0.9476 0.1781
vn 0.2808 0.9395 0.1962
vn 0.0414 0.9964 -0.0744
vn 0.0415 0.9964 -0.0744
vn -0.2459 0.9247 0.2905
vn -0.2460 0.9247 0.2904
vn -0.2430 0.9323 0.2679
vn -0.2725 0.7587 0.5917
vn -0.2725 0.7587 0.5918
vn -0.4943 -0.2882 0.8202
vn -0.4945 -0.3165 0.8095
vn -0.4428 0.1282 0.8874
vn -0.4428 0.1283 0.8874
vn -0.6975 0.7138 0.0638
vn -0.6806 0.7286 0.0772
vn -0.6807 0.7285 0.0772
vn -0.8764 0.4661 -0.1212
vn 0.4305 0.8798 0.2017
vn 0.4305 0.8798 0.2016
vn 0.4225 0.8782 0.2240
vn 0.5130 0.8515 -0.1084
vn 0.5130 0.8515 -0.1083
vn 0.5777 0.7883 -0.2117
vn 0.5937 0.7810 -0.1936
vn 0.5937 0.7811 -0.1936
vn 0.3170 0.8359 -0.4482
vn 0.2839 0.8768 0.3880
vn 0.2678 0.8730 0.4076
vn 0.4757 0.8729 0.1088
vn 0.2825 0.7636 0.5806
vn 0.3084 0.7508 0.5841
vn -0.0827 0.8700 0.4860
vn -0.0828 0.8700 0.4860
vn -0.4604 0.8787 -0.1259
vn -0.4525 0.8856 -0.1044
vn -0.5427 0.7296 -0.4160
vn -0.5427 0.7297 -0.4160
vn 0.7836 0.4855 0.3876
vn 0.7772 0.5069 0.3728
vn 0.7773 0.5068 0.3728
vn 0.8119 0.1527 0.5635
vn 0.8119 0.1528 0.5635
vn 0.4035 -0.1581 0.9012
vn 0.4292 -0.1674 0.8875
vn 0.4293 -0.1674 0.8875
vn 0.0058 -0.0131 0.9999
vn -0.2797 0.9599 0.0169
vn -0.2797 0.9599 0.0170
vn -0.2573 0.9663 0.0047
vn -0.5631 0.8063 0.1812
vn 0.0255 0.9889 0.1460
vn 0.0255 0.9890 0.1460
vn 0.0029 0.9911 0.1328
vn 0.0030 0.9911 0.1328
vn 0.3316 0.8888 0.3164
vn 0.3317 0.8888 0.3164
vn 0.3537 -0.7510 -0.5575
vn 0.3775 -0.7355 -0.5626
vn 0.0114 -0.8952 -0.4455
vn -0.5512 -0.1521 -0.8204
vn -0.5513 -0.1522 -0.8203
vn -0.5575 -0.1801 -0.8104
vn -0.5575 -0.1802 -0.8104
vn -0.4126 0.2453 -0.8773
vn 0.5342 0.3131 -0.7853
vn 0.5342 0.3131 -0.7852
vn 0.5195 0.3400 -0.7839
vn 0.6792 -0.0718 -0.7305
vn 0.6791 -0.0719 -0.7305
vn -0.1363 0.8834 0.4484
vn -0.1623 0.8752 0.4557
vn -0.1623 0.8752 0.4556
vn 0.2162 0.9231 0.3181
vn 0.2585 0.9225 -0.2866
vn 0.2586 0.9225 -0.2866
vn 0.2426 0.9206 -0.3060
vn 0.2425 0.9206 -0.3060
vn 0.4537 0.8911 -0.0138
vn -0.4755 0.7880 0.3911
vn -0.4943 0.7709 0.4016
vn -0.1936 0.9553 0.2234
vn 0.1635 0.5010 -0.8499
vn 0.1753 0.4757 -0.8619
vn -0.0011 0.7802 -0.6255
vn 0.6294 0.7504 -0.2018
vn 0.6294 0.7504 -0.2019
vn 0.6300 0.7557 -0.1789
vn 0.5829 0.6311 -0.5119
vn 0.3028 0.9446 -0.1266
vn 0.3028 0.9446 -0.1265
vn 0.3283 0.9355 -0.1305
vn -0.0620 0.9961 -0.0633
vn -0.0620 0.9961 -0.0634
vn 0.2069 0.9271 0.3125
vn 0.1841 0.9357 0.3009
vn 0.5039 0.7385 0.4480
vn 0.6494 -0.2802 0.7069
vn 0.6494 -0.2801 0.7069
vn 0.6396 -0.3083 0.7042
vn 0.6396 -0.3084 0.7042
vn 0.7231 0.1217 0.6799
vn -0.2444 0.7627 0.5987
vn -0.2444 0.7628 0.5987
vn -0.2209 0.7768 0.5897
vn -0.2209 0.7768 0.5898
vn -0.5448 0.5048 0.6696
vn 0.4008 0.8830 -0.2441
vn 0.4200 0.8785 -0.2277
vn 0.1063 0.8841 -0.4550
vn -0.0087 0.9187 0.3948
vn -0.0023 0.9090 0.4168
vn -0.0022 0.9090 0.4168
vn -0.0920 0.9921 0.0858
vn -0.0920 0.9921 0.0857
vn 0.0202 0.8288 -0.5591
vn 0.0202 0.8289 -0.5591
vn 0.0479 0.8235 -0.5654
vn 0.0479 0.8234 -0.5654
vn -0.3441 0.8336 -0.4320
vn 0.5212 0.8519 -0.0503
vn 0.5332 0.8455 -0.0302
vn 0.5332 0.8454 -0.0302
vn 0.3250 0.8888 -0.3231
vn 0.3249 0.8888 -0.3231
vn 0.6966 0.7168 0.0293
vn 0.6966 0.7168 0.0294
vn 0.7100 0.7041 0.0122
vn 0.4701 0.8429 0.2618
vn -0.3358 0.8919 0.3028
vn -0.3359 0.8919 0.3029
vn -0.3095 0.9002 0.3064
vn -0.6614 0.7132 0.2323
vn 0.7546 0.4893 -0.4373
vn 0.7378 0.5121 -0.4398
vn 0.9180 0.1477 -0.3681
vn 0.9883 -0.1375 0.0655
vn 0.9883 -0.1374 0.0655
vn 0.9883 -0.1460 0.0435
vn 0.9883 -0.1460 0.0434
vn 0.9308 -0.0114 0.3654
vn -0.9521 -0.0329 0.3041
vn -0.9543 -0.0577 0.2934
vn -0.8492 0.3085 0.4286
vn -0.1019 0.9694 0.2232
vn -0.1020 0.9694 0.2232
vn -0.1054 0.9741 0.2002
vn -0.0479 0.8453 0.5322
vn 0.1666 0.9851 0.0426
vn 0.1431 0.9882 0.0541
vn 0.1431 0.9882 0.0542
vn 0.4720 0.8738 -0.1168
vn -0.4418 -0.7432 -0.5025
vn -0.4418 -0.7432 -0.5024
vn -0.4385 -0.7300 -0.5242
vn -0.4579 -0.8680 -0.1924
vn -0.4579 -0.8680 -0.1923
vn -0.9888 -0.1351 0.0639
vn -0.9888 -0.1352 0.0640
vn -0.9844 -0.1604 0.0722
vn -0.9754 0.2146 -0.0509
vn -0.6057 0.3091 -0.7332
vn -0.6086 0.3347 -0.7194
vn -0.6086 0.3346 -0.7195
vn -0.5093 -0.0742 -0.8574
vn 0.6555 0.5321 0.5359
vn -0.2574 0.9344 0.2465
vn 0.3769 0.8998 0.2195
vn -0.8547 -0.5134 -0.0770
vn 0.6738 0.5552 0.4877
vn -0.6050 0.0880 -0.7913
vn 0.2799 0.7968 0.5356
vn -0.0899 0.9618 0.2585
vn 0.7738 -0.2625 0.5766
vn 0.4767 -0.3301 0.8148
vn 0.4767 -0.3300 0.8147
vn -0.5638 0.2964 0.7709
vn -0.7051 -0.7084 0.0322
vn 0.0557 0.4400 0.8963
vn -0.5512 -0.1522 -0.8204
vn 0.5195 0.3399 -0.7839
vn 0.6791 -0.0718 -0.7305
vn 0.1634 0.5010 -0.8499
vn 0.1753 0.4757 -0.8620
vn -0.1054 0.9741 0.2003
vn -0.1053 0.9741 0.2003
vn -0.0479 0.8453 0.5321
vt 0.000000 0.333333
vt 1.000000 0.333333
vt 1.000000 0.000000
vt 0.000000 0.000000
vt 0.000000 1.000000
vt 1.000000 1.000000
vt 1.000000 0.666667
vt 0.000000 0.666667
s 0
g off
g Object_13_material
usemtl material
f 1/1/1 2/2/1 3/3/1
f 1/1/1 3/3/1 4/4/1
f 5/5/2 6/6/2 7/7/2
s 2
f 5/5/3 7/7/3 8/8/3
s 0
f 9/8/4 10/7/4 11/2/4
f 9/8/5 11/2/5 12/1/5
f 13/1/6 14/2/6 15/3/6
f 13/1/7 15/3/7 16/4/7
f 17/5/8 18/6/8 19/7/8
f 17/5/8 19/7/8 20/8/8
f 21/8/9 22/7/9 23/2/9
f 21/8/9 23/2/9 24/1/9
f 25/1/10 26/2/10 27/3/10
f 25/1/10 27/3/10 28/4/10
f 29/5/11 30/6/11 31/7/11
f 29/5/11 31/7/11 32/8/11
f 33/8/12 34/7/12 35/2/12
f 33/8/12 35/2/12 36/1/12
f 37/1/13 38/2/13 39/3/13
f 37/1/14 39/3/14 40/4/14
f 41/5/15 42/6/15 43/7/15
f 41/5/15 43/7/15 44/8/15
f 45/8/16 46/7/16 47/2/16
f 45/8/17 47/2/17 48/1/17
f 49/1/18 50/2/18 51/3/18
f 49/1/19 51/3/19 52/4/19
f 53/5/20 54/6/20 55/7/20
f 53/5/20 55/7/20 56/8/20
f 57/8/21 58/7/21 59/2/21
f 57/8/21 59/2/21 60/1/21
f 61/1/22 62/2/22 63/3/22
s 2
f 61/1/22 63/3/22 64/4/22
s 0
f 65/5/23 66/6/23 67/7/23
f 65/5/23 67/7/23 68/8/23
f 69/8/24 70/7/24 71/2/24
f 69/8/24 71/2/24 72/1/24
f 73/1/25 74/2/25 75/3/25
f 73/1/25 75/3/25 76/4/25
f 77/5/26 78/6/26 79/7/26
f 77/5/26 79/7/26 80/8/26
f 81/8/27 82/7/27 83/2/27
f 81/8/27 83/2/27 84/1/27
f 85/1/28 86/2/28 87/3/28
f 85/1/28 87/3/28 88/4/28
f 89/5/29 90/6/29 91/7/29
f 89/5/29 91/7/29 92/8/29
f 93/8/30 94/7/30 95/2/30
f 93/8/30 95/2/30 96/1/30
f 97/1/31 98/2/31 99/3/31
f 97/1/31 99/3/31 100/4/31
s 1
f 101/5/32 102/6/32 103/7/32
s 0
f 101/5/32 103/7/32 104/8/32
f 105/8/33 106/7/33 107/2/33
f 105/8/33 107/2/33 108/1/33
f 109/1/34 110/2/34 111/3/34
f 109/1/35 111/3/35 112/4/35
f 113/5/36 114/6/36 115/7/36
f 113/5/36 115/7/36 116/8/36
f 117/8/37 118/7/37 119/2/37
f 117/8/37 119/2/37 120/1/37
f 121/1/38 122/2/38 123/3/38
f 121/1/39 123/3/39 124/4/39
f 125/5/40 126/6/40 127/7/40
f 125/5/40 127/7/40 128/8/40
f 129/8/41 130/7/41 131/2/41
s 2
f 129/8/41 131/2/41 132/1/41
s 0
f 133/1/42 134/2/42 135/3/42
f 133/1/42 135/3/42 136/4/42
f 137/5/43 138/6/43 139/7/43
f 137/5/44 139/7/44 140/8/44
f 141/8/45 142/7/45 143/2/45
f 141/8/45 143/2/45 144/1/45
f 145/1/46 146/2/46 147/3/46
f 145/1/46 147/3/46 148/4/46
f 149/5/47 150/6/47 151/7/47
f 149/5/48 151/7/48 152/8/48
f 153/8/49 154/7/49 155/2/49
f 153/8/50 155/2/50 156/1/50
f 157/1/51 158/2/51 159/3/51
f 157/1/51 159/3/51 160/4/51
f 161/5/52 162/6/52 163/7/52
f 161/5/53 163/7/53 164/8/53
f 165/8/54 166/7/54 167/2/54
f 165/8/54 167/2/54 168/1/54
f 169/1/55 170/2/55 171/3/55
f 169/1/55 171/3/55 172/4/55
f 173/5/56 174/6/56 175/7/56
f 173/5/56 175/7/56 176/8/56
f 177/8/57 178/7/57 179/2/57
f 177/8/57 179/2/57 180/1/57
f 181/1/58 182/2/58 183/3/58
f 181/1/59 183/3/59 184/4/59
f 185/5/60 186/6/60 187/7/60
f 185/5/60 187/7/60 188/8/60
f 189/8/61 190/7/61 191/2/61
f 189/8/62 191/2/62 192/1/62
f 193/1/63 194/2/63 195/3/63
f 193/1/64 195/3/64 196/4/64
f 197/5/65 198/6/65 199/7/65
f 197/5/66 199/7/66 200/8/66
f 201/8/67 202/7/67 203/2/67
f 201/8/67 203/2/67 204/1/67
f 205/1/68 206/2/68 207/3/68
f 205/1/68 207/3/68 208/4/68
f 209/5/69 210/6/69 211/7/69
f 209/5/69 211/7/69 212/8/69
f 213/8/70 214/7/70 215/2/70
f 213/8/70 215/2/70 216/1/70
f 217/1/71 218/2/71 219/3/71
s 2
f 217/1/71 219/3/71 220/4/71
s 0
f 221/5/72 222/6/72 223/7/72
f 221/5/72 223/7/72 224/8/72
f 225/8/73 226/7/73 227/2/73
f 225/8/73 227/2/73 228/1/73
f 229/1/74 230/2/74 231/3/74
f 229/1/74 231/3/74 232/4/74
f 233/5/75 234/6/75 235/7/75
f 233/5/75 235/7/75 236/8/75
f 237/8/76 238/7/76 239/2/76
f 237/8/77 239/2/77 240/1/77
f 241/1/78 242/2/78 243/3/78
f 241/1/79 243/3/79 244/4/79
f 245/5/80 246/6/80 247/7/80
f 245/5/80 247/7/80 248/8/80
f 249/8/81 250/7/81 251/2/81
f 249/8/81 251/2/81 252/1/81
f 253/1/82 254/2/82 255/3/82
f 253/1/83 255/3/83 256/4/83
f 257/5/84 258/6/84 259/7/84
s 2
f 257/5/84 259/7/84 260/8/84
s 0
f 261/8/85 262/7/85 263/2/85
f 261/8/85 263/2/85 264/1/85
f 265/1/86 266/2/86 267/3/86
f 265/1/87 267/3/87 268/4/87
f 269/5/88 270/6/88 271/7/88
f 269/5/88 271/7/88 272/8/88
f 273/8/89 274/7/89 275/2/89
f 273/8/89 275/2/89 276/1/89
f 277/1/90 278/2/90 279/3/90
f 277/1/90 279/3/90 280/4/90
f 281/5/91 282/6/91 283/7/91
f 281/5/92 283/7/92 284/8/92
f 285/8/93 286/7/93 287/2/93
f 285/8/94 287/2/94 288/1/94
f 289/1/95 290/2/95 291/3/95
f 289/1/95 291/3/95 292/4/95
f 293/5/96 294/6/96 295/7/96
f 293/5/96 295/7/96 296/8/96
f 297/8/97 298/7/97 299/2/97
f 297/8/97 299/2/97 300/1/97
f 301/1/98 302/2/98 303/3/98
f 301/1/99 303/3/99 304/4/99
f 305/5/100 306/6/100 307/7/100
f 305/5/100 307/7/100 308/8/100
f 309/8/101 310/7/101 311/2/101
s 2
f 309/8/101 311/2/101 312/1/101
s 0
f 313/1/102 314/2/102 315/3/102
f 313/1/103 315/3/103 316/4/103
f 317/5/104 318/6/104 319/7/104
f 317/5/104 319/7/104 320/8/104
f 321/8/105 322/7/105 323/2/105
f 321/8/106 323/2/106 324/1/106
f 325/1/107 326/2/107 327/3/107
f 325/1/108 327/3/108 328/4/108
f 329/5/109 330/6/109 331/7/109
f 329/5/109 331/7/109 332/8/109
f 333/8/110 334/7/110 335/2/110
f 333/8/111 335/2/111 336/1/111
f 337/5/112 338/6/112 339/7/112
f 337/5/112 339/7/112 340/8/112
f 341/1/113 342/2/113 343/3/113
f 341/1/114 343/3/114 344/4/114
f 345/5/115 346/6/115 347/7/115
f 345/5/115 347/7/115 348/8/115
f 349/8/116 350/7/116 351/2/116
f 349/8/117 351/2/117 352/1/117
f 353/1/118 354/2/118 355/3/118
f 353/1/118 355/3/118 356/4/118
f 357/5/119 358/6/119 359/7/119
f 357/5/119 359/7/119 360/8/119
f 361/8/120 362/7/120 363/2/120
f 361/8/121 363/2/121 364/1/121
f 365/1/122 366/2/122 367/3/122
f 365/1/122 367/3/122 368/4/122
f 369/5/123 370/6/123 371/7/123
s 2
f 369/5/124 371/7/124 372/8/124
s 0
f 373/8/125 374/7/125 375/2/125
s 2
f 373/8/125 375/2/125 376/1/125
s 0
f 377/1/126 378/2/126 379/3/126
f 377/1/126 379/3/126 380/4/126
f 381/5/127 382/6/127 383/7/127
f 381/5/127 383/7/127 384/8/127
f 385/8/128 386/7/128 387/2/128
f 385/8/128 387/2/128 388/1/128
f 389/1/129 390/2/129 391/3/129
f 389/1/129 391/3/129 392/4/129
f 393/5/130 394/6/130 395/7/130
f 393/5/130 395/7/130 396/8/130
f 397/8/131 398/7/131 399/2/131
f 397/8/131 399/2/131 400/1/131
f 401/1/132 402/2/132 403/3/132
f 401/1/132 403/3/132 404/4/132
f 405/5/133 406/6/133 407/7/133
f 405/5/133 407/7/133 408/8/133
f 409/8/134 410/7/134 411/2/134
f 409/8/134 411/2/134 412/1/134
f 413/1/135 414/2/135 415/3/135
f 413/1/135 415/3/135 416/4/135
f 417/5/136 418/6/136 419/7/136
f 417/5/136 419/7/136 420/8/136
f 421/8/137 422/7/137 423/2/137
f 421/8/137 423/2/137 424/1/137
f 425/1/138 426/2/138 427/3/138
f 425/1/139 427/3/139 428/4/139
f 429/5/140 430/6/140 431/7/140
f 429/5/140 431/7/140 432/8/140
f 433/8/141 434/7/141 435/2/141
f 433/8/141 435/2/141 436/1/141
f 437/1/142 438/2/142 439/3/142
f 437/1/142 439/3/142 440/4/142
f 441/5/143 442/6/143 443/7/143
f 441/5/144 443/7/144 444/8/144
f 445/8/145 446/7/145 447/2/145
f 445/8/145 447/2/145 448/1/145
s 1
f 449/1/146 450/2/146 451/3/146
s 0
f 449/1/146 451/3/146 452/4/146
f 453/5/147 454/6/147 455/7/147
f 453/5/148 455/7/148 456/8/148
f 457/8/149 458/7/149 459/2/149
f 457/8/150 459/2/150 460/1/150
f 461/1/151 462/2/151 463/3/151
f 461/1/151 463/3/151 464/4/151
f 465/5/152 466/6/152 467/7/152
s 2
f 465/5/153 467/7/153 468/8/153
s 0
f 469/8/154 470/7/154 471/2/154
f 469/8/154 471/2/154 472/1/154
f 473/1/155 474/2/155 475/3/155
f 473/1/155 475/3/155 476/4/155
f 477/5/156 478/6/156 479/7/156
f 477/5/156 479/7/156 480/8/156
f 481/8/157 482/7/157 483/2/157
f 481/8/157 483/2/157 484/1/157
f 485/1/158 486/2/158 487/3/158
f 485/1/159 487/3/159 488/4/159
f 489/5/160 490/6/160 491/7/160
f 489/5/160 491/7/160 492/8/160
f 493/8/161 494/7/161 495/2/161
f 493/8/161 495/2/161 496/1/161
f 497/1/162 498/2/162 499/3/162
f 497/1/163 499/3/163 500/4/163
f 501/5/164 502/6/164 503/7/164
f 501/5/164 503/7/164 504/8/164
f 505/8/165 506/7/165 507/2/165
f 505/8/165 507/2/165 508/1/165
f 509/1/166 510/2/166 511/3/166
f 509/1/166 511/3/166 512/4/166
f 513/5/167 514/6/167 515/7/167
s 2
f 513/5/168 515/7/168 516/8/168
s 0
f 517/8/169 518/7/169 519/2/169
f 517/8/170 519/2/170 520/1/170
f 521/1/171 522/2/171 523/3/171
f 521/1/172 523/3/172 524/4/172
f 525/5/173 526/6/173 527/7/173
f 525/5/173 527/7/173 528/8/173
f 529/8/174 530/7/174 531/2/174
f 529/8/174 531/2/174 532/1/174
f 533/1/175 534/2/175 535/3/175
f 533/1/176 535/3/176 536/4/176
f 537/5/177 538/6/177 539/7/177
f 537/5/177 539/7/177 540/8/177
f 541/8/178 542/7/178 543/2/178
f 541/8/178 543/2/178 544/1/178
s 1
f 545/1/179 546/2/179 547/3/179
s 0
f 545/1/179 547/3/179 548/4/179
f 549/5/180 550/6/180 551/7/180
f 549/5/180 551/7/180 552/8/180
f 553/8/181 554/7/181 555/2/181
f 553/8/181 555/2/181 556/1/181
f 557/1/182 558/2/182 559/3/182
f 557/1/182 559/3/182 560/4/182
f 561/5/183 562/6/183 563/7/183
f 561/5/183 563/7/183 564/8/183
f 565/8/184 566/7/184 567/2/184
f 565/8/184 567/2/184 568/1/184
f 569/1/185 570/2/185 571/3/185
f 569/1/185 571/3/185 572/4/185
f 573/5/186 574/6/186 575/7/186
f 573/5/187 575/7/187 576/8/187
f 577/8/188 578/7/188 579/2/188
f 577/8/188 579/2/188 580/1/188
f 581/1/189 582/2/189 583/3/189
f 581/1/189 583/3/189 584/4/189
f 585/5/190 586/6/190 587/7/190
f 585/5/190 587/7/190 588/8/190
f 589/8/191 590/7/191 591/2/191
f 589/8/192 591/2/192 592/1/192
f 593/1/193 594/2/193 595/3/193
f 593/1/193 595/3/193 596/4/193
f 597/5/194 598/6/194 599/7/194
f 597/5/195 599/7/195 600/8/195
f 601/8/196 602/7/196 603/2/196
f 601/8/196 603/2/196 604/1/196
f 605/1/197 606/2/197 607/3/197
f 605/1/197 607/3/197 608/4/197
f 609/5/198 610/6/198 611/7/198
f 609/5/198 611/7/198 612/8/198
f 613/8/199 614/7/199 615/2/199
f 613/8/200 615/2/200 616/1/200
f 617/1/201 618/2/201 619/3/201
f 617/1/201 619/3/201 620/4/201
f 621/5/202 622/6/202 623/7/202
f 621/5/202 623/7/202 624/8/202
f 625/8/203 626/7/203 627/2/203
f 625/8/203 627/2/203 628/1/203
f 629/1/204 630/2/204 631/3/204
f 629/1/204 631/3/204 632/4/204
f 633/5/205 634/6/205 635/7/205
f 633/5/206 635/7/206 636/8/206
f 637/8/207 638/7/207 639/2/207
f 637/8/207 639/2/207 640/1/207
f 641/1/208 642/2/208 643/3/208
f 641/1/208 643/3/208 644/4/208
f 645/5/209 646/6/209 647/7/209
f 645/5/209 647/7/209 648/8/209
f 649/8/210 650/7/210 651/2/210
f 649/8/210 651/2/210 652/1/210
f 653/1/211 654/2/211 655/3/211
s 2
f 653/1/211 655/3/211 656/4/211
s 0
f 657/5/212 658/6/212 659/7/212
f 657/5/212 659/7/212 660/8/212
f 661/8/213 662/7/213 663/2/213
f 661/8/213 663/2/213 664/1/213
f 665/1/214 666/2/214 667/3/214
s 2
f 665/1/214 667/3/214 668/4/214
s 0
f 669/5/215 670/6/215 671/7/215
f 669/5/215 671/7/215 672/8/215
f 673/8/216 674/7/216 675/2/216
f 673/8/216 675/2/216 676/1/216
f 677/1/217 678/2/217 679/3/217
f 677/1/218 679/3/218 680/4/218
f 681/5/219 682/6/219 683/7/219
f 681/5/219 683/7/219 684/8/219
f 685/8/220 686/7/220 687/2/220
f 685/8/220 687/2/220 688/1/220
f 689/1/221 690/2/221 691/3/221
f 689/1/222 691/3/222 692/4/222
f 693/5/223 694/6/223 695/7/223
f 693/5/223 695/7/223 696/8/223
f 697/8/224 698/7/224 699/2/224
s 2
f 697/8/225 699/2/225 700/1/225
s 0
f 701/1/226 702/2/226 703/3/226
f 701/1/226 703/3/226 704/4/226
f 705/5/227 706/6/227 707/7/227
f 705/5/228 707/7/228 708/8/228
f 709/8/229 710/7/229 711/2/229
f 709/8/229 711/2/229 712/1/229
f 713/1/230 714/2/230 715/3/230
f 713/1/230 715/3/230 716/4/230
f 717/5/231 718/6/231 719/7/231
f 717/5/232 719/7/232 720/8/232
f 721/8/233 722/7/233 723/2/233
f 721/8/234 723/2/234 724/1/234
f 725/1/235 726/2/235 727/3/235
f 725/1/235 727/3/235 728/4/235
f 729/5/236 730/6/236 731/7/236
f 729/5/236 731/7/236 732/8/236
f 733/8/237 734/7/237 735/2/237
f 733/8/238 735/2/238 736/1/238
f 737/1/239 738/2/239 739/3/239
f 737/1/240 739/3/240 740/4/240
s 1
f 741/5/241 742/6/241 743/7/241
s 0
f 741/5/241 743/7/241 744/8/241
f 745/8/242 746/7/242 747/2/242
s 2
f 745/8/242 747/2/242 748/1/242
s 0
f 749/1/243 750/2/243 751/3/243
f 749/1/243 751/3/243 752/4/243
f 753/5/244 754/6/244 755/7/244
f 753/5/244 755/7/244 756/8/244
f 757/8/245 758/7/245 759/2/245
f 757/8/246 759/2/246 760/1/246
f 761/1/247 762/2/247 763/3/247
f 761/1/247 763/3/247 764/4/247
f 765/5/248 766/6/248 767/7/248
f 765/5/248 767/7/248 768/8/248
f 769/8/249 770/7/249 771/2/249
f 769/8/249 771/2/249 772/1/249
f 773/1/250 774/2/250 775/3/250
f 773/1/251 775/3/251 776/4/251
f 777/5/252 778/6/252 779/7/252
f 777/5/253 779/7/253 780/8/253
f 781/8/254 782/7/254 783/2/254
f 781/8/255 783/2/255 784/1/255
f 785/1/256 786/2/256 787/3/256
f 785/1/256 787/3/256 788/4/256
f 789/5/257 790/6/257 791/7/257
f 789/5/257 791/7/257 792/8/257
f 793/8/258 794/7/258 795/2/258
f 793/8/258 795/2/258 796/1/258
f 797/1/259 798/2/259 799/3/259
f 797/1/259 799/3/259 800/4/259
f 801/5/260 802/6/260 803/7/260
f 801/5/260 803/7/260 804/8/260
f 805/8/261 806/7/261 807/2/261
f 805/8/261 807/2/261 808/1/261
f 809/1/262 810/2/262 811/3/262
f 809/1/262 811/3/262 812/4/262
f 813/5/263 814/6/263 815/7/263
f 813/5/263 815/7/263 816/8/263
f 817/8/264 818/7/264 819/2/264
f 817/8/264 819/2/264 820/1/264
f 821/1/265 822/2/265 823/3/265
f 821/1/265 823/3/265 824/4/265
f 825/5/266 826/6/266 827/7/266
f 825/5/266 827/7/266 828/8/266
f 829/8/267 830/7/267 831/2/267
f 829/8/267 831/2/267 832/1/267
f 833/1/268 834/2/268 835/3/268
f 833/1/269 835/3/269 836/4/269
f 837/5/270 838/6/270 839/7/270
f 837/5/270 839/7/270 840/8/270
f 841/8/271 842/7/271 843/2/271
f 841/8/271 843/2/271 844/1/271
f 845/1/272 846/2/272 847/3/272
f 845/1/272 847/3/272 848/4/272
f 849/5/273 850/6/273 851/7/273
f 849/5/273 851/7/273 852/8/273
f 853/8/274 854/7/274 855/2/274
f 853/8/275 855/2/275 856/1/275
f 857/1/276 858/2/276 859/3/276
f 857/1/276 859/3/276 860/4/276
f 861/5/277 862/6/277 863/7/277
f 861/5/277 863/7/277 864/8/277
f 865/8/278 866/7/278 867/2/278
f 865/8/278 867/2/278 868/1/278
s 1
f 869/1/279 870/2/279 871/3/279
s 0
f 869/1/280 871/3/280 872/4/280
s 1
f 873/5/281 874/6/281 875/7/281
s 0
f 873/5/281 875/7/281 876/8/281
f 877/8/282 878/7/282 879/2/282
f 877/8/282 879/2/282 880/1/282
f 881/1/283 882/2/283 883/3/283
f 881/1/283 883/3/283 884/4/283
f 885/5/284 886/6/284 887/7/284
f 885/5/284 887/7/284 888/8/284
f 889/8/285 890/7/285 891/2/285
f 889/8/285 891/2/285 892/1/285
f 893/1/286 894/2/286 895/3/286
f 893/1/286 895/3/286 896/4/286
f 897/5/287 898/6/287 899/7/287
f 897/5/287 899/7/287 900/8/287
f 901/8/288 902/7/288 903/2/288
f 901/8/288 903/2/288 904/1/288
f 905/1/289 906/2/289 907/3/289
f 905/1/289 907/3/289 908/4/289
f 909/5/290 910/6/290 911/7/290
f 909/5/290 911/7/290 912/8/290
f 913/8/291 914/7/291 915/2/291
f 913/8/291 915/2/291 916/1/291
f 917/1/292 918/2/292 919/3/292
f 917/1/292 919/3/292 920/4/292
f 921/5/293 922/6/293 923/7/293
f 921/5/293 923/7/293 924/8/293
f 925/8/294 926/7/294 927/2/294
f 925/8/295 927/2/295 928/1/295
f 929/1/296 930/2/296 931/3/296
f 929/1/296 931/3/296 932/4/296
f 933/5/297 934/6/297 935/7/297
f 933/5/297 935/7/297 936/8/297
s 1
f 937/8/298 938/7/298 939/2/298
s 0
f 937/8/298 939/2/298 940/1/298
f 941/1/299 942/2/299 943/3/299
f 941/1/300 943/3/300 944/4/300
f 945/5/301 946/6/301 947/7/301
f 945/5/301 947/7/301 948/8/301
f 949/8/302 950/7/302 951/2/302
f 949/8/302 951/2/302 952/1/302
f 953/1/303 954/2/303 955/3/303
f 953/1/303 955/3/303 956/4/303
f 957/5/304 958/6/304 959/7/304
f 957/5/305 959/7/305 960/8/305
f 961/8/306 962/7/306 963/2/306
f 961/8/307 963/2/307 964/1/307
f 965/1/308 966/2/308 967/3/308
f 965/1/308 967/3/308 968/4/308
f 969/5/309 970/6/309 971/7/309
f 969/5/309 971/7/309 972/8/309
s 1
f 973/8/310 974/7/310 975/2/310
s 0
f 973/8/310 975/2/310 976/1/310
f 977/1/311 978/2/311 979/3/311
f 977/1/311 979/3/311 980/4/311
f 981/5/312 982/6/312 983/7/312
f 981/5/312 983/7/312 984/8/312
f 985/8/313 986/7/313 987/2/313
f 985/8/313 987/2/313 988/1/313
f 989/1/314 990/2/314 991/3/314
f 989/1/314 991/3/314 992/4/314
f 993/5/315 994/6/315 995/7/315
f 993/5/316 995/7/316 996/8/316
f 997/8/317 998/7/317 999/2/317
f 997/8/317 999/2/317 1000/1/317
f 1001/1/318 1002/2/318 1003/3/318
f 1001/1/318 1003/3/318 1004/4/318
s 1
f 1005/5/319 1006/6/319 1007/7/319
s 0
f 1005/5/319 1007/7/319 1008/8/319
f 1009/8/320 1010/7/320 1011/2/320
f 1009/8/320 1011/2/320 1012/1/320
f 1013/1/321 1014/2/321 1015/3/321
f 1013/1/321 1015/3/321 1016/4/321
f 1017/5/322 1018/6/322 1019/7/322
f 1017/5/323 1019/7/323 1020/8/323
f 1021/8/324 1022/7/324 1023/2/324
f 1021/8/325 1023/2/325 1024/1/325
f 1025/1/326 1026/2/326 1027/3/326
f 1025/1/326 1027/3/326 1028/4/326
f 1029/5/327 1030/6/327 1031/7/327
f 1029/5/328 1031/7/328 1032/8/328
f 1033/8/329 1034/7/329 1035/2/329
f 1033/8/329 1035/2/329 1036/1/329
f 1037/1/330 1038/2/330 1039/3/330
f 1037/1/330 1039/3/330 1040/4/330
f 1041/5/331 1042/6/331 1043/7/331
f 1041/5/331 1043/7/331 1044/8/331
f 1045/8/332 1046/7/332 1047/2/332
f 1045/8/333 1047/2/333 1048/1/333
f 1049/1/334 1050/2/334 1051/3/334
f 1049/1/335 1051/3/335 1052/4/335
f 1053/5/336 1054/6/336 1055/7/336
f 1053/5/337 1055/7/337 1056/8/337
f 1057/8/338 1058/7/338 1059/2/338
f 1057/8/338 1059/2/338 1060/1/338
f 1061/1/339 1062/2/339 1063/3/339
f 1061/1/339 1063/3/339 1064/4/339
f 1065/5/340 1066/6/340 1067/7/340
f 1065/5/341 1067/7/341 1068/8/341
f 1069/8/342 1070/7/342 1071/2/342
s 2
f 1069/8/342 1071/2/342 1072/1/342
s 0
f 1073/1/343 1074/2/343 1075/3/343
f 1073/1/343 1075/3/343 1076/4/343
f 1077/5/344 1078/6/344 1079/7/344
f 1077/5/344 1079/7/344 1080/8/344
f 1081/8/345 1082/7/345 1083/2/345
f 1081/8/345 1083/2/345 1084/1/345
f 1085/1/346 1086/2/346 1087/3/346
f 1085/1/346 1087/3/346 1088/4/346
f 1089/5/347 1090/6/347 1091/7/347
f 1089/5/347 1091/7/347 1092/8/347
f 1093/8/348 1094/7/348 1095/2/348
f 1093/8/348 1095/2/348 1096/1/348
f 1097/1/349 1098/2/349 1099/3/349
f 1097/1/350 1099/3/350 1100/4/350
s 1
f 1101/5/351 1102/6/351 1103/7/351
s 0
f 1101/5/351 1103/7/351 1104/8/351
f 1105/8/352 1106/7/352 1107/2/352
f 1105/8/352 1107/2/352 1108/1/352
s 1
f 1109/1/353 1110/2/353 1111/3/353
s 0
f 1109/1/354 1111/3/354 1112/4/354
f 1113/5/355 1114/6/355 1115/7/355
f 1113/5/355 1115/7/355 1116/8/355
f 1117/8/356 1118/7/356 1119/2/356
f 1117/8/357 1119/2/357 1120/1/357
f 1121/1/358 1122/2/358 1123/3/358
f 1121/1/359 1123/3/359 1124/4/359
f 1125/5/360 1126/6/360 1127/7/360
f 1125/5/361 1127/7/361 1128/8/361
f 1129/8/362 1130/7/362 1131/2/362
f 1129/8/362 1131/2/362 1132/1/362
f 1133/1/363 1134/2/363 1135/3/363
f 1133/1/363 1135/3/363 1136/4/363
f 1137/5/364 1138/6/364 1139/7/364
f 1137/5/364 1139/7/364 1140/8/364
f 1141/8/365 1142/7/365 1143/2/365
f 1141/8/365 1143/2/365 1144/1/365
f 1145/1/366 1146/2/366 1147/3/366
f 1145/1/366 1147/3/366 1148/4/366
f 1149/5/367 1150/6/367 1151/7/367
f 1149/5/368 1151/7/368 1152/8/368
f 1153/8/369 1154/7/369 1155/2/369
s 2
f 1153/8/370 1155/2/370 1156/1/370
s 0
f 1157/1/371 1158/2/371 1159/3/371
f 1157/1/371 1159/3/371 1160/4/371
f 1161/5/372 1162/6/372 1163/7/372
f 1161/5/373 1163/7/373 1164/8/373
f 1165/8/374 1166/7/374 1167/2/374
f 1165/8/374 1167/2/374 1168/1/374
f 1169/1/375 1170/2/375 1171/3/375
f 1169/1/375 1171/3/375 1172/4/375
f 1173/5/376 1174/6/376 1175/7/376
f 1173/5/376 1175/7/376 1176/8/376
f 1177/8/377 1178/7/377 1179/2/377
f 1177/8/378 1179/2/378 1180/1/378
f 1181/1/379 1182/2/379 1183/3/379
f 1181/1/380 1183/3/380 1184/4/380
f 1185/5/381 1186/6/381 1187/7/381
f 1185/5/381 1187/7/381 1188/8/381
f 1189/8/382 1190/7/382 1191/2/382
f 1189/8/382 1191/2/382 1192/1/382
f 1193/1/383 1194/2/383 1195/3/383
f 1193/1/383 1195/3/383 1196/4/383
f 1197/5/384 1198/6/384 1199/7/384
f 1197/5/385 1199/7/385 1200/8/385
f 1201/8/386 1202/7/386 1203/2/386
f 1201/8/387 1203/2/387 1204/1/387
f 1205/1/388 1206/2/388 1207/3/388
f 1205/1/389 1207/3/389 1208/4/389
f 1209/5/390 1210/6/390 1211/7/390
f 1209/5/390 1211/7/390 1212/8/390
f 1213/8/391 1214/7/391 1215/2/391
f 1213/8/391 1215/2/391 1216/1/391
f 1217/1/392 1218/2/392 1219/3/392
f 1217/1/392 1219/3/392 1220/4/392
f 1221/5/393 1222/6/393 1223/7/393
f 1221/5/393 1223/7/393 1224/8/393
f 1225/8/394 1226/7/394 1227/2/394
f 1225/8/395 1227/2/395 1228/1/395
f 1229/1/396 1230/2/396 1231/3/396
f 1229/1/396 1231/3/396 1232/4/396
f 1233/5/397 1234/6/397 1235/7/397
f 1233/5/397 1235/7/397 1236/8/397
f 1237/8/398 1238/7/398 1239/2/398
f 1237/8/399 1239/2/399 1240/1/399
f 1241/1/400 1242/2/400 1243/3/400
f 1241/1/400 1243/3/400 1244/4/400
f 1245/5/401 1246/6/401 1247/7/401
f 1245/5/401 1247/7/401 1248/8/401
f 1249/8/402 1250/7/402 1251/2/402
f 1249/8/402 1251/2/402 1252/1/402
f 1253/1/403 1254/2/403 1255/3/403
f 1253/1/404 1255/3/404 1256/4/404
f 1257/5/405 1258/6/405 1259/7/405
f 1257/5/406 1259/7/406 1260/8/406
f 1261/8/407 1262/7/407 1263/2/407
f 1261/8/408 1263/2/408 1264/1/408
f 1265/1/409 1266/2/409 1267/3/409
f 1265/1/409 1267/3/409 1268/4/409
s 1
f 1269/5/410 1270/6/410 1271/7/410
f 1269/5/410 1271/7/410 1272/8/411
s 0
f 1273/8/412 1274/7/412 1275/2/412
f 1273/8/412 1275/2/412 1276/1/412
f 1277/1/413 1278/2/413 1279/3/413
f 1277/1/413 1279/3/413 1280/4/413
f 1281/5/414 1282/6/414 1283/7/414
f 1281/5/415 1283/7/415 1284/8/415
s 1
f 1285/8/416 1286/7/416 1287/2/416
s 0
f 1285/8/416 1287/2/416 1288/1/416
f 1289/1/417 1290/2/417 1291/3/417
f 1289/1/417 1291/3/417 1292/4/417
f 1293/5/418 1294/6/418 1295/7/418
f 1293/5/418 1295/7/418 1296/8/418
f 1297/8/419 1298/7/419 1299/2/419
f 1297/8/419 1299/2/419 1300/1/419
f 1301/1/420 1302/2/420 1303/3/420
f 1301/1/420 1303/3/420 1304/4/420
f 1305/5/421 1306/6/421 1307/7/421
f 1305/5/421 1307/7/421 1308/8/421
s 1
f 1309/8/422 1310/7/422 1311/2/422
s 0
f 1309/8/423 1311/2/423 1312/1/423
f 1313/1/424 1314/2/424 1315/3/424
f 1313/1/425 1315/3/425 1316/4/425
f 1317/5/426 1318/6/426 1319/7/426
f 1317/5/426 1319/7/426 1320/8/426
f 1321/8/427 1322/7/427 1323/2/427
f 1321/8/428 1323/2/428 1324/1/428
f 1325/1/429 1326/2/429 1327/3/429
f 1325/1/429 1327/3/429 1328/4/429
f 1329/5/430 1330/6/430 1331/7/430
f 1329/5/430 1331/7/430 1332/8/430
f 1333/8/431 1334/7/431 1335/2/431
f 1333/8/432 1335/2/432 1336/1/432
f 1337/1/433 1338/2/433 1339/3/433
f 1337/1/433 1339/3/433 1340/4/433
f 1341/5/434 1342/6/434 1343/7/434
f 1341/5/435 1343/7/435 1344/8/435
f 1345/8/436 1346/7/436 1347/2/436
f 1345/8/436 1347/2/436 1348/1/436
f 1349/1/437 1350/2/437 1351/3/437
s 2
f 1349/1/438 1351/3/438 1352/4/438
s 0
f 1353/5/439 1354/6/439 1355/7/439
f 1353/5/439 1355/7/439 1356/8/439
f 1357/8/440 1358/7/440 1359/2/440
f 1357/8/441 1359/2/441 1360/1/441
f 1361/1/442 1362/2/442 1363/3/442
f 1361/1/442 1363/3/442 1364/4/442
f 1365/5/443 1366/6/443 1367/7/443
f 1365/5/444 1367/7/444 1368/8/444
f 1369/8/445 1370/7/445 1371/2/445
f 1369/8/445 1371/2/445 1372/1/445
f 1373/1/446 1374/2/446 1375/3/446
f 1373/1/446 1375/3/446 1376/4/446
f 1377/5/447 1378/6/447 1379/7/447
f 1377/5/447 1379/7/447 1380/8/447
f 1381/8/448 1382/7/448 1383/2/448
f 1381/8/448 1383/2/448 1384/1/448
f 1385/1/449 1386/2/449 1387/3/449
f 1385/1/449 1387/3/449 1388/4/449
f 1389/5/450 1390/6/450 1391/7/450
f 1389/5/450 1391/7/450 1392/8/450
f 1393/8/451 1394/7/451 1395/2/451
f 1393/8/452 1395/2/452 1396/1/452
f 1397/1/453 1398/2/453 1399/3/453
f 1397/1/453 1399/3/453 1400/4/453
f 1401/5/454 1402/6/454 1403/7/454
f 1401/5/454 1403/7/454 1404/8/454
f 1405/8/455 1406/7/455 1407/2/455
s 2
f 1405/8/456 1407/2/456 1408/1/456
s 0
f 1409/1/457 1410/2/457 1411/3/457
f 1409/1/457 1411/3/457 1412/4/457
f 1413/5/458 1414/6/458 1415/7/458
f 1413/5/459 1415/7/459 1416/8/459
f 1417/8/460 1418/7/460 1419/2/460
f 1417/8/461 1419/2/461 1420/1/461
f 1421/1/462 1422/2/462 1423/3/462
f 1421/1/462 1423/3/462 1424/4/462
f 1425/5/463 1426/6/463 1427/7/463
f 1425/5/464 1427/7/464 1428/8/464
f 1429/8/465 1430/7/465 1431/2/465
f 1429/8/465 1431/2/465 1432/1/465
f 1433/1/466 1434/2/466 1435/3/466
f 1433/1/467 1435/3/467 1436/4/467
f 1437/5/468 1438/6/468 1439/7/468
f 1437/5/468 1439/7/468 1440/8/468
f 1441/8/469 1442/7/469 1443/2/469
f 1441/8/469 1443/2/469 1444/1/469
f 1445/1/470 1446/2/470 1447/3/470
f 1445/1/471 1447/3/471 1448/4/471
f 1449/5/472 1450/6/472 1451/7/472
f 1449/5/473 1451/7/473 1452/8/473
f 1453/8/474 1454/7/474 1455/2/474
f 1453/8/475 1455/2/475 1456/1/475
f 1457/1/476 1458/2/476 1459/3/476
f 1457/1/476 1459/3/476 1460/4/476
f 1461/5/477 1462/6/477 1463/7/477
f 1461/5/477 1463/7/477 1464/8/477
f 1465/8/478 1466/7/478 1467/2/478
f 1465/8/478 1467/2/478 1468/1/478
f 1469/1/479 1470/2/479 1471/3/479
f 1469/1/480 1471/3/480 1472/4/480
f 1473/5/481 1474/6/481 1475/7/481
s 2
f 1473/5/482 1475/7/482 1476/8/482
s 0
f 1477/8/483 1478/7/483 1479/2/483
f 1477/8/483 1479/2/483 1480/1/483
f 1481/1/484 1482/2/484 1483/3/484
f 1481/1/485 1483/3/485 1484/4/485
f 1485/5/486 1486/6/486 1487/7/486
f 1485/5/486 1487/7/486 1488/8/486
f 1489/8/487 1490/7/487 1491/2/487
f 1489/8/488 1491/2/488 1492/1/488
f 1493/1/489 1494/2/489 1495/3/489
f 1493/1/489 1495/3/489 1496/4/489
f 1497/5/490 1498/6/490 1499/7/490
f 1497/5/491 1499/7/491 1500/8/491
f 1501/8/492 1502/7/492 1503/2/492
f 1501/8/492 1503/2/492 1504/1/492
f 1505/1/493 1506/2/493 1507/3/493
f 1505/1/494 1507/3/494 1508/4/494
f 1509/5/495 1510/6/495 1511/7/495
f 1509/5/496 1511/7/496 1512/8/496
f 1513/8/497 1514/7/497 1515/2/497
f 1513/8/497 1515/2/497 1516/1/497
f 1517/1/498 1518/2/498 1519/3/498
f 1517/1/498 1519/3/498 1520/4/498
f 1521/5/499 1522/6/499 1523/7/499
f 1521/5/499 1523/7/499 1524/8/499
f 1525/8/500 1526/7/500 1527/2/500
f 1525/8/500 1527/2/500 1528/1/500
f 1529/1/501 1530/2/501 1531/3/501
f 1529/1/501 1531/3/501 1532/4/501
f 1533/5/502 1534/6/502 1535/7/502
f 1533/5/502 1535/7/502 1536/8/502
f 1537/8/503 1538/7/503 1539/2/503
f 1537/8/503 1539/2/503 1540/1/503
f 1541/1/504 1542/2/504 1543/3/504
f 1541/1/505 1543/3/505 1544/4/505
f 1545/5/506 1546/6/506 1547/7/506
f 1545/5/506 1547/7/506 1548/8/506
f 1549/8/507 1550/7/507 1551/2/507
f 1549/8/507 1551/2/507 1552/1/507
f 1553/1/508 1554/2/508 1555/3/508
f 1553/1/509 1555/3/509 1556/4/509
f 1557/5/510 1558/6/510 1559/7/510
f 1557/5/510 1559/7/510 1560/8/510
f 1561/8/511 1562/7/511 1563/2/511
f 1561/8/512 1563/2/512 1564/1/512
f 1565/1/513 1566/2/513 1567/3/513
f 1565/1/513 1567/3/513 1568/4/513
f 1569/5/514 1570/6/514 1571/7/514
f 1569/5/514 1571/7/514 1572/8/514
f 1573/8/515 1574/7/515 1575/2/515
f 1573/8/515 1575/2/515 1576/1/515
f 1577/1/516 1578/2/516 1579/3/516
f 1577/1/517 1579/3/517 1580/4/517
f 1581/5/518 1582/6/518 1583/7/518
f 1581/5/519 1583/7/519 1584/8/519
f 1585/8/520 1586/7/520 1587/2/520
f 1585/8/520 1587/2/520 1588/1/520
f 1589/1/521 1590/2/521 1591/3/521
f 1589/1/522 1591/3/522 1592/4/522
f 1593/5/523 1594/6/523 1595/7/523
f 1593/5/524 1595/7/524 1596/8/524
f 1597/8/525 1598/7/525 1599/2/525
f 1597/8/525 1599/2/525 1600/1/525
f 1601/1/526 1602/2/526 1603/3/526
f 1601/1/526 1603/3/526 1604/4/526
f 1605/5/527 1606/6/527 1607/7/527
f 1605/5/527 1607/7/527 1608/8/527
f 1609/8/528 1610/7/528 1611/2/528
f 1609/8/528 1611/2/528 1612/1/528
f 1613/1/529 1614/2/529 1615/3/529
f 1613/1/529 1615/3/529 1616/4/529
f 1617/5/530 1618/6/530 1619/7/530
f 1617/5/531 1619/7/531 1620/8/531
f 1621/8/532 1622/7/532 1623/2/532
f 1621/8/533 1623/2/533 1624/1/533
f 1625/1/534 1626/2/534 1627/3/534
f 1625/1/535 1627/3/535 1628/4/535
f 1629/5/536 1630/6/536 1631/7/536
f 1629/5/537 1631/7/537 1632/8/537
f 1633/8/538 1634/7/538 1635/2/538
f 1633/8/538 1635/2/538 1636/1/538
f 1637/1/539 1638/2/539 1639/3/539
f 1637/1/539 1639/3/539 1640/4/539
f 1641/5/540 1642/6/540 1643/7/540
f 1641/5/541 1643/7/541 1644/8/541
f 1645/8/542 1646/7/542 1647/2/542
f 1645/8/543 1647/2/543 1648/1/543
f 1649/1/544 1650/2/544 1651/3/544
f 1649/1/545 1651/3/545 1652/4/545
f 1653/5/546 1654/6/546 1655/7/546
f 1653/5/546 1655/7/546 1656/8/546
f 1657/8/547 1658/7/547 1659/2/547
f 1657/8/547 1659/2/547 1660/1/547
f 1661/1/548 1662/2/548 1663/3/548
f 1661/1/549 1663/3/549 1664/4/549
f 1665/5/550 1666/6/550 1667/7/550
f 1665/5/550 1667/7/550 1668/8/550
f 1669/8/551 1670/7/551 1671/2/551
f 1669/8/551 1671/2/551 1672/1/551
f 1673/1/552 1674/2/552 1675/3/552
f 1673/1/552 1675/3/552 1676/4/552
f 1677/5/553 1678/6/553 1679/7/553
f 1677/5/553 1679/7/553 1680/8/553
f 1681/8/554 1682/7/554 1683/2/554
f 1681/8/554 1683/2/554 1684/1/554
f 1685/1/555 1686/2/555 1687/3/555
f 1685/1/556 1687/3/556 1688/4/556
s 1
f 1689/5/557 1690/6/557 1691/7/557
s 0
f 1689/5/558 1691/7/558 1692/8/558
f 1693/8/559 1694/7/559 1695/2/559
f 1693/8/559 1695/2/559 1696/1/559
f 1697/1/560 1698/2/560 1699/3/560
f 1697/1/560 1699/3/560 1700/4/560
f 1701/5/561 1702/6/561 1703/7/561
f 1701/5/561 1703/7/561 1704/8/561
f 1705/8/562 1706/7/562 1707/2/562
f 1705/8/562 1707/2/562 1708/1/562
f 1709/1/563 1710/2/563 1711/3/563
f 1709/1/564 1711/3/564 1712/4/564
f 1713/5/565 1714/6/565 1715/7/565
f 1713/5/565 1715/7/565 1716/8/565
f 1717/8/566 1718/7/566 1719/2/566
f 1717/8/566 1719/2/566 1720/1/566
f 1721/1/567 1722/2/567 1723/3/567
f 1721/1/567 1723/3/567 1724/4/567
f 1725/5/568 1726/6/568 1727/7/568
f 1725/5/569 1727/7/569 1728/8/569
f 1729/8/570 1730/7/570 1731/2/570
f 1729/8/570 1731/2/570 1732/1/570
f 1733/1/571 1734/2/571 1735/3/571
f 1733/1/572 1735/3/572 1736/4/572
f 1737/5/573 1738/6/573 1739/7/573
f 1737/5/573 1739/7/573 1740/8/573
f 1741/8/574 1742/7/574 1743/2/574
f 1741/8/575 1743/2/575 1744/1/575
f 1745/1/576 1746/2/576 1747/3/576
f 1745/1/577 1747/3/577 1748/4/577
f 1749/5/578 1750/6/578 1751/7/578
f 1749/5/578 1751/7/578 1752/8/578
f 1753/8/579 1754/7/579 1755/2/579
f 1753/8/579 1755/2/579 1756/1/579
f 1757/1/580 1758/2/580 1759/3/580
f 1757/1/580 1759/3/580 1760/4/580
f 1761/5/581 1762/6/581 1763/7/581
f 1761/5/582 1763/7/582 1764/8/582
f 1765/8/583 1766/7/583 1767/2/583
f 1765/8/583 1767/2/583 1768/1/583
f 1769/1/18 1770/2/18 1771/3/18
f 1769/1/18 1771/3/18 1772/4/18
f 1773/5/20 1774/6/20 1775/7/20
f 1773/5/20 1775/7/20 1776/8/20
f 1777/8/21 1778/7/21 1779/2/21
f 1777/8/21 1779/2/21 1780/1/21
f 1781/1/58 1782/2/58 1783/3/58
f 1781/1/59 1783/3/59 1784/4/59
f 1785/5/60 1786/6/60 1787/7/60
f 1785/5/60 1787/7/60 1788/8/60
f 1789/8/584 1790/7/584 1791/2/584
f 1789/8/61 1791/2/61 1792/1/61
f 1793/1/86 1794/2/86 1795/3/86
f 1793/1/86 1795/3/86 1796/4/86
f 1797/5/88 1798/6/88 1799/7/88
f 1797/5/88 1799/7/88 1800/8/88
f 1801/8/89 1802/7/89 1803/2/89
f 1801/8/89 1803/2/89 1804/1/89
f 1805/1/90 1806/2/90 1807/3/90
f 1805/1/90 1807/3/90 1808/4/90
f 1809/5/585 1810/6/585 1811/7/585
f 1809/5/585 1811/7/585 1812/8/585
f 1813/8/94 1814/7/94 1815/2/94
f 1813/8/94 1815/2/94 1816/1/94
f 1817/1/95 1818/2/95 1819/3/95
f 1817/1/95 1819/3/95 1820/4/95
f 1821/5/96 1822/6/96 1823/7/96
f 1821/5/96 1823/7/96 1824/8/96
f 1825/8/97 1826/7/97 1827/2/97
f 1825/8/97 1827/2/97 1828/1/97
f 1829/1/126 1830/2/126 1831/3/126
f 1829/1/126 1831/3/126 1832/4/126
f 1833/5/127 1834/6/127 1835/7/127
f 1833/5/127 1835/7/127 1836/8/127
f 1837/8/128 1838/7/128 1839/2/128
f 1837/8/128 1839/2/128 1840/1/128
f 1841/1/586 1842/2/586 1843/3/586
f 1841/1/586 1843/3/586 1844/4/586
f 1845/5/130 1846/6/130 1847/7/130
f 1845/5/130 1847/7/130 1848/8/130
f 1849/8/131 1850/7/131 1851/2/131
f 1849/8/131 1851/2/131 1852/1/131
f 1853/1/142 1854/2/142 1855/3/142
f 1853/1/142 1855/3/142 1856/4/142
f 1857/5/143 1858/6/143 1859/7/143
s 2
f 1857/5/143 1859/7/143 1860/8/143
s 0
f 1861/8/587 1862/7/587 1863/2/587
f 1861/8/587 1863/2/587 1864/1/587
f 1865/1/155 1866/2/155 1867/3/155
f 1865/1/155 1867/3/155 1868/4/155
f 1869/5/156 1870/6/156 1871/7/156
s 2
f 1869/5/156 1871/7/156 1872/8/156
s 0
f 1873/8/588 1874/7/588 1875/2/588
f 1873/8/588 1875/2/588 1876/1/588
f 1877/1/176 1878/2/176 1879/3/176
f 1877/1/589 1879/3/589 1880/4/589
f 1881/5/177 1882/6/177 1883/7/177
f 1881/5/177 1883/7/177 1884/8/177
f 1885/8/178 1886/7/178 1887/2/178
f 1885/8/178 1887/2/178 1888/1/178
f 1889/1/208 1890/2/208 1891/3/208
f 1889/1/208 1891/3/208 1892/4/208
f 1893/5/209 1894/6/209 1895/7/209
f 1893/5/209 1895/7/209 1896/8/209
f 1897/8/210 1898/7/210 1899/2/210
f 1897/8/210 1899/2/210 1900/1/210
f 1901/1/230 1902/2/230 1903/3/230
f 1901/1/230 1903/3/230 1904/4/230
f 1905/5/590 1906/6/590 1907/7/590
f 1905/5/590 1907/7/590 1908/8/590
f 1909/8/233 1910/7/233 1911/2/233
f 1909/8/234 1911/2/234 1912/1/234
f 1913/1/243 1914/2/243 1915/3/243
f 1913/1/243 1915/3/243 1916/4/243
f 1917/5/244 1918/6/244 1919/7/244
f 1917/5/244 1919/7/244 1920/8/244
f 1921/8/591 1922/7/591 1923/2/591
f 1921/8/246 1923/2/246 1924/1/246
f 1925/1/272 1926/2/272 1927/3/272
s 2
f 1925/1/272 1927/3/272 1928/4/272
s 0
f 1929/5/273 1930/6/273 1931/7/273
f 1929/5/273 1931/7/273 1932/8/273
f 1933/8/274 1934/7/274 1935/2/274
f 1933/8/275 1935/2/275 1936/1/275
f 1937/1/314 1938/2/314 1939/3/314
f 1937/1/314 1939/3/314 1940/4/314
f 1941/5/315 1942/6/315 1943/7/315
f 1941/5/316 1943/7/316 1944/8/316
f 1945/8/317 1946/7/317 1947/2/317
f 1945/8/317 1947/2/317 1948/1/317
f 1949/1/592 1950/2/592 1951/3/592
f 1949/1/335 1951/3/335 1952/4/335
f 1953/5/337 1954/6/337 1955/7/337
f 1953/5/337 1955/7/337 1956/8/337
f 1957/8/593 1958/7/593 1959/2/593
f 1957/8/594 1959/2/594 1960/1/594
f 1961/1/350 1962/2/350 1963/3/350
f 1961/1/350 1963/3/350 1964/4/350
s 1
f 1965/5/351 1966/6/351 1967/7/351
f 1965/5/351 1967/7/351 1968/8/351
s 0
f 1969/8/595 1970/7/595 1971/2/595
f 1969/8/352 1971/2/352 1972/1/352
f 1973/1/371 1974/2/371 1975/3/371
f 1973/1/596 1975/3/596 1976/4/596
f 1977/5/372 1978/6/372 1979/7/372
f 1977/5/373 1979/7/373 1980/8/373
f 1981/8/374 1982/7/374 1983/2/374
f 1981/8/374 1983/2/374 1984/1/374
f 1985/1/396 1986/2/396 1987/3/396
f 1985/1/396 1987/3/396 1988/4/396
s 1
f 1989/5/397 1990/6/397 1991/7/397
s 0
f 1989/5/397 1991/7/397 1992/8/397
f 1993/8/597 1994/7/597 1995/2/597
f 1993/8/399 1995/2/399 1996/1/399
f 1997/1/598 1998/2/598 1999/3/598
f 1997/1/480 1999/3/480 2000/4/480
f 2001/5/482 2002/6/482 2003/7/482
f 2001/5/481 2003/7/481 2004/8/481
f 2005/8/483 2006/7/483 2007/2/483
f 2005/8/483 2007/2/483 2008/1/483
f 2009/1/484 2010/2/484 2011/3/484
f 2009/1/484 2011/3/484 2012/4/484
f 2013/5/486 2014/6/486 2015/7/486
f 2013/5/599 2015/7/599 2016/8/599
f 2017/8/600 2018/7/600 2019/2/600
f 2017/8/600 2019/2/600 2020/1/600
f 2021/1/601 2022/2/601 2023/3/601
f 2021/1/601 2023/3/601 2024/4/601
f 2025/5/602 2026/6/602 2027/7/602
f 2025/5/502 2027/7/502 2028/8/502
f 2029/8/503 2030/7/503 2031/2/503
f 2029/8/503 2031/2/503 2032/1/503
f 2033/1/516 2034/2/516 2035/3/516
f 2033/1/516 2035/3/516 2036/4/516
f 2037/5/519 2038/6/519 2039/7/519
f 2037/5/519 2039/7/519 2040/8/519
s 1
f 2041/8/520 2042/7/520 2043/2/520
s 0
f 2041/8/520 2043/2/520 2044/1/520
f 2045/1/521 2046/2/521 2047/3/521
f 2045/1/522 2047/3/522 2048/4/522
f 2049/5/523 2050/6/523 2051/7/523
f 2049/5/524 2051/7/524 2052/8/524
f 2053/8/525 2054/7/525 2055/2/525
f 2053/8/525 2055/2/525 2056/1/525
f 2057/1/529 2058/2/529 2059/3/529
f 2057/1/529 2059/3/529 2060/4/529
f 2061/5/530 2062/6/530 2063/7/530
f 2061/5/531 2063/7/531 2064/8/531
f 2065/8/532 2066/7/532 2067/2/532
f 2065/8/533 2067/2/533 2068/1/533
f 2069/1/564 2070/2/564 2071/3/564
f 2069/1/564 2071/3/564 2072/4/564
f 2073/5/603 2074/6/603 2075/7/603
f 2073/5/604 2075/7/604 2076/8/604
f 2077/8/566 2078/7/566 2079/2/566
f 2077/8/605 2079/2/605 2080/1/605
g Object_15.001_Mesh
v 0.049058 -0.485076 0.000000
v 0.034477 -0.449848 0.000000
v 0.028677 -0.449848 0.008780
v 0.038097 -0.485076 0.020002
v 0.018094 -0.449848 0.013592
v 0.007512 -0.449848 0.008780
v -0.001908 -0.485076 0.020002
v 0.018094 -0.485076 0.030964
v 0.001712 -0.449848 0.000000
v 0.007512 -0.449848 -0.008780
v -0.001908 -0.485076 -0.020002
v -0.012870 -0.485076 0.000000
v 0.018094 -0.449848 -0.013592
v 0.028677 -0.449848 -0.008780
v 0.038097 -0.485076 -0.020002
v 0.018094 -0.485076 -0.030964
v 0.018094 -0.469502 0.000000
v 0.018094 -0.469502 -0.013370
v 0.026731 -0.469502 -0.008637
v 0.031464 -0.469502 0.000000
v -0.015603 -0.427592 0.000000
v -0.003673 -0.427592 -0.012755
v -0.002109 -0.502078 -0.020203
v -0.013181 -0.502078 0.000000
v 0.004725 -0.469502 0.000000
v 0.009458 -0.469502 0.008637
v 0.002366 -0.497263 0.015728
v -0.006254 -0.497263 0.000000
v 0.018094 -0.469502 0.013370
v 0.026731 -0.469502 0.008637
v 0.033823 -0.497263 0.015728
v 0.018094 -0.497263 0.024348
v -0.002109 -0.502078 0.020203
v 0.018094 -0.502078 0.031275
v 0.049370 -0.502078 0.000000
v 0.038298 -0.502078 0.020203
v 0.009458 -0.469502 -0.008637
v 0.002366 -0.497263 -0.015728
v 0.018094 -0.497263 -0.024348
v 0.018094 -0.502078 -0.031275
v -0.040126 -0.414166 0.000000
v -0.019515 -0.408695 -0.021488
v 0.051792 -0.427592 0.000000
v 0.039862 -0.427592 0.012755
v 0.018094 -0.427592 -0.019745
v 0.039862 -0.427592 -0.012755
v 0.018094 -0.427592 0.019745
v -0.003673 -0.427592 0.012755
v 0.076315 -0.414166 0.000000
v 0.055704 -0.408695 0.021488
v 0.018094 -0.404553 -0.033264
v 0.055704 -0.408695 -0.021488
v 0.018094 -0.404553 0.033264
v -0.019515 -0.408695 0.021488
v 0.042443 -0.497263 0.000000
v 0.033823 -0.497263 -0.015728
v 0.038298 -0.502078 -0.020203
v 0.049370 -0.502078 0.000000
v 0.038298 -0.502078 0.020203
v 0.018094 -0.502078 0.031275
v -0.002109 -0.502078 -0.020203
v 0.018094 -0.502078 -0.031275
v 0.219871 -0.081955 -0.180604
v 0.162184 -0.062756 -0.201422
v 0.149161 -0.129250 -0.196638
v 0.205988 -0.152278 -0.176071
v 0.097966 -0.041484 -0.215423
v 0.086080 -0.109262 -0.210343
v 0.261462 -0.178241 -0.144159
v 0.204938 -0.221060 -0.164172
v 0.258955 -0.252125 -0.134328
v 0.148509 -0.195810 -0.183574
v 0.085256 -0.175680 -0.196638
v 0.018095 -0.099514 -0.215423
v 0.018094 -0.167443 -0.201422
v 0.210404 -0.281516 -0.147569
v 0.259994 -0.312210 -0.122406
v 0.154786 -0.257497 -0.164172
v 0.089202 -0.237127 -0.176071
v 0.018094 -0.228554 -0.180604
v 0.018095 -0.015329 -0.221270
v 0.018094 -0.288955 -0.148128
v 0.096390 -0.298172 -0.144159
v 0.167355 -0.318676 -0.134328
v 0.224088 -0.338298 -0.122406
v 0.260411 -0.350608 -0.110607
v 0.276923 -0.100905 -0.148128
v -0.187899 -0.338298 -0.122406
v -0.131166 -0.318676 -0.134328
v -0.118597 -0.257497 -0.164172
v -0.174215 -0.281516 -0.147569
v -0.060201 -0.298172 -0.144159
v -0.053013 -0.237127 -0.176071
v -0.223805 -0.312210 -0.122406
v -0.168749 -0.221060 -0.164172
v -0.222766 -0.252125 -0.134328
v -0.112320 -0.195810 -0.183574
v -0.049067 -0.175680 -0.196638
v -0.169799 -0.152278 -0.176071
v -0.225273 -0.178241 -0.144159
v -0.112972 -0.129250 -0.196638
v -0.049891 -0.109262 -0.210343
v -0.061777 -0.041484 -0.215423
v -0.125995 -0.062756 -0.201422
v -0.183682 -0.081955 -0.180604
v -0.240734 -0.100905 -0.148128
v -0.224222 -0.350608 -0.110607
v 0.142799 0.155248 -0.180604
v 0.107147 0.106631 -0.201422
v 0.166259 0.073623 -0.196638
v 0.205327 0.120267 -0.176071
v 0.067458 0.052411 -0.215423
v 0.128098 0.020055 -0.210343
v 0.246800 0.164741 -0.144159
v 0.270261 0.097900 -0.164172
v 0.316215 0.139468 -0.134328
v 0.229110 0.052253 -0.183574
v 0.190669 -0.001502 -0.196638
v 0.329258 0.084278 -0.147569
v 0.373590 0.121823 -0.122406
v 0.289418 0.038942 -0.164172
v 0.249935 -0.017023 -0.176071
v 0.309852 -0.029313 -0.144159
v 0.351203 0.031786 -0.134328
v 0.387305 0.079612 -0.122406
v 0.410170 0.110305 -0.110607
v 0.178059 0.203366 -0.148128
v -0.004097 0.363982 -0.122406
v -0.038517 0.314934 -0.134328
v -0.012901 0.258590 -0.164172
v 0.018095 0.310352 -0.147569
v -0.083925 0.256783 -0.144159
v -0.054083 0.203859 -0.176071
v 0.040286 0.363983 -0.122406
v 0.049090 0.258590 -0.164172
v 0.074706 0.314934 -0.134328
v 0.018095 0.205565 -0.183574
v -0.021401 0.152576 -0.196638
v -0.106610 0.155248 -0.180604
v -0.070958 0.106631 -0.201422
v 0.090272 0.203859 -0.176071
v 0.120115 0.256783 -0.144159
v 0.057590 0.152576 -0.196638
v 0.018095 0.099977 -0.210343
v -0.031269 0.052411 -0.215423
v -0.141870 0.203366 -0.148128
v 0.018095 0.395166 -0.110607
v -0.154480 -0.001502 -0.196638
v -0.213746 -0.017023 -0.176071
v -0.091909 0.020055 -0.210343
v -0.273663 -0.029313 -0.144159
v -0.253229 0.038942 -0.164172
v -0.315014 0.031786 -0.134328
v -0.192921 0.052253 -0.183574
v -0.130070 0.073623 -0.196638
v -0.293069 0.084278 -0.147569
v -0.351116 0.079612 -0.122406
v -0.234072 0.097900 -0.164172
v -0.169138 0.120267 -0.176071
v -0.210611 0.164741 -0.144159
v -0.280026 0.139468 -0.134328
v -0.337401 0.121823 -0.122406
v -0.373981 0.110305 -0.110607
v 0.334929 0.251031 -0.029953
v 0.421018 0.215667 -0.027894
v 0.421018 0.215667 0.027894
v 0.334929 0.251030 0.029953
v -0.038517 0.314934 0.134328
v -0.064238 0.388572 0.081587
v -0.020265 0.440617 0.075133
v -0.004097 0.363982 0.122406
v -0.083925 0.256783 0.144159
v -0.117971 0.323128 0.087687
v -0.141870 0.203366 0.148128
v -0.184808 0.262127 0.090274
v -0.210611 0.164741 0.144159
v -0.263485 0.217405 0.087687
v -0.280026 0.139468 0.134328
v -0.342349 0.186512 0.081587
v -0.337401 0.121823 0.122406
v -0.405457 0.160759 0.075133
v -0.373981 0.110305 0.110607
v -0.437317 0.130767 0.071991
v -0.351116 0.079612 0.122406
v -0.429164 0.087795 0.075133
v -0.315014 0.031786 0.134328
v -0.393234 0.029906 0.081587
v -0.273663 -0.029313 0.144159
v -0.347579 -0.041406 0.087687
v -0.240734 -0.100905 0.148128
v -0.310209 -0.123817 0.090274
v -0.225273 -0.178241 0.144159
v -0.291997 -0.212469 0.087687
v 0.258955 -0.252125 0.134328
v 0.204938 -0.221060 0.164172
v 0.205988 -0.152278 0.176071
v 0.261462 -0.178241 0.144159
v 0.259994 -0.312210 0.122406
v 0.210404 -0.281516 0.147569
v 0.219871 -0.081955 0.180604
v 0.149161 -0.129250 0.196638
v 0.162184 -0.062756 0.201422
v 0.148509 -0.195810 0.183574
v 0.154786 -0.257497 0.164172
v 0.224087 -0.338298 0.122406
v 0.167355 -0.318676 0.134328
v 0.086080 -0.109262 0.210343
v 0.097966 -0.041484 0.215423
v 0.085256 -0.175680 0.196638
v 0.089202 -0.237127 0.176071
v 0.096390 -0.298172 0.144159
v 0.260411 -0.350608 0.110607
v 0.018094 -0.288955 0.148128
v 0.018094 -0.228554 0.180604
v 0.018094 -0.167443 0.201422
v 0.018095 -0.099514 0.215423
v 0.018095 -0.015329 0.221270
v 0.276923 -0.100905 0.148128
v -0.222766 -0.252125 0.134328
v -0.168749 -0.221060 0.164172
v -0.174215 -0.281516 0.147569
v -0.223805 -0.312210 0.122406
v -0.169799 -0.152278 0.176071
v -0.187899 -0.338298 0.122406
v -0.118597 -0.257497 0.164172
v -0.131166 -0.318676 0.134328
v -0.112320 -0.195810 0.183574
v -0.112972 -0.129250 0.196638
v -0.183682 -0.081955 0.180604
v -0.125995 -0.062756 0.201422
v -0.053013 -0.237127 0.176071
v -0.060201 -0.298172 0.144159
v -0.049067 -0.175680 0.196638
v -0.049891 -0.109262 0.210343
v -0.061777 -0.041484 0.215423
v -0.224222 -0.350608 0.110607
v 0.316215 0.139468 0.134328
v 0.270261 0.097900 0.164172
v 0.205327 0.120267 0.176071
v 0.246800 0.164741 0.144159
v 0.373590 0.121823 0.122406
v 0.329258 0.084278 0.147569
v 0.142799 0.155248 0.180604
v 0.166259 0.073623 0.196638
v 0.107147 0.106631 0.201422
v 0.229110 0.052253 0.183574
v 0.289418 0.038942 0.164172
v 0.387305 0.079612 0.122406
v 0.351203 0.031786 0.134328
v 0.128098 0.020055 0.210343
v 0.067458 0.052411 0.215423
v 0.190669 -0.001502 0.196638
v 0.249935 -0.017023 0.176071
v 0.309852 -0.029313 0.144159
v 0.410170 0.110305 0.110607
v 0.178059 0.203366 0.148128
v 0.074706 0.314934 0.134328
v 0.049090 0.258590 0.164172
v 0.018095 0.310352 0.147569
v 0.040286 0.363983 0.122406
v 0.120115 0.256783 0.144159
v 0.090272 0.203859 0.176071
v -0.012901 0.258590 0.164172
v 0.018095 0.205565 0.183574
v 0.057590 0.152576 0.196638
v -0.054083 0.203859 0.176071
v -0.021401 0.152576 0.196638
v 0.018095 0.099977 0.210343
v -0.031269 0.052411 0.215423
v -0.070958 0.106631 0.201422
v -0.106610 0.155248 0.180604
v 0.018095 0.395166 0.110607
v -0.253229 0.038942 0.164172
v -0.213746 -0.017023 0.176071
v -0.293069 0.084278 0.147569
v -0.154480 -0.001502 0.196638
v -0.192921 0.052253 0.183574
v -0.234072 0.097900 0.164172
v -0.091909 0.020055 0.210343
v -0.130070 0.073623 0.196638
v -0.169138 0.120267 0.176071
v -0.287005 -0.297033 0.081587
v -0.263365 -0.404602 0.071991
v -0.282034 -0.365025 0.075133
v -0.219967 -0.410119 0.075133
v -0.153788 -0.393821 0.081587
v -0.071838 -0.372424 0.087687
v 0.018094 -0.362344 0.090274
v 0.108027 -0.372424 0.087687
v 0.189977 -0.393821 0.081587
v 0.299554 -0.404602 0.071991
v 0.256156 -0.410120 0.075133
v 0.318223 -0.365025 0.075133
v 0.323194 -0.297033 0.081587
v 0.346398 -0.123817 0.090274
v 0.328186 -0.212469 0.087687
v 0.383768 -0.041406 0.087687
v 0.429423 0.029906 0.081587
v 0.465353 0.087795 0.075133
v 0.473506 0.130767 0.071991
v 0.441646 0.160759 0.075133
v 0.378539 0.186512 0.081587
v 0.220997 0.262126 0.090274
v 0.299674 0.217405 0.087687
v 0.154160 0.323128 0.087687
v 0.100427 0.388572 0.081587
v 0.056454 0.440617 0.075133
v 0.018095 0.461643 0.071991
v 0.018095 0.461643 -0.071991
v -0.020265 0.440617 -0.075133
v -0.064238 0.388572 -0.081587
v -0.117971 0.323128 -0.087687
v -0.184808 0.262127 -0.090274
v -0.263485 0.217405 -0.087687
v -0.342349 0.186512 -0.081587
v -0.405457 0.160759 -0.075133
v -0.437317 0.130767 -0.071991
v -0.429164 0.087795 -0.075133
v -0.393234 0.029906 -0.081587
v -0.347579 -0.041406 -0.087687
v -0.310209 -0.123817 -0.090274
v -0.291997 -0.212469 -0.087687
v -0.287005 -0.297033 -0.081587
v -0.282034 -0.365025 -0.075133
v -0.263365 -0.404602 -0.071991
v -0.219967 -0.410119 -0.075133
v -0.153788 -0.393821 -0.081587
v -0.071838 -0.372424 -0.087687
v 0.018094 -0.362344 -0.090274
v 0.108027 -0.372424 -0.087687
v 0.189977 -0.393821 -0.081587
v 0.256156 -0.410119 -0.075133
v 0.299554 -0.404602 -0.071991
v 0.318223 -0.365025 -0.075133
v 0.323194 -0.297033 -0.081587
v 0.328186 -0.212469 -0.087687
v 0.346398 -0.123817 -0.090274
v 0.383768 -0.041406 -0.087687
v 0.429423 0.029906 -0.081587
v 0.465353 0.087795 -0.075133
v 0.473506 0.130767 -0.071991
v 0.441646 0.160759 -0.075133
v 0.378539 0.186512 -0.081587
v 0.299674 0.217405 -0.087687
v 0.220997 0.262126 -0.090274
v -0.028058 0.493944 -0.025826
v 0.018095 0.515973 -0.024927
v 0.018095 0.515973 0.024927
v -0.028058 0.493944 0.025826
v -0.298740 0.251031 -0.029953
v -0.212762 0.300498 -0.030842
v -0.212762 0.300498 0.030842
v -0.298740 0.251031 0.029953
v -0.482343 0.096823 -0.025826
v -0.489032 0.147523 -0.024927
v -0.489032 0.147523 0.024927
v -0.482343 0.096823 0.025826
v -0.245040 -0.457945 -0.025826
v -0.295327 -0.448640 -0.024927
v -0.295327 -0.448640 0.024927
v -0.245040 -0.457945 0.025826
v 0.116729 -0.420521 -0.029953
v 0.018094 -0.410004 -0.030842
v 0.018094 -0.410004 0.030842
v 0.116729 -0.420521 0.029953
v 0.355906 -0.403689 -0.025826
v 0.331516 -0.448641 -0.024927
v 0.331516 -0.448640 0.024927
v 0.355906 -0.403689 0.025826
v 0.432109 -0.048060 -0.029953
v 0.391627 -0.138616 -0.030842
v 0.391628 -0.138616 0.030842
v 0.432109 -0.048060 0.029953
v 0.490008 0.184610 -0.025826
v 0.525222 0.147523 -0.024927
v 0.525222 0.147523 0.024927
v 0.490008 0.184610 0.025826
v 0.175336 0.366982 -0.029953
v 0.248951 0.300498 -0.030842
v 0.248951 0.300498 0.030842
v 0.175336 0.366982 0.029953
v 0.115101 0.437928 0.027894
v 0.154160 0.323128 -0.087687
v 0.100427 0.388572 -0.081587
v 0.056454 0.440617 -0.075133
v 0.371150 -0.235673 -0.029953
v 0.364122 -0.328478 -0.027894
v 0.364122 -0.328478 0.027894
v 0.371150 -0.235673 0.029953
v 0.518532 0.096822 -0.025826
v 0.518532 0.096823 0.025826
v -0.334961 -0.235673 -0.029953
v -0.355439 -0.138616 -0.030842
v -0.355439 -0.138616 0.030842
v -0.334961 -0.235673 0.029953
v 0.064247 0.493943 -0.025826
v 0.064247 0.493943 0.025826
v -0.139147 0.366982 -0.029953
v -0.078912 0.437928 -0.027894
v -0.078912 0.437928 0.027894
v -0.139147 0.366982 0.029953
v -0.453819 0.184610 -0.025826
v -0.384829 0.215667 -0.027894
v -0.384829 0.215667 0.027894
v -0.453819 0.184610 0.025826
v -0.395920 -0.048060 -0.029953
v -0.444782 0.031149 -0.027894
v -0.444782 0.031149 0.027894
v -0.395920 -0.048060 0.029953
v -0.319717 -0.403689 -0.025826
v -0.327933 -0.328477 -0.027894
v -0.327933 -0.328477 0.027894
v -0.319717 -0.403689 0.025826
v -0.080540 -0.420521 -0.029953
v -0.170972 -0.442516 -0.027894
v -0.170972 -0.442516 0.027894
v -0.080540 -0.420521 0.029953
v 0.281229 -0.457945 -0.025826
v 0.207161 -0.442516 -0.027894
v 0.207161 -0.442516 0.027894
v 0.281229 -0.457945 0.025826
v 0.480971 0.031149 0.027894
v 0.115101 0.437928 -0.027894
v 0.480971 0.031149 -0.027894
v -0.002109 -0.502078 0.020203
v 0.039862 -0.427592 -0.012755
v 0.055704 -0.408695 -0.021488
v 0.028677 -0.449848 -0.008780
vn 0.9798 0.1999 -0.0000
vn 0.9941 -0.1087 0.0001
vn 0.6167 -0.0023 0.7872
vn 0.6836 0.1973 0.7027
vn -0.0000 0.0674 0.9977
vn -0.6167 -0.0023 0.7872
vn -0.6836 0.1973 0.7026
vn -0.0000 0.2162 0.9763
vn -0.9941 -0.1086 -0.0001
vn -0.6168 -0.0023 -0.7872
vn -0.6836 0.1973 -0.7027
vn -0.9798 0.1999 -0.0000
vn -0.0000 0.0674 -0.9977
vn 0.6167 -0.0023 -0.7872
vn 0.6836 0.1973 -0.7027
vn -0.0000 0.2162 -0.9763
vn -0.0000 -1.0000 -0.0000
vn -0.4499 -0.7715 0.4499
vn -0.6615 -0.7499 -0.0000
vn -0.6404 -0.7680 -0.0000
vn -0.4331 -0.5283 -0.7302
vn -0.3979 -0.8267 -0.3978
vn -0.6376 -0.7704 -0.0000
vn 0.6615 -0.7499 -0.0000
vn 0.4499 -0.7715 -0.4498
vn 0.5562 -0.6174 -0.5562
vn 0.7437 -0.6685 -0.0000
vn -0.0000 -0.7499 -0.6615
vn -0.4498 -0.7715 -0.4499
vn -0.5562 -0.6174 -0.5562
vn -0.0000 -0.6685 -0.7437
vn -0.3978 -0.8267 0.3978
vn -0.0000 -0.7705 0.6375
vn 0.6375 -0.7705 -0.0000
vn 0.3979 -0.8267 0.3978
vn -0.0000 -0.7499 0.6615
vn 0.5562 -0.6174 0.5563
vn -0.0000 -0.6685 0.7437
vn -0.0000 -0.7705 -0.6375
vn -0.5364 -0.8440 -0.0000
vn -0.3634 -0.6440 -0.6731
vn 0.6404 -0.7680 -0.0000
vn 0.4331 -0.5283 0.7302
vn -0.0000 -0.4334 -0.9012
vn 0.4331 -0.5283 -0.7303
vn -0.0000 -0.4334 0.9012
vn -0.4331 -0.5284 0.7302
vn 0.5364 -0.8440 -0.0000
vn 0.3634 -0.6440 0.6731
vn -0.0000 -0.5350 -0.8448
vn 0.3634 -0.6440 -0.6732
vn -0.0000 -0.5350 0.8448
vn -0.3634 -0.6440 0.6732
vn -0.7437 -0.6685 -0.0000
vn -0.5562 -0.6175 0.5562
vn 0.3977 -0.8268 -0.3978
vn 0.6375 -0.7705 -0.0001
vn 0.3978 -0.8268 0.3977
vn -0.0000 -0.7704 0.6375
vn -0.3977 -0.8268 -0.3978
vn -0.0001 -0.7705 -0.6375
vn -0.6615 -0.7500 -0.0000
vn -0.3712 0.1207 0.9207
vn -0.2446 0.0795 0.9664
vn -0.2169 0.1519 0.9643
vn -0.3537 0.1502 0.9232
vn -0.1276 0.0413 0.9910
vn -0.1039 0.1429 0.9843
vn -0.5142 0.1405 0.8460
vn -0.3093 0.1995 0.9298
vn -0.4873 0.1496 0.8603
vn -0.1711 0.2353 0.9567
vn -0.0773 0.2524 0.9645
vn -0.0001 0.1336 0.9910
vn 0.0001 0.2563 0.9666
vn -0.2191 0.3014 0.9280
vn -0.4082 0.2296 0.8835
vn -0.0942 0.3551 0.9301
vn -0.0334 0.3815 0.9238
vn 0.0001 0.3889 0.9213
vn -0.0000 -0.0002 1.0000
vn -0.0000 0.5376 0.8432
vn 0.0253 0.5311 0.8469
vn 0.0085 0.5088 0.8608
vn -0.0922 0.4588 0.8837
vn -0.2804 0.3860 0.8789
vn -0.5127 0.1666 0.8422
vn 0.0922 0.4588 0.8837
vn -0.0085 0.5088 0.8608
vn 0.0940 0.3551 0.9301
vn 0.2188 0.3010 0.9282
vn -0.0253 0.5311 0.8469
vn 0.0333 0.3815 0.9238
vn 0.4082 0.2297 0.8835
vn 0.3093 0.1994 0.9298
vn 0.4875 0.1495 0.8602
vn 0.1710 0.2352 0.9568
vn 0.0772 0.2525 0.9645
vn 0.3536 0.1501 0.9233
vn 0.5143 0.1405 0.8460
vn 0.2169 0.1517 0.9643
vn 0.1039 0.1428 0.9843
vn 0.1273 0.0411 0.9910
vn 0.2445 0.0795 0.9664
vn 0.3712 0.1207 0.9207
vn 0.5127 0.1666 0.8423
vn 0.2804 0.3860 0.8788
vn -0.2310 -0.3179 0.9196
vn -0.1524 -0.2096 0.9658
vn -0.2128 -0.1605 0.9638
vn -0.2537 -0.2918 0.9222
vn -0.0792 -0.1092 0.9909
vn -0.1689 -0.0550 0.9841
vn -0.2938 -0.4474 0.8447
vn -0.2871 -0.2336 0.9290
vn -0.2940 -0.4185 0.8593
vn -0.2782 -0.0905 0.9562
vn -0.2655 0.0044 0.9641
vn -0.3556 -0.1157 0.9274
vn -0.3456 -0.3180 0.8828
vn -0.3684 0.0201 0.9295
vn -0.3746 0.0864 0.9231
vn -0.4985 0.1885 0.8461
vn -0.4823 0.1655 0.8602
vn -0.4657 0.0540 0.8833
vn -0.4546 -0.1477 0.8784
vn -0.3182 -0.4380 0.8408
vn 0.1956 -0.4273 0.8827
vn 0.3073 -0.4089 0.8593
vn 0.1338 -0.3453 0.9289
vn -0.0000 -0.3744 0.9273
vn 0.3347 -0.4175 0.8448
vn 0.1993 -0.3315 0.9222
vn -0.1956 -0.4273 0.8827
vn -0.1338 -0.3453 0.9289
vn -0.3074 -0.4089 0.8592
vn -0.0000 -0.2933 0.9560
vn 0.0870 -0.2524 0.9637
vn 0.2310 -0.3179 0.9196
vn 0.1523 -0.2097 0.9658
vn -0.1993 -0.3315 0.9222
vn -0.3348 -0.4175 0.8447
vn -0.0870 -0.2524 0.9637
vn -0.0000 -0.1782 0.9840
vn 0.0791 -0.1090 0.9909
vn 0.3182 -0.4380 0.8407
vn -0.0000 -0.4785 0.8781
vn 0.2655 0.0044 0.9641
vn 0.3746 0.0865 0.9231
vn 0.1691 -0.0551 0.9841
vn 0.4985 0.1886 0.8461
vn 0.3683 0.0202 0.9295
vn 0.4823 0.1654 0.8603
vn 0.2783 -0.0906 0.9562
vn 0.2128 -0.1604 0.9638
vn 0.3556 -0.1157 0.9274
vn 0.4657 0.0540 0.8833
vn 0.2870 -0.2337 0.9290
vn 0.2536 -0.2918 0.9222
vn 0.2937 -0.4474 0.8447
vn 0.2939 -0.4186 0.8593
vn 0.3457 -0.3179 0.8828
vn 0.4546 -0.1477 0.8784
vn -0.4191 -0.8429 0.3374
vn -0.3850 -0.8583 0.3393
vn -0.3851 -0.8583 -0.3391
vn -0.4193 -0.8429 -0.3372
vn 0.3073 -0.4089 -0.8593
vn 0.4839 -0.4867 -0.7273
vn 0.3724 -0.5310 -0.7612
vn 0.1956 -0.4273 -0.8827
vn 0.3347 -0.4175 -0.8448
vn 0.4769 -0.5084 -0.7170
vn 0.3182 -0.4380 -0.8408
vn 0.4098 -0.5639 -0.7170
vn 0.2937 -0.4474 -0.8447
vn 0.3363 -0.6108 -0.7168
vn 0.2939 -0.4186 -0.8593
vn 0.3134 -0.6106 -0.7273
vn 0.3457 -0.3179 -0.8828
vn 0.3899 -0.5182 -0.7612
vn 0.4546 -0.1477 -0.8784
vn 0.5703 -0.1854 -0.8002
vn 0.4657 0.0540 -0.8833
vn 0.6194 0.1900 -0.7617
vn 0.4823 0.1656 -0.8602
vn 0.6114 0.3095 -0.7283
vn 0.4985 0.1886 -0.8461
vn 0.6298 0.2960 -0.7181
vn 0.5127 0.1666 -0.8422
vn 0.6617 0.2150 -0.7183
vn 0.5142 0.1405 -0.8460
vn 0.6840 0.1304 -0.7177
vn -0.4875 0.1494 -0.8602
vn -0.3093 0.1995 -0.9298
vn -0.3536 0.1501 -0.9233
vn -0.5142 0.1405 -0.8461
vn -0.4082 0.2297 -0.8835
vn -0.2188 0.3010 -0.9282
vn -0.3715 0.1208 -0.9206
vn -0.2169 0.1519 -0.9643
vn -0.2446 0.0795 -0.9664
vn -0.1711 0.2353 -0.9567
vn -0.0941 0.3551 -0.9301
vn -0.0922 0.4588 -0.8837
vn 0.0085 0.5088 -0.8608
vn -0.1039 0.1429 -0.9843
vn -0.1275 0.0413 -0.9910
vn -0.0773 0.2524 -0.9645
vn -0.0334 0.3814 -0.9238
vn 0.0253 0.5311 -0.8469
vn -0.2804 0.3860 -0.8788
vn -0.0000 0.5376 -0.8432
vn -0.0001 0.3889 -0.9213
vn -0.0003 0.2564 -0.9666
vn 0.0001 0.1336 -0.9910
vn -0.0000 -0.0002 -1.0000
vn -0.5127 0.1666 -0.8422
vn 0.4873 0.1496 -0.8603
vn 0.3093 0.1995 -0.9298
vn 0.2188 0.3010 -0.9282
vn 0.4082 0.2296 -0.8835
vn 0.3537 0.1501 -0.9233
vn 0.0922 0.4588 -0.8837
vn 0.0940 0.3551 -0.9301
vn -0.0086 0.5089 -0.8608
vn 0.1710 0.2352 -0.9568
vn 0.2169 0.1517 -0.9643
vn 0.3713 0.1208 -0.9206
vn 0.2447 0.0795 -0.9663
vn 0.0333 0.3815 -0.9238
vn -0.0253 0.5311 -0.8469
vn 0.0771 0.2525 -0.9645
vn 0.1039 0.1428 -0.9843
vn 0.1275 0.0413 -0.9910
vn 0.2804 0.3860 -0.8789
vn -0.2939 -0.4186 -0.8593
vn -0.2868 -0.2337 -0.9290
vn -0.2536 -0.2918 -0.9223
vn -0.2937 -0.4474 -0.8447
vn -0.3457 -0.3179 -0.8828
vn -0.3552 -0.1155 -0.9276
vn -0.2310 -0.3180 -0.9195
vn -0.2128 -0.1605 -0.9638
vn -0.1524 -0.2097 -0.9658
vn -0.2782 -0.0905 -0.9562
vn -0.3682 0.0203 -0.9295
vn -0.4657 0.0540 -0.8833
vn -0.4823 0.1655 -0.8602
vn -0.1689 -0.0550 -0.9841
vn -0.0792 -0.1091 -0.9909
vn -0.2654 0.0045 -0.9641
vn -0.3746 0.0865 -0.9232
vn -0.4985 0.1886 -0.8461
vn -0.4546 -0.1477 -0.8784
vn -0.3182 -0.4380 -0.8407
vn -0.3072 -0.4089 -0.8593
vn -0.1337 -0.3454 -0.9289
vn -0.0000 -0.3744 -0.9273
vn -0.1956 -0.4273 -0.8827
vn -0.3347 -0.4176 -0.8447
vn -0.1992 -0.3315 -0.9222
vn 0.1338 -0.3453 -0.9289
vn -0.0000 -0.2933 -0.9560
vn -0.0870 -0.2524 -0.9637
vn 0.1993 -0.3315 -0.9222
vn 0.0870 -0.2524 -0.9637
vn -0.0000 -0.1782 -0.9840
vn 0.0792 -0.1092 -0.9909
vn 0.1524 -0.2096 -0.9658
vn 0.2311 -0.3179 -0.9195
vn -0.0000 -0.4784 -0.8781
vn 0.3682 0.0203 -0.9295
vn 0.3745 0.0864 -0.9232
vn 0.3552 -0.1155 -0.9276
vn 0.2655 0.0045 -0.9641
vn 0.2783 -0.0906 -0.9562
vn 0.2868 -0.2337 -0.9290
vn 0.1689 -0.0550 -0.9841
vn 0.2128 -0.1604 -0.9638
vn 0.2536 -0.2918 -0.9223
vn 0.6767 0.1091 -0.7281
vn 0.3522 0.4847 -0.8006
vn 0.6128 0.2103 -0.7617
vn 0.0105 0.6474 -0.7621
vn -0.1053 0.6766 -0.7288
vn -0.0868 0.6898 -0.7187
vn -0.0002 0.6950 -0.7190
vn 0.0872 0.6900 -0.7186
vn 0.1053 0.6766 -0.7288
vn -0.3521 0.4848 -0.8006
vn -0.0105 0.6474 -0.7621
vn -0.6128 0.2103 -0.7617
vn -0.6768 0.1090 -0.7281
vn -0.6617 0.2150 -0.7183
vn -0.6837 0.1307 -0.7179
vn -0.6298 0.2964 -0.7180
vn -0.6114 0.3094 -0.7283
vn -0.6194 0.1900 -0.7618
vn -0.5704 -0.1852 -0.8003
vn -0.3899 -0.5182 -0.7612
vn -0.3134 -0.6107 -0.7272
vn -0.4097 -0.5639 -0.7170
vn -0.3363 -0.6109 -0.7168
vn -0.4769 -0.5084 -0.7170
vn -0.4839 -0.4867 -0.7274
vn -0.3724 -0.5310 -0.7612
vn -0.0001 -0.6000 -0.8000
vn -0.0000 -0.6004 0.7997
vn 0.3724 -0.5308 0.7613
vn 0.4839 -0.4867 0.7274
vn 0.4774 -0.5084 0.7167
vn 0.4097 -0.5639 0.7170
vn 0.3363 -0.6109 0.7168
vn 0.3134 -0.6107 0.7272
vn 0.3899 -0.5182 0.7612
vn 0.5708 -0.1855 0.7998
vn 0.6193 0.1900 0.7618
vn 0.6114 0.3094 0.7283
vn 0.6298 0.2959 0.7182
vn 0.6617 0.2150 0.7183
vn 0.6837 0.1307 0.7179
vn 0.6767 0.1090 0.7281
vn 0.6128 0.2103 0.7617
vn 0.3525 0.4851 0.8003
vn 0.0104 0.6472 0.7622
vn -0.1054 0.6765 0.7288
vn -0.0872 0.6900 0.7186
vn -0.0000 0.6949 0.7191
vn 0.0868 0.6898 0.7187
vn 0.1053 0.6766 0.7288
vn -0.0105 0.6474 0.7621
vn -0.3524 0.4851 0.8003
vn -0.6128 0.2103 0.7617
vn -0.6767 0.1091 0.7281
vn -0.6840 0.1304 0.7177
vn -0.6617 0.2150 0.7183
vn -0.6298 0.2960 0.7181
vn -0.6114 0.3094 0.7283
vn -0.6194 0.1900 0.7617
vn -0.5710 -0.1853 0.7998
vn -0.3899 -0.5182 0.7612
vn -0.3134 -0.6106 0.7273
vn -0.3360 -0.6112 0.7166
vn -0.4097 -0.5639 0.7170
vn 0.5376 -0.7607 0.3638
vn -0.0000 -0.9274 0.3740
vn -0.0000 -0.9274 -0.3740
vn 0.5375 -0.7608 -0.3637
vn 0.4193 -0.8429 0.3372
vn 0.5523 -0.7603 0.3421
vn 0.5524 -0.7602 -0.3420
vn 0.4191 -0.8429 -0.3374
vn 0.8895 0.2761 0.3640
vn 0.8820 -0.2865 0.3742
vn 0.8820 -0.2865 -0.3742
vn 0.8895 0.2762 -0.3639
vn 0.0123 0.9313 0.3641
vn 0.5450 0.7502 0.3744
vn 0.5450 0.7502 -0.3744
vn 0.0122 0.9313 -0.3641
vn 0.1561 0.9281 0.3381
vn -0.0000 0.9393 0.3431
vn -0.0000 0.9393 -0.3430
vn 0.1562 0.9280 -0.3382
vn -0.8819 0.2994 0.3641
vn -0.5450 0.7502 0.3744
vn -0.5450 0.7502 -0.3744
vn -0.8819 0.2995 -0.3640
vn -0.8344 0.4354 0.3379
vn -0.8935 0.2904 0.3425
vn -0.8936 0.2902 -0.3425
vn -0.8340 0.4357 -0.3385
vn -0.5575 -0.7463 0.3638
vn -0.8820 -0.2865 0.3742
vn -0.8820 -0.2865 -0.3742
vn -0.5575 -0.7463 -0.3637
vn -0.6720 -0.6592 0.3373
vn -0.5524 -0.7602 0.3420
vn -0.5523 -0.7602 -0.3421
vn -0.6721 -0.6591 -0.3375
vn -0.6973 -0.6314 -0.3392
vn -0.4769 -0.5084 0.7169
vn -0.4838 -0.4867 0.7273
vn -0.3724 -0.5310 0.7612
vn -0.9310 0.1382 0.3378
vn -0.9351 0.1009 0.3396
vn -0.9352 0.1010 -0.3395
vn -0.9310 0.1383 -0.3377
vn -0.8895 0.2762 0.3639
vn -0.8895 0.2762 -0.3641
vn 0.9310 0.1383 0.3377
vn 0.8935 0.2903 0.3426
vn 0.8935 0.2903 -0.3426
vn 0.9310 0.1382 -0.3378
vn -0.5376 -0.7608 0.3637
vn -0.5376 -0.7607 -0.3638
vn 0.6722 -0.6589 0.3377
vn 0.6973 -0.6314 0.3392
vn 0.6973 -0.6314 -0.3392
vn 0.6721 -0.6592 -0.3373
vn 0.5575 -0.7463 0.3637
vn 0.3851 -0.8583 0.3392
vn 0.3850 -0.8583 -0.3392
vn 0.5575 -0.7462 -0.3638
vn 0.8343 0.4355 0.3381
vn 0.8158 0.4680 0.3398
vn 0.8158 0.4681 -0.3397
vn 0.8344 0.4354 -0.3379
vn 0.8819 0.2995 0.3640
vn 0.9352 0.1010 0.3395
vn 0.9352 0.1010 -0.3395
vn 0.8819 0.2994 -0.3641
vn -0.1562 0.9280 0.3382
vn -0.1929 0.9204 0.3399
vn -0.1929 0.9205 -0.3399
vn -0.1562 0.9281 -0.3381
vn -0.0122 0.9313 0.3641
vn 0.1929 0.9205 0.3399
vn 0.1929 0.9204 -0.3399
vn -0.0123 0.9312 -0.3642
vn -0.8158 0.4680 -0.3398
vn -0.6973 -0.6314 0.3392
vn -0.8158 0.4680 0.3397
vn 0.5562 -0.6175 -0.5562
vn 0.0001 -0.7705 0.6375
vn -0.3978 -0.8268 0.3977
vn -0.4499 -0.7715 0.4498
vn 0.5563 -0.6174 0.5562
vn 0.4332 -0.5284 -0.7302
vn 0.3635 -0.6440 -0.6731
vn 0.6168 -0.0023 -0.7871
vn 0.4498 -0.7716 0.4498
vt 0.437142 0.525750
vt 0.436237 0.547242
vt 0.431001 0.548007
vt 0.425321 0.527130
vt 0.411700 0.708144
vt 0.405715 0.709315
vt 0.400770 0.688587
vt 0.412076 0.685880
vt 0.411841 0.783984
vt 0.406863 0.785056
vt 0.400499 0.764428
vt 0.411840 0.762403
vt 0.819437 0.100971
vt 0.825681 0.101052
vt 0.825681 0.121796
vt 0.813702 0.122224
vt 0.407812 0.791547
vt 0.402142 0.788342
vt 0.406460 0.785056
vt 0.398180 0.599752
vt 0.411047 0.591317
vt 0.412774 0.598321
vt 0.399521 0.603214
vt 0.400386 0.755275
vt 0.411841 0.753230
vt 0.409163 0.798037
vt 0.413482 0.794750
vt 0.419631 0.804872
vt 0.411767 0.810857
vt 0.811585 0.142704
vt 0.806599 0.142704
vt 0.805654 0.126075
vt 0.814733 0.126074
vt 0.400863 0.680001
vt 0.412283 0.677267
vt 0.437261 0.516462
vt 0.425321 0.517856
vt 0.431510 0.616645
vt 0.431510 0.600693
vt 0.437751 0.607542
vt 0.428431 0.559669
vt 0.437261 0.561339
vt 0.433041 0.572084
vt 0.419702 0.578296
vt 0.425472 0.590709
vt 0.418179 0.749070
vt 0.414060 0.734949
vt 0.422677 0.738586
vt 0.423772 0.750427
vt 0.399787 0.609284
vt 0.412755 0.610742
vt 0.410014 0.622855
vt 0.398180 0.615142
vt 0.406399 0.638229
vt 0.415095 0.645009
vt 0.408643 0.655489
vt 0.402576 0.643364
vt 0.409597 0.719736
vt 0.423772 0.724660
vt 0.427571 0.612409
vt 0.420704 0.633098
vt 0.427571 0.651824
vt 0.415508 0.668630
vt 0.807853 0.085993
vt 0.816151 0.091465
vt 0.814486 0.095606
vt 0.803827 0.088578
vt 0.803800 0.122223
vt 0.815463 0.122223
vt 0.422828 0.807831
vt 0.412726 0.815519
vt 0.433713 0.627505
vt 0.433713 0.618292
vt 0.437751 0.616645
vt 0.437751 0.628479
vt 0.817159 0.074305
vt 0.208453 0.374289
vt 0.193322 0.341659
vt 0.227958 0.334500
vt 0.244945 0.366659
vt 0.178949 0.305266
vt 0.214308 0.298755
vt 0.266400 0.397978
vt 0.282608 0.366245
vt 0.306078 0.396773
vt 0.264813 0.334294
vt 0.251261 0.298446
vt 0.208074 0.260205
vt 0.245864 0.260367
vt 0.317334 0.369458
vt 0.339382 0.397509
vt 0.300896 0.337950
vt 0.287531 0.300771
vt 0.282031 0.260451
vt 0.164278 0.259918
vt 0.320920 0.260446
vt 0.326593 0.304848
vt 0.339480 0.345095
vt 0.352475 0.377252
vt 0.361768 0.397808
vt 0.226537 0.406471
vt 0.352475 0.143644
vt 0.339480 0.175825
vt 0.300896 0.182935
vt 0.317334 0.151368
vt 0.326593 0.216057
vt 0.287531 0.220131
vt 0.339382 0.123182
vt 0.282608 0.154354
vt 0.306078 0.123624
vt 0.264813 0.186396
vt 0.251261 0.222281
vt 0.244945 0.153578
vt 0.266400 0.121986
vt 0.227958 0.185863
vt 0.214308 0.221656
vt 0.178949 0.214688
vt 0.193322 0.178253
vt 0.208453 0.145463
vt 0.226537 0.112945
vt 0.361768 0.123008
vt 0.166766 0.693344
vt 0.194437 0.692915
vt 0.189769 0.731064
vt 0.162100 0.733722
vt 0.108306 0.309787
vt 0.131823 0.287599
vt 0.149404 0.322073
vt 0.126136 0.343399
vt 0.129008 0.738164
vt 0.150469 0.771041
vt 0.118302 0.778517
vt 0.177692 0.767089
vt 0.108154 0.365215
vt 0.140310 0.379023
vt 0.122521 0.402033
vt 0.163841 0.357534
vt 0.135505 0.802726
vt 0.106840 0.810790
vt 0.152112 0.413127
vt 0.133741 0.435415
vt 0.177060 0.391047
vt 0.191653 0.424832
vt 0.163582 0.447966
vt 0.142726 0.468160
vt 0.114429 0.830999
vt 0.121540 0.460218
vt 0.130436 0.480917
vt 0.133604 0.693716
vt -0.000000 0.245109
vt 0.021470 0.225873
vt 0.041871 0.240842
vt 0.114429 0.556661
vt 0.161068 0.587369
vt 0.135505 0.584628
vt 0.048061 0.200427
vt 0.066199 0.217794
vt 0.106840 0.577173
vt 0.150469 0.616020
vt 0.118302 0.609240
vt 0.177692 0.619186
vt 0.086509 0.236680
vt 0.063362 0.258770
vt 0.089401 0.188234
vt 0.108306 0.208796
vt 0.162100 0.653079
vt 0.129008 0.649369
vt 0.189769 0.654897
vt 0.109291 0.259384
vt 0.086509 0.281470
vt 0.131823 0.231618
vt 0.073823 0.167810
vt 0.097552 0.556630
vt 0.163841 0.161826
vt 0.177060 0.128128
vt 0.149404 0.197323
vt 0.191653 0.093963
vt 0.152112 0.105431
vt 0.163582 0.070203
vt 0.140310 0.139720
vt 0.126136 0.175372
vt 0.133741 0.082539
vt 0.142726 0.049455
vt 0.122521 0.116062
vt 0.108154 0.152883
vt 0.094257 0.128954
vt 0.109537 0.089619
vt 0.121540 0.057066
vt 0.130436 0.036282
vt 0.038038 0.750143
vt 0.030638 0.801545
vt 0.003480 0.801351
vt 0.008875 0.749936
vt 0.577806 0.297173
vt 0.546695 0.338369
vt 0.508581 0.335574
vt 0.543337 0.298418
vt 0.619547 0.298295
vt 0.593778 0.341408
vt 0.662573 0.307312
vt 0.642830 0.352235
vt 0.701669 0.326859
vt 0.688105 0.374217
vt 0.734359 0.351627
vt 0.726976 0.401076
vt 0.759394 0.373570
vt 0.758274 0.422425
vt 0.774809 0.387964
vt 0.781358 0.427806
vt 0.782073 0.366446
vt 0.797475 0.410110
vt 0.456346 0.903702
vt 0.474391 0.948527
vt 0.449613 0.969334
vt 0.438022 0.924592
vt 0.481515 0.879770
vt 0.505516 0.922123
vt 0.513464 0.860599
vt 0.542939 0.900376
vt 0.550665 0.851368
vt 0.584944 0.889499
vt 0.588171 0.576433
vt 0.564031 0.606985
vt 0.528220 0.606726
vt 0.550665 0.575400
vt 0.619952 0.575565
vt 0.597507 0.603647
vt 0.667570 0.048295
vt 0.701611 0.032868
vt 0.714188 0.063662
vt 0.682114 0.078238
vt 0.545990 0.638963
vt 0.510832 0.638905
vt 0.580949 0.635184
vt 0.632065 0.595754
vt 0.619072 0.627937
vt 0.729095 0.097142
vt 0.696902 0.112609
vt 0.532390 0.674836
vt 0.497089 0.674673
vt 0.567617 0.672390
vt 0.606351 0.668214
vt 0.641622 0.575188
vt 0.600779 0.712629
vt 0.562161 0.712721
vt 0.527008 0.712925
vt 0.490909 0.713235
vt 0.748677 0.130617
vt 0.713603 0.156609
vt 0.494092 0.599269
vt 0.513464 0.567099
vt 0.588171 0.849558
vt 0.564031 0.818857
vt 0.597507 0.821718
vt 0.619952 0.849868
vt 0.528220 0.819789
vt 0.632065 0.829341
vt 0.580949 0.790186
vt 0.619072 0.797191
vt 0.545990 0.786848
vt 0.510832 0.787528
vt 0.494092 0.828074
vt 0.478400 0.795299
vt 0.567617 0.753023
vt 0.606351 0.756998
vt 0.532390 0.750994
vt 0.497089 0.751765
vt 0.779397 0.209552
vt 0.750828 0.185398
vt 0.774996 0.159100
vt 0.802678 0.183108
vt 0.641622 0.849964
vt 0.533082 0.079940
vt 0.571069 0.084232
vt 0.585300 0.119521
vt 0.547257 0.118432
vt 0.519380 0.049594
vt 0.554363 0.054968
vt 0.592165 0.158568
vt 0.621672 0.120148
vt 0.628267 0.156984
vt 0.607535 0.086260
vt 0.589812 0.056823
vt 0.532799 0.029971
vt 0.567313 0.029879
vt 0.659618 0.118968
vt 0.667054 0.156259
vt 0.645554 0.085223
vt 0.628944 0.055696
vt 0.456346 0.525972
vt 0.481515 0.548930
vt 0.465419 0.582686
vt 0.510098 0.030651
vt 0.554573 0.161530
vt 0.539584 0.245581
vt 0.577024 0.235925
vt 0.562740 0.268383
vt 0.528354 0.278195
vt 0.550668 0.205320
vt 0.588398 0.198433
vt 0.597951 0.264172
vt 0.613216 0.230988
vt 0.624598 0.194680
vt 0.637129 0.264210
vt 0.651263 0.230674
vt 0.662579 0.194415
vt 0.700382 0.201246
vt 0.688391 0.238141
vt 0.676360 0.272216
vt 0.520654 0.299561
vt 0.792213 0.333453
vt 0.772997 0.304090
vt 0.785472 0.266981
vt 0.465419 0.845583
vt 0.764446 0.338542
vt 0.803800 0.232181
vt 0.762068 0.242497
vt 0.750003 0.278566
vt 0.741320 0.314040
vt 0.733887 0.219218
vt 0.721706 0.255176
vt 0.711711 0.290153
vt 0.626194 0.886177
vt 0.679265 0.872164
vt 0.659865 0.882977
vt 0.680803 0.847494
vt 0.671135 0.810018
vt 0.659214 0.763636
vt 0.653691 0.712689
vt 0.659214 0.661657
vt 0.671135 0.615111
vt 0.679265 0.553002
vt 0.680804 0.577543
vt 0.659865 0.542645
vt 0.626194 0.540208
vt 0.542939 0.528095
vt 0.584944 0.537870
vt 0.505516 0.507465
vt 0.425321 0.578296
vt 0.398180 0.550964
vt 0.425321 0.516462
vt 0.474391 0.482099
vt 0.438022 0.505924
vt 0.449613 0.462163
vt 0.473886 0.012773
vt 0.495507 0.002507
vt 0.472312 0.036427
vt 0.483621 0.072591
vt 0.505840 0.167322
vt 0.497995 0.117604
vt 0.501913 0.217407
vt 0.491108 0.263337
vt 0.482683 0.300615
vt 0.486147 0.325122
vt 0.063110 0.534651
vt 0.076146 0.523842
vt 0.382503 0.817174
vt 0.355435 0.830016
vt 0.359446 0.793923
vt 0.389572 0.786669
vt 0.363342 0.749304
vt 0.395528 0.748202
vt 0.365270 0.699392
vt 0.398180 0.704792
vt 0.364234 0.648063
vt 0.396304 0.660061
vt 0.803800 0.000000
vt 0.852761 0.017692
vt 0.852623 0.049456
vt 0.806218 0.027035
vt 0.852761 0.074305
vt 0.810987 0.048825
vt 0.114477 0.017971
vt 0.130360 0.000000
vt 0.151098 0.004815
vt 0.178449 0.025464
vt 0.212630 0.051677
vt 0.253309 0.073209
vt 0.298487 0.083865
vt 0.342540 0.086982
vt 0.378369 0.090019
vt 0.399062 0.100737
vt 0.401001 0.125390
vt 0.391118 0.162899
vt 0.378768 0.209329
vt 0.373026 0.260302
vt 0.378768 0.311317
vt 0.391118 0.357823
vt 0.401001 0.395364
vt 0.399062 0.419927
vt 0.378369 0.430381
vt 0.342540 0.432981
vt 0.298487 0.435525
vt 0.253309 0.445524
vt 0.212630 0.466371
vt 0.178449 0.491933
vt 0.151098 0.512031
vt 0.130360 0.516462
vt 0.097553 0.831440
vt 0.063110 0.853854
vt 0.063029 0.829285
vt 0.070900 0.791679
vt 0.080084 0.745100
vt 0.084271 0.694051
vt 0.327282 0.840588
vt 0.326537 0.869530
vt 0.298266 0.869293
vt 0.297992 0.840343
vt 0.331470 0.639558
vt 0.331500 0.695804
vt 0.296521 0.695511
vt 0.297499 0.639273
vt 0.235301 0.545092
vt 0.235455 0.516462
vt 0.263643 0.516462
vt 0.264506 0.545092
vt 0.735880 0.862334
vt 0.731267 0.890897
vt 0.715035 0.890436
vt 0.719063 0.861856
vt 0.719847 0.657500
vt 0.715253 0.713500
vt 0.695170 0.712929
vt 0.700343 0.656945
vt 0.772443 0.490770
vt 0.772952 0.462163
vt 0.801224 0.462163
vt 0.801735 0.490770
vt 0.770096 0.695519
vt 0.769591 0.639488
vt 0.804571 0.639488
vt 0.804068 0.695519
vt 0.025144 0.843628
vt 0.027414 0.872086
vt 0.003145 0.871913
vt 0.000000 0.843448
vt 0.038038 0.638283
vt 0.041530 0.694155
vt 0.011502 0.693941
vt 0.008875 0.638075
vt 0.466919 0.228378
vt 0.456594 0.278544
vt 0.080083 0.643107
vt 0.070900 0.596747
vt 0.063029 0.559300
vt 0.770097 0.583668
vt 0.771268 0.532612
vt 0.802905 0.532612
vt 0.804069 0.583668
vt 0.772950 0.817584
vt 0.772442 0.789165
vt 0.801733 0.789165
vt 0.801222 0.817584
vt 0.230975 0.749704
vt 0.230113 0.693647
vt 0.264990 0.693647
vt 0.264847 0.749704
vt 0.027413 0.516635
vt 0.025144 0.545207
vt 0.000000 0.545028
vt 0.003144 0.516462
vt 0.330492 0.750594
vt 0.328844 0.799971
vt 0.297209 0.799706
vt 0.296521 0.750309
vt 0.329892 0.544367
vt 0.330719 0.587130
vt 0.299084 0.586865
vt 0.300602 0.544121
vt 0.231173 0.637865
vt 0.233386 0.586882
vt 0.264929 0.586882
vt 0.265045 0.637865
vt 0.234774 0.843455
vt 0.233007 0.801261
vt 0.264550 0.801261
vt 0.263979 0.843455
vt 0.719847 0.769347
vt 0.729389 0.820458
vt 0.711226 0.819942
vt 0.700343 0.768792
vt 0.735880 0.563951
vt 0.729389 0.606065
vt 0.711226 0.605549
vt 0.719063 0.563473
vt 0.449484 0.319704
vt 0.455503 0.347819
vt 0.480644 0.361765
vt 0.522088 0.366949
vt 0.573081 0.371678
vt 0.626499 0.384054
vt 0.676534 0.407662
vt 0.720392 0.435926
vt 0.756635 0.457763
vt 0.784239 0.462163
vt 0.803800 0.442947
vt 0.461474 1.000000
vt 0.491295 0.978259
vt 0.527402 0.950022
vt 0.295587 0.642120
vt 0.296521 0.692971
vt 0.295407 0.744093
vt 0.292808 0.790843
vt 0.289801 0.828587
vt 0.693871 0.904548
vt 0.715035 0.535030
vt 0.693871 0.521485
vt 0.829689 0.504537
vt 0.833346 0.541909
vt 0.836802 0.588170
vt 0.838267 0.639065
vt 0.836801 0.690154
vt 0.833345 0.736823
vt 0.802904 0.747015
vt 0.829687 0.774499
vt 0.827905 0.799045
vt 0.441850 -0.000000
vt 0.438021 0.027692
vt 0.448357 0.068727
vt 0.462623 0.118919
vt 0.470636 0.173666
vt 0.329645 0.516698
vt 0.301374 0.516462
vt 0.030638 0.587124
vt 0.003480 0.586930
vt 0.731267 0.535491
vt 0.771267 0.747015
vt 0.234827 0.871844
vt 0.263015 0.871844
vt 0.353446 0.854807
vt 0.361151 0.600429
vt 0.357796 0.562020
vt 0.356237 0.537956
vt 0.205316 0.558653
vt 0.206895 0.533983
vt 0.200891 0.595949
vt 0.196429 0.642120
vt 0.194437 0.692971
vt 0.196248 0.744093
vt 0.200547 0.790843
vt 0.204839 0.828587
vt 0.433589 0.082435
vt 0.410790 0.068435
vt 0.438022 0.110992
vt 0.429732 0.152946
vt 0.418149 0.204152
vt 0.412636 0.260046
vt 0.418149 0.316009
vt 0.429732 0.367358
vt 0.438021 0.409401
vt 0.433589 0.437872
vt 0.410790 0.451532
vt 0.740812 0.541909
vt 0.744474 0.504537
vt 0.737349 0.588170
vt 0.735880 0.639065
vt 0.737348 0.690154
vt 0.740811 0.736823
vt 0.744473 0.774499
vt 0.746254 0.799045
vt 0.415238 0.790016
vt 0.825983 0.093243
vt 0.827115 0.097890
vt 0.429687 0.626795
vt 0.433713 0.616645
vt 0.433713 0.628458
vt 0.414753 0.634925
vt 0.426065 0.633098
vt 0.417714 0.709513
vt 0.423772 0.719736
vt 0.411409 0.717686
vt 0.428431 0.548007
vt 0.437261 0.549793
vt 0.821716 0.077310
vt 0.827115 0.078286
vt 0.423451 0.688962
vt 0.423772 0.680380
vt 0.816224 0.144525
vt 0.823181 0.129393
vt 0.400386 0.793077
vt 0.814105 0.097890
vt 0.803800 0.115819
vt 0.433731 0.599817
vt 0.428834 0.600693
vt 0.428834 0.587837
vt 0.437751 0.586243
vt 0.402160 0.808473
vt 0.400386 0.812457
vt 0.807832 0.078608
vt 0.803800 0.079092
vt 0.408796 0.742658
vt 0.400386 0.731520
vt 0.414216 0.753230
vt 0.400770 0.677267
vt 0.400770 0.661487
vt 0.433549 0.585781
vt 0.428431 0.586242
vt 0.428431 0.572925
vt 0.437751 0.572084
vt 0.423185 0.764428
vt 0.423300 0.755275
vt 0.416821 0.785056
s 1
g off
g Object_15.001_transparent
usemtl transparent
f 2084/9/606 2085/10/607 2086/11/608
f 2084/9/606 2086/11/608 2087/12/609
f 2088/13/610 2089/14/611 2090/15/612
f 2088/13/610 2090/15/612 2091/16/613
f 2092/17/614 2093/18/615 2094/19/616
f 2092/17/614 2094/19/616 2095/20/617
f 2096/21/618 2097/22/619 2098/23/620
f 2096/21/618 2098/23/620 2099/24/621
f 2100/25/622 2102/26/623 2103/27/624
f 2092/28/614 2104/29/625 2105/30/626
f 2092/28/614 2105/30/626 2093/31/615
f 2095/20/617 2094/19/616 2106/32/627
f 2095/20/617 2106/32/627 2107/33/628
f 2108/34/629 2109/35/630 2110/36/631
f 2108/34/629 2110/36/631 2111/37/632
f 2112/38/633 2113/39/634 2114/40/635
f 2112/38/633 2114/40/635 2115/41/636
f 2091/16/613 2090/15/612 2116/42/637
f 2091/16/613 2116/42/637 2117/43/638
f 2118/44/639 2084/9/606 2087/12/609
f 2118/44/639 2087/12/609 2119/45/640
f 2101/46/641 2121/47/642 2122/48/643
f 2123/49/644 2099/50/621 2098/51/620
f 2104/29/625 2124/52/645 2125/53/646
f 2104/29/625 2125/53/646 2105/30/626
f 2085/54/607 2126/55/647 2127/56/648
f 2085/54/607 2127/56/648 2086/57/608
f 2096/58/618 2128/59/649 2129/60/650
f 2096/58/618 2129/60/650 2097/61/619
f 2088/62/610 2130/63/651 2131/64/652
f 2088/62/610 2131/64/652 2089/65/611
f 2126/55/647 2132/66/653 2133/67/654
f 2126/55/647 2133/67/654 2127/56/648
f 2128/59/649 2134/68/655 2135/69/656
f 2128/59/649 2135/69/656 2129/60/650
f 2130/63/651 2136/70/657 2137/71/658
f 2130/63/651 2137/71/658 2131/64/652
f 2138/72/659 2139/73/660 2140/74/661
f 2138/72/659 2140/74/661 2141/75/662
f 2115/41/636 2114/40/635 2142/76/663
f 2115/41/636 2142/76/663 2143/77/664
f 2111/37/632 2110/36/631 2116/78/637
f 2111/37/632 2116/78/637 2107/79/628
f 2122/80/643 2121/81/642 2144/82/665
f 2122/80/643 2144/82/665 2145/83/666
f 2103/84/667 2139/73/660 2138/72/659
f 2146/85/668 2147/86/669 2148/87/670
f 2146/85/668 2148/87/670 2149/88/671
f 2147/86/669 2150/89/672 2151/90/673
f 2147/86/669 2151/90/673 2148/87/670
f 2152/91/674 2149/88/671 2153/92/675
f 2152/91/674 2153/92/675 2154/93/676
f 2149/88/671 2148/87/670 2155/94/677
f 2149/88/671 2155/94/677 2153/92/675
f 2148/87/670 2151/90/673 2156/95/678
f 2148/87/670 2156/95/678 2155/94/677
f 2157/96/679 2158/97/680 2156/95/678
f 2157/96/679 2156/95/678 2151/90/673
f 2154/93/676 2153/92/675 2159/98/681
f 2154/93/676 2159/98/681 2160/99/682
f 2153/92/675 2155/94/677 2161/100/683
f 2153/92/675 2161/100/683 2159/98/681
f 2155/94/677 2156/95/678 2162/101/684
f 2155/94/677 2162/101/684 2161/100/683
f 2158/97/680 2163/102/685 2162/101/684
f 2158/97/680 2162/101/684 2156/95/678
f 2150/89/672 2164/103/686 2157/96/679
f 2150/89/672 2157/96/679 2151/90/673
f 2163/102/685 2165/104/687 2166/105/688
f 2163/102/685 2166/105/688 2162/101/684
f 2161/100/683 2162/101/684 2166/105/688
f 2161/100/683 2166/105/688 2167/106/689
f 2159/98/681 2161/100/683 2167/106/689
f 2159/98/681 2167/106/689 2168/107/690
f 2160/99/682 2159/98/681 2168/107/690
f 2160/99/682 2168/107/690 2169/108/691
f 2170/109/692 2146/85/668 2149/88/671
f 2170/109/692 2149/88/671 2152/91/674
f 2171/110/693 2172/111/694 2173/112/695
f 2171/110/693 2173/112/695 2174/113/696
f 2172/111/694 2175/114/697 2176/115/698
f 2172/111/694 2176/115/698 2173/112/695
f 2177/116/699 2174/113/696 2178/117/700
f 2177/116/699 2178/117/700 2179/118/701
f 2174/113/696 2173/112/695 2180/119/702
f 2174/113/696 2180/119/702 2178/117/700
f 2173/112/695 2176/115/698 2181/120/703
f 2173/112/695 2181/120/703 2180/119/702
f 2163/102/685 2158/97/680 2181/120/703
f 2163/102/685 2181/120/703 2176/115/698
f 2179/118/701 2178/117/700 2182/121/704
f 2179/118/701 2182/121/704 2183/122/705
f 2178/117/700 2180/119/702 2184/123/706
f 2178/117/700 2184/123/706 2182/121/704
f 2180/119/702 2181/120/703 2185/124/707
f 2180/119/702 2185/124/707 2184/123/706
f 2158/97/680 2157/96/679 2185/124/707
f 2158/97/680 2185/124/707 2181/120/703
f 2175/114/697 2165/104/687 2163/102/685
f 2175/114/697 2163/102/685 2176/115/698
f 2157/96/679 2164/103/686 2186/125/708
f 2157/96/679 2186/125/708 2185/124/707
f 2184/123/706 2185/124/707 2186/125/708
f 2184/123/706 2186/125/708 2187/126/709
f 2182/121/704 2184/123/706 2187/126/709
f 2182/121/704 2187/126/709 2188/127/710
f 2183/122/705 2182/121/704 2188/127/710
f 2183/122/705 2188/127/710 2189/128/711
f 2190/129/712 2171/110/693 2174/113/696
f 2190/129/712 2174/113/696 2177/116/699
f 2191/130/713 2192/131/714 2193/132/715
f 2191/130/713 2193/132/715 2194/133/716
f 2192/134/714 2195/135/717 2196/136/718
f 2192/134/714 2196/136/718 2193/137/715
f 2197/138/719 2194/133/716 2198/139/720
f 2197/138/719 2198/139/720 2199/140/721
f 2194/133/716 2193/132/715 2200/141/722
f 2194/142/716 2200/143/722 2198/144/720
f 2193/137/715 2196/136/718 2201/145/723
f 2193/137/715 2201/145/723 2200/143/722
f 2150/89/672 2147/86/669 2201/145/723
f 2150/89/672 2201/145/723 2196/136/718
f 2199/140/721 2198/139/720 2202/146/724
f 2199/140/721 2202/146/724 2203/147/725
f 2198/144/720 2200/143/722 2204/148/726
f 2198/144/720 2204/148/726 2202/149/724
f 2200/143/722 2201/145/723 2205/150/727
f 2200/143/722 2205/150/727 2204/148/726
f 2147/86/669 2146/85/668 2205/150/727
f 2147/86/669 2205/150/727 2201/145/723
f 2195/135/717 2164/103/686 2150/89/672
f 2195/135/717 2150/89/672 2196/136/718
f 2146/85/668 2170/109/692 2206/151/728
f 2146/85/668 2206/151/728 2205/150/727
f 2204/148/726 2205/150/727 2206/151/728
f 2204/148/726 2206/151/728 2207/152/729
f 2202/149/724 2204/148/726 2207/152/729
f 2202/149/724 2207/152/729 2208/153/730
f 2203/147/725 2202/146/724 2208/154/730
f 2203/155/725 2208/153/730 2209/156/731
f 2210/157/732 2191/130/713 2194/133/716
f 2210/157/732 2194/133/716 2197/138/719
f 2211/158/733 2212/159/734 2213/160/735
f 2211/161/733 2213/162/735 2214/163/736
f 2212/159/734 2215/164/737 2216/165/738
f 2212/159/734 2216/165/738 2213/160/735
f 2217/166/739 2214/163/736 2218/167/740
f 2217/166/739 2218/167/740 2219/168/741
f 2214/163/736 2213/162/735 2220/169/742
f 2214/163/736 2220/169/742 2218/167/740
f 2213/160/735 2216/165/738 2221/170/743
f 2213/160/735 2221/170/743 2220/171/742
f 2222/172/744 2223/173/745 2221/170/743
f 2222/172/744 2221/170/743 2216/165/738
f 2219/168/741 2218/167/740 2224/174/746
f 2219/168/741 2224/174/746 2225/175/747
f 2218/167/740 2220/169/742 2226/176/748
f 2218/167/740 2226/176/748 2224/174/746
f 2220/171/742 2221/170/743 2227/177/749
f 2220/171/742 2227/177/749 2226/178/748
f 2223/173/745 2228/179/750 2227/177/749
f 2223/173/745 2227/177/749 2221/170/743
f 2215/164/737 2229/180/751 2222/172/744
f 2215/164/737 2222/172/744 2216/165/738
f 2228/179/750 2164/103/686 2195/135/717
f 2226/178/748 2227/177/749 2195/135/717
f 2226/178/748 2195/135/717 2192/134/714
f 2224/174/746 2226/176/748 2192/131/714
f 2224/174/746 2192/131/714 2191/130/713
f 2225/175/747 2224/174/746 2191/130/713
f 2225/175/747 2191/130/713 2210/157/732
f 2230/181/752 2211/161/733 2214/163/736
f 2230/181/752 2214/163/736 2217/166/739
f 2187/126/709 2231/182/753 2232/183/754
f 2187/126/709 2232/183/754 2188/127/710
f 2186/125/708 2233/184/755 2231/182/753
f 2186/125/708 2231/182/753 2187/126/709
f 2234/185/756 2232/183/754 2235/186/757
f 2234/185/756 2235/186/757 2236/187/758
f 2232/183/754 2231/182/753 2237/188/759
f 2232/183/754 2237/188/759 2235/186/757
f 2231/182/753 2233/184/755 2238/189/760
f 2231/182/753 2238/189/760 2237/188/759
f 2228/179/750 2223/173/745 2238/189/760
f 2228/179/750 2238/189/760 2233/184/755
f 2236/187/758 2235/186/757 2239/190/761
f 2236/187/758 2239/190/761 2240/191/762
f 2235/186/757 2237/188/759 2241/192/763
f 2235/186/757 2241/192/763 2239/190/761
f 2237/188/759 2238/189/760 2242/193/764
f 2237/188/759 2242/193/764 2241/192/763
f 2223/173/745 2222/172/744 2242/193/764
f 2223/173/745 2242/193/764 2238/189/760
f 2164/103/686 2228/179/750 2233/184/755
f 2164/103/686 2233/184/755 2186/125/708
f 2222/172/744 2229/180/751 2243/194/765
f 2222/172/744 2243/194/765 2242/193/764
f 2241/192/763 2242/193/764 2243/194/765
f 2241/192/763 2243/194/765 2244/195/766
f 2239/190/761 2241/192/763 2244/195/766
f 2239/190/761 2244/195/766 2245/196/767
f 2240/191/762 2239/190/761 2245/196/767
f 2240/191/762 2245/196/767 2246/197/768
f 2188/127/710 2232/183/754 2234/185/756
f 2188/127/710 2234/185/756 2189/128/711
f 2247/198/769 2248/199/770 2249/200/771
f 2247/198/769 2249/200/771 2250/201/772
f 2251/202/773 2252/203/774 2253/204/775
f 2251/202/773 2253/204/775 2254/205/776
f 2255/206/777 2256/207/778 2252/203/774
f 2255/206/777 2252/203/774 2251/202/773
f 2255/206/777 2257/208/779 2258/209/780
f 2255/206/777 2258/209/780 2256/207/778
f 2259/210/781 2260/211/782 2258/209/780
f 2259/210/781 2258/209/780 2257/208/779
f 2261/212/783 2262/213/784 2260/211/782
f 2261/212/783 2260/211/782 2259/210/781
f 2263/214/785 2264/215/786 2262/213/784
f 2263/214/785 2262/213/784 2261/212/783
f 2263/214/785 2265/216/787 2266/217/788
f 2263/214/785 2266/217/788 2264/215/786
f 2267/218/789 2268/219/790 2266/217/788
f 2267/218/789 2266/217/788 2265/216/787
f 2269/220/791 2270/221/792 2268/222/790
f 2269/220/791 2268/222/790 2267/223/789
f 2271/224/793 2272/225/794 2270/221/792
f 2271/224/793 2270/221/792 2269/220/791
f 2271/224/793 2273/226/795 2274/227/796
f 2271/224/793 2274/227/796 2272/225/794
f 2275/228/797 2276/229/798 2274/227/796
f 2275/228/797 2274/227/796 2273/226/795
f 2277/230/799 2278/231/800 2279/232/801
f 2277/230/799 2279/232/801 2280/233/802
f 2281/234/803 2282/235/804 2278/231/800
f 2281/234/803 2278/231/800 2277/230/799
f 2283/236/805 2279/237/801 2284/238/806
f 2283/236/805 2284/238/806 2285/239/807
f 2279/232/801 2278/231/800 2286/240/808
f 2279/232/801 2286/240/808 2284/241/806
f 2278/231/800 2282/235/804 2287/242/809
f 2278/231/800 2287/242/809 2286/240/808
f 2288/243/810 2289/244/811 2287/242/809
f 2288/243/810 2287/242/809 2282/235/804
f 2285/239/807 2284/238/806 2290/245/812
f 2285/239/807 2290/245/812 2291/246/813
f 2284/241/806 2286/240/808 2292/247/814
f 2284/241/806 2292/247/814 2290/248/812
f 2286/240/808 2287/242/809 2293/249/815
f 2286/240/808 2293/249/815 2292/247/814
f 2289/244/811 2294/250/816 2293/249/815
f 2289/244/811 2293/249/815 2287/242/809
f 2295/251/817 2288/243/810 2282/235/804
f 2295/251/817 2282/235/804 2281/234/803
f 2294/250/816 2296/252/818 2297/253/819
f 2294/250/816 2297/253/819 2293/249/815
f 2292/247/814 2293/249/815 2297/253/819
f 2292/247/814 2297/253/819 2298/254/820
f 2290/248/812 2292/247/814 2298/254/820
f 2290/248/812 2298/254/820 2299/255/821
f 2291/246/813 2290/245/812 2299/256/821
f 2291/246/813 2299/256/821 2300/257/822
f 2280/233/802 2279/232/801 2283/258/805
f 2280/233/802 2283/258/805 2301/259/823
f 2302/260/824 2303/261/825 2304/262/826
f 2302/260/824 2304/262/826 2305/263/827
f 2275/228/797 2306/264/828 2303/261/825
f 2275/228/797 2303/261/825 2302/260/824
f 2307/265/829 2304/262/826 2308/266/830
f 2307/265/829 2308/266/830 2309/267/831
f 2304/262/826 2303/261/825 2310/268/832
f 2304/262/826 2310/268/832 2308/266/830
f 2303/261/825 2306/264/828 2311/269/833
f 2303/261/825 2311/269/833 2310/268/832
f 2312/270/834 2313/271/835 2311/269/833
f 2312/270/834 2311/269/833 2306/264/828
f 2309/267/831 2308/266/830 2314/272/836
f 2309/267/831 2314/272/836 2315/273/837
f 2308/266/830 2310/268/832 2316/274/838
f 2308/266/830 2316/274/838 2314/272/836
f 2310/268/832 2311/269/833 2317/275/839
f 2310/268/832 2317/275/839 2316/274/838
f 2313/276/835 2318/277/840 2317/278/839
f 2313/276/835 2317/278/839 2311/279/833
f 2273/226/795 2312/270/834 2306/264/828
f 2273/226/795 2306/264/828 2275/228/797
f 2318/277/840 2300/257/822 2299/256/821
f 2318/277/840 2299/256/821 2317/278/839
f 2316/274/838 2317/275/839 2299/255/821
f 2316/274/838 2299/255/821 2298/254/820
f 2314/272/836 2316/274/838 2298/254/820
f 2314/272/836 2298/254/820 2297/253/819
f 2315/273/837 2314/272/836 2297/253/819
f 2315/273/837 2297/253/819 2296/252/818
f 2305/263/827 2304/262/826 2307/265/829
f 2305/263/827 2307/265/829 2319/280/841
f 2320/281/842 2321/282/843 2322/283/844
f 2320/281/842 2322/283/844 2323/284/845
f 2324/285/846 2325/286/847 2321/282/843
f 2324/285/846 2321/282/843 2320/281/842
f 2326/287/848 2322/283/844 2327/288/849
f 2326/287/848 2327/288/849 2328/289/850
f 2322/283/844 2321/282/843 2329/290/851
f 2322/283/844 2329/290/851 2327/288/849
f 2321/282/843 2325/286/847 2330/291/852
f 2321/282/843 2330/291/852 2329/290/851
f 2331/292/853 2332/293/854 2330/291/852
f 2331/292/853 2330/291/852 2325/286/847
f 2328/289/850 2327/288/849 2333/294/855
f 2328/289/850 2333/294/855 2334/295/856
f 2327/288/849 2329/290/851 2335/296/857
f 2327/288/849 2335/296/857 2333/294/855
f 2329/290/851 2330/291/852 2336/297/858
f 2329/290/851 2336/297/858 2335/296/857
f 2332/298/854 2337/299/859 2336/300/858
f 2332/293/854 2336/297/858 2330/291/852
f 2338/301/860 2331/292/853 2325/286/847
f 2338/301/860 2325/286/847 2324/285/846
f 2337/299/859 2301/259/823 2283/258/805
f 2337/299/859 2283/258/805 2336/300/858
f 2335/296/857 2336/297/858 2283/236/805
f 2335/296/857 2283/236/805 2285/239/807
f 2333/294/855 2335/296/857 2285/239/807
f 2333/294/855 2285/239/807 2291/246/813
f 2334/295/856 2333/294/855 2291/246/813
f 2334/295/856 2291/246/813 2300/257/822
f 2323/284/845 2322/283/844 2326/287/848
f 2323/284/845 2326/287/848 2339/302/861
f 2340/303/862 2341/304/863 2342/305/864
f 2340/303/862 2342/305/864 2343/306/865
f 2344/307/866 2345/308/867 2341/304/863
f 2344/307/866 2341/304/863 2340/303/862
f 2254/205/776 2342/305/864 2346/309/868
f 2254/205/776 2346/309/868 2251/202/773
f 2342/305/864 2341/304/863 2347/310/869
f 2342/305/864 2347/310/869 2346/309/868
f 2341/304/863 2345/308/867 2348/311/870
f 2341/304/863 2348/311/870 2347/310/869
f 2326/287/848 2328/289/850 2348/311/870
f 2326/287/848 2348/311/870 2345/308/867
f 2251/202/773 2346/309/868 2349/312/871
f 2251/202/773 2349/312/871 2255/206/777
f 2346/309/868 2347/310/869 2350/313/872
f 2346/309/868 2350/313/872 2349/312/871
f 2347/310/869 2348/311/870 2351/314/873
f 2347/310/869 2351/314/873 2350/313/872
f 2328/289/850 2334/295/856 2351/314/873
f 2328/289/850 2351/314/873 2348/311/870
f 2339/302/861 2326/287/848 2345/308/867
f 2339/302/861 2345/308/867 2344/307/866
f 2334/295/856 2300/257/822 2352/315/874
f 2334/295/856 2352/315/874 2351/314/873
f 2350/313/872 2351/314/873 2352/315/874
f 2350/313/872 2352/315/874 2353/316/875
f 2349/312/871 2350/313/872 2353/316/875
f 2349/312/871 2353/316/875 2354/317/876
f 2255/206/777 2349/312/871 2354/317/876
f 2255/206/777 2354/317/876 2257/208/779
f 2343/306/865 2342/305/864 2254/205/776
f 2343/306/865 2254/205/776 2355/318/877
f 2269/319/791 2356/320/878 2357/321/879
f 2269/220/791 2357/322/879 2271/224/793
f 2267/218/789 2358/323/880 2356/320/878
f 2267/218/789 2356/320/878 2269/319/791
f 2312/324/834 2357/321/879 2359/325/881
f 2312/324/834 2359/325/881 2313/276/835
f 2357/321/879 2356/320/878 2360/326/882
f 2357/321/879 2360/326/882 2359/325/881
f 2356/320/878 2358/323/880 2361/327/883
f 2356/320/878 2361/327/883 2360/326/882
f 2263/214/785 2261/212/783 2361/327/883
f 2263/214/785 2361/327/883 2358/323/880
f 2313/276/835 2359/325/881 2362/328/884
f 2313/276/835 2362/328/884 2318/277/840
f 2359/325/881 2360/326/882 2363/329/885
f 2359/325/881 2363/329/885 2362/328/884
f 2360/326/882 2361/327/883 2364/330/886
f 2360/326/882 2364/330/886 2363/329/885
f 2261/212/783 2259/210/781 2364/330/886
f 2261/212/783 2364/330/886 2361/327/883
f 2265/216/787 2263/214/785 2358/323/880
f 2265/216/787 2358/323/880 2267/218/789
f 2259/210/781 2257/208/779 2354/317/876
f 2259/210/781 2354/317/876 2364/330/886
f 2363/329/885 2364/330/886 2354/317/876
f 2363/329/885 2354/317/876 2353/316/875
f 2362/328/884 2363/329/885 2353/316/875
f 2362/328/884 2353/316/875 2352/315/874
f 2318/277/840 2362/328/884 2352/315/874
f 2318/277/840 2352/315/874 2300/257/822
f 2271/224/793 2357/322/879 2312/270/834
f 2271/224/793 2312/270/834 2273/226/795
f 2302/260/824 2365/331/887 2276/229/798
f 2302/260/824 2276/229/798 2275/228/797
f 2305/263/827 2319/280/841 2366/332/888
f 2305/263/827 2366/332/888 2367/333/889
f 2307/265/829 2368/334/890 2366/332/888
f 2307/265/829 2366/332/888 2319/280/841
f 2305/263/827 2367/333/889 2365/331/887
f 2305/263/827 2365/331/887 2302/260/824
f 2309/267/831 2369/335/891 2368/334/890
f 2309/267/831 2368/334/890 2307/265/829
f 2315/273/837 2370/336/892 2369/335/891
f 2315/273/837 2369/335/891 2309/267/831
f 2315/273/837 2296/252/818 2371/337/893
f 2315/273/837 2371/337/893 2370/336/892
f 2294/250/816 2372/338/894 2371/337/893
f 2294/250/816 2371/337/893 2296/252/818
f 2289/244/811 2373/339/895 2372/338/894
f 2289/244/811 2372/338/894 2294/250/816
f 2288/243/810 2295/251/817 2374/340/896
f 2288/243/810 2374/340/896 2375/341/897
f 2281/234/803 2376/342/898 2374/340/896
f 2281/234/803 2374/340/896 2295/251/817
f 2288/243/810 2375/341/897 2373/339/895
f 2288/243/810 2373/339/895 2289/244/811
f 2277/230/799 2377/343/899 2376/342/898
f 2277/230/799 2376/342/898 2281/234/803
f 2280/233/802 2301/259/823 2378/344/900
f 2280/233/802 2378/344/900 2379/345/901
f 2337/299/859 2380/346/902 2378/344/900
f 2337/299/859 2378/344/900 2301/259/823
f 2280/347/802 2379/348/901 2377/349/899
f 2280/233/802 2377/343/899 2277/230/799
f 2332/298/854 2381/350/903 2380/346/902
f 2332/298/854 2380/346/902 2337/299/859
f 2331/351/853 2382/352/904 2381/350/903
f 2331/351/853 2381/350/903 2332/298/854
f 2331/292/853 2338/301/860 2383/353/905
f 2331/292/853 2383/353/905 2382/354/904
f 2324/285/846 2384/355/906 2383/353/905
f 2324/285/846 2383/353/905 2338/301/860
f 2320/281/842 2385/356/907 2384/355/906
f 2320/281/842 2384/355/906 2324/285/846
f 2323/284/845 2339/302/861 2386/357/908
f 2323/284/845 2386/357/908 2387/358/909
f 2344/307/866 2388/359/910 2386/357/908
f 2344/307/866 2386/357/908 2339/302/861
f 2323/284/845 2387/358/909 2385/356/907
f 2323/284/845 2385/356/907 2320/281/842
f 2340/303/862 2389/360/911 2388/359/910
f 2340/303/862 2388/359/910 2344/307/866
f 2343/306/865 2390/361/912 2389/360/911
f 2343/306/865 2389/360/911 2340/303/862
f 2343/306/865 2355/318/877 2391/362/913
f 2343/306/865 2391/362/913 2390/361/912
f 2254/205/776 2253/204/775 2391/362/913
f 2254/205/776 2391/362/913 2355/318/877
f 2230/181/752 2392/363/914 2393/364/915
f 2230/181/752 2393/364/915 2211/161/733
f 2211/365/733 2393/366/915 2394/367/916
f 2211/365/733 2394/367/916 2212/368/734
f 2212/368/734 2394/367/916 2395/369/917
f 2212/368/734 2395/369/917 2215/370/737
f 2215/370/737 2395/369/917 2396/371/918
f 2215/370/737 2396/371/918 2229/372/751
f 2229/372/751 2396/371/918 2397/373/919
f 2229/372/751 2397/373/919 2243/374/765
f 2243/375/765 2397/376/919 2398/377/920
f 2243/375/765 2398/377/920 2244/378/766
f 2244/378/766 2398/377/920 2399/379/921
f 2244/378/766 2399/379/921 2245/380/767
f 2245/196/767 2399/381/921 2400/382/922
f 2245/196/767 2400/382/922 2246/197/768
f 2246/197/768 2400/382/922 2401/383/923
f 2246/197/768 2401/383/923 2240/191/762
f 2236/187/758 2402/384/924 2403/385/925
f 2236/187/758 2403/385/925 2234/185/756
f 2234/185/756 2403/385/925 2404/386/926
f 2234/185/756 2404/386/926 2189/128/711
f 2240/191/762 2401/383/923 2402/384/924
f 2240/191/762 2402/384/924 2236/187/758
f 2189/128/711 2404/386/926 2405/387/927
f 2189/128/711 2405/387/927 2183/122/705
f 2179/118/701 2406/388/928 2407/389/929
f 2179/118/701 2407/389/929 2177/116/699
f 2177/116/699 2407/389/929 2408/390/930
f 2177/116/699 2408/390/930 2190/129/712
f 2183/122/705 2405/387/927 2406/388/928
f 2183/122/705 2406/388/928 2179/118/701
f 2190/129/712 2408/390/930 2409/391/931
f 2190/129/712 2409/391/931 2171/110/693
f 2171/110/693 2409/391/931 2410/392/932
f 2171/110/693 2410/392/932 2172/111/694
f 2172/111/694 2410/392/932 2411/393/933
f 2172/111/694 2411/393/933 2175/114/697
f 2175/114/697 2411/393/933 2412/394/934
f 2175/114/697 2412/394/934 2165/104/687
f 2165/104/687 2412/394/934 2413/395/935
f 2165/104/687 2413/395/935 2166/105/688
f 2167/106/689 2414/396/936 2415/397/937
f 2167/106/689 2415/397/937 2168/107/690
f 2168/107/690 2415/397/937 2416/398/938
f 2168/107/690 2416/398/938 2169/108/691
f 2166/105/688 2413/395/935 2414/396/936
f 2166/105/688 2414/396/936 2167/106/689
f 2169/108/691 2416/398/938 2417/399/939
f 2169/108/691 2417/399/939 2160/99/682
f 2160/99/682 2417/399/939 2418/400/940
f 2160/99/682 2418/400/940 2154/93/676
f 2154/93/676 2418/400/940 2419/401/941
f 2154/93/676 2419/401/941 2152/91/674
f 2152/91/674 2419/401/941 2420/402/942
f 2152/91/674 2420/402/942 2170/109/692
f 2170/109/692 2420/402/942 2421/403/943
f 2170/109/692 2421/403/943 2206/151/728
f 2207/152/729 2422/404/944 2423/405/945
f 2207/152/729 2423/405/945 2208/153/730
f 2208/153/730 2423/405/945 2424/406/946
f 2208/153/730 2424/406/946 2209/156/731
f 2206/151/728 2421/403/943 2422/404/944
f 2206/151/728 2422/404/944 2207/152/729
f 2209/407/731 2424/408/946 2425/409/947
f 2209/407/731 2425/409/947 2203/147/725
f 2199/140/721 2426/410/948 2427/411/949
f 2199/140/721 2427/411/949 2197/138/719
f 2197/138/719 2427/411/949 2428/412/950
f 2197/138/719 2428/412/950 2210/157/732
f 2203/147/725 2425/409/947 2426/410/948
f 2203/147/725 2426/410/948 2199/140/721
f 2429/413/951 2430/414/952 2431/415/953
f 2429/413/951 2431/415/953 2432/416/954
f 2433/417/955 2434/418/956 2435/419/957
f 2433/417/955 2435/419/957 2436/420/958
f 2437/421/959 2438/422/960 2439/423/961
f 2437/421/959 2439/423/961 2440/424/962
f 2441/425/963 2442/426/964 2443/427/965
f 2441/425/963 2443/427/965 2444/428/966
f 2445/429/967 2446/430/968 2447/431/969
f 2445/429/967 2447/431/969 2448/432/970
f 2449/433/971 2450/434/972 2451/435/973
f 2449/433/971 2451/435/973 2452/436/974
f 2453/437/975 2454/438/976 2455/439/977
f 2453/437/975 2455/439/977 2456/440/978
f 2457/441/979 2458/442/980 2459/443/981
f 2457/441/979 2459/443/981 2460/444/982
f 2461/445/983 2462/446/984 2463/447/985
f 2461/445/983 2463/447/985 2464/448/986
f 2464/449/986 2388/359/910 2389/360/911
f 2464/449/986 2389/360/911 2465/450/987
f 2210/157/732 2428/412/950 2466/451/988
f 2210/157/732 2466/451/988 2225/175/747
f 2219/168/741 2467/452/989 2468/453/990
f 2219/168/741 2468/453/990 2217/166/739
f 2217/166/739 2468/453/990 2392/363/914
f 2217/166/739 2392/363/914 2230/181/752
f 2225/175/747 2466/451/988 2467/452/989
f 2225/175/747 2467/452/989 2219/168/741
f 2469/454/991 2470/455/992 2471/456/993
f 2469/454/991 2471/456/993 2472/457/994
f 2458/458/980 2473/459/995 2474/460/996
f 2458/458/980 2474/460/996 2459/461/981
f 2475/462/997 2476/463/998 2477/464/999
f 2475/462/997 2477/464/999 2478/465/1000
f 2430/466/952 2479/467/1001 2480/468/1002
f 2430/466/952 2480/468/1002 2431/469/953
f 2481/470/1003 2482/471/1004 2483/472/1005
f 2481/470/1003 2483/472/1005 2484/473/1006
f 2485/474/1007 2486/475/1008 2487/476/1009
f 2485/474/1007 2487/476/1009 2488/477/1010
f 2489/478/1011 2490/479/1012 2491/480/1013
f 2489/478/1011 2491/480/1013 2492/481/1014
f 2493/482/1015 2494/483/1016 2495/484/1017
f 2493/482/1015 2495/484/1017 2496/485/1018
f 2497/486/1019 2498/487/1020 2499/488/1021
f 2497/486/1019 2499/488/1021 2500/489/1022
f 2501/490/1023 2502/491/1024 2503/492/1025
f 2501/490/1023 2503/492/1025 2504/493/1026
f 2465/450/987 2389/360/911 2390/361/912
f 2465/450/987 2390/361/912 2480/494/1002
f 2480/494/1002 2390/361/912 2391/362/913
f 2480/494/1002 2391/362/913 2431/495/953
f 2431/495/953 2391/362/913 2253/204/775
f 2431/495/953 2253/204/775 2432/496/954
f 2432/496/954 2253/204/775 2252/203/774
f 2432/496/954 2252/203/774 2483/497/1005
f 2483/497/1005 2252/203/774 2256/207/778
f 2483/497/1005 2256/207/778 2484/498/1006
f 2484/498/1006 2256/207/778 2258/209/780
f 2484/498/1006 2258/209/780 2435/499/957
f 2435/499/957 2258/209/780 2260/211/782
f 2435/499/957 2260/211/782 2436/500/958
f 2436/500/958 2260/211/782 2262/213/784
f 2436/500/958 2262/213/784 2487/501/1009
f 2487/501/1009 2262/213/784 2264/215/786
f 2487/501/1009 2264/215/786 2488/502/1010
f 2488/502/1010 2264/215/786 2266/217/788
f 2488/502/1010 2266/217/788 2439/503/961
f 2439/503/961 2266/217/788 2268/219/790
f 2439/503/961 2268/219/790 2440/504/962
f 2440/505/962 2268/222/790 2270/221/792
f 2440/505/962 2270/221/792 2491/506/1013
f 2491/506/1013 2270/221/792 2272/225/794
f 2491/506/1013 2272/225/794 2492/507/1014
f 2492/481/1014 2272/508/794 2274/509/796
f 2492/481/1014 2274/509/796 2477/464/999
f 2477/464/999 2274/509/796 2276/510/798
f 2477/464/999 2276/510/798 2478/465/1000
f 2478/465/1000 2276/510/798 2365/511/887
f 2478/465/1000 2365/511/887 2495/484/1017
f 2495/484/1017 2365/511/887 2367/512/889
f 2495/484/1017 2367/512/889 2496/485/1018
f 2496/513/1018 2367/333/889 2366/332/888
f 2496/513/1018 2366/332/888 2443/427/965
f 2443/427/965 2366/332/888 2368/334/890
f 2443/427/965 2368/334/890 2444/428/966
f 2444/428/966 2368/334/890 2369/335/891
f 2444/428/966 2369/335/891 2499/488/1021
f 2499/488/1021 2369/335/891 2370/336/892
f 2499/488/1021 2370/336/892 2500/489/1022
f 2500/489/1022 2370/336/892 2371/337/893
f 2500/489/1022 2371/337/893 2447/431/969
f 2447/431/969 2371/337/893 2372/338/894
f 2447/431/969 2372/338/894 2448/432/970
f 2448/432/970 2372/338/894 2373/339/895
f 2448/432/970 2373/339/895 2503/492/1025
f 2503/492/1025 2373/339/895 2375/341/897
f 2503/492/1025 2375/341/897 2504/493/1026
f 2504/493/1026 2375/341/897 2374/340/896
f 2504/493/1026 2374/340/896 2451/514/973
f 2451/514/973 2374/340/896 2376/342/898
f 2451/514/973 2376/342/898 2452/515/974
f 2452/436/974 2376/516/898 2377/517/899
f 2452/436/974 2377/517/899 2471/456/993
f 2471/456/993 2377/517/899 2379/518/901
f 2471/456/993 2379/518/901 2472/457/994
f 2472/457/994 2379/518/901 2378/519/900
f 2472/457/994 2378/519/900 2455/439/977
f 2455/439/977 2378/519/900 2380/520/902
f 2455/439/977 2380/520/902 2456/440/978
f 2456/440/978 2380/520/902 2381/521/903
f 2456/440/978 2381/521/903 2505/522/1027
f 2505/522/1027 2381/521/903 2382/523/904
f 2505/522/1027 2382/523/904 2474/460/996
f 2474/460/996 2382/523/904 2383/524/905
f 2474/460/996 2383/524/905 2459/461/981
f 2459/525/981 2383/353/905 2384/355/906
f 2459/525/981 2384/355/906 2460/526/982
f 2460/526/982 2384/355/906 2385/356/907
f 2460/526/982 2385/356/907 2249/527/771
f 2249/527/771 2385/356/907 2387/358/909
f 2249/527/771 2387/358/909 2250/528/772
f 2250/528/772 2387/358/909 2386/357/908
f 2250/528/772 2386/357/908 2463/529/985
f 2463/529/985 2386/357/908 2388/359/910
f 2463/529/985 2388/359/910 2464/449/986
f 2446/430/968 2497/486/1019 2500/489/1022
f 2446/430/968 2500/489/1022 2447/431/969
f 2502/491/1024 2445/429/967 2448/432/970
f 2502/491/1024 2448/432/970 2503/492/1025
f 2438/530/960 2485/474/1007 2488/477/1010
f 2438/530/960 2488/477/1010 2439/531/961
f 2490/479/1012 2437/421/959 2440/424/962
f 2490/479/1012 2440/424/962 2491/480/1013
f 2462/446/984 2247/198/769 2250/201/772
f 2462/446/984 2250/201/772 2463/447/985
f 2506/532/1028 2461/445/983 2464/448/986
f 2506/532/1028 2464/448/986 2465/533/987
f 2450/534/972 2501/490/1023 2504/493/1026
f 2450/534/972 2504/493/1026 2451/514/973
f 2470/455/992 2449/433/971 2452/436/974
f 2470/455/992 2452/436/974 2471/456/993
f 2476/463/998 2489/478/1011 2492/481/1014
f 2476/463/998 2492/481/1014 2477/464/999
f 2494/483/1016 2475/462/997 2478/465/1000
f 2494/483/1016 2478/465/1000 2495/484/1017
f 2479/467/1001 2506/532/1028 2465/533/987
f 2479/467/1001 2465/533/987 2480/468/1002
f 2482/471/1004 2429/413/951 2432/416/954
f 2482/471/1004 2432/416/954 2483/472/1005
f 2454/438/976 2469/454/991 2472/457/994
f 2454/438/976 2472/457/994 2455/439/977
f 2507/535/1029 2453/437/975 2456/440/978
f 2507/535/1029 2456/440/978 2505/522/1027
f 2442/536/964 2493/482/1015 2496/485/1018
f 2442/536/964 2496/485/1018 2443/537/965
f 2498/487/1020 2441/425/963 2444/428/966
f 2498/487/1020 2444/428/966 2499/488/1021
f 2434/418/956 2481/470/1003 2484/473/1006
f 2434/418/956 2484/473/1006 2435/419/957
f 2486/475/1008 2433/417/955 2436/420/958
f 2486/475/1008 2436/420/958 2487/476/1009
f 2473/459/995 2507/535/1029 2505/522/1027
f 2473/459/995 2505/522/1027 2474/460/996
f 2248/199/770 2457/441/979 2460/444/982
f 2248/199/770 2460/444/982 2249/200/771
f 2461/445/983 2466/451/988 2428/412/950
f 2461/445/983 2428/412/950 2462/446/984
f 2506/532/1028 2467/452/989 2466/451/988
f 2506/532/1028 2466/451/988 2461/445/983
f 2479/467/1001 2468/453/990 2467/452/989
f 2479/467/1001 2467/452/989 2506/532/1028
f 2430/466/952 2392/363/914 2468/453/990
f 2430/466/952 2468/453/990 2479/467/1001
f 2429/413/951 2393/366/915 2392/538/914
f 2429/413/951 2392/538/914 2430/414/952
f 2482/471/1004 2394/367/916 2393/366/915
f 2482/471/1004 2393/366/915 2429/413/951
f 2481/470/1003 2395/369/917 2394/367/916
f 2481/470/1003 2394/367/916 2482/471/1004
f 2434/418/956 2396/371/918 2395/369/917
f 2434/418/956 2395/369/917 2481/470/1003
f 2433/417/955 2397/373/919 2396/371/918
f 2433/417/955 2396/371/918 2434/418/956
f 2486/475/1008 2398/539/920 2397/373/919
f 2486/475/1008 2397/373/919 2433/417/955
f 2485/474/1007 2399/540/921 2398/539/920
f 2485/474/1007 2398/539/920 2486/475/1008
f 2438/530/960 2400/541/922 2399/540/921
f 2438/530/960 2399/540/921 2485/474/1007
f 2437/421/959 2401/542/923 2400/543/922
f 2437/421/959 2400/543/922 2438/422/960
f 2490/479/1012 2402/544/924 2401/542/923
f 2490/479/1012 2401/542/923 2437/421/959
f 2489/478/1011 2403/545/925 2402/544/924
f 2489/478/1011 2402/544/924 2490/479/1012
f 2476/463/998 2404/546/926 2403/545/925
f 2476/463/998 2403/545/925 2489/478/1011
f 2475/462/997 2405/547/927 2404/546/926
f 2475/462/997 2404/546/926 2476/463/998
f 2494/483/1016 2406/548/928 2405/547/927
f 2494/483/1016 2405/547/927 2475/462/997
f 2493/482/1015 2407/549/929 2406/548/928
f 2493/482/1015 2406/548/928 2494/483/1016
f 2442/550/964 2408/390/930 2407/389/929
f 2442/550/964 2407/389/929 2493/551/1015
f 2441/552/963 2409/391/931 2408/390/930
f 2441/552/963 2408/390/930 2442/550/964
f 2498/553/1020 2410/392/932 2409/391/931
f 2498/553/1020 2409/391/931 2441/552/963
f 2497/554/1019 2411/393/933 2410/392/932
f 2497/554/1019 2410/392/932 2498/553/1020
f 2446/555/968 2412/394/934 2411/393/933
f 2446/555/968 2411/393/933 2497/554/1019
f 2445/556/967 2413/395/935 2412/394/934
f 2445/556/967 2412/394/934 2446/555/968
f 2502/557/1024 2414/396/936 2413/395/935
f 2502/557/1024 2413/395/935 2445/556/967
f 2501/558/1023 2415/397/937 2414/396/936
f 2501/558/1023 2414/396/936 2502/557/1024
f 2450/559/972 2416/398/938 2415/397/937
f 2450/559/972 2415/397/937 2501/558/1023
f 2449/560/971 2417/399/939 2416/398/938
f 2449/560/971 2416/398/938 2450/559/972
f 2470/455/992 2418/561/940 2417/562/939
f 2470/455/992 2417/562/939 2449/433/971
f 2469/454/991 2419/563/941 2418/561/940
f 2469/454/991 2418/561/940 2470/455/992
f 2454/438/976 2420/564/942 2419/563/941
f 2454/438/976 2419/563/941 2469/454/991
f 2453/437/975 2421/565/943 2420/564/942
f 2453/437/975 2420/564/942 2454/438/976
f 2507/535/1029 2422/566/944 2421/565/943
f 2507/535/1029 2421/565/943 2453/437/975
f 2473/459/995 2423/567/945 2422/566/944
f 2473/459/995 2422/566/944 2507/535/1029
f 2458/458/980 2424/568/946 2423/567/945
f 2458/458/980 2423/567/945 2473/459/995
f 2457/441/979 2425/409/947 2424/408/946
f 2457/441/979 2424/408/946 2458/442/980
f 2248/199/770 2426/410/948 2425/409/947
f 2248/199/770 2425/409/947 2457/441/979
f 2247/198/769 2427/411/949 2426/410/948
f 2247/198/769 2426/410/948 2248/199/770
f 2462/446/984 2428/412/950 2427/411/949
f 2462/446/984 2427/411/949 2247/198/769
f 2109/35/630 2108/34/629 2100/25/622
f 2109/35/630 2100/25/622 2112/569/633
f 2139/73/660 2122/570/643 2145/571/666
f 2139/73/660 2145/571/666 2140/74/661
s 2
f 2110/572/1030 2143/573/1031 2508/574/1032
s 1
f 2127/575/648 2133/576/654 2136/70/657
f 2127/575/648 2136/70/657 2130/63/651
f 2105/30/626 2125/53/646 2134/68/655
f 2105/30/626 2134/68/655 2128/59/649
f 2086/577/608 2127/578/648 2130/579/651
f 2086/577/608 2130/579/651 2088/13/610
f 2093/31/615 2105/30/626 2128/59/649
f 2093/31/615 2128/59/649 2096/58/618
f 2106/580/627 2094/581/616 2099/50/621
f 2106/580/627 2099/50/621 2123/49/644
f 2102/582/1033 2101/583/641 2122/570/643
f 2102/582/1033 2122/570/643 2139/73/660
f 2087/584/609 2091/16/613 2117/43/638
f 2087/584/609 2117/43/638 2119/585/640
f 2109/586/630 2112/38/633 2115/41/636
f 2109/586/630 2115/41/636 2110/587/631
f 2108/34/629 2101/588/641 2100/25/622
f 2093/589/615 2096/21/618 2099/24/621
f 2093/589/615 2099/24/621 2094/590/616
f 2086/577/608 2088/13/610 2091/16/613
f 2086/577/608 2091/16/613 2087/584/609
f 2113/591/634 2103/592/667 2138/593/659
f 2113/591/634 2138/593/659 2114/594/635
f 2121/595/1034 2111/37/632 2107/79/628
f 2121/595/1034 2107/79/628 2106/596/627
f 2114/597/635 2138/72/659 2141/75/662
f 2114/597/635 2141/75/662 2142/598/663
f 2509/599/1035 2510/600/1036 2132/66/653
f 2509/599/1035 2132/66/653 2126/55/647
f 2511/601/1037 2126/55/647 2085/54/607
f 2131/64/652 2137/71/658 2124/602/645
f 2131/64/652 2124/602/645 2104/603/625
f 2120/604/1038 2108/605/629 2111/606/632
f 2120/604/1038 2111/606/632 2121/607/1034
f 2090/608/612 2095/20/617 2107/33/628
f 2090/608/612 2107/33/628 2116/609/637
f 2089/65/611 2131/64/652 2104/603/625
f 2112/569/633 2100/25/622 2103/27/624
f 2089/610/611 2092/17/614 2095/20/617
f 2089/610/611 2095/20/617 2090/608/612
g Plane_Mesh
v 0.223681 -0.327704 0.000000
v -0.223681 -0.327704 0.000000
v 0.223681 0.248164 -0.000000
v -0.223681 0.248164 -0.000000
vn -0.0000 -0.0000 -1.0000
vt 1.000000 0.000000
vt 0.000000 1.000000
vt 0.000000 0.000000
vt 1.000000 1.000000
s 0
g off
g Plane_Buaf
usemtl Buaf
f 2513/611/1039 2514/612/1039 2512/613/1039
f 2513/611/1039 2515/614/1039 2514/612/1039
