# Blender 4.5.3 LTS
# www.blender.org
mtllib LLANTA.mtl
g LLANTA_Mesh
v -1.780914 0.412807 2.605738
v -1.799740 0.906866 2.790695
v -1.780914 0.815352 2.509080
v -1.799740 0.459140 2.898203
v 0.012041 -0.565952 -3.572419
v 1.077837 -0.558418 -3.524865
v 1.077837 -0.833367 -3.469873
v 0.012041 -0.844609 -3.516684
v -1.653794 -0.000125 -3.362325
v -1.653794 -0.263980 -3.351644
v -1.678703 -0.000123 -3.289277
v -1.678703 -0.258245 -3.278828
v -1.799740 1.332262 2.614472
v -1.780914 1.197821 2.350640
v 0.012041 -1.117833 -3.439901
v 1.077837 -1.102954 -3.394112
v 1.077837 -1.366020 -3.296818
v 0.012041 -1.384448 -3.341294
v -1.653794 0.525860 -3.320949
v -1.653794 0.263686 -3.351660
v -1.678703 0.514436 -3.248800
v -1.678703 0.257958 -3.278843
v -1.780914 0.000098 2.638235
v -1.799740 0.000109 2.934346
v 0.012041 -1.642190 -3.222683
v 1.077837 -1.620330 -3.179786
v 1.077837 -1.865038 -3.042586
v 0.012041 -1.890200 -3.083632
v -1.653794 0.784860 -3.269146
v -1.678703 1.016327 -3.128327
v -1.653794 1.038897 -3.197800
v -1.678703 0.767808 -3.198124
v -1.780914 1.550795 2.134319
v -1.799740 1.724853 2.373872
v 0.012041 -2.126111 -2.926111
v 1.077837 -2.097810 -2.887161
v 1.077837 -2.318133 -2.713434
v 0.012041 -2.349406 -2.750040
v -1.678702 1.493193 -2.930823
v -1.653794 1.286708 -3.106136
v -1.678702 1.258754 -3.038655
v -1.653794 1.526353 -2.995910
v -1.799740 -0.458925 2.898238
v -1.780914 -0.412614 2.605769
v 1.077837 -2.523633 -2.523446
v 0.012041 -2.750763 -2.348734
v 0.012041 -2.557679 -2.557489
v 1.077837 -2.714146 -2.317469
v -1.678702 1.933291 -2.661154
v -1.653794 1.756872 -2.866642
v -1.678702 1.718704 -2.804364
v -1.653794 1.976225 -2.720251
v -1.799740 2.074972 2.074819
v -1.780914 1.865582 1.865445
v 1.077837 -2.887317 -2.097595
v 0.012041 -3.084385 -1.889593
v 0.012041 -2.926269 -2.125893
v 1.077837 -3.043329 -1.864441
v -1.678702 2.325785 -2.325957
v -1.653794 2.183778 -2.556563
v -1.678702 2.136334 -2.501020
v -1.653794 2.377435 -2.377611
v -1.799740 -0.906659 2.790763
v -1.780914 -0.815166 2.509141
v 1.077837 -3.179905 -1.620094
v 0.012041 -3.342062 -1.383925
v 0.012041 -3.222806 -1.641950
v 1.077837 -3.297576 -1.365504
v -1.678702 2.501360 -2.136094
v -1.653794 2.720106 -1.976425
v -1.653794 2.556910 -2.183532
v -1.678702 2.661011 -1.933488
v -1.799740 2.373999 1.724678
v -1.780914 2.134434 1.550637
v 1.077837 -3.394195 -1.102702
v 0.012041 -3.517445 -0.844179
v 0.012041 -3.439986 -1.117577
v 1.077837 -3.470624 -0.832943
v -1.678702 2.804796 -1.718570
v -1.653794 2.995798 -1.526574
v -1.653794 2.867084 -1.756735
v -1.678702 2.930714 -1.493410
v -1.780914 -1.197646 2.350729
v -1.799740 -1.332068 2.614571
v 1.077837 -3.524908 -0.558156
v 0.012041 -3.606218 -0.283648
v 0.012041 -3.572461 -0.565686
v 1.077837 -3.558215 -0.279872
v -1.678702 3.039166 -1.258728
v -1.653794 3.197723 -1.039134
v -1.653794 3.106660 -1.286682
v -1.678702 3.128252 -1.016559
v -1.799740 2.614570 1.332068
v -1.780914 2.350728 1.197646
v 0.012041 -3.616971 0.000135
v 1.077837 -3.568825 0.000133
v 1.077837 -3.558189 0.280090
v 0.012041 -3.606193 0.283868
v -1.678702 3.198703 -0.767893
v -1.653794 3.320910 -0.526106
v -1.653794 3.269741 -0.784946
v -1.678702 3.248763 -0.514677
v -1.780914 -1.550636 2.134435
v -1.799740 -1.724677 2.374000
v 0.012041 -3.572419 0.565952
v 1.077837 -3.524866 0.558418
v 1.077838 -3.470551 0.833155
v 0.012042 -3.517372 0.844395
v -1.678702 3.279477 -0.258149
v -1.653793 3.362326 -0.000124
v -1.653794 3.352308 -0.263882
v -1.678702 3.289278 -0.000122
v -1.799740 2.790762 0.906660
v -1.780914 2.509140 0.815167
v 0.012042 -3.439902 1.117834
v 1.077838 -3.394112 1.102954
v 1.077838 -3.297456 1.365705
v 0.012042 -3.341941 1.384130
v -1.678702 3.279500 0.257951
v -1.653793 3.320950 0.525861
v -1.653793 3.352331 0.263679
v -1.678702 3.248801 0.514436
v -1.780914 -1.865444 1.865584
v -1.799740 -2.074819 2.074973
v 0.012042 -3.222684 1.642190
v 1.077838 -3.179786 1.620330
v 1.077838 -3.043166 1.864627
v 0.012042 -3.084221 1.889783
v -1.653793 3.197800 1.038898
v -1.678702 3.198772 0.767699
v -1.678702 3.128328 1.016328
v -1.653793 3.269808 0.784748
v -1.799740 2.898236 0.458926
v -1.780914 2.605767 0.412615
v 0.012042 -2.926111 2.126112
v 1.077838 -2.887161 2.097810
v 1.077838 -2.713944 2.317635
v 0.012042 -2.750558 2.348903
v -1.653793 2.995911 1.526354
v -1.678702 3.039278 1.258544
v -1.678702 2.930824 1.493194
v -1.653793 3.106773 1.286494
v -1.780914 -2.134319 1.550796
v -1.799740 -2.373872 1.724854
v 0.012042 -2.349165 2.750184
v 1.077838 -2.523446 2.523633
v 1.077838 -2.317894 2.713576
v 0.012042 -2.557490 2.557679
v -1.653793 2.720252 1.976226
v -1.678701 2.804946 1.718401
v -1.678701 2.661154 1.933292
v -1.653793 2.867238 1.756562
v -1.799740 2.934346 -0.000108
v -1.780914 2.638234 -0.000097
v 0.012042 -1.889929 3.083748
v 1.077838 -2.097595 2.887317
v 1.077838 -1.864771 3.042699
v 0.012042 -2.125894 2.926270
v -1.653793 2.377612 2.377436
v -1.678702 2.501548 2.135944
v -1.678701 2.325958 2.325786
v -1.653793 2.557102 2.183378
v -1.780914 -2.350640 1.197822
v -1.799740 -2.614472 1.332263
v 0.012042 -1.384156 3.341380
v 1.077838 -1.620094 3.179905
v 1.077838 -1.365731 3.296901
v 0.012042 -1.641950 3.222804
v -1.678701 1.933489 2.661012
v -1.653793 2.184001 2.556432
v -1.678701 2.136553 2.500892
v -1.653793 1.976426 2.720106
v -1.780914 2.605738 -0.412807
v -1.799741 2.898201 -0.459140
v 0.012042 -0.844301 3.516736
v 1.077838 -1.102701 3.394194
v 1.077838 -0.833062 3.469923
v 0.012042 -1.117578 3.439984
v -1.678701 1.493410 2.930715
v -1.653793 1.757124 2.866538
v -1.678701 1.718949 2.804261
v -1.653793 1.526575 2.995799
v -1.780914 -2.509080 0.815353
v -1.799741 -2.790695 0.906867
v 0.012042 -0.283657 3.605498
v 1.077838 -0.558156 3.524907
v 1.077838 -0.279881 3.557504
v 0.012042 -0.565686 3.572460
v -1.678701 1.016559 3.128253
v -1.653793 1.286980 3.106060
v -1.678701 1.259019 3.038579
v -1.653793 1.039135 3.197724
v -1.799741 2.790694 -0.906866
v -1.780914 2.509079 -0.815352
v 1.077838 0.280193 3.557486
v 0.012042 0.283972 3.605479
v 0.012042 0.000134 3.616971
v 1.077838 0.000133 3.568824
v -1.678701 0.514677 3.248764
v -1.653793 0.785146 3.269101
v -1.678701 0.768089 3.198079
v -1.653793 0.526107 3.320911
v -1.780914 -2.605738 0.412808
v -1.799741 -2.898202 0.459141
v 1.077838 0.833367 3.469872
v 0.012042 0.844609 3.516684
v 0.012042 0.565952 3.572418
v 1.077838 0.558418 3.524865
v -1.678701 0.000122 3.289279
v -1.653793 0.263980 3.351645
v -1.678701 0.258245 3.278830
v -1.653793 0.000125 3.362327
v -1.799741 2.614472 -1.332261
v -1.780914 2.350639 -1.197820
v 1.077838 1.366020 3.296818
v 0.012042 1.384448 3.341295
v 0.012042 1.117833 3.439902
v 1.077838 1.102954 3.394112
v -1.678701 -0.257958 3.278845
v -1.678701 -0.514436 3.248802
v -1.653793 -0.263687 3.351662
v -1.653793 -0.525861 3.320951
v -1.780914 -2.638234 0.000099
v -1.799741 -2.934347 0.000110
v 1.077838 1.865039 3.042586
v 0.012042 1.890199 3.083632
v 0.012042 1.642190 3.222684
v 1.077838 1.620330 3.179786
v -1.678701 -0.767809 3.198126
v -1.678701 -1.016327 3.128329
v -1.653793 -0.784860 3.269148
v -1.653793 -1.038897 3.197801
v -1.799741 2.373871 -1.724853
v -1.780914 2.134318 -1.550794
v 1.077838 2.318133 2.713435
v 0.012042 2.349406 2.750041
v 0.012042 2.126111 2.926111
v 1.077838 2.097810 2.887161
v -1.678701 -1.258754 3.038656
v -1.678702 -1.493193 2.930825
v -1.653793 -1.286708 3.106138
v -1.653793 -1.526353 2.995912
v -1.780914 -2.605769 -0.412613
v -1.799741 -2.898237 -0.458924
v 1.077838 2.523634 2.523446
v 0.012042 2.750763 2.348735
v 0.012042 2.557679 2.557490
v 1.077838 2.714146 2.317470
v -1.678702 -1.718704 2.804366
v -1.678701 -1.933291 2.661155
v -1.653793 -1.756873 2.866644
v -1.653793 -1.976225 2.720253
v -1.799741 2.074818 -2.074971
v -1.780914 1.865444 -1.865582
v 1.077838 2.887317 2.097594
v 0.012042 3.084387 1.889595
v 0.012042 2.926269 2.125893
v 1.077838 3.043330 1.864440
v -1.678702 -2.136335 2.501022
v -1.678702 -2.325785 2.325958
v -1.653793 -2.183779 2.556565
v -1.653793 -2.377435 2.377613
v -1.799741 -2.790763 -0.906658
v -1.780914 -2.509140 -0.815165
v 1.077838 3.179907 1.620094
v 0.012042 3.342062 1.383926
v 0.012042 3.222805 1.641950
v 1.077838 3.297577 1.365504
v -1.653793 -2.720106 1.976427
v -1.678702 -2.501361 2.136096
v -1.678702 -2.661012 1.933489
v -1.653793 -2.556911 2.183534
v -1.799741 1.724677 -2.373998
v -1.780914 1.550636 -2.134433
v 1.077838 3.394195 1.102701
v 0.012042 3.517447 0.844180
v 0.012042 3.439985 1.117578
v 1.077838 3.470626 0.832942
v -1.653793 -2.995798 1.526576
v -1.678702 -2.804797 1.718572
v -1.678702 -2.930714 1.493411
v -1.653793 -2.867085 1.756738
v -1.780914 -2.350729 -1.197645
v -1.799741 -2.614572 -1.332066
v 1.077838 3.524908 0.558156
v 0.012042 3.606218 0.283648
v 0.012042 3.572461 0.565686
v 1.077838 3.558216 0.279872
v -1.653794 -3.197723 1.039136
v -1.678702 -3.039165 1.258730
v -1.678702 -3.128252 1.016560
v -1.653794 -3.106660 1.286684
v -1.799741 1.332067 -2.614569
v -1.780915 1.197645 -2.350727
v 0.012042 3.616971 -0.000134
v 1.077838 3.568825 -0.000133
v 1.077838 3.558191 -0.280090
v 0.012042 3.606194 -0.283868
v -1.653793 -3.320911 0.526108
v -1.678702 -3.198703 0.767895
v -1.678702 -3.248763 0.514678
v -1.653794 -3.269740 0.784948
v -1.780915 -2.134435 -1.550635
v -1.799741 -2.374000 -1.724676
v 0.012042 3.572419 -0.565951
v 1.077838 3.524866 -0.558418
v 1.077837 3.470551 -0.833155
v 0.012041 3.517372 -0.844394
v -1.678702 -3.279477 0.258151
v -1.653794 -3.362326 0.000126
v -1.653794 -3.352308 0.263884
v -1.678702 -3.289279 0.000123
v -1.799741 0.906659 -2.790761
v -1.780915 0.815166 -2.509139
v 0.012041 3.439902 -1.117833
v 1.077837 3.394113 -1.102954
v 1.077837 3.297457 -1.365704
v 0.012041 3.341942 -1.384129
v -1.678702 -3.279500 -0.257949
v -1.653794 -3.320951 -0.525859
v -1.653794 -3.352331 -0.263678
v -1.678702 -3.248802 -0.514435
v -1.780915 -1.865583 -1.865443
v -1.799741 -2.074973 -2.074817
v 0.012041 3.222684 -1.642189
v 1.077837 3.179786 -1.620330
v 1.077837 3.043167 -1.864627
v 0.012041 3.084222 -1.889782
v -1.678702 -3.198771 -0.767698
v -1.653794 -3.197800 -1.038896
v -1.653794 -3.269808 -0.784747
v -1.678702 -3.128329 -1.016326
v -1.780915 0.412614 -2.605767
v -1.799741 0.458925 -2.898236
v 0.012041 2.926111 -2.126111
v 1.077837 2.887161 -2.097810
v 1.077837 2.713944 -2.317635
v 0.012041 2.750558 -2.348902
v -1.678702 -3.039277 -1.258543
v -1.653794 -2.995911 -1.526352
v -1.653794 -3.106772 -1.286492
v -1.678702 -2.930825 -1.493191
v -1.780915 -1.550795 -2.134317
v -1.799741 -1.724854 -2.373870
v 1.077837 2.523446 -2.523633
v 0.012041 2.349165 -2.750184
v 0.012041 2.557490 -2.557679
v 1.077837 2.317896 -2.713576
v -1.678702 -2.804945 -1.718398
v -1.653794 -2.720252 -1.976224
v -1.653794 -2.867237 -1.756560
v -1.678702 -2.661155 -1.933290
v -1.780915 -0.000098 -2.638233
v -1.799741 -0.000109 -2.934345
v 1.077837 2.097595 -2.887318
v 0.012041 1.889929 -3.083747
v 0.012041 2.125894 -2.926269
v 1.077837 1.864771 -3.042700
v -1.678702 -2.501548 -2.135942
v -1.653794 -2.377612 -2.377434
v -1.653794 -2.557102 -2.183376
v -1.678702 -2.325958 -2.325784
v -1.799741 -1.332262 -2.614470
v -1.780915 -1.197821 -2.350638
v 1.077837 1.620095 -3.179906
v 0.012041 1.384156 -3.341379
v 0.012041 1.641950 -3.222805
v 1.077837 1.365732 -3.296901
v -1.678703 -2.136554 -2.500890
v -1.678703 -1.933489 -2.661010
v -1.653794 -2.184002 -2.556430
v -1.653794 -1.976427 -2.720105
v -1.799741 -0.459141 -2.898201
v -1.780915 -0.412808 -2.605737
v 1.077837 1.102701 -3.394195
v 0.012041 0.844301 -3.516735
v 0.012041 1.117578 -3.439985
v 1.077837 0.833062 -3.469923
v -1.678703 -1.718950 -2.804259
v -1.678703 -1.493411 -2.930713
v -1.653794 -1.757124 -2.866536
v -1.653794 -1.526575 -2.995797
v -1.799741 -0.906867 -2.790693
v -1.780915 -0.815353 -2.509078
v 1.077837 0.558156 -3.524907
v 0.012041 0.283657 -3.605497
v 0.012041 0.565686 -3.572461
v 1.077837 0.279881 -3.557504
v -1.678702 -1.259021 -3.038577
v -1.678702 -1.016559 -3.128251
v -1.653794 -1.286981 -3.106058
v -1.653794 -1.039135 -3.197722
v 0.012041 -0.000134 -3.616970
v 1.077837 -0.000132 -3.568824
v 1.077837 -0.280192 -3.557487
v 0.012041 -0.283972 -3.605480
v -1.653794 -0.526107 -3.320909
v -1.653794 -0.785147 -3.269099
v -1.678703 -0.514678 -3.248762
v -1.678702 -0.768089 -3.198077
v -1.294507 -0.552155 -3.485330
v -1.558327 -0.799638 -3.329438
v -1.558327 -0.535818 -3.382207
v -1.294507 -0.824019 -3.430954
v -1.294507 -1.090582 -3.356042
v -1.558327 -1.310734 -3.163387
v -1.558327 -1.058315 -3.256745
v -1.294507 -1.350699 -3.259840
v -1.294507 -1.602157 -3.144120
v -1.558327 -1.789556 -2.919444
v -1.558327 -1.554752 -3.051091
v -1.294507 -1.844121 -3.008459
v -1.294507 -2.074281 -2.854778
v -1.558327 -2.224313 -2.603615
v -1.558327 -2.012907 -2.770311
v -1.294507 -2.292133 -2.682999
v -1.558327 -2.421497 -2.421316
v -1.294507 -2.495329 -2.495142
v -1.294507 -2.683705 -2.291476
v -1.558327 -2.604300 -2.223676
v -1.558327 -2.770461 -2.012700
v -1.294507 -2.854934 -2.074067
v -1.294507 -3.009196 -1.843527
v -1.558327 -2.920158 -1.788982
v -1.558327 -3.051209 -1.554524
v -1.294507 -3.144241 -1.601923
v -1.294507 -3.260591 -1.350187
v -1.558327 -3.164115 -1.310238
v -1.558327 -3.256824 -1.058072
v -1.294507 -3.356126 -1.090332
v -1.294507 -3.431698 -0.823600
v -1.558327 -3.330160 -0.799231
v -1.558327 -3.382246 -0.535566
v -1.294507 -3.485372 -0.551895
v -1.294507 -3.518306 -0.276732
v -1.558327 -3.414206 -0.268545
v -1.294507 -3.528796 0.000132
v -1.558327 -3.414183 0.268755
v -1.558327 -3.424387 0.000128
v -1.294507 -3.518282 0.276949
v -1.294507 -3.485331 0.552156
v -1.558327 -3.330090 0.799436
v -1.558326 -3.382208 0.535818
v -1.294507 -3.431625 0.823811
v -1.294507 -3.356043 1.090583
v -1.558326 -3.164000 1.310432
v -1.558327 -3.256746 1.058315
v -1.294507 -3.260471 1.350388
v -1.294507 -3.144121 1.602158
v -1.558326 -2.920002 1.789163
v -1.558326 -3.051092 1.554753
v -1.294507 -3.009034 1.843714
v -1.294505 -2.854780 2.074281
v -1.558326 -2.604105 2.223836
v -1.558326 -2.770313 2.012908
v -1.294505 -2.683504 2.291641
v -1.294505 -2.291897 2.683141
v -1.558326 -2.224085 2.603753
v -1.558326 -2.421318 2.421497
v -1.294505 -2.495144 2.495329
v -1.558326 -1.789301 2.919555
v -1.558326 -2.012702 2.770462
v -1.294505 -1.843856 3.008573
v -1.294505 -2.074068 2.854935
v -1.558326 -1.310458 3.163470
v -1.558326 -1.554526 3.051209
v -1.294505 -1.350414 3.259924
v -1.294505 -1.601924 3.144241
v -1.558326 -0.799347 3.329489
v -1.558326 -1.058073 3.256824
v -1.294505 -0.823719 3.431005
v -1.294505 -1.090334 3.356126
v -1.558326 -0.268554 3.413525
v -1.558326 -0.535567 3.382247
v -1.294505 -0.276742 3.517603
v -1.294505 -0.551896 3.485372
v -1.558326 0.268852 3.413508
v -1.294505 0.000131 3.528796
v -1.294505 0.277050 3.517587
v -1.558326 0.000127 3.424387
v -1.558326 0.799638 3.329440
v -1.294505 0.552155 3.485332
v -1.294505 0.824019 3.430955
v -1.558326 0.535817 3.382209
v -1.558326 1.310734 3.163389
v -1.294505 1.090582 3.356044
v -1.294505 1.350699 3.259842
v -1.558326 1.058314 3.256747
v -1.558326 1.789556 2.919446
v -1.294505 1.602157 3.144121
v -1.294505 1.844120 3.008460
v -1.558326 1.554752 3.051093
v -1.558326 2.224313 2.603617
v -1.294505 2.074280 2.854779
v -1.294505 2.292131 2.683001
v -1.558326 2.012907 2.770313
v -1.558326 2.421496 2.421318
v -1.294505 2.495328 2.495144
v -1.294505 2.683704 2.291477
v -1.558326 2.604299 2.223678
v -1.558326 2.770461 2.012701
v -1.294505 2.854934 2.074069
v -1.294505 3.009196 1.843531
v -1.558326 2.920160 1.788984
v -1.558326 3.051208 1.554526
v -1.294505 3.144240 1.601924
v -1.294505 3.260591 1.350189
v -1.558326 3.164115 1.310240
v -1.558326 3.256823 1.058073
v -1.294505 3.356125 1.090334
v -1.294505 3.431698 0.823601
v -1.558326 3.330161 0.799232
v -1.558326 3.382246 0.535567
v -1.294505 3.485372 0.551896
v -1.294507 3.518306 0.276734
v -1.558326 3.414206 0.268546
v -1.294507 3.528796 -0.000131
v -1.558327 3.414183 -0.268753
v -1.558326 3.424386 -0.000127
v -1.294507 3.518282 -0.276947
v -1.294507 3.485330 -0.552154
v -1.558327 3.330091 -0.799434
v -1.558327 3.382208 -0.535817
v -1.294507 3.431626 -0.823809
v -1.294507 3.356043 -1.090582
v -1.558327 3.164001 -1.310431
v -1.558327 3.256746 -1.058314
v -1.294507 3.260472 -1.350386
v -1.294507 3.144120 -1.602156
v -1.558327 2.920003 -1.789160
v -1.558327 3.051092 -1.554751
v -1.294507 3.009034 -1.843713
v -1.294507 2.854779 -2.074280
v -1.558327 2.604105 -2.223834
v -1.558327 2.770312 -2.012906
v -1.294507 2.683504 -2.291640
v -1.558327 2.421316 -2.421495
v -1.294507 2.495143 -2.495328
v -1.294507 2.291897 -2.683139
v -1.558327 2.224085 -2.603751
v -1.558327 2.012700 -2.770460
v -1.294507 2.074068 -2.854933
v -1.294507 1.843856 -3.008571
v -1.558327 1.789300 -2.919554
v -1.558327 1.554525 -3.051207
v -1.294507 1.601923 -3.144239
v -1.294507 1.350413 -3.259923
v -1.558327 1.310457 -3.163467
v -1.558327 1.058072 -3.256822
v -1.294507 1.090333 -3.356124
v -1.294507 0.823719 -3.431003
v -1.558327 0.799346 -3.329487
v -1.558327 0.535566 -3.382245
v -1.294507 0.551896 -3.485370
v -1.294507 0.276741 -3.517601
v -1.558327 0.268553 -3.413523
v -1.294507 -0.000131 -3.528795
v -1.558327 -0.268853 -3.413507
v -1.558327 -0.000128 -3.424385
v -1.294507 -0.277050 -3.517585
v -1.653794 -0.785147 -3.269099
v -1.653794 -0.526107 -3.320909
v -1.653794 -1.286981 -3.106058
v -1.653794 -1.039135 -3.197722
v -1.653794 -1.757124 -2.866536
v -1.653794 -1.526575 -2.995797
v -1.653794 -2.184002 -2.556430
v -1.653794 -1.976427 -2.720105
v -1.653794 -2.377612 -2.377434
v -1.653794 -2.557102 -2.183376
v -1.653794 -2.720252 -1.976224
v -1.653794 -2.867237 -1.756560
v -1.653794 -2.995911 -1.526352
v -1.653794 -3.106772 -1.286492
v -1.653794 -3.197800 -1.038896
v -1.653794 -3.269808 -0.784747
v -1.653794 -3.320951 -0.525859
v -1.653794 -3.352331 -0.263678
v -1.653794 -3.352308 0.263884
v -1.653794 -3.362326 0.000126
v -1.653794 -3.269740 0.784948
v -1.653793 -3.320911 0.526108
v -1.653794 -3.106660 1.286684
v -1.653794 -3.197723 1.039136
v -1.653793 -2.867085 1.756738
v -1.653793 -2.995798 1.526576
v -1.653793 -2.556911 2.183534
v -1.653793 -2.720106 1.976427
v -1.653793 -2.183779 2.556565
v -1.653793 -2.377435 2.377613
v -1.653793 -1.756873 2.866644
v -1.653793 -1.976225 2.720253
v -1.653793 -1.286708 3.106138
v -1.653793 -1.526353 2.995912
v -1.653793 -0.784860 3.269148
v -1.653793 -1.038897 3.197801
v -1.653793 -0.263687 3.351662
v -1.653793 -0.525861 3.320951
v -1.653793 0.263980 3.351645
v -1.653793 0.000125 3.362327
v -1.653793 0.785146 3.269101
v -1.653793 0.526107 3.320911
v -1.653793 1.286980 3.106060
v -1.653793 1.039135 3.197724
v -1.653793 1.757124 2.866538
v -1.653793 1.526575 2.995799
v -1.653793 2.184001 2.556432
v -1.653793 1.976426 2.720106
v -1.653793 2.377612 2.377436
v -1.653793 2.557102 2.183378
v -1.653793 2.720252 1.976226
v -1.653793 2.867238 1.756562
v -1.653793 2.995911 1.526354
v -1.653793 3.106773 1.286494
v -1.653793 3.197800 1.038898
v -1.653793 3.269808 0.784748
v -1.653793 3.320950 0.525861
v -1.653793 3.352331 0.263679
v -1.653794 3.352308 -0.263882
v -1.653793 3.362326 -0.000124
v -1.653794 3.269741 -0.784946
v -1.653794 3.320910 -0.526106
v -1.653794 3.106660 -1.286682
v -1.653794 3.197723 -1.039134
v -1.653794 2.867084 -1.756735
v -1.653794 2.995798 -1.526574
v -1.653794 2.556910 -2.183532
v -1.653794 2.720106 -1.976425
v -1.653794 2.377435 -2.377611
v -1.653794 2.183778 -2.556563
v -1.653794 1.976225 -2.720251
v -1.653794 1.756872 -2.866642
v -1.653794 1.526353 -2.995910
v -1.653794 1.286708 -3.106136
v -1.653794 1.038897 -3.197800
v -1.653794 0.784860 -3.269146
v -1.653794 0.525860 -3.320949
v -1.653794 0.263686 -3.351660
v -1.653794 -0.263980 -3.351644
v -1.653794 -0.000125 -3.362325
v -1.784226 -0.495734 -3.129186
v -1.784226 -0.739818 -3.080366
v -1.784226 -0.979143 -3.013110
v -1.784227 -1.212680 -2.926738
v -1.784227 -0.000118 -3.168210
v -1.784227 -0.248740 -3.158145
v -1.784227 -1.655681 -2.701044
v -1.784227 -1.438443 -2.822841
v -1.784226 0.495501 -3.129222
v -1.784226 0.248463 -3.158160
v -1.784226 -2.057914 -2.408841
v -1.784227 -1.862323 -2.563067
v -1.784226 0.978919 -3.013183
v -1.784226 0.739548 -3.080411
v -1.784227 -2.409475 -2.057324
v -1.784226 -2.240347 -2.240179
v -1.784226 1.438233 -2.822950
v -1.784227 1.212423 -2.926812
v -1.784226 -2.701705 -1.655150
v -1.784226 -2.563207 -1.862131
v -1.784226 1.862132 -2.563205
v -1.784226 1.655444 -2.701144
v -1.784226 -2.927411 -1.212220
v -1.784226 -2.822951 -1.438232
v -1.784226 2.240180 -2.240345
v -1.784226 2.057703 -2.408966
v -1.784226 -3.081034 -0.739441
v -1.784226 -3.013184 -0.978918
v -1.784226 2.409293 -2.057472
v -1.784226 2.563068 -1.862322
v -1.784226 -3.158792 -0.248455
v -1.784226 -3.129224 -0.495500
v -1.784226 2.701560 -1.655315
v -1.784226 2.822842 -1.438442
v -1.784226 -3.158771 0.248649
v -1.784226 -3.168212 0.000119
v -1.784226 2.927305 -1.212399
v -1.784226 3.013111 -0.979142
v -1.784226 -3.080970 0.739631
v -1.784226 -3.129188 0.495735
v -1.784226 3.080969 -0.739629
v -1.784226 3.129187 -0.495733
v -1.784226 -2.927305 1.212401
v -1.784226 -3.013112 0.979144
v -1.784226 3.158772 -0.248648
v -1.784226 3.168211 -0.000117
v -1.784226 -2.701561 1.655317
v -1.784226 -2.822844 1.438444
v -1.784226 3.158792 0.248456
v -1.784226 3.129223 0.495502
v -1.784226 -2.409294 2.057473
v -1.784226 -2.563068 1.862324
v -1.784226 3.081034 0.739443
v -1.784226 3.013184 0.978920
v -1.784226 -2.240180 2.240347
v -1.784226 -2.057703 2.408969
v -1.784226 2.927412 1.212222
v -1.784226 2.822951 1.438233
v -1.784226 -1.655444 2.701147
v -1.784226 -1.862132 2.563207
v -1.784226 2.701705 1.655152
v -1.784226 2.563205 1.862133
v -1.784225 -1.212423 2.926814
v -1.784226 -1.438233 2.822952
v -1.784225 2.409474 2.057327
v -1.784226 2.240346 2.240181
v -1.784226 -0.739549 3.080413
v -1.784226 -0.978919 3.013185
v -1.784225 1.862323 2.563069
v -1.784226 2.057914 2.408843
v -1.784226 -0.248464 3.158163
v -1.784226 -0.495502 3.129224
v -1.784225 1.438442 2.822843
v -1.784225 1.655681 2.701046
v -1.784225 0.000117 3.168212
v -1.784225 0.248740 3.158148
v -1.784226 0.979143 3.013112
v -1.784225 1.212679 2.926740
v -1.784226 0.495733 3.129188
v -1.784226 0.739818 3.080368
v -1.015512 -0.833367 -3.469872
v -1.015512 -1.102954 -3.394111
v -1.015512 -1.366020 -3.296818
v -1.015512 -1.620330 -3.179785
v -1.015512 -1.865038 -3.042585
v -1.015512 -2.097810 -2.887161
v -1.015512 -2.318133 -2.713434
v -1.015512 -2.523634 -2.523445
v -1.015512 -2.887317 -2.097594
v -1.015512 -2.714148 -2.317468
v -1.015512 -3.179905 -1.620094
v -1.015512 -3.043329 -1.864439
v -1.015512 -3.394196 -1.102700
v -1.015512 -3.297576 -1.365503
v -1.015512 -3.524908 -0.558155
v -1.015512 -3.470624 -0.832942
v -1.015512 -3.568825 0.000133
v -1.015512 -3.558215 -0.279872
v -1.015512 -3.558190 0.280090
v -1.294507 -3.485331 0.552156
v -1.015512 -3.524866 0.558419
v -1.015511 -3.470551 0.833156
v -1.015511 -3.394112 1.102954
v -1.015511 -3.297456 1.365705
v -1.015511 -3.179786 1.620331
v -1.015511 -3.043166 1.864627
v -1.015511 -2.887161 2.097811
v -1.015511 -2.713944 2.317636
v -1.015511 -2.523446 2.523634
v -1.015511 -2.097596 2.887318
v -1.015511 -2.317896 2.713578
v -1.015511 -1.620095 3.179905
v -1.015511 -1.864771 3.042701
v -1.015511 -1.102701 3.394194
v -1.015511 -1.365732 3.296902
v -1.015511 -0.558156 3.524908
v -1.015511 -0.833062 3.469923
v -1.015511 0.000132 3.568825
v -1.015511 -0.279881 3.557505
v -1.015511 0.558418 3.524866
v -1.294505 0.552155 3.485332
v -1.015511 0.280192 3.557486
v -1.015510 1.102954 3.394113
v -1.015510 0.833366 3.469872
v -1.015510 1.620330 3.179787
v -1.015510 1.366020 3.296819
v -1.015511 2.097810 2.887161
v -1.015511 1.865038 3.042586
v -1.015511 2.523633 2.523446
v -1.015511 2.318133 2.713435
v -1.015511 2.887317 2.097596
v -1.015511 2.714146 2.317470
v -1.015511 3.179905 1.620095
v -1.015511 3.043330 1.864441
v -1.015511 3.394195 1.102701
v -1.015511 3.297577 1.365504
v -1.015511 3.524907 0.558157
v -1.015511 3.470624 0.832943
v -1.015511 3.568825 -0.000132
v -1.015511 3.558216 0.279873
v -1.015511 3.558191 -0.280089
v -1.294507 3.485330 -0.552154
v -1.015511 3.524866 -0.558417
v -1.015511 3.470551 -0.833154
v -1.015512 3.394112 -1.102953
v -1.015512 3.297457 -1.365704
v -1.015512 3.179786 -1.620329
v -1.015512 3.043166 -1.864626
v -1.015512 2.887161 -2.097809
v -1.015512 2.713944 -2.317634
v -1.015512 2.523446 -2.523632
v -1.015512 2.097595 -2.887316
v -1.015512 2.317894 -2.713576
v -1.015512 1.620094 -3.179904
v -1.015512 1.864771 -3.042699
v -1.015512 1.102701 -3.394194
v -1.015512 1.365731 -3.296901
v -1.015512 0.558156 -3.524907
v -1.015512 0.833062 -3.469922
v -1.015512 -0.000133 -3.568824
v -1.015512 0.279881 -3.557503
v -1.015512 -0.280193 -3.557486
v -1.294507 -0.552155 -3.485330
v -1.015512 -0.558418 -3.524865
v 1.467785 -0.808148 -3.364872
v 1.467785 -1.069577 -3.291404
v 1.467785 -1.324684 -3.197054
v 1.467785 -1.571298 -3.083563
v 1.467785 -0.271713 -3.449835
v 1.467785 -0.541520 -3.418201
v 1.077837 -0.558418 -3.524865
v 1.467785 -1.808601 -2.950514
v 1.467785 -2.034328 -2.799794
v 1.467785 0.271412 -3.449851
v 1.467785 -0.000128 -3.460829
v 1.467785 -2.247985 -2.631324
v 1.467785 -2.447266 -2.447085
v 1.467785 0.807854 -3.364920
v 1.467785 0.541266 -3.418240
v 1.467786 -2.632014 -2.247341
v 1.467786 -2.799945 -2.034120
v 1.467785 1.324404 -3.197134
v 1.467785 1.069333 -3.291484
v 1.467786 -2.951234 -1.808022
v 1.467786 -3.083680 -1.571069
v 1.467786 1.808342 -2.950624
v 1.467786 1.571069 -3.083680
v 1.467786 -3.197788 -1.324183
v 1.467786 -3.291483 -1.069332
v 1.467786 2.247754 -2.631461
v 1.467786 2.034120 -2.799945
v 1.467786 -3.365600 -0.807737
v 1.467786 -3.418240 -0.541266
v 1.467786 2.631819 -2.247502
v 1.467786 2.447084 -2.447266
v 1.467786 -3.450540 -0.271403
v 1.467786 -3.460829 0.000129
v 1.467786 2.951077 -1.808202
v 1.467786 2.799794 -2.034328
v 1.467786 -3.450517 0.271614
v 1.467786 -3.418201 0.541520
v 1.077837 -3.524866 0.558418
v 1.467786 3.197673 -1.324377
v 1.467786 3.083563 -1.571298
v 1.467786 -3.365530 0.807943
v 1.467786 -3.291404 1.069577
v 1.467786 3.365530 -0.807943
v 1.467786 3.291404 -1.069577
v 1.467786 -3.197672 1.324377
v 1.467786 -3.083563 1.571297
v 1.467786 3.450517 -0.271614
v 1.467786 3.418201 -0.541520
v 1.077838 3.524866 -0.558418
v 1.467786 -2.951076 1.808201
v 1.467786 -2.799793 2.034327
v 1.467786 3.450541 0.271403
v 1.467786 3.460829 -0.000129
v 1.467786 -2.631817 2.247501
v 1.467786 -2.447084 2.447266
v 1.467786 3.365601 0.807737
v 1.467786 3.418240 0.541266
v 1.467786 -2.247754 2.631460
v 1.467786 -2.034120 2.799944
v 1.467786 3.197788 1.324182
v 1.467786 3.291483 1.069332
v 1.467786 -1.808342 2.950624
v 1.467786 -1.571069 3.083679
v 1.467786 2.951237 1.808022
v 1.467786 3.083681 1.571068
v 1.467787 -1.324403 3.197134
v 1.467787 -1.069332 3.291482
v 1.467786 2.632014 2.247341
v 1.467786 2.799945 2.034120
v 1.467787 -0.807853 3.364920
v 1.467787 -0.541266 3.418239
v 1.467787 2.447266 2.447084
v 1.467787 2.247985 2.631324
v 1.467787 -0.271411 3.449851
v 1.467787 0.000129 3.460829
v 1.467787 2.034328 2.799793
v 1.467787 1.808601 2.950514
v 1.467787 0.541520 3.418200
v 1.077838 0.558418 3.524865
v 1.467787 0.271714 3.449834
v 1.467787 1.571298 3.083562
v 1.467787 1.324684 3.197054
v 1.467787 1.069577 3.291404
v 1.467787 0.808148 3.364872
v 1.608754 -0.772952 -3.218328
v 1.608754 -1.022996 -3.148059
v 1.608754 -1.266992 -3.057819
v 1.608754 -1.502866 -2.949270
v 1.608754 -0.259880 -3.299590
v 1.608754 -0.517936 -3.269334
v 1.608754 -1.945731 -2.677859
v 1.608754 -1.729834 -2.822017
v 1.608754 -0.000123 -3.310106
v 1.608754 0.259591 -3.299606
v 1.608754 -2.340685 -2.340512
v 1.608754 -2.150082 -2.516726
v 1.608754 0.517693 -3.269372
v 1.608754 0.772671 -3.218375
v 1.608754 -2.517387 -2.149467
v 1.608754 -2.678004 -1.945532
v 1.608754 1.022762 -3.148136
v 1.608754 1.266725 -3.057896
v 1.608754 -2.822706 -1.729280
v 1.608754 -2.949382 -1.502648
v 1.608754 1.502648 -2.949382
v 1.608754 1.729587 -2.822123
v 1.608754 -3.058521 -1.266513
v 1.608754 -3.148136 -1.022762
v 1.608754 1.945532 -2.678005
v 1.608754 2.149861 -2.516858
v 1.608754 -3.219025 -0.772560
v 1.608754 -3.269372 -0.517693
v 1.608754 2.517200 -2.149621
v 1.608754 2.340511 -2.340685
v 1.608754 -3.300265 -0.259583
v 1.608754 -3.310106 0.000123
v 1.608754 2.822556 -1.729453
v 1.608754 2.677860 -1.945731
v 1.608754 -3.300241 0.259785
v 1.608754 -3.269333 0.517936
v 1.608754 3.058411 -1.266700
v 1.608754 2.949270 -1.502867
v 1.608754 -3.218956 0.772756
v 1.608754 -3.148059 1.022996
v 1.608754 3.218958 -0.772756
v 1.608754 3.148059 -1.022996
v 1.608754 -3.058408 1.266700
v 1.608754 -2.949270 1.502866
v 1.608754 3.300244 -0.259785
v 1.608754 3.269333 -0.517936
v 1.608754 -2.822554 1.729452
v 1.608755 -2.677859 1.945730
v 1.608754 3.300267 0.259583
v 1.608754 3.310107 -0.000123
v 1.608754 -2.517199 2.149621
v 1.608755 -2.340511 2.340685
v 1.608754 3.219026 0.772559
v 1.608755 3.269372 0.517693
v 1.608755 -2.149861 2.516858
v 1.608755 -1.945532 2.678003
v 1.608755 3.058522 1.266513
v 1.608755 3.148137 1.022762
v 1.608755 -1.502648 2.949381
v 1.608755 -1.729587 2.822121
v 1.608755 2.822707 1.729280
v 1.608755 2.949382 1.502646
v 1.608755 -1.022762 3.148135
v 1.608755 -1.266724 3.057894
v 1.608755 2.517388 2.149467
v 1.608755 2.678004 1.945531
v 1.608755 -0.517693 3.269372
v 1.608755 -0.772670 3.218374
v 1.608755 2.340686 2.340511
v 1.608755 2.150082 2.516726
v 1.608755 0.000123 3.310106
v 1.608755 -0.259591 3.299606
v 1.608755 1.945732 2.677859
v 1.608755 1.729834 2.822017
v 1.608755 0.517936 3.269333
v 1.608755 0.259880 3.299590
v 1.608755 1.502867 2.949269
v 1.608755 1.266992 3.057817
v 1.608755 1.022996 3.148058
v 1.608755 0.772953 3.218327
v 1.608754 -1.022996 -3.148059
v 1.608754 -0.772952 -3.218328
v 1.760069 -0.951803 -2.928979
v 1.608754 -1.502866 -2.949270
v 1.608754 -1.266992 -3.057819
v 1.760070 -1.398278 -2.744023
v 1.608754 -0.517936 -3.269334
v 1.608754 -0.259880 -3.299590
v 1.760070 -0.481891 -3.041813
v 1.608754 -1.945731 -2.677859
v 1.608754 -1.729834 -2.822017
v 1.760069 -1.810323 -2.491500
v 1.608754 -0.000123 -3.310106
v 1.608754 0.259591 -3.299606
v 1.760070 -0.000114 -3.079748
v 1.608754 -2.340685 -2.340512
v 1.608754 -2.150082 -2.516726
v 1.760070 -2.177791 -2.177629
v 1.608754 0.517693 -3.269372
v 1.608754 0.772671 -3.218375
v 1.760070 0.481666 -3.041848
v 1.608754 -2.678004 -1.945532
v 1.608754 -2.517387 -2.149467
v 1.760070 -2.491635 -1.810138
v 1.608754 1.022762 -3.148136
v 1.608754 1.266725 -3.057896
v 1.760070 0.951586 -2.929049
v 1.608754 -2.949382 -1.502648
v 1.608754 -2.822706 -1.729280
v 1.760070 -2.744128 -1.398074
v 1.608754 1.502648 -2.949382
v 1.608754 1.729587 -2.822123
v 1.760069 1.398074 -2.744127
v 1.608754 -3.148136 -1.022762
v 1.608754 -3.058521 -1.266513
v 1.760070 -2.929049 -0.951586
v 1.608754 1.945532 -2.678005
v 1.608754 2.149861 -2.516858
v 1.760070 1.810138 -2.491635
v 1.608754 -3.269372 -0.517693
v 1.608754 -3.219025 -0.772560
v 1.760070 -3.041848 -0.481666
v 1.608754 2.340511 -2.340685
v 1.608754 2.517200 -2.149621
v 1.760070 2.177630 -2.177791
v 1.608754 -3.310106 0.000123
v 1.608754 -3.300265 -0.259583
v 1.760070 -3.079748 0.000114
v 1.608754 2.677860 -1.945731
v 1.608754 2.822556 -1.729453
v 1.760070 2.491501 -1.810323
v 1.608754 -3.269333 0.517936
v 1.608754 -3.300241 0.259785
v 1.760070 -3.041813 0.481892
v 1.608754 2.949270 -1.502867
v 1.608754 3.058411 -1.266700
v 1.760070 2.744024 -1.398278
v 1.608754 -3.148059 1.022996
v 1.608754 -3.218956 0.772756
v 1.760070 -2.928978 0.951803
v 1.608754 3.148059 -1.022996
v 1.608754 3.218958 -0.772756
v 1.760070 2.928979 -0.951803
v 1.608754 -2.949270 1.502866
v 1.608754 -3.058408 1.266700
v 1.760070 -2.744023 1.398278
v 1.608754 3.269333 -0.517936
v 1.608754 3.300244 -0.259785
v 1.760070 3.041814 -0.481892
v 1.608755 -2.677859 1.945730
v 1.608754 -2.822554 1.729452
v 1.760070 -2.491500 1.810323
v 1.608754 3.310107 -0.000123
v 1.608754 3.300267 0.259583
v 1.760070 3.079748 -0.000115
v 1.608755 -2.340511 2.340685
v 1.608754 -2.517199 2.149621
v 1.760070 -2.177629 2.177790
v 1.608755 3.269372 0.517693
v 1.608754 3.219026 0.772559
v 1.760070 3.041849 0.481665
v 1.608755 -1.945532 2.678003
v 1.608755 -2.149861 2.516858
v 1.760070 -1.810137 2.491635
v 1.608755 3.148137 1.022762
v 1.608755 3.058522 1.266513
v 1.760070 2.929050 0.951585
v 1.608755 -1.502648 2.949381
v 1.608755 -1.729587 2.822121
v 1.760070 -1.398074 2.744127
v 1.608755 2.949382 1.502646
v 1.608755 2.822707 1.729280
v 1.760070 2.744128 1.398074
v 1.608755 -1.022762 3.148135
v 1.608755 -1.266724 3.057894
v 1.760070 -0.951585 2.929049
v 1.608755 2.678004 1.945531
v 1.608755 2.517388 2.149467
v 1.760070 2.491636 1.810137
v 1.608755 -0.517693 3.269372
v 1.608755 -0.772670 3.218374
v 1.760070 -0.481666 3.041848
v 1.608755 2.340686 2.340511
v 1.608755 2.150082 2.516726
v 1.760070 2.177791 2.177629
v 1.608755 0.000123 3.310106
v 1.608755 -0.259591 3.299606
v 1.760070 0.000115 3.079748
v 1.608755 1.945732 2.677859
v 1.608755 1.729834 2.822017
v 1.760070 1.810323 2.491500
v 1.608755 0.517936 3.269333
v 1.608755 0.259880 3.299590
v 1.760070 0.481892 3.041813
v 1.608755 1.502867 2.949269
v 1.608755 1.266992 3.057817
v 1.760070 1.398278 2.744023
v 1.608755 1.022996 3.148058
v 1.608755 0.772953 3.218327
v 1.760070 0.951803 2.928978
v 1.733633 -0.414310 -2.615224
v 1.733633 -0.818321 -2.518214
v 1.733633 -1.202181 -2.359197
v 1.733633 -0.000098 -2.647839
v 1.733633 -1.556440 -2.142089
v 1.733633 0.414116 -2.615255
v 1.733633 -1.872374 -1.872235
v 1.733633 0.818134 -2.518275
v 1.733633 -2.142205 -1.556281
v 1.733633 1.202006 -2.359287
v 1.733633 -2.359287 -1.202006
v 1.733633 1.556282 -2.142205
v 1.733633 -2.518275 -0.818134
v 1.733633 1.872235 -1.872375
v 1.733633 -2.615255 -0.414116
v 1.733633 2.142090 -1.556440
v 1.733633 -2.647839 0.000098
v 1.733634 2.359198 -1.202181
v 1.733634 -2.615225 0.414310
v 1.733634 2.518215 -0.818321
v 1.733634 -2.518214 0.818321
v 1.733634 2.615225 -0.414311
v 1.733634 -2.359196 1.202181
v 1.733634 2.647840 -0.000099
v 1.733634 -2.142088 1.556440
v 1.733634 2.615256 0.414116
v 1.733634 -1.872235 1.872374
v 1.733634 2.518275 0.818133
v 1.733634 -1.556281 2.142205
v 1.733634 2.359287 1.202005
v 1.733634 -1.202006 2.359287
v 1.733634 2.142205 1.556280
v 1.733634 -0.818134 2.518275
v 1.733634 1.872374 1.872235
v 1.733634 -0.414116 2.615255
v 1.733634 1.556440 2.142088
v 1.733634 0.000099 2.647839
v 1.733634 1.202182 2.359196
v 1.733634 0.414311 2.615224
v 1.733634 0.818321 2.518214
v 0.012041 -3.572419 0.565952
v 0.012042 0.565952 3.572418
v 0.012042 3.572419 -0.565951
v 0.012041 -0.565952 -3.572419
v -1.558326 -3.382208 0.535818
v -1.558326 0.535817 3.382209
v -1.558327 3.382208 -0.535817
v -1.558327 -0.535818 -3.382207
v -1.653793 -3.320911 0.526108
v -1.653793 0.526107 3.320911
v -1.653794 3.320910 -0.526106
v -1.653794 -0.526107 -3.320909
v -1.015512 -0.558418 -3.524865
v -1.015512 -3.524866 0.558419
v -1.015511 0.558418 3.524866
v -1.015511 3.524866 -0.558417
v 1.467785 -0.541520 -3.418201
v 1.467786 -3.418201 0.541520
v 1.467786 3.418201 -0.541520
v 1.467787 0.541520 3.418200
v 1.608754 -0.517936 -3.269334
v 1.608754 -3.269333 0.517936
v 1.608754 3.269333 -0.517936
v 1.608755 0.517936 3.269333
v -1.449270 2.341054 -0.153317
v -1.360073 2.257351 -0.171563
v -1.370689 2.253369 -0.133659
v -1.459891 2.305211 -0.126505
v -1.434823 2.321588 -0.411026
v -1.360241 2.209960 -0.481959
v -1.434823 2.348577 -0.207120
v -1.434824 2.276931 -0.611802
v -1.434824 2.215504 -0.806378
v -1.361116 2.128608 -0.774750
v -1.406112 2.240093 -0.106637
v -1.360073 1.839509 -1.319573
v -1.459891 1.847210 -1.384853
v -1.370689 1.812094 -1.346049
v -1.449270 1.891901 -1.387353
v -1.434823 2.042641 -1.177424
v -1.434823 1.932248 -1.350973
v -1.360241 2.002725 -1.051333
v -1.434823 2.137487 -0.994916
v -1.406111 1.784555 -1.358216
v -1.812105 2.639354 -0.232764
v -1.815089 2.670084 0.000001
v -1.815089 2.659763 -0.234563
v -1.812105 2.649598 0.000001
v -1.812105 2.609023 -0.461915
v -1.815089 2.629196 -0.465486
v -1.812105 2.558836 -0.687548
v -1.815089 2.578622 -0.692865
v -1.812105 2.489806 -0.906216
v -1.815089 2.509058 -0.913223
v -1.755756 2.409234 -0.212469
v -1.790585 2.425052 0.000001
v -1.790585 2.415678 -0.213038
v -1.755754 2.418584 0.000001
v -1.755756 2.381548 -0.421641
v -1.790585 2.387917 -0.422769
v -1.755756 2.335737 -0.627602
v -1.790585 2.341984 -0.629281
v -1.755756 2.272726 -0.827205
v -1.790585 2.278804 -0.829417
v -1.615110 2.384409 -0.210280
v -1.615032 2.378255 0.000001
v -1.615110 2.393662 0.000001
v -1.615032 2.368082 -0.215570
v -1.615110 2.357008 -0.417297
v -1.615032 2.336799 -0.413719
v -1.615034 2.291849 -0.615810
v -1.615110 2.311669 -0.621135
v -1.615110 2.249306 -0.818681
v -1.615032 2.230021 -0.811661
v -1.608213 2.368465 -0.196245
v -1.607124 2.377636 0.000001
v -1.600795 2.336190 -0.413611
v -1.605112 2.367433 -0.215150
v -1.600795 2.291251 -0.615649
v -1.600795 2.229440 -0.811450
v -1.753770 2.659763 -0.234563
v -1.753770 2.670084 0.000001
v -1.753770 2.578622 -0.692865
v -1.753770 2.509058 -0.913223
v -1.753770 2.629196 -0.465486
v -1.791117 2.445273 -0.215648
v -1.791117 2.454763 0.000001
v -1.791117 2.417173 -0.427948
v -1.791117 2.370677 -0.636990
v -1.791117 2.306722 -0.839578
v -1.635505 2.388184 -0.210613
v -1.635505 2.397453 0.000001
v -1.635505 2.360740 -0.417957
v -1.635506 2.315329 -0.622119
v -1.635505 2.252868 -0.819977
v -1.440097 2.341054 -0.153317
v -1.350900 2.257351 -0.171563
v -1.361516 2.253369 -0.133658
v -1.450719 2.305211 -0.126505
v -1.425650 2.321588 -0.411026
v -1.351069 2.209960 -0.481959
v -1.425650 2.348577 -0.207120
v -1.425650 2.276931 -0.611801
v -1.425650 2.215504 -0.806378
v -1.351944 2.128608 -0.774750
v -1.358468 2.203914 -0.110195
v -1.396939 2.240093 -0.106637
v -1.326974 2.222984 -0.132255
v -1.316420 2.181758 -0.477699
v -1.318801 2.233965 -0.173766
v -1.314044 2.104220 -0.765873
v -1.440798 2.329346 -0.412399
v -1.440774 2.356681 -0.208205
v -1.440798 2.284539 -0.613846
v -1.440798 2.222908 -0.809073
v -1.277801 0.727805 -0.128853
v -1.291635 0.753046 0.000001
v -1.290681 0.741515 -0.131281
v -1.277801 0.739123 0.000001
v -1.290681 0.707632 -0.257556
v -1.277801 0.694549 -0.252794
v -1.258729 0.726124 -0.128556
v -1.258729 0.737415 0.000001
v -1.258729 0.692943 -0.252210
v -1.140452 0.704976 0.000001
v -1.140452 0.662461 -0.241116
v -1.017784 0.577468 -0.210180
v -1.017784 0.614528 0.000001
v -0.968952 0.466312 -0.169723
v -0.968952 0.496239 0.000001
v -1.010586 0.450830 -0.079493
v -1.008271 0.360227 -0.063517
v -1.010586 0.455141 0.000001
v -1.010586 0.450830 -0.079493
v -1.008271 0.363672 0.000001
v -1.008271 0.363672 0.000001
v -1.008271 0.360227 -0.063517
v -0.920890 0.306014 0.000001
v -0.920890 0.287559 -0.104662
v -0.925502 0.257623 -0.093766
v -0.925502 0.274157 0.000001
v -1.296433 0.765567 0.000001
v -1.295504 0.819847 -0.065895
v -1.299687 0.766905 -0.049273
v -1.355306 0.803784 -0.113235
v -1.433930 0.825813 -0.300571
v -1.447059 0.844287 -0.307295
v -1.429636 0.872560 -0.104834
v -1.449510 0.899803 -0.100077
v -1.465466 0.946515 -0.193512
v -1.453210 0.874125 -0.318155
v -1.467093 0.953803 -0.082288
v -1.479510 0.997970 -0.051789
v -1.483398 1.013190 0.000001
v -1.487460 1.029375 -0.137560
v -1.319806 0.770685 -0.094664
v -1.477452 0.991673 -0.046933
v -1.480261 1.005850 0.000001
v -1.465587 0.950630 -0.075307
v -1.449034 0.900380 -0.091879
v -1.429486 0.873568 -0.096903
v -1.354976 0.805130 -0.104959
v -1.321923 0.775050 -0.090011
v -1.300991 0.759466 -0.051846
v -1.298319 0.753865 -0.054851
v -1.296093 0.757565 0.000001
v -1.470284 0.985109 -0.048016
v -1.474416 1.000660 0.000001
v -1.457113 0.945229 -0.074510
v -1.431001 0.886537 -0.091393
v -1.349070 0.809638 -0.101944
v -1.318315 0.780352 -0.085950
v -1.605055 2.355903 0.152541
v -1.605055 2.355903 -0.152539
v -1.602419 2.327167 -0.121971
v -1.602419 2.327167 0.121973
v -1.526389 1.271882 -0.115741
v -1.515906 1.146020 -0.123831
v -1.536309 1.272459 -0.115937
v -1.505985 1.145886 -0.123755
v -1.478127 1.032154 -0.148996
v -1.466473 0.949370 -0.208006
v -1.488040 1.032208 -0.148892
v -1.456553 0.949162 -0.208345
v -1.455078 0.883184 -0.321452
v -1.445157 0.883139 -0.321436
v -1.589901 2.031125 -0.063892
v -1.599821 2.031596 -0.063916
v -1.589942 2.132082 -0.073470
v -1.599862 2.132719 -0.073525
v -1.592464 2.325984 -0.135056
v -1.602383 2.327464 -0.135666
v -1.367780 1.077751 -0.066881
v -1.430200 1.252360 -0.050821
v -1.271242 1.269930 -0.050195
v -1.217420 1.072908 -0.069461
v -1.295581 0.911973 -0.146770
v -1.189034 0.936660 -0.131827
v -1.517559 2.024294 -0.026908
v -1.400304 2.030860 -0.027033
v -1.399920 2.147947 -0.038000
v -1.511359 2.143355 -0.036350
v -1.396939 2.240093 -0.106637
v -1.358468 2.203914 -0.110195
v -1.358818 2.131537 -0.097223
v -1.177827 1.080501 -0.132714
v -1.238007 1.290437 -0.130062
v -1.172700 1.290792 -0.130052
v -1.076474 1.086806 -0.132777
v -0.826663 0.804902 -0.145020
v -1.242385 0.831423 -0.142273
v -0.966358 0.927949 -0.131829
v -1.189034 0.936660 -0.131827
v -0.779358 0.740726 -0.269602
v -1.248883 0.753798 -0.274360
v -1.359827 2.032807 -0.097210
v -1.315385 2.037005 -0.097064
v -1.358818 2.131537 -0.097223
v -1.303572 2.118783 -0.096729
v -1.177827 1.080501 -0.132714
v -1.238007 1.290437 -0.130062
v -1.442374 1.145022 -0.123273
v -1.476264 1.269262 -0.114851
v -1.242385 0.831423 -0.142273
v -1.394330 1.032401 -0.149798
v -1.358263 0.947155 -0.211683
v -1.339880 0.882658 -0.321261
v -1.248883 0.753798 -0.274360
v -1.359827 2.032807 -0.097210
v -1.557283 2.029575 -0.063811
v -1.552589 2.129678 -0.073262
v -1.513489 2.237541 -0.104982
v -1.532876 2.218623 -0.099109
v -1.595082 2.353858 -0.164038
v -1.605028 2.354578 -0.164575
v -1.513489 2.237541 -0.104982
v -1.607667 2.363640 -0.179460
v -1.607099 2.371320 0.000001
v -1.266318 2.182812 -0.102680
v -1.205070 2.215610 -0.156625
v -1.599863 2.133165 -0.062597
v -1.599821 2.031458 -0.054688
v -1.536306 1.272826 -0.103964
v -1.515933 1.145909 -0.113216
v -1.532876 2.218623 -0.099109
v -1.552589 2.129678 -0.073262
v -1.557283 2.029575 -0.063811
v -1.476264 1.269262 -0.114851
v -1.442374 1.145022 -0.123273
v -1.394330 1.032401 -0.149798
v -1.358263 0.947155 -0.211683
v -1.339880 0.882658 -0.321261
v -1.599821 2.031458 0.054690
v -1.536306 1.272826 0.103966
v -1.295504 0.819847 0.065897
v -1.010586 0.455141 0.000001
v -1.010586 0.427693 -0.155667
v -1.008271 0.341740 -0.124382
v -1.010586 0.427693 -0.155667
v -1.008271 0.341740 -0.124382
v -1.515933 1.145909 0.113218
v -1.812105 2.639354 0.232765
v -1.815089 2.659763 0.234565
v -1.815089 2.629196 0.465488
v -1.812105 2.609024 0.461916
v -1.815089 2.578622 0.692866
v -1.812105 2.558836 0.687550
v -1.815089 2.509059 0.913223
v -1.812106 2.489807 0.906216
v -1.755756 2.409234 0.212471
v -1.790585 2.415678 0.213039
v -1.755756 2.381548 0.421643
v -1.790585 2.387917 0.422770
v -1.755756 2.335738 0.627604
v -1.790585 2.341984 0.629282
v -1.755756 2.272726 0.827205
v -1.790585 2.278804 0.829418
v -1.615110 2.384409 0.210282
v -1.615032 2.368082 0.215571
v -1.615110 2.357008 0.417298
v -1.615032 2.336799 0.413720
v -1.615034 2.291849 0.615811
v -1.615110 2.311669 0.621137
v -1.615110 2.249308 0.818682
v -1.615034 2.230021 0.811662
v -1.608213 2.368465 0.196246
v -1.600795 2.336190 0.413612
v -1.605112 2.367433 0.215152
v -1.600795 2.291251 0.615651
v -1.600795 2.229441 0.811451
v -1.753770 2.659763 0.234565
v -1.753770 2.509059 0.913223
v -1.753770 2.578622 0.692866
v -1.753770 2.629196 0.465488
v -1.791117 2.445273 0.215649
v -1.791117 2.417173 0.427950
v -1.791117 2.370677 0.636992
v -1.791117 2.306722 0.839579
v -1.635505 2.388184 0.210614
v -1.635505 2.360740 0.417959
v -1.635506 2.315329 0.622120
v -1.635506 2.252869 0.819978
v -1.350900 2.257351 0.171564
v -1.440097 2.341054 0.153318
v -1.361516 2.253369 0.133660
v -1.450719 2.305211 0.126506
v -1.425650 2.321588 0.411027
v -1.425650 2.348577 0.207122
v -1.351069 2.209960 0.481960
v -1.425650 2.276931 0.611803
v -1.425650 2.215506 0.806379
v -1.351944 2.128608 0.774751
v -1.358468 2.203914 0.110197
v -1.396939 2.240093 0.106638
v -1.326974 2.222984 0.132256
v -1.316420 2.181758 0.477700
v -1.318801 2.233965 0.173767
v -1.314044 2.104220 0.765874
v -1.440774 2.356681 0.208207
v -1.440798 2.329346 0.412401
v -1.440798 2.284539 0.613847
v -1.440799 2.222909 0.809073
v -1.277801 0.727805 0.128855
v -1.290681 0.741515 0.131282
v -1.290681 0.707632 0.257558
v -1.277801 0.694549 0.252796
v -1.258729 0.726124 0.128558
v -1.258729 0.692944 0.252212
v -1.017784 0.577468 0.210182
v -1.140452 0.662461 0.241117
v -0.968952 0.466312 0.169725
v -1.010586 0.450830 0.079494
v -1.010586 0.450830 0.079494
v -1.008271 0.360227 0.063519
v -1.008271 0.360227 0.063519
v -0.925502 0.257623 0.093768
v -0.920890 0.287559 0.104664
v -1.299687 0.766905 0.049275
v -1.355306 0.803784 0.113237
v -1.433930 0.825813 0.300572
v -1.429636 0.872560 0.104836
v -1.447059 0.844287 0.307296
v -1.449510 0.899803 0.100078
v -1.465466 0.946515 0.193514
v -1.453210 0.874125 0.318156
v -1.467093 0.953803 0.082290
v -1.479510 0.997970 0.051791
v -1.487460 1.029375 0.137561
v -1.319806 0.770685 0.094665
v -1.477452 0.991673 0.046935
v -1.465587 0.950630 0.075309
v -1.449034 0.900380 0.091881
v -1.429486 0.873568 0.096905
v -1.354976 0.805130 0.104960
v -1.321923 0.775050 0.090012
v -1.298319 0.753865 0.054852
v -1.300991 0.759466 0.051847
v -1.470284 0.985109 0.048018
v -1.457113 0.945229 0.074511
v -1.431001 0.886537 0.091394
v -1.349070 0.809638 0.101946
v -1.318315 0.780352 0.085952
v -1.599863 2.133165 0.062599
v -1.505985 1.145886 0.123757
v -1.526389 1.271882 0.115742
v -1.515906 1.146020 0.123833
v -1.536309 1.272459 0.115938
v -1.456553 0.949162 0.208347
v -1.478127 1.032154 0.148997
v -1.466473 0.949370 0.208008
v -1.488040 1.032208 0.148894
v -1.445157 0.883139 0.321437
v -1.455078 0.883184 0.321454
v -1.589901 2.031125 0.063893
v -1.599821 2.031596 0.063918
v -1.599862 2.132719 0.073527
v -1.589942 2.132082 0.073471
v -1.602383 2.327464 0.135668
v -1.592464 2.325984 0.135058
v -1.430200 1.252360 0.050823
v -1.367780 1.077751 0.066883
v -1.271242 1.269930 0.050196
v -1.217420 1.072908 0.069463
v -1.295581 0.911973 0.146771
v -1.189034 0.936660 0.131829
v -1.517559 2.024294 0.026910
v -1.400304 2.030860 0.027035
v -1.399920 2.147947 0.038001
v -1.511359 2.143355 0.036352
v -1.396939 2.240093 0.106638
v -1.358468 2.203914 0.110197
v -1.358818 2.131537 0.097225
v -1.076474 1.086806 0.132779
v -1.172700 1.290792 0.130053
v -1.177827 1.080501 0.132716
v -1.238007 1.290437 0.130064
v -1.242385 0.831423 0.142274
v -0.826663 0.804902 0.145022
v -0.966358 0.927949 0.131831
v -1.189034 0.936660 0.131829
v -1.248883 0.753798 0.274361
v -0.779358 0.740727 0.269603
v -1.315385 2.037005 0.097065
v -1.359827 2.032807 0.097212
v -1.303572 2.118783 0.096730
v -1.358818 2.131537 0.097225
v -1.177827 1.080501 0.132716
v -1.238007 1.290437 0.130064
v -1.476264 1.269262 0.114852
v -1.442374 1.145022 0.123275
v -1.242385 0.831423 0.142274
v -1.394330 1.032401 0.149800
v -1.358263 0.947155 0.211685
v -1.339880 0.882658 0.321262
v -1.248883 0.753798 0.274361
v -1.359827 2.032807 0.097212
v -1.557283 2.029575 0.063813
v -1.552589 2.129678 0.073264
v -1.513489 2.237541 0.104984
v -1.532876 2.218623 0.099111
v -1.595082 2.353858 0.164039
v -1.605028 2.354578 0.164577
v -1.513489 2.237541 0.104984
v -1.607667 2.363640 0.179461
v -1.266318 2.182812 0.102682
v -1.205070 2.215610 0.156627
v -1.532876 2.218623 0.099111
v -1.552589 2.129678 0.073264
v -1.557283 2.029575 0.063813
v -1.476264 1.269262 0.114852
v -1.442374 1.145022 0.123275
v -1.394330 1.032401 0.149800
v -1.358263 0.947155 0.211685
v -1.339880 0.882658 0.321262
v -1.010586 0.427693 0.155668
v -1.008271 0.341740 0.124384
v -1.010586 0.427693 0.155668
v -1.008271 0.341740 0.124384
v -1.815089 2.045403 1.716298
v -1.812105 2.171480 1.518236
v -1.812105 2.029709 1.703129
v -1.815089 2.188271 1.529976
v -1.815089 2.313291 1.333432
v -1.812105 2.295541 1.323200
v -1.815089 2.420705 1.126742
v -1.812105 2.402130 1.118095
v -1.755756 1.982153 1.385865
v -1.755756 1.852742 1.554636
v -1.790585 1.987455 1.389572
v -1.790585 1.857697 1.558794
v -1.755756 2.095398 1.207834
v -1.790585 2.101002 1.211064
v -1.755756 2.192694 1.020612
v -1.790585 2.198558 1.023341
v -1.615032 1.821849 1.528713
v -1.615110 1.961729 1.371585
v -1.615032 1.952622 1.357037
v -1.615110 1.833652 1.538618
v -1.615110 2.073807 1.195387
v -1.615034 2.056026 1.185139
v -1.615034 2.151493 1.001434
v -1.615110 2.170100 1.010095
v -1.608213 1.940494 1.372089
v -1.607124 1.821375 1.528316
v -1.600795 2.055490 1.184830
v -1.605112 1.951855 1.356942
v -1.600795 2.150933 1.001173
v -1.753770 2.188271 1.529976
v -1.753770 2.045403 1.716298
v -1.753770 2.420705 1.126742
v -1.753770 2.313291 1.333432
v -1.791117 2.011804 1.406596
v -1.791117 1.880458 1.577892
v -1.791117 2.126743 1.225901
v -1.791117 2.225494 1.035879
v -1.635505 1.836555 1.541054
v -1.635506 1.964835 1.373756
v -1.635506 2.077090 1.197280
v -1.635506 2.173536 1.011694
v -1.350900 1.839510 1.319573
v -1.450719 1.847211 1.384853
v -1.440097 1.891901 1.387353
v -1.361517 1.812095 1.346050
v -1.425650 2.042642 1.177424
v -1.351069 2.002725 1.051333
v -1.425650 1.932248 1.350973
v -1.425650 2.137488 0.994916
v -1.326975 1.787917 1.327594
v -1.358468 1.759129 1.332234
v -1.396939 1.784556 1.358215
v -1.318801 1.823012 1.302853
v -1.316420 1.978383 1.036469
v -1.440774 1.939155 1.355350
v -1.440798 2.049468 1.181359
v -1.440798 2.144632 0.998240
v -1.277801 0.640357 0.369117
v -1.277801 0.566201 0.475100
v -1.291635 0.576867 0.484050
v -1.290681 0.652420 0.376070
v -1.258729 0.638878 0.368264
v -1.258729 0.564893 0.474002
v -1.017784 0.470756 0.395012
v -1.140452 0.540043 0.453151
v -0.968952 0.380141 0.318977
v -1.010586 0.396453 0.228893
v -1.008271 0.278589 0.233765
v -1.010586 0.348659 0.292560
v -1.008271 0.316778 0.182893
v -1.010586 0.396453 0.228893
v -1.008271 0.278589 0.233765
v -1.008271 0.316778 0.182893
v -0.920890 0.234420 0.196703
v -0.925502 0.210016 0.176226
v -1.296433 0.586458 0.492098
v -1.295504 0.670397 0.476509
v -1.299687 0.619156 0.455212
v -1.355306 0.688521 0.429919
v -1.449510 0.753617 0.501719
v -1.429636 0.735806 0.480563
v -1.465466 0.849460 0.460169
v -1.467093 0.783550 0.550057
v -1.479510 0.797779 0.601810
v -1.483398 0.776148 0.651267
v -1.487460 0.876969 0.556293
v -1.319806 0.651228 0.422871
v -1.477452 0.789834 0.601482
v -1.480261 0.770525 0.646549
v -1.465587 0.776631 0.553365
v -1.449034 0.748791 0.508370
v -1.429486 0.731481 0.487287
v -1.354977 0.684232 0.437125
v -1.321923 0.651581 0.429241
v -1.300992 0.615111 0.448460
v -1.298319 0.612752 0.442558
v -1.296093 0.580329 0.486954
v -1.470284 0.785502 0.596433
v -1.474416 0.766550 0.643213
v -1.457113 0.771982 0.550504
v -1.431001 0.737873 0.499845
v -1.349070 0.685748 0.442332
v -1.318315 0.653032 0.435759
v -1.605055 1.706676 1.631198
v -1.602419 1.861116 1.402439
v -1.602419 1.704311 1.589311
v -1.605055 1.902778 1.397493
v -1.526389 1.048715 0.728888
v -1.515906 0.957500 0.641788
v -1.536310 1.049283 0.729108
v -1.505985 0.957349 0.641759
v -1.478127 0.886449 0.549319
v -1.466473 0.860964 0.450901
v -1.488040 0.886424 0.549433
v -1.456553 0.861022 0.450508
v -1.589901 1.597001 1.256639
v -1.599822 1.597378 1.256922
v -1.589942 1.680495 1.314195
v -1.599863 1.681019 1.314562
v -1.592464 1.868619 1.391654
v -1.602385 1.870146 1.392139
v -1.430200 0.992031 0.766071
v -1.271242 1.005088 0.777845
v -1.367780 0.868596 0.641531
v -1.217420 0.866545 0.636442
v -1.295581 0.792954 0.473773
v -1.189034 0.802260 0.501088
v -1.517559 1.567995 1.280578
v -1.400304 1.573105 1.284703
v -1.399921 1.669849 1.351564
v -1.511359 1.665272 1.349876
v -1.396939 1.784556 1.358215
v -1.358468 1.759129 1.332234
v -1.358818 1.695347 1.295648
v -1.177827 0.913019 0.592868
v -1.238007 1.072135 0.729844
v -1.172700 1.072400 0.730080
v -1.076474 0.917889 0.596872
v -0.826663 0.709809 0.406289
v -1.242385 0.728358 0.425441
v -0.966358 0.795589 0.495487
v -1.189034 0.802260 0.501088
v -1.359827 1.619706 1.232196
v -1.315385 1.622828 1.235007
v -1.358818 1.695347 1.295648
v -1.303572 1.685259 1.287829
v -1.177827 0.913019 0.592868
v -1.238007 1.072135 0.729844
v -1.442374 0.956376 0.641573
v -1.476264 1.046136 0.727886
v -1.242385 0.728358 0.425441
v -1.394330 0.887154 0.548862
v -1.358263 0.861631 0.446661
v -1.359827 1.619706 1.232196
v -1.557283 1.595763 1.255704
v -1.552589 1.678521 1.312809
v -1.513489 1.781538 1.357843
v -1.532876 1.763270 1.350182
v -1.595082 1.908601 1.387370
v -1.605028 1.909499 1.387421
v -1.513489 1.781538 1.357843
v -1.607667 1.926009 1.381845
v -1.607099 1.816536 1.524256
v -1.266318 1.738133 1.324427
v -1.205070 1.797932 1.304184
v -1.599863 1.674336 1.323219
v -1.599821 1.591341 1.263902
v -1.536306 1.041869 0.738516
v -1.515933 0.950592 0.649848
v -1.532876 1.763270 1.350182
v -1.552589 1.678521 1.312809
v -1.557283 1.595763 1.255704
v -1.476264 1.046136 0.727886
v -1.442374 0.956376 0.641573
v -1.394330 0.887154 0.548862
v -1.358263 0.861631 0.446661
v -1.599821 1.521034 1.347691
v -1.536306 0.908214 0.897799
v -1.295504 0.585682 0.577468
v -1.010586 0.348659 0.292560
v -1.515933 0.805043 0.823306
v -1.812105 1.872244 1.874853
v -1.815089 1.886721 1.889349
v -1.812105 1.701714 2.030896
v -1.815089 1.714873 2.046599
v -1.812106 1.518234 2.171482
v -1.815089 1.529974 2.188272
v -1.815089 1.335042 2.312361
v -1.812106 1.324798 2.294618
v -1.755756 1.709008 1.711389
v -1.790585 1.713578 1.715965
v -1.790585 1.557499 1.858784
v -1.755756 1.553346 1.853827
v -1.790585 1.389569 1.987456
v -1.755756 1.385863 1.982155
v -1.790585 1.212526 2.100157
v -1.755756 1.209293 2.094556
v -1.615110 1.691397 1.693754
v -1.615032 1.675490 1.687311
v -1.615110 1.537339 1.834725
v -1.615034 1.524158 1.818994
v -1.615110 1.371583 1.961731
v -1.615034 1.359822 1.944911
v -1.615110 1.196831 2.072973
v -1.615034 1.186570 2.055200
v -1.608213 1.688206 1.672753
v -1.605112 1.675262 1.686573
v -1.600795 1.523761 1.818520
v -1.600795 1.359469 1.944405
v -1.600795 1.186260 2.054664
v -1.753770 1.886721 1.889349
v -1.753771 1.335042 2.312361
v -1.753770 1.529974 2.188272
v -1.753770 1.714873 2.046599
v -1.791117 1.734572 1.736988
v -1.791117 1.576581 1.881557
v -1.791117 1.406594 2.011806
v -1.791118 1.227381 2.125888
v -1.635506 1.694075 1.696435
v -1.635506 1.539773 1.837629
v -1.635506 1.373754 1.964837
v -1.635506 1.198726 2.076255
v -1.450719 1.684578 1.578671
v -1.350900 1.618952 1.582423
v -1.440097 1.694802 1.622250
v -1.361517 1.640265 1.550827
v -1.425650 1.514237 1.807153
v -1.425650 1.665980 1.668301
v -1.351069 1.383130 1.789738
v -1.425650 1.350971 1.932252
v -1.351944 1.132609 1.961737
v -1.425651 1.178845 2.041821
v -1.396939 1.647465 1.521594
v -1.358468 1.617463 1.501064
v -1.326975 1.617893 1.530221
v -1.318801 1.599622 1.569078
v -1.316420 1.364265 1.768347
v -1.314044 1.119632 1.939260
v -1.440774 1.671490 1.674340
v -1.440798 1.519298 1.813192
v -1.440799 1.355485 1.938709
v -1.440799 1.182785 2.048645
v -1.290681 0.483647 0.577205
v -1.277801 0.474705 0.566533
v -1.290681 0.376523 0.652158
v -1.277801 0.369561 0.640100
v -1.258729 0.473608 0.565224
v -1.258729 0.368707 0.638621
v -1.140452 0.352488 0.610528
v -1.017784 0.307264 0.532198
v -0.968952 0.248119 0.429756
v -1.010586 0.294259 0.350685
v -1.008271 0.235122 0.280208
v -1.010586 0.294259 0.350685
v -1.008271 0.235122 0.280208
v -0.925502 0.137078 0.237428
v -0.920890 0.153007 0.265017
v -1.299687 0.555810 0.530704
v -1.433931 0.439406 0.761074
v -1.355306 0.542948 0.603408
v -1.429636 0.601033 0.641180
v -1.447059 0.449236 0.778100
v -1.449510 0.624960 0.655047
v -1.453210 0.465112 0.805599
v -1.465466 0.600685 0.756649
v -1.467093 0.677761 0.676131
v -1.479510 0.731199 0.681157
v -1.487460 0.700125 0.767048
v -1.319806 0.529530 0.567905
v -1.477452 0.729497 0.673389
v -1.465587 0.679817 0.668743
v -1.449034 0.630672 0.649139
v -1.429486 0.606903 0.635752
v -1.354977 0.549299 0.597932
v -1.321923 0.535865 0.567146
v -1.298319 0.542236 0.526595
v -1.300992 0.548458 0.527893
v -1.470284 0.723772 0.670000
v -1.457113 0.676193 0.664661
v -1.431001 0.620381 0.639868
v -1.349070 0.554689 0.598521
v -1.318315 0.542536 0.567444
v -1.599863 1.593862 1.419126
v -1.505986 0.798250 0.831365
v -1.526389 0.899921 0.906214
v -1.515906 0.798305 0.831509
v -1.536310 0.900237 0.906735
v -1.456553 0.593178 0.769713
v -1.478127 0.694903 0.777595
v -1.466474 0.593555 0.769587
v -1.488040 0.695011 0.777550
v -1.445157 0.469908 0.813906
v -1.455078 0.469932 0.813948
v -1.589901 1.514863 1.354528
v -1.599822 1.515208 1.354849
v -1.589942 1.586043 1.426758
v -1.599863 1.586496 1.427210
v -1.592464 1.694993 1.598573
v -1.602385 1.695735 1.599993
v -1.271242 0.940558 0.854748
v -1.430200 0.926696 0.843934
v -1.367780 0.782614 0.744000
v -1.217420 0.777246 0.742864
v -1.295581 0.604270 0.698639
v -1.189034 0.632786 0.703060
v -1.517559 1.533402 1.321805
v -1.400304 1.538351 1.326121
v -1.399921 1.620997 1.409785
v -1.511359 1.618540 1.405570
v -1.396939 1.647465 1.521594
v -1.358468 1.617463 1.501064
v -1.358818 1.570357 1.444604
v -1.076474 0.747194 0.800300
v -1.172700 0.905208 0.929332
v -1.177827 0.742404 0.796199
v -1.238007 0.904930 0.929112
v -1.242385 0.545455 0.643417
v -0.826663 0.523373 0.628475
v -0.966358 0.626111 0.697462
v -1.189034 0.632786 0.703060
v -1.248883 0.401088 0.694705
v -0.779358 0.394132 0.682658
v -1.315385 1.498044 1.383718
v -1.359827 1.494734 1.381132
v -1.303572 1.560905 1.436028
v -1.358818 1.570357 1.444604
v -1.177827 0.742404 0.796199
v -1.238007 0.904930 0.929112
v -1.442374 0.797899 0.830440
v -1.476264 0.898486 0.903848
v -1.242385 0.545455 0.643417
v -1.394330 0.694576 0.778368
v -1.358264 0.589495 0.770979
v -1.339880 0.469653 0.813463
v -1.248883 0.401088 0.694705
v -1.359827 1.494734 1.381132
v -1.557283 1.513727 1.353470
v -1.552589 1.584335 1.425054
v -1.532876 1.635857 1.502027
v -1.513489 1.646574 1.518686
v -1.595082 1.697717 1.638692
v -1.605028 1.697924 1.639567
v -1.513489 1.646574 1.518686
v -1.607667 1.695299 1.656795
v -1.266318 1.606130 1.481744
v -1.205070 1.596578 1.544149
v -1.532876 1.635857 1.502027
v -1.552589 1.584335 1.425054
v -1.557283 1.513727 1.353470
v -1.476264 0.898486 0.903848
v -1.442374 0.797899 0.830440
v -1.394330 0.694576 0.778368
v -1.358264 0.589495 0.770979
v -1.339880 0.469653 0.813463
v -1.010586 0.227571 0.394165
v -1.008271 0.181836 0.314950
v -1.010586 0.227571 0.394165
v -1.008271 0.181836 0.314950
v -1.812106 0.687547 2.558838
v -1.815089 0.463655 2.629521
v -1.815089 0.692863 2.578623
v -1.812106 0.460098 2.609345
v -1.815089 0.914970 2.508423
v -1.812106 0.907950 2.489176
v -1.815089 1.130112 2.419132
v -1.812106 1.121441 2.400571
v -1.755756 0.627601 2.335739
v -1.790585 0.421106 2.388211
v -1.790585 0.629280 2.341985
v -1.755756 0.419983 2.381841
v -1.755756 0.828788 2.272150
v -1.790585 0.831004 2.278227
v -1.755756 1.023665 2.191270
v -1.790585 1.026403 2.197131
v -1.615034 0.412980 2.342124
v -1.615110 0.621135 2.311670
v -1.615034 0.623509 2.294673
v -1.615110 0.415655 2.357299
v -1.615110 0.820248 2.248738
v -1.615034 0.813215 2.229457
v -1.615034 1.004431 2.150096
v -1.615110 1.013117 2.168691
v -1.608213 0.604544 2.298407
v -1.607125 0.412872 2.341515
v -1.600795 0.813003 2.228876
v -1.605112 0.622983 2.294106
v -1.600795 1.004169 2.149536
v -1.753770 0.692863 2.578623
v -1.753770 0.463655 2.629521
v -1.753771 1.130112 2.419132
v -1.753770 0.914971 2.508423
v -1.791117 0.636989 2.370678
v -1.791117 0.426265 2.417470
v -1.791117 0.841185 2.306139
v -1.791118 1.038978 2.224049
v -1.635506 0.622118 2.315330
v -1.635506 0.416313 2.361031
v -1.635506 0.821546 2.252298
v -1.635506 1.014721 2.172124
v -1.440097 0.557508 2.278866
v -1.350901 0.560942 2.193265
v -1.361517 0.522922 2.195926
v -1.450719 0.524879 2.248224
v -1.425650 0.807922 2.214944
v -1.351069 0.858393 2.092695
v -1.425650 0.611800 2.276931
v -1.425651 0.997892 2.136101
v -1.358468 0.491228 2.151297
v -1.396940 0.494006 2.187544
v -1.326975 0.516263 2.166247
v -1.316420 0.849301 2.065663
v -1.318801 0.559051 2.169853
v -1.440799 0.810621 2.222346
v -1.440774 0.614276 2.284724
v -1.440799 1.001227 2.143240
v -1.291635 0.130765 0.741607
v -1.277801 0.253279 0.694374
v -1.277801 0.128347 0.727895
v -1.290681 0.258050 0.707454
v -1.258729 0.252694 0.692770
v -1.258729 0.128051 0.726213
v -1.140452 0.122418 0.694267
v -1.017784 0.106712 0.605193
v -0.968952 0.086171 0.488701
v -1.010586 0.156572 0.430178
v -1.010586 0.079034 0.448228
v -1.008271 0.125106 0.343726
v -1.008271 0.063151 0.358148
v -1.010586 0.156572 0.430178
v -1.008271 0.063151 0.358148
v -1.008271 0.125106 0.343726
v -0.920890 0.053139 0.301366
v -0.925502 0.047607 0.269993
v -1.296433 0.132939 0.753937
v -1.295504 0.207260 0.795950
v -1.299687 0.181697 0.746699
v -1.355306 0.251092 0.771911
v -1.449511 0.254806 0.868755
v -1.429636 0.254761 0.841100
v -1.465466 0.354934 0.898533
v -1.467093 0.246665 0.925024
v -1.479510 0.224298 0.973816
v -1.483398 0.175938 0.997798
v -1.487460 0.314220 0.989850
v -1.319806 0.227054 0.742540
v -1.477452 0.218423 0.968458
v -1.480261 0.174664 0.990569
v -1.465587 0.239239 0.923111
v -1.449034 0.246834 0.870748
v -1.429486 0.247125 0.843471
v -1.354977 0.243174 0.774673
v -1.321923 0.223230 0.747646
v -1.298319 0.184925 0.732889
v -1.300992 0.182939 0.738926
v -1.296093 0.131550 0.746057
v -1.470284 0.218350 0.961806
v -1.474418 0.173763 0.985459
v -1.457113 0.237516 0.917931
v -1.431001 0.243950 0.857200
v -1.349070 0.240989 0.779636
v -1.318315 0.220152 0.753572
v -1.605055 0.258876 2.346601
v -1.605055 0.559321 2.293625
v -1.602419 0.524227 2.270633
v -1.602419 0.283989 2.312994
v -1.526389 0.334843 1.232462
v -1.515906 0.320955 1.107107
v -1.536310 0.335136 1.232996
v -1.505986 0.320857 1.106989
v -1.478127 0.325965 0.990602
v -1.466474 0.369704 0.898828
v -1.488040 0.325872 0.990672
v -1.456553 0.370001 0.898564
v -1.589901 0.415623 1.989174
v -1.599822 0.415729 1.989633
v -1.589942 0.442586 2.086933
v -1.599863 0.442752 2.087552
v -1.592464 0.536908 2.267195
v -1.602385 0.537766 2.268547
v -1.367780 0.253016 1.049764
v -1.430200 0.267520 1.224510
v -1.271243 0.269954 1.241922
v -1.217420 0.254715 1.044547
v -1.295581 0.302903 0.872633
v -1.189034 0.292474 0.899539
v -1.517559 0.378015 1.988869
v -1.400305 0.379278 1.995313
v -1.399921 0.410410 2.108717
v -1.511360 0.407989 2.104481
v -1.358468 0.491228 2.151297
v -1.358818 0.465885 2.082272
v -1.396940 0.494006 2.187544
v -1.177827 0.318326 1.041041
v -1.238007 0.352169 1.248249
v -1.172700 0.352220 1.248599
v -1.076474 0.319482 1.047239
v -0.826663 0.282588 0.767492
v -1.242385 0.284487 0.794087
v -0.966358 0.290964 0.890960
v -1.189034 0.292474 0.899539
v -1.359828 0.448728 1.985044
v -1.315386 0.449312 1.989204
v -1.358818 0.465885 2.082272
v -1.303572 0.463183 2.069798
v -1.177827 0.318326 1.041041
v -1.238007 0.352169 1.248249
v -1.442374 0.320232 1.106221
v -1.476264 0.333512 1.230036
v -1.242385 0.284487 0.794087
v -1.394330 0.326798 0.990705
v -1.358264 0.372939 0.896008
v -1.359828 0.448728 1.985044
v -1.557283 0.415275 1.987661
v -1.552590 0.441964 2.084602
v -1.513489 0.491933 2.185318
v -1.532877 0.482864 2.167709
v -1.595082 0.570290 2.289613
v -1.605029 0.570944 2.290229
v -1.513489 0.491933 2.185318
v -1.607667 0.587176 2.296569
v -1.607100 0.411775 2.335294
v -1.266318 0.480162 2.131820
v -1.205070 0.538983 2.154752
v -1.599863 0.432067 2.089888
v -1.599821 0.406617 1.991101
v -1.536306 0.323410 1.235436
v -1.515933 0.310482 1.108841
v -1.532877 0.482864 2.167709
v -1.552590 0.441964 2.084602
v -1.557283 0.415275 1.987661
v -1.476264 0.333512 1.230036
v -1.442374 0.320232 1.106221
v -1.394330 0.326798 0.990705
v -1.358264 0.372939 0.896008
v -1.536306 0.118638 1.271543
v -1.599821 0.298901 2.010094
v -1.295504 0.077470 0.818836
v -1.010586 0.079034 0.448228
v -1.515933 0.087488 1.148161
v -1.812106 0.229091 2.639676
v -1.815089 0.230862 2.660087
v -1.815089 -0.001860 2.670085
v -1.812106 -0.001846 2.649597
v -1.812106 -0.232766 2.639355
v -1.815089 -0.234566 2.659763
v -1.815089 -0.463655 2.629521
v -1.812106 -0.460098 2.609345
v -1.790585 0.209676 2.415973
v -1.755756 0.209117 2.409528
v -1.790585 -0.001689 2.425053
v -1.755756 -0.001685 2.418585
v -1.755756 -0.212472 2.409235
v -1.790585 -0.213040 2.415679
v -1.755756 -0.419983 2.381841
v -1.790585 -0.421106 2.388212
v -1.615110 0.206962 2.384700
v -1.615034 0.198918 2.369539
v -1.615110 -0.001668 2.393663
v -1.615034 -0.001653 2.373140
v -1.615034 -0.208480 2.363966
v -1.615110 -0.210283 2.384410
v -1.615110 -0.415655 2.357299
v -1.615034 -0.412091 2.337087
v -1.608213 0.218016 2.366562
v -1.600795 -0.001653 2.372522
v -1.605112 0.199218 2.368827
v -1.600795 -0.208425 2.363350
v -1.600795 -0.411984 2.336478
v -1.753770 0.230862 2.660087
v -1.753771 -0.463655 2.629521
v -1.753771 -0.234566 2.659763
v -1.753770 -0.001860 2.670085
v -1.791117 0.212245 2.445572
v -1.791117 -0.001710 2.454764
v -1.791118 -0.215650 2.445274
v -1.791118 -0.426265 2.417470
v -1.635506 0.207290 2.388475
v -1.635506 -0.001670 2.397454
v -1.635506 -0.210616 2.388185
v -1.635506 -0.416313 2.361030
v -1.450719 0.275712 2.292158
v -1.350901 0.223028 2.252849
v -1.440097 0.255532 2.332113
v -1.361517 0.259665 2.242346
v -1.425650 -0.001642 2.357693
v -1.425650 0.203852 2.348864
v -1.351069 -0.090882 2.260078
v -1.425651 -0.207123 2.348578
v -1.351944 -0.393351 2.230805
v -1.425651 -0.409409 2.321874
v -1.396940 0.283970 2.224579
v -1.358468 0.274184 2.189567
v -1.326975 0.255771 2.212179
v -1.318801 0.216797 2.230201
v -1.316420 -0.091584 2.231566
v -1.314044 -0.388844 2.205246
v -1.440774 0.204190 2.357033
v -1.440799 -0.001648 2.365571
v -1.440799 -0.207815 2.356427
v -1.440799 -0.410777 2.329633
v -1.277801 -0.000515 0.739125
v -1.290681 -0.000524 0.753048
v -1.290681 -0.130765 0.741607
v -1.277801 -0.128348 0.727895
v -1.258729 -0.000514 0.737417
v -1.258729 -0.128051 0.726213
v -1.017784 -0.106712 0.605193
v -1.140452 -0.122418 0.694267
v -0.968952 -0.086171 0.488701
v -1.010586 -0.000000 0.457786
v -1.008271 -0.000000 0.365785
v -1.010586 -0.000000 0.457786
v -1.008271 -0.000000 0.365785
v -0.925502 -0.047607 0.269993
v -0.920890 -0.053139 0.301366
v -1.299687 0.084646 0.763811
v -1.355306 0.028060 0.811237
v -1.433931 -0.152604 0.865462
v -1.429636 0.048276 0.877509
v -1.447059 -0.156018 0.884823
v -1.449511 0.057692 0.903512
v -1.465466 -0.026213 0.965739
v -1.453210 -0.161532 0.916094
v -1.467093 0.084587 0.953603
v -1.479510 0.122293 0.991802
v -1.487460 0.043278 1.037624
v -1.319806 0.040602 0.775416
v -1.477452 0.125981 0.984758
v -1.465587 0.090911 0.949265
v -1.449034 0.065865 0.902658
v -1.429486 0.056262 0.877125
v -1.354977 0.036444 0.811126
v -1.321923 0.045942 0.778907
v -1.298319 0.076889 0.751938
v -1.300992 0.080821 0.756932
v -1.470284 0.123775 0.978482
v -1.457113 0.090759 0.943808
v -1.431001 0.063941 0.888940
v -1.349070 0.040196 0.815041
v -1.318315 0.050861 0.783423
v -1.599863 0.308773 2.111628
v -1.505986 0.077105 1.149968
v -1.526389 0.106877 1.272658
v -1.515906 0.077054 1.150114
v -1.536310 0.106784 1.273260
v -1.456553 -0.040361 0.970922
v -1.478127 0.032499 1.042348
v -1.466474 -0.039991 0.971068
v -1.488040 0.032610 1.042382
v -1.445157 -0.163198 0.925540
v -1.455078 -0.163206 0.925587
v -1.589901 0.289779 2.011364
v -1.599822 0.289837 2.011832
v -1.589942 0.297878 2.112450
v -1.599863 0.297934 2.113087
v -1.592464 0.270898 2.314100
v -1.602385 0.270554 2.315664
v -1.217420 0.117902 1.068671
v -1.271243 0.171088 1.259355
v -1.367780 0.121283 1.072992
v -1.430200 0.167420 1.242160
v -1.295581 0.013822 0.923606
v -1.189034 0.032824 0.945323
v -1.400305 0.326032 2.004702
v -1.517559 0.325015 1.998214
v -1.511360 0.336391 2.117106
v -1.399921 0.335564 2.121914
v -1.396940 0.283970 2.224579
v -1.358468 0.274184 2.189567
v -1.358818 0.274390 2.116038
v -1.076474 0.057961 1.093352
v -1.172700 0.096067 1.293766
v -1.177827 0.056928 1.087133
v -1.238007 0.095995 1.293419
v -1.242385 0.004263 0.843498
v -0.826663 -0.003048 0.817857
v -0.966358 0.031309 0.936744
v -1.189034 0.032824 0.945323
v -1.248883 -0.139296 0.789990
v -0.779358 -0.136881 0.776290
v -1.315386 0.258132 2.022913
v -1.359828 0.257259 2.018805
v -1.358818 0.274390 2.116038
v -1.303572 0.272663 2.103392
v -1.177827 0.056928 1.087133
v -1.238007 0.095995 1.293419
v -1.442374 0.077430 1.149033
v -1.476264 0.107299 1.269924
v -1.242385 0.004263 0.843498
v -1.394330 0.031751 1.042729
v -1.358264 -0.043996 0.969525
v -1.339880 -0.163109 0.925036
v -1.248883 -0.139296 0.789990
v -1.359828 0.257259 2.018805
v -1.557283 0.289589 2.009823
v -1.552590 0.297665 2.110046
v -1.532877 0.287656 2.202129
v -1.513489 0.285157 2.221780
v -1.595082 0.247196 2.346583
v -1.605029 0.246792 2.347386
v -1.513489 0.285157 2.221780
v -1.607667 0.233707 2.358895
v -1.266318 0.277921 2.167481
v -1.205070 0.230490 2.209148
v -1.532877 0.287656 2.202129
v -1.552590 0.297665 2.110046
v -1.557283 0.289589 2.009823
v -1.476264 0.107299 1.269924
v -1.442374 0.077430 1.149033
v -1.394330 0.031751 1.042729
v -1.358264 -0.043996 0.969525
v -1.339880 -0.163109 0.925036
v -1.010586 -0.079035 0.448228
v -1.008271 -0.063151 0.358148
v -1.010586 -0.079035 0.448228
v -1.008271 -0.063151 0.358148
v -1.815089 -2.509058 0.913224
v -1.812106 -2.400572 1.121440
v -1.812106 -2.489807 0.906217
v -1.815089 -2.419134 1.130111
v -1.815089 -2.311430 1.336654
v -1.812106 -2.293695 1.326398
v -1.815089 -2.186139 1.533023
v -1.812106 -2.169364 1.521260
v -1.812106 -2.029710 1.703129
v -1.815089 -2.045403 1.716298
v -1.755756 -2.191270 1.023664
v -1.790585 -2.278804 0.829418
v -1.790585 -2.197131 1.026402
v -1.755756 -2.272726 0.827205
v -1.755756 -2.093713 1.210752
v -1.790585 -2.099313 1.213990
v -1.755756 -1.980222 1.388625
v -1.790585 -1.985518 1.392339
v -1.755756 -1.852744 1.554637
v -1.790585 -1.857698 1.558795
v -1.615034 -2.234828 0.813412
v -1.615110 -2.168692 1.013116
v -1.615034 -2.151540 1.012503
v -1.615110 -2.249307 0.818682
v -1.615110 -2.072139 1.198277
v -1.615034 -2.054373 1.188002
v -1.615034 -1.943015 1.362532
v -1.615110 -1.959817 1.374316
v -1.615034 -1.817931 1.525425
v -1.615110 -1.833652 1.538618
v -1.608213 -2.158509 0.994474
v -1.607125 -2.234248 0.813201
v -1.600795 -2.053838 1.187693
v -1.605112 -2.151073 1.011887
v -1.600795 -1.942508 1.362177
v -1.600795 -1.817457 1.525028
v -1.753770 -2.419134 1.130111
v -1.753770 -2.509058 0.913224
v -1.753771 -2.186139 1.533023
v -1.753771 -2.045403 1.716298
v -1.753770 -2.311430 1.336654
v -1.791117 -2.224049 1.038977
v -1.791117 -2.306722 0.839579
v -1.791117 -2.125032 1.228863
v -1.791118 -2.009844 1.409397
v -1.791118 -1.880458 1.577892
v -1.635506 -2.172124 1.014720
v -1.635506 -2.252869 0.819978
v -1.635506 -2.075420 1.200174
v -1.635506 -1.962921 1.376491
v -1.635506 -1.836555 1.541053
v -1.440097 -2.147434 0.944760
v -1.350901 -2.062539 0.933277
v -1.361517 -2.071760 0.896297
v -1.450719 -2.122923 0.907306
v -1.425650 -2.041000 1.180270
v -1.351069 -1.911843 1.208746
v -1.425650 -2.136101 0.997892
v -1.425651 -1.930367 1.353663
v -1.351944 -1.735259 1.456055
v -1.425651 -1.806097 1.515495
v -1.326975 -2.043689 0.884586
v -1.358468 -2.033312 0.857334
v -1.396940 -2.068527 0.866365
v -1.316420 -1.886800 1.195097
v -1.318801 -2.039809 0.927349
v -1.314044 -1.715376 1.439373
v -1.440799 -2.047820 1.184213
v -1.440774 -2.143345 1.001683
v -1.440799 -1.936818 1.358186
v -1.440799 -1.812132 1.520560
v -1.277801 -0.639843 0.370009
v -1.277801 -0.694549 0.252796
v -1.291635 -0.707632 0.257558
v -1.290681 -0.651895 0.376978
v -1.290681 -0.576867 0.484050
v -1.277801 -0.566202 0.475100
v -1.258729 -0.638364 0.369154
v -1.258729 -0.692944 0.252212
v -1.258729 -0.564893 0.474002
v -1.140452 -0.540044 0.453151
v -1.017784 -0.470756 0.395012
v -1.140452 -0.662461 0.241117
v -1.017784 -0.577468 0.210182
v -0.968952 -0.380141 0.318977
v -0.968952 -0.466312 0.169725
v -1.010586 -0.396454 0.228894
v -1.008271 -0.341740 0.124384
v -1.010586 -0.427693 0.155669
v -1.008271 -0.316779 0.182893
v -1.010586 -0.396454 0.228894
v -1.008271 -0.341740 0.124384
v -1.008271 -0.316779 0.182893
v -0.920890 -0.287559 0.104664
v -0.925502 -0.210017 0.176226
v -0.925502 -0.257623 0.093768
v -0.920890 -0.234420 0.196703
v -1.296433 -0.719398 0.261840
v -1.295504 -0.747867 0.342327
v -1.299687 -0.703802 0.308601
v -1.433930 -0.673209 0.564891
v -1.355306 -0.716581 0.381319
v -1.449510 -0.811310 0.401794
v -1.447059 -0.688270 0.577527
v -1.429636 -0.784083 0.396947
v -1.465466 -0.823248 0.505571
v -1.453210 -0.712594 0.597938
v -1.467093 -0.868138 0.403547
v -1.479510 -0.920072 0.389993
v -1.483398 -0.952087 0.346532
v -1.487460 -0.920248 0.481333
v -1.319806 -0.691830 0.352547
v -1.477452 -0.915815 0.383277
v -1.480261 -0.945190 0.344022
v -1.465587 -0.867543 0.395902
v -1.449034 -0.814656 0.394289
v -1.429486 -0.787743 0.389839
v -1.354977 -0.720677 0.374001
v -1.321924 -0.697524 0.349667
v -1.300992 -0.695932 0.308474
v -1.298319 -0.689642 0.309382
v -1.296093 -0.711879 0.259104
v -1.474416 -0.940313 0.342247
v -1.470284 -0.909277 0.382050
v -1.457113 -0.862741 0.393305
v -1.431001 -0.801814 0.389096
v -1.349070 -0.725944 0.372711
v -1.318315 -0.703894 0.347665
v -1.602419 -2.228539 0.681323
v -1.605055 -2.161654 0.949108
v -1.602419 -2.145106 0.910555
v -1.605055 -2.265997 0.662427
v -1.526389 -1.155592 0.543772
v -1.505985 -1.034454 0.508210
v -1.515906 -1.034555 0.508327
v -1.536309 -1.156068 0.544153
v -1.478127 -0.918948 0.493030
v -1.456553 -0.820662 0.520415
v -1.466473 -0.820973 0.520168
v -1.488040 -0.919034 0.492951
v -1.445157 -0.719941 0.604104
v -1.455078 -0.719978 0.604134
v -1.589901 -1.886781 0.754726
v -1.599822 -1.887216 0.754910
v -1.589942 -1.978373 0.798256
v -1.599863 -1.978954 0.798526
v -1.592464 -2.139517 0.922446
v -1.602385 -2.140700 0.923526
v -1.367780 -0.989880 0.431462
v -1.271243 -1.176176 0.481511
v -1.217420 -0.984447 0.432230
v -1.430200 -1.159452 0.476091
v -1.295581 -0.806776 0.449834
v -1.189034 -0.835085 0.444235
v -1.400305 -1.899137 0.720000
v -1.517559 -1.893011 0.717637
v -1.511360 -2.001663 0.767231
v -1.399921 -2.005413 0.770351
v -1.396940 -2.068527 0.866365
v -1.358468 -2.033312 0.857334
v -1.358818 -1.969737 0.820390
v -1.177827 -0.969948 0.494266
v -1.172700 -1.168467 0.563687
v -1.076474 -0.975851 0.496481
v -1.238007 -1.168131 0.563576
v -0.826663 -0.706760 0.411569
v -1.242385 -0.732622 0.418058
v -0.966358 -0.826898 0.441258
v -1.189034 -0.835085 0.444235
v -0.779358 -0.603846 0.506688
v -1.248883 -0.614502 0.515629
v -1.315385 -1.880961 0.787908
v -1.359828 -1.876966 0.786611
v -1.358818 -1.969737 0.820390
v -1.303572 -1.957922 0.815564
v -1.177827 -0.969948 0.494266
v -1.238007 -1.168131 0.563576
v -1.442374 -1.033807 0.507461
v -1.476264 -1.153435 0.542040
v -1.242385 -0.732622 0.418058
v -1.394330 -0.918905 0.493868
v -1.358263 -0.817635 0.522865
v -1.339880 -0.719550 0.603775
v -1.248883 -0.614502 0.515629
v -1.359828 -1.876966 0.786611
v -1.557284 -1.885352 0.754121
v -1.552590 -1.976186 0.797238
v -1.513489 -2.066695 0.863937
v -1.532877 -2.050926 0.851948
v -1.595082 -2.155798 0.959214
v -1.605029 -2.156291 0.959965
v -1.513489 -2.066695 0.863937
v -1.607667 -2.159717 0.977052
v -1.607100 -2.228312 0.811040
v -1.266318 -2.016053 0.843055
v -1.205070 -2.028422 0.904965
v -1.599863 -1.983110 0.788410
v -1.599822 -1.890242 0.746192
v -1.536306 -1.160507 0.533028
v -1.515933 -1.038080 0.498314
v -1.532877 -2.050926 0.851948
v -1.552590 -1.976186 0.797238
v -1.557284 -1.885352 0.754121
v -1.476264 -1.153435 0.542040
v -1.442374 -1.033807 0.507461
v -1.394330 -0.918905 0.493868
v -1.358263 -0.817635 0.522865
v -1.339880 -0.719550 0.603775
v -1.536306 -1.231624 0.337638
v -1.599821 -1.927652 0.643410
v -1.295504 -0.792942 0.218483
v -1.010586 -0.427693 0.155669
v -1.010586 -0.348659 0.292560
v -1.008271 -0.278589 0.233765
v -1.010586 -0.348659 0.292560
v -1.008271 -0.278589 0.233765
v -1.515933 -1.115525 0.285536
v -1.812105 -2.559791 0.683986
v -1.815089 -2.579585 0.689275
v -1.815089 -2.629843 0.461825
v -1.812106 -2.609664 0.458281
v -1.815089 -2.660086 0.230862
v -1.812106 -2.639675 0.229090
v -1.815089 -2.670084 0.000001
v -1.812106 -2.649598 0.000001
v -1.790585 -2.342858 0.626021
v -1.755756 -2.336608 0.624351
v -1.790585 -2.388504 0.419443
v -1.755756 -2.382134 0.418325
v -1.790585 -2.415972 0.209676
v -1.755756 -2.409528 0.209116
v -1.790585 -2.425053 0.000001
v -1.755756 -2.418584 0.000001
v -1.615110 -2.312533 0.617918
v -1.615034 -2.298999 0.607363
v -1.615110 -2.357588 0.414014
v -1.615034 -2.337373 0.410464
v -1.615034 -2.364254 0.205187
v -1.615110 -2.384700 0.206961
v -1.615110 -2.393663 0.000001
v -1.615034 -2.373139 0.000001
v -1.608213 -2.292750 0.625654
v -1.605112 -2.298245 0.607535
v -1.600795 -2.336765 0.410358
v -1.600795 -2.363637 0.205133
v -1.600795 -2.372521 0.000001
v -1.753770 -2.579585 0.689275
v -1.753770 -2.670084 0.000001
v -1.753770 -2.660086 0.230862
v -1.753770 -2.629843 0.461825
v -1.791117 -2.371562 0.633691
v -1.791117 -2.417767 0.424582
v -1.791117 -2.445572 0.212244
v -1.791117 -2.454764 0.000001
v -1.635506 -2.316194 0.618896
v -1.635506 -2.361320 0.414670
v -1.635506 -2.388475 0.207289
v -1.635506 -2.397453 0.000001
v -1.450719 -2.209457 0.669554
v -1.350901 -2.179895 0.610844
v -1.440097 -2.252310 0.656618
v -1.361517 -2.163188 0.645100
v -1.425650 -2.322159 0.407793
v -1.425650 -2.277781 0.608632
v -1.351069 -2.241523 0.302958
v -1.425650 -2.348864 0.203851
v -1.351944 -2.265219 0.000001
v -1.425651 -2.357692 0.000001
v -1.396939 -2.141472 0.665951
v -1.358468 -2.108691 0.650234
v -1.326975 -2.134156 0.636027
v -1.318801 -2.158672 0.600775
v -1.316420 -2.213566 0.297316
v -1.314044 -2.239264 0.000001
v -1.440774 -2.285767 0.610384
v -1.440798 -2.329919 0.409155
v -1.440799 -2.356713 0.204532
v -1.440799 -2.365570 0.000001
v -1.290681 -0.741698 0.130250
v -1.277801 -0.727984 0.127842
v -1.290681 -0.753046 0.000001
v -1.277801 -0.739124 0.000001
v -1.258729 -0.726302 0.127546
v -1.258729 -0.737416 0.000001
v -1.140452 -0.704977 0.000001
v -1.017784 -0.614529 0.000001
v -0.968952 -0.496239 0.000001
v -1.010586 -0.450830 0.079495
v -1.008271 -0.360227 0.063519
v -1.010586 -0.450830 0.079495
v -1.008271 -0.360227 0.063519
v -0.925502 -0.274157 0.000001
v -0.920890 -0.306014 0.000001
v -1.299687 -0.737508 0.215995
v -1.433930 -0.878812 0.000001
v -1.355306 -0.794040 0.168504
v -1.429636 -0.855794 0.199921
v -1.447059 -0.898472 0.000001
v -1.449510 -0.879767 0.213710
v -1.453210 -0.930225 0.000001
v -1.465466 -0.955619 0.141885
v -1.467093 -0.924427 0.248895
v -1.479510 -0.955498 0.292660
v -1.487460 -1.014345 0.222804
v -1.319806 -0.756585 0.174635
v -1.477452 -0.947920 0.295069
v -1.465587 -0.919057 0.254369
v -1.449034 -0.877506 0.221610
v -1.429486 -0.854029 0.207719
v -1.354977 -0.792473 0.176742
v -1.321923 -0.759095 0.180501
v -1.298319 -0.727162 0.206295
v -1.300992 -0.731398 0.211034
v -1.470284 -0.942123 0.291807
v -1.457113 -0.913709 0.253272
v -1.431001 -0.864331 0.217333
v -1.349070 -0.795678 0.181116
v -1.318315 -0.762688 0.186129
v -1.599863 -2.025929 0.670764
v -1.505985 -1.119108 0.275624
v -1.526389 -1.234764 0.326249
v -1.515906 -1.119261 0.275600
v -1.536309 -1.235373 0.326262
v -1.456553 -0.963179 0.128852
v -1.478127 -1.020868 0.213008
v -1.466473 -0.963259 0.129242
v -1.488040 -1.020883 0.213123
v -1.445157 -0.939817 0.000001
v -1.455078 -0.939865 0.000001
v -1.589901 -1.930487 0.634648
v -1.599822 -1.930938 0.634786
v -1.589942 -2.028630 0.660176
v -1.599863 -2.029249 0.660343
v -1.592464 -2.231902 0.668622
v -1.602385 -2.233502 0.668556
v -1.217420 -1.031962 0.301684
v -1.271243 -1.210513 0.387175
v -1.367780 -1.035630 0.305765
v -1.430200 -1.194217 0.380577
v -1.295581 -0.907173 0.173995
v -1.189034 -0.925260 0.196480
v -1.400305 -1.917630 0.669192
v -1.517559 -1.911418 0.667064
v -1.511360 -2.026528 0.698913
v -1.399921 -2.031407 0.698934
v -1.396939 -2.141472 0.665951
v -1.358468 -2.108691 0.650234
v -1.358818 -2.036242 0.637669
v -1.076474 -1.066676 0.246940
v -1.172700 -1.257428 0.319269
v -1.177827 -1.060730 0.244843
v -1.238007 -1.257099 0.319138
v -1.242385 -0.829943 0.150671
v -0.826663 -0.805961 0.139018
v -0.966358 -0.917075 0.193499
v -1.189034 -0.925260 0.196480
v -1.248883 -0.802176 0.000001
v -0.779358 -0.788265 0.000001
v -1.315385 -1.947356 0.605487
v -1.359828 -1.943462 0.603913
v -1.358818 -2.036242 0.637669
v -1.303572 -2.024088 0.633772
v -1.177827 -1.060730 0.244843
v -1.238007 -1.257099 0.319138
v -1.442374 -1.118131 0.275782
v -1.476264 -1.231999 0.326189
v -1.242385 -0.829943 0.150671
v -1.394330 -1.021374 0.212338
v -1.358263 -0.962435 0.125030
v -1.339880 -0.939306 0.000001
v -1.248883 -0.802176 0.000001
v -1.359828 -1.943462 0.603913
v -1.557283 -1.929002 0.634193
v -1.552590 -2.026300 0.659549
v -1.532876 -2.118722 0.665682
v -1.513489 -2.138508 0.666634
v -1.595082 -2.268008 0.650922
v -1.605028 -2.268868 0.650663
v -1.513489 -2.138508 0.666634
v -1.607667 -2.282475 0.639776
v -1.266318 -2.086292 0.650078
v -1.205070 -2.135561 0.610604
v -1.532876 -2.118722 0.665682
v -1.552590 -2.026300 0.659549
v -1.557283 -1.929002 0.634193
v -1.476264 -1.231999 0.326189
v -1.442374 -1.118131 0.275782
v -1.394330 -1.021374 0.212338
v -1.358263 -0.962435 0.125030
v -1.339880 -0.939306 0.000001
v -1.010586 -0.455142 0.000001
v -1.008271 -0.363672 0.000001
v -1.010586 -0.455142 0.000001
v -1.008271 -0.363672 0.000001
v -1.812106 -1.118098 2.402130
v -1.815089 -1.335043 2.312361
v -1.815089 -1.126743 2.420705
v -1.812106 -1.324799 2.294620
v -1.812106 -0.904482 2.490439
v -1.815089 -0.911475 2.509696
v -1.812106 -0.683984 2.559792
v -1.815089 -0.689272 2.579586
v -1.755756 -1.020613 2.192694
v -1.755756 -1.209293 2.094556
v -1.790585 -1.023342 2.198559
v -1.790585 -1.212526 2.100157
v -1.755756 -0.825622 2.273303
v -1.790585 -0.827830 2.279383
v -1.755756 -0.624349 2.336611
v -1.790585 -0.626018 2.342859
v -1.615110 -1.010096 2.170100
v -1.615034 -1.189127 2.059630
v -1.615110 -1.196832 2.072973
v -1.615034 -0.997352 2.158606
v -1.615110 -0.817114 2.249878
v -1.615034 -0.810108 2.230588
v -1.615034 -0.612617 2.292706
v -1.615110 -0.617915 2.312534
v -1.608213 -1.014279 2.149275
v -1.607125 -1.188819 2.059094
v -1.600795 -0.809897 2.230006
v -1.605112 -0.997390 2.157834
v -1.600795 -0.612457 2.292108
v -1.753770 -1.126743 2.420705
v -1.753770 -1.335043 2.312361
v -1.753771 -0.689272 2.579586
v -1.753770 -0.911475 2.509696
v -1.791117 -1.035880 2.225494
v -1.791117 -1.227381 2.125888
v -1.791117 -0.837972 2.307309
v -1.791118 -0.633688 2.371562
v -1.635506 -1.198727 2.076255
v -1.635506 -1.011696 2.173536
v -1.635506 -0.818408 2.253440
v -1.635506 -0.618893 2.316195
v -1.350901 -0.980098 2.040706
v -1.450719 -1.043049 2.059625
v -1.440097 -1.037751 2.104072
v -1.361517 -1.010932 2.018305
v -1.425650 -0.804835 2.216068
v -1.351069 -0.687591 2.154862
v -1.425650 -0.994917 2.137488
v -1.425651 -0.608629 2.277782
v -1.358468 -1.006525 1.963744
v -1.396939 -1.027696 1.993297
v -1.326975 -0.996956 1.991290
v -1.318801 -0.966497 2.021555
v -1.316420 -0.677180 2.128309
v -1.440774 -0.998029 2.145050
v -1.440799 -0.807525 2.223474
v -1.440799 -0.610663 2.285394
v -1.277801 -0.252312 0.694726
v -1.291635 -0.376523 0.652158
v -1.290681 -0.257065 0.707813
v -1.277801 -0.369562 0.640101
v -1.258729 -0.251729 0.693121
v -1.258729 -0.368708 0.638621
v -1.017784 -0.307264 0.532198
v -1.140452 -0.352488 0.610528
v -0.968952 -0.248120 0.429756
v -1.010586 -0.156572 0.430178
v -1.008271 -0.125106 0.343726
v -1.010586 -0.227571 0.394165
v -1.010586 -0.156572 0.430178
v -1.008271 -0.181836 0.314950
v -1.008271 -0.181836 0.314950
v -1.008271 -0.125106 0.343726
v -0.920890 -0.153007 0.265017
v -0.925502 -0.137079 0.237428
v -1.296433 -0.382784 0.663001
v -1.295504 -0.352856 0.742958
v -1.299687 -0.340780 0.688797
v -1.355306 -0.303827 0.752717
v -1.429636 -0.345490 0.808077
v -1.449511 -0.363232 0.829292
v -1.465466 -0.305670 0.916464
v -1.467093 -0.405638 0.867163
v -1.479510 -0.454134 0.890163
v -1.483398 -0.506595 0.877449
v -1.487460 -0.395557 0.960246
v -1.319806 -0.303361 0.714766
v -1.477452 -0.455190 0.882282
v -1.480261 -0.502925 0.871092
v -1.465587 -0.410096 0.860924
v -1.449034 -0.370620 0.825693
v -1.429486 -0.352863 0.804985
v -1.354977 -0.311668 0.749744
v -1.321923 -0.309573 0.716220
v -1.300992 -0.334833 0.683641
v -1.298319 -0.329430 0.680293
v -1.296093 -0.378783 0.656072
v -1.470284 -0.450971 0.877139
v -1.474418 -0.500330 0.866598
v -1.457113 -0.408087 0.855848
v -1.431001 -0.364120 0.813462
v -1.349070 -0.316532 0.752141
v -1.318315 -0.315740 0.718781
v -1.605055 -1.045849 2.116543
v -1.602419 -1.269215 1.954402
v -1.605055 -1.310055 1.964003
v -1.602419 -1.057953 2.076373
v -1.526389 -0.535706 1.159353
v -1.515906 -0.465769 1.054400
v -1.536310 -0.535825 1.159951
v -1.505986 -0.465767 1.054245
v -1.478127 -0.387043 0.968371
v -1.456553 -0.294148 0.926172
v -1.466474 -0.294546 0.926183
v -1.488040 -0.387159 0.968366
v -1.589901 -0.960230 1.790953
v -1.599822 -0.960445 1.791373
v -1.589942 -1.002414 1.883173
v -1.599863 -1.002685 1.883753
v -1.592464 -1.046029 2.081890
v -1.602385 -1.046242 2.083477
v -1.430200 -0.582167 1.109987
v -1.271243 -0.591495 1.124891
v -1.367780 -0.480954 0.966802
v -1.217420 -0.476298 0.963898
v -1.295581 -0.328880 0.863178
v -1.189034 -0.354164 0.877086
v -1.517559 -0.988843 1.766546
v -1.400305 -0.992018 1.772294
v -1.399921 -1.041065 1.879177
v -1.511359 -1.040197 1.874377
v -1.396939 -1.027696 1.993297
v -1.358468 -1.006525 1.963744
v -1.358818 -0.981570 1.894578
v -1.177827 -0.425316 1.002100
v -1.238007 -0.532581 1.182584
v -1.172700 -0.532767 1.182885
v -1.076474 -0.428414 1.007591
v -0.826663 -0.276859 0.769577
v -1.242385 -0.292499 0.791171
v -0.966358 -0.349806 0.869543
v -1.189034 -0.354164 0.877086
v -1.359828 -0.932216 1.809069
v -1.315386 -0.934442 1.812631
v -1.358818 -0.981570 1.894578
v -1.303572 -0.975622 1.883286
v -1.177827 -0.425316 1.002100
v -1.238007 -0.532581 1.182584
v -1.442374 -0.465753 1.053256
v -1.476264 -0.535167 1.156641
v -1.242385 -0.292499 0.791171
v -1.394330 -0.386471 0.968986
v -1.358264 -0.290254 0.926103
v -1.359828 -0.932216 1.809069
v -1.557283 -0.959525 1.789572
v -1.552590 -1.001392 1.880988
v -1.513489 -1.027853 1.990261
v -1.532876 -1.023480 1.970940
v -1.595082 -1.034867 2.120521
v -1.605029 -1.034762 2.121413
v -1.513489 -1.027853 1.990261
v -1.607667 -1.026403 2.136704
v -1.607099 -1.185660 2.053624
v -1.266319 -1.002482 1.941712
v -1.205070 -0.972163 1.997087
v -1.599863 -1.012371 1.878675
v -1.599821 -0.968367 1.786640
v -1.536306 -0.546377 1.154283
v -1.515933 -0.474906 1.048996
v -1.532876 -1.023480 1.970940
v -1.552590 -1.001392 1.880988
v -1.557283 -0.959525 1.789572
v -1.476264 -0.535167 1.156641
v -1.442374 -0.465753 1.053256
v -1.394330 -0.386471 0.968986
v -1.358264 -0.290254 0.926103
v -1.536306 -0.726450 1.050318
v -1.599821 -1.063092 1.731951
v -1.295504 -0.466992 0.677062
v -1.010586 -0.227571 0.394165
v -1.515933 -0.671004 0.935779
v -1.815089 -1.533020 2.186140
v -1.812106 -1.521257 2.169366
v -1.815089 -1.717723 2.044209
v -1.812106 -1.704543 2.028523
v -1.815089 -1.889350 1.886721
v -1.812106 -1.874854 1.872244
v -1.755756 -1.388622 1.980224
v -1.790585 -1.392335 1.985520
v -1.755756 -1.555927 1.851661
v -1.790585 -1.560088 1.856613
v -1.755756 -1.711390 1.709008
v -1.790585 -1.715966 1.713578
v -1.615110 -1.374313 1.959819
v -1.615034 -1.370731 1.943035
v -1.615110 -1.539895 1.832581
v -1.615034 -1.526691 1.816868
v -1.615110 -1.693755 1.691397
v -1.615034 -1.679232 1.676895
v -1.608213 -1.354186 1.953030
v -1.600795 -1.526294 1.816396
v -1.605112 -1.370043 1.942682
v -1.600795 -1.678795 1.676458
v -1.753771 -1.533020 2.186140
v -1.753771 -1.889350 1.886721
v -1.753770 -1.717723 2.044209
v -1.791117 -1.409394 2.009846
v -1.791117 -1.579202 1.879360
v -1.791118 -1.736990 1.734572
v -1.635506 -1.376488 1.962922
v -1.635506 -1.542333 1.835483
v -1.635506 -1.696436 1.694075
v -1.450719 -1.262163 1.933120
v -1.361517 -1.242437 1.884646
v -1.440097 -1.303305 1.950755
v -1.350901 -1.277254 1.869143
v -1.425650 -1.516753 1.805042
v -1.425650 -1.353660 1.930368
v -1.351069 -1.522370 1.672903
v -1.425651 -1.668302 1.665980
v -1.396939 -1.212398 1.886660
v -1.358468 -1.197390 1.853549
v -1.326975 -1.226029 1.859035
v -1.318801 -1.267469 1.847788
v -1.316420 -1.504580 1.650609
v -1.440774 -1.358653 1.936843
v -1.440799 -1.521822 1.811074
v -1.440799 -1.673877 1.671547
v -1.277801 -0.475494 0.565872
v -1.290681 -0.484451 0.576531
v -1.258729 -0.474395 0.564564
v -1.010586 -0.294259 0.350685
v -1.010586 -0.294259 0.350685
v -1.008271 -0.235122 0.280208
v -1.008271 -0.235122 0.280208
v -1.299687 -0.426126 0.639523
v -1.355306 -0.499958 0.639480
v -1.429636 -0.527070 0.703242
v -1.449511 -0.536571 0.729214
v -1.465466 -0.640845 0.722950
v -1.467093 -0.548166 0.784874
v -1.479510 -0.543836 0.838373
v -1.487460 -0.633819 0.822686
v -1.319806 -0.467325 0.620102
v -1.477452 -0.536483 0.835348
v -1.465587 -0.540534 0.785616
v -1.449034 -0.529761 0.733813
v -1.429486 -0.520706 0.708081
v -1.354977 -0.493463 0.644784
v -1.321923 -0.465478 0.626208
v -1.298319 -0.424436 0.625442
v -1.300992 -0.424634 0.631795
v -1.470284 -0.534139 0.829122
v -1.457113 -0.537143 0.781338
v -1.431001 -0.522418 0.722068
v -1.349070 -0.493106 0.650195
v -1.318315 -0.464612 0.632830
v -1.599863 -1.120794 1.816078
v -1.505986 -0.680119 0.930489
v -1.526389 -0.736176 1.043612
v -1.515906 -0.680252 0.930568
v -1.536310 -0.736634 1.044014
v -1.456553 -0.655014 0.717826
v -1.478127 -0.645112 0.819375
v -1.466474 -0.654825 0.718176
v -1.488040 -0.645049 0.819473
v -1.589901 -1.070895 1.727061
v -1.599822 -1.071152 1.727457
v -1.589942 -1.129669 1.809703
v -1.599863 -1.130035 1.810228
v -1.592464 -1.279955 1.946833
v -1.602385 -1.281223 1.947811
v -1.217420 -0.596610 0.894436
v -1.271243 -0.678436 1.074696
v -1.367780 -0.596797 0.899919
v -1.430200 -0.670194 1.059166
v -1.295581 -0.583094 0.716408
v -1.189034 -0.582496 0.745258
v -1.400305 -1.038842 1.745260
v -1.517559 -1.035451 1.739636
v -1.511359 -1.103160 1.838025
v -1.399921 -1.106883 1.841177
v -1.396939 -1.212398 1.886660
v -1.358468 -1.197390 1.853549
v -1.358818 -1.149967 1.797354
v -1.076474 -0.658392 0.874813
v -1.172700 -0.758025 1.052833
v -1.177827 -0.655185 0.869385
v -1.238007 -0.757857 1.052521
v -1.242385 -0.538924 0.648898
v -0.826663 -0.528043 0.624556
v -0.966358 -0.578143 0.737713
v -1.189034 -0.582496 0.745258
v -1.315386 -1.102563 1.715567
v -1.359828 -1.100591 1.711858
v -1.358818 -1.149967 1.797354
v -1.303572 -1.143163 1.786557
v -1.177827 -0.655185 0.869385
v -1.238007 -0.757857 1.052521
v -1.476264 -0.734096 1.041789
v -1.442374 -0.679269 0.929982
v -1.242385 -0.538924 0.648898
v -1.394330 -0.645931 0.819187
v -1.358264 -0.656901 0.714420
v -1.359828 -1.100591 1.711858
v -1.557283 -1.070051 1.725759
v -1.552590 -1.128287 1.807725
v -1.532876 -1.195144 1.871830
v -1.513489 -1.209689 1.885277
v -1.595082 -1.318991 1.956483
v -1.605028 -1.319817 1.956837
v -1.513489 -1.209689 1.885277
v -1.607667 -1.337238 1.957243
v -1.266319 -1.180331 1.839031
v -1.205070 -1.243447 1.840462
v -1.532876 -1.195144 1.871830
v -1.552590 -1.128287 1.807725
v -1.557283 -1.070051 1.725759
v -1.476264 -0.734096 1.041789
v -1.442374 -0.679269 0.929982
v -1.394330 -0.645931 0.819187
v -1.358264 -0.656901 0.714420
v -1.812105 -2.559793 -0.683984
v -1.815089 -2.509059 -0.913221
v -1.815089 -2.579585 -0.689272
v -1.812105 -2.489807 -0.906214
v -1.815089 -2.629843 -0.461822
v -1.812106 -2.609665 -0.458278
v -1.815089 -2.660086 -0.230859
v -1.812106 -2.639675 -0.229087
v -1.755756 -2.336609 -0.624348
v -1.755756 -2.272726 -0.827203
v -1.790585 -2.342858 -0.626018
v -1.790585 -2.278804 -0.829415
v -1.755756 -2.382134 -0.418322
v -1.790585 -2.388504 -0.419441
v -1.755756 -2.409529 -0.209113
v -1.790585 -2.415972 -0.209673
v -1.615032 -2.234829 -0.813410
v -1.615110 -2.312533 -0.617915
v -1.615034 -2.298999 -0.607360
v -1.615110 -2.249308 -0.818679
v -1.615110 -2.357588 -0.414011
v -1.615034 -2.337373 -0.410462
v -1.615034 -2.364253 -0.205184
v -1.615110 -2.384700 -0.206959
v -1.608213 -2.292750 -0.625651
v -1.607124 -2.234248 -0.813198
v -1.600795 -2.336765 -0.410355
v -1.605112 -2.298245 -0.607532
v -1.600795 -2.363637 -0.205131
v -1.753770 -2.579585 -0.689272
v -1.753770 -2.509059 -0.913221
v -1.753770 -2.660086 -0.230859
v -1.753770 -2.629843 -0.461822
v -1.791117 -2.371562 -0.633688
v -1.791117 -2.306723 -0.839577
v -1.791117 -2.417767 -0.424580
v -1.791117 -2.445571 -0.212242
v -1.635505 -2.252869 -0.819976
v -1.635506 -2.316194 -0.618893
v -1.635506 -2.361320 -0.414667
v -1.635506 -2.388475 -0.207286
v -1.450719 -2.209458 -0.669551
v -1.350900 -2.179895 -0.610841
v -1.361517 -2.163188 -0.645097
v -1.440097 -2.252310 -0.656615
v -1.425650 -2.322159 -0.407790
v -1.351069 -2.241523 -0.302955
v -1.425650 -2.277781 -0.608629
v -1.425650 -2.348863 -0.203848
v -1.358468 -2.108692 -0.650231
v -1.326975 -2.134156 -0.636024
v -1.396939 -2.141472 -0.665949
v -1.318801 -2.158672 -0.600772
v -1.316420 -2.213566 -0.297313
v -1.440774 -2.285767 -0.610381
v -1.440798 -2.329919 -0.409153
v -1.440799 -2.356713 -0.204530
v -1.291635 -0.707632 -0.257556
v -1.277801 -0.727984 -0.127840
v -1.277801 -0.694549 -0.252794
v -1.290681 -0.741698 -0.130248
v -1.258729 -0.726302 -0.127544
v -1.258729 -0.692944 -0.252210
v -1.017784 -0.577468 -0.210180
v -1.140452 -0.662462 -0.241115
v -0.968952 -0.466312 -0.169723
v -1.010586 -0.450831 -0.079493
v -1.010586 -0.427693 -0.155667
v -1.008271 -0.360227 -0.063517
v -1.008271 -0.341740 -0.124382
v -1.010586 -0.450831 -0.079493
v -1.008271 -0.341740 -0.124382
v -1.008271 -0.360227 -0.063517
v -0.920890 -0.287559 -0.104662
v -0.925502 -0.257623 -0.093766
v -1.296433 -0.719398 -0.261838
v -1.295504 -0.792943 -0.218481
v -1.299687 -0.737508 -0.215993
v -1.355306 -0.794040 -0.168502
v -1.449510 -0.879767 -0.213708
v -1.429636 -0.855794 -0.199919
v -1.465466 -0.955619 -0.141883
v -1.467093 -0.924427 -0.248892
v -1.479510 -0.955498 -0.292658
v -1.483398 -0.952087 -0.346530
v -1.487460 -1.014345 -0.222801
v -1.319806 -0.756585 -0.174633
v -1.477452 -0.947920 -0.295067
v -1.480261 -0.945190 -0.344020
v -1.465587 -0.919057 -0.254367
v -1.449034 -0.877506 -0.221608
v -1.429486 -0.854029 -0.207717
v -1.354977 -0.792473 -0.176740
v -1.321923 -0.759095 -0.180499
v -1.298319 -0.727162 -0.206293
v -1.300992 -0.731398 -0.211032
v -1.296093 -0.711879 -0.259101
v -1.470284 -0.942123 -0.291804
v -1.474416 -0.940313 -0.342245
v -1.457113 -0.913709 -0.253269
v -1.431001 -0.864331 -0.217331
v -1.349070 -0.795678 -0.181114
v -1.318315 -0.762688 -0.186127
v -1.605055 -2.265997 -0.662424
v -1.602419 -2.145106 -0.910553
v -1.605055 -2.161654 -0.949106
v -1.602419 -2.228539 -0.681320
v -1.526389 -1.234764 -0.326247
v -1.505985 -1.119109 -0.275622
v -1.515906 -1.119261 -0.275597
v -1.536309 -1.235373 -0.326260
v -1.478127 -1.020868 -0.213005
v -1.466473 -0.963259 -0.129240
v -1.488040 -1.020883 -0.213121
v -1.456553 -0.963179 -0.128850
v -1.589901 -1.930487 -0.634645
v -1.599822 -1.930938 -0.634783
v -1.589942 -2.028630 -0.660174
v -1.599863 -2.029249 -0.660340
v -1.592464 -2.231902 -0.668619
v -1.602385 -2.233502 -0.668553
v -1.367780 -1.035630 -0.305763
v -1.271242 -1.210513 -0.387172
v -1.217420 -1.031962 -0.301682
v -1.430200 -1.194217 -0.380574
v -1.295581 -0.907173 -0.173993
v -1.189034 -0.925260 -0.196478
v -1.400305 -1.917630 -0.669190
v -1.517559 -1.911418 -0.667062
v -1.511359 -2.026528 -0.698910
v -1.399921 -2.031407 -0.698931
v -1.358468 -2.108692 -0.650231
v -1.358818 -2.036242 -0.637666
v -1.396939 -2.141472 -0.665949
v -1.177827 -1.060730 -0.244841
v -1.172700 -1.257428 -0.319266
v -1.076474 -1.066676 -0.246938
v -1.238007 -1.257099 -0.319135
v -0.826663 -0.805961 -0.139016
v -1.242385 -0.829943 -0.150669
v -0.966358 -0.917075 -0.193496
v -1.189034 -0.925260 -0.196478
v -1.315385 -1.947356 -0.605484
v -1.359828 -1.943462 -0.603911
v -1.358818 -2.036242 -0.637666
v -1.303572 -2.024090 -0.633769
v -1.177827 -1.060730 -0.244841
v -1.238007 -1.257099 -0.319135
v -1.442374 -1.118131 -0.275780
v -1.476264 -1.231999 -0.326187
v -1.242385 -0.829943 -0.150669
v -1.394330 -1.021374 -0.212336
v -1.358263 -0.962435 -0.125027
v -1.359828 -1.943462 -0.603911
v -1.557283 -1.929003 -0.634190
v -1.552590 -2.026300 -0.659547
v -1.532876 -2.118723 -0.665680
v -1.513489 -2.138508 -0.666631
v -1.595082 -2.268008 -0.650919
v -1.605028 -2.268869 -0.650661
v -1.513489 -2.138508 -0.666631
v -1.607667 -2.282475 -0.639773
v -1.607099 -2.228312 -0.811038
v -1.266318 -2.086292 -0.650076
v -1.205070 -2.135562 -0.610601
v -1.599863 -2.025930 -0.670761
v -1.599821 -1.927652 -0.643407
v -1.536306 -1.231624 -0.337636
v -1.515933 -1.115525 -0.285534
v -1.532876 -2.118723 -0.665680
v -1.552590 -2.026300 -0.659547
v -1.557283 -1.929003 -0.634190
v -1.476264 -1.231999 -0.326187
v -1.442374 -1.118131 -0.275780
v -1.394330 -1.021374 -0.212336
v -1.358263 -0.962435 -0.125027
v -1.599821 -1.890243 -0.746189
v -1.536306 -1.160508 -0.533026
v -1.295504 -0.747867 -0.342325
v -1.010586 -0.427693 -0.155667
v -1.515933 -1.038080 -0.498312
v -1.812105 -2.400572 -1.121437
v -1.815089 -2.419134 -1.130108
v -1.815089 -2.311432 -1.336651
v -1.812105 -2.293696 -1.326395
v -1.815089 -2.186139 -1.533019
v -1.812105 -2.169365 -1.521257
v -1.815089 -2.045404 -1.716295
v -1.812106 -2.029709 -1.703126
v -1.755756 -2.191271 -1.023662
v -1.790585 -2.197131 -1.026399
v -1.755756 -2.093714 -1.210749
v -1.790585 -2.099313 -1.213988
v -1.755756 -1.980223 -1.388621
v -1.790585 -1.985518 -1.392336
v -1.755756 -1.852743 -1.554635
v -1.790585 -1.857699 -1.558792
v -1.615110 -2.168692 -1.013114
v -1.615032 -2.151541 -1.012500
v -1.615110 -2.072140 -1.198274
v -1.615034 -2.054373 -1.188000
v -1.615034 -1.943015 -1.362530
v -1.615110 -1.959818 -1.374313
v -1.615110 -1.833652 -1.538615
v -1.615034 -1.817931 -1.525422
v -1.608213 -2.158511 -0.994472
v -1.600795 -2.053838 -1.187690
v -1.605112 -2.151073 -1.011884
v -1.600795 -1.942508 -1.362174
v -1.600795 -1.817457 -1.525025
v -1.753770 -2.419134 -1.130109
v -1.753770 -2.045404 -1.716295
v -1.753770 -2.186139 -1.533019
v -1.753770 -2.311432 -1.336651
v -1.791117 -2.224049 -1.038974
v -1.791117 -2.125033 -1.228861
v -1.791117 -2.009844 -1.409394
v -1.791117 -1.880459 -1.577890
v -1.635506 -2.172126 -1.014718
v -1.635506 -2.075420 -1.200171
v -1.635506 -1.962921 -1.376489
v -1.635506 -1.836556 -1.541051
v -1.450719 -2.122924 -0.907304
v -1.361517 -2.071760 -0.896295
v -1.440097 -2.147434 -0.944758
v -1.350900 -2.062539 -0.933275
v -1.425650 -2.041000 -1.180267
v -1.425650 -2.136101 -0.997889
v -1.351069 -1.911843 -1.208743
v -1.425650 -1.930367 -1.353661
v -1.351944 -1.735259 -1.456052
v -1.425650 -1.806097 -1.515494
v -1.396939 -2.068527 -0.866362
v -1.358468 -2.033313 -0.857332
v -1.326975 -2.043689 -0.884583
v -1.318801 -2.039809 -0.927347
v -1.316420 -1.886800 -1.195094
v -1.314044 -1.715377 -1.439370
v -1.440774 -2.143346 -1.001680
v -1.440798 -2.047821 -1.184211
v -1.440798 -1.936818 -1.358185
v -1.440799 -1.812133 -1.520558
v -1.277801 -0.639843 -0.370006
v -1.290681 -0.651896 -0.376976
v -1.290681 -0.576867 -0.484048
v -1.277801 -0.566202 -0.475098
v -1.258729 -0.638364 -0.369152
v -1.258729 -0.564893 -0.474000
v -1.017784 -0.470756 -0.395010
v -1.140452 -0.540044 -0.453149
v -0.968952 -0.380141 -0.318975
v -1.010586 -0.396454 -0.228892
v -1.008271 -0.316779 -0.182891
v -1.010586 -0.396454 -0.228892
v -1.008271 -0.316779 -0.182891
v -0.925502 -0.210017 -0.176224
v -0.920890 -0.234420 -0.196701
v -1.299687 -0.703803 -0.308599
v -1.433930 -0.673210 -0.564888
v -1.355306 -0.716581 -0.381317
v -1.429636 -0.784083 -0.396945
v -1.447059 -0.688270 -0.577525
v -1.449510 -0.811310 -0.401792
v -1.465466 -0.823248 -0.505569
v -1.453210 -0.712594 -0.597936
v -1.467093 -0.868138 -0.403545
v -1.479510 -0.920072 -0.389991
v -1.487460 -0.920248 -0.481330
v -1.319806 -0.691831 -0.352544
v -1.477452 -0.915815 -0.383275
v -1.465587 -0.867543 -0.395900
v -1.449034 -0.814656 -0.394286
v -1.429486 -0.787743 -0.389837
v -1.354976 -0.720677 -0.373999
v -1.321923 -0.697524 -0.349665
v -1.298319 -0.689642 -0.309379
v -1.300992 -0.695932 -0.308471
v -1.470284 -0.909277 -0.382047
v -1.457113 -0.862741 -0.393303
v -1.431001 -0.801815 -0.389094
v -1.349070 -0.725944 -0.372708
v -1.318315 -0.703894 -0.347663
v -1.599863 -1.983110 -0.788407
v -1.505985 -1.034454 -0.508208
v -1.526389 -1.155592 -0.543769
v -1.515906 -1.034555 -0.508325
v -1.536309 -1.156068 -0.544151
v -1.456553 -0.820662 -0.520413
v -1.478127 -0.918949 -0.493027
v -1.466473 -0.820974 -0.520165
v -1.488040 -0.919034 -0.492948
v -1.445157 -0.719942 -0.604101
v -1.455078 -0.719979 -0.604132
v -1.589901 -1.886781 -0.754724
v -1.599822 -1.887216 -0.754908
v -1.589942 -1.978374 -0.798253
v -1.599863 -1.978954 -0.798523
v -1.592464 -2.139518 -0.922444
v -1.602385 -2.140701 -0.923523
v -1.217420 -0.984447 -0.432228
v -1.271242 -1.176177 -0.481509
v -1.367780 -0.989880 -0.431460
v -1.430200 -1.159452 -0.476088
v -1.295581 -0.806776 -0.449831
v -1.189034 -0.835085 -0.444233
v -1.400304 -1.899137 -0.719997
v -1.517559 -1.893011 -0.717634
v -1.511359 -2.001663 -0.767228
v -1.399921 -2.005414 -0.770349
v -1.396939 -2.068527 -0.866362
v -1.358468 -2.033313 -0.857332
v -1.358818 -1.969737 -0.820388
v -1.076474 -0.975851 -0.496479
v -1.172700 -1.168467 -0.563685
v -1.177827 -0.969948 -0.494263
v -1.238007 -1.168131 -0.563573
v -1.242385 -0.732622 -0.418056
v -0.826663 -0.706761 -0.411567
v -0.966358 -0.826898 -0.441256
v -1.189034 -0.835085 -0.444233
v -1.248883 -0.614502 -0.515627
v -0.779358 -0.603846 -0.506686
v -1.315385 -1.880961 -0.787906
v -1.359827 -1.876966 -0.786608
v -1.358818 -1.969737 -0.820388
v -1.303572 -1.957922 -0.815561
v -1.177827 -0.969948 -0.494263
v -1.238007 -1.168131 -0.563573
v -1.442374 -1.033807 -0.507459
v -1.476264 -1.153435 -0.542037
v -1.242385 -0.732622 -0.418056
v -1.394330 -0.918905 -0.493866
v -1.358263 -0.817635 -0.522863
v -1.339880 -0.719550 -0.603773
v -1.248883 -0.614502 -0.515627
v -1.359827 -1.876966 -0.786608
v -1.557283 -1.885353 -0.754118
v -1.552589 -1.976185 -0.797236
v -1.532876 -2.050928 -0.851945
v -1.513489 -2.066695 -0.863935
v -1.595082 -2.155799 -0.959211
v -1.605028 -2.156291 -0.959963
v -1.513489 -2.066695 -0.863935
v -1.607667 -2.159717 -0.977049
v -1.266318 -2.016055 -0.843053
v -1.205070 -2.028423 -0.904962
v -1.532876 -2.050928 -0.851945
v -1.552589 -1.976185 -0.797236
v -1.557283 -1.885353 -0.754118
v -1.476264 -1.153435 -0.542037
v -1.442374 -1.033807 -0.507459
v -1.394330 -0.918905 -0.493866
v -1.358263 -0.817635 -0.522863
v -1.339880 -0.719550 -0.603773
v -1.010586 -0.348659 -0.292558
v -1.008271 -0.278589 -0.233763
v -1.010586 -0.348659 -0.292558
v -1.008271 -0.278589 -0.233763
v -1.812105 -1.521258 -2.169363
v -1.812105 -1.324799 -2.294616
v -1.815089 -1.533021 -2.186138
v -1.815089 -1.335044 -2.312359
v -1.812105 -1.704544 -2.028521
v -1.815089 -1.717723 -2.044206
v -1.812105 -1.874854 -1.872241
v -1.815089 -1.889351 -1.886718
v -1.790584 -1.212527 -2.100154
v -1.755756 -1.388622 -1.980221
v -1.755754 -1.209293 -2.094553
v -1.790585 -1.392336 -1.985518
v -1.755756 -1.555928 -1.851659
v -1.790585 -1.560089 -1.856610
v -1.755756 -1.711390 -1.709005
v -1.790585 -1.715966 -1.713575
v -1.615110 -1.374314 -1.959817
v -1.615032 -1.189128 -2.059628
v -1.615110 -1.196832 -2.072970
v -1.615032 -1.370731 -1.943032
v -1.615110 -1.539896 -1.832578
v -1.615034 -1.526692 -1.816865
v -1.615110 -1.693755 -1.691395
v -1.615034 -1.679233 -1.676892
v -1.608213 -1.354187 -1.953027
v -1.607124 -1.188819 -2.059091
v -1.600795 -1.526294 -1.816393
v -1.605112 -1.370044 -1.942679
v -1.600795 -1.678795 -1.676455
v -1.753770 -1.533021 -2.186138
v -1.753770 -1.335044 -2.312359
v -1.753770 -1.889351 -1.886718
v -1.753770 -1.717723 -2.044206
v -1.791117 -1.409395 -2.009843
v -1.791117 -1.227382 -2.125885
v -1.791117 -1.579203 -1.879357
v -1.791117 -1.736989 -1.734568
v -1.635506 -1.376490 -1.962920
v -1.635505 -1.198727 -2.076253
v -1.635506 -1.542334 -1.835480
v -1.635506 -1.696437 -1.694071
v -1.440097 -1.303305 -1.950752
v -1.361516 -1.242438 -1.884643
v -1.450719 -1.262163 -1.933117
v -1.350900 -1.277255 -1.869140
v -1.425650 -1.516754 -1.805039
v -1.351069 -1.522371 -1.672899
v -1.425650 -1.353661 -1.930365
v -1.425650 -1.668302 -1.665977
v -1.358468 -1.197390 -1.853546
v -1.396939 -1.212399 -1.886657
v -1.326974 -1.226030 -1.859032
v -1.316420 -1.504580 -1.650607
v -1.318801 -1.267470 -1.847786
v -1.440798 -1.521823 -1.811071
v -1.440774 -1.358654 -1.936841
v -1.440798 -1.673878 -1.671544
v -1.277801 -0.475494 -0.565870
v -1.291635 -0.376524 -0.652156
v -1.290681 -0.484451 -0.576529
v -1.277801 -0.369562 -0.640099
v -1.258729 -0.474396 -0.564562
v -1.258729 -0.368708 -0.638619
v -1.140452 -0.352489 -0.610526
v -1.017784 -0.307264 -0.532196
v -0.968952 -0.248120 -0.429754
v -1.010586 -0.294259 -0.350683
v -1.008271 -0.235122 -0.280206
v -1.010585 -0.227571 -0.394163
v -1.010586 -0.294259 -0.350683
v -1.008271 -0.181836 -0.314948
v -1.008271 -0.181836 -0.314948
v -1.008271 -0.235122 -0.280206
v -0.920890 -0.153007 -0.265015
v -0.925502 -0.137079 -0.237426
v -1.296433 -0.382784 -0.662999
v -1.295504 -0.466992 -0.677060
v -1.299687 -0.426126 -0.639521
v -1.355306 -0.499958 -0.639478
v -1.429634 -0.527070 -0.703240
v -1.449510 -0.536572 -0.729212
v -1.465466 -0.640845 -0.722948
v -1.467093 -0.548167 -0.784872
v -1.479510 -0.543837 -0.838371
v -1.483398 -0.506595 -0.877447
v -1.487460 -0.633819 -0.822684
v -1.319806 -0.467325 -0.620100
v -1.477452 -0.536483 -0.835346
v -1.480261 -0.502926 -0.871090
v -1.465586 -0.540534 -0.785614
v -1.449034 -0.529761 -0.733811
v -1.429485 -0.520706 -0.708079
v -1.354976 -0.493463 -0.644782
v -1.321923 -0.465478 -0.626206
v -1.300991 -0.424634 -0.631793
v -1.298319 -0.424436 -0.625440
v -1.296093 -0.378783 -0.656070
v -1.474416 -0.500331 -0.866596
v -1.470284 -0.534139 -0.829120
v -1.457113 -0.537143 -0.781336
v -1.431001 -0.522418 -0.722066
v -1.349070 -0.493107 -0.650193
v -1.318315 -0.464612 -0.632828
v -1.605055 -1.045849 -2.116540
v -1.605055 -1.310057 -1.964001
v -1.602419 -1.269216 -1.954399
v -1.602419 -1.057954 -2.076370
v -1.526389 -0.736177 -1.043610
v -1.515906 -0.680252 -0.930566
v -1.536309 -0.736635 -1.044011
v -1.505985 -0.680120 -0.930487
v -1.478127 -0.645113 -0.819373
v -1.466473 -0.654825 -0.718174
v -1.488040 -0.645050 -0.819471
v -1.456553 -0.655015 -0.717824
v -1.589901 -1.070896 -1.727058
v -1.599821 -1.071153 -1.727454
v -1.589942 -1.129669 -1.809700
v -1.599862 -1.130036 -1.810225
v -1.592464 -1.279955 -1.946831
v -1.602383 -1.281224 -1.947809
v -1.367780 -0.596798 -0.899917
v -1.430200 -0.670194 -1.059164
v -1.271242 -0.678437 -1.074693
v -1.217420 -0.596611 -0.894434
v -1.295581 -0.583094 -0.716405
v -1.189034 -0.582497 -0.745256
v -1.517559 -1.035452 -1.739633
v -1.400304 -1.038843 -1.745257
v -1.399920 -1.106884 -1.841174
v -1.511359 -1.103160 -1.838022
v -1.396939 -1.212399 -1.886657
v -1.358468 -1.197390 -1.853546
v -1.358818 -1.149968 -1.797351
v -1.177827 -0.655186 -0.869383
v -1.238007 -0.757857 -1.052519
v -1.172700 -0.758025 -1.052831
v -1.076474 -0.658392 -0.874811
v -0.826663 -0.528044 -0.624554
v -1.242385 -0.538925 -0.648896
v -0.966358 -0.578143 -0.737711
v -1.189034 -0.582497 -0.745256
v -1.359827 -1.100591 -1.711855
v -1.315385 -1.102563 -1.715564
v -1.358818 -1.149968 -1.797351
v -1.303572 -1.143163 -1.786554
v -1.177827 -0.655186 -0.869383
v -1.238007 -0.757857 -1.052519
v -1.442374 -0.679270 -0.929980
v -1.476264 -0.734096 -1.041787
v -1.242385 -0.538925 -0.648896
v -1.394330 -0.645931 -0.819184
v -1.358263 -0.656902 -0.714418
v -1.359827 -1.100591 -1.711855
v -1.557283 -1.070052 -1.725757
v -1.552589 -1.128287 -1.807722
v -1.532876 -1.195144 -1.871827
v -1.513489 -1.209690 -1.885274
v -1.595082 -1.318991 -1.956479
v -1.605028 -1.319817 -1.956834
v -1.513489 -1.209690 -1.885274
v -1.607667 -1.337239 -1.957241
v -1.607099 -1.185661 -2.053621
v -1.266318 -1.180331 -1.839029
v -1.205070 -1.243448 -1.840459
v -1.599863 -1.120795 -1.816075
v -1.599821 -1.063092 -1.731948
v -1.536306 -0.726450 -1.050316
v -1.515933 -0.671004 -0.935777
v -1.532876 -1.195144 -1.871827
v -1.552589 -1.128287 -1.807722
v -1.557283 -1.070052 -1.725757
v -1.476264 -0.734096 -1.041787
v -1.442374 -0.679270 -0.929980
v -1.394330 -0.645931 -0.819184
v -1.358263 -0.656902 -0.714418
v -1.599821 -0.968368 -1.786637
v -1.536306 -0.546377 -1.154281
v -1.295504 -0.352857 -0.742956
v -1.010585 -0.227571 -0.394163
v -1.515933 -0.474906 -1.048994
v -1.812105 -1.118098 -2.402128
v -1.815089 -1.126744 -2.420702
v -1.812105 -0.904482 -2.490437
v -1.815089 -0.911476 -2.509693
v -1.815089 -0.689273 -2.579583
v -1.812105 -0.683985 -2.559790
v -1.815089 -0.463657 -2.629518
v -1.812105 -0.460099 -2.609342
v -1.790585 -1.023343 -2.198555
v -1.755754 -1.020614 -2.192692
v -1.790585 -0.827830 -2.279380
v -1.755754 -0.825622 -2.273301
v -1.790585 -0.626019 -2.342857
v -1.755756 -0.624350 -2.336607
v -1.790585 -0.421107 -2.388209
v -1.755756 -0.419984 -2.381840
v -1.615110 -1.010097 -2.170097
v -1.615032 -0.997353 -2.158603
v -1.615110 -0.817115 -2.249876
v -1.615032 -0.810109 -2.230586
v -1.615032 -0.612618 -2.292703
v -1.615110 -0.617916 -2.312531
v -1.615110 -0.415656 -2.357296
v -1.615032 -0.412093 -2.337084
v -1.608213 -1.014280 -2.149272
v -1.605111 -0.997391 -2.157831
v -1.600795 -0.809898 -2.230004
v -1.600795 -0.612458 -2.292106
v -1.600795 -0.411985 -2.336476
v -1.753770 -1.126744 -2.420702
v -1.753770 -0.463657 -2.629518
v -1.753770 -0.689273 -2.579583
v -1.753770 -0.911476 -2.509693
v -1.791117 -1.035881 -2.225491
v -1.791117 -0.837973 -2.307306
v -1.791117 -0.633689 -2.371561
v -1.791117 -0.426266 -2.417468
v -1.635505 -1.011696 -2.173533
v -1.635505 -0.818409 -2.253438
v -1.635505 -0.618894 -2.316193
v -1.635505 -0.416315 -2.361028
v -1.450718 -1.043050 -2.059622
v -1.350900 -0.980098 -2.040704
v -1.440096 -1.037751 -2.104069
v -1.361516 -1.010933 -2.018303
v -1.425650 -0.804836 -2.216066
v -1.425650 -0.994918 -2.137486
v -1.351069 -0.687592 -2.154860
v -1.425650 -0.608630 -2.277779
v -1.425650 -0.409410 -2.321871
v -1.351944 -0.393352 -2.230803
v -1.396939 -1.027697 -1.993294
v -1.358468 -1.006526 -1.963742
v -1.326974 -0.996956 -1.991287
v -1.318801 -0.966497 -2.021552
v -1.316420 -0.677180 -2.128307
v -1.314044 -0.388845 -2.205244
v -1.440773 -0.998030 -2.145047
v -1.440798 -0.807525 -2.223471
v -1.440798 -0.610664 -2.285391
v -1.440798 -0.410778 -2.329630
v -1.277801 -0.252312 -0.694724
v -1.290681 -0.257065 -0.707811
v -1.290681 -0.130766 -0.741605
v -1.277801 -0.128348 -0.727893
v -1.258729 -0.251729 -0.693119
v -1.258729 -0.128051 -0.726211
v -1.140452 -0.122418 -0.694265
v -1.017784 -0.106712 -0.605191
v -0.968952 -0.086171 -0.488699
v -1.010586 -0.156572 -0.430176
v -1.010586 -0.156572 -0.430176
v -1.008271 -0.125106 -0.343724
v -1.008271 -0.125106 -0.343724
v -0.925502 -0.047607 -0.269991
v -0.920890 -0.053139 -0.301364
v -1.299687 -0.340780 -0.688795
v -1.433930 -0.152605 -0.865460
v -1.355306 -0.303827 -0.752715
v -1.429634 -0.345490 -0.808076
v -1.447059 -0.156019 -0.884821
v -1.449510 -0.363232 -0.829290
v -1.465466 -0.305671 -0.916462
v -1.453210 -0.161532 -0.916092
v -1.467093 -0.405638 -0.867161
v -1.479510 -0.454134 -0.890161
v -1.487460 -0.395557 -0.960244
v -1.319806 -0.303361 -0.714764
v -1.477452 -0.455191 -0.882280
v -1.465586 -0.410097 -0.860922
v -1.449034 -0.370620 -0.825691
v -1.429485 -0.352863 -0.804983
v -1.354976 -0.311668 -0.749742
v -1.321923 -0.309573 -0.716218
v -1.298319 -0.329430 -0.680291
v -1.300991 -0.334833 -0.683639
v -1.470284 -0.450971 -0.877137
v -1.457113 -0.408087 -0.855846
v -1.431001 -0.364120 -0.813460
v -1.349070 -0.316532 -0.752138
v -1.318315 -0.315740 -0.718779
v -1.599863 -1.012372 -1.878672
v -1.505985 -0.465767 -1.054243
v -1.526389 -0.535707 -1.159352
v -1.515906 -0.465770 -1.054398
v -1.536309 -0.535825 -1.159949
v -1.456553 -0.294148 -0.926171
v -1.478127 -0.387043 -0.968369
v -1.466473 -0.294546 -0.926181
v -1.488040 -0.387160 -0.968364
v -1.445157 -0.163198 -0.925538
v -1.455078 -0.163206 -0.925585
v -1.589901 -0.960231 -1.790950
v -1.599821 -0.960445 -1.791370
v -1.589942 -1.002414 -1.883171
v -1.599862 -1.002686 -1.883751
v -1.592464 -1.046030 -2.081887
v -1.602383 -1.046242 -2.083474
v -1.217420 -0.476299 -0.963896
v -1.271242 -0.591495 -1.124889
v -1.367780 -0.480954 -0.966800
v -1.430200 -0.582168 -1.109985
v -1.295581 -0.328880 -0.863176
v -1.189034 -0.354164 -0.877084
v -1.400304 -0.992018 -1.772291
v -1.517559 -0.988844 -1.766543
v -1.511359 -1.040198 -1.874374
v -1.399920 -1.041065 -1.879175
v -1.358818 -0.981571 -1.894575
v -1.358468 -1.006526 -1.963742
v -1.396939 -1.027697 -1.993294
v -1.076474 -0.428415 -1.007589
v -1.172699 -0.532768 -1.182883
v -1.177827 -0.425316 -1.002098
v -1.238007 -0.532582 -1.182582
v -1.242385 -0.292499 -0.791169
v -0.826663 -0.276859 -0.769575
v -0.966358 -0.349807 -0.869541
v -1.189034 -0.354164 -0.877084
v -1.248883 -0.139297 -0.789988
v -0.779358 -0.136881 -0.776288
v -1.315385 -0.934443 -1.812628
v -1.359827 -0.932217 -1.809066
v -1.358818 -0.981571 -1.894575
v -1.303572 -0.975622 -1.883283
v -1.177827 -0.425316 -1.002098
v -1.238007 -0.532582 -1.182582
v -1.476264 -0.535168 -1.156639
v -1.442374 -0.465753 -1.053254
v -1.242385 -0.292499 -0.791169
v -1.394330 -0.386471 -0.968984
v -1.358263 -0.290255 -0.926101
v -1.339880 -0.163109 -0.925034
v -1.248883 -0.139297 -0.789988
v -1.359827 -0.932217 -1.809066
v -1.557283 -0.959526 -1.789569
v -1.552589 -1.001393 -1.880985
v -1.532876 -1.023481 -1.970938
v -1.513489 -1.027854 -1.990258
v -1.595082 -1.034868 -2.120518
v -1.605028 -1.034763 -2.121410
v -1.513489 -1.027854 -1.990258
v -1.607667 -1.026404 -2.136701
v -1.266318 -1.002483 -1.941709
v -1.205070 -0.972163 -1.997085
v -1.532876 -1.023481 -1.970938
v -1.552589 -1.001393 -1.880985
v -1.557283 -0.959526 -1.789569
v -1.476264 -0.535168 -1.156639
v -1.442374 -0.465753 -1.053254
v -1.394330 -0.386471 -0.968984
v -1.358263 -0.290255 -0.926101
v -1.339880 -0.163109 -0.925034
v -1.010586 -0.079035 -0.448226
v -1.008271 -0.063151 -0.358146
v -1.010586 -0.079035 -0.448226
v -1.008271 -0.063151 -0.358146
v -1.815089 0.463654 -2.629519
v -1.812105 0.229089 -2.639674
v -1.812105 0.460096 -2.609343
v -1.815089 0.230861 -2.660085
v -1.815089 -0.001862 -2.670083
v -1.812105 -0.001847 -2.649595
v -1.812105 -0.232768 -2.639352
v -1.815089 -0.234568 -2.659761
v -1.790584 0.421104 -2.388209
v -1.790585 0.209675 -2.415971
v -1.755754 0.419981 -2.381840
v -1.755754 0.209115 -2.409527
v -1.790585 -0.001691 -2.425051
v -1.755754 -0.001686 -2.418583
v -1.755756 -0.212473 -2.409233
v -1.790585 -0.213042 -2.415676
v -1.615032 0.412978 -2.342122
v -1.615110 0.206961 -2.384698
v -1.615032 0.198916 -2.369538
v -1.615110 0.415654 -2.357297
v -1.615110 -0.001669 -2.393661
v -1.615032 -0.001655 -2.373138
v -1.615032 -0.208481 -2.363964
v -1.615110 -0.210284 -2.384408
v -1.608213 0.218014 -2.366560
v -1.607124 0.412871 -2.341514
v -1.600795 -0.001654 -2.372520
v -1.605111 0.199216 -2.368825
v -1.600795 -0.208427 -2.363348
v -1.753770 0.230861 -2.660085
v -1.753770 0.463654 -2.629519
v -1.753770 -0.234568 -2.659761
v -1.753770 -0.001862 -2.670083
v -1.791117 0.212244 -2.445570
v -1.791117 0.426264 -2.417468
v -1.791117 -0.001712 -2.454762
v -1.791117 -0.215652 -2.445272
v -1.635505 0.416312 -2.361029
v -1.635505 0.207288 -2.388473
v -1.635505 -0.001672 -2.397452
v -1.635505 -0.210617 -2.388182
v -1.350900 0.223027 -2.252847
v -1.450718 0.275711 -2.292156
v -1.440096 0.255530 -2.332110
v -1.361516 0.259663 -2.242344
v -1.425650 -0.001644 -2.357691
v -1.351069 -0.090883 -2.260076
v -1.425650 0.203850 -2.348862
v -1.425650 -0.207124 -2.348575
v -1.358468 0.274183 -2.189567
v -1.396939 0.283969 -2.224577
v -1.326974 0.255770 -2.212177
v -1.318801 0.216796 -2.230199
v -1.316420 -0.091585 -2.231564
v -1.440798 -0.001649 -2.365569
v -1.440773 0.204189 -2.357031
v -1.440798 -0.207816 -2.356424
v -1.277801 -0.000515 -0.739123
v -1.277801 0.128347 -0.727894
v -1.291635 0.130765 -0.741605
v -1.290681 -0.000525 -0.753046
v -1.258729 0.128050 -0.726212
v -1.258729 -0.000514 -0.737415
v -1.140452 0.122417 -0.694265
v -1.017784 0.106711 -0.605191
v -0.968952 0.086171 -0.488699
v -1.010586 -0.000000 -0.457784
v -1.008271 0.063151 -0.358146
v -1.010585 0.079034 -0.448226
v -1.008271 -0.000000 -0.365783
v -1.010586 -0.000000 -0.457784
v -1.008271 0.063151 -0.358146
v -1.008271 -0.000000 -0.365783
v -0.920890 0.053138 -0.301364
v -0.925502 0.047607 -0.269991
v -1.296433 0.132939 -0.753935
v -1.295504 0.077469 -0.818834
v -1.299687 0.084645 -0.763810
v -1.355306 0.028059 -0.811236
v -1.449510 0.057691 -0.903510
v -1.429634 0.048275 -0.877507
v -1.465466 -0.026214 -0.965738
v -1.467093 0.084587 -0.953601
v -1.479510 0.122292 -0.991801
v -1.483398 0.175938 -0.997796
v -1.487460 0.043278 -1.037623
v -1.319806 0.040601 -0.775414
v -1.477452 0.125980 -0.984756
v -1.480261 0.174663 -0.990568
v -1.465586 0.090911 -0.949264
v -1.449034 0.065864 -0.902656
v -1.429485 0.056261 -0.877123
v -1.354976 0.036444 -0.811124
v -1.321923 0.045941 -0.778905
v -1.300991 0.080820 -0.756930
v -1.298319 0.076889 -0.751936
v -1.296093 0.131549 -0.746055
v -1.474416 0.173762 -0.985457
v -1.470284 0.123774 -0.978480
v -1.457113 0.090758 -0.943807
v -1.431001 0.063940 -0.888939
v -1.349070 0.040195 -0.815039
v -1.318315 0.050861 -0.783421
v -1.602419 0.524226 -2.270631
v -1.605055 0.258874 -2.346599
v -1.602419 0.283988 -2.312991
v -1.605055 0.559319 -2.293623
v -1.526389 0.106876 -1.272656
v -1.515906 0.077053 -1.150113
v -1.536309 0.106783 -1.273258
v -1.505985 0.077104 -1.149967
v -1.478127 0.032498 -1.042346
v -1.466473 -0.039992 -0.971066
v -1.488040 0.032609 -1.042381
v -1.456553 -0.040361 -0.970920
v -1.589901 0.289778 -2.011362
v -1.599821 0.289836 -2.011830
v -1.589942 0.297876 -2.112448
v -1.599862 0.297933 -2.113085
v -1.592464 0.270896 -2.314098
v -1.602383 0.270553 -2.315662
v -1.367780 0.121283 -1.072991
v -1.430200 0.167419 -1.242159
v -1.271242 0.171087 -1.259353
v -1.217420 0.117901 -1.068669
v -1.295581 0.013821 -0.923604
v -1.189034 0.032824 -0.945321
v -1.517559 0.325013 -1.998212
v -1.400304 0.326031 -2.004700
v -1.399920 0.335563 -2.121912
v -1.511359 0.336390 -2.117105
v -1.396939 0.283969 -2.224577
v -1.358468 0.274183 -2.189567
v -1.358818 0.274389 -2.116036
v -1.177827 0.056927 -1.087131
v -1.238007 0.095994 -1.293417
v -1.172699 0.096066 -1.293764
v -1.076474 0.057961 -1.093350
v -0.826663 -0.003049 -0.817855
v -1.242385 0.004262 -0.843496
v -0.966358 0.031309 -0.936742
v -1.189034 0.032824 -0.945321
v -1.359827 0.257258 -2.018803
v -1.315385 0.258131 -2.022913
v -1.358818 0.274389 -2.116036
v -1.303572 0.272662 -2.103390
v -1.177827 0.056927 -1.087131
v -1.238007 0.095994 -1.293417
v -1.442374 0.077429 -1.149032
v -1.476264 0.107298 -1.269923
v -1.242385 0.004262 -0.843496
v -1.394330 0.031750 -1.042728
v -1.358263 -0.043997 -0.969523
v -1.359827 0.257258 -2.018803
v -1.557283 0.289588 -2.009822
v -1.552589 0.297664 -2.110044
v -1.513489 0.285156 -2.221778
v -1.532876 0.287654 -2.202127
v -1.595082 0.247195 -2.346581
v -1.605028 0.246791 -2.347384
v -1.513489 0.285156 -2.221778
v -1.607667 0.233706 -2.358894
v -1.607099 0.411774 -2.335292
v -1.266318 0.277919 -2.167480
v -1.205070 0.230489 -2.209146
v -1.599863 0.308772 -2.111626
v -1.599821 0.298900 -2.010092
v -1.536306 0.118638 -1.271541
v -1.515933 0.087487 -1.148159
v -1.532876 0.287654 -2.202127
v -1.552589 0.297664 -2.110044
v -1.557283 0.289588 -2.009822
v -1.476264 0.107298 -1.269923
v -1.442374 0.077429 -1.149032
v -1.394330 0.031750 -1.042728
v -1.358263 -0.043997 -0.969523
v -1.536306 0.323409 -1.235435
v -1.599821 0.406616 -1.991099
v -1.295504 0.207259 -0.795949
v -1.010585 0.079034 -0.448226
v -1.515933 0.310481 -1.108840
v -1.812105 0.687545 -2.558836
v -1.815089 0.692862 -2.578622
v -1.815089 0.914969 -2.508422
v -1.812105 0.907948 -2.489175
v -1.815089 1.130111 -2.419132
v -1.812105 1.121439 -2.400570
v -1.815089 1.335041 -2.312361
v -1.812105 1.324797 -2.294618
v -1.755754 0.627600 -2.335737
v -1.790585 0.629278 -2.341983
v -1.755754 0.828787 -2.272148
v -1.790585 0.831003 -2.278225
v -1.755756 1.023664 -2.191269
v -1.790585 1.026401 -2.197130
v -1.755756 1.209291 -2.094555
v -1.790585 1.212525 -2.100157
v -1.615110 0.621133 -2.311668
v -1.615032 0.623507 -2.294671
v -1.615110 0.820247 -2.248736
v -1.615032 0.813214 -2.229455
v -1.615110 1.013116 -2.168690
v -1.615032 1.004429 -2.150096
v -1.615034 1.186569 -2.055199
v -1.615110 1.196830 -2.072972
v -1.608213 0.604543 -2.298405
v -1.600795 0.813002 -2.228874
v -1.605111 0.622982 -2.294105
v -1.600795 1.004167 -2.149536
v -1.600795 1.186259 -2.054663
v -1.753770 0.692862 -2.578622
v -1.753770 1.335041 -2.312361
v -1.753770 1.130111 -2.419132
v -1.753770 0.914969 -2.508422
v -1.791117 0.636988 -2.370676
v -1.791117 0.841184 -2.306137
v -1.791117 1.038976 -2.224048
v -1.791117 1.227380 -2.125887
v -1.635505 0.622116 -2.315328
v -1.635505 0.821545 -2.252297
v -1.635505 1.014720 -2.172124
v -1.635505 1.198725 -2.076254
v -1.440096 0.557507 -2.278864
v -1.361516 0.522921 -2.195924
v -1.350900 0.560941 -2.193265
v -1.450718 0.524878 -2.248221
v -1.425650 0.807920 -2.214944
v -1.425650 0.611799 -2.276930
v -1.351069 0.858392 -2.092694
v -1.425650 0.997891 -2.136099
v -1.351944 1.132608 -1.961736
v -1.425650 1.178844 -2.041821
v -1.396939 0.494004 -2.187542
v -1.358468 0.491226 -2.151295
v -1.326974 0.516262 -2.166245
v -1.316420 0.849299 -2.065661
v -1.318801 0.559049 -2.169851
v -1.314044 1.119631 -1.939260
v -1.440798 0.810620 -2.222345
v -1.440773 0.614275 -2.284722
v -1.440798 1.001226 -2.143238
v -1.440798 1.182783 -2.048643
v -1.290681 0.258049 -0.707452
v -1.277801 0.253278 -0.694372
v -1.290681 0.376523 -0.652156
v -1.277801 0.369561 -0.640099
v -1.258729 0.252693 -0.692768
v -1.258729 0.368707 -0.638620
v -1.017784 0.307264 -0.532197
v -1.140452 0.352488 -0.610527
v -0.968952 0.248119 -0.429755
v -1.010586 0.156571 -0.430176
v -1.008271 0.125105 -0.343724
v -1.010586 0.156571 -0.430176
v -1.008271 0.125105 -0.343724
v -0.925502 0.137078 -0.237426
v -0.920890 0.153007 -0.265015
v -1.299687 0.181697 -0.746697
v -1.433930 0.439405 -0.761073
v -1.355306 0.251091 -0.771909
v -1.429634 0.254760 -0.841099
v -1.447059 0.449235 -0.778099
v -1.449510 0.254806 -0.868754
v -1.453210 0.465112 -0.805598
v -1.465466 0.354933 -0.898531
v -1.467093 0.246664 -0.925023
v -1.479510 0.224298 -0.973814
v -1.487460 0.314219 -0.989849
v -1.319806 0.227054 -0.742538
v -1.477452 0.218423 -0.968456
v -1.465586 0.239238 -0.923110
v -1.449034 0.246833 -0.870746
v -1.429485 0.247125 -0.843469
v -1.354976 0.243174 -0.774672
v -1.321923 0.223230 -0.747644
v -1.298319 0.184925 -0.732887
v -1.300991 0.182938 -0.738924
v -1.470284 0.218350 -0.961804
v -1.457113 0.237515 -0.917930
v -1.431001 0.243950 -0.857198
v -1.349070 0.240988 -0.779634
v -1.318315 0.220152 -0.753570
v -1.599863 0.432066 -2.089887
v -1.505985 0.320857 -1.106987
v -1.526389 0.334842 -1.232460
v -1.515906 0.320954 -1.107107
v -1.536309 0.335135 -1.232994
v -1.456553 0.370001 -0.898562
v -1.478127 0.325964 -0.990600
v -1.466473 0.369703 -0.898826
v -1.488040 0.325871 -0.990671
v -1.445157 0.469908 -0.813905
v -1.455078 0.469932 -0.813946
v -1.589901 0.415622 -1.989172
v -1.599821 0.415728 -1.989632
v -1.589942 0.442585 -2.086931
v -1.599862 0.442750 -2.087551
v -1.592464 0.536907 -2.267193
v -1.602383 0.537764 -2.268546
v -1.217420 0.254715 -1.044546
v -1.271242 0.269953 -1.241921
v -1.367780 0.253015 -1.049763
v -1.430200 0.267519 -1.224508
v -1.295581 0.302903 -0.872631
v -1.189034 0.292474 -0.899538
v -1.400304 0.379277 -1.995311
v -1.517559 0.378014 -1.988867
v -1.511359 0.407987 -2.104481
v -1.399920 0.410409 -2.108715
v -1.396939 0.494004 -2.187542
v -1.358468 0.491226 -2.151295
v -1.358818 0.465883 -2.082270
v -1.076474 0.319482 -1.047237
v -1.172699 0.352220 -1.248598
v -1.177827 0.318325 -1.041039
v -1.238007 0.352168 -1.248247
v -1.242385 0.284487 -0.794086
v -0.826663 0.282587 -0.767490
v -0.966358 0.290963 -0.890958
v -1.189034 0.292474 -0.899538
v -1.248883 0.401087 -0.694703
v -0.779358 0.394132 -0.682657
v -1.315385 0.449311 -1.989202
v -1.359827 0.448726 -1.985042
v -1.358818 0.465883 -2.082270
v -1.303572 0.463182 -2.069796
v -1.177827 0.318325 -1.041039
v -1.238007 0.352168 -1.248247
v -1.442374 0.320231 -1.106219
v -1.476264 0.333511 -1.230036
v -1.242385 0.284487 -0.794086
v -1.394330 0.326797 -0.990703
v -1.358263 0.372939 -0.896007
v -1.339880 0.469652 -0.813462
v -1.248883 0.401087 -0.694703
v -1.359827 0.448726 -1.985042
v -1.557283 0.415274 -1.987661
v -1.552589 0.441963 -2.084600
v -1.532876 0.482863 -2.167707
v -1.513489 0.491932 -2.185317
v -1.605028 0.570943 -2.290228
v -1.595082 0.570288 -2.289611
v -1.513489 0.491932 -2.185317
v -1.607667 0.587175 -2.296567
v -1.266318 0.480161 -2.131819
v -1.205070 0.538982 -2.154750
v -1.532876 0.482863 -2.167707
v -1.552589 0.441963 -2.084600
v -1.557283 0.415274 -1.987661
v -1.476264 0.333511 -1.230036
v -1.442374 0.320231 -1.106219
v -1.394330 0.326797 -0.990703
v -1.358263 0.372939 -0.896007
v -1.339880 0.469652 -0.813462
v -1.010586 0.227570 -0.394163
v -1.008271 0.181836 -0.314948
v -1.010586 0.227570 -0.394163
v -1.008271 0.181836 -0.314948
v -1.812105 1.872243 -1.874852
v -1.815089 2.045402 -1.716297
v -1.815089 1.886720 -1.889349
v -1.812105 2.029707 -1.703129
v -1.812105 1.701713 -2.030896
v -1.815089 1.714871 -2.046599
v -1.815089 1.529972 -2.188272
v -1.812105 1.518232 -2.171481
v -1.755754 1.709006 -1.711388
v -1.790584 1.857696 -1.558793
v -1.790585 1.713577 -1.715964
v -1.755754 1.852742 -1.554636
v -1.790585 1.557498 -1.858784
v -1.755754 1.553344 -1.853826
v -1.790585 1.389568 -1.987456
v -1.755756 1.385861 -1.982154
v -1.615032 1.821847 -1.528713
v -1.615110 1.691396 -1.693753
v -1.615032 1.675489 -1.687311
v -1.615110 1.833651 -1.538617
v -1.615110 1.537338 -1.834723
v -1.615032 1.524157 -1.818993
v -1.615034 1.359821 -1.944910
v -1.615110 1.371581 -1.961730
v -1.608213 1.688204 -1.672753
v -1.607124 1.821374 -1.528315
v -1.605111 1.675261 -1.686572
v -1.600795 1.523760 -1.818519
v -1.600795 1.359467 -1.944404
v -1.753770 1.886720 -1.889349
v -1.753770 2.045402 -1.716297
v -1.753770 1.529972 -2.188272
v -1.753770 1.714871 -2.046599
v -1.791117 1.734570 -1.736987
v -1.791117 1.880456 -1.577892
v -1.791117 1.576580 -1.881557
v -1.791117 1.406592 -2.011805
v -1.635505 1.694073 -1.696435
v -1.635505 1.836554 -1.541053
v -1.635505 1.539772 -1.837628
v -1.635505 1.373753 -1.964836
v -1.350900 1.618951 -1.582422
v -1.450718 1.684577 -1.578671
v -1.440096 1.694799 -1.622249
v -1.361516 1.640265 -1.550826
v -1.425650 1.514235 -1.807153
v -1.351069 1.383129 -1.789737
v -1.425650 1.665978 -1.668300
v -1.425650 1.350970 -1.932251
v -1.326974 1.617892 -1.530220
v -1.358468 1.617462 -1.501064
v -1.396939 1.647464 -1.521593
v -1.318801 1.599620 -1.569078
v -1.316420 1.364264 -1.768346
v -1.440773 1.671488 -1.674341
v -1.440798 1.519296 -1.813191
v -1.440798 1.355484 -1.938707
v -1.291635 0.576867 -0.484048
v -1.277801 0.474705 -0.566532
v -1.277801 0.566201 -0.475099
v -1.290681 0.483647 -0.577204
v -1.258729 0.564893 -0.474001
v -1.258729 0.473608 -0.565223
v -1.017784 0.470756 -0.395011
v -1.140452 0.540043 -0.453150
v -0.968952 0.380141 -0.318975
v -1.010586 0.294258 -0.350683
v -1.010586 0.348658 -0.292559
v -1.008271 0.235121 -0.280206
v -1.008271 0.278589 -0.233763
v -1.010586 0.294258 -0.350683
v -1.008271 0.278589 -0.233763
v -1.008271 0.235121 -0.280206
v -0.920890 0.234420 -0.196701
v -0.925502 0.210016 -0.176224
v -1.296433 0.586458 -0.492096
v -1.295504 0.585682 -0.577466
v -1.299687 0.555810 -0.530703
v -1.355306 0.542947 -0.603406
v -1.449510 0.624960 -0.655045
v -1.429636 0.601032 -0.641179
v -1.465466 0.600684 -0.756647
v -1.467093 0.677761 -0.676130
v -1.479510 0.731199 -0.681155
v -1.483398 0.776148 -0.651265
v -1.487460 0.700124 -0.767047
v -1.319806 0.529530 -0.567904
v -1.477452 0.729496 -0.673388
v -1.480261 0.770525 -0.646547
v -1.465587 0.679817 -0.668742
v -1.449034 0.630671 -0.649137
v -1.429486 0.606903 -0.635751
v -1.354976 0.549298 -0.597931
v -1.321923 0.535864 -0.567145
v -1.298319 0.542236 -0.526593
v -1.300991 0.548458 -0.527892
v -1.296093 0.580328 -0.486953
v -1.474416 0.766550 -0.643212
v -1.470284 0.723772 -0.669999
v -1.457113 0.676192 -0.664659
v -1.431001 0.620380 -0.639866
v -1.349070 0.554689 -0.598519
v -1.318315 0.542535 -0.567442
v -1.605055 1.706675 -1.631198
v -1.602419 1.861115 -1.402439
v -1.605055 1.902776 -1.397493
v -1.602419 1.704310 -1.589310
v -1.526389 0.899920 -0.906213
v -1.515906 0.798305 -0.831508
v -1.536309 0.900236 -0.906734
v -1.505985 0.798250 -0.831364
v -1.478127 0.694902 -0.777594
v -1.466473 0.593554 -0.769586
v -1.488040 0.695010 -0.777549
v -1.456553 0.593177 -0.769711
v -1.589901 1.514862 -1.354527
v -1.599821 1.515208 -1.354848
v -1.589942 1.586043 -1.426757
v -1.599862 1.586496 -1.427209
v -1.592464 1.694992 -1.598574
v -1.602383 1.695735 -1.599992
v -1.430200 0.926695 -0.843933
v -1.271242 0.940558 -0.854747
v -1.367780 0.782613 -0.743999
v -1.217420 0.777245 -0.742863
v -1.295581 0.604269 -0.698637
v -1.189034 0.632785 -0.703059
v -1.517559 1.533401 -1.321805
v -1.400304 1.538350 -1.326121
v -1.399920 1.620996 -1.409784
v -1.511359 1.618539 -1.405569
v -1.358468 1.617462 -1.501064
v -1.358818 1.570356 -1.444604
v -1.396939 1.647464 -1.521593
v -1.177827 0.742404 -0.796198
v -1.238007 0.904929 -0.929111
v -1.172699 0.905207 -0.929330
v -1.076474 0.747193 -0.800299
v -0.826663 0.523372 -0.628473
v -1.242385 0.545455 -0.643416
v -0.966358 0.626111 -0.697461
v -1.189034 0.632785 -0.703059
v -1.359827 1.494733 -1.381131
v -1.315385 1.498043 -1.383717
v -1.358818 1.570356 -1.444604
v -1.303572 1.560904 -1.436027
v -1.177827 0.742404 -0.796198
v -1.238007 0.904929 -0.929111
v -1.442374 0.797898 -0.830439
v -1.476264 0.898486 -0.903847
v -1.242385 0.545455 -0.643416
v -1.394330 0.694575 -0.778367
v -1.358263 0.589495 -0.770978
v -1.359827 1.494733 -1.381131
v -1.557283 1.513726 -1.353469
v -1.552589 1.584334 -1.425053
v -1.513489 1.646573 -1.518685
v -1.532876 1.635856 -1.502026
v -1.595082 1.697716 -1.638691
v -1.605028 1.697923 -1.639566
v -1.513489 1.646573 -1.518685
v -1.607667 1.695297 -1.656794
v -1.607099 1.816535 -1.524255
v -1.266318 1.606129 -1.481743
v -1.205070 1.596576 -1.544149
v -1.599863 1.593861 -1.419125
v -1.599821 1.521033 -1.347690
v -1.536306 0.908213 -0.897799
v -1.515933 0.805042 -0.823305
v -1.532876 1.635856 -1.502026
v -1.552589 1.584334 -1.425053
v -1.557283 1.513726 -1.353469
v -1.476264 0.898486 -0.903847
v -1.442374 0.797898 -0.830439
v -1.394330 0.694575 -0.778367
v -1.358263 0.589495 -0.770978
v -1.536306 1.041868 -0.738515
v -1.599821 1.591340 -1.263903
v -1.295504 0.670396 -0.476508
v -1.010586 0.348658 -0.292559
v -1.515933 0.950591 -0.649847
v -1.812105 2.171479 -1.518237
v -1.815089 2.188269 -1.529976
v -1.812105 2.295540 -1.323201
v -1.815089 2.313290 -1.333432
v -1.812105 2.402129 -1.118096
v -1.815089 2.420704 -1.126742
v -1.790585 1.987454 -1.389571
v -1.755754 1.982152 -1.385864
v -1.790585 2.101000 -1.211064
v -1.755754 2.095397 -1.207834
v -1.790585 2.198557 -1.023341
v -1.755756 2.192693 -1.020612
v -1.615110 1.961728 -1.371584
v -1.615032 1.952621 -1.357037
v -1.615110 2.073806 -1.195388
v -1.615032 2.056025 -1.185139
v -1.615032 2.151492 -1.001434
v -1.615110 2.170099 -1.010095
v -1.608213 1.940493 -1.372088
v -1.605111 1.951854 -1.356941
v -1.600795 2.055489 -1.184829
v -1.600795 2.150932 -1.001173
v -1.753770 2.188269 -1.529976
v -1.753770 2.420704 -1.126742
v -1.753770 2.313290 -1.333432
v -1.791117 2.011803 -1.406595
v -1.791117 2.126742 -1.225901
v -1.791117 2.225493 -1.035879
v -1.635505 1.964834 -1.373756
v -1.635505 2.077089 -1.197280
v -1.635505 2.173535 -1.011694
v -1.350900 1.839509 -1.319573
v -1.450718 1.847210 -1.384853
v -1.361516 1.812094 -1.346049
v -1.440096 1.891901 -1.387353
v -1.425650 2.042642 -1.177424
v -1.425650 1.932248 -1.350973
v -1.351069 2.002725 -1.051333
v -1.425650 2.137488 -0.994916
v -1.358468 1.759128 -1.332235
v -1.326974 1.787916 -1.327594
v -1.396939 1.784555 -1.358216
v -1.318801 1.823011 -1.302853
v -1.316420 1.978383 -1.036469
v -1.440773 1.939154 -1.355350
v -1.440798 2.049468 -1.181359
v -1.440798 2.144631 -0.998240
v -1.277801 0.640357 -0.369116
v -1.290681 0.652419 -0.376069
v -1.258729 0.638877 -0.368263
v -1.010586 0.396453 -0.228892
v -1.008271 0.316778 -0.182892
v -1.010586 0.396453 -0.228892
v -1.008271 0.316778 -0.182892
v -1.299687 0.619156 -0.455210
v -1.355306 0.688521 -0.429918
v -1.429636 0.735806 -0.480562
v -1.449510 0.753617 -0.501718
v -1.465466 0.849460 -0.460168
v -1.467093 0.783550 -0.550056
v -1.479510 0.797778 -0.601809
v -1.487460 0.876969 -0.556292
v -1.319806 0.651228 -0.422869
v -1.477452 0.789834 -0.601481
v -1.465587 0.776631 -0.553363
v -1.449034 0.748791 -0.508369
v -1.429486 0.731480 -0.487286
v -1.354976 0.684232 -0.437124
v -1.321923 0.651581 -0.429239
v -1.298319 0.612752 -0.442556
v -1.300991 0.615111 -0.448458
v -1.470284 0.785502 -0.596432
v -1.457113 0.771981 -0.550503
v -1.431001 0.737873 -0.499844
v -1.349069 0.685747 -0.442330
v -1.318315 0.653032 -0.435757
v -1.599863 1.674335 -1.323220
v -1.505985 0.957348 -0.641758
v -1.526389 1.048715 -0.728887
v -1.515906 0.957500 -0.641787
v -1.536309 1.049282 -0.729107
v -1.456553 0.861022 -0.450507
v -1.478127 0.886449 -0.549318
v -1.466473 0.860964 -0.450900
v -1.488040 0.886423 -0.549432
v -1.589901 1.597000 -1.256638
v -1.599821 1.597377 -1.256922
v -1.599862 1.681018 -1.314562
v -1.589942 1.680494 -1.314194
v -1.602383 1.870145 -1.392138
v -1.592464 1.868618 -1.391654
v -1.217420 0.866544 -0.636441
v -1.271242 1.005088 -0.777844
v -1.367780 0.868596 -0.641530
v -1.430200 0.992031 -0.766070
v -1.295581 0.792954 -0.473772
v -1.189034 0.802260 -0.501087
v -1.517559 1.567995 -1.280577
v -1.400304 1.573105 -1.284702
v -1.399920 1.669848 -1.351565
v -1.511359 1.665271 -1.349875
v -1.396939 1.784555 -1.358216
v -1.358468 1.759128 -1.332235
v -1.358818 1.695346 -1.295648
v -1.076474 0.917889 -0.596871
v -1.172699 1.072400 -0.730079
v -1.177827 0.913019 -0.592867
v -1.238007 1.072135 -0.729843
v -1.242385 0.728358 -0.425440
v -0.826663 0.709808 -0.406288
v -0.966358 0.795588 -0.495486
v -1.189034 0.802260 -0.501087
v -1.315385 1.622827 -1.235006
v -1.359827 1.619706 -1.232195
v -1.303572 1.685258 -1.287828
v -1.358818 1.695346 -1.295648
v -1.177827 0.913019 -0.592867
v -1.238007 1.072135 -0.729843
v -1.442374 0.956376 -0.641572
v -1.476264 1.046136 -0.727885
v -1.242385 0.728358 -0.425440
v -1.394330 0.887153 -0.548861
v -1.358263 0.861630 -0.446660
v -1.359827 1.619706 -1.232195
v -1.557283 1.595762 -1.255704
v -1.552589 1.678520 -1.312808
v -1.513489 1.781537 -1.357843
v -1.532876 1.763270 -1.350182
v -1.605028 1.909498 -1.387421
v -1.595082 1.908600 -1.387369
v -1.513489 1.781537 -1.357843
v -1.607667 1.926008 -1.381844
v -1.266318 1.738132 -1.324427
v -1.205070 1.797931 -1.304184
v -1.532876 1.763270 -1.350182
v -1.552589 1.678520 -1.312808
v -1.557283 1.595762 -1.255704
v -1.476264 1.046136 -0.727885
v -1.442374 0.956376 -0.641572
v -1.394330 0.887153 -0.548861
v -1.358263 0.861630 -0.446660
v -1.203535 0.218021 0.062353
v -1.419340 0.216646 -0.054175
v -1.419340 0.218021 0.062353
v -1.203535 0.216646 -0.054175
v -1.203536 0.163009 -0.157635
v -1.419340 0.163009 -0.157635
v -1.203536 0.061405 -0.214708
v -1.419340 0.061405 -0.214708
v -1.203536 -0.055013 -0.219987
v -1.419340 -0.055013 -0.219987
v -1.419340 -0.155241 -0.160532
v -1.203535 -0.155241 -0.160532
v -1.203535 -0.218021 -0.062352
v -1.419340 -0.218021 -0.062352
v -1.203535 -0.216646 0.054178
v -1.419340 -0.216646 0.054178
v -1.419340 -0.163010 0.157637
v -1.203535 -0.163010 0.157637
v -1.419340 -0.061405 0.214710
v -1.203535 -0.061405 0.214710
v -1.419340 0.055011 0.219989
v -1.203535 0.055011 0.219989
v -1.203535 0.155241 0.160534
v -1.419340 0.155241 0.160534
v -1.502616 0.164594 0.047073
v -1.432082 0.218021 0.062353
v -1.432082 0.216646 -0.054175
v -1.502616 0.163556 -0.040899
v -1.502616 0.123063 -0.119006
v -1.432082 0.163009 -0.157635
v -1.432082 0.061405 -0.214708
v -1.502616 0.046357 -0.162093
v -1.432082 -0.055013 -0.219987
v -1.502616 -0.041532 -0.166078
v -1.502616 -0.117199 -0.121193
v -1.432082 -0.155241 -0.160532
v -1.432082 -0.218021 -0.062352
v -1.502616 -0.164594 -0.047072
v -1.432082 -0.216646 0.054178
v -1.502616 -0.163556 0.040901
v -1.502616 -0.123063 0.119007
v -1.432082 -0.163010 0.157637
v -1.502616 -0.046358 0.162095
v -1.432082 -0.061405 0.214710
v -1.432082 0.055011 0.219989
v -1.502616 0.041531 0.166080
v -1.502616 0.117198 0.121195
v -1.432082 0.155241 0.160534
v -1.552284 0.091157 0.026071
v -1.552284 0.079368 -0.044279
v -1.576352 -0.000000 0.000001
v -1.552284 0.025674 -0.089771
v -1.552284 -0.043955 -0.079549
v -1.552284 -0.091157 -0.026069
v -1.552284 -0.079369 0.044281
v -1.552284 -0.025674 0.089773
v -1.552284 0.043954 0.079551
v -1.559197 -2.201907 0.030990
v -1.351085 -2.330127 0.053640
v -1.335873 -2.297504 0.038730
v -1.571138 -2.227513 0.042693
v -1.329572 -2.283992 0.002736
v -1.554252 -2.191300 0.002736
v -1.335873 -2.297504 -0.033258
v -1.554252 -2.191300 0.002736
v -1.329572 -2.283992 0.002736
v -1.559197 -2.201907 -0.025517
v -1.351085 -2.330127 -0.048168
v -1.571138 -2.227513 -0.037220
v -1.366297 -2.362748 -0.033258
v -1.583078 -2.253119 -0.025517
v -1.372598 -2.376260 0.002736
v -1.588024 -2.263727 0.002736
v -1.366297 -2.362748 0.038730
v -1.583078 -2.253119 0.030990
v -1.461383 -2.235135 0.071114
v -1.451261 -2.283415 0.070913
v -1.441514 -2.244399 0.071114
v -1.486432 -2.267013 0.070913
v -1.461481 -2.213502 0.036824
v -1.461383 -2.235135 0.071114
v -1.441514 -2.244399 0.071114
v -1.426308 -2.229903 0.036824
v -1.444699 -2.199356 0.002736
v -1.424831 -2.208620 0.002736
v -1.426308 -2.229903 -0.031352
v -1.444699 -2.199356 0.002736
v -1.424831 -2.208620 0.002736
v -1.461481 -2.213502 -0.031352
v -1.441514 -2.244399 -0.065642
v -1.461383 -2.235135 -0.065642
v -1.451261 -2.283415 -0.065440
v -1.461383 -2.235135 -0.065642
v -1.441514 -2.244399 -0.065642
v -1.486432 -2.267013 -0.065440
v -1.494751 -2.306693 -0.065642
v -1.474884 -2.315958 -0.065642
v -1.476213 -2.336924 -0.031352
v -1.494751 -2.306693 -0.065642
v -1.474884 -2.315958 -0.065642
v -1.511385 -2.320524 -0.031352
v -1.491567 -2.351738 0.002736
v -1.511436 -2.342472 0.002736
v -1.511385 -2.320524 0.036824
v -1.511436 -2.342472 0.002736
v -1.491567 -2.351738 0.002736
v -1.476213 -2.336924 0.036824
v -1.494751 -2.306693 0.071114
v -1.474884 -2.315958 0.071114
v -1.494751 -2.306693 0.071114
v -1.474884 -2.315958 0.071114
v -1.441514 -2.244399 0.071114
v -1.451261 -2.283415 0.070913
v -1.436854 -2.252520 0.061779
v -1.451261 -2.283415 0.070913
v -1.474884 -2.315958 0.071114
v -1.465667 -2.314308 0.061779
v -1.476213 -2.336924 0.036824
v -1.476213 -2.336924 0.036824
v -1.491567 -2.351738 0.002736
v -1.480074 -2.345204 0.002736
v -1.476213 -2.336924 -0.031352
v -1.476213 -2.336924 -0.031352
v -1.474884 -2.315958 -0.065642
v -1.465667 -2.314308 -0.056307
v -1.451261 -2.283415 -0.065440
v -1.451261 -2.283415 -0.065440
v -1.441514 -2.244399 -0.065642
v -1.436854 -2.252520 -0.056307
v -1.426308 -2.229903 -0.031352
v -1.426308 -2.229903 -0.031352
v -1.424831 -2.208620 0.002736
v -1.422448 -2.221624 0.002736
v -1.426308 -2.229903 0.036824
v -1.426308 -2.229903 0.036824
v -1.486432 -2.267013 0.070913
v -1.461383 -2.235135 0.071114
v -1.472027 -2.236119 0.061779
v -1.461481 -2.213502 0.036824
v -1.444699 -2.199356 0.002736
v -1.457621 -2.205224 0.002736
v -1.461481 -2.213502 -0.031352
v -1.461383 -2.235135 -0.065642
v -1.472027 -2.236119 -0.056307
v -1.486432 -2.267013 -0.065440
v -1.494751 -2.306693 -0.065642
v -1.500839 -2.297908 -0.056307
v -1.511385 -2.320524 -0.031352
v -1.511436 -2.342472 0.002736
v -1.515245 -2.328802 0.002736
v -1.511385 -2.320524 0.036824
v -1.494751 -2.306693 0.071114
v -1.500839 -2.297908 0.061779
v -1.486432 -2.267013 0.070913
v -1.472027 -2.236119 0.061779
v -1.486432 -2.267013 0.002736
v -1.461481 -2.213502 0.036824
v -1.457621 -2.205224 0.002736
v -1.461481 -2.213502 -0.031352
v -1.472027 -2.236119 -0.056307
v -1.486432 -2.267013 -0.065440
v -1.500839 -2.297908 -0.056307
v -1.511385 -2.320524 -0.031352
v -1.515245 -2.328802 0.002736
v -1.511385 -2.320524 0.036824
v -1.500839 -2.297908 0.061779
v -1.602954 -2.186477 0.043865
v -1.513885 -2.254201 0.058331
v -1.502138 -2.229008 0.050882
v -1.612887 -2.208046 0.050232
v -1.595682 -2.170691 0.026480
v -1.493538 -2.210566 0.030533
v -1.490390 -2.203815 0.002736
v -1.593021 -2.164914 0.002736
v -1.493538 -2.210566 -0.025061
v -1.595682 -2.170691 -0.021008
v -1.502138 -2.229008 -0.045410
v -1.602954 -2.186477 -0.038392
v -1.513885 -2.254201 -0.052858
v -1.612887 -2.208046 -0.044760
v -1.525633 -2.279394 -0.045410
v -1.622821 -2.229620 -0.038401
v -1.534233 -2.297837 -0.025061
v -1.630092 -2.245415 -0.021016
v -1.537380 -2.304588 0.002736
v -1.632754 -2.251198 0.002736
v -1.534233 -2.297837 0.030533
v -1.630092 -2.245415 0.026488
v -1.525633 -2.279394 0.050882
v -1.622821 -2.229620 0.043873
v -1.619472 -2.204975 0.044305
v -1.610779 -2.186099 0.038729
v -1.628839 -2.200608 0.002736
v -1.604418 -2.172286 0.023514
v -1.602090 -2.167231 0.002736
v -1.604418 -2.172286 -0.018042
v -1.610779 -2.186099 -0.033257
v -1.619472 -2.204975 -0.038833
v -1.628164 -2.223860 -0.033271
v -1.634530 -2.237689 -0.018055
v -1.636860 -2.242752 0.002736
v -1.634530 -2.237689 0.023528
v -1.628164 -2.223860 0.038743
v -1.001302 0.312350 0.193790
v -1.064734 0.225176 0.117787
v -1.064734 0.214059 0.137042
v -1.001302 0.323467 0.174535
v -0.821712 0.247274 0.130545
v -0.821712 0.236157 0.149800
v -1.064734 0.075891 0.242575
v -1.001302 0.135602 0.341623
v -1.064734 0.096784 0.234971
v -1.001302 0.114709 0.349227
v -0.821712 0.105511 0.258948
v -0.821712 0.084618 0.266552
v -1.001302 -0.115713 0.348861
v -1.064734 -0.076895 0.242210
v -1.001302 -0.136606 0.341257
v -1.064734 -0.097788 0.234605
v -0.821712 -0.085622 0.266187
v -0.821712 -0.106515 0.258582
v -1.001302 -0.324002 0.173610
v -1.064734 -0.214594 0.136117
v -1.064734 -0.225711 0.116861
v -1.001302 -0.312885 0.192865
v -0.821712 -0.236691 0.148874
v -0.821712 -0.247808 0.129619
v -1.064734 -0.248021 -0.055563
v -1.001302 -0.359793 -0.075271
v -1.064734 -0.251882 -0.033667
v -1.001302 -0.363654 -0.053375
v -0.821712 -0.277010 -0.038097
v -0.821712 -0.273149 -0.059994
v -1.001302 -0.244266 -0.274640
v -1.064734 -0.171312 -0.187697
v -1.001302 -0.227234 -0.288931
v -1.064734 -0.154280 -0.201988
v -0.821712 -0.187713 -0.207243
v -0.821712 -0.170681 -0.221534
v -1.001302 0.011651 -0.367397
v -1.064734 -0.010583 -0.253901
v -1.064734 0.011651 -0.253901
v -1.001302 -0.010583 -0.367397
v -0.821712 -0.010583 -0.279416
v -0.821712 0.011651 -0.279416
v -1.064734 0.172130 -0.187010
v -1.001302 0.245084 -0.273953
v -1.064734 0.155098 -0.201302
v -1.001302 0.228052 -0.288245
v -0.821712 0.171499 -0.220848
v -0.821712 0.188531 -0.206556
v -1.001302 0.359979 -0.074219
v -1.064734 0.248207 -0.054511
v -1.001302 0.363839 -0.052323
v -1.064734 0.252067 -0.032614
v -0.821712 0.273335 -0.058941
v -0.821712 0.277195 -0.037045
v -1.312443 0.271685 -0.027701
v -1.374829 0.190123 -0.027698
v -1.377468 0.225419 -0.027392
v -1.242564 0.190559 -0.027698
v -1.237242 0.272255 -0.027699
v -1.312335 0.271772 0.032402
v -1.242498 0.190521 0.028021
v -1.237230 0.272262 0.032514
v -1.374830 0.189646 0.032421
v -1.377410 0.225188 0.032723
v -1.309447 0.276067 0.028288
v -1.236947 0.276538 0.028283
v -1.236950 0.276543 -0.023421
v -1.309537 0.275988 -0.023416
v -1.232946 0.272299 -0.023421
v -1.238226 0.190551 0.023599
v -1.238279 0.190572 -0.023418
v -1.232948 0.272301 0.028044
v -1.317216 0.273555 0.028304
v -1.378434 0.229982 -0.023120
v -1.378367 0.229765 0.028583
v -1.317296 0.273468 -0.023400
v -1.381537 0.223018 0.028563
v -1.381599 0.223221 -0.023140
v -1.379106 0.189652 0.028284
v -1.379108 0.190074 -0.023418
v -1.377468 0.225419 -0.027392
v -1.377410 0.225188 0.032723
v -1.242564 0.190559 -0.027698
v -1.374829 0.190123 -0.027698
v -1.242498 0.190521 0.028021
v -1.374830 0.189646 0.032421
v -1.312443 -0.271686 0.027703
v -1.374829 -0.190123 0.027700
v -1.377468 -0.225419 0.027394
v -1.242564 -0.190560 0.027700
v -1.237242 -0.272256 0.027701
v -1.312335 -0.271773 -0.032400
v -1.374830 -0.189646 -0.032419
v -1.242498 -0.190521 -0.028019
v -1.237230 -0.272262 -0.032512
v -1.377410 -0.225188 -0.032721
v -1.309447 -0.276067 -0.028286
v -1.236947 -0.276538 -0.028282
v -1.236950 -0.276543 0.023422
v -1.309537 -0.275988 0.023418
v -1.238226 -0.190551 -0.023597
v -1.232946 -0.272299 0.023423
v -1.232948 -0.272301 -0.028042
v -1.238279 -0.190572 0.023420
v -1.317216 -0.273555 -0.028302
v -1.378434 -0.229982 0.023122
v -1.378367 -0.229765 -0.028581
v -1.317296 -0.273468 0.023402
v -1.379106 -0.189653 -0.028282
v -1.381599 -0.223221 0.023142
v -1.379108 -0.190074 0.023420
v -1.381537 -0.223018 -0.028561
v -1.377468 -0.225419 0.027394
v -1.377410 -0.225188 -0.032721
v -1.242564 -0.190560 0.027700
v -1.374829 -0.190123 0.027700
v -1.242498 -0.190521 -0.028019
v -1.374830 -0.189646 -0.032419
v -0.925502 0.274157 0.000001
v -1.201268 0.240442 -0.087513
v -1.201268 0.255873 0.000001
v -0.925502 0.257623 -0.093766
v -1.208339 0.255404 0.000001
v -1.208339 0.240002 -0.087353
v -1.208339 -0.000000 0.000001
v -1.201268 0.240442 0.087515
v -0.925502 0.257623 0.093768
v -1.208339 0.240002 0.087354
v -1.201268 0.196010 0.164473
v -0.925502 0.210016 0.176226
v -1.208339 0.195651 0.164172
v -0.925502 0.137078 0.237428
v -1.201268 0.127937 0.221594
v -1.208339 0.127702 0.221188
v -1.201268 0.044432 0.251987
v -0.925502 0.047607 0.269993
v -1.208339 0.044350 0.251525
v -0.925502 -0.047607 0.269993
v -1.201268 -0.044432 0.251987
v -1.208339 -0.044351 0.251525
v -1.201268 -0.127937 0.221594
v -0.925502 -0.137079 0.237428
v -1.208339 -0.127702 0.221188
v -1.201268 -0.196011 0.164473
v -0.925502 -0.210017 0.176226
v -1.208339 -0.195651 0.164172
v -0.925502 -0.257623 0.093768
v -1.201268 -0.240442 0.087515
v -1.208339 -0.240002 0.087354
v -0.925502 -0.274157 0.000001
v -1.201268 -0.255874 0.000001
v -1.208339 -0.255405 0.000001
v -1.201268 -0.240442 -0.087513
v -0.925502 -0.257623 -0.093766
v -1.208339 -0.240002 -0.087352
v -1.201268 -0.196011 -0.164471
v -0.925502 -0.210017 -0.176224
v -1.208339 -0.195651 -0.164170
v -0.925502 -0.137079 -0.237426
v -1.201268 -0.127937 -0.221592
v -1.208339 -0.127702 -0.221186
v -0.925502 -0.047607 -0.269991
v -1.201268 -0.044432 -0.251985
v -1.208339 -0.044351 -0.251523
v -1.201268 0.044432 -0.251985
v -0.925502 0.047607 -0.269991
v -1.208339 0.044350 -0.251523
v -1.201268 0.127936 -0.221592
v -0.925502 0.137078 -0.237426
v -1.208339 0.127702 -0.221186
v -1.201268 0.196010 -0.164471
v -0.925502 0.210016 -0.176224
v -1.208339 0.195651 -0.164170
v -1.172700 1.290792 -0.130052
v -1.076474 1.086806 0.132779
v -1.076474 1.086806 -0.132777
v -1.172700 1.290792 0.130053
v -0.826663 0.804902 0.145022
v -0.826663 0.804902 -0.145020
v -0.966358 0.927949 0.131831
v -0.966358 0.927949 -0.131829
v -0.779358 0.740727 0.269603
v -0.779358 0.740726 -0.269602
v -1.315385 2.037005 0.097065
v -1.315385 2.037005 -0.097064
v -1.303572 2.118783 0.096730
v -1.303572 2.118783 -0.096729
v -1.205070 2.215610 -0.156625
v -1.266318 2.182812 0.102682
v -1.266318 2.182812 -0.102680
v -1.205070 2.215610 0.156627
v -1.076474 0.917889 0.596872
v -1.172700 0.905208 0.929332
v -1.076474 0.747194 0.800300
v -1.172700 1.072400 0.730080
v -0.826663 0.523373 0.628475
v -0.966358 0.795589 0.495487
v -0.966358 0.626111 0.697462
v -0.826663 0.709809 0.406289
v -0.779358 0.394132 0.682658
v -1.315385 1.498044 1.383718
v -1.303572 1.685259 1.287829
v -1.303572 1.560905 1.436028
v -1.315385 1.622828 1.235007
v -1.205070 1.797932 1.304184
v -1.266318 1.606130 1.481744
v -1.266318 1.738133 1.324427
v -1.205070 1.596578 1.544149
v -1.172700 0.352220 1.248599
v -1.076474 0.057961 1.093352
v -1.076474 0.319482 1.047239
v -1.172700 0.096067 1.293766
v -0.826663 0.282588 0.767492
v -0.966358 0.290964 0.890960
v -0.966358 0.031309 0.936744
v -0.826663 -0.003048 0.817857
v -0.779358 -0.136881 0.776290
v -1.303572 0.463183 2.069798
v -1.315386 0.258132 2.022913
v -1.315386 0.449312 1.989204
v -1.303572 0.272663 2.103392
v -1.205070 0.538983 2.154752
v -1.205070 0.230490 2.209148
v -1.266318 0.480162 2.131820
v -1.266318 0.277921 2.167481
v -1.172700 -0.532767 1.182885
v -1.076474 -0.658392 0.874813
v -1.076474 -0.428414 1.007591
v -1.172700 -0.758025 1.052833
v -0.826663 -0.528043 0.624556
v -0.966358 -0.349806 0.869543
v -0.966358 -0.578143 0.737713
v -0.826663 -0.276859 0.769577
v -0.779358 -0.603846 0.506688
v -1.315386 -1.102563 1.715567
v -1.303572 -0.975622 1.883286
v -1.303572 -1.143163 1.786557
v -1.315386 -0.934442 1.812631
v -1.205070 -0.972163 1.997087
v -1.266319 -1.180331 1.839031
v -1.266319 -1.002482 1.941712
v -1.205070 -1.243447 1.840462
v -1.076474 -1.066676 0.246940
v -1.172700 -1.168467 0.563687
v -1.172700 -1.257428 0.319269
v -1.076474 -0.975851 0.496481
v -0.826663 -0.805961 0.139018
v -0.826663 -0.706760 0.411569
v -0.966358 -0.917075 0.193499
v -0.966358 -0.826898 0.441258
v -0.779358 -0.788265 0.000001
v -1.315385 -1.947356 0.605487
v -1.303572 -1.957922 0.815564
v -1.303572 -2.024088 0.633772
v -1.315385 -1.880961 0.787908
v -1.205070 -2.028422 0.904965
v -1.205070 -2.135561 0.610604
v -1.266318 -2.016053 0.843055
v -1.266318 -2.086292 0.650078
v -1.172700 -1.168467 -0.563685
v -1.076474 -1.066676 -0.246938
v -1.172700 -1.257428 -0.319266
v -1.076474 -0.975851 -0.496479
v -0.826663 -0.706761 -0.411567
v -0.966358 -0.917075 -0.193496
v -0.966358 -0.826898 -0.441256
v -0.826663 -0.805961 -0.139016
v -0.779358 -0.603846 -0.506686
v -1.303572 -1.957922 -0.815561
v -1.315385 -1.947356 -0.605484
v -1.303572 -2.024090 -0.633769
v -1.315385 -1.880961 -0.787906
v -1.205070 -2.135562 -0.610601
v -1.266318 -2.016055 -0.843053
v -1.266318 -2.086292 -0.650076
v -1.205070 -2.028423 -0.904962
v -1.172700 -0.758025 -1.052831
v -1.172699 -0.532768 -1.182883
v -1.076474 -0.658392 -0.874811
v -1.076474 -0.428415 -1.007589
v -0.826663 -0.276859 -0.769575
v -0.826663 -0.528044 -0.624554
v -0.966358 -0.349807 -0.869541
v -0.966358 -0.578143 -0.737711
v -0.779358 -0.136881 -0.776288
v -1.315385 -0.934443 -1.812628
v -1.315385 -1.102563 -1.715564
v -1.303572 -0.975622 -1.883283
v -1.303572 -1.143163 -1.786554
v -1.266318 -1.002483 -1.941709
v -1.266318 -1.180331 -1.839029
v -1.205070 -0.972163 -1.997085
v -1.205070 -1.243448 -1.840459
v -1.076474 0.319482 -1.047237
v -1.172699 0.096066 -1.293764
v -1.172699 0.352220 -1.248598
v -1.076474 0.057961 -1.093350
v -0.826663 0.282587 -0.767490
v -0.966358 0.031309 -0.936742
v -0.966358 0.290963 -0.890958
v -0.826663 -0.003049 -0.817855
v -0.779358 0.394132 -0.682657
v -1.315385 0.449311 -1.989202
v -1.303572 0.272662 -2.103390
v -1.303572 0.463182 -2.069796
v -1.315385 0.258131 -2.022913
v -1.205070 0.230489 -2.209146
v -1.266318 0.480161 -2.131819
v -1.266318 0.277919 -2.167480
v -1.205070 0.538982 -2.154750
v -1.172699 0.905207 -0.929330
v -1.076474 0.917889 -0.596871
v -1.076474 0.747193 -0.800299
v -1.172699 1.072400 -0.730079
v -0.966358 0.795588 -0.495486
v -0.826663 0.523372 -0.628473
v -0.966358 0.626111 -0.697461
v -0.826663 0.709808 -0.406288
v -1.303572 1.560904 -1.436027
v -1.315385 1.622827 -1.235006
v -1.315385 1.498043 -1.383717
v -1.303572 1.685258 -1.287828
v -1.205070 1.596576 -1.544149
v -1.205070 1.797931 -1.304184
v -1.266318 1.606129 -1.481743
v -1.266318 1.738132 -1.324427
v -1.205070 2.215610 -0.156625
v -1.316420 2.181758 -0.477699
v -1.056901 2.185524 -0.386936
v -1.056901 2.085659 -0.759118
v -1.056901 2.185524 -0.386936
v 1.721327 2.352283 -0.416461
v 1.721328 2.388863 0.000001
v -1.056901 2.219512 0.000001
v -1.056901 2.085659 -0.759118
v 1.721328 2.244797 -0.817039
v 1.776361 2.671252 0.000001
v 1.721327 2.352283 -0.416461
v 1.776361 2.630347 -0.465691
v 1.721328 2.388863 0.000001
v 1.776363 2.510154 -0.913621
v 1.721328 2.244797 -0.817039
v 1.776361 2.671252 0.000001
v 1.776361 2.630347 -0.465691
v 1.706986 2.671251 0.000001
v 1.706986 2.630346 -0.465691
v 1.706986 2.510154 -0.913621
v 1.776363 2.510154 -0.913621
v -1.056901 2.219512 0.000001
v -1.205070 2.215610 0.156627
v -1.318801 2.233965 -0.173766
v -1.314044 2.104220 -0.765873
v -1.056901 2.185524 0.386938
v -1.316420 2.181758 0.477700
v -1.056901 2.085659 0.759119
v 1.721327 2.352283 0.416463
v -1.056901 2.185524 0.386938
v 1.721327 2.244797 0.817040
v -1.056901 2.085659 0.759119
v 1.721327 2.352283 0.416463
v 1.776361 2.630347 0.465693
v 1.776361 2.510155 0.913622
v 1.721327 2.244797 0.817040
v 1.776361 2.630347 0.465693
v 1.706986 2.630346 0.465693
v 1.706986 2.510155 0.913622
v 1.776361 2.510155 0.913622
v -1.318801 2.233965 0.173767
v -1.314044 2.104220 0.765874
v -1.205070 1.797932 1.304184
v -1.316420 1.978383 1.036469
v -1.056901 1.922927 1.108417
v 1.721327 2.069650 1.192990
v -1.056901 1.700246 1.426676
v -1.056901 1.922927 1.108417
v 1.721328 1.829975 1.535532
v 1.776361 2.046297 1.717048
v 1.721327 2.069650 1.192990
v 1.776361 2.314303 1.334014
v 1.721328 1.829975 1.535532
v 1.776361 2.046297 1.717048
v 1.776361 2.314303 1.334014
v 1.706986 2.046297 1.717048
v 1.706986 2.314303 1.334014
v -1.056901 1.700246 1.426676
v -1.205070 1.596578 1.544149
v -1.318801 1.823012 1.302853
v -1.056901 1.425491 1.701241
v -1.316420 1.364265 1.768347
v -1.056902 1.109756 1.922155
v 1.721327 1.534257 1.831048
v -1.056901 1.425491 1.701241
v 1.721327 1.194432 2.068817
v -1.056902 1.109756 1.922155
v 1.721327 1.534257 1.831048
v 1.776361 1.715621 2.047495
v 1.721327 1.194432 2.068817
v 1.776361 1.335626 2.313371
v 1.776361 1.715621 2.047495
v 1.706986 1.715621 2.047495
v 1.776361 1.335626 2.313371
v 1.706986 1.335626 2.313371
v -1.318801 1.599622 1.569078
v -1.314044 1.119632 1.939260
v -1.205070 0.538983 2.154752
v -1.316420 0.849301 2.065663
v -1.056902 0.760571 2.085132
v -1.056902 0.760571 2.085132
v 1.721327 0.818605 2.244228
v 1.721327 0.414822 2.352572
v -1.056902 0.385414 2.185794
v 1.721327 0.818605 2.244228
v 1.776361 0.463858 2.630669
v 1.721327 0.414822 2.352572
v 1.776361 0.915372 2.509519
v 1.706986 0.463858 2.630669
v 1.776361 0.915372 2.509519
v 1.706985 0.915372 2.509519
v 1.776361 0.463858 2.630669
v -1.056902 0.385414 2.185794
v -1.205070 0.230490 2.209148
v -1.318801 0.559051 2.169853
v -1.205070 0.230490 2.209148
v -1.056902 -0.001546 2.219513
v -1.316420 -0.091584 2.231566
v -1.056902 -0.385414 2.185794
v 1.721327 -0.001665 2.388865
v -1.056902 0.385414 2.185794
v 1.721327 0.414822 2.352572
v -1.056902 -0.001546 2.219513
v 1.721327 -0.414822 2.352572
v -1.056902 -0.385414 2.185794
v 1.776361 0.463858 2.630669
v 1.721327 -0.001665 2.388865
v 1.721327 0.414822 2.352572
v 1.776361 -0.001862 2.671252
v 1.776361 -0.463858 2.630669
v 1.721327 -0.414822 2.352572
v 1.776361 -0.001862 2.671252
v 1.776361 0.463858 2.630669
v 1.706986 0.463858 2.630669
v 1.706985 -0.001862 2.671252
v 1.706986 -0.463858 2.630669
v 1.776361 -0.463858 2.630669
v -1.056902 0.385414 2.185794
v -1.314044 -0.388844 2.205246
v -1.205070 -0.972163 1.997087
v -1.316420 -0.677180 2.128309
v -1.056902 -0.757665 2.086189
v 1.721327 -0.815475 2.245368
v -1.056902 -1.109756 1.922155
v -1.056902 -0.757665 2.086189
v 1.721327 -1.194431 2.068817
v 1.776361 -1.335625 2.313372
v 1.721327 -0.815475 2.245368
v 1.776361 -0.911872 2.510794
v 1.721327 -1.194431 2.068817
v 1.706985 -0.911872 2.510792
v 1.706986 -1.335625 2.313372
v 1.776361 -0.911872 2.510794
v 1.776361 -1.335625 2.313372
v -1.056902 -1.109756 1.922155
v -1.205070 -1.243447 1.840462
v -1.318801 -0.966497 2.021555
v -1.056902 -1.427861 1.699253
v -1.316420 -1.504580 1.650609
v -1.056902 -1.700246 1.426676
v 1.721327 -1.536808 1.828906
v -1.056902 -1.427861 1.699253
v 1.721327 -1.829976 1.535532
v -1.056902 -1.700246 1.426676
v 1.721327 -1.536808 1.828906
v 1.776361 -1.718474 2.045102
v 1.776361 -2.046297 1.717048
v 1.721327 -1.829976 1.535532
v 1.776361 -1.718474 2.045102
v 1.706985 -1.718474 2.045101
v 1.776361 -2.046297 1.717048
v 1.706986 -2.046297 1.717048
v -1.318801 -1.267469 1.847788
v -1.314044 -1.715376 1.439373
v -1.205070 -2.028422 0.904965
v -1.316420 -1.886800 1.195097
v -1.056902 -1.921382 1.111097
v -1.056902 -1.921382 1.111097
v 1.721327 -2.067984 1.195876
v 1.721327 -2.244796 0.817041
v -1.056902 -2.085660 0.759119
v 1.776361 -2.510154 0.913623
v 1.721327 -2.067984 1.195876
v 1.776361 -2.312441 1.337239
v 1.721327 -2.244796 0.817041
v 1.776361 -2.510154 0.913623
v 1.706985 -2.312441 1.337239
v 1.706986 -2.510154 0.913623
v 1.776361 -2.312441 1.337239
v -1.056902 -2.085660 0.759119
v -1.205070 -2.135561 0.610604
v -1.318801 -2.039809 0.927349
v -1.056902 -2.186062 0.383893
v -1.316420 -2.213566 0.297316
v -1.056902 -2.219512 0.000001
v 1.721327 -2.352861 0.413183
v -1.056902 -2.186062 0.383893
v 1.721327 -2.388863 0.000001
v -1.056902 -2.219512 0.000001
v 1.721327 -2.352861 0.413183
v 1.776361 -2.630993 0.462026
v 1.721327 -2.388863 0.000001
v 1.776361 -2.671251 0.000002
v 1.776361 -2.630993 0.462026
v 1.706986 -2.630993 0.462026
v 1.706986 -2.671251 0.000002
v 1.776361 -2.671251 0.000002
v -1.318801 -2.158672 0.600775
v -1.314044 -2.239264 0.000001
v -1.205070 -2.135562 -0.610601
v -1.316420 -2.213566 -0.297313
v -1.056901 -2.186062 -0.383890
v 1.721327 -2.352861 -0.413180
v -1.056901 -2.085660 -0.759117
v -1.056901 -2.186062 -0.383890
v 1.721328 -2.244797 -0.817038
v 1.721327 -2.352861 -0.413180
v 1.776361 -2.510154 -0.913620
v 1.721328 -2.244797 -0.817038
v 1.776361 -2.630993 -0.462023
v 1.776361 -2.510154 -0.913620
v 1.776361 -2.630993 -0.462023
v 1.706986 -2.510154 -0.913620
v 1.706986 -2.630993 -0.462023
v -1.056901 -2.085660 -0.759117
v -1.205070 -2.028423 -0.904962
v -1.318801 -2.158672 -0.600772
v -1.056901 -1.921382 -1.111094
v -1.316420 -1.886800 -1.195094
v -1.056901 -1.700246 -1.426673
v 1.721327 -2.067985 -1.195873
v -1.056901 -1.921382 -1.111094
v 1.721327 -1.829975 -1.535529
v -1.056901 -1.700246 -1.426673
v 1.721327 -2.067985 -1.195873
v 1.776361 -2.312441 -1.337236
v 1.776361 -2.046297 -1.717045
v 1.721327 -1.829975 -1.535529
v 1.706986 -2.312441 -1.337236
v 1.776361 -2.312441 -1.337236
v 1.706986 -2.046297 -1.717045
v 1.776361 -2.046297 -1.717045
v -1.318801 -2.039809 -0.927347
v -1.314044 -1.715377 -1.439370
v -1.205070 -1.243448 -1.840459
v -1.316420 -1.504580 -1.650607
v -1.056901 -1.427860 -1.699250
v 1.721328 -1.194432 -2.068814
v -1.056901 -1.109757 -1.922153
v -1.056901 -1.427860 -1.699250
v 1.721327 -1.536808 -1.828904
v 1.776363 -1.335626 -2.313369
v 1.721327 -1.536808 -1.828904
v 1.776361 -1.718475 -2.045099
v 1.721328 -1.194432 -2.068814
v 1.776363 -1.335626 -2.313369
v 1.776361 -1.718475 -2.045099
v 1.706986 -1.335626 -2.313369
v 1.706986 -1.718475 -2.045098
v -1.056901 -1.109757 -1.922153
v -1.205070 -0.972163 -1.997085
v -1.318801 -1.267470 -1.847786
v -1.056901 -0.757666 -2.086187
v -1.316420 -0.677180 -2.128307
v -1.056901 -0.385415 -2.185792
v 1.721328 -0.815475 -2.245366
v -1.056901 -0.757666 -2.086187
v 1.721328 -0.414823 -2.352569
v -1.056901 -0.385415 -2.185792
v 1.721328 -0.815475 -2.245366
v 1.776361 -0.911873 -2.510791
v 1.776363 -0.463859 -2.630667
v 1.721328 -0.414823 -2.352569
v 1.776361 -0.911873 -2.510791
v 1.706986 -0.911873 -2.510791
v 1.706986 -0.463859 -2.630667
v 1.776363 -0.463859 -2.630667
v -1.318801 -0.966497 -2.021552
v -1.314044 -0.388845 -2.205244
v -1.205070 0.230489 -2.209146
v -1.316420 -0.091585 -2.231564
v -1.056901 -0.001548 -2.219512
v -1.056901 -0.385415 -2.185792
v -1.056901 0.385413 -2.185792
v 1.721328 -0.001667 -2.388863
v 1.721328 0.414821 -2.352570
v -1.056901 -0.001548 -2.219512
v -1.056901 -0.385415 -2.185792
v 1.721328 -0.414823 -2.352569
v 1.776363 0.463857 -2.630667
v 1.721328 -0.001667 -2.388863
v 1.776361 -0.001863 -2.671251
v 1.721328 0.414821 -2.352570
v 1.776363 -0.463859 -2.630667
v 1.721328 -0.414823 -2.352569
v 1.776363 0.463857 -2.630667
v 1.776361 -0.001863 -2.671251
v 1.706986 0.463857 -2.630667
v 1.706986 -0.001863 -2.671251
v 1.706986 -0.463859 -2.630667
v 1.776363 -0.463859 -2.630667
v -1.056901 0.385413 -2.185792
v -1.205070 0.538982 -2.154750
v -1.318801 0.216796 -2.230199
v -1.314044 -0.388845 -2.205244
v -1.056901 0.760570 -2.085130
v -1.316420 0.849299 -2.065661
v -1.056901 1.109755 -1.922154
v -1.056901 0.760570 -2.085130
v 1.721328 0.818604 -2.244228
v -1.056901 1.109755 -1.922154
v 1.721328 1.194430 -2.068816
v 1.721328 0.818604 -2.244228
v 1.776361 0.915370 -2.509518
v 1.721328 1.194430 -2.068816
v 1.776363 1.335624 -2.313371
v 1.776361 0.915370 -2.509518
v 1.706986 0.915370 -2.509518
v 1.706986 1.335624 -2.313370
v 1.776363 1.335624 -2.313371
v -1.318801 0.559049 -2.169851
v -1.314044 1.119631 -1.939260
v -1.205070 1.596576 -1.544149
v -1.316420 1.364264 -1.768346
v -1.056901 1.425489 -1.701240
v -1.056901 1.700245 -1.426675
v 1.721328 1.534255 -1.831047
v 1.721328 1.829974 -1.535532
v -1.056901 1.425489 -1.701240
v 1.721328 1.534255 -1.831047
v 1.776363 2.046297 -1.717047
v 1.721328 1.829974 -1.535532
v 1.776361 1.715620 -2.047494
v 1.776363 2.046297 -1.717047
v 1.776361 1.715620 -2.047494
v 1.706986 2.046297 -1.717047
v 1.706986 1.715620 -2.047494
v -1.056901 1.700245 -1.426675
v -1.205070 1.797931 -1.304184
v -1.318801 1.599620 -1.569078
v -1.056901 1.922927 -1.108418
v -1.316420 1.978383 -1.036469
v 1.721328 2.069649 -1.192991
v -1.056901 1.922927 -1.108418
v 1.721328 2.069649 -1.192991
v 1.776361 2.314302 -1.334013
v 1.776361 2.314302 -1.334013
v 1.706986 2.314302 -1.334013
v -1.318801 1.823011 -1.302853
v -1.318801 0.216797 2.230201
v -0.779358 0.740726 -0.269602
v -0.779358 0.740727 0.269603
v -0.779358 -0.000000 0.000001
v -0.779358 0.394132 0.682658
v -0.779358 -0.136881 0.776290
v -0.779358 -0.603846 0.506688
v -0.779358 -0.788265 0.000001
v -0.779358 -0.603846 -0.506686
v -0.779358 -0.136881 -0.776288
v -0.779358 0.394132 -0.682657
v -0.364975 1.127943 -1.552483
v -0.005060 0.780516 -1.753070
v -0.364975 0.780516 -1.753070
v -0.005060 1.127945 -1.552483
v -0.005061 0.000001 1.918973
v -0.364975 0.000001 1.918973
v -0.005061 -0.398976 1.877039
v -0.364975 -0.398976 1.877039
v -0.005061 0.000001 1.918973
v -0.005061 -0.398976 1.877039
v -0.005060 0.000000 -0.000000
v -0.005061 -0.398976 1.877039
v -0.364975 -0.398976 1.877039
v -0.005061 -0.780516 1.753070
v -0.364975 -0.780516 1.753070
v -0.005061 -0.780516 1.753070
v -0.005061 -0.780516 1.753070
v -0.364975 -0.780516 1.753070
v -0.005061 -1.127943 1.552482
v -0.364975 -1.127943 1.552482
v -0.005061 -1.127943 1.552482
v -0.005061 -1.127943 1.552482
v -0.364975 -1.426075 1.284044
v -0.005060 -1.426075 1.284044
v -0.364975 -1.127943 1.552482
v -0.005060 -1.426075 1.284044
v -0.364975 -1.661879 0.959487
v -0.005060 -1.426075 1.284044
v -0.364975 -1.426075 1.284044
v -0.005060 -1.661879 0.959487
v -0.005060 -1.661879 0.959487
v -0.364975 -1.825052 0.592996
v -0.005060 -1.661879 0.959487
v -0.364975 -1.661879 0.959487
v -0.005060 -1.825052 0.592996
v -0.005060 -1.825052 0.592996
v -0.364975 -1.908461 0.200588
v -0.005060 -1.825052 0.592996
v -0.364975 -1.825052 0.592996
v -0.005060 -1.908461 0.200588
v -0.005060 -1.908461 0.200588
v -0.364975 -1.908461 -0.200587
v -0.005060 -1.908461 0.200588
v -0.364975 -1.908461 0.200588
v -0.005060 -1.908461 -0.200587
v -0.005060 -1.908461 -0.200587
v -0.364975 -1.825052 -0.592995
v -0.005060 -1.908461 -0.200587
v -0.364975 -1.908461 -0.200587
v -0.005060 -1.825052 -0.592995
v -0.005060 -1.825052 -0.592995
v -0.005060 -1.661880 -0.959486
v -0.364975 -1.825052 -0.592995
v -0.364975 -1.661880 -0.959486
v -0.005060 -1.825052 -0.592995
v -0.005060 -1.661880 -0.959486
v -0.364975 -1.426076 -1.284044
v -0.005060 -1.661880 -0.959486
v -0.364975 -1.661880 -0.959486
v -0.005060 -1.426075 -1.284044
v -0.005060 -1.426075 -1.284044
v -0.364974 -1.127944 -1.552482
v -0.005060 -1.426075 -1.284044
v -0.364975 -1.426076 -1.284044
v -0.005060 -1.127944 -1.552482
v -0.005060 -1.127944 -1.552482
v -0.364974 -0.780518 -1.753069
v -0.005060 -1.127944 -1.552482
v -0.364974 -1.127944 -1.552482
v -0.005060 -0.780517 -1.753069
v -0.005060 -0.780517 -1.753069
v -0.364975 -0.398978 -1.877039
v -0.005060 -0.780517 -1.753069
v -0.364974 -0.780518 -1.753069
v -0.005060 -0.398978 -1.877039
v -0.005060 -0.398978 -1.877039
v -0.364975 -0.000001 -1.918973
v -0.005060 -0.398978 -1.877039
v -0.364975 -0.398978 -1.877039
v -0.005060 -0.000001 -1.918973
v -0.005060 -0.000001 -1.918973
v -0.364975 0.398976 -1.877039
v -0.005060 -0.000001 -1.918973
v -0.364975 -0.000001 -1.918973
v -0.005060 0.398976 -1.877039
v -0.005060 0.398976 -1.877039
v -0.364975 0.780516 -1.753070
v -0.005060 0.398976 -1.877039
v -0.364975 0.398976 -1.877039
v -0.005060 0.780516 -1.753070
v -0.005060 0.780516 -1.753070
v -0.005060 1.127945 -1.552483
v -0.364975 1.426075 -1.284045
v -0.005060 1.127945 -1.552483
v -0.364975 1.127943 -1.552483
v -0.005060 1.426075 -1.284045
v -0.005060 1.426075 -1.284045
v -0.005060 1.661880 -0.959488
v -0.364975 1.426075 -1.284045
v -0.364975 1.661880 -0.959488
v -0.005060 1.426075 -1.284045
v -0.005060 1.661880 -0.959488
v -0.005060 1.825052 -0.592996
v -0.364975 1.661880 -0.959488
v -0.364975 1.825052 -0.592996
v -0.005060 1.661880 -0.959488
v -0.005060 1.825052 -0.592996
v -0.005060 1.908461 -0.200588
v -0.364975 1.825052 -0.592996
v -0.364975 1.908461 -0.200588
v -0.005060 1.825052 -0.592996
v -0.005060 1.908461 -0.200588
v -0.005060 1.908461 0.200586
v -0.364975 1.908461 -0.200588
v -0.364975 1.908461 0.200586
v -0.005060 1.908461 -0.200588
v -0.005060 1.908461 0.200586
v -0.005061 1.825053 0.592994
v -0.364975 1.908461 0.200586
v -0.364975 1.825053 0.592994
v -0.005060 1.908461 0.200586
v -0.005061 1.825053 0.592994
v -0.005061 1.661880 0.959486
v -0.364975 1.825053 0.592994
v -0.364975 1.661880 0.959486
v -0.005061 1.825053 0.592994
v -0.005061 1.661880 0.959486
v -0.005061 1.426076 1.284043
v -0.364975 1.661880 0.959486
v -0.364975 1.426076 1.284043
v -0.005061 1.661880 0.959486
v -0.005061 1.426076 1.284043
v -0.005061 1.426076 1.284043
v -0.364975 1.426076 1.284043
v -0.005061 1.127945 1.552481
v -0.364975 1.127945 1.552481
v -0.005061 1.127945 1.552481
v -0.005061 1.127945 1.552481
v -0.364975 1.127945 1.552481
v -0.005061 0.780518 1.753069
v -0.364975 0.780518 1.753069
v -0.005061 0.780518 1.753069
v -0.005061 0.780518 1.753069
v -0.364975 0.780518 1.753069
v -0.005061 0.398978 1.877038
v -0.364975 0.398978 1.877038
v -0.005061 0.398978 1.877038
v -0.005061 0.398978 1.877038
v -0.364975 0.398978 1.877038
v -0.005061 0.000001 1.918973
v -0.364975 0.000001 1.918973
v -0.364975 -1.127943 1.552482
v -0.364975 -0.502340 1.128275
v -0.364975 -0.725945 0.999178
v -0.364975 -0.780516 1.753070
v -0.364975 -0.398976 1.877039
v -0.364975 -0.256781 1.208062
v -0.364975 -0.917822 0.826411
v -0.364975 -1.426075 1.284044
v -0.364975 0.000001 1.918973
v -0.364975 0.000001 1.235051
v -0.364975 -1.069586 0.617526
v -0.364975 -1.661879 0.959487
v -0.364975 0.256782 1.208062
v -0.364975 0.398978 1.877038
v -0.364975 -1.825052 0.592996
v -0.364975 -1.174603 0.381652
v -0.364975 0.502341 1.128275
v -0.364975 0.780518 1.753069
v -0.364975 -1.228285 0.129098
v -0.364975 -1.908461 0.200588
v -0.364975 1.127945 1.552481
v -0.364975 0.725946 0.999177
v -0.364975 -1.228285 -0.129098
v -0.364975 -1.908461 -0.200587
v -0.364975 0.917822 0.826410
v -0.364975 1.426076 1.284043
v -0.364975 -1.825052 -0.592995
v -0.364975 -1.174604 -0.381652
v -0.364975 1.069586 0.617525
v -0.364975 1.661880 0.959486
v -0.364975 -1.069586 -0.617526
v -0.364975 -1.661880 -0.959486
v -0.364975 1.825053 0.592994
v -0.364975 1.174604 0.381651
v -0.364975 -1.426076 -1.284044
v -0.364975 -0.917822 -0.826410
v -0.364975 1.908461 0.200586
v -0.364975 1.228285 0.129097
v -0.364975 -0.725945 -0.999177
v -0.364974 -1.127944 -1.552482
v -0.364975 1.228285 -0.129099
v -0.364975 1.908461 -0.200588
v -0.364975 -0.502341 -1.128276
v -0.364974 -0.780518 -1.753069
v -0.364975 1.825052 -0.592996
v -0.364975 1.174603 -0.381652
v -0.364975 -0.398978 -1.877039
v -0.364975 -0.256782 -1.208062
v -0.364975 1.069586 -0.617527
v -0.364975 1.661880 -0.959488
v -0.364975 -0.000001 -1.918973
v -0.364975 -0.000000 -1.235051
v -0.364975 1.426075 -1.284045
v -0.364975 0.917822 -0.826411
v -0.364975 0.256781 -1.208062
v -0.364975 0.398976 -1.877039
v -0.364975 1.127943 -1.552483
v -0.364975 0.725945 -0.999178
v -0.364975 0.502340 -1.128276
v -0.364975 0.780516 -1.753070
v -0.750964 -0.284953 0.640015
v -0.750964 -0.000000 -0.000000
v -0.750964 -0.411793 0.566784
v -0.750964 -0.145659 0.685274
v -0.750964 -0.520635 0.468782
v -0.750964 0.000000 0.700583
v -0.750964 -0.606723 0.350292
v -0.750964 0.145660 0.685274
v -0.750964 -0.666295 0.216492
v -0.750964 0.284953 0.640015
v -0.750964 -0.696746 0.073231
v -0.750964 0.411793 0.566784
v -0.750964 -0.696746 -0.073231
v -0.750964 0.520635 0.468781
v -0.750964 -0.666295 -0.216493
v -0.750964 0.606724 0.350291
v -0.750964 -0.606724 -0.350292
v -0.750964 0.666295 0.216492
v -0.750964 -0.520636 -0.468782
v -0.750964 0.696746 0.073230
v -0.750964 -0.411793 -0.566785
v -0.750964 0.696746 -0.073232
v -0.750964 -0.284953 -0.640016
v -0.750964 0.666295 -0.216493
v -0.750964 -0.145660 -0.685275
v -0.750964 0.606723 -0.350293
v -0.750964 -0.000000 -0.700584
v -0.750964 0.520635 -0.468783
v -0.750964 0.145659 -0.685275
v -0.750964 0.411793 -0.566785
v -0.750964 0.284953 -0.640016
v -0.450691 -0.394161 0.885300
v -0.750964 -0.284953 0.640015
v -0.450691 -0.569612 0.784003
v -0.750964 -0.411793 0.566784
v -0.450691 -0.201483 0.947905
v -0.750964 -0.145659 0.685274
v -0.450691 0.000000 0.969081
v -0.750964 0.000000 0.700583
v -0.750964 0.145660 0.685274
v -0.450691 0.201484 0.947904
v -0.750964 0.284953 0.640015
v -0.450691 0.394161 0.885300
v -0.750964 0.411793 0.566784
v -0.450691 0.569612 0.784003
v -0.450691 0.720168 0.648441
v -0.750964 0.520635 0.468781
v -0.750964 0.606724 0.350291
v -0.450691 0.839249 0.484540
v -0.450691 0.921652 0.299462
v -0.750964 0.666295 0.216492
v -0.450691 0.963773 0.101296
v -0.750964 0.696746 0.073230
v -0.450691 0.963773 -0.101297
v -0.750964 0.696746 -0.073232
v -0.450691 0.921651 -0.299463
v -0.750964 0.666295 -0.216493
v -0.450691 0.839249 -0.484542
v -0.750964 0.606723 -0.350293
v -0.450691 0.720168 -0.648443
v -0.750964 0.520635 -0.468783
v -0.450691 0.569612 -0.784004
v -0.750964 0.411793 -0.566785
v -0.450691 0.394161 -0.885301
v -0.750964 0.284953 -0.640016
v -0.450691 0.201483 -0.947905
v -0.750964 0.145659 -0.685275
v -0.450691 -0.000000 -0.969082
v -0.750964 -0.000000 -0.700584
v -0.450691 -0.201484 -0.947905
v -0.750964 -0.145660 -0.685275
v -0.450691 -0.394161 -0.885300
v -0.750964 -0.284953 -0.640016
v -0.450691 -0.569612 -0.784003
v -0.750964 -0.411793 -0.566785
v -0.750964 -0.520636 -0.468782
v -0.450691 -0.720168 -0.648442
v -0.750964 -0.606724 -0.350292
v -0.450691 -0.839249 -0.484541
v -0.450691 -0.921651 -0.299463
v -0.750964 -0.666295 -0.216493
v -0.450691 -0.963773 -0.101297
v -0.750964 -0.696746 -0.073231
v -0.450691 -0.963773 0.101297
v -0.750964 -0.696746 0.073231
v -0.450691 -0.921651 0.299463
v -0.750964 -0.666295 0.216492
v -0.450691 -0.839249 0.484541
v -0.750964 -0.606723 0.350292
v -0.450691 -0.720168 0.648442
v -0.750964 -0.520635 0.468782
v -0.364975 -0.502340 1.128275
v -0.450691 -0.679826 0.935701
v -0.364975 -0.725945 0.999178
v -0.450691 -0.470427 1.056598
v -0.364975 -0.256781 1.208062
v -0.450691 -0.240468 1.131316
v -0.364975 -0.917822 0.826411
v -0.450691 -0.859514 0.773910
v -0.364975 0.000001 1.235051
v -0.450691 0.000000 1.156590
v -0.450691 -1.001637 0.578295
v -0.364975 -1.069586 0.617526
v -0.364975 0.256782 1.208062
v -0.450691 0.240469 1.131316
v -0.364975 -1.174603 0.381652
v -0.450691 -1.099983 0.357406
v -0.364975 0.502341 1.128275
v -0.450691 0.470428 1.056597
v -0.364975 -1.228285 0.129098
v -0.450691 -1.150254 0.120897
v -0.450691 0.679827 0.935701
v -0.364975 0.725946 0.999177
v -0.364975 -1.228285 -0.129098
v -0.450691 -1.150254 -0.120896
v -0.450691 0.859514 0.773909
v -0.364975 0.917822 0.826410
v -0.450691 -1.099983 -0.357406
v -0.364975 -1.174604 -0.381652
v -0.450691 1.001637 0.578294
v -0.364975 1.069586 0.617525
v -0.450691 -1.001637 -0.578295
v -0.364975 -1.069586 -0.617526
v -0.364975 1.174604 0.381651
v -0.450691 1.099983 0.357405
v -0.364975 -0.917822 -0.826410
v -0.450691 -0.859514 -0.773910
v -0.364975 1.228285 0.129097
v -0.450691 1.150254 0.120896
v -0.364975 -0.725945 -0.999177
v -0.450691 -0.679827 -0.935701
v -0.450691 1.150254 -0.120897
v -0.364975 1.228285 -0.129099
v -0.450691 -0.470428 -1.056598
v -0.364975 -0.502341 -1.128276
v -0.450691 1.099983 -0.357407
v -0.364975 1.174603 -0.381652
v -0.364975 -0.256782 -1.208062
v -0.450691 -0.240469 -1.131316
v -0.450691 1.001637 -0.578296
v -0.364975 1.069586 -0.617527
v -0.364975 -0.000000 -1.235051
v -0.450691 -0.000000 -1.156591
v -0.364975 0.917822 -0.826411
v -0.450691 0.859514 -0.773911
v -0.450691 0.240468 -1.131316
v -0.364975 0.256781 -1.208062
v -0.364975 0.725945 -0.999178
v -0.450691 0.679826 -0.935702
v -0.450691 0.470427 -1.056598
v -0.364975 0.502340 -1.128276
v -0.450691 -0.679826 0.935701
v -0.450691 -0.470427 1.056598
v -0.450691 -0.394161 0.885300
v -0.450691 -0.569612 0.784003
v -0.450691 -0.240468 1.131316
v -0.450691 -0.201483 0.947905
v -0.450691 -0.720168 0.648442
v -0.450691 -0.859514 0.773910
v -0.450691 0.000000 1.156590
v -0.450691 0.000000 0.969081
v -0.450691 -0.839249 0.484541
v -0.450691 -1.001637 0.578295
v -0.450691 0.240469 1.131316
v -0.450691 0.201484 0.947904
v -0.450691 -1.099983 0.357406
v -0.450691 -0.921651 0.299463
v -0.450691 0.470428 1.056597
v -0.450691 0.394161 0.885300
v -0.450691 -1.150254 0.120897
v -0.450691 -0.963773 0.101297
v -0.450691 0.569612 0.784003
v -0.450691 0.679827 0.935701
v -0.450691 -0.963773 -0.101297
v -0.450691 -1.150254 -0.120896
v -0.450691 0.859514 0.773909
v -0.450691 0.720168 0.648441
v -0.450691 -0.921651 -0.299463
v -0.450691 -1.099983 -0.357406
v -0.450691 0.839249 0.484540
v -0.450691 1.001637 0.578294
v -0.450691 -0.839249 -0.484541
v -0.450691 -1.001637 -0.578295
v -0.450691 0.921652 0.299462
v -0.450691 1.099983 0.357405
v -0.450691 -0.859514 -0.773910
v -0.450691 -0.720168 -0.648442
v -0.450691 1.150254 0.120896
v -0.450691 0.963773 0.101296
v -0.450691 -0.569612 -0.784003
v -0.450691 -0.679827 -0.935701
v -0.450691 1.150254 -0.120897
v -0.450691 0.963773 -0.101297
v -0.450691 -0.394161 -0.885300
v -0.450691 -0.470428 -1.056598
v -0.450691 1.099983 -0.357407
v -0.450691 0.921651 -0.299463
v -0.450691 -0.240469 -1.131316
v -0.450691 -0.201484 -0.947905
v -0.450691 1.001637 -0.578296
v -0.450691 0.839249 -0.484542
v -0.450691 -0.000000 -1.156591
v -0.450691 -0.000000 -0.969082
v -0.450691 0.859514 -0.773911
v -0.450691 0.720168 -0.648443
v -0.450691 0.201483 -0.947905
v -0.450691 0.240468 -1.131316
v -0.450691 0.679826 -0.935702
v -0.450691 0.569612 -0.784004
v -0.450691 0.394161 -0.885301
v -0.450691 0.470427 -1.056598
vn -0.9980 -0.0115 -0.0624
vn -1.0000 0.0038 0.0092
vn -0.9980 -0.0211 -0.0599
vn -1.0000 0.0023 0.0097
vn -0.0008 -0.1961 -0.9806
vn 0.1939 -0.1928 -0.9619
vn 0.1569 -0.2305 -0.9604
vn -0.0008 -0.2459 -0.9693
vn -0.9465 -0.0000 -0.3227
vn -0.9465 -0.0253 -0.3218
vn -0.8972 -0.0000 -0.4416
vn -0.8319 -0.0436 -0.5532
vn -1.0000 0.0004 0.0007
vn -0.9980 -0.0288 -0.0565
vn -0.0008 -0.3217 -0.9469
vn 0.1569 -0.3050 -0.9393
vn 0.1569 -0.3779 -0.9125
vn -0.0008 -0.3946 -0.9189
vn -0.9465 0.0505 -0.3188
vn -0.9465 0.0253 -0.3218
vn -0.8972 0.0690 -0.4361
vn -0.8319 0.0435 -0.5532
vn -0.9980 -0.0000 -0.0634
vn -0.9998 -0.0000 0.0221
vn -0.0008 -0.4657 -0.8849
vn 0.1570 -0.4481 -0.8801
vn 0.1566 -0.5161 -0.8421
vn -0.0008 -0.5335 -0.8458
vn -0.9465 0.0753 -0.3139
vn -0.8972 0.1364 -0.4199
vn -0.9465 0.0997 -0.3070
vn -0.8319 0.1295 -0.5396
vn -0.9980 -0.0373 -0.0513
vn -0.9998 0.0130 0.0179
vn -0.0008 -0.5983 -0.8013
vn 0.1570 -0.5802 -0.7992
vn 0.1570 -0.6413 -0.7511
vn -0.0008 -0.6594 -0.7518
vn -0.8973 0.2004 -0.3934
vn -0.9465 0.1235 -0.2982
vn -0.8319 0.2123 -0.5126
vn -0.9465 0.1465 -0.2876
vn -1.0000 -0.0022 0.0097
vn -0.9980 0.0115 -0.0624
vn 0.1197 -0.7019 -0.7021
vn -0.0008 -0.7518 -0.6594
vn -0.0008 -0.7070 -0.7072
vn 0.1566 -0.7511 -0.6414
vn -0.8972 0.2595 -0.3573
vn -0.9465 0.1686 -0.2752
vn -0.8319 0.2899 -0.4731
vn -0.9465 0.1897 -0.2611
vn -1.0000 0.0075 0.0065
vn -0.9980 -0.0460 -0.0437
vn 0.1570 -0.7991 -0.5804
vn -0.0008 -0.8456 -0.5337
vn -0.0008 -0.8013 -0.5983
vn 0.1566 -0.8422 -0.5160
vn -0.8665 0.3545 -0.3515
vn -0.9465 0.2096 -0.2454
vn -0.8319 0.3604 -0.4219
vn -0.9465 0.2312 -0.2252
vn -1.0000 -0.0002 0.0008
vn -0.9980 0.0196 -0.0603
vn 0.1570 -0.8800 -0.4482
vn -0.0008 -0.9187 -0.3950
vn -0.0008 -0.8851 -0.4654
vn 0.1570 -0.9125 -0.3777
vn -0.8972 0.3357 -0.2867
vn -0.9465 0.2611 -0.1897
vn -0.9465 0.2454 -0.2096
vn -0.8320 0.4488 -0.3262
vn -1.0000 0.0084 0.0052
vn -0.9980 -0.0523 -0.0360
vn 0.1566 -0.9393 -0.3052
vn -0.0008 -0.9691 -0.2465
vn -0.0008 -0.9470 -0.3211
vn 0.1569 -0.9604 -0.2303
vn -0.8973 0.3765 -0.2307
vn -0.9465 0.2875 -0.1466
vn -0.9465 0.2752 -0.1686
vn -0.8320 0.4943 -0.2520
vn -0.9980 0.0274 -0.0573
vn -1.0000 -0.0038 0.0091
vn 0.1566 -0.9755 -0.1545
vn -0.0008 -0.9958 -0.0919
vn -0.0008 -0.9856 -0.1689
vn 0.1570 -0.9846 -0.0772
vn -0.8973 0.4079 -0.1690
vn -0.9465 0.3069 -0.0998
vn -0.9465 0.2982 -0.1235
vn -0.8320 0.5277 -0.1715
vn -1.0000 0.0091 0.0038
vn -0.9980 -0.0573 -0.0274
vn -0.0008 -1.0000 -0.0000
vn 0.1941 -0.9810 -0.0000
vn 0.1569 -0.9846 0.0773
vn -0.0008 -0.9958 0.0920
vn -0.8973 0.4293 -0.1031
vn -0.9465 0.3188 -0.0505
vn -0.9465 0.3138 -0.0753
vn -0.8320 0.5480 -0.0868
vn -0.9980 0.0360 -0.0523
vn -1.0000 -0.0052 0.0084
vn -0.0008 -0.9810 0.1939
vn 0.1939 -0.9623 0.1906
vn 0.1569 -0.9604 0.2304
vn -0.0008 -0.9691 0.2465
vn -0.8973 0.4401 -0.0347
vn -0.9465 0.3227 -0.0000
vn -0.9465 0.3217 -0.0253
vn -0.8320 0.5548 -0.0000
vn -1.0000 0.0007 0.0002
vn -0.9980 -0.0603 -0.0196
vn -0.0008 -0.9470 0.3212
vn 0.1570 -0.9393 0.3051
vn 0.1571 -0.9125 0.3777
vn -0.0008 -0.9187 0.3950
vn -0.8973 0.4401 0.0346
vn -0.9465 0.3188 0.0505
vn -0.9465 0.3217 0.0253
vn -0.8320 0.5480 0.0868
vn -0.9980 0.0437 -0.0460
vn -1.0000 -0.0065 0.0075
vn -0.0008 -0.8850 0.4655
vn 0.1566 -0.8799 0.4485
vn 0.1570 -0.8422 0.5158
vn -0.0008 -0.8456 0.5338
vn -0.9465 0.3070 0.0997
vn -0.8973 0.4293 0.1030
vn -0.8320 0.5277 0.1715
vn -0.9465 0.3138 0.0753
vn -1.0000 0.0096 0.0022
vn -0.9980 -0.0624 -0.0115
vn -0.0008 -0.8012 0.5983
vn 0.1570 -0.7990 0.5804
vn 0.1570 -0.7511 0.6412
vn -0.0008 -0.7518 0.6594
vn -0.9465 0.2876 0.1465
vn -0.8973 0.4079 0.1689
vn -0.8320 0.4944 0.2519
vn -0.9465 0.2982 0.1235
vn -0.9980 0.0513 -0.0373
vn -0.9998 -0.0179 0.0130
vn -0.0008 -0.6593 0.7519
vn 0.1197 -0.7019 0.7021
vn 0.1566 -0.6414 0.7510
vn -0.0008 -0.7070 0.7072
vn -0.9465 0.2611 0.1897
vn -0.8972 0.3765 0.2307
vn -0.8320 0.4489 0.3262
vn -0.9465 0.2752 0.1686
vn -1.0000 0.0098 0.0007
vn -0.9980 -0.0634 -0.0016
vn -0.0008 -0.5334 0.8458
vn 0.1571 -0.5801 0.7992
vn 0.1570 -0.5158 0.8422
vn -0.0008 -0.5983 0.8013
vn -0.9465 0.2312 0.2253
vn -0.8972 0.3358 0.2867
vn -0.8665 0.3545 0.3515
vn -0.9465 0.2454 0.2096
vn -0.9980 0.0573 -0.0273
vn -1.0000 -0.0091 0.0038
vn -0.0008 -0.3945 0.9189
vn 0.1570 -0.4480 0.8801
vn 0.1566 -0.3780 0.9125
vn -0.0008 -0.4657 0.8849
vn -0.8972 0.2595 0.3572
vn -0.9465 0.2096 0.2454
vn -0.8320 0.3604 0.4219
vn -0.9465 0.1897 0.2611
vn -0.9980 -0.0627 0.0099
vn -0.9998 0.0218 -0.0035
vn -0.0008 -0.2458 0.9693
vn 0.1571 -0.3048 0.9394
vn 0.1570 -0.2303 0.9604
vn -0.0008 -0.3216 0.9469
vn -0.8972 0.2004 0.3934
vn -0.9465 0.1687 0.2752
vn -0.8320 0.2899 0.4731
vn -0.9465 0.1465 0.2876
vn -0.9980 0.0603 -0.0196
vn -1.0000 -0.0007 0.0002
vn -0.0008 -0.0911 0.9958
vn 0.1566 -0.1544 0.9755
vn 0.1571 -0.0772 0.9846
vn -0.0008 -0.1697 0.9855
vn -0.8972 0.1364 0.4199
vn -0.9465 0.1235 0.2982
vn -0.8319 0.2124 0.5126
vn -0.9465 0.0997 0.3069
vn -1.0000 0.0092 -0.0037
vn -0.9980 -0.0598 0.0212
vn 0.1569 0.0774 0.9846
vn -0.0008 0.0912 0.9958
vn -0.0008 -0.0000 1.0000
vn 0.1941 -0.0000 0.9810
vn -0.8973 0.0691 0.4361
vn -0.9465 0.0754 0.3138
vn -0.8319 0.1296 0.5395
vn -0.9465 0.0505 0.3188
vn -0.9980 0.0627 -0.0099
vn -0.9998 -0.0218 0.0035
vn 0.1566 0.2306 0.9604
vn -0.0008 0.2459 0.9693
vn -0.0008 0.1961 0.9806
vn 0.1939 0.1928 0.9619
vn -0.8972 -0.0000 0.4415
vn -0.9465 0.0253 0.3218
vn -0.8319 0.0436 0.5532
vn -0.9465 -0.0000 0.3227
vn -1.0000 0.0085 -0.0051
vn -0.9980 -0.0558 0.0303
vn 0.1570 0.3778 0.9125
vn -0.0008 0.3946 0.9189
vn -0.0008 0.3217 0.9469
vn 0.1571 0.3049 0.9394
vn -0.8319 -0.0435 0.5532
vn -0.8972 -0.0690 0.4361
vn -0.9465 -0.0253 0.3218
vn -0.9465 -0.0505 0.3188
vn -0.9980 0.0635 0.0016
vn -1.0000 -0.0098 -0.0007
vn 0.1566 0.5161 0.8421
vn -0.0008 0.5335 0.8458
vn -0.0008 0.4657 0.8849
vn 0.1566 0.4483 0.8801
vn -0.8319 -0.1295 0.5395
vn -0.8972 -0.1364 0.4199
vn -0.9465 -0.0753 0.3138
vn -0.9465 -0.0997 0.3070
vn -1.0000 0.0076 -0.0064
vn -0.9980 -0.0504 0.0386
vn 0.1566 0.6415 0.7510
vn -0.0008 0.6594 0.7518
vn -0.0008 0.5983 0.8013
vn 0.1570 0.5802 0.7992
vn -0.8319 -0.2123 0.5126
vn -0.8972 -0.2004 0.3934
vn -0.9465 -0.1235 0.2982
vn -0.9465 -0.1465 0.2876
vn -0.9980 0.0624 0.0115
vn -1.0000 -0.0096 -0.0022
vn 0.1197 0.7019 0.7021
vn -0.0008 0.7518 0.6594
vn -0.0008 0.7070 0.7072
vn 0.1569 0.7512 0.6412
vn -0.8319 -0.2899 0.4731
vn -0.8972 -0.2595 0.3573
vn -0.9465 -0.1686 0.2752
vn -0.9465 -0.1897 0.2611
vn -1.0000 0.0065 -0.0075
vn -0.9980 -0.0437 0.0460
vn 0.1566 0.7990 0.5806
vn -0.0008 0.8456 0.5337
vn -0.0008 0.8013 0.5982
vn 0.1566 0.8422 0.5160
vn -0.8319 -0.3604 0.4219
vn -0.8665 -0.3545 0.3515
vn -0.9465 -0.2096 0.2454
vn -0.9465 -0.2311 0.2253
vn -1.0000 -0.0007 -0.0002
vn -0.9980 0.0603 0.0196
vn 0.1566 0.8800 0.4485
vn -0.0008 0.9187 0.3950
vn -0.0008 0.8851 0.4654
vn 0.1569 0.9125 0.3777
vn -0.9465 -0.2611 0.1898
vn -0.8972 -0.3357 0.2867
vn -0.8320 -0.4488 0.3262
vn -0.9465 -0.2454 0.2096
vn -1.0000 0.0052 -0.0084
vn -0.9980 -0.0359 0.0523
vn 0.1570 0.9393 0.3050
vn -0.0008 0.9691 0.2465
vn -0.0008 0.9470 0.3211
vn 0.1570 0.9604 0.2303
vn -0.9465 -0.2875 0.1466
vn -0.8973 -0.3765 0.2307
vn -0.8320 -0.4943 0.2520
vn -0.9465 -0.2752 0.1686
vn -0.9980 0.0573 0.0274
vn -1.0000 -0.0091 -0.0038
vn 0.1566 0.9755 0.1545
vn -0.0008 0.9958 0.0919
vn -0.0008 0.9856 0.1689
vn 0.1569 0.9846 0.0773
vn -0.9465 -0.3069 0.0998
vn -0.8973 -0.4079 0.1690
vn -0.8320 -0.5277 0.1715
vn -0.9465 -0.2981 0.1235
vn -1.0000 0.0039 -0.0091
vn -0.9980 -0.0273 0.0573
vn -0.0008 1.0000 -0.0000
vn 0.1941 0.9810 -0.0000
vn 0.1569 0.9846 -0.0773
vn -0.0008 0.9958 -0.0920
vn -0.9465 -0.3188 0.0505
vn -0.8973 -0.4293 0.1031
vn -0.8320 -0.5480 0.0868
vn -0.9465 -0.3138 0.0753
vn -0.9980 0.0523 0.0359
vn -1.0000 -0.0084 -0.0052
vn -0.0008 0.9810 -0.1939
vn 0.1939 0.9623 -0.1906
vn 0.1570 0.9604 -0.2303
vn -0.0008 0.9691 -0.2465
vn -0.8973 -0.4401 0.0347
vn -0.9465 -0.3227 -0.0000
vn -0.9465 -0.3217 0.0253
vn -0.8320 -0.5548 -0.0000
vn -1.0000 0.0002 -0.0008
vn -0.9980 -0.0196 0.0603
vn -0.0008 0.9470 -0.3212
vn 0.1570 0.9393 -0.3051
vn 0.1569 0.9125 -0.3778
vn -0.0008 0.9187 -0.3950
vn -0.8973 -0.4401 -0.0346
vn -0.9465 -0.3188 -0.0505
vn -0.9465 -0.3217 -0.0253
vn -0.8320 -0.5480 -0.0868
vn -0.9980 0.0460 0.0437
vn -1.0000 -0.0075 -0.0065
vn -0.0008 0.8850 -0.4655
vn 0.1566 0.8799 -0.4485
vn 0.1570 0.8422 -0.5158
vn -0.0008 0.8456 -0.5338
vn -0.8973 -0.4293 -0.1030
vn -0.9465 -0.3069 -0.0997
vn -0.9465 -0.3138 -0.0753
vn -0.8319 -0.5277 -0.1715
vn -0.9980 -0.0116 0.0624
vn -1.0000 0.0022 -0.0097
vn -0.0008 0.8012 -0.5983
vn 0.1570 0.7990 -0.5804
vn 0.1570 0.7511 -0.6412
vn -0.0008 0.7518 -0.6594
vn -0.8973 -0.4079 -0.1689
vn -0.9465 -0.2876 -0.1465
vn -0.9465 -0.2982 -0.1235
vn -0.8320 -0.4943 -0.2519
vn -0.9980 0.0373 0.0513
vn -0.9998 -0.0130 -0.0179
vn 0.1197 0.7019 -0.7022
vn -0.0008 0.6593 -0.7519
vn -0.0008 0.7070 -0.7072
vn 0.1570 0.6412 -0.7511
vn -0.8972 -0.3765 -0.2307
vn -0.9465 -0.2611 -0.1897
vn -0.9465 -0.2752 -0.1686
vn -0.8320 -0.4489 -0.3262
vn -0.9980 -0.0000 0.0634
vn -0.9998 -0.0000 -0.0221
vn 0.1566 0.5804 -0.7991
vn -0.0008 0.5334 -0.8458
vn -0.0008 0.5983 -0.8013
vn 0.1569 0.5159 -0.8422
vn -0.8972 -0.3358 -0.2867
vn -0.9465 -0.2312 -0.2253
vn -0.9465 -0.2454 -0.2096
vn -0.8665 -0.3545 -0.3515
vn -1.0000 -0.0038 -0.0091
vn -0.9980 0.0273 0.0573
vn 0.1566 0.4483 -0.8801
vn -0.0008 0.3945 -0.9189
vn -0.0008 0.4657 -0.8849
vn 0.1566 0.3780 -0.9125
vn -0.8320 -0.3604 -0.4219
vn -0.8972 -0.2595 -0.3572
vn -0.9465 -0.2096 -0.2454
vn -0.9465 -0.1897 -0.2611
vn -1.0000 -0.0022 -0.0097
vn -0.9980 0.0116 0.0624
vn 0.1569 0.3049 -0.9394
vn -0.0008 0.2458 -0.9693
vn -0.0008 0.3216 -0.9469
vn 0.1569 0.2304 -0.9604
vn -0.8320 -0.2900 -0.4731
vn -0.8972 -0.2004 -0.3934
vn -0.9465 -0.1687 -0.2752
vn -0.9465 -0.1465 -0.2876
vn -1.0000 -0.0002 -0.0008
vn -0.9980 0.0196 0.0603
vn 0.1569 0.1543 -0.9755
vn -0.0008 0.0911 -0.9958
vn -0.0008 0.1697 -0.9855
vn 0.1569 0.0773 -0.9846
vn -0.8320 -0.2124 -0.5126
vn -0.8972 -0.1364 -0.4199
vn -0.9465 -0.1235 -0.2982
vn -0.9465 -0.0997 -0.3069
vn -0.0008 -0.0000 -1.0000
vn 0.1941 -0.0000 -0.9810
vn 0.1570 -0.0773 -0.9846
vn -0.0008 -0.0911 -0.9958
vn -0.9465 -0.0505 -0.3188
vn -0.9465 -0.0754 -0.3138
vn -0.8973 -0.0691 -0.4361
vn -0.8319 -0.1296 -0.5395
vn -0.2942 -0.1874 -0.9372
vn -0.4588 -0.2069 -0.8641
vn -0.4879 -0.1712 -0.8560
vn -0.2567 -0.2254 -0.9399
vn -0.2568 -0.2982 -0.9193
vn -0.4588 -0.3396 -0.8211
vn -0.4588 -0.2740 -0.8453
vn -0.2567 -0.3696 -0.8930
vn -0.2567 -0.4384 -0.8614
vn -0.4588 -0.4638 -0.7579
vn -0.4587 -0.4028 -0.7920
vn -0.2567 -0.5048 -0.8242
vn -0.2568 -0.5677 -0.7822
vn -0.4588 -0.5767 -0.6760
vn -0.4588 -0.5217 -0.7193
vn -0.2567 -0.6275 -0.7351
vn -0.4289 -0.6387 -0.6388
vn -0.2187 -0.6899 -0.6901
vn -0.2568 -0.7352 -0.6273
vn -0.4588 -0.6761 -0.5765
vn -0.4587 -0.7191 -0.5219
vn -0.2567 -0.7821 -0.5679
vn -0.2567 -0.8243 -0.5046
vn -0.4589 -0.7579 -0.4636
vn -0.4587 -0.7920 -0.4030
vn -0.2567 -0.8613 -0.4386
vn -0.2568 -0.8931 -0.3694
vn -0.4588 -0.8212 -0.3394
vn -0.4587 -0.8452 -0.2741
vn -0.2567 -0.9193 -0.2984
vn -0.2568 -0.9399 -0.2251
vn -0.4588 -0.8642 -0.2068
vn -0.4588 -0.8777 -0.1385
vn -0.2567 -0.9547 -0.1509
vn -0.2567 -0.9635 -0.0754
vn -0.4588 -0.8858 -0.0691
vn -0.2945 -0.9557 -0.0000
vn -0.4588 -0.8858 0.0691
vn -0.4882 -0.8727 -0.0000
vn -0.2568 -0.9635 0.0755
vn -0.2942 -0.9376 0.1854
vn -0.4588 -0.8641 0.2068
vn -0.4879 -0.8563 0.1693
vn -0.2567 -0.9399 0.2253
vn -0.2567 -0.9193 0.2984
vn -0.4588 -0.8211 0.3394
vn -0.4588 -0.8452 0.2742
vn -0.2568 -0.8931 0.3695
vn -0.2567 -0.8612 0.4386
vn -0.4588 -0.7579 0.4638
vn -0.4588 -0.7919 0.4030
vn -0.2568 -0.8243 0.5046
vn -0.2567 -0.7820 0.5679
vn -0.4588 -0.6760 0.5766
vn -0.4587 -0.7191 0.5220
vn -0.2568 -0.7352 0.6274
vn -0.2567 -0.6274 0.7351
vn -0.4588 -0.5766 0.6760
vn -0.4289 -0.6387 0.6389
vn -0.2187 -0.6899 0.6901
vn -0.4588 -0.4637 0.7579
vn -0.4587 -0.5217 0.7193
vn -0.2568 -0.5046 0.8243
vn -0.2568 -0.5676 0.7822
vn -0.4587 -0.3395 0.8212
vn -0.4587 -0.4028 0.7920
vn -0.2567 -0.3695 0.8931
vn -0.2567 -0.4383 0.8614
vn -0.4587 -0.2069 0.8642
vn -0.4588 -0.2739 0.8453
vn -0.2568 -0.2252 0.9399
vn -0.2567 -0.2982 0.9193
vn -0.4587 -0.0691 0.8859
vn -0.4588 -0.1383 0.8777
vn -0.2567 -0.0754 0.9635
vn -0.2568 -0.1507 0.9546
vn -0.4587 0.0692 0.8859
vn -0.2945 -0.0000 0.9557
vn -0.2566 0.0755 0.9635
vn -0.4882 -0.0000 0.8727
vn -0.4587 0.2069 0.8641
vn -0.2942 0.1874 0.9372
vn -0.2568 0.2253 0.9398
vn -0.4879 0.1712 0.8560
vn -0.4588 0.3395 0.8211
vn -0.2566 0.2983 0.9193
vn -0.2568 0.3695 0.8930
vn -0.4588 0.2740 0.8453
vn -0.4588 0.4638 0.7579
vn -0.2568 0.4383 0.8614
vn -0.2568 0.5047 0.8242
vn -0.4588 0.4028 0.7920
vn -0.4588 0.5767 0.6760
vn -0.2568 0.5677 0.7822
vn -0.2567 0.6275 0.7351
vn -0.4588 0.5217 0.7193
vn -0.4289 0.6387 0.6388
vn -0.2187 0.6899 0.6901
vn -0.2568 0.7352 0.6273
vn -0.4587 0.6761 0.5766
vn -0.4588 0.7191 0.5219
vn -0.2568 0.7821 0.5678
vn -0.2568 0.8243 0.5046
vn -0.4588 0.7580 0.4637
vn -0.4588 0.7919 0.4029
vn -0.2568 0.8613 0.4385
vn -0.2567 0.8931 0.3695
vn -0.4588 0.8212 0.3394
vn -0.4588 0.8452 0.2741
vn -0.2567 0.9193 0.2984
vn -0.2568 0.9399 0.2252
vn -0.4589 0.8641 0.2067
vn -0.4587 0.8777 0.1385
vn -0.2568 0.9546 0.1508
vn -0.2568 0.9635 0.0754
vn -0.4588 0.8859 0.0691
vn -0.2945 0.9557 -0.0000
vn -0.4589 0.8858 -0.0691
vn -0.4882 0.8727 -0.0000
vn -0.2567 0.9635 -0.0755
vn -0.2942 0.9376 -0.1854
vn -0.4588 0.8641 -0.2068
vn -0.4879 0.8563 -0.1693
vn -0.2567 0.9399 -0.2253
vn -0.2568 0.9192 -0.2984
vn -0.4588 0.8211 -0.3395
vn -0.4588 0.8452 -0.2742
vn -0.2568 0.8931 -0.3695
vn -0.2567 0.8612 -0.4386
vn -0.4588 0.7579 -0.4637
vn -0.4587 0.7919 -0.4030
vn -0.2568 0.8243 -0.5046
vn -0.2567 0.7820 -0.5680
vn -0.4587 0.6760 -0.5767
vn -0.4587 0.7191 -0.5220
vn -0.2567 0.7352 -0.6274
vn -0.4289 0.6386 -0.6389
vn -0.2187 0.6899 -0.6901
vn -0.2566 0.6275 -0.7351
vn -0.4587 0.5767 -0.6760
vn -0.4588 0.5216 -0.7193
vn -0.2568 0.5676 -0.7822
vn -0.2567 0.5047 -0.8243
vn -0.4588 0.4637 -0.7579
vn -0.4588 0.4027 -0.7920
vn -0.2568 0.4383 -0.8614
vn -0.2567 0.3695 -0.8931
vn -0.4588 0.3395 -0.8211
vn -0.4588 0.2739 -0.8453
vn -0.2566 0.2982 -0.9193
vn -0.2567 0.2253 -0.9399
vn -0.4587 0.2069 -0.8642
vn -0.4588 0.1383 -0.8777
vn -0.2566 0.1508 -0.9547
vn -0.2567 0.0755 -0.9636
vn -0.4587 0.0691 -0.8859
vn -0.2945 -0.0000 -0.9557
vn -0.4587 -0.0692 -0.8859
vn -0.4882 -0.0000 -0.8727
vn -0.2566 -0.0756 -0.9636
vn -0.5450 -0.1854 -0.8177
vn -0.5447 -0.1645 -0.8223
vn -0.5450 -0.3110 -0.7787
vn -0.5450 -0.2484 -0.8008
vn -0.5450 -0.4289 -0.7205
vn -0.5450 -0.3706 -0.7521
vn -0.5450 -0.5362 -0.6446
vn -0.5450 -0.4838 -0.6848
vn -0.5450 -0.5928 -0.5929
vn -0.5450 -0.6447 -0.5360
vn -0.5450 -0.6846 -0.4841
vn -0.5450 -0.7207 -0.4284
vn -0.5450 -0.7518 -0.3711
vn -0.5450 -0.7789 -0.3104
vn -0.5450 -0.8006 -0.2490
vn -0.5450 -0.8178 -0.1847
vn -0.5450 -0.8297 -0.1207
vn -0.5450 -0.8366 -0.0544
vn -0.5450 -0.8366 0.0545
vn -0.5450 -0.8384 -0.0000
vn -0.5450 -0.8178 0.1847
vn -0.5448 -0.8227 0.1626
vn -0.5450 -0.7788 0.3104
vn -0.5450 -0.8006 0.2490
vn -0.5450 -0.7206 0.4285
vn -0.5450 -0.7518 0.3712
vn -0.5450 -0.6446 0.5361
vn -0.5450 -0.6845 0.4841
vn -0.5450 -0.5362 0.6446
vn -0.5450 -0.5927 0.5930
vn -0.5450 -0.4288 0.7205
vn -0.5450 -0.4837 0.6849
vn -0.5450 -0.3109 0.7787
vn -0.5450 -0.3706 0.7521
vn -0.5450 -0.1853 0.8177
vn -0.5450 -0.2483 0.8008
vn -0.5450 -0.0551 0.8366
vn -0.5450 -0.1199 0.8298
vn -0.5450 0.0552 0.8366
vn -0.5450 -0.0000 0.8384
vn -0.5450 0.1854 0.8177
vn -0.5447 0.1645 0.8223
vn -0.5450 0.3110 0.7787
vn -0.5450 0.2483 0.8008
vn -0.5450 0.4289 0.7205
vn -0.5450 0.3706 0.7521
vn -0.5450 0.5362 0.6446
vn -0.5450 0.4838 0.6848
vn -0.5450 0.5928 0.5929
vn -0.5450 0.6447 0.5360
vn -0.5450 0.6846 0.4841
vn -0.5450 0.7207 0.4284
vn -0.5450 0.7518 0.3711
vn -0.5450 0.7789 0.3104
vn -0.5450 0.8006 0.2490
vn -0.5450 0.8178 0.1847
vn -0.5450 0.8297 0.1207
vn -0.5450 0.8366 0.0544
vn -0.5450 0.8366 -0.0545
vn -0.5450 0.8384 -0.0000
vn -0.5450 0.8178 -0.1847
vn -0.5448 0.8227 -0.1626
vn -0.5450 0.7788 -0.3104
vn -0.5450 0.8006 -0.2490
vn -0.5450 0.7206 -0.4285
vn -0.5450 0.7518 -0.3712
vn -0.5450 0.6447 -0.5361
vn -0.5450 0.6845 -0.4841
vn -0.5450 0.5927 -0.5930
vn -0.5450 0.5362 -0.6446
vn -0.5450 0.4837 -0.6849
vn -0.5450 0.4288 -0.7205
vn -0.5450 0.3705 -0.7521
vn -0.5450 0.3109 -0.7787
vn -0.5450 0.2483 -0.8008
vn -0.5450 0.1853 -0.8177
vn -0.5450 0.1199 -0.8298
vn -0.5450 0.0551 -0.8366
vn -0.5450 -0.0552 -0.8366
vn -0.5450 -0.0000 -0.8384
vn -0.8759 -0.0755 -0.4765
vn -0.9481 -0.0743 -0.3093
vn -0.8759 -0.1491 -0.4589
vn -0.9481 -0.1217 -0.2938
vn -0.8759 -0.0000 -0.4825
vn -0.9481 -0.0250 -0.3171
vn -0.9481 -0.1662 -0.2712
vn -0.8759 -0.2190 -0.4299
vn -0.8759 0.0754 -0.4765
vn -0.9481 0.0249 -0.3171
vn -0.9481 -0.2066 -0.2418
vn -0.8759 -0.2836 -0.3904
vn -0.8759 0.1490 -0.4589
vn -0.9481 0.0742 -0.3093
vn -0.9050 -0.3234 -0.2762
vn -0.8965 -0.3093 -0.3171
vn -0.8759 0.2190 -0.4299
vn -0.9481 0.1217 -0.2939
vn -0.9050 -0.3627 -0.2222
vn -0.9243 -0.3087 -0.2243
vn -0.8759 0.2835 -0.3904
vn -0.9481 0.1662 -0.2712
vn -0.9051 -0.3929 -0.1627
vn -0.9243 -0.3400 -0.1733
vn -0.8965 0.3093 -0.3171
vn -0.9481 0.2066 -0.2418
vn -0.9051 -0.4135 -0.0993
vn -0.9243 -0.3629 -0.1179
vn -0.9051 0.3234 -0.2762
vn -0.9243 0.3087 -0.2243
vn -0.9051 -0.4239 -0.0333
vn -0.9243 -0.3769 -0.0597
vn -0.9051 0.3626 -0.2222
vn -0.9243 0.3400 -0.1733
vn -0.9051 -0.4239 0.0334
vn -0.9243 -0.3816 -0.0000
vn -0.9051 0.3929 -0.1628
vn -0.9243 0.3629 -0.1180
vn -0.9051 -0.4135 0.0993
vn -0.9243 -0.3769 0.0597
vn -0.9051 0.4135 -0.0993
vn -0.9243 0.3769 -0.0597
vn -0.9051 -0.3929 0.1628
vn -0.9243 -0.3629 0.1180
vn -0.9051 0.4239 -0.0334
vn -0.9243 0.3816 -0.0000
vn -0.9051 -0.3626 0.2222
vn -0.9243 -0.3400 0.1733
vn -0.9051 0.4239 0.0333
vn -0.9243 0.3769 0.0597
vn -0.9051 -0.3234 0.2762
vn -0.9243 -0.3087 0.2243
vn -0.9051 0.4135 0.0993
vn -0.9243 0.3629 0.1179
vn -0.8966 -0.3093 0.3171
vn -0.9481 -0.2066 0.2418
vn -0.9051 0.3929 0.1627
vn -0.9243 0.3400 0.1733
vn -0.9481 -0.1662 0.2712
vn -0.8759 -0.2835 0.3904
vn -0.9050 0.3627 0.2222
vn -0.9243 0.3087 0.2243
vn -0.9481 -0.1217 0.2939
vn -0.8759 -0.2190 0.4299
vn -0.9050 0.3234 0.2762
vn -0.8965 0.3093 0.3171
vn -0.9481 -0.0742 0.3093
vn -0.8759 -0.1490 0.4589
vn -0.8759 0.2835 0.3903
vn -0.9481 0.2066 0.2418
vn -0.9481 -0.0249 0.3171
vn -0.8759 -0.0754 0.4765
vn -0.8759 0.2190 0.4299
vn -0.9481 0.1662 0.2712
vn -0.8759 -0.0000 0.4825
vn -0.9481 0.0250 0.3171
vn -0.8759 0.1491 0.4589
vn -0.9481 0.1217 0.2938
vn -0.8759 0.0755 0.4765
vn -0.9481 0.0743 0.3093
vn -0.0944 -0.2325 -0.9680
vn -0.0944 -0.3076 -0.9468
vn -0.0944 -0.3810 -0.9197
vn -0.0944 -0.4519 -0.8871
vn -0.0944 -0.5202 -0.8488
vn -0.0947 -0.5849 -0.8055
vn -0.0944 -0.6466 -0.7570
vn -0.0786 -0.7048 -0.7050
vn -0.0944 -0.8053 -0.5852
vn -0.0944 -0.7571 -0.6465
vn -0.0944 -0.8870 -0.4520
vn -0.0944 -0.8489 -0.5201
vn -0.0944 -0.9468 -0.3077
vn -0.0944 -0.9198 -0.3809
vn -0.0947 -0.9833 -0.1556
vn -0.0944 -0.9680 -0.2323
vn -0.1104 -0.9939 -0.0000
vn -0.0944 -0.9925 -0.0781
vn -0.0944 -0.9925 0.0781
vn -0.2185 -0.9689 0.1160
vn -0.0786 -0.9898 0.1185
vn -0.0944 -0.9680 0.2324
vn -0.0944 -0.9468 0.3078
vn -0.0944 -0.9198 0.3810
vn -0.0944 -0.8870 0.4521
vn -0.0944 -0.8488 0.5202
vn -0.0944 -0.8053 0.5853
vn -0.0944 -0.7570 0.6465
vn -0.0786 -0.7048 0.7050
vn -0.0947 -0.5849 0.8056
vn -0.0944 -0.6466 0.7570
vn -0.0944 -0.4518 0.8871
vn -0.0944 -0.5202 0.8488
vn -0.0944 -0.3075 0.9468
vn -0.0944 -0.3810 0.9198
vn -0.0944 -0.1557 0.9833
vn -0.0944 -0.2324 0.9680
vn -0.1104 -0.0000 0.9939
vn -0.0944 -0.0781 0.9925
vn -0.0786 0.1161 0.9901
vn -0.2185 0.1136 0.9692
vn -0.0944 0.0782 0.9925
vn -0.0944 0.3076 0.9468
vn -0.0944 0.2325 0.9680
vn -0.0944 0.4519 0.8871
vn -0.0944 0.3810 0.9197
vn -0.0944 0.5851 0.8055
vn -0.0944 0.5202 0.8488
vn -0.0786 0.7048 0.7050
vn -0.0944 0.6466 0.7570
vn -0.0944 0.8053 0.5852
vn -0.0944 0.7571 0.6465
vn -0.0944 0.8870 0.4520
vn -0.0944 0.8489 0.5201
vn -0.0944 0.9468 0.3077
vn -0.0944 0.9198 0.3809
vn -0.0944 0.9833 0.1557
vn -0.0944 0.9680 0.2323
vn -0.1104 0.9939 -0.0000
vn -0.0948 0.9924 0.0778
vn -0.0944 0.9925 -0.0781
vn -0.2185 0.9689 -0.1160
vn -0.0786 0.9898 -0.1185
vn -0.0944 0.9680 -0.2324
vn -0.0944 0.9468 -0.3078
vn -0.0944 0.9198 -0.3810
vn -0.0944 0.8870 -0.4521
vn -0.0944 0.8488 -0.5202
vn -0.0944 0.8053 -0.5853
vn -0.0944 0.7570 -0.6465
vn -0.0786 0.7048 -0.7051
vn -0.0944 0.5850 -0.8055
vn -0.0944 0.6466 -0.7570
vn -0.0944 0.4518 -0.8871
vn -0.0944 0.5202 -0.8488
vn -0.0944 0.3075 -0.9468
vn -0.0944 0.3810 -0.9198
vn -0.0944 0.1557 -0.9833
vn -0.0944 0.2324 -0.9680
vn -0.1104 -0.0000 -0.9939
vn -0.0944 0.0781 -0.9925
vn -0.0944 -0.0782 -0.9925
vn -0.2185 -0.1136 -0.9692
vn -0.0786 -0.1161 -0.9901
vn 0.5519 -0.1894 -0.8121
vn 0.4692 -0.2652 -0.8423
vn 0.5519 -0.3141 -0.7725
vn 0.4691 -0.3937 -0.7905
vn 0.5519 -0.0600 -0.8317
vn 0.4356 -0.1058 -0.8939
vn 0.1196 -0.1157 -0.9861
vn 0.5519 -0.4310 -0.7139
vn 0.4692 -0.5126 -0.7191
vn 0.5519 0.0600 -0.8317
vn 0.5180 -0.0000 -0.8554
vn 0.5520 -0.5373 -0.6377
vn 0.4833 -0.6218 -0.6163
vn 0.5519 0.1893 -0.8121
vn 0.4692 0.1301 -0.8735
vn 0.4692 -0.6767 -0.5674
vn 0.5520 -0.6778 -0.4857
vn 0.5520 0.3140 -0.7725
vn 0.4692 0.2651 -0.8424
vn 0.4691 -0.7572 -0.4545
vn 0.5520 -0.7454 -0.3737
vn 0.5519 0.4310 -0.7139
vn 0.4691 0.3937 -0.7905
vn 0.4692 -0.8190 -0.3304
vn 0.5520 -0.7947 -0.2525
vn 0.5520 0.5373 -0.6377
vn 0.4692 0.5125 -0.7192
vn 0.4692 -0.8606 -0.1982
vn 0.5520 -0.8244 -0.1251
vn 0.4692 0.6766 -0.5675
vn 0.4833 0.6217 -0.6164
vn 0.4692 -0.8810 -0.0611
vn 0.5956 -0.8033 -0.0000
vn 0.4692 0.7571 -0.4546
vn 0.5519 0.6778 -0.4858
vn 0.4692 -0.8810 0.0612
vn 0.5177 -0.8495 0.1017
vn 0.1196 -0.9858 0.1181
vn 0.4692 0.8189 -0.3305
vn 0.5520 0.7454 -0.3738
vn 0.4692 -0.8606 0.1983
vn 0.5519 -0.7947 0.2526
vn 0.4692 0.8606 -0.1983
vn 0.5519 0.7947 -0.2526
vn 0.4692 -0.8189 0.3305
vn 0.5520 -0.7454 0.3738
vn 0.4692 0.8810 -0.0612
vn 0.5177 0.8495 -0.1017
vn 0.1196 0.9858 -0.1181
vn 0.4692 -0.7571 0.4546
vn 0.5519 -0.6778 0.4858
vn 0.4692 0.8810 0.0611
vn 0.5956 0.8033 -0.0000
vn 0.4692 -0.6766 0.5675
vn 0.4833 -0.6218 0.6164
vn 0.4692 0.8606 0.1982
vn 0.5520 0.8244 0.1251
vn 0.5520 -0.5373 0.6377
vn 0.4692 -0.5125 0.7192
vn 0.4692 0.8190 0.3304
vn 0.5520 0.7947 0.2525
vn 0.5519 -0.4310 0.7139
vn 0.4691 -0.3937 0.7905
vn 0.4691 0.7572 0.4545
vn 0.5520 0.7454 0.3737
vn 0.5520 -0.3140 0.7725
vn 0.4692 -0.2651 0.8424
vn 0.4692 0.6767 0.5674
vn 0.5519 0.6778 0.4857
vn 0.5519 -0.1893 0.8121
vn 0.4692 -0.1301 0.8735
vn 0.4833 0.6218 0.6163
vn 0.5520 0.5373 0.6377
vn 0.5519 -0.0600 0.8317
vn 0.5180 -0.0000 0.8554
vn 0.4692 0.5126 0.7191
vn 0.5519 0.4310 0.7139
vn 0.4356 0.1058 0.8939
vn 0.1196 0.1157 0.9861
vn 0.5519 0.0600 0.8317
vn 0.4691 0.3937 0.7905
vn 0.5519 0.3141 0.7725
vn 0.4692 0.2652 0.8423
vn 0.5519 0.1894 0.8121
vn 0.7303 -0.1595 -0.6642
vn 0.7303 -0.2110 -0.6497
vn 0.7303 -0.2615 -0.6311
vn 0.7303 -0.3101 -0.6087
vn 0.7303 -0.0536 -0.6810
vn 0.7301 -0.0796 -0.6787
vn 0.7303 -0.4014 -0.5527
vn 0.7303 -0.3570 -0.5824
vn 0.7303 -0.0000 -0.6831
vn 0.7303 0.0536 -0.6810
vn 0.7303 -0.4767 -0.4893
vn 0.7303 -0.4437 -0.5194
vn 0.7303 0.1068 -0.6747
vn 0.7303 0.1595 -0.6642
vn 0.7304 -0.5194 -0.4436
vn 0.7303 -0.5526 -0.4016
vn 0.7303 0.2110 -0.6497
vn 0.7303 0.2614 -0.6311
vn 0.7304 -0.5824 -0.3569
vn 0.7303 -0.6086 -0.3102
vn 0.7303 0.3100 -0.6087
vn 0.7303 0.3569 -0.5824
vn 0.7304 -0.6311 -0.2613
vn 0.7303 -0.6496 -0.2111
vn 0.7303 0.4014 -0.5527
vn 0.7303 0.4436 -0.5194
vn 0.7304 -0.6642 -0.1594
vn 0.7303 -0.6747 -0.1069
vn 0.7304 0.5194 -0.4436
vn 0.7303 0.4766 -0.4894
vn 0.7304 -0.6809 -0.0536
vn 0.7303 -0.6831 -0.0000
vn 0.7304 0.5824 -0.3569
vn 0.7303 0.5525 -0.4016
vn 0.7304 -0.6809 0.0536
vn 0.7301 -0.6785 0.0812
vn 0.7304 0.6311 -0.2614
vn 0.7303 0.6086 -0.3102
vn 0.7304 -0.6642 0.1595
vn 0.7303 -0.6496 0.2112
vn 0.7304 0.6642 -0.1595
vn 0.7303 0.6496 -0.2112
vn 0.7304 -0.6311 0.2614
vn 0.7303 -0.6086 0.3102
vn 0.7304 0.6809 -0.0536
vn 0.7301 0.6785 -0.0812
vn 0.7304 -0.5824 0.3569
vn 0.7303 -0.5526 0.4016
vn 0.7304 0.6809 0.0536
vn 0.7303 0.6831 -0.0000
vn 0.7303 -0.5194 0.4436
vn 0.7303 -0.4766 0.4894
vn 0.7304 0.6642 0.1594
vn 0.7303 0.6747 0.1069
vn 0.7303 -0.4436 0.5194
vn 0.7303 -0.4014 0.5527
vn 0.7304 0.6311 0.2613
vn 0.7303 0.6496 0.2111
vn 0.7303 -0.3100 0.6087
vn 0.7303 -0.3569 0.5824
vn 0.7304 0.5824 0.3569
vn 0.7303 0.6086 0.3102
vn 0.7303 -0.2110 0.6497
vn 0.7303 -0.2614 0.6311
vn 0.7304 0.5195 0.4436
vn 0.7303 0.5526 0.4016
vn 0.7303 -0.1068 0.6747
vn 0.7303 -0.1595 0.6642
vn 0.7303 0.4767 0.4893
vn 0.7303 0.4437 0.5194
vn 0.7303 -0.0000 0.6831
vn 0.7303 -0.0536 0.6810
vn 0.7303 0.4014 0.5527
vn 0.7303 0.3570 0.5824
vn 0.7301 0.0796 0.6787
vn 0.7303 0.0536 0.6810
vn 0.7303 0.3101 0.6087
vn 0.7303 0.2615 0.6311
vn 0.7303 0.2110 0.6497
vn 0.7303 0.1595 0.6642
vn 0.8358 -0.1696 -0.5222
vn 0.8391 -0.1270 -0.5290
vn 0.9676 -0.0780 -0.2400
vn 0.8358 -0.2492 -0.4892
vn 0.8391 -0.2082 -0.5025
vn 0.9548 -0.1343 -0.2652
vn 0.8358 -0.0859 -0.5423
vn 0.8391 -0.0427 -0.5423
vn 0.9548 -0.0472 -0.2935
vn 0.8358 -0.3227 -0.4442
vn 0.8391 -0.2842 -0.4638
vn 0.9548 -0.1741 -0.2408
vn 0.8358 -0.0000 -0.5490
vn 0.8391 0.0427 -0.5423
vn 0.9346 -0.0000 -0.3558
vn 0.8358 -0.3882 -0.3883
vn 0.8392 -0.3532 -0.4135
vn 0.9548 -0.2096 -0.2106
vn 0.8358 0.0858 -0.5423
vn 0.8391 0.1270 -0.5290
vn 0.9548 0.0472 -0.2935
vn 0.8358 -0.4441 -0.3227
vn 0.8392 -0.4135 -0.3531
vn 0.9347 -0.2876 -0.2090
vn 0.8358 0.1696 -0.5222
vn 0.8391 0.2082 -0.5026
vn 0.9548 0.0925 -0.2825
vn 0.8358 -0.4892 -0.2493
vn 0.8392 -0.4636 -0.2841
vn 0.9677 -0.2247 -0.1145
vn 0.8358 0.2492 -0.4892
vn 0.8391 0.2842 -0.4638
vn 0.9548 0.1356 -0.2645
vn 0.8358 -0.5221 -0.1697
vn 0.8393 -0.5023 -0.2080
vn 0.9549 -0.2822 -0.0925
vn 0.8358 0.3226 -0.4442
vn 0.8392 0.3532 -0.4136
vn 0.9677 0.1483 -0.2041
vn 0.8358 -0.5423 -0.0859
vn 0.8393 -0.5286 -0.1269
vn 0.9347 -0.3511 -0.0556
vn 0.8358 0.3881 -0.3883
vn 0.8392 0.4135 -0.3532
vn 0.9548 0.2096 -0.2106
vn 0.8358 -0.5490 -0.0000
vn 0.8393 -0.5419 -0.0426
vn 0.9677 -0.2521 -0.0000
vn 0.8358 0.4441 -0.3228
vn 0.8392 0.4636 -0.2841
vn 0.9346 0.2876 -0.2090
vn 0.8358 -0.5423 0.0859
vn 0.8393 -0.5420 0.0427
vn 0.9347 -0.3511 0.0556
vn 0.8358 0.4891 -0.2493
vn 0.8393 0.5023 -0.2081
vn 0.9549 0.2650 -0.1342
vn 0.8358 -0.5221 0.1697
vn 0.8393 -0.5287 0.1269
vn 0.9677 -0.2398 0.0779
vn 0.8358 0.5221 -0.1697
vn 0.8393 0.5287 -0.1269
vn 0.9677 0.2398 -0.0779
vn 0.8358 -0.4891 0.2493
vn 0.8393 -0.5023 0.2081
vn 0.9347 -0.3168 0.1614
vn 0.8358 0.5423 -0.0859
vn 0.8393 0.5420 -0.0427
vn 0.9347 0.3511 -0.0556
vn 0.8358 -0.4441 0.3228
vn 0.8393 -0.4636 0.2841
vn 0.9548 -0.2399 0.1752
vn 0.8358 0.5490 -0.0000
vn 0.8393 0.5419 0.0426
vn 0.9677 0.2521 -0.0000
vn 0.8358 -0.3881 0.3883
vn 0.8392 -0.4135 0.3532
vn 0.9548 -0.2096 0.2106
vn 0.8358 0.5423 0.0859
vn 0.8393 0.5286 0.1269
vn 0.9347 0.3511 0.0556
vn 0.8358 -0.3226 0.4442
vn 0.8392 -0.3532 0.4136
vn 0.9677 -0.1483 0.2041
vn 0.8358 0.5221 0.1697
vn 0.8393 0.5023 0.2080
vn 0.9549 0.2822 0.0925
vn 0.8358 -0.2492 0.4892
vn 0.8391 -0.2842 0.4638
vn 0.9548 -0.1356 0.2645
vn 0.8358 0.4892 0.2493
vn 0.8393 0.4636 0.2841
vn 0.9549 0.2643 0.1355
vn 0.8358 -0.1696 0.5222
vn 0.8391 -0.2082 0.5026
vn 0.9548 -0.0925 0.2825
vn 0.8358 0.4441 0.3227
vn 0.8392 0.4135 0.3531
vn 0.9549 0.2399 0.1752
vn 0.8358 -0.0858 0.5423
vn 0.8391 -0.1270 0.5290
vn 0.9346 -0.0556 0.3514
vn 0.8358 0.3882 0.3883
vn 0.8392 0.3533 0.4136
vn 0.9548 0.2096 0.2106
vn 0.8358 -0.0000 0.5490
vn 0.8390 -0.0427 0.5424
vn 0.9548 0.0007 0.2973
vn 0.8358 0.3227 0.4442
vn 0.8392 0.2842 0.4637
vn 0.9677 0.1483 0.2041
vn 0.8358 0.0859 0.5423
vn 0.8391 0.0427 0.5423
vn 0.9676 0.0395 0.2493
vn 0.8358 0.2492 0.4892
vn 0.8391 0.2082 0.5025
vn 0.9346 0.1615 0.3170
vn 0.8358 0.1696 0.5222
vn 0.8391 0.1270 0.5289
vn 0.9548 0.0912 0.2829
vn 0.9981 0.0110 0.0601
vn 0.9981 0.0189 0.0581
vn 0.9981 0.0263 0.0552
vn 0.9981 -0.0000 0.0611
vn 0.9981 0.0346 0.0504
vn 0.9981 -0.0111 0.0601
vn 0.9981 0.0421 0.0443
vn 0.9981 -0.0204 0.0576
vn 0.9981 0.0494 0.0359
vn 0.9981 -0.0291 0.0537
vn 0.9981 0.0544 0.0277
vn 0.9981 -0.0359 0.0494
vn 0.9981 0.0576 0.0203
vn 0.9981 -0.0420 0.0444
vn 0.9981 0.0603 0.0096
vn 0.9981 -0.0494 0.0359
vn 0.9981 0.0611 -0.0000
vn 0.9981 -0.0552 0.0263
vn 0.9981 0.0603 -0.0096
vn 0.9981 -0.0581 0.0189
vn 0.9981 0.0581 -0.0189
vn 0.9981 -0.0603 0.0096
vn 0.9981 0.0544 -0.0277
vn 0.9981 -0.0611 -0.0000
vn 0.9981 0.0485 -0.0372
vn 0.9981 -0.0603 -0.0096
vn 0.9981 0.0421 -0.0443
vn 0.9981 -0.0576 -0.0204
vn 0.9981 0.0359 -0.0494
vn 0.9981 -0.0537 -0.0292
vn 0.9981 0.0291 -0.0537
vn 0.9981 -0.0485 -0.0371
vn 0.9981 0.0204 -0.0576
vn 0.9981 -0.0421 -0.0443
vn 0.9981 0.0096 -0.0603
vn 0.9981 -0.0359 -0.0494
vn 0.9981 -0.0016 -0.0611
vn 0.9981 -0.0277 -0.0544
vn 0.9981 -0.0096 -0.0603
vn 0.9981 -0.0174 -0.0586
vn -0.0008 -0.9929 0.1189
vn -0.0008 0.1164 0.9932
vn -0.0008 0.9929 -0.1189
vn -0.0008 -0.1164 -0.9932
vn -0.4286 -0.8971 0.1074
vn -0.4286 0.1052 0.8973
vn -0.4286 0.8971 -0.1074
vn -0.4286 -0.1052 -0.8973
vn -0.5448 -0.8326 0.0997
vn -0.5447 0.0977 0.8329
vn -0.5448 0.8326 -0.0997
vn -0.5447 -0.0977 -0.8329
vn -0.1103 -0.1949 -0.9746
vn -0.1103 -0.9750 0.1928
vn -0.1103 0.1949 0.9746
vn -0.1103 0.9750 -0.1928
vn 0.5177 -0.1678 -0.8389
vn 0.5954 -0.7882 0.1558
vn 0.5954 0.7882 -0.1558
vn 0.5178 0.1678 0.8389
vn 0.7301 -0.1340 -0.6701
vn 0.7301 -0.6704 0.1325
vn 0.7301 0.6704 -0.1325
vn 0.7301 0.1340 0.6701
vn -0.6042 -0.6442 -0.4690
vn -0.7541 -0.6499 -0.0943
vn -0.4930 -0.5961 -0.6338
vn -0.3621 -0.5160 -0.7763
vn -0.7898 -0.6047 0.1025
vn -0.7948 -0.5928 0.1297
vn -0.7501 -0.6537 -0.1004
vn -0.7884 -0.5934 0.1619
vn -0.7820 -0.5857 0.2132
vn -0.7918 -0.5739 0.2089
vn -0.3738 -0.5390 -0.7548
vn -0.7084 -0.3618 0.6061
vn -0.4936 -0.0867 0.8654
vn -0.4608 -0.2205 0.8597
vn -0.6340 -0.0849 0.7687
vn -0.7898 -0.5291 0.3102
vn -0.7501 -0.4362 0.4971
vn -0.7948 -0.5375 0.2818
vn -0.7884 -0.5587 0.2574
vn -0.3738 0.0723 0.9247
vn -0.9913 -0.1313 0.0116
vn -0.7567 0.6537 -0.0000
vn -0.7567 0.6512 -0.0573
vn -0.9928 -0.1195 -0.0000
vn -0.9925 -0.1202 0.0203
vn -0.8530 0.5154 -0.0817
vn -0.9917 -0.1240 0.0326
vn -0.5899 0.7831 -0.1969
vn -0.9928 -0.1123 0.0409
vn -0.7567 0.6144 -0.2236
vn -0.1779 -0.9803 0.0863
vn -0.5671 -0.8237 -0.0000
vn -0.7634 -0.6425 0.0657
vn -0.1762 -0.9843 -0.0000
vn -0.1779 -0.9690 0.1716
vn -0.8331 -0.5433 0.1042
vn -0.1779 -0.9504 0.2552
vn -0.7634 -0.6213 0.1765
vn -0.1779 -0.9247 0.3366
vn -0.6494 -0.7108 0.2703
vn -0.7676 -0.6392 0.0469
vn -0.7327 -0.6805 -0.0000
vn -0.7677 -0.6409 -0.0000
vn -0.6318 -0.7713 0.0778
vn -0.8378 -0.5389 0.0874
vn -0.5785 -0.7997 0.1605
vn -0.8082 -0.5666 0.1609
vn -0.6530 -0.7342 0.1858
vn -0.8379 -0.5155 0.1793
vn -0.5787 -0.7623 0.2899
vn -0.5041 -0.8636 0.0079
vn -0.8869 -0.4619 -0.0000
vn -0.0480 -0.9814 0.1859
vn -0.2954 -0.9548 -0.0326
vn -0.0434 -0.9649 0.2591
vn -0.0434 -0.9388 0.3417
vn -0.0000 0.9961 -0.0877
vn -0.0000 1.0000 -0.0000
vn -0.0000 0.9619 -0.2733
vn -0.0000 0.9397 -0.3420
vn -0.0000 0.9820 -0.1886
vn -0.9976 -0.0686 0.0061
vn -0.9989 -0.0477 -0.0000
vn -0.9974 -0.0702 0.0134
vn -0.9980 -0.0604 0.0168
vn -0.9989 -0.0448 0.0163
vn -0.1795 -0.9838 -0.0000
vn -0.3554 -0.7753 -0.5221
vn -0.6896 -0.7189 -0.0880
vn -0.4978 -0.5732 -0.6509
vn -0.1555 -0.4584 -0.8750
vn -0.6425 -0.7560 0.1251
vn -0.7095 -0.6873 0.1556
vn -0.6192 -0.7808 -0.0833
vn -0.6396 -0.7438 0.1943
vn -0.6023 -0.7528 0.2656
vn -0.7118 -0.6564 0.2499
vn -0.1811 -0.3778 -0.9080
vn -0.2863 -0.4255 -0.8585
vn -0.3435 -0.7643 -0.5457
vn -0.6163 -0.7733 0.1491
vn -0.4428 -0.8824 -0.1592
vn -0.5887 -0.7661 0.2579
vn -0.2629 -0.9494 0.1718
vn -0.2717 -0.9600 -0.0683
vn -0.2586 -0.9332 0.2497
vn -0.2586 -0.9080 0.3296
vn -0.4854 -0.8588 0.1640
vn -0.7381 -0.6747 -0.0000
vn -0.6861 -0.7212 0.0956
vn -0.3130 -0.9498 -0.0000
vn -0.7022 -0.6725 0.2340
vn -0.3712 -0.8661 0.3349
vn -0.1910 -0.9690 0.1563
vn -0.1775 -0.9841 -0.0000
vn -0.1599 -0.9334 0.3212
vn -0.4557 -0.8902 -0.0000
vn -0.4347 -0.8390 0.3272
vn -0.7527 -0.6281 0.1974
vn -0.8420 -0.5395 -0.0000
vn -0.9734 0.2155 -0.0784
vn -0.8927 0.4507 -0.0000
vn -0.6699 0.7312 -0.1289
vn -0.9997 -0.0248 0.0044
vn -0.9997 -0.0253 -0.0000
vn -0.5508 -0.8347 -0.0000
vn -0.5667 -0.8114 0.1431
vn -0.9189 -0.3944 -0.0000
vn -0.8809 -0.4462 0.1579
vn -0.9896 0.1375 -0.0411
vn -0.9897 0.1433 -0.0000
vn -0.9996 0.0265 -0.0000
vn -0.7877 -0.3573 0.5019
vn -0.9658 0.0864 0.2444
vn -0.6732 -0.7244 0.1487
vn -0.7126 -0.6558 0.2493
vn -0.9130 -0.3833 0.1395
vn -0.7378 -0.6605 0.1393
vn -0.8884 -0.4523 0.0789
vn -0.9692 -0.2457 0.0152
vn -0.9806 -0.1841 0.0670
vn -0.9533 -0.3004 0.0320
vn -0.9613 -0.2753 0.0095
vn -0.9575 -0.2884 -0.0000
vn -0.9690 -0.2470 -0.0045
vn -0.7213 -0.6788 0.1376
vn -0.8393 -0.5116 0.1841
vn -0.8124 -0.5832 -0.0000
vn -0.6948 -0.4976 0.5194
vn -0.7027 -0.4683 0.5355
vn -0.5853 -0.5867 0.5596
vn -0.6448 -0.6012 0.4720
vn -0.7745 -0.3335 0.5376
vn -0.9308 -0.2524 0.2646
vn -0.7683 -0.6270 0.1293
vn -0.9757 -0.2193 -0.0000
vn -0.5579 -0.6717 0.4874
vn -0.6736 -0.7391 -0.0000
vn -0.3932 -0.4790 0.7848
vn -0.3369 -0.4271 0.8391
vn -0.4186 -0.2755 0.8654
vn -0.7658 0.0172 0.6429
vn -0.9893 -0.1455 -0.0060
vn -0.9880 -0.1544 0.0070
vn -0.9986 -0.0531 -0.0012
vn -0.9992 -0.0402 0.0012
vn 0.0173 0.0676 -0.9976
vn -0.6932 -0.0679 -0.7175
vn -0.6978 -0.0470 -0.7147
vn 0.0083 0.1425 -0.9898
vn -0.0067 0.4077 -0.9131
vn -0.7649 0.3518 -0.5396
vn -0.7222 0.0658 -0.6885
vn -0.0060 0.7387 -0.6740
vn -0.4807 0.8240 -0.2999
vn 0.0035 0.9397 -0.3420
vn 0.0051 -0.0126 -0.9999
vn -0.7992 -0.0577 -0.5984
vn 0.0001 -0.1952 -0.9808
vn -0.7080 -0.1719 -0.6850
vn -0.0076 -0.4568 -0.8895
vn -0.7097 -0.4535 -0.5392
vn 0.4033 0.3589 -0.8417
vn 0.4461 0.1578 -0.8809
vn -0.5131 -0.0675 -0.8557
vn -0.3872 0.1954 -0.9010
vn 0.4946 0.5215 -0.6953
vn -0.2678 0.2007 -0.9423
vn 0.5162 -0.0020 -0.8565
vn -0.5014 -0.0596 -0.8632
vn -0.4138 -0.3637 -0.8346
vn 0.3055 -0.3177 -0.8976
vn -0.2747 -0.5687 -0.7754
vn -0.7040 -0.3056 -0.6411
vn -0.8422 -0.0452 -0.5372
vn -0.0005 0.0064 -1.0000
vn -0.0003 0.0336 -0.9994
vn -0.0005 0.0231 -0.9997
vn -0.0006 0.0003 -1.0000
vn 0.0301 0.6897 -0.7235
vn 0.0204 0.3918 -0.9198
vn 0.0013 0.0660 -0.9978
vn 0.0011 0.0282 -0.9996
vn 0.0296 0.9393 -0.3419
vn 0.0410 0.9389 -0.3417
vn 0.0012 0.0222 -0.9998
vn 0.0030 0.0227 -0.9997
vn -0.0063 -0.0581 -0.9983
vn 0.0105 -0.0991 -0.9950
vn -0.8574 -0.1193 -0.5007
vn -0.8791 -0.1683 -0.4460
vn 0.7740 0.3393 -0.5345
vn 0.7795 0.1643 -0.6044
vn 0.6815 0.3926 -0.6177
vn 0.7197 0.5208 -0.4591
vn 0.7001 0.6312 -0.3339
vn 0.7774 0.5911 -0.2151
vn 0.8332 0.5196 -0.1891
vn -0.8643 -0.0552 -0.5000
vn 0.6813 0.0102 -0.7319
vn 0.6846 -0.1790 -0.7066
vn 0.1086 -0.5867 -0.8025
vn 0.5113 -0.4594 -0.7263
vn -0.0453 -0.8723 -0.4869
vn -0.7394 -0.6234 -0.2543
vn 0.0064 -0.3067 -0.9518
vn -0.9649 -0.2609 -0.0294
vn -0.9904 -0.1382 -0.0000
vn -0.0771 -0.5450 -0.8349
vn -0.1471 -0.8687 -0.4730
vn -1.0000 -0.0069 0.0001
vn -0.9994 -0.0336 -0.0003
vn -0.9941 -0.1086 0.0011
vn -0.9813 -0.1926 -0.0005
vn 0.0108 -0.2964 -0.9550
vn -0.0050 -0.1555 -0.9878
vn 0.0084 0.0147 -0.9999
vn 0.0170 0.0687 -0.9975
vn 0.0030 0.1719 -0.9851
vn -0.0119 0.4708 -0.8821
vn -0.0035 0.7848 -0.6197
vn 0.0049 0.9397 -0.3420
vn -0.9987 -0.0503 0.0003
vn -0.9927 -0.1210 -0.0014
vn -0.7877 -0.3573 -0.5019
vn -0.7025 0.7117 -0.0000
vn -0.9997 -0.0238 0.0087
vn -0.7025 0.6688 -0.2434
vn -0.5508 -0.7843 0.2855
vn -0.9802 -0.1982 0.0006
vn -0.9913 -0.1313 -0.0116
vn -0.7567 0.6512 0.0573
vn -0.6400 0.7563 0.1353
vn -0.9921 -0.1238 -0.0221
vn -0.8845 0.4501 0.1228
vn -0.9921 -0.1214 -0.0328
vn -0.7567 0.6144 0.2236
vn -0.9928 -0.1123 -0.0409
vn -0.1779 -0.9803 -0.0863
vn -0.7634 -0.6425 -0.0657
vn -0.1779 -0.9690 -0.1716
vn -0.7634 -0.6344 -0.1215
vn -0.1779 -0.9504 -0.2552
vn -0.8331 -0.5321 -0.1510
vn -0.1779 -0.9247 -0.3366
vn -0.6494 -0.7108 -0.2703
vn -0.7676 -0.6392 -0.0469
vn -0.6318 -0.7713 -0.0778
vn -0.8378 -0.5389 -0.0874
vn -0.5785 -0.7997 -0.1605
vn -0.8082 -0.5665 -0.1609
vn -0.6530 -0.7342 -0.1858
vn -0.8379 -0.5155 -0.1793
vn -0.5787 -0.7623 -0.2899
vn -0.5041 -0.8636 -0.0079
vn -0.0480 -0.9814 -0.1859
vn -0.2954 -0.9548 0.0326
vn -0.0434 -0.9649 -0.2591
vn -0.0434 -0.9388 -0.3417
vn -0.0000 0.9961 0.0877
vn -0.0000 0.9397 0.3420
vn -0.0000 0.9658 0.2593
vn -0.0000 0.9847 0.1743
vn -0.9976 -0.0687 -0.0062
vn -0.9980 -0.0614 -0.0118
vn -0.9974 -0.0688 -0.0194
vn -0.9989 -0.0448 -0.0163
vn -0.6896 -0.7189 0.0880
vn -0.3554 -0.7753 0.5221
vn -0.4975 -0.5735 0.6508
vn -0.1555 -0.4584 0.8750
vn -0.6425 -0.7560 -0.1251
vn -0.6192 -0.7808 0.0833
vn -0.7095 -0.6873 -0.1556
vn -0.6396 -0.7438 -0.1942
vn -0.6023 -0.7528 -0.2657
vn -0.7118 -0.6564 -0.2499
vn -0.1811 -0.3778 0.9080
vn -0.2863 -0.4255 0.8585
vn -0.3435 -0.7643 0.5457
vn -0.6163 -0.7733 -0.1491
vn -0.4428 -0.8824 0.1592
vn -0.5887 -0.7661 -0.2579
vn -0.2717 -0.9600 0.0683
vn -0.2628 -0.9494 -0.1718
vn -0.2585 -0.9332 -0.2497
vn -0.2585 -0.9080 -0.3297
vn -0.4854 -0.8588 -0.1640
vn -0.6861 -0.7212 -0.0956
vn -0.7022 -0.6725 -0.2340
vn -0.3712 -0.8661 -0.3349
vn -0.1910 -0.9690 -0.1563
vn -0.1599 -0.9334 -0.3212
vn -0.7527 -0.6281 -0.1974
vn -0.4347 -0.8390 -0.3272
vn -0.9734 0.2155 0.0784
vn -0.6699 0.7312 0.1289
vn -0.9997 -0.0248 -0.0044
vn -0.5666 -0.8115 -0.1431
vn -0.9897 0.1346 0.0490
vn -0.8210 -0.5365 -0.1953
vn -0.9658 0.0864 -0.2444
vn -0.6732 -0.7244 -0.1487
vn -0.7126 -0.6558 -0.2493
vn -0.7378 -0.6606 -0.1392
vn -0.9130 -0.3833 -0.1395
vn -0.8884 -0.4523 -0.0789
vn -0.9692 -0.2457 -0.0152
vn -0.9806 -0.1841 -0.0670
vn -0.9533 -0.3004 -0.0320
vn -0.9613 -0.2753 -0.0095
vn -0.9691 -0.2468 0.0045
vn -0.7213 -0.6788 -0.1376
vn -0.8393 -0.5116 -0.1841
vn -0.6948 -0.4975 -0.5194
vn -0.7028 -0.4684 -0.5355
vn -0.5853 -0.5867 -0.5596
vn -0.6448 -0.6012 -0.4720
vn -0.7745 -0.3335 -0.5375
vn -0.7683 -0.6270 -0.1293
vn -0.9308 -0.2524 -0.2646
vn -0.5579 -0.6717 -0.4874
vn -0.3932 -0.4790 -0.7848
vn -0.3369 -0.4271 -0.8391
vn -0.4186 -0.2755 -0.8654
vn -0.7658 0.0172 -0.6429
vn -1.0000 -0.0047 -0.0001
vn 0.0084 0.1426 0.9897
vn 0.0173 0.0676 0.9976
vn -0.6932 -0.0679 0.7175
vn -0.6978 -0.0470 0.7147
vn -0.0060 0.7387 0.6740
vn -0.0067 0.4077 0.9131
vn -0.7649 0.3518 0.5396
vn -0.7222 0.0658 0.6885
vn 0.0036 0.9397 0.3420
vn -0.4807 0.8240 0.2999
vn 0.0051 -0.0126 0.9999
vn -0.7992 -0.0577 0.5984
vn -0.7080 -0.1719 0.6850
vn 0.0001 -0.1952 0.9808
vn -0.7097 -0.4535 0.5392
vn -0.0076 -0.4568 0.8895
vn 0.4461 0.1578 0.8809
vn 0.4033 0.3589 0.8417
vn -0.5131 -0.0675 0.8557
vn -0.3872 0.1954 0.9010
vn 0.4946 0.5215 0.6953
vn -0.2678 0.2007 0.9423
vn 0.5162 -0.0020 0.8565
vn -0.5014 -0.0596 0.8632
vn -0.4138 -0.3637 0.8346
vn 0.3055 -0.3177 0.8976
vn -0.2747 -0.5687 0.7754
vn -0.7040 -0.3056 0.6411
vn -0.8422 -0.0452 0.5372
vn -0.0006 0.0003 1.0000
vn -0.0005 0.0231 0.9997
vn -0.0005 0.0064 1.0000
vn -0.0003 0.0336 0.9994
vn 0.0189 0.3919 0.9198
vn 0.0301 0.6897 0.7235
vn 0.0013 0.0660 0.9978
vn 0.0011 0.0282 0.9996
vn 0.0410 0.9389 0.3417
vn 0.0296 0.9393 0.3419
vn 0.0030 0.0227 0.9997
vn 0.0012 0.0222 0.9998
vn 0.0102 -0.0991 0.9950
vn -0.0063 -0.0581 0.9983
vn -0.8574 -0.1193 0.5007
vn -0.8791 -0.1683 0.4460
vn 0.7795 0.1643 0.6044
vn 0.7740 0.3393 0.5345
vn 0.6815 0.3926 0.6177
vn 0.7197 0.5208 0.4591
vn 0.7001 0.6312 0.3339
vn 0.7774 0.5911 0.2151
vn 0.8332 0.5196 0.1891
vn -0.8643 -0.0552 0.5000
vn 0.6813 0.0102 0.7319
vn 0.6846 -0.1790 0.7066
vn 0.1085 -0.5867 0.8025
vn 0.5113 -0.4594 0.7263
vn -0.0453 -0.8723 0.4869
vn -0.7394 -0.6234 0.2543
vn 0.0064 -0.3067 0.9518
vn -0.9649 -0.2609 0.0294
vn -0.0771 -0.5450 0.8349
vn -0.1471 -0.8687 0.4730
vn 0.0108 -0.2964 0.9550
vn -0.0050 -0.1556 0.9878
vn 0.0084 0.0147 0.9999
vn 0.0170 0.0687 0.9975
vn 0.0030 0.1719 0.9851
vn -0.0119 0.4708 0.8821
vn -0.0035 0.7848 0.6197
vn 0.0049 0.9397 0.3420
vn -0.9997 -0.0238 -0.0087
vn -0.7025 0.6688 0.2434
vn -0.5508 -0.7843 -0.2855
vn -0.7567 0.5008 0.4202
vn -0.9913 -0.1080 -0.0755
vn -0.9928 -0.0915 -0.0768
vn -0.7567 0.5357 0.3747
vn -0.6400 0.6664 0.3825
vn -0.9924 -0.1070 -0.0606
vn -0.8845 0.4238 0.1953
vn -0.9916 -0.1178 -0.0535
vn -0.1779 -0.8064 -0.5640
vn -0.1779 -0.7538 -0.6325
vn -0.7634 -0.5238 -0.3779
vn -0.6494 -0.5754 -0.4972
vn -0.1779 -0.8526 -0.4914
vn -0.7634 -0.5548 -0.3306
vn -0.1779 -0.8921 -0.4154
vn -0.8331 -0.4981 -0.2406
vn -0.7327 -0.5213 -0.4375
vn -0.7676 -0.5305 -0.3597
vn -0.7310 -0.5572 -0.3941
vn -0.6527 -0.5874 -0.4785
vn -0.8378 -0.4769 -0.2658
vn -0.5837 -0.7042 -0.4043
vn -0.8082 -0.5303 -0.2563
vn -0.6530 -0.6911 -0.3097
vn -0.5041 -0.6666 -0.5491
vn -0.8869 -0.3538 -0.2969
vn -0.0480 -0.8693 -0.4919
vn -0.2957 -0.7125 -0.6363
vn -0.0434 -0.9057 -0.4217
vn -0.0000 0.8195 0.5731
vn -0.0000 0.7660 0.6428
vn -0.0000 0.9065 0.4221
vn -0.0000 0.8664 0.4994
vn -0.9976 -0.0565 -0.0394
vn -0.9989 -0.0365 -0.0306
vn -0.9986 -0.0465 -0.0267
vn -0.9970 -0.0702 -0.0327
vn -0.1778 -0.7538 -0.6325
vn -0.1778 -0.8526 -0.4914
vn -0.6778 -0.4283 -0.5976
vn -0.2601 0.1039 -0.9600
vn -0.3232 -0.2320 -0.9175
vn -0.5074 -0.1392 -0.8504
vn -0.6405 -0.6675 -0.3798
vn -0.7115 -0.6187 -0.3331
vn -0.5903 -0.5904 -0.5505
vn -0.6396 -0.7002 -0.3174
vn -0.2854 -0.1898 -0.9394
vn -0.1811 0.2943 -0.9384
vn -0.2863 0.2259 -0.9311
vn -0.5287 -0.5652 -0.6332
vn -0.6115 -0.7069 -0.3555
vn -0.1992 -0.7095 -0.6760
vn -0.2612 -0.8370 -0.4809
vn -0.2586 -0.8760 -0.4071
vn -0.4854 -0.7500 -0.4493
vn -0.4253 -0.6933 -0.5818
vn -0.7381 -0.5169 -0.4337
vn -0.6828 -0.6233 -0.3811
vn -0.1910 -0.8574 -0.4778
vn -0.1482 -0.7576 -0.6357
vn -0.7885 -0.4711 -0.3953
vn -0.4066 -0.6999 -0.5873
vn -0.8927 0.3453 0.2897
vn -0.6699 0.6430 0.3712
vn -0.9997 -0.0194 -0.0163
vn -0.9997 -0.0218 -0.0126
vn -0.5508 -0.6394 -0.5365
vn -0.5667 -0.7136 -0.4120
vn -0.9189 -0.3021 -0.2535
vn -0.9897 0.1098 0.0921
vn -0.9996 0.0203 0.0170
vn -0.7877 -0.5963 0.1548
vn -0.9658 -0.0909 0.2428
vn -0.6764 -0.6431 -0.3589
vn -0.8884 -0.3972 -0.2303
vn -0.7378 -0.5955 -0.3179
vn -0.9692 -0.1980 -0.1463
vn -0.9533 -0.2507 -0.1686
vn -0.9613 -0.2170 -0.1697
vn -0.9575 -0.2209 -0.1853
vn -0.9691 -0.1861 -0.1621
vn -0.7213 -0.6084 -0.3310
vn -0.8393 -0.5102 -0.1878
vn -0.8124 -0.4467 -0.3748
vn -0.6948 -0.7150 0.0780
vn -0.7028 -0.7030 0.1092
vn -0.5853 -0.8091 0.0515
vn -0.6448 -0.7639 -0.0249
vn -0.7744 -0.6011 0.1974
vn -0.9308 -0.3634 0.0405
vn -0.7682 -0.5634 -0.3040
vn -0.9757 -0.1680 -0.1409
vn -0.5579 -0.8279 -0.0584
vn -0.6736 -0.5662 -0.4751
vn -0.3932 -0.8714 0.2934
vn -0.3369 -0.8665 0.3683
vn -0.4186 -0.7673 0.4859
vn -0.7658 -0.4001 0.5035
vn -0.9894 -0.1075 -0.0981
vn -0.9989 -0.0358 -0.0313
vn -0.9990 -0.0358 -0.0282
vn -0.9880 -0.1228 -0.0938
vn 0.0174 0.6930 -0.7207
vn -0.6932 0.4092 -0.5933
vn -0.6979 0.4234 -0.5777
vn 0.0083 0.7454 -0.6666
vn -0.0067 0.8992 -0.4374
vn -0.7649 0.6163 -0.1872
vn -0.7222 0.4930 -0.4851
vn -0.0059 0.9991 -0.0415
vn 0.0051 0.6331 -0.7741
vn -0.7992 0.3404 -0.4954
vn 0.0001 0.4809 -0.8768
vn -0.7080 0.3086 -0.6352
vn -0.0077 0.2218 -0.9751
vn -0.7097 -0.0008 -0.7045
vn 0.4461 0.6872 -0.5734
vn -0.5131 0.4983 -0.6989
vn 0.4033 0.8160 -0.4141
vn -0.3872 0.7289 -0.5646
vn 0.4946 0.8464 -0.1974
vn -0.2678 0.7595 -0.5929
vn 0.5162 0.5490 -0.6574
vn -0.5014 0.5092 -0.6995
vn -0.4138 0.2579 -0.8731
vn 0.3055 0.3336 -0.8918
vn -0.2747 0.0628 -0.9595
vn -0.7040 0.1780 -0.6875
vn -0.8422 0.3107 -0.4406
vn -0.0005 0.6477 -0.7619
vn -0.0003 0.6682 -0.7440
vn -0.0005 0.6604 -0.7509
vn -0.0007 0.6433 -0.7656
vn 0.0301 0.9934 -0.1109
vn 0.0204 0.8914 -0.4528
vn 0.0013 0.6919 -0.7220
vn 0.0011 0.6641 -0.7476
vn 0.0012 0.6597 -0.7516
vn 0.0030 0.6600 -0.7513
vn -0.0063 0.5972 -0.8021
vn 0.0105 0.5637 -0.8259
vn -0.8574 0.2304 -0.4603
vn -0.8791 0.1578 -0.4498
vn 0.7740 0.6035 -0.1914
vn 0.7795 0.5144 -0.3574
vn 0.6815 0.6977 -0.2208
vn 0.7197 0.6941 -0.0170
vn 0.7001 0.6982 0.1499
vn -0.8643 0.2792 -0.4185
vn 0.6813 0.4783 -0.5541
vn 0.6846 0.3171 -0.6564
vn 0.1086 0.0664 -0.9919
vn 0.5113 0.1149 -0.8517
vn -0.0453 -0.3552 -0.9337
vn -0.7394 -0.3141 -0.5955
vn 0.0064 0.3769 -0.9263
vn -0.9649 -0.1810 -0.1902
vn -0.9904 -0.1059 -0.0888
vn -0.0771 0.1192 -0.9899
vn -0.1471 -0.3614 -0.9207
vn -1.0000 -0.0037 -0.0030
vn -0.9991 -0.0321 -0.0273
vn -0.9941 -0.0840 -0.0689
vn -0.9813 -0.1472 -0.1241
vn 0.0108 0.3868 -0.9221
vn -0.0050 0.5158 -0.8567
vn 0.0084 0.6539 -0.7565
vn 0.0170 0.6938 -0.7200
vn 0.0030 0.7649 -0.6442
vn -0.0119 0.9277 -0.3731
vn -0.0035 0.9996 0.0297
vn -0.9991 -0.0325 -0.0269
vn -0.9926 -0.0919 -0.0788
vn -0.7877 0.0489 -0.6141
vn -0.7025 0.5452 0.4575
vn -0.9802 -0.1522 -0.1270
vn -0.9916 -0.0923 -0.0906
vn -0.8845 0.3311 0.3288
vn -0.9921 -0.0820 -0.0952
vn -0.6400 0.4945 0.5881
vn -0.9917 -0.0740 -0.1047
vn -0.5899 0.4522 0.6690
vn -0.8530 0.2528 0.4566
vn -0.9928 -0.0597 -0.1035
vn -0.1794 -0.6953 -0.6960
vn -0.8575 -0.3637 -0.3638
vn -0.8331 -0.3613 -0.4189
vn -0.1779 -0.6320 -0.7543
vn -0.7634 -0.3776 -0.5241
vn -0.1779 -0.5640 -0.8064
vn -0.6494 -0.3896 -0.6531
vn -0.1778 -0.4920 -0.8522
vn -0.6871 -0.5135 -0.5140
vn -0.7310 -0.4848 -0.4803
vn -0.7679 -0.4043 -0.4969
vn -0.7244 -0.4418 -0.5292
vn -0.7680 -0.3595 -0.5300
vn -0.7213 -0.4051 -0.5618
vn -0.8379 -0.2661 -0.4766
vn -0.5787 -0.4179 -0.7003
vn -0.5041 -0.6565 -0.5611
vn -0.2957 -0.7504 -0.5912
vn -0.0479 -0.6353 -0.7707
vn -0.0434 -0.5726 -0.8187
vn -0.0434 -0.4995 -0.8652
vn -0.0000 0.7067 0.7075
vn -0.0000 0.5124 0.8587
vn -0.0000 0.5850 0.8111
vn -0.0000 0.6423 0.7665
vn -0.9976 -0.0486 -0.0488
vn -0.9974 -0.0452 -0.0554
vn -0.9980 -0.0354 -0.0517
vn -0.9989 -0.0238 -0.0413
vn -0.1763 -0.6957 -0.6964
vn -0.1778 -0.5640 -0.8064
vn -0.2601 -0.9274 0.2690
vn -0.6778 -0.6629 -0.3180
vn -0.3232 -0.9438 -0.0692
vn -0.5074 -0.8617 0.0106
vn -0.6405 -0.4900 -0.5914
vn -0.5903 -0.6446 -0.4858
vn -0.7115 -0.4355 -0.5515
vn -0.6396 -0.4341 -0.6344
vn -0.7118 -0.3601 -0.6031
vn -0.6023 -0.3923 -0.6952
vn -0.2863 -0.8778 0.3841
vn -0.1811 -0.8730 0.4528
vn -0.2854 -0.9581 -0.0238
vn -0.5287 -0.7218 -0.4467
vn -0.6115 -0.4729 -0.6344
vn -0.5887 -0.3870 -0.7097
vn -0.1992 -0.7889 -0.5813
vn -0.2612 -0.6189 -0.7408
vn -0.2586 -0.5530 -0.7921
vn -0.2585 -0.4823 -0.8370
vn -0.6828 -0.4836 -0.5476
vn -0.4854 -0.5727 -0.6606
vn -0.7022 -0.3472 -0.6216
vn -0.3712 -0.4802 -0.7947
vn -0.1910 -0.6195 -0.7614
vn -0.1599 -0.4784 -0.8634
vn -0.4347 -0.4680 -0.7695
vn -0.7527 -0.3035 -0.5843
vn -0.9734 0.1146 0.1986
vn -0.6699 0.4773 0.5688
vn -0.9997 -0.0162 -0.0193
vn -0.5666 -0.5297 -0.6312
vn -0.9897 0.0716 0.1241
vn -0.8210 -0.2854 -0.4944
vn -0.9658 0.2233 -0.1317
vn -0.7126 -0.3594 -0.6025
vn -0.6764 -0.4651 -0.5711
vn -0.7378 -0.4165 -0.5312
vn -0.9130 -0.2039 -0.3532
vn -0.8884 -0.2958 -0.3512
vn -0.9806 -0.0980 -0.1697
vn -0.9692 -0.1784 -0.1696
vn -0.9533 -0.2095 -0.2176
vn -0.9613 -0.2048 -0.1842
vn -0.9691 -0.1920 -0.1552
vn -0.7213 -0.4317 -0.5417
vn -0.8393 -0.2736 -0.4698
vn -0.6948 -0.0473 -0.7177
vn -0.7027 -0.0145 -0.7113
vn -0.5853 -0.0897 -0.8058
vn -0.6448 -0.1572 -0.7480
vn -0.7745 0.0900 -0.6262
vn -0.7682 -0.3972 -0.5020
vn -0.9308 -0.0232 -0.3649
vn -0.5579 -0.2012 -0.8052
vn -0.3932 0.1376 -0.9091
vn -0.3369 0.2122 -0.9173
vn -0.4186 0.3453 -0.8400
vn -0.7658 0.4264 -0.4814
vn -1.0000 -0.0052 -0.0045
vn 0.0083 -0.5270 0.8498
vn 0.0174 -0.5894 0.8076
vn -0.6932 -0.5132 0.5060
vn -0.6979 -0.4954 0.5173
vn -0.0060 0.1326 0.9912
vn -0.0067 -0.2746 0.9615
vn -0.7649 -0.0774 0.6395
vn -0.7222 -0.3921 0.5698
vn 0.0039 0.5000 0.8660
vn -0.4807 0.4385 0.7594
vn 0.0050 -0.6524 0.7579
vn -0.7992 -0.4287 0.4212
vn -0.0000 -0.7800 0.6258
vn -0.7081 -0.5719 0.4142
vn -0.0077 -0.9217 0.3878
vn -0.7097 -0.6940 0.1215
vn -0.5131 -0.6017 0.6121
vn 0.4461 -0.4453 0.7763
vn 0.4033 -0.2661 0.8755
vn -0.3872 -0.4295 0.8158
vn 0.4946 -0.0474 0.8679
vn -0.2678 -0.4520 0.8509
vn 0.5162 -0.5521 0.6548
vn -0.5014 -0.6005 0.6229
vn -0.4138 -0.8150 0.4056
vn 0.3055 -0.8204 0.4834
vn -0.2747 -0.9340 0.2284
vn -0.7040 -0.6462 0.2947
vn -0.8422 -0.3799 0.3825
vn -0.0007 -0.6423 0.7665
vn -0.0005 -0.6248 0.7807
vn -0.0005 -0.6379 0.7701
vn -0.0003 -0.6167 0.7872
vn 0.0189 -0.2910 0.9565
vn 0.0301 0.0633 0.9975
vn 0.0013 -0.5909 0.8068
vn 0.0011 -0.6209 0.7839
vn 0.0410 0.4996 0.8653
vn 0.0296 0.4998 0.8656
vn 0.0030 -0.6252 0.7804
vn 0.0012 -0.6259 0.7799
vn 0.0102 -0.7155 0.6985
vn -0.0064 -0.6862 0.7274
vn -0.8574 -0.4132 0.3068
vn -0.8791 -0.4156 0.2335
vn 0.7740 -0.0837 0.6276
vn 0.7795 -0.2627 0.5686
vn 0.6815 -0.0963 0.7255
vn 0.7197 0.1038 0.6865
vn 0.7001 0.2689 0.6615
vn 0.7774 0.3145 0.5447
vn 0.8332 0.2765 0.4788
vn -0.8643 -0.3637 0.3475
vn 0.6813 -0.4627 0.5672
vn 0.6846 -0.5913 0.4263
vn 0.5113 -0.8188 0.2611
vn 0.1086 -0.9653 0.2376
vn -0.0453 -0.9812 -0.1877
vn -0.7394 -0.6410 -0.2059
vn 0.0064 -0.8467 0.5320
vn -0.9649 -0.2188 -0.1452
vn -0.0771 -0.9541 0.2893
vn -0.1471 -0.9695 -0.1960
vn 0.0108 -0.8409 0.5411
vn -0.0050 -0.7541 0.6567
vn 0.0084 -0.6315 0.7754
vn 0.0171 -0.5886 0.8083
vn 0.0030 -0.5016 0.8651
vn -0.0119 -0.2064 0.9784
vn -0.0035 0.2028 0.9792
vn 0.0049 0.5000 0.8660
vn -0.9997 -0.0126 -0.0219
vn -0.7025 0.3558 0.6163
vn -0.5508 -0.4173 -0.7228
vn -0.9917 -0.0339 -0.1236
vn -0.7567 0.1135 0.6438
vn -0.7567 0.1695 0.6314
vn -0.9928 -0.0207 -0.1177
vn -0.6401 0.2646 0.7213
vn -0.9916 -0.0455 -0.1210
vn -0.8845 0.1974 0.4228
vn -0.9921 -0.0534 -0.1139
vn -0.1779 -0.2552 -0.9504
vn -0.6494 -0.1429 -0.7469
vn -0.8331 -0.1510 -0.5321
vn -0.1778 -0.1709 -0.9691
vn -0.1779 -0.3372 -0.9245
vn -0.7634 -0.2301 -0.6035
vn -0.1779 -0.4163 -0.8916
vn -0.7634 -0.2817 -0.5812
vn -0.7327 -0.1182 -0.6702
vn -0.7676 -0.1571 -0.6213
vn -0.6317 -0.2105 -0.7460
vn -0.6527 -0.1206 -0.7479
vn -0.8378 -0.1796 -0.5156
vn -0.5785 -0.2969 -0.7597
vn -0.8082 -0.2568 -0.5300
vn -0.6530 -0.3105 -0.6908
vn -0.5041 -0.1577 -0.8491
vn -0.8869 -0.0802 -0.4549
vn -0.0480 -0.3535 -0.9342
vn -0.2955 -0.1337 -0.9460
vn -0.0434 -0.4227 -0.9052
vn -0.0000 0.2593 0.9658
vn -0.0000 0.1736 0.9848
vn -0.0000 0.4231 0.9061
vn -0.0000 0.3427 0.9395
vn -0.9974 -0.0176 -0.0693
vn -0.9989 -0.0083 -0.0470
vn -0.9976 -0.0235 -0.0648
vn -0.9980 -0.0271 -0.0565
vn -0.1779 -0.1709 -0.9691
vn -0.4052 0.3408 -0.8484
vn -0.6896 -0.0382 -0.7232
vn -0.4978 0.5415 -0.6775
vn -0.1337 0.7487 -0.6493
vn -0.6425 -0.2544 -0.7228
vn -0.7095 -0.2726 -0.6499
vn -0.6192 -0.0536 -0.7834
vn -0.6396 -0.3204 -0.6988
vn -0.1811 0.8286 -0.5297
vn -0.2863 0.7716 -0.5681
vn -0.3435 0.4047 -0.8475
vn -0.6162 -0.2812 -0.7357
vn -0.4428 0.0035 -0.8966
vn -0.2629 -0.3341 -0.9051
vn -0.2717 -0.0994 -0.9572
vn -0.2586 -0.4080 -0.8756
vn -0.7381 -0.1172 -0.6645
vn -0.4854 -0.3107 -0.8172
vn -0.3583 -0.1804 -0.9160
vn -0.6861 -0.2194 -0.6937
vn -0.1910 -0.3222 -0.9272
vn -0.1599 -0.1541 -0.9750
vn -0.4557 -0.1546 -0.8766
vn -0.8420 -0.0937 -0.5313
vn -0.8927 0.0783 0.4438
vn -0.6699 0.2539 0.6977
vn -0.9997 -0.0044 -0.0249
vn -0.9997 -0.0086 -0.0236
vn -0.5508 -0.1449 -0.8220
vn -0.5666 -0.2818 -0.7743
vn -0.9189 -0.0685 -0.3884
vn -0.9897 0.0249 0.1411
vn -0.9996 0.0046 0.0261
vn -0.7877 -0.5563 -0.2647
vn -0.9658 -0.2257 0.1276
vn -0.6723 -0.2666 -0.6906
vn -0.8883 -0.1563 -0.4318
vn -0.7523 -0.2475 -0.6106
vn -0.9692 -0.0577 -0.2393
vn -0.9533 -0.0837 -0.2903
vn -0.9613 -0.0572 -0.2695
vn -0.9575 -0.0501 -0.2840
vn -0.9690 -0.0384 -0.2439
vn -0.7213 -0.2533 -0.6447
vn -0.8650 -0.2612 -0.4285
vn -0.7842 -0.1449 -0.6034
vn -0.6948 -0.5979 -0.3998
vn -0.7027 -0.6087 -0.3682
vn -0.6060 -0.5999 -0.5224
vn -0.6256 -0.6342 -0.4544
vn -0.7744 -0.5873 -0.2351
vn -0.7682 -0.2362 -0.5950
vn -0.9308 -0.3044 -0.2026
vn -0.9757 -0.0381 -0.2159
vn -0.5785 -0.5512 -0.6012
vn -0.6755 -0.0972 -0.7309
vn -0.3932 -0.8561 -0.3354
vn -0.3369 -0.9005 -0.2749
vn -0.4186 -0.9001 -0.1210
vn -0.7658 -0.6301 0.1286
vn -0.9894 -0.0193 -0.1442
vn -0.9880 -0.0338 -0.1508
vn -0.9986 -0.0080 -0.0525
vn -0.9992 -0.0081 -0.0393
vn 0.0173 0.9941 -0.1066
vn -0.6932 0.6948 -0.1915
vn -0.6979 0.6957 -0.1704
vn 0.0084 0.9995 -0.0315
vn -0.0067 0.9700 0.2429
vn -0.7649 0.5925 0.2527
vn -0.7222 0.6895 -0.0547
vn -0.0059 0.7921 0.6104
vn 0.0051 0.9825 -0.1860
vn -0.7992 0.5792 -0.1607
vn 0.0001 0.9320 -0.3626
vn -0.7081 0.6447 -0.2882
vn -0.0109 0.8103 -0.5860
vn -0.7097 0.4522 -0.5402
vn 0.4033 0.8913 0.2073
vn 0.4461 0.8950 0.0025
vn -0.5131 0.8310 -0.2150
vn -0.3872 0.9213 0.0360
vn 0.4946 0.7753 0.3929
vn -0.2678 0.9629 0.0340
vn 0.5162 0.8431 -0.1507
vn -0.5014 0.8397 -0.2086
vn -0.4138 0.7588 -0.5031
vn 0.3055 0.8288 -0.4687
vn -0.7040 0.5783 -0.4123
vn -0.8422 0.5212 -0.1378
vn -0.2747 0.6648 -0.6947
vn -0.0005 0.9859 -0.1674
vn -0.0003 0.9901 -0.1404
vn -0.0005 0.9886 -0.1508
vn -0.0006 0.9849 -0.1733
vn 0.0301 0.8322 0.5536
vn 0.0204 0.9739 0.2261
vn 0.0013 0.9941 -0.1083
vn 0.0011 0.9893 -0.1458
vn 0.0012 0.9884 -0.1517
vn 0.0030 0.9885 -0.1512
vn -0.0064 0.9730 -0.2306
vn 0.0105 0.9627 -0.2704
vn -0.8574 0.4724 -0.2045
vn -0.8791 0.4100 -0.2432
vn 0.7740 0.5853 0.2413
vn 0.7795 0.6238 0.0568
vn 0.6815 0.6764 0.2793
vn 0.7197 0.5426 0.4331
vn 0.7001 0.4385 0.5636
vn -0.8643 0.4829 -0.1411
vn 0.6813 0.7226 -0.1170
vn 0.6846 0.6648 -0.2990
vn 0.1085 0.6884 -0.7172
vn 0.5113 0.6355 -0.5786
vn -0.0460 0.3838 -0.9223
vn -0.7394 0.1422 -0.6581
vn 0.0064 0.8841 -0.4673
vn -0.9649 -0.0164 -0.2620
vn -0.9904 -0.0240 -0.1362
vn -0.0771 0.7276 -0.6817
vn -0.1471 0.3150 -0.9376
vn -1.0000 -0.0013 -0.0067
vn -0.9991 -0.0072 -0.0412
vn -0.9935 -0.0211 -0.1117
vn -0.9813 -0.0330 -0.1897
vn 0.0108 0.8890 -0.4577
vn -0.0050 0.9458 -0.3247
vn 0.0084 0.9872 -0.1592
vn 0.0170 0.9943 -0.1056
vn 0.0030 1.0000 -0.0018
vn -0.0119 0.9505 0.3105
vn -0.0035 0.7466 0.6653
vn -0.9933 -0.0191 -0.1142
vn -0.9991 -0.0076 -0.0415
vn -0.7877 0.4322 -0.4390
vn -0.7025 0.1236 0.7009
vn -0.9802 -0.0349 -0.1951
vn -0.9913 -0.0114 -0.1312
vn -0.7567 0.0566 0.6513
vn -0.7567 -0.0005 0.6538
vn -0.9925 -0.0008 -0.1219
vn -0.9917 0.0106 -0.1278
vn -0.5899 -0.0837 0.8031
vn -0.8530 -0.0998 0.5123
vn -0.9928 0.0207 -0.1176
vn -0.7634 -0.0654 -0.6426
vn -0.1779 -0.0853 -0.9804
vn -0.7634 0.0005 -0.6459
vn -0.1763 0.0007 -0.9843
vn -0.1779 0.0863 -0.9803
vn -0.7634 0.0659 -0.6425
vn -0.1779 0.1709 -0.9691
vn -0.6493 0.1427 -0.7470
vn -0.7676 -0.0463 -0.6392
vn -0.6317 -0.0573 -0.7731
vn -0.9106 0.0003 -0.4132
vn -0.5785 0.0192 -0.8154
vn -0.8082 0.0601 -0.5859
vn -0.6530 0.0555 -0.7553
vn -0.8379 0.0871 -0.5388
vn -0.5787 0.1532 -0.8010
vn -0.5041 -0.1422 -0.8519
vn -0.0480 0.0126 -0.9988
vn -0.2955 -0.1979 -0.9346
vn -0.0434 0.0876 -0.9952
vn -0.0434 0.1735 -0.9839
vn -0.0000 0.0866 0.9962
vn -0.0000 -0.1594 0.9872
vn -0.0000 -0.0732 0.9973
vn -0.0000 -0.0007 1.0000
vn -0.9976 -0.0059 -0.0686
vn -0.9974 0.0010 -0.0715
vn -0.9980 0.0061 -0.0624
vn -0.9989 0.0083 -0.0469
vn -0.1795 0.0007 -0.9838
vn -0.1778 0.1709 -0.9691
vn -0.2601 -0.8833 -0.3900
vn -0.6715 -0.3220 -0.6674
vn -0.3232 -0.6785 -0.6597
vn -0.4888 -0.7098 -0.5072
vn -0.6734 -0.0023 -0.7393
vn -0.5903 -0.1815 -0.7865
vn -0.6920 0.0277 -0.7214
vn -0.6396 0.0621 -0.7662
vn -0.7118 0.1321 -0.6899
vn -0.6023 0.1309 -0.7875
vn -0.2863 -0.9193 -0.2700
vn -0.1811 -0.9598 -0.2143
vn -0.3435 -0.6702 -0.6580
vn -0.4993 -0.2373 -0.8333
vn -0.6348 0.0275 -0.7722
vn -0.5887 0.1210 -0.7992
vn -0.2297 -0.2725 -0.9343
vn -0.2949 -0.0018 -0.9555
vn -0.2586 0.0839 -0.9623
vn -0.2586 0.1669 -0.9515
vn -0.4374 -0.0007 -0.8993
vn -0.6861 -0.0311 -0.7268
vn -0.7022 0.1137 -0.7029
vn -0.3712 0.1794 -0.9111
vn -0.2113 0.0003 -0.9774
vn -0.1599 0.1542 -0.9750
vn -0.7885 0.0942 -0.6078
vn -0.4347 0.1766 -0.8831
vn -0.9447 -0.0686 0.3208
vn -0.6699 -0.0000 0.7425
vn -0.9997 -0.0000 -0.0252
vn -0.5666 -0.0000 -0.8240
vn -0.9897 -0.0249 0.1411
vn -0.8210 0.0991 -0.5622
vn -0.9658 0.2557 0.0427
vn -0.6732 0.0206 -0.7392
vn -0.7126 0.1316 -0.6891
vn -0.7378 0.0224 -0.6747
vn -0.9130 0.0708 -0.4017
vn -0.8883 -0.0008 -0.4592
vn -0.9692 -0.0277 -0.2446
vn -0.9806 0.0340 -0.1930
vn -0.9533 -0.0206 -0.3014
vn -0.9613 -0.0384 -0.2728
vn -0.9690 -0.0473 -0.2424
vn -0.7213 0.0175 -0.6924
vn -0.8393 0.0924 -0.5358
vn -0.6948 0.4251 -0.5802
vn -0.7027 0.4461 -0.5542
vn -0.5853 0.4492 -0.6750
vn -0.6448 0.3604 -0.6740
vn -0.7745 0.4715 -0.4218
vn -0.7682 0.0184 -0.6399
vn -0.9308 0.2167 -0.2945
vn -0.5579 0.3633 -0.7462
vn -0.3932 0.6897 -0.6080
vn -0.3369 0.7522 -0.5663
vn -0.4186 0.8044 -0.4215
vn -0.7658 0.6361 -0.0947
vn -1.0000 -0.0007 -0.0047
vn 0.0084 -0.9500 0.3123
vn 0.0173 -0.9707 0.2398
vn -0.6932 -0.7184 0.0577
vn -0.6979 -0.7120 0.0778
vn -0.0061 -0.5355 0.8445
vn -0.0067 -0.8284 0.5601
vn -0.7649 -0.4703 0.4401
vn -0.7222 -0.6666 0.1844
vn 0.0039 -0.1736 0.9848
vn -0.4807 -0.1523 0.8636
vn 0.0051 -0.9869 0.1612
vn -0.7992 -0.5992 0.0471
vn 0.0001 -0.9998 -0.0219
vn -0.7081 -0.7044 -0.0503
vn -0.0077 -0.9553 -0.2954
vn -0.7097 -0.6097 -0.3530
vn -0.3872 -0.8534 0.3489
vn -0.5131 -0.8544 0.0821
vn 0.4033 -0.7666 0.4996
vn 0.4461 -0.8401 0.3084
vn 0.4946 -0.5942 0.6343
vn -0.2678 -0.8932 0.3613
vn -0.5014 -0.8604 0.0912
vn 0.4767 -0.8621 0.1719
vn 0.3668 -0.9211 -0.1303
vn -0.4138 -0.8851 -0.2132
vn -0.2747 -0.8623 -0.4254
vn -0.7040 -0.6844 -0.1896
vn -0.8422 -0.5369 0.0488
vn -0.0006 -0.9848 0.1738
vn -0.0005 -0.9805 0.1964
vn -0.0005 -0.9837 0.1799
vn -0.0003 -0.9784 0.2066
vn 0.0189 -0.8378 0.5457
vn 0.0301 -0.5927 0.8049
vn 0.0013 -0.9712 0.2382
vn 0.0011 -0.9795 0.2014
vn 0.0410 -0.1735 0.9840
vn 0.0296 -0.1736 0.9844
vn 0.0030 -0.9806 0.1959
vn 0.0012 -0.9807 0.1955
vn -0.0063 -0.9932 0.1161
vn 0.0102 -0.9971 0.0752
vn -0.8574 -0.5138 -0.0306
vn -0.8791 -0.4684 -0.0883
vn 0.7740 -0.4675 0.4270
vn 0.7795 -0.5667 0.2668
vn 0.6815 -0.5401 0.4939
vn 0.7197 -0.3618 0.5926
vn 0.7001 -0.2192 0.6796
vn 0.7774 -0.1092 0.6194
vn 0.8332 -0.0960 0.5445
vn -0.8643 -0.5020 0.0325
vn 0.6827 -0.7234 0.1029
vn 0.6902 -0.7169 -0.0984
vn 0.5113 -0.7950 -0.3263
vn 0.1086 -0.8922 -0.4384
vn -0.0453 -0.6310 -0.7745
vn -0.7395 -0.3587 -0.5697
vn 0.0064 -0.9906 -0.1368
vn -0.9649 -0.0742 -0.2518
vn -0.0771 -0.9169 -0.3917
vn -0.1471 -0.6167 -0.7734
vn 0.0108 -0.9920 -0.1260
vn -0.0050 -0.9998 0.0183
vn 0.0084 -0.9821 0.1881
vn 0.0171 -0.9704 0.2409
vn 0.0030 -0.9403 0.3403
vn -0.0119 -0.7870 0.6169
vn -0.0035 -0.4740 0.8805
vn 0.0049 -0.1736 0.9848
vn -0.9997 0.0044 -0.0249
vn -0.7025 -0.1236 0.7009
vn -0.5508 0.1449 -0.8220
vn -0.7567 -0.6143 0.2236
vn -0.9917 0.1159 -0.0548
vn -0.9928 0.1122 -0.0408
vn -0.7567 -0.5924 0.2766
vn -0.6400 -0.6645 0.3858
vn -0.9921 0.1078 -0.0645
vn -0.8845 -0.3810 0.2694
vn -0.9916 0.1051 -0.0752
vn -0.9928 0.0915 -0.0768
vn -0.7567 -0.5008 0.4203
vn -0.1779 0.8916 -0.4163
vn -0.6494 0.7107 -0.2704
vn -0.7634 0.5813 -0.2815
vn -0.1779 0.9247 -0.3366
vn -0.1779 0.8519 -0.4926
vn -0.7634 0.5545 -0.3311
vn -0.1779 0.8058 -0.5649
vn -0.8331 0.4484 -0.3239
vn -0.1779 0.7538 -0.6325
vn -0.6494 0.5755 -0.4971
vn -0.7328 0.6395 -0.2327
vn -0.7676 0.5846 -0.2626
vn -0.6318 0.6981 -0.3369
vn -0.6527 0.7156 -0.2487
vn -0.8378 0.4765 -0.2665
vn -0.5785 0.6966 -0.4243
vn -0.7213 0.5614 -0.4057
vn -0.7680 0.5297 -0.3600
vn -0.7213 0.5242 -0.4528
vn -0.7680 0.4965 -0.4046
vn -0.5041 0.8089 -0.3028
vn -0.8869 0.4341 -0.1580
vn -0.0480 0.8586 -0.5103
vn -0.2955 0.9084 -0.2959
vn -0.0434 0.8181 -0.5735
vn -0.0434 0.7653 -0.6422
vn -0.0000 -0.9061 0.4231
vn -0.0000 -0.9397 0.3420
vn -0.0000 -0.8189 0.5740
vn -0.0000 -0.7660 0.6428
vn -0.0000 -0.8657 0.5006
vn -0.9980 0.0570 -0.0259
vn -0.9989 0.0448 -0.0163
vn -0.9980 0.0545 -0.0308
vn -0.9970 0.0634 -0.0445
vn -0.9989 0.0365 -0.0306
vn -0.1778 0.8916 -0.4163
vn -0.1778 0.7538 -0.6325
vn -0.4052 0.8946 0.1883
vn -0.6958 0.6913 -0.1949
vn -0.5138 0.7783 0.3608
vn -0.1337 0.7694 0.6246
vn -0.6425 0.6676 -0.3761
vn -0.7095 0.5927 -0.3813
vn -0.6192 0.7622 -0.1888
vn -0.6396 0.6325 -0.4369
vn -0.7118 0.5314 -0.4594
vn -0.6023 0.6165 -0.5071
vn -0.2854 0.9085 0.3053
vn -0.1811 0.6655 0.7241
vn -0.2863 0.6934 0.6612
vn -0.6162 0.6757 -0.4046
vn -0.4941 0.8611 -0.1195
vn -0.5887 0.6317 -0.5044
vn -0.2628 0.8334 -0.4862
vn -0.2717 0.9254 -0.2641
vn -0.2585 0.7915 -0.5538
vn -0.2585 0.7405 -0.6203
vn -0.4854 0.7509 -0.4479
vn -0.3583 0.8708 -0.3367
vn -0.7381 0.6340 -0.2308
vn -0.6828 0.6417 -0.3492
vn -0.7101 0.5393 -0.4526
vn -0.3712 0.6993 -0.6109
vn -0.1910 0.8571 -0.4784
vn -0.1599 0.9335 -0.3211
vn -0.1599 0.7673 -0.6211
vn -0.4066 0.6999 -0.5873
vn -0.7281 0.5251 -0.4406
vn -0.4347 0.8390 -0.3272
vn -0.8122 0.5550 -0.1798
vn -0.9734 -0.1756 0.1474
vn -0.8927 -0.4235 0.1541
vn -0.6699 -0.6430 0.3712
vn -0.9997 0.0238 -0.0087
vn -0.9997 0.0218 -0.0126
vn -0.5508 0.7843 -0.2855
vn -0.5666 0.7136 -0.4120
vn -0.9189 0.3706 -0.1349
vn -0.9897 -0.1098 0.0921
vn -0.9897 -0.1346 0.0490
vn -0.8210 0.4373 -0.3670
vn -0.9996 -0.0249 0.0091
vn -0.7877 0.1641 -0.5938
vn -0.9658 -0.1648 -0.2001
vn -0.7057 0.5428 -0.4555
vn -0.6764 0.6324 -0.3775
vn -0.8884 0.3980 -0.2288
vn -0.9130 0.3125 -0.2622
vn -0.7378 0.5731 -0.3568
vn -0.9692 0.2257 -0.0983
vn -0.9806 0.1501 -0.1260
vn -0.9533 0.2713 -0.1328
vn -0.9613 0.2554 -0.1031
vn -0.9575 0.2710 -0.0986
vn -0.9691 0.2335 -0.0802
vn -0.7213 0.5909 -0.3614
vn -0.8393 0.4178 -0.3479
vn -0.8124 0.5480 -0.1995
vn -0.6948 0.2899 -0.6582
vn -0.7028 0.2570 -0.6634
vn -0.5853 0.3599 -0.7265
vn -0.6448 0.4036 -0.6491
vn -0.7744 0.1296 -0.6192
vn -0.9307 0.1466 -0.3350
vn -0.7682 0.5450 -0.3359
vn -0.9757 0.2061 -0.0750
vn -0.6735 0.6946 -0.2528
vn -0.5579 0.4645 -0.6877
vn -0.3932 0.1816 -0.9013
vn -0.3369 0.1143 -0.9346
vn -0.4186 -0.0372 -0.9074
vn -0.7658 -0.2361 -0.5982
vn -0.9986 0.0495 -0.0193
vn -0.9894 0.1345 -0.0554
vn -0.9992 0.0381 -0.0127
vn -0.9880 0.1475 -0.0462
vn 0.0174 0.2776 0.9605
vn 0.0083 0.2046 0.9788
vn -0.6932 0.3092 0.6510
vn -0.6978 0.2886 0.6555
vn -0.0068 -0.0710 0.9975
vn -0.0059 -0.4636 0.8860
vn -0.7649 -0.1460 0.6274
vn -0.7222 0.1736 0.6695
vn 0.0036 -0.7660 0.6428
vn -0.4807 -0.6717 0.5637
vn 0.0051 0.3538 0.9353
vn -0.7992 0.2588 0.5425
vn -0.0000 0.5189 0.8548
vn -0.7081 0.3957 0.5848
vn -0.0109 0.7178 0.6962
vn -0.7097 0.6105 0.3515
vn 0.4033 -0.0494 0.9137
vn -0.5131 0.3561 0.7810
vn -0.3872 0.1246 0.9135
vn 0.4461 0.1530 0.8818
vn 0.4946 -0.2523 0.8317
vn -0.2678 0.1337 0.9542
vn -0.5014 0.3512 0.7907
vn 0.5162 0.2948 0.8041
vn 0.3055 0.6055 0.7348
vn -0.4138 0.6272 0.6599
vn -0.2747 0.7995 0.5341
vn -0.7040 0.5064 0.4979
vn -0.8422 0.2262 0.4893
vn -0.0005 0.3360 0.9419
vn -0.0005 0.3202 0.9474
vn -0.0006 0.3419 0.9397
vn -0.0003 0.3102 0.9507
vn 0.0301 -0.4007 0.9157
vn 0.0204 -0.0536 0.9984
vn 0.0013 0.2793 0.9602
vn 0.0011 0.3154 0.9490
vn 0.0296 -0.7657 0.6425
vn 0.0410 -0.7654 0.6422
vn 0.0030 0.3206 0.9472
vn 0.0012 0.3211 0.9471
vn -0.0063 0.3960 0.9182
vn 0.0105 0.4335 0.9011
vn -0.8574 0.2834 0.4297
vn -0.8791 0.3107 0.3615
vn 0.7740 -0.1360 0.6184
vn 0.7795 0.0523 0.6242
vn 0.6815 -0.1576 0.7147
vn 0.7197 -0.3323 0.6096
vn 0.7001 -0.4789 0.5297
vn 0.7774 -0.4818 0.4043
vn 0.8332 -0.4236 0.3554
vn -0.8642 0.2229 0.4510
vn 0.6813 0.2407 0.6913
vn 0.6846 0.4099 0.6028
vn 0.1086 0.8258 0.5534
vn 0.5113 0.6801 0.5254
vn -0.0460 0.9749 0.2178
vn -0.7394 0.6727 0.0257
vn 0.0064 0.6137 0.7895
vn -0.9649 0.2552 -0.0616
vn -0.9904 0.1299 -0.0473
vn -0.0771 0.7976 0.5982
vn -0.1471 0.9781 0.1474
vn -1.0000 0.0044 -0.0017
vn -0.9987 0.0473 -0.0170
vn -0.9935 0.1063 -0.0401
vn -0.9813 0.1811 -0.0654
vn 0.0108 0.6051 0.7961
vn -0.0050 0.4840 0.8750
vn 0.0084 0.3282 0.9446
vn 0.0171 0.2766 0.9608
vn 0.0030 0.1755 0.9845
vn -0.0119 -0.1407 0.9900
vn -0.0035 -0.5255 0.8508
vn 0.0049 -0.7660 0.6428
vn -0.9933 0.1091 -0.0387
vn -0.9994 0.0315 -0.0117
vn -0.7877 0.5074 0.3494
vn -0.7025 -0.6688 0.2434
vn -0.9997 0.0194 -0.0163
vn -0.7025 -0.5452 0.4575
vn -0.5508 0.6394 -0.5365
vn -0.9802 0.1861 -0.0684
vn -0.9918 0.1240 -0.0325
vn -0.7567 -0.6316 0.1689
vn -0.6401 -0.7570 0.1315
vn -0.9916 0.1276 -0.0211
vn -0.7566 -0.6524 0.0440
vn -0.9921 0.1251 -0.0106
vn -0.8530 -0.5218 -0.0093
vn -0.9928 0.1195 -0.0000
vn -0.8331 0.5323 -0.1505
vn -0.1779 0.9507 -0.2542
vn -0.7634 0.6345 -0.1206
vn -0.1779 0.9692 -0.1702
vn -0.7634 0.6426 -0.0649
vn -0.1779 0.9804 -0.0853
vn -0.5671 0.8237 -0.0000
vn -0.1763 0.9843 -0.0000
vn -0.7676 0.6215 -0.1566
vn -0.7310 0.6583 -0.1797
vn -0.8378 0.5390 -0.0866
vn -0.5837 0.7999 -0.1391
vn -0.8082 0.5859 -0.0595
vn -0.6530 0.7553 -0.0547
vn -0.9107 0.4130 -0.0000
vn -0.4775 0.8787 -0.0000
vn -0.5041 0.8142 -0.2880
vn -0.2957 0.8872 -0.3542
vn -0.0480 0.9851 -0.1649
vn -0.0434 0.9953 -0.0865
vn -0.0434 0.9991 -0.0000
vn -0.0000 -0.9661 0.2583
vn -0.0000 -0.9999 0.0144
vn -0.0000 -0.9949 0.1010
vn -0.0000 -0.9849 0.1730
vn -0.9974 0.0688 -0.0194
vn -0.9976 0.0679 -0.0120
vn -0.9980 0.0624 -0.0048
vn -0.9989 0.0477 -0.0000
vn -0.1778 0.9507 -0.2542
vn -0.1794 0.9838 -0.0000
vn -0.2601 0.2307 -0.9376
vn -0.6778 0.6069 -0.4151
vn -0.3232 0.5318 -0.7828
vn -0.5074 0.4217 -0.7515
vn -0.6405 0.7572 -0.1286
vn -0.5903 0.7430 -0.3154
vn -0.7115 0.6953 -0.1014
vn -0.6396 0.7665 -0.0588
vn -0.7024 0.7118 -0.0000
vn -0.6356 0.7720 -0.0000
vn -0.2863 0.1062 -0.9522
vn -0.1811 0.0444 -0.9825
vn -0.2854 0.4997 -0.8178
vn -0.5287 0.7477 -0.4017
vn -0.6115 0.7858 -0.0923
vn -0.5650 0.8251 -0.0000
vn -0.1992 0.8979 -0.3926
vn -0.2612 0.9510 -0.1656
vn -0.2585 0.9624 -0.0829
vn -0.3290 0.9443 -0.0000
vn -0.6828 0.7160 -0.1450
vn -0.4854 0.8584 -0.1657
vn -0.7101 0.7041 -0.0000
vn -0.3236 0.9462 -0.0000
vn -0.1911 0.9691 -0.1558
vn -0.1776 0.9841 -0.0000
vn -0.4557 0.8901 -0.0000
vn -0.7885 0.6150 -0.0000
vn -0.9734 -0.2293 -0.0000
vn -0.6699 -0.7312 0.1289
vn -0.9997 0.0248 -0.0044
vn -0.5666 0.8115 -0.1431
vn -0.9897 -0.1433 -0.0000
vn -0.8210 0.5709 -0.0000
vn -0.9658 0.0024 0.2592
vn -0.7057 0.7086 -0.0000
vn -0.6764 0.7271 -0.1172
vn -0.7378 0.6683 -0.0951
vn -0.9130 0.4079 -0.0000
vn -0.8884 0.4520 -0.0806
vn -0.9806 0.1959 -0.0000
vn -0.9692 0.2361 -0.0697
vn -0.9533 0.2932 -0.0727
vn -0.9613 0.2619 -0.0852
vn -0.9691 0.2303 -0.0887
vn -0.7213 0.6850 -0.1030
vn -0.8393 0.5437 -0.0020
vn -0.6948 0.6452 0.3179
vn -0.7028 0.6233 0.3430
vn -0.5853 0.7427 0.3252
vn -0.6448 0.7264 0.2379
vn -0.7745 0.4973 0.3911
vn -0.7682 0.6334 -0.0930
vn -0.9308 0.3276 0.1623
vn -0.5579 0.7979 0.2283
vn -0.3932 0.7185 0.5737
vn -0.3369 0.6883 0.6425
vn -0.4186 0.5548 0.7190
vn -0.7658 0.2037 0.6100
vn -1.0000 0.0065 -0.0022
vn 0.0083 -0.4725 -0.8813
vn 0.0174 -0.4047 -0.9143
vn -0.6932 -0.1816 -0.6975
vn -0.6978 -0.2003 -0.6877
vn -0.0060 -0.9247 -0.3807
vn -0.0067 -0.6954 -0.7186
vn -0.7649 -0.5151 -0.3867
vn -0.7222 -0.2974 -0.6245
vn 0.0034 -1.0000 -0.0000
vn -0.4807 -0.8769 -0.0000
vn 0.0051 -0.3302 -0.9439
vn -0.7992 -0.1504 -0.5820
vn 0.0001 -0.1520 -0.9884
vn -0.7081 -0.0728 -0.7024
vn -0.0077 0.1250 -0.9921
vn -0.7097 0.2417 -0.6617
vn -0.3872 -0.4918 -0.7799
vn -0.5131 -0.2293 -0.8272
vn 0.4033 -0.6252 -0.6682
vn 0.4461 -0.4496 -0.7738
vn 0.4946 -0.7279 -0.4750
vn -0.2678 -0.5109 -0.8169
vn -0.5014 -0.2392 -0.8315
vn 0.4766 -0.3190 -0.8192
vn 0.3668 -0.0317 -0.9298
vn -0.4138 0.0563 -0.9086
vn -0.2747 0.2692 -0.9231
vn -0.7040 0.0679 -0.7070
vn -0.8422 -0.1412 -0.5203
vn -0.0006 -0.3423 -0.9396
vn -0.0005 -0.3637 -0.9315
vn -0.0005 -0.3480 -0.9375
vn -0.0003 -0.3734 -0.9277
vn 0.0189 -0.6828 -0.7303
vn 0.0301 -0.8956 -0.4439
vn 0.0013 -0.4033 -0.9151
vn 0.0011 -0.3684 -0.9297
vn 0.0410 -0.9992 -0.0000
vn 0.0296 -0.9996 -0.0000
vn 0.0030 -0.3632 -0.9317
vn 0.0012 -0.3628 -0.9319
vn -0.0063 -0.2868 -0.9580
vn 0.0102 -0.2472 -0.9689
vn -0.8574 -0.0591 -0.5113
vn -0.8791 0.0056 -0.4766
vn 0.7740 -0.5017 -0.3863
vn 0.7795 -0.3611 -0.5118
vn 0.6815 -0.5801 -0.4461
vn 0.7197 -0.6464 -0.2534
vn 0.7001 -0.7073 -0.0979
vn 0.7774 -0.6290 -0.0000
vn 0.8332 -0.5529 -0.0000
vn -0.8643 -0.1192 -0.4887
vn 0.6827 -0.2270 -0.6946
vn 0.6902 -0.0275 -0.7231
vn 0.5113 0.1833 -0.8396
vn 0.1086 0.2769 -0.9548
vn -0.0453 0.6531 -0.7559
vn -0.7394 0.4988 -0.4522
vn 0.0064 -0.0373 -0.9993
vn -0.9649 0.2351 -0.1168
vn -0.0771 0.2265 -0.9709
vn -0.1471 0.6545 -0.7416
vn 0.0108 -0.0481 -0.9988
vn -0.0050 -0.1917 -0.9814
vn 0.0084 -0.3558 -0.9345
vn 0.0171 -0.4057 -0.9138
vn 0.0030 -0.4984 -0.8669
vn -0.0119 -0.7441 -0.6679
vn -0.0035 -0.9494 -0.3139
vn 0.0049 -1.0000 -0.0000
vn -0.9997 0.0253 -0.0000
vn -0.7025 -0.7117 -0.0000
vn -0.5508 0.8347 -0.0000
vn -0.9916 0.0557 -0.1167
vn -0.6400 -0.3853 0.6647
vn -0.8845 -0.1970 0.4229
vn -0.9924 0.0623 -0.1061
vn -0.9921 0.0446 -0.1174
vn -0.6400 -0.2636 0.7217
vn -0.9917 0.0337 -0.1237
vn -0.7567 -0.1689 0.6316
vn -0.1779 0.4154 -0.8921
vn -0.1779 0.4920 -0.8522
vn -0.7634 0.2812 -0.5815
vn -0.6494 0.3897 -0.6530
vn -0.1779 0.3359 -0.9249
vn -0.7634 0.2293 -0.6038
vn -0.1779 0.2542 -0.9507
vn -0.8331 0.1504 -0.5323
vn -0.7676 0.2621 -0.5848
vn -0.7327 0.3403 -0.5894
vn -0.6527 0.3692 -0.6616
vn -0.7310 0.2913 -0.6171
vn -0.8378 0.1789 -0.5158
vn -0.5838 0.2759 -0.7636
vn -0.8082 0.1603 -0.5667
vn -0.6530 0.1850 -0.7344
vn -0.5041 0.4250 -0.7519
vn -0.8869 0.2310 -0.4001
vn -0.0480 0.3334 -0.9416
vn -0.2957 0.5029 -0.8122
vn -0.0434 0.2581 -0.9652
vn -0.0000 -0.4221 0.9065
vn -0.0000 -0.5000 0.8660
vn -0.0000 -0.2583 0.9661
vn -0.0000 -0.3414 0.9399
vn -0.9976 0.0290 -0.0625
vn -0.9989 0.0238 -0.0413
vn -0.9980 0.0206 -0.0592
vn -0.9974 0.0176 -0.0693
vn -0.1778 0.4920 -0.8522
vn -0.1778 0.2542 -0.9507
vn -0.6778 0.5142 -0.5256
vn -0.2601 0.9634 -0.0644
vn -0.3232 0.8632 -0.3878
vn -0.5074 0.8133 -0.2848
vn -0.6405 0.2581 -0.7233
vn -0.7115 0.2206 -0.6672
vn -0.5903 0.4396 -0.6770
vn -0.6396 0.1910 -0.7446
vn -0.1811 0.9752 0.1268
vn -0.2863 0.9562 0.0608
vn -0.2854 0.8922 -0.3500
vn -0.5287 0.5255 -0.6666
vn -0.6115 0.2274 -0.7579
vn -0.1992 0.5425 -0.8161
vn -0.2612 0.3282 -0.9078
vn -0.2586 0.2487 -0.9334
vn -0.4854 0.3123 -0.8166
vn -0.7381 0.3374 -0.5843
vn -0.6828 0.2671 -0.6800
vn -0.3583 0.4828 -0.7991
vn -0.1911 0.3217 -0.9274
vn -0.1599 0.4783 -0.8635
vn -0.7885 0.2964 -0.5390
vn -0.4347 0.4679 -0.7695
vn -0.9447 -0.1742 0.2780
vn -0.6699 -0.2539 0.6977
vn -0.9997 0.0086 -0.0236
vn -0.9997 0.0126 -0.0219
vn -0.5508 0.4173 -0.7228
vn -0.5667 0.2818 -0.7743
vn -0.9189 0.1972 -0.3416
vn -0.9897 -0.0716 0.1241
vn -0.9996 -0.0132 0.0229
vn -0.7877 -0.2560 -0.5603
vn -0.9658 -0.2549 -0.0474
vn -0.6764 0.2417 -0.6957
vn -0.7378 0.2097 -0.6417
vn -0.8883 0.1578 -0.4312
vn -0.9692 0.1097 -0.2204
vn -0.9533 0.1225 -0.2762
vn -0.9613 0.1294 -0.2432
vn -0.9575 0.1442 -0.2498
vn -0.9691 0.1273 -0.2114
vn -0.7213 0.2203 -0.6567
vn -0.8393 0.0964 -0.5351
vn -0.8124 0.2915 -0.5050
vn -0.6948 -0.2010 -0.6906
vn -0.7027 -0.2296 -0.6734
vn -0.5853 -0.1913 -0.7879
vn -0.6448 -0.1081 -0.7567
vn -0.7744 -0.2988 -0.5576
vn -0.9308 -0.1030 -0.3509
vn -0.7682 0.2015 -0.6076
vn -0.9757 0.1096 -0.1899
vn -0.5579 -0.0863 -0.8254
vn -0.6736 0.3696 -0.6401
vn -0.3932 -0.4402 -0.8072
vn -0.3369 -0.5132 -0.7894
vn -0.4186 -0.6117 -0.6712
vn -0.7658 -0.5654 -0.3065
vn -0.9894 0.0674 -0.1289
vn -0.9986 0.0256 -0.0466
vn -0.9880 0.0833 -0.1302
vn -0.9992 0.0211 -0.0342
vn 0.0174 0.8301 0.5573
vn -0.6932 0.6554 0.3000
vn -0.6979 0.6424 0.3167
vn 0.0084 0.7859 0.6183
vn -0.0067 0.5869 0.8096
vn -0.0059 0.2144 0.9767
vn -0.7649 0.2914 0.5744
vn -0.7222 0.5634 0.4013
vn 0.0051 0.8722 0.4891
vn -0.7992 0.5470 0.2492
vn -0.0000 0.9470 0.3213
vn -0.7081 0.6791 0.1936
vn -0.0077 0.9988 0.0492
vn -0.7097 0.6936 -0.1231
vn 0.4461 0.6840 0.5772
vn -0.5131 0.7748 0.3694
vn 0.4033 0.5495 0.7317
vn -0.3872 0.6826 0.6197
vn 0.4946 0.3414 0.7993
vn -0.2678 0.7157 0.6450
vn 0.4767 0.7513 0.4564
vn -0.5014 0.7773 0.3800
vn -0.4138 0.9046 0.1024
vn 0.3668 0.9101 0.1926
vn -0.2747 0.9558 -0.1048
vn -0.7040 0.7080 0.0559
vn -0.8422 0.4878 0.2294
vn -0.0005 0.8628 0.5055
vn -0.0003 0.8487 0.5288
vn -0.0005 0.8542 0.5199
vn -0.0007 0.8657 0.5006
vn 0.0301 0.2817 0.9590
vn 0.0204 0.6007 0.7992
vn 0.0013 0.8312 0.5560
vn 0.0011 0.8516 0.5242
vn 0.0012 0.8547 0.5191
vn 0.0030 0.8545 0.5195
vn -0.0063 0.8936 0.4488
vn 0.0105 0.9113 0.4117
vn -0.8574 0.4933 0.1470
vn -0.8791 0.4704 0.0773
vn 0.7740 0.2933 0.5611
vn 0.7795 0.4413 0.4445
vn 0.6815 0.3386 0.6488
vn 0.7197 0.1372 0.6806
vn 0.7001 -0.0264 0.7136
vn -0.8643 0.4606 0.2023
vn 0.6827 0.6446 0.3441
vn 0.6902 0.7073 0.1527
vn 0.1086 0.9883 -0.1069
vn 0.5113 0.8587 -0.0347
vn -0.0453 0.8578 -0.5119
vn -0.7394 0.5319 -0.4127
vn 0.0064 0.9776 0.2103
vn -0.9649 0.1559 -0.2112
vn -0.9904 0.0692 -0.1198
vn -0.0771 0.9955 -0.0545
vn -0.1471 0.8440 -0.5158
vn -1.0000 0.0023 -0.0042
vn -0.9987 0.0253 -0.0434
vn -0.9926 0.0594 -0.1055
vn -0.9802 0.0996 -0.1714
vn 0.0108 0.9752 0.2209
vn -0.0050 0.9332 0.3592
vn 0.0084 0.8586 0.5126
vn 0.0170 0.8295 0.5582
vn 0.0030 0.7672 0.6414
vn -0.0119 0.5286 0.8488
vn -0.0035 0.1443 0.9895
vn -0.9941 0.0553 -0.0935
vn -0.9994 0.0166 -0.0292
vn -0.7877 0.6133 -0.0585
vn -0.7025 -0.3558 0.6163
vn -0.9813 0.0959 -0.1670
vn -0.8845 -0.2694 0.3810
vn -0.9921 0.0736 -0.1018
vn -0.6401 -0.4953 0.5874
vn -0.9921 0.0822 -0.0950
vn -0.8845 -0.3314 0.3284
vn -0.9916 0.0923 -0.0905
vn -0.1779 0.5648 -0.8058
vn -0.7634 0.3781 -0.5236
vn -0.1779 0.6331 -0.7534
vn -0.7634 0.4224 -0.4886
vn -0.1794 0.6960 -0.6953
vn -0.9062 0.2992 -0.2989
vn -0.7676 0.3602 -0.5301
vn -0.6317 0.4530 -0.6290
vn -0.7679 0.4049 -0.4964
vn -0.7211 0.4577 -0.5201
vn -0.6875 0.5138 -0.5132
vn -0.8383 0.3857 -0.3854
vn -0.5041 0.4386 -0.7440
vn -0.0480 0.6517 -0.7570
vn -0.2954 0.4491 -0.8432
vn -0.0434 0.7068 -0.7061
vn -0.0000 -0.5740 0.8189
vn -0.0000 -0.7075 0.7067
vn -0.0000 -0.6433 0.7656
vn -0.9980 0.0354 -0.0516
vn -0.9980 0.0399 -0.0484
vn -0.9970 0.0548 -0.0547
vn -0.1763 0.6964 -0.6957
vn -0.1555 -0.5286 -0.8345
vn -0.5138 -0.2201 -0.8292
vn -0.3554 -0.0644 -0.9325
vn -0.6958 0.3120 -0.6469
vn -0.6425 0.4863 -0.5922
vn -0.6192 0.3183 -0.7178
vn -0.7355 0.4557 -0.5013
vn -0.6154 0.5584 -0.5563
vn -0.2863 -0.5307 -0.7977
vn -0.1811 -0.5975 -0.7812
vn -0.2854 -0.1430 -0.9477
vn -0.4941 0.2672 -0.8273
vn -0.6034 0.5351 -0.5913
vn -0.2717 0.4208 -0.8655
vn -0.2629 0.6235 -0.7363
vn -0.1867 0.6950 -0.6943
vn -0.5468 0.5374 -0.6420
vn -0.6828 0.4553 -0.5713
vn -0.1766 0.6329 -0.7538
vn -0.6699 -0.4773 0.5688
vn -0.9997 0.0162 -0.0193
vn -0.5667 0.5296 -0.6312
vn -0.9658 0.1685 0.1971
vn -0.6764 0.4816 -0.5572
vn -0.7378 0.4509 -0.5024
vn -0.8884 0.2945 -0.3522
vn -0.9692 0.1360 -0.2052
vn -0.9533 0.1780 -0.2441
vn -0.9613 0.1459 -0.2337
vn -0.9691 0.1194 -0.2160
vn -0.7213 0.4585 -0.5192
vn -0.8393 0.4152 -0.3510
vn -0.6948 0.6985 -0.1712
vn -0.7027 0.6980 -0.1378
vn -0.5853 0.7780 -0.2283
vn -0.6448 0.7094 -0.2847
vn -0.7745 0.6323 -0.0201
vn -0.7682 0.4254 -0.4784
vn -0.9308 0.3553 -0.0863
vn -0.5579 0.7580 -0.3380
vn -0.3932 0.9192 -0.0224
vn -0.3369 0.9402 0.0497
vn -0.4186 0.8872 0.1942
vn -0.7658 0.5481 0.3364
vn -1.0000 0.0035 -0.0059
vn 0.0083 -0.9284 -0.3715
vn 0.0174 -0.8977 -0.4402
vn -0.6932 -0.5874 -0.4176
vn -0.6979 -0.5954 -0.3980
vn -0.0059 -0.9531 0.3027
vn -0.0067 -0.9946 -0.1036
vn -0.7649 -0.6432 0.0348
vn -0.7222 -0.6292 -0.2873
vn 0.0051 -0.8597 -0.5109
vn -0.7992 -0.4893 -0.3491
vn 0.0001 -0.7518 -0.6594
vn -0.7081 -0.5072 -0.4913
vn -0.0077 -0.5420 -0.8404
vn -0.7097 -0.2402 -0.6623
vn -0.3872 -0.8780 -0.2813
vn -0.5131 -0.7073 -0.4863
vn 0.4033 -0.9084 -0.1100
vn 0.4461 -0.8419 -0.3038
vn 0.4946 -0.8629 0.1040
vn -0.2678 -0.9164 -0.2974
vn -0.5014 -0.7177 -0.4832
vn 0.5162 -0.7407 -0.4300
vn 0.3055 -0.6185 -0.7239
vn -0.4138 -0.5410 -0.7322
vn -0.2747 -0.3872 -0.8801
vn -0.7040 -0.4024 -0.5852
vn -0.8422 -0.4426 -0.3078
vn -0.0006 -0.8662 -0.4997
vn -0.0005 -0.8774 -0.4798
vn -0.0005 -0.8692 -0.4945
vn -0.0003 -0.8823 -0.4706
vn 0.0189 -0.9925 -0.1205
vn 0.0301 -0.9714 0.2356
vn 0.0013 -0.8971 -0.4418
vn 0.0011 -0.8798 -0.4754
vn 0.0030 -0.8772 -0.4802
vn 0.0012 -0.8769 -0.4806
vn -0.0064 -0.8355 -0.5495
vn 0.0102 -0.8122 -0.5833
vn -0.8574 -0.3739 -0.3537
vn -0.8791 -0.3021 -0.3687
vn 0.7795 -0.6056 -0.1599
vn 0.7740 -0.6326 0.0266
vn 0.6815 -0.7312 0.0311
vn 0.7197 -0.6580 0.2214
vn 0.7001 -0.6048 0.3797
vn -0.8643 -0.4055 -0.2977
vn 0.6813 -0.6390 -0.3571
vn 0.6846 -0.5225 -0.5083
vn 0.5113 -0.3993 -0.7610
vn 0.1086 -0.4016 -0.9093
vn -0.0453 0.0144 -0.9989
vn -0.7393 0.0915 -0.6671
vn 0.0064 -0.6709 -0.7415
vn -0.9649 0.1050 -0.2407
vn -0.0771 -0.4506 -0.8894
vn -0.1471 0.0247 -0.9888
vn 0.0108 -0.6789 -0.7342
vn -0.0050 -0.7777 -0.6286
vn 0.0084 -0.8732 -0.4872
vn 0.0171 -0.8982 -0.4393
vn 0.0030 -0.9391 -0.3437
vn -0.0119 -0.9994 -0.0333
vn -0.0035 -0.9291 0.3698
vn -0.9917 0.1241 0.0325
vn -0.7567 -0.6143 -0.2236
vn -0.7567 -0.6316 -0.1689
vn -0.9928 0.1123 0.0409
vn -0.6401 -0.7570 -0.1315
vn -0.9916 0.1276 0.0211
vn -0.8845 -0.4648 -0.0405
vn -0.9921 0.1254 0.0107
vn -0.1779 0.9507 0.2542
vn -0.1779 0.9247 0.3366
vn -0.7634 0.6215 0.1760
vn -0.6494 0.7108 0.2704
vn -0.1779 0.9692 0.1702
vn -0.7634 0.6345 0.1210
vn -0.1779 0.9804 0.0853
vn -0.8331 0.5503 0.0557
vn -0.7327 0.6395 0.2328
vn -0.7676 0.6215 0.1566
vn -0.7310 0.6583 0.1797
vn -0.6527 0.7156 0.2487
vn -0.8378 0.5390 0.0866
vn -0.5837 0.8000 0.1391
vn -0.8082 0.5859 0.0595
vn -0.6530 0.7553 0.0547
vn -0.5041 0.8142 0.2880
vn -0.8869 0.4340 0.1580
vn -0.0480 0.9851 0.1649
vn -0.2957 0.8872 0.3542
vn -0.0434 0.9953 0.0866
vn -0.0000 -0.9661 -0.2583
vn -0.0000 -0.9397 -0.3420
vn -0.0000 -0.9962 -0.0866
vn -0.0000 -0.9849 -0.1730
vn -0.9980 0.0603 0.0168
vn -0.9989 0.0448 0.0163
vn -0.9976 0.0679 0.0118
vn -0.9974 0.0713 0.0053
vn -0.1778 0.9507 0.2542
vn -0.2601 0.2307 0.9376
vn -0.6778 0.6068 0.4151
vn -0.5074 0.4217 0.7515
vn -0.3231 0.5318 0.7828
vn -0.6404 0.7572 0.1286
vn -0.7115 0.6953 0.1014
vn -0.5903 0.7430 0.3154
vn -0.6396 0.7665 0.0588
vn -0.1811 0.0444 0.9825
vn -0.2854 0.4997 0.8178
vn -0.2863 0.1062 0.9522
vn -0.5287 0.7477 0.4017
vn -0.6115 0.7858 0.0923
vn -0.1992 0.8979 0.3926
vn -0.2611 0.9510 0.1656
vn -0.2586 0.9624 0.0829
vn -0.7381 0.6340 0.2308
vn -0.4854 0.8584 0.1657
vn -0.3583 0.8708 0.3367
vn -0.6828 0.7160 0.1450
vn -0.1910 0.9691 0.1558
vn -0.1599 0.9334 0.3211
vn -0.8122 0.5550 0.1797
vn -0.4347 0.8390 0.3272
vn -0.8927 -0.4235 -0.1541
vn -0.6699 -0.7312 -0.1289
vn -0.9997 0.0238 0.0087
vn -0.9997 0.0248 0.0044
vn -0.5508 0.7843 0.2855
vn -0.5666 0.8115 0.1431
vn -0.9189 0.3706 0.1349
vn -0.9897 -0.1346 -0.0490
vn -0.9996 -0.0249 -0.0091
vn -0.7877 0.5074 -0.3494
vn -0.9658 0.0024 -0.2592
vn -0.6764 0.7271 0.1172
vn -0.8884 0.4520 0.0806
vn -0.7378 0.6683 0.0951
vn -0.9692 0.2361 0.0697
vn -0.9533 0.2932 0.0727
vn -0.9613 0.2619 0.0852
vn -0.9575 0.2710 0.0986
vn -0.9691 0.2303 0.0887
vn -0.7213 0.6850 0.1030
vn -0.8393 0.5437 0.0020
vn -0.8123 0.5480 0.1995
vn -0.6948 0.6452 -0.3179
vn -0.7027 0.6233 -0.3431
vn -0.5853 0.7427 -0.3252
vn -0.6448 0.7264 -0.2379
vn -0.7745 0.4973 -0.3910
vn -0.7682 0.6334 0.0930
vn -0.9308 0.3277 -0.1623
vn -0.9757 0.2061 0.0750
vn -0.5579 0.7979 -0.2283
vn -0.6735 0.6946 0.2528
vn -0.3932 0.7185 -0.5737
vn -0.3369 0.6883 -0.6425
vn -0.4186 0.5548 -0.7190
vn -0.7658 0.2037 -0.6100
vn -0.9893 0.1387 0.0440
vn -0.9986 0.0504 0.0171
vn -0.9880 0.1427 0.0594
vn -0.9992 0.0373 0.0148
vn 0.0174 -0.4047 0.9143
vn 0.0084 -0.4725 0.8813
vn -0.6932 -0.1816 0.6975
vn -0.6978 -0.2003 0.6877
vn -0.0067 -0.6953 0.7187
vn -0.7649 -0.5151 0.3867
vn -0.7222 -0.2974 0.6245
vn -0.0060 -0.9247 0.3807
vn 0.0051 -0.3302 0.9439
vn -0.7992 -0.1504 0.5819
vn 0.0001 -0.1520 0.9884
vn -0.7081 -0.0728 0.7024
vn -0.0077 0.1250 0.9921
vn -0.7097 0.2417 0.6617
vn 0.4033 -0.6252 0.6682
vn -0.5131 -0.2293 0.8272
vn -0.3872 -0.4918 0.7799
vn 0.4461 -0.4496 0.7738
vn 0.4946 -0.7279 0.4750
vn -0.2678 -0.5109 0.8169
vn -0.5014 -0.2393 0.8315
vn 0.4767 -0.3190 0.8192
vn 0.3668 -0.0317 0.9298
vn -0.4138 0.0563 0.9086
vn -0.7040 0.0679 0.7069
vn -0.8422 -0.1412 0.5203
vn -0.2747 0.2692 0.9231
vn -0.0005 -0.3480 0.9375
vn -0.0005 -0.3637 0.9315
vn -0.0006 -0.3423 0.9396
vn -0.0003 -0.3734 0.9277
vn 0.0301 -0.8956 0.4439
vn 0.0204 -0.6828 0.7304
vn 0.0013 -0.4033 0.9151
vn 0.0011 -0.3684 0.9297
vn 0.0030 -0.3633 0.9317
vn 0.0012 -0.3628 0.9319
vn -0.0063 -0.2868 0.9580
vn 0.0105 -0.2472 0.9689
vn -0.8574 -0.0591 0.5113
vn -0.8791 0.0056 0.4766
vn 0.7740 -0.5017 0.3863
vn 0.7795 -0.3611 0.5118
vn 0.6815 -0.5801 0.4461
vn 0.7197 -0.6464 0.2534
vn 0.7001 -0.7073 0.0979
vn -0.8643 -0.1193 0.4887
vn 0.6827 -0.2270 0.6946
vn 0.6902 -0.0275 0.7231
vn 0.5113 0.1833 0.8396
vn 0.1086 0.2769 0.9548
vn -0.0453 0.6531 0.7559
vn -0.7394 0.4988 0.4522
vn 0.0064 -0.0373 0.9993
vn -0.9649 0.2351 0.1168
vn -0.9904 0.1299 0.0473
vn -0.0771 0.2265 0.9709
vn -0.1471 0.6545 0.7416
vn -1.0000 0.0044 0.0015
vn -0.9991 0.0392 0.0145
vn -0.9941 0.1024 0.0361
vn -0.9813 0.1808 0.0663
vn 0.0108 -0.0481 0.9988
vn -0.0050 -0.1917 0.9814
vn 0.0084 -0.3558 0.9345
vn 0.0171 -0.4057 0.9138
vn 0.0030 -0.4984 0.8669
vn -0.0119 -0.7441 0.6679
vn -0.0035 -0.9494 0.3139
vn -0.9991 0.0397 0.0142
vn -0.9926 0.1134 0.0425
vn -0.7877 0.1641 0.5938
vn -0.7025 -0.6688 -0.2434
vn -0.9802 0.1865 0.0672
vn -0.9913 0.1194 0.0557
vn -0.7567 -0.5924 -0.2766
vn -0.6400 -0.6645 -0.3858
vn -0.9920 0.1089 0.0631
vn -0.8845 -0.3810 -0.2693
vn -0.9921 0.1028 0.0723
vn -0.7567 -0.5008 -0.4203
vn -0.9928 0.0915 0.0768
vn -0.1779 0.8916 0.4163
vn -0.7634 0.5813 0.2815
vn -0.1779 0.8519 0.4926
vn -0.8331 0.4749 0.2837
vn -0.1779 0.8058 0.5649
vn -0.7634 0.5235 0.3784
vn -0.1779 0.7538 0.6325
vn -0.6494 0.5755 0.4971
vn -0.7676 0.5846 0.2626
vn -0.6318 0.6981 0.3369
vn -0.8378 0.4765 0.2665
vn -0.5785 0.6966 0.4243
vn -0.8082 0.4773 0.3450
vn -0.6530 0.6264 0.4257
vn -0.8379 0.4231 0.3448
vn -0.5787 0.6171 0.5332
vn -0.5041 0.8088 0.3027
vn -0.0480 0.8586 0.5103
vn -0.2954 0.9084 0.2959
vn -0.0434 0.8181 0.5735
vn -0.0434 0.7653 0.6422
vn -0.0000 -0.9061 -0.4231
vn -0.0000 -0.7660 -0.6428
vn -0.0000 -0.8189 -0.5740
vn -0.0000 -0.8657 -0.5006
vn -0.9976 0.0624 0.0293
vn -0.9974 0.0614 0.0366
vn -0.9980 0.0510 0.0365
vn -0.9989 0.0365 0.0306
vn -0.1337 0.7694 -0.6246
vn -0.5138 0.7783 -0.3608
vn -0.4052 0.8946 -0.1883
vn -0.6958 0.6913 0.1949
vn -0.6425 0.6676 0.3761
vn -0.6192 0.7622 0.1888
vn -0.7095 0.5927 0.3813
vn -0.6396 0.6325 0.4369
vn -0.7118 0.5314 0.4593
vn -0.6023 0.6165 0.5071
vn -0.2863 0.6935 -0.6612
vn -0.1811 0.6655 -0.7240
vn -0.2854 0.9085 -0.3053
vn -0.4941 0.8611 0.1195
vn -0.6163 0.6757 0.4046
vn -0.5887 0.6317 0.5044
vn -0.2717 0.9254 0.2641
vn -0.2629 0.8334 0.4862
vn -0.2585 0.7915 0.5539
vn -0.2586 0.7405 0.6203
vn -0.4854 0.7509 0.4479
vn -0.6828 0.6417 0.3492
vn -0.7101 0.5393 0.4526
vn -0.3712 0.6993 0.6109
vn -0.1910 0.8571 0.4784
vn -0.1599 0.7673 0.6211
vn -0.7281 0.5251 0.4406
vn -0.4066 0.6999 0.5873
vn -0.9734 -0.1756 -0.1474
vn -0.6699 -0.6430 -0.3712
vn -0.9997 0.0218 0.0126
vn -0.5666 0.7136 0.4120
vn -0.9897 -0.1098 -0.0921
vn -0.8210 0.4373 0.3670
vn -0.9658 -0.1648 0.2001
vn -0.7057 0.5428 0.4554
vn -0.6764 0.6323 0.3776
vn -0.7378 0.5731 0.3568
vn -0.9130 0.3125 0.2622
vn -0.8884 0.3980 0.2288
vn -0.9692 0.2257 0.0983
vn -0.9806 0.1501 0.1259
vn -0.9533 0.2713 0.1328
vn -0.9613 0.2554 0.1031
vn -0.9691 0.2333 0.0800
vn -0.7213 0.5909 0.3614
vn -0.8393 0.4178 0.3479
vn -0.6948 0.2899 0.6582
vn -0.7028 0.2570 0.6634
vn -0.5853 0.3599 0.7265
vn -0.6448 0.4035 0.6491
vn -0.7745 0.1296 0.6192
vn -0.7682 0.5450 0.3359
vn -0.9307 0.1467 0.3350
vn -0.5579 0.4645 0.6878
vn -0.3932 0.1816 0.9013
vn -0.3369 0.1143 0.9346
vn -0.4186 -0.0371 0.9074
vn -0.7658 -0.2361 0.5982
vn -1.0000 0.0064 0.0024
vn 0.0084 0.2046 -0.9788
vn 0.0174 0.2776 -0.9605
vn -0.6932 0.3092 -0.6510
vn -0.6978 0.2886 -0.6555
vn -0.0059 -0.4636 -0.8860
vn -0.0067 -0.0709 -0.9975
vn -0.7649 -0.1460 -0.6274
vn -0.7222 0.1736 -0.6695
vn 0.0039 -0.7660 -0.6428
vn -0.4807 -0.6717 -0.5636
vn 0.0051 0.3538 -0.9353
vn -0.7992 0.2588 -0.5425
vn 0.0001 0.5189 -0.8548
vn -0.7081 0.3957 -0.5848
vn -0.0109 0.7178 -0.6962
vn -0.7097 0.6106 -0.3516
vn -0.3872 0.1245 -0.9135
vn -0.5131 0.3561 -0.7810
vn 0.4033 -0.0494 -0.9137
vn 0.4461 0.1530 -0.8818
vn 0.4946 -0.2523 -0.8317
vn -0.2678 0.1337 -0.9542
vn -0.5014 0.3512 -0.7907
vn 0.5162 0.2948 -0.8041
vn 0.3055 0.6055 -0.7348
vn -0.4138 0.6272 -0.6599
vn -0.2747 0.7995 -0.5341
vn -0.7040 0.5064 -0.4979
vn -0.8422 0.2262 -0.4893
vn -0.0006 0.3420 -0.9397
vn -0.0005 0.3202 -0.9474
vn -0.0005 0.3360 -0.9418
vn -0.0003 0.3102 -0.9507
vn 0.0189 -0.0537 -0.9984
vn 0.0301 -0.4007 -0.9157
vn 0.0013 0.2793 -0.9602
vn 0.0011 0.3154 -0.9490
vn 0.0410 -0.7654 -0.6422
vn 0.0296 -0.7657 -0.6425
vn 0.0030 0.3206 -0.9472
vn 0.0012 0.3211 -0.9471
vn -0.0063 0.3960 -0.9182
vn 0.0102 0.4334 -0.9011
vn -0.8574 0.2834 -0.4297
vn -0.8791 0.3107 -0.3615
vn 0.7740 -0.1360 -0.6184
vn 0.7795 0.0523 -0.6242
vn 0.6815 -0.1576 -0.7147
vn 0.7197 -0.3323 -0.6096
vn 0.7001 -0.4789 -0.5297
vn 0.7774 -0.4818 -0.4043
vn 0.8332 -0.4236 -0.3554
vn -0.8643 0.2228 -0.4510
vn 0.6813 0.2407 -0.6913
vn 0.6846 0.4099 -0.6028
vn 0.5113 0.6801 -0.5254
vn 0.1086 0.8258 -0.5534
vn -0.0460 0.9749 -0.2178
vn -0.7394 0.6728 -0.0258
vn 0.0064 0.6137 -0.7895
vn -0.9649 0.2552 0.0616
vn -0.0771 0.7976 -0.5982
vn -0.1471 0.9781 -0.1474
vn 0.0108 0.6051 -0.7961
vn -0.0050 0.4840 -0.8750
vn 0.0084 0.3282 -0.9446
vn 0.0171 0.2766 -0.9608
vn 0.0030 0.1754 -0.9845
vn -0.0119 -0.1407 -0.9900
vn -0.0035 -0.5255 -0.8508
vn 0.0049 -0.7660 -0.6428
vn -0.9997 0.0194 0.0163
vn -0.7025 -0.5452 -0.4575
vn -0.5508 0.6394 0.5365
vn -0.9921 0.0736 0.1018
vn -0.9924 0.0623 0.1061
vn -0.7566 -0.3857 -0.5280
vn -0.6401 -0.3854 -0.6647
vn -0.9916 0.0841 0.0982
vn -0.7566 -0.4303 -0.4923
vn -0.9921 0.0891 0.0886
vn -0.8845 -0.3300 -0.3298
vn -0.6494 0.3897 0.6530
vn -0.1779 0.5648 0.8058
vn -0.1779 0.4920 0.8522
vn -0.8331 0.3239 0.4484
vn -0.1779 0.6331 0.7534
vn -0.6494 0.4975 0.5751
vn -0.1793 0.6960 0.6953
vn -0.9062 0.2991 0.2988
vn -0.7676 0.3602 0.5301
vn -0.7327 0.3403 0.5893
vn -0.6527 0.3692 0.6616
vn -0.6317 0.4530 0.6290
vn -0.7679 0.4049 0.4964
vn -0.7211 0.4577 0.5201
vn -0.6875 0.5138 0.5133
vn -0.8383 0.3858 0.3853
vn -0.5041 0.4386 0.7440
vn -0.8870 0.2309 0.4000
vn -0.0479 0.6517 0.7570
vn -0.2954 0.4492 0.8432
vn -0.0434 0.7068 0.7061
vn -0.0000 -0.5620 -0.8271
vn -0.0000 -0.5000 -0.8660
vn -0.0000 -0.7075 -0.7067
vn -0.0000 -0.6321 -0.7749
vn -0.9974 0.0402 0.0590
vn -0.9989 0.0238 0.0413
vn -0.9980 0.0402 0.0479
vn -0.9974 0.0512 0.0499
vn -0.1779 0.5649 0.8058
vn -0.1763 0.6964 0.6957
vn -0.3554 -0.0644 0.9325
vn -0.5138 -0.2201 0.8292
vn -0.1555 -0.5286 0.8345
vn -0.6958 0.3120 0.6469
vn -0.6425 0.4863 0.5921
vn -0.7355 0.4557 0.5013
vn -0.6192 0.3183 0.7178
vn -0.6154 0.5584 0.5563
vn -0.1811 -0.5975 0.7812
vn -0.2863 -0.5307 0.7977
vn -0.2854 -0.1429 0.9477
vn -0.6033 0.5351 0.5913
vn -0.4941 0.2672 0.8273
vn -0.2629 0.6235 0.7363
vn -0.2717 0.4208 0.8655
vn -0.1867 0.6950 0.6943
vn -0.5468 0.5374 0.6420
vn -0.7381 0.3373 0.5843
vn -0.6828 0.4553 0.5713
vn -0.3583 0.4828 0.7991
vn -0.1766 0.6329 0.7538
vn -0.1599 0.4783 0.8635
vn -0.4347 0.4679 0.7695
vn -0.8122 0.2734 0.5154
vn -0.8927 -0.2253 -0.3903
vn -0.6699 -0.4773 -0.5688
vn -0.9997 0.0162 0.0193
vn -0.9997 0.0126 0.0219
vn -0.5508 0.4173 0.7228
vn -0.5667 0.5296 0.6312
vn -0.9189 0.1972 0.3416
vn -0.9897 -0.0716 -0.1241
vn -0.9996 -0.0132 -0.0229
vn -0.7877 0.6133 0.0585
vn -0.9658 0.1685 -0.1970
vn -0.6764 0.4816 0.5572
vn -0.7378 0.4509 0.5024
vn -0.8884 0.2945 0.3523
vn -0.9692 0.1360 0.2052
vn -0.9533 0.1780 0.2442
vn -0.9613 0.1459 0.2337
vn -0.9575 0.1442 0.2498
vn -0.9691 0.1195 0.2160
vn -0.7213 0.4585 0.5191
vn -0.8393 0.4152 0.3510
vn -0.8124 0.2916 0.5050
vn -0.6948 0.6986 0.1712
vn -0.7027 0.6980 0.1378
vn -0.5853 0.7780 0.2283
vn -0.6448 0.7093 0.2847
vn -0.7745 0.6323 0.0201
vn -0.9308 0.3553 0.0863
vn -0.7683 0.4254 0.4783
vn -0.9757 0.1097 0.1899
vn -0.6735 0.3696 0.6401
vn -0.5579 0.7579 0.3380
vn -0.3933 0.9192 0.0224
vn -0.3369 0.9402 -0.0497
vn -0.4186 0.8872 -0.1941
vn -0.7658 0.5482 -0.3363
vn -0.9894 0.0675 0.1289
vn -0.9880 0.0833 0.1302
vn -0.9989 0.0229 0.0417
vn -0.9990 0.0240 0.0388
vn 0.0174 -0.8977 0.4402
vn -0.6932 -0.5874 0.4176
vn -0.6978 -0.5955 0.3980
vn 0.0084 -0.9284 0.3714
vn -0.0067 -0.9946 0.1034
vn -0.7649 -0.6432 -0.0348
vn -0.7222 -0.6292 0.2872
vn -0.0060 -0.9531 -0.3027
vn 0.0051 -0.8597 0.5109
vn -0.7992 -0.4893 0.3491
vn -0.0000 -0.7518 0.6594
vn -0.7080 -0.5073 0.4913
vn -0.0076 -0.5420 0.8404
vn -0.7097 -0.2402 0.6623
vn 0.4033 -0.9084 0.1100
vn 0.4461 -0.8418 0.3038
vn -0.5131 -0.7073 0.4863
vn -0.3872 -0.8780 0.2813
vn 0.4946 -0.8629 -0.1040
vn -0.2678 -0.9164 0.2974
vn 0.5162 -0.7407 0.4300
vn -0.5014 -0.7177 0.4832
vn -0.4138 -0.5410 0.7322
vn 0.3055 -0.6185 0.7239
vn -0.2747 -0.3871 0.8801
vn -0.7040 -0.4024 0.5852
vn -0.8422 -0.4426 0.3078
vn -0.0005 -0.8692 0.4945
vn -0.0003 -0.8823 0.4706
vn -0.0005 -0.8774 0.4798
vn -0.0006 -0.8661 0.4999
vn 0.0301 -0.9714 -0.2356
vn 0.0204 -0.9925 0.1206
vn 0.0013 -0.8971 0.4418
vn 0.0011 -0.8798 0.4754
vn 0.0012 -0.8769 0.4806
vn 0.0030 -0.8771 0.4803
vn -0.0063 -0.8355 0.5495
vn 0.0105 -0.8122 0.5834
vn -0.8574 -0.3739 0.3537
vn -0.8791 -0.3021 0.3687
vn 0.7740 -0.6326 -0.0266
vn 0.7795 -0.6056 0.1599
vn 0.6815 -0.7312 -0.0311
vn 0.7197 -0.6580 -0.2214
vn 0.7001 -0.6048 -0.3796
vn -0.8643 -0.4055 0.2978
vn 0.6813 -0.6390 0.3571
vn 0.6846 -0.5225 0.5083
vn 0.5113 -0.3993 0.7610
vn 0.1086 -0.4016 0.9093
vn -0.0453 0.0144 0.9989
vn -0.7394 0.0915 0.6670
vn 0.0064 -0.6709 0.7415
vn -0.9649 0.1050 0.2406
vn -0.9904 0.0691 0.1197
vn -0.0771 -0.4506 0.8894
vn -0.1471 0.0247 0.9888
vn -1.0000 0.0028 0.0047
vn -0.9994 0.0166 0.0293
vn -0.9941 0.0553 0.0935
vn -0.9813 0.0959 0.1670
vn 0.0108 -0.6789 0.7342
vn -0.0050 -0.7777 0.6286
vn 0.0084 -0.8732 0.4872
vn 0.0171 -0.8982 0.4393
vn 0.0030 -0.9391 0.3437
vn -0.0119 -0.9994 0.0333
vn -0.0035 -0.9291 -0.3698
vn -0.9987 0.0253 0.0434
vn -0.9926 0.0593 0.1055
vn -0.7877 -0.2560 0.5603
vn -0.7025 -0.3558 -0.6163
vn -0.9802 0.0996 0.1714
vn -0.9921 0.0533 0.1139
vn -0.8845 -0.1986 -0.4222
vn -0.9913 0.0450 0.1239
vn -0.5899 -0.2878 -0.7544
vn -0.7567 -0.1780 -0.6291
vn -0.9920 0.0326 0.1219
vn -0.7567 -0.1135 -0.6438
vn -0.9928 0.0207 0.1177
vn -0.7634 0.2812 0.5815
vn -0.1779 0.4154 0.8921
vn -0.7634 0.2293 0.6038
vn -0.1779 0.3359 0.9249
vn -0.8331 0.1504 0.5323
vn -0.1779 0.2542 0.9507
vn -0.6493 0.1427 0.7470
vn -0.1779 0.1709 0.9691
vn -0.7676 0.2621 0.5849
vn -0.7310 0.2913 0.6171
vn -0.8378 0.1789 0.5158
vn -0.5837 0.2759 0.7636
vn -0.8081 0.1603 0.5667
vn -0.6530 0.1850 0.7344
vn -0.8379 0.0871 0.5388
vn -0.5786 0.1532 0.8011
vn -0.5041 0.4250 0.7518
vn -0.2957 0.5029 0.8122
vn -0.0480 0.3334 0.9416
vn -0.0434 0.2581 0.9652
vn -0.0434 0.1735 0.9839
vn -0.0000 -0.4221 -0.9065
vn -0.0000 -0.1736 -0.9848
vn -0.0000 -0.2443 -0.9697
vn -0.0000 -0.3277 -0.9448
vn -0.9980 0.0270 0.0565
vn -0.9976 0.0234 0.0648
vn -0.9974 0.0176 0.0693
vn -0.9989 0.0083 0.0469
vn -0.2601 0.9634 0.0644
vn -0.6778 0.5142 0.5256
vn -0.3232 0.8632 0.3878
vn -0.5074 0.8133 0.2848
vn -0.6404 0.2581 0.7233
vn -0.5903 0.4396 0.6770
vn -0.7115 0.2206 0.6672
vn -0.6396 0.1910 0.7446
vn -0.6023 0.1309 0.7875
vn -0.7118 0.1321 0.6899
vn -0.2863 0.9562 -0.0608
vn -0.1811 0.9752 -0.1268
vn -0.2854 0.8922 0.3500
vn -0.5287 0.5255 0.6666
vn -0.6115 0.2274 0.7579
vn -0.5887 0.1210 0.7992
vn -0.1992 0.5425 0.8161
vn -0.2612 0.3282 0.9078
vn -0.2586 0.2487 0.9334
vn -0.2585 0.1669 0.9515
vn -0.4854 0.3123 0.8166
vn -0.6828 0.2671 0.6800
vn -0.7022 0.1137 0.7029
vn -0.3712 0.1794 0.9111
vn -0.1910 0.3217 0.9274
vn -0.1599 0.1542 0.9750
vn -0.4347 0.1766 0.8831
vn -0.7527 0.0853 0.6528
vn -0.9734 -0.0398 -0.2258
vn -0.6699 -0.2539 -0.6977
vn -0.9997 0.0086 0.0236
vn -0.5666 0.2818 0.7743
vn -0.9897 -0.0249 -0.1411
vn -0.8210 0.0991 0.5622
vn -0.9658 -0.2548 0.0474
vn -0.7126 0.1316 0.6891
vn -0.6764 0.2417 0.6957
vn -0.7378 0.2097 0.6417
vn -0.9130 0.0708 0.4017
vn -0.8883 0.1578 0.4312
vn -0.9692 0.1097 0.2204
vn -0.9806 0.0340 0.1929
vn -0.9533 0.1225 0.2762
vn -0.9613 0.1294 0.2432
vn -0.9691 0.1273 0.2115
vn -0.7213 0.2203 0.6567
vn -0.8393 0.0964 0.5351
vn -0.6948 -0.2010 0.6906
vn -0.7027 -0.2296 0.6734
vn -0.5853 -0.1913 0.7879
vn -0.6448 -0.1081 0.7567
vn -0.7745 -0.2988 0.5576
vn -0.7683 0.2015 0.6076
vn -0.9308 -0.1030 0.3509
vn -0.5579 -0.0862 0.8254
vn -0.3933 -0.4402 0.8072
vn -0.3369 -0.5132 0.7894
vn -0.4186 -0.6117 0.6712
vn -0.7658 -0.5653 0.3065
vn -1.0000 0.0029 0.0052
vn 0.0084 0.7859 -0.6183
vn 0.0174 0.8301 -0.5573
vn -0.6932 0.6553 -0.3000
vn -0.6978 0.6425 -0.3167
vn -0.0060 0.2144 -0.9767
vn -0.0067 0.5870 -0.8096
vn -0.7649 0.2914 -0.5744
vn -0.7222 0.5634 -0.4013
vn 0.0039 -0.1736 -0.9848
vn -0.4807 -0.1523 -0.8635
vn 0.0051 0.8722 -0.4891
vn -0.7992 0.5470 -0.2492
vn 0.0001 0.9470 -0.3213
vn -0.7080 0.6791 -0.1936
vn -0.0077 0.9988 -0.0492
vn -0.7097 0.6937 0.1231
vn -0.3872 0.6826 -0.6197
vn -0.5130 0.7748 -0.3694
vn 0.4033 0.5495 -0.7317
vn 0.4461 0.6840 -0.5772
vn 0.4946 0.3414 -0.7993
vn -0.2678 0.7158 -0.6450
vn -0.5014 0.7773 -0.3800
vn 0.4767 0.7513 -0.4564
vn 0.3668 0.9101 -0.1926
vn -0.4138 0.9046 -0.1024
vn -0.8422 0.4878 -0.2294
vn -0.7040 0.7080 -0.0559
vn -0.2747 0.9558 0.1048
vn -0.0007 0.8657 -0.5006
vn -0.0005 0.8542 -0.5200
vn -0.0005 0.8628 -0.5055
vn -0.0003 0.8487 -0.5288
vn 0.0189 0.6006 -0.7993
vn 0.0301 0.2817 -0.9590
vn 0.0013 0.8312 -0.5560
vn 0.0011 0.8516 -0.5242
vn 0.0410 -0.1735 -0.9840
vn 0.0296 -0.1736 -0.9844
vn 0.0030 0.8545 -0.5195
vn 0.0012 0.8549 -0.5188
vn -0.0064 0.8936 -0.4488
vn 0.0102 0.9113 -0.4117
vn -0.8574 0.4933 -0.1470
vn -0.8791 0.4704 -0.0773
vn 0.7795 0.4413 -0.4445
vn 0.7740 0.2933 -0.5611
vn 0.6815 0.3386 -0.6488
vn 0.7197 0.1372 -0.6806
vn 0.7001 -0.0264 -0.7136
vn 0.7774 -0.1092 -0.6194
vn 0.8332 -0.0960 -0.5445
vn -0.8642 0.4607 -0.2022
vn 0.6827 0.6446 -0.3441
vn 0.6902 0.7073 -0.1527
vn 0.5113 0.8587 0.0347
vn 0.1086 0.9883 0.1069
vn -0.0453 0.8578 0.5120
vn -0.7394 0.5320 0.4127
vn 0.0063 0.9776 -0.2103
vn -0.9649 0.1559 0.2113
vn -0.0771 0.9955 0.0545
vn -0.1471 0.8440 0.5158
vn 0.0108 0.9752 -0.2209
vn -0.0050 0.9332 -0.3592
vn 0.0084 0.8586 -0.5126
vn 0.0170 0.8295 -0.5582
vn 0.0030 0.7672 -0.6414
vn -0.0119 0.5285 -0.8488
vn -0.0035 0.1443 -0.9895
vn 0.0049 -0.1736 -0.9848
vn -0.9997 0.0044 0.0249
vn -0.7025 -0.1236 -0.7009
vn -0.5508 0.1449 0.8220
vn -0.7567 0.1135 -0.6438
vn -0.9913 -0.0114 0.1313
vn -0.9928 -0.0207 0.1176
vn -0.7567 0.0566 -0.6513
vn -0.7567 -0.0005 -0.6537
vn -0.9928 0.0001 0.1195
vn -0.9913 0.0116 0.1313
vn -0.7567 -0.0573 -0.6512
vn -0.6494 -0.1429 0.7469
vn -0.7634 -0.0654 0.6426
vn -0.1778 -0.1709 0.9691
vn -0.1779 -0.0853 0.9804
vn -0.6835 0.0004 0.7299
vn -0.1762 0.0007 0.9844
vn -0.1779 0.0863 0.9803
vn -0.8331 0.0563 0.5503
vn -0.7327 -0.1182 0.6702
vn -0.7676 -0.0463 0.6392
vn -0.6317 -0.0573 0.7731
vn -0.6527 -0.1206 0.7479
vn -0.9106 0.0003 0.4133
vn -0.5785 0.0192 0.8154
vn -0.8082 0.0601 0.5859
vn -0.6530 0.0555 0.7553
vn -0.5041 -0.1422 0.8519
vn -0.8869 -0.0802 0.4549
vn -0.0480 0.0126 0.9988
vn -0.2954 -0.1979 0.9346
vn -0.0434 0.0876 0.9952
vn -0.0000 0.0866 -0.9962
vn -0.0000 0.1736 -0.9848
vn -0.0000 -0.0877 -0.9961
vn -0.0000 -0.0007 -1.0000
vn -0.9976 -0.0059 0.0687
vn -0.9989 -0.0083 0.0470
vn -0.9986 0.0002 0.0536
vn -0.9970 0.0068 0.0771
vn -0.1779 -0.1709 0.9691
vn -0.1795 0.0007 0.9838
vn -0.6715 -0.3220 0.6674
vn -0.2601 -0.8833 0.3900
vn -0.3232 -0.6785 0.6597
vn -0.4888 -0.7098 0.5072
vn -0.6734 -0.0023 0.7393
vn -0.6920 0.0277 0.7214
vn -0.5903 -0.1815 0.7865
vn -0.6396 0.0621 0.7662
vn -0.1811 -0.9598 0.2144
vn -0.2863 -0.9193 0.2699
vn -0.3435 -0.6702 0.6580
vn -0.4993 -0.2373 0.8333
vn -0.6348 0.0275 0.7722
vn -0.2949 -0.0018 0.9555
vn -0.2297 -0.2725 0.9343
vn -0.2585 0.0839 0.9624
vn -0.4374 -0.0007 0.8993
vn -0.3583 -0.1803 0.9160
vn -0.7381 -0.1172 0.6645
vn -0.6861 -0.0311 0.7268
vn -0.1599 -0.1541 0.9750
vn -0.2113 0.0003 0.9774
vn -0.4557 -0.1546 0.8766
vn -0.8420 -0.0937 0.5313
vn -0.8927 0.0783 -0.4438
vn -0.6699 -0.0000 -0.7425
vn -0.9997 -0.0044 0.0249
vn -0.9997 -0.0000 0.0252
vn -0.5508 -0.1449 0.8220
vn -0.5666 -0.0000 0.8240
vn -0.9189 -0.0685 0.3884
vn -0.9897 0.0249 -0.1411
vn -0.9996 0.0046 -0.0261
vn -0.7877 0.4322 0.4390
vn -0.9658 0.2557 -0.0427
vn -0.6732 0.0207 0.7392
vn -0.8884 -0.0008 0.4591
vn -0.7378 0.0225 0.6747
vn -0.9692 -0.0277 0.2446
vn -0.9533 -0.0206 0.3014
vn -0.9613 -0.0384 0.2728
vn -0.9575 -0.0501 0.2840
vn -0.9691 -0.0473 0.2423
vn -0.7213 0.0175 0.6924
vn -0.8393 0.0925 0.5358
vn -0.7842 -0.1449 0.6034
vn -0.6948 0.4251 0.5802
vn -0.7027 0.4461 0.5542
vn -0.5853 0.4492 0.6750
vn -0.6448 0.3604 0.6740
vn -0.7745 0.4715 0.4218
vn -0.9308 0.2167 0.2945
vn -0.7683 0.0184 0.6399
vn -0.9757 -0.0381 0.2160
vn -0.6755 -0.0973 0.7309
vn -0.5579 0.3633 0.7461
vn -0.3932 0.6897 0.6080
vn -0.3369 0.7522 0.5663
vn -0.4186 0.8044 0.4215
vn -0.7658 0.6361 0.0947
vn -0.9986 -0.0080 0.0525
vn -0.9894 -0.0193 0.1443
vn -0.9992 -0.0082 0.0394
vn -0.9880 -0.0338 0.1509
vn 0.0173 -0.9707 -0.2398
vn -0.6932 -0.7184 -0.0577
vn -0.6978 -0.7120 -0.0778
vn 0.0083 -0.9500 -0.3122
vn -0.0066 -0.8285 -0.5599
vn -0.7649 -0.4703 -0.4401
vn -0.7222 -0.6666 -0.1844
vn -0.0060 -0.5355 -0.8445
vn 0.0051 -0.9869 -0.1612
vn -0.7992 -0.5993 -0.0471
vn 0.0001 -0.9998 0.0219
vn -0.7080 -0.7044 0.0503
vn -0.0077 -0.9553 0.2954
vn -0.7097 -0.6097 0.3530
vn 0.4033 -0.7666 -0.4996
vn 0.4461 -0.8401 -0.3084
vn -0.5131 -0.8544 -0.0821
vn -0.3872 -0.8534 -0.3489
vn 0.4946 -0.5942 -0.6343
vn -0.2678 -0.8932 -0.3613
vn 0.4767 -0.8621 -0.1719
vn -0.5014 -0.8604 -0.0912
vn -0.4138 -0.8851 0.2132
vn 0.3668 -0.9211 0.1303
vn -0.2747 -0.8623 0.4254
vn -0.7040 -0.6844 0.1896
vn -0.8422 -0.5369 -0.0488
vn -0.0005 -0.9837 -0.1799
vn -0.0003 -0.9784 -0.2066
vn -0.0005 -0.9805 -0.1964
vn -0.0007 -0.9847 -0.1743
vn 0.0301 -0.5927 -0.8049
vn 0.0204 -0.8378 -0.5456
vn 0.0013 -0.9712 -0.2382
vn 0.0011 -0.9795 -0.2014
vn 0.0012 -0.9807 -0.1955
vn 0.0030 -0.9806 -0.1960
vn -0.0063 -0.9932 -0.1161
vn 0.0105 -0.9971 -0.0752
vn -0.8574 -0.5138 0.0306
vn -0.8791 -0.4684 0.0883
vn 0.7740 -0.4675 -0.4270
vn 0.7795 -0.5667 -0.2668
vn 0.6815 -0.5401 -0.4939
vn 0.7197 -0.3617 -0.5926
vn 0.7001 -0.2192 -0.6796
vn -0.8643 -0.5020 -0.0325
vn 0.6827 -0.7234 -0.1029
vn 0.6902 -0.7169 0.0985
vn 0.1086 -0.8922 0.4384
vn 0.5113 -0.7950 0.3263
vn -0.0453 -0.6310 0.7745
vn -0.7394 -0.3587 0.5698
vn 0.0064 -0.9906 0.1368
vn -0.9649 -0.0743 0.2519
vn -0.9904 -0.0240 0.1361
vn -0.0771 -0.9169 0.3917
vn -0.1471 -0.6167 0.7734
vn -1.0000 -0.0008 0.0046
vn -0.9987 -0.0090 0.0495
vn -0.9935 -0.0184 0.1121
vn -0.9813 -0.0339 0.1896
vn 0.0108 -0.9920 0.1260
vn -0.0050 -0.9998 -0.0184
vn 0.0084 -0.9821 -0.1881
vn 0.0171 -0.9704 -0.2409
vn 0.0030 -0.9403 -0.3403
vn -0.0119 -0.7870 -0.6169
vn -0.0035 -0.4740 -0.8805
vn -0.9933 -0.0211 0.1139
vn -0.9994 -0.0056 0.0332
vn -0.7877 -0.5563 0.2647
vn -0.7025 0.1236 -0.7009
vn -0.9802 -0.0339 0.1953
vn -0.9913 -0.0342 0.1273
vn -0.7567 0.1695 -0.6314
vn -0.6400 0.2646 -0.7214
vn -0.9924 -0.0430 0.1152
vn -0.8845 0.1991 -0.4219
vn -0.9916 -0.0558 0.1166
vn -0.8531 0.2528 -0.4565
vn -0.9928 -0.0597 0.1034
vn -0.1779 -0.2552 0.9504
vn -0.8331 -0.1510 0.5321
vn -0.1779 -0.3372 0.9245
vn -0.6494 -0.2708 0.7106
vn -0.1779 -0.4163 0.8916
vn -0.8331 -0.2411 0.4978
vn -0.1779 -0.4920 0.8522
vn -0.6494 -0.3896 0.6531
vn -0.7676 -0.1571 0.6213
vn -0.6317 -0.2106 0.7461
vn -0.8378 -0.1797 0.5156
vn -0.5785 -0.2969 0.7597
vn -0.7680 -0.2626 0.5841
vn -0.7213 -0.3020 0.6233
vn -0.7213 -0.3549 0.5948
vn -0.7680 -0.3122 0.5592
vn -0.5041 -0.1577 0.8492
vn -0.0480 -0.3535 0.9342
vn -0.2954 -0.1337 0.9460
vn -0.0434 -0.4227 0.9052
vn -0.0434 -0.4995 0.8652
vn -0.0000 0.2593 -0.9658
vn -0.0000 0.5124 -0.8587
vn -0.0000 0.4231 -0.9061
vn -0.0000 0.3427 -0.9395
vn -0.9970 -0.0201 0.0748
vn -0.9989 -0.0163 0.0448
vn -0.9970 -0.0328 0.0702
vn -0.9989 -0.0238 0.0413
vn -0.4052 0.3408 0.8484
vn -0.4975 0.5414 0.6778
vn -0.6896 -0.0381 0.7232
vn -0.1337 0.7487 0.6493
vn -0.6425 -0.2544 0.7228
vn -0.6192 -0.0536 0.7834
vn -0.7095 -0.2726 0.6499
vn -0.6396 -0.3204 0.6987
vn -0.7118 -0.3601 0.6031
vn -0.6023 -0.3923 0.6952
vn -0.2863 0.7716 0.5681
vn -0.1811 0.8286 0.5297
vn -0.3435 0.4047 0.8475
vn -0.6163 -0.2812 0.7357
vn -0.4428 0.0035 0.8966
vn -0.5887 -0.3870 0.7097
vn -0.2629 -0.3341 0.9051
vn -0.2717 -0.0994 0.9572
vn -0.2585 -0.4080 0.8756
vn -0.2586 -0.4823 0.8370
vn -0.6861 -0.2194 0.6937
vn -0.4854 -0.3107 0.8172
vn -0.7022 -0.3472 0.6216
vn -0.3712 -0.4802 0.7947
vn -0.1911 -0.3222 0.9272
vn -0.1599 -0.4784 0.8634
vn -0.7527 -0.3035 0.5843
vn -0.4347 -0.4680 0.7695
vn -0.9734 0.1146 -0.1986
vn -0.6699 0.2539 -0.6977
vn -0.9997 -0.0086 0.0236
vn -0.5666 -0.2818 0.7743
vn -0.9897 0.0716 -0.1241
vn -0.8210 -0.2854 0.4944
vn -0.9658 -0.2257 -0.1275
vn -0.7126 -0.3594 0.6026
vn -0.6723 -0.2666 0.6906
vn -0.7523 -0.2475 0.6106
vn -0.9130 -0.2040 0.3533
vn -0.8884 -0.1562 0.4317
vn -0.9806 -0.0979 0.1697
vn -0.9692 -0.0576 0.2393
vn -0.9533 -0.0838 0.2903
vn -0.9613 -0.0572 0.2695
vn -0.9691 -0.0384 0.2438
vn -0.7213 -0.2533 0.6446
vn -0.8650 -0.2612 0.4285
vn -0.6948 -0.5979 0.3998
vn -0.7027 -0.6087 0.3682
vn -0.6060 -0.5999 0.5225
vn -0.6256 -0.6342 0.4544
vn -0.7745 -0.5873 0.2351
vn -0.7683 -0.2362 0.5950
vn -0.9307 -0.3044 0.2026
vn -0.5785 -0.5512 0.6012
vn -0.3932 -0.8561 0.3354
vn -0.3369 -0.9005 0.2749
vn -0.4186 -0.9001 0.1210
vn -0.7658 -0.6301 -0.1286
vn -1.0000 -0.0013 0.0067
vn 0.0084 0.9995 0.0315
vn 0.0173 0.9941 0.1066
vn -0.6932 0.6948 0.1915
vn -0.6978 0.6957 0.1704
vn -0.0059 0.7921 -0.6104
vn -0.0067 0.9700 -0.2430
vn -0.7649 0.5925 -0.2527
vn -0.7222 0.6895 0.0547
vn 0.0034 0.5000 -0.8660
vn -0.4807 0.4384 -0.7594
vn 0.0051 0.9825 0.1860
vn -0.7992 0.5792 0.1607
vn -0.0000 0.9320 0.3626
vn -0.7080 0.6447 0.2882
vn -0.0109 0.8102 0.5860
vn -0.7097 0.4522 0.5402
vn -0.3872 0.9213 -0.0360
vn -0.5131 0.8310 0.2150
vn 0.4033 0.8913 -0.2073
vn 0.4461 0.8950 -0.0025
vn 0.4946 0.7753 -0.3929
vn -0.2678 0.9629 -0.0340
vn -0.5014 0.8397 0.2086
vn 0.5162 0.8431 0.1507
vn 0.3055 0.8288 0.4687
vn -0.4138 0.7588 0.5031
vn -0.2747 0.6648 0.6947
vn -0.7040 0.5783 0.4123
vn -0.8422 0.5212 0.1378
vn -0.0006 0.9848 0.1735
vn -0.0005 0.9886 0.1508
vn -0.0005 0.9859 0.1674
vn -0.0003 0.9901 0.1404
vn 0.0189 0.9739 -0.2262
vn 0.0301 0.8322 -0.5536
vn 0.0013 0.9941 0.1083
vn 0.0011 0.9893 0.1458
vn 0.0410 0.4996 -0.8653
vn 0.0296 0.4998 -0.8656
vn 0.0030 0.9885 0.1512
vn 0.0012 0.9884 0.1517
vn -0.0064 0.9730 0.2306
vn 0.0102 0.9627 0.2704
vn -0.8574 0.4723 0.2045
vn -0.8791 0.4100 0.2432
vn 0.7740 0.5853 -0.2413
vn 0.7795 0.6238 -0.0568
vn 0.6815 0.6764 -0.2793
vn 0.7197 0.5426 -0.4331
vn 0.7001 0.4385 -0.5636
vn 0.7774 0.3145 -0.5447
vn 0.8332 0.2765 -0.4788
vn -0.8643 0.4828 0.1412
vn 0.6813 0.7226 0.1170
vn 0.6846 0.6648 0.2990
vn 0.5113 0.6355 0.5786
vn 0.1086 0.6884 0.7171
vn -0.7394 0.1422 0.6581
vn -0.0460 0.3838 0.9223
vn 0.0064 0.8841 0.4673
vn -0.9649 -0.0163 0.2621
vn -0.0771 0.7276 0.6817
vn -0.1471 0.3150 0.9376
vn 0.0108 0.8890 0.4577
vn -0.0050 0.9458 0.3247
vn 0.0084 0.9872 0.1592
vn 0.0171 0.9943 0.1056
vn 0.0030 1.0000 0.0018
vn -0.0119 0.9505 -0.3105
vn -0.0035 0.7466 -0.6653
vn 0.0049 0.5000 -0.8660
vn -0.9997 -0.0126 0.0219
vn -0.7025 0.3558 -0.6163
vn -0.5508 -0.4173 0.7228
vn -0.9921 -0.0890 0.0888
vn -0.7567 0.5008 -0.4202
vn -0.8845 0.3298 -0.3300
vn -0.9928 -0.0915 0.0768
vn -0.9913 -0.0847 0.1010
vn -0.5899 0.5285 -0.6105
vn -0.6400 0.4393 -0.6304
vn -0.9920 -0.0723 0.1034
vn -0.1794 -0.6953 0.6960
vn -0.6494 -0.5754 0.4972
vn -0.8575 -0.3637 0.3638
vn -0.1779 -0.7538 0.6325
vn -0.7634 -0.4220 0.4890
vn -0.1779 -0.6320 0.7543
vn -0.8331 -0.3234 0.4487
vn -0.1779 -0.5640 0.8064
vn -0.7327 -0.5213 0.4374
vn -0.6872 -0.5135 0.5140
vn -0.7310 -0.4848 0.4802
vn -0.6527 -0.5874 0.4784
vn -0.8378 -0.3446 0.4235
vn -0.5837 -0.5204 0.6232
vn -0.8082 -0.3445 0.4777
vn -0.6531 -0.4250 0.6268
vn -0.5041 -0.6565 0.5611
vn -0.8869 -0.3539 0.2969
vn -0.2957 -0.7503 0.5912
vn -0.0480 -0.6353 0.7707
vn -0.0434 -0.5726 0.8187
vn -0.0000 0.7067 -0.7075
vn -0.0000 0.7660 -0.6428
vn -0.0000 0.5731 -0.8195
vn -0.0000 0.6310 -0.7757
vn -0.9980 -0.0447 0.0438
vn -0.9989 -0.0365 0.0307
vn -0.9976 -0.0442 0.0529
vn -0.9974 -0.0402 0.0591
vn -0.1762 -0.6957 0.6964
vn -0.1778 -0.7538 0.6325
vn -0.6778 -0.6629 0.3180
vn -0.2601 -0.9274 -0.2690
vn -0.3232 -0.9438 0.0692
vn -0.5074 -0.8617 -0.0106
vn -0.6404 -0.4900 0.5914
vn -0.7115 -0.4355 0.5515
vn -0.5903 -0.6446 0.4858
vn -0.6396 -0.4341 0.6344
vn -0.2854 -0.9581 0.0238
vn -0.1811 -0.8730 -0.4528
vn -0.2863 -0.8778 -0.3841
vn -0.5287 -0.7218 0.4467
vn -0.6115 -0.4729 0.6344
vn -0.1992 -0.7889 0.5813
vn -0.2612 -0.6189 0.7408
vn -0.2585 -0.5530 0.7921
vn -0.7381 -0.5169 0.4337
vn -0.4854 -0.5727 0.6606
vn -0.4253 -0.6933 0.5818
vn -0.6828 -0.4836 0.5476
vn -0.1482 -0.7576 0.6357
vn -0.1910 -0.6195 0.7614
vn -0.7885 -0.4711 0.3953
vn -0.4066 -0.6999 0.5873
vn -0.8927 0.3453 -0.2897
vn -0.6699 0.4773 -0.5688
vn -0.9997 -0.0194 0.0163
vn -0.9997 -0.0162 0.0193
vn -0.5508 -0.6394 0.5365
vn -0.5666 -0.5296 0.6312
vn -0.8809 -0.3652 0.3010
vn -0.9896 0.1151 -0.0857
vn -0.9996 0.0203 -0.0170
vn -0.7877 0.0489 0.6141
vn -0.9658 0.2233 0.1317
vn -0.6764 -0.4651 0.5711
vn -0.8883 -0.2958 0.3512
vn -0.7378 -0.4165 0.5313
vn -0.9692 -0.1784 0.1696
vn -0.9533 -0.2095 0.2176
vn -0.9613 -0.2048 0.1842
vn -0.9575 -0.2209 0.1854
vn -0.9691 -0.1920 0.1552
vn -0.7213 -0.4316 0.5417
vn -0.8393 -0.2736 0.4698
vn -0.8124 -0.4467 0.3749
vn -0.6948 -0.0473 0.7177
vn -0.7028 -0.0146 0.7113
vn -0.5853 -0.0897 0.8058
vn -0.6448 -0.1572 0.7480
vn -0.7745 0.0900 0.6262
vn -0.7683 -0.3972 0.5020
vn -0.9308 -0.0232 0.3649
vn -0.9757 -0.1680 0.1410
vn -0.6735 -0.5662 0.4751
vn -0.5579 -0.2013 0.8051
vn -0.3932 0.1376 0.9091
vn -0.3369 0.2122 0.9173
vn -0.4186 0.3452 0.8400
vn -0.7658 0.4264 0.4814
vn -0.9894 -0.1075 0.0981
vn -0.9989 -0.0357 0.0313
vn -0.9880 -0.1229 0.0939
vn -0.9990 -0.0358 0.0282
vn 0.0174 -0.5894 -0.8076
vn -0.6932 -0.5132 -0.5060
vn -0.6978 -0.4954 -0.5173
vn 0.0083 -0.5270 -0.8498
vn -0.0067 -0.2746 -0.9615
vn -0.7649 -0.0774 -0.6395
vn -0.7222 -0.3921 -0.5698
vn -0.0059 0.1326 -0.9912
vn 0.0050 -0.6524 -0.7579
vn -0.7992 -0.4288 -0.4213
vn -0.0000 -0.7800 -0.6258
vn -0.7080 -0.5719 -0.4142
vn -0.0077 -0.9217 -0.3878
vn -0.7097 -0.6940 -0.1215
vn 0.4461 -0.4453 -0.7763
vn -0.5130 -0.6017 -0.6121
vn 0.4033 -0.2661 -0.8755
vn -0.3872 -0.4295 -0.8158
vn 0.4946 -0.0474 -0.8679
vn -0.2678 -0.4520 -0.8509
vn 0.5162 -0.5521 -0.6548
vn -0.5014 -0.6005 -0.6229
vn -0.4138 -0.8150 -0.4056
vn 0.3055 -0.8204 -0.4834
vn -0.7040 -0.6462 -0.2947
vn -0.8422 -0.3799 -0.3825
vn -0.2747 -0.9340 -0.2284
vn -0.0005 -0.6379 -0.7701
vn -0.0003 -0.6167 -0.7872
vn -0.0005 -0.6248 -0.7807
vn -0.0007 -0.6423 -0.7665
vn 0.0301 0.0633 -0.9975
vn 0.0204 -0.2911 -0.9565
vn 0.0013 -0.5909 -0.8068
vn 0.0011 -0.6209 -0.7839
vn 0.0012 -0.6259 -0.7799
vn 0.0030 -0.6253 -0.7804
vn -0.0063 -0.6862 -0.7274
vn 0.0105 -0.7155 -0.6985
vn -0.8574 -0.4133 -0.3068
vn -0.8791 -0.4156 -0.2335
vn 0.7740 -0.0837 -0.6276
vn 0.7795 -0.2627 -0.5686
vn 0.6815 -0.0963 -0.7255
vn 0.7197 0.1038 -0.6865
vn 0.7001 0.2689 -0.6615
vn -0.8643 -0.3637 -0.3476
vn 0.6813 -0.4627 -0.5673
vn 0.6846 -0.5913 -0.4263
vn 0.1086 -0.9653 -0.2376
vn 0.5113 -0.8188 -0.2611
vn -0.0453 -0.9812 0.1877
vn -0.7394 -0.6410 0.2059
vn 0.0064 -0.8467 -0.5320
vn -0.9649 -0.2188 0.1452
vn -0.9904 -0.1059 0.0889
vn -0.0771 -0.9541 -0.2893
vn -0.1471 -0.9695 0.1961
vn -1.0000 -0.0046 0.0040
vn -0.9987 -0.0387 0.0321
vn -0.9935 -0.0862 0.0741
vn -0.9813 -0.1478 0.1234
vn 0.0108 -0.8409 -0.5411
vn -0.0050 -0.7541 -0.6567
vn 0.0084 -0.6314 -0.7754
vn 0.0171 -0.5886 -0.8083
vn 0.0030 -0.5016 -0.8651
vn -0.0119 -0.2064 -0.9784
vn -0.0035 0.2028 -0.9792
vn -0.9933 -0.0893 0.0737
vn -0.9994 -0.0256 0.0218
vn -0.7877 -0.5963 -0.1548
vn -0.7025 0.5452 -0.4575
vn -0.9802 -0.1515 0.1279
vn -0.9921 -0.1028 0.0722
vn -0.8845 0.3813 -0.2689
vn -0.9916 -0.1114 0.0657
vn -0.6400 0.6650 -0.3849
vn -0.9917 -0.1160 0.0547
vn -0.7567 0.5926 -0.2760
vn -0.7634 -0.5238 0.3779
vn -0.1779 -0.8064 0.5640
vn -0.7634 -0.5548 0.3307
vn -0.1779 -0.8526 0.4914
vn -0.8331 -0.4981 0.2406
vn -0.1779 -0.8921 0.4154
vn -0.7676 -0.5304 0.3597
vn -0.7310 -0.5571 0.3940
vn -0.8378 -0.4769 0.2658
vn -0.5837 -0.7041 0.4043
vn -0.8081 -0.5303 0.2563
vn -0.6530 -0.6911 0.3098
vn -0.5041 -0.6666 0.5491
vn -0.2957 -0.7125 0.6363
vn -0.0479 -0.8694 0.4918
vn -0.0434 -0.9057 0.4217
vn -0.0000 0.8195 -0.5731
vn -0.0000 0.9065 -0.4221
vn -0.0000 0.8664 -0.4994
vn -0.9980 -0.0510 0.0364
vn -0.9976 -0.0598 0.0343
vn -0.9974 -0.0652 0.0293
vn -0.6778 -0.4283 0.5976
vn -0.2601 0.1039 0.9600
vn -0.5074 -0.1392 0.8504
vn -0.3231 -0.2320 0.9175
vn -0.6405 -0.6675 0.3798
vn -0.5903 -0.5903 0.5505
vn -0.7115 -0.6187 0.3331
vn -0.6396 -0.7002 0.3174
vn -0.1811 0.2943 0.9384
vn -0.2854 -0.1898 0.9394
vn -0.2863 0.2259 0.9311
vn -0.5287 -0.5652 0.6332
vn -0.6115 -0.7069 0.3555
vn -0.1992 -0.7094 0.6760
vn -0.2612 -0.8370 0.4809
vn -0.2585 -0.8761 0.4071
vn -0.4854 -0.7500 0.4493
vn -0.6828 -0.6233 0.3811
vn -0.1910 -0.8574 0.4778
vn -0.6699 0.6430 -0.3712
vn -0.9997 -0.0218 0.0126
vn -0.5666 -0.7136 0.4120
vn -0.9658 -0.0909 -0.2428
vn -0.6764 -0.6432 0.3588
vn -0.7378 -0.5955 0.3179
vn -0.8884 -0.3972 0.2303
vn -0.9692 -0.1980 0.1463
vn -0.9533 -0.2507 0.1686
vn -0.9613 -0.2170 0.1697
vn -0.9691 -0.1861 0.1621
vn -0.7213 -0.6084 0.3310
vn -0.8393 -0.5102 0.1879
vn -0.6948 -0.7150 -0.0781
vn -0.7028 -0.7030 -0.1092
vn -0.5853 -0.8091 -0.0515
vn -0.6448 -0.7639 0.0249
vn -0.7745 -0.6010 -0.1974
vn -0.7683 -0.5634 0.3040
vn -0.9308 -0.3634 -0.0405
vn -0.5579 -0.8279 0.0584
vn -0.3932 -0.8714 -0.2934
vn -0.3369 -0.8665 -0.3683
vn -0.4186 -0.7673 -0.4859
vn -0.7658 -0.4001 -0.5035
vn -1.0000 -0.0043 0.0035
vn 0.0084 0.7454 0.6666
vn 0.0173 0.6930 0.7207
vn -0.6932 0.4092 0.5933
vn -0.6978 0.4234 0.5777
vn -0.0061 0.9991 0.0415
vn -0.0067 0.8992 0.4374
vn -0.7649 0.6163 0.1872
vn -0.7222 0.4930 0.4851
vn 0.0051 0.6331 0.7741
vn -0.7991 0.3404 0.4954
vn -0.7080 0.3086 0.6352
vn 0.0001 0.4809 0.8768
vn -0.7097 -0.0008 0.7045
vn -0.0076 0.2218 0.9751
vn -0.3872 0.7289 0.5646
vn -0.5131 0.4983 0.6989
vn 0.4033 0.8160 0.4141
vn 0.4461 0.6872 0.5734
vn 0.4946 0.8464 0.1974
vn -0.2678 0.7595 0.5929
vn 0.5162 0.5490 0.6574
vn -0.5014 0.5092 0.6995
vn -0.4138 0.2579 0.8731
vn 0.3055 0.3336 0.8918
vn -0.2747 0.0628 0.9595
vn -0.7040 0.1780 0.6875
vn -0.8422 0.3107 0.4406
vn -0.0006 0.6429 0.7659
vn -0.0005 0.6604 0.7509
vn -0.0005 0.6476 0.7619
vn -0.0003 0.6682 0.7440
vn 0.0189 0.8915 0.4527
vn 0.0301 0.9934 0.1109
vn 0.0013 0.6919 0.7220
vn 0.0011 0.6641 0.7476
vn 0.0030 0.6600 0.7513
vn 0.0012 0.6597 0.7516
vn 0.0102 0.5637 0.8259
vn -0.0063 0.5972 0.8021
vn -0.8574 0.2304 0.4602
vn -0.8791 0.1578 0.4498
vn 0.7740 0.6035 0.1914
vn 0.7795 0.5144 0.3574
vn 0.6815 0.6977 0.2208
vn 0.7197 0.6941 0.0170
vn 0.7001 0.6982 -0.1499
vn -0.8643 0.2792 0.4185
vn 0.6813 0.4783 0.5541
vn 0.6846 0.3171 0.6564
vn 0.1086 0.0664 0.9919
vn 0.5113 0.1149 0.8517
vn -0.7394 -0.3141 0.5955
vn -0.0453 -0.3552 0.9337
vn 0.0064 0.3768 0.9263
vn -0.9649 -0.1810 0.1902
vn -0.0771 0.1192 0.9899
vn -0.1471 -0.3614 0.9207
vn 0.0108 0.3868 0.9221
vn -0.0050 0.5158 0.8567
vn 0.0084 0.6539 0.7565
vn 0.0170 0.6938 0.7200
vn 0.0030 0.7649 0.6442
vn -0.0119 0.9277 0.3731
vn -0.0035 0.9996 -0.0297
vn -0.0000 0.9840 0.1784
vn -0.0000 0.9613 -0.2754
vn -0.0000 0.9615 0.2750
vn -0.0000 0.9701 -0.2426
vn -0.0000 0.7842 -0.6205
vn -0.0000 0.6464 -0.7630
vn -0.0000 0.3500 -0.9367
vn -0.0000 0.1982 -0.9802
vn -0.0000 -0.2426 -0.9701
vn -0.0000 -0.3000 -0.9539
vn -0.0000 -0.6952 -0.7189
vn -0.0000 -0.9295 -0.3689
vn -0.0000 -0.9723 -0.2337
vn -0.0000 -0.9701 0.2426
vn -0.0000 -0.7478 0.6639
vn -0.0000 -0.6464 0.7630
vn -0.0000 -0.3203 0.9473
vn -0.0000 -0.1982 0.9802
vn -0.0000 0.2010 0.9796
vn -0.0000 0.2426 0.9701
vn -0.0000 0.6952 0.7189
vn -0.7158 0.6829 0.1462
vn -0.3286 0.8779 0.3484
vn -0.3711 0.9088 -0.1906
vn -0.7618 0.6304 -0.1491
vn -0.7284 0.4874 -0.4816
vn -0.2634 0.7355 -0.6242
vn -0.3247 0.3310 -0.8860
vn -0.7107 0.1568 -0.6858
vn -0.3759 -0.1812 -0.9088
vn -0.7679 -0.1454 -0.6239
vn -0.7222 -0.4851 -0.4930
vn -0.2161 -0.6787 -0.7019
vn -0.3939 -0.8687 -0.3002
vn -0.7158 -0.6829 -0.1462
vn -0.3256 -0.9173 0.2294
vn -0.7618 -0.6304 0.1491
vn -0.7284 -0.4874 0.4816
vn -0.3301 -0.6786 0.6562
vn -0.7107 -0.1568 0.6858
vn -0.2789 -0.2913 0.9151
vn -0.3759 0.2679 0.8871
vn -0.7679 0.1454 0.6239
vn -0.7222 0.4851 0.4930
vn -0.3256 0.6573 0.6797
vn -0.9045 0.4101 0.1173
vn -0.9107 0.3616 -0.1996
vn -1.0000 -0.0000 -0.0000
vn -0.9043 0.1174 -0.4105
vn -0.9108 -0.2013 -0.3605
vn -0.9045 -0.4101 -0.1173
vn -0.9107 -0.3616 0.1996
vn -0.9043 -0.1174 0.4105
vn -0.9108 0.2013 0.3605
vn 0.2145 0.5655 0.7964
vn -0.0408 0.0190 0.9990
vn 0.2961 0.7406 0.6032
vn 0.3524 0.8542 0.3823
vn 0.2961 0.7406 -0.6032
vn 0.3524 0.8542 -0.3823
vn 0.2145 0.5655 -0.7964
vn -0.0408 0.0190 -0.9990
vn -0.3394 -0.6212 -0.7064
vn -0.3393 -0.6212 -0.7064
vn -0.4630 -0.8864 -0.0000
vn -0.3394 -0.6212 0.7064
vn -0.3393 -0.6212 0.7064
vn -0.0022 -0.0046 1.0000
vn -0.0000 -0.0000 1.0000
vn 0.3664 0.7856 0.4985
vn 0.3671 0.7872 0.4956
vn 0.3657 0.7841 0.5014
vn 0.3649 0.7826 0.5044
vn 0.3657 0.7841 -0.5014
vn 0.3649 0.7826 -0.5044
vn 0.3664 0.7856 -0.4985
vn 0.3671 0.7872 -0.4956
vn -0.0000 -0.0000 -1.0000
vn -0.0022 -0.0046 -1.0000
vn 0.0022 0.0046 -1.0000
vn -0.3663 -0.7856 -0.4986
vn -0.3671 -0.7872 -0.4956
vn -0.3656 -0.7841 -0.5015
vn -0.3649 -0.7826 -0.5044
vn -0.3656 -0.7841 0.5015
vn -0.3649 -0.7826 0.5044
vn -0.3663 -0.7856 0.4986
vn -0.3671 -0.7872 0.4956
vn 0.0022 0.0046 1.0000
vn 0.8613 -0.0822 0.5014
vn 0.7950 -0.2016 0.5722
vn 0.6654 -0.4795 0.5722
vn 0.6166 -0.6070 0.5015
vn 0.5532 -0.7201 0.4189
vn 0.4884 -0.8591 0.1533
vn 0.4942 -0.8693 -0.0000
vn 0.4884 -0.8591 -0.1533
vn 0.5532 -0.7201 -0.4189
vn 0.6166 -0.6070 -0.5015
vn 0.6654 -0.4794 -0.5722
vn 0.7950 -0.2016 -0.5722
vn 0.8613 -0.0822 -0.5014
vn 0.9072 0.0391 -0.4189
vn 0.9720 0.1781 -0.1533
vn 0.9836 0.1803 -0.0000
vn 0.9720 0.1781 0.1533
vn 0.9072 0.0391 0.4189
vn -0.6056 0.4718 0.6408
vn -0.5510 0.6157 0.5633
vn -0.4800 0.7414 0.4691
vn -0.4073 0.8970 0.1717
vn -0.4135 0.9105 -0.0000
vn -0.4073 0.8970 -0.1717
vn -0.4800 0.7414 -0.4691
vn -0.5510 0.6157 -0.5633
vn -0.6056 0.4718 -0.6408
vn -0.7507 0.1606 -0.6408
vn -0.8258 0.0263 -0.5633
vn -0.8764 -0.1089 -0.4691
vn -0.9490 -0.2645 -0.1717
vn -0.9633 -0.2684 -0.0000
vn -0.9490 -0.2645 0.1717
vn -0.8764 -0.1089 0.4691
vn -0.8258 0.0263 0.5633
vn -0.7507 0.1606 0.6408
vn -0.9063 0.4226 -0.0000
vn -0.1039 0.5175 0.8494
vn -0.0670 0.0312 0.9973
vn 0.1756 0.5509 0.8159
vn -0.4238 0.1955 0.8844
vn -0.0160 0.8450 0.5345
vn 0.3155 0.8510 0.4199
vn 0.3544 0.9351 -0.0000
vn 0.0540 0.9985 -0.0000
vn 0.3155 0.8510 -0.4199
vn -0.0160 0.8450 -0.5345
vn 0.1756 0.5509 -0.8159
vn -0.1039 0.5175 -0.8494
vn -0.0670 0.0312 -0.9973
vn -0.4238 0.1955 -0.8844
vn -0.3091 -0.4886 -0.8159
vn -0.5297 -0.2570 -0.8083
vn -0.4320 -0.7515 -0.4986
vn -0.6503 -0.6162 -0.4443
vn -0.4885 -0.8726 -0.0000
vn -0.7287 -0.6849 -0.0000
vn -0.4320 -0.7515 0.4986
vn -0.6503 -0.6162 0.4443
vn -0.3091 -0.4886 0.8159
vn -0.5297 -0.2570 0.8083
vn -0.7685 0.3541 0.5329
vn -0.5792 0.6104 0.5402
vn -0.9082 0.4186 -0.0000
vn -0.5109 0.8205 0.2566
vn -0.5445 0.8387 -0.0000
vn -0.5109 0.8205 -0.2566
vn -0.5792 0.6104 -0.5402
vn -0.7684 0.3544 -0.5329
vn -0.8414 0.1058 -0.5299
vn -0.9381 -0.1032 -0.3307
vn -0.9715 -0.2372 -0.0000
vn -0.9381 -0.1032 0.3307
vn -0.8414 0.1058 0.5299
vn -0.7807 0.1543 0.6055
vn -0.7808 0.6015 -0.1691
vn -0.6173 -0.0548 0.7848
vn -0.6173 0.6523 -0.4399
vn -0.0000 0.5000 -0.8660
vn -0.7808 -0.2710 0.5630
vn -0.7807 0.5695 0.2571
vn -0.6173 0.7824 0.0822
vn -0.6173 -0.5465 0.5660
vn -0.6173 0.5465 0.5660
vn -0.7808 0.2710 0.5630
vn -0.7807 -0.5695 0.2571
vn -0.6173 -0.7824 0.0823
vn -0.7807 -0.6015 -0.1692
vn -0.7808 -0.1543 0.6055
vn -0.6173 -0.6523 -0.4399
vn -0.6173 0.0548 0.7849
vn -0.0000 0.5000 0.8660
vn -0.6173 -0.2169 -0.7563
vn -0.7807 -0.3521 -0.5162
vn -0.7808 -0.5074 0.3647
vn -0.6173 -0.4625 0.6364
vn -0.0000 -0.1736 0.9848
vn -0.6173 -0.7634 0.1902
vn -0.7808 -0.6231 -0.0468
vn -0.7807 0.0621 -0.6218
vn -0.6173 0.3199 -0.7188
vn -0.7807 0.4473 -0.4364
vn -0.7808 -0.4472 -0.4364
vn -0.6173 0.7071 -0.3450
vn -0.6173 -0.7071 -0.3450
vn -0.0000 -1.0000 -0.0000
vn -0.6173 0.7634 0.1902
vn -0.7807 0.6231 -0.0468
vn -0.7808 -0.0621 -0.6217
vn -0.6173 -0.3199 -0.7188
vn -0.6173 0.2170 -0.7563
vn -0.7808 0.3521 -0.5162
vn -0.7807 0.5074 0.3647
vn -0.6173 0.4625 0.6364
vn -0.1243 0.3765 -0.9180
vn -0.0051 0.0038 -1.0000
vn -0.0104 0.0079 -0.9999
vn 0.3821 0.3606 -0.8508
vn -0.1112 0.3531 0.9289
vn 0.0161 -0.0400 0.9991
vn 0.3042 0.4158 0.8571
vn 0.0220 -0.0165 0.9996
vn 0.0105 -0.0077 0.9999
vn -0.1369 0.9386 0.3168
vn 0.3816 0.8453 0.3740
vn 0.3872 0.8876 -0.2496
vn -0.1245 0.8918 -0.4350
vn 0.9224 0.2443 -0.2992
vn 0.9663 -0.0760 0.2461
vn 0.8608 -0.0562 -0.5058
vn 0.8668 0.3238 0.3792
vn -0.4555 0.8083 0.3730
vn -0.7073 0.6519 -0.2735
vn -0.7757 0.5644 0.2823
vn -0.4102 0.8365 -0.3634
vn -0.8886 0.1298 0.4399
vn -0.9392 0.1515 -0.3082
vn -0.9636 -0.0732 0.2573
vn -0.9215 -0.0660 -0.3826
vn -0.6004 0.3835 -0.7018
vn -0.5904 0.3744 0.7150
vn 0.7061 -0.0460 -0.7067
vn -0.7052 -0.0468 -0.7075
vn 0.7184 -0.0841 0.6905
vn -0.6942 -0.0566 0.7176
vn -0.1243 -0.3765 0.9180
vn -0.0051 -0.0038 1.0000
vn -0.0104 -0.0079 0.9999
vn 0.3821 -0.3606 0.8508
vn -0.1112 -0.3531 -0.9289
vn 0.0219 0.0164 -0.9996
vn 0.0161 0.0400 -0.9991
vn 0.3042 -0.4158 -0.8571
vn 0.0105 0.0077 -0.9999
vn -0.1369 -0.9386 -0.3168
vn 0.3816 -0.8453 -0.3740
vn 0.3872 -0.8876 0.2496
vn -0.1245 -0.8918 0.4350
vn 0.9663 0.0760 -0.2461
vn 0.9224 -0.2443 0.2992
vn 0.8668 -0.3238 -0.3792
vn 0.8608 0.0562 0.5058
vn -0.4555 -0.8083 -0.3730
vn -0.7073 -0.6519 0.2735
vn -0.7757 -0.5644 -0.2824
vn -0.4102 -0.8365 0.3634
vn -0.9636 0.0732 -0.2573
vn -0.9392 -0.1515 0.3082
vn -0.9215 0.0660 0.3826
vn -0.8886 -0.1298 -0.4398
vn -0.6004 -0.3835 0.7018
vn -0.5904 -0.3744 -0.7150
vn 0.7061 0.0460 0.7066
vn -0.7052 0.0468 0.7074
vn 0.7183 0.0841 -0.6906
vn -0.6942 0.0566 -0.7176
vn -0.0662 0.9978 -0.0000
vn -0.0662 0.9376 -0.3413
vn -0.0667 0.9160 -0.3956
vn -0.7350 0.6781 -0.0000
vn -0.5966 0.7689 -0.2298
vn -0.0662 0.9376 0.3413
vn -0.0660 0.9160 0.3957
vn -0.5966 0.7689 0.2298
vn -0.0662 0.7644 0.6414
vn -0.4986 0.6640 0.5572
vn -0.0667 0.5487 0.8334
vn -0.0662 0.4989 0.8641
vn -0.5967 0.3598 0.7173
vn -0.0662 0.1733 0.9827
vn -0.0667 0.2306 0.9708
vn -0.5966 0.0927 0.7971
vn -0.0662 -0.1733 0.9827
vn -0.7350 -0.1178 0.6678
vn -0.0662 -0.4989 0.8641
vn -0.0660 -0.5487 0.8334
vn -0.5966 -0.3598 0.7173
vn -0.0662 -0.7644 0.6414
vn -0.4986 -0.6640 0.5572
vn -0.0667 -0.9160 0.3956
vn -0.0662 -0.9376 0.3413
vn -0.5966 -0.7689 0.2298
vn -0.0662 -0.9978 -0.0000
vn -0.7350 -0.6781 -0.0000
vn -0.0662 -0.9376 -0.3413
vn -0.0660 -0.9160 -0.3957
vn -0.5966 -0.7689 -0.2298
vn -0.0662 -0.7644 -0.6414
vn -0.4986 -0.6640 -0.5572
vn -0.0667 -0.5487 -0.8334
vn -0.0662 -0.4989 -0.8641
vn -0.5967 -0.3598 -0.7173
vn -0.0662 -0.1733 -0.9827
vn -0.7350 -0.1178 -0.6678
vn -0.0662 0.1733 -0.9827
vn -0.0660 0.2306 -0.9708
vn -0.5966 0.0927 -0.7971
vn -0.0662 0.4989 -0.8641
vn -0.0660 0.5487 -0.8334
vn -0.5966 0.3598 -0.7173
vn -0.0662 0.7644 -0.6414
vn -0.4985 0.6641 -0.5572
vn 0.9508 0.3097 -0.0000
vn 0.8796 0.4758 -0.0001
vn 0.8520 0.5236 0.0003
vn 0.7372 0.6757 -0.0000
vn 0.7469 0.6650 -0.0000
vn 0.7469 0.6649 -0.0000
vn 0.8050 0.5933 -0.0000
vn 0.9969 0.0785 -0.0000
vn 0.9995 -0.0331 -0.0000
vn 0.9636 -0.2673 -0.0000
vn 0.9211 -0.3892 -0.0000
vn 0.4721 -0.8816 -0.0000
vn 0.6945 -0.7195 -0.0000
vn 0.8796 0.3645 0.3058
vn 0.9508 0.2372 0.1991
vn 0.8520 0.4011 0.3366
vn 0.9508 0.2373 0.1991
vn 0.7126 0.5374 0.4510
vn 0.7469 0.5094 0.4274
vn 0.7608 0.4971 0.4172
vn 0.8050 0.4545 0.3814
vn 0.9995 -0.0253 -0.0213
vn 0.9636 -0.2048 -0.1718
vn 0.9211 -0.2983 -0.2500
vn 0.9969 0.0600 0.0506
vn 0.4721 -0.6753 -0.5667
vn 0.6238 -0.5987 -0.5024
vn 0.7591 -0.4987 -0.4185
vn 0.9508 0.0538 0.3050
vn 0.8796 0.0828 0.4685
vn 0.8520 0.0906 0.5157
vn 0.9508 0.0537 0.3050
vn 0.7126 0.1218 0.6909
vn 0.7469 0.1155 0.6548
vn 0.7608 0.1127 0.6391
vn 0.8050 0.1030 0.5843
vn 0.9636 -0.0464 -0.2633
vn 0.9997 0.0039 0.0224
vn 0.9211 -0.0678 -0.3833
vn 0.4721 -0.1531 -0.8682
vn 0.6945 -0.1249 -0.7086
vn 0.9508 -0.1548 0.2682
vn 0.8796 -0.2378 0.4121
vn 0.8520 -0.2621 0.4533
vn 0.9508 -0.1549 0.2682
vn 0.7126 -0.3508 0.6076
vn 0.7193 -0.3472 0.6017
vn 0.7733 -0.3170 0.5491
vn 0.7608 -0.3245 0.5620
vn 0.8050 -0.2967 0.5138
vn 0.9997 -0.0114 0.0197
vn 0.9443 0.1645 -0.2849
vn 0.9997 -0.0113 0.0196
vn 0.4721 0.4408 -0.7635
vn 0.6945 0.3597 -0.6231
vn 0.8662 -0.4696 0.1709
vn 0.9369 -0.3284 0.1195
vn 0.9630 -0.2533 0.0916
vn 0.8660 -0.4699 0.1710
vn 0.7608 -0.6099 0.2220
vn 0.7126 -0.6593 0.2400
vn 0.7193 -0.6528 0.2376
vn 0.7733 -0.5958 0.2169
vn 0.8050 -0.5576 0.2029
vn 0.8049 -0.5576 0.2029
vn 0.9995 0.0311 -0.0113
vn 0.9443 0.3091 -0.1125
vn 0.9443 0.3092 -0.1125
vn 0.9969 -0.0739 0.0266
vn 0.4721 0.8284 -0.3015
vn 0.6238 0.7345 -0.2673
vn 0.7591 0.6118 -0.2227
vn 0.9369 -0.3284 -0.1195
vn 0.8796 -0.4471 -0.1627
vn 0.9630 -0.2531 -0.0921
vn 0.8520 -0.4920 -0.1791
vn 0.7126 -0.6593 -0.2400
vn 0.7469 -0.6248 -0.2274
vn 0.7608 -0.6098 -0.2220
vn 0.8050 -0.5576 -0.2029
vn 0.8049 -0.5576 -0.2029
vn 0.9636 0.2512 0.0914
vn 0.9995 0.0311 0.0113
vn 0.9211 0.3658 0.1331
vn 0.9969 -0.0738 -0.0268
vn 0.4721 0.8284 0.3015
vn 0.6945 0.6761 0.2461
vn 0.9630 -0.1347 -0.2333
vn 0.9369 -0.1747 -0.3027
vn 0.8660 -0.2500 -0.4330
vn 0.7608 -0.3245 -0.5620
vn 0.7126 -0.3508 -0.6076
vn 0.7469 -0.3325 -0.5758
vn 0.7469 -0.3325 -0.5759
vn 0.8050 -0.2967 -0.5138
vn 0.9969 -0.0393 -0.0680
vn 0.9995 0.0165 0.0287
vn 0.9443 0.1645 0.2849
vn 0.6945 0.3597 0.6231
vn 0.4721 0.4408 0.7635
vn 0.8660 0.0868 -0.4924
vn 0.9369 0.0607 -0.3442
vn 0.9630 0.0473 -0.2652
vn 0.8662 0.0868 -0.4922
vn 0.7372 0.1173 -0.6655
vn 0.7469 0.1155 -0.6549
vn 0.8050 0.1030 -0.5843
vn 0.9995 -0.0057 0.0326
vn 0.9443 -0.0571 0.3240
vn 0.9969 0.0138 -0.0773
vn 0.4721 -0.1531 0.8682
vn 0.6945 -0.1249 0.7086
vn 0.4720 -0.1531 0.8682
vn 0.9508 0.2372 -0.1991
vn 0.8796 0.3644 -0.3059
vn 0.8520 0.4013 -0.3363
vn 0.9508 0.2372 -0.1990
vn 0.7469 0.5094 -0.4274
vn 0.7126 0.5374 -0.4510
vn 0.7469 0.5093 -0.4274
vn 0.7608 0.4971 -0.4172
vn 0.8050 0.4545 -0.3814
vn 0.9443 -0.2520 0.2115
vn 0.9997 0.0175 -0.0146
vn 0.9997 0.0174 -0.0146
vn 0.4720 -0.6753 0.5667
vn 0.4721 -0.6753 0.5667
vn 0.6238 -0.5987 0.5024
vn 0.7591 -0.4987 0.4185
vn -0.0619 -0.9938 0.0919
vn -0.0902 -0.9757 0.1996
vn -0.0561 -0.9865 0.1535
vn -0.0766 -0.9369 0.3410
vn 0.0607 -0.9876 0.1450
vn 0.0607 -0.9775 0.2022
vn 0.0608 -0.9981 -0.0000
vn 0.0607 -0.9475 0.3140
vn 0.0607 -0.9277 0.3685
vn 0.9815 -0.1913 -0.0000
vn 0.9815 -0.1884 0.0333
vn 0.9815 -0.1798 0.0654
vn -0.0000 0.9847 -0.1740
vn -0.0354 -0.9994 -0.0000
vn -0.0619 -0.9938 -0.0919
vn -0.1813 -0.9695 0.1651
vn -0.0561 -0.9865 -0.1535
vn -0.0902 -0.9757 -0.1996
vn -0.0766 -0.9369 -0.3410
vn 0.0608 -0.9774 -0.2022
vn 0.0608 -0.9876 -0.1450
vn 0.0608 -0.9276 -0.3685
vn 0.0608 -0.9475 -0.3140
vn 0.9815 -0.1884 -0.0333
vn 0.9815 -0.1798 -0.0654
vn -0.0000 0.9847 0.1740
vn -0.0000 0.9492 0.3146
vn -0.0000 0.9294 0.3692
vn -0.1813 -0.9695 -0.1651
vn -0.0619 -0.8204 -0.5684
vn -0.0902 -0.8757 -0.4743
vn -0.0561 -0.8545 -0.5165
vn 0.0608 -0.8497 -0.5237
vn 0.0608 -0.7646 -0.6416
vn 0.0608 -0.8788 -0.4733
vn 0.9815 -0.1465 -0.1230
vn 0.9815 -0.1657 -0.0956
vn -0.0000 0.8513 0.5247
vn -0.0000 0.8804 0.4742
vn -0.0354 -0.7656 -0.6424
vn -0.0619 -0.7022 -0.7092
vn -0.1814 -0.8488 -0.4967
vn -0.0561 -0.6570 -0.7518
vn -0.0902 -0.6192 -0.7801
vn -0.0766 -0.4985 -0.8635
vn 0.0607 -0.6633 -0.7459
vn 0.0607 -0.6188 -0.7832
vn 0.0607 -0.5240 -0.8496
vn 0.0607 -0.4738 -0.8786
vn 0.9815 -0.1229 -0.1466
vn 0.9815 -0.0956 -0.1657
vn -0.0000 0.6646 0.7472
vn -0.0000 0.6199 0.7847
vn -0.0000 0.5249 0.8511
vn -0.0000 0.4746 0.8802
vn -0.1814 -0.6365 -0.7496
vn -0.0619 -0.2631 -0.9628
vn -0.0902 -0.3660 -0.9262
vn -0.0561 -0.3225 -0.9449
vn 0.0607 -0.3143 -0.9474
vn 0.0607 -0.3689 -0.9275
vn 0.0606 -0.2587 -0.9641
vn 0.9815 -0.0655 -0.1797
vn 0.9814 -0.0498 -0.1854
vn -0.0000 0.2592 0.9658
vn -0.0000 0.3423 0.9396
vn -0.0199 -0.2165 -0.9761
vn 0.0263 -0.1736 -0.9845
vn -0.1813 -0.3309 -0.9261
vn -0.0912 -0.0512 -0.9945
vn -0.0561 -0.0201 -0.9982
vn -0.0902 0.0271 -0.9956
vn -0.0766 0.1731 -0.9819
vn 0.0608 0.0003 -0.9981
vn 0.0606 -0.0867 -0.9944
vn 0.0608 0.2018 -0.9775
vn 0.0608 0.1447 -0.9876
vn 0.9814 -0.0167 -0.1913
vn 0.9815 0.0001 -0.1913
vn 0.9815 0.0332 -0.1884
vn -0.0000 -0.0003 1.0000
vn -0.0000 0.0868 0.9962
vn -0.0661 -0.0866 -0.9940
vn -0.0619 0.4173 -0.9066
vn -0.0902 0.3150 -0.9448
vn -0.0561 0.3603 -0.9311
vn 0.0608 0.3682 -0.9277
vn 0.0608 0.4736 -0.8787
vn 0.0608 0.3136 -0.9476
vn 0.0608 0.5242 -0.8494
vn 0.9815 0.0956 -0.1657
vn 0.9815 0.0654 -0.1798
vn -0.0000 -0.3417 0.9398
vn -0.0354 0.4997 -0.8655
vn -0.0619 0.5765 -0.8147
vn -0.1814 0.3417 -0.9221
vn -0.0561 0.6262 -0.7776
vn -0.0902 0.6607 -0.7452
vn -0.0766 0.7638 -0.6409
vn 0.0608 0.6419 -0.7644
vn 0.0607 0.7457 -0.6635
vn 0.0607 0.7829 -0.6191
vn 0.9815 0.1230 -0.1465
vn 0.9815 0.1465 -0.1230
vn -0.0000 -0.6205 0.7842
vn -0.0000 -0.6651 0.7467
vn -0.0000 -0.7470 0.6648
vn -0.0000 -0.7844 0.6203
vn -0.1813 0.6277 -0.7570
vn -0.0619 0.9025 -0.4263
vn -0.0902 0.8486 -0.5213
vn -0.0561 0.8745 -0.4817
vn 0.0607 0.8785 -0.4740
vn 0.0607 0.8493 -0.5243
vn 0.0607 0.9276 -0.3687
vn 0.0607 0.9475 -0.3138
vn 0.9815 0.1798 -0.0654
vn 0.9815 0.1656 -0.0957
vn -0.0000 -0.9293 0.3694
vn -0.0000 -0.8801 0.4748
vn -0.0000 -0.9493 0.3144
vn -0.0000 -0.8509 0.5253
vn -0.0354 0.9391 -0.3418
vn -0.0619 0.9653 -0.2535
vn -0.1814 0.8545 -0.4867
vn -0.0561 0.9796 -0.1931
vn -0.0902 0.9851 -0.1462
vn -0.0766 0.9971 -0.0000
vn 0.0607 0.9776 -0.2015
vn 0.0607 0.9877 -0.1443
vn 0.0608 0.9981 -0.0000
vn 0.9815 0.1884 -0.0332
vn 0.9815 0.1884 -0.0331
vn 0.9815 0.1913 -0.0000
vn -0.0000 -0.9849 0.1733
vn -0.1814 0.9675 -0.1764
vn -0.0619 0.9653 0.2535
vn -0.0902 0.9851 0.1462
vn -0.0561 0.9796 0.1931
vn 0.0608 0.9776 0.2015
vn 0.0608 0.9475 0.3138
vn 0.0608 0.9877 0.1442
vn 0.0608 0.9276 0.3687
vn 0.9815 0.1884 0.0332
vn 0.9815 0.1798 0.0654
vn 0.9815 0.1797 0.0654
vn 0.9815 0.1884 0.0331
vn -0.0000 -0.9293 -0.3694
vn -0.0000 -0.9849 -0.1733
vn -0.0000 -0.9493 -0.3144
vn -0.0354 0.9391 0.3418
vn -0.0619 0.9025 0.4263
vn -0.1813 0.9675 0.1764
vn -0.0561 0.8745 0.4817
vn -0.0902 0.8486 0.5213
vn -0.0766 0.7638 0.6409
vn 0.0608 0.8493 0.5243
vn 0.0608 0.8784 0.4740
vn 0.0608 0.7457 0.6635
vn 0.0608 0.7829 0.6191
vn 0.9815 0.1656 0.0957
vn 0.9815 0.1465 0.1230
vn -0.0000 -0.8801 -0.4748
vn -0.0000 -0.8509 -0.5253
vn -0.0000 -0.7844 -0.6203
vn -0.0000 -0.7470 -0.6648
vn -0.1813 0.8545 0.4867
vn -0.0619 0.5765 0.8147
vn -0.0902 0.6607 0.7452
vn -0.0561 0.6262 0.7776
vn 0.0607 0.5242 0.8495
vn 0.0607 0.4736 0.8787
vn 0.0608 0.6419 0.7644
vn 0.9815 0.0956 0.1657
vn 0.9815 0.1230 0.1465
vn -0.0000 -0.6205 -0.7842
vn -0.0000 -0.6651 -0.7467
vn -0.0354 0.4997 0.8655
vn -0.0619 0.4173 0.9066
vn -0.1814 0.6277 0.7570
vn -0.0561 0.3603 0.9311
vn -0.0902 0.3150 0.9448
vn -0.0763 0.2577 0.9632
vn 0.0607 0.3682 0.9278
vn 0.0607 0.3136 0.9476
vn 0.0606 0.2580 0.9642
vn 0.9815 0.0654 0.1798
vn 0.9814 0.0496 0.1855
vn -0.0000 -0.3417 -0.9398
vn -0.0000 -0.2585 -0.9660
vn -0.1814 0.3417 0.9221
vn -0.0763 0.2576 0.9632
vn -0.0619 -0.0821 0.9947
vn -0.0902 0.0271 0.9956
vn -0.0561 -0.0201 0.9982
vn -0.0763 0.0873 0.9933
vn 0.0608 -0.1445 0.9876
vn 0.0608 0.0004 0.9981
vn 0.0608 -0.2020 0.9775
vn 0.0608 0.0003 0.9981
vn 0.0606 0.0873 0.9943
vn 0.9815 -0.0332 0.1884
vn 0.9815 0.0001 0.1913
vn 0.9814 0.0168 0.1912
vn 0.9814 0.0168 0.1913
vn -0.0000 -0.0003 -1.0000
vn -0.0000 -0.0875 -0.9962
vn -0.0354 -0.1735 0.9842
vn -0.0619 -0.2631 0.9628
vn -0.1814 -0.0058 0.9834
vn -0.0561 -0.3225 0.9449
vn -0.0902 -0.3660 0.9262
vn -0.0766 -0.4985 0.8635
vn 0.0608 -0.3143 0.9474
vn 0.0608 -0.3689 0.9275
vn 0.0608 -0.4738 0.8785
vn 0.0608 -0.5240 0.8496
vn 0.9815 -0.0655 0.1797
vn 0.9815 -0.0956 0.1657
vn -0.0000 0.3423 -0.9396
vn -0.0000 0.4746 -0.8802
vn -0.0000 0.5249 -0.8512
vn -0.1813 -0.3309 0.9261
vn -0.0619 -0.7022 0.7092
vn -0.0902 -0.6192 0.7801
vn -0.0561 -0.6570 0.7518
vn 0.0608 -0.7646 0.6416
vn 0.0608 -0.6633 0.7458
vn 0.0608 -0.6188 0.7832
vn 0.9815 -0.1229 0.1466
vn 0.9815 -0.1465 0.1230
vn -0.0000 0.6646 -0.7472
vn -0.0000 0.6199 -0.7847
vn -0.0354 -0.7656 0.6424
vn -0.0619 -0.8204 0.5684
vn -0.1813 -0.6365 0.7496
vn -0.0561 -0.8544 0.5165
vn -0.0902 -0.8757 0.4743
vn 0.0607 -0.8497 0.5237
vn 0.0607 -0.8788 0.4734
vn 0.9815 -0.1657 0.0956
vn -0.0000 0.8662 -0.4997
vn -0.1814 -0.8488 0.4967
vn -0.1814 -0.0058 -0.9834
vn 1.0000 -0.0000 -0.0000
vn -0.0000 -0.1045 0.9945
vn -0.0000 -0.3090 0.9511
vn -0.0000 -0.6691 0.7431
vn -0.0000 -0.8090 0.5878
vn -0.0000 -0.9135 0.4067
vn -0.0000 -0.9781 0.2079
vn -0.0000 -0.9781 -0.2079
vn -0.0000 -0.9135 -0.4067
vn -0.0000 -0.8090 -0.5878
vn -0.0000 -0.6691 -0.7431
vn -0.0000 -0.3090 -0.9511
vn -0.0000 -0.1045 -0.9945
vn -0.0000 0.1045 -0.9945
vn -0.0000 0.3090 -0.9511
vn -0.0000 0.6691 -0.7431
vn -0.0000 0.8090 -0.5878
vn -0.0000 0.9135 -0.4067
vn -0.0000 0.9781 -0.2079
vn -0.0000 0.9781 0.2079
vn -0.0000 0.9135 0.4067
vn -0.0000 0.8090 0.5878
vn -0.0000 0.6691 0.7431
vn -0.0000 0.3090 0.9511
vn -0.0000 0.1045 0.9945
vn -0.6666 -0.3032 0.6810
vn -0.6666 -0.4382 0.6031
vn -0.6663 -0.1805 0.7235
vn -0.6663 -0.1294 0.7343
vn -0.6666 -0.0000 0.7454
vn -0.6663 0.1294 0.7343
vn -0.6663 0.1805 0.7235
vn -0.6663 0.2793 0.6914
vn -0.6663 0.3269 0.6702
vn -0.6666 0.4382 0.6031
vn -0.6666 0.5540 0.4988
vn -0.6666 0.6456 0.3727
vn -0.6663 0.7007 0.2551
vn -0.6663 0.7168 0.2055
vn -0.6666 0.7414 0.0779
vn -0.6663 0.7384 -0.1038
vn -0.6663 0.7438 -0.0520
vn -0.6663 0.7007 -0.2551
vn -0.6663 0.7168 -0.2055
vn -0.6666 0.6456 -0.3727
vn -0.6663 0.5712 -0.4792
vn -0.6663 0.5363 -0.5180
vn -0.6663 0.4591 -0.5875
vn -0.6663 0.4169 -0.6182
vn -0.6663 0.3269 -0.6702
vn -0.6663 0.2793 -0.6914
vn -0.6663 0.1805 -0.7235
vn -0.6663 0.1294 -0.7343
vn -0.6666 -0.0000 -0.7454
vn -0.6663 -0.1805 -0.7235
vn -0.6663 -0.1294 -0.7343
vn -0.6666 -0.3032 -0.6810
vn -0.6666 -0.4382 -0.6031
vn -0.6663 -0.5363 -0.5180
vn -0.6663 -0.5712 -0.4792
vn -0.6666 -0.6456 -0.3727
vn -0.6663 -0.7007 -0.2551
vn -0.6663 -0.7168 -0.2055
vn -0.6666 -0.7414 -0.0779
vn -0.6663 -0.7384 0.1038
vn -0.6663 -0.7438 0.0520
vn -0.6663 -0.7007 0.2551
vn -0.6663 -0.7168 0.2055
vn -0.6663 -0.6323 0.3952
vn -0.6663 -0.6584 0.3500
vn -0.6666 -0.5540 0.4988
vn -0.6750 -0.3235 0.6631
vn -0.6752 -0.4336 0.5968
vn -0.6750 -0.2763 0.6841
vn -0.6750 -0.1786 0.7159
vn -0.6750 -0.1281 0.7266
vn -0.6752 -0.5482 0.4936
vn -0.6752 -0.0000 0.7376
vn -0.6752 -0.6388 0.3688
vn -0.6750 0.1786 0.7159
vn -0.6750 0.1281 0.7266
vn -0.6750 -0.6933 0.2524
vn -0.6750 -0.7093 0.2033
vn -0.6750 0.3235 0.6631
vn -0.6750 0.2763 0.6841
vn -0.6750 -0.7307 0.1027
vn -0.6750 -0.7360 0.0514
vn -0.6750 0.4125 0.6117
vn -0.6750 0.4543 0.5814
vn -0.6752 -0.7336 -0.0771
vn -0.6750 0.5307 0.5126
vn -0.6750 0.5653 0.4742
vn -0.6750 -0.7093 -0.2033
vn -0.6750 -0.6933 -0.2524
vn -0.6752 0.6388 0.3688
vn -0.6752 -0.6388 -0.3688
vn -0.6750 0.6933 0.2524
vn -0.6750 0.7093 0.2033
vn -0.6750 -0.5653 -0.4742
vn -0.6750 -0.5307 -0.5126
vn -0.6752 0.7336 0.0771
vn -0.6752 -0.4336 -0.5968
vn -0.6750 0.7360 -0.0514
vn -0.6750 0.7307 -0.1027
vn -0.6752 -0.3000 -0.6739
vn -0.6750 0.7093 -0.2033
vn -0.6750 0.6933 -0.2524
vn -0.6750 -0.1786 -0.7159
vn -0.6750 -0.1281 -0.7266
vn -0.6752 0.6388 -0.3688
vn -0.6752 -0.0000 -0.7376
vn -0.6750 0.5653 -0.4742
vn -0.6750 0.5307 -0.5126
vn -0.6750 0.1281 -0.7266
vn -0.6750 0.1786 -0.7159
vn -0.6750 0.4543 -0.5814
vn -0.6750 0.4125 -0.6117
vn -0.6750 0.2763 -0.6841
vn -0.6750 0.3235 -0.6631
vt 0.228328 0.262789
vt 0.217096 0.285085
vt 0.211235 0.272362
vt 0.236108 0.274437
vt 0.558057 0.542209
vt 0.608283 0.543917
vt 0.608871 0.553490
vt 0.558653 0.551911
vt 0.050987 0.042156
vt 0.060499 0.034050
vt 0.053327 0.044690
vt 0.062632 0.036761
vt 0.196653 0.292628
vt 0.192854 0.279144
vt 0.559198 0.562284
vt 0.609408 0.563725
vt 0.609890 0.574619
vt 0.559686 0.573325
vt 0.034039 0.060492
vt 0.042163 0.051002
vt 0.036746 0.062628
vt 0.044694 0.053344
vt 0.243714 0.250659
vt 0.253221 0.260946
vt 0.560116 0.584903
vt 0.610314 0.586043
vt 0.610678 0.597991
vt 0.560484 0.597012
vt 0.026703 0.070613
vt 0.023176 0.082938
vt 0.020167 0.081253
vt 0.029570 0.072529
vt 0.173639 0.282967
vt 0.175281 0.296880
vt 0.560789 0.609510
vt 0.610978 0.610323
vt 0.611214 0.623029
vt 0.561027 0.622388
vt 0.012950 0.105121
vt 0.014500 0.092400
vt 0.017632 0.093843
vt 0.009714 0.103929
vt 0.268012 0.244944
vt 0.257013 0.236272
vt 0.611383 0.635965
vt 0.561302 0.648828
vt 0.561199 0.635499
vt 0.611485 0.649117
vt 0.006320 0.128631
vt 0.005856 0.115827
vt 0.009176 0.116761
vt 0.002936 0.127961
vt 0.153507 0.297736
vt 0.154062 0.283737
vt 0.611519 0.662340
vt 0.561303 0.675683
vt 0.561337 0.662229
vt 0.611485 0.675614
vt 0.003449 0.152889
vt 0.000983 0.140317
vt 0.004408 0.140719
vt 0.000002 0.152757
vt 0.280118 0.226825
vt 0.267897 0.219982
vt 0.611382 0.688797
vt 0.561028 0.702289
vt 0.561199 0.689043
vt 0.611214 0.701866
vt 0.003447 0.165127
vt 0.000982 0.177707
vt -0.000000 0.165267
vt 0.004408 0.177296
vt 0.131867 0.295176
vt 0.134607 0.281434
vt 0.610978 0.714685
vt 0.560485 0.727992
vt 0.560789 0.715281
vt 0.610678 0.727228
vt 0.006316 0.189384
vt 0.005854 0.202196
vt 0.002933 0.190063
vt 0.009174 0.201253
vt 0.276099 0.202189
vt 0.289241 0.207036
vt 0.610314 0.739367
vt 0.559687 0.752160
vt 0.560116 0.740295
vt 0.609891 0.751074
vt 0.012944 0.212893
vt 0.014496 0.225622
vt 0.009708 0.214094
vt 0.017628 0.224170
vt 0.110895 0.289261
vt 0.115750 0.276117
vt 0.559198 0.763471
vt 0.609408 0.762234
vt 0.608872 0.772817
vt 0.558655 0.774197
vt 0.023169 0.235074
vt 0.026697 0.247407
vt 0.020159 0.236768
vt 0.029564 0.245482
vt 0.281417 0.183333
vt 0.295155 0.186063
vt 0.708816 0.542209
vt 0.759053 0.543866
vt 0.759621 0.553501
vt 0.709391 0.551974
vt 0.036738 0.255383
vt 0.042155 0.267015
vt 0.034030 0.257527
vt 0.044686 0.264664
vt 0.091106 0.280139
vt 0.097958 0.267915
vt 0.709916 0.562465
vt 0.760138 0.563853
vt 0.760603 0.574791
vt 0.710387 0.573551
vt 0.053317 0.273318
vt 0.060490 0.283963
vt 0.050977 0.275861
vt 0.062623 0.281244
vt 0.283719 0.163877
vt 0.297716 0.164423
vt 0.710801 0.585232
vt 0.761011 0.586316
vt 0.761361 0.598289
vt 0.711156 0.597366
vt 0.081251 0.297835
vt 0.072498 0.288438
vt 0.082933 0.294814
vt 0.070584 0.291317
vt 0.072988 0.268033
vt 0.081668 0.257031
vt 0.711449 0.609948
vt 0.761651 0.610703
vt 0.761878 0.623415
vt 0.711679 0.622831
vt 0.103926 0.308288
vt 0.093809 0.300371
vt 0.105116 0.305040
vt 0.092368 0.303514
vt 0.282950 0.144300
vt 0.296861 0.142649
vt 0.711944 0.649320
vt 0.762041 0.636413
vt 0.762139 0.649551
vt 0.711844 0.636005
vt 0.127958 0.315065
vt 0.116725 0.308822
vt 0.128625 0.311670
vt 0.115793 0.312153
vt 0.056986 0.253242
vt 0.067282 0.243732
vt 0.711943 0.676180
vt 0.762172 0.662813
vt 0.762139 0.676054
vt 0.711977 0.662761
vt 0.152754 0.317999
vt 0.140682 0.313584
vt 0.152882 0.314540
vt 0.140282 0.317022
vt 0.279128 0.125084
vt 0.292609 0.121277
vt 0.711678 0.702750
vt 0.762041 0.689253
vt 0.761877 0.702271
vt 0.711844 0.689557
vt 0.177290 0.313581
vt 0.165232 0.317999
vt 0.165089 0.314540
vt 0.177703 0.317018
vt 0.055152 0.228347
vt 0.043495 0.236130
vt 0.711155 0.728376
vt 0.761651 0.715081
vt 0.761361 0.727555
vt 0.711449 0.715734
vt 0.201247 0.308814
vt 0.190028 0.315061
vt 0.189347 0.311666
vt 0.202192 0.312146
vt 0.272347 0.106704
vt 0.285067 0.100833
vt 0.710386 0.752427
vt 0.761011 0.739663
vt 0.760602 0.751286
vt 0.710801 0.740647
vt 0.224163 0.300359
vt 0.214060 0.308280
vt 0.212857 0.305032
vt 0.225618 0.303503
vt 0.032848 0.217118
vt 0.045579 0.211253
vt 0.759619 0.772878
vt 0.709390 0.774310
vt 0.709916 0.763683
vt 0.760138 0.762392
vt 0.245475 0.288423
vt 0.236737 0.297823
vt 0.235041 0.294803
vt 0.247403 0.291302
vt 0.262773 0.089610
vt 0.274420 0.081821
vt 0.272950 0.775101
vt 0.323205 0.776683
vt 0.323731 0.786364
vt 0.273470 0.784654
vt 0.264657 0.273300
vt 0.257499 0.283948
vt 0.255352 0.281230
vt 0.267011 0.275843
vt 0.025306 0.196674
vt 0.038798 0.192873
vt 0.272051 0.754008
vt 0.322293 0.755305
vt 0.322724 0.766329
vt 0.272476 0.764885
vt 0.273290 0.264646
vt 0.281238 0.255363
vt 0.275836 0.266997
vt 0.283960 0.257507
vt 0.250644 0.074225
vt 0.260929 0.064709
vt 0.271356 0.730665
vt 0.321589 0.731647
vt 0.321914 0.743742
vt 0.271676 0.742599
vt 0.288414 0.245462
vt 0.294808 0.235052
vt 0.291296 0.247386
vt 0.297831 0.236745
vt 0.021054 0.175302
vt 0.034976 0.173657
vt 0.270883 0.705646
vt 0.321110 0.706291
vt 0.321321 0.719159
vt 0.271091 0.718343
vt 0.300352 0.224148
vt 0.305034 0.212869
vt 0.303498 0.225599
vt 0.308284 0.214070
vt 0.236258 0.060926
vt 0.244928 0.049918
vt 0.270734 0.692716
vt 0.320867 0.679861
vt 0.320959 0.693186
vt 0.270643 0.679568
vt 0.308808 0.201230
vt 0.311664 0.189359
vt 0.312142 0.202172
vt 0.315062 0.190038
vt 0.020199 0.153528
vt 0.034206 0.154081
vt 0.270614 0.666347
vt 0.320867 0.653008
vt 0.320837 0.666461
vt 0.270643 0.653072
vt 0.313576 0.177272
vt 0.314535 0.165102
vt 0.317016 0.177682
vt 0.317996 0.165242
vt 0.226809 0.037812
vt 0.219968 0.050042
vt 0.270734 0.639886
vt 0.321110 0.626393
vt 0.320959 0.639644
vt 0.270883 0.626812
vt 0.317016 0.140292
vt 0.314537 0.152864
vt 0.313576 0.140694
vt 0.317998 0.152731
vt 0.022760 0.131888
vt 0.036509 0.134624
vt 0.271091 0.613986
vt 0.321589 0.600672
vt 0.321321 0.613394
vt 0.271355 0.601433
vt 0.312144 0.115803
vt 0.311668 0.128606
vt 0.308810 0.116737
vt 0.315066 0.127936
vt 0.202175 0.041840
vt 0.207020 0.028690
vt 0.271676 0.589283
vt 0.322292 0.576478
vt 0.321914 0.588358
vt 0.272050 0.577562
vt 0.303502 0.092377
vt 0.305040 0.105098
vt 0.300356 0.093820
vt 0.308290 0.103905
vt 0.028674 0.110915
vt 0.041827 0.115768
vt 0.322724 0.565152
vt 0.272476 0.566386
vt 0.272949 0.555784
vt 0.323204 0.554407
vt 0.291302 0.070592
vt 0.294815 0.082916
vt 0.288420 0.072509
vt 0.297839 0.081230
vt 0.183319 0.036523
vt 0.186048 0.022775
vt 0.702775 0.242055
vt 0.652856 0.240345
vt 0.651820 0.230744
vt 0.701726 0.232324
vt 0.281246 0.062608
vt 0.275843 0.050984
vt 0.283969 0.060471
vt 0.273298 0.053326
vt 0.037797 0.091125
vt 0.050029 0.097975
vt 0.700770 0.221863
vt 0.650877 0.220422
vt 0.650030 0.209511
vt 0.699911 0.210805
vt 0.264667 0.044673
vt 0.257508 0.034035
vt 0.267021 0.042138
vt 0.255361 0.036746
vt 0.163863 0.034220
vt 0.164408 0.020215
vt 0.699157 0.199148
vt 0.649286 0.198010
vt 0.648647 0.186058
vt 0.698510 0.187035
vt 0.245486 0.029553
vt 0.236747 0.020164
vt 0.247414 0.026682
vt 0.235051 0.023176
vt 0.060913 0.081685
vt 0.049903 0.073007
vt 0.697975 0.174470
vt 0.648120 0.173661
vt 0.647706 0.160963
vt 0.697556 0.161601
vt 0.224175 0.017620
vt 0.214072 0.009711
vt 0.225630 0.014484
vt 0.212868 0.012950
vt 0.144287 0.034990
vt 0.142634 0.021071
vt 0.647409 0.147974
vt 0.697073 0.135129
vt 0.697254 0.148438
vt 0.647230 0.134843
vt 0.201259 0.009168
vt 0.190040 0.002934
vt 0.202205 0.005845
vt 0.189359 0.006321
vt 0.074212 0.067298
vt 0.064694 0.057005
vt 0.647169 0.121583
vt 0.697074 0.108270
vt 0.697012 0.121690
vt 0.647230 0.108341
vt 0.177302 0.004406
vt 0.165245 0.000000
vt 0.177716 0.000977
vt 0.165102 0.003450
vt 0.121262 0.025323
vt 0.125072 0.038813
vt 0.647409 0.095137
vt 0.697557 0.081685
vt 0.697254 0.094887
vt 0.647707 0.082110
vt 0.152895 0.003450
vt 0.140694 0.004410
vt 0.152766 0.000000
vt 0.140295 0.000981
vt 0.081807 0.043514
vt 0.089598 0.055168
vt 0.648120 0.069287
vt 0.698511 0.056030
vt 0.697975 0.068689
vt 0.648649 0.056797
vt 0.128637 0.006324
vt 0.116737 0.009176
vt 0.127970 0.002938
vt 0.115806 0.005853
vt 0.100819 0.032866
vt 0.106691 0.045595
vt 0.649286 0.044670
vt 0.699913 0.031936
vt 0.699157 0.043739
vt 0.650032 0.033023
vt 0.105127 0.012958
vt 0.093821 0.017631
vt 0.103938 0.009719
vt 0.092381 0.014496
vt 0.700770 0.020654
vt 0.650877 0.021891
vt 0.651823 0.011376
vt 0.701728 0.009996
vt 0.070596 0.026697
vt 0.081262 0.020175
vt 0.072509 0.029567
vt 0.082943 0.023187
vt 0.496164 0.545137
vt 0.484041 0.557869
vt 0.483477 0.548683
vt 0.496746 0.554603
vt 0.497277 0.564723
vt 0.485019 0.578143
vt 0.484557 0.567689
vt 0.497754 0.575495
vt 0.498173 0.586791
vt 0.485775 0.600568
vt 0.485426 0.589104
vt 0.498532 0.598604
vt 0.498829 0.610798
vt 0.486289 0.624593
vt 0.486063 0.612401
vt 0.499062 0.623361
vt 0.486451 0.637006
vt 0.499229 0.636153
vt 0.499330 0.649157
vt 0.486549 0.649626
vt 0.486582 0.662313
vt 0.499363 0.662232
vt 0.499330 0.675357
vt 0.486549 0.675050
vt 0.486451 0.687700
vt 0.499229 0.688392
vt 0.499062 0.701315
vt 0.486289 0.700240
vt 0.486063 0.712540
vt 0.498829 0.713990
vt 0.498533 0.726392
vt 0.485775 0.724575
vt 0.485426 0.736223
vt 0.498173 0.738394
vt 0.497755 0.749970
vt 0.485020 0.747456
vt 0.497277 0.761005
vt 0.484043 0.768320
vt 0.484557 0.758164
vt 0.496747 0.771470
vt 0.646920 0.545150
vt 0.634784 0.557915
vt 0.634239 0.548670
vt 0.647482 0.554677
vt 0.647993 0.564913
vt 0.635727 0.578343
vt 0.635281 0.567848
vt 0.648453 0.575728
vt 0.648857 0.587124
vt 0.636455 0.600890
vt 0.636119 0.589402
vt 0.649203 0.598962
vt 0.649489 0.611238
vt 0.636950 0.624999
vt 0.636732 0.612802
vt 0.649713 0.623807
vt 0.649972 0.649650
vt 0.637201 0.650078
vt 0.637107 0.637472
vt 0.649875 0.636659
vt 0.637200 0.675508
vt 0.637232 0.662803
vt 0.649972 0.675856
vt 0.650004 0.662763
vt 0.636949 0.700664
vt 0.637107 0.688173
vt 0.649713 0.701778
vt 0.649875 0.688906
vt 0.636454 0.724925
vt 0.636732 0.712956
vt 0.649202 0.726779
vt 0.649489 0.714445
vt 0.635726 0.747695
vt 0.636118 0.736543
vt 0.648452 0.750244
vt 0.648857 0.738751
vt 0.634783 0.768413
vt 0.647993 0.761225
vt 0.647480 0.771594
vt 0.635281 0.758352
vt 0.397799 0.770708
vt 0.385631 0.783428
vt 0.385118 0.773983
vt 0.398297 0.779874
vt 0.396936 0.750469
vt 0.384649 0.763882
vt 0.384228 0.753126
vt 0.397344 0.760906
vt 0.396269 0.728070
vt 0.383858 0.741845
vt 0.383541 0.730045
vt 0.396577 0.739521
vt 0.395816 0.704064
vt 0.383279 0.717861
vt 0.383074 0.705306
vt 0.396015 0.716247
vt 0.395672 0.691657
vt 0.382926 0.692521
vt 0.382837 0.679521
vt 0.395586 0.679041
vt 0.395557 0.666355
vt 0.382808 0.666448
vt 0.382837 0.653323
vt 0.395586 0.653618
vt 0.395672 0.640966
vt 0.382926 0.640285
vt 0.383073 0.627357
vt 0.395815 0.628420
vt 0.396015 0.616113
vt 0.383279 0.614674
vt 0.383541 0.602263
vt 0.396269 0.604069
vt 0.396577 0.592410
vt 0.383858 0.590248
vt 0.384227 0.578659
vt 0.396935 0.581163
vt 0.384649 0.567608
vt 0.397798 0.560267
vt 0.397344 0.570440
vt 0.385117 0.557126
vt 0.764537 0.239160
vt 0.776348 0.226426
vt 0.777341 0.235639
vt 0.763513 0.229666
vt 0.762581 0.219460
vt 0.774630 0.206053
vt 0.775443 0.216522
vt 0.761743 0.208672
vt 0.761007 0.197299
vt 0.773303 0.183549
vt 0.773916 0.195017
vt 0.760376 0.185482
vt 0.759854 0.173223
vt 0.772400 0.159469
vt 0.772797 0.171653
vt 0.759445 0.160668
vt 0.772115 0.147007
vt 0.759151 0.147825
vt 0.758974 0.134841
vt 0.771943 0.134406
vt 0.771885 0.121684
vt 0.758915 0.121730
vt 0.758975 0.108636
vt 0.771943 0.108977
vt 0.772115 0.096308
vt 0.759151 0.095580
vt 0.759446 0.082700
vt 0.772401 0.083808
vt 0.772797 0.071504
vt 0.759854 0.070020
vt 0.760377 0.057670
vt 0.773304 0.059519
vt 0.773916 0.047883
vt 0.761007 0.045679
vt 0.761745 0.034164
vt 0.774632 0.036708
vt 0.762581 0.023156
vt 0.776350 0.015937
vt 0.775443 0.026026
vt 0.763516 0.012759
vt 0.479387 0.559814
vt 0.478832 0.550795
vt 0.480347 0.579721
vt 0.479893 0.569457
vt 0.481089 0.601740
vt 0.480747 0.590484
vt 0.481594 0.625329
vt 0.481372 0.613358
vt 0.481753 0.637517
vt 0.481849 0.649908
vt 0.481881 0.662366
vt 0.481850 0.674872
vt 0.481753 0.687292
vt 0.481594 0.699605
vt 0.481372 0.711682
vt 0.481090 0.723499
vt 0.480747 0.734936
vt 0.480348 0.745965
vt 0.479388 0.766451
vt 0.479893 0.756480
vt 0.630134 0.559841
vt 0.629599 0.550764
vt 0.631060 0.579899
vt 0.630622 0.569594
vt 0.631774 0.602037
vt 0.631444 0.590758
vt 0.632261 0.625710
vt 0.632047 0.613734
vt 0.632507 0.650334
vt 0.632415 0.637956
vt 0.632507 0.675303
vt 0.632538 0.662828
vt 0.632260 0.700003
vt 0.632415 0.687738
vt 0.631774 0.723825
vt 0.632047 0.712072
vt 0.631059 0.746182
vt 0.631444 0.735232
vt 0.630133 0.766525
vt 0.630622 0.756646
vt 0.402439 0.768758
vt 0.402928 0.777758
vt 0.401591 0.748885
vt 0.401992 0.759133
vt 0.400937 0.726893
vt 0.401239 0.738136
vt 0.400491 0.703321
vt 0.400687 0.715284
vt 0.400350 0.691139
vt 0.400265 0.678752
vt 0.400237 0.666296
vt 0.400265 0.653790
vt 0.400350 0.641367
vt 0.400491 0.629049
vt 0.400687 0.616965
vt 0.400936 0.605139
vt 0.401239 0.593691
vt 0.401590 0.582648
vt 0.402437 0.562131
vt 0.401992 0.572119
vt 0.781093 0.224496
vt 0.782068 0.233542
vt 0.779406 0.204492
vt 0.780204 0.214772
vt 0.778103 0.182396
vt 0.778705 0.193656
vt 0.777216 0.158753
vt 0.777606 0.170716
vt 0.776936 0.146516
vt 0.776768 0.134144
vt 0.776711 0.121652
vt 0.776768 0.109176
vt 0.776936 0.096736
vt 0.777217 0.084463
vt 0.777606 0.072381
vt 0.778104 0.060614
vt 0.778705 0.049189
vt 0.779408 0.038216
vt 0.781095 0.017821
vt 0.780204 0.027728
vt 0.075662 0.034314
vt 0.085712 0.028169
vt 0.096190 0.022817
vt 0.107080 0.018316
vt 0.057186 0.048880
vt 0.066149 0.041243
vt 0.129724 0.011927
vt 0.118263 0.014673
vt 0.041216 0.066158
vt 0.048871 0.057215
vt 0.153089 0.009158
vt 0.141338 0.010083
vt 0.028145 0.085720
vt 0.034303 0.075694
vt 0.176598 0.010079
vt 0.164847 0.009158
vt 0.018295 0.107087
vt 0.022805 0.096223
vt 0.199673 0.014666
vt 0.188211 0.011923
vt 0.011909 0.129732
vt 0.014660 0.118298
vt 0.221746 0.022806
vt 0.210855 0.018308
vt 0.009144 0.153096
vt 0.010068 0.141374
vt 0.242272 0.034300
vt 0.232221 0.028158
vt 0.009142 0.164884
vt 0.010068 0.176606
vt 0.260748 0.048863
vt 0.251784 0.041228
vt 0.011906 0.188248
vt 0.014658 0.199681
vt 0.276717 0.066138
vt 0.269061 0.057198
vt 0.018290 0.210892
vt 0.022801 0.221754
vt 0.289786 0.085699
vt 0.283626 0.075675
vt 0.028138 0.232257
vt 0.034298 0.242281
vt 0.299634 0.107064
vt 0.295122 0.096202
vt 0.041207 0.251818
vt 0.048863 0.260758
vt 0.306018 0.129708
vt 0.303266 0.118275
vt 0.057176 0.269093
vt 0.066140 0.276728
vt 0.308782 0.153072
vt 0.307856 0.141350
vt 0.075651 0.283656
vt 0.085702 0.289798
vt 0.308780 0.164860
vt 0.307856 0.176582
vt 0.096178 0.295150
vt 0.107069 0.299648
vt 0.303264 0.199658
vt 0.306015 0.188224
vt 0.118251 0.303290
vt 0.129713 0.306033
vt 0.295119 0.221733
vt 0.299629 0.210869
vt 0.141326 0.307877
vt 0.153077 0.308798
vt 0.283621 0.242262
vt 0.289779 0.232236
vt 0.176586 0.307873
vt 0.164835 0.308798
vt 0.269053 0.260741
vt 0.276708 0.251798
vt 0.199661 0.303283
vt 0.188200 0.306029
vt 0.260738 0.269076
vt 0.251775 0.276713
vt 0.221734 0.295139
vt 0.210844 0.299640
vt 0.242262 0.283642
vt 0.232212 0.289787
vt 0.510015 0.553361
vt 0.510553 0.563596
vt 0.511034 0.574490
vt 0.511458 0.585914
vt 0.511822 0.597862
vt 0.512122 0.610194
vt 0.512358 0.622900
vt 0.512527 0.635837
vt 0.512663 0.662211
vt 0.512629 0.648989
vt 0.512527 0.688668
vt 0.512629 0.675485
vt 0.512122 0.714556
vt 0.512358 0.701738
vt 0.511458 0.739238
vt 0.511822 0.727099
vt 0.510553 0.762105
vt 0.511035 0.750945
vt 0.510017 0.772689
vt 0.496164 0.781265
vt 0.509427 0.782595
vt 0.660750 0.553441
vt 0.661267 0.563793
vt 0.661732 0.574731
vt 0.662140 0.586256
vt 0.662490 0.598229
vt 0.662780 0.610643
vt 0.663007 0.623355
vt 0.663170 0.636353
vt 0.663301 0.662753
vt 0.663268 0.649491
vt 0.663170 0.689193
vt 0.663268 0.675994
vt 0.662780 0.715021
vt 0.663006 0.702210
vt 0.662140 0.739603
vt 0.662490 0.727495
vt 0.661267 0.762332
vt 0.661731 0.751226
vt 0.660182 0.782649
vt 0.646920 0.781314
vt 0.660748 0.772818
vt 0.371379 0.765012
vt 0.371853 0.775228
vt 0.370579 0.742725
vt 0.370954 0.754134
vt 0.369994 0.718470
vt 0.370259 0.730791
vt 0.369637 0.692842
vt 0.369786 0.705772
vt 0.369517 0.666473
vt 0.369546 0.679694
vt 0.369637 0.640013
vt 0.369546 0.653199
vt 0.369994 0.614112
vt 0.369785 0.626938
vt 0.370579 0.589409
vt 0.370258 0.601560
vt 0.371379 0.566512
vt 0.370953 0.577688
vt 0.371852 0.555911
vt 0.385631 0.547311
vt 0.372372 0.545984
vt 0.750232 0.230895
vt 0.749289 0.220573
vt 0.748441 0.209663
vt 0.747697 0.198161
vt 0.747059 0.186210
vt 0.746531 0.173812
vt 0.746117 0.161114
vt 0.745820 0.148126
vt 0.745581 0.121735
vt 0.745641 0.134994
vt 0.745820 0.095288
vt 0.745641 0.108492
vt 0.746531 0.069438
vt 0.746118 0.082262
vt 0.747697 0.044821
vt 0.747060 0.056948
vt 0.749289 0.022043
vt 0.748443 0.033175
vt 0.750234 0.011527
vt 0.764537 0.003006
vt 0.751267 0.001664
vt 0.627032 0.556909
vt 0.627553 0.566834
vt 0.628020 0.577399
vt 0.628431 0.588477
vt 0.633937 0.014615
vt 0.634939 0.005050
vt 0.652856 0.001513
vt 0.628784 0.600063
vt 0.629075 0.612022
vt 0.632201 0.035608
vt 0.633021 0.024812
vt 0.629303 0.624344
vt 0.629467 0.636889
vt 0.630859 0.058661
vt 0.631477 0.046901
vt 0.629566 0.649643
vt 0.629599 0.662465
vt 0.629946 0.083209
vt 0.630346 0.070774
vt 0.629567 0.675338
vt 0.629467 0.688122
vt 0.629484 0.108646
vt 0.629657 0.095841
vt 0.629304 0.700796
vt 0.629075 0.713226
vt 0.629483 0.134345
vt 0.629425 0.121487
vt 0.628784 0.725389
vt 0.628431 0.737161
vt 0.629945 0.159675
vt 0.629657 0.147080
vt 0.628021 0.748514
vt 0.627553 0.759336
vt 0.630858 0.184011
vt 0.630346 0.171989
vt 0.627033 0.769600
vt 0.626461 0.779206
vt 0.608283 0.782724
vt 0.632199 0.206754
vt 0.631477 0.195601
vt 0.777793 0.556869
vt 0.778295 0.566908
vt 0.633935 0.227345
vt 0.633021 0.217335
vt 0.778746 0.577515
vt 0.779142 0.588691
vt 0.254750 0.558994
vt 0.255255 0.549368
vt 0.273470 0.545858
vt 0.779481 0.600301
vt 0.779762 0.612340
vt 0.253878 0.580112
vt 0.254291 0.569274
vt 0.779982 0.624667
vt 0.780140 0.637272
vt 0.253204 0.603262
vt 0.253516 0.591479
vt 0.780235 0.650013
vt 0.780267 0.662873
vt 0.252746 0.627872
vt 0.252948 0.615434
vt 0.780235 0.675713
vt 0.780140 0.688513
vt 0.252514 0.653338
vt 0.252602 0.640551
vt 0.779982 0.701137
vt 0.779762 0.713560
vt 0.252514 0.679031
vt 0.252485 0.666211
vt 0.779481 0.725656
vt 0.779142 0.737398
vt 0.252602 0.691781
vt 0.252746 0.704320
vt 0.778745 0.748669
vt 0.778295 0.759439
vt 0.252948 0.716634
vt 0.253205 0.728582
vt 0.777242 0.779141
vt 0.759053 0.782709
vt 0.777792 0.769607
vt 0.253516 0.740155
vt 0.253879 0.751219
vt 0.254291 0.761767
vt 0.254751 0.771674
vt 0.225344 0.585187
vt 0.217726 0.594787
vt 0.219878 0.579901
vt 0.211912 0.589938
vt 0.210894 0.604980
vt 0.204882 0.615645
vt 0.204769 0.600595
vt 0.198483 0.611746
vt 0.411221 0.558474
vt 0.402928 0.549430
vt 0.417298 0.553803
vt 0.408628 0.544347
vt 0.188648 0.635372
vt 0.193099 0.623383
vt 0.195475 0.638243
vt 0.199732 0.626775
vt 0.418809 0.568132
vt 0.432327 0.574607
vt 0.425595 0.578372
vt 0.425231 0.563901
vt 0.182649 0.660236
vt 0.185154 0.647703
vt 0.189737 0.662023
vt 0.192133 0.650036
vt 0.431585 0.589099
vt 0.443935 0.597516
vt 0.436698 0.600284
vt 0.438590 0.585823
vt 0.180632 0.685724
vt 0.188285 0.674190
vt 0.187808 0.686402
vt 0.181131 0.672956
vt 0.440943 0.611815
vt 0.451838 0.621966
vt 0.444256 0.623668
vt 0.448373 0.609573
vt 0.182649 0.711210
vt 0.188283 0.698642
vt 0.189737 0.710778
vt 0.181129 0.698521
vt 0.446651 0.635721
vt 0.455839 0.647353
vt 0.448083 0.647950
vt 0.454342 0.634567
vt 0.188648 0.736065
vt 0.192126 0.722789
vt 0.195475 0.734551
vt 0.185147 0.723769
vt 0.455842 0.673055
vt 0.448569 0.660227
vt 0.456347 0.660189
vt 0.448086 0.672532
vt 0.198483 0.759679
vt 0.199721 0.746039
vt 0.204882 0.757136
vt 0.193087 0.748077
vt 0.454342 0.685809
vt 0.444263 0.696809
vt 0.446651 0.684731
vt 0.451845 0.698437
vt 0.210879 0.767817
vt 0.211912 0.781468
vt 0.204753 0.770847
vt 0.217726 0.777976
vt 0.448373 0.710795
vt 0.436709 0.720182
vt 0.440943 0.708629
vt 0.443947 0.722874
vt 0.225326 0.787588
vt 0.228603 0.800898
vt 0.219858 0.791518
vt 0.233690 0.796560
vt 0.438590 0.734533
vt 0.425610 0.742077
vt 0.431585 0.731333
vt 0.432343 0.745766
vt 0.950305 0.556310
vt 0.937677 0.561740
vt 0.945591 0.551630
vt 0.942735 0.565979
vt 0.425231 0.756437
vt 0.411239 0.761953
vt 0.418809 0.752283
vt 0.417318 0.766547
vt 0.935934 0.576186
vt 0.924319 0.583645
vt 0.930566 0.572412
vt 0.929959 0.586930
vt 0.884986 0.269030
vt 0.888350 0.283705
vt 0.879986 0.274733
vt 0.893731 0.278410
vt 0.924835 0.598080
vt 0.914536 0.607382
vt 0.918962 0.595303
vt 0.920601 0.609633
vt 0.902797 0.303476
vt 0.901677 0.288460
vt 0.908836 0.299082
vt 0.895950 0.293317
vt 0.917281 0.621454
vt 0.908567 0.632368
vt 0.911064 0.619740
vt 0.914893 0.633531
vt 0.913955 0.325254
vt 0.915106 0.310249
vt 0.920502 0.321851
vt 0.908793 0.314157
vt 0.913458 0.645730
vt 0.912975 0.658035
vt 0.907067 0.645122
vt 0.906561 0.657988
vt 0.921549 0.348503
vt 0.924941 0.333863
vt 0.928442 0.346159
vt 0.918200 0.336742
vt 0.908567 0.683610
vt 0.907070 0.670824
vt 0.914893 0.682542
vt 0.913461 0.670312
vt 0.925392 0.372651
vt 0.930940 0.358718
vt 0.932460 0.371407
vt 0.923938 0.360515
vt 0.914536 0.708604
vt 0.911071 0.696212
vt 0.920601 0.706447
vt 0.917288 0.694594
vt 0.925390 0.397103
vt 0.932957 0.384204
vt 0.932458 0.396972
vt 0.925867 0.384891
vt 0.924319 0.732355
vt 0.918974 0.720661
vt 0.929959 0.729163
vt 0.924846 0.717979
vt 0.923938 0.409270
vt 0.928435 0.422225
vt 0.921542 0.421257
vt 0.930940 0.409693
vt 0.937677 0.754277
vt 0.930582 0.743570
vt 0.942735 0.750130
vt 0.935949 0.739890
vt 0.918200 0.433050
vt 0.920491 0.446545
vt 0.913944 0.444518
vt 0.924941 0.434556
vt 0.945611 0.764374
vt 0.958616 0.768832
vt 0.954281 0.773830
vt 0.950323 0.759788
vt 0.908793 0.455648
vt 0.908820 0.469333
vt 0.902782 0.466313
vt 0.915106 0.458182
vt 0.893711 0.490027
vt 0.895950 0.476505
vt 0.901677 0.479990
vt 0.888331 0.486105
vt 0.560258 0.026356
vt 0.570145 0.033598
vt 0.553505 0.035489
vt 0.538920 0.014327
vt 0.549809 0.019923
vt 0.533652 0.024298
vt 0.579465 0.041589
vt 0.588107 0.050300
vt 0.571375 0.049662
vt 0.515976 0.005801
vt 0.527599 0.009611
vt 0.512304 0.016365
vt 0.596069 0.059653
vt 0.603252 0.069618
vt 0.586823 0.066469
vt 0.491991 0.000985
vt 0.504062 0.002917
vt 0.489989 0.011884
vt 0.609659 0.080102
vt 0.615207 0.091076
vt 0.599468 0.085495
vt 0.467557 -0.000000
vt 0.479778 0.000005
vt 0.467255 0.010968
vt 0.619902 0.102432
vt 0.623678 0.114146
vt 0.608998 0.106271
vt 0.443273 0.002869
vt 0.455344 0.000947
vt 0.444661 0.013637
vt 0.626545 0.126095
vt 0.628457 0.138259
vt 0.615179 0.128288
vt 0.419740 0.009521
vt 0.431363 0.005721
vt 0.422766 0.019826
vt 0.629425 0.150507
vt 0.629425 0.162822
vt 0.617858 0.151001
vt 0.397535 0.019793
vt 0.408424 0.014207
vt 0.402106 0.029384
vt 0.628471 0.175068
vt 0.626559 0.187230
vt 0.616970 0.173852
vt 0.377206 0.033432
vt 0.387093 0.026198
vt 0.383192 0.042073
vt 0.623706 0.199171
vt 0.619929 0.210882
vt 0.612537 0.196278
vt 0.359253 0.050102
vt 0.367895 0.041398
vt 0.366489 0.057583
vt 0.615248 0.222225
vt 0.609699 0.233195
vt 0.604668 0.217728
vt 0.344119 0.069393
vt 0.351302 0.059433
vt 0.352408 0.075531
vt 0.603304 0.243661
vt 0.596121 0.253621
vt 0.593555 0.237672
vt 0.332176 0.090829
vt 0.337724 0.079859
vt 0.341295 0.095476
vt 0.588170 0.262952
vt 0.579528 0.271656
vt 0.579474 0.255620
vt 0.323717 0.113883
vt 0.327494 0.102173
vt 0.333426 0.116925
vt 0.570217 0.279622
vt 0.560330 0.286856
vt 0.562771 0.271130
vt 0.318952 0.137987
vt 0.320864 0.125824
vt 0.328992 0.139352
vt 0.549888 0.293261
vt 0.538999 0.298847
vt 0.543857 0.283820
vt 0.317998 0.162547
vt 0.317998 0.150232
vt 0.328105 0.162203
vt 0.527683 0.303533
vt 0.516060 0.307334
vt 0.523197 0.293377
vt 0.320878 0.186959
vt 0.318966 0.174795
vt 0.330784 0.184916
vt 0.504150 0.310185
vt 0.492079 0.312107
vt 0.501301 0.299567
vt 0.327521 0.210622
vt 0.323745 0.198909
vt 0.336965 0.206932
vt 0.479867 0.313054
vt 0.467646 0.313049
vt 0.478708 0.302236
vt 0.337764 0.232953
vt 0.332216 0.221978
vt 0.346495 0.227709
vt 0.455432 0.312069
vt 0.443361 0.310138
vt 0.455974 0.301319
vt 0.351355 0.253402
vt 0.344171 0.243436
vt 0.359140 0.246735
vt 0.431447 0.307254
vt 0.419824 0.303443
vt 0.433658 0.296839
vt 0.367958 0.271465
vt 0.359316 0.262754
vt 0.374587 0.263541
vt 0.408503 0.298727
vt 0.397614 0.293132
vt 0.412311 0.288905
vt 0.387165 0.286699
vt 0.377278 0.279456
vt 0.392458 0.277714
vt 0.557704 0.064647
vt 0.542340 0.052461
vt 0.525271 0.042839
vt 0.570985 0.079096
vt 0.506917 0.036019
vt 0.581857 0.095454
vt 0.487731 0.032167
vt 0.590050 0.113317
vt 0.468185 0.031379
vt 0.595364 0.132245
vt 0.448761 0.033673
vt 0.597668 0.151773
vt 0.429936 0.038995
vt 0.596905 0.171420
vt 0.412173 0.047212
vt 0.593093 0.190701
vt 0.395912 0.058122
vt 0.586327 0.209142
vt 0.381551 0.071457
vt 0.576773 0.226290
vt 0.369445 0.086888
vt 0.564667 0.241721
vt 0.359891 0.104035
vt 0.550306 0.255055
vt 0.353125 0.122476
vt 0.534045 0.265966
vt 0.349313 0.141758
vt 0.516282 0.274183
vt 0.348550 0.161404
vt 0.497457 0.279504
vt 0.350854 0.180932
vt 0.478033 0.281799
vt 0.356168 0.199861
vt 0.458487 0.281011
vt 0.364361 0.217724
vt 0.439301 0.277159
vt 0.375233 0.234081
vt 0.420947 0.270338
vt 0.388514 0.248531
vt 0.403878 0.260716
vt 0.558057 0.784237
vt 0.708816 0.784274
vt 0.323731 0.544347
vt 0.702775 -0.000000
vt 0.483477 0.777825
vt 0.634239 0.777847
vt 0.398297 0.550743
vt 0.777341 0.006473
vt 0.478832 0.775784
vt 0.629599 0.775787
vt 0.402928 0.552779
vt 0.782068 0.008529
vt 0.509427 0.543788
vt 0.660182 0.543806
vt 0.372372 0.784780
vt 0.751267 0.240497
vt 0.626461 0.547626
vt 0.777242 0.547526
vt 0.634939 0.236656
vt 0.255255 0.780938
vt 0.233690 0.576183
vt 0.228603 0.570487
vt 0.954281 0.542209
vt 0.958616 0.547298
vt 0.408628 0.775968
vt 0.402928 0.770964
vt 0.879986 0.495110
vt 0.884986 0.499441
vt 0.886978 0.904918
vt 0.889114 0.909128
vt 0.887617 0.909880
vt 0.885255 0.906050
vt 0.990439 0.340196
vt 0.983691 0.330567
vt 0.987522 0.325625
vt 0.985792 0.340071
vt 0.982428 0.320915
vt 0.982010 0.311268
vt 0.986401 0.311287
vt 0.889114 0.903790
vt 0.885425 0.909726
vt 0.625906 0.930872
vt 0.625906 0.925762
vt 0.627460 0.929855
vt 0.478599 0.602372
vt 0.477246 0.607734
vt 0.477246 0.601899
vt 0.990439 0.282380
vt 0.983692 0.291970
vt 0.985792 0.282465
vt 0.987522 0.296950
vt 0.982428 0.301621
vt 0.344448 0.317406
vt 0.345477 0.313054
vt 0.347097 0.317406
vt 0.628311 0.927864
vt 0.068386 0.333000
vt 0.058316 0.337695
vt 0.067939 0.332139
vt 0.058837 0.338513
vt 0.078301 0.328381
vt 0.077931 0.327484
vt 0.088582 0.324643
vt 0.088291 0.323718
vt 0.099064 0.321835
vt 0.098855 0.320888
vt 0.470108 0.710939
vt 0.468046 0.718762
vt 0.468448 0.710742
vt 0.469707 0.718937
vt 0.470549 0.703565
vt 0.468891 0.703348
vt 0.388522 0.940972
vt 0.387288 0.948606
vt 0.386862 0.941168
vt 0.388947 0.948391
vt 0.388142 0.933065
vt 0.386481 0.933239
vt 0.350759 0.543472
vt 0.360714 0.543619
vt 0.360682 0.544347
vt 0.350543 0.542689
vt 0.341029 0.541746
vt 0.341240 0.540798
vt 0.331779 0.538252
vt 0.331486 0.539178
vt 0.322276 0.535819
vt 0.322648 0.534922
vt 0.133451 0.767248
vt 0.133451 0.759141
vt 0.133774 0.759866
vt 0.133826 0.767246
vt 0.134210 0.752266
vt 0.133536 0.752280
vt 0.133921 0.759152
vt 0.159048 0.903519
vt 0.159034 0.910822
vt 0.158375 0.903561
vt 0.159707 0.910779
vt 0.158418 0.895779
vt 0.157745 0.895819
vt 0.975525 0.357985
vt 0.973018 0.349140
vt 0.975915 0.349140
vt 0.972628 0.357984
vt 0.176894 0.922597
vt 0.179011 0.913891
vt 0.179777 0.922595
vt 0.176129 0.913892
vt 0.177750 0.930759
vt 0.180632 0.930757
vt 0.976345 0.340983
vt 0.973448 0.340982
vt 0.072636 0.341186
vt 0.063789 0.346293
vt 0.081823 0.336906
vt 0.091347 0.333443
vt 0.101058 0.330842
vt 0.475837 0.711581
vt 0.475440 0.719509
vt 0.476274 0.704271
vt 0.394250 0.940333
vt 0.394671 0.947687
vt 0.393873 0.932495
vt 0.476809 0.711696
vt 0.476412 0.719612
vt 0.477246 0.704398
vt 0.395222 0.940218
vt 0.395642 0.947561
vt 0.394845 0.932392
vt 0.073285 0.342433
vt 0.064545 0.347479
vt 0.082360 0.338205
vt 0.091769 0.334785
vt 0.101363 0.332214
vt 0.141818 0.761873
vt 0.146348 0.763203
vt 0.145869 0.764808
vt 0.141462 0.763904
vt 0.990579 0.216514
vt 0.983832 0.206886
vt 0.987663 0.201944
vt 0.985932 0.216390
vt 0.982568 0.197234
vt 0.982150 0.187587
vt 0.986541 0.187606
vt 0.146210 0.767043
vt 0.144255 0.766300
vt 0.147617 0.765598
vt 0.988993 0.201686
vt 0.148212 0.753253
vt 0.147952 0.763670
vt 0.752444 0.539941
vt 0.753625 0.528815
vt 0.755566 0.528423
vt 0.987777 0.187616
vt 0.141783 0.752118
vt 0.141715 0.759321
vt 0.166610 0.903055
vt 0.167267 0.910293
vt 0.165981 0.895337
vt 0.565197 0.456907
vt 0.569877 0.460990
vt 0.564769 0.457411
vt 0.570211 0.460420
vt 0.560396 0.453034
vt 0.560905 0.452612
vt 0.965677 0.923505
vt 0.964489 0.928139
vt 0.964773 0.923443
vt 0.965394 0.928191
vt 0.067613 0.956777
vt 0.066928 0.961503
vt 0.066708 0.956818
vt 0.067833 0.961451
vt 0.073755 0.964194
vt 0.073284 0.955934
vt 0.079312 0.953537
vt 0.079722 0.960736
vt 0.408453 0.875134
vt 0.406382 0.885587
vt 0.402928 0.876096
vt 0.411242 0.882798
vt 0.151192 0.926182
vt 0.153372 0.928308
vt 0.151192 0.932010
vt 0.971056 0.929101
vt 0.419404 0.905197
vt 0.414692 0.902550
vt 0.418139 0.901030
vt 0.416650 0.906411
vt 0.894035 0.958936
vt 0.894170 0.956564
vt 0.898298 0.960521
vt 0.701834 0.521165
vt 0.700114 0.516438
vt 0.701597 0.516176
vt 0.703138 0.520410
vt 0.569579 0.461503
vt 0.565594 0.462168
vt 0.567527 0.460391
vt 0.564015 0.460385
vt 0.555791 0.456850
vt 0.555074 0.457447
vt 0.562708 0.463398
vt 0.562252 0.464625
vt 0.557312 0.464328
vt 0.553921 0.458412
vt 0.561698 0.467258
vt 0.561899 0.469789
vt 0.563660 0.471638
vt 0.557638 0.469046
vt 0.565571 0.459471
vt 0.562247 0.469646
vt 0.563834 0.471337
vt 0.562059 0.467293
vt 0.562574 0.464843
vt 0.563009 0.463627
vt 0.564322 0.460636
vt 0.565657 0.459760
vt 0.567597 0.460025
vt 0.567607 0.459725
vt 0.569768 0.461175
vt 0.562360 0.469352
vt 0.563959 0.471125
vt 0.629039 0.843278
vt 0.627556 0.841356
vt 0.629038 0.842830
vt 0.627670 0.840919
vt 0.626216 0.839209
vt 0.626362 0.838200
vt 0.625906 0.837728
vt 0.626330 0.833061
vt 0.625955 0.833116
vt 0.626409 0.831362
vt 0.626762 0.831427
vt 0.565699 0.460073
vt 0.629039 0.831907
vt 0.397871 0.313054
vt 0.397871 0.317850
vt 0.397513 0.315717
vt 0.538101 0.530270
vt 0.525598 0.523051
vt 0.527531 0.522597
vt 0.537529 0.528369
vt 0.465919 0.863542
vt 0.466446 0.858481
vt 0.466377 0.863619
vt 0.465985 0.858418
vt 0.465588 0.853237
vt 0.465666 0.848395
vt 0.466050 0.853302
vt 0.465205 0.848317
vt 0.465574 0.842679
vt 0.465112 0.842618
vt 0.462757 0.894156
vt 0.463215 0.894234
vt 0.461930 0.897720
vt 0.462388 0.897803
vt 0.134694 0.763350
vt 0.135109 0.770955
vt 0.134220 0.763310
vt 0.135579 0.770951
vt 0.993071 0.483717
vt 0.994566 0.491165
vt 0.987014 0.490869
vt 0.986101 0.482535
vt 0.990996 0.474778
vt 0.985841 0.475471
vt 0.992344 0.521631
vt 0.986826 0.521153
vt 0.985841 0.525287
vt 0.991074 0.525845
vt 0.739160 0.310460
vt 0.734006 0.310248
vt 0.734915 0.308364
vt 0.993387 0.913048
vt 0.994072 0.909636
vt 0.996845 0.910475
vt 0.863076 0.929936
vt 0.862328 0.938376
vt 0.859437 0.937340
vt 0.858496 0.928528
vt 0.852078 0.914243
vt 0.870002 0.921931
vt 0.856194 0.921184
vt 0.865891 0.925068
vt 0.851667 0.907834
vt 0.872225 0.915709
vt 0.855545 0.967400
vt 0.853512 0.966838
vt 0.853904 0.970865
vt 0.851667 0.969541
vt 0.997175 0.868908
vt 0.993488 0.859855
vt 0.996475 0.859562
vt 0.993387 0.869796
vt 0.798321 0.295808
vt 0.795594 0.290318
vt 0.800673 0.293448
vt 0.791216 0.291269
vt 0.989179 0.471521
vt 0.993668 0.853051
vt 0.785888 0.284322
vt 0.791347 0.286741
vt 0.789085 0.282307
vt 0.788841 0.276341
vt 0.782235 0.282776
vt 0.782068 0.275521
vt 0.997479 0.904946
vt 0.994170 0.904965
vt 0.830001 0.314368
vt 0.831229 0.312875
vt 0.835102 0.316735
vt 0.835555 0.314800
vt 0.363196 0.313054
vt 0.363196 0.317022
vt 0.361571 0.314909
vt 0.733943 0.315749
vt 0.739160 0.315718
vt 0.734650 0.316653
vt 0.839729 0.315827
vt 0.134456 0.761480
vt 0.133984 0.761463
vt 0.138769 0.766709
vt 0.524311 0.522731
vt 0.531484 0.527292
vt 0.142460 0.759545
vt 0.142528 0.752344
vt 0.167335 0.902793
vt 0.167989 0.910007
vt 0.166709 0.895101
vt 0.150640 0.767684
vt 0.153391 0.764560
vt 0.525136 0.522712
vt 0.522759 0.522042
vt 0.526963 0.522285
vt 0.534119 0.515774
vt 0.534556 0.516051
vt 0.536905 0.511857
vt 0.537287 0.512069
vt 0.553238 0.479816
vt 0.552756 0.479517
vt 0.555869 0.474396
vt 0.555431 0.474150
vt 0.557106 0.468894
vt 0.556650 0.464102
vt 0.553571 0.458706
vt 0.137929 0.767492
vt 0.137350 0.770935
vt 0.460209 0.897407
vt 0.461249 0.893901
vt 0.463605 0.863162
vt 0.463027 0.858011
vt 0.461679 0.852714
vt 0.460637 0.847550
vt 0.460209 0.841963
vt 0.353005 0.316746
vt 0.350026 0.313678
vt 0.353005 0.313054
vt 0.531335 0.527551
vt 0.523508 0.522532
vt 0.541770 0.514658
vt 0.561760 0.484736
vt 0.570995 0.465287
vt 0.778620 0.918029
vt 0.778416 0.921791
vt 0.776476 0.921804
vt 0.421850 0.900376
vt 0.422369 0.904674
vt 0.129727 0.926467
vt 0.131663 0.926456
vt 0.131867 0.930218
vt 0.889393 0.980972
vt 0.893566 0.977062
vt 0.893770 0.980647
vt 0.889289 0.978588
vt 0.565149 0.479754
vt 0.049809 0.344843
vt 0.049219 0.344074
vt 0.040781 0.351168
vt 0.041436 0.351883
vt 0.032995 0.358971
vt 0.033709 0.359626
vt 0.025971 0.367353
vt 0.026740 0.367944
vt 0.469354 0.727441
vt 0.467692 0.727288
vt 0.469053 0.736313
vt 0.467390 0.736184
vt 0.468804 0.745550
vt 0.467140 0.745446
vt 0.468609 0.755005
vt 0.466945 0.754927
vt 0.370643 0.544347
vt 0.370927 0.543586
vt 0.380487 0.543482
vt 0.380360 0.542519
vt 0.390008 0.540815
vt 0.390219 0.541763
vt 0.399688 0.539225
vt 0.399396 0.538299
vt 0.133846 0.775124
vt 0.133530 0.775901
vt 0.134362 0.784424
vt 0.133688 0.784445
vt 0.134000 0.775879
vt 0.134574 0.793486
vt 0.133900 0.793510
vt 0.134851 0.802759
vt 0.134177 0.802786
vt 0.972283 0.367386
vt 0.975180 0.367386
vt 0.971558 0.397844
vt 0.971747 0.387398
vt 0.974455 0.397845
vt 0.974644 0.387399
vt 0.974887 0.377192
vt 0.971990 0.377191
vt 0.055425 0.352158
vt 0.047668 0.358680
vt 0.040509 0.365854
vt 0.034052 0.373560
vt 0.475089 0.727939
vt 0.474791 0.736733
vt 0.474544 0.745890
vt 0.474351 0.755263
vt 0.476063 0.728028
vt 0.475765 0.736808
vt 0.475518 0.745951
vt 0.475326 0.755309
vt 0.056282 0.353273
vt 0.048619 0.359716
vt 0.041547 0.366803
vt 0.035168 0.374415
vt 0.957290 0.483430
vt 0.953835 0.481280
vt 0.958059 0.481795
vt 0.949532 0.333954
vt 0.952956 0.330762
vt 0.950742 0.335764
vt 0.950686 0.493103
vt 0.952660 0.483571
vt 0.954567 0.498038
vt 0.949551 0.502770
vt 0.949262 0.512422
vt 0.953637 0.512388
vt 0.952231 0.328311
vt 0.950912 0.330183
vt 0.954111 0.329043
vt 0.971626 0.866788
vt 0.968968 0.853051
vt 0.970603 0.853609
vt 0.969859 0.866364
vt 0.972748 0.880030
vt 0.970858 0.879902
vt 0.141792 0.775508
vt 0.141934 0.784181
vt 0.142146 0.793217
vt 0.142422 0.802463
vt 0.575759 0.463005
vt 0.575530 0.463624
vt 0.581507 0.465223
vt 0.581626 0.464575
vt 0.965164 0.933487
vt 0.964258 0.933448
vt 0.964996 0.939186
vt 0.964090 0.939160
vt 0.977064 0.931583
vt 0.976733 0.940746
vt 0.970676 0.939613
vt 0.416485 0.889046
vt 0.412875 0.893324
vt 0.249656 0.720192
vt 0.249817 0.712783
vt 0.251783 0.717090
vt 0.411429 0.904434
vt 0.414043 0.907916
vt 0.893916 0.961495
vt 0.706035 0.523861
vt 0.705067 0.525017
vt 0.571566 0.462723
vt 0.697478 0.957126
vt 0.696826 0.962912
vt 0.694524 0.954469
vt 0.689848 0.960759
vt 0.571301 0.468359
vt 0.580428 0.471074
vt 0.580262 0.471989
vt 0.570455 0.469361
vt 0.573174 0.473486
vt 0.579999 0.473469
vt 0.568443 0.471152
vt 0.566144 0.472240
vt 0.568913 0.475556
vt 0.382236 0.313227
vt 0.383514 0.314486
vt 0.382236 0.316306
vt 0.566094 0.471867
vt 0.568232 0.470857
vt 0.570106 0.469191
vt 0.570952 0.468213
vt 0.694582 0.954115
vt 0.691062 0.951966
vt 0.691110 0.951634
vt 0.382594 0.313054
vt 0.369989 0.317992
vt 0.369989 0.316147
vt 0.370245 0.317808
vt 0.572103 0.462321
vt 0.573035 0.464019
vt 0.571847 0.462479
vt 0.573330 0.463951
vt 0.689098 0.946300
vt 0.689208 0.944095
vt 0.689484 0.944260
vt 0.689430 0.946550
vt 0.689514 0.948557
vt 0.689918 0.948709
vt 0.690213 0.950630
vt 0.691066 0.951063
vt 0.694875 0.953901
vt 0.381853 0.315311
vt 0.381853 0.317501
vt 0.381570 0.317355
vt 0.366938 0.317851
vt 0.367256 0.316417
vt 0.367256 0.317981
vt 0.572745 0.464141
vt 0.384791 0.315828
vt 0.384791 0.313054
vt 0.386022 0.314102
vt 0.478695 0.618982
vt 0.478341 0.615689
vt 0.478695 0.613570
vt 0.477246 0.616812
vt 0.539687 0.519013
vt 0.933394 0.292188
vt 0.933880 0.296954
vt 0.932957 0.292357
vt 0.933450 0.297143
vt 0.383452 0.955001
vt 0.383884 0.950382
vt 0.383916 0.954932
vt 0.384349 0.950327
vt 0.383553 0.961205
vt 0.384019 0.961154
vt 0.384543 0.946239
vt 0.385008 0.946188
vt 0.939399 0.324609
vt 0.938966 0.324789
vt 0.940269 0.328746
vt 0.940700 0.328558
vt 0.943186 0.337490
vt 0.943601 0.337258
vt 0.403599 0.951634
vt 0.405653 0.944838
vt 0.411066 0.950883
vt 0.412622 0.943393
vt 0.701545 0.309446
vt 0.709015 0.312854
vt 0.701545 0.316547
vt 0.707604 0.317877
vt 0.403623 0.981257
vt 0.409101 0.980475
vt 0.409847 0.985235
vt 0.404638 0.986001
vt 0.411010 0.990547
vt 0.412622 0.988920
vt 0.990446 0.224564
vt 0.993934 0.227130
vt 0.991137 0.227974
vt 0.951825 0.283188
vt 0.949935 0.292197
vt 0.947262 0.284619
vt 0.947039 0.293256
vt 0.941581 0.276763
vt 0.959711 0.269030
vt 0.954819 0.275518
vt 0.945060 0.279495
vt 0.430411 0.962996
vt 0.437572 0.943393
vt 0.436895 0.965530
vt 0.430336 0.943393
vt 0.952018 0.321142
vt 0.950002 0.321722
vt 0.953500 0.323945
vt 0.951210 0.325334
vt 0.994257 0.268698
vt 0.990526 0.277759
vt 0.990446 0.267817
vt 0.993539 0.278046
vt 0.779384 0.820494
vt 0.779328 0.826474
vt 0.776476 0.821142
vt 0.776652 0.829610
vt 0.334910 0.317477
vt 0.330971 0.314426
vt 0.334910 0.313054
vt 0.990726 0.284562
vt 0.706030 0.308364
vt 0.969329 0.077633
vt 0.974505 0.080573
vt 0.969396 0.080986
vt 0.964009 0.083793
vt 0.965984 0.075541
vt 0.959620 0.078868
vt 0.780231 0.832031
vt 0.994578 0.232658
vt 0.991244 0.232645
vt 0.780231 0.784274
vt 0.778626 0.784477
vt 0.904658 0.816220
vt 0.904965 0.810752
vt 0.906317 0.816220
vt 0.478580 0.629753
vt 0.478580 0.635360
vt 0.477246 0.631463
vt 0.405576 0.991436
vt 0.404528 0.990729
vt 0.402928 0.986821
vt 0.944156 0.339047
vt 0.943730 0.339250
vt 0.944476 0.340982
vt 0.945701 0.331962
vt 0.539021 0.531224
vt 0.952106 0.337143
vt 0.951545 0.337716
vt 0.142679 0.784300
vt 0.142536 0.775648
vt 0.142890 0.793306
vt 0.143165 0.802521
vt 0.955975 0.325835
vt 0.953921 0.331678
vt 0.955094 0.330346
vt 0.959711 0.327377
vt 0.538626 0.530500
vt 0.540394 0.532224
vt 0.538083 0.528705
vt 0.540145 0.519253
vt 0.542144 0.514882
vt 0.562259 0.485004
vt 0.565581 0.480010
vt 0.569310 0.475940
vt 0.573700 0.473946
vt 0.579919 0.473918
vt 0.944550 0.331439
vt 0.942324 0.327851
vt 0.940825 0.324014
vt 0.936058 0.296012
vt 0.936195 0.291099
vt 0.381558 0.946566
vt 0.379948 0.950832
vt 0.378854 0.955683
vt 0.378610 0.961745
vt 0.539594 0.531819
vt 0.697581 0.952459
vt 0.778620 0.925552
vt 0.408710 0.907041
vt 0.411869 0.910000
vt 0.251734 0.720677
vt 0.898133 0.965084
vt 0.893838 0.964359
vt 0.005721 0.406286
vt 0.010416 0.396217
vt 0.006645 0.406578
vt 0.009521 0.395844
vt 0.014183 0.385855
vt 0.015043 0.386304
vt 0.019699 0.376311
vt 0.020516 0.376833
vt 0.468355 0.784560
vt 0.468384 0.794614
vt 0.466690 0.784560
vt 0.466719 0.794641
vt 0.468384 0.774583
vt 0.466719 0.774557
vt 0.468469 0.764681
vt 0.466805 0.764628
vt 0.434146 0.520493
vt 0.426426 0.526779
vt 0.425758 0.526318
vt 0.434590 0.521071
vt 0.417863 0.531712
vt 0.417415 0.530850
vt 0.408532 0.534981
vt 0.408902 0.535879
vt 0.135899 0.841635
vt 0.135358 0.831445
vt 0.135730 0.832340
vt 0.136274 0.841613
vt 0.135597 0.821951
vt 0.135829 0.831438
vt 0.134923 0.821982
vt 0.135192 0.812245
vt 0.134518 0.812274
vt 0.974235 0.441581
vt 0.971310 0.430481
vt 0.974207 0.430482
vt 0.971338 0.441580
vt 0.971421 0.408531
vt 0.974318 0.408532
vt 0.974235 0.419467
vt 0.971338 0.419466
vt 0.018929 0.399754
vt 0.015435 0.409353
vt 0.023215 0.390570
vt 0.028286 0.381795
vt 0.474128 0.794525
vt 0.474099 0.784559
vt 0.474128 0.774669
vt 0.474212 0.764854
vt 0.475102 0.794509
vt 0.475074 0.784559
vt 0.475102 0.774685
vt 0.475187 0.764885
vt 0.020228 0.400292
vt 0.016776 0.409775
vt 0.024462 0.391220
vt 0.029471 0.382551
vt 0.186642 0.938591
vt 0.190869 0.941915
vt 0.189786 0.943479
vt 0.968968 0.911551
vt 0.973561 0.908754
vt 0.973261 0.910562
vt 0.958059 0.541240
vt 0.951200 0.531696
vt 0.954949 0.526709
vt 0.953426 0.541172
vt 0.949808 0.522063
vt 0.186221 0.936633
vt 0.188017 0.936106
vt 0.187409 0.938453
vt 0.189345 0.938228
vt 0.972138 0.893991
vt 0.975120 0.908394
vt 0.973861 0.893900
vt 0.143629 0.831328
vt 0.143166 0.821598
vt 0.142762 0.811921
vt 0.963987 0.945142
vt 0.963952 0.951264
vt 0.963255 0.951319
vt 0.593884 0.465223
vt 0.587671 0.465764
vt 0.587675 0.465106
vt 0.964893 0.945154
vt 0.964857 0.951262
vt 0.976618 0.950810
vt 0.970544 0.951158
vt 0.421622 0.898374
vt 0.423548 0.893124
vt 0.251707 0.724367
vt 0.249656 0.728320
vt 0.408605 0.915007
vt 0.404624 0.913307
vt 0.409934 0.912306
vt 0.406288 0.909927
vt 0.893770 0.970314
vt 0.893781 0.967306
vt 0.898076 0.970095
vt 0.709423 0.527532
vt 0.709937 0.526114
vt 0.779045 0.884739
vt 0.776476 0.881620
vt 0.778982 0.882406
vt 0.696216 0.968977
vt 0.692892 0.969800
vt 0.590375 0.472874
vt 0.589936 0.471644
vt 0.586399 0.475818
vt 0.591642 0.475243
vt 0.593423 0.477050
vt 0.595960 0.477333
vt 0.589681 0.479218
vt 0.694603 0.970691
vt 0.593598 0.476717
vt 0.595901 0.476991
vt 0.591942 0.475038
vt 0.590762 0.472833
vt 0.590314 0.471626
vt 0.692870 0.970196
vt 0.689098 0.970533
vt 0.689125 0.970156
vt 0.777180 0.879754
vt 0.778805 0.880251
vt 0.778599 0.880471
vt 0.779334 0.882284
vt 0.779599 0.882142
vt 0.396546 0.315492
vt 0.396309 0.313054
vt 0.396771 0.315474
vt 0.779636 0.884740
vt 0.717171 0.317131
vt 0.719498 0.317375
vt 0.717247 0.317490
vt 0.719519 0.317667
vt 0.715740 0.316802
vt 0.715757 0.316385
vt 0.252025 0.877815
vt 0.250648 0.875827
vt 0.252069 0.877340
vt 0.250654 0.874754
vt 0.250220 0.874350
vt 0.250173 0.869535
vt 0.249836 0.869640
vt 0.249656 0.867472
vt 0.249954 0.867471
vt 0.779423 0.884739
vt 0.778348 0.880664
vt 0.252069 0.867666
vt 0.695620 0.975186
vt 0.695516 0.972584
vt 0.614064 0.538650
vt 0.601035 0.539567
vt 0.612404 0.537562
vt 0.599846 0.541157
vt 0.206874 0.895733
vt 0.207872 0.889883
vt 0.207316 0.895883
vt 0.207424 0.889753
vt 0.207380 0.884280
vt 0.207484 0.880499
vt 0.207830 0.884406
vt 0.207035 0.880367
vt 0.384541 0.966747
vt 0.385008 0.966714
vt 0.200887 0.931014
vt 0.201331 0.931159
vt 0.199607 0.935639
vt 0.200049 0.935792
vt 0.196988 0.944654
vt 0.197416 0.944847
vt 0.983404 0.703970
vt 0.975901 0.703716
vt 0.981508 0.695438
vt 0.974528 0.694205
vt 0.978724 0.687451
vt 0.973699 0.687840
vt 0.982730 0.740563
vt 0.977233 0.740079
vt 0.976410 0.745583
vt 0.981633 0.746116
vt 0.975281 0.750084
vt 0.973699 0.748144
vt 0.998025 0.528897
vt 0.994566 0.531479
vt 0.995251 0.528068
vt 0.193288 0.882691
vt 0.193491 0.893007
vt 0.190527 0.892207
vt 0.188618 0.881712
vt 0.180632 0.865768
vt 0.199169 0.872167
vt 0.185557 0.873092
vt 0.195543 0.876273
vt 0.443120 0.963674
vt 0.444110 0.944127
vt 0.190231 0.928293
vt 0.188167 0.927928
vt 0.188990 0.932780
vt 0.186644 0.931507
vt 0.998355 0.487359
vt 0.994666 0.478327
vt 0.997654 0.478025
vt 0.994566 0.488255
vt 0.957718 0.104167
vt 0.955602 0.096209
vt 0.959441 0.098259
vt 0.961034 0.103900
vt 0.976785 0.683314
vt 0.994847 0.471521
vt 0.958766 0.092907
vt 0.956432 0.087741
vt 0.960129 0.088249
vt 0.954816 0.084294
vt 0.998659 0.523368
vt 0.995349 0.523396
vt 0.968354 0.139060
vt 0.970258 0.138677
vt 0.972129 0.143054
vt 0.970497 0.144292
vt 0.980730 0.750746
vt 0.981786 0.749974
vt 0.974505 0.146721
vt 0.196587 0.946025
vt 0.197026 0.946184
vt 0.136003 0.833762
vt 0.136476 0.833760
vt 0.194668 0.939564
vt 0.598654 0.541738
vt 0.607081 0.540622
vt 0.144368 0.831308
vt 0.143851 0.833841
vt 0.143906 0.821593
vt 0.143503 0.811948
vt 0.184143 0.933974
vt 0.974971 0.910328
vt 0.180632 0.934830
vt 0.599274 0.541194
vt 0.597023 0.542209
vt 0.600400 0.539693
vt 0.601696 0.530106
vt 0.602209 0.530037
vt 0.601313 0.525314
vt 0.601742 0.525232
vt 0.593231 0.490285
vt 0.592670 0.490366
vt 0.591764 0.484447
vt 0.591270 0.484539
vt 0.589176 0.479443
vt 0.585747 0.476070
vt 0.195812 0.938931
vt 0.197945 0.935062
vt 0.199428 0.930535
vt 0.204640 0.894985
vt 0.204555 0.888917
vt 0.203575 0.883245
vt 0.202584 0.879054
vt 0.379911 0.967081
vt 0.148249 0.832403
vt 0.980598 0.908580
vt 0.607133 0.540916
vt 0.597911 0.542101
vt 0.606839 0.524333
vt 0.602922 0.488576
vt 0.776476 0.887857
vt 0.715678 0.308364
vt 0.251734 0.728132
vt 0.602317 0.482586
vt 0.003798 0.417230
vt 0.002852 0.417020
vt 0.001910 0.428005
vt 0.000949 0.427878
vt 0.000968 0.438903
vt 0.000000 0.438861
vt 0.000008 0.449797
vt 0.000976 0.449755
vt 0.468470 0.804589
vt 0.466806 0.804643
vt 0.466948 0.814411
vt 0.468612 0.814331
vt 0.467146 0.823950
vt 0.468809 0.823845
vt 0.467395 0.833115
vt 0.469058 0.832986
vt 0.442220 0.514668
vt 0.441949 0.513903
vt 0.449206 0.507678
vt 0.448489 0.507022
vt 0.455555 0.500105
vt 0.454784 0.499514
vt 0.461178 0.492075
vt 0.460359 0.491553
vt 0.136768 0.850811
vt 0.136498 0.851735
vt 0.137112 0.860923
vt 0.136967 0.851689
vt 0.137785 0.860881
vt 0.137775 0.870236
vt 0.138448 0.870192
vt 0.138470 0.879181
vt 0.139143 0.879135
vt 0.971422 0.452589
vt 0.974319 0.452590
vt 0.974650 0.473835
vt 0.971995 0.483916
vt 0.971753 0.473834
vt 0.974892 0.483917
vt 0.974458 0.463339
vt 0.971561 0.463339
vt 0.012798 0.419222
vt 0.011049 0.429204
vt 0.010176 0.439301
vt 0.010183 0.449355
vt 0.474213 0.804413
vt 0.474354 0.814070
vt 0.474549 0.823501
vt 0.474795 0.832562
vt 0.475188 0.804382
vt 0.475328 0.814023
vt 0.475523 0.823439
vt 0.475769 0.832485
vt 0.014171 0.419525
vt 0.012443 0.429386
vt 0.011580 0.439361
vt 0.011587 0.449293
vt 0.244562 0.949204
vt 0.249429 0.946838
vt 0.245132 0.950802
vt 0.979771 0.003122
vt 0.975159 0.000637
vt 0.979488 0.001272
vt 0.779178 0.933428
vt 0.772462 0.943019
vt 0.774562 0.933515
vt 0.776262 0.947999
vt 0.771198 0.952671
vt 0.775140 0.962336
vt 0.770781 0.962318
vt 0.247064 0.946238
vt 0.248905 0.944541
vt 0.248814 0.946785
vt 0.250452 0.945377
vt 0.978282 0.017476
vt 0.981347 0.003315
vt 0.980030 0.017362
vt 0.976975 0.030871
vt 0.978886 0.030574
vt 0.144730 0.850925
vt 0.145347 0.860415
vt 0.146008 0.869698
vt 0.146701 0.878615
vt 0.228298 0.949981
vt 0.231484 0.944619
vt 0.228888 0.950269
vt 0.963987 0.957289
vt 0.226109 0.955768
vt 0.226739 0.955949
vt 0.964893 0.957274
vt 0.964090 0.962991
vt 0.964996 0.962962
vt 0.970676 0.962343
vt 0.976733 0.960560
vt 0.431580 0.894540
vt 0.431568 0.900127
vt 0.249817 0.736188
vt 0.251783 0.731859
vt 0.407575 0.917835
vt 0.403335 0.916848
vt 0.893781 0.973294
vt 0.714375 0.526897
vt 0.714376 0.528405
vt 0.778982 0.887069
vt 0.958463 0.533990
vt 0.965659 0.525841
vt 0.965644 0.531651
vt 0.962427 0.525169
vt 0.599707 0.469921
vt 0.608444 0.466134
vt 0.608905 0.466938
vt 0.599703 0.471229
vt 0.609655 0.468239
vt 0.604437 0.472637
vt 0.599312 0.473890
vt 0.598250 0.476199
vt 0.602503 0.476957
vt 0.964227 0.524200
vt 0.597972 0.475945
vt 0.598961 0.473800
vt 0.599326 0.471323
vt 0.599346 0.470034
vt 0.958718 0.524596
vt 0.962446 0.524785
vt 0.958707 0.524966
vt 0.778805 0.889211
vt 0.777180 0.889688
vt 0.778599 0.888990
vt 0.779599 0.887334
vt 0.779334 0.887191
vt 0.396309 0.317942
vt 0.721672 0.317490
vt 0.721697 0.317131
vt 0.250845 0.818446
vt 0.249661 0.820169
vt 0.249656 0.819710
vt 0.250746 0.817980
vt 0.252110 0.816247
vt 0.251986 0.815178
vt 0.252410 0.814706
vt 0.251981 0.809875
vt 0.252345 0.809931
vt 0.252185 0.807800
vt 0.251862 0.807847
vt 0.778348 0.888799
vt 0.249656 0.808353
vt 0.965334 0.522281
vt 0.965705 0.519701
vt 0.608044 0.529008
vt 0.242352 0.894491
vt 0.241320 0.900452
vt 0.241884 0.894491
vt 0.240852 0.900473
vt 0.245012 0.884925
vt 0.243784 0.889048
vt 0.244542 0.884930
vt 0.243316 0.889045
vt 0.178431 0.936154
vt 0.179392 0.931193
vt 0.178896 0.936214
vt 0.179858 0.931237
vt 0.237896 0.936425
vt 0.237427 0.936441
vt 0.237887 0.941152
vt 0.237419 0.941176
vt 0.237886 0.950069
vt 0.237419 0.950131
vt 0.027167 0.933110
vt 0.019613 0.933252
vt 0.021475 0.924643
vt 0.028494 0.923492
vt 0.024009 0.916125
vt 0.029118 0.916693
vt 0.020329 0.969971
vt 0.025862 0.969565
vt 0.026645 0.974992
vt 0.021393 0.975461
vt 0.027535 0.979000
vt 0.029118 0.977060
vt 0.991223 0.216084
vt 0.994020 0.215249
vt 0.994712 0.218659
vt 0.969756 0.629027
vt 0.968360 0.639569
vt 0.965100 0.630185
vt 0.965413 0.640482
vt 0.958616 0.619871
vt 0.976963 0.612759
vt 0.972423 0.620330
vt 0.962519 0.623887
vt 0.775794 0.519557
vt 0.775794 0.499988
vt 0.781682 0.499441
vt 0.781385 0.521590
vt 0.972640 0.675263
vt 0.970578 0.675706
vt 0.974351 0.678770
vt 0.972048 0.680126
vt 0.994631 0.165505
vt 0.990901 0.174544
vt 0.991618 0.165209
vt 0.994712 0.175433
vt 0.146635 0.935332
vt 0.147513 0.941365
vt 0.144659 0.940875
vt 0.150043 0.933469
vt 0.025981 0.912054
vt 0.994432 0.158699
vt 0.149630 0.924660
vt 0.147542 0.929905
vt 0.146448 0.924960
vt 0.151192 0.921220
vt 0.142988 0.919975
vt 0.147150 0.915258
vt 0.990579 0.210556
vt 0.993914 0.210577
vt 0.017720 0.934059
vt 0.018592 0.970308
vt 0.133451 0.975055
vt 0.019467 0.974921
vt 0.973129 0.683314
vt 0.358133 0.317603
vt 0.356509 0.313493
vt 0.358133 0.313054
vt 0.022056 0.979596
vt 0.021014 0.978853
vt 0.137470 0.847707
vt 0.137344 0.849200
vt 0.137000 0.847766
vt 0.136874 0.849252
vt 0.241556 0.946055
vt 0.615382 0.538789
vt 0.145464 0.850802
vt 0.144662 0.848271
vt 0.146080 0.860280
vt 0.146739 0.869533
vt 0.147430 0.878420
vt 0.984368 0.000083
vt 0.981224 0.001283
vt 0.979932 -0.000000
vt 0.986837 0.003079
vt 0.614614 0.538489
vt 0.617077 0.538672
vt 0.613045 0.537463
vt 0.608549 0.528898
vt 0.607271 0.524264
vt 0.603477 0.488460
vt 0.602812 0.482504
vt 0.603054 0.476996
vt 0.605135 0.472651
vt 0.609882 0.468634
vt 0.240629 0.945173
vt 0.239652 0.941061
vt 0.239437 0.936372
vt 0.243685 0.900362
vt 0.245355 0.894489
vt 0.247744 0.889106
vt 0.249664 0.884876
vt 0.174772 0.930759
vt 0.173499 0.935520
vt 0.976963 0.681090
vt 0.149157 0.848551
vt 0.616203 0.538876
vt 0.721891 0.308364
vt 0.402928 0.920593
vt 0.407250 0.920828
vt 0.885255 0.920865
vt 0.887413 0.917093
vt 0.887209 0.920855
vt 0.898133 0.974950
vt 0.893838 0.976084
vt 0.006645 0.481906
vt 0.009521 0.492638
vt 0.005720 0.482196
vt 0.010416 0.492267
vt 0.002871 0.471547
vt 0.003817 0.471339
vt 0.000961 0.460691
vt 0.001921 0.460565
vt 0.470105 0.858085
vt 0.468891 0.865708
vt 0.468445 0.858282
vt 0.470549 0.865492
vt 0.469707 0.850174
vt 0.468046 0.850350
vt 0.469357 0.841762
vt 0.467695 0.841916
vt 0.475533 0.455575
vt 0.473661 0.465353
vt 0.472852 0.465430
vt 0.476245 0.455733
vt 0.470271 0.474636
vt 0.469374 0.474263
vt 0.465224 0.483139
vt 0.466085 0.483588
vt 0.141536 0.911134
vt 0.140707 0.903629
vt 0.141104 0.904268
vt 0.141910 0.911095
vt 0.140629 0.895943
vt 0.139956 0.895994
vt 0.141177 0.903598
vt 0.139870 0.887719
vt 0.139197 0.887767
vt 0.973015 0.511587
vt 0.976345 0.519747
vt 0.973448 0.519746
vt 0.975912 0.511587
vt 0.972286 0.493594
vt 0.975183 0.493595
vt 0.975525 0.502868
vt 0.972628 0.502868
vt 0.015435 0.479142
vt 0.018929 0.488741
vt 0.012815 0.469352
vt 0.011059 0.459370
vt 0.475834 0.857442
vt 0.476274 0.864783
vt 0.475440 0.849600
vt 0.475092 0.841262
vt 0.476806 0.857327
vt 0.477246 0.864656
vt 0.476412 0.849497
vt 0.476065 0.841172
vt 0.016776 0.478720
vt 0.020227 0.488203
vt 0.014188 0.469048
vt 0.012453 0.459187
vt 0.898120 0.532805
vt 0.900650 0.528392
vt 0.901998 0.529122
vt 0.900179 0.533421
vt 0.779178 0.991244
vt 0.772462 0.981616
vt 0.776262 0.976673
vt 0.774562 0.991121
vt 0.771198 0.971965
vt 0.904453 0.529057
vt 0.903217 0.530934
vt 0.903188 0.527469
vt 0.975159 0.055282
vt 0.975995 0.043346
vt 0.977785 0.042750
vt 0.976812 0.054615
vt 0.148183 0.895374
vt 0.148960 0.903077
vt 0.147426 0.887174
vt 0.224872 0.968083
vt 0.225606 0.961915
vt 0.225525 0.968036
vt 0.224954 0.961847
vt 0.965164 0.968204
vt 0.964489 0.972927
vt 0.964258 0.968245
vt 0.965394 0.972875
vt 0.971056 0.971820
vt 0.977064 0.968821
vt 0.441515 0.898373
vt 0.439612 0.893124
vt 0.929286 0.512769
vt 0.931355 0.515340
vt 0.929286 0.519434
vt 0.403826 0.928020
vt 0.407250 0.923838
vt 0.407967 0.926762
vt 0.402928 0.924361
vt 0.894035 0.980973
vt 0.893916 0.978737
vt 0.898298 0.979064
vt 0.718812 0.526114
vt 0.719329 0.527532
vt 0.711187 0.534617
vt 0.708618 0.531499
vt 0.711125 0.532285
vt 0.962487 0.539613
vt 0.965705 0.537007
vt 0.617220 0.461115
vt 0.616094 0.460460
vt 0.616067 0.465922
vt 0.619714 0.462111
vt 0.622238 0.462348
vt 0.624364 0.460933
vt 0.620765 0.466412
vt 0.709396 0.529249
vt 0.712324 0.528405
vt 0.710952 0.530134
vt 0.622159 0.461981
vt 0.624099 0.460710
vt 0.619811 0.461762
vt 0.617491 0.460835
vt 0.616372 0.460203
vt 0.613369 0.458678
vt 0.903850 0.258077
vt 0.904251 0.253465
vt 0.904505 0.253664
vt 0.709332 0.529641
vt 0.710746 0.530354
vt 0.711742 0.532021
vt 0.711477 0.532163
vt 0.711566 0.534617
vt 0.711779 0.534618
vt 0.906325 0.263274
vt 0.907708 0.265155
vt 0.906269 0.263705
vt 0.907780 0.264827
vt 0.904989 0.261678
vt 0.905162 0.261271
vt 0.903955 0.259516
vt 0.904238 0.258567
vt 0.904877 0.253638
vt 0.905278 0.252110
vt 0.905621 0.252204
vt 0.710494 0.530546
vt 0.907780 0.252827
vt 0.958777 0.542103
vt 0.398759 0.313054
vt 0.398759 0.317828
vt 0.398404 0.316007
vt 0.677642 0.496239
vt 0.668362 0.507300
vt 0.668251 0.505317
vt 0.675671 0.496474
vt 0.179396 0.956355
vt 0.179693 0.951856
vt 0.179858 0.956427
vt 0.179229 0.951795
vt 0.178676 0.947024
vt 0.178770 0.942249
vt 0.179140 0.947088
vt 0.178307 0.942172
vt 0.177607 0.983600
vt 0.178070 0.983673
vt 0.907303 0.540041
vt 0.910980 0.540424
vt 0.907246 0.540506
vt 0.911030 0.539958
vt 0.898713 0.540043
vt 0.898609 0.540506
vt 0.419565 0.955007
vt 0.421031 0.961780
vt 0.413499 0.961044
vt 0.412622 0.953503
vt 0.417830 0.946327
vt 0.412622 0.946738
vt 0.418932 0.988583
vt 0.413429 0.987811
vt 0.769679 0.308848
vt 0.769467 0.304536
vt 0.774911 0.308853
vt 0.774959 0.304536
vt 0.997492 0.132884
vt 0.994026 0.135471
vt 0.994713 0.132060
vt 0.769407 0.314225
vt 0.767492 0.313048
vt 0.370747 0.947130
vt 0.371417 0.954653
vt 0.368417 0.953929
vt 0.366035 0.946189
vt 0.787693 0.519241
vt 0.788691 0.499646
vt 0.792274 0.512856
vt 0.792575 0.502352
vt 0.928367 0.158135
vt 0.928021 0.153402
vt 0.933227 0.157979
vt 0.933227 0.147473
vt 0.369469 0.981002
vt 0.367388 0.980642
vt 0.368447 0.984169
vt 0.366035 0.983152
vt 0.994121 0.082349
vt 0.997821 0.091368
vt 0.994026 0.092267
vt 0.997116 0.082042
vt 0.998334 0.547380
vt 0.998248 0.553126
vt 0.995053 0.552589
vt 0.995326 0.544561
vt 0.415971 0.943393
vt 0.994307 0.075541
vt 0.133451 0.915691
vt 0.138083 0.913013
vt 0.138151 0.916591
vt 0.421487 0.950998
vt 0.141193 0.911134
vt 0.999248 0.542209
vt 0.998130 0.127355
vt 0.994813 0.127388
vt 0.995472 0.588705
vt 0.997348 0.588756
vt 0.996095 0.594330
vt 0.997944 0.593481
vt 0.907959 0.526449
vt 0.907324 0.529054
vt 0.774884 0.314308
vt 0.775778 0.313513
vt 0.999248 0.597712
vt 0.896807 0.540023
vt 0.896731 0.540487
vt 0.894630 0.540192
vt 0.902961 0.536405
vt 0.667823 0.508511
vt 0.673560 0.502238
vt 0.896141 0.531802
vt 0.895780 0.532515
vt 0.148907 0.895122
vt 0.149682 0.902805
vt 0.148152 0.886950
vt 0.905727 0.524754
vt 0.901477 0.526841
vt 0.903048 0.521590
vt 0.666875 0.509920
vt 0.667948 0.507696
vt 0.667845 0.505823
vt 0.662676 0.497646
vt 0.663025 0.497264
vt 0.659302 0.494222
vt 0.659578 0.493883
vt 0.630597 0.472597
vt 0.630220 0.473020
vt 0.625721 0.469073
vt 0.625403 0.469461
vt 0.620523 0.466909
vt 0.615729 0.466534
vt 0.903728 0.537325
vt 0.907518 0.538287
vt 0.911196 0.538427
vt 0.176088 0.983358
vt 0.177060 0.956001
vt 0.176251 0.951406
vt 0.174749 0.946509
vt 0.173719 0.941413
vt 0.673789 0.502430
vt 0.667487 0.509266
vt 0.636922 0.465058
vt 0.662905 0.489918
vt 0.708618 0.537736
vt 0.237268 0.915030
vt 0.237064 0.918792
vt 0.235107 0.918798
vt 0.887413 0.924617
vt 0.632609 0.460864
vt 0.015082 0.502257
vt 0.014224 0.502705
vt 0.019745 0.512246
vt 0.020562 0.511725
vt 0.026845 0.520679
vt 0.026078 0.521270
vt 0.033113 0.529642
vt 0.033827 0.528988
vt 0.246572 0.877460
vt 0.245789 0.884876
vt 0.244126 0.884659
vt 0.244908 0.877263
vt 0.247273 0.869537
vt 0.245606 0.869361
vt 0.246223 0.860957
vt 0.247891 0.861110
vt 0.246748 0.852187
vt 0.248418 0.852317
vt 0.477975 0.445923
vt 0.477275 0.445511
vt 0.478833 0.436078
vt 0.477862 0.436036
vt 0.477859 0.426238
vt 0.478829 0.426195
vt 0.477974 0.416429
vt 0.477011 0.416555
vt 0.470266 0.696500
vt 0.469598 0.703348
vt 0.469225 0.703313
vt 0.470685 0.695859
vt 0.470959 0.688191
vt 0.471630 0.688234
vt 0.470215 0.695832
vt 0.471889 0.679978
vt 0.472560 0.680019
vt 0.472744 0.671402
vt 0.473416 0.671441
vt 0.899427 0.973080
vt 0.902796 0.964943
vt 0.902323 0.973079
vt 0.899900 0.964944
vt 0.900696 0.946991
vt 0.903911 0.937327
vt 0.903592 0.946989
vt 0.901015 0.937328
vt 0.900323 0.956246
vt 0.903219 0.956244
vt 0.023252 0.497997
vt 0.028329 0.506768
vt 0.034150 0.515064
vt 0.040618 0.522761
vt 0.238392 0.883952
vt 0.239167 0.876620
vt 0.239859 0.868787
vt 0.240470 0.860457
vt 0.240991 0.851763
vt 0.237419 0.883825
vt 0.238192 0.876505
vt 0.238883 0.868684
vt 0.239493 0.860367
vt 0.240014 0.851687
vt 0.024499 0.497346
vt 0.029514 0.506012
vt 0.035265 0.514207
vt 0.041654 0.521811
vt 0.916600 0.528745
vt 0.916949 0.533651
vt 0.914530 0.529332
vt 0.918317 0.533005
vt 0.983404 0.741130
vt 0.990112 0.731524
vt 0.988012 0.741029
vt 0.986320 0.726559
vt 0.991376 0.721872
vt 0.987442 0.712222
vt 0.991794 0.712225
vt 0.919577 0.531236
vt 0.920767 0.533082
vt 0.919467 0.534644
vt 0.944679 0.983397
vt 0.945688 0.972059
vt 0.946375 0.984020
vt 0.943838 0.971511
vt 0.942795 0.959326
vt 0.944759 0.959572
vt 0.462433 0.695398
vt 0.463419 0.687706
vt 0.464347 0.679517
vt 0.465200 0.670966
vt 0.226512 0.974078
vt 0.225877 0.974238
vt 0.227920 0.980078
vt 0.228517 0.979810
vt 0.853772 0.299525
vt 0.853367 0.304204
vt 0.852463 0.304156
vt 0.852867 0.299488
vt 0.853163 0.294248
vt 0.854068 0.294273
vt 0.841205 0.291895
vt 0.846768 0.303126
vt 0.840623 0.300152
vt 0.847436 0.293654
vt 0.446676 0.889045
vt 0.450262 0.893323
vt 0.931363 0.506118
vt 0.931363 0.512769
vt 0.929286 0.508687
vt 0.408997 0.929591
vt 0.405115 0.931560
vt 0.248248 0.975211
vt 0.243938 0.973232
vt 0.248501 0.972980
vt 0.722714 0.523861
vt 0.723684 0.525017
vt 0.711125 0.536949
vt 0.854443 0.299897
vt 0.854745 0.294547
vt 0.857679 0.302557
vt 0.862125 0.297006
vt 0.622472 0.452859
vt 0.627601 0.444657
vt 0.623309 0.453858
vt 0.626731 0.444340
vt 0.627840 0.451891
vt 0.629011 0.445171
vt 0.624720 0.456145
vt 0.625389 0.458593
vt 0.629134 0.456438
vt 0.709396 0.539967
vt 0.710952 0.539094
vt 0.712324 0.540831
vt 0.625014 0.458578
vt 0.624393 0.456301
vt 0.623081 0.454173
vt 0.622268 0.453177
vt 0.857640 0.302879
vt 0.861431 0.305109
vt 0.861400 0.305407
vt 0.709332 0.539576
vt 0.855806 0.302084
vt 0.855907 0.302384
vt 0.711742 0.537213
vt 0.710746 0.538873
vt 0.711477 0.537070
vt 0.863974 0.311014
vt 0.864000 0.313054
vt 0.863704 0.312883
vt 0.863613 0.310761
vt 0.863344 0.308696
vt 0.862920 0.308545
vt 0.862414 0.306465
vt 0.861506 0.306025
vt 0.857370 0.303133
vt 0.855746 0.302700
vt 0.710494 0.538682
vt 0.854768 0.304705
vt 0.397143 0.313054
vt 0.397513 0.315996
vt 0.397143 0.317836
vt 0.666833 0.492725
vt 0.621937 0.954420
vt 0.621790 0.958989
vt 0.621473 0.954480
vt 0.621328 0.959060
vt 0.622843 0.944788
vt 0.622475 0.949641
vt 0.622380 0.944865
vt 0.622011 0.949705
vt 0.622731 0.938773
vt 0.622266 0.938833
vt 0.623697 0.986291
vt 0.623235 0.986364
vt 0.927563 0.522073
vt 0.923851 0.522058
vt 0.927523 0.521605
vt 0.923804 0.521590
vt 0.915281 0.522083
vt 0.915187 0.521616
vt 0.430336 0.953522
vt 0.429477 0.961073
vt 0.423393 0.955012
vt 0.421944 0.961793
vt 0.425129 0.946330
vt 0.430336 0.946751
vt 0.429634 0.987892
vt 0.424130 0.988653
vt 0.870154 0.306021
vt 0.864855 0.310325
vt 0.864626 0.306021
vt 0.870115 0.310320
vt 0.870424 0.315695
vt 0.872281 0.314523
vt 0.994635 0.983374
vt 0.991154 0.980790
vt 0.993945 0.979963
vt 0.758169 0.944095
vt 0.755786 0.951834
vt 0.753452 0.945010
vt 0.752784 0.952542
vt 0.796470 0.499634
vt 0.797465 0.519218
vt 0.792875 0.512852
vt 0.792575 0.502354
vt 0.933227 0.147473
vt 0.938432 0.153165
vt 0.933227 0.158012
vt 0.938086 0.157930
vt 0.803473 0.499441
vt 0.803767 0.521580
vt 0.756814 0.978594
vt 0.754731 0.978943
vt 0.755755 0.982121
vt 0.758169 0.981116
vt 0.994550 0.930251
vt 0.990829 0.939273
vt 0.991543 0.929947
vt 0.994635 0.940169
vt 0.994146 0.287076
vt 0.994697 0.295136
vt 0.991583 0.289843
vt 0.991797 0.295605
vt 0.426977 0.943393
vt 0.994355 0.923443
vt 0.888160 0.924617
vt 0.888160 0.929950
vt 0.885255 0.925940
vt 0.421487 0.951002
vt 0.776128 0.250128
vt 0.778371 0.242055
vt 0.781494 0.243866
vt 0.772073 0.245632
vt 0.252068 0.877815
vt 0.252068 0.884827
vt 0.249656 0.883191
vt 0.990439 0.284628
vt 0.990512 0.975262
vt 0.993841 0.975292
vt 0.992644 0.331297
vt 0.994259 0.331282
vt 0.993505 0.336889
vt 0.991941 0.336006
vt 0.923630 0.533051
vt 0.924206 0.535661
vt 0.990439 0.340195
vt 0.864921 0.315777
vt 0.864001 0.314983
vt 0.913374 0.522058
vt 0.913309 0.521590
vt 0.911196 0.521776
vt 0.919441 0.525734
vt 0.678741 0.495499
vt 0.912523 0.530218
vt 0.912179 0.529505
vt 0.461696 0.695133
vt 0.462681 0.687462
vt 0.463606 0.679300
vt 0.464456 0.670778
vt 0.921945 0.537410
vt 0.917738 0.535185
vt 0.919195 0.540491
vt 0.677960 0.495763
vt 0.679965 0.494320
vt 0.676099 0.495986
vt 0.667149 0.492315
vt 0.663191 0.489587
vt 0.637273 0.464613
vt 0.632936 0.460482
vt 0.629582 0.456114
vt 0.628384 0.451452
vt 0.629439 0.445327
vt 0.920226 0.524806
vt 0.924027 0.523820
vt 0.927695 0.523611
vt 0.624124 0.958636
vt 0.625216 0.986049
vt 0.624913 0.954031
vt 0.626402 0.949128
vt 0.627430 0.944030
vt 0.627662 0.938142
vt 0.679426 0.495037
vt 0.237268 0.922554
vt 0.407210 0.934691
vt 0.410671 0.932093
vt 0.153354 0.914894
vt 0.151192 0.918658
vt 0.151396 0.914896
vt 0.244311 0.969127
vt 0.248691 0.970332
vt 0.700114 0.534590
vt 0.153638 0.567601
vt 0.142569 0.568569
vt 0.153428 0.566655
vt 0.142696 0.569530
vt 0.131714 0.570487
vt 0.131671 0.569519
vt 0.120690 0.570483
vt 0.120732 0.569515
vt 0.109922 0.568569
vt 0.109796 0.569529
vt 0.246227 0.746636
vt 0.247273 0.737949
vt 0.247895 0.746484
vt 0.245606 0.738124
vt 0.246756 0.755515
vt 0.248426 0.755386
vt 0.247194 0.764758
vt 0.248865 0.764654
vt 0.247536 0.774218
vt 0.249207 0.774139
vt 0.408766 0.327207
vt 0.418070 0.330750
vt 0.418005 0.331559
vt 0.409045 0.326534
vt 0.426623 0.335700
vt 0.426100 0.336519
vt 0.434120 0.342147
vt 0.434712 0.341377
vt 0.441561 0.348399
vt 0.442218 0.347684
vt 0.476751 0.559427
vt 0.477035 0.568100
vt 0.476686 0.567324
vt 0.476376 0.559429
vt 0.476503 0.576645
vt 0.477175 0.576659
vt 0.476565 0.568083
vt 0.476573 0.585722
vt 0.477246 0.585738
vt 0.476541 0.595008
vt 0.477214 0.595027
vt 0.900323 0.811365
vt 0.903595 0.820783
vt 0.900699 0.820785
vt 0.903219 0.811364
vt 0.904181 0.840824
vt 0.901492 0.851281
vt 0.901285 0.840825
vt 0.904388 0.851280
vt 0.901019 0.830605
vt 0.903916 0.830604
vt 0.141364 0.559433
vt 0.151424 0.557659
vt 0.131268 0.560312
vt 0.121133 0.560308
vt 0.111118 0.559432
vt 0.240475 0.747135
vt 0.239859 0.738697
vt 0.240999 0.755935
vt 0.241433 0.765098
vt 0.241772 0.774475
vt 0.239498 0.747224
vt 0.238883 0.738800
vt 0.240021 0.756011
vt 0.240455 0.765159
vt 0.240793 0.774521
vt 0.141181 0.558039
vt 0.151119 0.556287
vt 0.131207 0.558908
vt 0.121195 0.558904
vt 0.111301 0.558038
vt 0.981267 0.923443
vt 0.977836 0.925579
vt 0.977064 0.923946
vt 0.934780 0.137287
vt 0.938208 0.140467
vt 0.937005 0.142282
vt 0.984419 0.935264
vt 0.980558 0.940188
vt 0.982446 0.925732
vt 0.985554 0.944932
vt 0.981488 0.954539
vt 0.985843 0.954584
vt 0.933623 0.135572
vt 0.935498 0.134832
vt 0.936819 0.136701
vt 0.463946 0.568866
vt 0.464183 0.582231
vt 0.462393 0.582757
vt 0.462313 0.569519
vt 0.464237 0.595822
vt 0.462308 0.596059
vt 0.468947 0.576487
vt 0.468774 0.567798
vt 0.469018 0.585537
vt 0.468986 0.594796
vt 0.618004 0.412658
vt 0.614495 0.407643
vt 0.614995 0.407218
vt 0.618571 0.412328
vt 0.621184 0.417937
vt 0.620569 0.418163
vt 0.852867 0.264775
vt 0.853367 0.259421
vt 0.853772 0.264731
vt 0.852463 0.259476
vt 0.853163 0.270474
vt 0.854068 0.270444
vt 0.847436 0.270926
vt 0.841205 0.272083
vt 0.846768 0.260412
vt 0.840623 0.262918
vt 0.460209 0.865994
vt 0.454708 0.875133
vt 0.454708 0.866977
vt 0.460209 0.876094
vt 0.251797 0.696792
vt 0.249656 0.693680
vt 0.251621 0.689372
vt 0.426502 0.938847
vt 0.427022 0.943144
vt 0.423498 0.939046
vt 0.423263 0.943393
vt 0.248691 0.953180
vt 0.248848 0.955744
vt 0.244311 0.954694
vt 0.728638 0.511408
vt 0.727152 0.516175
vt 0.727152 0.511669
vt 0.728638 0.516438
vt 0.615447 0.406837
vt 0.619420 0.407575
vt 0.616994 0.408582
vt 0.854443 0.264449
vt 0.862125 0.268674
vt 0.854745 0.270269
vt 0.857679 0.262032
vt 0.623309 0.406371
vt 0.627601 0.415572
vt 0.622472 0.407373
vt 0.626731 0.415891
vt 0.627840 0.408336
vt 0.629011 0.415057
vt 0.624720 0.404082
vt 0.625389 0.401632
vt 0.624364 0.399291
vt 0.629134 0.403785
vt 0.383514 0.316115
vt 0.383514 0.313054
vt 0.384791 0.314867
vt 0.625014 0.401647
vt 0.624099 0.399514
vt 0.624393 0.403925
vt 0.623081 0.406056
vt 0.622268 0.407055
vt 0.857640 0.261675
vt 0.861400 0.259475
vt 0.861431 0.259810
vt 0.855806 0.262223
vt 0.855908 0.261924
vt 0.616802 0.408902
vt 0.618521 0.409810
vt 0.616691 0.409181
vt 0.618505 0.410111
vt 0.615157 0.407080
vt 0.864000 0.252110
vt 0.863974 0.254317
vt 0.863704 0.252253
vt 0.863613 0.254540
vt 0.863344 0.256535
vt 0.862920 0.256654
vt 0.862414 0.258545
vt 0.861506 0.258909
vt 0.857370 0.261439
vt 0.381853 0.317515
vt 0.381853 0.315311
vt 0.382128 0.317374
vt 0.369410 0.317929
vt 0.369095 0.316421
vt 0.369410 0.316294
vt 0.618591 0.409502
vt 0.388279 0.315758
vt 0.387060 0.314011
vt 0.388279 0.313054
vt 0.477246 0.596067
vt 0.477246 0.590643
vt 0.477612 0.592778
vt 0.478756 0.593939
vt 0.668251 0.354889
vt 0.677642 0.363966
vt 0.675671 0.363732
vt 0.668362 0.352906
vt 0.953888 0.103377
vt 0.954378 0.098605
vt 0.954816 0.098773
vt 0.954319 0.103564
vt 0.386278 0.952786
vt 0.386704 0.957398
vt 0.386240 0.957330
vt 0.385813 0.952730
vt 0.386609 0.963604
vt 0.386144 0.963553
vt 0.385636 0.948657
vt 0.385170 0.948606
vt 0.948338 0.131077
vt 0.948772 0.131256
vt 0.947038 0.135033
vt 0.947470 0.135220
vt 0.944153 0.143748
vt 0.944568 0.143979
vt 0.978818 0.291967
vt 0.973391 0.298044
vt 0.971843 0.290547
vt 0.980867 0.298765
vt 0.898641 0.260114
vt 0.903850 0.253610
vt 0.903850 0.259799
vt 0.896913 0.252110
vt 0.975342 0.327672
vt 0.980825 0.328433
vt 0.979811 0.333186
vt 0.974597 0.332440
vt 0.973455 0.337757
vt 0.971843 0.336133
vt 0.995265 0.057369
vt 0.991779 0.059948
vt 0.992469 0.056537
vt 0.940488 0.091089
vt 0.937809 0.098683
vt 0.935917 0.089676
vt 0.940710 0.099731
vt 0.928021 0.075541
vt 0.946183 0.083204
vt 0.932918 0.082014
vt 0.942694 0.085952
vt 0.949388 0.261175
vt 0.948715 0.239049
vt 0.955875 0.258640
vt 0.955952 0.239049
vt 0.935708 0.127659
vt 0.937728 0.128230
vt 0.936517 0.131850
vt 0.934223 0.130470
vt 0.995588 0.015839
vt 0.991861 0.006807
vt 0.994872 0.006507
vt 0.991779 0.016731
vt 0.231484 0.955229
vt 0.231788 0.947178
vt 0.234451 0.949848
vt 0.234410 0.955602
vt 0.328264 0.317248
vt 0.326801 0.313054
vt 0.330971 0.313054
vt 0.992059 0.000000
vt 0.894908 0.256266
vt 0.895637 0.261177
vt 0.751361 0.525321
vt 0.745633 0.531473
vt 0.748197 0.523615
vt 0.751574 0.532564
vt 0.895440 0.267243
vt 0.235434 0.944619
vt 0.995908 0.051840
vt 0.992575 0.051866
vt 0.232971 0.991307
vt 0.234598 0.991265
vt 0.235434 0.995951
vt 0.233882 0.996889
vt 0.978894 0.338625
vt 0.979941 0.337913
vt 0.981535 0.333996
vt 0.943607 0.145538
vt 0.944033 0.145740
vt 0.943304 0.147473
vt 0.942039 0.138459
vt 0.678741 0.364707
vt 0.673560 0.357967
vt 0.935657 0.143664
vt 0.936220 0.144235
vt 0.468190 0.576613
vt 0.468018 0.567945
vt 0.468261 0.585634
vt 0.468229 0.594861
vt 0.931746 0.132371
vt 0.932653 0.136877
vt 0.933827 0.138205
vt 0.928021 0.133926
vt 0.677960 0.364443
vt 0.679965 0.365885
vt 0.676099 0.364220
vt 0.667149 0.367891
vt 0.666833 0.367482
vt 0.663191 0.370619
vt 0.662905 0.370289
vt 0.636922 0.395158
vt 0.637273 0.395603
vt 0.632609 0.399356
vt 0.632936 0.399737
vt 0.629582 0.404110
vt 0.628384 0.408774
vt 0.629439 0.414901
vt 0.943190 0.137931
vt 0.945411 0.134333
vt 0.946910 0.130488
vt 0.951705 0.102444
vt 0.951572 0.097528
vt 0.388620 0.948981
vt 0.390213 0.953232
vt 0.391301 0.958076
vt 0.391551 0.964140
vt 0.673789 0.357775
vt 0.679426 0.365168
vt 0.630597 0.387620
vt 0.659578 0.366324
vt 0.615411 0.402797
vt 0.854768 0.259789
vt 0.151192 0.926182
vt 0.151396 0.922420
vt 0.153349 0.922431
vt 0.419552 0.942738
vt 0.420533 0.938523
vt 0.249710 0.697270
vt 0.244509 0.959263
vt 0.248927 0.958610
vt 0.625721 0.391147
vt 0.164076 0.563794
vt 0.164369 0.564718
vt 0.174724 0.560937
vt 0.174352 0.560042
vt 0.184710 0.556268
vt 0.184261 0.555409
vt 0.194177 0.550794
vt 0.193655 0.549977
vt 0.246567 0.729920
vt 0.244902 0.730117
vt 0.245789 0.722516
vt 0.244126 0.722733
vt 0.897878 0.949145
vt 0.897488 0.956563
vt 0.895830 0.956348
vt 0.896219 0.948949
vt 0.898227 0.941235
vt 0.896567 0.941060
vt 0.399685 0.323127
vt 0.399158 0.323745
vt 0.390138 0.320572
vt 0.389928 0.321521
vt 0.380279 0.319823
vt 0.380405 0.318860
vt 0.370639 0.318005
vt 0.370597 0.318976
vt 0.476067 0.552030
vt 0.476354 0.551300
vt 0.475869 0.544417
vt 0.475885 0.551315
vt 0.475197 0.544411
vt 0.923466 0.151455
vt 0.922864 0.158699
vt 0.922191 0.158658
vt 0.922793 0.151415
vt 0.924042 0.143728
vt 0.923369 0.143690
vt 0.902793 0.802498
vt 0.899897 0.802500
vt 0.970346 0.320494
vt 0.967015 0.329188
vt 0.967451 0.320493
vt 0.969911 0.329188
vt 0.966528 0.337339
vt 0.969424 0.337340
vt 0.902323 0.794318
vt 0.899427 0.794320
vt 0.161290 0.555009
vt 0.170810 0.551533
vt 0.179990 0.547240
vt 0.188694 0.542208
vt 0.239161 0.730760
vt 0.238392 0.723440
vt 0.890108 0.955643
vt 0.890494 0.948309
vt 0.890839 0.940489
vt 0.238186 0.730875
vt 0.237419 0.723567
vt 0.889137 0.955516
vt 0.889522 0.948194
vt 0.889867 0.940387
vt 0.160866 0.553668
vt 0.170270 0.550234
vt 0.179340 0.545994
vt 0.187938 0.541022
vt 0.468429 0.556152
vt 0.463405 0.555495
vt 0.468086 0.554128
vt 0.463941 0.557099
vt 0.762374 0.991243
vt 0.769099 0.981611
vt 0.766999 0.991115
vt 0.765290 0.976673
vt 0.770363 0.971959
vt 0.766411 0.962335
vt 0.770781 0.962312
vt 0.465575 0.558572
vt 0.463562 0.559332
vt 0.462153 0.557904
vt 0.461764 0.555977
vt 0.462661 0.544670
vt 0.478590 0.544347
vt 0.477431 0.558939
vt 0.477246 0.544347
vt 0.773971 0.539169
vt 0.774604 0.528770
vt 0.775794 0.539865
vt 0.772668 0.528369
vt 0.468117 0.551572
vt 0.467645 0.544347
vt 0.914629 0.158194
vt 0.915229 0.150973
vt 0.915803 0.143271
vt 0.610584 0.402810
vt 0.610165 0.403316
vt 0.605514 0.399263
vt 0.605189 0.399834
vt 0.852867 0.254722
vt 0.851965 0.254788
vt 0.933555 0.973524
vt 0.933306 0.978195
vt 0.932402 0.978133
vt 0.932650 0.973473
vt 0.845743 0.252196
vt 0.839730 0.255756
vt 0.451918 0.859313
vt 0.456754 0.856503
vt 0.778567 0.925553
vt 0.778567 0.931376
vt 0.776476 0.929363
vt 0.926994 0.972568
vt 0.429466 0.938324
vt 0.430732 0.942490
vt 0.248501 0.950802
vt 0.725611 0.507435
vt 0.726917 0.506682
vt 0.613996 0.405010
vt 0.608444 0.394098
vt 0.613369 0.401565
vt 0.616094 0.399772
vt 0.608905 0.393291
vt 0.617220 0.399114
vt 0.609655 0.391989
vt 0.616066 0.394305
vt 0.619713 0.398115
vt 0.622238 0.397877
vt 0.620765 0.393811
vt 0.612746 0.403248
vt 0.622159 0.398244
vt 0.619811 0.398465
vt 0.617491 0.399394
vt 0.616372 0.400029
vt 0.613670 0.401824
vt 0.613045 0.403284
vt 0.613354 0.405204
vt 0.613648 0.405143
vt 0.623913 0.399673
vt 0.621890 0.398405
vt 0.627386 0.853265
vt 0.625906 0.855189
vt 0.625908 0.854742
vt 0.627272 0.852829
vt 0.628726 0.851117
vt 0.628580 0.850109
vt 0.629036 0.849636
vt 0.628612 0.844973
vt 0.628987 0.845028
vt 0.628538 0.843278
vt 0.628185 0.843343
vt 0.613362 0.403270
vt 0.625906 0.843826
vt 0.396771 0.313054
vt 0.397143 0.315746
vt 0.396771 0.317873
vt 0.663025 0.362943
vt 0.986141 0.620938
vt 0.986163 0.626089
vt 0.985678 0.621013
vt 0.985705 0.626177
vt 0.986807 0.610802
vt 0.986531 0.615730
vt 0.986346 0.610891
vt 0.986069 0.615806
vt 0.986650 0.605125
vt 0.986187 0.605197
vt 0.989082 0.656796
vt 0.988622 0.656884
vt 0.989835 0.660369
vt 0.989377 0.660463
vt 0.474097 0.563114
vt 0.475189 0.555523
vt 0.474567 0.563113
vt 0.475662 0.555478
vt 0.993906 0.086494
vt 0.993003 0.094898
vt 0.986941 0.087888
vt 0.985453 0.095419
vt 0.988835 0.078875
vt 0.994026 0.079412
vt 0.993095 0.125356
vt 0.987578 0.125999
vt 0.988798 0.130208
vt 0.994026 0.129492
vt 0.733943 0.310324
vt 0.728787 0.310391
vt 0.733056 0.308364
vt 0.995347 0.216060
vt 0.998122 0.215233
vt 0.998808 0.218645
vt 0.845100 0.928622
vt 0.844107 0.937569
vt 0.840544 0.930147
vt 0.841230 0.938681
vt 0.833704 0.922194
vt 0.851544 0.914023
vt 0.847443 0.921129
vt 0.837789 0.925274
vt 0.831192 0.916088
vt 0.851667 0.907662
vt 0.849855 0.967297
vt 0.847834 0.967910
vt 0.849436 0.971386
vt 0.851667 0.969996
vt 0.998709 0.165506
vt 0.995017 0.174532
vt 0.995719 0.165201
vt 0.998808 0.175429
vt 0.995623 0.289786
vt 0.998897 0.294998
vt 0.995715 0.295521
vt 0.998610 0.286990
vt 0.990681 0.075541
vt 0.998527 0.158699
vt 0.004622 0.974019
vt -0.000000 0.971383
vt 0.004695 0.970465
vt 0.985186 0.084107
vt 0.007725 0.975874
vt 0.009528 0.967068
vt 0.013681 0.971745
vt 0.994697 0.284628
vt 0.994712 0.210531
vt 0.998024 0.210562
vt 0.998476 0.331077
vt 0.996613 0.331116
vt 0.997847 0.336700
vt 0.996011 0.335839
vt 0.364778 0.314954
vt 0.363196 0.317114
vt 0.994697 0.340072
vt 0.728727 0.315618
vt 0.733943 0.315799
vt 0.733224 0.316662
vt 0.475420 0.553652
vt 0.475890 0.553630
vt 0.471038 0.558920
vt 0.667822 0.351695
vt 0.467364 0.551803
vt 0.466893 0.544581
vt 0.913906 0.157910
vt 0.914504 0.150713
vt 0.915077 0.143036
vt 0.459129 0.560021
vt 0.456347 0.556928
vt 0.667948 0.352510
vt 0.666875 0.350286
vt 0.667845 0.354383
vt 0.662676 0.362560
vt 0.659302 0.365985
vt 0.630220 0.387197
vt 0.625403 0.390758
vt 0.620523 0.393314
vt 0.615729 0.393693
vt 0.609882 0.391594
vt 0.471854 0.559691
vt 0.472329 0.563118
vt 0.990593 0.656506
vt 0.991561 0.660016
vt 0.988485 0.625654
vt 0.989104 0.620463
vt 0.990443 0.615116
vt 0.991374 0.609930
vt 0.991561 0.604356
vt 0.347097 0.316844
vt 0.347097 0.313054
vt 0.350026 0.313644
vt 0.667487 0.350939
vt 0.151192 0.918658
vt 0.434179 0.940970
vt 0.432221 0.937110
vt 0.628059 0.922013
vt 0.625906 0.925762
vt 0.626110 0.922000
vt 0.243938 0.951120
vt 0.312157 0.985626
vt 0.308027 0.981672
vt 0.312277 0.983249
vt 0.058836 0.549973
vt 0.067938 0.556346
vt 0.058315 0.550790
vt 0.068385 0.555487
vt 0.049877 0.543696
vt 0.049287 0.544464
vt 0.041500 0.536661
vt 0.040845 0.537375
vt 0.247781 0.823804
vt 0.247933 0.813831
vt 0.249453 0.823858
vt 0.249605 0.813859
vt 0.247531 0.833543
vt 0.249203 0.833623
vt 0.247185 0.843052
vt 0.248855 0.843157
vt 0.470360 0.387935
vt 0.465510 0.379240
vt 0.466157 0.378904
vt 0.469790 0.388513
vt 0.473731 0.397225
vt 0.472804 0.397516
vt 0.475330 0.406982
vt 0.476279 0.406773
vt 0.476092 0.633904
vt 0.475534 0.644006
vt 0.475261 0.643085
vt 0.475717 0.633887
vt 0.474235 0.653158
vt 0.475066 0.643965
vt 0.474907 0.653192
vt 0.473527 0.662465
vt 0.474198 0.662501
vt 0.904536 0.906031
vt 0.901732 0.895028
vt 0.904628 0.895026
vt 0.901640 0.906032
vt 0.904175 0.927258
vt 0.901279 0.927259
vt 0.901489 0.916774
vt 0.904385 0.916773
vt 0.063788 0.542204
vt 0.072635 0.547312
vt 0.055488 0.536388
vt 0.047727 0.529871
vt 0.242165 0.813743
vt 0.242014 0.823629
vt 0.241767 0.833282
vt 0.241424 0.842708
vt 0.241186 0.813727
vt 0.241035 0.823597
vt 0.240788 0.833235
vt 0.240446 0.842646
vt 0.064544 0.541019
vt 0.073284 0.546065
vt 0.056345 0.535273
vt 0.048677 0.528835
vt 0.873256 0.965743
vt 0.878109 0.968125
vt 0.877543 0.969717
vt 0.946375 0.929243
vt 0.941725 0.931850
vt 0.941959 0.929994
vt 0.983404 0.683314
vt 0.990112 0.692926
vt 0.986320 0.697885
vt 0.988012 0.683422
vt 0.991376 0.702578
vt 0.873768 0.963456
vt 0.875605 0.965158
vt 0.873861 0.965697
vt 0.872225 0.964286
vt 0.943382 0.946184
vt 0.940105 0.932086
vt 0.941574 0.946118
vt 0.467306 0.643287
vt 0.466686 0.652775
vt 0.465980 0.662055
vt 0.854250 0.288573
vt 0.855038 0.282601
vt 0.854930 0.288740
vt 0.854312 0.282548
vt 0.231484 0.985109
vt 0.230943 0.985477
vt 0.853344 0.288562
vt 0.853406 0.282551
vt 0.841408 0.282147
vt 0.847668 0.282471
vt 0.451918 0.882797
vt 0.456754 0.885585
vt 0.251621 0.712783
vt 0.249656 0.708453
vt 0.251797 0.704922
vt 0.412606 0.934399
vt 0.412672 0.939803
vt 0.409632 0.937577
vt 0.415035 0.936177
vt 0.248927 0.964567
vt 0.248848 0.967545
vt 0.244509 0.964276
vt 0.726917 0.521164
vt 0.725611 0.520409
vt 0.763671 0.312846
vt 0.766240 0.315964
vt 0.763733 0.315177
vt 0.858308 0.288122
vt 0.628944 0.435077
vt 0.630227 0.434851
vt 0.632433 0.439271
vt 0.632777 0.434007
vt 0.634863 0.432563
vt 0.635582 0.430112
vt 0.636347 0.436622
vt 0.856459 0.287124
vt 0.634566 0.432334
vt 0.635236 0.430112
vt 0.632627 0.433677
vt 0.630255 0.434463
vt 0.628992 0.434702
vt 0.858300 0.287738
vt 0.862176 0.287613
vt 0.862178 0.287982
vt 0.765524 0.317809
vt 0.763906 0.317324
vt 0.764111 0.317104
vt 0.763381 0.315299
vt 0.763116 0.315441
vt 0.396309 0.317942
vt 0.395834 0.315475
vt 0.396068 0.315492
vt 0.763080 0.312846
vt 0.776004 0.313655
vt 0.778203 0.313934
vt 0.776031 0.314028
vt 0.778184 0.314237
vt 0.252351 0.844776
vt 0.251202 0.843011
vt 0.252356 0.844315
vt 0.251299 0.842545
vt 0.249953 0.840792
vt 0.250074 0.839722
vt 0.249656 0.839243
vt 0.250082 0.834400
vt 0.249722 0.834452
vt 0.249854 0.832346
vt 0.250172 0.832399
vt 0.763292 0.312846
vt 0.764363 0.316912
vt 0.252356 0.832923
vt 0.855357 0.285186
vt 0.699086 0.437321
vt 0.697727 0.424330
vt 0.699086 0.422884
vt 0.697727 0.435875
vt 0.881435 0.919394
vt 0.880883 0.913431
vt 0.881903 0.919415
vt 0.880415 0.913430
vt 0.878998 0.907982
vt 0.877792 0.903849
vt 0.878262 0.903855
vt 0.879467 0.907980
vt 0.621794 0.933820
vt 0.621328 0.933864
vt 0.884783 0.955372
vt 0.885252 0.955389
vt 0.884786 0.960096
vt 0.885255 0.960121
vt 0.884787 0.969001
vt 0.885255 0.969064
vt 0.038606 0.933259
vt 0.031049 0.933115
vt 0.036746 0.924650
vt 0.029726 0.923497
vt 0.034233 0.916124
vt 0.029118 0.916693
vt 0.037887 0.969974
vt 0.032351 0.969566
vt 0.031571 0.974990
vt 0.036825 0.975461
vt 0.030700 0.978990
vt 0.029118 0.977049
vt 0.995038 0.661696
vt 0.991561 0.664282
vt 0.992250 0.660871
vt 0.970481 0.559637
vt 0.970169 0.569933
vt 0.967221 0.569020
vt 0.965823 0.558478
vt 0.958616 0.542209
vt 0.976967 0.549327
vt 0.963154 0.549782
vt 0.973061 0.553342
vt 0.809347 0.519569
vt 0.809347 0.500013
vt 0.964999 0.605153
vt 0.962937 0.604710
vt 0.963530 0.609572
vt 0.961226 0.608216
vt 0.995364 0.620183
vt 0.991649 0.611165
vt 0.994653 0.610859
vt 0.991561 0.621081
vt 0.770046 0.270475
vt 0.771485 0.264490
vt 0.773095 0.269956
vt 0.767992 0.262792
vt 0.032258 0.912054
vt 0.991841 0.604356
vt 0.768931 0.254495
vt 0.770890 0.259305
vt 0.772294 0.254692
vt 0.767492 0.251259
vt 0.995679 0.656168
vt 0.992353 0.656200
vt 0.781494 0.304536
vt 0.040517 0.934060
vt 0.039634 0.970307
vt 0.235107 0.891110
vt 0.237408 0.885862
vt 0.236987 0.890600
vt 0.962453 0.612759
vt 0.036181 0.979587
vt 0.037221 0.978846
vt 0.237408 0.895033
vt 0.474643 0.641479
vt 0.474914 0.640037
vt 0.475113 0.641526
vt 0.474442 0.639984
vt 0.881116 0.964986
vt 0.699451 0.438595
vt 0.699815 0.430102
vt 0.466556 0.643171
vt 0.467321 0.640631
vt 0.465937 0.652648
vt 0.465233 0.661897
vt 0.936915 0.928938
vt 0.941375 0.928745
vt 0.940161 0.930053
vt 0.934596 0.931983
vt 0.699023 0.437891
vt 0.699632 0.440285
vt 0.697741 0.436523
vt 0.688526 0.433583
vt 0.688547 0.433065
vt 0.683740 0.433128
vt 0.683734 0.432691
vt 0.647852 0.435028
vt 0.647835 0.435595
vt 0.641853 0.435468
vt 0.641858 0.435970
vt 0.636481 0.437158
vt 0.632567 0.439957
vt 0.882043 0.964107
vt 0.883021 0.960002
vt 0.883242 0.955315
vt 0.879068 0.919298
vt 0.877410 0.913423
vt 0.875037 0.908032
vt 0.873139 0.903790
vt 0.626412 0.933388
vt 0.958616 0.610534
vt 0.462649 0.640947
vt 0.700114 0.430102
vt 0.699679 0.439390
vt 0.647852 0.425188
vt 0.683734 0.427515
vt 0.766240 0.309727
vt 0.775778 0.304536
vt 0.249710 0.704727
vt 0.151192 0.911134
vt 0.641853 0.424752
vt 0.078012 0.561035
vt 0.078381 0.560140
vt 0.088374 0.564795
vt 0.088664 0.563871
vt 0.099025 0.567637
vt 0.099234 0.566691
vt 0.247983 0.803778
vt 0.249656 0.803778
vt 0.247933 0.793800
vt 0.249605 0.793774
vt 0.247782 0.783896
vt 0.249454 0.783843
vt 0.461176 0.370277
vt 0.460375 0.370412
vt 0.455505 0.362184
vt 0.454735 0.362775
vt 0.449150 0.354616
vt 0.448434 0.355272
vt 0.476180 0.624610
vt 0.476543 0.623711
vt 0.476170 0.614218
vt 0.476843 0.614242
vt 0.476073 0.623709
vt 0.476407 0.604504
vt 0.477080 0.604526
vt 0.904659 0.883929
vt 0.901762 0.883931
vt 0.904537 0.861974
vt 0.901641 0.861975
vt 0.901732 0.872914
vt 0.904628 0.872913
vt 0.081896 0.551623
vt 0.091423 0.555080
vt 0.101215 0.557693
vt 0.242215 0.803777
vt 0.242165 0.793887
vt 0.242016 0.784069
vt 0.241235 0.803777
vt 0.241186 0.793902
vt 0.241037 0.784100
vt 0.082433 0.550324
vt 0.091845 0.553738
vt 0.101518 0.556320
vt 0.925304 0.234761
vt 0.928764 0.231310
vt 0.926332 0.236344
vt 0.463841 0.626581
vt 0.463452 0.624796
vt 0.468038 0.626197
vt 0.977064 0.983390
vt 0.983904 0.973858
vt 0.981677 0.983334
vt 0.980175 0.968860
vt 0.985297 0.964224
vt 0.926880 0.231064
vt 0.928206 0.228948
vt 0.929962 0.229492
vt 0.461826 0.624527
vt 0.462152 0.609980
vt 0.463937 0.609970
vt 0.468280 0.623685
vt 0.468616 0.613950
vt 0.468852 0.604264
vt 0.854250 0.276427
vt 0.854930 0.276365
vt 0.853344 0.276444
vt 0.249738 0.700963
vt 0.415934 0.941687
vt 0.417642 0.937683
vt 0.248969 0.961559
vt 0.763733 0.310513
vt 0.858308 0.277448
vt 0.628944 0.425155
vt 0.630227 0.425378
vt 0.632433 0.420955
vt 0.632777 0.426219
vt 0.634863 0.427661
vt 0.636347 0.423602
vt 0.856459 0.278200
vt 0.634566 0.427891
vt 0.632627 0.426549
vt 0.630255 0.425766
vt 0.628992 0.425530
vt 0.862176 0.278479
vt 0.858300 0.277844
vt 0.862178 0.278100
vt 0.856582 0.278437
vt 0.763116 0.310250
vt 0.764111 0.308584
vt 0.763381 0.310392
vt 0.763906 0.308364
vt 0.396309 0.313054
vt 0.780455 0.314028
vt 0.780530 0.313655
vt 0.781961 0.313246
vt 0.781942 0.312818
vt 0.477256 0.886581
vt 0.475884 0.888570
vt 0.475841 0.888095
vt 0.477250 0.885507
vt 0.477683 0.885102
vt 0.477727 0.880286
vt 0.478063 0.880390
vt 0.478247 0.878224
vt 0.477950 0.878224
vt 0.764363 0.308776
vt 0.475841 0.878421
vt 0.855357 0.280016
vt 0.688547 0.427141
vt 0.908648 0.182629
vt 0.909222 0.188599
vt 0.908198 0.182759
vt 0.908778 0.188749
vt 0.908844 0.173310
vt 0.908633 0.177178
vt 0.908393 0.173442
vt 0.908182 0.177304
vt 0.385638 0.969156
vt 0.385170 0.969123
vt 0.915372 0.223818
vt 0.914925 0.223963
vt 0.916638 0.228447
vt 0.916194 0.228600
vt 0.919135 0.237499
vt 0.918703 0.237692
vt 0.102163 0.922917
vt 0.100820 0.932411
vt 0.095153 0.924124
vt 0.093278 0.932638
vt 0.097771 0.916185
vt 0.102855 0.916584
vt 0.099506 0.968738
vt 0.093981 0.969202
vt 0.095057 0.974759
vt 0.100303 0.974246
vt 0.101272 0.978775
vt 0.102855 0.976844
vt 0.995902 0.743239
vt 0.992432 0.740651
vt 0.995215 0.739828
vt 0.927530 0.174615
vt 0.925621 0.185098
vt 0.922836 0.175590
vt 0.922642 0.185895
vt 0.916898 0.165077
vt 0.935523 0.158699
vt 0.930606 0.166004
vt 0.920569 0.169175
vt 0.943156 0.259331
vt 0.942167 0.239797
vt 0.928081 0.220768
vt 0.926006 0.221131
vt 0.927256 0.225616
vt 0.929615 0.224345
vt 0.992105 0.699139
vt 0.995810 0.690122
vt 0.995902 0.700038
vt 0.992812 0.689815
vt 0.988641 0.425692
vt 0.989032 0.420006
vt 0.991712 0.425548
vt 0.992050 0.417600
vt 0.099734 0.912055
vt 0.995622 0.683314
vt 0.989331 0.409687
vt 0.988486 0.414810
vt 0.986114 0.410599
vt 0.749142 0.539401
vt 0.745633 0.539875
vt 0.252485 0.905566
vt 0.252485 0.914186
vt 0.250452 0.910674
vt 0.991794 0.735123
vt 0.995113 0.735156
vt 0.986114 0.461087
vt 0.987843 0.461274
vt 0.093175 0.974522
vt 0.092290 0.969841
vt 0.354873 0.317595
vt 0.353005 0.313550
vt 0.354873 0.313054
vt 0.095800 0.979417
vt 0.094752 0.978640
vt 0.919472 0.238890
vt 0.919030 0.239049
vt 0.475883 0.626032
vt 0.475411 0.626035
vt 0.921533 0.232395
vt 0.699451 0.421609
vt 0.467525 0.623672
vt 0.467860 0.613951
vt 0.468096 0.604298
vt 0.932116 0.226816
vt 0.462056 0.626446
vt 0.935523 0.227712
vt 0.699023 0.422314
vt 0.699632 0.419920
vt 0.697741 0.423682
vt 0.688526 0.426623
vt 0.683740 0.427078
vt 0.647835 0.424621
vt 0.641858 0.424249
vt 0.636481 0.423065
vt 0.632567 0.420269
vt 0.920396 0.231757
vt 0.918310 0.227872
vt 0.916838 0.223341
vt 0.911470 0.187852
vt 0.911533 0.181796
vt 0.912456 0.176148
vt 0.913310 0.172004
vt 0.390266 0.969485
vt 0.456347 0.625042
vt 0.699679 0.420815
vt 0.781990 0.304536
vt 0.218664 0.528993
vt 0.226522 0.521136
vt 0.219379 0.529647
vt 0.225752 0.520546
vt 0.211582 0.537439
vt 0.210926 0.536725
vt 0.203135 0.544522
vt 0.202544 0.543753
vt 0.897363 0.914567
vt 0.897538 0.904955
vt 0.899025 0.914671
vt 0.899200 0.905033
vt 0.897141 0.923808
vt 0.898803 0.923936
vt 0.896875 0.932683
vt 0.898536 0.932836
vt 0.331852 0.323823
vt 0.341256 0.320556
vt 0.341727 0.321217
vt 0.331633 0.323127
vt 0.350990 0.318850
vt 0.351116 0.319813
vt 0.360877 0.318969
vt 0.360836 0.317999
vt 0.926081 0.108408
vt 0.925606 0.118142
vt 0.925325 0.117253
vt 0.925706 0.108389
vt 0.924446 0.126791
vt 0.925136 0.118100
vt 0.925119 0.126824
vt 0.923920 0.135485
vt 0.924593 0.135521
vt 0.968665 0.280674
vt 0.971341 0.291279
vt 0.968445 0.291278
vt 0.971560 0.280675
vt 0.970731 0.311258
vt 0.967835 0.311258
vt 0.968169 0.301471
vt 0.971065 0.301471
vt 0.211864 0.522766
vt 0.218430 0.514941
vt 0.204695 0.529930
vt 0.196929 0.536441
vt 0.891801 0.904699
vt 0.891627 0.914227
vt 0.891408 0.923387
vt 0.891144 0.932185
vt 0.890827 0.904653
vt 0.890654 0.914166
vt 0.890435 0.923311
vt 0.890171 0.932095
vt 0.210828 0.521816
vt 0.217314 0.514086
vt 0.203745 0.528893
vt 0.196074 0.535326
vt 0.775794 0.500690
vt 0.771214 0.502923
vt 0.771445 0.501081
vt 0.478601 0.601899
vt 0.477246 0.596530
vt 0.478601 0.596067
vt 0.762374 0.933428
vt 0.769099 0.943014
vt 0.765290 0.947999
vt 0.766999 0.933509
vt 0.770363 0.952665
vt 0.377312 0.315523
vt 0.378779 0.314222
vt 0.378779 0.316330
vt 0.377434 0.313054
vt 0.773026 0.516442
vt 0.769626 0.502992
vt 0.771255 0.516183
vt 0.917366 0.117415
vt 0.916877 0.126421
vt 0.916353 0.135090
vt 0.593884 0.395030
vt 0.599686 0.397266
vt 0.593774 0.395679
vt 0.599908 0.396646
vt 0.932852 0.968214
vt 0.933001 0.962466
vt 0.933757 0.968252
vt 0.933907 0.962492
vt 0.921301 0.960925
vt 0.927330 0.962046
vt 0.921008 0.970098
vt 0.450262 0.848766
vt 0.446676 0.853065
vt 0.251594 0.689372
vt 0.249656 0.685056
vt 0.251823 0.681972
vt 0.440162 0.936479
vt 0.434828 0.935605
vt 0.437001 0.933521
vt 0.437442 0.939086
vt 0.312450 0.977821
vt 0.312381 0.980686
vt 0.308173 0.977104
vt 0.722714 0.503983
vt 0.723684 0.502829
vt 0.777068 0.894175
vt 0.779637 0.897294
vt 0.777132 0.896506
vt 0.972856 0.542103
vt 0.965718 0.533555
vt 0.968944 0.533379
vt 0.965705 0.538930
vt 0.599703 0.389001
vt 0.599707 0.390311
vt 0.604437 0.387590
vt 0.599312 0.386337
vt 0.598250 0.384027
vt 0.595960 0.382892
vt 0.602503 0.383267
vt 0.967155 0.532185
vt 0.597972 0.384280
vt 0.595901 0.383234
vt 0.598961 0.386427
vt 0.599326 0.388907
vt 0.599346 0.390199
vt 0.968927 0.533017
vt 0.972646 0.533358
vt 0.972656 0.533709
vt 0.778941 0.899123
vt 0.777311 0.898648
vt 0.777517 0.898427
vt 0.778878 0.899515
vt 0.776514 0.896770
vt 0.776780 0.896627
vt 0.776690 0.894175
vt 0.776476 0.894177
vt 0.908182 0.266909
vt 0.910210 0.266909
vt 0.908200 0.267267
vt 0.910187 0.267204
vt 0.475843 0.865708
vt 0.477156 0.867567
vt 0.475841 0.866171
vt 0.477050 0.868028
vt 0.478469 0.869828
vt 0.478335 0.870891
vt 0.478777 0.871386
vt 0.478344 0.876233
vt 0.478717 0.876188
vt 0.478447 0.878224
vt 0.478108 0.878159
vt 0.777768 0.898236
vt 0.475841 0.877583
vt 0.965705 0.527682
vt 0.966062 0.530193
vt 0.614064 0.321557
vt 0.601035 0.320641
vt 0.599846 0.319050
vt 0.612404 0.322646
vt 0.458140 0.751313
vt 0.458824 0.757188
vt 0.458356 0.757167
vt 0.457673 0.751273
vt 0.459931 0.762736
vt 0.460429 0.767276
vt 0.459463 0.762716
vt 0.460897 0.767306
vt 0.461086 0.771751
vt 0.461554 0.771769
vt 0.456814 0.715959
vt 0.456347 0.715922
vt 0.457075 0.711481
vt 0.456608 0.711436
vt 0.457566 0.703424
vt 0.457103 0.703348
vt 0.977957 0.124863
vt 0.984015 0.116761
vt 0.984928 0.126264
vt 0.976463 0.116341
vt 0.980031 0.133887
vt 0.985186 0.133402
vt 0.984202 0.081320
vt 0.978684 0.080716
vt 0.979954 0.075541
vt 0.985186 0.076209
vt 0.988554 0.776400
vt 0.992044 0.773830
vt 0.991352 0.777241
vt 0.754560 0.314718
vt 0.758810 0.314745
vt 0.758501 0.316655
vt 0.159840 0.962857
vt 0.162140 0.953501
vt 0.164594 0.963524
vt 0.159113 0.952906
vt 0.173397 0.978579
vt 0.154411 0.973474
vt 0.168133 0.971620
vt 0.157910 0.969149
vt 0.848063 0.903790
vt 0.153391 0.978579
vt 0.162844 0.918492
vt 0.160746 0.918265
vt 0.161761 0.913876
vt 0.164194 0.914954
vt 0.991964 0.827010
vt 0.988232 0.817957
vt 0.992044 0.817073
vt 0.988950 0.827301
vt 0.013183 0.951744
vt 0.011209 0.946215
vt 0.014057 0.945704
vt 0.016582 0.953574
vt 0.981848 0.137852
vt 0.991764 0.833815
vt 0.014085 0.957153
vt 0.016163 0.962358
vt 0.012989 0.962086
vt 0.017720 0.965776
vt 0.987910 0.781928
vt 0.991245 0.781912
vt -0.000000 0.912054
vt 0.974505 0.116056
vt 0.976905 0.080651
vt 0.977950 0.076316
vt 0.162492 0.910822
vt 0.356509 0.313484
vt 0.354873 0.317595
vt 0.354873 0.313054
vt 0.758810 0.309243
vt 0.754531 0.309462
vt 0.758331 0.308364
vt 0.924739 0.115584
vt 0.924613 0.113918
vt 0.925083 0.113978
vt 0.925209 0.115632
vt 0.466522 0.707296
vt 0.461011 0.707201
vt 0.464187 0.704493
vt 0.615382 0.321418
vt 0.607081 0.319585
vt 0.916635 0.117245
vt 0.917413 0.114715
vt 0.916147 0.126242
vt 0.915624 0.134883
vt 0.766485 0.499574
vt 0.770928 0.499473
vt 0.769688 0.500925
vt 0.764125 0.502849
vt 0.617077 0.321535
vt 0.614614 0.321718
vt 0.613045 0.322744
vt 0.608044 0.331200
vt 0.608549 0.331310
vt 0.606839 0.335875
vt 0.607271 0.335944
vt 0.602922 0.371641
vt 0.603477 0.371757
vt 0.602317 0.377634
vt 0.602812 0.377716
vt 0.603054 0.383228
vt 0.605135 0.387576
vt 0.917890 0.113070
vt 0.460036 0.707956
vt 0.458832 0.711649
vt 0.458350 0.716082
vt 0.460497 0.751503
vt 0.461823 0.757326
vt 0.463889 0.762872
vt 0.465540 0.767600
vt 0.466522 0.771960
vt 0.166548 0.912527
vt 0.912973 0.114406
vt 0.772863 0.499441
vt 0.607133 0.319291
vt 0.616203 0.321331
vt 0.601742 0.334976
vt 0.593231 0.369933
vt 0.779637 0.891057
vt 0.908182 0.258124
vt 0.249734 0.681472
vt 0.625906 0.918238
vt 0.591764 0.375773
vt 0.232070 0.511510
vt 0.232889 0.512030
vt 0.238391 0.502477
vt 0.237530 0.502031
vt 0.243039 0.492482
vt 0.242142 0.492112
vt 0.246772 0.482203
vt 0.245847 0.481913
vt 0.897663 0.895118
vt 0.899326 0.895170
vt 0.897738 0.885211
vt 0.899402 0.885236
vt 0.897763 0.875233
vt 0.899427 0.875232
vt 0.897738 0.865339
vt 0.899402 0.865311
vt 0.322273 0.326534
vt 0.322266 0.327346
vt 0.313318 0.330714
vt 0.313767 0.331575
vt 0.305284 0.336477
vt 0.304762 0.335658
vt 0.296731 0.341281
vt 0.297322 0.342052
vt 0.926148 0.099306
vt 0.926509 0.098427
vt 0.926180 0.088964
vt 0.926854 0.088988
vt 0.926039 0.098424
vt 0.926501 0.079182
vt 0.927175 0.079202
vt 0.926771 0.069480
vt 0.927445 0.069498
vt 0.971718 0.269820
vt 0.968822 0.269819
vt 0.971811 0.236947
vt 0.971843 0.247871
vt 0.968916 0.236947
vt 0.968947 0.247870
vt 0.968916 0.258885
vt 0.971811 0.258886
vt 0.224284 0.506569
vt 0.229342 0.497787
vt 0.233616 0.488598
vt 0.237048 0.479148
vt 0.891925 0.894948
vt 0.892000 0.885127
vt 0.892024 0.875236
vt 0.892000 0.865429
vt 0.890951 0.894917
vt 0.891026 0.885112
vt 0.891050 0.875237
vt 0.891026 0.865445
vt 0.223097 0.505815
vt 0.228094 0.497139
vt 0.232316 0.488061
vt 0.235706 0.478726
vt 0.931238 0.778522
vt 0.927788 0.781960
vt 0.930099 0.776810
vt 0.976967 0.603835
vt 0.977756 0.602217
vt 0.981195 0.604356
vt 0.984498 0.592585
vt 0.982398 0.602090
vt 0.980673 0.587647
vt 0.985762 0.582934
vt 0.981794 0.573309
vt 0.986180 0.573287
vt 0.929773 0.782338
vt 0.928447 0.784425
vt 0.926611 0.783789
vt 0.476793 0.958849
vt 0.476831 0.944310
vt 0.478367 0.959239
vt 0.478544 0.944463
vt 0.476789 0.930187
vt 0.478651 0.930084
vt 0.918239 0.098374
vt 0.918606 0.088705
vt 0.918926 0.078951
vt 0.919196 0.069278
vt 0.933999 0.956458
vt 0.934596 0.962663
vt 0.587675 0.395148
vt 0.587671 0.394488
vt 0.581507 0.395030
vt 0.581626 0.395680
vt 0.933093 0.956447
vt 0.933123 0.950388
vt 0.934029 0.950385
vt 0.921403 0.950860
vt 0.927446 0.950499
vt 0.439612 0.848988
vt 0.441515 0.843716
vt 0.251872 0.673845
vt 0.249786 0.677783
vt 0.438936 0.931215
vt 0.442584 0.933593
vt 0.312501 0.974873
vt 0.718812 0.501730
vt 0.719329 0.500315
vt 0.777132 0.891842
vt 0.371466 0.964316
vt 0.378610 0.957620
vt 0.374662 0.965908
vt 0.371497 0.958129
vt 0.589936 0.388588
vt 0.580262 0.388241
vt 0.590375 0.387356
vt 0.580428 0.389158
vt 0.586399 0.384410
vt 0.579999 0.386761
vt 0.591642 0.384984
vt 0.593422 0.383176
vt 0.589681 0.381006
vt 0.372883 0.966351
vt 0.593598 0.383509
vt 0.591942 0.385190
vt 0.590762 0.387397
vt 0.590314 0.388606
vt 0.378344 0.967140
vt 0.374643 0.966303
vt 0.378332 0.967515
vt 0.372989 0.966617
vt 0.776514 0.891579
vt 0.777311 0.889688
vt 0.777517 0.889907
vt 0.776780 0.891720
vt 0.393545 0.317889
vt 0.393773 0.315552
vt 0.393773 0.317918
vt 0.912467 0.266759
vt 0.912547 0.266390
vt 0.914157 0.265877
vt 0.914130 0.265461
vt 0.236045 0.877646
vt 0.237311 0.876296
vt 0.236054 0.878702
vt 0.237271 0.875824
vt 0.235669 0.879057
vt 0.235689 0.883755
vt 0.235378 0.883627
vt 0.235107 0.885831
vt 0.235372 0.885862
vt 0.777768 0.890101
vt 0.237311 0.885840
vt 0.371787 0.967965
vt 0.371417 0.970464
vt 0.602209 0.330171
vt 0.947644 0.828899
vt 0.947121 0.823147
vt 0.948088 0.828756
vt 0.947558 0.822983
vt 0.923850 0.515813
vt 0.923011 0.519530
vt 0.923382 0.515828
vt 0.922543 0.519533
vt 0.924316 0.509841
vt 0.923848 0.509838
vt 0.947537 0.834035
vt 0.947983 0.833897
vt 0.941323 0.789340
vt 0.941763 0.789182
vt 0.940032 0.784789
vt 0.940470 0.784624
vt 0.937288 0.775569
vt 0.937711 0.775361
vt 0.977253 0.396437
vt 0.978642 0.387313
vt 0.984208 0.395051
vt 0.986114 0.386836
vt 0.981329 0.402218
vt 0.976345 0.402119
vt 0.979982 0.352120
vt 0.985457 0.351486
vt 0.984349 0.346041
vt 0.979145 0.346701
vt 0.977925 0.341775
vt 0.976345 0.343678
vt 0.995908 0.000000
vt 0.999366 0.002577
vt 0.996593 0.003412
vt 0.928966 0.837315
vt 0.930870 0.827028
vt 0.933598 0.836200
vt 0.933810 0.826146
vt 0.939403 0.846194
vt 0.921008 0.853051
vt 0.925928 0.845842
vt 0.935834 0.842397
vt 0.901389 0.521561
vt 0.900712 0.499441
vt 0.907257 0.501366
vt 0.908354 0.520895
vt 0.928624 0.792511
vt 0.930671 0.792084
vt 0.929442 0.787745
vt 0.927116 0.789072
vt 0.996010 0.053178
vt 0.999697 0.044133
vt 0.998997 0.053474
vt 0.995908 0.043242
vt 0.958616 0.735019
vt 0.960126 0.726951
vt 0.962281 0.732716
vt 0.963447 0.726986
vt 0.979406 0.406337
vt 0.996190 0.059983
vt 0.960083 0.743371
vt 0.962013 0.738083
vt 0.963724 0.742612
vt 0.967928 0.746757
vt 0.958736 0.746908
vt 0.963930 0.751961
vt 1.000000 0.008106
vt 0.996691 0.008083
vt 0.970055 0.691658
vt 0.968134 0.691405
vt 0.969884 0.686027
vt 0.971597 0.687154
vt 0.973699 0.683314
vt 0.983353 0.340982
vt 0.984414 0.341751
vt 0.936820 0.774004
vt 0.937254 0.773830
vt 0.925899 0.100581
vt 0.925427 0.100582
vt 0.935058 0.780865
vt 0.598654 0.318468
vt 0.917504 0.098303
vt 0.918056 0.100693
vt 0.917870 0.088652
vt 0.918190 0.078931
vt 0.918458 0.069290
vt 0.924622 0.786700
vt 0.478823 0.960929
vt 0.477112 0.960618
vt 0.921008 0.785538
vt 0.599274 0.319013
vt 0.597023 0.317999
vt 0.600399 0.320515
vt 0.601696 0.330102
vt 0.601313 0.334894
vt 0.592670 0.369851
vt 0.591270 0.375681
vt 0.589176 0.380781
vt 0.585747 0.384158
vt 0.579919 0.386311
vt 0.936207 0.781493
vt 0.938383 0.785411
vt 0.939876 0.789857
vt 0.944906 0.823961
vt 0.944799 0.829817
vt 0.943760 0.835167
vt 0.928490 0.515663
vt 0.926970 0.519520
vt 0.929286 0.509873
vt 0.471356 0.959384
vt 0.597911 0.318106
vt 0.914172 0.257411
vt 0.906289 0.810752
vt 0.904659 0.808130
vt 0.906289 0.804147
vt 0.444247 0.930213
vt 0.440265 0.928514
vt 0.249779 0.674018
vt 0.308224 0.972092
vt 0.312510 0.971864
vt 0.251516 0.449762
vt 0.251516 0.438736
vt 0.252485 0.449804
vt 0.252485 0.438692
vt 0.250559 0.460659
vt 0.251521 0.460785
vt 0.248655 0.471431
vt 0.249603 0.471640
vt 0.898807 0.826860
vt 0.897367 0.836272
vt 0.897145 0.826990
vt 0.899029 0.836167
vt 0.897540 0.845784
vt 0.899203 0.845704
vt 0.897664 0.855524
vt 0.899327 0.855470
vt 0.275862 0.362122
vt 0.270758 0.370670
vt 0.270143 0.370278
vt 0.276648 0.362326
vt 0.282222 0.354558
vt 0.282938 0.355215
vt 0.289217 0.347577
vt 0.289873 0.348294
vt 0.928021 0.031767
vt 0.927640 0.040356
vt 0.927646 0.031768
vt 0.927958 0.041201
vt 0.927159 0.050300
vt 0.927488 0.041181
vt 0.927833 0.050313
vt 0.926991 0.059854
vt 0.927665 0.059869
vt 0.968174 0.194585
vt 0.971347 0.204842
vt 0.968451 0.204842
vt 0.971069 0.194586
vt 0.971718 0.226108
vt 0.968823 0.226107
vt 0.968668 0.215349
vt 0.971563 0.215350
vt 0.242300 0.449361
vt 0.242300 0.439146
vt 0.241413 0.459457
vt 0.239650 0.469437
vt 0.891632 0.836617
vt 0.891412 0.827416
vt 0.891803 0.846045
vt 0.891926 0.855700
vt 0.890658 0.836678
vt 0.890439 0.827492
vt 0.890829 0.846092
vt 0.890952 0.855731
vt 0.240895 0.449300
vt 0.240895 0.439208
vt 0.240019 0.459273
vt 0.238277 0.469132
vt 0.939000 0.856195
vt 0.941313 0.861309
vt 0.937862 0.858004
vt 0.976967 0.542777
vt 0.981194 0.542209
vt 0.977756 0.544402
vt 0.984498 0.553989
vt 0.980673 0.558972
vt 0.982398 0.544484
vt 0.985762 0.563640
vt 0.940655 0.863819
vt 0.939329 0.861830
vt 0.942490 0.863090
vt 0.478367 0.901667
vt 0.476831 0.916287
vt 0.476793 0.902225
vt 0.478544 0.915909
vt 0.919582 0.050154
vt 0.919695 0.040862
vt 0.919414 0.059680
vt 0.575759 0.397249
vt 0.569877 0.399263
vt 0.575530 0.396629
vt 0.570211 0.399835
vt 0.933907 0.938665
vt 0.933093 0.944425
vt 0.933001 0.938695
vt 0.933999 0.944409
vt 0.927330 0.939320
vt 0.921301 0.941115
vt 0.431568 0.841963
vt 0.431580 0.847571
vt 0.249746 0.670290
vt 0.251737 0.665972
vt 0.441295 0.925686
vt 0.445943 0.922927
vt 0.445536 0.926672
vt 0.441621 0.922693
vt 0.312450 0.966098
vt 0.312501 0.968886
vt 0.308173 0.967240
vt 0.714376 0.499441
vt 0.714375 0.500948
vt 0.569579 0.398749
vt 0.570995 0.394966
vt 0.571566 0.397528
vt 0.371466 0.952040
vt 0.374662 0.950027
vt 0.571301 0.391874
vt 0.570455 0.390869
vt 0.573174 0.386742
vt 0.568443 0.389075
vt 0.566144 0.387986
vt 0.563660 0.388587
vt 0.568913 0.384669
vt 0.372883 0.949891
vt 0.566094 0.388359
vt 0.563834 0.388888
vt 0.568232 0.389371
vt 0.570106 0.391039
vt 0.570952 0.392021
vt 0.374643 0.949645
vt 0.378332 0.947938
vt 0.378344 0.948297
vt 0.372989 0.949604
vt 0.571847 0.397772
vt 0.573035 0.396229
vt 0.572103 0.397931
vt 0.573330 0.396298
vt 0.569768 0.399077
vt 0.393421 0.950055
vt 0.391551 0.948901
vt 0.391638 0.948606
vt 0.393356 0.950446
vt 0.394697 0.951771
vt 0.394512 0.952150
vt 0.395562 0.953506
vt 0.395247 0.954374
vt 0.395590 0.954747
vt 0.394468 0.958825
vt 0.251342 0.918573
vt 0.250452 0.914186
vt 0.251590 0.918354
vt 0.252379 0.920436
vt 0.252161 0.920557
vt 0.572745 0.396108
vt 0.250452 0.921157
vt 0.371417 0.946188
vt 0.371787 0.948521
vt 0.525598 0.337158
vt 0.538101 0.329939
vt 0.537529 0.331840
vt 0.527531 0.337612
vt 0.921977 0.899842
vt 0.921008 0.905054
vt 0.921539 0.899671
vt 0.921452 0.905205
vt 0.923011 0.499450
vt 0.923382 0.503645
vt 0.922543 0.499441
vt 0.923850 0.503666
vt 0.921112 0.909716
vt 0.921558 0.909860
vt 0.927779 0.868449
vt 0.927338 0.868286
vt 0.929070 0.864101
vt 0.928632 0.863931
vt 0.931811 0.854943
vt 0.931388 0.854728
vt 0.910080 0.982285
vt 0.908055 0.974667
vt 0.915562 0.975120
vt 0.917079 0.983570
vt 0.715678 0.313409
vt 0.709015 0.316656
vt 0.709015 0.309563
vt 0.714393 0.308364
vt 0.908170 0.941507
vt 0.913676 0.942103
vt 0.914414 0.936898
vt 0.909182 0.936290
vt 0.915468 0.931683
vt 0.917079 0.933448
vt 0.993387 0.853051
vt 0.992696 0.856461
vt 0.989902 0.855613
vt 0.935501 0.912491
vt 0.935290 0.902986
vt 0.938230 0.903915
vt 0.940135 0.913694
vt 0.948093 0.928745
vt 0.929694 0.921689
vt 0.943173 0.921873
vt 0.933265 0.918294
vt 0.894161 0.501879
vt 0.894161 0.521451
vt 0.938431 0.871108
vt 0.940478 0.871580
vt 0.939660 0.867039
vt 0.941987 0.868374
vt 0.989578 0.897197
vt 0.993304 0.906268
vt 0.990294 0.906551
vt 0.993387 0.896318
vt 0.780229 0.868868
vt 0.777385 0.874210
vt 0.777332 0.868238
vt 0.780044 0.877319
vt 0.320306 0.313054
vt 0.322403 0.317513
vt 0.317998 0.317513
vt 0.993107 0.913070
vt 0.129727 0.917573
vt 0.133048 0.922475
vt 0.129727 0.922694
vt 0.713514 0.317797
vt 0.970526 0.754799
vt 0.973699 0.752484
vt 0.237320 0.915030
vt 0.235107 0.909400
vt 0.237320 0.906734
vt 0.776476 0.879754
vt 0.989259 0.861141
vt 0.992591 0.861132
vt 0.778071 0.832219
vt 0.776476 0.832031
vt 0.907396 0.935864
vt 0.906562 0.940283
vt 0.908964 0.931724
vt 0.910009 0.930950
vt 0.932277 0.853234
vt 0.931843 0.853051
vt 0.927452 0.039275
vt 0.926980 0.039252
vt 0.934043 0.860281
vt 0.539020 0.328984
vt 0.531484 0.332916
vt 0.918956 0.040957
vt 0.919623 0.038826
vt 0.918843 0.050230
vt 0.918676 0.059724
vt 0.944481 0.866158
vt 0.381570 0.315311
vt 0.381570 0.317433
vt 0.380245 0.315891
vt 0.478823 0.900127
vt 0.948093 0.864721
vt 0.538626 0.329708
vt 0.540394 0.327985
vt 0.538083 0.331504
vt 0.540145 0.340956
vt 0.539687 0.341196
vt 0.542144 0.345328
vt 0.541769 0.345552
vt 0.561760 0.375482
vt 0.562259 0.375214
vt 0.565149 0.380467
vt 0.565581 0.380211
vt 0.569310 0.384284
vt 0.573700 0.386282
vt 0.932894 0.860888
vt 0.930719 0.864744
vt 0.929226 0.868986
vt 0.924191 0.900691
vt 0.924298 0.906168
vt 0.925336 0.911046
vt 0.926970 0.499502
vt 0.928490 0.503877
vt 0.477246 0.573283
vt 0.478705 0.573903
vt 0.477246 0.579154
vt 0.531334 0.332657
vt 0.539594 0.328389
vt 0.537287 0.348140
vt 0.553238 0.380403
vt 0.565594 0.398084
vt 0.391551 0.959844
vt 0.249656 0.666797
vt 0.555869 0.385825
vt 0.250547 0.427752
vt 0.251509 0.427624
vt 0.248637 0.416981
vt 0.249584 0.416770
vt 0.246719 0.406125
vt 0.245794 0.406418
vt 0.242972 0.395851
vt 0.242076 0.396223
vt 0.898538 0.817932
vt 0.896877 0.818086
vt 0.898227 0.809517
vt 0.896567 0.809694
vt 0.897875 0.801607
vt 0.896216 0.801805
vt 0.897488 0.794318
vt 0.895830 0.794535
vt 0.265163 0.378904
vt 0.265680 0.379531
vt 0.260990 0.387863
vt 0.261887 0.388234
vt 0.258539 0.397442
vt 0.257613 0.397150
vt 0.255076 0.406620
vt 0.256024 0.406830
vt 0.928021 0.022743
vt 0.927698 0.023552
vt 0.927954 0.014889
vt 0.927551 0.022759
vt 0.927279 0.014885
vt 0.927844 0.007141
vt 0.927170 0.007139
vt 0.927682 0.000000
vt 0.927008 0.000000
vt 0.970734 0.184744
vt 0.967838 0.184743
vt 0.969424 0.158699
vt 0.969907 0.166741
vt 0.966528 0.158699
vt 0.967012 0.166741
vt 0.970346 0.175465
vt 0.967451 0.175465
vt 0.241403 0.428970
vt 0.239632 0.418991
vt 0.236999 0.409205
vt 0.233554 0.399760
vt 0.891146 0.818589
vt 0.890839 0.810270
vt 0.890491 0.802450
vt 0.890108 0.795244
vt 0.890173 0.818680
vt 0.889867 0.810373
vt 0.889519 0.802566
vt 0.889137 0.795371
vt 0.240009 0.429155
vt 0.238260 0.419297
vt 0.235659 0.409629
vt 0.232255 0.400298
vt 0.920055 0.027583
vt 0.915200 0.026472
vt 0.919668 0.025698
vt 0.915683 0.028190
vt 0.982010 0.282380
vt 0.988764 0.272759
vt 0.986664 0.282264
vt 0.984927 0.267809
vt 0.990028 0.263108
vt 0.990446 0.253461
vt 0.986048 0.253472
vt 0.917311 0.029665
vt 0.915383 0.030185
vt 0.913958 0.028811
vt 0.915106 0.014137
vt 0.913612 0.026801
vt 0.913382 0.014836
vt 0.236849 0.895033
vt 0.236849 0.906734
vt 0.235107 0.896090
vt 0.983593 0.267547
vt 0.919756 0.023035
vt 0.919702 0.014843
vt 0.919593 0.007120
vt 0.919431 0.000002
vt 0.565197 0.403348
vt 0.564769 0.402842
vt 0.560396 0.407219
vt 0.560905 0.407643
vt 0.933757 0.933379
vt 0.932852 0.933420
vt 0.933555 0.928745
vt 0.932650 0.928798
vt 0.926994 0.929858
vt 0.921008 0.932867
vt 0.423548 0.848988
vt 0.421622 0.843717
vt 0.931367 0.499441
vt 0.931367 0.506118
vt 0.929286 0.503527
vt 0.445943 0.919159
vt 0.441621 0.919683
vt 0.312381 0.963449
vt 0.709937 0.501731
vt 0.709423 0.500315
vt 0.567527 0.399860
vt 0.555791 0.403383
vt 0.564015 0.399858
vt 0.562708 0.396836
vt 0.555074 0.402784
vt 0.562252 0.395605
vt 0.557312 0.395900
vt 0.553921 0.401818
vt 0.561698 0.392970
vt 0.561899 0.390437
vt 0.557638 0.391179
vt 0.565571 0.400778
vt 0.562247 0.390580
vt 0.562059 0.392935
vt 0.562574 0.395387
vt 0.563009 0.396607
vt 0.564322 0.399607
vt 0.565657 0.400489
vt 0.567607 0.400527
vt 0.567597 0.400226
vt 0.563959 0.389102
vt 0.562360 0.390875
vt 0.627548 0.797516
vt 0.628933 0.796032
vt 0.627658 0.797965
vt 0.628932 0.795573
vt 0.626356 0.800805
vt 0.626217 0.799765
vt 0.625906 0.801302
vt 0.626338 0.806085
vt 0.625962 0.806042
vt 0.626302 0.807932
vt 0.626648 0.807859
vt 0.565699 0.400176
vt 0.628933 0.807278
vt 0.477246 0.624363
vt 0.477599 0.627402
vt 0.477246 0.629753
vt 0.478694 0.625403
vt 0.534556 0.344159
vt 0.979869 0.209252
vt 0.980523 0.203672
vt 0.980334 0.209243
vt 0.980986 0.203646
vt 0.977681 0.219406
vt 0.978750 0.214652
vt 0.978148 0.219386
vt 0.979216 0.214643
vt 0.976789 0.224495
vt 0.977256 0.224489
vt 0.981685 0.170005
vt 0.982150 0.169980
vt 0.981367 0.165859
vt 0.981831 0.165828
vt 0.980666 0.158755
vt 0.981125 0.158699
vt 0.979449 0.821641
vt 0.980366 0.812575
vt 0.986414 0.820395
vt 0.987910 0.812285
vt 0.984255 0.829494
vt 0.979123 0.828849
vt 0.980132 0.779122
vt 0.985644 0.778625
vt 0.984351 0.773830
vt 0.979123 0.774403
vt 0.995264 0.227975
vt 0.994578 0.224564
vt 0.998040 0.227131
vt 0.748810 0.314657
vt 0.744633 0.316655
vt 0.744012 0.314757
vt 0.956063 0.902523
vt 0.957315 0.892890
vt 0.960705 0.901353
vt 0.960250 0.891987
vt 0.967351 0.910686
vt 0.949101 0.917649
vt 0.953506 0.910456
vt 0.963365 0.906978
vt 0.968968 0.916420
vt 0.948093 0.923443
vt 0.952476 0.860119
vt 0.954533 0.859667
vt 0.953006 0.855700
vt 0.950718 0.856980
vt 0.998370 0.268713
vt 0.994677 0.277779
vt 0.994578 0.267830
vt 0.997668 0.278066
vt 0.444975 0.824283
vt 0.450470 0.821985
vt 0.446923 0.826991
vt 0.454630 0.823624
vt 0.982454 0.833154
vt 0.994860 0.284581
vt 0.455208 0.819123
vt 0.460951 0.817606
vt 0.458119 0.815104
vt 0.459276 0.809255
vt 0.464787 0.816659
vt 0.466074 0.809518
vt 0.998675 0.232660
vt 0.995363 0.232646
vt 0.411793 0.838733
vt 0.412765 0.840410
vt 0.407356 0.841963
vt 0.407218 0.839970
vt 0.951919 0.853051
vt 0.402928 0.840346
vt 0.748857 0.309399
vt 0.744012 0.309254
vt 0.744626 0.308364
vt 0.926814 0.027004
vt 0.927028 0.025206
vt 0.927287 0.026962
vt 0.927500 0.025183
vt 0.971843 0.161974
vt 0.974099 0.159546
vt 0.977336 0.161994
vt 0.524310 0.337478
vt 0.919016 0.023223
vt 0.918963 0.015036
vt 0.918854 0.007339
vt 0.918693 0.000244
vt 0.910965 0.030798
vt 0.908182 0.027740
vt 0.525136 0.337497
vt 0.522759 0.338167
vt 0.526963 0.337924
vt 0.534119 0.344435
vt 0.536905 0.348353
vt 0.552756 0.380701
vt 0.555431 0.386071
vt 0.557106 0.391331
vt 0.556650 0.396126
vt 0.553571 0.401524
vt 0.978327 0.162680
vt 0.979618 0.165977
vt 0.980156 0.170085
vt 0.978178 0.203791
vt 0.976883 0.209311
vt 0.974806 0.214698
vt 0.973050 0.219607
vt 0.971843 0.224564
vt 0.948093 0.855043
vt 0.523508 0.337677
vt 0.359811 0.313054
vt 0.359811 0.317391
vt 0.358133 0.316427
vt 0.445045 0.915501
vt 0.440903 0.916759
vt 0.237244 0.926322
vt 0.235107 0.930078
vt 0.235311 0.926316
vt 0.308027 0.963133
vt 0.312277 0.961217
vt 0.219380 0.358847
vt 0.225752 0.367949
vt 0.218665 0.359503
vt 0.226522 0.367359
vt 0.232842 0.376391
vt 0.232024 0.376913
vt 0.237490 0.386388
vt 0.238351 0.385940
vt 0.385847 0.818836
vt 0.386141 0.809922
vt 0.387510 0.818966
vt 0.387803 0.810077
vt 0.386481 0.801524
vt 0.388142 0.801701
vt 0.388525 0.793830
vt 0.386865 0.793633
vt 0.388947 0.786582
vt 0.387288 0.786364
vt 0.254070 0.445829
vt 0.252485 0.436000
vt 0.253219 0.435651
vt 0.253347 0.445924
vt 0.252495 0.426117
vt 0.253466 0.426160
vt 0.254330 0.416401
vt 0.253367 0.416273
vt 0.153391 0.783843
vt 0.153715 0.775640
vt 0.153766 0.783843
vt 0.153391 0.774832
vt 0.154139 0.766988
vt 0.153861 0.774848
vt 0.153465 0.766994
vt 0.154259 0.759260
vt 0.153585 0.759263
vt 0.154436 0.752139
vt 0.153762 0.752141
vt 0.177741 0.787967
vt 0.175448 0.778134
vt 0.178330 0.778133
vt 0.174858 0.787968
vt 0.176900 0.760150
vt 0.180632 0.752118
vt 0.179783 0.760149
vt 0.177750 0.752120
vt 0.179011 0.768863
vt 0.176129 0.768865
vt 0.218431 0.373565
vt 0.211865 0.365739
vt 0.224241 0.381869
vt 0.229305 0.390648
vt 0.393247 0.819393
vt 0.393537 0.810581
vt 0.393873 0.802278
vt 0.394253 0.794477
vt 0.394671 0.787291
vt 0.394220 0.819470
vt 0.394510 0.810672
vt 0.394845 0.802382
vt 0.395225 0.794593
vt 0.395642 0.787419
vt 0.217315 0.374421
vt 0.210828 0.366690
vt 0.223055 0.382624
vt 0.228058 0.391297
vt 0.166240 0.778533
vt 0.161374 0.779651
vt 0.161750 0.777762
vt 0.165759 0.780251
vt 0.982010 0.224564
vt 0.988764 0.234162
vt 0.984927 0.239134
vt 0.986664 0.224657
vt 0.990028 0.243813
vt 0.166073 0.782250
vt 0.164136 0.781732
vt 0.167492 0.780871
vt 0.167834 0.778861
vt 0.166343 0.766222
vt 0.168074 0.766920
vt 0.478577 0.558939
vt 0.478577 0.573283
vt 0.477246 0.559223
vt 0.252339 0.885656
vt 0.250452 0.895748
vt 0.250452 0.884876
vt 0.161715 0.766924
vt 0.161656 0.775100
vt 0.161834 0.759218
vt 0.162011 0.752118
vt 0.557420 0.412617
vt 0.554831 0.418164
vt 0.554207 0.417938
vt 0.556845 0.412286
vt 0.066708 0.921949
vt 0.066930 0.916673
vt 0.067613 0.921988
vt 0.067835 0.916725
vt 0.068106 0.912117
vt 0.067202 0.912054
vt 0.073284 0.922676
vt 0.079722 0.916319
vt 0.079312 0.924546
vt 0.073755 0.913239
vt 0.412875 0.848767
vt 0.416485 0.853066
vt 0.250290 0.570487
vt 0.252158 0.574642
vt 0.249819 0.577154
vt 0.438199 0.911428
vt 0.441661 0.908829
vt 0.439873 0.913930
vt 0.443757 0.911960
vt 0.889289 0.961432
vt 0.889393 0.958788
vt 0.893566 0.962626
vt 0.705067 0.502830
vt 0.706035 0.503984
vt 0.553649 0.417735
vt 0.552302 0.413926
vt 0.554386 0.415521
vt 0.553763 0.412076
vt 0.549250 0.411100
vt 0.550545 0.411331
vt 0.548680 0.406188
vt 0.546555 0.411016
vt 0.544094 0.411657
vt 0.542577 0.413713
vt 0.544083 0.407334
vt 0.554946 0.413440
vt 0.544296 0.411975
vt 0.542905 0.413832
vt 0.546584 0.411378
vt 0.549092 0.411456
vt 0.550372 0.411668
vt 0.553570 0.412422
vt 0.554676 0.413576
vt 0.554758 0.415527
vt 0.555056 0.415485
vt 0.554005 0.417864
vt 0.543137 0.413917
vt 0.544607 0.412033
vt 0.625907 0.819014
vt 0.627290 0.820960
vt 0.625906 0.819472
vt 0.627181 0.821409
vt 0.628621 0.823208
vt 0.628482 0.824247
vt 0.628932 0.824744
vt 0.628500 0.829521
vt 0.628876 0.829479
vt 0.628538 0.831362
vt 0.628191 0.831288
vt 0.554376 0.413671
vt 0.625906 0.830707
vt 0.478701 0.618982
vt 0.478701 0.624363
vt 0.478347 0.622016
vt 0.477246 0.620021
vt 0.482132 0.397861
vt 0.485297 0.385188
vt 0.486081 0.387013
vt 0.480359 0.398756
vt 0.973643 0.269534
vt 0.973861 0.275107
vt 0.973176 0.269502
vt 0.974329 0.275122
vt 0.975435 0.280537
vt 0.975927 0.285279
vt 0.974967 0.280521
vt 0.976396 0.285306
vt 0.976573 0.290395
vt 0.977041 0.290408
vt 0.972310 0.235857
vt 0.971842 0.235826
vt 0.972567 0.231718
vt 0.972100 0.231680
vt 0.973047 0.224626
vt 0.972584 0.224564
vt 0.982090 0.899699
vt 0.980598 0.891542
vt 0.988152 0.891977
vt 0.989061 0.901080
vt 0.984086 0.908838
vt 0.989259 0.908294
vt 0.982778 0.857838
vt 0.988298 0.858441
vt 0.989259 0.853724
vt 0.984026 0.853051
vt 0.739206 0.314664
vt 0.744013 0.314751
vt 0.743386 0.316657
vt 0.992412 0.343542
vt 0.995887 0.340982
vt 0.995198 0.344393
vt 0.956592 0.822294
vt 0.956995 0.812876
vt 0.959928 0.813831
vt 0.961229 0.823545
vt 0.968234 0.838870
vt 0.949996 0.831578
vt 0.963830 0.831571
vt 0.953975 0.827916
vt 0.968963 0.844624
vt 0.948088 0.837225
vt 0.962582 0.780459
vt 0.964637 0.780946
vt 0.964081 0.776489
vt 0.966372 0.777814
vt 0.992086 0.385138
vt 0.995797 0.394216
vt 0.992795 0.394497
vt 0.995887 0.384261
vt 0.446923 0.791056
vt 0.454630 0.794752
vt 0.450470 0.795945
vt 0.444975 0.793483
vt 0.985916 0.912544
vt 0.995606 0.401017
vt 0.460951 0.801177
vt 0.455208 0.799073
vt 0.458119 0.803298
vt 0.464787 0.802432
vt 0.991772 0.349070
vt 0.995096 0.349064
vt 0.412765 0.777423
vt 0.411793 0.778850
vt 0.407356 0.775968
vt 0.407218 0.777692
vt 0.965116 0.773830
vt 0.744013 0.309250
vt 0.739160 0.309408
vt 0.743396 0.308364
vt 0.402928 0.777490
vt 0.154389 0.777292
vt 0.154138 0.779050
vt 0.153917 0.777270
vt 0.154611 0.779090
vt 0.982010 0.227970
vt 0.976498 0.227911
vt 0.979670 0.225511
vt 0.485387 0.383866
vt 0.482141 0.391722
vt 0.162398 0.775287
vt 0.162456 0.767115
vt 0.162575 0.759435
vt 0.162752 0.752359
vt 0.170496 0.782852
vt 0.173267 0.779784
vt 0.485550 0.384674
vt 0.485797 0.382217
vt 0.486289 0.386399
vt 0.493944 0.392315
vt 0.493748 0.392794
vt 0.498286 0.394379
vt 0.498143 0.394792
vt 0.532697 0.404884
vt 0.532907 0.404357
vt 0.538497 0.406528
vt 0.538664 0.406054
vt 0.544140 0.406784
vt 0.548787 0.405497
vt 0.975524 0.228583
vt 0.974324 0.231860
vt 0.973846 0.235960
vt 0.976001 0.269687
vt 0.977328 0.275223
vt 0.979393 0.280639
vt 0.981039 0.285573
vt 0.982010 0.290547
vt 0.968963 0.775900
vt 0.481860 0.391620
vt 0.485444 0.383041
vt 0.529331 0.414131
vt 0.496372 0.399656
vt 0.550169 0.419787
vt 0.251987 0.577960
vt 0.235107 0.922554
vt 0.893770 0.958529
vt 0.889532 0.956563
vt 0.534832 0.416598
vt 0.210863 0.351711
vt 0.211518 0.350995
vt 0.203066 0.343918
vt 0.202476 0.344688
vt 0.194029 0.337604
vt 0.193509 0.338423
vt 0.184555 0.332143
vt 0.184107 0.333004
vt 0.387268 0.828236
vt 0.385604 0.828131
vt 0.387079 0.837738
vt 0.385415 0.837658
vt 0.386943 0.847471
vt 0.385279 0.847417
vt 0.386862 0.857283
vt 0.385198 0.857254
vt 0.255077 0.455733
vt 0.255875 0.455881
vt 0.257638 0.465278
vt 0.258564 0.464986
vt 0.261021 0.474564
vt 0.261918 0.474192
vt 0.266026 0.483000
vt 0.265164 0.483449
vt 0.153460 0.793265
vt 0.153777 0.792420
vt 0.154271 0.802354
vt 0.153930 0.793244
vt 0.153597 0.802369
vt 0.154455 0.811901
vt 0.153781 0.811919
vt 0.154695 0.821523
vt 0.154021 0.821543
vt 0.174370 0.798218
vt 0.177253 0.798217
vt 0.173554 0.830313
vt 0.173717 0.819476
vt 0.176437 0.830311
vt 0.176600 0.819474
vt 0.176873 0.808720
vt 0.173990 0.808721
vt 0.204636 0.358521
vt 0.196866 0.352014
vt 0.188558 0.346210
vt 0.179848 0.341189
vt 0.393006 0.828582
vt 0.392819 0.838001
vt 0.392685 0.847649
vt 0.392604 0.857374
vt 0.393980 0.828644
vt 0.393793 0.838048
vt 0.393659 0.847681
vt 0.393579 0.857391
vt 0.203687 0.359559
vt 0.196011 0.353131
vt 0.187804 0.347397
vt 0.179199 0.342436
vt 0.980181 0.471521
vt 0.984441 0.471915
vt 0.983714 0.473565
vt 0.934801 0.008242
vt 0.937120 0.003135
vt 0.938253 0.004948
vt 0.977316 0.483411
vt 0.979065 0.473835
vt 0.981336 0.488233
vt 0.976408 0.493102
vt 0.980742 0.502602
vt 0.976345 0.502759
vt 0.936782 0.008770
vt 0.935455 0.010753
vt 0.933623 0.010019
vt 0.119080 0.926254
vt 0.118141 0.912054
vt 0.120825 0.926497
vt 0.119760 0.912487
vt 0.120094 0.940386
vt 0.121965 0.940342
vt 0.161846 0.802186
vt 0.161723 0.792903
vt 0.162030 0.811705
vt 0.162269 0.821299
vt 0.552595 0.423963
vt 0.553249 0.424077
vt 0.552058 0.430127
vt 0.552721 0.430128
vt 0.067450 0.927711
vt 0.066545 0.927685
vt 0.067351 0.933669
vt 0.066445 0.933657
vt 0.079093 0.934280
vt 0.073033 0.933843
vt 0.411242 0.859314
vt 0.406382 0.856504
vt 0.249656 0.585026
vt 0.251861 0.581452
vt 0.436264 0.909122
vt 0.439240 0.905943
vt 0.889203 0.964216
vt 0.703138 0.507435
vt 0.701834 0.506683
vt 0.552791 0.419904
vt 0.467448 0.882359
vt 0.472190 0.875237
vt 0.474496 0.883629
vt 0.475170 0.877581
vt 0.547151 0.420656
vt 0.546061 0.430116
vt 0.545126 0.430116
vt 0.546011 0.420002
vt 0.543621 0.430115
vt 0.542416 0.423400
vt 0.543891 0.418335
vt 0.542417 0.416263
vt 0.539630 0.419569
vt 0.473983 0.875294
vt 0.542776 0.416149
vt 0.544146 0.418076
vt 0.546118 0.419628
vt 0.547235 0.420286
vt 0.468748 0.872766
vt 0.468698 0.873123
vt 0.472251 0.874860
vt 0.473906 0.874997
vt 0.553281 0.420363
vt 0.551882 0.421860
vt 0.551762 0.421582
vt 0.553080 0.420139
vt 0.467025 0.868216
vt 0.466807 0.865708
vt 0.467086 0.865842
vt 0.466690 0.868002
vt 0.467119 0.870102
vt 0.467525 0.870218
vt 0.467839 0.871912
vt 0.468698 0.872260
vt 0.472542 0.874667
vt 0.380245 0.315284
vt 0.380245 0.313054
vt 0.380547 0.313165
vt 0.380482 0.315311
vt 0.551593 0.421316
vt 0.382236 0.315218
vt 0.475224 0.874052
vt 0.475841 0.871774
vt 0.491721 0.398361
vt 0.954678 0.052072
vt 0.954151 0.046721
vt 0.955122 0.051922
vt 0.954589 0.046551
vt 0.242773 0.955035
vt 0.243472 0.950812
vt 0.243239 0.955011
vt 0.243938 0.950802
vt 0.242365 0.961213
vt 0.242831 0.961208
vt 0.954578 0.056712
vt 0.955024 0.056569
vt 0.948332 0.015396
vt 0.948773 0.015233
vt 0.947042 0.011053
vt 0.947480 0.010883
vt 0.944311 0.001896
vt 0.944735 0.001681
vt 0.611648 0.985914
vt 0.613160 0.977485
vt 0.618651 0.984642
vt 0.620672 0.977043
vt 0.721890 0.310103
vt 0.727503 0.315568
vt 0.722282 0.315568
vt 0.728726 0.308364
vt 0.615035 0.944532
vt 0.620544 0.943945
vt 0.619533 0.938734
vt 0.614298 0.939333
vt 0.613260 0.934112
vt 0.611648 0.935871
vt 0.995521 0.412248
vt 0.992738 0.413098
vt 0.992050 0.409687
vt 0.935983 0.060528
vt 0.937888 0.050770
vt 0.940620 0.059332
vt 0.940831 0.049845
vt 0.946434 0.068514
vt 0.928021 0.075541
vt 0.932942 0.068689
vt 0.942858 0.065126
vt 0.922543 0.501860
vt 0.915314 0.521429
vt 0.915992 0.499441
vt 0.922543 0.521290
vt 0.935629 0.018503
vt 0.937678 0.018034
vt 0.936448 0.013971
vt 0.934119 0.015302
vt 0.992142 0.462921
vt 0.995849 0.453844
vt 0.995141 0.463203
vt 0.992050 0.452966
vt 0.195434 0.824071
vt 0.198579 0.818860
vt 0.200767 0.821287
vt 0.191094 0.822958
vt 0.324489 0.313054
vt 0.326801 0.317518
vt 0.322403 0.317518
vt 0.992331 0.469722
vt 0.185177 0.829640
vt 0.190882 0.827413
vt 0.188247 0.831747
vt 0.181375 0.831021
vt 0.187511 0.837731
vt 0.180632 0.838228
vt 0.996160 0.417776
vt 0.992840 0.417769
vt 0.231665 0.802805
vt 0.232798 0.804288
vt 0.237254 0.802750
vt 0.236927 0.800898
vt 0.619765 0.934163
vt 0.621328 0.938304
vt 0.618722 0.933388
vt 0.944286 -0.000000
vt 0.943851 0.000183
vt 0.153969 0.791342
vt 0.154441 0.791318
vt 0.942071 0.007228
vt 0.479578 0.399827
vt 0.162464 0.792997
vt 0.161799 0.790872
vt 0.162588 0.802260
vt 0.162770 0.811748
vt 0.163009 0.821309
vt 0.931624 0.013086
vt 0.394303 0.313054
vt 0.394303 0.315552
vt 0.393317 0.314588
vt 0.985841 0.472296
vt 0.928021 0.011637
vt 0.480223 0.399312
vt 0.478832 0.401353
vt 0.481897 0.398466
vt 0.491564 0.398854
vt 0.496217 0.400064
vt 0.529154 0.414669
vt 0.534655 0.417068
vt 0.539320 0.420027
vt 0.542054 0.423998
vt 0.543165 0.430115
vt 0.943220 0.007837
vt 0.945391 0.011694
vt 0.946883 0.015931
vt 0.951935 0.047567
vt 0.951830 0.053032
vt 0.950797 0.057893
vt 0.238156 0.955267
vt 0.239530 0.950883
vt 0.237419 0.961267
vt 0.478703 0.579154
vt 0.478703 0.585023
vt 0.477246 0.579766
vt 0.479092 0.400496
vt 0.475251 0.873180
vt 0.436200 0.903717
vt 0.433835 0.907344
vt 0.251837 0.585180
vt 0.893457 0.967473
vt 0.889160 0.967192
vt 0.153429 0.321837
vt 0.142697 0.318960
vt 0.153639 0.320889
vt 0.142570 0.319922
vt 0.163994 0.324672
vt 0.164287 0.323747
vt 0.174644 0.327521
vt 0.174272 0.328417
vt 0.386944 0.887065
vt 0.385418 0.896986
vt 0.385280 0.887116
vt 0.387081 0.896908
vt 0.385198 0.877179
vt 0.386862 0.877154
vt 0.385170 0.867173
vt 0.386835 0.867175
vt 0.289596 0.514131
vt 0.282064 0.507620
vt 0.282402 0.506882
vt 0.289103 0.514669
vt 0.275720 0.500043
vt 0.276491 0.499453
vt 0.270880 0.491421
vt 0.270060 0.491942
vt 0.155515 0.860457
vt 0.155045 0.850472
vt 0.155411 0.851349
vt 0.155889 0.860437
vt 0.154669 0.841030
vt 0.155516 0.850467
vt 0.155342 0.841005
vt 0.154317 0.831245
vt 0.154991 0.831222
vt 0.176878 0.874044
vt 0.173719 0.863187
vt 0.176602 0.863186
vt 0.173995 0.874046
vt 0.176382 0.841234
vt 0.173499 0.841236
vt 0.173554 0.852251
vt 0.176437 0.852250
vt 0.151425 0.330843
vt 0.141365 0.329069
vt 0.161214 0.333470
vt 0.170736 0.336940
vt 0.392686 0.886896
vt 0.392822 0.896654
vt 0.392604 0.877072
vt 0.392577 0.867180
vt 0.393660 0.886866
vt 0.393796 0.896609
vt 0.393579 0.877058
vt 0.393552 0.867181
vt 0.151120 0.332216
vt 0.141182 0.330463
vt 0.160790 0.334811
vt 0.170197 0.338239
vt 0.229100 0.873357
vt 0.224870 0.870416
vt 0.225956 0.868683
vt 0.118141 0.972464
vt 0.122717 0.969429
vt 0.122402 0.971151
vt 0.985841 0.531342
vt 0.978735 0.521982
vt 0.982390 0.516888
vt 0.981184 0.531403
vt 0.977117 0.512384
vt 0.229519 0.875623
vt 0.227721 0.876287
vt 0.228330 0.873809
vt 0.226393 0.874220
vt 0.121350 0.954710
vt 0.124261 0.968916
vt 0.123052 0.954423
vt 0.163316 0.850394
vt 0.162915 0.840724
vt 0.162564 0.830970
vt 0.065751 0.945929
vt 0.066412 0.939730
vt 0.066445 0.945767
vt 0.553249 0.436178
vt 0.554207 0.442315
vt 0.552595 0.436291
vt 0.067351 0.945751
vt 0.067317 0.939728
vt 0.079093 0.944349
vt 0.073033 0.945394
vt 0.402928 0.865996
vt 0.408453 0.866978
vt 0.251861 0.588945
vt 0.249819 0.593153
vt 0.429319 0.900782
vt 0.431228 0.905839
vt 0.428337 0.904998
vt 0.432937 0.901833
vt 0.889160 0.973151
vt 0.889137 0.970200
vt 0.893457 0.972487
vt 0.701597 0.511670
vt 0.700114 0.511409
vt 0.628475 0.894365
vt 0.625906 0.891247
vt 0.628410 0.892033
vt 0.473879 0.889786
vt 0.470521 0.891026
vt 0.546011 0.440229
vt 0.547151 0.439578
vt 0.542416 0.436829
vt 0.543891 0.441893
vt 0.542417 0.443963
vt 0.542577 0.446513
vt 0.539630 0.440657
vt 0.472253 0.891658
vt 0.542776 0.444078
vt 0.542905 0.446394
vt 0.544146 0.442152
vt 0.546118 0.440603
vt 0.547235 0.439947
vt 0.470500 0.891421
vt 0.466717 0.891856
vt 0.466690 0.892230
vt 0.472119 0.891911
vt 0.628019 0.890101
vt 0.629028 0.891769
vt 0.628762 0.891911
vt 0.628226 0.889881
vt 0.393317 0.317920
vt 0.393317 0.315552
vt 0.393545 0.317893
vt 0.629068 0.894366
vt 0.876270 0.315837
vt 0.873989 0.315398
vt 0.876247 0.315540
vt 0.873909 0.315028
vt 0.872302 0.314514
vt 0.872329 0.314097
vt 0.235148 0.865768
vt 0.236372 0.867598
vt 0.235107 0.866240
vt 0.236363 0.868656
vt 0.236749 0.869013
vt 0.236728 0.873719
vt 0.237038 0.873591
vt 0.237045 0.875824
vt 0.237310 0.875794
vt 0.628853 0.894366
vt 0.627769 0.890294
vt 0.235107 0.875794
vt 0.473290 0.895908
vt 0.473180 0.893382
vt 0.480359 0.461454
vt 0.486081 0.473197
vt 0.485297 0.475021
vt 0.482132 0.462349
vt 0.208869 0.915053
vt 0.207872 0.920649
vt 0.208427 0.914894
vt 0.208319 0.920788
vt 0.243472 0.970891
vt 0.243239 0.967194
vt 0.243938 0.970891
vt 0.242773 0.967181
vt 0.207916 0.925758
vt 0.208366 0.925891
vt 0.214850 0.881329
vt 0.214406 0.881176
vt 0.216130 0.876775
vt 0.215689 0.876614
vt 0.218754 0.867520
vt 0.218326 0.867316
vt 0.976345 0.452165
vt 0.983868 0.452548
vt 0.978231 0.460337
vt 0.985227 0.461633
vt 0.980941 0.467432
vt 0.985995 0.467274
vt 0.977032 0.416874
vt 0.982544 0.417438
vt 0.983355 0.412014
vt 0.978120 0.411421
vt 0.992680 0.776394
vt 0.996145 0.773830
vt 0.995458 0.777241
vt 0.984411 0.407060
vt 0.985995 0.408938
vt 0.222453 0.927938
vt 0.222250 0.917917
vt 0.225214 0.918771
vt 0.227122 0.929009
vt 0.235107 0.944619
vt 0.216575 0.937947
vt 0.230183 0.937484
vt 0.220199 0.934136
vt 0.909452 0.501282
vt 0.908354 0.520664
vt 0.225506 0.883950
vt 0.227569 0.884359
vt 0.226747 0.879614
vt 0.229092 0.880916
vt 0.996048 0.827055
vt 0.992351 0.817984
vt 0.996145 0.817103
vt 0.993055 0.827340
vt 0.197372 0.850102
vt 0.203059 0.852075
vt 0.201253 0.854782
vt 0.193242 0.851819
vt 0.982892 0.471521
vt 0.995864 0.833857
vt 0.192374 0.847455
vt 0.186399 0.846063
vt 0.189125 0.843548
vt 0.182434 0.845242
vt 0.992044 0.781923
vt 0.995359 0.781913
vt 0.236352 0.865768
vt 0.237254 0.864148
vt 0.478744 0.585023
vt 0.478744 0.590643
vt 0.477246 0.589470
vt 0.250452 0.905566
vt 0.250452 0.899977
vt 0.252291 0.900282
vt 0.978950 0.406337
vt 0.977898 0.407119
vt 0.251003 0.895748
vt 0.219156 0.865938
vt 0.218718 0.865767
vt 0.155668 0.852627
vt 0.156141 0.852627
vt 0.221071 0.872799
vt 0.479578 0.460382
vt 0.482141 0.468487
vt 0.164053 0.850323
vt 0.163513 0.852717
vt 0.163652 0.840670
vt 0.163303 0.830948
vt 0.231593 0.878526
vt 0.124090 0.970708
vt 0.235107 0.877302
vt 0.478832 0.458857
vt 0.480223 0.460898
vt 0.481897 0.461745
vt 0.491564 0.461356
vt 0.491721 0.461849
vt 0.496217 0.460146
vt 0.496372 0.460555
vt 0.529331 0.446088
vt 0.529154 0.445550
vt 0.534832 0.443624
vt 0.534655 0.443153
vt 0.539320 0.440199
vt 0.542054 0.436231
vt 0.219926 0.873439
vt 0.217792 0.877380
vt 0.216308 0.881832
vt 0.211102 0.915846
vt 0.211188 0.921678
vt 0.212170 0.926987
vt 0.239530 0.970898
vt 0.238156 0.967052
vt 0.982467 0.533628
vt 0.129727 0.969016
vt 0.481860 0.468590
vt 0.479092 0.459714
vt 0.532697 0.455335
vt 0.498143 0.465419
vt 0.625906 0.897484
vt 0.872281 0.306021
vt 0.878280 0.312643
vt 0.878280 0.306021
vt 0.879907 0.310019
vt 0.251987 0.592634
vt 0.538497 0.453693
vt 0.131585 0.318968
vt 0.131627 0.317999
vt 0.120646 0.318979
vt 0.120603 0.318010
vt 0.109750 0.319944
vt 0.109623 0.318982
vt 0.385609 0.906633
vt 0.387273 0.906530
vt 0.385852 0.915910
vt 0.387514 0.915782
vt 0.386144 0.924823
vt 0.387806 0.924671
vt 0.296734 0.521072
vt 0.297440 0.520671
vt 0.304831 0.526737
vt 0.305352 0.525918
vt 0.313839 0.530814
vt 0.313391 0.531676
vt 0.156311 0.869308
vt 0.156034 0.870199
vt 0.156567 0.878890
vt 0.156503 0.870156
vt 0.157240 0.878855
vt 0.157142 0.887598
vt 0.157815 0.887561
vt 0.174380 0.884655
vt 0.177263 0.884653
vt 0.175453 0.904648
vt 0.178335 0.904647
vt 0.177749 0.894852
vt 0.174866 0.894853
vt 0.131188 0.328185
vt 0.121053 0.328196
vt 0.110958 0.329089
vt 0.393011 0.906191
vt 0.393251 0.915363
vt 0.393540 0.924174
vt 0.393985 0.906131
vt 0.394224 0.915287
vt 0.394513 0.924085
vt 0.131128 0.329590
vt 0.121116 0.329600
vt 0.111143 0.330483
vt 0.757029 0.502927
vt 0.752444 0.500671
vt 0.756802 0.501084
vt 0.478599 0.608207
vt 0.477246 0.613570
vt 0.477246 0.607735
vt 0.990579 0.158699
vt 0.983832 0.168289
vt 0.985932 0.158784
vt 0.987663 0.173269
vt 0.982568 0.177940
vt 0.380245 0.315525
vt 0.378779 0.316326
vt 0.378779 0.314215
vt 0.380122 0.313054
vt 0.758622 0.503005
vt 0.755205 0.516464
vt 0.756982 0.516214
vt 0.164272 0.869447
vt 0.164807 0.878463
vt 0.165380 0.887143
vt 0.557420 0.447638
vt 0.554831 0.442091
vt 0.556845 0.447967
vt 0.066546 0.951535
vt 0.067451 0.951506
vt 0.250290 0.600554
vt 0.252158 0.596218
vt 0.425373 0.904475
vt 0.425609 0.900127
vt 0.889203 0.976020
vt 0.628410 0.896697
vt 0.958616 0.769205
vt 0.965782 0.760678
vt 0.965798 0.766063
vt 0.962541 0.760486
vt 0.550545 0.448902
vt 0.549250 0.449130
vt 0.548680 0.454040
vt 0.546555 0.449212
vt 0.544094 0.448570
vt 0.544083 0.452892
vt 0.964339 0.759300
vt 0.544296 0.448252
vt 0.546584 0.448850
vt 0.549092 0.448775
vt 0.550372 0.448566
vt 0.962558 0.760123
vt 0.958813 0.760797
vt 0.958823 0.760445
vt 0.626586 0.899322
vt 0.628226 0.898841
vt 0.626650 0.899714
vt 0.628019 0.898621
vt 0.629028 0.896961
vt 0.628762 0.896818
vt 0.878262 0.315887
vt 0.878280 0.315528
vt 0.627515 0.879254
vt 0.628796 0.877364
vt 0.628799 0.877827
vt 0.627619 0.879713
vt 0.626213 0.881524
vt 0.626345 0.882583
vt 0.625906 0.883082
vt 0.626339 0.887920
vt 0.625967 0.887878
vt 0.626209 0.889881
vt 0.626544 0.889812
vt 0.627769 0.898429
vt 0.628799 0.889221
vt 0.965438 0.757311
vt 0.965798 0.754799
vt 0.493748 0.467417
vt 0.976626 0.827722
vt 0.977313 0.821842
vt 0.977094 0.827700
vt 0.977779 0.821802
vt 0.974565 0.837837
vt 0.975520 0.833272
vt 0.975033 0.837807
vt 0.975988 0.833251
vt 0.973933 0.842286
vt 0.974401 0.842267
vt 0.978655 0.786463
vt 0.979122 0.786426
vt 0.978868 0.781935
vt 0.978401 0.781980
vt 0.978396 0.773830
vt 0.977933 0.773906
vt 0.977214 0.655134
vt 0.978126 0.645622
vt 0.984184 0.653724
vt 0.985678 0.645194
vt 0.982126 0.662745
vt 0.976967 0.662267
vt 0.983466 0.609537
vt 0.977946 0.610148
vt 0.976967 0.605030
vt 0.982200 0.604356
vt 0.758811 0.314738
vt 0.763051 0.314730
vt 0.759115 0.316657
vt 0.990929 0.542209
vt 0.994411 0.544769
vt 0.991619 0.545619
vt 0.963963 0.052755
vt 0.966443 0.042724
vt 0.968719 0.052093
vt 0.969471 0.042132
vt 0.974122 0.062728
vt 0.955122 0.067813
vt 0.960402 0.060856
vt 0.970632 0.058395
vt 0.854961 0.903790
vt 0.975159 0.067813
vt 0.965822 0.007681
vt 0.967921 0.007457
vt 0.964482 0.004138
vt 0.966917 0.003061
vt 0.991014 0.595435
vt 0.994735 0.586359
vt 0.994022 0.595716
vt 0.990929 0.585482
vt 0.795675 0.262732
vt 0.803871 0.260288
vt 0.799616 0.264578
vt 0.805430 0.263004
vt 0.980306 0.666717
vt 0.991210 0.602236
vt 0.794443 0.266923
vt 0.788425 0.268082
vt 0.790908 0.270638
vt 0.784432 0.268713
vt 0.995053 0.550297
vt 0.991724 0.550290
vt 0.251440 0.630504
vt 0.249656 0.665972
vt 0.249656 0.630368
vt 0.839729 0.252110
vt 0.906386 0.804147
vt 0.904658 0.798821
vt 0.906386 0.798586
vt 0.250916 0.626072
vt 0.966198 -0.000000
vt 0.763080 0.309478
vt 0.758811 0.309239
vt 0.759288 0.308364
vt 0.905962 0.794318
vt 0.156423 0.867688
vt 0.156549 0.866036
vt 0.156893 0.867638
vt 0.157020 0.865974
vt 0.968963 0.777793
vt 0.971307 0.774983
vt 0.974476 0.777694
vt 0.485387 0.476344
vt 0.165003 0.869277
vt 0.164216 0.866748
vt 0.165538 0.878283
vt 0.166110 0.886934
vt 0.761780 0.499602
vt 0.758567 0.500938
vt 0.757334 0.499485
vt 0.764125 0.502879
vt 0.485550 0.475535
vt 0.485797 0.477992
vt 0.486289 0.473811
vt 0.493944 0.467895
vt 0.498286 0.465831
vt 0.532907 0.455861
vt 0.538664 0.454167
vt 0.544140 0.453442
vt 0.548787 0.454731
vt 0.163743 0.865108
vt 0.975448 0.778450
vt 0.976643 0.782149
vt 0.977119 0.786587
vt 0.974954 0.822034
vt 0.973625 0.827862
vt 0.971561 0.833410
vt 0.969921 0.838134
vt 0.968963 0.842481
vt 0.962135 0.001703
vt 0.168677 0.866437
vt 0.755392 0.499441
vt 0.485444 0.477168
vt 0.878280 0.306708
vt 0.131867 0.922694
vt 0.351622 0.950684
vt 0.362002 0.946188
vt 0.361818 0.950684
vt 0.351806 0.946188
vt 0.318464 0.961217
vt 0.308318 0.961217
vt 0.308027 0.956319
vt 0.318172 0.956319
vt 0.308092 0.950833
vt 0.318238 0.950833
vt 0.308434 0.946188
vt 0.318579 0.946188
vt 0.351460 0.946188
vt 0.341419 0.951208
vt 0.341269 0.946188
vt 0.351610 0.951208
vt 0.351596 0.956719
vt 0.341404 0.956719
vt 0.351386 0.961207
vt 0.341195 0.961207
vt 0.336992 0.946188
vt 0.326958 0.951096
vt 0.326800 0.946188
vt 0.337151 0.951096
vt 0.326921 0.956580
vt 0.337114 0.956580
vt 0.326733 0.961213
vt 0.336925 0.961213
vt 0.361938 0.961210
vt 0.351610 0.956195
vt 0.361806 0.956195
vt 0.351742 0.961210
vt 0.365896 0.951530
vt 0.362420 0.950684
vt 0.362604 0.946188
vt 0.366035 0.948136
vt 0.319063 0.961217
vt 0.322384 0.955829
vt 0.322604 0.959527
vt 0.318771 0.956319
vt 0.318837 0.950833
vt 0.322434 0.951688
vt 0.319178 0.946188
vt 0.322692 0.948181
vt 0.340668 0.946188
vt 0.337320 0.951707
vt 0.337207 0.947917
vt 0.340817 0.951208
vt 0.340803 0.956719
vt 0.337309 0.955867
vt 0.340593 0.961207
vt 0.337151 0.959256
vt 0.326198 0.946188
vt 0.322862 0.951576
vt 0.322742 0.947871
vt 0.326357 0.951096
vt 0.322834 0.955716
vt 0.326319 0.956580
vt 0.326131 0.961213
vt 0.322692 0.959213
vt 0.365887 0.955691
vt 0.362540 0.961210
vt 0.362408 0.956195
vt 0.365987 0.959476
vt 0.883895 0.256899
vt 0.887043 0.255680
vt 0.887162 0.259974
vt 0.890191 0.256767
vt 0.891456 0.259848
vt 0.890419 0.263061
vt 0.887271 0.264279
vt 0.884123 0.263192
vt 0.882858 0.260111
vt 0.884862 0.252347
vt 0.881256 0.254429
vt 0.889018 0.252110
vt 0.892624 0.254192
vt 0.894908 0.257673
vt 0.894908 0.261836
vt 0.893036 0.265555
vt 0.889430 0.267637
vt 0.885273 0.267874
vt 0.881668 0.265792
vt 0.879383 0.262311
vt 0.879383 0.258148
vt 0.628020 0.855422
vt 0.629294 0.865861
vt 0.627671 0.866158
vt 0.629294 0.855189
vt 0.625906 0.865890
vt 0.626635 0.855212
vt 0.627386 0.866158
vt 0.625906 0.877364
vt 0.625906 0.866485
vt 0.627068 0.877107
vt 0.629208 0.866318
vt 0.628498 0.877233
vt 0.627690 0.818787
vt 0.627307 0.807932
vt 0.629279 0.819014
vt 0.628553 0.808110
vt 0.625906 0.818965
vt 0.625906 0.808072
vt 0.627450 0.784387
vt 0.627838 0.795573
vt 0.625906 0.784237
vt 0.626626 0.795455
vt 0.629254 0.784271
vt 0.629254 0.795481
vt 0.370613 0.316147
vt 0.371793 0.314595
vt 0.371632 0.316147
vt 0.369989 0.314595
vt 0.366462 0.314904
vt 0.365949 0.316752
vt 0.364998 0.316751
vt 0.364778 0.314904
vt 0.366165 0.313054
vt 0.365214 0.313054
vt 0.368266 0.314670
vt 0.369898 0.316294
vt 0.368925 0.316294
vt 0.369989 0.314670
vt 0.368281 0.313054
vt 0.369254 0.313054
vt 0.371793 0.314675
vt 0.372778 0.316286
vt 0.371805 0.316286
vt 0.373516 0.314675
vt 0.373428 0.313054
vt 0.372455 0.313054
vt 0.361571 0.314909
vt 0.360166 0.313054
vt 0.361160 0.313054
vt 0.359811 0.314909
vt 0.361282 0.316767
vt 0.360288 0.316767
vt 0.366462 0.314740
vt 0.367042 0.313054
vt 0.368061 0.313054
vt 0.368266 0.314740
vt 0.366736 0.316417
vt 0.367755 0.316417
vt 0.370220 0.313054
vt 0.371239 0.313054
vt 0.393317 0.314410
vt 0.392325 0.315935
vt 0.392750 0.314530
vt 0.398404 0.316273
vt 0.397871 0.314724
vt 0.398322 0.314694
vt 0.398404 0.313054
vt 0.368739 0.317992
vt 0.368739 0.316294
vt 0.369095 0.316763
vt 0.374445 0.317781
vt 0.374445 0.315901
vt 0.374857 0.317409
vt 0.374019 0.317801
vt 0.374019 0.315901
vt 0.374445 0.316203
vt 0.366462 0.317818
vt 0.366938 0.316417
vt 0.366938 0.317885
vt 0.391315 0.313054
vt 0.392325 0.314567
vt 0.391723 0.314505
vt 0.391315 0.316060
vt 0.388279 0.313054
vt 0.389281 0.314672
vt 0.388660 0.314679
vt 0.388279 0.316269
vt 0.392325 0.313054
vt 0.395098 0.316090
vt 0.394303 0.314799
vt 0.394915 0.314705
vt 0.395098 0.313054
vt 0.373516 0.317774
vt 0.373516 0.315901
vt 0.374019 0.316302
vt 0.368266 0.317922
vt 0.368266 0.316294
vt 0.368739 0.317453
vt 0.395834 0.316281
vt 0.395098 0.314666
vt 0.395685 0.314667
vt 0.395834 0.313054
vt 0.390299 0.313054
vt 0.391315 0.314633
vt 0.390721 0.314517
vt 0.390299 0.316051
vt 0.386022 0.313054
vt 0.387060 0.314668
vt 0.386413 0.314666
vt 0.386022 0.316281
vt 0.389281 0.313054
vt 0.390299 0.314482
vt 0.389701 0.314594
vt 0.389281 0.316059
vt 0.752454 0.314635
vt 0.750934 0.314563
vt 0.751694 0.311499
vt 0.749617 0.313671
vt 0.748857 0.312197
vt 0.748857 0.310535
vt 0.749617 0.309132
vt 0.750934 0.308364
vt 0.752454 0.308435
vt 0.753771 0.309328
vt 0.754531 0.310802
vt 0.754531 0.312464
vt 0.753771 0.313866
vt 0.132392 0.912680
vt 0.133426 0.917292
vt 0.132321 0.917569
vt 0.133336 0.912448
vt 0.131235 0.912680
vt 0.130967 0.917573
vt 0.129727 0.917304
vt 0.130176 0.912449
vt 0.928681 0.533123
vt 0.927695 0.538327
vt 0.927695 0.533390
vt 0.928537 0.538098
vt 0.930002 0.533091
vt 0.929666 0.538067
vt 0.931306 0.533302
vt 0.930780 0.538242
vt 0.628514 0.918041
vt 0.628155 0.913205
vt 0.629590 0.918238
vt 0.629073 0.913369
vt 0.627166 0.918041
vt 0.627003 0.913209
vt 0.625927 0.913379
vt 0.777511 0.913030
vt 0.777857 0.918025
vt 0.776476 0.912900
vt 0.776973 0.917912
vt 0.778849 0.913030
vt 0.779001 0.918029
vt 0.780132 0.912900
vt 0.780097 0.917923
vt 0.336180 0.316877
vt 0.335375 0.316412
vt 0.336445 0.314914
vt 0.334910 0.315560
vt 0.334910 0.314549
vt 0.335375 0.313649
vt 0.336181 0.313102
vt 0.337111 0.313054
vt 0.337917 0.313519
vt 0.338382 0.314371
vt 0.338382 0.315383
vt 0.337917 0.316283
vt 0.337111 0.316830
vt 0.132306 0.912257
vt 0.133133 0.912054
vt 0.131294 0.912257
vt 0.130367 0.912054
vt 0.928649 0.538512
vt 0.927913 0.538713
vt 0.929637 0.538485
vt 0.930612 0.538638
vt 0.931313 0.538931
vt 0.931580 0.538577
vt 0.338239 0.313349
vt 0.338771 0.314323
vt 0.338771 0.315479
vt 0.338239 0.316507
vt 0.337318 0.317132
vt 0.336255 0.317186
vt 0.478298 0.656912
vt 0.477246 0.651532
vt 0.478298 0.651536
vt 0.477246 0.656908
vt 0.932697 0.533091
vt 0.927695 0.529510
vt 0.932697 0.521590
vt 0.924188 0.260916
vt 0.929197 0.257411
vt 0.929197 0.268945
vt 0.478298 0.640755
vt 0.477246 0.646140
vt 0.477246 0.640753
vt 0.478298 0.646143
vt 0.330975 0.972602
vt 0.326809 0.969597
vt 0.330975 0.961213
vt 0.758169 0.947651
vt 0.762302 0.944095
vt 0.762302 0.955659
vt 0.477246 0.640753
vt 0.477246 0.635361
vt 0.478298 0.640752
vt 0.478298 0.635360
vt 0.934074 0.257411
vt 0.938931 0.260996
vt 0.934074 0.268970
vt 0.954816 0.150137
vt 0.959686 0.146721
vt 0.959686 0.158236
vt 0.478298 0.651529
vt 0.477246 0.646145
vt 0.478298 0.646143
vt 0.477246 0.651532
vt 0.312510 0.961217
vt 0.317073 0.964530
vt 0.312510 0.972721
vt 0.964535 0.150311
vt 0.969078 0.146721
vt 0.969078 0.158282
vt 0.477246 0.662290
vt 0.477246 0.656916
vt 0.478298 0.662286
vt 0.478298 0.656912
vt 0.321606 0.972779
vt 0.317073 0.969194
vt 0.321606 0.961217
vt 0.475932 0.969176
vt 0.471356 0.972347
vt 0.471356 0.960929
vt 0.478298 0.667655
vt 0.478298 0.673015
vt 0.477246 0.667659
vt 0.477246 0.673019
vt 0.934074 0.268930
vt 0.929197 0.265506
vt 0.964535 0.154591
vt 0.959686 0.158240
vt 0.477246 0.678373
vt 0.478298 0.683723
vt 0.477246 0.683725
vt 0.478298 0.678372
vt 0.326809 0.972777
vt 0.322692 0.969215
vt 0.326809 0.961213
vt 0.762323 0.963953
vt 0.758169 0.967144
vt 0.758169 0.955659
vt 0.477246 0.678370
vt 0.478298 0.673020
vt 0.924188 0.268943
vt 0.919177 0.265438
vt 0.924188 0.257411
vt 0.919177 0.265396
vt 0.914172 0.268962
vt 0.914172 0.257411
vt 0.478298 0.662293
vt 0.478298 0.667655
vt 0.477246 0.662290
vt 0.477246 0.667651
vt 0.728389 0.539858
vt 0.724815 0.536837
vt 0.728389 0.528405
vt 0.237223 0.781369
vt 0.233690 0.784855
vt 0.233690 0.773292
vt 0.626201 0.903435
vt 0.629345 0.906632
vt 0.627973 0.906643
vt 0.629345 0.900413
vt 0.626189 0.899897
vt 0.625978 0.909659
vt 0.629182 0.913132
vt 0.625906 0.913205
vt 0.629182 0.906894
vt 0.627806 0.906692
vt 0.476739 0.892235
vt 0.476113 0.888866
vt 0.478104 0.888570
vt 0.478729 0.891943
vt 0.341390 0.316903
vt 0.339173 0.313076
vt 0.341390 0.313054
vt 0.338964 0.316928
vt 0.476741 0.892613
vt 0.478125 0.895476
vt 0.476128 0.895770
vt 0.478731 0.892322
vt 0.375733 0.315702
vt 0.375743 0.313255
vt 0.377313 0.315702
vt 0.377312 0.313256
vt 0.375423 0.313255
vt 0.375641 0.313055
vt 0.625906 0.899889
vt 0.626071 0.899714
vt 0.626014 0.903676
vt 0.625918 0.903303
vt 0.375629 0.315900
vt 0.375414 0.315702
vt 0.475841 0.888934
vt 0.475976 0.888710
vt 0.476494 0.892423
vt 0.341610 0.316909
vt 0.341610 0.313063
vt 0.627679 0.906692
vt 0.377312 0.313054
vt 0.338982 0.313088
vt 0.338771 0.316939
vt 0.475841 0.895783
vt 0.377312 0.315900
vt 0.341408 0.317113
vt 0.338970 0.317139
vt 0.779612 0.902719
vt 0.776475 0.899623
vt 0.777845 0.899562
vt 0.776475 0.905871
vt 0.779624 0.906272
vt 0.779724 0.909994
vt 0.776541 0.912664
vt 0.776476 0.906465
vt 0.779758 0.906465
vt 0.777922 0.912900
vt 0.887245 0.913441
vt 0.887872 0.916808
vt 0.885883 0.917093
vt 0.885257 0.913722
vt 0.344014 0.317121
vt 0.341794 0.313244
vt 0.344220 0.313244
vt 0.341798 0.317120
vt 0.887243 0.913062
vt 0.885861 0.910176
vt 0.887857 0.909893
vt 0.885255 0.913342
vt 0.373516 0.313250
vt 0.375084 0.315696
vt 0.373516 0.315697
vt 0.375095 0.313249
vt 0.375404 0.315699
vt 0.375187 0.315899
vt 0.779907 0.906283
vt 0.779743 0.906465
vt 0.779799 0.902483
vt 0.779895 0.902854
vt 0.375199 0.313054
vt 0.375414 0.313252
vt 0.888144 0.916739
vt 0.888009 0.916963
vt 0.887490 0.913252
vt 0.341610 0.313258
vt 0.341613 0.317132
vt 0.778138 0.899515
vt 0.373517 0.315901
vt 0.344240 0.317133
vt 0.344448 0.313257
vt 0.888144 0.909880
vt 0.367256 0.317818
vt 0.367491 0.316577
vt 0.367491 0.317893
vt 0.341811 0.313054
vt 0.344249 0.313054
vt 0.645292 0.947297
vt 0.658520 0.944739
vt 0.658364 0.947727
vt 0.645459 0.944095
vt 0.730073 0.517572
vt 0.728638 0.513628
vt 0.740541 0.511528
vt 0.658280 0.951547
vt 0.645202 0.951390
vt 0.732772 0.520788
vt 0.658280 0.955739
vt 0.645202 0.955881
vt 0.736407 0.522886
vt 0.645292 0.960227
vt 0.658364 0.959795
vt 0.740541 0.523615
vt 0.658520 0.963228
vt 0.645459 0.963905
vt 0.744675 0.522886
vt 0.594497 0.963308
vt 0.607740 0.960320
vt 0.607557 0.963990
vt 0.594668 0.959883
vt 0.748310 0.520787
vt 0.594759 0.955830
vt 0.607838 0.955977
vt 0.751009 0.517572
vt 0.594759 0.951637
vt 0.607838 0.951485
vt 0.752444 0.513627
vt 0.607740 0.947386
vt 0.594668 0.947811
vt 0.752444 0.509429
vt 0.607557 0.944174
vt 0.594497 0.944814
vt 0.751009 0.505485
vt 0.294900 0.958415
vt 0.307828 0.962801
vt 0.294762 0.962230
vt 0.307976 0.958714
vt 0.748310 0.502269
vt 0.294948 0.954225
vt 0.308027 0.954224
vt 0.744675 0.500170
vt 0.307976 0.949874
vt 0.294900 0.950165
vt 0.740541 0.499441
vt 0.307828 0.946189
vt 0.294762 0.946725
vt 0.736407 0.500170
vt 0.293850 0.950104
vt 0.281052 0.946188
vt 0.294092 0.946666
vt 0.280792 0.949872
vt 0.732772 0.502269
vt 0.293765 0.954162
vt 0.280702 0.954221
vt 0.730073 0.505485
vt 0.293850 0.958353
vt 0.280792 0.958711
vt 0.728638 0.509430
vt 0.281052 0.962800
vt 0.294092 0.962169
vt 0.658855 0.944755
vt 0.658699 0.947738
vt 0.658616 0.951551
vt 0.658616 0.955735
vt 0.658699 0.959784
vt 0.658855 0.963211
vt 0.594162 0.963290
vt 0.594333 0.959871
vt 0.594424 0.955826
vt 0.594424 0.951641
vt 0.594333 0.947822
vt 0.594162 0.944830
vt 0.294565 0.958407
vt 0.294427 0.962215
vt 0.294612 0.954225
vt 0.294565 0.950172
vt 0.294427 0.946739
vt 0.294185 0.950109
vt 0.294427 0.946678
vt 0.294100 0.954161
vt 0.294185 0.958344
vt 0.294427 0.962153
vt 0.955850 0.185717
vt 0.943111 0.175827
vt 0.955631 0.175827
vt 0.943587 0.185717
vt 0.941576 0.161855
vt 0.955251 0.161855
vt 0.942741 0.168034
vt 0.955172 0.168034
vt 0.935523 0.158699
vt 0.960945 0.158699
vt 0.945557 0.221351
vt 0.954710 0.221351
vt 0.945506 0.225184
vt 0.954627 0.225184
vt 0.252421 0.820169
vt 0.249656 0.831263
vt 0.249656 0.823280
vt 0.252421 0.832346
vt 0.945059 0.228112
vt 0.954741 0.228112
vt 0.053135 0.920127
vt 0.040782 0.929125
vt 0.040647 0.919516
vt 0.053013 0.929723
vt 0.712324 0.542074
vt 0.718587 0.529595
vt 0.718587 0.542020
vt 0.712324 0.528405
vt 0.052915 0.912661
vt 0.040517 0.912054
vt 0.233690 0.747903
vt 0.236696 0.728150
vt 0.236696 0.741806
vt 0.233690 0.722517
vt 0.041346 0.964414
vt 0.050218 0.968730
vt 0.041121 0.968285
vt 0.050474 0.964861
vt 0.252446 0.736188
vt 0.249656 0.748255
vt 0.249656 0.738575
vt 0.252446 0.750953
vt 0.050174 0.971786
vt 0.040517 0.971313
vt 0.800555 0.928334
vt 0.787782 0.919054
vt 0.800319 0.919054
vt 0.788275 0.928334
vt 0.800013 0.906648
vt 0.799876 0.911953
vt 0.787428 0.911953
vt 0.786319 0.906648
vt 0.780267 0.903790
vt 0.805724 0.903790
vt 0.799614 0.966937
vt 0.790483 0.963035
vt 0.799648 0.963035
vt 0.790481 0.966937
vt 0.252398 0.856992
vt 0.252398 0.867471
vt 0.249656 0.857514
vt 0.249656 0.864384
vt 0.799790 0.970092
vt 0.790094 0.970092
vt 0.092185 0.928136
vt 0.079722 0.918999
vt 0.092290 0.918999
vt 0.079875 0.928136
vt 0.724816 0.528405
vt 0.718587 0.542039
vt 0.718587 0.529617
vt 0.724816 0.542070
vt 0.079742 0.912054
vt 0.092219 0.912054
vt 0.252448 0.600554
vt 0.249656 0.620187
vt 0.249656 0.606461
vt 0.252448 0.626072
vt 0.081481 0.962573
vt 0.090651 0.966480
vt 0.081496 0.966480
vt 0.090668 0.962573
vt 0.249656 0.794407
vt 0.252356 0.782016
vt 0.252356 0.791695
vt 0.249656 0.779643
vt 0.081208 0.969675
vt 0.090927 0.969675
vt 0.811227 0.918970
vt 0.823308 0.928221
vt 0.811023 0.928221
vt 0.823770 0.918970
vt 0.811454 0.906635
vt 0.825153 0.906635
vt 0.811635 0.911901
vt 0.824088 0.911901
vt 0.805724 0.903790
vt 0.831192 0.903790
vt 0.811980 0.962869
vt 0.821149 0.966772
vt 0.812011 0.966772
vt 0.821150 0.962869
vt 0.249656 0.856992
vt 0.249656 0.844776
vt 0.252309 0.855988
vt 0.252309 0.847979
vt 0.811825 0.969936
vt 0.821525 0.969936
vt 0.065627 0.954072
vt 0.053262 0.964247
vt 0.053394 0.954678
vt 0.065751 0.963629
vt 0.972000 0.754799
vt 0.965798 0.769066
vt 0.965798 0.757004
vt 0.972000 0.768068
vt 0.053135 0.971663
vt 0.065535 0.971049
vt 0.236676 0.747903
vt 0.233690 0.767195
vt 0.233690 0.753538
vt 0.236676 0.773292
vt 0.062834 0.915125
vt 0.053960 0.919451
vt 0.053736 0.915575
vt 0.063089 0.918998
vt 0.249656 0.765292
vt 0.252456 0.752985
vt 0.252456 0.762386
vt 0.249656 0.750953
vt 0.053135 0.912533
vt 0.062793 0.912054
vt 0.454097 0.942506
vt 0.466355 0.942506
vt 0.453597 0.952365
vt 0.466112 0.952365
vt 0.465674 0.966255
vt 0.452005 0.966255
vt 0.465627 0.960123
vt 0.453201 0.960123
vt 0.471356 0.969395
vt 0.445943 0.969395
vt 0.465260 0.906909
vt 0.456111 0.906909
vt 0.465177 0.903070
vt 0.456059 0.903070
vt 0.236483 0.787903
vt 0.236483 0.796695
vt 0.233690 0.784855
vt 0.233690 0.798266
vt 0.455606 0.900127
vt 0.465284 0.900127
vt 0.952471 0.463642
vt 0.940183 0.453600
vt 0.952483 0.453600
vt 0.939913 0.463642
vt 0.952640 0.478044
vt 0.939783 0.471620
vt 0.952251 0.471620
vt 0.938924 0.478044
vt 0.958455 0.481280
vt 0.932957 0.481280
vt 0.951055 0.417804
vt 0.941855 0.414004
vt 0.951003 0.414004
vt 0.941875 0.417804
vt 0.252439 0.794407
vt 0.249656 0.806244
vt 0.249656 0.797464
vt 0.252439 0.807800
vt 0.951205 0.411155
vt 0.941494 0.411155
vt 0.939063 0.383428
vt 0.951606 0.393481
vt 0.939045 0.393481
vt 0.951366 0.383428
vt 0.951699 0.401472
vt 0.938790 0.407914
vt 0.939228 0.401472
vt 0.952510 0.407914
vt 0.958463 0.411155
vt 0.932957 0.411155
vt 0.940566 0.343826
vt 0.949704 0.347623
vt 0.940522 0.347623
vt 0.949718 0.343826
vt 0.252447 0.765292
vt 0.252447 0.779643
vt 0.249656 0.767328
vt 0.249656 0.776736
vt 0.940349 0.340982
vt 0.950063 0.340982
vt 0.913526 0.785384
vt 0.908924 0.773830
vt 0.921008 0.777255
vt 0.613433 0.930758
vt 0.625167 0.919323
vt 0.625906 0.933388
vt 0.480820 0.789876
vt 0.611648 0.784237
vt 0.610816 0.799421
vt 0.480047 0.803983
vt 0.630773 0.924478
vt 0.761578 0.928957
vt 0.762374 0.944095
vt 0.631513 0.938543
vt 0.906266 0.148597
vt 0.895030 0.126373
vt 0.908182 0.126630
vt 0.893317 0.146017
vt 0.906266 0.104819
vt 0.893317 0.106867
vt 0.967211 0.357992
vt 0.968032 0.340982
vt 0.970489 0.357993
vt 0.971310 0.340983
vt 0.962660 0.519701
vt 0.964300 0.502826
vt 0.965921 0.519700
vt 0.961038 0.502827
vt 0.920236 0.791362
vt 0.912970 0.797548
vt 0.908139 0.784221
vt 0.612974 0.919860
vt 0.919635 0.807307
vt 0.907228 0.810932
vt 0.919228 0.824461
vt 0.610170 0.816583
vt 0.479447 0.819929
vt 0.609732 0.835046
vt 0.479040 0.837083
vt 0.888202 0.165045
vt 0.900546 0.169874
vt 0.891286 0.189657
vt 0.879920 0.182736
vt 0.966574 0.377207
vt 0.969852 0.377208
vt 0.969419 0.397870
vt 0.966141 0.397869
vt 0.907523 0.797717
vt 0.907026 0.824220
vt 0.911993 0.853410
vt 0.906752 0.838132
vt 0.919021 0.842428
vt 0.609509 0.854383
vt 0.478832 0.873432
vt 0.478832 0.855049
vt 0.609509 0.874168
vt 0.863132 0.223045
vt 0.868695 0.198714
vt 0.878733 0.207522
vt 0.854743 0.212595
vt 0.965921 0.441624
vt 0.965921 0.419501
vt 0.969199 0.441625
vt 0.969199 0.419501
vt 0.919021 0.860810
vt 0.912078 0.868175
vt 0.906561 0.852679
vt 0.919231 0.878904
vt 0.907011 0.883164
vt 0.919639 0.896023
vt 0.609735 0.893643
vt 0.479042 0.891526
vt 0.610175 0.912068
vt 0.479451 0.908645
vt 0.838571 0.223820
vt 0.845049 0.235597
vt 0.820822 0.231992
vt 0.825202 0.244734
vt 0.966144 0.463392
vt 0.969422 0.463393
vt 0.966578 0.483979
vt 0.969856 0.483979
vt 0.906655 0.869060
vt 0.907441 0.896418
vt 0.913677 0.920493
vt 0.907790 0.908639
vt 0.920236 0.911797
vt 0.480047 0.924419
vt 0.610816 0.929045
vt 0.611648 0.944175
vt 0.480820 0.938475
vt 0.801910 0.236964
vt 0.782068 0.252110
vt 0.782249 0.238587
vt 0.804054 0.250295
vt 0.971310 0.519825
vt 0.967211 0.502939
vt 0.970489 0.502939
vt 0.968032 0.519824
vt 0.921008 0.925853
vt 0.914363 0.930950
vt 0.908228 0.920536
vt 0.241243 0.717162
vt 0.235048 0.708478
vt 0.247583 0.705321
vt 0.236096 0.692718
vt 0.001462 0.896944
vt 0.129958 0.906310
vt 0.000000 0.912055
vt 0.131316 0.892271
vt 0.002590 0.879982
vt 0.132364 0.876511
vt 0.906381 0.794318
vt 0.886900 0.778967
vt 0.906561 0.780796
vt 0.884395 0.792273
vt 0.863248 0.786490
vt 0.867988 0.773795
vt 0.965119 0.320696
vt 0.964222 0.337538
vt 0.960945 0.337539
vt 0.961842 0.320697
vt 0.962534 0.301771
vt 0.965811 0.301770
vt 0.233690 0.722517
vt 0.248282 0.693111
vt 0.244052 0.664881
vt 0.248951 0.679864
vt 0.236814 0.675608
vt 0.003363 0.861567
vt 0.133451 0.841312
vt 0.133082 0.859401
vt 0.003759 0.842097
vt 0.825317 0.764401
vt 0.850239 0.765436
vt 0.843400 0.777143
vt 0.834067 0.754041
vt 0.963008 0.281208
vt 0.963252 0.259452
vt 0.966285 0.281207
vt 0.966528 0.259451
vt 0.237182 0.657519
vt 0.244201 0.650117
vt 0.249490 0.665765
vt 0.237182 0.639136
vt 0.249406 0.634838
vt 0.236818 0.621166
vt 0.003759 0.822312
vt 0.133451 0.822930
vt 0.003368 0.802970
vt 0.133087 0.804959
vt 0.820115 0.740013
vt 0.809716 0.748715
vt 0.797164 0.730717
vt 0.808890 0.723918
vt 0.966528 0.237328
vt 0.963252 0.237329
vt 0.966288 0.215685
vt 0.963011 0.215687
vt 0.249656 0.649387
vt 0.249011 0.620922
vt 0.242484 0.594234
vt 0.248569 0.607627
vt 0.236103 0.604002
vt 0.132371 0.787795
vt 0.002597 0.784497
vt 0.001462 0.767320
vt 0.131316 0.771836
vt 0.782184 0.689500
vt 0.800608 0.706139
vt 0.787903 0.710836
vt 0.795493 0.687058
vt 0.965119 0.175752
vt 0.962539 0.195002
vt 0.961842 0.175753
vt 0.965815 0.195000
vt 0.235048 0.588043
vt 0.241507 0.582057
vt 0.247966 0.594403
vt 0.233690 0.573919
vt 0.245590 0.570487
vt 0.774832 0.930806
vt 0.762374 0.933428
vt 0.763050 0.919399
vt 0.000000 0.752118
vt 0.129958 0.757712
vt 0.253213 0.931089
vt 0.383419 0.940590
vt 0.252485 0.946188
vt 0.384096 0.926561
vt 0.793780 0.667395
vt 0.780268 0.667513
vt 0.795493 0.647908
vt 0.782184 0.645721
vt 0.964222 0.158699
vt 0.960945 0.158700
vt 0.396565 0.948230
vt 0.398919 0.965083
vt 0.395642 0.965083
vt 0.399841 0.948230
vt 0.246882 0.580893
vt 0.775243 0.919935
vt 0.770820 0.893389
vt 0.775764 0.907679
vt 0.763577 0.903566
vt 0.253781 0.914048
vt 0.384986 0.893428
vt 0.384623 0.910729
vt 0.254172 0.895427
vt 0.800555 0.629028
vt 0.797164 0.604662
vt 0.808890 0.611189
vt 0.787843 0.624610
vt 0.401056 0.908394
vt 0.400560 0.929199
vt 0.397780 0.908393
vt 0.397284 0.929199
vt 0.763941 0.886266
vt 0.771042 0.879052
vt 0.776230 0.894396
vt 0.764125 0.868147
vt 0.776441 0.863951
vt 0.764125 0.849910
vt 0.254370 0.875926
vt 0.385170 0.875309
vt 0.254370 0.856298
vt 0.385170 0.857072
vt 0.820216 0.595092
vt 0.809829 0.586662
vt 0.825317 0.571274
vt 0.834067 0.581330
vt 0.398031 0.886595
vt 0.401307 0.886595
vt 0.398031 0.864646
vt 0.401307 0.864647
vt 0.776476 0.878490
vt 0.776328 0.849828
vt 0.770752 0.821502
vt 0.776300 0.835929
vt 0.763943 0.831965
vt 0.253784 0.818421
vt 0.384626 0.821880
vt 0.384988 0.839127
vt 0.254174 0.836983
vt 0.863248 0.549584
vt 0.850103 0.570183
vt 0.843248 0.558809
vt 0.867988 0.561933
vt 0.400565 0.822267
vt 0.401059 0.843040
vt 0.397289 0.822266
vt 0.397783 0.843040
vt 0.763581 0.814718
vt 0.770391 0.808096
vt 0.776191 0.821867
vt 0.763050 0.798845
vt 0.775198 0.795041
vt 0.762374 0.784934
vt 0.253213 0.801337
vt 0.384096 0.806007
vt 0.252485 0.786364
vt 0.383419 0.792097
vt 0.887055 0.556934
vt 0.884568 0.543994
vt 0.906381 0.542209
vt 0.906561 0.555338
vt 0.399841 0.803139
vt 0.396565 0.803138
vt 0.395642 0.786365
vt 0.398919 0.786365
vt 0.775790 0.806993
vt 0.774561 0.784274
vt 0.617797 0.808006
vt 0.613034 0.794976
vt 0.625167 0.798772
vt 0.625906 0.784897
vt 0.630194 0.819771
vt 0.761578 0.799207
vt 0.760954 0.816261
vt 0.630773 0.803927
vt 0.631513 0.790052
vt 0.762374 0.784274
vt 0.825202 0.007829
vt 0.801756 0.014931
vt 0.803881 0.002014
vt 0.820822 0.020130
vt 0.782068 -0.000000
vt 0.782249 0.013129
vt 0.959767 0.376848
vt 0.961038 0.357736
vt 0.963028 0.376847
vt 0.964300 0.357735
vt 0.965921 0.340982
vt 0.962660 0.340984
vt 0.624587 0.814616
vt 0.617402 0.821393
vt 0.612397 0.806903
vt 0.613719 0.784237
vt 0.624192 0.831843
vt 0.611830 0.835805
vt 0.623993 0.849779
vt 0.629798 0.836998
vt 0.760528 0.834802
vt 0.629599 0.854934
vt 0.760314 0.854106
vt 0.838708 0.028568
vt 0.845201 0.017264
vt 0.854743 0.039884
vt 0.863132 0.029917
vt 0.958899 0.397610
vt 0.962160 0.397609
vt 0.961724 0.419210
vt 0.958462 0.419211
vt 0.611960 0.821755
vt 0.611789 0.849696
vt 0.617086 0.878926
vt 0.611676 0.863819
vt 0.623993 0.868015
vt 0.629800 0.891298
vt 0.760314 0.873733
vt 0.760531 0.893245
vt 0.629599 0.873170
vt 0.868594 0.053791
vt 0.891286 0.063602
vt 0.879920 0.070007
vt 0.878620 0.045469
vt 0.958904 0.462963
vt 0.958463 0.441159
vt 0.962166 0.462962
vt 0.961724 0.441158
vt 0.624194 0.886143
vt 0.617328 0.893275
vt 0.611648 0.878362
vt 0.624591 0.903463
vt 0.612415 0.907582
vt 0.760958 0.911886
vt 0.630198 0.908618
vt 0.888256 0.087934
vt 0.900606 0.083647
vt 0.959776 0.483780
vt 0.963037 0.483779
vt 0.611917 0.894281
vt 0.246726 0.717205
vt 0.701545 0.278878
vt 0.692846 0.302766
vt 0.664364 0.278688
vt 0.670820 0.315387
vt 0.645773 0.310837
vt 0.629425 0.291244
vt 0.629425 0.265776
vt 0.645773 0.246350
vt 0.670820 0.242055
vt 0.692846 0.254901
vt 0.826717 0.540498
vt 0.809798 0.521768
vt 0.826717 0.521590
vt 0.809798 0.540676
vt 0.545700 0.961174
vt 0.545700 0.944174
vt 0.562234 0.961762
vt 0.562234 0.944763
vt 0.700114 0.418581
vt 0.700114 0.399615
vt 0.790050 0.408720
vt 0.745633 0.541731
vt 0.728638 0.542068
vt 0.745633 0.523615
vt 0.728638 0.523952
vt 0.704044 0.381047
vt 0.809798 0.540491
vt 0.792799 0.540593
vt 0.809798 0.521590
vt 0.792799 0.521692
vt 0.711734 0.363689
vt 0.843716 0.540575
vt 0.826717 0.521590
vt 0.843716 0.521713
vt 0.826717 0.540452
vt 0.722846 0.348298
vt 0.908182 0.239049
vt 0.925177 0.257411
vt 0.908182 0.257052
vt 0.925177 0.239408
vt 0.736896 0.335548
vt 0.578583 0.944175
vt 0.562234 0.961782
vt 0.562234 0.944783
vt 0.578583 0.961174
vt 0.753268 0.325997
vt 0.280702 0.946189
vt 0.266716 0.963997
vt 0.266716 0.946998
vt 0.280702 0.963188
vt 0.771248 0.320060
vt 0.578583 0.961171
vt 0.594162 0.944884
vt 0.594162 0.961881
vt 0.790050 0.317999
vt 0.925177 0.239517
vt 0.942167 0.256550
vt 0.925177 0.257018
vt 0.942167 0.239049
vt 0.808852 0.319902
vt 0.860257 0.499441
vt 0.843262 0.518302
vt 0.843262 0.499655
vt 0.860257 0.518089
vt 0.826832 0.325687
vt 0.809347 0.499441
vt 0.826344 0.518445
vt 0.809347 0.518423
vt 0.826344 0.499464
vt 0.843204 0.335101
vt 0.860257 0.499441
vt 0.877252 0.518191
vt 0.860257 0.517932
vt 0.877252 0.499701
vt 0.857254 0.347733
vt 0.478832 0.944175
vt 0.495821 0.961891
vt 0.478832 0.961369
vt 0.495821 0.944696
vt 0.868366 0.363030
vt 0.658855 0.961841
vt 0.673989 0.944094
vt 0.673989 0.961091
vt 0.658855 0.944844
vt 0.876055 0.380324
vt 0.697581 0.961015
vt 0.711859 0.945533
vt 0.711859 0.962453
vt 0.697581 0.944095
vt 0.879986 0.398859
vt 0.512819 0.961095
vt 0.529387 0.945240
vt 0.529387 0.962160
vt 0.512819 0.944175
vt 0.879986 0.417825
vt 0.894161 0.517587
vt 0.877252 0.500044
vt 0.894161 0.499441
vt 0.877252 0.518189
vt 0.876055 0.436393
vt 0.868366 0.453751
vt 0.843262 0.518527
vt 0.826344 0.499441
vt 0.843262 0.499672
vt 0.826344 0.518296
vt 0.857254 0.469142
vt 0.877722 0.539580
vt 0.894630 0.522251
vt 0.894630 0.540240
vt 0.877722 0.521590
vt 0.843204 0.481892
vt 0.529388 0.945291
vt 0.545701 0.961095
vt 0.529388 0.962211
vt 0.545701 0.944175
vt 0.826832 0.491443
vt 0.738847 0.945576
vt 0.752784 0.961015
vt 0.738847 0.962497
vt 0.752784 0.944095
vt 0.808852 0.497380
vt 0.645202 0.961724
vt 0.629599 0.944095
vt 0.645202 0.944719
vt 0.629599 0.961099
vt 0.790050 0.499441
vt 0.207872 0.962546
vt 0.224872 0.944619
vt 0.224872 0.962135
vt 0.207872 0.945030
vt 0.771248 0.497538
vt 0.843716 0.540431
vt 0.860719 0.521590
vt 0.860719 0.540245
vt 0.843716 0.521776
vt 0.753268 0.491753
vt 0.775794 0.540571
vt 0.792799 0.521612
vt 0.792799 0.540593
vt 0.775794 0.521590
vt 0.736896 0.482339
vt 0.877722 0.521822
vt 0.860719 0.540071
vt 0.877722 0.540302
vt 0.722846 0.469707
vt 0.495821 0.944174
vt 0.512819 0.944638
vt 0.495821 0.961350
vt 0.512819 0.961813
vt 0.711734 0.454410
vt 0.673989 0.961763
vt 0.673989 0.944758
vt 0.689098 0.961099
vt 0.689098 0.944095
vt 0.704044 0.437116
vt 0.252485 0.963188
vt 0.252485 0.946188
vt 0.266716 0.963980
vt 0.266716 0.946981
vt 0.168963 0.615895
vt 0.145903 0.643241
vt 0.140933 0.632078
vt 0.176685 0.633240
vt 0.180632 0.651810
vt 0.148444 0.655193
vt 0.133751 0.622193
vt 0.157804 0.600535
vt 0.180632 0.670796
vt 0.148444 0.667412
vt 0.124671 0.614016
vt 0.143695 0.587831
vt 0.145903 0.679365
vt 0.176685 0.689367
vt 0.127254 0.578338
vt 0.114089 0.607907
vt 0.140933 0.690527
vt 0.168963 0.706711
vt 0.102468 0.604131
vt 0.109197 0.572471
vt 0.157804 0.722071
vt 0.133751 0.700413
vt 0.090316 0.602853
vt 0.090316 0.570487
vt 0.124671 0.708589
vt 0.143695 0.734774
vt 0.071435 0.572471
vt 0.078164 0.604130
vt 0.114089 0.714698
vt 0.127253 0.744267
vt 0.066543 0.607906
vt 0.053379 0.578338
vt 0.109197 0.750134
vt 0.102468 0.718474
vt 0.036937 0.587830
vt 0.055962 0.614016
vt 0.090316 0.752118
vt 0.090316 0.719751
vt 0.046881 0.622192
vt 0.022829 0.600534
vt 0.078164 0.718474
vt 0.071435 0.750133
vt 0.039699 0.632077
vt 0.011669 0.615894
vt 0.053379 0.744266
vt 0.066543 0.714698
vt 0.003947 0.633238
vt 0.034729 0.643240
vt 0.055961 0.708588
vt 0.036937 0.734773
vt -0.000000 0.651809
vt 0.032189 0.655192
vt 0.022828 0.722069
vt 0.046881 0.700412
vt 0.032189 0.667411
vt -0.000000 0.670794
vt 0.011669 0.706709
vt 0.039699 0.690526
vt 0.034729 0.679363
vt 0.003947 0.689365
vt 0.741412 0.307639
vt 0.734519 0.275209
vt 0.748004 0.305497
vt 0.734519 0.308364
vt 0.754007 0.302032
vt 0.727625 0.307639
vt 0.759158 0.297394
vt 0.721033 0.305498
vt 0.763232 0.291787
vt 0.715030 0.302032
vt 0.766051 0.285455
vt 0.709879 0.297394
vt 0.767492 0.278675
vt 0.705805 0.291787
vt 0.767492 0.271744
vt 0.702986 0.285455
vt 0.766051 0.264964
vt 0.701545 0.278675
vt 0.763232 0.258632
vt 0.701545 0.271744
vt 0.759158 0.253025
vt 0.702986 0.264964
vt 0.754007 0.248387
vt 0.705805 0.258632
vt 0.748004 0.244921
vt 0.709879 0.253025
vt 0.741412 0.242779
vt 0.715030 0.248387
vt 0.734519 0.242055
vt 0.721033 0.244921
vt 0.727625 0.242779
vt 0.879320 0.288526
vt 0.864354 0.285995
vt 0.879383 0.278981
vt 0.864400 0.279095
vt 0.879133 0.297672
vt 0.864219 0.292607
vt 0.878831 0.306021
vt 0.864000 0.298643
vt 0.724652 0.953582
vt 0.712862 0.963165
vt 0.711859 0.953630
vt 0.725376 0.960475
vt 0.725376 0.946688
vt 0.712862 0.944095
vt 0.963092 0.956449
vt 0.963255 0.962717
vt 0.948433 0.969294
vt 0.948208 0.960623
vt 0.948093 0.951291
vt 0.963009 0.949702
vt 0.963009 0.942773
vt 0.948093 0.941706
vt 0.948208 0.932286
vt 0.963092 0.935963
vt 0.948433 0.923443
vt 0.963255 0.929570
vt 0.180632 0.955719
vt 0.193300 0.955628
vt 0.181635 0.965254
vt 0.194024 0.962521
vt 0.181635 0.946184
vt 0.194024 0.948735
vt 0.933413 0.526950
vt 0.948863 0.521650
vt 0.933964 0.535189
vt 0.949262 0.527606
vt 0.933072 0.517872
vt 0.948617 0.515087
vt 0.932957 0.508351
vt 0.948534 0.508204
vt 0.933072 0.498803
vt 0.948617 0.501302
vt 0.933413 0.489646
vt 0.948863 0.494682
vt 0.933964 0.481280
vt 0.949262 0.488634
vt 0.207370 0.955719
vt 0.194749 0.955670
vt 0.206367 0.946184
vt 0.194024 0.948777
vt 0.206367 0.965254
vt 0.194024 0.962564
vt 0.118010 0.920734
vt 0.102855 0.918607
vt 0.117755 0.912054
vt 0.103040 0.924881
vt 0.103134 0.931631
vt 0.118141 0.930071
vt 0.103134 0.938561
vt 0.118141 0.939657
vt 0.118010 0.949073
vt 0.103040 0.945368
vt 0.117755 0.957907
vt 0.102855 0.951755
vt 0.738847 0.953630
vt 0.726101 0.953539
vt 0.737844 0.944095
vt 0.725376 0.946646
vt 0.737844 0.963165
vt 0.725376 0.960433
vt 0.879133 0.260366
vt 0.864219 0.265638
vt 0.878831 0.252110
vt 0.864000 0.259668
vt 0.879320 0.269456
vt 0.864354 0.272209
vt 0.991698 0.046410
vt 0.987496 0.034280
vt 0.991779 0.034246
vt 0.987421 0.045671
vt 0.991460 0.058067
vt 0.987198 0.056587
vt 0.991698 0.022107
vt 0.987421 0.022912
vt 0.991075 0.068708
vt 0.986837 0.066552
vt 0.987198 0.012063
vt 0.991460 0.010523
vt 0.957229 0.263353
vt 0.955952 0.251201
vt 0.959690 0.251187
vt 0.960886 0.262567
vt 0.991075 0.000000
vt 0.986837 0.002209
vt 0.957229 0.239049
vt 0.960886 0.239807
vt 0.107776 0.970059
vt 0.102855 0.981413
vt 0.104051 0.970034
vt 0.106498 0.982211
vt 0.990243 0.969607
vt 0.990512 0.979956
vt 0.986277 0.981878
vt 0.985990 0.970827
vt 0.106499 0.957907
vt 0.102855 0.958654
vt 0.990106 0.958470
vt 0.985843 0.958934
vt 0.986484 0.588305
vt 0.990438 0.600646
vt 0.986180 0.598849
vt 0.990763 0.589387
vt 0.990106 0.947030
vt 0.985843 0.946718
vt 0.986640 0.577067
vt 0.990929 0.577387
vt 0.985990 0.934713
vt 0.990243 0.935787
vt 0.990929 0.565170
vt 0.986640 0.565626
vt 0.986277 0.923443
vt 0.990512 0.925233
vt 0.990763 0.553271
vt 0.986484 0.554483
vt 0.109053 0.982211
vt 0.111478 0.970033
vt 0.112674 0.981413
vt 0.107776 0.970059
vt 0.986180 0.544124
vt 0.990438 0.542209
vt 0.112674 0.958653
vt 0.109053 0.957907
vt 0.117559 0.970060
vt 0.112674 0.981426
vt 0.113870 0.970046
vt 0.116281 0.982212
vt 0.987397 0.409687
vt 0.991114 0.397638
vt 0.991772 0.407471
vt 0.986695 0.399187
vt 0.116281 0.957907
vt 0.112674 0.958665
vt 0.986260 0.387617
vt 0.990708 0.386803
vt 0.991114 0.353116
vt 0.987397 0.340982
vt 0.991772 0.343131
vt 0.986695 0.351645
vt 0.986114 0.375483
vt 0.990570 0.375440
vt 0.990708 0.364045
vt 0.986260 0.363315
vt 0.882104 0.821687
vt 0.886758 0.832140
vt 0.878319 0.834882
vt 0.874419 0.826124
vt 0.889137 0.843333
vt 0.880312 0.844261
vt 0.868784 0.818367
vt 0.875378 0.812429
vt 0.889137 0.854776
vt 0.880312 0.853848
vt 0.861659 0.811951
vt 0.866874 0.804772
vt 0.886758 0.865969
vt 0.878319 0.863227
vt 0.856965 0.799051
vt 0.853356 0.807157
vt 0.882104 0.876423
vt 0.874419 0.871985
vt 0.846082 0.795515
vt 0.844237 0.804195
vt 0.868784 0.879742
vt 0.875378 0.885680
vt 0.834702 0.803192
vt 0.834702 0.794318
vt 0.866874 0.893337
vt 0.861659 0.886158
vt 0.825167 0.804194
vt 0.823322 0.795514
vt 0.853356 0.890951
vt 0.856965 0.899058
vt 0.816049 0.807157
vt 0.812440 0.799050
vt 0.844237 0.893914
vt 0.846082 0.902594
vt 0.802530 0.804772
vt 0.807746 0.811951
vt 0.834702 0.903790
vt 0.834702 0.894916
vt 0.800621 0.818366
vt 0.794026 0.812428
vt 0.823322 0.902594
vt 0.825167 0.893914
vt 0.794985 0.826123
vt 0.787301 0.821686
vt 0.812440 0.899058
vt 0.816049 0.890951
vt 0.782647 0.832139
vt 0.791086 0.834882
vt 0.802530 0.893336
vt 0.807746 0.886157
vt 0.780267 0.843332
vt 0.789093 0.844260
vt 0.794026 0.885679
vt 0.800621 0.879741
vt 0.789093 0.853848
vt 0.780267 0.854775
vt 0.787301 0.876422
vt 0.794985 0.871985
vt 0.791086 0.863226
vt 0.782647 0.865968
s 1
g off
g LLANTA_Buines
usemtl Buines
f 1/1/1 2/2/2 3/3/3
f 2/2/2 1/1/1 4/4/4
s 2
f 5/5/5 6/6/6 7/7/7
f 5/5/5 7/7/7 8/8/8
s 1
f 9/9/9 10/10/10 11/11/11
f 11/11/11 10/10/10 12/12/12
f 3/3/3 13/13/13 14/14/14
f 13/13/13 3/3/3 2/2/2
s 2
f 15/15/15 16/16/16 17/17/17
f 15/15/15 17/17/17 18/18/18
s 1
f 19/19/19 20/20/20 21/21/21
f 21/21/21 20/20/20 22/22/22
f 4/4/4 23/23/23 24/24/24
f 23/23/23 4/4/4 1/1/1
s 2
f 25/25/25 26/26/26 27/27/27
f 25/25/25 27/27/27 28/28/28
s 1
f 29/29/29 30/30/30 31/31/31
f 30/30/30 29/29/29 32/32/32
f 33/33/33 14/14/14 13/13/13
f 33/33/33 13/13/13 34/34/34
s 2
f 35/35/35 36/36/36 37/37/37
f 35/35/35 37/37/37 38/38/38
s 1
f 39/39/39 40/40/40 41/41/41
f 40/40/40 39/39/39 42/42/42
f 23/23/23 43/43/43 24/24/24
f 43/43/43 23/23/23 44/44/44
s 2
f 45/45/45 46/46/46 47/47/47
f 46/46/46 45/45/45 48/48/48
s 1
f 49/49/49 50/50/50 51/51/51
f 50/50/50 49/49/49 52/52/52
f 33/33/33 53/53/53 54/54/54
f 53/53/53 33/33/33 34/34/34
s 2
f 55/55/55 56/56/56 57/57/57
f 56/56/56 55/55/55 58/58/58
s 1
f 59/59/59 60/60/60 61/61/61
f 60/60/60 59/59/59 62/62/62
f 44/44/44 63/63/63 43/43/43
f 63/63/63 44/44/44 64/64/64
s 2
f 65/65/65 66/66/66 67/67/67
f 66/66/66 65/65/65 68/68/68
s 1
f 69/69/69 70/70/70 71/71/71
f 70/70/70 69/69/69 72/72/72
f 54/54/54 73/73/73 74/74/74
f 73/73/73 54/54/54 53/53/53
s 2
f 75/75/75 76/76/76 77/77/77
f 76/76/76 75/75/75 78/78/78
s 1
f 79/79/79 80/80/80 81/81/81
f 80/80/80 79/79/79 82/82/82
f 63/63/63 83/83/83 84/84/84
f 83/83/83 63/63/63 64/64/64
s 2
f 85/85/85 86/86/86 87/87/87
f 86/86/86 85/85/85 88/88/88
s 1
f 89/89/89 90/90/90 91/91/91
f 90/90/90 89/89/89 92/92/92
f 74/74/74 93/93/93 94/94/94
f 93/93/93 74/74/74 73/73/73
s 2
f 95/95/95 96/96/96 97/97/97
f 95/95/95 97/97/97 98/98/98
s 1
f 99/99/99 100/100/100 101/101/101
f 100/100/100 99/99/99 102/102/102
f 84/84/84 103/103/103 104/104/104
f 103/103/103 84/84/84 83/83/83
s 3
f 105/105/105 106/106/106 107/107/107
f 105/105/105 107/107/107 108/108/108
s 1
f 109/109/109 110/110/110 111/111/111
f 110/110/110 109/109/109 112/112/112
f 113/113/113 94/94/94 93/93/93
f 94/94/94 113/113/113 114/114/114
s 3
f 115/115/115 116/116/116 117/117/117
f 115/115/115 117/117/117 118/118/118
s 1
f 119/119/119 120/120/120 121/121/121
f 120/120/120 119/119/119 122/122/122
f 104/104/104 123/123/123 124/124/124
f 123/123/123 104/104/104 103/103/103
s 3
f 125/125/125 126/126/126 127/127/127
f 125/125/125 127/127/127 128/128/128
s 1
f 129/129/129 130/130/130 131/131/131
f 130/130/130 129/129/129 132/132/132
f 113/113/113 133/133/133 134/134/134
f 113/113/113 134/134/134 114/114/114
s 3
f 135/135/135 136/136/136 137/137/137
f 135/135/135 137/137/137 138/138/138
s 1
f 139/139/139 140/140/140 141/141/141
f 140/140/140 139/139/139 142/142/142
f 124/124/124 143/143/143 144/144/144
f 143/143/143 124/124/124 123/123/123
s 3
f 145/145/145 146/146/146 147/147/147
f 146/146/146 145/145/145 148/148/148
s 1
f 149/149/149 150/150/150 151/151/151
f 150/150/150 149/149/149 152/152/152
f 133/133/133 153/153/153 154/154/154
f 133/133/133 154/154/154 134/134/134
s 3
f 155/155/155 156/156/156 157/157/157
f 156/156/156 155/155/155 158/158/158
s 1
f 159/159/159 160/160/160 161/161/161
f 160/160/160 159/159/159 162/162/162
f 163/163/163 164/164/164 143/143/143
f 164/164/164 144/144/144 143/143/143
s 3
f 165/165/165 166/166/166 167/167/167
f 166/166/166 165/165/165 168/168/168
s 1
f 169/169/169 170/170/170 171/171/171
f 170/170/170 169/169/169 172/172/172
f 173/173/173 153/153/153 174/174/174
f 153/153/153 173/173/173 154/154/154
s 3
f 175/175/175 176/176/176 177/177/177
f 176/176/176 175/175/175 178/178/178
s 1
f 179/179/179 180/180/180 181/181/181
f 180/180/180 179/179/179 182/182/182
f 163/163/163 183/183/183 184/184/184
f 184/184/184 164/164/164 163/163/163
s 3
f 185/185/185 186/186/186 187/187/187
f 186/186/186 185/185/185 188/188/188
s 1
f 189/189/189 190/190/190 191/191/191
f 190/190/190 189/189/189 192/192/192
f 193/193/193 173/173/173 174/174/174
f 173/173/173 193/193/193 194/194/194
s 3
f 195/195/195 196/196/196 197/197/197
f 195/195/195 197/197/197 198/198/198
s 1
f 199/199/199 200/200/200 201/201/201
f 200/200/200 199/199/199 202/202/202
f 203/203/203 184/184/184 183/183/183
f 184/184/184 203/203/203 204/204/204
s 4
f 205/205/205 206/206/206 207/207/207
f 205/205/205 207/207/207 208/208/208
s 1
f 209/209/209 210/210/210 211/211/211
f 210/210/210 209/209/209 212/212/212
f 213/213/213 194/194/194 193/193/193
f 194/194/194 213/213/213 214/214/214
s 4
f 215/215/215 216/216/216 217/217/217
f 215/215/215 217/217/217 218/218/218
s 1
f 219/219/219 220/220/220 221/221/221
f 221/221/221 220/220/220 222/222/222
f 203/203/203 223/223/223 224/224/224
f 203/203/203 224/224/224 204/204/204
s 4
f 225/225/225 226/226/226 227/227/227
f 225/225/225 227/227/227 228/228/228
s 1
f 229/229/229 230/230/230 231/231/231
f 232/232/232 231/231/231 230/230/230
f 233/233/233 214/214/214 213/213/213
f 214/214/214 233/233/233 234/234/234
s 4
f 235/235/235 236/236/236 237/237/237
f 235/235/235 237/237/237 238/238/238
s 1
f 239/239/239 240/240/240 241/241/241
f 242/242/242 241/241/241 240/240/240
f 223/223/223 243/243/243 244/244/244
f 223/223/223 244/244/244 224/224/224
s 4
f 245/245/245 246/246/246 247/247/247
f 246/246/246 245/245/245 248/248/248
s 1
f 249/249/249 250/250/250 251/251/251
f 252/252/252 251/251/251 250/250/250
f 234/234/234 253/253/253 254/254/254
f 253/253/253 234/234/234 233/233/233
s 4
f 255/255/255 256/256/256 257/257/257
f 256/256/256 255/255/255 258/258/258
s 1
f 259/259/259 260/260/260 261/261/261
f 262/262/262 261/261/261 260/260/260
f 263/263/263 243/243/243 264/264/264
f 243/243/243 263/263/263 244/244/244
s 4
f 265/265/265 266/266/266 267/267/267
f 266/266/266 265/265/265 268/268/268
s 1
f 269/269/269 270/270/270 271/271/271
f 270/270/270 269/269/269 272/272/272
f 254/254/254 273/273/273 274/274/274
f 273/273/273 254/254/254 253/253/253
s 4
f 275/275/275 276/276/276 277/277/277
f 276/276/276 275/275/275 278/278/278
s 1
f 279/279/279 280/280/280 281/281/281
f 280/280/280 279/279/279 282/282/282
f 283/283/283 263/263/263 264/264/264
f 263/263/263 283/283/283 284/284/284
s 4
f 285/285/285 286/286/286 287/287/287
f 286/286/286 285/285/285 288/288/288
s 1
f 289/289/289 290/290/290 291/291/291
f 290/290/290 289/289/289 292/292/292
f 274/274/274 293/293/293 294/294/294
f 293/293/293 274/274/274 273/273/273
s 4
f 295/295/295 296/296/296 297/297/297
f 295/295/295 297/297/297 298/298/298
s 1
f 299/299/299 300/300/300 301/301/301
f 300/300/300 299/299/299 302/302/302
f 284/284/284 303/303/303 304/304/304
f 303/303/303 284/284/284 283/283/283
s 5
f 305/305/305 306/306/306 307/307/307
f 305/305/305 307/307/307 308/308/308
s 1
f 309/309/309 310/310/310 311/311/311
f 310/310/310 309/309/309 312/312/312
f 294/294/294 313/313/313 314/314/314
f 313/313/313 294/294/294 293/293/293
s 5
f 315/315/315 316/316/316 317/317/317
f 315/315/315 317/317/317 318/318/318
s 1
f 319/319/319 320/320/320 321/321/321
f 320/320/320 319/319/319 322/322/322
f 304/304/304 323/323/323 324/324/324
f 323/323/323 304/304/304 303/303/303
s 5
f 325/325/325 326/326/326 327/327/327
f 325/325/325 327/327/327 328/328/328
s 1
f 329/329/329 330/330/330 331/331/331
f 330/330/330 329/329/329 332/332/332
f 333/333/333 314/314/314 313/313/313
f 313/313/313 334/334/334 333/333/333
s 5
f 335/335/335 336/336/336 337/337/337
f 335/335/335 337/337/337 338/338/338
s 1
f 339/339/339 340/340/340 341/341/341
f 340/340/340 339/339/339 342/342/342
f 324/324/324 343/343/343 344/344/344
f 343/343/343 324/324/324 323/323/323
s 5
f 345/345/345 346/346/346 347/347/347
f 346/346/346 345/345/345 348/348/348
s 1
f 349/349/349 350/350/350 351/351/351
f 350/350/350 349/349/349 352/352/352
f 353/353/353 333/333/333 334/334/334
f 334/334/334 354/354/354 353/353/353
s 5
f 355/355/355 356/356/356 357/357/357
f 356/356/356 355/355/355 358/358/358
s 1
f 359/359/359 360/360/360 361/361/361
f 360/360/360 359/359/359 362/362/362
f 343/343/343 363/363/363 344/344/344
f 363/363/363 343/343/343 364/364/364
s 5
f 365/365/365 366/366/366 367/367/367
f 366/366/366 365/365/365 368/368/368
s 1
f 369/369/369 370/370/370 371/371/371
f 372/372/372 371/371/371 370/370/370
f 353/353/353 373/373/373 374/374/374
f 373/373/373 353/353/353 354/354/354
s 5
f 375/375/375 376/376/376 377/377/377
f 376/376/376 375/375/375 378/378/378
s 1
f 379/379/379 380/380/380 381/381/381
f 382/382/382 381/381/381 380/380/380
f 383/383/383 363/363/363 364/364/364
f 383/383/383 364/364/364 384/384/384
s 5
f 385/385/385 386/386/386 387/387/387
f 386/386/386 385/385/385 388/388/388
s 1
f 389/389/389 390/390/390 391/391/391
f 392/392/392 391/391/391 390/390/390
f 383/383/383 374/374/374 373/373/373
f 374/374/374 383/383/383 384/384/384
s 5
f 393/393/393 394/394/394 395/395/395
f 393/393/393 395/395/395 396/396/396
s 1
f 397/397/397 398/398/398 399/399/399
f 398/398/398 400/400/400 399/399/399
s 2
f 401/401/401 402/402/402 403/403/403
f 402/402/402 401/401/401 404/404/404
f 405/405/405 406/406/406 407/407/407
f 406/406/406 405/405/405 408/408/408
f 409/409/409 410/410/410 411/411/411
f 410/410/410 409/409/409 412/412/412
f 413/413/413 414/414/414 415/415/415
f 414/414/414 413/413/413 416/416/416
f 417/417/417 418/418/418 419/419/419
f 417/417/417 419/419/419 420/420/420
f 421/421/421 422/422/422 423/423/423
f 421/421/421 423/423/423 424/424/424
f 425/425/425 426/426/426 427/427/427
f 425/425/425 427/427/427 428/428/428
f 429/429/429 430/430/430 431/431/431
f 429/429/429 431/431/431 432/432/432
f 433/433/433 434/434/434 435/435/435
f 433/433/433 435/435/435 436/436/436
f 437/437/437 438/438/438 439/439/439
f 438/438/438 437/437/437 440/440/440
s 3
f 441/441/441 442/442/442 443/443/443
f 442/442/442 441/441/441 444/444/444
f 445/445/445 446/446/446 447/447/447
f 446/446/446 445/445/445 448/448/448
f 449/449/449 450/450/450 451/451/451
f 450/450/450 449/449/449 452/452/452
f 453/453/453 454/454/454 455/455/455
f 454/454/454 453/453/453 456/456/456
f 457/457/457 458/458/458 459/459/459
f 457/457/457 459/459/459 460/460/460
f 461/461/461 462/462/462 463/463/463
f 463/463/463 462/462/462 464/464/464
f 465/465/465 466/466/466 467/467/467
f 467/467/467 466/466/466 468/468/468
f 469/469/469 470/470/470 471/471/471
f 471/471/471 470/470/470 472/472/472
f 473/473/473 474/474/474 475/475/475
f 475/475/475 474/474/474 476/476/476
f 477/477/477 478/478/478 479/479/479
f 478/478/478 477/477/477 480/480/480
s 4
f 481/481/481 482/482/482 483/483/483
f 482/482/482 481/481/481 484/484/484
f 485/485/485 486/486/486 487/487/487
f 486/486/486 485/485/485 488/488/488
f 489/489/489 490/490/490 491/491/491
f 490/490/490 489/489/489 492/492/492
f 493/493/493 494/494/494 495/495/495
f 494/494/494 493/493/493 496/496/496
f 497/497/497 498/498/498 499/499/499
f 497/497/497 499/499/499 500/500/500
f 501/501/501 502/502/502 503/503/503
f 501/501/501 503/503/503 504/504/504
f 505/505/505 506/506/506 507/507/507
f 505/505/505 507/507/507 508/508/508
f 509/509/509 510/510/510 511/511/511
f 509/509/509 511/511/511 512/512/512
f 513/513/513 514/514/514 515/515/515
f 513/513/513 515/515/515 516/516/516
f 517/517/517 518/518/518 519/519/519
f 518/518/518 517/517/517 520/520/520
s 5
f 521/521/521 522/522/522 523/523/523
f 522/522/522 521/521/521 524/524/524
f 525/525/525 526/526/526 527/527/527
f 526/526/526 525/525/525 528/528/528
f 529/529/529 530/530/530 531/531/531
f 530/530/530 529/529/529 532/532/532
f 533/533/533 534/534/534 535/535/535
f 534/534/534 533/533/533 536/536/536
f 537/537/537 538/538/538 539/539/539
f 537/537/537 539/539/539 540/540/540
f 541/541/541 542/542/542 543/543/543
f 541/541/541 543/543/543 544/544/544
f 545/545/545 546/546/546 547/547/547
f 545/545/545 547/547/547 548/548/548
f 549/549/549 550/550/550 551/551/551
f 549/549/549 551/551/551 552/552/552
f 553/553/553 554/554/554 555/555/555
f 553/553/553 555/555/555 556/556/556
f 557/557/557 558/558/558 559/559/559
f 558/558/558 557/557/557 560/560/560
s 2
f 403/403/403 561/561/561 562/562/562
f 561/561/561 403/403/403 402/402/402
f 407/407/407 563/563/563 564/564/564
f 563/563/563 407/407/407 406/406/406
f 411/411/411 565/565/565 566/566/566
f 565/565/565 411/411/411 410/410/410
f 415/415/415 567/567/567 568/568/568
f 567/567/567 415/415/415 414/414/414
f 569/569/569 420/420/420 570/570/570
f 569/569/569 417/417/417 420/420/420
f 421/421/421 424/424/424 571/571/571
f 571/571/571 424/424/424 572/572/572
f 425/425/425 428/428/428 573/573/573
f 573/573/573 428/428/428 574/574/574
f 429/429/429 432/432/432 575/575/575
f 575/575/575 432/432/432 576/576/576
f 433/433/433 436/436/436 577/577/577
f 577/577/577 436/436/436 578/578/578
f 439/439/439 579/579/579 580/580/580
f 579/579/579 439/439/439 438/438/438
s 3
f 443/443/443 581/581/581 582/582/582
f 581/581/581 443/443/443 442/442/442
f 447/447/447 583/583/583 584/584/584
f 583/583/583 447/447/447 446/446/446
f 451/451/451 585/585/585 586/586/586
f 585/585/585 451/451/451 450/450/450
f 455/455/455 587/587/587 588/588/588
f 587/587/587 455/455/455 454/454/454
f 589/589/589 590/590/590 458/458/458
f 459/459/459 458/458/458 590/590/590
f 591/591/591 592/592/592 461/461/461
f 462/462/462 461/461/461 592/592/592
f 593/593/593 594/594/594 465/465/465
f 465/465/465 594/594/594 466/466/466
f 595/595/595 596/596/596 469/469/469
f 469/469/469 596/596/596 470/470/470
f 597/597/597 598/598/598 473/473/473
f 473/473/473 598/598/598 474/474/474
f 599/599/599 480/480/480 477/477/477
f 480/480/480 599/599/599 600/600/600
s 4
f 601/601/601 484/484/484 481/481/481
f 484/484/484 601/601/601 602/602/602
f 603/603/603 488/488/488 485/485/485
f 488/488/488 603/603/603 604/604/604
f 605/605/605 492/492/492 489/489/489
f 492/492/492 605/605/605 606/606/606
f 607/607/607 496/496/496 493/493/493
f 496/496/496 607/607/607 608/608/608
f 609/609/609 500/500/500 610/610/610
f 609/609/609 497/497/497 500/500/500
f 501/501/501 504/504/504 611/611/611
f 611/611/611 504/504/504 612/612/612
f 505/505/505 508/508/508 613/613/613
f 613/613/613 508/508/508 614/614/614
f 509/509/509 512/512/512 615/615/615
f 615/615/615 512/512/512 616/616/616
f 513/513/513 516/516/516 617/617/617
f 617/617/617 516/516/516 618/618/618
f 519/519/519 619/619/619 620/620/620
f 619/619/619 519/519/519 518/518/518
s 5
f 523/523/523 621/621/621 622/622/622
f 621/621/621 523/523/523 522/522/522
f 527/527/527 623/623/623 624/624/624
f 623/623/623 527/527/527 526/526/526
f 531/531/531 625/625/625 626/626/626
f 625/625/625 531/531/531 530/530/530
f 535/535/535 627/627/627 628/628/628
f 627/627/627 535/535/535 534/534/534
f 629/629/629 540/540/540 630/630/630
f 629/629/629 537/537/537 540/540/540
f 541/541/541 544/544/544 631/631/631
f 631/631/631 544/544/544 632/632/632
f 545/545/545 548/548/548 633/633/633
f 633/633/633 548/548/548 634/634/634
f 549/549/549 552/552/552 635/635/635
f 635/635/635 552/552/552 636/636/636
f 553/553/553 556/556/556 637/637/637
f 637/637/637 556/556/556 638/638/638
f 559/559/559 639/639/639 640/640/640
f 639/639/639 559/559/559 558/558/558
s 1
f 399/399/399 400/400/400 641/641/641
f 400/400/400 642/642/642 641/641/641
f 390/390/390 389/389/389 643/643/643
f 389/389/389 644/644/644 643/643/643
f 11/11/11 12/12/12 645/645/645
f 645/645/645 12/12/12 646/646/646
f 647/647/647 648/648/648 379/379/379
f 380/380/380 379/379/379 648/648/648
f 22/22/22 649/649/649 21/21/21
f 649/649/649 22/22/22 650/650/650
f 651/651/651 652/652/652 369/369/369
f 370/370/370 369/369/369 652/652/652
f 32/32/32 653/653/653 30/30/30
f 653/653/653 32/32/32 654/654/654
f 655/655/655 362/362/362 359/359/359
f 362/362/362 655/655/655 656/656/656
f 657/657/657 41/41/41 658/658/658
f 41/41/41 657/657/657 39/39/39
f 659/659/659 352/352/352 349/349/349
f 352/352/352 659/659/659 660/660/660
f 661/661/661 51/51/51 662/662/662
f 51/51/51 661/661/661 49/49/49
f 663/663/663 342/342/342 339/339/339
f 342/342/342 663/663/663 664/664/664
f 665/665/665 61/61/61 666/666/666
f 61/61/61 665/665/665 59/59/59
f 667/667/667 332/332/332 329/329/329
f 332/332/332 667/667/667 668/668/668
f 669/669/669 72/72/72 69/69/69
f 72/72/72 669/669/669 670/670/670
f 671/671/671 322/322/322 319/319/319
f 322/322/322 671/671/671 672/672/672
f 673/673/673 82/82/82 79/79/79
f 82/82/82 673/673/673 674/674/674
f 675/675/675 312/312/312 309/309/309
f 312/312/312 675/675/675 676/676/676
f 677/677/677 92/92/92 89/89/89
f 92/92/92 677/677/677 678/678/678
f 301/301/301 679/679/679 680/680/680
f 679/679/679 301/301/301 300/300/300
f 681/681/681 102/102/102 99/99/99
f 102/102/102 681/681/681 682/682/682
f 291/291/291 683/683/683 684/684/684
f 683/683/683 291/291/291 290/290/290
f 685/685/685 112/112/112 109/109/109
f 112/112/112 685/685/685 686/686/686
f 281/281/281 687/687/687 688/688/688
f 687/687/687 281/281/281 280/280/280
f 122/122/122 689/689/689 690/690/690
f 689/689/689 122/122/122 119/119/119
f 271/271/271 691/691/691 692/692/692
f 691/691/691 271/271/271 270/270/270
f 131/131/131 693/693/693 694/694/694
f 693/693/693 131/131/131 130/130/130
f 260/260/260 259/259/259 695/695/695
f 259/259/259 696/696/696 695/695/695
f 141/141/141 697/697/697 698/698/698
f 697/697/697 141/141/141 140/140/140
f 699/699/699 700/700/700 249/249/249
f 250/250/250 249/249/249 700/700/700
f 151/151/151 701/701/701 702/702/702
f 701/701/701 151/151/151 150/150/150
f 703/703/703 704/704/704 239/239/239
f 240/240/240 239/239/239 704/704/704
f 161/161/161 705/705/705 706/706/706
f 705/705/705 161/161/161 160/160/160
f 707/707/707 708/708/708 229/229/229
f 229/229/229 708/708/708 230/230/230
f 171/171/171 709/709/709 169/169/169
f 709/709/709 171/171/171 710/710/710
f 711/711/711 712/712/712 219/219/219
f 219/219/219 712/712/712 220/220/220
f 713/713/713 181/181/181 714/714/714
f 181/181/181 713/713/713 179/179/179
f 715/715/715 211/211/211 716/716/716
f 211/211/211 715/715/715 209/209/209
f 717/717/717 191/191/191 718/718/718
f 191/191/191 717/717/717 189/189/189
f 719/719/719 201/201/201 720/720/720
f 201/201/201 719/719/719 199/199/199
f 641/641/641 642/642/642 373/373/373
f 643/643/643 644/644/644 383/383/383
f 645/645/645 646/646/646 354/354/354
f 648/648/648 647/647/647 363/363/363
f 649/649/649 650/650/650 334/334/334
f 652/652/652 651/651/651 344/344/344
f 653/653/653 654/654/654 313/313/313
f 656/656/656 655/655/655 324/324/324
f 657/657/657 658/658/658 293/293/293
f 660/660/660 659/659/659 304/304/304
f 661/661/661 662/662/662 273/273/273
f 664/664/664 663/663/663 284/284/284
f 665/665/665 666/666/666 253/253/253
f 668/668/668 667/667/667 263/263/263
f 670/670/670 669/669/669 233/233/233
f 672/672/672 671/671/671 244/244/244
f 674/674/674 673/673/673 213/213/213
f 676/676/676 675/675/675 224/224/224
f 678/678/678 677/677/677 193/193/193
f 680/680/680 679/679/679 204/204/204
f 682/682/682 681/681/681 174/174/174
f 684/684/684 683/683/683 184/184/184
f 686/686/686 685/685/685 153/153/153
f 688/688/688 687/687/687 164/164/164
f 690/690/690 689/689/689 133/133/133
f 692/692/692 691/691/691 144/144/144
f 694/694/694 693/693/693 113/113/113
f 695/695/695 696/696/696 124/124/124
f 698/698/698 697/697/697 93/93/93
f 700/700/700 699/699/699 104/104/104
f 702/702/702 701/701/701 73/73/73
f 704/704/704 703/703/703 84/84/84
f 706/706/706 705/705/705 53/53/53
f 708/708/708 707/707/707 63/63/63
f 709/709/709 710/710/710 34/34/34
f 712/712/712 711/711/711 43/43/43
f 713/713/713 714/714/714 13/13/13
f 715/715/715 716/716/716 24/24/24
f 717/717/717 718/718/718 2/2/2
f 719/719/719 720/720/720 4/4/4
s 2
f 721/721/721 405/405/405 404/404/404
f 405/405/405 721/721/721 722/722/722
f 723/723/723 409/409/409 408/408/408
f 409/409/409 723/723/723 724/724/724
f 725/725/725 413/413/413 412/412/412
f 413/413/413 725/725/725 726/726/726
f 727/727/727 418/418/418 416/416/416
f 418/418/418 727/727/727 728/728/728
f 419/419/419 729/729/729 422/422/422
f 729/729/729 419/419/419 730/730/730
f 423/423/423 731/731/731 426/426/426
f 731/731/731 423/423/423 732/732/732
f 427/427/427 733/733/733 430/430/430
f 733/733/733 427/427/427 734/734/734
f 431/431/431 735/735/735 434/434/434
f 735/735/735 431/431/431 736/736/736
f 435/435/435 737/737/737 437/437/437
f 737/737/737 435/435/435 738/738/738
f 739/739/739 740/740/740 440/440/440
f 740/740/740 739/739/739 741/741/741
s 3
f 742/742/742 445/445/445 444/444/444
f 445/445/445 742/742/742 743/743/743
f 744/744/744 449/449/449 448/448/448
f 449/449/449 744/744/744 745/745/745
f 746/746/746 453/453/453 452/452/452
f 453/453/453 746/746/746 747/747/747
f 748/748/748 460/460/460 456/456/456
f 460/460/460 748/748/748 749/749/749
f 750/750/750 457/457/457 751/751/751
f 457/457/457 750/750/750 464/464/464
f 752/752/752 463/463/463 753/753/753
f 463/463/463 752/752/752 468/468/468
f 754/754/754 467/467/467 755/755/755
f 467/467/467 754/754/754 472/472/472
f 756/756/756 471/471/471 757/757/757
f 471/471/471 756/756/756 476/476/476
f 758/758/758 475/475/475 759/759/759
f 475/475/475 758/758/758 478/478/478
f 760/760/760 761/761/761 762/762/762
f 761/761/761 479/479/479 762/762/762
s 4
f 763/763/763 486/486/486 764/764/764
f 486/486/486 483/483/483 764/764/764
f 765/765/765 490/490/490 766/766/766
f 490/490/490 487/487/487 766/766/766
f 767/767/767 494/494/494 768/768/768
f 494/494/494 491/491/491 768/768/768
f 769/769/769 498/498/498 770/770/770
f 498/498/498 495/495/495 770/770/770
f 499/499/499 771/771/771 502/502/502
f 771/771/771 499/499/499 772/772/772
f 503/503/503 773/773/773 506/506/506
f 773/773/773 503/503/503 774/774/774
f 507/507/507 775/775/775 510/510/510
f 775/775/775 507/507/507 776/776/776
f 511/511/511 777/777/777 514/514/514
f 777/777/777 511/511/511 778/778/778
f 515/515/515 779/779/779 517/517/517
f 779/779/779 515/515/515 780/780/780
f 781/781/781 782/782/782 520/520/520
f 782/782/782 781/781/781 783/783/783
s 5
f 784/784/784 525/525/525 524/524/524
f 525/525/525 784/784/784 785/785/785
f 786/786/786 529/529/529 528/528/528
f 529/529/529 786/786/786 787/787/787
f 788/788/788 533/533/533 532/532/532
f 533/533/533 788/788/788 789/789/789
f 790/790/790 538/538/538 536/536/536
f 538/538/538 790/790/790 791/791/791
f 539/539/539 792/792/792 542/542/542
f 792/792/792 539/539/539 793/793/793
f 543/543/543 794/794/794 546/546/546
f 794/794/794 543/543/543 795/795/795
f 547/547/547 796/796/796 550/550/550
f 796/796/796 547/547/547 797/797/797
f 551/551/551 798/798/798 554/554/554
f 798/798/798 551/551/551 799/799/799
f 555/555/555 800/800/800 557/557/557
f 800/800/800 555/555/555 801/801/801
f 802/802/802 803/803/803 560/560/560
f 803/803/803 802/802/802 804/804/804
s 2
f 805/805/805 806/806/806 7/7/7
f 7/7/7 806/806/806 16/16/16
f 17/17/17 807/807/807 808/808/808
f 17/17/17 808/808/808 26/26/26
s 5
f 809/809/809 810/810/810 395/395/395
f 395/395/395 810/810/810 811/811/811
s 2
f 27/27/27 812/812/812 813/813/813
f 27/27/27 813/813/813 36/36/36
s 5
f 814/814/814 394/394/394 388/388/388
f 394/394/394 814/814/814 815/815/815
s 2
f 37/37/37 816/816/816 817/817/817
f 37/37/37 817/817/817 45/45/45
s 5
f 818/818/818 385/385/385 378/378/378
f 385/385/385 818/818/818 819/819/819
s 2
f 820/820/820 55/55/55 48/48/48
f 55/55/55 820/820/820 821/821/821
s 5
f 822/822/822 375/375/375 368/368/368
f 375/375/375 822/822/822 823/823/823
s 2
f 824/824/824 65/65/65 58/58/58
f 65/65/65 824/824/824 825/825/825
s 5
f 826/826/826 365/365/365 358/358/358
f 365/365/365 826/826/826 827/827/827
s 2
f 828/828/828 75/75/75 68/68/68
f 75/75/75 828/828/828 829/829/829
s 5
f 830/830/830 355/355/355 348/348/348
f 355/355/355 830/830/830 831/831/831
s 2
f 832/832/832 85/85/85 78/78/78
f 85/85/85 832/832/832 833/833/833
s 5
f 337/337/337 834/834/834 835/835/835
f 337/337/337 835/835/835 345/345/345
s 2
f 836/836/836 96/96/96 88/88/88
f 96/96/96 836/836/836 837/837/837
s 5
f 327/327/327 838/838/838 839/839/839
f 327/327/327 839/839/839 336/336/336
s 2
f 840/840/840 841/841/841 97/97/97
f 97/97/97 841/841/841 842/842/842
s 5
f 317/317/317 843/843/843 844/844/844
f 317/317/317 844/844/844 326/326/326
s 3
f 845/845/845 846/846/846 107/107/107
f 107/107/107 846/846/846 116/116/116
s 5
f 847/847/847 848/848/848 307/307/307
f 307/307/307 848/848/848 316/316/316
s 3
f 117/117/117 849/849/849 850/850/850
f 117/117/117 850/850/850 126/126/126
s 4
f 851/851/851 852/852/852 297/297/297
f 297/297/297 852/852/852 853/853/853
s 3
f 127/127/127 854/854/854 855/855/855
f 127/127/127 855/855/855 136/136/136
s 4
f 856/856/856 296/296/296 288/288/288
f 296/296/296 856/856/856 857/857/857
s 3
f 137/137/137 858/858/858 859/859/859
f 137/137/137 859/859/859 146/146/146
s 4
f 860/860/860 285/285/285 278/278/278
f 285/285/285 860/860/860 861/861/861
s 3
f 156/156/156 862/862/862 863/863/863
f 862/862/862 156/156/156 147/147/147
s 4
f 864/864/864 275/275/275 268/268/268
f 275/275/275 864/864/864 865/865/865
s 3
f 166/166/166 866/866/866 867/867/867
f 866/866/866 166/166/166 157/157/157
s 4
f 868/868/868 265/265/265 258/258/258
f 265/265/265 868/868/868 869/869/869
s 3
f 176/176/176 870/870/870 871/871/871
f 870/870/870 176/176/176 167/167/167
s 4
f 872/872/872 255/255/255 248/248/248
f 255/255/255 872/872/872 873/873/873
s 3
f 186/186/186 874/874/874 875/875/875
f 874/874/874 186/186/186 177/177/177
s 4
f 876/876/876 245/245/245 235/235/235
f 876/876/876 235/235/235 877/877/877
s 3
f 198/198/198 878/878/878 879/879/879
f 878/878/878 198/198/198 187/187/187
s 4
f 880/880/880 238/238/238 225/225/225
f 880/880/880 225/225/225 881/881/881
s 3
f 882/882/882 883/883/883 195/195/195
f 882/882/882 195/195/195 884/884/884
s 4
f 885/885/885 228/228/228 215/215/215
f 885/885/885 215/215/215 886/886/886
f 887/887/887 218/218/218 205/205/205
f 887/887/887 205/205/205 888/888/888
s 2
f 889/889/889 890/890/890 805/891/805
f 805/891/805 890/890/890 806/892/806
f 891/893/891 892/894/892 807/895/807
f 808/896/808 807/895/807 892/894/892
s 5
f 893/897/893 894/898/894 809/899/809
f 809/899/809 894/898/894 810/900/810
s 2
f 813/901/813 812/902/812 895/903/895
f 812/902/812 896/904/896 895/903/895
s 5
f 897/905/897 814/906/814 898/907/898
f 814/906/814 897/905/897 815/908/815
s 2
f 817/909/817 816/910/816 899/911/899
f 816/910/816 900/912/900 899/911/899
s 5
f 901/913/901 818/914/818 902/915/902
f 818/914/818 901/913/901 819/916/819
s 2
f 821/917/821 903/918/903 904/919/904
f 903/918/903 821/917/821 820/920/820
s 5
f 905/921/905 822/922/822 906/923/906
f 822/922/822 905/921/905 823/924/823
s 2
f 825/925/825 907/926/907 908/927/908
f 907/926/907 825/925/825 824/928/824
s 5
f 909/929/909 826/930/826 910/931/910
f 826/930/826 909/929/909 827/932/827
s 2
f 829/933/829 911/934/911 912/935/912
f 911/934/911 829/933/829 828/936/828
s 5
f 830/937/830 913/938/913 831/939/831
f 913/938/913 830/937/830 914/940/914
s 2
f 833/941/833 915/942/915 916/943/916
f 915/942/915 833/941/833 832/944/832
s 5
f 835/945/835 917/946/917 918/947/918
f 917/946/917 835/945/835 834/948/834
s 2
f 919/949/919 837/950/837 836/951/836
f 837/950/837 919/949/919 920/952/920
s 5
f 839/953/839 921/954/921 922/955/922
f 921/954/921 839/953/839 838/956/838
s 2
f 923/957/923 841/958/841 840/959/840
f 841/958/841 923/957/923 924/960/924
s 5
f 844/961/844 925/962/925 926/963/926
f 925/962/925 844/961/844 843/964/843
s 3
f 927/965/927 846/966/846 845/967/845
f 846/966/846 927/965/927 928/968/928
s 5
f 848/969/848 929/970/929 930/971/930
f 929/970/929 848/969/848 847/972/847
s 3
f 931/973/931 850/974/850 849/975/849
f 850/974/850 931/973/931 932/976/932
s 4
f 852/977/852 933/978/933 934/979/934
f 933/978/933 852/977/852 851/980/851
s 3
f 935/981/935 855/982/855 854/983/854
f 855/982/855 935/981/935 936/984/936
s 4
f 937/985/937 857/986/857 856/987/856
f 857/986/857 937/985/937 938/988/938
s 3
f 939/989/939 859/990/859 858/991/858
f 859/990/859 939/989/939 940/992/940
s 4
f 941/993/941 861/994/861 860/995/860
f 861/994/861 941/993/941 942/996/942
s 3
f 943/997/943 944/998/944 862/999/862
f 863/1000/863 862/999/862 944/998/944
s 4
f 945/1001/945 865/1002/865 864/1003/864
f 865/1002/865 945/1001/945 946/1004/946
s 3
f 867/1005/867 866/1006/866 947/1007/947
f 866/1006/866 948/1008/948 947/1007/947
s 4
f 949/1009/949 869/1010/869 868/1011/868
f 869/1010/869 949/1009/949 950/1012/950
s 3
f 871/1013/871 870/1014/870 951/1015/951
f 870/1014/870 952/1016/952 951/1015/951
s 4
f 953/1017/953 873/1018/873 872/1019/872
f 873/1018/873 953/1017/953 954/1020/954
s 3
f 875/1021/875 874/1022/874 955/1023/955
f 874/1022/874 956/1024/956 955/1023/955
s 4
f 957/1025/957 877/1026/877 958/1027/958
f 877/1026/877 957/1025/957 876/1028/876
s 3
f 879/1029/879 878/1030/878 959/1031/959
f 959/1031/959 878/1030/878 960/1032/960
s 4
f 961/1033/961 881/1034/881 962/1035/962
f 881/1034/881 961/1033/961 880/1036/880
s 3
f 884/1037/884 963/1038/963 882/1039/882
f 963/1038/963 884/1037/884 964/1040/964
s 4
f 965/1041/965 886/1042/886 966/1043/966
f 886/1042/886 965/1041/965 885/1044/885
f 888/1045/888 967/1046/967 887/1047/887
f 967/1046/967 888/1045/888 968/1048/968
s 6
f 969/1049/969 970/1050/970 971/1051/971
f 972/1052/972 973/1053/973 974/1054/974
f 975/1055/975 976/1056/976 977/1057/977
f 978/1058/978 979/1059/979 980/1060/980
f 981/1061/981 982/1062/982 983/1063/983
f 984/1064/984 985/1065/985 986/1066/986
f 987/1067/987 988/1068/988 989/1069/989
f 990/1070/990 991/1071/991 992/1072/992
f 993/1073/993 994/1074/994 995/1075/995
f 996/1076/996 997/1077/997 998/1078/998
f 999/1079/999 1000/1080/1000 1001/1081/1001
f 1002/1082/1002 1003/1083/1003 1004/1084/1004
f 1005/1085/1005 1006/1086/1006 1007/1087/1007
f 1008/1088/1008 1009/1089/1009 1010/1090/1010
f 1011/1091/1011 1012/1092/1012 1013/1093/1013
f 1014/1094/1014 1015/1095/1015 1016/1096/1016
f 1017/1097/1017 1018/1098/1018 1019/1099/1019
f 1020/1100/1020 1021/1101/1021 1022/1102/1022
f 1023/1103/1023 1024/1104/1024 1025/1105/1025
f 1026/1106/1026 1027/1107/1027 1028/1108/1028
f 1029/1109/1029 1030/1110/1030 1031/1111/1031
f 1032/1112/1032 1033/1113/1033 1034/1114/1034
f 1035/1115/1035 1036/1116/1036 1037/1117/1037
f 1038/1118/1038 1039/1119/1039 1040/1120/1040
f 1041/1121/1041 1042/1122/1042 1043/1123/1043
f 1044/1124/1044 1045/1125/1045 1046/1126/1046
f 1047/1127/1047 1048/1128/1048 1049/1129/1049
f 1050/1130/1050 1051/1131/1051 1052/1132/1052
f 1053/1133/1053 1054/1134/1054 1055/1135/1055
f 1056/1136/1056 1057/1137/1057 1058/1138/1058
f 1059/1139/1059 1060/1140/1060 1061/1141/1061
f 1062/1142/1062 1063/1143/1063 1064/1144/1064
f 1065/1145/1065 1066/1146/1066 1067/1147/1067
f 1068/1148/1068 1069/1149/1069 1070/1150/1070
f 1071/1151/1071 1072/1152/1072 1073/1153/1073
f 1074/1154/1074 1075/1155/1075 1076/1156/1076
f 1077/1157/1077 1078/1158/1078 1079/1159/1079
f 1080/1160/1080 1081/1161/1081 1082/1162/1082
f 1083/1163/1083 1084/1164/1084 1085/1165/1085
f 1086/1166/1086 1087/1167/1087 1088/1168/1088
f 1089/1169/1089 971/1051/971 977/1057/977
f 971/1051/971 1089/1169/1089 1090/1170/1090
f 971/1051/971 1091/1171/1091 974/1054/974
f 1091/1171/1091 971/1051/971 1090/1170/1090
f 1092/1172/1092 977/1057/977 983/1063/983
f 977/1057/977 1092/1172/1092 1089/1169/1089
f 974/1054/974 1093/1173/1093 980/1060/980
f 1093/1173/1093 974/1054/974 1091/1171/1091
f 989/1069/989 1092/1172/1092 983/1063/983
f 1092/1172/1092 989/1069/989 1094/1174/1094
f 980/1060/980 1095/1175/1095 986/1066/986
f 1095/1175/1095 980/1060/980 1093/1173/1093
f 1094/1174/1094 995/1075/995 1096/1176/1096
f 995/1075/995 1094/1174/1094 989/1069/989
f 986/1066/986 1097/1177/1097 992/1072/992
f 1097/1177/1097 986/1066/986 1095/1175/1095
f 1096/1176/1096 1001/1081/1001 1098/1178/1098
f 1001/1081/1001 1096/1176/1096 995/1075/995
f 1099/1179/1099 998/1078/998 1097/1177/1097
f 998/1078/998 992/1072/992 1097/1177/1097
f 1098/1178/1098 1007/1087/1007 1100/1180/1100
f 1007/1087/1007 1098/1178/1098 1001/1081/1001
f 1101/1181/1101 998/1078/998 1099/1179/1099
f 998/1078/998 1101/1181/1101 1004/1084/1004
f 1102/1182/1102 1100/1180/1100 1007/1087/1007
f 1007/1087/1007 1013/1093/1013 1102/1182/1102
f 1103/1183/1103 1004/1084/1004 1101/1181/1101
f 1004/1084/1004 1103/1183/1103 1010/1090/1010
f 1102/1182/1102 1013/1093/1013 1104/1184/1104
f 1013/1093/1013 1019/1099/1019 1104/1184/1104
f 1103/1183/1103 1105/1185/1105 1016/1096/1016
f 1016/1096/1016 1010/1090/1010 1103/1183/1103
f 1104/1184/1104 1025/1105/1025 1106/1186/1106
f 1025/1105/1025 1104/1184/1104 1019/1099/1019
f 1107/1187/1107 1016/1096/1016 1105/1185/1105
f 1016/1096/1016 1107/1187/1107 1022/1102/1022
f 1106/1186/1106 1031/1111/1031 1108/1188/1108
f 1031/1111/1031 1106/1186/1106 1025/1105/1025
f 1028/1108/1028 1107/1187/1107 1109/1189/1109
f 1107/1187/1107 1028/1108/1028 1022/1102/1022
f 1037/1117/1037 1110/1190/1110 1031/1111/1031
f 1031/1111/1031 1110/1190/1110 1108/1188/1108
f 1111/1191/1111 1028/1108/1028 1109/1189/1109
f 1028/1108/1028 1111/1191/1111 1034/1114/1034
f 1043/1123/1043 1110/1190/1110 1037/1117/1037
f 1110/1190/1110 1043/1123/1043 1112/1192/1112
f 1111/1191/1111 1040/1120/1040 1034/1114/1034
f 1040/1120/1040 1111/1191/1111 1113/1193/1113
f 1114/1194/1114 1043/1123/1043 1049/1129/1049
f 1043/1123/1043 1114/1194/1114 1112/1192/1112
f 1113/1193/1113 1046/1126/1046 1040/1120/1040
f 1046/1126/1046 1113/1193/1113 1115/1195/1115
f 1055/1135/1055 1114/1194/1114 1049/1129/1049
f 1114/1194/1114 1055/1135/1055 1116/1196/1116
f 1115/1195/1115 1052/1132/1052 1046/1126/1046
f 1052/1132/1052 1115/1195/1115 1117/1197/1117
f 1061/1141/1061 1116/1196/1116 1055/1135/1055
f 1116/1196/1116 1061/1141/1061 1118/1198/1118
f 1052/1132/1052 1119/1199/1119 1058/1138/1058
f 1119/1199/1119 1052/1132/1052 1117/1197/1117
f 1067/1147/1067 1118/1198/1118 1061/1141/1061
f 1118/1198/1118 1067/1147/1067 1120/1200/1120
f 1058/1138/1058 1121/1201/1121 1064/1144/1064
f 1121/1201/1121 1058/1138/1058 1119/1199/1119
f 1120/1200/1120 1073/1153/1073 1122/1202/1122
f 1073/1153/1073 1120/1200/1120 1067/1147/1067
f 1064/1144/1064 1123/1203/1123 1070/1150/1070
f 1123/1203/1123 1064/1144/1064 1121/1201/1121
f 1122/1202/1122 1079/1159/1079 1124/1204/1124
f 1079/1159/1079 1122/1202/1122 1073/1153/1073
f 1125/1205/1125 1076/1156/1076 1123/1203/1123
f 1076/1156/1076 1070/1150/1070 1123/1203/1123
f 1126/1206/1126 1124/1204/1124 1079/1159/1079
f 1126/1206/1126 1079/1159/1079 1085/1165/1085
f 1127/1207/1127 1082/1162/1082 1125/1205/1125
f 1082/1162/1082 1076/1156/1076 1125/1205/1125
f 1126/1206/1126 1088/1168/1088 1128/1208/1128
f 1088/1168/1088 1126/1206/1126 1085/1165/1085
f 1128/1208/1128 1082/1162/1082 1127/1207/1127
f 1082/1162/1082 1128/1208/1128 1088/1168/1088
s 2
f 8/8/8 722/722/722 721/721/721
f 722/722/722 8/8/8 15/15/15
f 18/18/18 724/724/724 723/723/723
f 724/724/724 18/18/18 25/25/25
f 28/28/28 726/726/726 725/725/725
f 726/726/726 28/28/28 35/35/35
f 38/38/38 728/728/728 727/727/727
f 728/728/728 38/38/38 47/47/47
f 730/730/730 46/46/46 57/57/57
f 730/730/730 57/57/57 729/729/729
f 732/732/732 56/56/56 67/67/67
f 732/732/732 67/67/67 731/731/731
f 734/734/734 66/66/66 77/77/77
f 734/734/734 77/77/77 733/733/733
f 736/736/736 76/76/76 87/87/87
f 736/736/736 87/87/87 735/735/735
f 738/738/738 86/86/86 95/95/95
f 738/738/738 95/95/95 737/737/737
f 98/98/98 741/741/741 739/739/739
f 741/741/741 98/98/98 1129/1209/1129
s 3
f 108/108/108 743/743/743 742/742/742
f 743/743/743 108/108/108 115/115/115
f 118/118/118 745/745/745 744/744/744
f 745/745/745 118/118/118 125/125/125
f 128/128/128 747/747/747 746/746/746
f 747/747/747 128/128/128 135/135/135
f 138/138/138 749/749/749 748/748/748
f 749/749/749 138/138/138 148/148/148
f 158/158/158 750/750/750 751/751/751
f 158/158/158 751/751/751 145/145/145
f 168/168/168 752/752/752 753/753/753
f 168/168/168 753/753/753 155/155/155
f 178/178/178 754/754/754 755/755/755
f 178/178/178 755/755/755 165/165/165
f 188/188/188 756/756/756 757/757/757
f 188/188/188 757/757/757 175/175/175
f 197/197/197 758/758/758 759/759/759
f 197/197/197 759/759/759 185/185/185
f 760/760/760 196/196/196 1130/1210/1130
f 196/196/196 760/760/760 762/762/762
s 4
f 763/763/763 206/206/206 217/217/217
f 206/206/206 763/763/763 764/764/764
f 765/765/765 216/216/216 227/227/227
f 216/216/216 765/765/765 766/766/766
f 767/767/767 226/226/226 237/237/237
f 226/226/226 767/767/767 768/768/768
f 769/769/769 236/236/236 247/247/247
f 236/236/236 769/769/769 770/770/770
f 772/772/772 246/246/246 257/257/257
f 772/772/772 257/257/257 771/771/771
f 774/774/774 256/256/256 267/267/267
f 774/774/774 267/267/267 773/773/773
f 776/776/776 266/266/266 277/277/277
f 776/776/776 277/277/277 775/775/775
f 778/778/778 276/276/276 287/287/287
f 778/778/778 287/287/287 777/777/777
f 780/780/780 286/286/286 295/295/295
f 780/780/780 295/295/295 779/779/779
f 298/298/298 783/783/783 781/781/781
f 783/783/783 298/298/298 1131/1211/1131
s 5
f 308/308/308 785/785/785 784/784/784
f 785/785/785 308/308/308 315/315/315
f 318/318/318 787/787/787 786/786/786
f 787/787/787 318/318/318 325/325/325
f 328/328/328 789/789/789 788/788/788
f 789/789/789 328/328/328 335/335/335
f 338/338/338 791/791/791 790/790/790
f 791/791/791 338/338/338 347/347/347
f 793/793/793 346/346/346 357/357/357
f 793/793/793 357/357/357 792/792/792
f 795/795/795 356/356/356 367/367/367
f 795/795/795 367/367/367 794/794/794
f 797/797/797 366/366/366 377/377/377
f 797/797/797 377/377/377 796/796/796
f 799/799/799 376/376/376 387/387/387
f 799/799/799 387/387/387 798/798/798
f 801/801/801 386/386/386 393/393/393
f 801/801/801 393/393/393 800/800/800
f 396/396/396 804/804/804 802/802/802
f 804/804/804 396/396/396 1132/1212/1132
s 2
f 8/8/8 7/7/7 16/16/16
f 8/8/8 16/16/16 15/15/15
s 1
f 399/399/399 12/12/12 10/10/10
f 10/10/10 397/397/397 399/399/399
s 2
f 18/18/18 17/17/17 26/26/26
f 18/18/18 26/26/26 25/25/25
s 1
f 11/11/11 22/22/22 20/20/20
f 20/20/20 9/9/9 11/11/11
s 2
f 28/28/28 27/27/27 36/36/36
f 28/28/28 36/36/36 35/35/35
s 1
f 21/21/21 32/32/32 29/29/29
f 29/29/29 19/19/19 21/21/21
s 2
f 38/38/38 37/37/37 45/45/45
f 38/38/38 45/45/45 47/47/47
s 1
f 30/30/30 41/41/41 40/40/40
f 30/30/30 40/40/40 31/31/31
s 2
f 48/48/48 57/57/57 46/46/46
f 57/57/57 48/48/48 55/55/55
s 1
f 39/39/39 51/51/51 50/50/50
f 39/39/39 50/50/50 42/42/42
s 2
f 58/58/58 67/67/67 56/56/56
f 67/67/67 58/58/58 65/65/65
s 1
f 49/49/49 61/61/61 60/60/60
f 49/49/49 60/60/60 52/52/52
s 2
f 68/68/68 77/77/77 66/66/66
f 77/77/77 68/68/68 75/75/75
s 1
f 69/69/69 62/62/62 59/59/59
f 62/62/62 69/69/69 71/71/71
s 2
f 78/78/78 87/87/87 76/76/76
f 87/87/87 78/78/78 85/85/85
s 1
f 79/79/79 70/70/70 72/72/72
f 70/70/70 79/79/79 81/81/81
s 2
f 88/88/88 95/95/95 86/86/86
f 95/95/95 88/88/88 96/96/96
s 1
f 80/80/80 89/89/89 91/91/91
f 89/89/89 80/80/80 82/82/82
s 2
f 98/98/98 97/97/97 842/842/842
f 98/98/98 842/842/842 1129/1209/1129
s 1
f 90/90/90 99/99/99 101/101/101
f 99/99/99 90/90/90 92/92/92
s 3
f 108/108/108 107/107/107 116/116/116
f 108/108/108 116/116/116 115/115/115
s 1
f 100/100/100 109/109/109 111/111/111
f 109/109/109 100/100/100 102/102/102
s 3
f 118/118/118 117/117/117 126/126/126
f 118/118/118 126/126/126 125/125/125
s 1
f 110/110/110 119/119/119 121/121/121
f 119/119/119 110/110/110 112/112/112
s 3
f 128/128/128 127/127/127 136/136/136
f 128/128/128 136/136/136 135/135/135
s 1
f 120/120/120 130/130/130 132/132/132
f 130/130/130 120/120/120 122/122/122
s 3
f 138/138/138 137/137/137 146/146/146
f 138/138/138 146/146/146 148/148/148
s 1
f 140/140/140 129/129/129 131/131/131
f 129/129/129 140/140/140 142/142/142
s 3
f 158/158/158 147/147/147 156/156/156
f 147/147/147 158/158/158 145/145/145
s 1
f 150/150/150 139/139/139 141/141/141
f 139/139/139 150/150/150 152/152/152
s 3
f 168/168/168 157/157/157 166/166/166
f 157/157/157 168/168/168 155/155/155
s 1
f 160/160/160 149/149/149 151/151/151
f 149/149/149 160/160/160 162/162/162
s 3
f 178/178/178 167/167/167 176/176/176
f 167/167/167 178/178/178 165/165/165
s 1
f 161/161/161 171/171/171 170/170/170
f 170/170/170 159/159/159 161/161/161
s 3
f 188/188/188 177/177/177 186/186/186
f 177/177/177 188/188/188 175/175/175
s 1
f 169/169/169 181/181/181 180/180/180
f 169/169/169 180/180/180 172/172/172
s 3
f 197/197/197 187/187/187 198/198/198
f 187/187/187 197/197/197 185/185/185
s 1
f 179/179/179 191/191/191 190/190/190
f 179/179/179 190/190/190 182/182/182
s 3
f 883/883/883 1130/1210/1130 196/196/196
f 883/883/883 196/196/196 195/195/195
s 1
f 200/200/200 189/189/189 201/201/201
f 189/189/189 200/200/200 192/192/192
s 4
f 218/218/218 217/217/217 206/206/206
f 218/218/218 206/206/206 205/205/205
s 1
f 210/210/210 199/199/199 211/211/211
f 199/199/199 210/210/210 202/202/202
s 4
f 228/228/228 227/227/227 216/216/216
f 228/228/228 216/216/216 215/215/215
s 1
f 209/209/209 221/221/221 212/212/212
f 221/221/221 209/209/209 219/219/219
s 4
f 238/238/238 237/237/237 226/226/226
f 238/238/238 226/226/226 225/225/225
s 1
f 220/220/220 231/231/231 222/222/222
f 231/231/231 220/220/220 229/229/229
s 4
f 245/245/245 247/247/247 236/236/236
f 245/245/245 236/236/236 235/235/235
s 1
f 230/230/230 241/241/241 232/232/232
f 241/241/241 230/230/230 239/239/239
s 4
f 248/248/248 257/257/257 246/246/246
f 257/257/257 248/248/248 255/255/255
s 1
f 240/240/240 251/251/251 242/242/242
f 251/251/251 240/240/240 249/249/249
s 4
f 258/258/258 267/267/267 256/256/256
f 267/267/267 258/258/258 265/265/265
s 1
f 261/261/261 252/252/252 250/250/250
f 261/261/261 250/250/250 259/259/259
s 4
f 268/268/268 277/277/277 266/266/266
f 277/277/277 268/268/268 275/275/275
s 1
f 270/270/270 262/262/262 260/260/260
f 262/262/262 270/270/270 272/272/272
s 4
f 278/278/278 287/287/287 276/276/276
f 287/287/287 278/278/278 285/285/285
s 1
f 280/280/280 269/269/269 271/271/271
f 269/269/269 280/280/280 282/282/282
s 4
f 288/288/288 295/295/295 286/286/286
f 295/295/295 288/288/288 296/296/296
s 1
f 290/290/290 279/279/279 281/281/281
f 279/279/279 290/290/290 292/292/292
s 4
f 298/298/298 297/297/297 853/853/853
f 298/298/298 853/853/853 1131/1211/1131
s 1
f 300/300/300 289/289/289 291/291/291
f 289/289/289 300/300/300 302/302/302
s 5
f 308/308/308 307/307/307 316/316/316
f 308/308/308 316/316/316 315/315/315
s 1
f 309/309/309 299/299/299 301/301/301
f 299/299/299 309/309/309 311/311/311
s 5
f 318/318/318 317/317/317 326/326/326
f 318/318/318 326/326/326 325/325/325
s 1
f 319/319/319 310/310/310 312/312/312
f 310/310/310 319/319/319 321/321/321
s 5
f 328/328/328 327/327/327 336/336/336
f 328/328/328 336/336/336 335/335/335
s 1
f 329/329/329 320/320/320 322/322/322
f 320/320/320 329/329/329 331/331/331
s 5
f 338/338/338 337/337/337 345/345/345
f 338/338/338 345/345/345 347/347/347
s 1
f 339/339/339 330/330/330 332/332/332
f 330/330/330 339/339/339 341/341/341
s 5
f 348/348/348 357/357/357 346/346/346
f 357/357/357 348/348/348 355/355/355
s 1
f 340/340/340 349/349/349 351/351/351
f 349/349/349 340/340/340 342/342/342
s 5
f 358/358/358 367/367/367 356/356/356
f 367/367/367 358/358/358 365/365/365
s 1
f 350/350/350 359/359/359 361/361/361
f 359/359/359 350/350/350 352/352/352
s 5
f 368/368/368 377/377/377 366/366/366
f 377/377/377 368/368/368 375/375/375
s 1
f 362/362/362 371/371/371 360/360/360
f 371/371/371 362/362/362 369/369/369
s 5
f 378/378/378 387/387/387 376/376/376
f 387/387/387 378/378/378 385/385/385
s 1
f 370/370/370 381/381/381 372/372/372
f 381/381/381 370/370/370 379/379/379
s 5
f 388/388/388 393/393/393 386/386/386
f 393/393/393 388/388/388 394/394/394
s 1
f 391/391/391 382/382/382 380/380/380
f 391/391/391 380/380/380 389/389/389
s 5
f 396/396/396 395/395/395 811/811/811
f 396/396/396 811/811/811 1132/1212/1132
s 1
f 398/398/398 392/392/392 390/390/390
f 398/398/398 390/390/390 400/400/400
s 2
f 402/402/402 404/404/404 407/407/407
f 404/404/404 405/405/405 407/407/407
f 406/406/406 408/408/408 411/411/411
f 408/408/408 409/409/409 411/411/411
f 410/410/410 412/412/412 415/415/415
f 412/412/412 413/413/413 415/415/415
f 418/418/418 417/417/417 416/416/416
f 414/414/414 416/416/416 417/417/417
f 420/420/420 422/422/422 421/421/421
f 422/422/422 420/420/420 419/419/419
f 424/424/424 426/426/426 425/425/425
f 426/426/426 424/424/424 423/423/423
f 428/428/428 430/430/430 429/429/429
f 430/430/430 428/428/428 427/427/427
f 432/432/432 434/434/434 433/433/433
f 434/434/434 432/432/432 431/431/431
f 436/436/436 437/437/437 439/439/439
f 437/437/437 436/436/436 435/435/435
f 438/438/438 440/440/440 1133/1213/1133
f 440/440/440 740/740/740 1133/1213/1133
s 3
f 442/442/442 444/444/444 447/447/447
f 444/444/444 445/445/445 447/447/447
f 446/446/446 448/448/448 451/451/451
f 448/448/448 449/449/449 451/451/451
f 450/450/450 452/452/452 455/455/455
f 452/452/452 453/453/453 455/455/455
f 460/460/460 459/459/459 456/456/456
f 454/454/454 456/456/456 459/459/459
f 464/464/464 458/458/458 457/457/457
f 458/458/458 464/464/464 462/462/462
f 468/468/468 461/461/461 463/463/463
f 461/461/461 468/468/468 466/466/466
f 472/472/472 465/465/465 467/467/467
f 465/465/465 472/472/472 470/470/470
f 476/476/476 469/469/469 471/471/471
f 469/469/469 476/476/476 474/474/474
f 478/478/478 473/473/473 475/475/475
f 473/473/473 478/478/478 480/480/480
f 1134/1214/1134 479/479/479 761/761/761
f 479/479/479 1134/1214/1134 477/477/477
s 4
f 488/488/488 483/483/483 486/486/486
f 483/483/483 488/488/488 481/481/481
f 492/492/492 487/487/487 490/490/490
f 487/487/487 492/492/492 485/485/485
f 496/496/496 491/491/491 494/494/494
f 491/491/491 496/496/496 489/489/489
f 497/497/497 495/495/495 498/498/498
f 495/495/495 497/497/497 493/493/493
f 500/500/500 502/502/502 501/501/501
f 502/502/502 500/500/500 499/499/499
f 504/504/504 506/506/506 505/505/505
f 506/506/506 504/504/504 503/503/503
f 508/508/508 510/510/510 509/509/509
f 510/510/510 508/508/508 507/507/507
f 512/512/512 514/514/514 513/513/513
f 514/514/514 512/512/512 511/511/511
f 516/516/516 517/517/517 519/519/519
f 517/517/517 516/516/516 515/515/515
f 518/518/518 520/520/520 1135/1215/1135
f 520/520/520 782/782/782 1135/1215/1135
s 5
f 522/522/522 524/524/524 527/527/527
f 524/524/524 525/525/525 527/527/527
f 526/526/526 528/528/528 531/531/531
f 528/528/528 529/529/529 531/531/531
f 530/530/530 532/532/532 535/535/535
f 532/532/532 533/533/533 535/535/535
f 538/538/538 537/537/537 536/536/536
f 534/534/534 536/536/536 537/537/537
f 540/540/540 542/542/542 541/541/541
f 542/542/542 540/540/540 539/539/539
f 544/544/544 546/546/546 545/545/545
f 546/546/546 544/544/544 543/543/543
f 548/548/548 550/550/550 549/549/549
f 550/550/550 548/548/548 547/547/547
f 552/552/552 554/554/554 553/553/553
f 554/554/554 552/552/552 551/551/551
f 556/556/556 557/557/557 559/559/559
f 557/557/557 556/556/556 555/555/555
f 558/558/558 560/560/560 1136/1216/1136
f 560/560/560 803/803/803 1136/1216/1136
s 2
f 564/564/564 561/561/561 402/402/402
f 402/402/402 407/407/407 564/564/564
f 566/566/566 563/563/563 406/406/406
f 406/406/406 411/411/411 566/566/566
f 568/568/568 565/565/565 410/410/410
f 410/410/410 415/415/415 568/568/568
f 567/567/567 414/414/414 569/569/569
f 414/414/414 417/417/417 569/569/569
f 570/570/570 421/421/421 571/571/571
f 421/421/421 570/570/570 420/420/420
f 572/572/572 425/425/425 573/573/573
f 425/425/425 572/572/572 424/424/424
f 574/574/574 429/429/429 575/575/575
f 429/429/429 574/574/574 428/428/428
f 576/576/576 433/433/433 577/577/577
f 433/433/433 576/576/576 432/432/432
f 578/578/578 439/439/439 580/580/580
f 439/439/439 578/578/578 436/436/436
f 1137/1217/1137 579/579/579 438/438/438
f 438/438/438 1133/1213/1133 1137/1217/1137
s 3
f 584/584/584 581/581/581 442/442/442
f 442/442/442 447/447/447 584/584/584
f 586/586/586 583/583/583 446/446/446
f 446/446/446 451/451/451 586/586/586
f 588/588/588 585/585/585 450/450/450
f 450/450/450 455/455/455 588/588/588
f 587/587/587 454/454/454 590/590/590
f 454/454/454 459/459/459 590/590/590
f 462/462/462 589/589/589 458/458/458
f 589/589/589 462/462/462 592/592/592
f 466/466/466 591/591/591 461/461/461
f 591/591/591 466/466/466 594/594/594
f 470/470/470 593/593/593 465/465/465
f 593/593/593 470/470/470 596/596/596
f 474/474/474 595/595/595 469/469/469
f 595/595/595 474/474/474 598/598/598
f 480/480/480 597/597/597 473/473/473
f 597/597/597 480/480/480 600/600/600
f 1138/1218/1138 477/477/477 1134/1214/1134
f 477/477/477 1138/1218/1138 599/599/599
s 4
f 604/604/604 481/481/481 488/488/488
f 481/481/481 604/604/604 601/601/601
f 606/606/606 485/485/485 492/492/492
f 485/485/485 606/606/606 603/603/603
f 608/608/608 489/489/489 496/496/496
f 489/489/489 608/608/608 605/605/605
f 609/609/609 493/493/493 497/497/497
f 609/609/609 607/607/607 493/493/493
f 610/610/610 501/501/501 611/611/611
f 501/501/501 610/610/610 500/500/500
f 612/612/612 505/505/505 613/613/613
f 505/505/505 612/612/612 504/504/504
f 614/614/614 509/509/509 615/615/615
f 509/509/509 614/614/614 508/508/508
f 616/616/616 513/513/513 617/617/617
f 513/513/513 616/616/616 512/512/512
f 618/618/618 519/519/519 620/620/620
f 519/519/519 618/618/618 516/516/516
f 1139/1219/1139 619/619/619 518/518/518
f 518/518/518 1135/1215/1135 1139/1219/1139
s 5
f 624/624/624 621/621/621 522/522/522
f 522/522/522 527/527/527 624/624/624
f 626/626/626 623/623/623 526/526/526
f 526/526/526 531/531/531 626/626/626
f 628/628/628 625/625/625 530/530/530
f 530/530/530 535/535/535 628/628/628
f 627/627/627 534/534/534 629/629/629
f 534/534/534 537/537/537 629/629/629
f 630/630/630 541/541/541 631/631/631
f 541/541/541 630/630/630 540/540/540
f 632/632/632 545/545/545 633/633/633
f 545/545/545 632/632/632 544/544/544
f 634/634/634 549/549/549 635/635/635
f 549/549/549 634/634/634 548/548/548
f 636/636/636 553/553/553 637/637/637
f 553/553/553 636/636/636 552/552/552
f 638/638/638 559/559/559 640/640/640
f 559/559/559 638/638/638 556/556/556
f 1140/1220/1140 639/639/639 558/558/558
f 558/558/558 1136/1216/1136 1140/1220/1140
s 1
f 400/400/400 390/390/390 643/643/643
f 400/400/400 643/643/643 642/642/642
f 389/389/389 380/380/380 648/648/648
f 389/389/389 648/648/648 644/644/644
f 12/12/12 399/399/399 641/641/641
f 12/12/12 641/641/641 646/646/646
f 652/652/652 379/379/379 370/370/370
f 379/379/379 652/652/652 647/647/647
f 645/645/645 650/650/650 22/22/22
f 22/22/22 11/11/11 645/645/645
f 656/656/656 369/369/369 362/362/362
f 369/369/369 656/656/656 651/651/651
f 649/649/649 654/654/654 32/32/32
f 32/32/32 21/21/21 649/649/649
f 352/352/352 655/655/655 359/359/359
f 655/655/655 352/352/352 660/660/660
f 653/653/653 658/658/658 41/41/41
f 41/41/41 30/30/30 653/653/653
f 342/342/342 659/659/659 349/349/349
f 659/659/659 342/342/342 664/664/664
f 657/657/657 662/662/662 51/51/51
f 657/657/657 51/51/51 39/39/39
f 663/663/663 332/332/332 668/668/668
f 332/332/332 663/663/663 339/339/339
f 61/61/61 661/661/661 666/666/666
f 661/661/661 61/61/61 49/49/49
f 667/667/667 322/322/322 672/672/672
f 322/322/322 667/667/667 329/329/329
f 669/669/669 59/59/59 665/665/665
f 59/59/59 669/669/669 69/69/69
f 671/671/671 312/312/312 676/676/676
f 312/312/312 671/671/671 319/319/319
f 72/72/72 673/673/673 79/79/79
f 673/673/673 72/72/72 670/670/670
f 675/675/675 301/301/301 680/680/680
f 301/301/301 675/675/675 309/309/309
f 82/82/82 677/677/677 89/89/89
f 677/677/677 82/82/82 674/674/674
f 679/679/679 291/291/291 684/684/684
f 291/291/291 679/679/679 300/300/300
f 92/92/92 681/681/681 99/99/99
f 681/681/681 92/92/92 678/678/678
f 683/683/683 281/281/281 688/688/688
f 281/281/281 683/683/683 290/290/290
f 102/102/102 685/685/685 109/109/109
f 685/685/685 102/102/102 682/682/682
f 687/687/687 271/271/271 692/692/692
f 271/271/271 687/687/687 280/280/280
f 112/112/112 689/689/689 119/119/119
f 689/689/689 112/112/112 686/686/686
f 260/260/260 691/691/691 270/270/270
f 691/691/691 260/260/260 695/695/695
f 122/122/122 693/693/693 130/130/130
f 693/693/693 122/122/122 690/690/690
f 259/259/259 250/250/250 700/700/700
f 259/259/259 700/700/700 696/696/696
f 131/131/131 697/697/697 140/140/140
f 697/697/697 131/131/131 694/694/694
f 704/704/704 249/249/249 240/240/240
f 249/249/249 704/704/704 699/699/699
f 701/701/701 141/141/141 698/698/698
f 141/141/141 701/701/701 150/150/150
f 708/708/708 239/239/239 230/230/230
f 239/239/239 708/708/708 703/703/703
f 705/705/705 151/151/151 702/702/702
f 151/151/151 705/705/705 160/160/160
f 712/712/712 229/229/229 220/220/220
f 229/229/229 712/712/712 707/707/707
f 706/706/706 710/710/710 171/171/171
f 171/171/171 161/161/161 706/706/706
f 715/715/715 219/219/219 209/209/209
f 219/219/219 715/715/715 711/711/711
f 709/709/709 714/714/714 181/181/181
f 709/709/709 181/181/181 169/169/169
f 211/211/211 719/719/719 716/716/716
f 719/719/719 211/211/211 199/199/199
f 713/713/713 718/718/718 191/191/191
f 713/713/713 191/191/191 179/179/179
f 201/201/201 717/717/717 720/720/720
f 717/717/717 201/201/201 189/189/189
s 2
f 1141/1221/1141 404/404/404 401/401/401
f 404/404/404 1141/1221/1141 721/721/721
f 722/722/722 408/408/408 405/405/405
f 408/408/408 722/722/722 723/723/723
f 724/724/724 412/412/412 409/409/409
f 412/412/412 724/724/724 725/725/725
f 726/726/726 416/416/416 413/413/413
f 416/416/416 726/726/726 727/727/727
f 728/728/728 730/730/730 418/418/418
f 418/418/418 730/730/730 419/419/419
f 729/729/729 732/732/732 422/422/422
f 422/422/422 732/732/732 423/423/423
f 731/731/731 734/734/734 426/426/426
f 426/426/426 734/734/734 427/427/427
f 733/733/733 736/736/736 430/430/430
f 430/430/430 736/736/736 431/431/431
f 735/735/735 738/738/738 434/434/434
f 434/434/434 738/738/738 435/435/435
f 737/737/737 440/440/440 437/437/437
f 440/440/440 737/737/737 739/739/739
s 3
f 1142/1222/1142 444/444/444 441/441/441
f 444/444/444 1142/1222/1142 742/742/742
f 743/743/743 448/448/448 445/445/445
f 448/448/448 743/743/743 744/744/744
f 745/745/745 452/452/452 449/449/449
f 452/452/452 745/745/745 746/746/746
f 747/747/747 456/456/456 453/453/453
f 456/456/456 747/747/747 748/748/748
f 751/751/751 457/457/457 460/460/460
f 751/751/751 460/460/460 749/749/749
f 753/753/753 463/463/463 464/464/464
f 753/753/753 464/464/464 750/750/750
f 755/755/755 467/467/467 468/468/468
f 755/755/755 468/468/468 752/752/752
f 757/757/757 471/471/471 472/472/472
f 757/757/757 472/472/472 754/754/754
f 759/759/759 475/475/475 476/476/476
f 759/759/759 476/476/476 756/756/756
f 479/479/479 758/758/758 762/762/762
f 758/758/758 479/479/479 478/478/478
s 4
f 483/483/483 1143/1223/1143 764/764/764
f 1143/1223/1143 483/483/483 482/482/482
f 487/487/487 763/763/763 766/766/766
f 763/763/763 487/487/487 486/486/486
f 491/491/491 765/765/765 768/768/768
f 765/765/765 491/491/491 490/490/490
f 495/495/495 767/767/767 770/770/770
f 767/767/767 495/495/495 494/494/494
f 769/769/769 772/772/772 498/498/498
f 498/498/498 772/772/772 499/499/499
f 771/771/771 774/774/774 502/502/502
f 502/502/502 774/774/774 503/503/503
f 773/773/773 776/776/776 506/506/506
f 506/506/506 776/776/776 507/507/507
f 775/775/775 778/778/778 510/510/510
f 510/510/510 778/778/778 511/511/511
f 777/777/777 780/780/780 514/514/514
f 514/514/514 780/780/780 515/515/515
f 779/779/779 520/520/520 517/517/517
f 520/520/520 779/779/779 781/781/781
s 5
f 1144/1224/1144 524/524/524 521/521/521
f 524/524/524 1144/1224/1144 784/784/784
f 785/785/785 528/528/528 525/525/525
f 528/528/528 785/785/785 786/786/786
f 787/787/787 532/532/532 529/529/529
f 532/532/532 787/787/787 788/788/788
f 789/789/789 536/536/536 533/533/533
f 536/536/536 789/789/789 790/790/790
f 791/791/791 793/793/793 538/538/538
f 538/538/538 793/793/793 539/539/539
f 792/792/792 795/795/795 542/542/542
f 542/542/542 795/795/795 543/543/543
f 794/794/794 797/797/797 546/546/546
f 546/546/546 797/797/797 547/547/547
f 796/796/796 799/799/799 550/550/550
f 550/550/550 799/799/799 551/551/551
f 798/798/798 801/801/801 554/554/554
f 554/554/554 801/801/801 555/555/555
f 800/800/800 560/560/560 557/557/557
f 560/560/560 800/800/800 802/802/802
s 2
f 6/6/6 805/805/805 7/7/7
f 805/805/805 6/6/6 1145/1225/1145
f 16/16/16 807/807/807 17/17/17
f 807/807/807 16/16/16 806/806/806
s 5
f 394/394/394 809/809/809 395/395/395
f 809/809/809 394/394/394 815/815/815
s 2
f 26/26/26 812/812/812 27/27/27
f 812/812/812 26/26/26 808/808/808
s 5
f 819/819/819 388/388/388 385/385/385
f 388/388/388 819/819/819 814/814/814
s 2
f 36/36/36 816/816/816 37/37/37
f 816/816/816 36/36/36 813/813/813
s 5
f 823/823/823 378/378/378 375/375/375
f 378/378/378 823/823/823 818/818/818
s 2
f 817/817/817 48/48/48 45/45/45
f 48/48/48 817/817/817 820/820/820
s 5
f 827/827/827 368/368/368 365/365/365
f 368/368/368 827/827/827 822/822/822
s 2
f 821/821/821 58/58/58 55/55/55
f 58/58/58 821/821/821 824/824/824
s 5
f 831/831/831 358/358/358 355/355/355
f 358/358/358 831/831/831 826/826/826
s 2
f 825/825/825 68/68/68 65/65/65
f 68/68/68 825/825/825 828/828/828
s 5
f 835/835/835 348/348/348 345/345/345
f 348/348/348 835/835/835 830/830/830
s 2
f 829/829/829 78/78/78 75/75/75
f 78/78/78 829/829/829 832/832/832
s 5
f 336/336/336 834/834/834 337/337/337
f 834/834/834 336/336/336 839/839/839
s 2
f 833/833/833 88/88/88 85/85/85
f 88/88/88 833/833/833 836/836/836
s 5
f 326/326/326 838/838/838 327/327/327
f 838/838/838 326/326/326 844/844/844
s 2
f 96/96/96 840/840/840 97/97/97
f 840/840/840 96/96/96 837/837/837
s 5
f 316/316/316 843/843/843 317/317/317
f 843/843/843 316/316/316 848/848/848
s 3
f 106/106/106 845/845/845 107/107/107
f 845/845/845 106/106/106 1146/1226/1146
s 5
f 306/306/306 847/847/847 307/307/307
f 847/847/847 306/306/306 1147/1227/1147
s 3
f 116/116/116 849/849/849 117/117/117
f 849/849/849 116/116/116 846/846/846
s 4
f 296/296/296 851/851/851 297/297/297
f 851/851/851 296/296/296 857/857/857
s 3
f 126/126/126 854/854/854 127/127/127
f 854/854/854 126/126/126 850/850/850
s 4
f 861/861/861 288/288/288 285/285/285
f 288/288/288 861/861/861 856/856/856
s 3
f 136/136/136 858/858/858 137/137/137
f 858/858/858 136/136/136 855/855/855
s 4
f 865/865/865 278/278/278 275/275/275
f 278/278/278 865/865/865 860/860/860
s 3
f 146/146/146 859/859/859 147/147/147
f 862/862/862 147/147/147 859/859/859
s 4
f 869/869/869 268/268/268 265/265/265
f 268/268/268 869/869/869 864/864/864
s 3
f 156/156/156 863/863/863 157/157/157
f 866/866/866 157/157/157 863/863/863
s 4
f 873/873/873 258/258/258 255/255/255
f 258/258/258 873/873/873 868/868/868
s 3
f 166/166/166 867/867/867 167/167/167
f 870/870/870 167/167/167 867/867/867
s 4
f 876/876/876 248/248/248 245/245/245
f 248/248/248 876/876/876 872/872/872
s 3
f 874/874/874 177/177/177 871/871/871
f 177/177/177 176/176/176 871/871/871
s 4
f 877/877/877 238/238/238 880/880/880
f 238/238/238 877/877/877 235/235/235
s 3
f 878/878/878 187/187/187 875/875/875
f 187/187/187 186/186/186 875/875/875
s 4
f 881/881/881 228/228/228 885/885/885
f 228/228/228 881/881/881 225/225/225
s 3
f 884/884/884 198/198/198 879/879/879
f 198/198/198 884/884/884 195/195/195
s 4
f 886/886/886 218/218/218 887/887/887
f 218/218/218 886/886/886 215/215/215
f 888/888/888 208/208/208 1148/1228/1148
f 208/208/208 888/888/888 205/205/205
s 2
f 1149/1229/1149 805/891/805 1145/1230/1145
f 805/891/805 1149/1229/1149 889/889/889
f 890/890/890 807/895/807 806/892/806
f 807/895/807 890/890/890 891/893/891
s 5
f 897/905/897 809/899/809 815/908/815
f 809/899/809 897/905/897 893/897/893
s 2
f 892/894/892 812/902/812 808/896/808
f 812/902/812 892/894/892 896/904/896
s 5
f 814/906/814 901/913/901 898/907/898
f 901/913/901 814/906/814 819/916/819
s 2
f 816/910/816 813/901/813 895/903/895
f 816/910/816 895/903/895 900/912/900
s 5
f 818/914/818 905/921/905 902/915/902
f 905/921/905 818/914/818 823/924/823
s 2
f 817/909/817 903/918/903 820/920/820
f 903/918/903 817/909/817 899/911/899
s 5
f 909/929/909 906/923/906 822/922/822
f 909/929/909 822/922/822 827/932/827
s 2
f 907/926/907 821/917/821 904/919/904
f 821/917/821 907/926/907 824/928/824
s 5
f 913/938/913 910/931/910 826/930/826
f 913/938/913 826/930/826 831/939/831
s 2
f 911/934/911 825/925/825 908/927/908
f 825/925/825 911/934/911 828/936/828
s 5
f 918/947/918 914/940/914 830/937/830
f 830/937/830 835/945/835 918/947/918
s 2
f 915/942/915 829/933/829 912/935/912
f 829/933/829 915/942/915 832/944/832
s 5
f 917/946/917 839/953/839 922/955/922
f 839/953/839 917/946/917 834/948/834
s 2
f 919/949/919 833/941/833 916/943/916
f 833/941/833 919/949/919 836/951/836
s 5
f 921/954/921 844/961/844 926/963/926
f 844/961/844 921/954/921 838/956/838
s 2
f 923/957/923 837/950/837 920/952/920
f 837/950/837 923/957/923 840/959/840
s 5
f 848/969/848 925/962/925 843/964/843
f 925/962/925 848/969/848 930/971/930
s 3
f 927/965/927 1146/1231/1146 1150/1232/1150
f 1146/1231/1146 927/965/927 845/967/845
s 5
f 1147/1233/1147 929/970/929 847/972/847
f 929/970/929 1147/1233/1147 1151/1234/1151
s 3
f 931/973/931 846/966/846 928/968/928
f 846/966/846 931/973/931 849/975/849
s 4
f 857/986/857 933/978/933 851/980/851
f 933/978/933 857/986/857 938/988/938
s 3
f 850/974/850 935/981/935 854/983/854
f 935/981/935 850/974/850 932/976/932
s 4
f 861/994/861 937/985/937 856/987/856
f 937/985/937 861/994/861 942/996/942
s 3
f 855/982/855 939/989/939 858/991/858
f 939/989/939 855/982/855 936/984/936
s 4
f 865/1002/865 941/993/941 860/995/860
f 941/993/941 865/1002/865 946/1004/946
s 3
f 940/992/940 862/999/862 859/990/859
f 862/999/862 940/992/940 943/997/943
s 4
f 869/1010/869 945/1001/945 864/1003/864
f 945/1001/945 869/1010/869 950/1012/950
s 3
f 944/998/944 866/1006/866 863/1000/863
f 866/1006/866 944/998/944 948/1008/948
s 4
f 873/1018/873 949/1009/949 868/1011/868
f 949/1009/949 873/1018/873 954/1020/954
s 3
f 870/1014/870 867/1005/867 947/1007/947
f 870/1014/870 947/1007/947 952/1016/952
s 4
f 953/1017/953 876/1028/876 957/1025/957
f 876/1028/876 953/1017/953 872/1019/872
s 3
f 874/1022/874 871/1013/871 951/1015/951
f 874/1022/874 951/1015/951 956/1024/956
s 4
f 877/1026/877 961/1033/961 958/1027/958
f 961/1033/961 877/1026/877 880/1036/880
s 3
f 878/1030/878 875/1021/875 955/1023/955
f 878/1030/878 955/1023/955 960/1032/960
s 4
f 965/1041/965 962/1035/962 881/1034/881
f 965/1041/965 881/1034/881 885/1044/885
s 3
f 959/1031/959 964/1040/964 884/1037/884
f 884/1037/884 879/1029/879 959/1031/959
s 4
f 967/1046/967 966/1043/966 886/1042/886
f 886/1042/886 887/1047/887 967/1046/967
f 1152/1235/1152 968/1048/968 888/1045/888
f 888/1045/888 1148/1236/1148 1152/1235/1152
s 2
f 5/5/5 721/721/721 1141/1221/1141
f 721/721/721 5/5/5 8/8/8
f 15/15/15 723/723/723 722/722/722
f 723/723/723 15/15/15 18/18/18
f 25/25/25 725/725/725 724/724/724
f 725/725/725 25/25/25 28/28/28
f 35/35/35 727/727/727 726/726/726
f 727/727/727 35/35/35 38/38/38
f 728/728/728 47/47/47 46/46/46
f 728/728/728 46/46/46 730/730/730
f 729/729/729 57/57/57 56/56/56
f 729/729/729 56/56/56 732/732/732
f 731/731/731 67/67/67 66/66/66
f 731/731/731 66/66/66 734/734/734
f 733/733/733 77/77/77 76/76/76
f 733/733/733 76/76/76 736/736/736
f 735/735/735 87/87/87 86/86/86
f 735/735/735 86/86/86 738/738/738
f 95/95/95 739/739/739 737/737/737
f 739/739/739 95/95/95 98/98/98
s 3
f 105/105/105 742/742/742 1142/1222/1142
f 742/742/742 105/105/105 108/108/108
f 115/115/115 744/744/744 743/743/743
f 744/744/744 115/115/115 118/118/118
f 125/125/125 746/746/746 745/745/745
f 746/746/746 125/125/125 128/128/128
f 135/135/135 748/748/748 747/747/747
f 748/748/748 135/135/135 138/138/138
f 145/145/145 751/751/751 749/749/749
f 145/145/145 749/749/749 148/148/148
f 155/155/155 753/753/753 750/750/750
f 155/155/155 750/750/750 158/158/158
f 165/165/165 755/755/755 752/752/752
f 165/165/165 752/752/752 168/168/168
f 175/175/175 757/757/757 754/754/754
f 175/175/175 754/754/754 178/178/178
f 185/185/185 759/759/759 756/756/756
f 185/185/185 756/756/756 188/188/188
f 762/762/762 197/197/197 196/196/196
f 197/197/197 762/762/762 758/758/758
s 4
f 764/764/764 207/207/207 206/206/206
f 207/207/207 764/764/764 1143/1223/1143
f 766/766/766 217/217/217 216/216/216
f 217/217/217 766/766/766 763/763/763
f 768/768/768 227/227/227 226/226/226
f 227/227/227 768/768/768 765/765/765
f 770/770/770 237/237/237 236/236/236
f 237/237/237 770/770/770 767/767/767
f 769/769/769 247/247/247 246/246/246
f 769/769/769 246/246/246 772/772/772
f 771/771/771 257/257/257 256/256/256
f 771/771/771 256/256/256 774/774/774
f 773/773/773 267/267/267 266/266/266
f 773/773/773 266/266/266 776/776/776
f 775/775/775 277/277/277 276/276/276
f 775/775/775 276/276/276 778/778/778
f 777/777/777 287/287/287 286/286/286
f 777/777/777 286/286/286 780/780/780
f 295/295/295 781/781/781 779/779/779
f 781/781/781 295/295/295 298/298/298
s 5
f 305/305/305 784/784/784 1144/1224/1144
f 784/784/784 305/305/305 308/308/308
f 315/315/315 786/786/786 785/785/785
f 786/786/786 315/315/315 318/318/318
f 325/325/325 788/788/788 787/787/787
f 788/788/788 325/325/325 328/328/328
f 335/335/335 790/790/790 789/789/789
f 790/790/790 335/335/335 338/338/338
f 791/791/791 347/347/347 346/346/346
f 791/791/791 346/346/346 793/793/793
f 792/792/792 357/357/357 356/356/356
f 792/792/792 356/356/356 795/795/795
f 794/794/794 367/367/367 366/366/366
f 794/794/794 366/366/366 797/797/797
f 796/796/796 377/377/377 376/376/376
f 796/796/796 376/376/376 799/799/799
f 798/798/798 387/387/387 386/386/386
f 798/798/798 386/386/386 801/801/801
f 393/393/393 802/802/802 800/800/800
f 802/802/802 393/393/393 396/396/396
s 6
f 970/1050/970 975/1055/975 977/1057/977
f 970/1050/970 977/1057/977 971/1051/971
f 973/1053/973 969/1049/969 971/1051/971
f 973/1053/973 971/1051/971 974/1054/974
f 976/1056/976 981/1061/981 983/1063/983
f 976/1056/976 983/1063/983 977/1057/977
f 979/1059/979 972/1052/972 974/1054/974
f 979/1059/979 974/1054/974 980/1060/980
f 982/1062/982 987/1067/987 989/1069/989
f 982/1062/982 989/1069/989 983/1063/983
f 985/1065/985 978/1058/978 980/1060/980
f 985/1065/985 980/1060/980 986/1066/986
f 988/1068/988 993/1073/993 995/1075/995
f 988/1068/988 995/1075/995 989/1069/989
f 991/1071/991 984/1064/984 986/1066/986
f 991/1071/991 986/1066/986 992/1072/992
f 994/1074/994 999/1079/999 1001/1081/1001
f 994/1074/994 1001/1081/1001 995/1075/995
f 1000/1080/1000 1005/1085/1005 1007/1087/1007
f 1000/1080/1000 1007/1087/1007 1001/1081/1001
f 1003/1083/1003 996/1076/996 998/1078/998
f 1003/1083/1003 998/1078/998 1004/1084/1004
f 1006/1086/1006 1011/1091/1011 1013/1093/1013
f 1006/1086/1006 1013/1093/1013 1007/1087/1007
f 1009/1089/1009 1002/1082/1002 1004/1084/1004
f 1009/1089/1009 1004/1084/1004 1010/1090/1010
f 1012/1092/1012 1017/1097/1017 1019/1099/1019
f 1012/1092/1012 1019/1099/1019 1013/1093/1013
f 1015/1095/1015 1008/1088/1008 1010/1090/1010
f 1015/1095/1015 1010/1090/1010 1016/1096/1016
f 1018/1098/1018 1023/1103/1023 1025/1105/1025
f 1018/1098/1018 1025/1105/1025 1019/1099/1019
f 1021/1101/1021 1014/1094/1014 1016/1096/1016
f 1021/1101/1021 1016/1096/1016 1022/1102/1022
f 1024/1104/1024 1029/1109/1029 1031/1111/1031
f 1024/1104/1024 1031/1111/1031 1025/1105/1025
f 1027/1107/1027 1020/1100/1020 1022/1102/1022
f 1027/1107/1027 1022/1102/1022 1028/1108/1028
f 1030/1110/1030 1035/1115/1035 1037/1117/1037
f 1030/1110/1030 1037/1117/1037 1031/1111/1031
f 1033/1113/1033 1026/1106/1026 1028/1108/1028
f 1033/1113/1033 1028/1108/1028 1034/1114/1034
f 1036/1116/1036 1041/1121/1041 1043/1123/1043
f 1036/1116/1036 1043/1123/1043 1037/1117/1037
f 1039/1119/1039 1032/1112/1032 1034/1114/1034
f 1039/1119/1039 1034/1114/1034 1040/1120/1040
f 1042/1122/1042 1047/1127/1047 1049/1129/1049
f 1042/1122/1042 1049/1129/1049 1043/1123/1043
f 1045/1125/1045 1038/1118/1038 1040/1120/1040
f 1045/1125/1045 1040/1120/1040 1046/1126/1046
f 1048/1128/1048 1053/1133/1053 1055/1135/1055
f 1048/1128/1048 1055/1135/1055 1049/1129/1049
f 1051/1131/1051 1044/1124/1044 1046/1126/1046
f 1051/1131/1051 1046/1126/1046 1052/1132/1052
f 1054/1134/1054 1059/1139/1059 1061/1141/1061
f 1054/1134/1054 1061/1141/1061 1055/1135/1055
f 1057/1137/1057 1050/1130/1050 1052/1132/1052
f 1057/1137/1057 1052/1132/1052 1058/1138/1058
f 1060/1140/1060 1065/1145/1065 1067/1147/1067
f 1060/1140/1060 1067/1147/1067 1061/1141/1061
f 1063/1143/1063 1056/1136/1056 1058/1138/1058
f 1063/1143/1063 1058/1138/1058 1064/1144/1064
f 1066/1146/1066 1071/1151/1071 1073/1153/1073
f 1066/1146/1066 1073/1153/1073 1067/1147/1067
f 1069/1149/1069 1062/1142/1062 1064/1144/1064
f 1069/1149/1069 1064/1144/1064 1070/1150/1070
f 1072/1152/1072 1077/1157/1077 1079/1159/1079
f 1072/1152/1072 1079/1159/1079 1073/1153/1073
f 1075/1155/1075 1068/1148/1068 1070/1150/1070
f 1075/1155/1075 1070/1150/1070 1076/1156/1076
f 1078/1158/1078 1083/1163/1083 1085/1165/1085
f 1078/1158/1078 1085/1165/1085 1079/1159/1079
f 1081/1161/1081 1074/1154/1074 1076/1156/1076
f 1081/1161/1081 1076/1156/1076 1082/1162/1082
f 1084/1164/1084 1086/1166/1086 1088/1168/1088
f 1084/1164/1084 1088/1168/1088 1085/1165/1085
f 1087/1167/1087 1080/1160/1080 1082/1162/1082
f 1087/1167/1087 1082/1162/1082 1088/1168/1088
f 997/1077/997 990/1070/990 992/1072/992
f 997/1077/997 992/1072/992 998/1078/998
s 1
f 642/642/642 643/643/643 383/383/383
f 642/642/642 383/383/383 373/373/373
f 644/644/644 648/648/648 363/363/363
f 644/644/644 363/363/363 383/383/383
f 646/646/646 641/641/641 373/373/373
f 646/646/646 373/373/373 354/354/354
f 647/647/647 652/652/652 344/344/344
f 647/647/647 344/344/344 363/363/363
f 650/650/650 645/645/645 354/354/354
f 650/650/650 354/354/354 334/334/334
f 651/651/651 656/656/656 324/324/324
f 651/651/651 324/324/324 344/344/344
f 654/654/654 649/649/649 334/334/334
f 654/654/654 334/334/334 313/313/313
f 655/655/655 660/660/660 304/304/304
f 655/655/655 304/304/304 324/324/324
f 658/658/658 653/653/653 313/313/313
f 658/658/658 313/313/313 293/293/293
f 659/659/659 664/664/664 284/284/284
f 659/659/659 284/284/284 304/304/304
f 662/662/662 657/657/657 293/293/293
f 662/662/662 293/293/293 273/273/273
f 663/663/663 668/668/668 263/263/263
f 663/663/663 263/263/263 284/284/284
f 666/666/666 661/661/661 273/273/273
f 666/666/666 273/273/273 253/253/253
f 667/667/667 672/672/672 244/244/244
f 667/667/667 244/244/244 263/263/263
f 669/669/669 665/665/665 253/253/253
f 669/669/669 253/253/253 233/233/233
f 671/671/671 676/676/676 224/224/224
f 671/671/671 224/224/224 244/244/244
f 673/673/673 670/670/670 233/233/233
f 673/673/673 233/233/233 213/213/213
f 675/675/675 680/680/680 204/204/204
f 675/675/675 204/204/204 224/224/224
f 677/677/677 674/674/674 213/213/213
f 677/677/677 213/213/213 193/193/193
f 679/679/679 684/684/684 184/184/184
f 679/679/679 184/184/184 204/204/204
f 681/681/681 678/678/678 193/193/193
f 681/681/681 193/193/193 174/174/174
f 683/683/683 688/688/688 164/164/164
f 683/683/683 164/164/164 184/184/184
f 685/685/685 682/682/682 174/174/174
f 685/685/685 174/174/174 153/153/153
f 687/687/687 692/692/692 144/144/144
f 687/687/687 144/144/144 164/164/164
f 689/689/689 686/686/686 153/153/153
f 689/689/689 153/153/153 133/133/133
f 691/691/691 695/695/695 124/124/124
f 691/691/691 124/124/124 144/144/144
f 693/693/693 690/690/690 133/133/133
f 693/693/693 133/133/133 113/113/113
f 696/696/696 700/700/700 104/104/104
f 696/696/696 104/104/104 124/124/124
f 697/697/697 694/694/694 113/113/113
f 697/697/697 113/113/113 93/93/93
f 699/699/699 704/704/704 84/84/84
f 699/699/699 84/84/84 104/104/104
f 701/701/701 698/698/698 93/93/93
f 701/701/701 93/93/93 73/73/73
f 703/703/703 708/708/708 63/63/63
f 703/703/703 63/63/63 84/84/84
f 705/705/705 702/702/702 73/73/73
f 705/705/705 73/73/73 53/53/53
f 707/707/707 712/712/712 43/43/43
f 707/707/707 43/43/43 63/63/63
f 710/710/710 706/706/706 53/53/53
f 710/710/710 53/53/53 34/34/34
f 711/711/711 715/715/715 24/24/24
f 711/711/711 24/24/24 43/43/43
f 714/714/714 709/709/709 34/34/34
f 714/714/714 34/34/34 13/13/13
f 716/716/716 719/719/719 4/4/4
f 716/716/716 4/4/4 24/24/24
f 718/718/718 713/713/713 13/13/13
f 718/718/718 13/13/13 2/2/2
f 720/720/720 717/717/717 2/2/2
f 720/720/720 2/2/2 4/4/4
s 7
g LLANTA_RIM_LOGO
usemtl RIM_LOGO
f 1153/1237/1153 1154/1238/1154 1155/1239/1155
f 1155/1239/1155 1156/1240/1156 1153/1237/1153
f 1154/1241/1154 1157/1242/1157 1158/1243/1158
f 1157/1242/1157 1154/1241/1154 1159/1244/1159
f 1160/1245/1160 1158/1243/1158 1157/1242/1157
f 1160/1245/1160 1161/1246/1161 1162/1247/1162
f 1162/1247/1162 1158/1243/1158 1160/1245/1160
f 1153/1237/1153 1159/1248/1159 1154/1238/1154
f 1155/1239/1155 1163/1249/1163 1156/1240/1156
f 1164/1250/1164 1165/1251/1165 1166/1252/1166
f 1165/1253/1165 1164/1254/1164 1167/1255/1167
f 1164/1256/1164 1168/1257/1168 1169/1258/1169
f 1168/1257/1168 1164/1256/1164 1170/1259/1170
f 1171/1260/1171 1168/1257/1168 1170/1259/1170
f 1170/1259/1170 1162/1247/1162 1171/1260/1171
f 1171/1260/1171 1162/1247/1162 1161/1246/1161
f 1167/1261/1167 1164/1262/1164 1169/1263/1169
f 1166/1252/1166 1165/1251/1165 1172/1264/1172
s 8
g LLANTA_Material.001
usemtl Material.001
f 1173/1265/1173 1174/1266/1174 1175/1267/1175
f 1174/1266/1174 1173/1265/1173 1176/1268/1176
f 1177/1269/1177 1173/1265/1173 1178/1270/1178
f 1175/1267/1175 1178/1270/1178 1173/1265/1173
f 1179/1271/1179 1178/1270/1178 1180/1272/1180
f 1178/1270/1178 1179/1271/1179 1177/1269/1177
f 1181/1273/1181 1179/1271/1179 1182/1274/1182
f 1182/1274/1182 1179/1271/1179 1180/1272/1180
f 1183/1275/1183 1184/1276/1184 1185/1277/1185
f 1184/1276/1184 1183/1275/1183 1186/1278/1186
f 1187/1279/1187 1185/1277/1185 1188/1280/1188
f 1185/1277/1185 1187/1279/1187 1183/1275/1183
f 1189/1281/1189 1188/1282/1188 1190/1283/1190
f 1188/1282/1188 1189/1281/1189 1187/1284/1187
f 1191/1285/1191 1190/1283/1190 1192/1286/1192
f 1190/1283/1190 1191/1285/1191 1189/1281/1189
f 1193/1287/1193 1194/1288/1194 1195/1289/1195
f 1194/1288/1194 1193/1287/1193 1196/1290/1196
f 1197/1291/1197 1196/1290/1196 1193/1287/1193
f 1196/1290/1196 1197/1291/1197 1198/1292/1198
f 1199/1293/1199 1197/1291/1197 1200/1294/1200
f 1197/1291/1197 1199/1293/1199 1198/1292/1198
f 1201/1295/1201 1199/1293/1199 1200/1294/1200
f 1199/1293/1199 1201/1295/1201 1202/1296/1202
f 1194/1297/1194 1196/1298/1196 1203/1299/1203
f 1203/1299/1203 1204/1300/1204 1194/1297/1194
f 1205/1301/1205 1196/1298/1196 1198/1302/1198
f 1196/1298/1196 1205/1301/1205 1206/1303/1206
f 1207/1304/1207 1198/1305/1198 1199/1306/1199
f 1198/1305/1198 1207/1304/1207 1205/1307/1205
f 1208/1308/1208 1199/1306/1199 1202/1309/1202
f 1199/1306/1199 1208/1308/1208 1207/1304/1207
f 1174/1310/1174 1209/1311/1209 1175/1312/1175
f 1209/1311/1209 1174/1310/1174 1210/1313/1210
f 1211/1314/1211 1182/1315/1182 1180/1316/1180
f 1182/1315/1182 1211/1314/1211 1212/1317/1212
f 1213/1318/1213 1180/1316/1180 1178/1319/1178
f 1180/1316/1180 1213/1318/1213 1211/1314/1211
f 1209/1311/1209 1178/1320/1178 1175/1312/1175
f 1178/1320/1178 1209/1311/1209 1213/1321/1213
f 1176/1268/1176 1173/1265/1173 1214/1322/1214
f 1176/1268/1176 1214/1322/1214 1215/1323/1215
f 1177/1269/1177 1214/1322/1214 1173/1265/1173
f 1214/1322/1214 1177/1269/1177 1216/1324/1216
f 1179/1271/1179 1216/1324/1216 1177/1269/1177
f 1216/1324/1216 1179/1271/1179 1217/1325/1217
f 1181/1273/1181 1217/1325/1217 1179/1271/1179
f 1217/1325/1217 1181/1273/1181 1218/1326/1218
f 1186/1278/1186 1183/1275/1183 1219/1327/1183
f 1219/1327/1183 1220/1328/1219 1186/1278/1186
f 1187/1279/1187 1221/1329/1187 1183/1275/1183
f 1221/1329/1187 1219/1327/1183 1183/1275/1183
f 1189/1281/1189 1222/1330/1189 1187/1284/1187
f 1222/1330/1189 1221/1331/1187 1187/1284/1187
f 1191/1285/1191 1223/1332/1191 1189/1281/1189
f 1223/1332/1191 1222/1330/1189 1189/1281/1189
f 1220/1328/1219 1219/1327/1183 1193/1333/1193
f 1193/1333/1193 1195/1334/1195 1220/1328/1219
f 1219/1327/1183 1221/1329/1187 1197/1335/1197
f 1197/1335/1197 1193/1333/1193 1219/1327/1183
f 1221/1331/1187 1222/1330/1189 1200/1336/1200
f 1200/1336/1200 1197/1337/1197 1221/1331/1187
f 1222/1330/1189 1223/1332/1191 1201/1338/1201
f 1201/1338/1201 1200/1336/1200 1222/1330/1189
f 1215/1323/1215 1214/1322/1214 1185/1339/1185
f 1215/1323/1215 1185/1339/1185 1184/1340/1184
f 1214/1322/1214 1216/1324/1216 1188/1341/1188
f 1214/1322/1214 1188/1341/1188 1185/1339/1185
f 1217/1325/1217 1188/1341/1188 1216/1324/1216
f 1188/1341/1188 1217/1325/1217 1190/1342/1190
f 1218/1326/1218 1190/1342/1190 1217/1325/1217
f 1190/1342/1190 1218/1326/1218 1192/1343/1192
f 1224/1344/1220 1225/1345/1221 1226/1346/1222
f 1226/1346/1222 1227/1347/1223 1224/1344/1220
f 1225/1348/1221 1228/1349/1224 1229/1350/1225
f 1228/1349/1224 1225/1348/1221 1230/1351/1226
f 1231/1352/1227 1229/1350/1225 1228/1349/1224
f 1231/1352/1227 1232/1353/1228 1233/1354/1229
f 1233/1354/1229 1229/1350/1225 1231/1352/1227
f 1234/1355/1230 1235/1356/1231 1226/1346/1222
f 1234/1355/1230 1226/1346/1222 1236/1357/1232
f 1225/1348/1221 1229/1350/1225 1237/1358/1233
f 1237/1359/1233 1238/1360/1234 1225/1345/1221
f 1229/1361/1225 1233/1362/1229 1239/1363/1235
f 1239/1364/1235 1237/1358/1233 1229/1350/1225
f 1205/1301/1205 1240/1365/1236 1206/1303/1206
f 1240/1365/1236 1241/1366/1237 1206/1303/1206
f 1207/1304/1207 1242/1367/1238 1205/1307/1205
f 1242/1367/1238 1240/1368/1236 1205/1307/1205
f 1208/1308/1208 1243/1369/1239 1207/1304/1207
f 1243/1369/1239 1242/1367/1238 1207/1304/1207
f 1244/1370/1240 1245/1371/1241 1246/1372/1242
f 1245/1371/1241 1244/1370/1240 1247/1373/1243
f 1248/1374/1244 1244/1370/1240 1246/1372/1242
f 1244/1370/1240 1248/1374/1244 1249/1375/1245
f 1250/1376/1246 1247/1377/1243 1244/1378/1240
f 1247/1377/1243 1250/1376/1246 1251/1379/1247
f 1252/1380/1248 1244/1381/1240 1249/1382/1245
f 1244/1381/1240 1252/1380/1248 1250/1383/1246
f 1253/1384/1249 1254/1385/1250 1255/1386/1251
f 1255/1386/1251 1256/1387/1252 1253/1384/1249
f 1257/1388/1253 1256/1389/1252 1255/1390/1251
f 1256/1389/1252 1257/1388/1253 1258/1391/1254
f 1257/1392/1253 1259/1393/1255 1258/1394/1254
f 1250/1376/1246 1253/1395/1249 1251/1379/1247
f 1252/1380/1248 1254/1385/1250 1250/1383/1246
s 9
f 1260/1396/1256 1261/1397/1257 1262/1398/1256
f 1261/1397/1257 1260/1396/1256 1263/1399/1257
s 10
f 1264/1400/1258 1265/1401/1259 1266/1402/1260
f 1266/1403/1260 1267/1404/1261 1268/1405/1262
f 1266/1403/1260 1268/1405/1262 1269/1406/1263
s 8
f 1250/1383/1246 1254/1385/1250 1253/1384/1249
f 1270/1407/1264 1271/1408/1265 1272/1409/1266
f 1273/1410/1267 1274/1411/1268 1248/1374/1244
f 1248/1374/1244 1246/1372/1242 1273/1410/1267
f 1275/1412/1269 1276/1413/1270 1277/1414/1271
f 1274/1411/1268 1276/1413/1270 1275/1412/1269
f 1275/1412/1269 1278/1415/1272 1279/1416/1273
f 1275/1412/1269 1277/1414/1271 1278/1415/1272
f 1277/1414/1271 1280/1417/1274 1278/1415/1272
f 1281/1418/1275 1282/1419/1276 1283/1420/1277
f 1283/1420/1277 1280/1417/1274 1281/1418/1275
f 1280/1417/1274 1283/1420/1277 1278/1415/1272
f 1273/1410/1267 1246/1372/1242 1284/1421/1278
f 1285/1422/1279 1282/1419/1276 1281/1418/1275
f 1282/1419/1276 1285/1422/1279 1286/1423/1280
f 1285/1422/1279 1280/1417/1274 1287/1424/1281
f 1280/1417/1274 1285/1422/1279 1281/1418/1275
f 1288/1425/1282 1287/1424/1281 1280/1417/1274
f 1280/1417/1274 1277/1414/1271 1288/1425/1282
f 1289/1426/1283 1288/1425/1282 1277/1414/1271
f 1277/1414/1271 1276/1413/1270 1289/1426/1283
f 1290/1427/1284 1289/1426/1283 1276/1413/1270
f 1276/1413/1270 1273/1410/1267 1290/1427/1284
f 1284/1421/1278 1290/1427/1284 1273/1410/1267
f 1290/1427/1284 1284/1421/1278 1291/1428/1285
f 1292/1429/1286 1291/1428/1285 1293/1430/1287
f 1293/1430/1287 1291/1428/1285 1284/1421/1278
f 1292/1429/1286 1245/1371/1241 1294/1431/1288
f 1245/1371/1241 1292/1429/1286 1293/1430/1287
f 1295/1432/1289 1296/1433/1290 1285/1422/1279
f 1296/1433/1290 1286/1423/1280 1285/1422/1279
f 1285/1434/1279 1287/1435/1281 1295/1436/1289
f 1297/1437/1291 1295/1436/1289 1287/1435/1281
f 1287/1435/1281 1288/1438/1282 1297/1437/1291
f 1298/1439/1292 1297/1437/1291 1288/1438/1282
f 1298/1439/1292 1288/1438/1282 1289/1440/1283
f 1299/1441/1293 1289/1440/1283 1290/1442/1284
f 1289/1440/1283 1299/1441/1293 1298/1439/1292
f 1291/1443/1285 1299/1441/1293 1290/1442/1284
f 1300/1444/1294 1299/1441/1293 1291/1443/1285
f 1292/1429/1286 1294/1431/1288 1272/1409/1266
f 1270/1407/1264 1272/1409/1266 1294/1431/1288
f 1272/1409/1266 1300/1445/1294 1292/1429/1286
f 1300/1445/1294 1291/1428/1285 1292/1429/1286
f 1299/1441/1293 1300/1444/1294 1271/1446/1265
f 1271/1408/1265 1300/1445/1294 1272/1409/1266
f 1273/1410/1267 1276/1413/1270 1274/1411/1268
f 1246/1447/1242 1245/1448/1241 1293/1449/1287
f 1246/1372/1242 1293/1430/1287 1284/1421/1278
f 1301/1450/1295 1302/1451/1296 1303/1452/1297
f 1301/1450/1295 1303/1452/1297 1304/1453/1298
f 1305/1454/1299 1306/1455/1300 1307/1456/1301
f 1306/1455/1300 1305/1454/1299 1308/1457/1302
f 1309/1458/1303 1310/1459/1304 1311/1460/1305
f 1310/1459/1304 1309/1458/1303 1312/1461/1306
f 1312/1461/1306 1313/1462/1307 1310/1459/1304
f 1313/1462/1307 1312/1461/1306 1314/1463/1308
f 1308/1457/1302 1311/1460/1305 1306/1455/1300
f 1311/1460/1305 1308/1457/1302 1309/1458/1303
f 1315/1464/1309 1307/1456/1301 1316/1465/1310
f 1307/1456/1301 1315/1464/1309 1305/1454/1299
f 1317/1466/1311 1316/1465/1310 1318/1467/1312
f 1316/1465/1310 1317/1466/1311 1315/1464/1309
f 1319/1468/1313 1318/1469/1312 1320/1470/1314
f 1318/1469/1312 1319/1468/1313 1317/1471/1311
s 11
f 1321/1472/1315 1322/1473/1316 1323/1474/1317
f 1323/1474/1317 1324/1475/1318 1321/1472/1315
f 1325/1476/1319 1321/1472/1315 1324/1475/1318
f 1324/1475/1318 1326/1477/1320 1325/1476/1319
f 1322/1473/1316 1327/1478/1321 1328/1479/1322
f 1328/1479/1322 1323/1474/1317 1322/1473/1316
f 1329/1480/1323 1328/1479/1322 1330/1481/1324
f 1330/1481/1324 1328/1479/1322 1327/1478/1321
f 1329/1482/1323 1331/1483/1325 1332/1484/1326
f 1332/1485/1326 1333/1486/1327 1329/1487/1323
s 8
f 1334/1488/1328 1335/1489/1329 1336/1490/1330
f 1336/1490/1330 1337/1491/1331 1334/1488/1328
f 1338/1492/1332 1339/1493/1333 1340/1494/1334
f 1340/1494/1334 1339/1493/1333 1341/1495/1335
f 1334/1488/1328 1337/1491/1331 1341/1495/1335
f 1337/1491/1331 1340/1494/1334 1341/1495/1335
f 1342/1496/1336 1343/1497/1337 1338/1492/1332
f 1339/1493/1333 1338/1492/1332 1343/1497/1337
f 1335/1489/1329 1344/1498/1338 1345/1499/1339
f 1345/1499/1339 1336/1490/1330 1335/1489/1329
f 1345/1499/1339 1346/1500/1340 1347/1501/1341
f 1346/1500/1340 1345/1499/1339 1344/1498/1338
s 11
f 1323/1502/1317 1348/1503/1342 1324/1504/1318
f 1348/1503/1342 1323/1502/1317 1349/1505/1343
f 1322/1506/1316 1350/1507/1344 1351/1508/1345
f 1322/1506/1316 1321/1509/1315 1350/1507/1344
f 1326/1477/1320 1352/1510/1346 1325/1476/1319
f 1324/1504/1318 1348/1503/1342 1326/1511/1320
f 1325/1512/1319 1353/1513/1347 1321/1509/1315
f 1353/1513/1347 1325/1512/1319 1354/1514/1348
f 1355/1515/1349 1352/1516/1346 1356/1517/1350
f 1352/1516/1346 1355/1515/1349 1325/1512/1319
f 1355/1515/1349 1354/1514/1348 1325/1512/1319
f 1321/1509/1315 1353/1513/1347 1350/1507/1344
f 1328/1518/1322 1349/1505/1343 1323/1502/1317
f 1349/1505/1343 1328/1518/1322 1357/1519/1351
f 1351/1508/1345 1327/1520/1321 1322/1506/1316
f 1327/1520/1321 1351/1508/1345 1358/1521/1352
f 1333/1486/1327 1328/1518/1322 1329/1487/1323
f 1328/1518/1322 1333/1486/1327 1357/1519/1351
f 1330/1522/1324 1327/1520/1321 1359/1523/1353
f 1359/1523/1353 1327/1520/1321 1358/1521/1352
s 8
f 1234/1524/1230 1347/1525/1341 1346/1526/1340
s 11
f 1360/1527/1354 1330/1528/1324 1361/1529/1355
f 1330/1522/1324 1359/1523/1353 1361/1530/1355
f 1360/1527/1354 1329/1482/1323 1330/1528/1324
f 1329/1482/1323 1360/1527/1354 1331/1483/1325
s 8
f 1362/1531/1356 1320/1470/1314 1363/1532/1357
f 1320/1470/1314 1362/1531/1356 1319/1468/1313
f 1363/1532/1357 1206/1303/1206 1362/1531/1356
f 1235/1356/1231 1364/1533/1358 1227/1347/1223
f 1365/1534/1359 1302/1451/1296 1366/1535/1360
f 1230/1536/1226 1224/1344/1220 1241/1366/1237
f 1228/1537/1224 1241/1366/1237 1240/1365/1236
f 1241/1366/1237 1228/1537/1224 1230/1536/1226
f 1231/1538/1227 1240/1368/1236 1242/1367/1238
f 1240/1368/1236 1231/1538/1227 1228/1539/1224
f 1232/1540/1228 1242/1367/1238 1243/1369/1239
f 1242/1367/1238 1232/1540/1228 1231/1538/1227
f 1367/1541/1361 1234/1355/1230 1236/1357/1232
f 1238/1360/1234 1236/1357/1232 1225/1345/1221
f 1225/1345/1221 1236/1357/1232 1226/1346/1222
f 1236/1357/1232 1368/1542/1362 1367/1541/1361
f 1196/1298/1196 1206/1303/1206 1203/1299/1203
f 1302/1451/1296 1365/1534/1359 1363/1543/1357
f 1206/1544/1206 1363/1543/1357 1365/1534/1359
f 1303/1452/1297 1302/1451/1296 1320/1545/1314
f 1363/1543/1357 1320/1545/1314 1302/1451/1296
f 1320/1545/1314 1318/1546/1312 1303/1452/1297
f 1303/1452/1297 1318/1546/1312 1369/1547/1363
f 1316/1548/1310 1369/1547/1363 1318/1546/1312
f 1369/1547/1363 1316/1548/1310 1370/1549/1364
f 1371/1550/1365 1370/1549/1364 1316/1548/1310
f 1316/1548/1310 1307/1551/1301 1371/1550/1365
f 1372/1552/1366 1371/1550/1365 1307/1551/1301
f 1307/1551/1301 1306/1553/1300 1372/1552/1366
f 1306/1553/1300 1283/1420/1277 1372/1552/1366
f 1283/1420/1277 1306/1553/1300 1311/1554/1305
f 1278/1415/1272 1283/1420/1277 1311/1554/1305
f 1311/1554/1305 1310/1555/1304 1278/1415/1272
f 1279/1416/1273 1310/1555/1304 1313/1556/1307
f 1279/1416/1273 1278/1415/1272 1310/1555/1304
f 1241/1366/1237 1362/1531/1356 1206/1303/1206
f 1362/1531/1356 1241/1366/1237 1224/1344/1220
f 1227/1347/1223 1319/1468/1313 1224/1344/1220
f 1362/1531/1356 1224/1344/1220 1319/1468/1313
f 1319/1468/1313 1227/1347/1223 1364/1533/1358
f 1319/1468/1313 1364/1533/1358 1373/1557/1367
f 1317/1471/1311 1319/1468/1313 1373/1557/1367
f 1373/1557/1367 1374/1558/1368 1317/1471/1311
f 1315/1464/1309 1317/1466/1311 1374/1559/1368
f 1374/1559/1368 1375/1560/1369 1315/1464/1309
f 1305/1454/1299 1315/1464/1309 1375/1560/1369
f 1375/1560/1369 1376/1561/1370 1305/1454/1299
f 1308/1457/1302 1305/1454/1299 1376/1561/1370
f 1376/1561/1370 1377/1562/1371 1308/1457/1302
f 1309/1458/1303 1308/1457/1302 1377/1562/1371
f 1377/1562/1371 1378/1563/1372 1309/1458/1303
f 1309/1458/1303 1378/1563/1372 1312/1461/1306
f 1378/1563/1372 1379/1564/1373 1312/1461/1306
f 1312/1461/1306 1379/1564/1373 1314/1463/1308
f 1379/1564/1373 1380/1565/1374 1314/1463/1308
f 1234/1566/1230 1367/1567/1361 1347/1568/1341
f 1224/1344/1220 1230/1536/1226 1225/1345/1221
f 1226/1346/1222 1235/1356/1231 1227/1347/1223
f 1236/1357/1232 1238/1360/1234 1368/1542/1362
f 1204/1569/1204 1365/1534/1359 1366/1535/1360
f 1204/1569/1204 1203/1570/1203 1365/1534/1359
f 1365/1534/1359 1203/1570/1203 1206/1544/1206
f 1282/1419/1276 1372/1552/1366 1283/1420/1277
f 1371/1550/1365 1381/1571/1375 1370/1549/1364
f 1381/1571/1375 1371/1550/1365 1382/1572/1376
f 1270/1407/1264 1383/1573/1377 1271/1408/1265
f 1295/1436/1289 1297/1437/1291 1271/1446/1265
f 1271/1446/1265 1298/1439/1292 1299/1441/1293
f 1271/1446/1265 1297/1437/1291 1298/1439/1292
f 1296/1433/1290 1295/1432/1289 1271/1408/1265
f 1259/1574/1255 1384/1575/1378 1258/1576/1254
s 9
f 1385/1577/1379 1260/1396/1256 1262/1398/1256
f 1260/1396/1256 1385/1577/1379 1386/1578/1379
s 8
f 1257/1579/1253 1387/1580/1380 1259/1581/1255
s 10
f 1265/1582/1259 1267/1583/1261 1266/1584/1260
f 1265/1582/1259 1388/1585/1381 1267/1583/1261
s 8
f 1382/1572/1376 1371/1550/1365 1372/1552/1366
f 1382/1572/1376 1372/1552/1366 1389/1586/1382
f 1174/1266/1174 1390/1587/1383 1391/1588/1384
f 1390/1587/1383 1174/1266/1174 1176/1268/1176
f 1392/1589/1385 1391/1588/1384 1390/1587/1383
f 1392/1589/1385 1390/1587/1383 1393/1590/1386
f 1394/1591/1387 1392/1589/1385 1393/1590/1386
f 1394/1591/1387 1393/1590/1386 1395/1592/1388
f 1395/1592/1388 1396/1593/1389 1394/1591/1387
f 1396/1593/1389 1395/1592/1388 1397/1594/1390
f 1184/1276/1184 1398/1595/1391 1399/1596/1392
f 1398/1595/1391 1184/1276/1184 1186/1278/1186
f 1399/1596/1392 1400/1597/1393 1401/1598/1394
f 1400/1597/1393 1399/1596/1392 1398/1595/1391
f 1401/1598/1394 1402/1599/1395 1403/1600/1396
f 1402/1599/1395 1401/1598/1394 1400/1597/1393
f 1403/1600/1396 1404/1601/1397 1405/1602/1398
f 1404/1601/1397 1403/1600/1396 1402/1599/1395
f 1194/1288/1194 1406/1603/1399 1195/1289/1195
f 1406/1603/1399 1194/1288/1194 1407/1604/1400
f 1407/1604/1400 1408/1605/1401 1406/1603/1399
f 1408/1605/1401 1407/1604/1400 1409/1606/1402
f 1409/1606/1402 1410/1607/1403 1408/1605/1401
f 1411/1608/1404 1408/1605/1401 1410/1607/1403
f 1410/1607/1403 1412/1609/1405 1411/1608/1404
f 1412/1609/1405 1410/1607/1403 1413/1610/1406
f 1414/1611/1407 1194/1297/1194 1204/1300/1204
f 1407/1612/1400 1194/1297/1194 1414/1611/1407
f 1407/1612/1400 1415/1613/1408 1409/1614/1402
f 1415/1613/1408 1407/1612/1400 1416/1615/1409
f 1409/1614/1402 1417/1616/1410 1410/1617/1403
f 1417/1616/1410 1409/1614/1402 1415/1613/1408
f 1410/1617/1403 1418/1618/1411 1413/1619/1406
f 1418/1618/1411 1410/1617/1403 1417/1616/1410
f 1419/1620/1412 1174/1310/1174 1391/1621/1384
f 1174/1310/1174 1419/1620/1412 1210/1313/1210
f 1420/1622/1413 1421/1623/1414 1396/1624/1389
f 1396/1624/1389 1421/1623/1414 1394/1625/1387
f 1421/1623/1414 1392/1626/1385 1394/1625/1387
f 1392/1626/1385 1421/1623/1414 1422/1627/1415
f 1422/1627/1415 1419/1620/1412 1392/1626/1385
f 1392/1626/1385 1419/1620/1412 1391/1621/1384
f 1390/1587/1383 1176/1268/1176 1423/1628/1416
f 1176/1268/1176 1215/1323/1215 1423/1628/1416
f 1393/1590/1386 1423/1628/1416 1424/1629/1417
f 1423/1628/1416 1393/1590/1386 1390/1587/1383
f 1395/1592/1388 1424/1629/1417 1425/1630/1418
f 1424/1629/1417 1395/1592/1388 1393/1590/1386
f 1397/1594/1390 1425/1630/1418 1426/1631/1419
f 1425/1630/1418 1397/1594/1390 1395/1592/1388
f 1220/1328/1219 1427/1632/1391 1186/1278/1186
f 1186/1278/1186 1427/1632/1391 1398/1595/1391
f 1427/1632/1391 1428/1633/1393 1398/1595/1391
f 1398/1595/1391 1428/1633/1393 1400/1597/1393
f 1428/1633/1393 1429/1634/1395 1400/1597/1393
f 1400/1597/1393 1429/1634/1395 1402/1599/1395
f 1429/1634/1395 1430/1635/1397 1402/1599/1395
f 1402/1599/1395 1430/1635/1397 1404/1601/1397
f 1195/1334/1195 1406/1636/1399 1220/1328/1219
f 1220/1328/1219 1406/1636/1399 1427/1632/1391
f 1406/1636/1399 1408/1637/1401 1427/1632/1391
f 1427/1632/1391 1408/1637/1401 1428/1633/1393
f 1408/1637/1401 1411/1638/1404 1428/1633/1393
f 1428/1633/1393 1411/1638/1404 1429/1634/1395
f 1411/1638/1404 1412/1639/1405 1429/1634/1395
f 1429/1634/1395 1412/1639/1405 1430/1635/1397
f 1184/1340/1184 1399/1640/1392 1215/1323/1215
f 1423/1628/1416 1215/1323/1215 1399/1640/1392
f 1399/1640/1392 1401/1641/1394 1423/1628/1416
f 1424/1629/1417 1423/1628/1416 1401/1641/1394
f 1401/1641/1394 1403/1642/1396 1424/1629/1417
f 1425/1630/1418 1424/1629/1417 1403/1642/1396
f 1403/1642/1396 1426/1631/1419 1425/1630/1418
f 1426/1631/1419 1403/1642/1396 1405/1643/1398
f 1431/1644/1420 1432/1645/1421 1433/1646/1422
f 1434/1647/1423 1433/1648/1422 1432/1649/1421
f 1431/1644/1420 1435/1650/1424 1436/1651/1425
f 1435/1650/1424 1431/1644/1420 1437/1652/1426
f 1438/1653/1427 1435/1650/1424 1437/1652/1426
f 1439/1654/1428 1438/1653/1427 1440/1655/1429
f 1438/1653/1427 1437/1652/1426 1440/1655/1429
f 1441/1656/1430 1433/1648/1422 1442/1657/1431
f 1433/1648/1422 1441/1656/1430 1443/1658/1432
f 1444/1659/1433 1431/1660/1420 1445/1661/1434
f 1431/1660/1420 1444/1659/1433 1437/1662/1426
f 1444/1659/1433 1446/1663/1435 1437/1662/1426
f 1437/1662/1426 1446/1663/1435 1440/1664/1429
f 1447/1665/1436 1448/1666/1437 1416/1615/1409
f 1416/1615/1409 1448/1666/1437 1415/1613/1408
f 1448/1666/1437 1449/1667/1438 1415/1613/1408
f 1415/1613/1408 1449/1667/1438 1417/1616/1410
f 1449/1667/1438 1450/1668/1439 1417/1616/1410
f 1417/1616/1410 1450/1668/1439 1418/1618/1411
f 1247/1373/1243 1451/1669/1440 1245/1371/1241
f 1452/1670/1441 1245/1371/1241 1451/1669/1440
f 1451/1669/1440 1453/1671/1442 1452/1670/1441
f 1453/1671/1442 1451/1669/1440 1454/1672/1443
f 1247/1377/1243 1455/1673/1444 1451/1674/1440
f 1455/1673/1444 1247/1377/1243 1251/1379/1247
f 1451/1674/1440 1456/1675/1445 1454/1676/1443
f 1456/1675/1445 1451/1674/1440 1455/1673/1444
f 1256/1677/1252 1457/1678/1446 1253/1395/1249
f 1253/1395/1249 1457/1678/1446 1458/1679/1447
f 1256/1389/1252 1459/1680/1448 1457/1681/1446
f 1459/1680/1448 1256/1389/1252 1258/1391/1254
f 1459/1682/1448 1258/1683/1254 1460/1684/1449
f 1455/1673/1444 1251/1379/1247 1253/1395/1249
f 1456/1675/1445 1455/1673/1444 1458/1679/1447
s 9
f 1461/1685/1450 1261/1397/1257 1462/1686/1450
f 1261/1397/1257 1263/1399/1257 1462/1686/1450
s 10
f 1264/1400/1258 1266/1402/1260 1463/1687/1451
f 1269/1406/1263 1464/1688/1452 1266/1403/1260
f 1465/1689/1453 1266/1403/1260 1464/1688/1452
s 8
f 1455/1673/1444 1253/1395/1249 1458/1679/1447
f 1270/1407/1264 1466/1690/1454 1383/1573/1377
f 1452/1691/1441 1453/1692/1442 1467/1693/1455
f 1453/1692/1442 1468/1694/1456 1467/1693/1455
f 1469/1695/1457 1468/1696/1456 1470/1697/1458
f 1470/1697/1458 1471/1698/1459 1469/1695/1457
f 1472/1699/1460 1470/1697/1458 1473/1700/1461
f 1471/1698/1459 1470/1697/1458 1472/1699/1460
f 1471/1698/1459 1472/1699/1460 1474/1701/1462
f 1475/1702/1463 1476/1703/1464 1282/1419/1276
f 1474/1701/1462 1476/1703/1464 1475/1702/1463
f 1476/1703/1464 1474/1701/1462 1472/1699/1460
f 1467/1704/1455 1477/1705/1465 1452/1706/1441
f 1286/1423/1280 1478/1707/1466 1282/1419/1276
f 1475/1702/1463 1282/1419/1276 1478/1707/1466
f 1474/1701/1462 1478/1707/1466 1479/1708/1467
f 1478/1707/1466 1474/1701/1462 1475/1702/1463
f 1480/1709/1468 1474/1701/1462 1479/1708/1467
f 1474/1701/1462 1480/1709/1468 1471/1698/1459
f 1480/1709/1468 1481/1710/1469 1471/1698/1459
f 1471/1698/1459 1481/1710/1469 1469/1695/1457
f 1482/1711/1470 1469/1712/1457 1481/1713/1469
f 1467/1693/1455 1469/1712/1457 1482/1711/1470
f 1482/1714/1470 1477/1705/1465 1467/1704/1455
f 1477/1715/1465 1482/1716/1470 1483/1717/1471
f 1484/1718/1472 1483/1719/1471 1485/1720/1473
f 1483/1719/1471 1484/1718/1472 1477/1721/1465
f 1245/1371/1241 1485/1720/1473 1294/1431/1288
f 1485/1720/1473 1245/1371/1241 1484/1718/1472
f 1478/1722/1466 1286/1723/1280 1296/1724/1290
f 1296/1724/1290 1486/1725/1474 1478/1722/1466
f 1479/1726/1467 1478/1722/1466 1486/1725/1474
f 1486/1725/1474 1487/1727/1475 1479/1726/1467
f 1480/1728/1468 1479/1726/1467 1487/1727/1475
f 1487/1727/1475 1488/1729/1476 1480/1728/1468
f 1488/1729/1476 1481/1713/1469 1480/1728/1468
f 1481/1713/1469 1489/1730/1477 1482/1711/1470
f 1489/1730/1477 1481/1713/1469 1488/1729/1476
f 1483/1731/1471 1482/1732/1470 1489/1733/1477
f 1483/1734/1471 1489/1735/1477 1490/1736/1478
f 1294/1431/1288 1466/1690/1454 1270/1407/1264
f 1466/1690/1454 1294/1431/1288 1485/1720/1473
f 1490/1737/1478 1466/1690/1454 1485/1720/1473
f 1485/1720/1473 1483/1719/1471 1490/1737/1478
f 1489/1738/1477 1383/1739/1377 1490/1740/1478
f 1383/1573/1377 1466/1690/1454 1490/1737/1478
f 1467/1693/1455 1468/1694/1456 1469/1712/1457
f 1452/1741/1441 1484/1742/1472 1245/1743/1241
f 1452/1741/1441 1477/1744/1465 1484/1742/1472
f 1491/1745/1479 1370/1549/1364 1381/1571/1375
f 1370/1549/1364 1491/1745/1479 1369/1547/1363
f 1492/1746/1480 1493/1747/1481 1494/1748/1482
f 1495/1749/1483 1494/1748/1482 1493/1747/1481
f 1496/1750/1484 1497/1751/1485 1498/1752/1486
f 1499/1753/1487 1498/1752/1486 1497/1751/1485
f 1500/1754/1488 1496/1750/1484 1501/1755/1489
f 1501/1755/1489 1496/1750/1484 1498/1752/1486
f 1497/1751/1485 1492/1756/1480 1499/1753/1487
f 1494/1757/1482 1499/1753/1487 1492/1756/1480
f 1495/1749/1483 1502/1758/1490 1503/1759/1491
f 1502/1758/1490 1495/1749/1483 1493/1747/1481
f 1504/1760/1492 1503/1759/1491 1505/1761/1493
f 1505/1761/1493 1503/1759/1491 1502/1758/1490
f 1506/1762/1494 1504/1760/1492 1507/1763/1495
f 1504/1760/1492 1505/1761/1493 1507/1763/1495
s 12
f 1508/1764/1496 1509/1765/1497 1510/1766/1498
f 1509/1765/1497 1511/1767/1499 1510/1766/1498
f 1509/1768/1497 1512/1769/1500 1511/1770/1499
f 1512/1769/1500 1513/1771/1501 1511/1770/1499
f 1514/1772/1502 1508/1764/1496 1515/1773/1503
f 1508/1764/1496 1510/1766/1498 1515/1773/1503
f 1516/1774/1504 1517/1775/1505 1515/1773/1503
f 1517/1775/1505 1514/1772/1502 1515/1773/1503
f 1518/1776/1506 1516/1774/1504 1519/1777/1507
f 1519/1778/1507 1516/1779/1504 1520/1780/1508
s 8
f 1521/1781/1509 1522/1782/1510 1523/1783/1511
f 1524/1784/1512 1523/1783/1511 1522/1782/1510
f 1525/1785/1513 1526/1786/1514 1527/1787/1515
f 1525/1785/1513 1527/1787/1515 1528/1788/1516
f 1521/1781/1509 1523/1783/1511 1528/1788/1516
f 1528/1788/1516 1527/1787/1515 1521/1781/1509
f 1526/1789/1514 1529/1790/1517 1530/1791/1518
f 1529/1790/1517 1526/1789/1514 1525/1792/1513
f 1522/1782/1510 1531/1793/1519 1524/1784/1512
f 1532/1794/1520 1524/1784/1512 1531/1793/1519
f 1531/1793/1519 1533/1795/1521 1534/1796/1522
f 1534/1796/1522 1532/1794/1520 1531/1793/1519
s 12
f 1510/1797/1498 1535/1798/1523 1536/1799/1524
f 1535/1798/1523 1510/1797/1498 1511/1800/1499
f 1537/1801/1525 1538/1802/1526 1508/1803/1496
f 1509/1804/1497 1508/1803/1496 1538/1802/1526
f 1513/1805/1501 1512/1806/1500 1539/1807/1527
f 1511/1800/1499 1513/1808/1501 1535/1798/1523
f 1540/1809/1528 1512/1769/1500 1509/1768/1497
f 1512/1810/1500 1540/1811/1528 1541/1812/1529
f 1542/1813/1530 1539/1814/1527 1512/1810/1500
f 1539/1814/1527 1542/1813/1530 1543/1815/1531
f 1542/1813/1530 1512/1810/1500 1541/1812/1529
f 1509/1804/1497 1538/1802/1526 1540/1816/1528
f 1515/1817/1503 1536/1799/1524 1544/1818/1532
f 1536/1799/1524 1515/1817/1503 1510/1797/1498
f 1545/1819/1533 1537/1801/1525 1514/1820/1502
f 1514/1820/1502 1537/1801/1525 1508/1803/1496
f 1520/1780/1508 1515/1817/1503 1544/1818/1532
f 1515/1817/1503 1520/1780/1508 1516/1779/1504
f 1546/1821/1534 1514/1822/1502 1517/1823/1505
f 1514/1824/1502 1546/1825/1534 1545/1826/1533
s 8
f 1441/1656/1430 1534/1796/1522 1533/1795/1521
s 12
f 1517/1775/1505 1547/1827/1535 1548/1828/1536
f 1517/1775/1505 1548/1828/1536 1546/1829/1534
f 1547/1827/1535 1516/1774/1504 1518/1776/1506
f 1516/1774/1504 1547/1827/1535 1517/1775/1505
s 8
f 1507/1763/1495 1549/1830/1537 1506/1762/1494
f 1549/1830/1537 1550/1831/1538 1506/1762/1494
f 1550/1831/1538 1549/1830/1537 1416/1832/1409
f 1442/1657/1431 1434/1647/1423 1551/1833/1539
f 1552/1834/1540 1366/1535/1360 1301/1450/1295
f 1436/1835/1425 1447/1836/1436 1432/1649/1421
f 1447/1665/1436 1435/1837/1424 1448/1666/1437
f 1435/1837/1424 1447/1665/1436 1436/1838/1425
f 1448/1666/1437 1438/1839/1427 1449/1667/1438
f 1438/1839/1427 1448/1666/1437 1435/1837/1424
f 1449/1667/1438 1439/1840/1428 1450/1668/1439
f 1439/1840/1428 1449/1667/1438 1438/1839/1427
f 1553/1841/1541 1443/1658/1432 1441/1656/1430
f 1433/1648/1422 1443/1658/1432 1431/1842/1420
f 1443/1658/1432 1445/1843/1434 1431/1842/1420
f 1443/1658/1432 1553/1841/1541 1554/1844/1542
f 1407/1612/1400 1414/1611/1407 1416/1615/1409
f 1550/1845/1538 1416/1846/1409 1552/1834/1540
f 1552/1834/1540 1301/1450/1295 1550/1845/1538
f 1506/1847/1494 1550/1845/1538 1301/1450/1295
f 1301/1450/1295 1304/1453/1298 1506/1847/1494
f 1504/1848/1492 1506/1847/1494 1304/1453/1298
f 1304/1453/1298 1491/1745/1479 1504/1848/1492
f 1503/1849/1491 1504/1848/1492 1491/1745/1479
f 1491/1745/1479 1381/1571/1375 1503/1849/1491
f 1495/1850/1483 1503/1849/1491 1382/1572/1376
f 1381/1571/1375 1382/1572/1376 1503/1849/1491
f 1382/1572/1376 1389/1586/1382 1495/1850/1483
f 1389/1586/1382 1494/1851/1482 1495/1850/1483
f 1494/1851/1482 1476/1703/1464 1499/1852/1487
f 1476/1703/1464 1494/1851/1482 1389/1586/1382
f 1498/1853/1486 1499/1852/1487 1472/1699/1460
f 1476/1703/1464 1472/1699/1460 1499/1852/1487
f 1498/1853/1486 1473/1700/1461 1501/1854/1489
f 1472/1699/1460 1473/1700/1461 1498/1853/1486
f 1549/1830/1537 1447/1836/1436 1416/1832/1409
f 1447/1836/1436 1549/1830/1537 1432/1649/1421
f 1432/1649/1421 1549/1830/1537 1507/1763/1495
f 1432/1649/1421 1507/1763/1495 1434/1647/1423
f 1507/1763/1495 1551/1833/1539 1434/1647/1423
f 1507/1763/1495 1555/1855/1543 1551/1833/1539
f 1507/1763/1495 1505/1761/1493 1555/1855/1543
f 1555/1855/1543 1505/1761/1493 1556/1856/1544
f 1505/1761/1493 1502/1758/1490 1556/1856/1544
f 1556/1856/1544 1502/1758/1490 1557/1857/1545
f 1558/1858/1546 1557/1857/1545 1493/1747/1481
f 1502/1758/1490 1493/1747/1481 1557/1857/1545
f 1493/1747/1481 1492/1746/1480 1558/1858/1546
f 1492/1746/1480 1559/1859/1547 1558/1858/1546
f 1492/1756/1480 1497/1751/1485 1559/1860/1547
f 1497/1751/1485 1560/1861/1548 1559/1860/1547
f 1560/1861/1548 1497/1751/1485 1496/1750/1484
f 1496/1750/1484 1561/1862/1549 1560/1861/1548
f 1562/1863/1550 1561/1862/1549 1500/1754/1488
f 1500/1754/1488 1561/1862/1549 1496/1750/1484
f 1441/1656/1430 1533/1795/1521 1553/1841/1541
f 1432/1645/1421 1431/1644/1420 1436/1651/1425
f 1433/1648/1422 1434/1647/1423 1442/1657/1431
f 1443/1658/1432 1554/1844/1542 1445/1843/1434
f 1552/1834/1540 1204/1569/1204 1366/1535/1360
f 1414/1864/1407 1204/1569/1204 1552/1834/1540
f 1552/1834/1540 1416/1846/1409 1414/1864/1407
f 1282/1419/1276 1476/1703/1464 1389/1586/1382
f 1304/1453/1298 1369/1547/1363 1491/1745/1479
f 1369/1547/1363 1304/1453/1298 1303/1452/1297
f 1282/1419/1276 1389/1586/1382 1372/1552/1366
f 1486/1725/1474 1383/1865/1377 1487/1727/1475
f 1488/1729/1476 1383/1865/1377 1489/1730/1477
f 1487/1727/1475 1383/1865/1377 1488/1729/1476
f 1296/1724/1290 1383/1865/1377 1486/1725/1474
f 1460/1866/1449 1258/1576/1254 1384/1575/1378
s 9
f 1563/1867/1551 1462/1686/1450 1564/1868/1551
f 1462/1686/1450 1563/1867/1551 1461/1685/1450
s 8
f 1459/1682/1448 1460/1684/1449 1565/1869/1552
s 10
f 1463/1687/1451 1266/1402/1260 1465/1870/1453
f 1463/1687/1451 1465/1870/1453 1566/1871/1553
s 8
f 1366/1535/1360 1302/1451/1296 1301/1450/1295
f 1296/1433/1290 1271/1408/1265 1383/1573/1377
f 1567/1872/1554 1568/1873/1555 1569/1874/1556
f 1568/1873/1555 1567/1872/1554 1570/1875/1557
f 1570/1875/1557 1571/1876/1558 1568/1873/1555
f 1568/1873/1555 1571/1876/1558 1572/1877/1559
f 1571/1876/1558 1573/1878/1560 1572/1877/1559
f 1573/1878/1560 1574/1879/1561 1572/1877/1559
f 1397/1594/1390 1574/1879/1561 1396/1593/1389
f 1573/1878/1560 1396/1593/1389 1574/1879/1561
f 1575/1880/1562 1576/1881/1563 1577/1882/1564
f 1577/1882/1564 1576/1881/1563 1578/1883/1565
f 1579/1884/1566 1575/1880/1562 1580/1885/1567
f 1580/1885/1567 1575/1880/1562 1577/1882/1564
f 1581/1886/1568 1579/1884/1566 1582/1887/1569
f 1582/1887/1569 1579/1884/1566 1580/1885/1567
f 1404/1601/1397 1581/1886/1568 1405/1602/1398
f 1405/1602/1398 1581/1886/1568 1582/1887/1569
f 1583/1888/1570 1584/1889/1571 1585/1890/1572
f 1584/1889/1571 1583/1888/1570 1586/1891/1573
f 1585/1890/1572 1587/1892/1574 1588/1893/1575
f 1587/1892/1574 1585/1890/1572 1584/1889/1571
f 1589/1894/1576 1588/1893/1575 1587/1892/1574
f 1587/1892/1574 1590/1895/1577 1589/1894/1576
f 1589/1894/1576 1412/1609/1405 1413/1610/1406
f 1412/1609/1405 1589/1894/1576 1590/1895/1577
f 1583/1896/1570 1585/1897/1572 1591/1898/1578
f 1591/1898/1578 1592/1899/1579 1583/1896/1570
f 1593/1900/1580 1594/1901/1581 1588/1902/1575
f 1588/1902/1575 1594/1901/1581 1585/1897/1572
f 1595/1903/1582 1593/1900/1580 1589/1904/1576
f 1589/1904/1576 1593/1900/1580 1588/1902/1575
f 1418/1618/1411 1595/1903/1582 1413/1619/1406
f 1413/1619/1406 1595/1903/1582 1589/1904/1576
f 1567/1905/1554 1596/1906/1583 1570/1907/1557
f 1596/1906/1583 1567/1905/1554 1597/1908/1584
f 1598/1909/1585 1396/1624/1389 1573/1910/1560
f 1396/1624/1389 1598/1909/1585 1420/1622/1413
f 1571/1911/1558 1598/1909/1585 1573/1910/1560
f 1598/1909/1585 1571/1911/1558 1599/1912/1586
f 1596/1906/1583 1571/1911/1558 1570/1907/1557
f 1571/1911/1558 1596/1906/1583 1599/1912/1586
f 1569/1874/1556 1600/1913/1587 1601/1914/1588
f 1600/1913/1587 1569/1874/1556 1568/1873/1555
f 1600/1913/1587 1572/1877/1559 1602/1915/1589
f 1572/1877/1559 1600/1913/1587 1568/1873/1555
f 1572/1877/1559 1603/1916/1590 1602/1915/1589
f 1603/1916/1590 1572/1877/1559 1574/1879/1561
f 1397/1594/1390 1603/1916/1590 1574/1879/1561
f 1603/1916/1590 1397/1594/1390 1426/1631/1419
f 1575/1880/1562 1604/1917/1591 1576/1881/1563
f 1604/1917/1591 1575/1880/1562 1605/1918/1562
f 1579/1884/1566 1605/1918/1562 1575/1880/1562
f 1605/1918/1562 1579/1884/1566 1606/1919/1592
f 1581/1886/1568 1606/1919/1592 1579/1884/1566
f 1606/1919/1592 1581/1886/1568 1607/1920/1568
f 1404/1601/1397 1607/1920/1568 1581/1886/1568
f 1607/1920/1568 1404/1601/1397 1430/1635/1397
f 1605/1918/1562 1586/1921/1573 1604/1917/1591
f 1586/1921/1573 1605/1918/1562 1584/1922/1571
f 1606/1919/1592 1584/1922/1571 1605/1918/1562
f 1584/1922/1571 1606/1919/1592 1587/1923/1574
f 1607/1920/1568 1587/1923/1574 1606/1919/1592
f 1587/1923/1574 1607/1920/1568 1590/1924/1577
f 1430/1635/1397 1590/1924/1577 1607/1920/1568
f 1590/1924/1577 1430/1635/1397 1412/1639/1405
f 1601/1914/1588 1577/1925/1564 1578/1926/1565
f 1577/1925/1564 1601/1914/1588 1600/1913/1587
f 1600/1913/1587 1580/1927/1567 1577/1925/1564
f 1580/1927/1567 1600/1913/1587 1602/1915/1589
f 1582/1928/1569 1602/1915/1589 1603/1916/1590
f 1602/1915/1589 1582/1928/1569 1580/1927/1567
f 1426/1631/1419 1582/1928/1569 1603/1916/1590
f 1582/1928/1569 1426/1631/1419 1405/1643/1398
f 1608/1929/1593 1609/1930/1594 1610/1931/1595
f 1609/1932/1594 1608/1933/1593 1611/1934/1596
f 1608/1935/1593 1612/1936/1597 1613/1937/1598
f 1612/1936/1597 1608/1935/1593 1614/1938/1599
f 1615/1939/1600 1613/1937/1598 1612/1936/1597
f 1440/1655/1429 1613/1937/1598 1615/1939/1600
f 1440/1655/1429 1615/1939/1600 1439/1654/1428
f 1616/1940/1601 1617/1941/1602 1611/1942/1596
f 1617/1941/1602 1618/1943/1603 1611/1942/1596
f 1613/1944/1598 1619/1945/1604 1608/1933/1593
f 1619/1945/1604 1613/1944/1598 1620/1946/1605
f 1440/1664/1429 1620/1946/1605 1613/1944/1598
f 1620/1946/1605 1440/1664/1429 1446/1663/1435
f 1593/1900/1580 1621/1947/1606 1594/1901/1581
f 1621/1947/1606 1593/1900/1580 1622/1948/1607
f 1595/1903/1582 1622/1948/1607 1593/1900/1580
f 1622/1948/1607 1595/1903/1582 1623/1949/1608
f 1418/1618/1411 1623/1949/1608 1595/1903/1582
f 1623/1949/1608 1418/1618/1411 1450/1668/1439
f 1624/1950/1609 1625/1951/1610 1626/1952/1611
f 1626/1953/1611 1627/1954/1612 1624/1955/1609
f 1624/1955/1609 1453/1671/1442 1454/1672/1443
f 1453/1671/1442 1624/1955/1609 1627/1954/1612
f 1628/1956/1613 1629/1957/1614 1624/1950/1609
f 1624/1950/1609 1629/1957/1614 1625/1951/1610
f 1456/1675/1445 1628/1956/1613 1454/1676/1443
f 1454/1676/1443 1628/1956/1613 1624/1950/1609
f 1458/1679/1447 1630/1958/1615 1631/1959/1616
f 1630/1958/1615 1458/1679/1447 1457/1678/1446
f 1630/1960/1615 1459/1680/1448 1632/1961/1617
f 1459/1680/1448 1630/1960/1615 1457/1681/1446
f 1459/1682/1448 1633/1962/1618 1632/1963/1617
f 1628/1956/1613 1631/1959/1616 1629/1957/1614
f 1456/1675/1445 1458/1679/1447 1628/1956/1613
s 9
f 1634/1964/1619 1635/1965/1619 1636/1966/1620
f 1635/1965/1619 1637/1967/1620 1636/1966/1620
s 10
f 1638/1968/1621 1639/1969/1622 1640/1970/1623
f 1640/1971/1623 1464/1688/1452 1641/1972/1624
f 1464/1688/1452 1640/1971/1623 1465/1689/1453
s 8
f 1628/1956/1613 1458/1679/1447 1631/1959/1616
f 1642/1973/1625 1643/1974/1626 1644/1975/1627
f 1468/1694/1456 1627/1976/1612 1645/1977/1628
f 1627/1976/1612 1468/1694/1456 1453/1692/1442
f 1646/1978/1629 1470/1697/1458 1647/1979/1630
f 1647/1979/1630 1470/1697/1458 1468/1696/1456
f 1470/1697/1458 1646/1978/1629 1648/1980/1631
f 1648/1980/1631 1473/1700/1461 1470/1697/1458
f 1646/1978/1629 1649/1981/1632 1648/1980/1631
f 1650/1982/1633 1651/1983/1634 1652/1984/1635
f 1649/1981/1632 1652/1984/1635 1648/1980/1631
f 1652/1984/1635 1649/1981/1632 1650/1982/1633
f 1645/1977/1628 1627/1976/1612 1653/1985/1636
f 1654/1986/1637 1655/1987/1638 1651/1983/1634
f 1651/1983/1634 1650/1982/1633 1654/1986/1637
f 1656/1988/1639 1654/1986/1637 1649/1981/1632
f 1650/1982/1633 1649/1981/1632 1654/1986/1637
f 1649/1981/1632 1657/1989/1640 1656/1988/1639
f 1657/1989/1640 1649/1981/1632 1646/1978/1629
f 1658/1990/1641 1657/1989/1640 1646/1978/1629
f 1658/1990/1641 1646/1978/1629 1647/1979/1630
f 1659/1991/1642 1658/1992/1641 1647/1993/1630
f 1659/1991/1642 1647/1993/1630 1645/1977/1628
f 1659/1994/1642 1653/1995/1636 1660/1996/1643
f 1653/1985/1636 1659/1991/1642 1645/1977/1628
f 1661/1997/1644 1660/1996/1643 1662/1998/1645
f 1653/1995/1636 1662/1998/1645 1660/1996/1643
f 1663/1999/1646 1661/2000/1644 1626/2001/1611
f 1662/1998/1645 1626/2002/1611 1661/1997/1644
f 1664/2003/1647 1665/2004/1648 1654/2005/1637
f 1665/2004/1648 1655/2006/1638 1654/2005/1637
f 1654/2005/1637 1656/2007/1639 1664/2003/1647
f 1666/2008/1649 1664/2003/1647 1656/2007/1639
f 1656/2009/1639 1657/2010/1640 1666/2011/1649
f 1667/2012/1650 1666/2011/1649 1657/2010/1640
f 1667/2012/1650 1657/2010/1640 1658/2013/1641
f 1658/2013/1641 1668/2014/1651 1667/2012/1650
f 1668/2014/1651 1658/2013/1641 1659/2015/1642
f 1659/2015/1642 1660/2016/1643 1668/2014/1651
f 1668/2014/1651 1660/2016/1643 1669/2017/1652
f 1663/2018/1646 1644/1975/1627 1661/1997/1644
f 1642/1973/1625 1644/1975/1627 1663/2018/1646
f 1661/1997/1644 1669/2019/1652 1660/1996/1643
f 1669/2019/1652 1661/1997/1644 1644/1975/1627
f 1668/2014/1651 1669/2017/1652 1643/2020/1626
f 1643/1974/1626 1669/2019/1652 1644/1975/1627
f 1645/1977/1628 1647/1993/1630 1468/1694/1456
f 1627/1976/1612 1626/2021/1611 1662/2022/1645
f 1627/1976/1612 1662/2022/1645 1653/1985/1636
f 1670/2023/1653 1671/2024/1654 1672/2025/1655
f 1670/2023/1653 1673/2026/1656 1671/2024/1654
f 1674/2027/1657 1675/2028/1658 1676/2029/1659
f 1675/2028/1658 1674/2027/1657 1677/2030/1660
f 1678/2031/1661 1679/2032/1662 1680/2033/1663
f 1679/2032/1662 1678/2031/1661 1681/2034/1664
f 1681/2035/1664 1501/1755/1489 1679/2036/1662
f 1501/1755/1489 1681/2035/1664 1500/1754/1488
f 1677/2030/1660 1680/2033/1663 1675/2028/1658
f 1680/2033/1663 1677/2030/1660 1678/2031/1661
f 1682/2037/1665 1676/2029/1659 1683/2038/1666
f 1676/2029/1659 1682/2037/1665 1674/2027/1657
f 1684/2039/1667 1683/2038/1666 1685/2040/1668
f 1683/2038/1666 1684/2039/1667 1682/2037/1665
f 1686/2041/1669 1685/2040/1668 1687/2042/1670
f 1685/2040/1668 1686/2041/1669 1684/2039/1667
s 12
f 1688/2043/1671 1689/2044/1672 1690/2045/1673
f 1689/2044/1672 1691/2046/1674 1690/2045/1673
f 1692/2047/1675 1690/2045/1673 1691/2046/1674
f 1691/2046/1674 1693/2048/1676 1692/2047/1675
f 1688/2043/1671 1694/2049/1677 1695/2050/1678
f 1695/2050/1678 1689/2044/1672 1688/2043/1671
f 1696/2051/1679 1695/2050/1678 1697/2052/1680
f 1697/2052/1680 1695/2050/1678 1694/2049/1677
f 1696/2051/1679 1698/2053/1681 1699/2054/1682
f 1696/2055/1679 1699/2056/1682 1700/2057/1683
s 8
f 1701/2058/1684 1702/2059/1685 1703/2060/1686
f 1703/2060/1686 1704/2061/1687 1701/2058/1684
f 1705/2062/1688 1706/2063/1689 1707/2064/1690
f 1707/2064/1690 1706/2063/1689 1708/2065/1691
f 1701/2058/1684 1704/2061/1687 1708/2065/1691
f 1704/2061/1687 1707/2064/1690 1708/2065/1691
f 1530/1791/1518 1529/1790/1517 1705/2066/1688
f 1706/2067/1689 1705/2066/1688 1529/1790/1517
f 1702/2059/1685 1709/2068/1692 1710/2069/1693
f 1710/2069/1693 1703/2060/1686 1702/2059/1685
f 1710/2069/1693 1711/2070/1694 1712/2071/1695
f 1711/2070/1694 1710/2069/1693 1709/2068/1692
s 12
f 1689/2072/1672 1713/2073/1696 1691/2074/1674
f 1713/2073/1696 1689/2072/1672 1714/2075/1697
f 1688/2076/1671 1690/2077/1673 1715/2078/1698
f 1715/2078/1698 1716/2079/1699 1688/2076/1671
f 1693/2048/1676 1717/2080/1700 1692/2047/1675
f 1691/2074/1674 1713/2073/1696 1693/2081/1676
f 1718/2082/1701 1692/2083/1675 1719/2084/1702
f 1692/2083/1675 1718/2082/1701 1690/2077/1673
f 1717/2085/1700 1542/1813/1530 1692/2083/1675
f 1542/1813/1530 1717/2085/1700 1543/1815/1531
f 1542/1813/1530 1719/2084/1702 1692/2083/1675
f 1690/2077/1673 1718/2082/1701 1715/2078/1698
f 1695/2086/1678 1714/2075/1697 1689/2072/1672
f 1714/2075/1697 1695/2086/1678 1720/2087/1703
f 1694/2088/1677 1688/2076/1671 1716/2079/1699
f 1716/2079/1699 1721/2089/1704 1694/2088/1677
f 1695/2086/1678 1700/2057/1683 1720/2087/1703
f 1700/2057/1683 1695/2086/1678 1696/2055/1679
f 1721/2089/1704 1722/2090/1705 1694/2088/1677
f 1697/2091/1680 1694/2088/1677 1722/2090/1705
s 8
f 1617/1941/1602 1712/2071/1695 1711/2070/1694
s 12
f 1723/2092/1706 1697/2052/1680 1724/2093/1707
f 1697/2091/1680 1722/2090/1705 1724/2094/1707
f 1723/2092/1706 1696/2051/1679 1697/2052/1680
f 1696/2051/1679 1723/2092/1706 1698/2053/1681
s 8
f 1725/2095/1708 1687/2042/1670 1726/2096/1709
f 1687/2042/1670 1725/2095/1708 1686/2041/1669
f 1726/2097/1709 1594/1901/1581 1725/2098/1708
f 1618/1943/1603 1727/2099/1710 1609/1930/1594
f 1728/2100/1711 1673/2026/1656 1729/2101/1712
f 1614/2102/1599 1610/2103/1595 1621/1947/1606
f 1612/2104/1597 1614/2102/1599 1622/1948/1607
f 1622/1948/1607 1614/2102/1599 1621/1947/1606
f 1615/2105/1600 1612/2104/1597 1623/1949/1608
f 1623/1949/1608 1612/2104/1597 1622/1948/1607
f 1439/1840/1428 1615/2105/1600 1450/1668/1439
f 1450/1668/1439 1615/2105/1600 1623/1949/1608
f 1730/2106/1713 1617/1941/1602 1616/1940/1601
f 1619/1945/1604 1611/1934/1596 1608/1933/1593
f 1611/1934/1596 1619/1945/1604 1616/2107/1601
f 1616/1940/1601 1731/2108/1714 1730/2106/1713
f 1585/1897/1572 1594/1901/1581 1591/1898/1578
f 1673/2026/1656 1728/2100/1711 1726/2109/1709
f 1594/2110/1581 1726/2109/1709 1728/2100/1711
f 1726/2109/1709 1687/2111/1670 1673/2026/1656
f 1671/2024/1654 1673/2026/1656 1687/2111/1670
f 1687/2111/1670 1685/2112/1668 1671/2024/1654
f 1732/2113/1715 1671/2024/1654 1685/2112/1668
f 1685/2112/1668 1683/2114/1666 1732/2113/1715
f 1733/2115/1716 1732/2113/1715 1683/2114/1666
f 1734/2116/1717 1733/2115/1716 1683/2114/1666
f 1734/2116/1717 1683/2114/1666 1676/2117/1659
f 1735/2118/1718 1734/2116/1717 1676/2117/1659
f 1735/2118/1718 1676/2117/1659 1675/2119/1658
f 1675/2119/1658 1652/1984/1635 1735/2118/1718
f 1652/1984/1635 1675/2119/1658 1680/2120/1663
f 1648/1980/1631 1680/2120/1663 1679/2121/1662
f 1680/2120/1663 1648/1980/1631 1652/1984/1635
f 1473/1700/1461 1648/1980/1631 1679/2121/1662
f 1679/2121/1662 1501/1854/1489 1473/1700/1461
f 1621/1947/1606 1725/2098/1708 1594/1901/1581
f 1725/2098/1708 1621/1947/1606 1610/2103/1595
f 1609/1930/1594 1686/2041/1669 1610/1931/1595
f 1725/2095/1708 1610/1931/1595 1686/2041/1669
f 1686/2041/1669 1609/1930/1594 1727/2099/1710
f 1686/2041/1669 1727/2099/1710 1736/2122/1719
f 1684/2039/1667 1686/2041/1669 1736/2122/1719
f 1736/2122/1719 1737/2123/1720 1684/2039/1667
f 1682/2037/1665 1684/2039/1667 1737/2123/1720
f 1737/2123/1720 1738/2124/1721 1682/2037/1665
f 1674/2027/1657 1682/2037/1665 1738/2124/1721
f 1738/2124/1721 1739/2125/1722 1674/2027/1657
f 1677/2030/1660 1674/2027/1657 1739/2125/1722
f 1739/2125/1722 1740/2126/1723 1677/2030/1660
f 1678/2031/1661 1677/2030/1660 1740/2126/1723
f 1740/2126/1723 1741/2127/1724 1678/2031/1661
f 1678/2031/1661 1741/2127/1724 1681/2034/1664
f 1741/2127/1724 1742/2128/1725 1681/2034/1664
f 1681/2035/1664 1742/2129/1725 1500/1754/1488
f 1742/2129/1725 1562/1863/1550 1500/1754/1488
f 1617/1941/1602 1730/2106/1713 1712/2071/1695
f 1610/2103/1595 1614/2102/1599 1608/2130/1593
f 1611/1942/1596 1618/1943/1603 1609/1930/1594
f 1616/2107/1601 1619/1945/1604 1731/2131/1714
f 1592/2132/1579 1728/2100/1711 1729/2101/1712
f 1592/2132/1579 1591/2133/1578 1728/2100/1711
f 1728/2100/1711 1591/2133/1578 1594/2110/1581
f 1651/1983/1634 1735/2118/1718 1652/1984/1635
f 1743/2134/1726 1734/2116/1717 1744/2135/1727
f 1734/2116/1717 1743/2134/1726 1733/2115/1716
f 1642/1973/1625 1745/2136/1728 1643/1974/1626
f 1664/2003/1647 1666/2008/1649 1643/2137/1626
f 1643/2020/1626 1666/2011/1649 1667/2012/1650
f 1643/2020/1626 1667/2012/1650 1668/2014/1651
f 1665/2004/1648 1664/2003/1647 1643/2137/1626
f 1633/1962/1618 1746/2138/1729 1632/1963/1617
s 9
f 1636/1966/1620 1563/1867/1551 1564/1868/1551
f 1563/1867/1551 1636/1966/1620 1637/1967/1620
s 8
f 1459/1682/1448 1565/1869/1552 1633/1962/1618
s 10
f 1639/1969/1622 1465/1870/1453 1640/1970/1623
f 1639/1969/1622 1566/1871/1553 1465/1870/1453
s 8
f 1744/2135/1727 1735/2118/1718 1747/2139/1730
f 1735/2118/1718 1744/2135/1727 1734/2116/1717
f 1748/2140/1731 1567/1872/1554 1569/1874/1556
f 1567/1872/1554 1748/2140/1731 1749/2141/1732
f 1750/2142/1733 1749/2141/1732 1748/2140/1731
f 1749/2141/1732 1750/2142/1733 1751/2143/1734
f 1752/2144/1735 1751/2143/1734 1750/2142/1733
f 1751/2143/1734 1752/2144/1735 1753/2145/1736
f 1754/2146/1737 1752/2144/1735 1755/2147/1738
f 1752/2144/1735 1754/2146/1737 1753/2145/1736
f 1578/1883/1565 1756/2148/1739 1757/2149/1740
f 1756/2148/1739 1578/1883/1565 1576/1881/1563
f 1758/2150/1741 1757/2149/1740 1756/2148/1739
f 1756/2148/1739 1759/2151/1742 1758/2150/1741
f 1760/2152/1743 1758/2150/1741 1759/2151/1742
f 1759/2151/1742 1761/2153/1744 1760/2152/1743
f 1762/2154/1745 1760/2152/1743 1761/2153/1744
f 1761/2153/1744 1763/2155/1746 1762/2154/1745
f 1764/2156/1747 1583/1888/1570 1765/2157/1748
f 1583/1888/1570 1764/2156/1747 1586/1891/1573
f 1766/2158/1749 1765/2157/1748 1767/2159/1750
f 1765/2157/1748 1766/2158/1749 1764/2156/1747
f 1767/2159/1750 1768/2160/1751 1766/2158/1749
f 1768/2160/1751 1767/2159/1750 1769/2161/1752
f 1769/2161/1752 1770/2162/1753 1768/2160/1751
f 1770/2162/1753 1769/2161/1752 1771/2163/1754
f 1583/1896/1570 1772/2164/1755 1765/2165/1748
f 1772/2164/1755 1583/1896/1570 1592/1899/1579
f 1767/2166/1750 1765/2165/1748 1773/2167/1756
f 1773/2167/1756 1774/2168/1757 1767/2166/1750
f 1769/2169/1752 1767/2166/1750 1774/2168/1757
f 1774/2168/1757 1775/2170/1758 1769/2169/1752
f 1771/2171/1754 1769/2169/1752 1775/2170/1758
f 1775/2170/1758 1776/2172/1759 1771/2171/1754
f 1777/2173/1760 1567/1905/1554 1749/2174/1732
f 1567/1905/1554 1777/2173/1760 1597/1908/1584
f 1753/2175/1736 1778/2176/1761 1779/2177/1762
f 1778/2176/1761 1753/2175/1736 1754/2178/1737
f 1751/2179/1734 1779/2177/1762 1780/2180/1763
f 1779/2177/1762 1751/2179/1734 1753/2175/1736
f 1749/2174/1732 1751/2179/1734 1777/2173/1760
f 1777/2173/1760 1751/2179/1734 1780/2180/1763
f 1569/1874/1556 1781/2181/1764 1748/2140/1731
f 1781/2181/1764 1569/1874/1556 1601/1914/1588
f 1750/2142/1733 1781/2181/1764 1782/2182/1765
f 1781/2181/1764 1750/2142/1733 1748/2140/1731
f 1752/2144/1735 1782/2182/1765 1783/2183/1766
f 1782/2182/1765 1752/2144/1735 1750/2142/1733
f 1783/2183/1766 1755/2147/1738 1752/2144/1735
f 1755/2147/1738 1783/2183/1766 1784/2184/1767
f 1604/1917/1591 1785/2185/1768 1576/1881/1563
f 1576/1881/1563 1785/2185/1768 1756/2148/1739
f 1785/2185/1768 1759/2151/1742 1756/2148/1739
f 1759/2151/1742 1785/2185/1768 1786/2186/1742
f 1786/2186/1742 1761/2153/1744 1759/2151/1742
f 1761/2153/1744 1786/2186/1742 1787/2187/1769
f 1787/2187/1769 1763/2155/1746 1761/2153/1744
f 1763/2155/1746 1787/2187/1769 1788/2188/1746
f 1586/1921/1573 1764/2189/1747 1604/1917/1591
f 1604/1917/1591 1764/2189/1747 1785/2185/1768
f 1764/2189/1747 1786/2186/1742 1785/2185/1768
f 1786/2186/1742 1764/2189/1747 1766/2190/1749
f 1766/2190/1749 1787/2187/1769 1786/2186/1742
f 1787/2187/1769 1766/2190/1749 1768/2191/1751
f 1768/2191/1751 1788/2188/1746 1787/2187/1769
f 1788/2188/1746 1768/2191/1751 1770/2192/1753
f 1781/2181/1764 1601/1914/1588 1757/2193/1740
f 1757/2193/1740 1601/1914/1588 1578/1926/1565
f 1782/2182/1765 1781/2181/1764 1758/2194/1741
f 1758/2194/1741 1781/2181/1764 1757/2193/1740
f 1758/2194/1741 1783/2183/1766 1782/2182/1765
f 1783/2183/1766 1758/2194/1741 1760/2195/1743
f 1760/2195/1743 1784/2184/1767 1783/2183/1766
f 1784/2184/1767 1760/2195/1743 1762/2196/1745
f 1789/2197/1770 1790/2198/1771 1791/2199/1772
f 1790/2200/1771 1789/2201/1770 1792/2202/1773
f 1790/2203/1771 1793/2204/1774 1794/2205/1775
f 1793/2204/1774 1790/2203/1771 1795/2206/1776
f 1796/2207/1777 1793/2204/1774 1795/2206/1776
f 1795/2206/1776 1797/2208/1778 1796/2207/1777
f 1796/2207/1777 1797/2208/1778 1798/2209/1779
f 1799/2210/1780 1800/2211/1781 1792/2212/1773
f 1792/2212/1773 1800/2211/1781 1801/2213/1782
f 1795/2214/1776 1802/2215/1783 1803/2216/1784
f 1802/2215/1783 1795/2214/1776 1790/2200/1771
f 1803/2216/1784 1797/2217/1778 1795/2214/1776
f 1797/2217/1778 1803/2216/1784 1804/2218/1785
f 1805/2219/1786 1774/2168/1757 1773/2167/1756
f 1774/2168/1757 1805/2219/1786 1806/2220/1787
f 1806/2220/1787 1775/2170/1758 1774/2168/1757
f 1775/2170/1758 1806/2220/1787 1807/2221/1788
f 1807/2221/1788 1776/2172/1759 1775/2170/1758
f 1776/2172/1759 1807/2221/1788 1808/2222/1789
f 1809/2223/1790 1626/2224/1611 1810/2225/1791
f 1810/2226/1791 1626/1952/1611 1625/1951/1610
f 1810/2225/1791 1811/2227/1792 1809/2223/1790
f 1811/2227/1792 1810/2225/1791 1812/2228/1793
f 1810/2226/1791 1625/1951/1610 1629/1957/1614
f 1629/1957/1614 1813/2229/1794 1810/2226/1791
f 1812/2230/1793 1810/2226/1791 1813/2229/1794
f 1813/2229/1794 1814/2231/1795 1812/2230/1793
f 1630/1958/1615 1815/2232/1796 1631/1959/1616
f 1815/2232/1796 1630/1958/1615 1816/2233/1797
f 1817/2234/1798 1630/1960/1615 1632/1961/1617
f 1630/1960/1615 1817/2234/1798 1816/2235/1797
f 1817/2236/1798 1632/1963/1617 1818/2237/1799
f 1813/2229/1794 1629/1957/1614 1631/1959/1616
f 1814/2231/1795 1813/2229/1794 1815/2232/1796
s 9
f 1635/1965/1619 1819/2238/1800 1820/2239/1800
f 1819/2238/1800 1635/1965/1619 1634/1964/1619
s 10
f 1638/1968/1621 1640/1970/1623 1821/2240/1801
f 1640/1971/1623 1822/2241/1802 1823/2242/1803
f 1822/2241/1802 1640/1971/1623 1641/1972/1624
s 8
f 1813/2229/1794 1631/1959/1616 1815/2232/1796
f 1642/1973/1625 1824/2243/1804 1745/2136/1728
f 1825/2244/1805 1809/2245/1790 1811/2246/1792
f 1809/2245/1790 1825/2244/1805 1826/2247/1806
f 1827/2248/1807 1825/2249/1805 1828/2250/1808
f 1828/2250/1808 1829/2251/1809 1827/2248/1807
f 1830/2252/1810 1831/2253/1811 1828/2250/1808
f 1829/2251/1809 1828/2250/1808 1831/2253/1811
f 1829/2251/1809 1831/2253/1811 1832/2254/1812
f 1833/2255/1813 1834/2256/1814 1651/1983/1634
f 1834/2256/1814 1832/2254/1812 1831/2253/1811
f 1832/2254/1812 1834/2256/1814 1833/2255/1813
f 1826/2247/1806 1835/2257/1815 1809/2245/1790
f 1651/1983/1634 1836/2258/1816 1833/2255/1813
f 1836/2258/1816 1651/1983/1634 1655/1987/1638
f 1832/2254/1812 1833/2255/1813 1836/2258/1816
f 1836/2258/1816 1837/2259/1817 1832/2254/1812
f 1837/2259/1817 1838/2260/1818 1832/2254/1812
f 1829/2251/1809 1832/2254/1812 1838/2260/1818
f 1838/2260/1818 1839/2261/1819 1829/2251/1809
f 1827/2248/1807 1829/2251/1809 1839/2261/1819
f 1839/2262/1819 1840/2263/1820 1827/2264/1807
f 1826/2247/1806 1827/2264/1807 1840/2263/1820
f 1835/2265/1815 1840/2266/1820 1841/2267/1821
f 1840/2263/1820 1835/2257/1815 1826/2247/1806
f 1842/2268/1822 1835/2265/1815 1841/2267/1821
f 1841/2267/1821 1843/2269/1823 1842/2268/1822
f 1626/2002/1611 1842/2268/1822 1843/2269/1823
f 1843/2270/1823 1663/1999/1646 1626/2001/1611
f 1836/2271/1816 1665/2004/1648 1844/2272/1824
f 1665/2004/1648 1836/2271/1816 1655/2006/1638
f 1837/2273/1817 1836/2274/1816 1844/2275/1824
f 1844/2275/1824 1845/2276/1825 1837/2273/1817
f 1838/2277/1818 1837/2273/1817 1845/2276/1825
f 1845/2276/1825 1846/2278/1826 1838/2277/1818
f 1846/2278/1826 1839/2279/1819 1838/2277/1818
f 1839/2279/1819 1847/2280/1827 1840/2281/1820
f 1847/2280/1827 1839/2279/1819 1846/2278/1826
f 1841/2282/1821 1847/2280/1827 1848/2283/1828
f 1847/2280/1827 1841/2282/1821 1840/2281/1820
f 1663/2018/1646 1843/2269/1823 1824/2243/1804
f 1824/2243/1804 1642/1973/1625 1663/2018/1646
f 1843/2269/1823 1848/2284/1828 1824/2243/1804
f 1848/2284/1828 1843/2269/1823 1841/2267/1821
f 1847/2280/1827 1745/2285/1728 1848/2283/1828
f 1745/2136/1728 1824/2243/1804 1848/2284/1828
f 1826/2247/1806 1825/2244/1805 1827/2264/1807
f 1809/2245/1790 1842/2286/1822 1626/2287/1611
f 1809/2245/1790 1835/2257/1815 1842/2286/1822
f 1732/2113/1715 1743/2134/1726 1849/2288/1829
f 1743/2134/1726 1732/2113/1715 1733/2115/1716
f 1850/2289/1830 1851/2290/1831 1852/2291/1832
f 1853/2292/1833 1852/2291/1832 1851/2290/1831
f 1854/2293/1834 1855/2294/1835 1856/2295/1836
f 1857/2296/1837 1856/2295/1836 1855/2294/1835
f 1858/2297/1838 1854/2298/1834 1859/2299/1839
f 1856/2300/1836 1859/2299/1839 1854/2298/1834
f 1855/2294/1835 1850/2289/1830 1857/2296/1837
f 1852/2291/1832 1857/2296/1837 1850/2289/1830
f 1853/2292/1833 1860/2301/1840 1861/2302/1841
f 1860/2301/1840 1853/2292/1833 1851/2290/1831
f 1860/2301/1840 1862/2303/1842 1861/2302/1841
f 1861/2302/1841 1862/2303/1842 1863/2304/1843
f 1862/2303/1842 1864/2305/1844 1863/2304/1843
f 1863/2304/1843 1864/2305/1844 1865/2306/1845
s 13
f 1866/2307/1846 1867/2308/1847 1868/2309/1848
f 1868/2309/1848 1869/2310/1849 1866/2307/1846
f 1868/2309/1848 1870/2311/1850 1869/2310/1849
f 1870/2311/1850 1871/2312/1851 1869/2310/1849
f 1872/2313/1852 1867/2308/1847 1873/2314/1853
f 1867/2308/1847 1866/2307/1846 1873/2314/1853
f 1874/2315/1854 1875/2316/1855 1873/2314/1853
f 1875/2316/1855 1872/2313/1852 1873/2314/1853
f 1876/2317/1856 1874/2315/1854 1877/2318/1857
f 1874/2319/1854 1878/2320/1858 1877/2321/1857
s 8
f 1879/2322/1859 1880/2323/1860 1881/2324/1861
f 1882/2325/1862 1881/2324/1861 1880/2323/1860
f 1883/2326/1863 1884/2327/1864 1885/2328/1865
f 1883/2326/1863 1885/2328/1865 1886/2329/1866
f 1879/2322/1859 1881/2324/1861 1886/2329/1866
f 1886/2329/1866 1885/2328/1865 1879/2322/1859
f 1884/2330/1864 1883/2331/1863 1887/2332/1867
f 1887/2332/1867 1888/2333/1868 1884/2330/1864
f 1880/2323/1860 1889/2334/1869 1882/2325/1862
f 1890/2335/1870 1882/2325/1862 1889/2334/1869
f 1891/2336/1871 1892/2337/1872 1889/2334/1869
f 1892/2337/1872 1890/2335/1870 1889/2334/1869
s 13
f 1893/2338/1873 1866/2339/1846 1869/2340/1849
f 1866/2339/1846 1893/2338/1873 1894/2341/1874
f 1895/2342/1875 1867/2343/1847 1896/2344/1876
f 1867/2343/1847 1895/2342/1875 1868/2345/1848
f 1871/2312/1851 1870/2311/1850 1897/2346/1877
f 1869/2340/1849 1871/2347/1851 1893/2338/1873
f 1870/2348/1850 1898/2349/1878 1899/2350/1879
f 1898/2349/1878 1870/2348/1850 1868/2345/1848
f 1897/2351/1877 1900/2352/1880 1901/2353/1881
f 1900/2352/1880 1897/2351/1877 1870/2348/1850
f 1900/2352/1880 1870/2348/1850 1899/2350/1879
f 1868/2345/1848 1895/2342/1875 1898/2349/1878
f 1894/2341/1874 1873/2354/1853 1866/2339/1846
f 1873/2354/1853 1894/2341/1874 1902/2355/1882
f 1896/2356/1876 1872/2313/1852 1903/2357/1883
f 1867/2343/1847 1872/2358/1852 1896/2344/1876
f 1878/2320/1858 1873/2354/1853 1902/2355/1882
f 1873/2354/1853 1878/2320/1858 1874/2319/1854
f 1904/2359/1884 1903/2357/1883 1872/2313/1852
f 1872/2313/1852 1875/2316/1855 1904/2359/1884
s 8
f 1800/2360/1781 1892/2337/1872 1891/2336/1871
s 13
f 1905/2361/1885 1904/2362/1884 1875/2363/1855
f 1875/2316/1855 1906/2364/1886 1905/2365/1885
f 1874/2315/1854 1906/2364/1886 1875/2316/1855
f 1906/2364/1886 1874/2315/1854 1876/2317/1856
s 8
f 1864/2366/1844 1907/2367/1887 1865/2368/1845
f 1907/2367/1887 1908/2369/1888 1865/2368/1845
f 1908/2369/1888 1907/2367/1887 1773/2167/1756
f 1799/2210/1780 1789/2197/1770 1909/2370/1889
f 1910/2371/1890 1729/2101/1712 1670/2023/1653
f 1794/2372/1775 1805/2219/1786 1791/2373/1772
f 1806/2220/1787 1805/2219/1786 1794/2372/1775
f 1794/2372/1775 1793/2374/1774 1806/2220/1787
f 1807/2221/1788 1806/2220/1787 1793/2374/1774
f 1793/2374/1774 1796/2375/1777 1807/2221/1788
f 1808/2222/1789 1807/2221/1788 1796/2375/1777
f 1796/2375/1777 1798/2376/1779 1808/2222/1789
f 1911/2377/1891 1801/2378/1782 1800/2379/1781
f 1792/2202/1773 1802/2215/1783 1790/2200/1771
f 1802/2215/1783 1792/2202/1773 1801/2378/1782
f 1801/2378/1782 1911/2377/1891 1912/2380/1892
f 1765/2165/1748 1772/2164/1755 1773/2167/1756
f 1908/2381/1888 1773/2382/1756 1910/2371/1890
f 1910/2371/1890 1670/2023/1653 1908/2381/1888
f 1865/2383/1845 1670/2023/1653 1672/2025/1655
f 1670/2023/1653 1865/2383/1845 1908/2381/1888
f 1863/2384/1843 1865/2383/1845 1672/2025/1655
f 1863/2384/1843 1672/2025/1655 1849/2288/1829
f 1861/2385/1841 1863/2384/1843 1849/2288/1829
f 1861/2385/1841 1849/2288/1829 1743/2134/1726
f 1861/2385/1841 1744/2135/1727 1853/2386/1833
f 1744/2135/1727 1861/2385/1841 1743/2134/1726
f 1853/2386/1833 1747/2139/1730 1852/2387/1832
f 1747/2139/1730 1853/2386/1833 1744/2135/1727
f 1852/2387/1832 1834/2256/1814 1857/2388/1837
f 1834/2256/1814 1852/2387/1832 1747/2139/1730
f 1834/2256/1814 1831/2253/1811 1857/2388/1837
f 1857/2388/1837 1831/2253/1811 1856/2389/1836
f 1859/2390/1839 1856/2389/1836 1830/2252/1810
f 1831/2253/1811 1830/2252/1810 1856/2389/1836
f 1907/2367/1887 1805/2219/1786 1773/2167/1756
f 1805/2219/1786 1907/2367/1887 1791/2373/1772
f 1864/2305/1844 1789/2197/1770 1791/2199/1772
f 1864/2366/1844 1791/2373/1772 1907/2367/1887
f 1864/2305/1844 1909/2370/1889 1789/2197/1770
f 1864/2305/1844 1913/2391/1893 1909/2370/1889
f 1914/2392/1894 1913/2391/1893 1862/2303/1842
f 1864/2305/1844 1862/2303/1842 1913/2391/1893
f 1915/2393/1895 1914/2392/1894 1860/2301/1840
f 1860/2301/1840 1914/2392/1894 1862/2303/1842
f 1916/2394/1896 1915/2393/1895 1851/2290/1831
f 1860/2301/1840 1851/2290/1831 1915/2393/1895
f 1851/2290/1831 1850/2289/1830 1916/2394/1896
f 1850/2289/1830 1917/2395/1897 1916/2394/1896
f 1850/2289/1830 1855/2294/1835 1917/2395/1897
f 1855/2294/1835 1918/2396/1898 1917/2395/1897
f 1918/2396/1898 1855/2294/1835 1854/2293/1834
f 1854/2293/1834 1919/2397/1899 1918/2396/1898
f 1919/2398/1899 1854/2298/1834 1858/2297/1838
f 1858/2297/1838 1920/2399/1900 1919/2398/1899
f 1800/2360/1781 1891/2336/1871 1911/2400/1891
f 1791/2373/1772 1790/2401/1771 1794/2372/1775
f 1792/2212/1773 1789/2197/1770 1799/2210/1780
f 1801/2378/1782 1912/2380/1892 1802/2215/1783
f 1772/2402/1755 1592/2132/1579 1910/2371/1890
f 1729/2101/1712 1910/2371/1890 1592/2132/1579
f 1910/2371/1890 1773/2382/1756 1772/2402/1755
f 1651/1983/1634 1834/2256/1814 1747/2139/1730
f 1671/2024/1654 1849/2288/1829 1672/2025/1655
f 1849/2288/1829 1671/2024/1654 1732/2113/1715
f 1651/1983/1634 1747/2139/1730 1735/2118/1718
f 1844/2275/1824 1745/2285/1728 1845/2276/1825
f 1846/2278/1826 1745/2285/1728 1847/2280/1827
f 1845/2276/1825 1745/2285/1728 1846/2278/1826
f 1665/2004/1648 1745/2403/1728 1844/2272/1824
f 1818/2237/1799 1632/1963/1617 1746/2138/1729
s 9
f 1921/2404/1901 1819/2238/1800 1922/2405/1901
f 1819/2238/1800 1921/2404/1901 1820/2239/1800
s 8
f 1817/2406/1798 1818/2407/1799 1923/2408/1902
s 10
f 1821/2240/1801 1640/1970/1623 1823/2409/1803
f 1821/2240/1801 1823/2409/1803 1924/2410/1903
s 8
f 1729/2101/1712 1673/2026/1656 1670/2023/1653
f 1665/2004/1648 1643/2137/1626 1745/2403/1728
f 1925/2411/1904 1926/2412/1905 1927/2413/1906
f 1926/2412/1905 1925/2411/1904 1928/2414/1907
f 1925/2411/1904 1929/2415/1908 1930/2416/1909
f 1929/2415/1908 1925/2411/1904 1927/2413/1906
f 1930/2416/1909 1931/2417/1910 1932/2418/1911
f 1931/2417/1910 1930/2416/1909 1929/2415/1908
f 1932/2418/1911 1754/2146/1737 1755/2147/1738
f 1754/2146/1737 1932/2418/1911 1931/2417/1910
f 1933/2419/1912 1934/2420/1913 1935/2421/1914
f 1934/2420/1913 1933/2419/1912 1936/2422/1915
f 1937/2423/1916 1935/2421/1914 1938/2424/1917
f 1935/2421/1914 1937/2423/1916 1933/2419/1912
f 1939/2425/1918 1938/2424/1917 1940/2426/1919
f 1938/2424/1917 1939/2425/1918 1937/2423/1916
f 1763/2155/1746 1940/2426/1919 1762/2154/1745
f 1940/2426/1919 1763/2155/1746 1939/2425/1918
f 1941/2427/1920 1942/2428/1921 1943/2429/1922
f 1942/2428/1921 1941/2427/1920 1944/2430/1923
f 1943/2429/1922 1945/2431/1924 1946/2432/1925
f 1945/2431/1924 1943/2429/1922 1942/2428/1921
f 1947/2433/1926 1946/2432/1925 1945/2431/1924
f 1947/2433/1926 1945/2431/1924 1948/2434/1927
f 1947/2433/1926 1770/2162/1753 1771/2163/1754
f 1770/2162/1753 1947/2433/1926 1948/2434/1927
f 1941/2435/1920 1943/2436/1922 1949/2437/1928
f 1949/2437/1928 1950/2438/1929 1941/2435/1920
f 1951/2439/1930 1943/2436/1922 1946/2440/1925
f 1943/2436/1922 1951/2439/1930 1952/2441/1931
f 1953/2442/1932 1946/2440/1925 1947/2443/1926
f 1946/2440/1925 1953/2442/1932 1951/2439/1930
f 1776/2172/1759 1947/2443/1926 1771/2171/1754
f 1947/2443/1926 1776/2172/1759 1953/2442/1932
f 1954/2444/1933 1926/2445/1905 1955/2446/1934
f 1926/2445/1905 1954/2444/1933 1927/2447/1906
f 1956/2448/1935 1778/2176/1761 1754/2178/1737
f 1754/2178/1737 1931/2449/1910 1956/2448/1935
f 1956/2448/1935 1929/2450/1908 1957/2451/1936
f 1929/2450/1908 1956/2448/1935 1931/2449/1910
f 1954/2444/1933 1957/2451/1936 1929/2450/1908
f 1929/2450/1908 1927/2447/1906 1954/2444/1933
f 1958/2452/1937 1959/2453/1938 1928/2414/1907
f 1958/2452/1937 1928/2414/1907 1925/2411/1904
f 1960/2454/1939 1958/2452/1937 1925/2411/1904
f 1960/2454/1939 1925/2411/1904 1930/2416/1909
f 1960/2454/1939 1932/2418/1911 1961/2455/1940
f 1932/2418/1911 1960/2454/1939 1930/2416/1909
f 1961/2455/1940 1755/2147/1738 1784/2184/1767
f 1755/2147/1738 1961/2455/1940 1932/2418/1911
f 1933/2419/1912 1962/2456/1912 1936/2422/1915
f 1962/2456/1912 1963/2457/1941 1936/2422/1915
f 1937/2423/1916 1964/2458/1916 1933/2419/1912
f 1964/2458/1916 1962/2456/1912 1933/2419/1912
f 1939/2425/1918 1965/2459/1918 1937/2423/1916
f 1965/2459/1918 1964/2458/1916 1937/2423/1916
f 1763/2155/1746 1788/2188/1746 1939/2425/1918
f 1788/2188/1746 1965/2459/1918 1939/2425/1918
f 1963/2457/1941 1962/2456/1912 1942/2460/1921
f 1942/2460/1921 1944/2461/1923 1963/2457/1941
f 1962/2456/1912 1964/2458/1916 1945/2462/1924
f 1945/2462/1924 1942/2460/1921 1962/2456/1912
f 1964/2458/1916 1965/2459/1918 1948/2463/1927
f 1948/2463/1927 1945/2462/1924 1964/2458/1916
f 1965/2459/1918 1788/2188/1746 1770/2192/1753
f 1770/2192/1753 1948/2463/1927 1965/2459/1918
f 1959/2453/1938 1958/2452/1937 1935/2464/1914
f 1935/2464/1914 1934/2465/1913 1959/2453/1938
f 1960/2454/1939 1935/2464/1914 1958/2452/1937
f 1935/2464/1914 1960/2454/1939 1938/2466/1917
f 1938/2466/1917 1961/2455/1940 1940/2467/1919
f 1961/2455/1940 1938/2466/1917 1960/2454/1939
f 1940/2467/1919 1784/2184/1767 1762/2196/1745
f 1784/2184/1767 1940/2467/1919 1961/2455/1940
f 1966/2468/1942 1967/2469/1943 1968/2470/1944
f 1968/2470/1944 1969/2471/1945 1966/2468/1942
f 1967/2472/1943 1970/2473/1946 1971/2474/1947
f 1970/2473/1946 1967/2472/1943 1972/2475/1948
f 1973/2476/1949 1971/2474/1947 1970/2473/1946
f 1797/2208/1778 1971/2474/1947 1973/2476/1949
f 1797/2208/1778 1973/2476/1949 1798/2209/1779
f 1974/2477/1950 1975/2478/1951 1968/2470/1944
f 1974/2477/1950 1968/2470/1944 1976/2479/1952
f 1967/2480/1943 1971/2481/1947 1977/2482/1953
f 1977/2482/1953 1978/2483/1954 1967/2480/1943
f 1971/2481/1947 1797/2217/1778 1804/2218/1785
f 1804/2218/1785 1977/2482/1953 1971/2481/1947
f 1951/2439/1930 1979/2484/1955 1952/2441/1931
f 1979/2484/1955 1980/2485/1956 1952/2441/1931
f 1953/2442/1932 1981/2486/1957 1951/2439/1930
f 1981/2486/1957 1979/2484/1955 1951/2439/1930
f 1776/2172/1759 1808/2222/1789 1953/2442/1932
f 1808/2222/1789 1981/2486/1957 1953/2442/1932
f 1982/2487/1958 1983/2488/1959 1984/2489/1960
f 1983/2488/1959 1982/2487/1958 1985/2490/1961
f 1983/2488/1959 1811/2227/1792 1812/2228/1793
f 1811/2227/1792 1983/2488/1959 1985/2490/1961
f 1986/2491/1962 1984/2492/1960 1983/2493/1959
f 1984/2492/1960 1986/2491/1962 1987/2494/1963
f 1814/2231/1795 1983/2493/1959 1812/2230/1793
f 1983/2493/1959 1814/2231/1795 1986/2491/1962
f 1815/2232/1796 1816/2233/1797 1988/2495/1964
f 1816/2233/1797 1989/2496/1965 1988/2495/1964
f 1817/2234/1798 1989/2497/1965 1816/2235/1797
f 1989/2497/1965 1817/2234/1798 1990/2498/1966
f 1817/2499/1798 1991/2500/1967 1990/2501/1966
f 1986/2491/1962 1988/2495/1964 1987/2494/1963
f 1814/2231/1795 1815/2232/1796 1986/2491/1962
s 9
f 1992/2502/1968 1993/2503/1969 1994/2504/1968
f 1993/2503/1969 1992/2502/1968 1995/2505/1969
s 10
f 1996/2506/1970 1997/2507/1971 1998/2508/1972
f 1822/2241/1802 1999/2509/1973 1998/2510/1972
f 1822/2241/1802 1998/2510/1972 1823/2242/1803
s 8
f 1986/2491/1962 1815/2232/1796 1988/2495/1964
f 2000/2511/1974 2001/2512/1975 2002/2513/1976
f 2003/2514/1977 1825/2244/1805 1811/2246/1792
f 1811/2246/1792 1985/2515/1961 2003/2514/1977
f 2004/2516/1978 1828/2250/1808 2005/2517/1979
f 1825/2249/1805 2005/2517/1979 1828/2250/1808
f 1828/2250/1808 2004/2516/1978 2006/2518/1980
f 1828/2250/1808 2006/2518/1980 1830/2252/1810
f 2004/2516/1978 2007/2519/1981 2006/2518/1980
f 2008/2520/1982 2009/2521/1983 2010/2522/1984
f 2010/2522/1984 2007/2519/1981 2008/2520/1982
f 2007/2519/1981 2010/2522/1984 2006/2518/1980
f 2003/2523/1977 1985/2524/1961 2011/2525/1985
f 2009/2521/1983 2008/2520/1982 2012/2526/1986
f 2009/2521/1983 2012/2526/1986 2013/2527/1987
f 2008/2520/1982 2007/2519/1981 2012/2526/1986
f 2007/2519/1981 2014/2528/1988 2012/2526/1986
f 2007/2519/1981 2004/2516/1978 2015/2529/1989
f 2007/2519/1981 2015/2529/1989 2014/2528/1988
f 2004/2516/1978 2005/2517/1979 2016/2530/1990
f 2004/2516/1978 2016/2530/1990 2015/2529/1989
f 2003/2531/1977 2016/2530/1990 2005/2517/1979
f 2016/2532/1990 2003/2533/1977 2017/2534/1991
f 2017/2535/1991 2011/2525/1985 2018/2536/1992
f 2011/2525/1985 2017/2535/1991 2003/2523/1977
f 2011/2525/1985 2019/2537/1993 2018/2536/1992
f 2018/2536/1992 2019/2537/1993 2020/2538/1994
f 2021/2539/1995 2020/2538/1994 1982/2540/1958
f 2019/2537/1993 1982/2540/1958 2020/2538/1994
f 2022/2541/1996 2013/2542/1987 2012/2543/1986
f 2013/2542/1987 2022/2541/1996 2023/2544/1997
f 2012/2543/1986 2014/2545/1988 2022/2541/1996
f 2024/2546/1998 2022/2541/1996 2014/2545/1988
f 2014/2545/1988 2015/2547/1989 2024/2546/1998
f 2025/2548/1999 2024/2546/1998 2015/2547/1989
f 2025/2548/1999 2015/2547/1989 2016/2532/1990
f 2016/2532/1990 2026/2549/2000 2025/2548/1999
f 2026/2549/2000 2016/2532/1990 2017/2534/1991
f 2017/2534/1991 2018/2550/1992 2026/2549/2000
f 2026/2549/2000 2018/2550/1992 2027/2551/2001
f 2020/2538/1994 2021/2539/1995 2002/2513/1976
f 2002/2513/1976 2021/2539/1995 2000/2511/1974
f 2018/2536/1992 2020/2538/1994 2027/2552/2001
f 2027/2552/2001 2020/2538/1994 2002/2513/1976
f 2026/2549/2000 2027/2551/2001 2001/2553/1975
f 2001/2512/1975 2027/2552/2001 2002/2513/1976
f 2003/2514/1977 2005/2554/1979 1825/2244/1805
f 1985/2555/1961 1982/2556/1958 2019/2557/1993
f 1985/2524/1961 2019/2537/1993 2011/2525/1985
f 2028/2558/2002 2029/2559/2003 2030/2560/2004
f 2028/2558/2002 2030/2560/2004 2031/2561/2005
f 2032/2562/2006 2033/2563/2007 2034/2564/2008
f 2033/2563/2007 2032/2562/2006 2035/2565/2009
f 2036/2566/2010 2037/2567/2011 2038/2568/2012
f 2037/2567/2011 2036/2566/2010 2039/2569/2013
f 2039/2569/2013 1858/2297/1838 1859/2299/1839
f 1859/2299/1839 2037/2567/2011 2039/2569/2013
f 2035/2565/2009 2038/2568/2012 2033/2563/2007
f 2038/2568/2012 2035/2565/2009 2036/2566/2010
f 2040/2570/2014 2034/2564/2008 2041/2571/2015
f 2034/2564/2008 2040/2570/2014 2032/2562/2006
f 2042/2572/2016 2041/2573/2015 2043/2574/2017
f 2041/2573/2015 2042/2572/2016 2040/2575/2014
f 2044/2576/2018 2043/2574/2017 2045/2577/2019
f 2043/2574/2017 2044/2576/2018 2042/2572/2016
s 13
f 2046/2578/2020 2047/2579/2021 2048/2580/2022
f 2048/2580/2022 2049/2581/2023 2046/2578/2020
f 2050/2582/2024 2046/2578/2020 2049/2581/2023
f 2049/2581/2023 2051/2583/2025 2050/2582/2024
f 2047/2579/2021 2052/2584/2026 2053/2585/2027
f 2053/2585/2027 2048/2580/2022 2047/2579/2021
f 2054/2586/2028 2053/2587/2027 2055/2588/2029
f 2055/2588/2029 2053/2587/2027 2052/2589/2026
f 2054/2590/2028 2056/2591/2030 2057/2592/2031
f 2054/2586/2028 2058/2593/2032 2056/2594/2030
s 8
f 2059/2595/2033 2060/2596/2034 2061/2597/2035
f 2061/2597/2035 2062/2598/2036 2059/2595/2033
f 2063/2599/2037 2064/2600/2038 2065/2601/2039
f 2065/2601/2039 2064/2600/2038 2066/2602/2040
f 2059/2603/2033 2062/2604/2036 2066/2605/2040
f 2062/2604/2036 2065/2606/2039 2066/2605/2040
f 1887/2332/1867 2063/2599/2037 1888/2333/1868
f 2063/2599/2037 1887/2332/1867 2064/2600/2038
f 2060/2596/2034 2067/2607/2041 2068/2608/2042
f 2068/2608/2042 2061/2597/2035 2060/2596/2034
f 2068/2608/2042 2069/2609/2043 2070/2610/2044
f 2069/2609/2043 2068/2608/2042 2067/2607/2041
s 13
f 2071/2611/2045 2048/2612/2022 2072/2613/2046
f 2048/2612/2022 2071/2611/2045 2049/2614/2023
f 2073/2615/2047 2074/2616/2048 2047/2617/2021
f 2073/2615/2047 2047/2617/2021 2046/2618/2020
f 2051/2583/2025 2075/2619/2049 2050/2582/2024
f 2049/2614/2023 2071/2611/2045 2051/2620/2025
f 2076/2621/2050 2050/2622/2024 2077/2623/2051
f 2050/2582/2024 2076/2624/2050 2046/2578/2020
f 1900/2352/1880 2075/2625/2049 1901/2353/1881
f 2075/2625/2049 1900/2352/1880 2050/2622/2024
f 1900/2352/1880 2077/2623/2051 2050/2622/2024
f 2046/2618/2020 2076/2626/2050 2073/2615/2047
f 2072/2613/2046 2053/2627/2027 2078/2628/2052
f 2053/2627/2027 2072/2613/2046 2048/2612/2022
f 2052/2629/2026 2047/2617/2021 2074/2616/2048
f 2074/2616/2048 2079/2630/2053 2052/2629/2026
f 2053/2627/2027 2057/2592/2031 2078/2628/2052
f 2057/2592/2031 2053/2627/2027 2054/2590/2028
f 2055/2631/2029 2052/2629/2026 2080/2632/2054
f 2080/2632/2054 2052/2629/2026 2079/2630/2053
s 8
f 1974/2477/1950 2070/2633/2044 2069/2634/2043
s 13
f 2081/2635/2055 2055/2588/2029 2082/2636/2056
f 2055/2631/2029 2080/2632/2054 2082/2637/2056
f 2081/2635/2055 2054/2586/2028 2055/2588/2029
f 2054/2586/2028 2081/2635/2055 2058/2593/2032
s 8
f 2083/2638/2057 2045/2577/2019 2084/2639/2058
f 2045/2577/2019 2083/2638/2057 2044/2576/2018
f 2084/2639/2058 1952/2640/1931 2083/2638/2057
f 1975/2478/1951 2085/2641/2059 1969/2471/1945
f 2086/2642/2060 2029/2559/2003 2087/2643/2061
f 1972/2644/1948 1966/2468/1942 1980/2645/1956
f 1970/2646/1946 1980/2485/1956 1979/2484/1955
f 1980/2485/1956 1970/2646/1946 1972/2647/1948
f 1973/2648/1949 1979/2484/1955 1981/2486/1957
f 1979/2484/1955 1973/2648/1949 1970/2646/1946
f 1798/2376/1779 1981/2486/1957 1808/2222/1789
f 1981/2486/1957 1798/2376/1779 1973/2648/1949
f 2088/2649/2062 1974/2477/1950 1976/2479/1952
f 1976/2479/1952 1967/2469/1943 1978/2650/1954
f 1967/2469/1943 1976/2479/1952 1968/2470/1944
f 1976/2479/1952 2089/2651/2063 2088/2649/2062
f 1943/2436/1922 1952/2441/1931 1949/2437/1928
f 1952/2652/1931 2084/2653/2058 2086/2642/2060
f 2029/2559/2003 2086/2642/2060 2084/2653/2058
f 2084/2653/2058 2045/2654/2019 2029/2559/2003
f 2030/2560/2004 2029/2559/2003 2045/2654/2019
f 2043/2655/2017 2030/2560/2004 2045/2654/2019
f 2090/2656/2064 2030/2560/2004 2043/2655/2017
f 2041/2657/2015 2090/2656/2064 2043/2655/2017
f 2091/2658/2065 2090/2656/2064 2041/2657/2015
f 2092/2659/2066 2041/2657/2015 2034/2660/2008
f 2041/2657/2015 2092/2659/2066 2091/2658/2065
f 2093/2661/2067 2034/2660/2008 2033/2662/2007
f 2034/2660/2008 2093/2661/2067 2092/2659/2066
f 2033/2662/2007 2010/2522/1984 2093/2661/2067
f 2010/2522/1984 2033/2662/2007 2038/2663/2012
f 2006/2518/1980 2010/2522/1984 2038/2663/2012
f 2038/2663/2012 2037/2664/2011 2006/2518/1980
f 1830/2252/1810 2006/2518/1980 2037/2664/2011
f 1830/2252/1810 2037/2664/2011 1859/2390/1839
f 1980/2645/1956 2083/2638/2057 1952/2640/1931
f 2083/2638/2057 1980/2645/1956 1966/2468/1942
f 1969/2471/1945 2083/2638/2057 1966/2468/1942
f 2083/2638/2057 1969/2471/1945 2044/2576/2018
f 2044/2576/2018 1969/2471/1945 2085/2641/2059
f 2044/2576/2018 2085/2641/2059 2094/2665/2068
f 2042/2572/2016 2044/2576/2018 2094/2665/2068
f 2094/2665/2068 2095/2666/2069 2042/2572/2016
f 2040/2575/2014 2042/2572/2016 2095/2666/2069
f 2095/2666/2069 2096/2667/2070 2040/2575/2014
f 2032/2562/2006 2040/2570/2014 2096/2668/2070
f 2096/2668/2070 2097/2669/2071 2032/2562/2006
f 2035/2565/2009 2032/2562/2006 2097/2669/2071
f 2097/2669/2071 2098/2670/2072 2035/2565/2009
f 2036/2566/2010 2035/2565/2009 2098/2670/2072
f 2098/2670/2072 2099/2671/2073 2036/2566/2010
f 2036/2566/2010 2099/2671/2073 2039/2569/2013
f 2099/2671/2073 2100/2672/2074 2039/2569/2013
f 1858/2297/1838 2100/2672/2074 1920/2399/1900
f 2100/2672/2074 1858/2297/1838 2039/2569/2013
f 1974/2477/1950 2088/2649/2062 2070/2633/2044
f 1966/2468/1942 1972/2644/1948 1967/2469/1943
f 1968/2470/1944 1975/2478/1951 1969/2471/1945
f 1976/2479/1952 1978/2650/1954 2089/2651/2063
f 1950/2673/1929 1949/2674/1928 2086/2642/2060
f 1950/2673/1929 2086/2642/2060 2087/2643/2061
f 2086/2642/2060 1949/2674/1928 1952/2652/1931
f 2009/2521/1983 2093/2661/2067 2010/2522/1984
f 2091/2658/2065 2092/2659/2066 2101/2675/2075
f 2091/2658/2065 2101/2675/2075 2102/2676/2076
f 2000/2511/1974 2103/2677/2077 2001/2512/1975
f 2022/2541/1996 2024/2546/1998 2001/2553/1975
f 2001/2553/1975 2024/2546/1998 2025/2548/1999
f 2001/2553/1975 2025/2548/1999 2026/2549/2000
f 2023/2544/1997 2022/2541/1996 2001/2553/1975
f 1991/2678/1967 2104/2679/2078 1990/2680/1966
s 9
f 1993/2503/1969 1921/2404/1901 1922/2405/1901
f 1921/2404/1901 1993/2503/1969 1995/2505/1969
s 8
f 1817/2406/1798 1923/2408/1902 1991/2681/1967
s 10
f 1997/2507/1971 1823/2409/1803 1998/2508/1972
f 1997/2507/1971 1924/2410/1903 1823/2409/1803
s 8
f 2093/2661/2067 2105/2682/2079 2101/2675/2075
f 2093/2661/2067 2101/2675/2075 2092/2659/2066
f 1926/2412/1905 2106/2683/2080 2107/2684/2081
f 2106/2683/2080 1926/2412/1905 1928/2414/1907
f 2108/2685/2082 2107/2684/2081 2106/2683/2080
f 2106/2683/2080 2109/2686/2083 2108/2685/2082
f 2108/2685/2082 2110/2687/2084 2111/2688/2085
f 2110/2687/2084 2108/2685/2082 2109/2686/2083
f 2112/2689/2086 2111/2688/2085 2110/2687/2084
f 2110/2687/2084 2113/2690/2087 2112/2689/2086
f 2114/2691/2088 1934/2692/1913 1936/2693/1915
f 1936/2693/1915 2115/2694/2089 2114/2691/2088
f 2116/2695/2090 2114/2691/2088 2115/2694/2089
f 2115/2694/2089 2117/2696/2091 2116/2695/2090
f 2116/2695/2090 2118/2697/2092 2119/2698/2093
f 2118/2697/2092 2116/2695/2090 2117/2696/2091
f 2119/2698/2093 2120/2699/2094 2121/2700/2095
f 2120/2699/2094 2119/2698/2093 2118/2697/2092
f 1941/2427/1920 2122/2701/2096 1944/2430/1923
f 2122/2701/2096 1941/2427/1920 2123/2702/2097
f 2123/2702/2097 2124/2703/2098 2122/2701/2096
f 2124/2703/2098 2123/2702/2097 2125/2704/2099
f 2126/2705/2100 2124/2703/2098 2125/2704/2099
f 2124/2703/2098 2126/2705/2100 2127/2706/2101
f 2126/2705/2100 2128/2707/2102 2127/2706/2101
f 2128/2707/2102 2126/2705/2100 2129/2708/2103
f 2130/2709/2104 1941/2710/1920 1950/2711/1929
f 2123/2712/2097 1941/2710/1920 2130/2709/2104
f 2123/2712/2097 2131/2713/2105 2125/2714/2099
f 2131/2713/2105 2123/2712/2097 2132/2715/2106
f 2125/2714/2099 2133/2716/2107 2126/2717/2100
f 2133/2716/2107 2125/2714/2099 2131/2713/2105
f 2126/2717/2100 2134/2718/2108 2129/2719/2103
f 2134/2718/2108 2126/2717/2100 2133/2716/2107
f 1926/2720/1905 2135/2721/2109 1955/2722/1934
f 2135/2721/2109 1926/2720/1905 2107/2723/2081
f 2111/2724/2085 2136/2725/2110 2137/2726/2111
f 2136/2725/2110 2111/2724/2085 2112/2727/2086
f 2108/2728/2082 2137/2726/2111 2138/2729/2112
f 2137/2726/2111 2108/2728/2082 2111/2724/2085
f 2107/2723/2081 2108/2728/2082 2135/2721/2109
f 2135/2721/2109 2108/2728/2082 2138/2729/2112
f 2139/2730/2113 1928/2414/1907 1959/2453/1938
f 1928/2414/1907 2139/2730/2113 2106/2683/2080
f 2139/2730/2113 2109/2686/2083 2106/2683/2080
f 2109/2686/2083 2139/2730/2113 2140/2731/2114
f 2140/2731/2114 2110/2687/2084 2109/2686/2083
f 2110/2687/2084 2140/2731/2114 2141/2732/2115
f 2141/2732/2115 2113/2690/2087 2110/2687/2084
f 2113/2690/2087 2141/2732/2115 2142/2733/2116
f 1963/2734/1941 2115/2694/2089 1936/2693/1915
f 2115/2694/2089 1963/2734/1941 2143/2735/2089
f 2143/2735/2089 2117/2696/2091 2115/2694/2089
f 2117/2696/2091 2143/2735/2089 2144/2736/2117
f 2144/2736/2117 2145/2737/2092 2117/2696/2091
f 2117/2696/2091 2145/2737/2092 2118/2697/2092
f 2145/2737/2092 2146/2738/2118 2118/2697/2092
f 2118/2697/2092 2146/2738/2118 2120/2699/2094
f 1944/2739/1923 2143/2735/2089 1963/2734/1941
f 2143/2735/2089 1944/2739/1923 2122/2740/2096
f 2122/2740/2096 2144/2736/2117 2143/2735/2089
f 2144/2736/2117 2122/2740/2096 2124/2741/2098
f 2124/2741/2098 2127/2742/2101 2144/2736/2117
f 2144/2736/2117 2127/2742/2101 2145/2737/2092
f 2127/2742/2101 2128/2743/2102 2145/2737/2092
f 2145/2737/2092 2128/2743/2102 2146/2738/2118
f 2114/2744/2088 1959/2453/1938 1934/2465/1913
f 1959/2453/1938 2114/2744/2088 2139/2730/2113
f 2116/2745/2090 2139/2730/2113 2114/2744/2088
f 2139/2730/2113 2116/2745/2090 2140/2731/2114
f 2116/2745/2090 2141/2732/2115 2140/2731/2114
f 2141/2732/2115 2116/2745/2090 2119/2746/2093
f 2119/2746/2093 2142/2733/2116 2141/2732/2115
f 2142/2733/2116 2119/2746/2093 2121/2747/2095
f 2147/2748/2119 2148/2749/2120 2149/2750/2121
f 2148/2749/2120 2147/2748/2119 2150/2751/2122
f 2148/2752/2120 2151/2753/2123 2152/2754/2124
f 2151/2753/2123 2148/2752/2120 2153/2755/2125
f 2154/2756/2126 2151/2753/2123 2153/2755/2125
f 2153/2755/2125 2155/2757/2127 2154/2756/2126
f 2154/2756/2126 2155/2757/2127 2156/2758/2128
f 2157/2759/2129 2158/2760/2130 2150/2751/2122
f 2159/2761/2131 2150/2751/2122 2158/2760/2130
f 2160/2762/2132 2153/2763/2125 2148/2764/2120
f 2153/2763/2125 2160/2762/2132 2161/2765/2133
f 2162/2766/2134 2153/2763/2125 2161/2765/2133
f 2153/2763/2125 2162/2766/2134 2155/2767/2127
f 2163/2768/2135 2164/2769/2136 2132/2715/2106
f 2132/2715/2106 2164/2769/2136 2131/2713/2105
f 2164/2769/2136 2165/2770/2137 2131/2713/2105
f 2131/2713/2105 2165/2770/2137 2133/2716/2107
f 2165/2770/2137 2166/2771/2138 2133/2716/2107
f 2133/2716/2107 2166/2771/2138 2134/2718/2108
f 2167/2772/2139 1982/2487/1958 1984/2489/1960
f 1982/2487/1958 2167/2772/2139 2168/2773/2140
f 2167/2772/2139 2169/2774/2141 2168/2773/2140
f 2169/2774/2141 2167/2772/2139 2170/2775/2142
f 2167/2776/2139 1984/2777/1960 1987/2778/1963
f 1987/2778/1963 2171/2779/2143 2167/2776/2139
f 2167/2776/2139 2172/2780/2144 2170/2781/2142
f 2172/2780/2144 2167/2776/2139 2171/2779/2143
f 2173/2782/2145 1988/2783/1964 1989/2784/1965
f 1988/2783/1964 2173/2782/2145 2174/2785/2146
f 1989/2497/1965 2175/2786/2147 2173/2787/2145
f 2175/2786/2147 1989/2497/1965 1990/2498/1966
f 2175/2788/2147 1990/2789/1966 2176/2790/2148
f 2171/2779/2143 1987/2778/1963 1988/2783/1964
f 2172/2780/2144 2171/2779/2143 2174/2785/2146
s 9
f 2177/2791/2149 1992/2502/1968 1994/2504/1968
f 1992/2502/1968 2177/2791/2149 2178/2792/2149
s 10
f 1996/2793/1970 1998/2794/1972 2179/2795/2150
f 2180/2796/2151 1998/2510/1972 1999/2509/1973
f 1998/2510/1972 2180/2796/2151 2181/2797/2152
s 8
f 2171/2779/2143 1988/2783/1964 2174/2785/2146
f 2000/2511/1974 2182/2798/2153 2103/2677/2077
f 2168/2799/2140 2169/2800/2141 2183/2801/2154
f 2169/2800/2141 2184/2802/2155 2183/2801/2154
f 2185/2803/2156 2186/2804/2157 2187/2805/2158
f 2186/2804/2157 2185/2803/2156 2184/2806/2155
f 2187/2805/2158 2186/2804/2157 2188/2807/2159
f 2188/2807/2159 2186/2804/2157 2189/2808/2160
f 2187/2805/2158 2188/2807/2159 2190/2809/2161
f 2191/2810/2162 2192/2811/2163 2009/2521/1983
f 2192/2811/2163 2190/2809/2161 2188/2807/2159
f 2190/2809/2161 2192/2811/2163 2191/2810/2162
f 2183/2812/2154 2193/2813/2164 2168/2814/2140
f 2194/2815/2165 2009/2521/1983 2013/2527/1987
f 2191/2810/2162 2009/2521/1983 2194/2815/2165
f 2190/2809/2161 2191/2810/2162 2194/2815/2165
f 2190/2809/2161 2194/2815/2165 2195/2816/2166
f 2187/2805/2158 2190/2809/2161 2196/2817/2167
f 2196/2817/2167 2190/2809/2161 2195/2816/2166
f 2197/2818/2168 2187/2805/2158 2196/2817/2167
f 2185/2803/2156 2187/2805/2158 2197/2818/2168
f 2198/2819/2169 2185/2820/2156 2197/2821/2168
f 2183/2801/2154 2185/2820/2156 2198/2819/2169
f 2198/2822/2169 2193/2813/2164 2183/2812/2154
f 2193/2823/2164 2198/2819/2169 2199/2824/2170
f 2200/2825/2171 2193/2813/2164 2199/2826/2170
f 2200/2825/2171 2199/2826/2170 2201/2827/2172
f 1982/2540/1958 2200/2825/2171 2201/2827/2172
f 1982/2540/1958 2201/2827/2172 2021/2539/1995
f 2194/2828/2165 2013/2829/1987 2023/2830/1997
f 2023/2830/1997 2202/2831/2173 2194/2828/2165
f 2195/2832/2166 2194/2828/2165 2202/2831/2173
f 2202/2831/2173 2203/2833/2174 2195/2832/2166
f 2196/2834/2167 2195/2832/2166 2203/2833/2174
f 2203/2833/2174 2204/2835/2175 2196/2834/2167
f 2204/2835/2175 2197/2821/2168 2196/2834/2167
f 2197/2821/2168 2205/2836/2176 2198/2819/2169
f 2205/2836/2176 2197/2821/2168 2204/2835/2175
f 2199/2824/2170 2198/2819/2169 2205/2836/2176
f 2199/2824/2170 2205/2836/2176 2206/2837/2177
f 2021/2539/1995 2201/2827/2172 2182/2798/2153
f 2021/2539/1995 2182/2798/2153 2000/2511/1974
f 2206/2838/2177 2201/2827/2172 2199/2826/2170
f 2201/2827/2172 2206/2838/2177 2182/2798/2153
f 2205/2836/2176 2103/2839/2077 2206/2837/2177
f 2103/2677/2077 2182/2798/2153 2206/2838/2177
f 2183/2801/2154 2184/2802/2155 2185/2820/2156
f 2168/2840/2140 2200/2841/2171 1982/2842/1958
f 2168/2814/2140 2193/2813/2164 2200/2825/2171
f 2091/2658/2065 2207/2843/2178 2090/2656/2064
f 2207/2843/2178 2091/2658/2065 2102/2676/2076
f 2208/2844/2179 2209/2845/2180 2210/2846/2181
f 2210/2846/2181 2209/2845/2180 2211/2847/2182
f 2212/2848/2183 2213/2849/2184 2214/2850/2185
f 2215/2851/2186 2214/2850/2185 2213/2849/2184
f 2216/2852/2187 2212/2848/2183 2217/2853/2188
f 2214/2850/2185 2217/2853/2188 2212/2848/2183
f 2213/2849/2184 2208/2844/2179 2215/2851/2186
f 2215/2851/2186 2208/2844/2179 2210/2846/2181
f 2211/2847/2182 2218/2854/2189 2219/2855/2190
f 2218/2854/2189 2211/2847/2182 2209/2845/2180
f 2218/2856/2189 2220/2857/2191 2219/2858/2190
f 2219/2858/2190 2220/2857/2191 2221/2859/2192
f 2220/2857/2191 2222/2860/2193 2221/2859/2192
f 2221/2859/2192 2222/2860/2193 2223/2861/2194
s 14
f 2224/2862/2195 2225/2863/2196 2226/2864/2197
f 2226/2864/2197 2225/2863/2196 2227/2865/2198
f 2224/2862/2195 2228/2866/2199 2229/2867/2200
f 2228/2866/2199 2224/2862/2195 2226/2864/2197
f 2230/2868/2201 2227/2865/2198 2225/2863/2196
f 2227/2865/2198 2230/2868/2201 2231/2869/2202
f 2230/2870/2201 2232/2871/2203 2231/2872/2202
f 2232/2871/2203 2230/2870/2201 2233/2873/2204
f 2234/2874/2205 2233/2873/2204 2235/2875/2206
f 2235/2876/2206 2233/2877/2204 2236/2878/2207
s 8
f 2237/2879/2208 2238/2880/2209 2239/2881/2210
f 2239/2881/2210 2238/2880/2209 2240/2882/2211
f 2241/2883/2212 2242/2884/2213 2243/2885/2214
f 2241/2883/2212 2243/2885/2214 2244/2886/2215
f 2243/2887/2214 2237/2888/2208 2244/2889/2215
f 2244/2889/2215 2237/2888/2208 2239/2890/2210
f 2242/2884/2213 2241/2883/2212 2245/2891/2216
f 2245/2891/2216 2246/2892/2217 2242/2884/2213
f 2238/2880/2209 2247/2893/2218 2240/2882/2211
f 2240/2882/2211 2247/2893/2218 2248/2894/2219
f 2247/2893/2218 2249/2895/2220 2248/2894/2219
f 2249/2895/2220 2247/2893/2218 2250/2896/2221
s 14
f 2251/2897/2222 2225/2898/2196 2224/2899/2195
f 2225/2898/2196 2251/2897/2222 2252/2900/2223
f 2226/2901/2197 2227/2902/2198 2253/2903/2224
f 2227/2902/2198 2254/2904/2225 2253/2903/2224
f 2229/2867/2200 2228/2866/2199 2255/2905/2226
f 2224/2899/2195 2229/2906/2200 2251/2897/2222
f 2228/2907/2199 2256/2908/2227 2257/2909/2228
f 2256/2910/2227 2228/2866/2199 2226/2864/2197
f 2258/2911/2229 2255/2912/2226 2228/2913/2199
f 2255/2912/2226 2258/2911/2229 2259/2914/2230
f 2258/2915/2229 2228/2916/2199 2257/2917/2228
f 2226/2901/2197 2253/2903/2224 2256/2918/2227
f 2252/2900/2223 2230/2919/2201 2225/2898/2196
f 2230/2919/2201 2252/2900/2223 2260/2920/2231
f 2261/2921/2232 2254/2904/2225 2231/2922/2202
f 2227/2902/2198 2231/2922/2202 2254/2904/2225
f 2230/2919/2201 2236/2878/2207 2233/2877/2204
f 2236/2878/2207 2230/2919/2201 2260/2920/2231
f 2261/2921/2232 2232/2923/2203 2262/2924/2233
f 2232/2923/2203 2261/2921/2232 2231/2922/2202
s 8
f 2158/2760/2130 2249/2925/2220 2250/2926/2221
s 14
f 2263/2927/2234 2262/2924/2233 2232/2923/2203
f 2232/2871/2203 2264/2928/2235 2263/2929/2234
f 2233/2873/2204 2264/2928/2235 2232/2871/2203
f 2264/2928/2235 2233/2873/2204 2234/2874/2205
s 8
f 2222/2860/2193 2265/2930/2236 2223/2861/2194
f 2265/2930/2236 2266/2931/2237 2223/2861/2194
f 2266/2931/2237 2265/2930/2236 2132/2932/2106
f 2157/2759/2129 2147/2748/2119 2267/2933/2238
f 2268/2934/2239 2087/2643/2061 2028/2558/2002
f 2152/2935/2124 2163/2936/2135 2149/2750/2121
f 2164/2769/2136 2163/2768/2135 2152/2937/2124
f 2152/2937/2124 2151/2938/2123 2164/2769/2136
f 2164/2769/2136 2154/2939/2126 2165/2770/2137
f 2154/2939/2126 2164/2769/2136 2151/2938/2123
f 2165/2770/2137 2156/2940/2128 2166/2771/2138
f 2156/2940/2128 2165/2770/2137 2154/2939/2126
f 2269/2941/2240 2159/2761/2131 2158/2760/2130
f 2150/2751/2122 2159/2761/2131 2148/2749/2120
f 2159/2761/2131 2160/2942/2132 2148/2749/2120
f 2159/2761/2131 2269/2941/2240 2270/2943/2241
f 2123/2712/2097 2130/2709/2104 2132/2715/2106
f 2266/2944/2237 2132/2945/2106 2268/2934/2239
f 2268/2934/2239 2028/2558/2002 2266/2944/2237
f 2223/2946/2194 2266/2944/2237 2028/2558/2002
f 2028/2558/2002 2031/2561/2005 2223/2946/2194
f 2221/2947/2192 2223/2946/2194 2031/2561/2005
f 2031/2561/2005 2207/2843/2178 2221/2947/2192
f 2219/2948/2190 2207/2843/2178 2102/2676/2076
f 2207/2843/2178 2219/2948/2190 2221/2947/2192
f 2211/2949/2182 2219/2948/2190 2101/2675/2075
f 2102/2676/2076 2101/2675/2075 2219/2948/2190
f 2210/2950/2181 2211/2949/2182 2105/2682/2079
f 2101/2675/2075 2105/2682/2079 2211/2949/2182
f 2192/2811/2163 2210/2950/2181 2105/2682/2079
f 2210/2950/2181 2192/2811/2163 2215/2951/2186
f 2214/2952/2185 2215/2951/2186 2188/2807/2159
f 2188/2807/2159 2215/2951/2186 2192/2811/2163
f 2188/2807/2159 2189/2808/2160 2214/2952/2185
f 2214/2952/2185 2189/2808/2160 2217/2953/2188
f 2265/2930/2236 2163/2936/2135 2132/2932/2106
f 2163/2936/2135 2265/2930/2236 2149/2750/2121
f 2222/2860/2193 2147/2748/2119 2149/2750/2121
f 2222/2860/2193 2149/2750/2121 2265/2930/2236
f 2222/2860/2193 2267/2933/2238 2147/2748/2119
f 2222/2860/2193 2271/2954/2242 2267/2933/2238
f 2272/2955/2243 2271/2954/2242 2220/2857/2191
f 2222/2860/2193 2220/2857/2191 2271/2954/2242
f 2273/2956/2244 2272/2955/2243 2218/2856/2189
f 2218/2856/2189 2272/2955/2243 2220/2857/2191
f 2274/2957/2245 2273/2958/2244 2209/2845/2180
f 2209/2845/2180 2273/2958/2244 2218/2854/2189
f 2275/2959/2246 2274/2957/2245 2208/2844/2179
f 2208/2844/2179 2274/2957/2245 2209/2845/2180
f 2276/2960/2247 2275/2959/2246 2213/2849/2184
f 2213/2849/2184 2275/2959/2246 2208/2844/2179
f 2276/2960/2247 2213/2849/2184 2212/2848/2183
f 2212/2848/2183 2277/2961/2248 2276/2960/2247
f 2277/2961/2248 2212/2848/2183 2216/2852/2187
f 2216/2852/2187 2278/2962/2249 2277/2961/2248
f 2158/2760/2130 2250/2926/2221 2269/2941/2240
f 2149/2750/2121 2148/2749/2120 2152/2935/2124
f 2150/2751/2122 2147/2748/2119 2157/2759/2129
f 2159/2761/2131 2270/2943/2241 2160/2942/2132
f 2268/2934/2239 1950/2673/1929 2087/2643/2061
f 2130/2963/2104 1950/2673/1929 2268/2934/2239
f 2268/2934/2239 2132/2945/2106 2130/2963/2104
f 2009/2521/1983 2192/2811/2163 2105/2682/2079
f 2090/2656/2064 2031/2561/2005 2030/2560/2004
f 2031/2561/2005 2090/2656/2064 2207/2843/2178
f 2009/2521/1983 2105/2682/2079 2093/2661/2067
f 2202/2831/2173 2103/2839/2077 2203/2833/2174
f 2204/2835/2175 2103/2839/2077 2205/2836/2176
f 2203/2833/2174 2103/2839/2077 2204/2835/2175
f 2023/2830/1997 2103/2839/2077 2202/2831/2173
f 2176/2964/2148 1990/2680/1966 2104/2679/2078
s 9
f 2177/2791/2149 2279/2965/2250 2178/2792/2149
f 2279/2965/2250 2177/2791/2149 2280/2966/2250
s 8
f 2175/2967/2147 2176/2968/2148 2281/2969/2251
s 10
f 2179/2795/2150 1998/2794/1972 2181/2970/2152
f 2179/2795/2150 2181/2970/2152 2282/2971/2252
s 8
f 2087/2643/2061 2029/2559/2003 2028/2558/2002
f 2023/2972/1997 2001/2512/1975 2103/2677/2077
f 2283/2973/2253 2284/2974/2254 2285/2975/2255
f 2284/2974/2254 2283/2973/2253 2286/2976/2256
f 2286/2976/2256 2287/2977/2257 2284/2974/2254
f 2284/2974/2254 2287/2977/2257 2288/2978/2258
f 2287/2977/2257 2289/2979/2259 2288/2978/2258
f 2289/2979/2259 2290/2980/2260 2288/2978/2258
f 2291/2981/2261 2290/2980/2260 2292/2982/2262
f 2289/2979/2259 2292/2982/2262 2290/2980/2260
f 2293/2983/2263 2294/2984/2264 2295/2985/2265
f 2294/2984/2264 2293/2983/2263 2296/2986/2266
f 2297/2987/2267 2295/2985/2265 2298/2988/2268
f 2295/2985/2265 2297/2987/2267 2293/2983/2263
f 2299/2989/2269 2298/2988/2268 2300/2990/2270
f 2298/2988/2268 2299/2989/2269 2297/2987/2267
f 2301/2991/2271 2300/2990/2270 2302/2992/2272
f 2300/2990/2270 2301/2991/2271 2299/2989/2269
f 2303/2993/2273 2304/2994/2274 2305/2995/2275
f 2304/2994/2274 2303/2993/2273 2306/2996/2276
f 2305/2995/2275 2307/2997/2277 2308/2998/2278
f 2307/2997/2277 2305/2995/2275 2304/2994/2274
f 2309/2999/2279 2308/2998/2278 2307/2997/2277
f 2307/2997/2277 2310/3000/2280 2309/2999/2279
f 2311/3001/2281 2309/2999/2279 2310/3000/2280
f 2310/3000/2280 2312/3002/2282 2311/3001/2281
f 2303/3003/2273 2305/3004/2275 2313/3005/2283
f 2313/3005/2283 2314/3006/2284 2303/3003/2273
f 2315/3007/2285 2305/3004/2275 2308/3008/2278
f 2305/3004/2275 2315/3007/2285 2316/3009/2286
f 2317/3010/2287 2308/3008/2278 2309/3011/2279
f 2308/3008/2278 2317/3010/2287 2315/3007/2285
f 2318/3012/2288 2309/3011/2279 2311/3013/2281
f 2309/3011/2279 2318/3012/2288 2317/3010/2287
f 2283/3014/2253 2319/3015/2289 2286/3016/2256
f 2319/3015/2289 2283/3014/2253 2320/3017/2290
f 2321/3018/2291 2292/3019/2262 2289/3020/2259
f 2292/3019/2262 2321/3018/2291 2322/3021/2292
f 2287/3022/2257 2321/3018/2291 2289/3020/2259
f 2321/3018/2291 2287/3022/2257 2323/3023/2293
f 2319/3015/2289 2287/3022/2257 2286/3016/2256
f 2287/3022/2257 2319/3015/2289 2323/3023/2293
f 2285/2975/2255 2324/3024/2294 2325/3025/2295
f 2324/3024/2294 2285/2975/2255 2284/2974/2254
f 2284/2974/2254 2326/3026/2296 2324/3024/2294
f 2326/3026/2296 2284/2974/2254 2288/2978/2258
f 2288/2978/2258 2327/3027/2297 2326/3026/2296
f 2327/3027/2297 2288/2978/2258 2290/2980/2260
f 2291/2981/2261 2327/3027/2297 2290/2980/2260
f 2327/3027/2297 2291/2981/2261 2328/3028/2298
f 2293/2983/2263 2329/3029/2299 2296/2986/2266
f 2329/3029/2299 2330/3030/2266 2296/2986/2266
f 2297/2987/2267 2331/3031/2267 2293/2983/2263
f 2331/3031/2267 2329/3029/2299 2293/2983/2263
f 2299/2989/2269 2332/3032/2269 2297/2987/2267
f 2332/3032/2269 2331/3031/2267 2297/2987/2267
f 2301/2991/2271 2333/3033/2300 2299/2989/2269
f 2333/3033/2300 2332/3032/2269 2299/2989/2269
f 2330/3030/2266 2329/3029/2299 2304/3034/2274
f 2304/3034/2274 2306/3035/2276 2330/3030/2266
f 2329/3029/2299 2331/3031/2267 2307/3036/2277
f 2307/3036/2277 2304/3034/2274 2329/3029/2299
f 2331/3031/2267 2332/3032/2269 2310/3037/2280
f 2310/3037/2280 2307/3036/2277 2331/3031/2267
f 2332/3032/2269 2333/3033/2300 2312/3038/2282
f 2312/3038/2282 2310/3037/2280 2332/3032/2269
f 2325/3025/2295 2295/3039/2265 2294/3040/2264
f 2295/3039/2265 2325/3025/2295 2324/3024/2294
f 2324/3024/2294 2298/3041/2268 2295/3039/2265
f 2298/3041/2268 2324/3024/2294 2326/3026/2296
f 2300/3042/2270 2326/3026/2296 2327/3027/2297
f 2326/3026/2296 2300/3042/2270 2298/3041/2268
f 2328/3028/2298 2300/3042/2270 2327/3027/2297
f 2300/3042/2270 2328/3028/2298 2302/3043/2272
f 2334/3044/2301 2335/3045/2302 2336/3046/2303
f 2336/3047/2303 2337/3048/2304 2334/3049/2301
f 2335/3045/2302 2338/3050/2305 2339/3051/2306
f 2338/3050/2305 2335/3045/2302 2340/3052/2307
f 2341/3053/2308 2339/3051/2306 2338/3050/2305
f 2342/3054/2309 2339/3051/2306 2341/3053/2308
f 2342/3054/2309 2341/3053/2308 2343/3055/2310
f 2344/3056/2311 2345/3057/2312 2336/3047/2303
f 2345/3057/2312 2346/3058/2313 2336/3047/2303
f 2335/3059/2302 2339/3060/2306 2347/3061/2314
f 2347/3061/2314 2348/3062/2315 2335/3059/2302
f 2339/3060/2306 2342/3063/2309 2349/3064/2316
f 2349/3064/2316 2347/3061/2314 2339/3060/2306
f 2315/3007/2285 2350/3065/2317 2316/3009/2286
f 2350/3065/2317 2351/3066/2318 2316/3009/2286
f 2317/3010/2287 2352/3067/2319 2315/3007/2285
f 2352/3067/2319 2350/3065/2317 2315/3007/2285
f 2318/3012/2288 2353/3068/2320 2317/3010/2287
f 2353/3068/2320 2352/3067/2319 2317/3010/2287
f 2354/3069/2321 2355/3070/2322 2356/3071/2323
f 2356/3071/2323 2357/3072/2324 2354/3069/2321
f 2354/3069/2321 2358/3073/2325 2359/3074/2326
f 2358/3073/2325 2354/3069/2321 2357/3072/2324
f 2360/3075/2327 2355/3076/2322 2354/3077/2321
f 2355/3076/2322 2360/3075/2327 2361/3078/2328
f 2362/3079/2329 2354/3077/2321 2359/3080/2326
f 2354/3077/2321 2362/3079/2329 2360/3075/2327
f 2363/3081/2330 2364/3082/2331 2365/3083/2332
f 2364/3082/2331 2366/3084/2333 2365/3083/2332
f 2366/3085/2333 2367/3086/2334 2368/3087/2335
f 2367/3086/2334 2366/3085/2333 2364/3088/2331
f 2367/3089/2334 2369/3090/2336 2368/3091/2335
f 2360/3075/2327 2365/3083/2332 2361/3078/2328
f 2362/3079/2329 2363/3081/2330 2360/3075/2327
s 9
f 2370/3092/2337 2371/3093/2337 2372/3094/2338
f 2371/3093/2337 2373/3095/2338 2372/3094/2338
s 10
f 2374/3096/2339 2375/3097/2340 2376/3098/2341
f 2376/3099/2341 2377/3100/2342 2378/3101/2343
f 2377/3100/2342 2376/3099/2341 2379/3102/2344
s 8
f 2360/3075/2327 2363/3081/2330 2365/3083/2332
f 2380/3103/2345 2381/3104/2346 2382/3105/2347
f 2357/3106/2324 2383/3107/2348 2358/3108/2325
f 2383/3107/2348 2357/3106/2324 2384/3109/2349
f 2385/3110/2350 2386/3111/2351 2387/3112/2352
f 2387/3112/2352 2386/3111/2351 2383/3113/2348
f 2386/3111/2351 2385/3110/2350 2388/3114/2353
f 2388/3114/2353 2389/3115/2354 2386/3111/2351
f 2385/3110/2350 2390/3116/2355 2388/3114/2353
f 2391/3117/2356 2392/3118/2357 2393/3119/2358
f 2390/3116/2355 2393/3119/2358 2388/3114/2353
f 2393/3119/2358 2390/3116/2355 2391/3117/2356
f 2384/3120/2349 2357/3121/2324 2394/3122/2359
f 2395/3123/2360 2396/3124/2361 2392/3118/2357
f 2392/3118/2357 2391/3117/2356 2395/3123/2360
f 2397/3125/2362 2395/3123/2360 2390/3116/2355
f 2391/3117/2356 2390/3116/2355 2395/3123/2360
f 2398/3126/2363 2390/3116/2355 2385/3110/2350
f 2390/3116/2355 2398/3126/2363 2397/3125/2362
f 2399/3127/2364 2398/3126/2363 2385/3110/2350
f 2399/3127/2364 2385/3110/2350 2387/3112/2352
f 2400/3128/2365 2399/3129/2364 2387/3130/2352
f 2400/3128/2365 2387/3130/2352 2384/3109/2349
f 2400/3128/2365 2394/3131/2359 2401/3132/2366
f 2394/3131/2359 2400/3128/2365 2384/3109/2349
f 2402/3133/2367 2401/3134/2366 2403/3135/2368
f 2394/3136/2359 2403/3135/2368 2401/3134/2366
f 2404/3137/2369 2402/3133/2367 2356/3071/2323
f 2403/3135/2368 2356/3071/2323 2402/3133/2367
f 2396/3138/2361 2395/3139/2360 2405/3140/2370
f 2406/3141/2371 2405/3140/2370 2395/3139/2360
f 2395/3139/2360 2397/3142/2362 2406/3141/2371
f 2407/3143/2372 2406/3141/2371 2397/3142/2362
f 2397/3142/2362 2398/3144/2363 2407/3143/2372
f 2408/3145/2373 2407/3143/2372 2398/3144/2363
f 2408/3145/2373 2398/3144/2363 2399/3129/2364
f 2399/3129/2364 2409/3146/2374 2408/3145/2373
f 2409/3146/2374 2399/3129/2364 2400/3128/2365
f 2400/3147/2365 2401/3148/2366 2409/3149/2374
f 2409/3150/2374 2401/3151/2366 2410/3152/2375
f 2404/3137/2369 2382/3105/2347 2402/3133/2367
f 2380/3103/2345 2382/3105/2347 2404/3137/2369
f 2402/3133/2367 2410/3153/2375 2401/3134/2366
f 2410/3153/2375 2402/3133/2367 2382/3105/2347
f 2409/3154/2374 2410/3155/2375 2381/3156/2346
f 2381/3104/2346 2410/3153/2375 2382/3105/2347
f 2384/3109/2349 2387/3130/2352 2383/3107/2348
f 2357/3157/2324 2356/3158/2323 2403/3159/2368
f 2357/3157/2324 2403/3159/2368 2394/3160/2359
f 2411/3161/2376 2412/3162/2377 2413/3163/2378
f 2412/3162/2377 2411/3161/2376 2414/3164/2379
f 2415/3165/2380 2416/3166/2381 2417/3167/2382
f 2417/3167/2382 2418/3168/2383 2415/3165/2380
f 2419/3169/2384 2420/3170/2385 2421/3171/2386
f 2421/3171/2386 2422/3172/2387 2419/3169/2384
f 2420/3170/2385 2423/3173/2388 2424/3174/2389
f 2424/3174/2389 2421/3171/2386 2420/3170/2385
f 2416/3175/2381 2419/3169/2384 2422/3172/2387
f 2422/3172/2387 2417/3176/2382 2416/3175/2381
f 2418/3168/2383 2425/3177/2390 2415/3165/2380
f 2425/3177/2390 2418/3168/2383 2426/3178/2391
f 2427/3179/2392 2425/3177/2390 2426/3178/2391
f 2426/3178/2391 2428/3180/2393 2427/3179/2392
f 2429/3181/2394 2427/3179/2392 2428/3180/2393
f 2428/3180/2393 2430/3182/2395 2429/3181/2394
s 15
f 2431/3183/2396 2432/3184/2397 2433/3185/2398
f 2432/3184/2397 2431/3183/2396 2434/3186/2399
f 2435/3187/2400 2433/3188/2398 2436/3189/2401
f 2433/3188/2398 2435/3187/2400 2431/3190/2396
f 2434/3186/2399 2437/3191/2402 2432/3184/2397
f 2437/3191/2402 2434/3186/2399 2438/3192/2403
f 2437/3191/2402 2438/3192/2403 2439/3193/2404
f 2437/3191/2402 2439/3193/2404 2440/3194/2405
f 2440/3194/2405 2441/3195/2406 2442/3196/2407
f 2440/3197/2405 2442/3198/2407 2443/3199/2408
s 8
f 2444/3200/2409 2445/3201/2410 2446/3202/2411
f 2445/3201/2410 2444/3200/2409 2447/3203/2412
f 2448/3204/2413 2449/3205/2414 2450/3206/2415
f 2450/3206/2415 2449/3205/2414 2451/3207/2416
f 2450/3206/2415 2451/3207/2416 2446/3202/2411
f 2446/3202/2411 2451/3207/2416 2444/3200/2409
f 2452/3208/2417 2453/3209/2418 2448/3210/2413
f 2448/3210/2413 2453/3209/2418 2449/3211/2414
f 2447/3203/2412 2454/3212/2419 2445/3201/2410
f 2454/3212/2419 2447/3203/2412 2455/3213/2420
f 2455/3213/2420 2456/3214/2421 2454/3212/2419
f 2456/3214/2421 2457/3215/2422 2454/3212/2419
s 15
f 2432/3216/2397 2458/3217/2423 2433/3218/2398
f 2458/3217/2423 2432/3216/2397 2459/3219/2424
f 2434/3220/2399 2431/3221/2396 2460/3222/2425
f 2460/3222/2425 2461/3223/2426 2434/3220/2399
f 2436/3224/2401 2462/3225/2427 2435/3226/2400
f 2433/3218/2398 2458/3217/2423 2436/3227/2401
f 2435/3187/2400 2463/3228/2428 2431/3190/2396
f 2463/3228/2428 2435/3187/2400 2464/3229/2429
f 2462/3230/2427 2465/3231/2430 2435/3232/2400
f 2465/3231/2430 2462/3230/2427 2466/3233/2431
f 2465/3234/2430 2464/3229/2429 2435/3187/2400
f 2431/3221/2396 2463/3235/2428 2460/3222/2425
f 2437/3236/2402 2459/3219/2424 2432/3216/2397
f 2459/3219/2424 2437/3236/2402 2467/3237/2432
f 2438/3238/2403 2434/3220/2399 2461/3223/2426
f 2461/3223/2426 2468/3239/2433 2438/3238/2403
f 2437/3236/2402 2443/3199/2408 2467/3237/2432
f 2443/3199/2408 2437/3236/2402 2440/3197/2405
f 2468/3239/2433 2469/3240/2434 2438/3238/2403
f 2439/3241/2404 2438/3238/2403 2469/3240/2434
s 8
f 2345/3057/2312 2457/3215/2422 2456/3214/2421
s 15
f 2470/3242/2435 2439/3193/2404 2471/3243/2436
f 2439/3193/2404 2469/3244/2434 2471/3243/2436
f 2470/3242/2435 2440/3194/2405 2439/3193/2404
f 2440/3194/2405 2470/3242/2435 2441/3195/2406
s 8
f 2472/3245/2437 2430/3182/2395 2473/3246/2438
f 2430/3182/2395 2472/3245/2437 2429/3181/2394
f 2473/3246/2438 2316/3247/2286 2472/3245/2437
f 2346/3058/2313 2474/3248/2439 2337/3048/2304
f 2475/3249/2440 2412/3162/2377 2476/3250/2441
f 2340/3251/2307 2334/3049/2301 2351/3252/2318
f 2338/3253/2305 2351/3066/2318 2350/3065/2317
f 2351/3066/2318 2338/3253/2305 2340/3254/2307
f 2341/3255/2308 2350/3065/2317 2352/3067/2319
f 2350/3065/2317 2341/3255/2308 2338/3253/2305
f 2343/3256/2310 2352/3067/2319 2353/3068/2320
f 2352/3067/2319 2343/3256/2310 2341/3255/2308
f 2477/3257/2442 2345/3057/2312 2344/3056/2311
f 2348/3258/2315 2336/3047/2303 2335/3259/2302
f 2336/3047/2303 2348/3258/2315 2344/3056/2311
f 2344/3056/2311 2478/3260/2443 2477/3257/2442
f 2305/3004/2275 2316/3009/2286 2313/3005/2283
f 2412/3162/2377 2475/3249/2440 2473/3261/2438
f 2316/3262/2286 2473/3261/2438 2475/3249/2440
f 2473/3261/2438 2430/3263/2395 2412/3162/2377
f 2413/3163/2378 2412/3162/2377 2430/3263/2395
f 2430/3263/2395 2428/3264/2393 2413/3163/2378
f 2479/3265/2444 2413/3163/2378 2428/3264/2393
f 2428/3264/2393 2426/3266/2391 2479/3265/2444
f 2480/3267/2445 2479/3265/2444 2426/3266/2391
f 2481/3268/2446 2480/3267/2445 2426/3266/2391
f 2481/3268/2446 2426/3266/2391 2418/3269/2383
f 2482/3270/2447 2481/3268/2446 2418/3269/2383
f 2482/3270/2447 2418/3269/2383 2417/3271/2382
f 2417/3271/2382 2393/3119/2358 2482/3270/2447
f 2393/3119/2358 2417/3271/2382 2422/3272/2387
f 2388/3114/2353 2422/3272/2387 2421/3273/2386
f 2422/3272/2387 2388/3114/2353 2393/3119/2358
f 2389/3115/2354 2388/3114/2353 2421/3273/2386
f 2421/3273/2386 2424/3274/2389 2389/3115/2354
f 2351/3252/2318 2472/3245/2437 2316/3247/2286
f 2472/3245/2437 2351/3252/2318 2334/3049/2301
f 2337/3048/2304 2472/3245/2437 2334/3049/2301
f 2472/3245/2437 2337/3048/2304 2429/3181/2394
f 2429/3181/2394 2337/3048/2304 2474/3248/2439
f 2429/3181/2394 2474/3248/2439 2483/3275/2448
f 2427/3179/2392 2429/3181/2394 2483/3275/2448
f 2427/3179/2392 2483/3275/2448 2484/3276/2449
f 2425/3177/2390 2484/3276/2449 2485/3277/2450
f 2484/3276/2449 2425/3177/2390 2427/3179/2392
f 2415/3165/2380 2485/3277/2450 2486/3278/2451
f 2485/3277/2450 2415/3165/2380 2425/3177/2390
f 2416/3166/2381 2486/3278/2451 2487/3279/2452
f 2486/3278/2451 2416/3166/2381 2415/3165/2380
f 2419/3169/2384 2487/3280/2452 2488/3281/2453
f 2487/3280/2452 2419/3169/2384 2416/3175/2381
f 2420/3170/2385 2488/3281/2453 2489/3282/2454
f 2488/3281/2453 2420/3170/2385 2419/3169/2384
f 2423/3173/2388 2489/3282/2454 2490/3283/2455
f 2489/3282/2454 2423/3173/2388 2420/3170/2385
f 2345/3057/2312 2477/3257/2442 2457/3215/2422
f 2334/3044/2301 2340/3052/2307 2335/3045/2302
f 2336/3047/2303 2346/3058/2313 2337/3048/2304
f 2344/3056/2311 2348/3258/2315 2478/3260/2443
f 2314/3284/2284 2475/3249/2440 2476/3250/2441
f 2314/3284/2284 2313/3285/2283 2475/3249/2440
f 2475/3249/2440 2313/3285/2283 2316/3262/2286
f 2392/3118/2357 2482/3270/2447 2393/3119/2358
f 2491/3286/2456 2492/3287/2457 2480/3267/2445
f 2491/3286/2456 2480/3267/2445 2481/3268/2446
f 2380/3103/2345 2493/3288/2458 2381/3104/2346
f 2406/3141/2371 2407/3143/2372 2381/3289/2346
f 2381/3289/2346 2407/3143/2372 2408/3145/2373
f 2381/3289/2346 2408/3145/2373 2409/3146/2374
f 2405/3140/2370 2406/3141/2371 2381/3289/2346
f 2369/3290/2336 2494/3291/2459 2368/3292/2335
s 9
f 2372/3094/2338 2495/3293/2460 2496/3294/2460
f 2495/3293/2460 2372/3094/2338 2373/3095/2338
s 8
f 2367/3089/2334 2497/3295/2461 2369/3090/2336
s 10
f 2375/3097/2340 2379/3296/2344 2376/3098/2341
f 2375/3097/2340 2498/3297/2462 2379/3296/2344
s 8
f 2491/3286/2456 2482/3270/2447 2499/3298/2463
f 2482/3270/2447 2491/3286/2456 2481/3268/2446
f 2500/3299/2464 2283/2973/2253 2285/2975/2255
f 2283/2973/2253 2500/3299/2464 2501/3300/2465
f 2502/3301/2466 2500/3299/2464 2503/3302/2467
f 2500/3299/2464 2502/3301/2466 2501/3300/2465
f 2504/3303/2468 2503/3302/2467 2505/3304/2469
f 2503/3302/2467 2504/3303/2468 2502/3301/2466
f 2506/3305/2470 2505/3304/2469 2507/3306/2471
f 2505/3304/2469 2506/3305/2470 2504/3303/2468
f 2508/3307/2472 2294/2984/2264 2296/2986/2266
f 2296/2986/2266 2509/3308/2473 2508/3307/2472
f 2510/3309/2474 2508/3307/2472 2509/3308/2473
f 2509/3308/2473 2511/3310/2475 2510/3309/2474
f 2512/3311/2476 2510/3312/2474 2511/3313/2475
f 2511/3313/2475 2513/3314/2477 2512/3311/2476
f 2514/3315/2478 2512/3311/2476 2513/3314/2477
f 2513/3314/2477 2515/3316/2479 2514/3315/2478
f 2516/3317/2480 2303/2993/2273 2517/3318/2481
f 2303/2993/2273 2516/3317/2480 2306/2996/2276
f 2518/3319/2482 2517/3318/2481 2519/3320/2483
f 2517/3318/2481 2518/3319/2482 2516/3317/2480
f 2520/3321/2484 2518/3319/2482 2519/3320/2483
f 2521/3322/2485 2518/3319/2482 2520/3321/2484
f 2520/3321/2484 2522/3323/2486 2521/3322/2485
f 2522/3323/2486 2520/3321/2484 2523/3324/2487
f 2524/3325/2488 2303/3003/2273 2314/3006/2284
f 2517/3326/2481 2303/3003/2273 2524/3325/2488
f 2519/3327/2483 2517/3326/2481 2525/3328/2489
f 2525/3328/2489 2526/3329/2490 2519/3327/2483
f 2520/3330/2484 2519/3331/2483 2526/3332/2490
f 2526/3332/2490 2527/3333/2491 2520/3330/2484
f 2523/3334/2487 2520/3330/2484 2527/3333/2491
f 2527/3333/2491 2528/3335/2492 2523/3334/2487
f 2529/3336/2493 2283/3014/2253 2501/3337/2465
f 2283/3014/2253 2529/3336/2493 2320/3017/2290
f 2530/3338/2494 2504/3339/2468 2506/3340/2470
f 2504/3339/2468 2530/3338/2494 2531/3341/2495
f 2531/3341/2495 2502/3342/2466 2504/3339/2468
f 2502/3342/2466 2531/3341/2495 2532/3343/2496
f 2532/3344/2496 2529/3336/2493 2502/3345/2466
f 2502/3345/2466 2529/3336/2493 2501/3337/2465
f 2285/2975/2255 2533/3346/2497 2500/3299/2464
f 2533/3346/2497 2285/2975/2255 2325/3025/2295
f 2500/3299/2464 2534/3347/2498 2503/3302/2467
f 2534/3347/2498 2500/3299/2464 2533/3346/2497
f 2505/3304/2469 2534/3347/2498 2535/3348/2499
f 2534/3347/2498 2505/3304/2469 2503/3302/2467
f 2535/3348/2499 2507/3306/2471 2505/3304/2469
f 2507/3306/2471 2535/3348/2499 2536/3349/2500
f 2330/3030/2266 2509/3308/2473 2296/2986/2266
f 2509/3308/2473 2330/3030/2266 2537/3350/2501
f 2537/3350/2501 2511/3310/2475 2509/3308/2473
f 2511/3310/2475 2537/3350/2501 2538/3351/2475
f 2538/3352/2475 2513/3314/2477 2511/3313/2475
f 2513/3314/2477 2538/3352/2475 2539/3353/2477
f 2539/3353/2477 2515/3316/2479 2513/3314/2477
f 2515/3316/2479 2539/3353/2477 2540/3354/2502
f 2306/3035/2276 2537/3350/2501 2330/3030/2266
f 2537/3350/2501 2306/3035/2276 2516/3355/2480
f 2516/3355/2480 2538/3351/2475 2537/3350/2501
f 2538/3351/2475 2516/3355/2480 2518/3356/2482
f 2518/3357/2482 2539/3353/2477 2538/3352/2475
f 2539/3353/2477 2518/3357/2482 2521/3358/2485
f 2521/3358/2485 2540/3354/2502 2539/3353/2477
f 2540/3354/2502 2521/3358/2485 2522/3359/2486
f 2533/3346/2497 2325/3025/2295 2508/3360/2472
f 2508/3360/2472 2325/3025/2295 2294/3040/2264
f 2534/3347/2498 2508/3360/2472 2510/3361/2474
f 2508/3360/2472 2534/3347/2498 2533/3346/2497
f 2510/3361/2474 2535/3348/2499 2534/3347/2498
f 2535/3348/2499 2510/3361/2474 2512/3362/2476
f 2512/3362/2476 2536/3349/2500 2535/3348/2499
f 2536/3349/2500 2512/3362/2476 2514/3363/2478
f 2541/3364/2503 2542/3365/2504 2543/3366/2505
f 2542/3365/2504 2541/3364/2503 2544/3367/2506
f 2542/3368/2504 2545/3369/2507 2546/3370/2508
f 2545/3369/2507 2542/3368/2504 2547/3371/2509
f 2548/3372/2510 2545/3369/2507 2547/3371/2509
f 2547/3371/2509 2549/3373/2511 2548/3372/2510
f 2548/3372/2510 2549/3373/2511 2550/3374/2512
f 2551/3375/2513 2552/3376/2514 2544/3367/2506
f 2544/3367/2506 2552/3376/2514 2553/3377/2515
f 2554/3378/2516 2547/3379/2509 2542/3365/2504
f 2547/3380/2509 2554/3381/2516 2555/3382/2517
f 2555/3383/2517 2549/3384/2511 2547/3385/2509
f 2549/3384/2511 2555/3383/2517 2556/3386/2518
f 2557/3387/2519 2526/3329/2490 2525/3328/2489
f 2526/3329/2490 2557/3387/2519 2558/3388/2520
f 2558/3389/2520 2527/3333/2491 2526/3332/2490
f 2527/3333/2491 2558/3389/2520 2559/3390/2521
f 2559/3390/2521 2528/3335/2492 2527/3333/2491
f 2528/3335/2492 2559/3390/2521 2560/3391/2522
f 2561/3392/2523 2356/3071/2323 2562/3393/2524
f 2562/3393/2524 2356/3071/2323 2355/3070/2322
f 2562/3393/2524 2563/3394/2525 2561/3392/2523
f 2563/3394/2525 2562/3393/2524 2564/3395/2526
f 2562/3396/2524 2355/3076/2322 2361/3078/2328
f 2361/3078/2328 2565/3397/2527 2562/3396/2524
f 2564/3398/2526 2562/3399/2524 2565/3400/2527
f 2565/3400/2527 2566/3401/2528 2564/3398/2526
f 2366/3084/2333 2567/3402/2529 2365/3083/2332
f 2567/3402/2529 2366/3084/2333 2568/3403/2530
f 2569/3404/2531 2366/3085/2333 2368/3087/2335
f 2366/3085/2333 2569/3404/2531 2568/3405/2530
f 2569/3406/2531 2368/3407/2335 2570/3408/2532
f 2565/3397/2527 2361/3078/2328 2365/3083/2332
f 2566/3401/2528 2565/3400/2527 2567/3409/2529
s 9
f 2371/3093/2337 2571/3410/2533 2572/3411/2533
f 2571/3410/2533 2371/3093/2337 2370/3092/2337
s 10
f 2374/3096/2339 2376/3098/2341 2573/3412/2534
f 2376/3099/2341 2574/3413/2535 2575/3414/2536
f 2574/3413/2535 2376/3099/2341 2378/3101/2343
s 8
f 2565/3397/2527 2365/3083/2332 2567/3402/2529
f 2380/3103/2345 2576/3415/2537 2493/3288/2458
f 2561/3392/2523 2577/3416/2538 2578/3417/2539
f 2577/3416/2538 2561/3392/2523 2563/3394/2525
f 2579/3418/2540 2577/3416/2538 2580/3419/2541
f 2580/3419/2541 2581/3420/2542 2579/3418/2540
f 2582/3421/2543 2583/3422/2544 2580/3419/2541
f 2581/3420/2542 2580/3419/2541 2583/3422/2544
f 2581/3420/2542 2583/3422/2544 2584/3423/2545
f 2585/3424/2546 2586/3425/2547 2392/3118/2357
f 2586/3425/2547 2584/3423/2545 2583/3422/2544
f 2584/3423/2545 2586/3425/2547 2585/3424/2546
f 2578/3417/2539 2587/3426/2548 2561/3392/2523
f 2392/3118/2357 2588/3427/2549 2585/3424/2546
f 2588/3427/2549 2392/3118/2357 2396/3124/2361
f 2584/3423/2545 2585/3424/2546 2588/3427/2549
f 2588/3427/2549 2589/3428/2550 2584/3423/2545
f 2589/3428/2550 2590/3429/2551 2584/3423/2545
f 2581/3420/2542 2584/3423/2545 2590/3429/2551
f 2590/3429/2551 2591/3430/2552 2581/3420/2542
f 2579/3418/2540 2581/3420/2542 2591/3430/2552
f 2592/3431/2553 2579/3418/2540 2591/3430/2552
f 2578/3417/2539 2579/3418/2540 2592/3431/2553
f 2587/3426/2548 2592/3431/2553 2593/3432/2554
f 2592/3431/2553 2587/3426/2548 2578/3417/2539
f 2594/3433/2555 2587/3426/2548 2593/3432/2554
f 2593/3432/2554 2595/3434/2556 2594/3433/2555
f 2356/3071/2323 2594/3433/2555 2595/3434/2556
f 2595/3434/2556 2404/3137/2369 2356/3071/2323
f 2588/3427/2549 2396/3124/2361 2405/3435/2370
f 2405/3435/2370 2596/3436/2557 2588/3427/2549
f 2589/3437/2550 2588/3438/2549 2596/3439/2557
f 2596/3439/2557 2597/3440/2558 2589/3437/2550
f 2590/3441/2551 2589/3437/2550 2597/3440/2558
f 2597/3440/2558 2598/3442/2559 2590/3441/2551
f 2598/3442/2559 2591/3443/2552 2590/3441/2551
f 2591/3443/2552 2599/3444/2560 2592/3445/2553
f 2599/3444/2560 2591/3443/2552 2598/3442/2559
f 2593/3446/2554 2592/3445/2553 2599/3444/2560
f 2599/3444/2560 2600/3447/2561 2593/3446/2554
f 2404/3137/2369 2595/3434/2556 2576/3415/2537
f 2576/3415/2537 2380/3103/2345 2404/3137/2369
f 2595/3434/2556 2600/3448/2561 2576/3415/2537
f 2600/3448/2561 2595/3434/2556 2593/3432/2554
f 2599/3444/2560 2493/3449/2458 2600/3447/2561
f 2493/3288/2458 2576/3415/2537 2600/3448/2561
f 2578/3417/2539 2577/3416/2538 2579/3418/2540
f 2561/3450/2523 2594/3451/2555 2356/3452/2323
f 2561/3392/2523 2587/3426/2548 2594/3433/2555
f 2479/3265/2444 2492/3287/2457 2601/3453/2562
f 2492/3287/2457 2479/3265/2444 2480/3267/2445
f 2602/3454/2563 2603/3455/2564 2604/3456/2565
f 2604/3456/2565 2603/3455/2564 2605/3457/2566
f 2606/3458/2567 2607/3459/2568 2608/3460/2569
f 2608/3460/2569 2607/3459/2568 2609/3461/2570
f 2610/3462/2571 2606/3458/2567 2611/3463/2572
f 2611/3463/2572 2606/3458/2567 2608/3460/2569
f 2607/3459/2568 2602/3454/2563 2609/3461/2570
f 2609/3461/2570 2602/3454/2563 2604/3456/2565
f 2605/3457/2566 2612/3464/2573 2613/3465/2574
f 2612/3464/2573 2605/3457/2566 2603/3455/2564
f 2612/3464/2573 2614/3466/2575 2613/3465/2574
f 2613/3465/2574 2614/3466/2575 2615/3467/2576
f 2614/3468/2575 2616/3469/2577 2615/3470/2576
f 2615/3470/2576 2616/3469/2577 2617/3471/2578
s 16
f 2618/3472/2579 2619/3473/2580 2620/3474/2581
f 2620/3474/2581 2619/3473/2580 2621/3475/2582
f 2618/3472/2579 2622/3476/2583 2623/3477/2584
f 2622/3476/2583 2618/3472/2579 2620/3474/2581
f 2624/3478/2585 2621/3475/2582 2619/3473/2580
f 2621/3475/2582 2624/3478/2585 2625/3479/2586
f 2624/3478/2585 2626/3480/2587 2625/3479/2586
f 2626/3480/2587 2624/3478/2585 2627/3481/2588
f 2628/3482/2589 2627/3483/2588 2629/3484/2590
f 2627/3485/2588 2630/3486/2591 2629/3487/2590
s 8
f 2631/3488/2592 2632/3489/2593 2633/3490/2594
f 2633/3490/2594 2632/3489/2593 2634/3491/2595
f 2635/3492/2596 2636/3493/2597 2637/3494/2598
f 2635/3492/2596 2637/3494/2598 2638/3495/2599
f 2637/3494/2598 2631/3488/2592 2638/3495/2599
f 2638/3495/2599 2631/3488/2592 2633/3490/2594
f 2636/3493/2597 2639/3496/2600 2640/3497/2601
f 2639/3496/2600 2636/3493/2597 2635/3492/2596
f 2632/3489/2593 2641/3498/2602 2634/3491/2595
f 2634/3491/2595 2641/3498/2602 2642/3499/2603
f 2641/3498/2602 2643/3500/2604 2642/3499/2603
f 2643/3500/2604 2641/3498/2602 2644/3501/2605
s 16
f 2645/3502/2606 2619/3503/2580 2618/3504/2579
f 2619/3503/2580 2645/3502/2606 2646/3505/2607
f 2647/3506/2608 2621/3507/2582 2648/3508/2609
f 2621/3507/2582 2647/3506/2608 2620/3509/2581
f 2623/3477/2584 2622/3476/2583 2649/3510/2610
f 2618/3504/2579 2623/3511/2584 2645/3502/2606
f 2622/3512/2583 2650/3513/2611 2651/3514/2612
f 2650/3515/2611 2622/3476/2583 2620/3474/2581
f 2649/3516/2610 2652/3517/2613 2653/3518/2614
f 2652/3517/2613 2649/3516/2610 2622/3512/2583
f 2652/3517/2613 2622/3512/2583 2651/3514/2612
f 2620/3509/2581 2647/3506/2608 2650/3519/2611
f 2646/3505/2607 2624/3520/2585 2619/3503/2580
f 2624/3520/2585 2646/3505/2607 2654/3521/2615
f 2621/3507/2582 2625/3522/2586 2648/3508/2609
f 2648/3508/2609 2625/3522/2586 2655/3523/2616
f 2630/3486/2591 2624/3520/2585 2654/3521/2615
f 2624/3520/2585 2630/3486/2591 2627/3485/2588
f 2655/3523/2616 2626/3524/2587 2656/3525/2617
f 2626/3524/2587 2655/3523/2616 2625/3522/2586
s 8
f 2552/1524/2514 2643/3526/2604 2644/3527/2605
s 16
f 2657/3528/2618 2656/3525/2617 2626/3524/2587
f 2626/3529/2587 2658/3530/2619 2657/3531/2618
f 2627/3483/2588 2658/3530/2619 2626/3529/2587
f 2658/3530/2619 2627/3483/2588 2628/3482/2589
s 8
f 2616/3469/2577 2659/3532/2620 2617/3471/2578
f 2659/3532/2620 2660/3533/2621 2617/3471/2578
f 2660/3533/2621 2659/3532/2620 2525/3328/2489
f 2551/3375/2513 2541/3364/2503 2661/3534/2622
f 2662/3535/2623 2476/3250/2441 2414/3164/2379
f 2546/3536/2508 2557/3387/2519 2543/3366/2505
f 2558/3388/2520 2557/3387/2519 2546/3536/2508
f 2546/3536/2508 2545/3537/2507 2558/3388/2520
f 2559/3390/2521 2558/3389/2520 2545/3538/2507
f 2545/3538/2507 2548/3539/2510 2559/3390/2521
f 2560/3391/2522 2559/3390/2521 2548/3539/2510
f 2548/3539/2510 2550/3540/2512 2560/3391/2522
f 2663/3541/2624 2553/3377/2515 2552/3376/2514
f 2554/3378/2516 2544/3367/2506 2553/3377/2515
f 2544/3367/2506 2554/3378/2516 2542/3365/2504
f 2553/3377/2515 2663/3541/2624 2664/3542/2625
f 2517/3326/2481 2524/3325/2488 2525/3328/2489
f 2660/3543/2621 2525/3544/2489 2662/3535/2623
f 2662/3535/2623 2414/3164/2379 2660/3543/2621
f 2617/3545/2578 2414/3164/2379 2411/3161/2376
f 2414/3164/2379 2617/3545/2578 2660/3543/2621
f 2615/3546/2576 2617/3545/2578 2411/3161/2376
f 2615/3546/2576 2411/3161/2376 2601/3453/2562
f 2613/3547/2574 2615/3546/2576 2601/3453/2562
f 2613/3547/2574 2601/3453/2562 2492/3287/2457
f 2613/3547/2574 2491/3286/2456 2605/3548/2566
f 2491/3286/2456 2613/3547/2574 2492/3287/2457
f 2605/3548/2566 2499/3298/2463 2604/3549/2565
f 2499/3298/2463 2605/3548/2566 2491/3286/2456
f 2604/3549/2565 2586/3425/2547 2609/3550/2570
f 2586/3425/2547 2604/3549/2565 2499/3298/2463
f 2609/3550/2570 2583/3422/2544 2608/3551/2569
f 2586/3425/2547 2583/3422/2544 2609/3550/2570
f 2611/3552/2572 2608/3551/2569 2582/3421/2543
f 2583/3422/2544 2582/3421/2543 2608/3551/2569
f 2557/3387/2519 2659/3532/2620 2543/3366/2505
f 2659/3532/2620 2557/3387/2519 2525/3328/2489
f 2616/3469/2577 2541/3364/2503 2543/3366/2505
f 2616/3469/2577 2543/3366/2505 2659/3532/2620
f 2616/3469/2577 2661/3534/2622 2541/3364/2503
f 2616/3469/2577 2665/3553/2626 2661/3534/2622
f 2666/3554/2627 2665/3553/2626 2614/3468/2575
f 2616/3469/2577 2614/3468/2575 2665/3553/2626
f 2667/3555/2628 2666/3556/2627 2612/3464/2573
f 2612/3464/2573 2666/3556/2627 2614/3466/2575
f 2668/3557/2629 2667/3555/2628 2603/3455/2564
f 2603/3455/2564 2667/3555/2628 2612/3464/2573
f 2669/3558/2630 2668/3557/2629 2602/3454/2563
f 2602/3454/2563 2668/3557/2629 2603/3455/2564
f 2670/3559/2631 2669/3558/2630 2607/3459/2568
f 2607/3459/2568 2669/3558/2630 2602/3454/2563
f 2671/3560/2632 2670/3559/2631 2606/3458/2567
f 2606/3458/2567 2670/3559/2631 2607/3459/2568
f 2672/3561/2633 2671/3560/2632 2610/3462/2571
f 2610/3462/2571 2671/3560/2632 2606/3458/2567
f 2552/3562/2514 2644/3563/2605 2663/3564/2624
f 2543/3366/2505 2542/3365/2504 2546/3536/2508
f 2544/3367/2506 2541/3364/2503 2551/3375/2513
f 2553/3377/2515 2664/3542/2625 2554/3378/2516
f 2524/3565/2488 2314/3284/2284 2662/3535/2623
f 2476/3250/2441 2662/3535/2623 2314/3284/2284
f 2662/3535/2623 2525/3544/2489 2524/3565/2488
f 2392/3118/2357 2586/3425/2547 2499/3298/2463
f 2413/3163/2378 2601/3453/2562 2411/3161/2376
f 2601/3453/2562 2413/3163/2378 2479/3265/2444
f 2392/3118/2357 2499/3298/2463 2482/3270/2447
f 2596/3439/2557 2493/3449/2458 2597/3440/2558
f 2598/3442/2559 2493/3449/2458 2599/3444/2560
f 2597/3440/2558 2493/3449/2458 2598/3442/2559
f 2405/3435/2370 2493/3288/2458 2596/3436/2557
f 2570/3566/2532 2368/3292/2335 2494/3291/2459
s 9
f 2673/3567/2634 2571/3410/2533 2674/3568/2634
f 2571/3410/2533 2673/3567/2634 2572/3411/2533
s 8
f 2569/3569/2531 2570/3570/2532 2675/3571/2635
s 10
f 2573/3412/2534 2376/3098/2341 2575/3572/2536
f 2573/3573/2534 2575/3574/2536 2676/3575/2636
s 8
f 2476/3250/2441 2412/3162/2377 2414/3164/2379
f 2405/3435/2370 2381/3104/2346 2493/3288/2458
f 2677/3576/2637 2678/3577/2638 2679/3578/2639
f 2678/3577/2638 2677/3576/2637 2680/3579/2640
f 2681/3580/2641 2679/3578/2639 2682/3581/2642
f 2679/3578/2639 2681/3580/2641 2677/3576/2637
f 2683/3582/2643 2682/3581/2642 2684/3583/2644
f 2682/3581/2642 2683/3582/2643 2681/3580/2641
f 2113/2690/2087 2683/3582/2643 2112/2689/2086
f 2112/2689/2086 2683/3582/2643 2684/3583/2644
f 2685/3584/2645 2686/3585/2646 2687/3586/2647
f 2687/3586/2647 2686/3585/2646 2688/3587/2648
f 2689/3588/2649 2685/3584/2645 2690/3589/2650
f 2690/3589/2650 2685/3584/2645 2687/3586/2647
f 2691/3590/2651 2689/3588/2649 2692/3591/2652
f 2692/3591/2652 2689/3588/2649 2690/3589/2650
f 2120/2699/2094 2691/3590/2651 2121/2700/2095
f 2121/2700/2095 2691/3590/2651 2692/3591/2652
f 2693/3592/2653 2694/3593/2654 2695/3594/2655
f 2694/3593/2654 2693/3592/2653 2696/3595/2656
f 2697/3596/2657 2696/3595/2656 2693/3592/2653
f 2696/3595/2656 2697/3596/2657 2698/3597/2658
f 2699/3598/2659 2697/3596/2657 2700/3599/2660
f 2697/3596/2657 2699/3598/2659 2698/3597/2658
f 2128/2707/2102 2699/3598/2659 2700/3599/2660
f 2699/3598/2659 2128/2707/2102 2129/2708/2103
f 2694/3600/2654 2696/3601/2656 2701/3602/2661
f 2701/3602/2661 2702/3603/2662 2694/3600/2654
f 2703/3604/2663 2704/3605/2664 2698/3606/2658
f 2698/3606/2658 2704/3605/2664 2696/3601/2656
f 2705/3607/2665 2703/3604/2663 2699/3608/2659
f 2699/3608/2659 2703/3604/2663 2698/3606/2658
f 2134/2718/2108 2705/3607/2665 2129/2719/2103
f 2129/2719/2103 2705/3607/2665 2699/3608/2659
f 2706/3609/2666 2678/3610/2638 2707/3611/2667
f 2678/3610/2638 2706/3609/2666 2679/3612/2639
f 2708/3613/2668 2136/2725/2110 2112/2727/2086
f 2112/2727/2086 2684/3614/2644 2708/3613/2668
f 2708/3613/2668 2682/3615/2642 2709/3616/2669
f 2682/3615/2642 2708/3613/2668 2684/3614/2644
f 2706/3609/2666 2709/3616/2669 2682/3615/2642
f 2682/3615/2642 2679/3612/2639 2706/3609/2666
f 2680/3579/2640 2677/3576/2637 2710/3617/2670
f 2680/3579/2640 2710/3617/2670 2711/3618/2671
f 2681/3580/2641 2710/3617/2670 2677/3576/2637
f 2710/3617/2670 2681/3580/2641 2712/3619/2672
f 2683/3582/2643 2712/3619/2672 2681/3580/2641
f 2712/3619/2672 2683/3582/2643 2713/3620/2673
f 2113/2690/2087 2713/3620/2673 2683/3582/2643
f 2713/3620/2673 2113/2690/2087 2142/2733/2116
f 2685/3584/2645 2714/3621/2674 2686/3585/2646
f 2714/3621/2674 2685/3584/2645 2715/3622/2645
f 2689/3588/2649 2715/3622/2645 2685/3584/2645
f 2715/3622/2645 2689/3588/2649 2716/3623/2649
f 2691/3590/2651 2716/3623/2649 2689/3588/2649
f 2716/3623/2649 2691/3590/2651 2717/3624/2675
f 2120/2699/2094 2717/3624/2675 2691/3590/2651
f 2717/3624/2675 2120/2699/2094 2146/2738/2118
f 2715/3622/2645 2695/3625/2655 2714/3621/2674
f 2695/3625/2655 2715/3622/2645 2693/3626/2653
f 2716/3623/2649 2693/3626/2653 2715/3622/2645
f 2693/3626/2653 2716/3623/2649 2697/3627/2657
f 2717/3624/2675 2697/3627/2657 2716/3623/2649
f 2697/3627/2657 2717/3624/2675 2700/3628/2660
f 2146/2738/2118 2700/3628/2660 2717/3624/2675
f 2700/3628/2660 2146/2738/2118 2128/2743/2102
f 2711/3618/2671 2710/3617/2670 2687/3629/2647
f 2711/3618/2671 2687/3629/2647 2688/3630/2648
f 2710/3617/2670 2712/3619/2672 2690/3631/2650
f 2710/3617/2670 2690/3631/2650 2687/3629/2647
f 2712/3619/2672 2713/3620/2673 2692/3632/2652
f 2712/3619/2672 2692/3632/2652 2690/3631/2650
f 2142/2733/2116 2692/3632/2652 2713/3620/2673
f 2692/3632/2652 2142/2733/2116 2121/2747/2095
f 2718/3633/2676 2719/3634/2677 2720/3635/2678
f 2719/3636/2677 2718/3637/2676 2721/3638/2679
f 2718/3639/2676 2722/3640/2680 2723/3641/2681
f 2722/3640/2680 2718/3639/2676 2724/3642/2682
f 2725/3643/2683 2723/3641/2681 2722/3640/2680
f 2725/3643/2683 2156/2758/2128 2155/2757/2127
f 2155/2757/2127 2723/3641/2681 2725/3643/2683
f 2726/3644/2684 2727/3645/2685 2721/3646/2679
f 2726/3644/2684 2721/3646/2679 2728/3647/2686
f 2723/3648/2681 2729/3649/2687 2718/3637/2676
f 2729/3649/2687 2723/3648/2681 2730/3650/2688
f 2155/2767/2127 2730/3650/2688 2723/3648/2681
f 2730/3650/2688 2155/2767/2127 2162/2766/2134
f 2703/3604/2663 2731/3651/2689 2704/3605/2664
f 2731/3651/2689 2703/3604/2663 2732/3652/2690
f 2705/3607/2665 2732/3652/2690 2703/3604/2663
f 2732/3652/2690 2705/3607/2665 2733/3653/2691
f 2134/2718/2108 2733/3653/2691 2705/3607/2665
f 2733/3653/2691 2134/2718/2108 2166/2771/2138
f 2734/3654/2692 2735/3655/2693 2736/3656/2694
f 2735/3655/2693 2734/3654/2692 2737/3657/2695
f 2169/2774/2141 2734/3658/2692 2736/3659/2694
f 2734/3658/2692 2169/2774/2141 2170/2775/2142
f 2738/3660/2696 2739/3661/2697 2734/3654/2692
f 2734/3654/2692 2739/3661/2697 2737/3657/2695
f 2172/2780/2144 2738/3660/2696 2170/2781/2142
f 2170/2781/2142 2738/3660/2696 2734/3654/2692
f 2174/2785/2146 2740/3662/2698 2741/3663/2699
f 2740/3662/2698 2174/2785/2146 2173/2782/2145
f 2175/2786/2147 2742/3664/2700 2173/2787/2145
f 2740/3665/2698 2173/2787/2145 2742/3664/2700
f 2175/3666/2147 2743/3667/2701 2742/3668/2700
f 2738/3660/2696 2741/3663/2699 2739/3661/2697
f 2172/2780/2144 2174/2785/2146 2738/3660/2696
s 9
f 2744/3669/2702 2745/3670/2703 2746/3671/2702
f 2745/3670/2703 2744/3669/2702 2747/3672/2703
s 10
f 2748/3673/2704 2749/3674/2705 2750/3675/2706
f 2750/3676/2706 2181/2797/2152 2180/2796/2151
f 2750/3676/2706 2180/2796/2151 2751/3677/2707
s 8
f 2738/3660/2696 2174/2785/2146 2741/3663/2699
f 2752/3678/2708 2753/3679/2709 2754/3680/2710
f 2184/2802/2155 2736/3656/2694 2755/3681/2711
f 2736/3656/2694 2184/2802/2155 2169/2800/2141
f 2184/2806/2155 2756/3682/2712 2186/2804/2157
f 2186/2804/2157 2756/3682/2712 2757/3683/2713
f 2186/2804/2157 2758/3684/2714 2189/2808/2160
f 2186/2804/2157 2757/3683/2713 2758/3684/2714
f 2757/3683/2713 2759/3685/2715 2758/3684/2714
f 2760/3686/2716 2761/3687/2717 2762/3688/2718
f 2762/3688/2718 2759/3685/2715 2760/3686/2716
f 2759/3685/2715 2762/3688/2718 2758/3684/2714
f 2755/3681/2711 2736/3656/2694 2763/3689/2719
f 2764/3690/2720 2761/3687/2717 2760/3686/2716
f 2761/3687/2717 2764/3690/2720 2765/3691/2721
f 2764/3690/2720 2759/3685/2715 2766/3692/2722
f 2759/3685/2715 2764/3690/2720 2760/3686/2716
f 2767/3693/2723 2766/3692/2722 2759/3685/2715
f 2759/3685/2715 2757/3683/2713 2767/3693/2723
f 2768/3694/2724 2767/3693/2723 2757/3683/2713
f 2757/3683/2713 2756/3682/2712 2768/3694/2724
f 2769/3695/2725 2768/3696/2724 2756/3697/2712
f 2756/3697/2712 2755/3681/2711 2769/3695/2725
f 2763/3689/2719 2769/3695/2725 2755/3681/2711
f 2769/3698/2725 2763/3699/2719 2770/3700/2726
f 2771/3701/2727 2770/3700/2726 2772/3702/2728
f 2772/3702/2728 2770/3700/2726 2763/3699/2719
f 2771/3703/2727 2735/3704/2693 2773/3705/2729
f 2735/3706/2693 2771/3701/2727 2772/3702/2728
f 2774/3707/2730 2775/3708/2731 2764/3709/2720
f 2775/3708/2731 2765/3710/2721 2764/3709/2720
f 2764/3711/2720 2766/3712/2722 2774/3713/2730
f 2776/3714/2732 2774/3713/2730 2766/3712/2722
f 2766/3712/2722 2767/3715/2723 2776/3714/2732
f 2777/3716/2733 2776/3714/2732 2767/3715/2723
f 2777/3716/2733 2767/3715/2723 2768/3717/2724
f 2768/3717/2724 2778/3718/2734 2777/3716/2733
f 2778/3718/2734 2768/3717/2724 2769/3719/2725
f 2769/3719/2725 2770/3720/2726 2778/3718/2734
f 2779/3721/2735 2778/3718/2734 2770/3720/2726
f 2771/3701/2727 2773/3722/2729 2754/3680/2710
f 2752/3678/2708 2754/3680/2710 2773/3722/2729
f 2754/3680/2710 2779/3723/2735 2771/3701/2727
f 2779/3723/2735 2770/3700/2726 2771/3701/2727
f 2778/3718/2734 2779/3721/2735 2753/3724/2709
f 2753/3679/2709 2779/3723/2735 2754/3680/2710
f 2755/3681/2711 2756/3697/2712 2184/2802/2155
f 2736/3656/2694 2735/3655/2693 2772/3725/2728
f 2736/3656/2694 2772/3725/2728 2763/3689/2719
f 2780/3726/2736 2781/3727/2737 2782/3728/2738
f 2781/3727/2737 2780/3726/2736 2783/3729/2739
f 2784/3730/2740 2785/3731/2741 2786/3732/2742
f 2785/3731/2741 2784/3730/2740 2787/3733/2743
f 2788/3734/2744 2789/3735/2745 2790/3736/2746
f 2790/3736/2746 2791/3737/2747 2788/3734/2744
f 2789/3738/2745 2216/2852/2187 2217/2853/2188
f 2217/2853/2188 2790/3739/2746 2789/3738/2745
f 2787/3733/2743 2791/3737/2747 2785/3731/2741
f 2791/3737/2747 2787/3733/2743 2788/3734/2744
f 2792/3740/2748 2786/3732/2742 2793/3741/2749
f 2786/3732/2742 2792/3740/2748 2784/3730/2740
f 2794/3742/2750 2793/3741/2749 2795/3743/2751
f 2793/3741/2749 2794/3742/2750 2792/3740/2748
f 2796/3744/2752 2795/3743/2751 2797/3745/2753
f 2795/3743/2751 2796/3744/2752 2794/3742/2750
s 14
f 2798/3746/2754 2799/3747/2755 2800/3748/2756
f 2799/3747/2755 2801/3749/2757 2800/3748/2756
f 2802/3750/2758 2801/3749/2757 2803/3751/2759
f 2801/3749/2757 2802/3750/2758 2800/3748/2756
f 2798/3746/2754 2804/3752/2760 2805/3753/2761
f 2805/3753/2761 2799/3747/2755 2798/3746/2754
f 2806/3754/2762 2805/3753/2761 2807/3755/2763
f 2807/3755/2763 2805/3753/2761 2804/3752/2760
f 2806/3754/2762 2808/3756/2764 2809/3757/2765
f 2806/3758/2762 2809/3759/2765 2810/3760/2766
s 8
f 2811/3761/2767 2812/3762/2768 2813/3763/2769
f 2813/3763/2769 2814/3764/2770 2811/3761/2767
f 2815/3765/2771 2816/3766/2772 2817/3767/2773
f 2817/3767/2773 2816/3766/2772 2818/3768/2774
f 2811/3761/2767 2814/3764/2770 2818/3768/2774
f 2814/3764/2770 2817/3767/2773 2818/3768/2774
f 2245/2891/2216 2815/3769/2771 2246/2892/2217
f 2815/3769/2771 2245/2891/2216 2816/3770/2772
f 2812/3762/2768 2819/3771/2775 2820/3772/2776
f 2820/3772/2776 2813/3763/2769 2812/3762/2768
f 2820/3772/2776 2821/3773/2777 2822/3774/2778
f 2821/3773/2777 2820/3772/2776 2819/3771/2775
s 14
f 2799/3775/2755 2823/3776/2779 2801/3777/2757
f 2823/3776/2779 2799/3775/2755 2824/3778/2780
f 2798/3779/2754 2825/3780/2781 2826/3781/2782
f 2798/3779/2754 2800/3782/2756 2825/3780/2781
f 2803/3751/2759 2827/3783/2783 2802/3750/2758
f 2801/3777/2757 2823/3776/2779 2803/3784/2759
f 2802/3785/2758 2828/3786/2784 2800/3782/2756
f 2828/3786/2784 2802/3785/2758 2829/3787/2785
f 2258/2911/2229 2827/3788/2783 2259/2914/2230
f 2827/3788/2783 2258/2911/2229 2802/3785/2758
f 2258/2911/2229 2829/3787/2785 2802/3785/2758
f 2800/3782/2756 2828/3786/2784 2825/3780/2781
f 2805/3789/2761 2824/3778/2780 2799/3775/2755
f 2824/3778/2780 2805/3789/2761 2830/3790/2786
f 2826/3781/2782 2804/3791/2760 2798/3779/2754
f 2804/3752/2760 2826/3792/2782 2831/3793/2787
f 2810/3760/2766 2805/3789/2761 2806/3758/2762
f 2805/3789/2761 2810/3760/2766 2830/3790/2786
f 2807/3794/2763 2831/3795/2787 2832/3796/2788
f 2831/3793/2787 2807/3755/2763 2804/3752/2760
s 8
f 2726/3797/2684 2822/3774/2778 2821/3773/2777
s 14
f 2833/3798/2789 2807/3755/2763 2834/3799/2790
f 2807/3794/2763 2832/3796/2788 2834/3800/2790
f 2833/3798/2789 2806/3754/2762 2807/3755/2763
f 2806/3754/2762 2833/3798/2789 2808/3756/2764
s 8
f 2835/3801/2791 2797/3802/2753 2836/3803/2792
f 2797/3802/2753 2835/3801/2791 2796/3804/2752
f 2836/3803/2792 2704/3605/2664 2835/3801/2791
f 2727/3645/2685 2837/3805/2793 2719/3634/2677
f 2838/3806/2794 2780/3726/2736 2839/3807/2795
f 2724/3808/2682 2720/3809/2678 2731/3651/2689
f 2722/3810/2680 2724/3808/2682 2732/3652/2690
f 2732/3652/2690 2724/3808/2682 2731/3651/2689
f 2725/3811/2683 2722/3810/2680 2733/3653/2691
f 2733/3653/2691 2722/3810/2680 2732/3652/2690
f 2156/2940/2128 2725/3811/2683 2166/2771/2138
f 2166/2771/2138 2725/3811/2683 2733/3653/2691
f 2840/3812/2796 2726/3813/2684 2728/3814/2686
f 2729/3649/2687 2721/3638/2679 2718/3637/2676
f 2721/3638/2679 2729/3649/2687 2728/3814/2686
f 2728/3814/2686 2841/3815/2797 2840/3812/2796
f 2696/3601/2656 2704/3605/2664 2701/3602/2661
f 2780/3726/2736 2838/3806/2794 2836/3816/2792
f 2704/3817/2664 2836/3816/2792 2838/3806/2794
f 2783/3729/2739 2780/3726/2736 2797/3818/2753
f 2836/3816/2792 2797/3818/2753 2780/3726/2736
f 2797/3818/2753 2795/3819/2751 2783/3729/2739
f 2783/3729/2739 2795/3819/2751 2842/3820/2798
f 2793/3821/2749 2842/3820/2798 2795/3819/2751
f 2842/3820/2798 2793/3821/2749 2843/3822/2799
f 2844/3823/2800 2843/3822/2799 2793/3821/2749
f 2793/3821/2749 2786/3824/2742 2844/3823/2800
f 2845/3825/2801 2844/3823/2800 2786/3824/2742
f 2786/3824/2742 2785/3826/2741 2845/3825/2801
f 2785/3826/2741 2762/3688/2718 2845/3825/2801
f 2762/3688/2718 2785/3826/2741 2791/3827/2747
f 2758/3684/2714 2762/3688/2718 2791/3827/2747
f 2791/3827/2747 2790/3828/2746 2758/3684/2714
f 2189/2808/2160 2790/3828/2746 2217/2953/2188
f 2189/2808/2160 2758/3684/2714 2790/3828/2746
f 2731/3651/2689 2835/3801/2791 2704/3605/2664
f 2835/3801/2791 2731/3651/2689 2720/3809/2678
f 2719/3634/2677 2796/3744/2752 2720/3635/2678
f 2835/3801/2791 2720/3809/2678 2796/3804/2752
f 2796/3744/2752 2719/3634/2677 2837/3805/2793
f 2796/3744/2752 2837/3805/2793 2846/3829/2802
f 2794/3742/2750 2796/3744/2752 2846/3829/2802
f 2846/3829/2802 2847/3830/2803 2794/3742/2750
f 2792/3740/2748 2794/3742/2750 2847/3830/2803
f 2847/3830/2803 2848/3831/2804 2792/3740/2748
f 2784/3730/2740 2792/3740/2748 2848/3831/2804
f 2848/3831/2804 2849/3832/2805 2784/3730/2740
f 2787/3733/2743 2784/3730/2740 2849/3832/2805
f 2849/3832/2805 2850/3833/2806 2787/3733/2743
f 2788/3734/2744 2787/3733/2743 2850/3833/2806
f 2850/3833/2806 2851/3834/2807 2788/3734/2744
f 2789/3735/2745 2851/3834/2807 2852/3835/2808
f 2851/3834/2807 2789/3735/2745 2788/3734/2744
f 2216/2852/2187 2852/3836/2808 2278/2962/2249
f 2852/3836/2808 2216/2852/2187 2789/3738/2745
f 2726/3797/2684 2840/3837/2796 2822/3774/2778
f 2720/3809/2678 2724/3808/2682 2718/3838/2676
f 2721/3646/2679 2727/3645/2685 2719/3634/2677
f 2728/3814/2686 2729/3649/2687 2841/3815/2797
f 2702/3839/2662 2838/3806/2794 2839/3807/2795
f 2702/3839/2662 2701/3840/2661 2838/3806/2794
f 2838/3806/2794 2701/3840/2661 2704/3817/2664
f 2761/3687/2717 2845/3825/2801 2762/3688/2718
f 2853/3841/2809 2843/3822/2799 2844/3823/2800
f 2843/3822/2799 2853/3841/2809 2854/3842/2810
f 2752/3678/2708 2855/3843/2811 2753/3679/2709
f 2774/3713/2730 2776/3714/2732 2753/3724/2709
f 2753/3724/2709 2776/3714/2732 2777/3716/2733
f 2753/3724/2709 2777/3716/2733 2778/3718/2734
f 2775/3708/2731 2774/3707/2730 2753/3844/2709
f 2743/3667/2701 2856/3845/2812 2742/3668/2700
s 9
f 2279/2965/2250 2744/3669/2702 2746/3671/2702
f 2744/3669/2702 2279/2965/2250 2280/2966/2250
s 8
f 2175/2967/2147 2281/2969/2251 2743/3846/2701
s 10
f 2749/3674/2705 2181/2970/2152 2750/3675/2706
f 2749/3674/2705 2282/2971/2252 2181/2970/2152
s 8
f 2844/3823/2800 2857/3847/2813 2853/3841/2809
f 2857/3847/2813 2844/3823/2800 2845/3825/2801
f 2858/3848/2814 2678/3577/2638 2680/3579/2640
f 2858/3848/2814 2680/3579/2640 2859/3849/2815
f 2860/3850/2816 2858/3848/2814 2859/3849/2815
f 2860/3850/2816 2859/3849/2815 2861/3851/2817
f 2862/3852/2818 2860/3850/2816 2861/3851/2817
f 2862/3852/2818 2861/3851/2817 2863/3853/2819
f 2863/3853/2819 2292/2982/2262 2862/3852/2818
f 2292/2982/2262 2863/3853/2819 2291/2981/2261
f 2688/3587/2648 2864/3854/2820 2865/3855/2821
f 2864/3854/2820 2688/3587/2648 2686/3585/2646
f 2865/3855/2821 2866/3856/2822 2867/3857/2823
f 2866/3856/2822 2865/3855/2821 2864/3854/2820
f 2867/3857/2823 2868/3858/2824 2869/3859/2825
f 2868/3858/2824 2867/3857/2823 2866/3856/2822
f 2302/2992/2272 2869/3859/2825 2868/3858/2824
f 2868/3858/2824 2301/2991/2271 2302/2992/2272
f 2694/3593/2654 2870/3860/2826 2695/3594/2655
f 2870/3860/2826 2694/3593/2654 2871/3861/2827
f 2871/3861/2827 2872/3862/2828 2870/3860/2826
f 2872/3862/2828 2871/3861/2827 2873/3863/2829
f 2873/3863/2829 2874/3864/2830 2872/3862/2828
f 2874/3864/2830 2873/3863/2829 2875/3865/2831
f 2875/3865/2831 2312/3002/2282 2874/3864/2830
f 2312/3002/2282 2875/3865/2831 2311/3001/2281
f 2876/3866/2832 2694/3600/2654 2702/3603/2662
f 2871/3867/2827 2694/3600/2654 2876/3866/2832
f 2871/3867/2827 2877/3868/2833 2873/3869/2829
f 2877/3868/2833 2871/3867/2827 2878/3870/2834
f 2873/3869/2829 2879/3871/2835 2875/3872/2831
f 2879/3871/2835 2873/3869/2829 2877/3868/2833
f 2311/3013/2281 2875/3872/2831 2879/3871/2835
f 2879/3871/2835 2318/3012/2288 2311/3013/2281
f 2678/3610/2638 2880/3873/2836 2707/3611/2667
f 2880/3873/2836 2678/3610/2638 2858/3874/2814
f 2881/3875/2837 2292/3019/2262 2322/3021/2292
f 2292/3019/2262 2881/3875/2837 2862/3876/2818
f 2860/3877/2816 2881/3875/2837 2882/3878/2838
f 2881/3875/2837 2860/3877/2816 2862/3876/2818
f 2858/3874/2814 2860/3877/2816 2880/3873/2836
f 2880/3873/2836 2860/3877/2816 2882/3878/2838
f 2859/3849/2815 2680/3579/2640 2883/3879/2839
f 2680/3579/2640 2711/3618/2671 2883/3879/2839
f 2861/3851/2817 2859/3849/2815 2884/3880/2840
f 2859/3849/2815 2883/3879/2839 2884/3880/2840
f 2863/3853/2819 2861/3851/2817 2885/3881/2841
f 2861/3851/2817 2884/3880/2840 2885/3881/2841
f 2291/2981/2261 2885/3881/2841 2328/3028/2298
f 2885/3881/2841 2291/2981/2261 2863/3853/2819
f 2714/3621/2674 2886/3882/2820 2686/3585/2646
f 2686/3585/2646 2886/3882/2820 2864/3854/2820
f 2886/3882/2820 2887/3883/2822 2864/3854/2820
f 2864/3854/2820 2887/3883/2822 2866/3856/2822
f 2887/3883/2822 2888/3884/2842 2866/3856/2822
f 2866/3856/2822 2888/3884/2842 2868/3858/2824
f 2888/3884/2842 2301/2991/2271 2868/3858/2824
f 2301/2991/2271 2888/3884/2842 2333/3033/2300
f 2695/3625/2655 2870/3885/2826 2714/3621/2674
f 2714/3621/2674 2870/3885/2826 2886/3882/2820
f 2870/3885/2826 2872/3886/2828 2886/3882/2820
f 2886/3882/2820 2872/3886/2828 2887/3883/2822
f 2872/3886/2828 2874/3887/2830 2887/3883/2822
f 2887/3883/2822 2874/3887/2830 2888/3884/2842
f 2874/3887/2830 2333/3033/2300 2888/3884/2842
f 2333/3033/2300 2874/3887/2830 2312/3038/2282
f 2688/3630/2648 2865/3888/2821 2711/3618/2671
f 2883/3879/2839 2711/3618/2671 2865/3888/2821
f 2865/3888/2821 2867/3889/2823 2883/3879/2839
f 2884/3880/2840 2883/3879/2839 2867/3889/2823
f 2867/3889/2823 2869/3890/2825 2884/3880/2840
f 2885/3881/2841 2884/3880/2840 2869/3890/2825
f 2869/3890/2825 2328/3028/2298 2885/3881/2841
f 2328/3028/2298 2869/3890/2825 2302/3043/2272
f 2889/3891/2843 2890/3892/2844 2891/3893/2845
f 2890/3894/2844 2892/3895/2846 2891/3896/2845
f 2892/3897/2846 2893/3898/2847 2894/3899/2848
f 2893/3898/2847 2892/3897/2846 2895/3900/2849
f 2896/3901/2850 2893/3898/2847 2895/3900/2849
f 2343/3055/2310 2896/3901/2850 2342/3054/2309
f 2896/3901/2850 2895/3900/2849 2342/3054/2309
f 2897/3902/2851 2898/3903/2852 2890/3892/2844
f 2890/3892/2844 2898/3903/2852 2899/3904/2853
f 2900/3905/2854 2901/3906/2855 2892/3895/2846
f 2895/3907/2849 2892/3895/2846 2901/3906/2855
f 2901/3906/2855 2342/3063/2309 2895/3907/2849
f 2342/3063/2309 2901/3906/2855 2349/3064/2316
f 2902/3908/2856 2903/3909/2857 2878/3870/2834
f 2878/3870/2834 2903/3909/2857 2877/3868/2833
f 2903/3909/2857 2904/3910/2858 2877/3868/2833
f 2877/3868/2833 2904/3910/2858 2879/3871/2835
f 2904/3910/2858 2318/3012/2288 2879/3871/2835
f 2318/3012/2288 2904/3910/2858 2353/3068/2320
f 2737/3657/2695 2905/3911/2859 2735/3655/2693
f 2906/3912/2860 2735/3655/2693 2905/3911/2859
f 2905/3911/2859 2358/3108/2325 2906/3912/2860
f 2358/3108/2325 2905/3911/2859 2359/3080/2326
f 2737/3657/2695 2907/3913/2861 2905/3911/2859
f 2907/3913/2861 2737/3657/2695 2739/3661/2697
f 2359/3080/2326 2905/3911/2859 2907/3913/2861
f 2907/3913/2861 2362/3079/2329 2359/3080/2326
f 2740/3662/2698 2364/3082/2331 2741/3663/2699
f 2363/3081/2330 2741/3663/2699 2364/3082/2331
f 2740/3665/2698 2367/3086/2334 2364/3088/2331
f 2367/3086/2334 2740/3665/2698 2742/3664/2700
f 2367/3089/2334 2742/3668/2700 2908/3914/2862
f 2907/3913/2861 2739/3661/2697 2741/3663/2699
f 2362/3079/2329 2907/3913/2861 2363/3081/2330
s 9
f 2909/3915/2863 2745/3670/2703 2910/3916/2863
f 2745/3670/2703 2747/3672/2703 2910/3916/2863
s 10
f 2748/3673/2704 2750/3675/2706 2911/3917/2864
f 2751/3677/2707 2377/3100/2342 2750/3676/2706
f 2379/3102/2344 2750/3676/2706 2377/3100/2342
s 8
f 2907/3913/2861 2741/3663/2699 2363/3081/2330
f 2752/3678/2708 2912/3918/2865 2855/3843/2811
f 2383/3107/2348 2906/3912/2860 2358/3108/2325
f 2906/3912/2860 2383/3107/2348 2913/3919/2866
f 2914/3920/2867 2383/3113/2348 2386/3111/2351
f 2386/3111/2351 2915/3921/2868 2914/3920/2867
f 2916/3922/2869 2386/3111/2351 2389/3115/2354
f 2915/3921/2868 2386/3111/2351 2916/3922/2869
f 2915/3921/2868 2916/3922/2869 2917/3923/2870
f 2918/3924/2871 2919/3925/2872 2761/3687/2717
f 2917/3923/2870 2919/3925/2872 2918/3924/2871
f 2919/3925/2872 2917/3923/2870 2916/3922/2869
f 2913/3919/2866 2920/3926/2873 2906/3912/2860
f 2765/3691/2721 2921/3927/2874 2761/3687/2717
f 2918/3924/2871 2761/3687/2717 2921/3927/2874
f 2917/3923/2870 2921/3927/2874 2922/3928/2875
f 2921/3927/2874 2917/3923/2870 2918/3924/2871
f 2923/3929/2876 2917/3923/2870 2922/3928/2875
f 2917/3923/2870 2923/3929/2876 2915/3921/2868
f 2923/3929/2876 2924/3930/2877 2915/3921/2868
f 2915/3921/2868 2924/3930/2877 2914/3920/2867
f 2924/3931/2877 2925/3932/2878 2914/3933/2867
f 2914/3933/2867 2925/3932/2878 2913/3919/2866
f 2925/3932/2878 2920/3926/2873 2913/3919/2866
f 2920/3926/2873 2925/3932/2878 2926/3934/2879
f 2927/3935/2880 2926/3936/2879 2928/3937/2881
f 2926/3936/2879 2927/3935/2880 2920/3938/2873
f 2735/3704/2693 2928/3939/2881 2773/3705/2729
f 2928/3937/2881 2735/3706/2693 2927/3935/2880
f 2921/3940/2874 2765/3710/2721 2775/3708/2731
f 2921/3940/2874 2775/3708/2731 2929/3941/2882
f 2922/3942/2875 2921/3940/2874 2929/3941/2882
f 2929/3941/2882 2930/3943/2883 2922/3942/2875
f 2923/3944/2876 2922/3945/2875 2930/3946/2883
f 2930/3946/2883 2931/3947/2884 2923/3944/2876
f 2931/3947/2884 2924/3948/2877 2923/3944/2876
f 2924/3948/2877 2932/3949/2885 2925/3950/2878
f 2932/3949/2885 2924/3948/2877 2931/3947/2884
f 2926/3951/2879 2932/3949/2885 2933/3952/2886
f 2932/3949/2885 2926/3951/2879 2925/3950/2878
f 2773/3722/2729 2912/3918/2865 2752/3678/2708
f 2912/3918/2865 2773/3722/2729 2928/3937/2881
f 2933/3953/2886 2912/3918/2865 2928/3937/2881
f 2928/3937/2881 2926/3936/2879 2933/3953/2886
f 2932/3949/2885 2855/3954/2811 2933/3952/2886
f 2855/3843/2811 2912/3918/2865 2933/3953/2886
f 2913/3919/2866 2383/3107/2348 2914/3933/2867
f 2906/3912/2860 2927/3955/2880 2735/3655/2693
f 2906/3912/2860 2920/3926/2873 2927/3955/2880
f 2934/3956/2887 2842/3820/2798 2854/3842/2810
f 2842/3820/2798 2843/3822/2799 2854/3842/2810
f 2935/3957/2888 2936/3958/2889 2937/3959/2890
f 2937/3959/2890 2936/3958/2889 2938/3960/2891
f 2939/3961/2892 2940/3962/2893 2941/3963/2894
f 2941/3963/2894 2940/3962/2893 2942/3964/2895
f 2423/3173/2388 2939/3965/2892 2424/3174/2389
f 2424/3174/2389 2939/3965/2892 2941/3966/2894
f 2940/3962/2893 2935/3957/2888 2942/3964/2895
f 2942/3964/2895 2935/3957/2888 2937/3959/2890
f 2938/3960/2891 2943/3967/2896 2944/3968/2897
f 2943/3967/2896 2938/3960/2891 2936/3958/2889
f 2943/3967/2896 2945/3969/2898 2944/3968/2897
f 2944/3968/2897 2945/3969/2898 2946/3970/2899
f 2945/3969/2898 2947/3971/2900 2946/3970/2899
f 2946/3970/2899 2947/3971/2900 2948/3972/2901
s 15
f 2949/3973/2902 2950/3974/2903 2951/3975/2904
f 2951/3975/2904 2950/3974/2903 2952/3976/2905
f 2949/3973/2902 2953/3977/2906 2954/3978/2907
f 2953/3977/2906 2949/3973/2902 2951/3975/2904
f 2955/3979/2908 2952/3976/2905 2950/3974/2903
f 2952/3976/2905 2955/3979/2908 2956/3980/2909
f 2955/3979/2908 2957/3981/2910 2956/3980/2909
f 2957/3981/2910 2955/3979/2908 2958/3982/2911
f 2959/3983/2912 2958/3982/2911 2960/3984/2913
f 2960/3985/2913 2958/3986/2911 2961/3987/2914
s 8
f 2962/3988/2915 2963/3989/2916 2964/3990/2917
f 2964/3990/2917 2963/3989/2916 2965/3991/2918
f 2966/3992/2919 2967/3993/2920 2968/3994/2921
f 2966/3992/2919 2968/3994/2921 2969/3995/2922
f 2968/3994/2921 2962/3988/2915 2969/3995/2922
f 2969/3995/2922 2962/3988/2915 2964/3990/2917
f 2453/3209/2418 2452/3208/2417 2967/3996/2920
f 2453/3209/2418 2967/3996/2920 2966/3997/2919
f 2963/3989/2916 2970/3998/2923 2965/3991/2918
f 2965/3991/2918 2970/3998/2923 2971/3999/2924
f 2970/3998/2923 2972/4000/2925 2971/3999/2924
f 2972/4000/2925 2970/3998/2923 2973/4001/2926
s 15
f 2950/4002/2903 2974/4003/2927 2975/4004/2928
f 2974/4003/2927 2950/4002/2903 2949/4005/2902
f 2976/4006/2929 2977/4007/2930 2952/4008/2905
f 2951/4009/2904 2952/4008/2905 2977/4007/2930
f 2954/3978/2907 2953/3977/2906 2978/4010/2931
f 2949/4005/2902 2954/4011/2907 2974/4003/2927
f 2953/4012/2906 2951/4009/2904 2979/4013/2932
f 2953/4012/2906 2979/4013/2932 2980/4014/2933
f 2465/3231/2430 2978/4015/2931 2953/4016/2906
f 2978/4015/2931 2465/3231/2430 2466/3233/2431
f 2465/4017/2430 2953/4018/2906 2980/4019/2933
f 2951/4009/2904 2977/4007/2930 2979/4013/2932
f 2955/4020/2908 2975/4004/2928 2981/4021/2934
f 2975/4004/2928 2955/4020/2908 2950/4002/2903
f 2982/4022/2935 2976/4006/2929 2956/4023/2909
f 2956/4023/2909 2976/4006/2929 2952/4008/2905
f 2961/3987/2914 2955/4020/2908 2981/4021/2934
f 2955/4020/2908 2961/3987/2914 2958/3986/2911
f 2956/3980/2909 2983/4024/2936 2982/4025/2935
f 2983/4024/2936 2956/3980/2909 2957/3981/2910
s 8
f 2898/3903/2852 2972/4000/2925 2973/4001/2926
s 15
f 2984/4026/2937 2983/4027/2936 2957/4028/2910
f 2957/3981/2910 2985/4029/2938 2984/4030/2937
f 2958/3982/2911 2985/4029/2938 2957/3981/2910
f 2985/4029/2938 2958/3982/2911 2959/3983/2912
s 8
f 2947/3971/2900 2986/4031/2939 2948/3972/2901
f 2986/4031/2939 2987/4032/2940 2948/3972/2901
f 2987/4033/2940 2986/4034/2939 2878/3870/2834
f 2897/3902/2851 2889/3891/2843 2988/4035/2941
f 2989/4036/2942 2839/3807/2795 2782/3728/2738
f 2894/4037/2848 2902/3908/2856 2891/3896/2845
f 2902/3908/2856 2893/4038/2847 2903/3909/2857
f 2893/4038/2847 2902/3908/2856 2894/4037/2848
f 2903/3909/2857 2896/4039/2850 2904/3910/2858
f 2896/4039/2850 2903/3909/2857 2893/4038/2847
f 2353/3068/2320 2904/3910/2858 2896/4039/2850
f 2896/4039/2850 2343/3256/2310 2353/3068/2320
f 2990/4040/2943 2899/3904/2853 2898/3903/2852
f 2890/3894/2844 2900/3905/2854 2892/3895/2846
f 2900/3905/2854 2890/3894/2844 2899/4041/2853
f 2899/3904/2853 2990/4040/2943 2991/4042/2944
f 2871/3867/2827 2876/3866/2832 2878/3870/2834
f 2987/4043/2940 2878/4044/2834 2989/4036/2942
f 2989/4036/2942 2782/3728/2738 2987/4043/2940
f 2948/4045/2901 2987/4043/2940 2782/3728/2738
f 2782/3728/2738 2781/3727/2737 2948/4045/2901
f 2946/4046/2899 2948/4045/2901 2781/3727/2737
f 2781/3727/2737 2934/3956/2887 2946/4046/2899
f 2944/4047/2897 2946/4046/2899 2934/3956/2887
f 2934/3956/2887 2854/3842/2810 2944/4047/2897
f 2938/4048/2891 2944/4047/2897 2853/3841/2809
f 2854/3842/2810 2853/3841/2809 2944/4047/2897
f 2853/3841/2809 2857/3847/2813 2938/4048/2891
f 2857/3847/2813 2937/4049/2890 2938/4048/2891
f 2937/4049/2890 2919/3925/2872 2942/4050/2895
f 2919/3925/2872 2937/4049/2890 2857/3847/2813
f 2941/4051/2894 2942/4050/2895 2916/3922/2869
f 2919/3925/2872 2916/3922/2869 2942/4050/2895
f 2941/4051/2894 2389/3115/2354 2424/3274/2389
f 2916/3922/2869 2389/3115/2354 2941/4051/2894
f 2986/4034/2939 2902/3908/2856 2878/3870/2834
f 2902/3908/2856 2986/4034/2939 2891/3896/2845
f 2947/3971/2900 2889/3891/2843 2891/3893/2845
f 2947/3971/2900 2891/3893/2845 2986/4031/2939
f 2947/3971/2900 2988/4035/2941 2889/3891/2843
f 2947/3971/2900 2992/4052/2945 2988/4035/2941
f 2993/4053/2946 2992/4052/2945 2945/3969/2898
f 2947/3971/2900 2945/3969/2898 2992/4052/2945
f 2994/4054/2947 2993/4053/2946 2943/3967/2896
f 2943/3967/2896 2993/4053/2946 2945/3969/2898
f 2995/4055/2948 2994/4054/2947 2936/3958/2889
f 2936/3958/2889 2994/4054/2947 2943/3967/2896
f 2996/4056/2949 2995/4055/2948 2935/3957/2888
f 2935/3957/2888 2995/4055/2948 2936/3958/2889
f 2997/4057/2950 2996/4056/2949 2940/3962/2893
f 2940/3962/2893 2996/4056/2949 2935/3957/2888
f 2998/4058/2951 2997/4057/2950 2939/3961/2892
f 2939/3961/2892 2997/4057/2950 2940/3962/2893
f 2490/3283/2455 2998/4059/2951 2423/3173/2388
f 2423/3173/2388 2998/4059/2951 2939/3965/2892
f 2898/3903/2852 2973/4001/2926 2990/4040/2943
f 2891/3896/2845 2892/3895/2846 2894/4037/2848
f 2890/3892/2844 2889/3891/2843 2897/3902/2851
f 2899/4041/2853 2991/4060/2944 2900/3905/2854
f 2989/4036/2942 2702/3839/2662 2839/3807/2795
f 2876/4061/2832 2702/3839/2662 2989/4036/2942
f 2989/4036/2942 2878/4044/2834 2876/4061/2832
f 2761/3687/2717 2919/3925/2872 2857/3847/2813
f 2781/3727/2737 2783/3729/2739 2934/3956/2887
f 2783/3729/2739 2842/3820/2798 2934/3956/2887
f 2761/3687/2717 2857/3847/2813 2845/3825/2801
f 2929/3941/2882 2855/4062/2811 2930/3943/2883
f 2931/3947/2884 2855/3954/2811 2932/3949/2885
f 2930/3946/2883 2855/3954/2811 2931/3947/2884
f 2775/3708/2731 2855/4062/2811 2929/3941/2882
f 2908/3914/2862 2742/3668/2700 2856/3845/2812
s 9
f 2495/3293/2460 2910/3916/2863 2496/3294/2460
f 2910/3916/2863 2495/3293/2460 2909/3915/2863
s 8
f 2367/3089/2334 2908/3914/2862 2497/3295/2461
s 10
f 2911/3917/2864 2750/3675/2706 2379/3296/2344
f 2911/3917/2864 2379/3296/2344 2498/3297/2462
s 8
f 2839/3807/2795 2780/3726/2736 2782/3728/2738
f 2775/3708/2731 2753/3844/2709 2855/4062/2811
f 2999/4063/2952 3000/4064/2953 3001/4065/2954
f 3000/4064/2953 2999/4063/2952 3002/4066/2955
f 2999/4063/2952 3003/4067/2956 3004/4068/2957
f 3003/4067/2956 2999/4063/2952 3001/4065/2954
f 3004/4068/2957 3005/4069/2958 3006/4070/2959
f 3005/4069/2958 3004/4068/2957 3003/4067/2956
f 3006/4070/2959 2506/3305/2470 2507/3306/2471
f 2506/3305/2470 3006/4070/2959 3005/4069/2958
f 3007/4071/2960 3008/4072/2961 3009/4073/2962
f 3009/4073/2962 3008/4072/2961 3010/4074/2963
f 3011/4075/2964 3007/4071/2960 3012/4076/2965
f 3012/4076/2965 3007/4071/2960 3009/4073/2962
f 3013/4077/2966 3011/4075/2964 3014/4078/2967
f 3014/4078/2967 3011/4075/2964 3012/4076/2965
f 3013/4077/2966 2514/3315/2478 2515/3316/2479
f 2514/3315/2478 3013/4077/2966 3014/4078/2967
f 3015/4079/2968 3016/4080/2969 3017/4081/2970
f 3016/4080/2969 3015/4079/2968 3018/4082/2971
f 3017/4081/2970 3019/4083/2972 3020/4084/2973
f 3019/4083/2972 3017/4081/2970 3016/4080/2969
f 3021/4085/2974 3020/4084/2973 3019/4083/2972
f 3021/4085/2974 3019/4083/2972 3022/4086/2975
f 3021/4085/2974 2522/3323/2486 2523/3324/2487
f 2522/3323/2486 3021/4085/2974 3022/4086/2975
f 3015/4087/2968 3017/4088/2970 3023/4089/2976
f 3023/4089/2976 3024/4090/2977 3015/4087/2968
f 3025/4091/2978 3026/4092/2979 3020/4093/2973
f 3020/4093/2973 3026/4092/2979 3017/4088/2970
f 3027/4094/2980 3025/4091/2978 3021/4095/2974
f 3021/4095/2974 3025/4091/2978 3020/4093/2973
f 2528/3335/2492 3027/4094/2980 2523/3334/2487
f 2523/3334/2487 3027/4094/2980 3021/4095/2974
f 3000/4096/2953 3028/4097/2981 3001/4098/2954
f 3028/4097/2981 3000/4096/2953 3029/4099/2982
f 3030/4100/2983 2506/3340/2470 3005/4101/2958
f 2506/3340/2470 3030/4100/2983 2530/3338/2494
f 3003/4102/2956 3030/4100/2983 3005/4101/2958
f 3030/4100/2983 3003/4102/2956 3031/4103/2984
f 3028/4097/2981 3003/4102/2956 3001/4098/2954
f 3003/4102/2956 3028/4097/2981 3031/4103/2984
f 3032/4104/2985 3033/4105/2986 3002/4066/2955
f 3032/4104/2985 3002/4066/2955 2999/4063/2952
f 3034/4106/2987 3032/4104/2985 2999/4063/2952
f 3034/4106/2987 2999/4063/2952 3004/4068/2957
f 3034/4106/2987 3006/4070/2959 3035/4107/2988
f 3006/4070/2959 3034/4106/2987 3004/4068/2957
f 3035/4107/2988 2507/3306/2471 2536/3349/2500
f 2507/3306/2471 3035/4107/2988 3006/4070/2959
f 3007/4071/2960 3036/4108/2961 3008/4072/2961
f 3036/4108/2961 3007/4071/2960 3037/4109/2989
f 3011/4075/2964 3037/4109/2989 3007/4071/2960
f 3037/4109/2989 3011/4075/2964 3038/4110/2964
f 3013/4077/2966 3038/4110/2964 3011/4075/2964
f 3038/4110/2964 3013/4077/2966 3039/4111/2966
f 2515/3316/2479 3039/4111/2966 3013/4077/2966
f 3039/4111/2966 2515/3316/2479 2540/3354/2502
f 3037/4109/2989 3018/4112/2971 3036/4108/2961
f 3018/4112/2971 3037/4109/2989 3016/4113/2969
f 3038/4110/2964 3016/4113/2969 3037/4109/2989
f 3016/4113/2969 3038/4110/2964 3019/4114/2972
f 3039/4111/2966 3019/4114/2972 3038/4110/2964
f 3019/4114/2972 3039/4111/2966 3022/4115/2975
f 2540/3354/2502 3022/4115/2975 3039/4111/2966
f 3022/4115/2975 2540/3354/2502 2522/3359/2486
f 3033/4105/2986 3032/4104/2985 3009/4116/2962
f 3009/4116/2962 3010/4117/2963 3033/4105/2986
f 3032/4104/2985 3034/4106/2987 3012/4118/2965
f 3012/4118/2965 3009/4116/2962 3032/4104/2985
f 3014/4119/2967 3012/4118/2965 3034/4106/2987
f 3014/4119/2967 3034/4106/2987 3035/4107/2988
f 3014/4119/2967 2536/3349/2500 2514/3363/2478
f 2536/3349/2500 3014/4119/2967 3035/4107/2988
f 3040/4120/2990 3041/4121/2991 3042/4122/2992
f 3041/4123/2991 3040/4124/2990 3043/4125/2993
f 3041/4126/2991 3044/4127/2994 3045/4128/2995
f 3044/4127/2994 3041/4126/2991 3046/4129/2996
f 3047/4130/2997 3045/4128/2995 3044/4127/2994
f 2549/3373/2511 3045/4128/2995 3047/4130/2997
f 2549/3373/2511 3047/4130/2997 2550/3374/2512
f 3048/4131/2998 3042/4132/2992 3049/4133/2999
f 3042/4132/2992 3048/4131/2998 3050/4134/3000
f 3045/4135/2995 3051/4136/3001 3041/4121/2991
f 3051/4136/3001 3045/4135/2995 3052/4137/3002
f 2549/3384/2511 3052/4137/3002 3045/4135/2995
f 3052/4137/3002 2549/3384/2511 2556/3386/2518
f 3025/4091/2978 3053/4138/3003 3026/4092/2979
f 3053/4138/3003 3025/4091/2978 3054/4139/3004
f 3027/4094/2980 3054/4139/3004 3025/4091/2978
f 3054/4139/3004 3027/4094/2980 3055/4140/3005
f 2528/3335/2492 3055/4140/3005 3027/4094/2980
f 3055/4140/3005 2528/3335/2492 2560/3391/2522
f 3056/4141/3006 3057/4142/3007 3058/4143/3008
f 3057/4142/3007 3056/4141/3006 3059/4144/3009
f 3057/4142/3007 2563/3394/2525 2564/3395/2526
f 2563/3394/2525 3057/4142/3007 3059/4144/3009
f 3060/4145/3010 3061/4146/3011 3057/4147/3007
f 3057/4147/3007 3061/4146/3011 3058/4148/3008
f 3060/4145/3010 2564/3398/2526 2566/3401/2528
f 2564/3398/2526 3060/4145/3010 3057/4147/3007
f 2567/3409/2529 3062/4149/3012 3063/4150/3013
f 3062/4149/3012 2567/3409/2529 2568/4151/2530
f 2569/3404/2531 3062/4152/3012 2568/3405/2530
f 3062/4152/3012 2569/3404/2531 3064/4153/3014
f 2569/4154/2531 3065/4155/3015 3064/4156/3014
f 3060/4145/3010 3063/4150/3013 3061/4146/3011
f 2566/3401/2528 2567/3409/2529 3060/4145/3010
s 9
f 3066/4157/3016 3067/4158/3017 3068/4159/3016
f 3067/4158/3017 3066/4157/3016 3069/4160/3017
s 10
f 3070/4161/3018 3071/4162/3019 3072/4163/3020
f 2574/3413/2535 3073/4164/3021 3072/4165/3020
f 2574/3413/2535 3072/4165/3020 2575/3414/2536
s 8
f 3060/4145/3010 2567/3409/2529 3063/4150/3013
f 3074/4166/3022 3075/4167/3023 3076/4168/3024
f 2577/4169/2538 3059/4170/3009 3077/4171/3025
f 3059/4170/3009 2577/4169/2538 2563/4172/2525
f 3078/4173/3026 2580/3419/2541 3079/4174/3027
f 2577/3416/2538 3079/4174/3027 2580/3419/2541
f 2580/3419/2541 3078/4173/3026 3080/4175/3028
f 2580/3419/2541 3080/4175/3028 2582/3421/2543
f 3078/4173/3026 3081/4176/3029 3080/4175/3028
f 3082/4177/3030 3083/4178/3031 3084/4179/3032
f 3084/4179/3032 3081/4176/3029 3082/4177/3030
f 3081/4176/3029 3084/4179/3032 3080/4175/3028
f 3077/4171/3025 3059/4170/3009 3085/4180/3033
f 3083/4178/3031 3082/4177/3030 3086/4181/3034
f 3083/4178/3031 3086/4181/3034 3087/4182/3035
f 3082/4177/3030 3081/4176/3029 3086/4181/3034
f 3081/4176/3029 3088/4183/3036 3086/4181/3034
f 3081/4176/3029 3078/4173/3026 3089/4184/3037
f 3081/4176/3029 3089/4184/3037 3088/4183/3036
f 3078/4173/3026 3079/4174/3027 3090/4185/3038
f 3078/4173/3026 3090/4185/3038 3089/4184/3037
f 3091/4186/3039 3090/4187/3038 3079/4188/3027
f 3079/4188/3027 3077/4171/3025 3091/4186/3039
f 3091/4189/3039 3085/4190/3033 3092/4191/3040
f 3085/4190/3033 3091/4189/3039 3077/4192/3025
f 3092/4191/3040 3093/4193/3041 3094/4194/3042
f 3085/4190/3033 3093/4193/3041 3092/4191/3040
f 3095/4195/3043 3094/4194/3042 3056/4196/3006
f 3093/4193/3041 3056/4196/3006 3094/4194/3042
f 3096/4197/3044 3097/4198/3045 3086/4199/3034
f 3097/4198/3045 3087/4200/3035 3086/4199/3034
f 3086/4201/3034 3088/4202/3036 3096/4203/3044
f 3098/4204/3046 3096/4203/3044 3088/4202/3036
f 3088/4202/3036 3089/4205/3037 3098/4204/3046
f 3099/4206/3047 3098/4204/3046 3089/4205/3037
f 3099/4206/3047 3089/4205/3037 3090/4207/3038
f 3090/4207/3038 3100/4208/3048 3099/4206/3047
f 3100/4208/3048 3090/4207/3038 3091/4209/3039
f 3091/4209/3039 3092/4210/3040 3100/4208/3048
f 3100/4208/3048 3092/4210/3040 3101/4211/3049
f 3094/4194/3042 3095/4195/3043 3076/4168/3024
f 3076/4168/3024 3095/4195/3043 3074/4166/3022
f 3092/4191/3040 3094/4194/3042 3101/4212/3049
f 3101/4212/3049 3094/4194/3042 3076/4168/3024
f 3100/4208/3048 3101/4211/3049 3075/4213/3023
f 3075/4167/3023 3101/4212/3049 3076/4168/3024
f 3077/4171/3025 3079/4188/3027 2577/4169/2538
f 3059/4170/3009 3056/4214/3006 3093/4215/3041
f 3059/4170/3009 3093/4215/3041 3085/4180/3033
f 3102/4216/3050 3103/4217/3051 3104/4218/3052
f 3103/4217/3051 3102/4216/3050 3105/4219/3053
f 3106/4220/3054 3107/4221/3055 3108/4222/3056
f 3108/4222/3056 3109/4223/3057 3106/4220/3054
f 3110/4224/3058 3111/4225/3059 3112/4226/3060
f 3111/4225/3059 3110/4224/3058 3113/4227/3061
f 3113/4227/3061 2611/4228/2572 3111/4225/3059
f 2611/4228/2572 3113/4227/3061 2610/4229/2571
f 3107/4221/3055 3110/4224/3058 3112/4226/3060
f 3112/4226/3060 3108/4222/3056 3107/4221/3055
f 3109/4223/3057 3114/4230/3062 3106/4220/3054
f 3114/4230/3062 3109/4223/3057 3115/4231/3063
f 3116/4232/3064 3114/4230/3062 3115/4231/3063
f 3115/4231/3063 3117/4233/3065 3116/4232/3064
f 3118/4234/3066 3116/4232/3064 3117/4233/3065
f 3117/4233/3065 3119/4235/3067 3118/4234/3066
s 16
f 3120/4236/3068 3121/4237/3069 3122/4238/3070
f 3121/4237/3069 3120/4236/3068 3123/4239/3071
f 3120/4236/3068 3122/4238/3070 3124/4240/3072
f 3122/4238/3070 3125/4241/3073 3124/4240/3072
f 3123/4239/3071 3126/4242/3074 3121/4237/3069
f 3126/4242/3074 3123/4239/3071 3127/4243/3075
f 3126/4242/3074 3127/4243/3075 3128/4244/3076
f 3126/4242/3074 3128/4244/3076 3129/4245/3077
f 3129/4246/3077 3130/4247/3078 3131/4248/3079
f 3129/4249/3077 3132/4250/3080 3130/4251/3078
s 8
f 3133/4252/3081 3134/4253/3082 3135/4254/3083
f 3134/4253/3082 3133/4252/3081 3136/4255/3084
f 3137/4256/3085 3138/4257/3086 3139/4258/3087
f 3139/4258/3087 3138/4257/3086 3140/4259/3088
f 3139/4258/3087 3140/4259/3088 3135/4254/3083
f 3135/4254/3083 3140/4259/3088 3133/4252/3081
f 2640/3497/2601 2639/3496/2600 3137/4260/3085
f 3138/4257/3086 3137/4256/3085 2639/4261/2600
f 3136/4255/3084 3141/4262/3089 3134/4253/3082
f 3141/4262/3089 3136/4255/3084 3142/4263/3090
f 3142/4263/3090 3143/4264/3091 3141/4262/3089
f 3143/4264/3091 3144/4265/3092 3141/4262/3089
s 16
f 3145/4266/3093 3121/4267/3069 3146/4268/3094
f 3121/4267/3069 3145/4266/3093 3122/4269/3070
f 3147/4270/3095 3148/4271/3096 3123/4272/3071
f 3147/4270/3095 3123/4272/3071 3120/4273/3068
f 3125/4241/3073 3149/4274/3097 3124/4240/3072
f 3122/4269/3070 3145/4266/3093 3125/4275/3073
f 3150/4276/3098 3124/4277/3072 3151/4278/3099
f 3124/4277/3072 3150/4276/3098 3120/4273/3068
f 2652/3517/2613 3149/4279/3097 2653/3518/2614
f 3149/4279/3097 2652/3517/2613 3124/4277/3072
f 2652/3517/2613 3151/4278/3099 3124/4277/3072
f 3120/4273/3068 3150/4276/3098 3147/4270/3095
f 3146/4268/3094 3126/4280/3074 3152/4281/3100
f 3126/4280/3074 3146/4268/3094 3121/4267/3069
f 3127/4282/3075 3123/4272/3071 3148/4271/3096
f 3148/4283/3096 3153/4284/3101 3127/4243/3075
f 3126/4280/3074 3131/4248/3079 3152/4281/3100
f 3131/4248/3079 3126/4280/3074 3129/4246/3077
f 3153/4284/3101 3128/4244/3076 3127/4243/3075
f 3128/4244/3076 3153/4284/3101 3154/4285/3102
s 8
f 3048/4286/2998 3144/4265/3092 3143/4264/3091
s 16
f 3154/4287/3102 3155/4288/3103 3128/4289/3076
f 3156/4290/3104 3128/4291/3076 3155/4292/3103
f 3129/4249/3077 3156/4290/3104 3132/4250/3080
f 3156/4290/3104 3129/4249/3077 3128/4291/3076
s 8
f 3157/4293/3105 3118/4294/3066 3119/4295/3067
f 3119/4295/3067 3158/4296/3106 3157/4293/3105
f 3158/4296/3106 3026/4092/2979 3157/4293/3105
f 3050/4297/3000 3159/4298/3107 3040/4299/2990
f 3160/4300/3108 3102/4216/3050 3161/4301/3109
f 3046/4302/2996 3043/4303/2993 3053/4138/3003
f 3044/4304/2994 3046/4302/2996 3054/4139/3004
f 3054/4139/3004 3046/4302/2996 3053/4138/3003
f 3047/4305/2997 3044/4304/2994 3055/4140/3005
f 3055/4140/3005 3044/4304/2994 3054/4139/3004
f 2550/3540/2512 3047/4305/2997 2560/3391/2522
f 2560/3391/2522 3047/4305/2997 3055/4140/3005
f 3162/4306/3110 3048/4307/2998 3049/4308/2999
f 3051/4136/3001 3042/4122/2992 3041/4121/2991
f 3042/4122/2992 3051/4136/3001 3049/4308/2999
f 3049/4308/2999 3163/4309/3111 3162/4306/3110
f 3017/4088/2970 3026/4092/2979 3023/4089/2976
f 3026/4310/2979 3158/4311/3106 3160/4300/3108
f 3102/4216/3050 3160/4300/3108 3158/4311/3106
f 3158/4311/3106 3119/4312/3067 3102/4216/3050
f 3105/4219/3053 3102/4216/3050 3119/4312/3067
f 3164/4313/3112 3105/4219/3053 3117/4314/3065
f 3117/4314/3065 3105/4219/3053 3119/4312/3067
f 3165/4315/3113 3164/4313/3112 3115/4316/3063
f 3115/4316/3063 3164/4313/3112 3117/4314/3065
f 3166/4317/3114 3115/4316/3063 3109/4318/3057
f 3115/4316/3063 3166/4317/3114 3165/4315/3113
f 3167/4319/3115 3109/4318/3057 3108/4320/3056
f 3109/4318/3057 3167/4319/3115 3166/4317/3114
f 3108/4320/3056 3084/4179/3032 3167/4319/3115
f 3084/4179/3032 3108/4320/3056 3112/4321/3060
f 3080/4175/3028 3084/4179/3032 3112/4321/3060
f 3112/4321/3060 3111/4322/3059 3080/4175/3028
f 2582/3421/2543 3080/4175/3028 3111/4322/3059
f 2582/3421/2543 3111/4322/3059 2611/3552/2572
f 3053/4138/3003 3157/4293/3105 3026/4092/2979
f 3157/4293/3105 3053/4138/3003 3043/4303/2993
f 3043/4303/2993 3118/4294/3066 3157/4293/3105
f 3118/4294/3066 3043/4303/2993 3040/4323/2990
f 3118/4234/3066 3040/4299/2990 3159/4298/3107
f 3118/4234/3066 3159/4298/3107 3168/4324/3116
f 3116/4232/3064 3118/4234/3066 3168/4324/3116
f 3116/4232/3064 3168/4324/3116 3169/4325/3117
f 3114/4230/3062 3169/4325/3117 3170/4326/3118
f 3169/4325/3117 3114/4230/3062 3116/4232/3064
f 3106/4220/3054 3170/4326/3118 3171/4327/3119
f 3170/4326/3118 3106/4220/3054 3114/4230/3062
f 3107/4221/3055 3171/4327/3119 3172/4328/3120
f 3171/4327/3119 3107/4221/3055 3106/4220/3054
f 3110/4224/3058 3172/4328/3120 3173/4329/3121
f 3172/4328/3120 3110/4224/3058 3107/4221/3055
f 3110/4224/3058 3173/4329/3121 3113/4227/3061
f 3173/4329/3121 3174/4330/3122 3113/4227/3061
f 3113/4227/3061 3174/4330/3122 2610/4229/2571
f 3174/4330/3122 2672/4331/2633 2610/4229/2571
f 3048/4286/2998 3162/4332/3110 3144/4265/3092
f 3043/4303/2993 3046/4302/2996 3041/4333/2991
f 3042/4122/2992 3050/4334/3000 3040/4120/2990
f 3049/4308/2999 3051/4136/3001 3163/4309/3111
f 3024/4335/2977 3023/4336/2976 3160/4300/3108
f 3024/4335/2977 3160/4300/3108 3161/4301/3109
f 3160/4300/3108 3023/4336/2976 3026/4310/2979
f 3083/4178/3031 3167/4319/3115 3084/4179/3032
f 3166/4317/3114 3175/4337/3123 3165/4315/3113
f 3175/4337/3123 3166/4317/3114 3176/4338/3124
f 3074/4166/3022 3177/4339/3125 3075/4167/3023
f 3096/4203/3044 3098/4204/3046 3075/4213/3023
f 3075/4213/3023 3098/4204/3046 3099/4206/3047
f 3075/4213/3023 3099/4206/3047 3100/4208/3048
f 3097/4198/3045 3096/4197/3044 3075/4340/3023
f 3065/4155/3015 3178/4341/3126 3064/4156/3014
s 9
f 3067/4158/3017 2673/3567/2634 2674/3568/2634
f 2673/3567/2634 3067/4158/3017 3069/4160/3017
s 8
f 2569/3569/2531 2675/3571/2635 3065/4342/3015
s 10
f 3071/4162/3019 2575/3574/2536 3072/4163/3020
f 3071/4162/3019 2676/3575/2636 2575/3574/2536
s 8
f 3167/4319/3115 3179/4343/3127 3176/4338/3124
f 3167/4319/3115 3176/4338/3124 3166/4317/3114
f 3000/4064/2953 3180/4344/3128 3181/4345/3129
f 3180/4344/3128 3000/4064/2953 3002/4066/2955
f 3182/4346/3130 3181/4345/3129 3180/4344/3128
f 3180/4344/3128 3183/4347/3131 3182/4346/3130
f 3184/4348/3132 3182/4346/3130 3183/4347/3131
f 3183/4347/3131 3185/4349/3133 3184/4348/3132
f 3186/4350/3134 3184/4348/3132 3185/4349/3133
f 3185/4349/3133 3187/4351/3135 3186/4350/3134
f 3010/4074/2963 3188/4352/3136 3189/4353/3137
f 3188/4352/3136 3010/4074/2963 3008/4072/2961
f 3189/4353/3137 3190/4354/3138 3191/4355/3139
f 3190/4354/3138 3189/4353/3137 3188/4352/3136
f 3191/4355/3139 3192/4356/3140 3193/4357/3141
f 3192/4356/3140 3191/4355/3139 3190/4354/3138
f 3193/4357/3141 3194/4358/3142 3195/4359/3143
f 3194/4358/3142 3193/4357/3141 3192/4356/3140
f 3015/4079/2968 3196/4360/3144 3018/4082/2971
f 3196/4360/3144 3015/4079/2968 3197/4361/3145
f 3197/4361/3145 3198/4362/3146 3196/4360/3144
f 3198/4362/3146 3197/4361/3145 3199/4363/3147
f 3200/4364/3148 3198/4362/3146 3199/4363/3147
f 3198/4362/3146 3200/4364/3148 3201/4365/3149
f 3200/4364/3148 3202/4366/3150 3201/4365/3149
f 3202/4366/3150 3200/4364/3148 3203/4367/3151
f 3204/4368/3152 3015/4087/2968 3024/4090/2977
f 3197/4369/3145 3015/4087/2968 3204/4368/3152
f 3197/4369/3145 3205/4370/3153 3199/4371/3147
f 3205/4370/3153 3197/4369/3145 3206/4372/3154
f 3199/4371/3147 3207/4373/3155 3200/4374/3148
f 3207/4373/3155 3199/4371/3147 3205/4370/3153
f 3200/4374/3148 3208/4375/3156 3203/4376/3151
f 3208/4375/3156 3200/4374/3148 3207/4373/3155
f 3209/4377/3157 3000/4096/2953 3181/4378/3129
f 3000/4096/2953 3209/4377/3157 3029/4099/2982
f 3210/4379/3158 3211/4380/3159 3186/4381/3134
f 3186/4381/3134 3211/4380/3159 3184/4382/3132
f 3211/4380/3159 3182/4383/3130 3184/4382/3132
f 3182/4383/3130 3211/4380/3159 3212/4384/3160
f 3212/4384/3160 3209/4377/3157 3182/4383/3130
f 3182/4383/3130 3209/4377/3157 3181/4378/3129
f 3213/4385/3161 3002/4066/2955 3033/4105/2986
f 3002/4066/2955 3213/4385/3161 3180/4344/3128
f 3213/4385/3161 3183/4347/3131 3180/4344/3128
f 3183/4347/3131 3213/4385/3161 3214/4386/3162
f 3214/4386/3162 3185/4349/3133 3183/4347/3131
f 3185/4349/3133 3214/4386/3162 3215/4387/3163
f 3215/4387/3163 3187/4351/3135 3185/4349/3133
f 3187/4351/3135 3215/4387/3163 3216/4388/3164
f 3036/4108/2961 3217/4389/3136 3008/4072/2961
f 3008/4072/2961 3217/4389/3136 3188/4352/3136
f 3217/4389/3136 3218/4390/3138 3188/4352/3136
f 3188/4352/3136 3218/4390/3138 3190/4354/3138
f 3218/4390/3138 3219/4391/3140 3190/4354/3138
f 3190/4354/3138 3219/4391/3140 3192/4356/3140
f 3219/4391/3140 3220/4392/3142 3192/4356/3140
f 3192/4356/3140 3220/4392/3142 3194/4358/3142
f 3018/4112/2971 3196/4393/3144 3036/4108/2961
f 3036/4108/2961 3196/4393/3144 3217/4389/3136
f 3196/4393/3144 3198/4394/3146 3217/4389/3136
f 3217/4389/3136 3198/4394/3146 3218/4390/3138
f 3198/4394/3146 3201/4395/3149 3218/4390/3138
f 3218/4390/3138 3201/4395/3149 3219/4391/3140
f 3201/4395/3149 3202/4396/3150 3219/4391/3140
f 3219/4391/3140 3202/4396/3150 3220/4392/3142
f 3189/4397/3137 3033/4105/2986 3010/4117/2963
f 3033/4105/2986 3189/4397/3137 3213/4385/3161
f 3191/4398/3139 3213/4385/3161 3189/4397/3137
f 3213/4385/3161 3191/4398/3139 3214/4386/3162
f 3191/4398/3139 3215/4387/3163 3214/4386/3162
f 3215/4387/3163 3191/4398/3139 3193/4399/3141
f 3193/4399/3141 3216/4388/3164 3215/4387/3163
f 3216/4388/3164 3193/4399/3141 3195/4400/3143
f 3221/4401/3165 3222/4402/3166 3223/4403/3167
f 3222/4404/3166 3224/4405/3168 3223/4406/3167
f 3224/4405/3168 3225/4407/3169 3226/4408/3170
f 3225/4407/3169 3224/4405/3168 3227/4409/3171
f 3228/4410/3172 3225/4407/3169 3227/4409/3171
f 3227/4409/3171 3229/4411/3173 3228/4410/3172
f 3228/4410/3172 3229/4411/3173 3230/4412/3174
f 3231/4413/3175 3232/4414/3176 3222/4402/3166
f 3222/4402/3166 3232/4414/3176 3233/4415/3177
f 3234/4416/3178 3235/4417/3179 3224/4418/3168
f 3227/4419/3171 3224/4418/3168 3235/4417/3179
f 3235/4417/3179 3236/4420/3180 3227/4419/3171
f 3229/4421/3173 3227/4419/3171 3236/4420/3180
f 3237/4422/3181 3238/4423/3182 3206/4372/3154
f 3206/4372/3154 3238/4423/3182 3205/4370/3153
f 3238/4423/3182 3239/4424/3183 3205/4370/3153
f 3205/4370/3153 3239/4424/3183 3207/4373/3155
f 3239/4424/3183 3240/4425/3184 3207/4373/3155
f 3207/4373/3155 3240/4425/3184 3208/4375/3156
f 3241/4426/3185 3056/4427/3006 3058/4148/3008
f 3056/4141/3006 3241/4428/3185 3242/4429/3186
f 3241/4428/3185 3243/4430/3187 3242/4429/3186
f 3243/4430/3187 3241/4428/3185 3244/4431/3188
f 3058/4148/3008 3245/4432/3189 3241/4426/3185
f 3245/4432/3189 3058/4148/3008 3061/4146/3011
f 3241/4426/3185 3246/4433/3190 3244/4434/3188
f 3246/4433/3190 3241/4426/3185 3245/4432/3189
f 3062/4149/3012 3247/4435/3191 3063/4150/3013
f 3248/4436/3192 3063/4150/3013 3247/4435/3191
f 3062/4152/3012 3249/4437/3193 3247/4438/3191
f 3249/4437/3193 3062/4152/3012 3064/4153/3014
f 3249/4439/3193 3064/4156/3014 3250/4440/3194
f 3245/4432/3189 3061/4146/3011 3063/4150/3013
f 3246/4433/3190 3245/4432/3189 3248/4436/3192
s 9
f 3251/4441/3195 3066/4157/3016 3068/4159/3016
f 3066/4157/3016 3251/4441/3195 3252/4442/3195
s 10
f 3070/4161/3018 3072/4163/3020 3253/4443/3196
f 3254/4444/3197 3072/4165/3020 3073/4164/3021
f 3072/4165/3020 3254/4444/3197 3255/4445/3198
s 8
f 3245/4432/3189 3063/4150/3013 3248/4436/3192
f 3074/4166/3022 3256/4446/3199 3177/4339/3125
f 3242/4447/3186 3257/4448/3200 3258/4449/3201
f 3257/4448/3200 3242/4447/3186 3243/4450/3187
f 3259/4451/3202 3260/4452/3203 3261/4453/3204
f 3260/4452/3203 3259/4451/3202 3257/4454/3200
f 3261/4453/3204 3260/4452/3203 3262/4455/3205
f 3262/4455/3205 3260/4452/3203 3263/4456/3206
f 3261/4453/3204 3262/4455/3205 3264/4457/3207
f 3265/4458/3208 3266/4459/3209 3083/4178/3031
f 3266/4459/3209 3264/4457/3207 3262/4455/3205
f 3264/4457/3207 3266/4459/3209 3265/4458/3208
f 3258/4449/3201 3267/4460/3210 3242/4447/3186
f 3268/4461/3211 3083/4178/3031 3087/4182/3035
f 3265/4458/3208 3083/4178/3031 3268/4461/3211
f 3264/4457/3207 3265/4458/3208 3268/4461/3211
f 3264/4457/3207 3268/4461/3211 3269/4462/3212
f 3261/4453/3204 3264/4457/3207 3270/4463/3213
f 3270/4463/3213 3264/4457/3207 3269/4462/3212
f 3259/4451/3202 3261/4453/3204 3271/4464/3214
f 3271/4464/3214 3261/4453/3204 3270/4463/3213
f 3258/4449/3201 3259/4465/3202 3272/4466/3215
f 3272/4466/3215 3259/4465/3202 3271/4467/3214
f 3272/4466/3215 3267/4460/3210 3258/4449/3201
f 3267/4460/3210 3272/4466/3215 3273/4468/3216
f 3274/4469/3217 3267/4470/3210 3273/4471/3216
f 3274/4469/3217 3273/4471/3216 3275/4472/3218
f 3056/4196/3006 3274/4469/3217 3275/4472/3218
f 3056/4473/3006 3275/4474/3218 3095/4475/3043
f 3268/4476/3211 3087/4200/3035 3097/4198/3045
f 3097/4198/3045 3276/4477/3219 3268/4476/3211
f 3269/4478/3212 3276/4477/3219 3277/4479/3220
f 3269/4478/3212 3268/4476/3211 3276/4477/3219
f 3270/4480/3213 3277/4481/3220 3278/4482/3221
f 3270/4480/3213 3269/4483/3212 3277/4481/3220
f 3278/4482/3221 3271/4484/3214 3270/4480/3213
f 3271/4484/3214 3279/4485/3222 3272/4486/3215
f 3279/4485/3222 3271/4484/3214 3278/4482/3221
f 3273/4487/3216 3272/4486/3215 3279/4485/3222
f 3279/4485/3222 3280/4488/3223 3273/4487/3216
f 3095/4195/3043 3275/4472/3218 3256/4446/3199
f 3095/4195/3043 3256/4446/3199 3074/4166/3022
f 3280/4489/3223 3275/4472/3218 3273/4471/3216
f 3275/4472/3218 3280/4489/3223 3256/4446/3199
f 3279/4485/3222 3177/4490/3125 3280/4488/3223
f 3177/4339/3125 3256/4446/3199 3280/4489/3223
f 3258/4449/3201 3257/4448/3200 3259/4465/3202
f 3242/4447/3186 3274/4491/3217 3056/4492/3006
f 3242/4447/3186 3267/4460/3210 3274/4491/3217
f 3175/4337/3123 3164/4313/3112 3165/4315/3113
f 3164/4313/3112 3175/4337/3123 3281/4493/3224
f 3282/4494/3225 3283/4495/3226 3284/4496/3227
f 3284/4496/3227 3283/4495/3226 3285/4497/3228
f 3286/4498/3229 3287/4499/3230 3288/4500/3231
f 3288/4500/3231 3287/4499/3230 3289/4501/3232
f 3290/4502/3233 3286/4498/3229 3291/4503/3234
f 3291/4503/3234 3286/4498/3229 3288/4500/3231
f 3287/4504/3230 3282/4494/3225 3289/4505/3232
f 3289/4505/3232 3282/4494/3225 3284/4496/3227
f 3285/4497/3228 3292/4506/3235 3293/4507/3236
f 3292/4506/3235 3285/4497/3228 3283/4495/3226
f 3292/4506/3235 3294/4508/3237 3293/4507/3236
f 3293/4507/3236 3294/4508/3237 3295/4509/3238
f 3294/4508/3237 3296/4510/3239 3295/4509/3238
f 3295/4509/3238 3296/4510/3239 3297/4511/3240
s 17
f 3298/4512/3241 3299/4513/3242 3300/4514/3243
f 3300/4514/3243 3299/4513/3242 3301/4515/3244
f 3298/4512/3241 3302/4516/3245 3303/4517/3246
f 3302/4516/3245 3298/4512/3241 3300/4514/3243
f 3304/4518/3247 3301/4515/3244 3299/4513/3242
f 3301/4515/3244 3304/4518/3247 3305/4519/3248
f 3304/4518/3247 3306/4520/3249 3305/4519/3248
f 3306/4520/3249 3304/4518/3247 3307/4521/3250
f 3308/4522/3251 3307/4521/3250 3309/4523/3252
f 3309/4524/3252 3307/4525/3250 3310/4526/3253
s 8
f 3311/4527/3254 3312/4528/3255 3313/4529/3256
f 3313/4529/3256 3312/4528/3255 3314/4530/3257
f 3315/4531/3258 3316/4532/3259 3317/4533/3260
f 3315/4531/3258 3317/4533/3260 3318/4534/3261
f 3317/4533/3260 3311/4527/3254 3318/4534/3261
f 3318/4534/3261 3311/4527/3254 3313/4529/3256
f 3319/4535/3262 3320/4536/3263 3316/4537/3259
f 3319/4535/3262 3316/4537/3259 3315/4538/3258
f 3312/4528/3255 3321/4539/3264 3314/4530/3257
f 3314/4530/3257 3321/4539/3264 3322/4540/3265
f 3321/4539/3264 3323/4541/3266 3322/4540/3265
f 3323/4541/3266 3321/4539/3264 3324/4542/3267
s 17
f 3325/4543/3268 3299/4544/3242 3298/4545/3241
f 3299/4544/3242 3325/4543/3268 3326/4546/3269
f 3300/4547/3243 3301/4548/3244 3327/4549/3270
f 3301/4548/3244 3328/4550/3271 3327/4549/3270
f 3303/4517/3246 3302/4516/3245 3329/4551/3272
f 3298/4545/3241 3303/4552/3246 3325/4543/3268
f 3302/4553/3245 3330/4554/3273 3331/4555/3274
f 3330/4554/3273 3302/4553/3245 3300/4547/3243
f 3332/4556/3275 3329/4557/3272 3302/4553/3245
f 3329/4557/3272 3332/4556/3275 3333/4558/3276
f 3332/4556/3275 3302/4553/3245 3331/4555/3274
f 3300/4547/3243 3327/4549/3270 3330/4554/3273
f 3326/4546/3269 3304/4559/3247 3299/4544/3242
f 3304/4559/3247 3326/4546/3269 3334/4560/3277
f 3335/4561/3278 3328/4550/3271 3305/4562/3248
f 3301/4548/3244 3305/4562/3248 3328/4550/3271
f 3304/4559/3247 3310/4526/3253 3307/4525/3250
f 3310/4526/3253 3304/4559/3247 3334/4560/3277
f 3305/4562/3248 3306/4563/3249 3336/4564/3279
f 3305/4562/3248 3336/4564/3279 3335/4561/3278
s 8
f 3232/4414/3176 3323/4541/3266 3324/4542/3267
s 17
f 3337/4565/3280 3336/4564/3279 3306/4563/3249
f 3306/4520/3249 3338/4566/3281 3337/4567/3280
f 3307/4521/3250 3338/4566/3281 3306/4520/3249
f 3338/4566/3281 3307/4521/3250 3308/4522/3251
s 8
f 3296/4510/3239 3339/4568/3282 3297/4511/3240
f 3339/4568/3282 3340/4569/3283 3297/4511/3240
f 3340/4570/3283 3339/4571/3282 3206/4372/3154
f 3231/4413/3175 3221/4401/3165 3341/4572/3284
f 3342/4573/3285 3161/4301/3109 3104/4218/3052
f 3226/4574/3170 3237/4422/3181 3223/4575/3167
f 3237/4422/3181 3225/4576/3169 3238/4423/3182
f 3225/4576/3169 3237/4422/3181 3226/4574/3170
f 3238/4423/3182 3228/4577/3172 3239/4424/3183
f 3228/4577/3172 3238/4423/3182 3225/4576/3169
f 3239/4424/3183 3230/4578/3174 3240/4425/3184
f 3230/4578/3174 3239/4424/3183 3228/4577/3172
f 3343/4579/3286 3233/4415/3177 3232/4414/3176
f 3222/4580/3166 3234/4416/3178 3224/4418/3168
f 3234/4416/3178 3222/4580/3166 3233/4581/3177
f 3233/4415/3177 3343/4579/3286 3344/4582/3287
f 3197/4369/3145 3204/4368/3152 3206/4372/3154
f 3340/4583/3283 3206/4584/3154 3342/4573/3285
f 3342/4573/3285 3104/4218/3052 3340/4583/3283
f 3297/4585/3240 3340/4583/3283 3104/4218/3052
f 3104/4218/3052 3103/4217/3051 3297/4585/3240
f 3295/4586/3238 3297/4585/3240 3103/4217/3051
f 3103/4217/3051 3281/4493/3224 3295/4586/3238
f 3293/4587/3236 3281/4493/3224 3175/4337/3123
f 3281/4493/3224 3293/4587/3236 3295/4586/3238
f 3285/4588/3228 3293/4587/3236 3176/4338/3124
f 3175/4337/3123 3176/4338/3124 3293/4587/3236
f 3284/4589/3227 3285/4588/3228 3179/4343/3127
f 3176/4338/3124 3179/4343/3127 3285/4588/3228
f 3266/4459/3209 3284/4589/3227 3179/4343/3127
f 3284/4589/3227 3266/4459/3209 3289/4590/3232
f 3288/4591/3231 3289/4590/3232 3262/4455/3205
f 3262/4455/3205 3289/4590/3232 3266/4459/3209
f 3262/4455/3205 3263/4456/3206 3288/4591/3231
f 3288/4591/3231 3263/4456/3206 3291/4592/3234
f 3339/4571/3282 3237/4422/3181 3206/4372/3154
f 3237/4422/3181 3339/4571/3282 3223/4575/3167
f 3221/4401/3165 3339/4568/3282 3296/4510/3239
f 3339/4568/3282 3221/4401/3165 3223/4403/3167
f 3296/4510/3239 3341/4572/3284 3221/4401/3165
f 3296/4510/3239 3345/4593/3288 3341/4572/3284
f 3346/4594/3289 3345/4593/3288 3294/4508/3237
f 3296/4510/3239 3294/4508/3237 3345/4593/3288
f 3347/4595/3290 3346/4594/3289 3292/4506/3235
f 3292/4506/3235 3346/4594/3289 3294/4508/3237
f 3348/4596/3291 3347/4595/3290 3283/4495/3226
f 3283/4495/3226 3347/4595/3290 3292/4506/3235
f 3349/4597/3292 3348/4596/3291 3282/4494/3225
f 3282/4494/3225 3348/4596/3291 3283/4495/3226
f 3350/4598/3293 3349/4597/3292 3287/4504/3230
f 3287/4504/3230 3349/4597/3292 3282/4494/3225
f 3351/4599/3294 3350/4600/3293 3286/4498/3229
f 3286/4498/3229 3350/4600/3293 3287/4499/3230
f 3352/4601/3295 3351/4599/3294 3290/4502/3233
f 3290/4502/3233 3351/4599/3294 3286/4498/3229
f 3232/4414/3176 3324/4542/3267 3343/4579/3286
f 3223/4406/3167 3224/4405/3168 3226/4408/3170
f 3222/4402/3166 3221/4401/3165 3231/4413/3175
f 3233/4581/3177 3344/4602/3287 3234/4416/3178
f 3342/4573/3285 3024/4335/2977 3161/4301/3109
f 3204/4603/3152 3024/4335/2977 3342/4573/3285
f 3342/4573/3285 3206/4584/3154 3204/4603/3152
f 3083/4178/3031 3266/4459/3209 3179/4343/3127
f 3281/4493/3224 3105/4219/3053 3164/4313/3112
f 3105/4219/3053 3281/4493/3224 3103/4217/3051
f 3083/4178/3031 3179/4343/3127 3167/4319/3115
f 3276/4477/3219 3177/4604/3125 3277/4479/3220
f 3277/4481/3220 3177/4490/3125 3278/4482/3221
f 3177/4605/3125 3279/4606/3222 3278/4607/3221
f 3097/4198/3045 3177/4604/3125 3276/4477/3219
f 3250/4440/3194 3064/4156/3014 3178/4341/3126
s 9
f 3251/4441/3195 3353/4608/3296 3252/4442/3195
f 3353/4608/3296 3251/4441/3195 3354/4609/3296
s 8
f 3249/4439/3193 3250/4440/3194 3355/4610/3297
s 10
f 3253/4443/3196 3072/4163/3020 3255/4611/3198
f 3253/4443/3196 3255/4611/3198 3356/4612/3298
s 8
f 3161/4301/3109 3102/4216/3050 3104/4218/3052
f 3097/4198/3045 3075/4340/3023 3177/4604/3125
f 3357/4613/3299 3358/4614/3300 3359/4615/3301
f 3360/4616/3302 3359/4615/3301 3358/4614/3300
f 3361/4617/3303 3357/4613/3299 3362/4618/3304
f 3359/4615/3301 3362/4618/3304 3357/4613/3299
f 3363/4619/3305 3361/4617/3303 3364/4620/3306
f 3362/4618/3304 3364/4620/3306 3361/4617/3303
f 3187/4351/3135 3363/4619/3305 3186/4350/3134
f 3186/4350/3134 3363/4619/3305 3364/4620/3306
f 3365/4621/3307 3366/4622/3308 3367/4623/3309
f 3366/4622/3308 3365/4621/3307 3368/4624/3310
f 3368/4624/3310 3369/4625/3311 3366/4622/3308
f 3369/4625/3311 3368/4624/3310 3370/4626/3312
f 3370/4626/3312 3371/4627/3313 3369/4625/3311
f 3371/4627/3313 3370/4626/3312 3372/4628/3314
f 3194/4358/3142 3371/4627/3313 3195/4359/3143
f 3195/4359/3143 3371/4627/3313 3372/4628/3314
f 3373/4629/3315 3374/4630/3316 3375/4631/3317
f 3374/4630/3316 3373/4629/3315 3376/4632/3318
f 3377/4633/3319 3376/4632/3318 3373/4629/3315
f 3376/4632/3318 3377/4633/3319 3378/4634/3320
f 3379/4635/3321 3378/4634/3320 3377/4633/3319
f 3378/4634/3320 3379/4635/3321 3380/4636/3322
f 3202/4366/3150 3380/4636/3322 3379/4635/3321
f 3380/4636/3322 3202/4366/3150 3203/4367/3151
f 3374/4637/3316 3381/4638/3323 3382/4639/3324
f 3374/4637/3316 3376/4640/3318 3381/4638/3323
f 3376/4640/3318 3383/4641/3325 3384/4642/3326
f 3383/4641/3325 3376/4640/3318 3378/4643/3320
f 3378/4643/3320 3385/4644/3327 3383/4641/3325
f 3385/4644/3327 3378/4643/3320 3380/4645/3322
f 3208/4375/3156 3385/4644/3327 3203/4376/3151
f 3203/4376/3151 3385/4644/3327 3380/4645/3322
f 3360/4646/3302 3386/4647/3328 3359/4648/3301
f 3386/4647/3328 3360/4646/3302 3387/4649/3329
f 3388/4650/3330 3186/4381/3134 3364/4651/3306
f 3186/4381/3134 3388/4650/3330 3210/4379/3158
f 3362/4652/3304 3388/4650/3330 3364/4651/3306
f 3388/4650/3330 3362/4652/3304 3389/4653/3331
f 3359/4648/3301 3389/4653/3331 3362/4652/3304
f 3389/4653/3331 3359/4648/3301 3386/4647/3328
f 3358/4614/3300 3357/4613/3299 3390/4654/3332
f 3358/4614/3300 3390/4654/3332 3391/4655/3333
f 3357/4613/3299 3361/4617/3303 3392/4656/3334
f 3357/4613/3299 3392/4656/3334 3390/4654/3332
f 3363/4619/3305 3392/4656/3334 3361/4617/3303
f 3392/4656/3334 3363/4619/3305 3393/4657/3335
f 3187/4351/3135 3393/4657/3335 3363/4619/3305
f 3393/4657/3335 3187/4351/3135 3216/4388/3164
f 3367/4623/3309 3394/4658/3336 3395/4659/3309
f 3394/4658/3336 3367/4623/3309 3366/4622/3308
f 3366/4622/3308 3396/4660/3311 3394/4658/3336
f 3396/4660/3311 3366/4622/3308 3369/4625/3311
f 3369/4625/3311 3397/4661/3337 3396/4660/3311
f 3397/4661/3337 3369/4625/3311 3371/4627/3313
f 3194/4358/3142 3397/4661/3337 3371/4627/3313
f 3397/4661/3337 3194/4358/3142 3220/4392/3142
f 3395/4659/3309 3373/4662/3315 3375/4663/3317
f 3373/4662/3315 3395/4659/3309 3394/4658/3336
f 3394/4658/3336 3377/4664/3319 3373/4662/3315
f 3377/4664/3319 3394/4658/3336 3396/4660/3311
f 3396/4660/3311 3379/4665/3321 3377/4664/3319
f 3379/4665/3321 3396/4660/3311 3397/4661/3337
f 3220/4392/3142 3379/4665/3321 3397/4661/3337
f 3379/4665/3321 3220/4392/3142 3202/4396/3150
f 3391/4655/3333 3390/4654/3332 3368/4666/3310
f 3391/4655/3333 3368/4666/3310 3365/4667/3307
f 3392/4656/3334 3368/4666/3310 3390/4654/3332
f 3368/4666/3310 3392/4656/3334 3370/4668/3312
f 3392/4656/3334 3393/4657/3335 3372/4669/3314
f 3392/4656/3334 3372/4669/3314 3370/4668/3312
f 3216/4388/3164 3372/4669/3314 3393/4657/3335
f 3372/4669/3314 3216/4388/3164 3195/4400/3143
f 3398/4670/3338 3399/4671/3339 3400/4672/3340
f 3399/4673/3339 3398/4674/3338 3401/4675/3341
f 3401/4675/3341 3402/4676/3342 3403/4677/3343
f 3402/4676/3342 3401/4675/3341 3404/4678/3344
f 3405/4679/3345 3403/4677/3343 3402/4676/3342
f 3405/4679/3345 3230/4412/3174 3229/4411/3173
f 3229/4411/3173 3403/4677/3343 3405/4679/3345
f 3399/4671/3339 3406/4680/3346 3407/4681/3347
f 3406/4680/3346 3399/4671/3339 3408/4682/3348
f 3401/4683/3341 3409/4684/3349 3410/4685/3350
f 3401/4683/3341 3403/4686/3343 3409/4684/3349
f 3229/4421/3173 3409/4684/3349 3403/4686/3343
f 3409/4684/3349 3229/4421/3173 3236/4420/3180
f 3384/4642/3326 3411/4687/3351 3412/4688/3352
f 3411/4687/3351 3384/4642/3326 3383/4641/3325
f 3383/4641/3325 3413/4689/3353 3411/4687/3351
f 3413/4689/3353 3383/4641/3325 3385/4644/3327
f 3208/4375/3156 3413/4689/3353 3385/4644/3327
f 3413/4689/3353 3208/4375/3156 3240/4425/3184
f 3414/4690/3354 3415/4691/3355 3416/4692/3356
f 3415/4691/3355 3414/4690/3354 3417/4693/3357
f 3243/4430/3187 3414/4690/3354 3416/4692/3356
f 3414/4690/3354 3243/4430/3187 3244/4431/3188
f 3417/4694/3357 3418/4695/3358 3419/4696/3359
f 3418/4695/3358 3417/4694/3357 3414/4697/3354
f 3246/4433/3190 3418/4695/3358 3244/4434/3188
f 3244/4434/3188 3418/4695/3358 3414/4697/3354
f 3420/4698/3360 3247/4435/3191 3421/4699/3361
f 3420/4698/3360 3248/4436/3192 3247/4435/3191
f 3249/4437/3193 3421/4700/3361 3247/4438/3191
f 3421/4700/3361 3249/4437/3193 3422/4701/3362
f 3249/4439/3193 3423/4702/3363 3422/4703/3362
f 3418/4695/3358 3420/4698/3360 3419/4696/3359
f 3246/4433/3190 3248/4436/3192 3418/4695/3358
s 9
f 3424/4704/3364 3425/4705/3365 3426/4706/3364
f 3425/4705/3365 3424/4704/3364 3427/4707/3365
s 10
f 3428/4708/3366 3429/4709/3367 3430/4710/3368
f 3430/4711/3368 3255/4445/3198 3254/4444/3197
f 3430/4711/3368 3254/4444/3197 3431/4712/3369
s 8
f 3418/4695/3358 3248/4436/3192 3420/4698/3360
f 3432/4713/3370 3433/4714/3371 3434/4715/3372
f 3257/4448/3200 3416/4716/3356 3435/4717/3373
f 3416/4716/3356 3257/4448/3200 3243/4450/3187
f 3260/4452/3203 3436/4718/3374 3437/4719/3375
f 3257/4454/3200 3436/4718/3374 3260/4452/3203
f 3260/4452/3203 3438/4720/3376 3263/4456/3206
f 3260/4452/3203 3437/4719/3375 3438/4720/3376
f 3437/4719/3375 3439/4721/3377 3438/4720/3376
f 3440/4722/3378 3441/4723/3379 3442/4724/3380
f 3442/4724/3380 3439/4721/3377 3440/4722/3378
f 3439/4721/3377 3442/4724/3380 3438/4720/3376
f 3435/4717/3373 3416/4716/3356 3443/4725/3381
f 3444/4726/3382 3441/4723/3379 3440/4722/3378
f 3441/4723/3379 3444/4726/3382 3445/4727/3383
f 3444/4726/3382 3439/4721/3377 3446/4728/3384
f 3439/4721/3377 3444/4726/3382 3440/4722/3378
f 3447/4729/3385 3446/4728/3384 3439/4721/3377
f 3439/4721/3377 3437/4719/3375 3447/4729/3385
f 3448/4730/3386 3447/4729/3385 3437/4719/3375
f 3437/4719/3375 3436/4718/3374 3448/4730/3386
f 3449/4731/3387 3448/4732/3386 3436/4733/3374
f 3436/4733/3374 3435/4717/3373 3449/4731/3387
f 3443/4725/3381 3449/4731/3387 3435/4717/3373
f 3449/4731/3387 3443/4725/3381 3450/4734/3388
f 3451/4735/3389 3450/4736/3388 3452/4737/3390
f 3452/4737/3390 3450/4736/3388 3443/4738/3381
f 3451/4735/3389 3415/4691/3355 3453/4739/3391
f 3415/4691/3355 3451/4735/3389 3452/4737/3390
f 3444/4740/3382 3454/4741/3392 3445/4742/3383
f 3455/4743/3393 3454/4741/3392 3444/4740/3382
f 3444/4740/3382 3446/4744/3384 3455/4743/3393
f 3456/4745/3394 3455/4743/3393 3446/4744/3384
f 3446/4744/3384 3447/4746/3385 3456/4745/3394
f 3457/4747/3395 3456/4745/3394 3447/4746/3385
f 3457/4747/3395 3447/4746/3385 3448/4748/3386
f 3448/4748/3386 3458/4749/3396 3457/4747/3395
f 3458/4750/3396 3448/4751/3386 3449/4752/3387
f 3449/4752/3387 3450/4753/3388 3458/4750/3396
f 3458/4750/3396 3450/4753/3388 3459/4754/3397
f 3451/4735/3389 3453/4739/3391 3434/4715/3372
f 3432/4713/3370 3434/4715/3372 3453/4739/3391
f 3434/4715/3372 3459/4755/3397 3451/4735/3389
f 3459/4755/3397 3450/4736/3388 3451/4735/3389
f 3458/4750/3396 3459/4754/3397 3433/4756/3371
f 3433/4714/3371 3459/4755/3397 3434/4715/3372
f 3435/4717/3373 3436/4733/3374 3257/4448/3200
f 3416/4716/3356 3415/4757/3355 3452/4758/3390
f 3416/4716/3356 3452/4758/3390 3443/4725/3381
f 3460/4759/3398 3461/4760/3399 3462/4761/3400
f 3460/4759/3398 3462/4761/3400 3463/4762/3401
f 3464/4763/3402 3465/4764/3403 3466/4765/3404
f 3465/4764/3403 3464/4763/3402 3467/4766/3405
f 3468/4767/3406 3469/4768/3407 3470/4769/3408
f 3469/4768/3407 3468/4767/3406 3471/4770/3409
f 3471/4770/3409 3291/4503/3234 3469/4768/3407
f 3291/4503/3234 3471/4770/3409 3290/4502/3233
f 3467/4766/3405 3470/4771/3408 3465/4764/3403
f 3470/4771/3408 3467/4766/3405 3468/4772/3406
f 3472/4773/3410 3466/4765/3404 3473/4774/3411
f 3466/4765/3404 3472/4773/3410 3464/4763/3402
f 3474/4775/3412 3473/4774/3411 3475/4776/3413
f 3473/4774/3411 3474/4775/3412 3472/4773/3410
f 3476/4777/3414 3474/4775/3412 3475/4776/3413
f 3475/4776/3413 3477/4778/3415 3476/4777/3414
s 17
f 3478/4779/3416 3479/4780/3417 3480/4781/3418
f 3480/4781/3418 3481/4782/3419 3478/4779/3416
f 3482/4783/3420 3478/4784/3416 3481/4785/3419
f 3481/4785/3419 3483/4786/3421 3482/4783/3420
f 3479/4780/3417 3484/4787/3422 3485/4788/3423
f 3485/4788/3423 3480/4781/3418 3479/4780/3417
f 3486/4789/3424 3485/4788/3423 3487/4790/3425
f 3487/4790/3425 3485/4788/3423 3484/4787/3422
f 3486/4789/3424 3488/4791/3426 3489/4792/3427
f 3489/4793/3427 3490/4794/3428 3486/4795/3424
s 8
f 3491/4796/3429 3492/4797/3430 3493/4798/3431
f 3493/4798/3431 3494/4799/3432 3491/4796/3429
f 3495/4800/3433 3496/4801/3434 3497/4802/3435
f 3497/4802/3435 3496/4801/3434 3498/4803/3436
f 3491/4796/3429 3494/4799/3432 3498/4803/3436
f 3494/4799/3432 3497/4802/3435 3498/4803/3436
f 3320/4536/3263 3319/4535/3262 3495/4804/3433
f 3496/4805/3434 3495/4804/3433 3319/4535/3262
f 3492/4797/3430 3499/4806/3437 3500/4807/3438
f 3500/4807/3438 3493/4798/3431 3492/4797/3430
f 3500/4807/3438 3501/4808/3439 3502/4809/3440
f 3501/4808/3439 3500/4807/3438 3499/4806/3437
s 17
f 3480/4810/3418 3503/4811/3441 3481/4812/3419
f 3503/4811/3441 3480/4810/3418 3504/4813/3442
f 3479/4814/3417 3505/4815/3443 3506/4816/3444
f 3479/4814/3417 3478/4817/3416 3505/4815/3443
f 3483/4818/3421 3507/4819/3445 3482/4820/3420
f 3481/4812/3419 3503/4811/3441 3483/4821/3421
f 3508/4822/3446 3482/4823/3420 3509/4824/3447
f 3478/4784/3416 3482/4783/3420 3508/4825/3446
f 3332/4556/3275 3507/4826/3445 3333/4558/3276
f 3507/4826/3445 3332/4556/3275 3482/4827/3420
f 3332/4828/3275 3509/4829/3447 3482/4830/3420
f 3478/4817/3416 3508/4831/3446 3505/4815/3443
f 3485/4832/3423 3504/4813/3442 3480/4810/3418
f 3504/4813/3442 3485/4832/3423 3510/4833/3448
f 3506/4816/3444 3484/4834/3422 3479/4814/3417
f 3484/4834/3422 3506/4816/3444 3511/4835/3449
f 3490/4794/3428 3485/4832/3423 3486/4795/3424
f 3485/4832/3423 3490/4794/3428 3510/4833/3448
f 3487/4790/3425 3484/4787/3422 3512/4836/3450
f 3512/4836/3450 3484/4787/3422 3511/4837/3449
s 8
f 3406/4680/3346 3502/4809/3440 3501/4808/3439
s 17
f 3513/4838/3451 3487/4790/3425 3512/4836/3450
f 3514/4839/3452 3487/4790/3425 3513/4838/3451
f 3486/4789/3424 3514/4839/3452 3488/4791/3426
f 3514/4839/3452 3486/4789/3424 3487/4790/3425
s 8
f 3515/4840/3453 3476/4777/3414 3477/4778/3415
f 3477/4778/3415 3516/4841/3454 3515/4840/3453
f 3516/4842/3454 3384/4642/3326 3515/4843/3453
f 3407/4681/3347 3517/4844/3455 3400/4672/3340
f 3518/4845/3456 3461/4760/3399 3519/4846/3457
f 3404/4847/3344 3398/4848/3338 3412/4688/3352
f 3412/4688/3352 3402/4849/3342 3404/4847/3344
f 3402/4849/3342 3412/4688/3352 3411/4687/3351
f 3411/4687/3351 3405/4850/3345 3402/4849/3342
f 3405/4850/3345 3411/4687/3351 3413/4689/3353
f 3230/4578/3174 3405/4850/3345 3240/4425/3184
f 3240/4425/3184 3405/4850/3345 3413/4689/3353
f 3520/4851/3458 3406/4680/3346 3408/4682/3348
f 3399/4852/3339 3410/4853/3350 3408/4854/3348
f 3410/4685/3350 3399/4855/3339 3401/4683/3341
f 3408/4682/3348 3521/4856/3459 3520/4851/3458
f 3376/4640/3318 3384/4642/3326 3381/4638/3323
f 3461/4760/3399 3518/4845/3456 3516/4857/3454
f 3384/4858/3326 3516/4857/3454 3518/4845/3456
f 3462/4761/3400 3461/4760/3399 3477/4859/3415
f 3516/4857/3454 3477/4859/3415 3461/4760/3399
f 3477/4859/3415 3475/4860/3413 3462/4761/3400
f 3462/4761/3400 3475/4860/3413 3522/4861/3460
f 3473/4862/3411 3522/4861/3460 3475/4860/3413
f 3522/4861/3460 3473/4862/3411 3523/4863/3461
f 3524/4864/3462 3523/4863/3461 3473/4862/3411
f 3473/4862/3411 3466/4865/3404 3524/4864/3462
f 3525/4866/3463 3524/4864/3462 3466/4865/3404
f 3466/4865/3404 3465/4867/3403 3525/4866/3463
f 3465/4867/3403 3442/4724/3380 3525/4866/3463
f 3442/4724/3380 3465/4867/3403 3470/4868/3408
f 3438/4720/3376 3442/4724/3380 3470/4868/3408
f 3470/4868/3408 3469/4869/3407 3438/4720/3376
f 3263/4456/3206 3469/4869/3407 3291/4592/3234
f 3263/4456/3206 3438/4720/3376 3469/4869/3407
f 3515/4843/3453 3412/4688/3352 3398/4848/3338
f 3412/4688/3352 3515/4843/3453 3384/4642/3326
f 3398/4670/3338 3476/4777/3414 3515/4840/3453
f 3476/4777/3414 3398/4670/3338 3400/4672/3340
f 3476/4777/3414 3400/4672/3340 3517/4844/3455
f 3476/4777/3414 3517/4844/3455 3526/4870/3464
f 3474/4775/3412 3476/4777/3414 3526/4870/3464
f 3474/4775/3412 3526/4870/3464 3527/4871/3465
f 3472/4773/3410 3474/4775/3412 3527/4871/3465
f 3527/4871/3465 3528/4872/3466 3472/4773/3410
f 3464/4763/3402 3472/4773/3410 3528/4872/3466
f 3528/4872/3466 3529/4873/3467 3464/4763/3402
f 3467/4766/3405 3464/4763/3402 3529/4873/3467
f 3529/4873/3467 3530/4874/3468 3467/4766/3405
f 3468/4772/3406 3467/4766/3405 3530/4874/3468
f 3530/4874/3468 3531/4875/3469 3468/4772/3406
f 3468/4767/3406 3531/4876/3469 3471/4770/3409
f 3531/4876/3469 3532/4877/3470 3471/4770/3409
f 3471/4770/3409 3532/4877/3470 3290/4502/3233
f 3532/4877/3470 3352/4601/3295 3290/4502/3233
f 3406/4680/3346 3520/4851/3458 3502/4809/3440
f 3398/4674/3338 3404/4678/3344 3401/4675/3341
f 3399/4671/3339 3407/4681/3347 3400/4672/3340
f 3408/4878/3348 3410/4879/3350 3521/4880/3459
f 3382/4881/3324 3518/4845/3456 3519/4846/3457
f 3382/4881/3324 3381/4882/3323 3518/4845/3456
f 3518/4845/3456 3381/4882/3323 3384/4858/3326
f 3441/4723/3379 3525/4866/3463 3442/4724/3380
f 3524/4864/3462 3533/4883/3471 3523/4863/3461
f 3533/4883/3471 3524/4864/3462 3534/4884/3472
f 3432/4713/3370 3535/4885/3473 3433/4714/3371
f 3455/4743/3393 3456/4745/3394 3433/4886/3371
f 3433/4886/3371 3456/4745/3394 3457/4747/3395
f 3433/4886/3371 3457/4747/3395 3458/4749/3396
f 3454/4741/3392 3455/4743/3393 3433/4886/3371
f 3423/4702/3363 3536/4887/3474 3422/4703/3362
s 9
f 3353/4608/3296 3424/4704/3364 3426/4706/3364
f 3424/4704/3364 3353/4608/3296 3354/4609/3296
s 8
f 3249/4439/3193 3355/4610/3297 3423/4702/3363
s 10
f 3429/4709/3367 3255/4611/3198 3430/4710/3368
f 3429/4709/3367 3356/4612/3298 3255/4611/3198
s 8
f 3534/4884/3472 3524/4864/3462 3525/4866/3463
f 3534/4884/3472 3525/4866/3463 3537/4888/3475
f 3360/4616/3302 3538/4889/3476 3539/4890/3477
f 3538/4889/3476 3360/4616/3302 3358/4614/3300
f 3539/4890/3477 3540/4891/3478 3541/4892/3479
f 3540/4891/3478 3539/4890/3477 3538/4889/3476
f 3542/4893/3480 3541/4892/3479 3540/4891/3478
f 3542/4893/3480 3540/4891/3478 3543/4894/3481
f 3543/4894/3481 3544/4895/3482 3542/4893/3480
f 3544/4895/3482 3543/4894/3481 3545/4896/3483
f 3546/4897/3484 3367/4623/3309 3547/4898/3485
f 3367/4623/3309 3546/4897/3484 3365/4621/3307
f 3548/4899/3486 3547/4898/3485 3549/4900/3487
f 3547/4898/3485 3548/4899/3486 3546/4897/3484
f 3550/4901/3488 3549/4900/3487 3551/4902/3489
f 3549/4900/3487 3550/4901/3488 3548/4899/3486
f 3552/4903/3490 3551/4902/3489 3553/4904/3491
f 3551/4902/3489 3552/4903/3490 3550/4901/3488
f 3374/4630/3316 3554/4905/3492 3375/4631/3317
f 3554/4905/3492 3374/4630/3316 3555/4906/3493
f 3555/4906/3493 3556/4907/3494 3554/4905/3492
f 3556/4907/3494 3555/4906/3493 3557/4908/3495
f 3557/4908/3495 3558/4909/3496 3556/4907/3494
f 3559/4910/3497 3556/4907/3494 3558/4909/3496
f 3558/4909/3496 3560/4911/3498 3559/4910/3497
f 3560/4911/3498 3558/4909/3496 3561/4912/3499
f 3555/4913/3493 3374/4637/3316 3562/4914/3500
f 3382/4639/3324 3562/4914/3500 3374/4637/3316
f 3557/4915/3495 3563/4916/3501 3564/4917/3502
f 3563/4916/3501 3557/4915/3495 3555/4913/3493
f 3558/4918/3496 3564/4917/3502 3565/4919/3503
f 3564/4917/3502 3558/4918/3496 3557/4915/3495
f 3561/4920/3499 3565/4919/3503 3566/4921/3504
f 3565/4919/3503 3561/4920/3499 3558/4918/3496
f 3567/4922/3505 3360/4646/3302 3539/4923/3477
f 3360/4646/3302 3567/4922/3505 3387/4649/3329
f 3568/4924/3506 3569/4925/3507 3544/4926/3482
f 3544/4926/3482 3569/4925/3507 3542/4927/3480
f 3569/4925/3507 3570/4928/3508 3542/4927/3480
f 3542/4927/3480 3570/4928/3508 3541/4929/3479
f 3570/4928/3508 3567/4922/3505 3541/4929/3479
f 3541/4929/3479 3567/4922/3505 3539/4923/3477
f 3538/4889/3476 3358/4614/3300 3571/4930/3509
f 3358/4614/3300 3391/4655/3333 3571/4930/3509
f 3540/4891/3478 3538/4889/3476 3572/4931/3510
f 3538/4889/3476 3571/4930/3509 3572/4931/3510
f 3543/4894/3481 3572/4931/3510 3573/4932/3511
f 3572/4931/3510 3543/4894/3481 3540/4891/3478
f 3545/4896/3483 3573/4932/3511 3574/4933/3512
f 3573/4932/3511 3545/4896/3483 3543/4894/3481
f 3547/4898/3485 3395/4659/3309 3575/4934/3485
f 3395/4659/3309 3547/4898/3485 3367/4623/3309
f 3549/4900/3487 3575/4934/3485 3576/4935/3487
f 3575/4934/3485 3549/4900/3487 3547/4898/3485
f 3551/4902/3489 3576/4935/3487 3577/4936/3489
f 3576/4935/3487 3551/4902/3489 3549/4900/3487
f 3553/4904/3491 3577/4936/3489 3578/4937/3491
f 3577/4936/3489 3553/4904/3491 3551/4902/3489
f 3575/4934/3485 3375/4663/3317 3554/4938/3492
f 3375/4663/3317 3575/4934/3485 3395/4659/3309
f 3576/4935/3487 3554/4938/3492 3556/4939/3494
f 3554/4938/3492 3576/4935/3487 3575/4934/3485
f 3577/4936/3489 3556/4939/3494 3559/4940/3497
f 3556/4939/3494 3577/4936/3489 3576/4935/3487
f 3578/4937/3491 3559/4940/3497 3560/4941/3498
f 3559/4940/3497 3578/4937/3491 3577/4936/3489
f 3365/4667/3307 3546/4942/3484 3391/4655/3333
f 3571/4930/3509 3391/4655/3333 3546/4942/3484
f 3546/4942/3484 3548/4943/3486 3571/4930/3509
f 3572/4931/3510 3571/4930/3509 3548/4943/3486
f 3548/4943/3486 3550/4944/3488 3572/4931/3510
f 3573/4932/3511 3572/4931/3510 3550/4944/3488
f 3550/4944/3488 3574/4933/3512 3573/4932/3511
f 3574/4933/3512 3550/4944/3488 3552/4945/3490
f 3579/4946/3513 3580/4947/3514 3581/4948/3515
f 3580/4947/3514 3579/4946/3513 3582/4949/3516
f 3580/4950/3514 3583/4951/3517 3584/4952/3518
f 3583/4951/3517 3580/4950/3514 3585/4953/3519
f 3586/4954/3520 3583/4951/3517 3585/4953/3519
f 3587/4955/3521 3586/4954/3520 3588/4956/3522
f 3586/4954/3520 3585/4953/3519 3588/4956/3522
f 3589/4957/3523 3590/4958/3524 3582/4949/3516
f 3582/4949/3516 3590/4958/3524 3591/4959/3525
f 3585/4960/3519 3592/4961/3526 3593/4962/3527
f 3592/4961/3526 3585/4960/3519 3580/4947/3514
f 3588/4963/3522 3593/4964/3527 3594/4965/3528
f 3593/4966/3527 3588/4956/3522 3585/4953/3519
f 3564/4917/3502 3595/4967/3529 3596/4968/3530
f 3595/4967/3529 3564/4917/3502 3563/4916/3501
f 3565/4919/3503 3596/4968/3530 3597/4969/3531
f 3596/4968/3530 3565/4919/3503 3564/4917/3502
f 3566/4921/3504 3597/4969/3531 3598/4970/3532
f 3597/4969/3531 3566/4921/3504 3565/4919/3503
f 3417/4693/3357 3599/4971/3533 3415/4691/3355
f 3600/4972/3534 3415/4691/3355 3599/4971/3533
f 3599/4971/3533 3601/4973/3535 3600/4972/3534
f 3601/4973/3535 3599/4971/3533 3602/4974/3536
f 3599/4975/3533 3419/4696/3359 3603/4976/3537
f 3419/4696/3359 3599/4975/3533 3417/4694/3357
f 3602/4977/3536 3603/4976/3537 3604/4978/3538
f 3603/4976/3537 3602/4977/3536 3599/4975/3533
f 3605/4979/3539 3421/4699/3361 3606/4980/3540
f 3421/4699/3361 3605/4979/3539 3420/4698/3360
f 3421/4700/3361 3607/4981/3541 3606/4982/3540
f 3607/4981/3541 3421/4700/3361 3422/4701/3362
f 3607/4983/3541 3422/4984/3362 3608/4985/3542
f 3603/4976/3537 3419/4696/3359 3420/4698/3360
f 3604/4978/3538 3603/4976/3537 3605/4979/3539
s 9
f 3609/4986/3543 3425/4705/3365 3610/4987/3543
f 3425/4705/3365 3427/4707/3365 3610/4987/3543
s 10
f 3428/4708/3366 3430/4710/3368 3611/4988/3544
f 3431/4712/3369 3612/4989/3545 3430/4711/3368
f 3613/4990/3546 3430/4711/3368 3612/4989/3545
s 8
f 3603/4976/3537 3420/4698/3360 3605/4979/3539
f 3432/4713/3370 3614/4991/3547 3535/4885/3473
f 3615/4992/3548 3600/4972/3534 3601/4973/3535
f 3600/4972/3534 3615/4992/3548 3616/4993/3549
f 3617/4994/3550 3615/4992/3548 3618/4995/3551
f 3618/4995/3551 3619/4996/3552 3617/4994/3550
f 3620/4997/3553 3618/4995/3551 3621/4998/3554
f 3619/4996/3552 3618/4995/3551 3620/4997/3553
f 3619/4996/3552 3620/4997/3553 3622/4999/3555
f 3623/5000/3556 3624/5001/3557 3441/4723/3379
f 3622/4999/3555 3624/5001/3557 3623/5000/3556
f 3624/5001/3557 3622/4999/3555 3620/4997/3553
f 3616/4993/3549 3625/5002/3558 3600/4972/3534
f 3445/4727/3383 3626/5003/3559 3441/4723/3379
f 3623/5000/3556 3441/4723/3379 3626/5003/3559
f 3622/4999/3555 3626/5003/3559 3627/5004/3560
f 3626/5003/3559 3622/4999/3555 3623/5000/3556
f 3628/5005/3561 3622/4999/3555 3627/5004/3560
f 3622/4999/3555 3628/5005/3561 3619/4996/3552
f 3628/5005/3561 3629/5006/3562 3619/4996/3552
f 3619/4996/3552 3629/5006/3562 3617/4994/3550
f 3629/5006/3562 3630/5007/3563 3617/4994/3550
f 3616/4993/3549 3617/4994/3550 3630/5007/3563
f 3630/5007/3563 3625/5002/3558 3616/4993/3549
f 3625/5002/3558 3630/5007/3563 3631/5008/3564
f 3632/5009/3565 3631/5008/3564 3633/5010/3566
f 3631/5008/3564 3632/5009/3565 3625/5002/3558
f 3415/4691/3355 3633/5010/3566 3453/4739/3391
f 3633/5010/3566 3415/4691/3355 3632/5009/3565
f 3626/5003/3559 3454/5011/3392 3634/5012/3567
f 3626/5003/3559 3445/4727/3383 3454/5011/3392
f 3627/5013/3560 3634/5014/3567 3635/5015/3568
f 3627/5013/3560 3626/5016/3559 3634/5014/3567
f 3635/5015/3568 3636/5017/3569 3628/5018/3561
f 3635/5015/3568 3628/5018/3561 3627/5013/3560
f 3636/5017/3569 3629/5019/3562 3628/5018/3561
f 3629/5019/3562 3637/5020/3570 3630/5021/3563
f 3637/5020/3570 3629/5019/3562 3636/5017/3569
f 3631/5022/3564 3630/5021/3563 3637/5020/3570
f 3631/5022/3564 3637/5020/3570 3638/5023/3571
f 3453/4739/3391 3614/4991/3547 3432/4713/3370
f 3614/4991/3547 3453/4739/3391 3633/5010/3566
f 3638/5024/3571 3614/4991/3547 3633/5010/3566
f 3633/5010/3566 3631/5008/3564 3638/5024/3571
f 3637/5020/3570 3535/5025/3473 3638/5023/3571
f 3535/4885/3473 3614/4991/3547 3638/5024/3571
f 3616/4993/3549 3615/4992/3548 3617/4994/3550
f 3600/5026/3534 3632/5027/3565 3415/5028/3355
f 3600/5026/3534 3625/5029/3558 3632/5027/3565
f 3639/5030/3572 3523/4863/3461 3533/4883/3471
f 3523/4863/3461 3639/5030/3572 3522/4861/3460
f 3640/5031/3573 3641/5032/3574 3642/5033/3575
f 3642/5033/3575 3641/5032/3574 3643/5034/3576
f 3644/5035/3577 3645/5036/3578 3646/5037/3579
f 3646/5037/3579 3645/5036/3578 3647/5038/3580
f 3648/5039/3581 3644/5035/3577 3649/5040/3582
f 3649/5040/3582 3644/5035/3577 3646/5037/3579
f 3645/5036/3578 3640/5031/3573 3647/5038/3580
f 3647/5038/3580 3640/5031/3573 3642/5033/3575
f 3643/5034/3576 3650/5041/3583 3651/5042/3584
f 3650/5041/3583 3643/5034/3576 3641/5032/3574
f 3650/5041/3583 3652/5043/3585 3651/5042/3584
f 3651/5042/3584 3652/5043/3585 3653/5044/3586
f 3652/5043/3585 3654/5045/3587 3653/5044/3586
f 3653/5044/3586 3654/5045/3587 3655/5046/3588
s 18
f 3656/5047/3589 3657/5048/3590 3658/5049/3591
f 3658/5049/3591 3657/5048/3590 3659/5050/3592
f 3656/5047/3589 3660/5051/3593 3661/5052/3594
f 3660/5051/3593 3656/5047/3589 3658/5049/3591
f 3662/5053/3595 3659/5050/3592 3657/5048/3590
f 3659/5050/3592 3662/5053/3595 3663/5054/3596
f 3662/5053/3595 3664/5055/3597 3663/5054/3596
f 3664/5055/3597 3662/5053/3595 3665/5056/3598
f 3666/5057/3599 3667/5058/3600 3665/5059/3598
f 3665/5060/3598 3667/5061/3600 3668/5062/3601
s 8
f 3669/5063/3602 3670/5064/3603 3671/5065/3604
f 3671/5065/3604 3670/5064/3603 3672/5066/3605
f 3673/5067/3606 3674/5068/3607 3675/5069/3608
f 3673/5067/3606 3675/5069/3608 3676/5070/3609
f 3675/5069/3608 3669/5063/3602 3676/5070/3609
f 3676/5070/3609 3669/5063/3602 3671/5065/3604
f 3677/5071/3610 3678/5072/3611 3674/5068/3607
f 3677/5071/3610 3674/5068/3607 3673/5067/3606
f 3670/5064/3603 3679/5073/3612 3672/5066/3605
f 3672/5066/3605 3679/5073/3612 3680/5074/3613
f 3679/5073/3612 3681/5075/3614 3680/5074/3613
f 3681/5075/3614 3679/5073/3612 3682/5076/3615
s 18
f 3657/5077/3590 3683/5078/3616 3684/5079/3617
f 3683/5078/3616 3657/5077/3590 3656/5080/3589
f 3685/5081/3618 3686/5082/3619 3659/5083/3592
f 3658/5084/3591 3659/5083/3592 3686/5082/3619
f 3661/5052/3594 3660/5051/3593 3687/5085/3620
f 3656/5080/3589 3661/5086/3594 3683/5078/3616
f 3688/5087/3621 3660/5088/3593 3658/5084/3591
f 3660/5088/3593 3688/5087/3621 3689/5089/3622
f 3690/5090/3623 3687/5091/3620 3660/5088/3593
f 3687/5091/3620 3690/5090/3623 3691/5092/3624
f 3690/5090/3623 3660/5088/3593 3689/5089/3622
f 3658/5084/3591 3686/5082/3619 3688/5087/3621
f 3662/5093/3595 3684/5079/3617 3692/5094/3625
f 3684/5079/3617 3662/5093/3595 3657/5077/3590
f 3693/5095/3626 3685/5081/3618 3663/5096/3596
f 3663/5096/3596 3685/5081/3618 3659/5083/3592
f 3666/5057/3599 3662/5093/3595 3692/5094/3625
f 3662/5093/3595 3666/5057/3599 3665/5059/3598
f 3693/5095/3626 3664/5097/3597 3694/5098/3627
f 3664/5097/3597 3693/5095/3626 3663/5096/3596
s 8
f 3590/5099/3524 3681/5075/3614 3682/5076/3615
s 18
f 3695/5100/3628 3694/5098/3627 3664/5097/3597
f 3664/5101/3597 3696/5102/3629 3695/5103/3628
f 3665/5060/3598 3696/5102/3629 3664/5101/3597
f 3696/5102/3629 3665/5060/3598 3668/5062/3601
s 8
f 3654/5104/3587 3697/5105/3630 3655/5106/3588
f 3697/5105/3630 3698/5107/3631 3655/5106/3588
f 3698/5107/3631 3697/5105/3630 3563/4916/3501
f 3589/5108/3523 3579/5109/3513 3699/5110/3632
f 3700/5111/3633 3519/4846/3457 3460/4759/3398
f 3584/5112/3518 3595/4967/3529 3581/4948/3515
f 3596/4968/3530 3584/5112/3518 3583/5113/3517
f 3584/5112/3518 3596/4968/3530 3595/4967/3529
f 3597/4969/3531 3583/5113/3517 3586/5114/3520
f 3583/5113/3517 3597/4969/3531 3596/4968/3530
f 3598/4970/3532 3586/5114/3520 3587/5115/3521
f 3586/5114/3520 3598/4970/3532 3597/4969/3531
f 3701/5116/3634 3591/4959/3525 3590/4958/3524
f 3582/4949/3516 3592/4961/3526 3580/4947/3514
f 3592/4961/3526 3582/4949/3516 3591/4959/3525
f 3591/4959/3525 3701/5116/3634 3702/5117/3635
f 3555/4913/3493 3562/4914/3500 3563/4916/3501
f 3698/5118/3631 3563/5119/3501 3700/5111/3633
f 3700/5111/3633 3460/4759/3398 3698/5118/3631
f 3655/5120/3588 3698/5118/3631 3460/4759/3398
f 3460/4759/3398 3463/4762/3401 3655/5120/3588
f 3653/5121/3586 3655/5120/3588 3463/4762/3401
f 3463/4762/3401 3639/5030/3572 3653/5121/3586
f 3651/5122/3584 3653/5121/3586 3639/5030/3572
f 3639/5030/3572 3533/4883/3471 3651/5122/3584
f 3643/5123/3576 3651/5122/3584 3534/4884/3472
f 3533/4883/3471 3534/4884/3472 3651/5122/3584
f 3534/4884/3472 3537/4888/3475 3643/5123/3576
f 3537/4888/3475 3642/5124/3575 3643/5123/3576
f 3642/5124/3575 3624/5001/3557 3647/5125/3580
f 3624/5001/3557 3642/5124/3575 3537/4888/3475
f 3646/5126/3579 3647/5125/3580 3620/4997/3553
f 3624/5001/3557 3620/4997/3553 3647/5125/3580
f 3646/5126/3579 3621/4998/3554 3649/5127/3582
f 3620/4997/3553 3621/4998/3554 3646/5126/3579
f 3595/4967/3529 3697/5105/3630 3581/4948/3515
f 3697/5105/3630 3595/4967/3529 3563/4916/3501
f 3654/5104/3587 3579/4946/3513 3581/4948/3515
f 3654/5104/3587 3581/4948/3515 3697/5105/3630
f 3654/5045/3587 3699/5110/3632 3579/5109/3513
f 3654/5045/3587 3703/5128/3636 3699/5110/3632
f 3704/5129/3637 3703/5128/3636 3652/5043/3585
f 3654/5045/3587 3652/5043/3585 3703/5128/3636
f 3705/5130/3638 3704/5129/3637 3650/5041/3583
f 3650/5041/3583 3704/5129/3637 3652/5043/3585
f 3706/5131/3639 3705/5130/3638 3641/5032/3574
f 3641/5032/3574 3705/5130/3638 3650/5041/3583
f 3707/5132/3640 3706/5131/3639 3640/5031/3573
f 3640/5031/3573 3706/5131/3639 3641/5032/3574
f 3708/5133/3641 3707/5132/3640 3645/5036/3578
f 3645/5036/3578 3707/5132/3640 3640/5031/3573
f 3709/5134/3642 3708/5133/3641 3644/5035/3577
f 3644/5035/3577 3708/5133/3641 3645/5036/3578
f 3710/5135/3643 3709/5134/3642 3648/5039/3581
f 3648/5039/3581 3709/5134/3642 3644/5035/3577
f 3590/5099/3524 3682/5076/3615 3701/5136/3634
f 3581/4948/3515 3580/4947/3514 3584/5112/3518
f 3582/4949/3516 3579/4946/3513 3589/4957/3523
f 3591/4959/3525 3702/5117/3635 3592/4961/3526
f 3700/5111/3633 3382/4881/3324 3519/4846/3457
f 3562/5137/3500 3382/4881/3324 3700/5111/3633
f 3700/5111/3633 3563/5119/3501 3562/5137/3500
f 3441/4723/3379 3624/5001/3557 3537/4888/3475
f 3463/4762/3401 3462/4761/3400 3639/5030/3572
f 3462/4761/3400 3522/4861/3460 3639/5030/3572
f 3441/4723/3379 3537/4888/3475 3525/4866/3463
f 3634/5014/3567 3535/5025/3473 3635/5015/3568
f 3635/5015/3568 3535/5025/3473 3636/5017/3569
f 3636/5017/3569 3535/5025/3473 3637/5020/3570
f 3454/5011/3392 3535/4885/3473 3634/5012/3567
f 3608/5138/3542 3422/5139/3362 3536/5140/3474
s 9
f 3711/5141/3644 3610/4987/3543 3712/5142/3644
f 3610/4987/3543 3711/5141/3644 3609/4986/3543
s 8
f 3607/5143/3541 3608/5144/3542 3713/5145/3645
s 10
f 3611/4988/3544 3430/4710/3368 3613/5146/3546
f 3611/4988/3544 3613/5146/3546 3714/5147/3646
s 8
f 3519/4846/3457 3461/4760/3399 3460/4759/3398
f 3454/5011/3392 3433/4714/3371 3535/4885/3473
f 3715/5148/3647 3716/5149/3648 3717/5150/3649
f 3716/5149/3648 3715/5148/3647 3718/5151/3650
f 3718/5151/3650 3719/5152/3651 3716/5149/3648
f 3716/5149/3648 3719/5152/3651 3720/5153/3652
f 3719/5152/3651 3721/5154/3653 3720/5153/3652
f 3721/5154/3653 3719/5152/3651 3722/5155/3654
f 3545/4896/3483 3721/5154/3653 3544/4895/3482
f 3722/5155/3654 3544/4895/3482 3721/5154/3653
f 3723/5156/3655 3724/5157/3656 3725/5158/3657
f 3725/5158/3657 3724/5157/3656 3726/5159/3658
f 3724/5157/3656 3727/5160/3659 3726/5159/3658
f 3726/5159/3658 3727/5160/3659 3728/5161/3660
f 3727/5160/3659 3729/5162/3661 3728/5161/3660
f 3729/5162/3661 3727/5160/3659 3730/5163/3662
f 3730/5163/3662 3553/5164/3491 3729/5162/3661
f 3553/5164/3491 3730/5163/3662 3552/5165/3490
f 3731/5166/3663 3732/5167/3664 3733/5168/3665
f 3732/5167/3664 3731/5166/3663 3734/5169/3666
f 3733/5168/3665 3735/5170/3667 3736/5171/3668
f 3735/5170/3667 3733/5168/3665 3732/5167/3664
f 3737/5172/3669 3736/5171/3668 3735/5170/3667
f 3735/5170/3667 3738/5173/3670 3737/5172/3669
f 3737/5172/3669 3560/4911/3498 3561/4912/3499
f 3560/4911/3498 3737/5172/3669 3738/5173/3670
f 3731/5174/3663 3739/5175/3671 3740/5176/3672
f 3731/5174/3663 3733/5177/3665 3739/5175/3671
f 3733/5177/3665 3741/5178/3673 3742/5179/3674
f 3741/5178/3673 3733/5177/3665 3736/5180/3668
f 3736/5180/3668 3743/5181/3675 3741/5178/3673
f 3743/5181/3675 3736/5180/3668 3737/5182/3669
f 3737/5182/3669 3566/5183/3504 3743/5181/3675
f 3566/5183/3504 3737/5182/3669 3561/5184/3499
f 3715/5185/3647 3744/5186/3676 3718/5187/3650
f 3744/5186/3676 3715/5185/3647 3745/5188/3677
f 3746/5189/3678 3544/5190/3482 3722/5191/3654
f 3544/5190/3482 3746/5189/3678 3568/5192/3506
f 3719/5193/3651 3746/5189/3678 3722/5191/3654
f 3746/5189/3678 3719/5193/3651 3747/5194/3679
f 3744/5186/3676 3719/5193/3651 3718/5187/3650
f 3719/5193/3651 3744/5186/3676 3747/5194/3679
f 3717/5150/3649 3748/5195/3680 3749/5196/3681
f 3748/5195/3680 3717/5150/3649 3716/5149/3648
f 3748/5195/3680 3720/5153/3652 3750/5197/3682
f 3720/5153/3652 3748/5195/3680 3716/5149/3648
f 3720/5153/3652 3751/5198/3683 3750/5197/3682
f 3751/5198/3683 3720/5153/3652 3721/5154/3653
f 3751/5198/3683 3545/4896/3483 3574/4933/3512
f 3545/4896/3483 3751/5198/3683 3721/5154/3653
f 3752/5199/3684 3726/5159/3658 3753/5200/3658
f 3726/5159/3658 3752/5199/3684 3725/5158/3657
f 3753/5200/3658 3728/5161/3660 3754/5201/3685
f 3728/5161/3660 3753/5200/3658 3726/5159/3658
f 3728/5161/3660 3755/5202/3661 3754/5201/3685
f 3755/5202/3661 3728/5161/3660 3729/5162/3661
f 3729/5162/3661 3578/5203/3491 3755/5202/3661
f 3578/5203/3491 3729/5162/3661 3553/5164/3491
f 3734/5204/3666 3753/5200/3658 3732/5205/3664
f 3753/5200/3658 3734/5204/3666 3752/5199/3684
f 3732/5205/3664 3754/5201/3685 3735/5206/3667
f 3754/5201/3685 3732/5205/3664 3753/5200/3658
f 3754/5201/3685 3738/5207/3670 3735/5206/3667
f 3738/5207/3670 3754/5201/3685 3755/5202/3661
f 3755/5202/3661 3560/5208/3498 3738/5207/3670
f 3560/5208/3498 3755/5202/3661 3578/5203/3491
f 3749/5196/3681 3724/5209/3656 3723/5210/3655
f 3724/5209/3656 3749/5196/3681 3748/5195/3680
f 3748/5195/3680 3727/5211/3659 3724/5209/3656
f 3727/5211/3659 3748/5195/3680 3750/5197/3682
f 3730/5212/3662 3750/5197/3682 3751/5198/3683
f 3750/5197/3682 3730/5212/3662 3727/5211/3659
f 3574/4933/3512 3730/5212/3662 3751/5198/3683
f 3730/5212/3662 3574/4933/3512 3552/4945/3490
f 3756/5213/3686 3757/5214/3687 3758/5215/3688
f 3757/5214/3687 3756/5213/3686 3759/5216/3689
f 3756/5217/3686 3760/5218/3690 3761/5219/3691
f 3760/5218/3690 3756/5217/3686 3762/5220/3692
f 3763/5221/3693 3761/5219/3691 3760/5218/3690
f 3588/4956/3522 3761/5219/3691 3763/5221/3693
f 3588/4956/3522 3763/5221/3693 3587/4955/3521
f 3764/5222/3694 3765/5223/3695 3759/5216/3689
f 3764/5222/3694 3759/5216/3689 3766/5224/3696
f 3767/5225/3697 3761/5226/3691 3768/5227/3698
f 3761/5226/3691 3767/5225/3697 3756/5213/3686
f 3761/5228/3691 3594/5229/3528 3768/5230/3698
f 3594/5231/3528 3761/5232/3691 3588/5233/3522
f 3742/5179/3674 3769/5234/3699 3770/5235/3700
f 3769/5234/3699 3742/5179/3674 3741/5178/3673
f 3741/5178/3673 3771/5236/3701 3769/5234/3699
f 3771/5236/3701 3741/5178/3673 3743/5181/3675
f 3743/5181/3675 3598/5237/3532 3771/5236/3701
f 3598/5237/3532 3743/5181/3675 3566/5183/3504
f 3772/5238/3702 3773/5239/3703 3774/5240/3704
f 3774/5240/3704 3775/5241/3705 3772/5238/3702
f 3772/5238/3702 3601/4973/3535 3602/4974/3536
f 3601/4973/3535 3772/5238/3702 3775/5241/3705
f 3773/5242/3703 3772/5243/3702 3776/5244/3706
f 3776/5244/3706 3772/5243/3702 3777/5245/3707
f 3772/5243/3702 3604/5246/3538 3777/5245/3707
f 3604/5246/3538 3772/5243/3702 3602/5247/3536
f 3778/5248/3708 3606/5249/3540 3779/5250/3709
f 3606/5249/3540 3778/5248/3708 3605/5251/3539
f 3779/5252/3709 3607/4981/3541 3780/5253/3710
f 3607/4981/3541 3779/5252/3709 3606/4982/3540
f 3607/5254/3541 3781/5255/3711 3780/5256/3710
f 3777/5245/3707 3778/5248/3708 3776/5244/3706
f 3604/5246/3538 3605/5251/3539 3777/5245/3707
s 9
f 3782/5257/3712 3783/5258/3712 3784/5259/3713
f 3783/5258/3712 3785/5260/3713 3784/5259/3713
s 10
f 3786/5261/3714 3787/5262/3715 3788/5263/3716
f 3788/5264/3716 3612/4989/3545 3789/5265/3717
f 3612/4989/3545 3788/5264/3716 3613/4990/3546
s 8
f 3777/5245/3707 3605/5251/3539 3778/5248/3708
f 3790/5266/3718 3791/5267/3719 3792/5268/3720
f 3793/5269/3721 3601/4973/3535 3775/5241/3705
f 3601/4973/3535 3793/5269/3721 3615/4992/3548
f 3794/5270/3722 3618/4995/3551 3795/5271/3723
f 3795/5271/3723 3618/4995/3551 3615/4992/3548
f 3618/4995/3551 3794/5270/3722 3796/5272/3724
f 3796/5272/3724 3621/4998/3554 3618/4995/3551
f 3794/5270/3722 3797/5273/3725 3796/5272/3724
f 3798/5274/3726 3799/5275/3727 3800/5276/3728
f 3797/5273/3725 3800/5276/3728 3796/5272/3724
f 3800/5276/3728 3797/5273/3725 3798/5274/3726
f 3793/5269/3721 3775/5241/3705 3801/5277/3729
f 3802/5278/3730 3803/5279/3731 3799/5275/3727
f 3799/5275/3727 3798/5274/3726 3802/5278/3730
f 3804/5280/3732 3802/5278/3730 3797/5273/3725
f 3798/5274/3726 3797/5273/3725 3802/5278/3730
f 3797/5273/3725 3805/5281/3733 3804/5280/3732
f 3805/5281/3733 3797/5273/3725 3794/5270/3722
f 3806/5282/3734 3805/5281/3733 3794/5270/3722
f 3806/5282/3734 3794/5270/3722 3795/5271/3723
f 3807/5283/3735 3806/5282/3734 3795/5271/3723
f 3807/5283/3735 3795/5271/3723 3793/5269/3721
f 3807/5283/3735 3801/5277/3729 3808/5284/3736
f 3801/5277/3729 3807/5283/3735 3793/5269/3721
f 3809/5285/3737 3808/5284/3736 3810/5286/3738
f 3801/5277/3729 3810/5286/3738 3808/5284/3736
f 3811/5287/3739 3809/5285/3737 3774/5240/3704
f 3810/5286/3738 3774/5240/3704 3809/5285/3737
f 3803/5279/3731 3802/5278/3730 3812/5288/3740
f 3812/5288/3740 3802/5278/3730 3813/5289/3741
f 3802/5290/3730 3804/5291/3732 3813/5292/3741
f 3813/5292/3741 3804/5291/3732 3814/5293/3742
f 3804/5291/3732 3805/5294/3733 3814/5293/3742
f 3815/5295/3743 3814/5293/3742 3805/5294/3733
f 3815/5295/3743 3805/5294/3733 3806/5296/3734
f 3806/5296/3734 3816/5297/3744 3815/5295/3743
f 3816/5297/3744 3806/5296/3734 3807/5298/3735
f 3807/5298/3735 3808/5299/3736 3816/5297/3744
f 3816/5297/3744 3808/5299/3736 3817/5300/3745
f 3790/5266/3718 3792/5268/3720 3811/5287/3739
f 3811/5287/3739 3792/5268/3720 3809/5285/3737
f 3809/5285/3737 3817/5301/3745 3808/5284/3736
f 3817/5301/3745 3809/5285/3737 3792/5268/3720
f 3816/5297/3744 3817/5300/3745 3791/5302/3719
f 3791/5267/3719 3817/5301/3745 3792/5268/3720
f 3793/5269/3721 3795/5271/3723 3615/4992/3548
f 3775/5303/3705 3774/5304/3704 3810/5305/3738
f 3775/5303/3705 3810/5305/3738 3801/5306/3729
f 3818/5307/3746 3819/5308/3747 3820/5309/3748
f 3819/5308/3747 3818/5307/3746 3821/5310/3749
f 3822/5311/3750 3823/5312/3751 3824/5313/3752
f 3823/5312/3751 3822/5311/3750 3825/5314/3753
f 3826/5315/3754 3827/5316/3755 3828/5317/3756
f 3827/5316/3755 3826/5315/3754 3829/5318/3757
f 3829/5318/3757 3649/5319/3582 3827/5316/3755
f 3649/5319/3582 3829/5318/3757 3648/5320/3581
f 3825/5314/3753 3828/5317/3756 3823/5312/3751
f 3828/5317/3756 3825/5314/3753 3826/5315/3754
f 3830/5321/3758 3824/5313/3752 3831/5322/3759
f 3824/5313/3752 3830/5321/3758 3822/5311/3750
f 3832/5323/3760 3831/5322/3759 3833/5324/3761
f 3831/5322/3759 3832/5323/3760 3830/5321/3758
f 3834/5325/3762 3833/5324/3761 3835/5326/3763
f 3833/5324/3761 3834/5325/3762 3832/5323/3760
s 18
f 3836/5327/3764 3837/5328/3765 3838/5329/3766
f 3838/5329/3766 3839/5330/3767 3836/5327/3764
f 3840/5331/3768 3836/5327/3764 3839/5330/3767
f 3839/5330/3767 3841/5332/3769 3840/5331/3768
f 3837/5328/3765 3842/5333/3770 3843/5334/3771
f 3843/5334/3771 3838/5329/3766 3837/5328/3765
f 3844/5335/3772 3843/5334/3771 3845/5336/3773
f 3845/5336/3773 3843/5334/3771 3842/5333/3770
f 3844/5337/3772 3846/5338/3774 3847/5339/3775
f 3844/5340/3772 3847/5341/3775 3848/5342/3776
s 8
f 3849/5343/3777 3850/5344/3778 3851/5345/3779
f 3851/5345/3779 3852/5346/3780 3849/5343/3777
f 3853/5347/3781 3854/5348/3782 3855/5349/3783
f 3855/5349/3783 3854/5348/3782 3856/5350/3784
f 3849/5343/3777 3852/5346/3780 3856/5350/3784
f 3852/5346/3780 3855/5349/3783 3856/5350/3784
f 3678/5351/3611 3677/5352/3610 3853/5347/3781
f 3854/5348/3782 3853/5347/3781 3677/5352/3610
f 3850/5344/3778 3857/5353/3785 3858/5354/3786
f 3858/5354/3786 3851/5345/3779 3850/5344/3778
f 3858/5354/3786 3859/5355/3787 3860/5356/3788
f 3859/5355/3787 3858/5354/3786 3857/5353/3785
s 18
f 3838/5357/3766 3861/5358/3789 3839/5359/3767
f 3861/5358/3789 3838/5357/3766 3862/5360/3790
f 3837/5361/3765 3836/5362/3764 3863/5363/3791
f 3863/5363/3791 3864/5364/3792 3837/5361/3765
f 3841/5332/3769 3865/5365/3793 3840/5331/3768
f 3839/5359/3767 3861/5358/3789 3841/5366/3769
f 3840/5367/3768 3866/5368/3794 3836/5362/3764
f 3866/5368/3794 3840/5367/3768 3867/5369/3795
f 3865/5370/3793 3690/5090/3623 3840/5367/3768
f 3690/5090/3623 3865/5370/3793 3691/5092/3624
f 3690/5090/3623 3867/5369/3795 3840/5367/3768
f 3836/5362/3764 3866/5368/3794 3863/5363/3791
f 3843/5371/3771 3862/5360/3790 3838/5357/3766
f 3862/5360/3790 3843/5371/3771 3868/5372/3796
f 3842/5373/3770 3837/5361/3765 3864/5364/3792
f 3864/5364/3792 3869/5374/3797 3842/5373/3770
f 3843/5371/3771 3848/5342/3776 3868/5372/3796
f 3848/5342/3776 3843/5371/3771 3844/5340/3772
f 3845/5375/3773 3869/5374/3797 3870/5376/3798
f 3869/5374/3797 3845/5375/3773 3842/5373/3770
s 8
f 3764/5377/3694 3860/5356/3788 3859/5355/3787
s 18
f 3871/5378/3799 3845/5379/3773 3872/5380/3800
f 3845/5375/3773 3870/5376/3798 3872/5381/3800
f 3871/5378/3799 3844/5337/3772 3845/5379/3773
f 3844/5337/3772 3871/5378/3799 3846/5338/3774
s 8
f 3873/5382/3801 3835/5383/3763 3874/5384/3802
f 3835/5383/3763 3873/5382/3801 3834/5385/3762
f 3874/5384/3802 3742/5179/3674 3873/5382/3801
f 3765/5386/3695 3875/5387/3803 3757/5388/3687
f 3876/5389/3804 3819/5308/3747 3877/5390/3805
f 3762/5391/3692 3758/5215/3688 3770/5235/3700
f 3770/5235/3700 3769/5234/3699 3762/5391/3692
f 3762/5391/3692 3769/5234/3699 3760/5392/3690
f 3769/5234/3699 3763/5393/3693 3760/5392/3690
f 3763/5393/3693 3769/5234/3699 3771/5236/3701
f 3771/5236/3701 3587/5394/3521 3763/5393/3693
f 3587/5394/3521 3771/5236/3701 3598/5237/3532
f 3878/5395/3806 3764/5222/3694 3766/5224/3696
f 3766/5224/3696 3759/5216/3689 3756/5213/3686
f 3756/5213/3686 3767/5225/3697 3766/5224/3696
f 3766/5224/3696 3879/5396/3807 3878/5395/3806
f 3733/5177/3665 3742/5179/3674 3739/5175/3671
f 3819/5308/3747 3876/5389/3804 3874/5397/3802
f 3742/5398/3674 3874/5397/3802 3876/5389/3804
f 3874/5397/3802 3835/5399/3763 3819/5308/3747
f 3820/5309/3748 3819/5308/3747 3835/5399/3763
f 3835/5399/3763 3833/5400/3761 3820/5309/3748
f 3880/5401/3808 3820/5309/3748 3833/5400/3761
f 3833/5400/3761 3831/5402/3759 3880/5401/3808
f 3881/5403/3809 3880/5401/3808 3831/5402/3759
f 3882/5404/3810 3881/5403/3809 3831/5402/3759
f 3882/5404/3810 3831/5402/3759 3824/5405/3752
f 3883/5406/3811 3882/5404/3810 3824/5405/3752
f 3883/5406/3811 3824/5405/3752 3823/5407/3751
f 3823/5407/3751 3800/5276/3728 3883/5406/3811
f 3800/5276/3728 3823/5407/3751 3828/5408/3756
f 3796/5272/3724 3828/5408/3756 3827/5409/3755
f 3828/5408/3756 3796/5272/3724 3800/5276/3728
f 3621/4998/3554 3796/5272/3724 3827/5409/3755
f 3827/5409/3755 3649/5127/3582 3621/4998/3554
f 3873/5382/3801 3770/5235/3700 3758/5215/3688
f 3770/5235/3700 3873/5382/3801 3742/5179/3674
f 3757/5214/3687 3834/5385/3762 3758/5215/3688
f 3873/5382/3801 3758/5215/3688 3834/5385/3762
f 3834/5325/3762 3757/5388/3687 3875/5387/3803
f 3834/5325/3762 3875/5387/3803 3884/5410/3812
f 3832/5323/3760 3834/5325/3762 3884/5410/3812
f 3884/5410/3812 3885/5411/3813 3832/5323/3760
f 3830/5321/3758 3832/5323/3760 3885/5411/3813
f 3885/5411/3813 3886/5412/3814 3830/5321/3758
f 3822/5311/3750 3830/5321/3758 3886/5412/3814
f 3886/5412/3814 3887/5413/3815 3822/5311/3750
f 3825/5314/3753 3822/5311/3750 3887/5413/3815
f 3887/5413/3815 3888/5414/3816 3825/5314/3753
f 3826/5315/3754 3825/5314/3753 3888/5414/3816
f 3888/5414/3816 3889/5415/3817 3826/5315/3754
f 3826/5315/3754 3889/5415/3817 3829/5318/3757
f 3889/5415/3817 3890/5416/3818 3829/5318/3757
f 3829/5318/3757 3890/5416/3818 3648/5320/3581
f 3890/5416/3818 3710/5417/3643 3648/5320/3581
f 3764/5377/3694 3878/5418/3806 3860/5356/3788
f 3758/5215/3688 3762/5391/3692 3756/5213/3686
f 3759/5216/3689 3765/5223/3695 3757/5214/3687
f 3766/5224/3696 3767/5225/3697 3879/5396/3807
f 3740/5419/3672 3876/5389/3804 3877/5390/3805
f 3740/5419/3672 3739/5420/3671 3876/5389/3804
f 3876/5389/3804 3739/5420/3671 3742/5398/3674
f 3799/5275/3727 3883/5406/3811 3800/5276/3728
f 3891/5421/3819 3892/5422/3820 3881/5403/3809
f 3891/5421/3819 3881/5403/3809 3882/5404/3810
f 3790/5266/3718 3893/5423/3821 3791/5267/3719
f 3813/5292/3741 3814/5293/3742 3791/5302/3719
f 3791/5302/3719 3814/5293/3742 3815/5295/3743
f 3791/5302/3719 3815/5295/3743 3816/5297/3744
f 3812/5288/3740 3813/5289/3741 3791/5267/3719
f 3781/5255/3711 3894/5424/3822 3780/5256/3710
s 9
f 3784/5259/3713 3711/5141/3644 3712/5142/3644
f 3711/5141/3644 3784/5259/3713 3785/5260/3713
s 8
f 3607/5143/3541 3713/5145/3645 3781/5425/3711
s 10
f 3787/5262/3715 3613/5426/3546 3788/5263/3716
f 3787/5262/3715 3714/5427/3646 3613/5426/3546
s 8
f 3891/5421/3819 3883/5406/3811 3895/5428/3823
f 3883/5406/3811 3891/5421/3819 3882/5404/3810
f 3896/5429/3824 3715/5148/3647 3717/5150/3649
f 3715/5148/3647 3896/5429/3824 3897/5430/3825
f 3898/5431/3826 3896/5429/3824 3899/5432/3827
f 3896/5429/3824 3898/5431/3826 3897/5430/3825
f 3900/5433/3828 3899/5432/3827 3901/5434/3829
f 3899/5432/3827 3900/5433/3828 3898/5431/3826
f 3902/5435/3830 3901/5434/3829 3903/5436/3831
f 3901/5434/3829 3902/5435/3830 3900/5433/3828
f 3904/5437/3832 3723/5156/3655 3725/5158/3657
f 3723/5156/3655 3904/5437/3832 3905/5438/3833
f 3906/5439/3834 3905/5438/3833 3904/5437/3832
f 3905/5438/3833 3906/5439/3834 3907/5440/3835
f 3908/5441/3836 3907/5440/3835 3906/5439/3834
f 3907/5440/3835 3908/5441/3836 3909/5442/3837
f 3910/5443/3838 3909/5442/3837 3908/5441/3836
f 3909/5442/3837 3910/5443/3838 3911/5444/3839
f 3912/5445/3840 3731/5166/3663 3913/5446/3841
f 3731/5166/3663 3912/5445/3840 3734/5169/3666
f 3914/5447/3842 3913/5446/3841 3915/5448/3843
f 3913/5446/3841 3914/5447/3842 3912/5445/3840
f 3916/5449/3844 3914/5447/3842 3917/5450/3845
f 3917/5450/3845 3914/5447/3842 3915/5448/3843
f 3918/5451/3846 3916/5449/3844 3917/5450/3845
f 3916/5449/3844 3918/5451/3846 3919/5452/3847
f 3913/5453/3841 3731/5174/3663 3920/5454/3848
f 3740/5176/3672 3920/5454/3848 3731/5174/3663
f 3921/5455/3849 3913/5453/3841 3922/5456/3850
f 3913/5453/3841 3921/5455/3849 3915/5457/3843
f 3923/5458/3851 3915/5457/3843 3921/5455/3849
f 3915/5457/3843 3923/5458/3851 3917/5459/3845
f 3924/5460/3852 3917/5459/3845 3923/5458/3851
f 3917/5459/3845 3924/5460/3852 3918/5461/3846
f 3925/5462/3853 3715/5185/3647 3897/5463/3825
f 3715/5185/3647 3925/5462/3853 3745/5188/3677
f 3926/5464/3854 3927/5465/3855 3902/5466/3830
f 3902/5466/3830 3927/5465/3855 3900/5467/3828
f 3927/5465/3855 3898/5468/3826 3900/5467/3828
f 3898/5468/3826 3927/5465/3855 3928/5469/3856
f 3928/5469/3856 3925/5462/3853 3898/5468/3826
f 3898/5468/3826 3925/5462/3853 3897/5463/3825
f 3717/5150/3649 3929/5470/3857 3896/5429/3824
f 3929/5470/3857 3717/5150/3649 3749/5196/3681
f 3899/5432/3827 3929/5470/3857 3930/5471/3858
f 3929/5470/3857 3899/5432/3827 3896/5429/3824
f 3899/5432/3827 3931/5472/3859 3901/5434/3829
f 3931/5472/3859 3899/5432/3827 3930/5471/3858
f 3931/5472/3859 3903/5436/3831 3901/5434/3829
f 3903/5436/3831 3931/5472/3859 3932/5473/3860
f 3933/5474/3832 3904/5437/3832 3725/5158/3657
f 3933/5474/3832 3725/5158/3657 3752/5199/3684
f 3934/5475/3834 3906/5439/3834 3904/5437/3832
f 3934/5475/3834 3904/5437/3832 3933/5474/3832
f 3935/5476/3836 3908/5441/3836 3906/5439/3834
f 3935/5476/3836 3906/5439/3834 3934/5475/3834
f 3936/5477/3838 3910/5443/3838 3908/5441/3836
f 3936/5477/3838 3908/5441/3836 3935/5476/3836
f 3933/5474/3832 3752/5199/3684 3912/5478/3840
f 3912/5478/3840 3752/5199/3684 3734/5204/3666
f 3934/5475/3834 3933/5474/3832 3914/5479/3842
f 3914/5479/3842 3933/5474/3832 3912/5478/3840
f 3935/5476/3836 3934/5475/3834 3916/5480/3844
f 3916/5480/3844 3934/5475/3834 3914/5479/3842
f 3936/5477/3838 3935/5476/3836 3919/5481/3847
f 3919/5481/3847 3935/5476/3836 3916/5480/3844
f 3929/5470/3857 3749/5196/3681 3905/5482/3833
f 3905/5482/3833 3749/5196/3681 3723/5210/3655
f 3930/5471/3858 3905/5482/3833 3907/5483/3835
f 3905/5482/3833 3930/5471/3858 3929/5470/3857
f 3909/5484/3837 3930/5471/3858 3907/5483/3835
f 3930/5471/3858 3909/5484/3837 3931/5472/3859
f 3909/5484/3837 3932/5473/3860 3931/5472/3859
f 3932/5473/3860 3909/5484/3837 3911/5485/3839
f 3937/5486/3861 3938/5487/3862 3939/5488/3863
f 3938/5489/3862 3937/5490/3861 3940/5491/3864
f 3939/5488/3863 3941/5492/3865 3942/5493/3866
f 3941/5492/3865 3939/5488/3863 3943/5494/3867
f 3944/5495/3868 3941/5492/3865 3943/5494/3867
f 3943/5494/3867 3945/5496/3869 3944/5495/3868
f 3944/5495/3868 3945/5496/3869 3946/5497/3870
f 3947/5498/3871 3948/5499/3872 3938/5489/3862
f 3949/5500/3873 3938/5489/3862 3948/5499/3872
f 3943/5501/3867 3939/5502/3863 3950/5503/3874
f 3950/5503/3874 3939/5502/3863 3951/5504/3875
f 3945/5505/3869 3943/5501/3867 3952/5506/3876
f 3952/5506/3876 3943/5501/3867 3950/5503/3874
f 3953/5507/3877 3921/5455/3849 3922/5456/3850
f 3953/5507/3877 3922/5456/3850 3954/5508/3878
f 3955/5509/3879 3923/5458/3851 3921/5455/3849
f 3955/5509/3879 3921/5455/3849 3953/5507/3877
f 3956/5510/3880 3924/5460/3852 3923/5458/3851
f 3956/5510/3880 3923/5458/3851 3955/5509/3879
f 3957/5511/3881 3774/5240/3704 3958/5512/3882
f 3958/5512/3882 3774/5240/3704 3773/5239/3703
f 3958/5512/3882 3959/5513/3883 3957/5511/3881
f 3959/5513/3883 3958/5512/3882 3960/5514/3884
f 3961/5515/3885 3773/5242/3703 3776/5244/3706
f 3773/5242/3703 3961/5515/3885 3958/5516/3882
f 3962/5517/3886 3958/5516/3882 3961/5515/3885
f 3958/5516/3882 3962/5517/3886 3960/5518/3884
f 3963/5519/3887 3964/5520/3888 3778/5248/3708
f 3963/5519/3887 3778/5248/3708 3779/5250/3709
f 3965/5521/3889 3779/5252/3709 3780/5253/3710
f 3779/5252/3709 3965/5521/3889 3963/5522/3887
f 3965/5523/3889 3780/5256/3710 3966/5524/3890
f 3961/5515/3885 3776/5244/3706 3778/5248/3708
f 3962/5517/3886 3961/5515/3885 3964/5520/3888
s 9
f 3783/5258/3712 3967/5525/3891 3968/5526/3891
f 3967/5525/3891 3783/5258/3712 3782/5257/3712
s 10
f 3786/5261/3714 3788/5263/3716 3969/5527/3892
f 3788/5264/3716 3970/5528/3893 3971/5529/3894
f 3970/5528/3893 3788/5264/3716 3789/5265/3717
s 8
f 3961/5515/3885 3778/5248/3708 3964/5520/3888
f 3790/5266/3718 3972/5530/3895 3893/5423/3821
f 3973/5531/3896 3974/5532/3897 3959/5533/3883
f 3959/5533/3883 3974/5532/3897 3957/5534/3881
f 3975/5535/3898 3973/5536/3896 3976/5537/3899
f 3976/5537/3899 3977/5538/3900 3975/5535/3898
f 3978/5539/3901 3979/5540/3902 3976/5537/3899
f 3977/5538/3900 3976/5537/3899 3979/5540/3902
f 3977/5538/3900 3979/5540/3902 3980/5541/3903
f 3981/5542/3904 3982/5543/3905 3799/5275/3727
f 3982/5543/3905 3980/5541/3903 3979/5540/3902
f 3980/5541/3903 3982/5543/3905 3981/5542/3904
f 3974/5532/3897 3983/5544/3906 3957/5534/3881
f 3799/5275/3727 3984/5545/3907 3981/5542/3904
f 3984/5545/3907 3799/5275/3727 3803/5279/3731
f 3980/5541/3903 3981/5542/3904 3984/5545/3907
f 3984/5545/3907 3985/5546/3908 3980/5541/3903
f 3985/5546/3908 3986/5547/3909 3980/5541/3903
f 3977/5538/3900 3980/5541/3903 3986/5547/3909
f 3986/5547/3909 3987/5548/3910 3977/5538/3900
f 3975/5535/3898 3977/5538/3900 3987/5548/3910
f 3987/5549/3910 3974/5532/3897 3975/5550/3898
f 3974/5532/3897 3987/5549/3910 3988/5551/3911
f 3983/5544/3906 3988/5551/3911 3989/5552/3912
f 3988/5551/3911 3983/5544/3906 3974/5532/3897
f 3990/5553/3913 3983/5554/3906 3989/5555/3912
f 3989/5555/3912 3991/5556/3914 3990/5553/3913
f 3774/5240/3704 3990/5553/3913 3991/5556/3914
f 3991/5556/3914 3811/5287/3739 3774/5240/3704
f 3992/5557/3915 3803/5558/3731 3812/5559/3740
f 3803/5558/3731 3992/5557/3915 3984/5560/3907
f 3985/5561/3908 3984/5560/3907 3992/5557/3915
f 3992/5557/3915 3993/5562/3916 3985/5561/3908
f 3986/5563/3909 3985/5561/3908 3993/5562/3916
f 3993/5562/3916 3994/5564/3917 3986/5563/3909
f 3994/5564/3917 3987/5549/3910 3986/5563/3909
f 3987/5549/3910 3995/5565/3918 3988/5551/3911
f 3995/5565/3918 3987/5549/3910 3994/5564/3917
f 3989/5566/3912 3988/5567/3911 3995/5568/3918
f 3989/5566/3912 3995/5568/3918 3996/5569/3919
f 3811/5287/3739 3991/5556/3914 3972/5530/3895
f 3972/5530/3895 3790/5266/3718 3811/5287/3739
f 3991/5556/3914 3996/5570/3919 3972/5530/3895
f 3996/5570/3919 3991/5556/3914 3989/5555/3912
f 3995/5568/3918 3893/5571/3821 3996/5569/3919
f 3893/5423/3821 3972/5530/3895 3996/5570/3919
f 3974/5532/3897 3973/5531/3896 3975/5550/3898
f 3957/5534/3881 3990/5572/3913 3774/5573/3704
f 3957/5534/3881 3983/5544/3906 3990/5572/3913
f 3880/5401/3808 3892/5422/3820 3997/5574/3920
f 3892/5422/3820 3880/5401/3808 3881/5403/3809
f 3998/5575/3921 3999/5576/3922 4000/5577/3923
f 4000/5577/3923 3999/5576/3922 4001/5578/3924
f 4002/5579/3925 4003/5580/3926 4004/5581/3927
f 4004/5581/3927 4003/5580/3926 4005/5582/3928
f 4006/5583/3929 4002/5579/3925 4007/5584/3930
f 4007/5584/3930 4002/5579/3925 4004/5581/3927
f 4003/5585/3926 3998/5575/3921 4005/5586/3928
f 4005/5586/3928 3998/5575/3921 4000/5577/3923
f 4001/5578/3924 4008/5587/3931 4009/5588/3932
f 4008/5587/3931 4001/5578/3924 3999/5576/3922
f 4008/5587/3931 4010/5589/3933 4009/5588/3932
f 4009/5588/3932 4010/5589/3933 4011/5590/3934
f 4010/5589/3933 4012/5591/3935 4011/5590/3934
f 4011/5590/3934 4012/5591/3935 4013/5592/3936
s 19
f 4014/5593/3937 4015/5594/3938 4016/5595/3939
f 4016/5595/3939 4015/5594/3938 4017/5596/3940
f 4014/5597/3937 4018/5598/3941 4019/5599/3942
f 4018/5598/3941 4014/5597/3937 4016/5600/3939
f 4020/5601/3943 4017/5596/3940 4015/5594/3938
f 4017/5596/3940 4020/5601/3943 4021/5602/3944
f 4020/5601/3943 4022/5603/3945 4021/5602/3944
f 4022/5603/3945 4020/5601/3943 4023/5604/3946
f 4024/5605/3947 4023/5604/3946 4025/5606/3948
f 4023/5607/3946 4026/5608/3949 4025/5609/3948
s 8
f 4027/5610/3950 4028/5611/3951 4029/5612/3952
f 4029/5612/3952 4028/5611/3951 4030/5613/3953
f 4031/5614/3954 4032/5615/3955 4033/5616/3956
f 4031/5614/3954 4033/5616/3956 4034/5617/3957
f 4033/5616/3956 4027/5610/3950 4034/5617/3957
f 4034/5617/3957 4027/5610/3950 4029/5612/3952
f 4032/5618/3955 4035/5619/3958 4036/5620/3959
f 4035/5619/3958 4032/5618/3955 4031/5621/3954
f 4028/5611/3951 4037/5622/3960 4030/5613/3953
f 4030/5613/3953 4037/5622/3960 4038/5623/3961
f 4037/5622/3960 4039/5624/3962 4038/5623/3961
f 4039/5624/3962 4037/5622/3960 4040/5625/3963
s 19
f 4041/5626/3964 4015/5627/3938 4014/5628/3937
f 4015/5627/3938 4041/5626/3964 4042/5629/3965
f 4043/5630/3966 4017/5631/3940 4044/5632/3967
f 4017/5631/3940 4043/5630/3966 4016/5633/3939
f 4019/5634/3942 4018/5635/3941 4045/5636/3968
f 4014/5628/3937 4019/5637/3942 4041/5626/3964
f 4018/5638/3941 4046/5639/3969 4047/5640/3970
f 4046/5639/3969 4018/5638/3941 4016/5633/3939
f 4045/5641/3968 4048/5642/3971 4049/5643/3972
f 4048/5642/3971 4045/5641/3968 4018/5638/3941
f 4048/5642/3971 4018/5638/3941 4047/5640/3970
f 4016/5633/3939 4043/5630/3966 4046/5639/3969
f 4042/5629/3965 4020/5644/3943 4015/5627/3938
f 4020/5644/3943 4042/5629/3965 4050/5645/3973
f 4044/5632/3967 4021/5646/3944 4051/5647/3974
f 4017/5631/3940 4021/5646/3944 4044/5632/3967
f 4026/5608/3949 4020/5644/3943 4050/5645/3973
f 4020/5644/3943 4026/5608/3949 4023/5607/3946
f 4052/5648/3975 4051/5647/3974 4021/5646/3944
f 4021/5646/3944 4022/5649/3945 4052/5648/3975
s 8
f 3948/5499/3872 4039/5624/3962 4040/5625/3963
s 19
f 4053/5650/3976 4052/5651/3975 4022/5603/3945
f 4022/5603/3945 4054/5652/3977 4053/5650/3976
f 4054/5652/3977 4023/5604/3946 4024/5605/3947
f 4023/5604/3946 4054/5652/3977 4022/5603/3945
s 8
f 4055/5653/3978 4013/5592/3936 4056/5654/3979
f 4056/5654/3979 4013/5592/3936 4012/5591/3935
f 4055/5655/3978 4056/5656/3979 3922/5456/3850
f 3947/5498/3871 3940/5491/3864 4057/5657/3980
f 4058/5658/3981 3877/5390/3805 3821/5310/3749
f 3942/5659/3866 3954/5508/3878 3937/5660/3861
f 3941/5661/3865 3954/5508/3878 3942/5659/3866
f 3954/5508/3878 3941/5661/3865 3953/5507/3877
f 3944/5662/3868 3953/5507/3877 3941/5661/3865
f 3953/5507/3877 3944/5662/3868 3955/5509/3879
f 3946/5663/3870 3955/5509/3879 3944/5662/3868
f 3955/5509/3879 3946/5663/3870 3956/5510/3880
f 4059/5664/3982 3949/5500/3873 3948/5499/3872
f 3939/5665/3863 3949/5666/3873 3951/5667/3875
f 3949/5668/3873 3939/5488/3863 3938/5487/3862
f 3949/5500/3873 4059/5664/3982 4060/5669/3983
f 3913/5453/3841 3920/5454/3848 3922/5456/3850
f 4055/5670/3978 3922/5671/3850 4058/5658/3981
f 4058/5658/3981 3821/5310/3749 4055/5670/3978
f 4013/5672/3936 3821/5310/3749 3818/5307/3746
f 3821/5310/3749 4013/5672/3936 4055/5670/3978
f 4011/5673/3934 4013/5672/3936 3818/5307/3746
f 4011/5673/3934 3818/5307/3746 3997/5574/3920
f 4009/5674/3932 4011/5673/3934 3997/5574/3920
f 4009/5674/3932 3997/5574/3920 3892/5422/3820
f 4009/5674/3932 3891/5421/3819 4001/5675/3924
f 3891/5421/3819 4009/5674/3932 3892/5422/3820
f 4001/5675/3924 3895/5428/3823 4000/5676/3923
f 3895/5428/3823 4001/5675/3924 3891/5421/3819
f 4000/5676/3923 3982/5543/3905 4005/5677/3928
f 3982/5543/3905 4000/5676/3923 3895/5428/3823
f 4005/5677/3928 3979/5540/3902 4004/5678/3927
f 3982/5543/3905 3979/5540/3902 4005/5677/3928
f 4007/5679/3930 4004/5678/3927 3978/5539/3901
f 3979/5540/3902 3978/5539/3901 4004/5678/3927
f 4056/5656/3979 3954/5508/3878 3922/5456/3850
f 3954/5508/3878 4056/5656/3979 3937/5660/3861
f 4056/5654/3979 3940/5491/3864 3937/5490/3861
f 3940/5491/3864 4056/5654/3979 4012/5591/3935
f 4012/5591/3935 4057/5657/3980 3940/5491/3864
f 4012/5591/3935 4061/5680/3984 4057/5657/3980
f 4062/5681/3985 4061/5680/3984 4010/5589/3933
f 4012/5591/3935 4010/5589/3933 4061/5680/3984
f 4063/5682/3986 4062/5681/3985 4008/5587/3931
f 4008/5587/3931 4062/5681/3985 4010/5589/3933
f 4064/5683/3987 4063/5682/3986 3999/5576/3922
f 3999/5576/3922 4063/5682/3986 4008/5587/3931
f 4065/5684/3988 4064/5683/3987 3998/5575/3921
f 3998/5575/3921 4064/5683/3987 3999/5576/3922
f 4066/5685/3989 4065/5684/3988 4003/5585/3926
f 4003/5585/3926 4065/5684/3988 3998/5575/3921
f 4067/5686/3990 4066/5687/3989 4002/5579/3925
f 4002/5579/3925 4066/5687/3989 4003/5580/3926
f 4068/5688/3991 4067/5686/3990 4006/5583/3929
f 4006/5583/3929 4067/5686/3990 4002/5579/3925
f 3948/5499/3872 4040/5625/3963 4059/5664/3982
f 3937/5486/3861 3939/5488/3863 3942/5493/3866
f 3938/5489/3862 3940/5491/3864 3947/5498/3871
f 3949/5689/3873 4060/5690/3983 3951/5691/3875
f 3920/5692/3848 3740/5419/3672 4058/5658/3981
f 3877/5390/3805 4058/5658/3981 3740/5419/3672
f 4058/5658/3981 3922/5671/3850 3920/5692/3848
f 3799/5275/3727 3982/5543/3905 3895/5428/3823
f 3820/5309/3748 3997/5574/3920 3818/5307/3746
f 3997/5574/3920 3820/5309/3748 3880/5401/3808
f 3799/5275/3727 3895/5428/3823 3883/5406/3811
f 3992/5557/3915 3893/5693/3821 3993/5562/3916
f 3994/5564/3917 3893/5693/3821 3995/5565/3918
f 3993/5562/3916 3893/5693/3821 3994/5564/3917
f 3812/5559/3740 3893/5693/3821 3992/5557/3915
f 3966/5524/3890 3780/5256/3710 3894/5424/3822
s 9
f 4069/5694/3992 3967/5525/3891 4070/5695/3992
f 3967/5525/3891 4069/5694/3992 3968/5526/3891
s 8
f 3965/5523/3889 3966/5524/3890 4071/5696/3993
s 10
f 3969/5527/3892 3788/5263/3716 3971/5697/3894
f 3969/5527/3892 3971/5697/3894 4072/5698/3994
s 8
f 3877/5390/3805 3819/5308/3747 3821/5310/3749
f 3812/5288/3740 3791/5267/3719 3893/5423/3821
f 4073/5699/3995 4074/5700/3996 4075/5701/3997
f 4074/5700/3996 4073/5699/3995 4076/5702/3998
f 4077/5703/3999 4075/5701/3997 4078/5704/4000
f 4075/5701/3997 4077/5703/3999 4073/5699/3995
f 4077/5703/3999 4079/5705/4001 4080/5706/4002
f 4079/5705/4001 4077/5703/3999 4078/5704/4000
f 4080/5706/4002 3902/5435/3830 3903/5436/3831
f 3902/5435/3830 4080/5706/4002 4079/5705/4001
f 4081/5707/4003 4082/5708/4004 4083/5709/4005
f 4082/5708/4004 4081/5707/4003 4084/5710/4006
f 4083/5709/4005 4085/5711/4007 4081/5707/4003
f 4081/5707/4003 4085/5711/4007 4086/5712/4008
f 4085/5711/4007 4087/5713/4009 4086/5712/4008
f 4086/5712/4008 4087/5713/4009 4088/5714/4010
f 4087/5713/4009 3911/5444/3839 4088/5714/4010
f 4088/5714/4010 3911/5444/3839 3910/5443/3838
f 4089/5715/4011 4090/5716/4012 4091/5717/4013
f 4090/5716/4012 4089/5715/4011 4092/5718/4014
f 4091/5717/4013 4093/5719/4015 4094/5720/4016
f 4093/5719/4015 4091/5717/4013 4090/5716/4012
f 4095/5721/4017 4094/5720/4016 4093/5719/4015
f 4095/5721/4017 4093/5719/4015 4096/5722/4018
f 4095/5721/4017 3919/5452/3847 3918/5451/3846
f 3919/5452/3847 4095/5721/4017 4096/5722/4018
f 4089/5723/4011 4091/5724/4013 4097/5725/4019
f 4097/5725/4019 4098/5726/4020 4089/5723/4011
f 4091/5724/4013 4094/5727/4016 4099/5728/4021
f 4094/5727/4016 4100/5729/4022 4099/5728/4021
f 4094/5727/4016 4095/5730/4017 4100/5729/4022
f 4100/5729/4022 4095/5730/4017 4101/5731/4023
f 4095/5730/4017 3918/5461/3846 4101/5731/4023
f 4101/5731/4023 3918/5461/3846 3924/5460/3852
f 4074/5732/3996 4102/5733/4024 4075/5734/3997
f 4102/5733/4024 4074/5732/3996 4103/5735/4025
f 4079/5736/4001 3926/5464/3854 3902/5466/3830
f 3926/5464/3854 4079/5736/4001 4104/5737/4026
f 4105/5738/4027 4079/5736/4001 4078/5739/4000
f 4079/5736/4001 4105/5738/4027 4104/5737/4026
f 4102/5733/4024 4078/5739/4000 4075/5734/3997
f 4078/5739/4000 4102/5733/4024 4105/5738/4027
f 4106/5740/4028 4107/5741/4029 4076/5702/3998
f 4106/5740/4028 4076/5702/3998 4073/5699/3995
f 4108/5742/4030 4106/5740/4028 4073/5699/3995
f 4108/5742/4030 4073/5699/3995 4077/5703/3999
f 4108/5742/4030 4080/5706/4002 4109/5743/4031
f 4080/5706/4002 4108/5742/4030 4077/5703/3999
f 4109/5743/4031 3903/5436/3831 3932/5473/3860
f 3903/5436/3831 4109/5743/4031 4080/5706/4002
f 4081/5707/4003 4110/5744/4032 4084/5710/4006
f 4110/5744/4032 4111/5745/4033 4084/5710/4006
f 4110/5744/4032 4086/5712/4008 4112/5746/4008
f 4086/5712/4008 4110/5744/4032 4081/5707/4003
f 4112/5746/4008 4088/5714/4010 4113/5747/4010
f 4088/5714/4010 4112/5746/4008 4086/5712/4008
f 4113/5747/4010 3910/5443/3838 3936/5477/3838
f 3910/5443/3838 4113/5747/4010 4088/5714/4010
f 4111/5745/4033 4110/5744/4032 4090/5748/4012
f 4090/5748/4012 4092/5749/4014 4111/5745/4033
f 4090/5748/4012 4112/5746/4008 4093/5750/4015
f 4112/5746/4008 4090/5748/4012 4110/5744/4032
f 4093/5750/4015 4113/5747/4010 4096/5751/4018
f 4113/5747/4010 4093/5750/4015 4112/5746/4008
f 4096/5751/4018 3936/5477/3838 3919/5481/3847
f 3936/5477/3838 4096/5751/4018 4113/5747/4010
f 4107/5741/4029 4106/5740/4028 4083/5752/4005
f 4083/5752/4005 4082/5753/4004 4107/5741/4029
f 4106/5740/4028 4108/5742/4030 4085/5754/4007
f 4085/5754/4007 4083/5752/4005 4106/5740/4028
f 4087/5755/4009 4085/5754/4007 4108/5742/4030
f 4087/5755/4009 4108/5742/4030 4109/5743/4031
f 4087/5755/4009 3932/5473/3860 3911/5485/3839
f 3932/5473/3860 4087/5755/4009 4109/5743/4031
f 4114/5756/4034 4115/5757/4035 4116/5758/4036
f 4115/5759/4035 4114/5760/4034 4117/5761/4037
f 4114/5762/4034 4118/5763/4038 4119/5764/4039
f 4118/5763/4038 4114/5762/4034 4120/5765/4040
f 4121/5766/4041 4119/5764/4039 4118/5763/4038
f 3945/5496/3869 4119/5764/4039 4121/5766/4041
f 3945/5496/3869 4121/5766/4041 3946/5497/3870
f 4122/5767/4042 4123/5768/4043 4117/5769/4037
f 4123/5768/4043 4124/5770/4044 4117/5769/4037
f 4119/5771/4039 4125/5772/4045 4114/5760/4034
f 4125/5772/4045 4119/5771/4039 4126/5773/4046
f 4126/5773/4046 3945/5505/3869 3952/5506/3876
f 3945/5505/3869 4126/5773/4046 4119/5771/4039
f 4127/5774/4047 4100/5729/4022 4128/5775/4048
f 4100/5729/4022 4127/5774/4047 4099/5728/4021
f 4128/5775/4048 4101/5731/4023 4129/5776/4049
f 4101/5731/4023 4128/5775/4048 4100/5729/4022
f 4129/5776/4049 3924/5460/3852 3956/5510/3880
f 3924/5460/3852 4129/5776/4049 4101/5731/4023
f 4130/5777/4050 4131/5778/4051 4132/5779/4052
f 4131/5780/4051 4130/5781/4050 4133/5782/4053
f 4131/5780/4051 3959/5513/3883 3960/5514/3884
f 3959/5513/3883 4131/5780/4051 4133/5782/4053
f 4132/5779/4052 4131/5778/4051 4134/5783/4054
f 4134/5783/4054 4131/5778/4051 4135/5784/4055
f 4131/5778/4051 3960/5518/3884 4135/5784/4055
f 4135/5784/4055 3960/5518/3884 3962/5517/3886
f 4136/5785/4056 3964/5520/3888 3963/5519/3887
f 3964/5520/3888 4136/5785/4056 4137/5786/4057
f 3965/5521/3889 4136/5787/4056 3963/5522/3887
f 4136/5787/4056 3965/5521/3889 4138/5788/4058
f 3965/5523/3889 4139/5789/4059 4138/5790/4058
f 4135/5784/4055 4137/5786/4057 4134/5783/4054
f 3962/5517/3886 3964/5520/3888 4135/5784/4055
s 9
f 4140/5791/4060 4141/5792/4061 4142/5793/4060
f 4141/5792/4061 4140/5791/4060 4143/5794/4061
s 10
f 4144/5795/4062 4145/5796/4063 4146/5797/4064
f 3970/5528/3893 4147/5798/4065 4146/5799/4064
f 3970/5528/3893 4146/5799/4064 3971/5529/3894
s 8
f 4135/5784/4055 3964/5520/3888 4137/5786/4057
f 4148/5800/4066 4149/5801/4067 4150/5802/4068
f 3973/5531/3896 4133/5803/4053 4151/5804/4069
f 4133/5803/4053 3973/5531/3896 3959/5533/3883
f 4152/5805/4070 3976/5537/3899 4153/5806/4071
f 3973/5536/3896 4153/5806/4071 3976/5537/3899
f 3976/5537/3899 4152/5805/4070 4154/5807/4072
f 3976/5537/3899 4154/5807/4072 3978/5539/3901
f 4152/5805/4070 4155/5808/4073 4154/5807/4072
f 4156/5809/4074 4157/5810/4075 4158/5811/4076
f 4158/5811/4076 4155/5808/4073 4156/5809/4074
f 4155/5808/4073 4158/5811/4076 4154/5807/4072
f 4151/5804/4069 4133/5803/4053 4159/5812/4077
f 4157/5810/4075 4156/5809/4074 4160/5813/4078
f 4157/5810/4075 4160/5813/4078 4161/5814/4079
f 4156/5809/4074 4155/5808/4073 4160/5813/4078
f 4155/5808/4073 4162/5815/4080 4160/5813/4078
f 4155/5808/4073 4152/5805/4070 4163/5816/4081
f 4155/5808/4073 4163/5816/4081 4162/5815/4080
f 4152/5805/4070 4153/5806/4071 4164/5817/4082
f 4152/5805/4070 4164/5817/4082 4163/5816/4081
f 4165/5818/4083 4153/5819/4071 4151/5804/4069
f 4153/5819/4071 4165/5818/4083 4164/5820/4082
f 4165/5818/4083 4159/5812/4077 4166/5821/4084
f 4159/5812/4077 4165/5818/4083 4151/5804/4069
f 4166/5822/4084 4167/5823/4085 4168/5824/4086
f 4159/5825/4077 4167/5823/4085 4166/5822/4084
f 4169/5826/4087 4168/5827/4086 4130/5828/4050
f 4167/5823/4085 4130/5829/4050 4168/5824/4086
f 4161/5830/4079 4160/5831/4078 4170/5832/4088
f 4171/5833/4089 4170/5832/4088 4160/5831/4078
f 4160/5831/4078 4162/5834/4080 4171/5833/4089
f 4172/5835/4090 4171/5833/4089 4162/5834/4080
f 4162/5836/4080 4163/5837/4081 4172/5838/4090
f 4173/5839/4091 4172/5838/4090 4163/5837/4081
f 4173/5839/4091 4163/5837/4081 4164/5840/4082
f 4174/5841/4092 4164/5840/4082 4165/5842/4083
f 4164/5840/4082 4174/5841/4092 4173/5839/4091
f 4175/5843/4093 4174/5841/4092 4166/5844/4084
f 4174/5841/4092 4165/5842/4083 4166/5844/4084
f 4168/5824/4086 4169/5845/4087 4150/5802/4068
f 4150/5802/4068 4169/5845/4087 4148/5800/4066
f 4166/5822/4084 4168/5824/4086 4175/5846/4093
f 4175/5846/4093 4168/5824/4086 4150/5802/4068
f 4174/5841/4092 4175/5843/4093 4149/5847/4067
f 4149/5801/4067 4175/5846/4093 4150/5802/4068
f 4151/5804/4069 4153/5819/4071 3973/5531/3896
f 4133/5803/4053 4130/5848/4050 4167/5849/4085
f 4133/5803/4053 4167/5849/4085 4159/5812/4077
f 4176/5850/4094 4177/5851/4095 4178/5852/4096
f 4177/5851/4095 4176/5850/4094 4179/5853/4097
f 4180/5854/4098 4181/5855/4099 4182/5856/4100
f 4181/5855/4099 4180/5854/4098 4183/5857/4101
f 4184/5858/4102 4185/5859/4103 4186/5860/4104
f 4185/5859/4103 4184/5858/4102 4187/5861/4105
f 4187/5861/4105 4007/5584/3930 4185/5859/4103
f 4007/5584/3930 4187/5861/4105 4006/5583/3929
f 4183/5857/4101 4186/5862/4104 4181/5855/4099
f 4186/5862/4104 4183/5857/4101 4184/5863/4102
f 4188/5864/4106 4182/5856/4100 4189/5865/4107
f 4182/5856/4100 4188/5864/4106 4180/5854/4098
f 4190/5866/4108 4189/5865/4107 4191/5867/4109
f 4189/5865/4107 4190/5866/4108 4188/5864/4106
f 4192/5868/4110 4191/5867/4109 4193/5869/4111
f 4191/5867/4109 4192/5868/4110 4190/5866/4108
s 19
f 4194/5870/4112 4195/5871/4113 4196/5872/4114
f 4195/5871/4113 4197/5873/4115 4196/5872/4114
f 4198/5874/4116 4196/5872/4114 4197/5873/4115
f 4197/5873/4115 4199/5875/4117 4198/5874/4116
f 4194/5870/4112 4200/5876/4118 4201/5877/4119
f 4201/5877/4119 4195/5871/4113 4194/5870/4112
f 4202/5878/4120 4201/5877/4119 4203/5879/4121
f 4203/5879/4121 4201/5877/4119 4200/5876/4118
f 4202/5880/4120 4204/5881/4122 4205/5882/4123
f 4202/5878/4120 4206/5883/4124 4204/5884/4122
s 8
f 4207/5885/4125 4208/5886/4126 4209/5887/4127
f 4209/5887/4127 4210/5888/4128 4207/5885/4125
f 4211/5889/4129 4212/5890/4130 4213/5891/4131
f 4213/5891/4131 4212/5890/4130 4214/5892/4132
f 4207/5885/4125 4210/5888/4128 4214/5892/4132
f 4210/5888/4128 4213/5891/4131 4214/5892/4132
f 4036/5620/3959 4035/5619/3958 4211/5893/4129
f 4212/5894/4130 4211/5893/4129 4035/5619/3958
f 4208/5886/4126 4215/5895/4133 4216/5896/4134
f 4216/5896/4134 4209/5887/4127 4208/5886/4126
f 4216/5896/4134 4217/5897/4135 4218/5898/4136
f 4217/5897/4135 4216/5896/4134 4215/5895/4133
s 19
f 4219/5899/4137 4195/5900/4113 4220/5901/4138
f 4195/5900/4113 4219/5899/4137 4197/5902/4115
f 4221/5903/4139 4222/5904/4140 4194/5905/4112
f 4221/5903/4139 4194/5905/4112 4196/5906/4114
f 4199/5875/4117 4223/5907/4141 4198/5874/4116
f 4197/5902/4115 4219/5899/4137 4199/5908/4117
f 4224/5909/4142 4198/5910/4116 4225/5911/4143
f 4198/5910/4116 4224/5909/4142 4196/5906/4114
f 4048/5642/3971 4223/5912/4141 4049/5643/3972
f 4223/5912/4141 4048/5642/3971 4198/5910/4116
f 4048/5642/3971 4225/5911/4143 4198/5910/4116
f 4196/5906/4114 4224/5909/4142 4221/5903/4139
f 4220/5901/4138 4201/5913/4119 4226/5914/4144
f 4201/5913/4119 4220/5901/4138 4195/5900/4113
f 4200/5915/4118 4194/5905/4112 4222/5904/4140
f 4222/5904/4140 4227/5916/4145 4200/5915/4118
f 4201/5913/4119 4205/5882/4123 4226/5914/4144
f 4205/5882/4123 4201/5913/4119 4202/5880/4120
f 4228/5917/4146 4200/5918/4118 4227/5919/4145
f 4200/5920/4118 4228/5921/4146 4203/5922/4121
s 8
f 4123/5768/4043 4218/5898/4136 4217/5897/4135
s 19
f 4229/5923/4147 4203/5879/4121 4230/5924/4148
f 4203/5922/4121 4228/5921/4146 4230/5925/4148
f 4229/5923/4147 4202/5878/4120 4203/5879/4121
f 4202/5878/4120 4229/5923/4147 4206/5883/4124
s 8
f 4231/5926/4149 4193/5869/4111 4232/5927/4150
f 4193/5869/4111 4231/5926/4149 4192/5868/4110
f 4232/5928/4150 4099/5728/4021 4231/5929/4149
f 4124/5770/4044 4233/5930/4151 4115/5757/4035
f 4234/5931/4152 4176/5850/4094 4235/5932/4153
f 4120/5933/4040 4116/5934/4036 4127/5774/4047
f 4127/5774/4047 4128/5775/4048 4120/5933/4040
f 4118/5935/4038 4120/5933/4040 4128/5775/4048
f 4128/5775/4048 4129/5776/4049 4118/5935/4038
f 4121/5936/4041 4118/5935/4038 4129/5776/4049
f 4129/5776/4049 3956/5510/3880 4121/5936/4041
f 4121/5936/4041 3956/5510/3880 3946/5663/3870
f 4236/5937/4154 4123/5768/4043 4122/5767/4042
f 4125/5772/4045 4117/5761/4037 4114/5760/4034
f 4117/5761/4037 4125/5772/4045 4122/5938/4042
f 4122/5767/4042 4237/5939/4155 4236/5937/4154
f 4091/5724/4013 4099/5728/4021 4097/5725/4019
f 4099/5940/4021 4232/5941/4150 4234/5931/4152
f 4176/5850/4094 4234/5931/4152 4232/5941/4150
f 4232/5941/4150 4193/5942/4111 4176/5850/4094
f 4179/5853/4097 4176/5850/4094 4193/5942/4111
f 4191/5943/4109 4179/5853/4097 4193/5942/4111
f 4238/5944/4156 4179/5853/4097 4191/5943/4109
f 4189/5945/4107 4238/5944/4156 4191/5943/4109
f 4239/5946/4157 4238/5944/4156 4189/5945/4107
f 4240/5947/4158 4189/5945/4107 4182/5948/4100
f 4189/5945/4107 4240/5947/4158 4239/5946/4157
f 4241/5949/4159 4182/5948/4100 4181/5950/4099
f 4182/5948/4100 4241/5949/4159 4240/5947/4158
f 4181/5950/4099 4158/5811/4076 4241/5949/4159
f 4158/5811/4076 4181/5950/4099 4186/5951/4104
f 4154/5807/4072 4158/5811/4076 4186/5951/4104
f 4186/5951/4104 4185/5952/4103 4154/5807/4072
f 3978/5539/3901 4154/5807/4072 4185/5952/4103
f 3978/5539/3901 4185/5952/4103 4007/5679/3930
f 4127/5774/4047 4231/5929/4149 4099/5728/4021
f 4231/5929/4149 4127/5774/4047 4116/5934/4036
f 4115/5757/4035 4192/5868/4110 4116/5758/4036
f 4231/5926/4149 4116/5758/4036 4192/5868/4110
f 4192/5868/4110 4115/5757/4035 4233/5930/4151
f 4192/5868/4110 4233/5930/4151 4242/5953/4160
f 4192/5868/4110 4242/5953/4160 4190/5866/4108
f 4242/5953/4160 4243/5954/4161 4190/5866/4108
f 4188/5864/4106 4190/5866/4108 4243/5954/4161
f 4243/5954/4161 4244/5955/4162 4188/5864/4106
f 4180/5854/4098 4188/5864/4106 4244/5955/4162
f 4244/5955/4162 4245/5956/4163 4180/5854/4098
f 4183/5857/4101 4180/5854/4098 4245/5956/4163
f 4245/5956/4163 4246/5957/4164 4183/5857/4101
f 4184/5863/4102 4183/5857/4101 4246/5957/4164
f 4246/5957/4164 4247/5958/4165 4184/5863/4102
f 4184/5858/4102 4247/5959/4165 4187/5861/4105
f 4247/5959/4165 4248/5960/4166 4187/5861/4105
f 4187/5861/4105 4248/5960/4166 4006/5583/3929
f 4248/5960/4166 4068/5688/3991 4006/5583/3929
f 4123/5768/4043 4236/5937/4154 4218/5898/4136
f 4116/5961/4036 4120/5765/4040 4114/5762/4034
f 4117/5769/4037 4124/5770/4044 4115/5757/4035
f 4122/5938/4042 4125/5772/4045 4237/5962/4155
f 4098/5963/4020 4097/5964/4019 4234/5931/4152
f 4098/5963/4020 4234/5931/4152 4235/5932/4153
f 4234/5931/4152 4097/5964/4019 4099/5940/4021
f 4157/5810/4075 4241/5949/4159 4158/5811/4076
f 4239/5946/4157 4240/5947/4158 4249/5965/4167
f 4239/5946/4157 4249/5965/4167 4250/5966/4168
f 4148/5800/4066 4251/5967/4169 4149/5801/4067
f 4171/5833/4089 4172/5835/4090 4149/5968/4067
f 4149/5969/4067 4173/5970/4091 4174/5971/4092
f 4149/5847/4067 4172/5838/4090 4173/5839/4091
f 4170/5832/4088 4171/5833/4089 4149/5968/4067
f 4139/5789/4059 4252/5972/4170 4138/5790/4058
s 9
f 4141/5792/4061 4069/5694/3992 4070/5695/3992
f 4069/5694/3992 4141/5792/4061 4143/5794/4061
s 8
f 3965/5523/3889 4071/5696/3993 4139/5789/4059
s 10
f 4145/5796/4063 3971/5697/3894 4146/5797/4064
f 4145/5796/4063 4072/5698/3994 3971/5697/3894
s 8
f 4241/5949/4159 4253/5973/4171 4249/5965/4167
f 4241/5949/4159 4249/5965/4167 4240/5947/4158
f 4074/5700/3996 4254/5974/4172 4255/5975/4173
f 4254/5974/4172 4074/5700/3996 4076/5702/3998
f 4255/5975/4173 4256/5976/4174 4257/5977/4175
f 4256/5976/4174 4255/5975/4173 4254/5974/4172
f 4257/5977/4175 4258/5978/4176 4259/5979/4177
f 4258/5978/4176 4257/5977/4175 4256/5976/4174
f 1182/1274/1182 4259/5979/4177 4258/5978/4176
f 4258/5978/4176 1181/1273/1181 1182/1274/1182
f 4260/5980/4178 4082/5708/4004 4084/5710/4006
f 4084/5710/4006 4261/5981/4179 4260/5980/4178
f 4262/5982/4180 4260/5980/4178 4261/5981/4179
f 4261/5981/4179 4263/5983/4181 4262/5982/4180
f 4264/5984/4182 4262/5982/4180 4263/5983/4181
f 4263/5983/4181 4265/5985/4183 4264/5984/4182
f 1192/1286/1192 4264/5984/4182 4265/5985/4183
f 4265/5985/4183 1191/1285/1191 1192/1286/1192
f 4089/5715/4011 4266/5986/4184 4092/5718/4014
f 4266/5986/4184 4089/5715/4011 4267/5987/4185
f 4267/5987/4185 4268/5988/4186 4266/5986/4184
f 4268/5988/4186 4267/5987/4185 4269/5989/4187
f 4270/5990/4188 4268/5988/4186 4269/5989/4187
f 4268/5988/4186 4270/5990/4188 4271/5991/4189
f 4270/5990/4188 1201/1295/1201 4271/5991/4189
f 1201/1295/1201 4270/5990/4188 1202/1296/1202
f 4272/5992/4190 4089/5723/4011 4098/5726/4020
f 4267/5993/4185 4089/5723/4011 4272/5992/4190
f 4269/5994/4187 4267/5993/4185 4273/5995/4191
f 4273/5995/4191 4274/5996/4192 4269/5994/4187
f 4270/5997/4188 4269/5994/4187 4274/5996/4192
f 4274/5996/4192 4275/5998/4193 4270/5997/4188
f 1202/1309/1202 4270/5997/4188 4275/5998/4193
f 4275/5998/4193 1208/1308/1208 1202/1309/1202
f 4276/5999/4194 4074/5732/3996 4255/6000/4173
f 4074/5732/3996 4276/5999/4194 4103/5735/4025
f 4277/6001/4195 1182/1315/1182 1212/1317/1212
f 1182/1315/1182 4277/6001/4195 4259/6002/4177
f 4277/6001/4195 4257/6003/4175 4259/6002/4177
f 4257/6003/4175 4277/6001/4195 4278/6004/4196
f 4278/6004/4196 4276/5999/4194 4257/6003/4175
f 4257/6003/4175 4276/5999/4194 4255/6000/4173
f 4279/6005/4197 4076/5702/3998 4107/5741/4029
f 4076/5702/3998 4279/6005/4197 4254/5974/4172
f 4280/6006/4198 4254/5974/4172 4279/6005/4197
f 4254/5974/4172 4280/6006/4198 4256/5976/4174
f 4280/6006/4198 4258/5978/4176 4256/5976/4174
f 4258/5978/4176 4280/6006/4198 4281/6007/4199
f 4281/6007/4199 1181/1273/1181 4258/5978/4176
f 1181/1273/1181 4281/6007/4199 1218/1326/1218
f 4111/5745/4033 4261/5981/4179 4084/5710/4006
f 4261/5981/4179 4111/5745/4033 4282/6008/4179
f 4282/6008/4179 4263/5983/4181 4261/5981/4179
f 4263/5983/4181 4282/6008/4179 4283/6009/4181
f 4283/6009/4181 4265/5985/4183 4263/5983/4181
f 4265/5985/4183 4283/6009/4181 4284/6010/4183
f 4284/6010/4183 1191/1285/1191 4265/5985/4183
f 1191/1285/1191 4284/6010/4183 1223/1332/1191
f 4092/5749/4014 4282/6008/4179 4111/5745/4033
f 4282/6008/4179 4092/5749/4014 4266/6011/4184
f 4266/6011/4184 4283/6009/4181 4282/6008/4179
f 4283/6009/4181 4266/6011/4184 4268/6012/4186
f 4268/6012/4186 4284/6010/4183 4283/6009/4181
f 4284/6010/4183 4268/6012/4186 4271/6013/4189
f 4271/6013/4189 1223/1332/1191 4284/6010/4183
f 1223/1332/1191 4271/6013/4189 1201/1338/1201
f 4260/6014/4178 4107/5741/4029 4082/5753/4004
f 4107/5741/4029 4260/6014/4178 4279/6005/4197
f 4262/6015/4180 4279/6005/4197 4260/6014/4178
f 4279/6005/4197 4262/6015/4180 4280/6006/4198
f 4264/6016/4182 4280/6006/4198 4262/6015/4180
f 4280/6006/4198 4264/6016/4182 4281/6007/4199
f 4264/6016/4182 1218/1326/1218 4281/6007/4199
f 1218/1326/1218 4264/6016/4182 1192/1343/1192
f 4285/6017/4200 4286/6018/4201 4287/6019/4202
f 4286/6020/4201 4285/6021/4200 4288/6022/4203
f 4285/6023/4200 4289/6024/4204 4290/6025/4205
f 4289/6024/4204 4285/6023/4200 4291/6026/4206
f 4292/6027/4207 4289/6024/4204 4291/6026/4206
f 4291/6026/4206 1233/1354/1229 4292/6027/4207
f 4292/6027/4207 1233/1354/1229 1232/1353/1228
f 4293/6028/4208 4294/6029/4209 4287/6030/4202
f 4293/6028/4208 4287/6030/4202 4295/6031/4210
f 4296/6032/4211 4291/6033/4206 4285/6017/4200
f 4291/6033/4206 4296/6032/4211 4297/6034/4212
f 4297/6034/4212 1233/1362/1229 4291/6033/4206
f 1233/1362/1229 4297/6034/4212 1239/1363/1235
f 4298/6035/4213 4274/5996/4192 4273/5995/4191
f 4274/5996/4192 4298/6035/4213 4299/6036/4214
f 4299/6036/4214 4275/5998/4193 4274/5996/4192
f 4275/5998/4193 4299/6036/4214 4300/6037/4215
f 4300/6037/4215 1208/1308/1208 4275/5998/4193
f 1208/1308/1208 4300/6037/4215 1243/1369/1239
f 4301/6038/4216 4130/5781/4050 4132/6039/4052
f 4130/5781/4050 4301/6038/4216 4302/6040/4217
f 4301/6038/4216 1248/1374/1244 4302/6040/4217
f 1248/1374/1244 4301/6038/4216 1249/1375/1245
f 4301/6041/4216 4132/5779/4052 4134/5783/4054
f 4134/5783/4054 4303/6042/4218 4301/6041/4216
f 1249/1382/1245 4301/6041/4216 4303/6042/4218
f 4303/6042/4218 1252/1380/1248 1249/1382/1245
f 4136/5785/4056 1254/1385/1250 4137/5786/4057
f 1254/1385/1250 4136/5785/4056 1255/1386/1251
f 4136/5787/4056 1257/1388/1253 1255/1390/1251
f 1257/1388/1253 4136/5787/4056 4138/5788/4058
f 1257/6043/1253 4138/5790/4058 4304/6044/4219
f 4303/6042/4218 4134/5783/4054 4137/5786/4057
f 1252/1380/1248 4303/6042/4218 1254/1385/1250
s 9
f 4305/6045/4220 4140/5791/4060 4142/5793/4060
f 4140/5791/4060 4305/6045/4220 4306/6046/4220
s 10
f 4144/5795/4062 4146/5797/4064 4307/6047/4221
f 4147/5798/4065 1267/1404/1261 4146/5799/4064
f 1267/1404/1261 4147/5798/4065 1268/1405/1262
s 8
f 4303/6042/4218 4137/5786/4057 1254/1385/1250
f 4148/5800/4066 4308/6048/4222 4251/5967/4169
f 1274/6049/1268 4302/6050/4217 1248/6051/1244
f 4302/6050/4217 1274/6049/1268 4309/6052/4223
f 4310/6053/4224 1275/1412/1269 4311/6054/4225
f 1275/1412/1269 4310/6053/4224 1274/1411/1268
f 4311/6054/4225 1275/1412/1269 4312/6055/4226
f 4312/6055/4226 1275/1412/1269 1279/1416/1273
f 4311/6054/4225 4312/6055/4226 4313/6056/4227
f 4314/6057/4228 4315/6058/4229 4157/5810/4075
f 4315/6058/4229 4313/6056/4227 4312/6055/4226
f 4313/6056/4227 4315/6058/4229 4314/6057/4228
f 4309/6052/4223 4316/6059/4230 4302/6050/4217
f 4317/6060/4231 4157/5810/4075 4161/5814/4079
f 4314/6057/4228 4157/5810/4075 4317/6060/4231
f 4313/6056/4227 4314/6057/4228 4317/6060/4231
f 4313/6056/4227 4317/6060/4231 4318/6061/4232
f 4311/6054/4225 4313/6056/4227 4319/6062/4233
f 4319/6062/4233 4313/6056/4227 4318/6061/4232
f 4320/6063/4234 4311/6054/4225 4319/6062/4233
f 4310/6053/4224 4311/6054/4225 4320/6063/4234
f 4321/6064/4235 4310/6065/4224 4320/6066/4234
f 4309/6052/4223 4310/6065/4224 4321/6064/4235
f 4321/6067/4235 4316/6068/4230 4309/6069/4223
f 4316/6068/4230 4321/6067/4235 4322/6070/4236
f 4323/6071/4237 4316/6068/4230 4322/6070/4236
f 4323/6071/4237 4322/6070/4236 4324/6072/4238
f 4130/5829/4050 4323/6071/4237 4324/6072/4238
f 4130/5829/4050 4324/6072/4238 4169/5845/4087
f 4317/6073/4231 4161/5830/4079 4170/5832/4088
f 4170/5832/4088 4325/6074/4239 4317/6073/4231
f 4318/6075/4232 4317/6076/4231 4325/6077/4239
f 4325/6077/4239 4326/6078/4240 4318/6075/4232
f 4319/6079/4233 4318/6075/4232 4326/6078/4240
f 4326/6078/4240 4327/6080/4241 4319/6079/4233
f 4327/6080/4241 4320/6081/4234 4319/6079/4233
f 4320/6081/4234 4328/6082/4242 4321/6083/4235
f 4328/6082/4242 4320/6081/4234 4327/6080/4241
f 4322/6084/4236 4328/6082/4242 4329/6085/4243
f 4328/6082/4242 4322/6084/4236 4321/6083/4235
f 4169/5845/4087 4324/6072/4238 4308/6048/4222
f 4169/5845/4087 4308/6048/4222 4148/5800/4066
f 4329/6086/4243 4324/6072/4238 4322/6070/4236
f 4324/6072/4238 4329/6086/4243 4308/6048/4222
f 4328/6082/4242 4251/6087/4169 4329/6085/4243
f 4251/5967/4169 4308/6048/4222 4329/6086/4243
f 4309/6052/4223 1274/6049/1268 4310/6065/4224
f 4302/6050/4217 4323/6088/4237 4130/6089/4050
f 4302/6050/4217 4316/6059/4230 4323/6088/4237
f 4250/5966/4168 4238/5944/4156 4239/5946/4157
f 4238/5944/4156 4250/5966/4168 4330/6090/4244
f 4331/6091/4245 4332/6092/4246 4333/6093/4247
f 4334/6094/4248 4333/6093/4247 4332/6092/4246
f 4335/6095/4249 4336/6096/4250 4337/6097/4251
f 4337/6097/4251 4336/6096/4250 4338/6098/4252
f 1314/6099/1308 4335/6095/4249 1313/6100/1307
f 1313/6100/1307 4335/6095/4249 4337/6097/4251
f 4336/6096/4250 4331/6091/4245 4338/6098/4252
f 4338/6098/4252 4331/6091/4245 4333/6093/4247
f 4334/6094/4248 4339/6101/4253 4340/6102/4254
f 4339/6101/4253 4334/6094/4248 4332/6092/4246
f 4341/6103/4255 4340/6102/4254 4342/6104/4256
f 4342/6104/4256 4340/6102/4254 4339/6101/4253
f 4343/6105/4257 4341/6103/4255 4344/6106/4258
f 4341/6103/4255 4342/6104/4256 4344/6106/4258
s 11
f 4345/6107/4259 4346/6108/4260 4347/6109/4261
f 4347/6109/4261 4346/6108/4260 4348/6110/4262
f 4345/6107/4259 4349/6111/4263 4350/6112/4264
f 4349/6111/4263 4345/6107/4259 4347/6109/4261
f 4351/6113/4265 4348/6110/4262 4352/6114/4266
f 4348/6110/4262 4346/6108/4260 4352/6114/4266
f 4353/6115/4267 4354/6116/4268 4352/6114/4266
f 4354/6116/4268 4351/6113/4265 4352/6114/4266
f 4355/6117/4269 4353/6118/4267 4356/6119/4270
f 4356/6120/4270 4353/6121/4267 4357/6122/4271
s 8
f 4358/6123/4272 4359/6124/4273 4360/6125/4274
f 4361/6126/4275 4360/6125/4274 4359/6124/4273
f 4362/6127/4276 4363/6128/4277 4364/6129/4278
f 4362/6127/4276 4364/6129/4278 4365/6130/4279
f 4358/6123/4272 4360/6125/4274 4365/6130/4279
f 4365/6130/4279 4364/6129/4278 4358/6123/4272
f 1343/1497/1337 1342/1496/1336 4363/6131/4277
f 1343/6132/1337 4363/6128/4277 4362/6127/4276
f 4359/6124/4273 4366/6133/4280 4361/6126/4275
f 4367/6134/4281 4361/6126/4275 4366/6133/4280
f 4368/6135/4282 4369/6136/4283 4366/6133/4280
f 4369/6136/4283 4367/6134/4281 4366/6133/4280
s 11
f 4370/6137/4284 4346/6138/4260 4345/6139/4259
f 4346/6138/4260 4370/6137/4284 4371/6140/4285
f 4347/6141/4261 4348/6142/4262 4372/6143/4286
f 4348/6142/4262 4373/6144/4287 4372/6143/4286
f 4350/6112/4264 4349/6111/4263 4374/6145/4288
f 4345/6139/4259 4350/6146/4264 4370/6137/4284
f 4375/6147/4289 4349/6148/4263 4347/6141/4261
f 4349/6148/4263 4375/6147/4289 4376/6149/4290
f 1355/1515/1349 4374/6150/4288 4349/6148/4263
f 4374/6150/4288 1355/1515/1349 1356/1517/1350
f 1355/1515/1349 4349/6148/4263 4376/6149/4290
f 4347/6141/4261 4372/6143/4286 4375/6147/4289
f 4371/6140/4285 4352/6151/4266 4346/6138/4260
f 4352/6151/4266 4371/6140/4285 4377/6152/4291
f 4378/6153/4292 4373/6154/4287 4351/6155/4265
f 4348/6142/4262 4351/6156/4265 4373/6144/4287
f 4352/6151/4266 4357/6122/4271 4353/6121/4267
f 4357/6122/4271 4352/6151/4266 4377/6152/4291
f 4351/6157/4265 4354/6158/4268 4379/6159/4293
f 4351/6155/4265 4379/6160/4293 4378/6153/4292
s 8
f 4293/6161/4208 4369/6136/4283 4368/6135/4282
s 11
f 4354/6162/4268 4380/6163/4294 4381/6164/4295
f 4354/6158/4268 4381/6165/4295 4379/6159/4293
f 4380/6163/4294 4353/6118/4267 4355/6117/4269
f 4353/6118/4267 4380/6163/4294 4354/6162/4268
s 8
f 4382/6166/4296 4343/6167/4257 4383/6168/4297
f 4383/6168/4297 4343/6167/4257 4344/6169/4258
f 4382/6166/4296 4383/6168/4297 4273/5995/4191
f 4295/6170/4210 4286/6171/4201 4384/6172/4298
f 4385/6173/4299 4235/5932/4153 4178/5852/4096
f 4290/6174/4205 4298/6035/4213 4288/6175/4203
f 4299/6036/4214 4298/6035/4213 4290/6174/4205
f 4290/6174/4205 4289/6176/4204 4299/6036/4214
f 4300/6037/4215 4299/6036/4214 4289/6176/4204
f 4289/6176/4204 4292/6177/4207 4300/6037/4215
f 1243/1369/1239 4300/6037/4215 4292/6177/4207
f 4292/6177/4207 1232/1540/1228 1243/1369/1239
f 4386/6178/4300 4294/6179/4209 4293/6180/4208
f 4296/6032/4211 4287/6019/4202 4294/6179/4209
f 4287/6019/4202 4296/6032/4211 4285/6017/4200
f 4294/6179/4209 4386/6178/4300 4387/6181/4301
f 4267/5993/4185 4272/5992/4190 4273/5995/4191
f 4382/6182/4296 4273/6183/4191 4385/6173/4299
f 4385/6173/4299 4178/5852/4096 4382/6182/4296
f 4343/6184/4257 4382/6182/4296 4178/5852/4096
f 4178/5852/4096 4177/5851/4095 4343/6184/4257
f 4341/6185/4255 4343/6184/4257 4177/5851/4095
f 4177/5851/4095 4330/6090/4244 4341/6185/4255
f 4340/6186/4254 4330/6090/4244 4250/5966/4168
f 4330/6090/4244 4340/6186/4254 4341/6185/4255
f 4334/6187/4248 4340/6186/4254 4249/5965/4167
f 4250/5966/4168 4249/5965/4167 4340/6186/4254
f 4333/6188/4247 4334/6187/4248 4253/5973/4171
f 4249/5965/4167 4253/5973/4171 4334/6187/4248
f 4315/6058/4229 4333/6188/4247 4253/5973/4171
f 4333/6188/4247 4315/6058/4229 4338/6189/4252
f 4337/6190/4251 4338/6189/4252 4312/6055/4226
f 4312/6055/4226 4338/6189/4252 4315/6058/4229
f 4312/6055/4226 1279/1416/1273 4337/6190/4251
f 4337/6190/4251 1279/1416/1273 1313/1556/1307
f 4383/6168/4297 4298/6035/4213 4273/5995/4191
f 4298/6035/4213 4383/6168/4297 4288/6175/4203
f 4288/6175/4203 4383/6168/4297 4344/6169/4258
f 4288/6175/4203 4344/6169/4258 4286/6191/4201
f 4344/6106/4258 4384/6172/4298 4286/6171/4201
f 4344/6106/4258 4388/6192/4302 4384/6172/4298
f 4344/6106/4258 4342/6104/4256 4388/6192/4302
f 4388/6192/4302 4342/6104/4256 4389/6193/4303
f 4342/6104/4256 4339/6101/4253 4389/6193/4303
f 4389/6193/4303 4339/6101/4253 4390/6194/4304
f 4391/6195/4305 4390/6194/4304 4332/6092/4246
f 4339/6101/4253 4332/6092/4246 4390/6194/4304
f 4332/6092/4246 4331/6091/4245 4391/6195/4305
f 4331/6091/4245 4392/6196/4306 4391/6195/4305
f 4393/6197/4307 4392/6196/4306 4336/6096/4250
f 4336/6096/4250 4392/6196/4306 4331/6091/4245
f 4394/6198/4308 4393/6197/4307 4335/6095/4249
f 4335/6095/4249 4393/6197/4307 4336/6096/4250
f 1380/6199/1374 4394/6198/4308 1314/6099/1308
f 1314/6099/1308 4394/6198/4308 4335/6095/4249
f 4293/6161/4208 4368/6135/4282 4386/6200/4300
f 4288/6175/4203 4285/6201/4200 4290/6174/4205
f 4287/6019/4202 4286/6018/4201 4295/6202/4210
f 4294/6179/4209 4387/6181/4301 4296/6032/4211
f 4385/6173/4299 4098/5963/4020 4235/5932/4153
f 4272/6203/4190 4098/5963/4020 4385/6173/4299
f 4385/6173/4299 4273/6183/4191 4272/6203/4190
f 4157/5810/4075 4315/6058/4229 4253/5973/4171
f 4238/5944/4156 4177/5851/4095 4179/5853/4097
f 4177/5851/4095 4238/5944/4156 4330/6090/4244
f 4157/5810/4075 4253/5973/4171 4241/5949/4159
f 4325/6077/4239 4251/6087/4169 4326/6078/4240
f 4327/6080/4241 4251/6087/4169 4328/6082/4242
f 4326/6078/4240 4251/6087/4169 4327/6080/4241
f 4170/5832/4088 4251/6204/4169 4325/6074/4239
f 4304/6044/4219 4138/5790/4058 4252/5972/4170
s 9
f 4305/6045/4220 1385/1577/1379 4306/6046/4220
f 1385/1577/1379 4305/6045/4220 1386/1578/1379
s 8
f 1257/1579/1253 4304/6205/4219 1387/1580/1380
s 10
f 4307/6047/4221 4146/5797/4064 1267/1583/1261
f 4307/6047/4221 1267/1583/1261 1388/1585/1381
s 8
f 4235/5932/4153 4176/5850/4094 4178/5852/4096
f 4170/5832/4088 4149/5968/4067 4251/6204/4169
s 20
f 4395/6206/4309 4396/6207/4310 4397/6208/4311
f 4396/6207/4310 4395/6206/4309 4398/6209/4312
f 4396/6210/4310 4398/6211/4312 4399/6212/4313
f 4396/6210/4310 4399/6212/4313 4400/6213/4314
f 4400/6213/4314 4399/6212/4313 4401/6214/4315
f 4400/6213/4314 4401/6214/4315 4402/6215/4316
f 4402/6215/4316 4401/6214/4315 4403/6216/4317
f 4402/6215/4316 4403/6216/4317 4404/6217/4318
f 4403/6218/4317 4405/6219/4319 4404/6220/4318
f 4405/6219/4319 4403/6218/4317 4406/6221/4319
f 4405/6219/4319 4406/6221/4319 4407/6222/4320
f 4405/6219/4319 4407/6222/4320 4408/6223/4321
f 4408/6223/4321 4407/6222/4320 4409/6224/4322
f 4408/6223/4321 4409/6224/4322 4410/6225/4322
f 4409/6226/4322 4411/6227/4323 4410/6228/4322
f 4411/6227/4323 4409/6226/4322 4412/6229/4324
f 4413/6230/4325 4412/6229/4324 4414/6231/4326
f 4412/6229/4324 4413/6230/4325 4411/6227/4323
f 4415/6232/4327 4414/6231/4326 4416/6233/4328
f 4414/6231/4326 4415/6232/4327 4413/6230/4325
f 4415/6234/4327 4417/6235/4329 4418/6236/4329
f 4417/6235/4329 4415/6234/4327 4416/6237/4328
f 4417/6235/4329 4397/6208/4311 4418/6236/4329
f 4397/6208/4311 4417/6235/4329 4395/6206/4309
f 4419/6238/4330 4420/6239/4331 4421/6240/4332
f 4419/6238/4330 4421/6240/4332 4422/6241/4333
f 4421/6242/4332 4423/6243/4334 4422/6244/4333
f 4423/6243/4334 4421/6242/4332 4424/6245/4335
f 4423/6243/4334 4424/6245/4335 4425/6246/4336
f 4423/6243/4334 4425/6246/4336 4426/6247/4337
f 4426/6247/4337 4425/6246/4336 4427/6248/4338
f 4426/6247/4337 4427/6248/4338 4428/6249/4339
f 4427/6250/4338 4429/6251/4340 4428/6252/4339
f 4429/6251/4340 4427/6250/4338 4430/6253/4341
f 4429/6251/4340 4430/6253/4341 4431/6254/4342
f 4429/6251/4340 4431/6254/4342 4432/6255/4343
f 4432/6255/4343 4431/6254/4342 4433/6256/4344
f 4432/6255/4343 4433/6256/4344 4434/6257/4345
f 4433/6258/4344 4435/6259/4346 4434/6260/4345
f 4435/6259/4346 4433/6258/4344 4436/6261/4347
f 4437/6262/4348 4435/6259/4346 4438/6263/4349
f 4436/6261/4347 4438/6263/4349 4435/6259/4346
f 4437/6262/4348 4439/6264/4350 4440/6265/4351
f 4439/6264/4350 4437/6262/4348 4438/6263/4349
f 4441/6266/4352 4439/6267/4350 4442/6268/4353
f 4439/6267/4350 4441/6266/4352 4440/6269/4351
f 4441/6266/4352 4442/6268/4353 4420/6239/4331
f 4441/6266/4352 4420/6239/4331 4419/6238/4330
f 4443/6270/4354 4444/6271/4355 4445/6272/4356
f 4444/6271/4355 4446/6273/4357 4445/6272/4356
f 4446/6273/4357 4447/6274/4358 4445/6272/4356
f 4447/6274/4358 4448/6275/4359 4445/6272/4356
f 4448/6275/4359 4449/6276/4360 4445/6272/4356
f 4449/6276/4360 4450/6277/4361 4445/6272/4356
f 4450/6277/4361 4451/6278/4362 4445/6272/4356
f 4451/6278/4362 4443/6270/4354 4445/6272/4356
f 4422/6279/4333 4443/6270/4354 4419/6280/4330
f 4443/6270/4354 4422/6279/4333 4444/6271/4355
f 4422/6279/4333 4423/6281/4334 4444/6271/4355
f 4446/6273/4357 4444/6271/4355 4423/6281/4334
f 4423/6281/4334 4426/6282/4337 4446/6273/4357
f 4428/6283/4339 4446/6273/4357 4426/6282/4337
f 4446/6273/4357 4428/6283/4339 4447/6274/4358
f 4428/6283/4339 4429/6284/4340 4447/6274/4358
f 4448/6275/4359 4429/6284/4340 4432/6285/4343
f 4429/6284/4340 4448/6275/4359 4447/6274/4358
f 4448/6275/4359 4434/6286/4345 4449/6276/4360
f 4434/6286/4345 4448/6275/4359 4432/6285/4343
f 4434/6286/4345 4435/6287/4346 4449/6276/4360
f 4437/6288/4348 4450/6277/4361 4435/6287/4346
f 4435/6287/4346 4450/6277/4361 4449/6276/4360
f 4440/6289/4351 4450/6277/4361 4437/6288/4348
f 4450/6277/4361 4440/6289/4351 4451/6278/4362
f 4440/6289/4351 4441/6290/4352 4451/6278/4362
f 4451/6278/4362 4441/6290/4352 4443/6270/4354
f 4441/6290/4352 4419/6280/4330 4443/6270/4354
f 4397/6208/4311 4421/6240/4332 4420/6239/4331
f 4421/6240/4332 4397/6208/4311 4396/6207/4310
f 4396/6210/4310 4424/6245/4335 4421/6242/4332
f 4424/6245/4335 4396/6210/4310 4400/6213/4314
f 4400/6213/4314 4425/6246/4336 4424/6245/4335
f 4425/6246/4336 4400/6213/4314 4402/6215/4316
f 4402/6215/4316 4427/6248/4338 4425/6246/4336
f 4427/6248/4338 4402/6215/4316 4404/6217/4318
f 4404/6220/4318 4430/6253/4341 4427/6250/4338
f 4430/6253/4341 4404/6220/4318 4405/6219/4319
f 4430/6253/4341 4408/6223/4321 4431/6254/4342
f 4408/6223/4321 4430/6253/4341 4405/6219/4319
f 4408/6223/4321 4433/6256/4344 4431/6254/4342
f 4433/6256/4344 4408/6223/4321 4410/6225/4322
f 4433/6258/4344 4411/6227/4323 4436/6261/4347
f 4411/6227/4323 4433/6258/4344 4410/6228/4322
f 4411/6227/4323 4413/6230/4325 4438/6263/4349
f 4438/6263/4349 4436/6261/4347 4411/6227/4323
f 4415/6232/4327 4438/6263/4349 4413/6230/4325
f 4438/6263/4349 4415/6232/4327 4439/6264/4350
f 4418/6236/4329 4439/6267/4350 4415/6234/4327
f 4439/6267/4350 4418/6236/4329 4442/6268/4353
f 4418/6236/4329 4420/6239/4331 4442/6268/4353
f 4420/6239/4331 4418/6236/4329 4397/6208/4311
s 21
f 4452/6291/4363 4453/6292/4364 4454/6293/4365
f 4453/6292/4364 4452/6291/4363 4455/6294/4364
f 4456/6295/4366 4457/6296/4366 4454/6293/4365
f 4452/6291/4363 4454/6293/4365 4457/6296/4366
f 4458/6297/4367 4459/6298/4368 4460/6299/4368
f 4459/6298/4368 4458/6297/4367 4461/6300/4369
f 4462/6301/4370 4461/6300/4369 4458/6297/4367
f 4461/6300/4369 4462/6301/4370 4463/6302/4370
f 4464/6303/4371 4465/6304/4372 4462/6305/4370
f 4462/6305/4370 4465/6304/4372 4463/6306/4370
f 4466/6307/4373 4465/6304/4372 4464/6303/4371
f 4465/6304/4372 4466/6307/4373 4467/6308/4373
f 4468/6309/4374 4469/6310/4375 4466/6311/4373
f 4467/6312/4373 4466/6311/4373 4469/6310/4375
f 4453/6313/4364 4469/6310/4375 4468/6309/4374
f 4469/6310/4375 4453/6313/4364 4455/6314/4364
s 22
f 4470/6315/4376 4471/6316/4377 4472/6317/4376
f 4471/6316/4377 4470/6315/4376 4473/6318/4377
s 23
f 4474/6319/4378 4475/6320/4379 4476/6321/4379
f 4476/6321/4379 4477/6322/4380 4474/6319/4378
f 4474/6319/4378 4477/6322/4380 4478/6323/4381
f 4477/6322/4380 4479/6324/4381 4478/6323/4381
s 24
f 4480/6325/4382 4481/6326/4383 4482/6327/4383
f 4481/6326/4383 4480/6325/4382 4483/6328/4384
f 4483/6328/4384 4484/6329/4385 4485/6330/4385
f 4484/6329/4385 4483/6328/4384 4480/6325/4382
s 25
f 4486/6331/4386 4487/6332/4387 4488/6333/4387
f 4487/6332/4387 4486/6331/4386 4489/6334/4386
f 4490/6335/4388 4486/6331/4386 4491/6336/4388
f 4486/6331/4386 4490/6335/4388 4489/6334/4386
s 26
f 4492/6337/4389 4493/6338/4390 4494/6339/4390
f 4493/6338/4390 4492/6337/4389 4495/6340/4391
f 4495/6340/4391 4496/6341/4392 4497/6342/4392
f 4496/6341/4392 4495/6340/4391 4492/6337/4389
s 27
f 4498/6343/4393 4499/6344/4394 4500/6345/4394
f 4500/6345/4394 4501/6346/4395 4498/6343/4393
f 4498/6343/4393 4501/6346/4395 4502/6347/4396
f 4501/6346/4395 4503/6348/4396 4502/6347/4396
s 22
f 4471/6316/4377 4504/6349/4397 4505/6350/4397
f 4504/6349/4397 4471/6316/4377 4473/6318/4377
s 28
f 4506/6351/4398 4507/6352/4399 4508/6353/4398
s 29
f 4509/6354/4400 4510/6355/4401 4511/6356/4401
f 4510/6355/4401 4512/6357/4402 4511/6356/4401
s 30
f 4513/6358/4403 4514/6359/4404 4515/6360/4404
f 4514/6361/4404 4516/6362/4405 4515/6363/4404
s 31
f 4517/6364/4406 4518/6365/4407 4519/6366/4407
f 4518/6367/4407 4520/6368/4408 4519/6369/4407
s 32
f 4521/6370/4409 4522/6371/4410 4523/6372/4410
f 4522/6371/4410 4524/6373/4411 4523/6372/4410
s 33
f 4525/6374/4412 4526/6375/4413 4527/6376/4413
f 4526/6375/4413 4528/6377/4414 4527/6376/4413
s 28
f 4529/6378/4415 4506/6351/4398 4508/6353/4398
s 34
f 4530/6379/4416 4531/6380/4417 4532/6381/4417
f 4531/6380/4417 4533/6382/4418 4532/6381/4417
s 35
f 4533/6383/4419 4534/6384/4420 4535/6385/4420
f 4534/6386/4420 4536/6387/4421 4535/6388/4420
s 36
f 4536/6389/4422 4537/6390/4423 4538/6391/4423
f 4537/6390/4423 4539/6392/4424 4538/6391/4423
s 37
f 4539/6393/4425 4540/6394/4426 4541/6395/4426
f 4540/6394/4426 4542/6396/4427 4541/6395/4426
s 38
f 4542/6397/4428 4543/6398/4429 4544/6399/4429
f 4543/6398/4429 4545/6400/4430 4544/6399/4429
s 39
f 4545/6401/4431 4546/6402/4432 4547/6403/4432
f 4546/6402/4432 4530/6404/4433 4547/6403/4432
s 40
f 4548/6405/4434 4549/6406/4434 4550/6407/4434
f 4549/6406/4434 4551/6408/4434 4550/6407/4434
f 4551/6408/4434 4552/6409/4434 4550/6407/4434
f 4552/6409/4434 4553/6410/4434 4550/6407/4434
f 4553/6410/4434 4554/6411/4434 4550/6407/4434
f 4554/6411/4434 4555/6412/4434 4550/6407/4434
f 4555/6412/4434 4556/6413/4434 4550/6407/4434
f 4556/6413/4434 4557/6414/4434 4550/6407/4434
f 4557/6414/4434 4558/6415/4434 4550/6407/4434
f 4558/6415/4434 4559/6416/4434 4550/6407/4434
f 4559/6416/4434 4560/6417/4434 4550/6407/4434
f 4560/6417/4434 4548/6405/4434 4550/6407/4434
s 41
f 4561/6418/4435 4562/6419/4436 4563/6420/4437
f 4562/6419/4436 4561/6418/4435 4564/6421/4438
f 4565/6422/4439 4563/6420/4437 4566/6423/4440
f 4563/6420/4437 4565/6422/4439 4561/6418/4435
f 4567/6424/4441 4568/6425/4442 4566/6423/4440
f 4565/6422/4439 4566/6423/4440 4568/6425/4442
f 4569/6426/4443 4568/6427/4442 4567/6428/4441
f 4568/6427/4442 4569/6426/4443 4570/6429/4444
f 4571/6430/4445 4570/6429/4444 4569/6426/4443
f 4570/6429/4444 4571/6430/4445 4572/6431/4446
f 4573/6432/4447 4572/6431/4446 4571/6430/4445
f 4572/6431/4446 4573/6432/4447 4574/6433/4448
f 4575/6434/4449 4576/6435/4450 4573/6436/4447
f 4573/6436/4447 4576/6435/4450 4574/6437/4448
f 4577/6438/4451 4578/6439/4452 4575/6434/4449
f 4575/6434/4449 4578/6439/4452 4576/6435/4450
f 4579/4342/4453 4578/6439/4452 4577/6438/4451
f 4578/6439/4452 4579/4342/4453 4580/6440/4454
f 4581/6441/4455 4582/6442/4456 4579/6443/4453
f 4580/6444/4454 4579/6443/4453 4582/6442/4456
f 4583/6445/4457 4582/6442/4456 4581/6441/4455
f 4582/6442/4456 4583/6445/4457 4584/6446/4458
f 4562/6447/4436 4584/6446/4458 4583/6445/4457
f 4584/6446/4458 4562/6447/4436 4564/6448/4438
f 4585/6449/4459 4586/6450/4460 4587/6451/4461
f 4586/6450/4460 4588/6452/4462 4587/6451/4461
f 4588/6452/4462 4589/6453/4463 4587/6451/4461
f 4589/6453/4463 4590/6454/4464 4587/6451/4461
f 4590/6454/4464 4591/6455/4465 4587/6451/4461
f 4591/6455/4465 4592/6456/4466 4587/6451/4461
f 4592/6456/4466 4593/6457/4467 4587/6451/4461
f 4593/6457/4467 4594/6458/4468 4587/6451/4461
f 4594/6458/4468 4595/6459/4469 4587/6451/4461
f 4595/6459/4469 4596/6460/4470 4587/6451/4461
f 4596/6460/4470 4597/6461/4471 4587/6451/4461
f 4597/6461/4471 4585/6449/4459 4587/6451/4461
f 4564/6421/4438 4586/6462/4460 4585/6463/4459
f 4586/6462/4460 4564/6421/4438 4561/6418/4435
f 4561/6418/4435 4565/6422/4439 4586/6462/4460
f 4586/6462/4460 4565/6422/4439 4588/6464/4462
f 4565/6422/4439 4568/6425/4442 4588/6464/4462
f 4588/6464/4462 4568/6425/4442 4589/6465/4463
f 4568/6427/4442 4590/6466/4464 4589/6467/4463
f 4590/6466/4464 4568/6427/4442 4570/6429/4444
f 4570/6429/4444 4591/6468/4465 4590/6466/4464
f 4591/6468/4465 4570/6429/4444 4572/6431/4446
f 4572/6431/4446 4574/6433/4448 4591/6468/4465
f 4591/6468/4465 4574/6433/4448 4592/6469/4466
f 4574/6433/4448 4593/6470/4467 4592/6469/4466
f 4593/6470/4467 4574/6433/4448 4576/6471/4450
f 4594/6458/4468 4576/6472/4450 4578/6473/4452
f 4576/6472/4450 4594/6458/4468 4593/6457/4467
f 4595/6459/4469 4578/6473/4452 4580/6474/4454
f 4578/6473/4452 4595/6459/4469 4594/6458/4468
f 4580/6474/4454 4582/6475/4456 4595/6459/4469
f 4595/6459/4469 4582/6475/4456 4596/6460/4470
f 4582/6475/4456 4584/6476/4458 4596/6460/4470
f 4596/6460/4470 4584/6476/4458 4597/6461/4471
f 4564/6477/4438 4597/6461/4471 4584/6476/4458
f 4597/6461/4471 4564/6477/4438 4585/6449/4459
s 42
f 4598/6478/4472 4599/6479/4473 4600/6480/4474
f 4599/6479/4473 4598/6478/4472 4601/6481/4475
f 4599/6482/4473 4601/6483/4475 4602/6484/4476
f 4598/6485/4472 4600/6486/4474 4603/6487/2667
s 43
f 4604/6488/4477 4605/6489/4478 4606/6490/4479
f 4605/6489/4478 4604/6488/4477 4607/6491/4480
f 4606/6492/4479 4605/6493/4478 4608/6494/1212
f 4607/6495/4480 4604/6496/4477 4609/6497/2290
s 44
f 4610/6498/4481 4611/6499/4482 4612/6500/4483
f 4611/6499/4482 4613/6501/4484 4612/6500/4483
f 4611/6502/4482 4610/6503/4481 4614/6504/1413
f 4612/6505/4483 4613/6506/4484 4615/6507/2982
s 45
f 4616/6508/4485 4617/6509/4486 4618/6510/4487
f 4617/6509/4486 4616/6508/4485 4619/6511/4488
f 4617/6512/4486 4619/6513/4488 4620/6514/4489
f 4616/6515/4485 4618/6516/4487 4621/6517/3329
s 46
f 4622/6518/4490 4623/6519/4491 4624/6520/4492
f 4624/6520/4492 4623/6519/4491 4625/6521/4493
f 4624/6522/4492 4625/6523/4493 4626/6524/4494
f 4623/6525/4491 4622/6526/4490 4627/6527/3677
s 47
f 4628/6528/4495 4629/6529/4496 4630/6530/4497
f 4629/6529/4496 4631/6531/4498 4630/6530/4497
f 4629/6532/4496 4628/6533/4495 4632/6502/2292
f 4630/6534/4497 4631/6535/4498 4633/6506/4025
s 48
f 4634/6536/4499 4635/6537/4500 4636/6538/4501
f 4635/6537/4500 4634/6536/4499 4637/6539/4502
f 4635/6540/4500 4637/6541/4502 4638/6542/4503
f 4634/6543/4499 4636/6544/4501 4639/6545/1210
s 49
f 4640/6546/4504 4641/6531/4505 4642/6539/4506
f 4642/6539/4506 4641/6531/4505 4643/6547/4507
f 4642/6548/4506 4643/6549/4507 4644/6550/3158
f 4641/6551/4505 4640/6552/4504 4645/6553/1584
s 50
f 4646/6554/4508 4647/6555/4509 4648/6556/4510
f 4647/6555/4509 4649/6557/4511 4648/6556/4510
f 4647/6558/4509 4646/6559/4508 4650/6560/3506
f 4648/6561/4510 4649/6562/4511 4651/6563/1934
s 51
f 4652/6564/4512 4653/6565/4513 4654/6566/4514
f 4653/6565/4513 4652/6564/4512 4655/6567/4386
f 4652/6564/4512 4656/6568/4515 4655/6567/4386
f 4657/6569/4516 4658/6570/4517 4659/6571/4518
f 4660/6572/4519 4657/6569/4516 4661/6573/4520
f 4657/6569/4516 4660/6572/4519 4658/6570/4517
f 4662/6574/4521 4663/6575/4522 4664/6576/4523
f 4662/6574/4521 4664/6576/4523 4665/6577/4524
f 4666/6578/4525 4667/6579/4526 4668/6580/4527
f 4667/6579/4526 4666/6578/4525 4669/6581/4528
f 4670/6582/4529 4671/6583/4530 4672/6584/4531
f 4671/6583/4530 4670/6582/4529 4673/6585/4532
f 4674/6586/4533 4675/6587/4534 4676/6588/4535
f 4675/6587/4534 4677/6589/4536 4676/6588/4535
f 4675/6587/4534 4671/6590/4530 4678/6591/4537
f 4656/6568/4515 4664/6592/4523 4666/6593/4525
f 4673/6594/4532 4665/6595/4524 4652/6564/4512
f 4674/6586/4533 4679/6596/4538 4672/6597/4531
f 4663/6575/4522 4659/6598/4518 4669/6599/4528
f 4670/6582/4529 4657/6600/4516 4662/6574/4521
f 4656/6568/4515 4665/6595/4524 4664/6592/4523
f 4665/6595/4524 4656/6568/4515 4652/6564/4512
f 4666/6578/4525 4668/6580/4527 4656/6601/4515
f 4656/6601/4515 4668/6580/4527 4680/6602/4539
f 4673/6594/4532 4678/6566/4537 4671/6603/4530
f 4652/6564/4512 4678/6566/4537 4673/6594/4532
f 4678/6591/4537 4681/6604/4540 4675/6587/4534
f 4675/6587/4534 4681/6604/4540 4677/6589/4536
f 4667/6579/4526 4669/6581/4528 4682/6605/4541
f 4659/6606/4518 4682/6605/4541 4669/6581/4528
f 4662/6574/4521 4659/6598/4518 4663/6575/4522
f 4659/6598/4518 4662/6574/4521 4657/6600/4516
f 4670/6582/4529 4679/6607/4538 4657/6600/4516
f 4679/6607/4538 4670/6582/4529 4672/6584/4531
f 4674/6586/4533 4683/6608/4542 4679/6596/4538
f 4683/6608/4542 4674/6586/4533 4676/6588/4535
f 4662/6574/4521 4673/6585/4532 4670/6582/4529
f 4673/6585/4532 4662/6574/4521 4665/6577/4524
f 4669/6581/4528 4664/6609/4523 4663/6610/4522
f 4664/6609/4523 4669/6581/4528 4666/6578/4525
f 4675/6587/4534 4672/6597/4531 4671/6590/4530
f 4672/6597/4531 4675/6587/4534 4674/6586/4533
s 52
f 4684/6611/4543 4685/6612/4544 4686/6613/4545
f 4687/6614/4377 4684/6611/4543 4688/6615/4546
f 4685/6612/4544 4684/6611/4543 4687/6614/4377
f 4689/6616/4547 4690/6617/4548 4691/6618/4549
f 4691/6618/4549 4692/6619/4550 4689/6616/4547
f 4690/6617/4548 4689/6616/4547 4693/6620/4551
f 4694/6621/4552 4695/6622/4553 4696/6623/4554
f 4694/6621/4552 4696/6623/4554 4697/6624/4555
f 4698/6625/4556 4699/6626/4557 4700/6627/4558
f 4699/6626/4557 4698/6625/4556 4701/6628/4559
f 4702/6629/4560 4703/6630/4561 4704/6631/4562
f 4703/6630/4561 4702/6629/4560 4705/6632/4563
f 4706/6633/4564 4707/6634/4565 4708/6635/4566
f 4707/6634/4565 4706/6633/4564 4709/6636/4567
f 4707/6634/4565 4703/6637/4561 4710/6638/4568
f 4688/6615/4546 4696/6639/4554 4699/6640/4557
f 4705/6641/4563 4697/6642/4555 4684/6611/4543
f 4709/6636/4567 4711/6643/4569 4704/6644/4562
f 4695/6622/4553 4692/6645/4550 4700/6646/4558
f 4702/6629/4560 4689/6647/4547 4694/6621/4552
f 4697/6642/4555 4688/6615/4546 4684/6611/4543
f 4688/6615/4546 4697/6642/4555 4696/6639/4554
f 4699/6626/4557 4701/6628/4559 4688/6648/4546
f 4712/6649/4570 4688/6648/4546 4701/6628/4559
f 4684/6611/4543 4710/6613/4568 4705/6641/4563
f 4705/6641/4563 4710/6613/4568 4703/6650/4561
f 4707/6634/4565 4713/6651/4571 4708/6635/4566
f 4710/6638/4568 4713/6651/4571 4707/6634/4565
f 4698/6625/4556 4700/6627/4558 4714/6652/4572
f 4714/6652/4572 4700/6627/4558 4692/6653/4550
f 4695/6622/4553 4694/6621/4552 4692/6645/4550
f 4689/6647/4547 4692/6645/4550 4694/6621/4552
f 4702/6629/4560 4711/6654/4569 4689/6647/4547
f 4711/6654/4569 4702/6629/4560 4704/6631/4562
f 4715/6655/4573 4709/6656/4567 4706/6657/4564
f 4709/6656/4567 4715/6655/4573 4711/1735/4569
f 4694/6621/4552 4705/6632/4563 4702/6629/4560
f 4705/6632/4563 4694/6621/4552 4697/6624/4555
f 4700/6627/4558 4696/6658/4554 4695/6659/4553
f 4696/6658/4554 4700/6627/4558 4699/6626/4557
f 4707/6634/4565 4704/6644/4562 4703/6637/4561
f 4704/6644/4562 4707/6634/4565 4709/6636/4567
s 53
f 4716/6660/4574 4717/6661/4575 4718/6662/4574
f 4717/6661/4575 4716/6660/4574 4719/6663/4576
f 4720/6664/4577 4721/6665/4578 4722/6666/4356
f 4723/6667/4579 4724/6668/4580 4716/6660/4574
f 4723/6667/4579 4716/6660/4574 4718/6662/4574
f 4720/6664/4577 4722/6666/4356 4725/6669/4581
f 4726/6670/4582 4724/6668/4580 4723/6667/4579
f 4724/6668/4580 4726/6670/4582 4727/6671/4582
f 4728/6672/4583 4725/6669/4581 4722/6666/4356
f 4726/6670/4582 4729/6673/4584 4727/6671/4582
f 4729/6673/4584 4726/6670/4582 4730/6674/4585
f 4728/6672/4583 4722/6666/4356 4731/6675/4586
f 4732/6676/4587 4733/6677/4588 4730/6674/4585
f 4729/6673/4584 4730/6674/4585 4733/6677/4588
f 4734/6678/4589 4731/6675/4586 4722/6666/4356
f 4732/6679/4587 4735/6680/4590 4733/6681/4588
f 4735/6680/4590 4732/6679/4587 4736/6682/4590
f 4734/6678/4589 4722/6666/4356 4737/6683/4591
f 4738/6684/4592 4735/6680/4590 4736/6682/4590
f 4735/6680/4590 4738/6684/4592 4739/6685/4593
f 4740/6686/4594 4737/6683/4591 4722/6666/4356
f 4739/6685/4593 4738/6684/4592 4741/6687/4595
f 4739/6685/4593 4741/6687/4595 4742/6688/4595
f 4740/6686/4594 4722/6666/4356 4743/6689/4596
f 4744/6690/4597 4741/6687/4595 4745/6691/4598
f 4741/6687/4595 4744/6690/4597 4742/6688/4595
f 4746/6692/4599 4743/6689/4596 4722/6666/4356
f 4747/6693/4600 4745/6691/4598 4748/6694/4600
f 4745/6691/4598 4747/6693/4600 4744/6690/4597
f 4746/6692/4599 4722/6666/4356 4749/6695/4601
f 4750/6696/4602 4747/6697/4600 4748/6698/4600
f 4747/6697/4600 4750/6696/4602 4751/6699/4603
f 4752/6700/4604 4749/6695/4601 4722/6666/4356
f 4753/6701/4605 4754/6702/4605 4751/6699/4603
f 4753/6701/4605 4751/6699/4603 4750/6696/4602
f 4752/6700/4604 4722/6666/4356 4755/6703/4606
f 4756/6704/4607 4753/6701/4605 4757/6705/4608
f 4753/6701/4605 4756/6704/4607 4754/6702/4605
f 4758/6706/4609 4755/6703/4606 4722/6666/4356
f 4759/6707/4610 4757/6705/4608 4760/6708/4610
f 4757/6705/4608 4759/6707/4610 4756/6704/4607
f 4758/6706/4609 4722/6666/4356 4761/6709/4611
f 4762/6710/4612 4759/6711/4610 4760/6712/4610
f 4759/6711/4610 4762/6710/4612 4763/6713/4613
f 4764/6714/4614 4761/6709/4611 4722/6666/4356
f 4765/6715/4615 4766/6716/4616 4763/6713/4613
f 4765/6715/4615 4763/6713/4613 4762/6710/4612
f 4764/6714/4614 4722/6666/4356 4767/6717/4617
f 4768/6718/4618 4766/6716/4616 4765/6715/4615
f 4766/6716/4616 4768/6718/4618 4769/6719/4618
f 4770/6720/4619 4767/6717/4617 4722/6666/4356
f 4719/6721/4576 4768/6718/4618 4717/6722/4575
f 4768/6718/4618 4719/6721/4576 4769/6719/4618
f 4770/6720/4619 4722/6666/4356 4721/6665/4578
f 4718/6662/4574 4721/6723/4578 4720/6724/4577
f 4721/6723/4578 4718/6662/4574 4717/6661/4575
f 4725/6725/4581 4718/6662/4574 4720/6724/4577
f 4718/6662/4574 4725/6725/4581 4723/6667/4579
f 4728/6726/4583 4723/6667/4579 4725/6725/4581
f 4723/6667/4579 4728/6726/4583 4726/6670/4582
f 4730/6674/4585 4726/6670/4582 4728/6726/4583
f 4728/6726/4583 4731/6727/4586 4730/6674/4585
f 4732/6676/4587 4730/6674/4585 4731/6727/4586
f 4731/6727/4586 4734/6728/4589 4732/6676/4587
f 4736/6682/4590 4732/6679/4587 4734/6729/4589
f 4734/6729/4589 4737/6730/4591 4736/6682/4590
f 4736/6682/4590 4740/6731/4594 4738/6684/4592
f 4740/6731/4594 4736/6682/4590 4737/6730/4591
f 4738/6684/4592 4743/6732/4596 4741/6687/4595
f 4743/6732/4596 4738/6684/4592 4740/6731/4594
f 4745/6691/4598 4743/6732/4596 4746/6733/4599
f 4743/6732/4596 4745/6691/4598 4741/6687/4595
f 4748/6694/4600 4746/6733/4599 4749/6734/4601
f 4746/6733/4599 4748/6694/4600 4745/6691/4598
f 4752/6735/4604 4748/6698/4600 4749/6736/4601
f 4748/6698/4600 4752/6735/4604 4750/6696/4602
f 4755/6737/4606 4750/6696/4602 4752/6735/4604
f 4750/6696/4602 4755/6737/4606 4753/6701/4605
f 4757/6705/4608 4755/6737/4606 4758/6738/4609
f 4755/6737/4606 4757/6705/4608 4753/6701/4605
f 4760/6708/4610 4758/6738/4609 4761/6739/4611
f 4758/6738/4609 4760/6708/4610 4757/6705/4608
f 4764/6740/4614 4760/6712/4610 4761/6741/4611
f 4760/6712/4610 4764/6740/4614 4762/6710/4612
f 4767/6742/4617 4762/6710/4612 4764/6740/4614
f 4762/6710/4612 4767/6742/4617 4765/6715/4615
f 4770/6743/4619 4765/6715/4615 4767/6742/4617
f 4765/6715/4615 4770/6743/4619 4768/6718/4618
f 4717/6722/4575 4770/6743/4619 4721/6744/4578
f 4770/6743/4619 4717/6722/4575 4768/6718/4618
s 54
f 4771/6745/4620 4772/6746/4621 4773/6747/4622
f 4772/6746/4621 4771/6745/4620 4774/6748/4620
f 4775/6749/4623 4776/6750/4623 4777/6751/4624
f 4777/6751/4624 4776/6750/4623 4778/6752/4625
f 4773/6747/4622 4777/6751/4624 4778/6752/4625
f 4777/6751/4624 4773/6747/4622 4772/6746/4621
f 4779/6753/4626 4776/6750/4623 4775/6749/4623
f 4776/6750/4623 4779/6753/4626 4780/6754/4626
f 4781/6755/4627 4782/6756/4628 4783/6757/4629
f 4784/6758/4630 4783/6757/4629 4782/6756/4628
f 4771/6745/4620 4782/6756/4628 4781/6755/4627
f 4781/6755/4627 4774/6748/4620 4771/6745/4620
f 4785/6759/4631 4786/6760/4632 4787/6761/4632
f 4786/6760/4632 4785/6759/4631 4788/6762/4631
f 4783/6757/4629 4784/6758/4630 4786/6763/4632
f 4787/6764/4632 4786/6763/4632 4784/6758/4630
s 55
f 4789/6765/4633 4790/6766/4634 4791/6767/4635
f 4790/6766/4634 4789/6765/4633 4792/6768/4636
f 4793/6769/4637 4794/6770/4638 4795/6771/4638
f 4794/6770/4638 4793/6769/4637 4796/6772/4639
f 4794/6773/4638 4791/6767/4635 4795/6774/4638
f 4791/6767/4635 4794/6773/4638 4789/6765/4633
f 4797/6775/4640 4796/6776/4639 4793/6777/4637
f 4796/6776/4639 4797/6775/4640 4779/6778/4640
f 4798/6779/4641 4799/6780/4642 4800/6781/4643
f 4799/6780/4642 4798/6779/4641 4801/6782/4644
f 4790/6766/4634 4801/6782/4644 4798/6779/4641
f 4801/6782/4644 4790/6766/4634 4792/6768/4636
f 4802/6783/4645 4803/6784/4646 4804/6785/4647
f 4803/6784/4646 4802/6783/4645 4805/6786/4645
f 4800/6781/4643 4804/6787/4647 4803/6788/4646
f 4804/6787/4647 4800/6781/4643 4799/6780/4642
s 56
f 4806/6789/4648 4807/6790/4649 4808/6791/4650
f 4807/6790/4649 4806/6789/4648 4809/6792/4651
f 4810/6793/4652 4811/6794/4653 4812/6795/4653
f 4810/6793/4652 4812/6795/4653 4813/6796/4654
f 4808/6791/4650 4812/6795/4653 4811/6794/4653
f 4812/6795/4653 4808/6791/4650 4807/6790/4649
f 4814/6797/4655 4797/6798/4655 4813/6796/4654
f 4813/6796/4654 4797/6798/4655 4810/6793/4652
f 4815/6799/4656 4816/6800/4657 4817/6801/4657
f 4816/6800/4657 4815/6799/4656 4818/6802/4658
f 4806/6789/4648 4817/6801/4657 4816/6800/4657
f 4806/6789/4648 4816/6800/4657 4809/6792/4651
f 4819/6803/4659 4820/6804/4659 4821/6805/4660
f 4821/6805/4660 4820/6804/4659 4822/6806/4660
f 4821/6807/4660 4818/6802/4658 4815/6799/4656
f 4818/6802/4658 4821/6807/4660 4822/6808/4660
s 57
f 4823/6809/4661 4824/6810/4662 4825/6811/4663
f 4824/6810/4662 4823/6809/4661 4826/6812/4664
f 4827/6813/4665 4828/6814/4666 4829/6815/4667
f 4828/6814/4666 4827/6813/4665 4830/6816/4668
f 4825/6811/4663 4829/6817/4667 4828/6818/4666
f 4829/6817/4667 4825/6811/4663 4824/6810/4662
f 4831/6819/4669 4830/6820/4668 4827/6821/4665
f 4830/6820/4668 4831/6819/4669 4814/6822/4669
f 4832/6823/4670 4833/6824/4671 4834/6825/4671
f 4833/6824/4671 4832/6823/4670 4835/6826/4672
f 4823/6809/4661 4835/6826/4672 4832/6823/4670
f 4832/6823/4670 4826/6812/4664 4823/6809/4661
f 4836/6827/4673 4837/6828/4674 4838/6829/4674
f 4837/6828/4674 4836/6827/4673 4839/6830/4673
f 4834/6825/4671 4833/6824/4671 4837/6831/4674
f 4838/6832/4674 4837/6831/4674 4833/6824/4671
s 58
f 4840/6833/4675 4841/6834/4676 4842/6835/4677
f 4841/6834/4676 4840/6833/4675 4843/6836/4678
f 4844/6837/4679 4845/6838/4680 4846/6839/4681
f 4846/6839/4681 4845/6838/4680 4847/6840/4682
f 4847/6840/4682 4840/6833/4675 4846/6839/4681
f 4840/6833/4675 4847/6840/4682 4843/6836/4678
f 4848/6841/4683 4831/6842/4684 4844/6837/4679
f 4844/6837/4679 4831/6842/4684 4845/6838/4680
f 4849/6843/4685 4850/6844/4686 4851/6845/4687
f 4850/6844/4686 4849/6843/4685 4852/6846/4688
f 4842/6835/4677 4852/6846/4688 4849/6843/4685
f 4852/6846/4688 4842/6835/4677 4841/6834/4676
f 4853/6847/4689 4854/6848/4689 4855/6849/4690
f 4855/6849/4690 4854/6848/4689 4856/6850/4691
f 4850/6844/4686 4856/6851/4691 4851/6845/4687
f 4856/6851/4691 4850/6844/4686 4855/6852/4690
s 59
f 4857/6853/4692 4858/6854/4693 4859/6855/4694
f 4858/6854/4693 4857/6853/4692 4860/6856/4695
f 4861/6857/4696 4862/6858/4697 4863/6859/4697
f 4862/6858/4697 4861/6857/4696 4864/6860/4698
f 4860/6856/4695 4862/6861/4697 4858/6854/4693
f 4862/6861/4697 4860/6856/4695 4863/6862/4697
f 4865/6863/4699 4864/6864/4698 4861/6865/4696
f 4864/6864/4698 4865/6863/4699 4848/6866/4700
f 4866/6867/4701 4867/6868/4702 4868/6869/4703
f 4867/6868/4702 4866/6867/4701 4869/6870/4704
f 4859/6855/4694 4867/6868/4702 4869/6870/4704
f 4859/6855/4694 4869/6870/4704 4857/6853/4692
f 4870/6871/4705 4871/6872/4706 4872/6873/4706
f 4871/6872/4706 4870/6871/4705 4873/6874/4705
f 4872/6875/4706 4871/6876/4706 4868/6869/4703
f 4868/6869/4703 4871/6876/4706 4866/6867/4701
s 60
f 4874/6877/4707 4875/6878/4708 4876/6879/4709
f 4875/6878/4708 4877/6880/4709 4876/6879/4709
f 4878/6881/4710 4879/6882/4711 4880/6883/4712
f 4881/6884/4713 4880/6883/4712 4879/6882/4711
f 4876/6879/4709 4880/6883/4712 4881/6884/4713
f 4880/6883/4712 4876/6879/4709 4877/6880/4709
f 4882/6885/4714 4865/6886/4714 4878/6881/4710
f 4878/6881/4710 4865/6886/4714 4879/6882/4711
f 4883/6887/4715 4884/6888/4716 4885/6889/4717
f 4886/6890/4717 4885/6889/4717 4884/6888/4716
f 4874/6877/4707 4884/6888/4716 4883/6887/4715
f 4883/6887/4715 4875/6878/4708 4874/6877/4707
f 4887/6891/4718 4888/6892/4718 4889/6893/4719
f 4889/6893/4719 4888/6892/4718 4890/6894/4719
f 4885/6889/4717 4888/6895/4718 4887/6896/4718
f 4888/6895/4718 4885/6889/4717 4886/6890/4717
s 61
f 4891/6897/4720 4892/6898/4721 4893/6899/4722
f 4892/6898/4721 4891/6897/4720 4894/6900/4723
f 4895/6901/4724 4896/6902/4725 4897/6903/4725
f 4896/6902/4725 4895/6901/4724 4898/6904/4724
f 4896/6902/4725 4891/6897/4720 4897/6903/4725
f 4891/6897/4720 4896/6902/4725 4894/6900/4723
f 4899/6905/4726 4882/6906/4726 4895/6901/4724
f 4895/6901/4724 4882/6906/4726 4898/6904/4724
f 4900/6907/4727 4901/6908/4728 4902/6909/4728
f 4901/6908/4728 4900/6907/4727 4903/6910/4729
f 4893/6899/4722 4903/6910/4729 4900/6907/4727
f 4903/6910/4729 4893/6899/4722 4892/6898/4721
f 4904/6911/4730 4905/6912/4731 4906/6913/4731
f 4905/6912/4731 4904/6911/4730 4907/6914/4732
f 4901/6908/4728 4905/6915/4731 4902/6909/4728
f 4905/6915/4731 4901/6908/4728 4906/6916/4731
s 62
f 4908/6917/4733 4909/6918/4734 4910/6919/4735
f 4909/6918/4734 4908/6917/4733 4911/6920/4736
f 4912/6921/4737 4913/6922/4738 4914/6923/4739
f 4913/6922/4738 4912/6921/4737 4915/6924/4740
f 4910/6919/4735 4912/6921/4737 4914/6923/4739
f 4912/6921/4737 4910/6919/4735 4909/6918/4734
f 4780/6925/4741 4899/6926/4741 4915/6924/4740
f 4915/6924/4740 4899/6926/4741 4913/6922/4738
f 4916/6927/4742 4917/6928/4743 4918/6929/4744
f 4917/6928/4743 4916/6927/4742 4919/6930/4742
f 4908/6917/4733 4918/6929/4744 4917/6928/4743
f 4908/6917/4733 4917/6928/4743 4911/6920/4736
f 4920/6931/4745 4921/6932/4746 4922/6933/4747
f 4922/6933/4747 4921/6932/4746 4923/6934/4748
f 4922/6935/4747 4923/6936/4748 4916/6927/4742
f 4916/6927/4742 4923/6936/4748 4919/6930/4742
s 63
f 4924/6937/4749 4925/6938/4750 4926/6939/4751
f 4925/6940/4750 4927/6941/4752 4926/6942/4751
s 64
f 4928/6943/4753 4929/6944/4754 4930/6945/4755
f 4928/6943/4753 4930/6945/4755 4931/6946/4755
f 4932/6947/4756 4933/6948/4757 4929/6949/4754
f 4932/6947/4756 4929/6949/4754 4928/6950/4753
s 65
f 4934/6951/4758 4935/6952/4759 4936/6953/4759
f 4935/6952/4759 4934/6951/4758 4937/6954/4758
f 4938/6955/4760 4936/6953/4759 4935/6952/4759
f 4938/6955/4760 4935/6952/4759 4939/6956/4760
s 66
f 4940/6957/1210 4941/6958/4761 4942/6959/1210
f 4942/6959/1210 4941/6958/4761 4943/6960/4761
f 4941/6961/4761 4944/6962/1212 4943/6963/4761
f 4944/6962/1212 4941/6961/4761 4945/6964/1212
s 63
f 4924/6937/4749 4946/6965/4762 4947/6966/4763
f 4924/6937/4749 4948/6967/4764 4925/6938/4750
f 4925/6940/4750 4949/6968/4752 4927/6941/4752
f 4947/6966/4763 4950/6969/4765 4951/6970/4766
f 4951/6970/4766 4950/6969/4765 4952/6971/4767
s 64
f 4953/6972/4768 4954/6973/4769 4930/6945/4755
f 4931/6946/4755 4930/6945/4755 4954/6973/4769
f 4955/6974/4770 4956/6975/4771 4953/6972/4768
f 4954/6973/4769 4953/6972/4768 4956/6975/4771
s 65
f 4934/6951/4758 4957/6976/4772 4937/6954/4758
f 4957/6976/4772 4934/6951/4758 4958/6977/4772
f 4959/6978/4773 4957/6976/4772 4958/6977/4772
f 4957/6976/4772 4959/6978/4773 4960/6979/4773
s 66
f 4961/6980/4774 4942/6959/1210 4962/6981/4774
f 4942/6959/1210 4961/6980/4774 4940/6957/1210
f 4963/6982/4775 4961/6980/4774 4962/6981/4774
f 4961/6980/4774 4963/6982/4775 4964/6983/4776
s 63
f 4947/6966/4763 4946/6965/4762 4950/6969/4765
f 4947/6966/4763 4951/6970/4766 4965/6984/4777
f 4951/6970/4766 4952/6971/4767 4966/6985/4767
f 4924/6937/4749 4926/6939/4751 4946/6965/4762
f 4967/6986/4778 4968/6987/4779 4969/6988/4780
f 4968/6987/4779 4952/6971/4767 4969/6988/4780
s 64
f 4970/6989/4781 4971/6990/4782 4972/6991/4783
f 4971/6990/4782 4970/6989/4781 4973/6992/4782
f 4955/6974/4770 4972/6991/4783 4956/6975/4771
f 4972/6991/4783 4955/6974/4770 4970/6989/4781
s 65
f 4974/6993/4784 4975/6994/4785 4976/6995/4785
f 4975/6994/4785 4974/6993/4784 4977/6996/4784
f 4975/6994/4785 4959/6978/4773 4976/6995/4785
f 4959/6978/4773 4975/6994/4785 4960/6979/4773
s 66
f 4978/6997/1584 4979/6998/4786 4980/6999/1584
f 4980/6999/1584 4979/6998/4786 4981/7000/4787
f 4979/6998/4786 4964/6983/4776 4981/7000/4787
f 4981/7000/4787 4964/6983/4776 4963/6982/4775
s 63
f 4967/6986/4778 4982/7001/4788 4983/7002/4789
f 4967/6986/4778 4984/7003/4790 4968/6987/4779
f 4968/6987/4779 4966/6985/4767 4952/6971/4767
f 4983/7002/4789 4985/7004/4791 4986/7005/4792
f 4986/7005/4792 4985/7004/4791 4987/7006/4793
s 64
f 4988/7007/4794 4971/6990/4782 4973/6992/4782
f 4971/6990/4782 4988/7007/4794 4989/7008/4795
f 4990/7009/4796 4989/7008/4795 4988/7007/4794
f 4989/7008/4795 4990/7009/4796 4991/7010/4797
s 65
f 4992/7011/4798 4974/6993/4784 4993/7012/4798
f 4974/6993/4784 4992/7011/4798 4977/6996/4784
f 4994/7013/4799 4992/7011/4798 4995/7014/4799
f 4992/7011/4798 4993/7012/4798 4995/7014/4799
s 66
f 4996/7015/4800 4978/6997/1584 4980/6999/1584
f 4980/6999/1584 4997/7016/4801 4996/7015/4800
f 4998/7017/4802 4996/7015/4800 4997/7016/4801
f 4997/7016/4801 4999/7018/4803 4998/7017/4802
s 63
f 4983/7002/4789 4982/7001/4788 4985/7004/4791
f 4983/7002/4789 4986/7005/4792 5000/7019/4804
f 4986/7005/4792 4987/7006/4793 5001/7020/4793
f 4967/6986/4778 4969/6988/4780 4982/7001/4788
f 5002/7021/4805 5003/7022/4806 5004/7023/4807
f 5003/7022/4806 4987/7006/4793 5004/7023/4807
s 64
f 5005/7024/4808 5006/7025/4809 5007/7026/4810
f 5005/7024/4808 5007/7026/4810 5008/7027/4810
f 4991/7010/4797 4990/7009/4796 5006/7025/4809
f 4991/7010/4797 5006/7025/4809 5005/7024/4808
s 65
f 5009/7028/4811 5010/7029/4812 5011/7030/4812
f 5010/7029/4812 5009/7028/4811 5012/7031/4811
f 5009/7028/4811 4994/7013/4799 4995/7014/4799
f 4995/7014/4799 5012/7031/4811 5009/7028/4811
s 66
f 5013/7032/4813 5014/7033/4814 5015/7034/4814
f 5014/7033/4814 5013/7032/4813 5016/7035/4813
f 4999/7018/4803 5014/7033/4814 4998/7017/4802
f 5014/7033/4814 4999/7018/4803 5015/7034/4814
s 63
f 5002/7021/4805 5017/7036/4815 5018/7037/4816
f 5002/7021/4805 5019/7038/4817 5003/7022/4806
f 5003/7022/4806 5001/7020/4793 4987/7006/4793
s 67
f 5020/7039/4818 5021/7040/4819 5022/7041/4820
f 5022/7041/4820 5021/7040/4819 5023/7042/4821
s 68
f 5024/7043/4822 5025/7044/4823 5026/7045/4823
f 5025/7044/4823 5024/7043/4822 5027/7046/4822
f 5028/7047/4824 5029/7048/4825 5024/7043/4822
f 5027/7046/4822 5024/7043/4822 5029/7048/4825
s 69
f 5030/7049/4826 5031/7050/4827 5032/7051/4826
f 5031/7050/4827 5030/7049/4826 5033/7052/4827
f 5033/7052/4827 5034/7053/4828 5031/7050/4827
f 5031/7050/4827 5034/7053/4828 5035/7054/4828
s 70
f 5036/7055/4829 5037/7056/4830 5038/7057/4830
f 5038/7057/4830 5039/7058/4829 5036/7055/4829
f 5036/7055/4829 5040/7059/4494 5041/7060/4494
f 5040/7059/4494 5036/7055/4829 5039/7058/4829
s 67
f 5020/7039/4818 5042/7061/4831 5021/7040/4819
f 5022/7041/4820 5023/7042/4821 5043/7062/4821
s 63
f 5002/7021/4805 5004/7023/4807 5017/7036/4815
s 67
f 5044/7063/4832 5045/7064/4833 5046/7065/4834
f 5045/7064/4833 5023/7042/4821 5046/7065/4834
s 68
f 5047/7066/4835 5048/7067/4836 5049/7068/4837
f 5048/7067/4836 5047/7066/4835 5050/7069/4838
f 5028/7047/4824 5049/7068/4837 5029/7048/4825
f 5049/7068/4837 5028/7047/4824 5047/7066/4835
s 69
f 5051/7070/4839 5052/7071/4840 5053/7072/4840
f 5052/7071/4840 5051/7070/4839 5054/7073/4839
f 5034/7053/4828 5053/7072/4840 5052/7071/4840
f 5034/7053/4828 5052/7071/4840 5035/7054/4828
s 70
f 5055/7074/4841 5056/7075/2667 5057/7076/4841
f 5057/7076/4841 5056/7075/2667 5058/7077/2667
f 5040/7059/4494 5057/7076/4841 5041/7060/4494
f 5057/7076/4841 5040/7059/4494 5055/7074/4841
s 67
f 5044/7063/4832 5059/7078/4842 5060/7079/4843
f 5044/7063/4832 5061/7080/4844 5045/7064/4833
f 5045/7064/4833 5043/7062/4821 5023/7042/4821
f 5060/7079/4843 5062/7081/4845 5063/7082/4846
f 5063/7082/4846 5062/7081/4845 5064/7083/4847
s 68
f 5065/7084/4848 5066/7085/4848 5050/7069/4838
f 5048/7067/4836 5050/7069/4838 5066/7085/4848
f 5067/7086/4849 5066/7085/4848 5065/7084/4848
f 5066/7085/4848 5067/7086/4849 5068/7087/4850
s 69
f 5051/7070/4839 5069/7088/4851 5054/7073/4839
f 5069/7088/4851 5051/7070/4839 5070/7089/4851
f 5069/7088/4851 5071/7090/4852 5072/7091/4852
f 5071/7090/4852 5069/7088/4851 5070/7089/4851
s 70
f 5073/7092/4853 5058/7077/2667 5056/7075/2667
f 5056/7075/2667 5074/7093/4854 5073/7092/4853
f 5075/7094/4855 5074/7093/4854 5076/7095/4856
f 5074/7093/4854 5075/7094/4855 5073/7092/4853
s 67
f 5060/7079/4843 5059/7078/4842 5062/7081/4845
f 5060/7079/4843 5063/7082/4846 5077/7096/4857
f 5063/7082/4846 5064/7083/4847 5078/7097/4847
f 5044/7063/4832 5046/7065/4834 5059/7078/4842
f 5079/7098/4858 5080/7099/4859 5081/7100/4860
f 5080/7099/4859 5064/7083/4847 5081/7100/4860
s 68
f 5082/7101/4861 5083/7102/4862 5084/7103/4863
f 5082/7101/4861 5084/7103/4863 5085/7104/4864
f 5068/7087/4850 5067/7086/4849 5083/7102/4862
f 5068/7087/4850 5083/7102/4862 5082/7101/4861
s 69
f 5086/7105/4865 5087/7106/4866 5088/7107/4866
f 5087/7106/4866 5086/7105/4865 5089/7108/4865
f 5087/7106/4866 5071/7090/4852 5088/7107/4866
f 5071/7090/4852 5087/7106/4866 5072/7091/4852
s 70
f 5090/7109/4867 5091/7110/4868 5092/7111/4869
f 5091/7110/4868 5090/7109/4867 5093/7112/4870
f 5093/7112/4870 5076/7095/4856 5091/7110/4868
f 5076/7095/4856 5093/7112/4870 5075/7094/4855
s 67
f 5079/7098/4858 5094/7113/4871 5095/7114/4872
f 5079/7098/4858 5096/7115/4873 5080/7099/4859
f 5080/7099/4859 5078/7097/4847 5064/7083/4847
f 5095/7114/4872 5097/7116/4874 5098/7117/4875
f 5098/7118/4875 5097/7119/4874 5099/7120/4876
s 68
f 5100/7121/4877 5085/7104/4864 5084/7103/4863
f 5085/7104/4864 5100/7121/4877 5101/7122/4878
f 5102/7123/4879 5101/7124/4878 5100/7125/4877
f 5101/7124/4878 5102/7123/4879 5103/7126/4879
s 69
f 5104/7127/4880 5086/7105/4865 5105/7128/4881
f 5086/7105/4865 5104/7127/4880 5089/7108/4865
f 5106/7129/4882 5104/7127/4880 5107/7130/4882
f 5104/7127/4880 5105/7128/4881 5107/7130/4882
s 70
f 5108/7131/4883 5092/7111/4869 5109/7132/4883
f 5092/7111/4869 5108/7131/4883 5090/7109/4867
f 5110/7133/4503 5108/7134/4883 5109/7135/4883
f 5108/7134/4883 5110/7133/4503 5111/7136/4503
s 67
f 5095/7114/4872 5094/7113/4871 5097/7116/4874
f 5095/7114/4872 5098/7117/4875 5112/7137/4884
f 5098/7118/4875 5099/7120/4876 5113/7138/4876
f 5079/7098/4858 5081/7100/4860 5094/7113/4871
f 5114/7139/4885 5115/7140/4886 5116/7141/4887
f 5115/7140/4886 5099/7120/4876 5116/7141/4887
s 68
f 5117/7142/4888 5118/7143/4889 5119/7144/4890
f 5118/7143/4889 5117/7142/4888 5120/7145/4891
f 5102/7123/4879 5119/7144/4890 5103/7126/4879
f 5119/7144/4890 5102/7123/4879 5117/7142/4888
s 69
f 5121/7146/4892 5122/7147/4893 5123/7148/4894
f 5122/7147/4893 5121/7146/4892 5124/7149/4895
f 5121/7146/4892 5106/7129/4882 5107/7130/4882
f 5121/7146/4892 5107/7130/4882 5124/7149/4895
s 70
f 5125/7150/4896 5126/7151/4897 5127/7152/4898
f 5127/7152/4898 5126/7151/4897 5128/7153/4897
f 5126/7151/4897 5110/7133/4503 5128/7153/4897
f 5110/7133/4503 5126/7151/4897 5111/7136/4503
s 67
f 5114/7139/4885 5129/7154/4899 5130/7155/4900
f 5114/7139/4885 5131/7156/4901 5115/7140/4886
f 5115/7140/4886 5113/7138/4876 5099/7120/4876
f 5130/7155/4900 5132/7157/4902 5133/7158/4903
f 5133/7158/4903 5132/7157/4902 5134/7159/4904
s 68
f 5135/7160/4905 5136/7161/4906 5120/7145/4891
f 5118/7143/4889 5120/7145/4891 5136/7161/4906
f 5137/7162/4907 5138/7163/4908 5135/7160/4905
f 5136/7161/4906 5135/7160/4905 5138/7163/4908
s 69
f 5122/7147/4893 5139/7164/4909 5123/7148/4894
f 5139/7164/4909 5122/7147/4893 5140/7165/4909
f 5140/7165/4909 5141/7166/4910 5139/7164/4909
f 5139/7164/4909 5141/7166/4910 5142/7167/4910
s 70
f 5143/7168/4911 5125/7150/4896 5127/7152/4898
f 5125/7150/4896 5143/7168/4911 5144/7169/4912
f 5145/7170/4913 5144/7169/4912 5143/7168/4911
f 5144/7169/4912 5145/7170/4913 5146/7171/4914
s 67
f 5130/7155/4900 5129/7154/4899 5132/7157/4902
f 5130/7155/4900 5133/7158/4903 5147/7172/4915
f 5133/7158/4903 5134/7159/4904 5148/7173/4904
f 5114/7139/4885 5116/7141/4887 5129/7154/4899
f 5149/7174/4916 5150/7175/4917 5151/7176/4918
f 5150/7175/4917 5134/7159/4904 5151/7176/4918
s 68
f 5152/7177/4919 5153/7178/4920 5154/7179/4921
f 5152/7177/4919 5154/7179/4921 5155/7180/4921
f 5137/7162/4907 5154/7179/4921 5138/7163/4908
f 5154/7179/4921 5137/7162/4907 5155/7180/4921
s 69
f 5156/7181/4922 5157/7182/4923 5158/7183/4923
f 5157/7182/4923 5156/7181/4922 5159/7184/4922
f 5141/7166/4910 5158/7183/4923 5157/7182/4923
f 5141/7166/4910 5157/7182/4923 5142/7167/4910
s 70
f 5160/7185/3329 5161/7186/4924 5162/7187/3329
f 5162/7187/3329 5161/7186/4924 5163/7188/4925
f 5161/7186/4924 5146/7171/4914 5163/7188/4925
f 5163/7188/4925 5146/7171/4914 5145/7170/4913
s 67
f 5149/7174/4916 5164/7189/4926 5165/7190/4927
f 5149/7174/4916 5166/7191/4928 5150/7175/4917
f 5150/7175/4917 5148/7173/4904 5134/7159/4904
f 5165/7190/4927 5167/7192/4929 5168/7193/4930
f 5168/7193/4930 5167/7192/4929 5169/7194/4931
s 68
f 5170/7195/4932 5153/7178/4920 5152/7177/4919
f 5153/7178/4920 5170/7195/4932 5171/7196/4933
f 5172/7197/4934 5171/7196/4933 5170/7195/4932
f 5171/7196/4933 5172/7197/4934 5173/7198/4934
s 69
f 5156/7181/4922 5174/7199/4935 5159/7184/4922
f 5174/7199/4935 5156/7181/4922 5175/7200/4935
f 5174/7199/4935 5176/7201/4936 5177/7202/4936
f 5176/7201/4936 5174/7199/4935 5175/7200/4935
s 70
f 5178/7203/4937 5162/7187/3329 5179/7204/4937
f 5162/7187/3329 5178/7203/4937 5160/7185/3329
f 5180/7205/4938 5178/7203/4937 5179/7204/4937
f 5178/7203/4937 5180/7205/4938 5181/7206/4938
s 67
f 5165/7190/4927 5164/7189/4926 5167/7192/4929
f 5165/7190/4927 5168/7193/4930 5182/7207/4939
f 5168/7193/4930 5169/7194/4931 5183/7208/4940
f 5149/7174/4916 5151/7176/4918 5164/7189/4926
s 63
f 5184/7209/4941 5185/7210/4942 5186/7211/4943
f 5185/7210/4942 5187/7212/4944 5186/7211/4943
s 64
f 5188/7213/4945 5189/7214/4946 5190/7215/4947
f 5189/7214/4946 5188/7213/4945 5191/7216/4948
f 5189/7214/4946 5191/7216/4948 5192/7217/4949
f 5189/7214/4946 5192/7217/4949 5193/7218/4949
s 65
f 5194/7219/4950 5195/7220/4951 5196/7221/4951
f 5195/7220/4951 5194/7219/4950 5197/7222/4950
f 5195/7220/4951 5198/7223/4952 5196/7221/4951
f 5198/7223/4952 5195/7220/4951 5199/7224/4953
s 66
f 5200/7225/3677 5201/7226/4954 5202/7227/3677
f 5202/7227/3677 5201/7226/4954 5203/7228/4954
f 5201/7226/4954 5204/7229/4955 5203/7228/4954
f 5204/7229/4955 5201/7226/4954 5205/7230/4955
s 63
f 5184/7209/4941 5206/7231/4956 5207/7232/4957
f 5184/7209/4941 5208/7233/4958 5185/7210/4942
f 5185/7210/4942 5209/7234/4944 5187/7212/4944
f 5207/7232/4957 5210/7235/4959 5211/7236/4960
f 5211/7236/4960 5210/7235/4959 5212/7237/4961
s 64
f 5213/7238/4962 5190/7215/4947 5214/7239/4963
f 5190/7215/4947 5213/7238/4962 5188/7213/4945
f 5215/7240/4964 5214/7239/4963 5216/7241/4965
f 5214/7239/4963 5215/7240/4964 5213/7238/4962
s 65
f 5217/7242/4966 5194/7219/4950 5218/7243/4966
f 5194/7219/4950 5217/7242/4966 5197/7222/4950
f 5219/7244/4967 5217/7242/4966 5220/7245/4967
f 5217/7242/4966 5218/7243/4966 5220/7245/4967
s 66
f 5221/7246/4968 5202/7227/3677 5222/7247/4968
f 5202/7227/3677 5221/7246/4968 5200/7225/3677
f 5223/7248/4969 5221/7246/4968 5222/7247/4968
f 5221/7246/4968 5223/7248/4969 5224/7249/4970
s 63
f 5207/7232/4957 5206/7231/4956 5210/7235/4959
f 5207/7232/4957 5211/7236/4960 5225/7250/4971
f 5211/7236/4960 5212/7237/4961 5226/7251/4961
f 5184/7209/4941 5186/7211/4943 5206/7231/4956
f 5227/7252/4972 5228/7253/4973 5229/7254/4974
f 5228/7253/4973 5212/7237/4961 5229/7254/4974
s 64
f 5230/7255/4975 5231/7256/4976 5232/7257/4975
f 5231/7256/4976 5230/7255/4975 5233/7258/4977
f 5233/7258/4977 5216/7241/4965 5231/7256/4976
f 5216/7241/4965 5233/7258/4977 5215/7240/4964
s 65
f 5234/7259/4978 5235/7260/4979 5236/7261/4979
f 5235/7260/4979 5234/7259/4978 5237/7262/4978
f 5234/7259/4978 5219/7244/4967 5220/7245/4967
f 5220/7245/4967 5237/7262/4978 5234/7259/4978
s 66
f 5238/7263/4025 5239/7264/4980 5240/7265/4025
f 5240/7265/4025 5239/7264/4980 5241/7266/4981
f 5239/7264/4980 5224/7249/4970 5241/7266/4981
f 5241/7266/4981 5224/7249/4970 5223/7248/4969
s 63
f 5227/7252/4972 5242/7267/4982 5243/7268/4983
f 5227/7252/4972 5244/7269/4984 5228/7253/4973
f 5228/7253/4973 5226/7251/4961 5212/7237/4961
f 5243/7268/4983 5245/7270/4985 5246/7271/4986
f 5246/7271/4986 5245/7270/4985 4927/6941/4752
s 64
f 5247/7272/4987 5230/7255/4975 5232/7257/4975
f 5230/7255/4975 5247/7272/4987 5248/7273/4988
f 4933/6948/4757 5248/7273/4988 5247/7272/4987
f 5248/7273/4988 4933/6948/4757 4932/6947/4756
s 65
f 5235/7260/4979 5249/7274/4989 5236/7261/4979
f 5249/7274/4989 5235/7260/4979 5250/7275/4989
f 5250/7275/4989 4938/6955/4760 5249/7274/4989
f 5249/7274/4989 4938/6955/4760 4939/6956/4760
s 66
f 5251/7276/4990 5240/7265/4025 5252/7277/4990
f 5240/7265/4025 5251/7276/4990 5238/7263/4025
f 4944/6962/1212 5251/7276/4990 5252/7277/4990
f 5251/7276/4990 4944/6962/1212 4945/6964/1212
s 63
f 5243/7268/4983 5242/7267/4982 5245/7270/4985
f 5243/7268/4983 5246/7271/4986 5253/7278/4991
f 5246/7271/4986 4927/6941/4752 4949/6968/4752
f 5227/7252/4972 5229/7254/4974 5242/7267/4982
s 67
f 5254/7279/4992 5020/7039/4818 5022/7041/4820
s 71
f 5255/7280/4993 5256/7281/4993 5257/7282/4993
f 5256/7281/4993 5258/7283/4993 5257/7282/4993
f 5258/7283/4993 5259/7284/4993 5257/7282/4993
f 5259/7284/4993 5260/7285/4993 5257/7282/4993
f 5260/7285/4993 5261/7286/4993 5257/7282/4993
f 5261/7286/4993 5262/7287/4993 5257/7282/4993
f 5262/7287/4993 5263/7288/4993 5257/7282/4993
f 5263/7288/4993 5264/7289/4993 5257/7282/4993
f 5264/7289/4993 5255/7280/4993 5257/7282/4993
s 72
g LLANTA_EXT_Brakedisc
usemtl EXT_Brakedisc
f 5265/7290/4476 5266/7291/4476 5267/7292/4476
f 5266/7291/4476 5265/7290/4476 5268/7293/4476
s 73
f 5269/7294/4994 5270/7295/4994 5271/7296/4994
f 5270/7295/4994 5272/7297/4994 5271/7296/4994
s 74
f 5273/7298/4993 5274/7299/4993 5275/7300/4993
s 75
f 5276/7301/4995 5277/7302/4995 5278/7303/4995
f 5277/7302/4995 5279/7304/4995 5278/7303/4995
s 74
f 5274/7299/4993 5280/7305/4993 5275/7300/4993
s 76
f 5281/7306/2667 5282/7307/2667 5283/7308/2667
f 5282/7307/2667 5284/7309/2667 5283/7308/2667
s 74
f 5280/7305/4993 5285/7310/4993 5275/7300/4993
s 77
f 5286/7311/4996 5287/7312/4996 5288/7313/4996
f 5287/7312/4996 5286/7311/4996 5289/7314/4996
s 74
f 5285/7310/4993 5290/7315/4993 5275/7300/4993
s 78
f 5291/7316/4997 5292/7317/4997 5293/7318/4997
f 5292/7317/4997 5291/7316/4997 5294/7319/4997
s 74
f 5290/7315/4993 5295/7320/4993 5275/7300/4993
s 79
f 5296/7321/4998 5297/7322/4998 5298/7323/4998
f 5297/7322/4998 5296/7321/4998 5299/7324/4998
s 74
f 5295/7320/4993 5300/7325/4993 5275/7300/4993
s 80
f 5301/7326/4999 5302/7327/4999 5303/7328/4999
f 5302/7327/4999 5301/7326/4999 5304/7329/4999
s 74
f 5300/7325/4993 5305/7330/4993 5275/7300/4993
s 81
f 5306/7331/4503 5307/7332/4503 5308/7333/4503
f 5307/7332/4503 5306/7331/4503 5309/7321/4503
s 74
f 5305/7330/4993 5310/7334/4993 5275/7300/4993
s 82
f 5311/7335/5000 5312/7336/5000 5313/7337/5000
f 5312/7336/5000 5311/7335/5000 5314/7338/5000
s 74
f 5310/7334/4993 5315/7339/4993 5275/7300/4993
s 83
f 5316/7340/5001 5317/7341/5001 5318/7342/5001
f 5317/7341/5001 5316/7340/5001 5319/7343/5001
s 74
f 5315/7339/4993 5320/7344/4993 5275/7300/4993
s 84
f 5321/7345/5002 5322/7346/5002 5323/7347/5002
f 5322/7346/5002 5321/7345/5002 5324/7348/5002
s 74
f 5320/7344/4993 5325/7349/4993 5275/7300/4993
s 85
f 5326/7350/5003 5327/7351/5003 5328/7352/5003
f 5327/7351/5003 5326/7350/5003 5329/7353/5003
s 74
f 5325/7349/4993 5330/7354/4993 5275/7300/4993
s 86
f 5331/7355/3329 5332/7356/3329 5333/7357/3329
f 5332/7356/3329 5331/7355/3329 5334/7358/3329
s 74
f 5330/7354/4993 5335/7359/4993 5275/7300/4993
s 87
f 5336/7360/5004 5337/7361/5004 5338/7362/5004
f 5337/7361/5004 5336/7360/5004 5339/7363/5004
s 74
f 5335/7359/4993 5340/7364/4993 5275/7300/4993
s 88
f 5341/7365/5005 5342/7366/5005 5343/7367/5005
f 5342/7366/5005 5341/7365/5005 5344/7368/5005
s 74
f 5340/7364/4993 5345/7369/4993 5275/7300/4993
s 89
f 5346/7370/5006 5347/7371/5006 5348/7372/5006
f 5347/7371/5006 5346/7370/5006 5349/7373/5006
s 74
f 5345/7369/4993 5350/7374/4993 5275/7300/4993
s 90
f 5351/7375/5007 5352/7376/5007 5353/7377/5007
f 5352/7376/5007 5351/7375/5007 5354/7378/5007
s 74
f 5350/7374/4993 5355/7379/4993 5275/7300/4993
f 5355/7379/4993 5356/7380/4993 5275/7300/4993
s 91
f 5357/7381/5008 5358/7382/5008 5359/7383/5008
f 5358/7382/5008 5357/7381/5008 5360/7384/5008
s 74
f 5356/7380/4993 5361/7385/4993 5275/7300/4993
s 92
f 5362/7386/5009 5363/7387/5009 5364/7388/5009
f 5363/7387/5009 5362/7386/5009 5365/7389/5009
s 74
f 5361/7385/4993 5366/7390/4993 5275/7300/4993
s 93
f 5367/7391/5010 5368/7392/5010 5369/7393/5010
f 5368/7392/5010 5367/7391/5010 5370/7394/5010
s 74
f 5366/7390/4993 5371/7395/4993 5275/7300/4993
s 94
f 5372/7396/5011 5373/7397/5011 5374/7398/5011
f 5373/7397/5011 5372/7396/5011 5375/7399/5011
s 74
f 5371/7395/4993 5376/7400/4993 5275/7300/4993
s 95
f 5377/7401/1210 5378/7402/1210 5379/7403/1210
f 5378/7402/1210 5377/7401/1210 5380/7404/1210
s 74
f 5376/7400/4993 5381/7405/4993 5275/7300/4993
s 96
f 5382/7406/5012 5383/7407/5012 5384/7408/5012
f 5383/7407/5012 5382/7406/5012 5385/7409/5012
s 74
f 5381/7405/4993 5386/7410/4993 5275/7300/4993
s 97
f 5387/7411/5013 5388/7412/5013 5389/7413/5013
f 5388/7412/5013 5387/7411/5013 5390/7414/5013
s 74
f 5386/7410/4993 5391/7415/4993 5275/7300/4993
s 98
f 5392/7416/5014 5393/7417/5014 5394/7418/5014
f 5393/7417/5014 5392/7416/5014 5395/7419/5014
s 74
f 5391/7415/4993 5396/7420/4993 5275/7300/4993
s 99
f 5397/7412/5015 5398/7421/5015 5399/7422/5015
f 5398/7421/5015 5400/7423/5015 5399/7422/5015
s 74
f 5396/7420/4993 5401/7424/4993 5275/7300/4993
s 100
f 5402/7425/4489 5403/7426/4489 5404/7427/4489
f 5403/7426/4489 5405/7428/4489 5404/7427/4489
s 74
f 5401/7424/4993 5406/7429/4993 5275/7300/4993
s 101
f 5407/7430/5016 5408/7431/5016 5409/7432/5016
f 5408/7431/5016 5410/7433/5016 5409/7432/5016
s 74
f 5406/7429/4993 5411/7434/4993 5275/7300/4993
s 102
f 5412/7435/5017 5413/7436/5017 5414/7437/5017
f 5413/7436/5017 5415/7438/5017 5414/7437/5017
s 74
f 5411/7434/4993 5273/7298/4993 5275/7300/4993
s 103
f 5416/7439/4356 5417/7440/4356 5418/7441/4356
f 5417/7440/4356 5416/7439/4356 5419/7442/4356
f 5420/7443/4356 5421/7444/4356 5417/7440/4356
f 5420/7443/4356 5417/7440/4356 5419/7442/4356
f 5422/7445/4356 5423/7446/4356 5416/7439/4356
f 5416/7439/4356 5418/7441/4356 5422/7445/4356
f 5421/7444/4356 5424/7447/4356 5425/7448/4356
f 5424/7447/4356 5421/7444/4356 5420/7443/4356
f 5426/7449/4356 5427/7450/4356 5423/7446/4356
f 5426/7449/4356 5423/7446/4356 5422/7445/4356
f 5428/7451/4356 5424/7447/4356 5429/7452/4356
f 5424/7447/4356 5428/7451/4356 5425/7448/4356
f 5430/7453/4356 5426/7449/4356 5431/7454/4356
f 5426/7449/4356 5430/7453/4356 5427/7450/4356
f 5432/7455/4356 5429/7452/4356 5433/7456/4356
f 5429/7452/4356 5432/7455/4356 5428/7451/4356
f 5430/7453/4356 5434/7457/4356 5435/7458/4356
f 5434/7457/4356 5430/7453/4356 5431/7454/4356
f 5436/7459/4356 5432/7455/4356 5433/7456/4356
f 5432/7455/4356 5436/7459/4356 5437/7460/4356
f 5435/7458/4356 5438/7461/4356 5439/7462/4356
f 5438/7461/4356 5435/7458/4356 5434/7457/4356
f 5436/7459/4356 5440/7463/4356 5437/7460/4356
f 5440/7463/4356 5436/7459/4356 5441/7464/4356
f 5438/7461/4356 5442/7465/4356 5439/7462/4356
f 5442/7465/4356 5438/7461/4356 5443/7466/4356
f 5441/7464/4356 5444/7467/4356 5440/7463/4356
f 5444/7467/4356 5441/7464/4356 5445/7468/4356
f 5446/7469/4356 5442/7465/4356 5443/7466/4356
f 5442/7465/4356 5446/7469/4356 5447/7470/4356
f 5444/7467/4356 5445/7468/4356 5448/7471/4356
f 5444/7467/4356 5448/7471/4356 5449/7472/4356
f 5446/7469/4356 5450/7473/4356 5447/7470/4356
f 5450/7473/4356 5446/7469/4356 5451/7474/4356
f 5449/7472/4356 5448/7471/4356 5452/7475/4356
f 5452/7475/4356 5453/7476/4356 5449/7472/4356
f 5450/7473/4356 5451/7474/4356 5454/7477/4356
f 5450/7473/4356 5454/7477/4356 5455/7478/4356
f 5452/7475/4356 5456/7479/4356 5453/7476/4356
f 5456/7479/4356 5452/7475/4356 5457/7480/4356
f 5458/7481/4356 5459/7482/4356 5455/7478/4356
f 5455/7478/4356 5454/7477/4356 5458/7481/4356
f 5457/7480/4356 5460/7483/4356 5456/7479/4356
f 5460/7483/4356 5461/7484/4356 5456/7479/4356
f 5462/7485/4356 5458/7481/4356 5463/7486/4356
f 5458/7481/4356 5462/7485/4356 5459/7482/4356
f 5464/7487/4356 5460/7483/4356 5465/7488/4356
f 5460/7483/4356 5464/7487/4356 5461/7484/4356
f 5466/7489/4356 5463/7486/4356 5467/7490/4356
f 5463/7486/4356 5466/7489/4356 5462/7485/4356
f 5464/7487/4356 5468/7491/4356 5469/7492/4356
f 5468/7491/4356 5464/7487/4356 5465/7488/4356
f 5470/7493/4356 5471/7494/4356 5466/7489/4356
f 5470/7493/4356 5466/7489/4356 5467/7490/4356
f 5469/7492/4356 5472/7495/4356 5473/7496/4356
f 5472/7495/4356 5469/7492/4356 5468/7491/4356
f 5471/7494/4356 5474/7497/4356 5475/7498/4356
f 5474/7497/4356 5471/7494/4356 5470/7493/4356
f 5475/7498/4356 5473/7496/4356 5472/7495/4356
f 5473/7496/4356 5475/7498/4356 5474/7497/4356
s 104
f 5476/7499/4356 5477/7500/4356 5478/7501/4356
f 5479/7502/4356 5477/7500/4356 5476/7499/4356
f 5478/7501/4356 5477/7500/4356 5480/7503/4356
f 5481/7504/4356 5477/7500/4356 5479/7502/4356
f 5480/7503/4356 5477/7500/4356 5482/7505/4356
f 5483/7506/4356 5477/7500/4356 5481/7504/4356
f 5482/7505/4356 5477/7500/4356 5484/7507/4356
f 5485/7508/4356 5477/7500/4356 5483/7506/4356
f 5484/7507/4356 5477/7500/4356 5486/7509/4356
f 5487/7510/4356 5477/7500/4356 5485/7508/4356
f 5486/7509/4356 5477/7500/4356 5488/7511/4356
f 5489/7512/4356 5477/7500/4356 5487/7510/4356
f 5488/7511/4356 5477/7500/4356 5490/7513/4356
f 5491/7514/4356 5477/7500/4356 5489/7512/4356
f 5490/7513/4356 5477/7500/4356 5492/7515/4356
f 5493/7516/4356 5477/7500/4356 5491/7514/4356
f 5492/7515/4356 5477/7500/4356 5494/7517/4356
f 5495/7518/4356 5477/7500/4356 5493/7516/4356
f 5494/7517/4356 5477/7500/4356 5496/7519/4356
f 5497/7520/4356 5477/7500/4356 5495/7518/4356
f 5496/7519/4356 5477/7500/4356 5498/7521/4356
f 5499/7522/4356 5477/7500/4356 5497/7520/4356
f 5498/7521/4356 5477/7500/4356 5500/7523/4356
f 5501/7524/4356 5477/7500/4356 5499/7522/4356
f 5500/7523/4356 5477/7500/4356 5502/7525/4356
f 5503/7526/4356 5477/7500/4356 5501/7524/4356
f 5502/7525/4356 5477/7500/4356 5504/7527/4356
f 5505/7528/4356 5477/7500/4356 5503/7526/4356
f 5504/7527/4356 5477/7500/4356 5506/7529/4356
f 5506/7529/4356 5477/7500/4356 5505/7528/4356
s 105
f 5507/7530/5018 5508/7531/5018 5509/7532/5019
f 5509/7532/5019 5508/7531/5018 5510/7533/5019
f 5511/7534/5020 5508/7531/5018 5507/7530/5018
f 5508/7531/5018 5511/7534/5020 5512/7535/5021
f 5513/7536/5022 5512/7535/5021 5511/7534/5020
f 5512/7535/5021 5513/7536/5022 5514/7537/5022
f 5515/7538/5023 5513/7539/5022 5516/7540/5024
f 5513/7539/5022 5515/7538/5023 5514/7541/5022
f 5517/7542/5025 5516/7540/5024 5518/7543/5026
f 5516/7540/5024 5517/7542/5025 5515/7538/5023
f 5519/7544/5027 5517/7545/5025 5518/7546/5026
f 5518/7546/5026 5520/7547/5027 5519/7544/5027
f 5519/7544/5027 5521/7548/5028 5522/7549/5028
f 5521/7548/5028 5519/7544/5027 5520/7547/5027
f 5522/7549/5028 5521/7548/5028 5523/7550/5029
f 5521/7548/5028 5524/7551/5029 5523/7550/5029
f 5523/7550/5029 5525/7552/5030 5526/7553/5031
f 5525/7552/5030 5523/7550/5029 5524/7551/5029
f 5526/7553/5031 5527/7554/5032 5528/7555/5032
f 5527/7554/5032 5526/7553/5031 5525/7552/5030
f 5529/7556/5033 5530/7557/5034 5527/7558/5032
f 5528/7559/5032 5527/7558/5032 5530/7557/5034
f 5531/7560/5035 5532/7561/5036 5529/7556/5033
f 5530/7557/5034 5529/7556/5033 5532/7561/5036
f 5533/7562/5037 5534/7563/5037 5531/7564/5035
f 5532/7565/5036 5531/7564/5035 5534/7563/5037
f 5535/7566/5038 5534/7563/5037 5533/7562/5037
f 5534/7563/5037 5535/7566/5038 5536/7567/5039
f 5536/7567/5039 5537/7568/5040 5538/7569/5041
f 5537/7568/5040 5536/7567/5039 5535/7566/5038
f 5538/7569/5041 5539/7570/5042 5540/7571/5043
f 5539/7570/5042 5538/7569/5041 5537/7568/5040
f 5540/7571/5043 5541/7572/5044 5542/7573/5045
f 5541/7572/5044 5540/7571/5043 5539/7570/5042
f 5542/7573/5045 5543/7574/5046 5544/7575/5046
f 5543/7574/5046 5542/7573/5045 5541/7572/5044
f 5545/7576/5047 5546/7577/5048 5543/7578/5046
f 5544/7579/5046 5543/7578/5046 5546/7577/5048
f 5547/7580/5049 5548/7581/5049 5545/7576/5047
f 5546/7577/5048 5545/7576/5047 5548/7581/5049
f 5549/7582/5050 5548/7583/5049 5547/7584/5049
f 5548/7583/5049 5549/7582/5050 5550/7585/5050
f 5551/7586/5051 5549/7582/5050 5552/7587/5052
f 5549/7582/5050 5551/7586/5051 5550/7585/5050
f 5553/7588/5053 5552/7587/5052 5554/7589/5053
f 5552/7587/5052 5553/7588/5053 5551/7586/5051
f 5553/7588/5053 5555/7590/5054 5556/7591/5055
f 5555/7590/5054 5553/7588/5053 5554/7589/5053
f 5556/7591/5055 5557/7592/5056 5558/7593/5056
f 5557/7592/5056 5556/7591/5055 5555/7590/5054
f 5559/7594/5057 5560/7595/5058 5557/7596/5056
f 5558/7597/5056 5557/7596/5056 5560/7595/5058
f 5561/7598/5059 5562/7599/5060 5559/7594/5057
f 5560/7595/5058 5559/7594/5057 5562/7599/5060
f 5563/7600/5061 5564/7601/5062 5561/7602/5059
f 5562/7603/5060 5561/7602/5059 5564/7601/5062
f 5565/7604/5063 5566/7605/5063 5563/7600/5061
f 5564/7601/5062 5563/7600/5061 5566/7605/5063
f 5509/7532/5019 5566/7605/5063 5565/7604/5063
f 5566/7605/5063 5509/7532/5019 5510/7533/5019
s 106
f 5567/7606/5064 5568/7607/5065 5569/7608/5065
f 5568/7607/5065 5567/7606/5064 5570/7609/5066
f 5571/7610/5067 5570/7609/5066 5567/7606/5064
f 5570/7609/5066 5571/7610/5067 5572/7611/5068
f 5573/7612/5069 5569/7608/5065 5568/7607/5065
f 5573/7612/5069 5568/7607/5065 5574/7613/5069
f 5575/7614/5070 5572/7611/5068 5571/7610/5067
f 5572/7611/5068 5575/7614/5070 5576/7615/5070
f 5573/7612/5069 5577/7616/5071 5578/7617/5071
f 5577/7616/5071 5573/7612/5069 5574/7613/5069
f 5575/7618/5070 5579/7619/5072 5580/7620/5073
f 5580/7620/5073 5576/7621/5070 5575/7618/5070
f 5581/7622/5074 5577/7616/5071 5582/7623/5075
f 5581/7622/5074 5578/7617/5071 5577/7616/5071
f 5579/7619/5072 5583/7624/5076 5584/7625/5077
f 5584/7625/5077 5580/7620/5073 5579/7619/5072
f 5585/7626/5078 5582/7627/5075 5586/7628/5079
f 5582/7627/5075 5585/7626/5078 5581/7629/5074
f 5587/7630/5080 5584/7631/5077 5583/7632/5076
f 5587/7630/5080 5583/7632/5076 5588/7633/5081
f 5589/7634/5082 5586/7628/5079 5590/7635/5082
f 5586/7628/5079 5589/7634/5082 5585/7626/5078
f 5588/7633/5081 5591/7636/5083 5587/7630/5080
f 5591/7636/5083 5588/7633/5081 5592/7637/5084
f 5593/7638/5085 5589/7639/5082 5590/7640/5082
f 5589/7639/5082 5593/7638/5085 5594/7641/5086
f 5592/7637/5084 5595/7642/5087 5591/7636/5083
f 5595/7642/5087 5592/7637/5084 5596/7643/5087
f 5597/7644/5088 5594/7641/5086 5593/7638/5085
f 5594/7641/5086 5597/7644/5088 5598/7645/5088
f 5595/7642/5087 5599/7646/5089 5600/7647/5090
f 5599/7646/5089 5595/7642/5087 5596/7643/5087
f 5601/7648/5091 5598/7645/5088 5597/7644/5088
f 5597/7644/5088 5602/7649/5092 5601/7648/5091
f 5600/7647/5090 5603/7650/5093 5604/7651/5093
f 5603/7650/5093 5600/7647/5090 5599/7646/5089
f 5605/7652/5094 5601/7648/5091 5602/7649/5092
f 5605/7652/5094 5602/7649/5092 5606/7653/5094
f 5603/7654/5093 5607/7655/5095 5604/7656/5093
f 5607/7655/5095 5603/7654/5093 5608/7657/5096
f 5605/7652/5094 5609/7658/5097 5610/7659/5097
f 5609/7658/5097 5605/7652/5094 5606/7653/5094
f 5608/7657/5096 5611/7660/5098 5607/7655/5095
f 5611/7660/5098 5608/7657/5096 5612/7661/5099
f 5613/7662/5100 5609/7663/5097 5614/7664/5101
f 5613/7662/5100 5610/7665/5097 5609/7663/5097
f 5612/7666/5099 5615/7667/5102 5611/7668/5098
f 5612/7666/5099 5616/7669/5102 5615/7667/5102
f 5617/7670/5103 5614/7664/5101 5618/7671/5103
f 5614/7664/5101 5617/7670/5103 5613/7662/5100
f 5619/7672/5104 5615/7667/5102 5616/7669/5102
f 5615/7667/5102 5619/7672/5104 5620/7673/5105
f 5621/7674/5106 5617/7675/5103 5618/7676/5103
f 5617/7675/5103 5621/7674/5106 5622/7677/5107
f 5620/7673/5105 5623/7678/5108 5624/7679/5109
f 5623/7678/5108 5620/7673/5105 5619/7672/5104
f 5625/7680/5110 5622/7677/5107 5621/7674/5106
f 5622/7677/5107 5625/7680/5110 5626/7681/5111
f 5624/7679/5109 5626/7681/5111 5625/7680/5110
f 5626/7681/5111 5624/7679/5109 5623/7678/5108
s 107
f 5627/7682/4356 5628/7683/4356 5629/7684/4356
f 5627/7682/4356 5629/7684/4356 5630/7685/4356
f 5631/7686/4356 5629/7684/4356 5628/7683/4356
f 5629/7684/4356 5631/7686/4356 5632/7687/4356
f 5627/7682/4356 5633/7688/4356 5634/7689/4356
f 5633/7688/4356 5627/7682/4356 5630/7685/4356
f 5635/7690/4356 5632/7687/4356 5631/7686/4356
f 5632/7687/4356 5635/7690/4356 5636/7691/4356
f 5637/7692/4356 5634/7689/4356 5633/7688/4356
f 5634/7689/4356 5637/7692/4356 5638/7693/4356
f 5639/7694/4356 5640/7695/4356 5635/7690/4356
f 5640/7695/4356 5636/7691/4356 5635/7690/4356
f 5641/7696/4356 5637/7692/4356 5642/7697/4356
f 5637/7692/4356 5641/7696/4356 5638/7693/4356
f 5640/7695/4356 5643/7698/4356 5644/7699/4356
f 5643/7698/4356 5640/7695/4356 5639/7694/4356
f 5645/7700/4356 5642/7697/4356 5646/7701/4356
f 5642/7697/4356 5645/7700/4356 5641/7696/4356
f 5644/7699/4356 5643/7698/4356 5647/7702/4356
f 5647/7702/4356 5643/7698/4356 5648/7703/4356
f 5649/7704/4356 5645/7700/4356 5646/7701/4356
f 5645/7700/4356 5649/7704/4356 5650/7705/4356
f 5647/7702/4356 5651/7706/4356 5652/7707/4356
f 5651/7706/4356 5647/7702/4356 5648/7703/4356
f 5649/7704/4356 5653/7708/4356 5654/7709/4356
f 5649/7704/4356 5654/7709/4356 5650/7705/4356
f 5651/7706/4356 5655/7710/4356 5652/7707/4356
f 5655/7710/4356 5651/7706/4356 5656/7711/4356
f 5654/7709/4356 5657/7712/4356 5658/7713/4356
f 5657/7712/4356 5654/7709/4356 5653/7708/4356
f 5656/7711/4356 5659/7714/4356 5655/7710/4356
f 5659/7714/4356 5656/7711/4356 5660/7715/4356
f 5658/7713/4356 5657/7712/4356 5661/7716/4356
f 5657/7712/4356 5662/7717/4356 5661/7716/4356
f 5663/7718/4356 5659/7714/4356 5660/7715/4356
f 5659/7714/4356 5663/7718/4356 5664/7719/4356
f 5661/7716/4356 5665/7720/4356 5666/7721/4356
f 5665/7720/4356 5661/7716/4356 5662/7717/4356
f 5663/7718/4356 5667/7722/4356 5668/7723/4356
f 5663/7718/4356 5668/7723/4356 5664/7719/4356
f 5666/7721/4356 5669/7724/4356 5670/7725/4356
f 5669/7724/4356 5666/7721/4356 5665/7720/4356
f 5671/7726/4356 5668/7723/4356 5667/7722/4356
f 5668/7723/4356 5671/7726/4356 5672/7727/4356
f 5673/7728/4356 5670/7725/4356 5669/7724/4356
f 5673/7728/4356 5669/7724/4356 5674/7729/4356
f 5675/7730/4356 5676/7731/4356 5671/7726/4356
f 5676/7731/4356 5672/7727/4356 5671/7726/4356
f 5677/7732/4356 5674/7729/4356 5678/7733/4356
f 5674/7729/4356 5677/7732/4356 5673/7728/4356
f 5676/7731/4356 5679/7734/4356 5680/7735/4356
f 5679/7734/4356 5676/7731/4356 5675/7730/4356
f 5681/7736/4356 5677/7732/4356 5678/7733/4356
f 5677/7732/4356 5681/7736/4356 5682/7737/4356
f 5680/7735/4356 5683/7738/4356 5684/7739/4356
f 5683/7738/4356 5680/7735/4356 5679/7734/4356
f 5685/7740/4356 5682/7737/4356 5681/7736/4356
f 5682/7737/4356 5685/7740/4356 5686/7741/4356
f 5683/7738/4356 5685/7740/4356 5684/7739/4356
f 5685/7740/4356 5683/7738/4356 5686/7741/4356
