# Blender 4.5.3 LTS
# www.blender.org
mtllib mango.mtl
g Mango_Mesh
v 0.000917 -0.002403 -0.013092
v 0.010051 -0.000548 -0.013299
v 0.001128 -0.005084 -0.000987
v 0.010840 -0.002648 -0.000196
v -0.043298 0.131255 -0.002611
v -0.019401 0.138206 -0.004665
v -0.041075 0.124816 0.022947
v -0.019001 0.131463 0.024924
v -0.040486 0.055375 0.036503
v 0.019366 0.068681 0.042012
v -0.045189 0.066049 -0.034263
v 0.014293 0.081168 -0.038657
v -0.000947 0.104771 0.033610
v -0.048932 0.106614 -0.021003
v -0.041882 0.094086 0.029665
v -0.000888 0.117857 -0.023937
v -0.030866 0.016557 0.034486
v 0.020147 0.043576 -0.041026
v 0.029745 0.029322 0.038074
v -0.032701 0.030434 -0.035815
v -0.014013 -0.006124 0.017826
v 0.017598 0.012656 -0.029371
v 0.023531 0.001006 0.020853
v -0.014446 0.006139 -0.027688
v 0.004715 -0.005455 -0.005512
v 0.004591 -0.005149 -0.009674
v 0.008916 -0.004820 -0.010162
v 0.008641 -0.004809 -0.005460
v -0.000838 -0.004387 -0.007089
v 0.012418 -0.001913 -0.006874
v -0.043834 0.130125 0.010730
v -0.018005 0.138146 0.010625
v 0.028985 0.076712 0.000207
v -0.051126 0.058740 0.001465
v 0.009284 0.112549 0.004981
v -0.052343 0.098903 0.005537
v -0.043305 0.021855 -0.001470
v 0.039657 0.038865 -0.004124
v -0.022004 -0.002364 -0.005397
v 0.029720 0.005877 -0.005922
v 0.004397 -0.005436 -0.007652
v 0.009216 -0.004989 -0.007763
v 0.005610 -0.001016 -0.014672
v 0.005972 -0.003419 0.001083
v -0.031725 0.131142 0.026682
v -0.032982 0.137612 -0.004389
v -0.016980 0.076708 -0.052489
v -0.011262 0.059644 0.057088
v -0.026988 0.117098 -0.034524
v -0.021784 0.098102 0.040961
v -0.000176 0.018194 0.050999
v -0.007292 0.038200 -0.048771
v 0.004734 -0.002746 0.025431
v 0.001436 0.011078 -0.033611
v 0.006724 -0.005714 -0.010448
v 0.006785 -0.005380 -0.005196
v 0.006832 -0.005551 -0.007767
v -0.033426 0.138369 0.011460
v -0.000805 -0.004186 -0.008912
v -0.000446 -0.003502 -0.010509
v 0.000110 -0.002970 -0.011964
v 0.006801 -0.000789 -0.014674
v 0.007987 -0.000684 -0.014578
v 0.009055 -0.000519 -0.014097
v 0.012305 -0.002000 -0.004909
v 0.012085 -0.002252 -0.003078
v 0.011634 -0.002551 -0.001455
v 0.004646 -0.003883 0.000886
v 0.003363 -0.004347 0.000514
v 0.002174 -0.004829 -0.000087
v -0.009227 -0.007264 0.012272
v -0.005044 -0.007514 0.007107
v -0.001520 -0.006582 0.002564
v -0.006160 0.113690 0.031425
v -0.011231 0.121726 0.029200
v -0.015755 0.127955 0.026915
v -0.034474 0.130071 0.025962
v -0.037097 0.128648 0.024959
v -0.039416 0.126716 0.023861
v -0.043415 0.129315 0.014034
v -0.042762 0.128204 0.017367
v -0.041938 0.126550 0.020561
v -0.018239 0.138820 0.006605
v -0.018702 0.139064 0.002539
v -0.019088 0.138855 -0.001486
v -0.035866 0.136483 -0.003845
v -0.038633 0.134972 -0.003227
v -0.041346 0.133146 -0.002850
v -0.048263 0.115560 -0.015866
v -0.046801 0.122914 -0.010560
v -0.044957 0.128291 -0.005837
v 0.015689 0.007469 -0.025029
v 0.013660 0.003654 -0.020655
v 0.011799 0.000956 -0.016690
v -0.041672 0.084427 0.031464
v -0.041422 0.074890 0.033264
v -0.041207 0.065266 0.035091
v 0.028718 0.038823 0.040527
v 0.026322 0.048711 0.041848
v 0.023307 0.058777 0.042453
v -0.036670 0.038359 -0.036519
v -0.040068 0.047013 -0.036495
v -0.042950 0.056266 -0.035778
v 0.003509 0.108983 -0.028500
v 0.007657 0.099977 -0.032588
v 0.011384 0.090727 -0.036082
v 0.027411 0.078345 -0.010845
v 0.024129 0.079619 -0.021118
v 0.019899 0.080667 -0.030549
v -0.051403 0.060201 -0.007757
v -0.050575 0.061862 -0.016908
v -0.048600 0.063777 -0.025814
v -0.025336 0.074235 -0.050769
v -0.033287 0.071518 -0.047359
v -0.040122 0.068698 -0.041770
v -0.019899 0.057865 0.054770
v -0.027668 0.056542 0.049944
v -0.034620 0.055701 0.043816
v 0.014599 0.078074 0.040494
v 0.009629 0.087148 0.038482
v 0.004390 0.095967 0.036075
v -0.046854 0.076230 -0.031993
v -0.048215 0.086572 -0.029146
v -0.048866 0.096786 -0.025456
v -0.041683 0.120268 0.024414
v -0.042027 0.112913 0.026155
v -0.041970 0.103838 0.027838
v -0.016035 0.136185 -0.008137
v -0.011209 0.131992 -0.013126
v -0.006049 0.125612 -0.018541
v -0.033856 0.114939 -0.033219
v -0.039934 0.112249 -0.030417
v -0.045121 0.109417 -0.026376
v 0.008631 0.114157 -0.003162
v 0.006639 0.115559 -0.010843
v 0.003369 0.116714 -0.017800
v -0.053059 0.100563 -0.001324
v -0.052764 0.102287 -0.008177
v -0.051380 0.104234 -0.014793
v -0.027180 0.096608 0.039643
v -0.032529 0.095330 0.037455
v -0.037485 0.094397 0.034072
v -0.039148 0.045204 0.037373
v -0.036985 0.035109 0.037370
v -0.034246 0.025416 0.036490
v 0.016753 0.071661 -0.040657
v 0.018455 0.062133 -0.041713
v 0.019491 0.052729 -0.041782
v 0.026350 0.006297 0.026169
v 0.028229 0.012955 0.030708
v 0.029434 0.020633 0.034695
v -0.019213 0.011012 -0.030610
v -0.023806 0.016816 -0.032788
v -0.028342 0.023270 -0.034532
v -0.008467 0.016894 0.049257
v -0.016595 0.016250 0.045970
v -0.024198 0.016164 0.041051
v -0.042463 0.023964 -0.011065
v -0.040175 0.026237 -0.020085
v -0.037038 0.028355 -0.028467
v 0.036543 0.040753 -0.015369
v 0.031862 0.042301 -0.025358
v 0.026484 0.043316 -0.034106
v -0.013882 0.036490 -0.047270
v -0.020562 0.034580 -0.045100
v -0.026956 0.032583 -0.041320
v -0.027124 0.008821 0.031480
v -0.023134 0.002307 0.027672
v -0.018817 -0.002861 0.023126
v 0.020344 0.034785 -0.039309
v 0.019895 0.026603 -0.036588
v 0.019062 0.019132 -0.033308
v 0.013190 -0.003048 0.003905
v 0.016276 -0.003117 0.009074
v 0.019946 -0.002158 0.014924
v -0.001890 -0.001583 -0.016247
v -0.005473 0.000048 -0.019994
v -0.009726 0.002536 -0.023970
v -0.021372 -0.000307 -0.011936
v -0.019865 0.001886 -0.018052
v -0.017480 0.004190 -0.023354
v -0.000055 -0.004456 0.024970
v -0.004970 -0.005622 0.023705
v -0.009726 -0.006101 0.021360
v 0.027670 0.007895 -0.013249
v 0.024604 0.010020 -0.019612
v 0.021276 0.011663 -0.025099
v -0.002628 0.010142 -0.033263
v -0.006738 0.009126 -0.032346
v -0.010765 0.007775 -0.030649
v 0.004290 -0.005644 -0.008263
v 0.004356 -0.005504 -0.008842
v 0.004472 -0.005319 -0.009340
v 0.007411 -0.005686 -0.010546
v 0.008078 -0.005491 -0.010529
v 0.008604 -0.005136 -0.010361
v 0.009069 -0.004891 -0.007094
v 0.008986 -0.004930 -0.006441
v 0.008810 -0.004879 -0.005864
v 0.006212 -0.005427 -0.005242
v 0.005641 -0.005535 -0.005291
v 0.005094 -0.005576 -0.005378
v 0.002955 -0.003670 -0.003438
v 0.004110 -0.003825 -0.004871
v 0.004527 -0.005113 -0.005321
v 0.008784 -0.004635 -0.005124
v 0.008675 -0.003381 -0.004572
v 0.009459 -0.002970 -0.002927
v 0.008878 -0.001833 -0.011168
v 0.008812 -0.003431 -0.010503
v 0.008941 -0.004398 -0.010302
v 0.004363 -0.004833 -0.009819
v 0.003900 -0.004093 -0.010158
v 0.002984 -0.002693 -0.010854
v 0.000291 -0.005077 -0.002211
v -0.000315 -0.004927 -0.003689
v -0.000679 -0.004632 -0.005331
v 0.010826 -0.000638 -0.012018
v 0.011519 -0.000974 -0.010485
v 0.012111 -0.001490 -0.008772
v -0.043583 0.131488 0.000370
v -0.043939 0.131453 0.003947
v -0.044054 0.130919 0.007421
v -0.018880 0.133496 0.022213
v -0.018671 0.135460 0.018517
v -0.018188 0.137110 0.014641
v 0.024444 0.071022 0.033181
v 0.027857 0.073176 0.022855
v 0.029648 0.075170 0.011687
v -0.044850 0.055629 0.028249
v -0.047736 0.056391 0.019487
v -0.049779 0.057465 0.010559
v 0.003661 0.107149 0.028252
v 0.006937 0.109198 0.021237
v 0.008914 0.111051 0.013324
v -0.045692 0.094589 0.024477
v -0.048810 0.095730 0.018641
v -0.050919 0.097237 0.012229
v -0.036144 0.017386 0.026526
v -0.039937 0.018595 0.017672
v -0.042295 0.020120 0.008249
v 0.035429 0.032057 0.029620
v 0.039351 0.034526 0.019300
v 0.040782 0.036783 0.007755
v -0.017618 -0.006030 0.013147
v -0.020224 -0.005416 0.007489
v -0.021662 -0.004133 0.001196
v 0.026999 0.002069 0.015765
v 0.029393 0.003044 0.009258
v 0.030376 0.004236 0.001833
v 0.004643 -0.005446 -0.005933
v 0.004556 -0.005423 -0.006479
v 0.004476 -0.005392 -0.007060
v 0.009095 -0.004937 -0.009745
v 0.009304 -0.005087 -0.009155
v 0.009256 -0.005020 -0.008452
v 0.001797 -0.003716 -0.007200
v 0.003097 -0.004614 -0.007479
v 0.003757 -0.005289 -0.007604
v 0.010415 -0.002417 -0.007158
v 0.009797 -0.003591 -0.007500
v 0.009685 -0.004530 -0.007684
v 0.006236 -0.005605 -0.007743
v 0.005625 -0.005602 -0.007720
v 0.005013 -0.005560 -0.007690
v 0.034253 0.012192 -0.005690
v 0.037593 0.020097 -0.005380
v 0.039528 0.029141 -0.004894
v -0.015640 -0.004873 -0.006181
v -0.009720 -0.005700 -0.006698
v -0.004699 -0.005389 -0.006987
v 0.038379 0.048643 -0.003130
v 0.036003 0.058203 -0.002028
v 0.032754 0.067539 -0.000895
v -0.039275 0.013975 -0.002451
v -0.034268 0.007140 -0.003487
v -0.028454 0.001595 -0.004500
v -0.052659 0.088973 0.004213
v -0.052563 0.078865 0.003128
v -0.052012 0.068733 0.002227
v 0.003013 0.121153 0.006640
v -0.003849 0.128733 0.008295
v -0.011052 0.134552 0.009682
v -0.049910 0.049013 0.000785
v -0.048304 0.039589 0.000116
v -0.046188 0.030505 -0.000613
v 0.024900 0.085835 0.001268
v 0.020368 0.094911 0.002367
v 0.015184 0.103830 0.003579
v 0.015516 -0.001566 -0.006621
v 0.019724 -0.000713 -0.006407
v 0.024626 0.001589 -0.006171
v -0.046793 0.124393 0.009811
v -0.049646 0.117090 0.008582
v -0.051539 0.108440 0.007086
v -0.035484 0.137481 0.011481
v -0.037847 0.136178 0.011432
v -0.040771 0.133978 0.011238
v 0.001972 -0.001809 -0.013798
v 0.003140 -0.001500 -0.014302
v 0.004377 -0.001239 -0.014562
v 0.009809 -0.002744 0.000611
v 0.008612 -0.002889 0.001028
v 0.007303 -0.003055 0.001147
v -0.021918 0.132038 0.025586
v -0.025400 0.132231 0.026227
v -0.028719 0.131894 0.026707
v -0.022582 0.138717 -0.004677
v -0.026341 0.138864 -0.004676
v -0.029859 0.138456 -0.004645
v 0.007573 0.081059 -0.045159
v -0.000168 0.080206 -0.049582
v -0.008451 0.078745 -0.052099
v 0.012823 0.066211 0.048680
v 0.005595 0.063921 0.053647
v -0.002528 0.061710 0.056538
v -0.006454 0.118498 -0.028709
v -0.012750 0.118945 -0.032361
v -0.019776 0.118454 -0.034259
v -0.005954 0.102690 0.037372
v -0.011098 0.100956 0.039697
v -0.016357 0.099501 0.040902
v 0.022972 0.026341 0.044221
v 0.015650 0.023349 0.048192
v 0.007938 0.020543 0.050401
v 0.013320 0.042933 -0.045842
v 0.006219 0.041652 -0.048268
v -0.000638 0.039991 -0.049114
v 0.019226 -0.000149 0.024084
v 0.014482 -0.001145 0.025597
v 0.009570 -0.001845 0.025820
v 0.013546 0.012960 -0.031996
v 0.009463 0.012644 -0.033318
v 0.005443 0.011917 -0.033761
v 0.004934 -0.005323 -0.009870
v 0.005440 -0.005549 -0.010122
v 0.006067 -0.005615 -0.010277
v 0.008287 -0.004893 -0.005403
v 0.007815 -0.004983 -0.005343
v 0.007316 -0.005156 -0.005264
v 0.008618 -0.005269 -0.007800
v 0.008003 -0.005345 -0.007810
v 0.007416 -0.005441 -0.007794
v -0.023877 0.139548 0.011103
v -0.028265 0.139343 0.011267
v -0.031196 0.138999 0.011395
v -0.032729 0.135195 0.022140
v -0.033136 0.137044 0.017768
v -0.033322 0.137861 0.014315
v 0.006802 -0.005889 -0.009682
v 0.006829 -0.005812 -0.008993
v 0.006847 -0.005822 -0.008353
v 0.006098 -0.002625 -0.012360
v 0.006422 -0.003820 -0.011094
v 0.006608 -0.004949 -0.010802
v 0.006812 -0.005281 -0.007166
v 0.006809 -0.005229 -0.006549
v 0.006790 -0.005171 -0.005939
v -0.004922 0.030314 -0.045707
v -0.002612 0.023030 -0.042414
v -0.000455 0.016604 -0.038327
v 0.005690 -0.003410 0.005656
v 0.005448 -0.003744 0.011486
v 0.005222 -0.004074 0.018284
v -0.014482 0.066221 -0.053460
v -0.012051 0.056203 -0.052981
v -0.009669 0.046817 -0.051386
v 0.004077 -0.000162 0.032721
v 0.003110 0.004121 0.039708
v 0.001714 0.010312 0.045867
v -0.013885 0.069939 0.053379
v -0.016325 0.079387 0.048566
v -0.018931 0.088643 0.044359
v -0.032125 0.135042 -0.011298
v -0.030832 0.130888 -0.019131
v -0.029076 0.124823 -0.027013
v -0.002592 0.027438 0.055105
v -0.005365 0.037779 0.057463
v -0.008377 0.048646 0.058692
v -0.024634 0.107947 -0.040970
v -0.022157 0.097985 -0.046307
v -0.019558 0.087408 -0.050060
v 0.002972 0.006514 -0.028522
v 0.004154 0.002984 -0.023421
v 0.005014 0.000511 -0.018666
v -0.033442 0.138654 0.008663
v -0.033435 0.138839 0.005423
v -0.033340 0.138652 0.001205
v -0.024749 0.107676 0.037852
v -0.027722 0.117049 0.035208
v -0.030121 0.125094 0.031468
v 0.006148 -0.003023 -0.002116
v 0.006355 -0.003265 -0.004082
v 0.006661 -0.004966 -0.004615
v 0.005251 -0.003179 -0.002244
v 0.004399 -0.003491 -0.002464
v 0.003617 -0.003564 -0.002868
v 0.005729 -0.003438 -0.004138
v 0.005128 -0.003507 -0.004297
v 0.004583 -0.003626 -0.004528
v 0.006066 -0.005176 -0.004613
v 0.005475 -0.005117 -0.004796
v 0.004943 -0.005132 -0.005005
v -0.019919 0.108945 0.037780
v -0.015206 0.110252 0.036718
v -0.010546 0.111870 0.034795
v -0.023380 0.118209 0.035165
v -0.019089 0.119240 0.034086
v -0.014963 0.120345 0.032187
v -0.026428 0.126132 0.031590
v -0.022609 0.126797 0.030709
v -0.018933 0.127178 0.029172
v -0.031234 0.139308 0.008534
v -0.028339 0.139713 0.008279
v -0.024049 0.139972 0.007730
v -0.031164 0.139536 0.005230
v -0.028243 0.139921 0.004901
v -0.024194 0.139987 0.004116
v -0.030797 0.139373 0.000971
v -0.027706 0.139753 0.000702
v -0.023870 0.139669 0.000057
v 0.006210 0.007187 -0.028566
v 0.009420 0.007689 -0.028205
v 0.012619 0.007821 -0.027152
v 0.006655 0.003465 -0.023451
v 0.009101 0.003814 -0.023158
v 0.011459 0.003925 -0.022295
v 0.006840 0.000781 -0.018732
v 0.008597 0.001035 -0.018501
v 0.010268 0.001127 -0.017865
v -0.052074 0.109997 0.001089
v -0.049989 0.118418 0.003555
v -0.047137 0.125468 0.005758
v -0.051805 0.111618 -0.004871
v -0.049809 0.119787 -0.001433
v -0.047043 0.126442 0.001661
v -0.050552 0.113414 -0.010600
v -0.048887 0.121240 -0.006270
v -0.046361 0.127215 -0.002361
v 0.023040 0.003414 -0.011980
v 0.018724 0.000644 -0.010755
v 0.015011 -0.000809 -0.009641
v 0.020920 0.005156 -0.017162
v 0.017178 0.002090 -0.014575
v 0.014123 0.000022 -0.012370
v 0.018468 0.006553 -0.021612
v 0.015586 0.003006 -0.018026
v 0.013073 0.000595 -0.014797
v 0.014274 0.105433 -0.005504
v 0.019190 0.096493 -0.007510
v 0.023638 0.087486 -0.009277
v 0.011991 0.106872 -0.014054
v 0.016820 0.098024 -0.016847
v 0.020923 0.088925 -0.019211
v 0.008305 0.108014 -0.021775
v 0.012660 0.099034 -0.025179
v 0.016616 0.089938 -0.028142
v -0.045572 0.032394 -0.010369
v -0.048065 0.041250 -0.009617
v -0.049846 0.050555 -0.008743
v -0.043586 0.034421 -0.019682
v -0.046570 0.043057 -0.019084
v -0.048889 0.052221 -0.018165
v -0.040904 0.036311 -0.028589
v -0.044144 0.044913 -0.028208
v -0.046670 0.054101 -0.027266
v -0.016728 0.109594 -0.040784
v -0.009037 0.110220 -0.038480
v -0.002298 0.109769 -0.034081
v -0.013772 0.099790 -0.046024
v -0.005707 0.100575 -0.043303
v 0.001558 0.100611 -0.038789
v -0.010997 0.089327 -0.049665
v -0.002736 0.090474 -0.047001
v 0.004868 0.090957 -0.042494
v 0.006150 0.029760 0.054656
v 0.014430 0.032624 0.052077
v 0.021827 0.035738 0.047185
v 0.003654 0.040092 0.056874
v 0.012229 0.042832 0.054283
v 0.019535 0.045752 0.048786
v 0.000786 0.050900 0.058040
v 0.009268 0.053439 0.054896
v 0.016589 0.056038 0.049407
v -0.028092 0.136071 -0.011531
v -0.023841 0.136641 -0.011212
v -0.019615 0.136583 -0.010242
v -0.025659 0.132041 -0.019230
v -0.020445 0.132597 -0.018363
v -0.015488 0.132488 -0.016372
v -0.022809 0.126066 -0.026933
v -0.016621 0.126596 -0.025551
v -0.010979 0.126229 -0.022620
v -0.011356 0.135537 0.004715
v -0.004241 0.130014 0.002236
v 0.002351 0.122505 -0.000501
v -0.012305 0.136059 -0.000081
v -0.005648 0.130906 -0.003501
v 0.000712 0.123806 -0.007226
v -0.013702 0.136206 -0.004539
v -0.007944 0.131488 -0.008713
v -0.002163 0.124758 -0.013302
v -0.052625 0.070210 -0.006582
v -0.053236 0.080430 -0.005144
v -0.053377 0.090613 -0.003409
v -0.051986 0.071890 -0.015368
v -0.052801 0.082142 -0.013420
v -0.053049 0.092350 -0.011036
v -0.050092 0.073857 -0.023894
v -0.051116 0.084133 -0.021460
v -0.051496 0.094335 -0.018419
v -0.005991 0.071781 0.053032
v 0.001482 0.073739 0.050768
v 0.008355 0.075813 0.046560
v -0.009452 0.081011 0.048364
v -0.002810 0.082843 0.046855
v 0.003536 0.084832 0.043532
v -0.012873 0.090139 0.044272
v -0.007005 0.091780 0.042997
v -0.001254 0.093689 0.040342
v 0.009857 0.001245 0.032989
v 0.015565 0.002870 0.032303
v 0.021257 0.004477 0.030296
v 0.009815 0.005920 0.039791
v 0.016254 0.008279 0.038439
v 0.022476 0.010667 0.035599
v 0.009119 0.012617 0.045358
v 0.016177 0.015275 0.043523
v 0.023062 0.017964 0.040222
v -0.027718 0.003781 -0.012178
v -0.033499 0.009349 -0.012065
v -0.038447 0.016177 -0.011661
v -0.025760 0.006307 -0.019262
v -0.031244 0.011942 -0.019974
v -0.036108 0.018642 -0.020232
v -0.022914 0.008764 -0.025527
v -0.027956 0.014511 -0.026968
v -0.032771 0.021010 -0.027988
v 0.030881 0.069203 -0.012332
v 0.033572 0.059866 -0.013627
v 0.035575 0.050393 -0.014690
v 0.027249 0.070457 -0.022893
v 0.029734 0.061178 -0.024311
v 0.031249 0.051757 -0.025153
v 0.022667 0.071375 -0.032511
v 0.024545 0.061967 -0.033735
v 0.025803 0.052597 -0.034287
v -0.006215 0.068310 -0.053057
v 0.001842 0.069977 -0.050714
v 0.009603 0.071146 -0.046702
v -0.004210 0.058292 -0.052936
v 0.003568 0.060101 -0.051002
v 0.011258 0.061455 -0.047458
v -0.002375 0.048797 -0.051598
v 0.005000 0.050614 -0.050186
v 0.012452 0.052009 -0.047152
v -0.004607 -0.004846 -0.009860
v -0.009466 -0.004503 -0.010728
v -0.015228 -0.003226 -0.011509
v -0.004020 -0.003671 -0.012364
v -0.008555 -0.002789 -0.014318
v -0.013971 -0.001146 -0.016350
v -0.003094 -0.002489 -0.014505
v -0.007232 -0.001303 -0.017505
v -0.012080 0.000938 -0.020524
v 0.007689 -0.003012 0.005797
v 0.009747 -0.003181 0.005700
v 0.011675 -0.003364 0.005142
v 0.008299 -0.003244 0.011712
v 0.011274 -0.003534 0.011642
v 0.014042 -0.003599 0.010863
v 0.009024 -0.003257 0.018557
v 0.013015 -0.003321 0.018500
v 0.016697 -0.002816 0.017370
v 0.036306 0.031195 -0.015540
v 0.034734 0.022217 -0.015190
v 0.031754 0.014308 -0.014370
v 0.031546 0.033021 -0.024847
v 0.030326 0.024276 -0.023701
v 0.027887 0.016503 -0.021864
v 0.026314 0.034288 -0.032943
v 0.025379 0.025821 -0.030957
v 0.023662 0.018197 -0.028277
v 0.001100 0.031887 -0.046043
v 0.007286 0.033356 -0.045328
v 0.013748 0.034411 -0.043277
v 0.002779 0.024439 -0.042550
v 0.008291 0.025684 -0.041926
v 0.014008 0.026508 -0.040086
v 0.004272 0.017724 -0.038491
v 0.009075 0.018710 -0.037968
v 0.014076 0.019232 -0.036466
v 0.007378 -0.005195 -0.007188
v 0.007922 -0.005077 -0.007203
v 0.008461 -0.004988 -0.007183
v 0.007356 -0.005161 -0.006567
v 0.007842 -0.004918 -0.006600
v 0.008362 -0.004911 -0.006576
v 0.007321 -0.005095 -0.005953
v 0.007824 -0.005006 -0.005983
v 0.008326 -0.004980 -0.005971
v 0.006824 -0.002108 -0.012036
v 0.007512 -0.001904 -0.011878
v 0.008207 -0.001824 -0.011628
v 0.007035 -0.003610 -0.010999
v 0.007599 -0.003454 -0.010891
v 0.008196 -0.003405 -0.010771
v 0.007265 -0.004847 -0.010839
v 0.007898 -0.004706 -0.010795
v 0.008475 -0.004533 -0.010626
v 0.010302 -0.002381 -0.005940
v 0.010076 -0.002361 -0.004807
v 0.009752 -0.002410 -0.003800
v 0.009730 -0.003640 -0.006617
v 0.009357 -0.003426 -0.005816
v 0.008993 -0.003281 -0.005138
v 0.009597 -0.004573 -0.006926
v 0.009480 -0.004676 -0.006197
v 0.009170 -0.004655 -0.005578
v 0.001796 -0.003729 -0.008312
v 0.001950 -0.003627 -0.009388
v 0.002419 -0.003034 -0.010164
v 0.003096 -0.004567 -0.008261
v 0.003258 -0.004364 -0.008972
v 0.003542 -0.004150 -0.009590
v 0.003715 -0.005300 -0.008269
v 0.003847 -0.005115 -0.008876
v 0.004077 -0.004911 -0.009387
v 0.002445 -0.003760 -0.004203
v 0.002106 -0.003704 -0.005124
v 0.001895 -0.003719 -0.006137
v 0.003729 -0.004101 -0.005358
v 0.003429 -0.004371 -0.005976
v 0.003221 -0.004522 -0.006698
v 0.004208 -0.005230 -0.005745
v 0.003993 -0.005276 -0.006313
v 0.003877 -0.005221 -0.006949
v 0.009542 -0.002010 -0.010483
v 0.010265 -0.002426 -0.009640
v 0.010404 -0.002422 -0.008410
v 0.009261 -0.003442 -0.009948
v 0.009599 -0.003506 -0.009231
v 0.009744 -0.003536 -0.008383
v 0.009186 -0.004310 -0.009756
v 0.009463 -0.004376 -0.009152
v 0.009588 -0.004422 -0.008435
v 0.007427 -0.005802 -0.009726
v 0.008053 -0.005661 -0.009748
v 0.008673 -0.005436 -0.009761
v 0.007435 -0.005754 -0.009031
v 0.008063 -0.005687 -0.009061
v 0.008687 -0.005465 -0.009092
v 0.007441 -0.005687 -0.008391
v 0.008027 -0.005483 -0.008422
v 0.008695 -0.005441 -0.008436
v 0.034901 0.022980 0.026915
v 0.033290 0.014811 0.023731
v 0.030801 0.007671 0.020080
v 0.039146 0.025029 0.017353
v 0.037262 0.016359 0.015021
v 0.033967 0.008890 0.012335
v 0.040664 0.027066 0.006419
v 0.038806 0.018069 0.005005
v 0.035188 0.010335 0.003495
v -0.002851 -0.006815 0.000685
v -0.007063 -0.008006 0.004403
v -0.012047 -0.007679 0.008654
v -0.003841 -0.006547 -0.001620
v -0.008547 -0.007675 0.001053
v -0.014140 -0.007432 0.004169
v -0.004446 -0.005966 -0.004202
v -0.009404 -0.006729 -0.002692
v -0.015301 -0.006338 -0.000863
v 0.028581 0.061384 0.033332
v 0.031858 0.051540 0.032768
v 0.034189 0.041703 0.031524
v 0.032011 0.063738 0.022609
v 0.035407 0.054081 0.021921
v 0.037823 0.044304 0.020789
v 0.033594 0.065845 0.010990
v 0.036888 0.056320 0.010083
v 0.039282 0.046619 0.008987
v -0.023082 -0.002401 0.017410
v -0.027886 0.002990 0.021075
v -0.032274 0.009592 0.024160
v -0.026180 -0.001572 0.010681
v -0.031461 0.003911 0.013500
v -0.036023 0.010724 0.015850
v -0.027965 -0.000225 0.003260
v -0.033631 0.005275 0.005189
v -0.038433 0.012155 0.006883
v -0.045449 0.065477 0.027450
v -0.045719 0.075179 0.026500
v -0.045868 0.084848 0.025537
v -0.048385 0.066250 0.019271
v -0.048897 0.076073 0.019071
v -0.049028 0.085898 0.018845
v -0.050551 0.067385 0.010858
v -0.051109 0.077369 0.011226
v -0.051235 0.087349 0.011669
v -0.013801 0.129576 0.023466
v -0.008343 0.123386 0.024963
v -0.002379 0.115691 0.026602
v -0.012528 0.131478 0.019257
v -0.006159 0.125247 0.019914
v 0.000523 0.117689 0.020620
v -0.011508 0.133203 0.014618
v -0.004504 0.127161 0.014332
v 0.002418 0.119572 0.013857
v -0.039314 0.026227 0.028005
v -0.041817 0.035745 0.028684
v -0.043652 0.045643 0.028709
v -0.042916 0.027404 0.018826
v -0.045236 0.036758 0.019449
v -0.046726 0.046513 0.019593
v -0.045269 0.028829 0.009231
v -0.047397 0.038061 0.009872
v -0.048766 0.047667 0.010264
v 0.009306 0.098305 0.029783
v 0.014671 0.089401 0.031222
v 0.019707 0.080325 0.032395
v 0.012924 0.100453 0.021864
v 0.018276 0.091479 0.022362
v 0.023264 0.082408 0.022739
v 0.014717 0.102164 0.012855
v 0.020094 0.093254 0.012503
v 0.025189 0.084320 0.012176
v 0.022438 -0.001368 0.010972
v 0.018056 -0.002734 0.006223
v 0.014450 -0.002993 0.001963
v 0.024139 -0.000598 0.005866
v 0.019212 -0.002173 0.002484
v 0.015185 -0.002549 -0.000592
v 0.024814 0.000415 0.000022
v 0.019664 -0.001385 -0.001802
v 0.015459 -0.001960 -0.003501
v -0.045385 0.104346 0.023456
v -0.044832 0.113417 0.022456
v -0.043623 0.120941 0.021334
v -0.048160 0.105441 0.018433
v -0.047022 0.114489 0.018170
v -0.045186 0.122227 0.017766
v -0.050243 0.106878 0.012932
v -0.048613 0.115754 0.013497
v -0.046234 0.123375 0.013857
v -0.030130 0.135719 0.022069
v -0.027045 0.135824 0.021831
v -0.023345 0.135272 0.021770
v -0.030822 0.137527 0.017749
v -0.027869 0.137758 0.017786
v -0.023858 0.137351 0.018034
v -0.031102 0.138423 0.014302
v -0.028175 0.138794 0.014326
v -0.023902 0.138718 0.014487
v -0.039807 0.130256 0.020589
v -0.037480 0.132654 0.021077
v -0.035112 0.134230 0.021726
v -0.040133 0.132234 0.017223
v -0.037619 0.134726 0.017345
v -0.035240 0.136122 0.017529
v -0.040471 0.133306 0.014110
v -0.037781 0.135724 0.014190
v -0.035412 0.137072 0.014265
v 0.004968 -0.005620 -0.009407
v 0.005547 -0.005813 -0.009515
v 0.006171 -0.005914 -0.009614
v 0.004972 -0.005710 -0.008845
v 0.005590 -0.005903 -0.008892
v 0.006221 -0.005861 -0.008943
v 0.004983 -0.005663 -0.008264
v 0.005608 -0.005849 -0.008289
v 0.006241 -0.005882 -0.008318
v 0.003691 -0.002468 -0.011350
v 0.004424 -0.002548 -0.011832
v 0.005208 -0.002959 -0.012432
v 0.004392 -0.004117 -0.010631
v 0.005031 -0.004080 -0.010937
v 0.005735 -0.003981 -0.011084
v 0.004747 -0.004931 -0.010217
v 0.005301 -0.005001 -0.010510
v 0.005939 -0.005015 -0.010709
v 0.005073 -0.005460 -0.007117
v 0.005659 -0.005444 -0.007142
v 0.006248 -0.005470 -0.007153
v 0.005140 -0.005442 -0.006549
v 0.005701 -0.005444 -0.006557
v 0.006258 -0.005343 -0.006549
v 0.005162 -0.005567 -0.005971
v 0.005715 -0.005517 -0.005955
v 0.006255 -0.005305 -0.005947
v -0.022972 0.025307 -0.039457
v -0.017051 0.027125 -0.042714
v -0.010959 0.028769 -0.044652
v -0.018862 0.018792 -0.037017
v -0.013565 0.020324 -0.039936
v -0.008059 0.021728 -0.041556
v -0.014820 0.012871 -0.034198
v -0.010095 0.014296 -0.036498
v -0.005245 0.015483 -0.037768
v 0.000089 -0.006155 0.003933
v 0.001896 -0.005502 0.004849
v 0.003793 -0.004556 0.005393
v -0.002667 -0.006795 0.009047
v -0.000035 -0.006166 0.010360
v 0.002725 -0.005184 0.011136
v -0.005951 -0.006933 0.014942
v -0.002324 -0.006510 0.016768
v 0.001497 -0.005787 0.017885
v -0.037453 0.058732 -0.043029
v -0.030384 0.061333 -0.048209
v -0.022608 0.063857 -0.051646
v -0.034326 0.049322 -0.043307
v -0.027258 0.051729 -0.047994
v -0.019766 0.054020 -0.051195
v -0.030767 0.040591 -0.042651
v -0.023945 0.042807 -0.046843
v -0.016851 0.044865 -0.049661
v -0.013548 -0.002869 0.027425
v -0.007770 -0.002498 0.030338
v -0.001795 -0.001501 0.031952
v -0.017245 0.001992 0.032851
v -0.010652 0.002137 0.036475
v -0.003745 0.002894 0.038621
v -0.020743 0.008423 0.037387
v -0.013528 0.008523 0.041624
v -0.005935 0.009141 0.044369
v -0.035537 0.065717 0.041700
v -0.029016 0.066728 0.047243
v -0.021736 0.068190 0.051334
v -0.036193 0.075337 0.039210
v -0.030015 0.076366 0.043822
v -0.023344 0.077806 0.047129
v -0.036818 0.084812 0.036624
v -0.031177 0.085798 0.040523
v -0.025112 0.087146 0.043105
v -0.042479 0.130099 -0.008038
v -0.039411 0.132086 -0.009488
v -0.035913 0.133726 -0.010580
v -0.043803 0.125034 -0.013961
v -0.040071 0.127273 -0.016468
v -0.035713 0.129274 -0.018200
v -0.044825 0.118063 -0.020302
v -0.040297 0.120577 -0.023617
v -0.034989 0.122887 -0.025847
v -0.027534 0.025128 0.043599
v -0.019846 0.025261 0.049258
v -0.011418 0.025964 0.053226
v -0.030594 0.034947 0.044985
v -0.023020 0.035255 0.051197
v -0.014528 0.036118 0.055722
v -0.032936 0.045313 0.044939
v -0.025757 0.045849 0.051515
v -0.017469 0.046939 0.056346
v -0.044822 0.099758 -0.031750
v -0.039077 0.102800 -0.036469
v -0.032159 0.105559 -0.039420
v -0.043767 0.089513 -0.036034
v -0.037695 0.092638 -0.041426
v -0.030187 0.095470 -0.044587
v -0.042334 0.079072 -0.039528
v -0.035715 0.082073 -0.045034
v -0.027934 0.084926 -0.048514
v -0.006834 0.003917 -0.026250
v -0.003641 0.005010 -0.027561
v -0.000332 0.005833 -0.028228
v -0.003341 0.001050 -0.021712
v -0.000935 0.001818 -0.022736
v 0.001602 0.002470 -0.023213
v -0.000375 -0.000779 -0.017387
v 0.001333 -0.000335 -0.018176
v 0.003166 0.000136 -0.018521
v -0.040748 0.134459 0.008365
v -0.037884 0.136585 0.008748
v -0.035456 0.137725 0.008775
v -0.040690 0.134695 0.005209
v -0.037877 0.136688 0.005667
v -0.035541 0.137960 0.005638
v -0.040746 0.134354 0.001552
v -0.038113 0.136322 0.001791
v -0.035646 0.137624 0.001586
v -0.038135 0.104120 0.031544
v -0.033978 0.105029 0.034550
v -0.029452 0.106270 0.036621
v -0.038929 0.113340 0.029328
v -0.035450 0.114359 0.031824
v -0.031688 0.115612 0.033728
v -0.039277 0.121043 0.026792
v -0.036460 0.122419 0.028609
v -0.033435 0.123790 0.030244
v 0.008714 -0.002834 -0.002432
v 0.007851 -0.002562 -0.002218
v 0.007033 -0.002794 -0.002099
v 0.008210 -0.003432 -0.004214
v 0.007591 -0.003228 -0.004102
v 0.006975 -0.003151 -0.004078
v 0.008293 -0.004593 -0.004891
v 0.007774 -0.004639 -0.004762
v 0.007226 -0.004746 -0.004684
v 0.002044 -0.004382 -0.002213
v 0.010112 -0.002640 -0.001548
v 0.009417 -0.000967 -0.012214
v 0.001931 -0.002442 -0.011962
v 0.000472 -0.004012 -0.007141
v 0.011378 -0.001990 -0.006998
v 0.005757 -0.001375 -0.013471
v 0.006046 -0.003169 -0.000510
v 0.004941 -0.003496 -0.000674
v 0.003875 -0.003879 -0.000970
v 0.002891 -0.004175 -0.001472
v 0.006746 -0.001136 -0.013325
v 0.007697 -0.001053 -0.013203
v 0.008582 -0.000938 -0.012842
v 0.011267 -0.002032 -0.005410
v 0.011048 -0.002158 -0.003927
v 0.010698 -0.002504 -0.002630
v 0.000437 -0.003688 -0.008588
v 0.000706 -0.003360 -0.009928
v 0.001239 -0.002886 -0.011051
v 0.001353 -0.004351 -0.003201
v 0.000890 -0.004297 -0.004403
v 0.000605 -0.004162 -0.005730
v 0.010165 -0.001246 -0.011242
v 0.010833 -0.001439 -0.010035
v 0.011233 -0.001838 -0.008581
v 0.002813 -0.002053 -0.012568
v 0.003727 -0.001779 -0.013043
v 0.004716 -0.001726 -0.013463
v 0.009226 -0.002625 -0.000898
v 0.008229 -0.002729 -0.000597
v 0.007162 -0.002907 -0.000474
vn 0.2551 -0.9667 0.0195
vn -0.0455 -0.8050 0.5915
vn 0.0296 -0.7633 0.6454
vn 0.2676 -0.9625 -0.0446
vn -0.1016 -0.8151 0.5703
vn -0.2667 -0.5509 0.7908
vn 0.0068 -0.6443 0.7647
vn 0.2574 -0.9591 -0.1182
vn 0.2095 -0.9770 0.0396
vn 0.3399 -0.9303 -0.1377
vn 0.3767 -0.9069 -0.1887
vn 0.3606 -0.9220 -0.1408
vn 0.3710 -0.8976 -0.2382
vn 0.2006 -0.9742 -0.1033
vn 0.2309 -0.9708 -0.0657
vn -0.1791 -0.7887 0.5881
vn -0.4000 -0.5262 0.7504
vn -0.4288 -0.8422 0.3269
vn -0.1962 -0.9194 0.3409
vn 0.0471 -0.9548 0.2936
vn 0.1708 -0.9684 0.1816
vn 0.2146 -0.5557 0.8032
vn 0.2463 -0.9449 0.2157
vn 0.1562 -0.7650 0.6248
vn 0.0321 0.3068 0.9512
vn 0.2057 0.4163 0.8857
vn 0.0317 0.3531 0.9350
vn 0.1835 0.3633 0.9134
vn 0.3367 0.4806 0.8098
vn 0.1711 0.5714 0.8026
vn -0.0351 0.5252 0.8502
vn 0.3020 0.5956 0.7443
vn -0.1772 0.2748 0.9450
vn -0.1799 0.2352 0.9551
vn 0.0226 0.3345 0.9421
vn 0.3339 0.4299 0.8389
vn 0.1852 0.3874 0.9031
vn 0.4840 0.4721 0.7368
vn 0.3293 0.4179 0.8467
vn 0.4886 0.4868 0.7241
vn 0.4220 0.6322 0.6498
vn 0.3385 0.7155 0.6111
vn 0.2213 0.7302 0.6464
vn 0.0916 0.7285 0.6789
vn -0.0760 0.6935 0.7165
vn -0.3069 0.4364 0.8458
vn -0.2925 0.6122 0.7346
vn -0.2419 0.2765 0.9301
vn -0.0882 0.9917 0.0935
vn -0.2124 0.9772 0.0051
vn -0.2041 0.9751 0.0867
vn 0.0887 0.9935 0.0710
vn -0.0817 0.9967 -0.0003
vn -0.2078 0.9704 -0.1232
vn 0.0766 0.9967 -0.0257
vn -0.0698 0.9907 -0.1164
vn -0.1909 0.9703 0.1488
vn -0.3422 0.9361 0.0807
vn -0.3292 0.9342 0.1376
vn -0.0769 0.9858 0.1491
vn 0.1103 0.9789 0.1722
vn 0.3602 0.9140 0.1869
vn 0.3293 0.9410 0.0781
vn 0.2890 0.9570 -0.0250
vn 0.0691 0.9906 -0.1183
vn 0.2553 0.9572 -0.1362
vn 0.0900 0.9656 -0.2439
vn -0.0439 0.9646 -0.2599
vn -0.1941 0.9404 -0.2791
vn -0.3322 0.9009 -0.2794
vn -0.3500 0.9290 -0.1204
vn -0.3411 0.9400 -0.0002
vn 0.2162 -0.7388 -0.6383
vn 0.1676 -0.8219 -0.5444
vn 0.1695 -0.7523 -0.6367
vn 0.2909 -0.7275 -0.6214
vn 0.2065 -0.8162 -0.5396
vn 0.1516 -0.8911 -0.4278
vn 0.2570 -0.8138 -0.5212
vn 0.1972 -0.8802 -0.4317
vn 0.1581 -0.6593 -0.7351
vn 0.1243 -0.7629 -0.6344
vn 0.1042 -0.6754 -0.7301
vn 0.2401 -0.6388 -0.7310
vn 0.3448 -0.6166 -0.7077
vn 0.4755 -0.5947 -0.6482
vn 0.3889 -0.7207 -0.5739
vn 0.3141 -0.8159 -0.4854
vn 0.2186 -0.8817 -0.4181
vn 0.2467 -0.8902 -0.3830
vn 0.2230 -0.9351 -0.2754
vn 0.1849 -0.9395 -0.2882
vn 0.1483 -0.9384 -0.3121
vn 0.1342 -0.8968 -0.4216
vn 0.1726 -0.9180 -0.3570
vn 0.1374 -0.8325 -0.5367
vn -0.9865 0.1524 0.0607
vn -0.9472 0.3202 -0.0175
vn -0.9788 0.1921 -0.0706
vn -0.9553 0.2814 0.0909
vn -0.8896 0.4567 0.0100
vn -0.9086 0.3818 -0.1692
vn -0.9429 0.2527 -0.2169
vn -0.8533 0.5105 -0.1058
vn -0.9763 0.1170 0.1819
vn -0.9975 0.0564 0.0421
vn -0.9861 0.0326 0.1630
vn -0.9491 0.2473 0.1948
vn -0.9056 0.4056 0.1244
vn -0.9050 0.3777 0.1955
vn -0.8151 0.5659 0.1235
vn -0.7872 0.6166 0.0047
vn -0.7579 0.6465 -0.0872
vn -0.7357 0.6556 -0.1702
vn -0.7813 0.5769 -0.2384
vn -0.8299 0.4606 -0.3150
vn -0.8716 0.3415 -0.3516
vn -0.9592 0.1491 -0.2401
vn -0.8949 0.2263 -0.3847
vn -0.9904 0.0966 -0.0991
vn 0.4941 -0.7643 -0.4144
vn 0.3497 -0.8409 -0.4131
vn 0.4741 -0.7464 -0.4670
vn 0.3336 -0.8567 -0.3935
vn 0.2201 -0.9131 -0.3431
vn 0.3584 -0.8288 -0.4296
vn 0.4574 -0.7239 -0.5165
vn 0.2677 -0.9031 -0.3357
vn 0.7074 -0.6493 -0.2793
vn 0.6582 -0.6197 -0.4274
vn 0.5283 -0.8053 -0.2690
vn 0.3250 -0.9166 -0.2329
vn 0.1863 -0.9317 -0.3119
vn 0.1067 -0.9848 -0.1371
vn 0.1574 -0.9699 -0.1858
vn 0.2447 -0.9102 -0.3342
vn 0.2445 -0.9218 -0.3009
vn 0.2161 -0.9421 -0.2563
vn 0.5725 -0.5867 -0.5728
vn 0.6145 -0.5945 -0.5187
vn 0.8485 0.5256 -0.0608
vn 0.8393 0.4864 -0.2430
vn 0.8120 0.5419 -0.2167
vn 0.8761 0.4742 -0.0869
vn 0.8708 0.4132 -0.2662
vn 0.7761 0.4965 -0.3888
vn 0.7537 0.5492 -0.3610
vn 0.8015 0.4302 -0.4154
vn 0.8216 0.5626 0.0923
vn 0.8188 0.5733 -0.0311
vn 0.8518 0.5195 0.0670
vn 0.8803 0.4728 0.0387
vn 0.8990 0.4214 -0.1191
vn 0.9023 0.4311 0.0016
vn 0.9091 0.3861 -0.1563
vn 0.8841 0.3639 -0.2932
vn 0.8214 0.3631 -0.4398
vn 0.7174 0.3411 -0.6074
vn 0.7110 0.4267 -0.5589
vn 0.6920 0.5044 -0.5164
vn 0.6665 0.5607 -0.4913
vn 0.7273 0.6085 -0.3173
vn 0.6238 0.6333 -0.4581
vn 0.7840 0.5932 -0.1830
vn -0.9661 -0.2212 -0.1328
vn -0.8965 -0.3248 -0.3013
vn -0.9387 -0.2888 -0.1881
vn -0.9822 -0.1677 -0.0843
vn -0.9354 -0.2553 -0.2448
vn -0.8326 -0.3524 -0.4273
vn -0.9620 -0.1836 -0.2019
vn -0.8828 -0.2595 -0.3915
vn -0.9617 -0.2716 -0.0381
vn -0.8961 -0.3741 -0.2386
vn -0.9222 -0.3805 -0.0694
vn -0.9800 -0.1990 -0.0008
vn -0.9885 -0.1474 0.0346
vn -0.9912 -0.1134 0.0684
vn -0.9901 -0.1316 -0.0491
vn -0.9755 -0.1292 -0.1780
vn -0.9185 -0.1761 -0.3540
vn -0.9399 -0.1120 -0.3226
vn -0.8275 -0.1638 -0.5370
vn -0.7739 -0.2506 -0.5816
vn -0.7079 -0.3409 -0.6186
vn -0.6355 -0.4310 -0.6406
vn -0.7678 -0.4260 -0.4786
vn -0.8459 -0.3898 -0.3640
vn 0.3380 0.5717 -0.7476
vn 0.0975 0.4205 -0.9020
vn 0.0539 0.5436 -0.8376
vn 0.5352 0.5736 -0.6202
vn 0.3585 0.4653 -0.8093
vn 0.1194 0.3056 -0.9446
vn 0.5492 0.5000 -0.6696
vn 0.3531 0.3627 -0.8625
vn 0.0269 0.6438 -0.7647
vn -0.1990 0.4788 -0.8551
vn -0.2077 0.5877 -0.7820
vn 0.2817 0.6697 -0.6871
vn 0.4765 0.6596 -0.5813
vn 0.5527 0.4066 -0.7275
vn 0.5616 0.2997 -0.7713
vn 0.3508 0.2500 -0.9024
vn 0.1303 0.1903 -0.9731
vn -0.1333 0.2487 -0.9594
vn -0.1085 0.1287 -0.9857
vn -0.1752 0.3610 -0.9160
vn 0.4663 -0.1792 0.8663
vn 0.2065 -0.1074 0.9725
vn 0.2427 -0.2576 0.9353
vn 0.6453 -0.0695 0.7607
vn 0.4541 -0.0100 0.8909
vn 0.1837 0.0714 0.9804
vn 0.6352 0.0824 0.7679
vn 0.4298 0.1611 0.8884
vn 0.2835 -0.4161 0.8640
vn -0.0024 -0.3187 0.9479
vn 0.0457 -0.4685 0.8823
vn 0.4636 -0.3517 0.8132
vn 0.6347 -0.2508 0.7310
vn 0.7785 -0.1644 0.6058
vn 0.7768 0.0162 0.6295
vn 0.7565 0.1417 0.6385
vn 0.5986 0.2045 0.7745
vn 0.7279 0.2511 0.6381
vn 0.5307 0.3368 0.7778
vn 0.3614 0.3113 0.8789
vn 0.1264 0.2635 0.9563
vn -0.0844 -0.0017 0.9964
vn -0.1426 0.2022 0.9689
vn -0.0244 -0.1770 0.9839
vn 0.0064 0.9142 -0.4052
vn -0.0949 0.8201 -0.5642
vn -0.1659 0.8883 -0.4283
vn 0.1943 0.9116 -0.3624
vn 0.1099 0.8397 -0.5319
vn -0.0267 0.7356 -0.6768
vn 0.3187 0.8289 -0.4597
vn 0.2129 0.7533 -0.6222
vn -0.3080 0.8497 -0.4279
vn 0.2324 0.9422 -0.2413
vn 0.3576 0.8862 -0.2947
vn 0.4756 0.8041 -0.3567
vn 0.4192 0.7385 -0.5281
vn 0.5552 0.7220 -0.4129
vn -0.2430 0.6911 -0.6807
vn -0.2761 0.7797 -0.5619
vn 0.6882 0.7251 0.0227
vn 0.5024 0.8623 -0.0637
vn 0.5391 0.8401 0.0602
vn 0.7733 0.6340 -0.0104
vn 0.6475 0.7533 -0.1154
vn 0.4458 0.8740 -0.1933
vn 0.7346 0.6623 -0.1475
vn 0.5761 0.7788 -0.2484
vn 0.5607 0.8051 0.1934
vn 0.6970 0.6947 0.1776
vn 0.7814 0.6107 0.1282
vn 0.6639 0.6915 -0.2846
vn -0.9992 -0.0388 0.0051
vn -0.9841 -0.0788 -0.1590
vn -0.9958 -0.0891 -0.0188
vn -0.9997 0.0038 0.0256
vn -0.9905 -0.0235 -0.1354
vn -0.9505 -0.0516 -0.3063
vn -0.9632 0.0740 -0.2584
vn -0.9598 0.0056 -0.2805
vn -0.9914 -0.0833 0.1005
vn -0.9918 -0.0437 0.1204
vn -0.9901 -0.0051 0.1400
vn -0.9926 0.0319 -0.1174
vn -0.9048 0.1345 -0.4041
vn -0.9007 0.0518 -0.4314
vn -0.8905 -0.0231 -0.4544
vn -0.8658 -0.0833 -0.4935
vn 0.0530 0.3994 0.9153
vn 0.1978 0.4652 0.8628
vn 0.0043 0.4330 0.9014
vn 0.4509 0.4429 0.7749
vn 0.2765 0.4292 0.8598
vn 0.1743 0.4262 0.8877
vn 0.0083 0.3809 0.9246
vn 0.3748 0.4729 0.7974
vn -0.1788 0.3480 0.9203
vn 0.6774 0.3724 0.6344
vn 0.6142 0.4520 0.6469
vn 0.5504 0.4809 0.6825
vn 0.3338 0.4563 0.8248
vn 0.5020 0.4892 0.7133
vn -0.1672 0.3297 0.9292
vn -0.1738 0.3827 0.9074
vn 0.3505 -0.7794 0.5193
vn 0.2835 -0.6968 0.6589
vn 0.2314 -0.8461 0.4801
vn 0.5209 -0.6929 0.4986
vn 0.4381 -0.6077 0.6624
vn 0.3047 -0.5301 0.7913
vn 0.5944 -0.5264 0.6080
vn 0.4564 -0.4707 0.7551
vn 0.1454 -0.9441 0.2958
vn 0.1537 -0.8778 0.4536
vn 0.2152 -0.9349 0.2822
vn 0.2361 -0.9049 0.3541
vn 0.4008 -0.8478 0.3473
vn 0.6597 -0.6143 0.4329
vn 0.7294 -0.4587 0.5075
vn 0.6138 -0.3986 0.6814
vn 0.7626 -0.3248 0.5594
vn 0.0796 -0.6060 0.7914
vn 0.1066 -0.7634 0.6371
vn -0.7246 -0.6144 -0.3122
vn -0.5426 -0.7030 -0.4598
vn -0.5877 -0.7354 -0.3373
vn -0.8259 -0.4902 -0.2785
vn -0.6685 -0.5915 -0.4508
vn -0.4790 -0.6772 -0.5585
vn -0.7689 -0.4865 -0.4148
vn -0.5900 -0.5814 -0.5603
vn -0.6223 -0.7547 -0.2079
vn -0.4391 -0.8256 -0.3544
vn -0.4621 -0.8491 -0.2557
vn -0.7568 -0.6353 -0.1538
vn -0.8544 -0.5085 -0.1071
vn -0.6836 -0.5010 -0.5307
vn -0.5564 -0.5035 -0.6610
vn -0.4753 -0.5659 -0.6736
vn -0.3812 -0.6441 -0.6632
vn -0.2491 -0.7536 -0.6083
vn -0.3278 -0.7837 -0.5276
vn -0.3857 -0.8022 -0.4558
vn 0.9229 0.3364 -0.1872
vn 0.8936 0.2340 -0.3829
vn 0.8862 0.3213 -0.3337
vn 0.9370 0.2621 -0.2309
vn 0.8941 0.1292 -0.4289
vn 0.8280 0.1896 -0.5277
vn 0.8314 0.2870 -0.4758
vn 0.8128 0.0951 -0.5747
vn 0.9165 0.3986 -0.0343
vn 0.9324 0.3558 -0.0630
vn 0.9523 0.2899 -0.0953
vn 0.9430 0.1704 -0.2858
vn 0.9729 0.1930 -0.1272
vn 0.9391 0.0499 -0.3400
vn 0.8821 0.0092 -0.4709
vn 0.7971 -0.0217 -0.6035
vn 0.6586 -0.0747 -0.7488
vn 0.6898 0.0383 -0.7230
vn 0.7045 0.1438 -0.6950
vn 0.7048 0.2593 -0.6603
vn 0.1440 0.0744 -0.9868
vn 0.3262 0.0276 -0.9449
vn 0.1353 -0.0469 -0.9897
vn 0.3439 0.1328 -0.9296
vn 0.5212 0.0955 -0.8481
vn 0.3023 -0.0968 -0.9483
vn 0.1214 -0.1773 -0.9766
vn 0.5055 -0.0211 -0.8625
vn -0.0885 0.0045 -0.9961
vn 0.5411 0.2005 -0.8167
vn 0.4751 -0.1587 -0.8655
vn 0.2722 -0.2339 -0.9334
vn 0.1099 -0.2915 -0.9502
vn -0.0643 -0.2429 -0.9679
vn -0.0410 -0.3299 -0.9431
vn -0.0787 -0.1233 -0.9892
vn -0.0796 -0.9264 -0.3680
vn 0.1110 -0.9035 -0.4139
vn 0.1146 -0.9467 -0.3011
vn -0.2658 -0.8882 -0.3747
vn -0.0481 -0.8975 -0.4384
vn 0.1018 -0.9034 -0.4165
vn -0.2140 -0.8614 -0.4607
vn -0.0246 -0.8871 -0.4610
vn 0.1428 -0.9717 -0.1882
vn 0.2985 -0.9332 -0.2000
vn 0.2734 -0.9518 -0.1392
vn -0.0642 -0.9647 -0.2553
vn -0.2745 -0.9234 -0.2684
vn -0.1698 -0.8488 -0.5006
vn -0.1114 -0.8354 -0.5383
vn 0.0060 -0.8779 -0.4787
vn 0.1221 -0.8978 -0.4231
vn 0.2283 -0.9102 -0.3455
vn 0.2152 -0.9298 -0.2987
vn 0.2400 -0.9226 -0.3020
vn -0.0900 -0.9948 -0.0474
vn 0.0441 -0.9986 -0.0298
vn 0.0655 -0.9973 -0.0322
vn 0.0036 -0.9960 -0.0897
vn -0.0562 -0.9984 -0.0008
vn 0.0858 -0.9912 0.1006
vn 0.0968 -0.9953 -0.0090
vn 0.0909 -0.9850 0.1468
vn 0.1923 -0.9800 -0.0518
vn 0.3577 -0.9335 -0.0246
vn 0.2946 -0.9540 -0.0564
vn 0.0889 -0.9927 -0.0811
vn 0.0409 -0.9940 -0.1016
vn 0.0599 -0.9950 -0.0795
vn 0.1928 -0.9808 -0.0291
vn 0.3568 -0.9273 0.1130
vn 0.2553 -0.9543 0.1553
vn 0.5311 -0.7935 0.2971
vn 0.3002 -0.9488 0.0986
vn 0.3315 -0.9428 -0.0350
vn 0.9180 -0.0926 -0.3856
vn 0.7989 -0.2729 -0.5359
vn 0.8516 -0.1192 -0.5106
vn 0.8710 -0.2681 -0.4117
vn 0.7192 -0.4401 -0.5376
vn 0.7197 -0.2930 -0.6294
vn 0.7689 -0.1596 -0.6191
vn 0.6584 -0.4414 -0.6096
vn 0.9829 0.0720 -0.1695
vn 0.9733 -0.0934 -0.2094
vn 0.9293 -0.2785 -0.2424
vn 0.7857 -0.4469 -0.4278
vn 0.8441 -0.4652 -0.2666
vn 0.5441 -0.4552 -0.7048
vn 0.5806 -0.3255 -0.7463
vn 0.6159 -0.2056 -0.7605
vn 0.1182 -0.3640 -0.9238
vn 0.2646 -0.4074 -0.8741
vn 0.1415 -0.4397 -0.8869
vn 0.4318 -0.2714 -0.8601
vn 0.2644 -0.3236 -0.9085
vn 0.1516 -0.5458 -0.8241
vn 0.4086 -0.3662 -0.8360
vn 0.2507 -0.5130 -0.8209
vn -0.0020 -0.3892 -0.9211
vn 0.3834 -0.4809 -0.7885
vn 0.0769 -0.5714 -0.8170
vn 0.0377 -0.4620 -0.8861
vn 0.2171 -0.9411 0.2593
vn 0.2100 -0.9764 0.0497
vn 0.2632 -0.9630 0.0584
vn 0.1535 -0.9339 0.3229
vn 0.0374 -0.9992 0.0127
vn 0.1653 -0.9862 0.0028
vn 0.1743 -0.9843 0.0297
vn 0.0883 -0.9947 0.0522
vn 0.1711 -0.9077 0.3831
vn 0.2157 -0.9424 0.2556
vn 0.2000 -0.9090 0.3657
vn 0.1388 -0.9360 0.3234
vn 0.1237 -0.9475 0.2950
vn 0.2491 -0.9224 0.2951
vn 0.3621 -0.9223 0.1353
vn 0.2507 -0.9678 0.0229
vn 0.2720 -0.9196 0.2834
vn 0.2044 -0.9321 0.2989
vn 0.2647 -0.9287 0.2597
vn 0.3388 -0.9131 0.2269
vn 0.2168 -0.9745 -0.0572
vn 0.1703 -0.9814 0.0891
vn 0.4709 -0.6012 -0.6456
vn 0.2457 -0.2810 -0.9277
vn 0.2792 -0.3280 -0.9025
vn 0.3622 -0.6659 -0.6522
vn 0.3360 -0.6806 -0.6510
vn 0.2284 -0.1739 -0.9579
vn 0.0559 -0.2531 -0.9658
vn 0.3128 -0.2414 -0.9186
vn 0.2374 -0.8578 -0.4559
vn 0.4087 -0.5980 -0.6894
vn 0.2618 -0.8024 -0.5363
vn 0.2115 -0.9024 -0.3754
vn 0.2510 -0.8980 -0.3614
vn 0.2743 -0.8801 -0.3876
vn 0.4455 -0.6253 -0.6408
vn 0.5903 -0.2078 -0.7800
vn 0.4522 -0.1656 -0.8764
vn 0.7804 -0.3217 -0.5362
vn 0.6248 -0.4446 -0.6418
vn 0.3612 -0.6531 -0.6656
vn 0.0820 -0.7654 -0.6384
vn -0.1296 -0.7831 -0.6082
vn -0.0532 -0.3815 -0.9228
vn 0.1719 -0.4499 -0.8764
vn 0.5884 -0.7987 0.1265
vn 0.8106 -0.3770 0.4481
vn 0.9214 -0.3135 0.2298
vn 0.4492 -0.8870 0.1072
vn 0.7536 -0.5043 0.4217
vn 0.7853 -0.5670 0.2486
vn 0.8278 -0.5579 0.0592
vn 0.6995 -0.5409 0.4671
vn 0.2573 -0.9629 -0.0813
vn 0.6945 -0.7194 0.0141
vn 0.1786 -0.9837 -0.0221
vn 0.1275 -0.9837 -0.1265
vn 0.4708 -0.8748 -0.1143
vn 0.1978 -0.9690 -0.1479
vn 0.2872 -0.9574 0.0288
vn 0.6451 -0.6511 0.3999
vn 0.5123 -0.5822 0.6314
vn 0.2636 -0.9406 0.2138
vn 0.8821 -0.4707 -0.0150
vn 0.5925 -0.7976 0.1134
vn 0.9493 -0.3144 0.0032
vn -0.2300 -0.9669 -0.1105
vn -0.5520 -0.7341 -0.3954
vn -0.6376 -0.7469 -0.1886
vn -0.1825 -0.8964 -0.4040
vn -0.5280 -0.6944 -0.4889
vn -0.6289 -0.6570 -0.4157
vn -0.6511 -0.7464 -0.1376
vn -0.6115 -0.6021 -0.5134
vn 0.2254 -0.9644 -0.1386
vn -0.1625 -0.9864 0.0235
vn 0.1888 -0.9665 -0.1740
vn 0.1678 -0.9363 -0.3086
vn -0.1265 -0.8289 -0.5449
vn 0.2051 -0.9337 -0.2934
vn -0.1175 -0.8292 -0.5465
vn -0.5623 -0.6223 -0.5446
vn -0.6168 -0.6120 -0.4949
vn -0.5767 -0.6654 -0.4741
vn -0.5146 -0.7328 -0.4451
vn -0.3887 -0.8705 -0.3019
vn -0.2477 -0.9688 0.0056
vn -0.5246 -0.8397 0.1405
vn -0.1774 -0.9616 0.2093
vn -0.6272 -0.7750 0.0774
vn 0.0369 -0.9992 -0.0161
vn -0.3562 -0.7623 0.5404
vn 0.1609 -0.9864 -0.0339
vn -0.0770 -0.9969 0.0188
vn -0.5329 -0.7490 0.3938
vn -0.5850 -0.7066 0.3981
vn -0.5993 -0.7706 0.2170
vn -0.5411 -0.8277 0.1489
vn 0.3577 -0.9066 -0.2240
vn 0.3419 -0.9215 -0.1842
vn 0.3007 -0.9436 -0.1386
vn -0.4992 -0.8608 0.0986
vn -0.2002 -0.9784 0.0509
vn -0.1600 -0.9870 -0.0162
vn -0.2721 -0.9622 0.0149
vn -0.5605 -0.5259 0.6398
vn 0.6895 -0.5835 -0.4292
vn 0.7890 -0.2953 -0.5388
vn 0.5408 -0.5661 -0.6222
vn 0.7283 -0.6832 -0.0536
vn 0.8814 -0.3772 -0.2844
vn 0.8979 -0.1595 -0.4103
vn 0.9319 -0.3374 -0.1329
vn 0.9404 -0.2177 -0.2614
vn 0.3602 -0.8301 -0.4257
vn 0.4662 -0.7798 -0.4177
vn 0.4597 -0.8694 -0.1813
vn 0.9255 -0.3501 -0.1446
vn 0.7552 -0.6519 0.0688
vn 0.7986 -0.5833 -0.1485
vn 0.8145 -0.4306 -0.3888
vn 0.7627 -0.1673 -0.6247
vn 0.1487 -0.9867 -0.0655
vn 0.2055 -0.9720 0.1142
vn 0.1389 -0.9834 0.1171
vn 0.2819 -0.9531 -0.1099
vn 0.4738 -0.8799 -0.0364
vn 0.1592 -0.9509 0.2654
vn 0.2600 -0.9384 0.2275
vn 0.3814 -0.9048 0.1893
vn 0.0498 -0.9945 -0.0919
vn 0.5882 -0.7841 -0.1982
vn 0.1662 -0.9656 0.2001
vn 0.1031 -0.9931 0.0557
vn 0.8288 -0.3969 0.3945
vn 0.9554 -0.1702 0.2412
vn 0.8728 -0.2499 0.4193
vn 0.7574 -0.5704 0.3176
vn 0.9134 -0.3512 0.2060
vn 0.9936 -0.1128 -0.0037
vn 0.8274 -0.5453 0.1347
vn 0.9519 -0.3043 -0.0366
vn 0.8972 -0.0792 0.4345
vn 0.6218 -0.7607 0.1862
vn 0.6760 -0.7351 0.0513
vn 0.8583 -0.5075 -0.0757
vn 0.7056 -0.6993 -0.1150
vn 0.9975 0.0656 0.0259
vn 0.9689 0.0115 0.2473
vn 0.2462 -0.9580 -0.1472
vn -0.0053 -0.9853 -0.1708
vn 0.1893 -0.9544 -0.2306
vn 0.0815 -0.9965 -0.0162
vn -0.2231 -0.9730 -0.0599
vn -0.0372 -0.9693 -0.2430
vn 0.1632 -0.9576 -0.2376
vn -0.2629 -0.9445 -0.1971
vn 0.3542 -0.9144 -0.1958
vn 0.3329 -0.9129 -0.2362
vn 0.2944 -0.9532 -0.0689
vn 0.1725 -0.9817 0.0809
vn -0.1143 -0.9895 0.0883
vn -0.0113 -0.9926 0.1211
vn -0.3256 -0.9348 0.1418
vn -0.4248 -0.9052 0.0112
vn -0.4630 -0.8756 -0.1376
vn 0.2819 -0.9401 -0.1917
vn 0.3172 -0.9202 -0.2294
vn 0.8382 0.3090 0.4495
vn 0.9318 0.2523 0.2608
vn 0.8998 0.3415 0.2716
vn 0.8681 0.2030 0.4531
vn 0.9551 0.1572 0.2512
vn 0.9581 0.2766 0.0737
vn 0.9313 0.3528 0.0905
vn 0.9810 0.1862 0.0549
vn 0.7961 0.3995 0.4547
vn 0.8895 0.0952 0.4468
vn 0.9069 0.4065 0.1108
vn 0.8667 0.4052 0.2909
vn -0.5278 -0.8155 0.2373
vn -0.7325 -0.6596 0.1685
vn -0.6028 -0.7923 0.0941
vn -0.7446 -0.5637 0.3575
vn -0.6575 -0.6853 0.3131
vn -0.7645 -0.6446 0.0018
vn -0.6329 -0.7714 -0.0666
vn -0.8175 -0.5361 0.2104
vn -0.2186 -0.9550 0.2003
vn -0.4114 -0.8409 0.3515
vn -0.6343 -0.5873 0.5027
vn -0.5455 -0.7135 0.4398
vn -0.7008 -0.4657 0.5404
vn -0.8130 -0.4377 0.3841
vn -0.8817 -0.4087 0.2358
vn -0.8543 -0.5168 0.0562
vn -0.9155 -0.3913 0.0931
vn -0.8850 0.0247 0.4650
vn -0.9553 -0.0464 0.2918
vn -0.9095 0.0005 0.4156
vn -0.8618 0.0503 0.5047
vn -0.9434 -0.0224 0.3310
vn -0.9776 -0.0720 0.1975
vn -0.9308 0.0145 0.3652
vn -0.9750 -0.0408 0.2186
vn -0.8213 0.0530 0.5680
vn -0.9187 -0.0550 0.3912
vn -0.8342 -0.0199 0.5511
vn -0.8007 0.0885 0.5926
vn -0.7737 0.0951 0.6264
vn -0.7550 0.1082 0.6468
vn -0.8412 0.0742 0.5355
vn -0.9153 0.0478 0.4000
vn -0.9705 -0.0021 0.2411
vn -0.9625 0.0336 0.2693
vn -0.9806 -0.0944 0.1717
vn -0.9622 -0.0747 0.2620
vn 0.5064 0.6812 0.5287
vn 0.6319 0.6336 0.4464
vn 0.5345 0.7250 0.4344
vn 0.5801 0.6029 0.5477
vn 0.6857 0.5866 0.4310
vn 0.6743 0.6626 0.3260
vn 0.5545 0.7638 0.3303
vn 0.7474 0.6024 0.2802
vn 0.3583 0.7814 0.5109
vn 0.4800 0.5489 0.6843
vn 0.6055 0.5526 0.5727
vn 0.6261 0.5189 0.5821
vn 0.7341 0.5503 0.3979
vn 0.7979 0.5554 0.2344
vn 0.3701 0.8713 0.3223
vn 0.3688 0.8269 0.4246
vn -0.8946 -0.2159 0.3912
vn -0.9219 -0.2958 0.2503
vn -0.8652 -0.3139 0.3910
vn -0.9141 -0.1264 0.3853
vn -0.9459 -0.2010 0.2548
vn -0.9523 -0.2827 0.1150
vn -0.9598 -0.1231 0.2524
vn -0.9738 -0.1891 0.1262
vn -0.7612 -0.3397 0.5524
vn -0.8061 -0.2220 0.5486
vn -0.8284 -0.1180 0.5476
vn -0.9809 -0.1284 0.1463
vn 0.6604 0.5024 0.5581
vn 0.8058 0.4844 0.3405
vn 0.7739 0.5168 0.3661
vn 0.7060 0.4859 0.5152
vn 0.8357 0.4476 0.3182
vn 0.8562 0.4889 0.1669
vn 0.8323 0.5167 0.2007
vn 0.8807 0.4538 0.1357
vn 0.7509 0.4519 0.4815
vn 0.2204 -0.9748 -0.0357
vn 0.4679 -0.8830 -0.0379
vn 0.4227 -0.9051 0.0466
vn 0.0644 -0.9946 -0.0813
vn 0.2779 -0.9549 -0.1044
vn 0.4974 -0.8556 -0.1437
vn 0.1263 -0.9789 -0.1605
vn 0.2981 -0.9427 -0.1499
vn 0.0019 -0.9972 -0.0746
vn 0.0460 -0.9919 -0.1185
vn 0.0702 -0.9839 -0.1643
vn 0.1341 -0.9793 -0.1518
vn 0.0663 -0.9939 -0.0877
vn -0.8242 0.1560 0.5444
vn -0.8993 0.0881 0.4284
vn -0.8253 0.0943 0.5567
vn -0.8216 0.2576 0.5085
vn -0.8890 0.1773 0.4223
vn -0.9482 0.0942 0.3034
vn -0.8680 0.2977 0.3974
vn -0.9289 0.2072 0.3068
vn -0.7419 0.1108 0.6613
vn -0.7487 0.1494 0.6458
vn -0.7567 0.2384 0.6088
vn -0.7520 0.3261 0.5729
vn -0.7901 0.3816 0.4796
vn -0.8190 0.4433 0.3643
vn -0.8971 0.3436 0.2777
vn -0.8317 0.4860 0.2684
vn -0.0830 0.8390 0.5378
vn -0.0082 0.9331 0.3595
vn -0.1388 0.9324 0.3337
vn 0.0613 0.8470 0.5280
vn 0.1723 0.8989 0.4028
vn -0.0594 0.9696 0.2375
vn -0.1809 0.9582 0.2218
vn 0.1360 0.9478 0.2883
vn -0.2787 0.7879 0.5492
vn 0.2007 0.8295 0.5212
vn -0.3052 0.9291 0.2089
vn -0.3054 0.8966 0.3207
vn -0.6148 0.6045 0.5066
vn -0.7262 0.5949 0.3445
vn -0.7156 0.5036 0.4840
vn -0.4732 0.7033 0.5305
vn -0.5879 0.7369 0.3336
vn -0.7203 0.6442 0.2570
vn -0.4454 0.8361 0.3203
vn -0.5657 0.7950 0.2188
vn -0.6828 0.3856 0.6205
vn -0.5900 0.4549 0.6670
vn -0.4660 0.5264 0.7111
vn -0.4181 0.8837 0.2103
vn -0.4258 0.8964 0.1228
vn -0.5438 0.8276 0.1392
vn -0.7063 0.6893 0.1614
vn -0.8329 0.5178 0.1954
vn -0.4601 -0.8451 -0.2721
vn -0.1368 -0.9898 -0.0400
vn -0.3357 -0.9403 -0.0568
vn -0.2321 -0.9497 -0.2103
vn 0.0478 -0.9988 -0.0049
vn -0.1498 -0.9565 0.2504
vn -0.1818 -0.9727 0.1441
vn 0.0486 -0.9750 0.2168
vn -0.3598 -0.7543 -0.5491
vn -0.5471 -0.6872 -0.4779
vn -0.1969 -0.7772 -0.5977
vn -0.0723 -0.9847 -0.1585
vn 0.0427 -0.9424 0.3318
vn -0.0408 -0.9543 0.2962
vn -0.1113 -0.9791 0.1700
vn -0.4952 -0.6954 -0.5208
vn -0.4859 -0.5589 -0.6719
vn -0.2618 -0.7920 -0.5515
vn -0.1721 -0.7149 -0.6777
vn -0.2716 -0.5900 -0.7604
vn -0.5248 -0.6113 -0.5924
vn 0.0071 -0.5748 -0.8183
vn -0.3555 -0.5380 -0.7643
vn 0.1349 -0.9342 -0.3304
vn 0.2099 -0.9251 -0.3164
vn -0.0074 -0.9321 -0.3622
vn -0.0136 -0.8531 -0.5215
vn -0.1709 -0.4881 -0.8559
vn -0.0028 -0.9912 0.1322
vn -0.0380 -0.9970 -0.0675
vn -0.0377 -0.9932 0.1098
vn 0.1371 -0.9674 0.2128
vn 0.0718 -0.9964 -0.0453
vn -0.0835 -0.9914 -0.1003
vn 0.2280 -0.9694 0.0907
vn 0.1920 -0.9794 -0.0624
vn 0.2827 -0.9576 -0.0560
vn -0.2469 -0.4356 -0.8656
vn -0.3486 -0.5428 -0.7641
vn -0.4039 -0.4798 -0.7789
vn -0.1206 -0.4035 -0.9070
vn -0.2056 -0.5105 -0.8349
vn -0.2626 -0.6199 -0.7394
vn -0.0756 -0.4833 -0.8722
vn -0.1239 -0.6026 -0.7883
vn -0.2942 -0.3665 -0.8826
vn -0.4696 -0.4000 -0.7870
vn -0.1603 -0.3466 -0.9242
vn -0.0128 -0.5864 -0.8099
vn 0.0529 -0.6891 -0.7227
vn -0.0252 -0.7026 -0.7112
vn -0.1361 -0.7235 -0.6768
vn 0.3899 -0.9201 -0.0378
vn 0.2100 -0.9760 0.0579
vn 0.3257 -0.9448 -0.0368
vn 0.4058 -0.9139 -0.0132
vn 0.2580 -0.9661 0.0049
vn 0.0489 -0.9951 0.0860
vn 0.2944 -0.9485 0.1170
vn 0.1167 -0.9895 0.0859
vn 0.3988 -0.9040 -0.1543
vn 0.3993 -0.9083 -0.1249
vn 0.4794 -0.8769 -0.0353
vn 0.3673 -0.9254 -0.0935
vn 0.2116 -0.9195 0.3312
vn 0.0380 -0.9500 0.3099
vn -0.1089 -0.9613 0.2529
vn -0.6655 -0.1410 -0.7330
vn -0.4143 -0.2073 -0.8862
vn -0.5992 -0.2351 -0.7653
vn -0.4721 -0.1119 -0.8744
vn -0.2602 -0.1766 -0.9493
vn -0.3602 -0.2853 -0.8882
vn -0.5313 -0.3188 -0.7849
vn -0.2155 -0.2741 -0.9372
vn -0.7249 -0.0573 -0.6864
vn -0.5193 -0.0017 -0.8546
vn -0.2937 -0.0624 -0.9539
vn -0.3195 0.0625 -0.9455
vn -0.2652 -0.8615 0.4331
vn -0.2067 -0.7563 0.6207
vn -0.3958 -0.7378 0.5468
vn 0.0775 -0.8711 0.4850
vn -0.0785 -0.8697 0.4873
vn -0.3087 -0.6191 0.7221
vn -0.4829 -0.6062 0.6319
vn -0.1271 -0.6282 0.7676
vn -0.0320 -0.7690 0.6384
vn -0.1902 -0.5046 0.8421
vn -0.3803 -0.5021 0.7767
vn -0.5553 -0.4836 0.6766
vn -0.7068 0.1101 0.6988
vn -0.5437 0.2218 0.8094
vn -0.6805 0.1474 0.7177
vn -0.5819 0.1792 0.7933
vn -0.3749 0.3066 0.8749
vn -0.5072 0.2106 0.8357
vn -0.6599 0.1498 0.7363
vn -0.3522 0.2738 0.8950
vn -0.7219 0.0210 0.6916
vn -0.6005 0.0714 0.7964
vn -0.4093 0.2639 0.8734
vn -0.4119 0.1327 0.9015
vn -0.3557 0.2246 0.9072
vn -0.5002 0.1856 0.8458
vn -0.6485 0.1458 0.7471
vn -0.6721 0.6642 -0.3274
vn -0.5883 0.6460 -0.4865
vn -0.7226 0.5543 -0.4130
vn -0.4341 0.8043 -0.4058
vn -0.5505 0.7471 -0.3725
vn -0.7536 0.4455 -0.4833
vn -0.4382 0.7217 -0.5359
vn -0.5995 0.5411 -0.5897
vn -0.6315 0.7490 -0.2006
vn -0.5352 0.8121 -0.2326
vn -0.4507 0.8547 -0.2577
vn -0.4356 0.6227 -0.6500
vn -0.4258 0.5165 -0.7429
vn -0.6126 0.4357 -0.6595
vn -0.7737 0.3335 -0.5386
vn -0.6206 -0.3607 0.6962
vn -0.5244 -0.2399 0.8170
vn -0.6819 -0.2294 0.6945
vn -0.4573 -0.3767 0.8056
vn -0.2959 -0.2279 0.9277
vn -0.5827 -0.0779 0.8090
vn -0.7178 -0.0971 0.6894
vn -0.3701 -0.0496 0.9277
vn -0.2446 -0.3706 0.8960
vn -0.7862 0.2293 -0.5738
vn -0.5854 0.2247 -0.7790
vn -0.7807 0.1312 -0.6110
vn -0.5961 0.3348 -0.7297
vn -0.3761 0.3059 -0.8746
vn -0.5589 0.1149 -0.8213
vn -0.7634 0.0378 -0.6448
vn -0.3466 0.1877 -0.9190
vn -0.3990 0.4061 -0.8221
vn 0.0412 -0.7851 -0.6180
vn 0.0445 -0.8678 -0.4949
vn -0.0248 -0.8057 -0.5918
vn 0.0876 -0.7722 -0.6294
vn 0.0827 -0.8500 -0.5203
vn 0.1040 -0.9064 -0.4094
vn 0.1206 -0.8379 -0.5323
vn 0.1056 -0.9079 -0.4057
vn 0.1473 -0.8946 -0.4219
vn 0.1054 -0.9231 -0.3699
vn 0.1285 -0.9409 -0.3134
vn 0.1754 -0.9253 -0.3362
vn -0.6784 0.7295 0.0867
vn -0.5234 0.8521 -0.0001
vn -0.6495 0.7603 0.0014
vn -0.4228 0.9032 0.0741
vn -0.5213 0.8501 0.0741
vn -0.5292 0.8419 -0.1058
vn -0.6364 0.7654 -0.0961
vn -0.4438 0.8894 -0.1098
vn -0.4349 0.9005 0.0053
vn -0.6503 0.1354 0.7476
vn -0.5527 0.1991 0.8093
vn -0.6617 0.1656 0.7312
vn -0.5275 0.1651 0.8334
vn -0.4543 0.2206 0.8631
vn -0.6665 0.2647 0.6969
vn -0.5820 0.2979 0.7567
vn -0.3802 0.1874 0.9057
vn -0.4945 0.3432 0.7986
vn -0.0845 -0.9729 0.2153
vn -0.0557 -0.7587 0.6491
vn 0.1451 -0.7764 0.6133
vn 0.2462 -0.9674 0.0601
vn 0.0087 -0.9927 0.1206
vn 0.2306 -0.6323 0.7396
vn 0.2910 -0.6362 0.7145
vn 0.2438 -0.5521 0.7973
vn 0.0823 -0.9961 0.0311
vn 0.0870 -0.9932 -0.0778
vn 0.0645 -0.9979 0.0067
vn 0.2035 -0.9729 -0.1097
vn 0.0408 -0.7932 0.6076
vn 0.2078 -0.9402 -0.2699
vt 0.186286 0.476653
vt 0.172062 0.483020
vt 0.170835 0.479267
vt 0.187825 0.481544
vt 0.172639 0.486675
vt 0.158308 0.485370
vt 0.156564 0.482211
vt 0.195428 0.469489
vt 0.184523 0.471982
vt 0.197533 0.474954
vt 0.200058 0.485943
vt 0.199338 0.480458
vt 0.199553 0.491478
vt 0.188185 0.486310
vt 0.187498 0.491078
vt 0.172254 0.490526
vt 0.159500 0.488583
vt 0.156649 0.491782
vt 0.154785 0.489607
vt 0.153031 0.486475
vt 0.151325 0.483090
vt 0.155492 0.478822
vt 0.149847 0.479812
vt 0.169478 0.475387
vt 0.714658 0.414340
vt 0.771738 0.400605
vt 0.769921 0.419439
vt 0.716408 0.395436
vt 0.774470 0.381038
vt 0.826630 0.406592
vt 0.825239 0.425386
vt 0.826877 0.387328
vt 0.662132 0.429463
vt 0.713452 0.433105
vt 0.662631 0.410544
vt 0.666162 0.371158
vt 0.663733 0.391514
vt 0.670692 0.348002
vt 0.719464 0.375363
vt 0.725085 0.353053
vt 0.830498 0.368171
vt 0.868405 0.375088
vt 0.876782 0.391884
vt 0.881762 0.412343
vt 0.881549 0.431805
vt 0.823181 0.443302
vt 0.878917 0.449283
vt 0.768204 0.437911
vt 0.919629 0.073566
vt 0.908364 0.063538
vt 0.920317 0.063002
vt 0.918240 0.089338
vt 0.907301 0.074305
vt 0.892709 0.064818
vt 0.904798 0.089370
vt 0.891758 0.076454
vt 0.930601 0.062757
vt 0.920777 0.054726
vt 0.930814 0.054522
vt 0.930499 0.073305
vt 0.930754 0.089208
vt 0.931459 0.112164
vt 0.915469 0.112036
vt 0.899496 0.110825
vt 0.889469 0.090965
vt 0.883683 0.109728
vt 0.870926 0.096268
vt 0.870871 0.081528
vt 0.870929 0.067670
vt 0.871848 0.055012
vt 0.893562 0.054977
vt 0.909064 0.054904
vt 0.103387 0.641982
vt 0.117121 0.607333
vt 0.125838 0.638643
vt 0.078261 0.641612
vt 0.099080 0.608356
vt 0.113721 0.578614
vt 0.080185 0.606190
vt 0.100155 0.578483
vt 0.141394 0.670869
vt 0.146638 0.633804
vt 0.164815 0.662775
vt 0.115114 0.677695
vt 0.083839 0.680905
vt 0.045377 0.676844
vt 0.049990 0.634502
vt 0.060706 0.598789
vt 0.086581 0.575970
vt 0.073480 0.569890
vt 0.094982 0.551722
vt 0.104099 0.553796
vt 0.113700 0.553931
vt 0.127258 0.577549
vt 0.123428 0.553508
vt 0.134364 0.604859
vt 0.740740 0.622718
vt 0.794608 0.640923
vt 0.743104 0.646766
vt 0.792042 0.618109
vt 0.845763 0.634205
vt 0.796456 0.663452
vt 0.745284 0.670665
vt 0.845207 0.655585
vt 0.737136 0.598633
vt 0.690696 0.625680
vt 0.687683 0.600709
vt 0.788461 0.595244
vt 0.844077 0.612558
vt 0.840312 0.591156
vt 0.893202 0.606799
vt 0.894074 0.627830
vt 0.889690 0.649511
vt 0.881647 0.666900
vt 0.846933 0.675435
vt 0.800229 0.685480
vt 0.748815 0.694534
vt 0.693491 0.675816
vt 0.695854 0.701216
vt 0.692237 0.650750
vt 0.138615 0.365709
vt 0.099245 0.384492
vt 0.100904 0.353774
vt 0.130401 0.391183
vt 0.102740 0.409716
vt 0.068200 0.378182
vt 0.061793 0.342232
vt 0.080051 0.406909
vt 0.190296 0.353417
vt 0.152061 0.337209
vt 0.173903 0.376619
vt 0.160489 0.397980
vt 0.126305 0.413358
vt 0.140773 0.434451
vt 0.149333 0.417721
vt 0.107387 0.430606
vt 0.092182 0.429507
vt 0.078763 0.429804
vt 0.059322 0.406666
vt 0.038424 0.375289
vt 0.022445 0.334256
vt 0.064853 0.300500
vt 0.017584 0.284938
vt 0.109731 0.319173
vt 0.661948 0.174792
vt 0.609505 0.122384
vt 0.678105 0.134058
vt 0.598601 0.167073
vt 0.541421 0.117054
vt 0.624702 0.075657
vt 0.699049 0.092427
vt 0.548963 0.066263
vt 0.710646 0.224169
vt 0.726836 0.188295
vt 0.649435 0.214244
vt 0.590957 0.209389
vt 0.537064 0.164661
vt 0.535227 0.208943
vt 0.477860 0.167154
vt 0.474742 0.117795
vt 0.473384 0.064370
vt 0.474481 0.007085
vt 0.560787 0.012287
vt 0.645474 0.027044
vt 0.726226 0.050249
vt 0.770938 0.116459
vt 0.801963 0.080968
vt 0.746532 0.152292
vt 0.447428 0.612108
vt 0.409318 0.631182
vt 0.416180 0.606684
vt 0.480818 0.616843
vt 0.441722 0.637205
vt 0.400978 0.656022
vt 0.476246 0.642406
vt 0.434656 0.662818
vt 0.421569 0.582796
vt 0.386471 0.600627
vt 0.392930 0.577489
vt 0.451782 0.587666
vt 0.484076 0.591993
vt 0.518887 0.595664
vt 0.516803 0.620847
vt 0.513460 0.646702
vt 0.470565 0.668544
vt 0.509218 0.673146
vt 0.463980 0.695418
vt 0.426307 0.688856
vt 0.391045 0.680958
vt 0.357761 0.671859
vt 0.369049 0.648231
vt 0.378528 0.624356
vt 0.674009 0.889863
vt 0.600671 0.859616
vt 0.667356 0.853500
vt 0.683062 0.930509
vt 0.601536 0.897574
vt 0.535431 0.859449
vt 0.603079 0.940326
vt 0.530416 0.897617
vt 0.734401 0.840792
vt 0.661605 0.820142
vt 0.724368 0.809685
vt 0.746238 0.874228
vt 0.761843 0.910787
vt 0.784099 0.951252
vt 0.696940 0.976739
vt 0.607332 0.990476
vt 0.524441 0.940989
vt 0.518199 0.992915
vt 0.449293 0.933067
vt 0.462381 0.890738
vt 0.472894 0.853710
vt 0.539200 0.825076
vt 0.481382 0.819731
vt 0.599577 0.825086
vt 0.414297 0.398748
vt 0.443850 0.412243
vt 0.417409 0.414985
vt 0.409885 0.381270
vt 0.441029 0.395050
vt 0.472250 0.410059
vt 0.437419 0.376550
vt 0.469915 0.392024
vt 0.392784 0.418182
vt 0.420214 0.430646
vt 0.395588 0.432893
vt 0.389419 0.403012
vt 0.384520 0.386706
vt 0.376777 0.368383
vt 0.403323 0.361535
vt 0.432257 0.355664
vt 0.467311 0.372689
vt 0.463735 0.350797
vt 0.499783 0.369847
vt 0.501264 0.389808
vt 0.503192 0.408332
vt 0.474849 0.427577
vt 0.505292 0.426573
vt 0.446615 0.428883
vt 0.928079 0.790492
vt 0.858882 0.796911
vt 0.912583 0.769163
vt 0.945152 0.812445
vt 0.875756 0.821694
vt 0.799201 0.821483
vt 0.896622 0.847238
vt 0.814821 0.850779
vt 0.959849 0.741534
vt 0.898251 0.748950
vt 0.946397 0.724191
vt 0.973403 0.761266
vt 0.984889 0.783456
vt 0.992545 0.803052
vt 0.968708 0.831589
vt 0.925385 0.872390
vt 0.834970 0.881860
vt 0.862676 0.914703
vt 0.785946 0.793657
vt 0.844175 0.772964
vt 0.853668 0.231689
vt 0.927914 0.233728
vt 0.910291 0.256870
vt 0.791625 0.208008
vt 0.874134 0.205085
vt 0.945692 0.211399
vt 0.813101 0.176808
vt 0.897459 0.179636
vt 0.893139 0.280522
vt 0.960890 0.280665
vt 0.945519 0.301360
vt 0.835238 0.259106
vt 0.773685 0.239554
vt 0.838604 0.146438
vt 0.869577 0.117992
vt 0.926228 0.156704
vt 0.968072 0.192952
vt 0.992545 0.218196
vt 0.986004 0.236748
vt 0.975104 0.259141
vt 0.598029 0.626036
vt 0.553826 0.650028
vt 0.555863 0.624004
vt 0.643064 0.626686
vt 0.597315 0.652049
vt 0.551043 0.676529
vt 0.643397 0.678268
vt 0.595853 0.678379
vt 0.556623 0.598544
vt 0.597368 0.600481
vt 0.641052 0.601274
vt 0.643337 0.652383
vt 0.644210 0.704805
vt 0.594751 0.705520
vt 0.548181 0.703916
vt 0.504481 0.700495
vt 0.536871 0.407381
vt 0.573907 0.388292
vt 0.574395 0.407274
vt 0.535253 0.368131
vt 0.535742 0.388478
vt 0.616334 0.389259
vt 0.615986 0.408255
vt 0.574349 0.367745
vt 0.538511 0.425973
vt 0.497927 0.347152
vt 0.535184 0.344885
vt 0.575891 0.344085
vt 0.617764 0.368711
vt 0.620871 0.345037
vt 0.616297 0.427075
vt 0.575420 0.425985
vt 0.323281 0.418314
vt 0.348333 0.425973
vt 0.326712 0.430448
vt 0.317589 0.405836
vt 0.344781 0.412817
vt 0.369925 0.421856
vt 0.339181 0.399071
vt 0.366428 0.407729
vt 0.304200 0.435381
vt 0.329305 0.442506
vt 0.306734 0.446543
vt 0.300939 0.424231
vt 0.295343 0.413274
vt 0.307777 0.392827
vt 0.329585 0.384117
vt 0.361120 0.392693
vt 0.352422 0.376036
vt 0.372740 0.435685
vt 0.351002 0.438895
vt 0.330512 0.586706
vt 0.293288 0.598715
vt 0.303876 0.578726
vt 0.357947 0.593977
vt 0.320656 0.608208
vt 0.281597 0.618414
vt 0.348993 0.616713
vt 0.309427 0.629606
vt 0.313332 0.559286
vt 0.277675 0.569856
vt 0.287958 0.552136
vt 0.339095 0.565784
vt 0.365512 0.571828
vt 0.338572 0.639463
vt 0.326178 0.661597
vt 0.296275 0.650007
vt 0.268102 0.636799
vt 0.241456 0.621641
vt 0.254784 0.605623
vt 0.266686 0.587972
vt 0.421133 0.174206
vt 0.348306 0.136675
vt 0.410103 0.124266
vt 0.367299 0.185816
vt 0.290392 0.155160
vt 0.328188 0.082746
vt 0.399422 0.069766
vt 0.261165 0.103586
vt 0.482378 0.212397
vt 0.432275 0.219423
vt 0.385075 0.229978
vt 0.316951 0.202107
vt 0.341182 0.244022
vt 0.270820 0.223183
vt 0.237419 0.179866
vt 0.200382 0.132449
vt 0.158218 0.082628
vt 0.228276 0.048654
vt 0.306105 0.024703
vt 0.388995 0.010952
vt 0.414605 0.842100
vt 0.340697 0.858917
vt 0.361040 0.826156
vt 0.398879 0.877471
vt 0.314148 0.896661
vt 0.288014 0.835926
vt 0.312130 0.806566
vt 0.255844 0.869459
vt 0.427475 0.809936
vt 0.378833 0.918232
vt 0.432680 0.984885
vt 0.351958 0.968092
vt 0.277234 0.942530
vt 0.210176 0.909014
vt 0.204208 0.837675
vt 0.240960 0.809220
vt 0.267683 0.783924
vt 0.331722 0.779842
vt 0.289625 0.760623
vt 0.377621 0.796444
vt 0.228469 0.549599
vt 0.196675 0.548527
vt 0.206180 0.538621
vt 0.252507 0.560093
vt 0.217677 0.562534
vt 0.186814 0.557627
vt 0.241332 0.575828
vt 0.206726 0.574725
vt 0.214444 0.528107
vt 0.185441 0.527470
vt 0.191767 0.519440
vt 0.238386 0.536543
vt 0.262926 0.544539
vt 0.229477 0.590954
vt 0.216774 0.604257
vt 0.194975 0.585097
vt 0.176758 0.565189
vt 0.162256 0.546449
vt 0.170323 0.541276
vt 0.177722 0.534618
vt 0.225147 0.446975
vt 0.254207 0.447389
vt 0.227982 0.454288
vt 0.220885 0.440195
vt 0.251448 0.438470
vt 0.280010 0.440958
vt 0.246761 0.430326
vt 0.277042 0.430756
vt 0.202909 0.461265
vt 0.230471 0.461539
vt 0.205477 0.467268
vt 0.199987 0.455601
vt 0.195892 0.450602
vt 0.213743 0.434775
vt 0.238667 0.423372
vt 0.262871 0.412501
vt 0.271765 0.421371
vt 0.285775 0.402323
vt 0.282636 0.451026
vt 0.256688 0.456090
vt 0.230427 0.248693
vt 0.154714 0.245218
vt 0.191478 0.210443
vt 0.197248 0.277158
vt 0.127493 0.282119
vt 0.107908 0.210704
vt 0.148428 0.168804
vt 0.079976 0.255516
vt 0.300897 0.261609
vt 0.265245 0.282417
vt 0.235117 0.305246
vt 0.171333 0.307097
vt 0.210181 0.329158
vt 0.028114 0.230928
vt 0.055455 0.176806
vt 0.099449 0.126148
vt 0.227802 0.758892
vt 0.163194 0.747720
vt 0.193044 0.731568
vt 0.160336 0.801545
vt 0.198922 0.779769
vt 0.164034 0.702156
vt 0.124866 0.762554
vt 0.135207 0.713402
vt 0.251749 0.739182
vt 0.152043 0.868712
vt 0.104967 0.822965
vt 0.071262 0.773801
vt 0.099088 0.721976
vt 0.051433 0.724265
vt 0.188866 0.690298
vt 0.218163 0.715694
vt 0.952535 0.524063
vt 0.963358 0.537594
vt 0.951622 0.537835
vt 0.964844 0.524153
vt 0.974590 0.538227
vt 0.962163 0.551147
vt 0.950710 0.551516
vt 0.973401 0.551689
vt 0.939737 0.509644
vt 0.939859 0.524138
vt 0.952824 0.509567
vt 0.965912 0.509533
vt 0.976765 0.524811
vt 0.979493 0.509798
vt 0.990365 0.526940
vt 0.988359 0.541501
vt 0.980578 0.563602
vt 0.972397 0.564486
vt 0.961669 0.565489
vt 0.949824 0.566981
vt 0.938753 0.551448
vt 0.936945 0.568546
vt 0.939383 0.537818
vt 0.113458 0.536028
vt 0.109352 0.524708
vt 0.114440 0.524803
vt 0.101455 0.534731
vt 0.107435 0.535814
vt 0.109668 0.517000
vt 0.114953 0.517068
vt 0.104332 0.523962
vt 0.113839 0.545686
vt 0.121284 0.535646
vt 0.122334 0.546022
vt 0.105866 0.545273
vt 0.098193 0.543731
vt 0.090958 0.540463
vt 0.095524 0.532465
vt 0.099130 0.522464
vt 0.104651 0.516987
vt 0.100716 0.514048
vt 0.104435 0.513069
vt 0.109545 0.512038
vt 0.115120 0.511752
vt 0.120687 0.512139
vt 0.120408 0.517183
vt 0.120145 0.524575
vt 0.145411 0.448992
vt 0.145249 0.458243
vt 0.137120 0.457203
vt 0.155162 0.450736
vt 0.151913 0.459793
vt 0.138106 0.464084
vt 0.132579 0.462564
vt 0.142966 0.465594
vt 0.137643 0.440591
vt 0.134547 0.447234
vt 0.150918 0.442999
vt 0.162646 0.445140
vt 0.163446 0.452634
vt 0.172810 0.447633
vt 0.171058 0.455310
vt 0.157121 0.462342
vt 0.147002 0.467264
vt 0.144451 0.468731
vt 0.140731 0.468144
vt 0.135804 0.467162
vt 0.130517 0.466140
vt 0.126406 0.461386
vt 0.124819 0.465235
vt 0.129295 0.455618
vt 0.168594 0.517812
vt 0.153589 0.516227
vt 0.157378 0.512235
vt 0.163068 0.523419
vt 0.149383 0.519487
vt 0.147872 0.512031
vt 0.150709 0.508823
vt 0.144726 0.514769
vt 0.183023 0.516018
vt 0.173643 0.512000
vt 0.177278 0.523137
vt 0.170875 0.529569
vt 0.156795 0.528198
vt 0.163763 0.535050
vt 0.150718 0.531622
vt 0.144492 0.521690
vt 0.141150 0.516563
vt 0.139548 0.514383
vt 0.141306 0.512446
vt 0.143677 0.509717
vt 0.146201 0.506652
vt 0.153553 0.505445
vt 0.148985 0.503351
vt 0.160916 0.507940
vt 0.182006 0.501110
vt 0.170463 0.494672
vt 0.185411 0.496026
vt 0.178039 0.506449
vt 0.167569 0.499060
vt 0.159405 0.494751
vt 0.164413 0.503519
vt 0.158062 0.498177
vt 0.197141 0.497165
vt 0.193304 0.503068
vt 0.188426 0.509311
vt 0.156165 0.501823
vt 0.151363 0.500256
vt 0.153384 0.497128
vt 0.155228 0.494129
vt 0.160235 0.491599
vt 0.111173 0.444824
vt 0.105564 0.454048
vt 0.100087 0.444402
vt 0.122963 0.445683
vt 0.113075 0.454016
vt 0.107531 0.459750
vt 0.121194 0.454502
vt 0.113471 0.459967
vt 0.096031 0.436726
vt 0.091442 0.445280
vt 0.084747 0.437247
vt 0.108830 0.436731
vt 0.123273 0.438598
vt 0.119962 0.460428
vt 0.119034 0.464674
vt 0.112964 0.464606
vt 0.107591 0.463737
vt 0.103666 0.463190
vt 0.102413 0.460589
vt 0.099222 0.454817
vt 0.953438 0.466477
vt 0.966785 0.481392
vt 0.953152 0.481607
vt 0.967371 0.466638
vt 0.981133 0.481379
vt 0.966188 0.495870
vt 0.952782 0.495504
vt 0.980525 0.495486
vt 0.938878 0.449555
vt 0.939718 0.466929
vt 0.954378 0.448210
vt 0.969918 0.449221
vt 0.981418 0.466975
vt 0.994510 0.456394
vt 0.984224 0.452658
vt 0.995605 0.466885
vt 0.995758 0.496721
vt 0.939719 0.495604
vt 0.939971 0.481925
vt 0.314719 0.367779
vt 0.319759 0.335924
vt 0.338669 0.357108
vt 0.292377 0.379063
vt 0.294255 0.349637
vt 0.295124 0.311245
vt 0.271288 0.364353
vt 0.267863 0.329268
vt 0.364925 0.347401
vt 0.270637 0.391329
vt 0.249809 0.379942
vt 0.244386 0.348185
vt 0.223232 0.367575
vt 0.326950 0.294802
vt 0.348197 0.323025
vt 0.233786 0.500229
vt 0.254646 0.512743
vt 0.228823 0.508800
vt 0.259996 0.502266
vt 0.279681 0.516499
vt 0.247137 0.524106
vt 0.222060 0.518027
vt 0.272106 0.529894
vt 0.210297 0.491765
vt 0.207700 0.498073
vt 0.236405 0.492138
vt 0.262850 0.492353
vt 0.285120 0.504106
vt 0.288234 0.492514
vt 0.309625 0.506158
vt 0.304306 0.520235
vt 0.296986 0.535491
vt 0.197850 0.511793
vt 0.203456 0.504742
vt 0.458663 0.325110
vt 0.414369 0.302497
vt 0.451728 0.294970
vt 0.424702 0.331196
vt 0.379917 0.311860
vt 0.401077 0.268962
vt 0.442767 0.259881
vt 0.362463 0.280589
vt 0.495487 0.320543
vt 0.393506 0.338644
vt 0.487358 0.253421
vt 0.491995 0.289403
vt 0.333098 0.508265
vt 0.351976 0.527464
vt 0.328361 0.523938
vt 0.379020 0.512523
vt 0.355885 0.510314
vt 0.346271 0.545963
vt 0.321762 0.540858
vt 0.376071 0.530980
vt 0.312690 0.493045
vt 0.335718 0.493644
vt 0.380292 0.495222
vt 0.357882 0.494275
vt 0.403824 0.496531
vt 0.403235 0.514968
vt 0.401247 0.534538
vt 0.371551 0.550749
vt 0.397854 0.555384
vt 0.587007 0.529121
vt 0.553808 0.550396
vt 0.551055 0.527741
vt 0.626206 0.530056
vt 0.591185 0.551926
vt 0.555831 0.573969
vt 0.631731 0.552782
vt 0.594909 0.575720
vt 0.548204 0.505855
vt 0.517581 0.525838
vt 0.515621 0.504299
vt 0.583267 0.507149
vt 0.621656 0.508242
vt 0.664662 0.509240
vt 0.669694 0.530584
vt 0.676136 0.552926
vt 0.637038 0.576557
vt 0.682553 0.576342
vt 0.519587 0.571402
vt 0.519045 0.548169
vt 0.843521 0.349045
vt 0.803894 0.313074
vt 0.860674 0.327879
vt 0.790382 0.337573
vt 0.744859 0.300530
vt 0.818800 0.286610
vt 0.877037 0.304555
vt 0.758139 0.270836
vt 0.890063 0.362469
vt 0.779993 0.360112
vt 0.733695 0.328041
vt 0.677687 0.321246
vt 0.686651 0.291488
vt 0.697558 0.258960
vt 0.930429 0.322595
vt 0.912638 0.343757
vt 0.456547 0.520620
vt 0.427850 0.538212
vt 0.428998 0.517723
vt 0.486077 0.523409
vt 0.456159 0.541846
vt 0.425429 0.559894
vt 0.486527 0.545258
vt 0.454636 0.564187
vt 0.428988 0.498292
vt 0.455954 0.500346
vt 0.484828 0.502410
vt 0.485939 0.568095
vt 0.625839 0.317560
vt 0.581807 0.284725
vt 0.632152 0.286382
vt 0.578548 0.316481
vt 0.535203 0.285892
vt 0.585677 0.248871
vt 0.639840 0.251770
vt 0.534870 0.249636
vt 0.535293 0.317599
vt 0.226039 0.417070
vt 0.229025 0.395786
vt 0.248660 0.404165
vt 0.203148 0.429829
vt 0.208529 0.411166
vt 0.204000 0.386939
vt 0.188472 0.425886
vt 0.186394 0.405288
vt 0.189979 0.446258
vt 0.181308 0.442647
vt 0.169746 0.439904
vt 0.170218 0.422309
vt 0.156106 0.437427
vt 0.768811 0.530588
vt 0.724781 0.552345
vt 0.718088 0.530761
vt 0.818156 0.529594
vt 0.776115 0.551081
vt 0.731568 0.575029
vt 0.827904 0.549109
vt 0.782970 0.572749
vt 0.713027 0.510209
vt 0.763563 0.511238
vt 0.811134 0.512093
vt 0.847217 0.512728
vt 0.863191 0.526927
vt 0.877398 0.546641
vt 0.835253 0.569918
vt 0.885362 0.567149
vt 0.970340 0.063010
vt 0.954574 0.072938
vt 0.953688 0.062487
vt 0.970886 0.074081
vt 0.957371 0.087260
vt 0.941632 0.072943
vt 0.941105 0.062464
vt 0.943477 0.088266
vt 0.992659 0.052544
vt 0.970046 0.053664
vt 0.993030 0.064456
vt 0.992655 0.077422
vt 0.973267 0.087583
vt 0.992658 0.091148
vt 0.979965 0.104634
vt 0.963840 0.107133
vt 0.947600 0.110277
vt 0.941068 0.054375
vt 0.953493 0.054201
vt 0.968234 0.034196
vt 0.954777 0.023677
vt 0.969166 0.021874
vt 0.969009 0.044562
vt 0.953135 0.036372
vt 0.942584 0.023810
vt 0.952986 0.046143
vt 0.941364 0.036858
vt 0.986792 0.016494
vt 0.974089 0.006320
vt 0.986115 0.006008
vt 0.988456 0.028914
vt 0.990802 0.040904
vt 0.941048 0.046509
vt 0.931076 0.046556
vt 0.931333 0.036881
vt 0.931649 0.023548
vt 0.932080 0.004654
vt 0.945570 0.005188
vt 0.959598 0.006047
vt 0.899153 0.471444
vt 0.913256 0.483391
vt 0.899138 0.484001
vt 0.912584 0.469867
vt 0.926784 0.482557
vt 0.913208 0.496365
vt 0.898853 0.497126
vt 0.926758 0.495930
vt 0.887348 0.462829
vt 0.886246 0.471582
vt 0.909491 0.455439
vt 0.896472 0.459551
vt 0.923720 0.452283
vt 0.926186 0.468208
vt 0.926528 0.509768
vt 0.912904 0.509923
vt 0.899134 0.510331
vt 0.885070 0.511275
vt 0.883197 0.496856
vt 0.884706 0.483634
vt 0.137525 0.534902
vt 0.138965 0.522944
vt 0.144317 0.533816
vt 0.129073 0.535186
vt 0.132899 0.523855
vt 0.136636 0.517262
vt 0.126421 0.524330
vt 0.131493 0.517392
vt 0.148580 0.541993
vt 0.156510 0.539358
vt 0.140541 0.543914
vt 0.131726 0.545289
vt 0.126000 0.517297
vt 0.126104 0.512883
vt 0.131301 0.513338
vt 0.136097 0.514016
vt 0.913303 0.523390
vt 0.901172 0.536377
vt 0.900095 0.523507
vt 0.926607 0.523333
vt 0.913903 0.536636
vt 0.901314 0.549535
vt 0.926747 0.537284
vt 0.913558 0.550317
vt 0.886591 0.524518
vt 0.926492 0.550845
vt 0.924202 0.566647
vt 0.911296 0.565014
vt 0.899181 0.562561
vt 0.890525 0.559044
vt 0.889527 0.549599
vt 0.888098 0.537469
vt 0.293530 0.701758
vt 0.280458 0.668487
vt 0.311191 0.682360
vt 0.273578 0.720437
vt 0.261942 0.685102
vt 0.251974 0.652816
vt 0.240960 0.700568
vt 0.233127 0.666545
vt 0.327949 0.716709
vt 0.344076 0.694684
vt 0.309704 0.738391
vt 0.211898 0.678725
vt 0.186874 0.654671
vt 0.207341 0.645714
vt 0.225699 0.634944
vt 0.235746 0.476960
vt 0.263434 0.483014
vt 0.236973 0.484481
vt 0.259848 0.465188
vt 0.262362 0.474093
vt 0.289077 0.481795
vt 0.286001 0.461431
vt 0.288113 0.471526
vt 0.210784 0.485650
vt 0.209678 0.479524
vt 0.233420 0.469328
vt 0.207816 0.473415
vt 0.309730 0.457855
vt 0.312195 0.469229
vt 0.313387 0.480817
vt 0.456605 0.722970
vt 0.405090 0.741609
vt 0.416565 0.715141
vt 0.448154 0.750997
vt 0.392095 0.768559
vt 0.365058 0.730056
vt 0.379216 0.705567
vt 0.349076 0.754678
vt 0.499627 0.728868
vt 0.494411 0.757946
vt 0.438458 0.779841
vt 0.488399 0.788068
vt 0.335979 0.479959
vt 0.356122 0.465288
vt 0.357847 0.479296
vt 0.332058 0.454639
vt 0.334590 0.467064
vt 0.377946 0.463939
vt 0.379802 0.479053
vt 0.375366 0.449564
vt 0.353676 0.451882
vt 0.398321 0.447715
vt 0.400956 0.463072
vt 0.402951 0.479247
vt 0.545716 0.484700
vt 0.578493 0.465197
vt 0.580523 0.485821
vt 0.543226 0.464375
vt 0.576757 0.445261
vt 0.617435 0.466498
vt 0.618865 0.487092
vt 0.616712 0.446472
vt 0.513374 0.483575
vt 0.510789 0.463813
vt 0.540733 0.444854
vt 0.507902 0.444885
vt 0.661515 0.448733
vt 0.661262 0.468449
vt 0.662020 0.488600
vt 0.857376 0.693118
vt 0.818996 0.728211
vt 0.808054 0.706945
vt 0.884864 0.729508
vt 0.871110 0.710875
vt 0.755056 0.718462
vt 0.830938 0.750066
vt 0.763714 0.742573
vt 0.899716 0.677049
vt 0.918590 0.691659
vt 0.933224 0.707757
vt 0.774093 0.767407
vt 0.715156 0.780672
vt 0.707039 0.753383
vt 0.700420 0.727075
vt 0.427807 0.479985
vt 0.452192 0.462919
vt 0.454441 0.481090
vt 0.425723 0.462778
vt 0.449491 0.445618
vt 0.480438 0.463305
vt 0.482955 0.482366
vt 0.477631 0.445151
vt 0.423092 0.446418
vt 0.646612 0.732206
vt 0.596172 0.762943
vt 0.594947 0.733805
vt 0.650666 0.760210
vt 0.597995 0.793271
vt 0.543896 0.762061
vt 0.545823 0.732642
vt 0.541835 0.792696
vt 0.655867 0.789204
vt 0.185159 0.622619
vt 0.181930 0.592823
vt 0.202019 0.614702
vt 0.166517 0.628679
vt 0.167308 0.598281
vt 0.165606 0.570472
vt 0.151254 0.602015
vt 0.153671 0.574095
vt 0.140662 0.576188
vt 0.133421 0.552807
vt 0.143506 0.551783
vt 0.152988 0.549695
vt 0.920836 0.023885
vt 0.910252 0.036868
vt 0.908992 0.024005
vt 0.921328 0.046752
vt 0.921520 0.037065
vt 0.895875 0.035114
vt 0.895155 0.022653
vt 0.894991 0.045563
vt 0.918681 0.005162
vt 0.909940 0.046614
vt 0.873933 0.042872
vt 0.876404 0.030550
vt 0.878047 0.017761
vt 0.890815 0.006998
vt 0.879034 0.007106
vt 0.904905 0.006221
vt 0.710819 0.490410
vt 0.763977 0.474371
vt 0.762417 0.492610
vt 0.710821 0.471068
vt 0.766109 0.456266
vt 0.813009 0.495452
vt 0.817748 0.478391
vt 0.711948 0.452021
vt 0.821029 0.460912
vt 0.875594 0.466101
vt 0.870131 0.483392
vt 0.859604 0.500159
vt 0.176054 0.458846
vt 0.165173 0.468577
vt 0.161213 0.465289
vt 0.182239 0.467317
vt 0.179679 0.463212
vt 0.152527 0.472136
vt 0.150198 0.469400
vt 0.154333 0.475311
vt 0.181120 0.450503
vt 0.189973 0.459136
vt 0.186580 0.454539
vt 0.192960 0.464144
vt 0.167786 0.471868
vt 0.148636 0.476471
vt 0.147183 0.473447
vt 0.145623 0.470786
vt 0.124079 0.432267
vt 0.086358 0.547529
vt 0.870942 0.108887
vt 0.889534 0.587018
vt 0.993920 0.511954
vt 0.984340 0.554424
vt 0.099982 0.516621
vt 0.997054 0.481070
vt 0.993030 0.102975
s 1
g off
g Mango_Material.001
usemtl Material.001
f 395/1/1 399/2/2 398/3/3
f 396/4/4 400/5/5 399/2/2
f 398/3/3 402/6/6 401/7/7
f 400/5/5 402/6/6 399/2/2
f 906/8/8 395/1/1 392/9/9
f 907/10/10 396/4/4 395/1/1
f 909/11/11 396/4/4 908/12/12
f 899/13/13 397/14/14 909/11/11
f 203/15/15 400/5/5 397/14/14
f 204/16/16 403/17/17 400/5/5
f 403/17/17 25/18/18 202/19/19
f 402/6/6 202/19/19 201/20/20
f 401/7/7 201/20/20 200/21/21
f 394/22/22 200/21/21 56/23/23
f 398/3/3 394/22/22 393/24/24
f 392/9/9 398/3/3 393/24/24
f 404/25/25 408/26/26 407/27/27
f 405/28/28 409/29/29 408/26/26
f 407/27/27 411/30/30 410/31/31
f 408/26/26 412/32/32 411/30/30
f 50/33/33 404/25/25 389/34/34
f 322/35/35 405/28/28 404/25/25
f 320/36/36 405/28/28 321/37/37
f 13/38/38 406/39/39 320/36/36
f 74/40/40 409/29/29 406/39/39
f 409/29/29 76/41/41 412/32/32
f 412/32/32 8/42/42 305/43/43
f 411/30/30 305/43/43 306/44/44
f 410/31/31 306/44/44 307/45/45
f 391/46/46 307/45/45 45/47/47
f 390/48/48 410/31/31 391/46/46
f 389/34/34 407/27/27 390/48/48
f 414/49/49 416/50/50 413/51/51
f 415/52/52 417/53/53 414/49/49
f 417/53/53 419/54/54 416/50/50
f 418/55/55 420/56/56 417/53/53
f 346/57/57 386/58/58 58/59/59
f 345/60/60 413/51/51 346/57/57
f 344/61/61 414/49/49 345/60/60
f 32/62/62 415/52/52 344/61/61
f 83/63/63 418/55/55 415/52/52
f 84/64/64 421/65/65 418/55/55
f 85/66/66 308/67/67 421/65/65
f 421/65/65 309/68/68 420/56/56
f 420/56/56 310/69/69 419/54/54
f 419/54/54 46/70/70 388/71/71
f 416/50/50 388/71/71 387/72/72
f 413/51/51 387/72/72 386/58/58
f 423/73/73 425/74/74 422/75/75
f 424/76/76 426/77/77 423/73/73
f 426/77/77 428/78/78 425/74/74
f 427/79/79 429/80/80 426/77/77
f 334/81/81 383/82/82 54/83/83
f 333/84/84 422/75/75 334/81/81
f 332/85/85 423/73/73 333/84/84
f 22/86/86 424/76/76 332/85/85
f 92/87/87 427/79/79 424/76/76
f 93/88/88 430/89/89 427/79/79
f 94/90/90 64/91/91 430/89/89
f 430/89/89 63/92/92 429/80/80
f 428/78/78 63/92/92 62/93/93
f 385/94/94 62/93/93 43/95/95
f 384/96/96 428/78/78 385/94/94
f 422/75/75 384/96/96 383/82/82
f 431/97/97 435/98/98 434/99/99
f 432/100/100 436/101/101 435/98/98
f 434/99/99 438/102/102 437/103/103
f 435/98/98 439/104/104 438/102/102
f 295/105/105 137/106/106 36/107/107
f 294/108/108 431/97/97 295/105/105
f 294/108/108 433/109/109 432/100/100
f 293/110/110 223/111/111 433/109/109
f 433/109/109 222/112/112 436/101/101
f 436/101/101 221/113/113 439/104/104
f 439/104/104 5/114/114 91/115/115
f 438/102/102 91/115/115 90/116/116
f 437/103/103 90/116/116 89/117/117
f 139/118/118 89/117/117 14/119/119
f 138/120/120 437/103/103 139/118/118
f 137/106/106 434/99/99 138/120/120
f 440/121/121 444/122/122 443/123/123
f 441/124/124 445/125/125 444/122/122
f 443/123/123 447/126/126 446/127/127
f 444/122/122 448/128/128 447/126/126
f 40/129/129 440/121/121 185/130/130
f 292/131/131 441/124/124 440/121/121
f 291/132/132 442/133/133 441/124/124
f 30/134/134 442/133/133 290/135/135
f 442/133/133 219/136/136 445/125/125
f 445/125/125 218/137/137 448/128/128
f 448/128/128 2/138/138 94/139/90
f 447/126/126 94/139/90 93/140/88
f 446/127/127 93/140/88 92/141/87
f 187/142/139 92/141/87 22/143/86
f 186/144/140 446/127/127 187/142/139
f 185/130/130 443/123/123 186/144/140
f 449/145/141 453/146/142 452/147/143
f 450/148/144 454/149/145 453/146/142
f 452/147/143 456/150/146 455/151/147
f 453/146/142 457/152/148 456/150/146
f 35/153/149 449/145/141 134/154/150
f 289/155/151 450/148/144 449/145/141
f 288/156/152 451/157/153 450/148/144
f 287/158/154 107/159/155 451/157/153
f 451/157/153 108/160/156 454/149/145
f 454/149/145 109/161/157 457/152/148
f 457/152/148 12/162/158 106/163/159
f 456/150/146 106/163/159 105/164/160
f 455/151/147 105/164/160 104/165/161
f 136/166/162 104/165/161 16/167/163
f 135/168/164 455/151/147 136/166/162
f 134/154/150 452/147/143 135/168/164
f 459/169/165 461/170/166 458/171/167
f 460/172/168 462/173/169 459/169/165
f 462/173/169 464/174/170 461/170/166
f 463/175/171 465/176/172 462/173/169
f 286/177/173 158/178/174 37/179/175
f 285/180/176 458/171/167 286/177/173
f 284/181/177 459/169/165 285/180/176
f 34/182/178 460/172/168 284/181/177
f 110/183/179 463/175/171 460/172/168
f 111/184/180 466/185/181 463/175/171
f 112/186/182 103/187/183 466/185/181
f 466/185/181 102/188/184 465/176/172
f 465/176/172 101/189/185 464/174/170
f 464/174/170 20/190/186 160/191/187
f 461/170/166 160/191/187 159/192/188
f 458/171/167 159/192/188 158/178/174
f 468/193/189 470/194/190 467/195/191
f 469/196/192 471/197/193 468/193/189
f 471/197/193 473/198/194 470/194/190
f 472/199/195 474/200/196 471/197/193
f 319/201/197 380/202/198 49/203/199
f 318/204/200 467/195/191 319/201/197
f 317/205/201 468/193/189 318/204/200
f 16/206/163 469/196/192 317/205/201
f 104/207/161 472/199/195 469/196/192
f 105/208/160 475/209/202 472/199/195
f 106/210/159 311/211/203 475/209/202
f 475/209/202 312/212/204 474/200/196
f 474/200/196 313/213/205 473/198/194
f 382/214/206 313/213/205 47/215/207
f 470/194/190 382/214/206 381/216/208
f 467/195/191 381/216/208 380/202/198
f 477/217/209 479/218/210 476/219/211
f 478/220/212 480/221/213 477/217/209
f 480/221/213 482/222/214 479/218/210
f 481/223/215 483/224/216 480/221/213
f 325/225/217 377/226/218 51/227/219
f 324/228/220 476/219/211 325/225/217
f 323/229/221 477/217/209 324/228/220
f 19/230/222 478/220/212 323/229/221
f 98/231/223 481/223/215 478/220/212
f 99/232/224 484/233/225 481/223/215
f 100/234/226 314/235/227 484/233/225
f 484/233/225 315/236/228 483/224/216
f 483/224/216 316/237/229 482/222/214
f 379/238/230 316/237/229 48/239/231
f 378/240/232 482/222/214 379/238/230
f 377/226/218 479/218/210 378/240/232
f 486/241/233 488/242/234 485/243/235
f 487/244/236 489/245/237 486/241/233
f 489/245/237 491/246/238 488/242/234
f 490/247/239 492/248/240 489/245/237
f 310/249/69 374/250/241 46/251/70
f 309/252/68 485/243/235 310/249/69
f 308/253/67 486/241/233 309/252/68
f 6/254/242 487/244/236 308/253/67
f 128/255/243 490/247/239 487/244/236
f 129/256/244 493/257/245 490/247/239
f 130/258/246 317/205/201 493/257/245
f 493/257/245 318/204/200 492/248/240
f 492/248/240 319/201/197 491/246/238
f 491/246/238 49/203/199 376/259/247
f 488/242/234 376/259/247 375/260/248
f 485/243/235 375/260/248 374/250/241
f 495/261/249 497/262/250 494/263/251
f 496/264/252 498/265/253 495/261/249
f 498/265/253 500/266/254 497/262/250
f 499/267/255 501/268/256 498/265/253
f 283/269/257 83/270/63 32/271/62
f 282/272/258 494/263/251 283/269/257
f 281/273/259 495/261/249 282/272/258
f 281/273/259 134/154/150 496/264/252
f 134/154/150 499/267/255 496/264/252
f 135/168/164 502/274/260 499/267/255
f 502/274/260 16/167/163 130/275/246
f 502/274/260 129/276/244 501/268/256
f 501/268/256 128/277/243 500/266/254
f 500/266/254 6/278/242 85/279/66
f 497/262/250 85/279/66 84/280/64
f 494/263/251 84/280/64 83/270/63
f 504/281/261 506/282/262 503/283/263
f 505/284/264 507/285/265 504/281/261
f 507/285/265 509/286/266 506/282/262
f 507/285/265 511/287/267 510/288/268
f 280/289/269 110/183/179 34/182/178
f 279/290/270 503/283/263 280/289/269
f 278/291/271 504/281/261 279/290/270
f 36/107/107 505/284/264 278/291/271
f 505/284/264 138/120/120 508/292/272
f 508/292/272 139/118/118 511/287/267
f 511/287/267 14/119/119 124/293/273
f 510/288/268 124/293/273 123/294/274
f 510/288/268 122/295/275 509/286/266
f 509/286/266 11/296/276 112/186/182
f 506/282/262 112/186/182 111/184/180
f 503/283/263 111/184/180 110/183/179
f 512/297/277 516/298/278 515/299/279
f 514/300/280 516/298/278 513/301/281
f 515/299/279 519/302/282 518/303/283
f 517/304/284 519/302/282 516/298/278
f 48/239/231 512/297/277 371/305/285
f 316/237/229 513/301/281 512/297/277
f 314/235/227 513/301/281 315/236/228
f 10/306/286 514/300/280 314/235/227
f 119/307/287 517/304/284 514/300/280
f 120/308/288 520/309/289 517/304/284
f 121/310/290 320/36/36 520/309/289
f 520/309/289 321/37/37 519/302/282
f 518/303/283 321/37/37 322/35/35
f 373/311/291 322/35/35 50/33/33
f 372/312/292 518/303/283 373/311/291
f 371/305/285 515/299/279 372/312/292
f 522/313/293 524/314/294 521/315/295
f 523/316/296 525/317/297 522/313/293
f 525/317/297 527/318/298 524/314/294
f 526/319/299 528/320/300 525/317/297
f 331/321/301 368/322/302 53/323/303
f 330/324/304 521/315/295 331/321/301
f 329/325/305 522/313/293 330/324/304
f 329/325/305 149/326/306 523/316/296
f 523/316/296 150/327/307 526/319/299
f 150/327/307 529/328/308 526/319/299
f 151/329/309 323/229/221 529/328/308
f 529/328/308 324/228/220 528/320/300
f 528/320/300 325/225/217 527/318/298
f 527/318/298 51/227/219 370/330/310
f 524/314/294 370/330/310 369/331/311
f 521/315/295 369/331/311 368/322/302
f 531/332/312 533/333/313 530/334/314
f 532/335/315 534/336/316 531/332/312
f 534/336/316 536/337/317 533/333/313
f 535/338/318 537/339/319 534/336/316
f 277/340/320 179/341/321 39/342/322
f 276/343/323 530/334/314 277/340/320
f 275/344/324 531/332/312 276/343/323
f 37/179/175 532/335/315 275/344/324
f 158/178/174 535/338/318 532/335/315
f 159/192/188 538/345/325 535/338/318
f 160/191/187 154/346/326 538/345/325
f 538/345/325 153/347/327 537/339/319
f 537/339/319 152/348/328 536/337/317
f 536/337/317 24/349/329 181/350/330
f 533/333/313 181/350/330 180/351/331
f 530/334/314 180/351/331 179/341/321
f 539/352/332 543/353/333 542/354/334
f 540/355/335 544/356/336 543/353/333
f 542/354/334 546/357/337 545/358/338
f 543/353/333 547/359/339 546/357/337
f 33/360/340 539/352/332 107/159/155
f 274/361/341 540/355/335 539/352/332
f 273/362/342 541/363/343 540/355/335
f 272/364/344 161/365/345 541/363/343
f 541/363/343 162/366/346 544/356/336
f 544/356/336 163/367/347 547/359/339
f 547/359/339 18/368/348 148/369/349
f 546/357/337 148/369/349 147/370/350
f 545/358/338 147/370/350 146/371/351
f 109/161/157 146/371/351 12/162/158
f 108/160/156 545/358/338 109/161/157
f 107/159/155 542/354/334 108/160/156
f 548/372/352 552/373/353 551/374/354
f 549/375/355 553/376/356 552/373/353
f 551/374/354 555/377/357 554/378/358
f 552/373/353 556/379/359 555/377/357
f 47/215/207 548/372/352 365/380/360
f 313/213/205 549/375/355 548/372/352
f 312/212/204 550/381/361 549/375/355
f 12/382/158 550/381/361 311/211/203
f 146/383/351 553/376/356 550/381/361
f 147/384/350 556/379/359 553/376/356
f 148/385/349 326/386/362 556/379/359
f 555/377/357 326/386/362 327/387/363
f 554/378/358 327/387/363 328/388/364
f 367/389/365 328/388/364 52/390/366
f 366/391/367 554/378/358 367/389/365
f 365/380/360 551/374/354 366/391/367
f 558/392/368 560/393/369 557/394/370
f 559/395/371 561/396/372 558/392/368
f 561/396/372 563/397/373 560/393/369
f 562/398/374 564/399/375 561/396/372
f 271/400/376 59/401/377 29/402/378
f 270/403/379 557/394/370 271/400/376
f 269/404/380 558/392/368 270/403/379
f 39/342/322 559/395/371 269/404/380
f 179/341/321 562/398/374 559/395/371
f 180/351/331 565/405/381 562/398/374
f 181/350/330 178/406/382 565/405/381
f 565/405/381 177/407/383 564/399/375
f 564/399/375 176/408/384 563/397/373
f 563/397/373 1/409/385 61/410/386
f 560/393/369 61/410/386 60/411/387
f 557/394/370 60/411/387 59/401/377
f 567/412/388 569/413/389 566/414/390
f 568/415/391 570/416/392 567/412/388
f 570/416/392 572/417/393 569/413/389
f 571/418/394 573/419/395 570/416/392
f 304/420/396 362/421/397 44/422/398
f 303/423/399 566/414/390 304/420/396
f 302/424/400 567/412/388 303/423/399
f 302/424/400 173/425/401 568/415/391
f 568/415/391 174/426/402 571/418/394
f 571/418/394 175/427/403 574/428/404
f 574/428/404 23/429/405 329/325/305
f 574/428/404 330/324/304 573/419/395
f 573/419/395 331/321/301 572/417/393
f 572/417/393 53/323/303 364/430/406
f 569/413/389 364/430/406 363/431/407
f 566/414/390 363/431/407 362/421/397
f 575/432/408 579/433/409 578/434/410
f 576/435/411 580/436/412 579/433/409
f 578/434/410 582/437/413 581/438/414
f 579/433/409 583/439/415 582/437/413
f 38/440/416 575/432/408 161/365/345
f 268/441/417 576/435/411 575/432/408
f 267/442/418 577/443/419 576/435/411
f 266/444/420 185/130/130 577/443/419
f 577/443/419 186/144/140 580/436/412
f 580/436/412 187/142/139 583/439/415
f 583/439/415 22/143/86 172/445/421
f 582/437/413 172/445/421 171/446/422
f 581/438/414 171/446/422 170/447/423
f 163/367/347 170/447/423 18/368/348
f 162/366/346 581/438/414 163/367/347
f 161/365/345 578/434/410 162/366/346
f 584/448/424 588/449/425 587/450/426
f 586/451/427 588/449/425 585/452/428
f 588/449/425 590/453/429 587/450/426
f 589/454/430 591/455/431 588/449/425
f 52/390/366 584/448/424 359/456/432
f 328/388/364 585/452/428 584/448/424
f 326/386/362 585/452/428 327/387/363
f 18/457/348 586/451/427 326/386/362
f 170/458/423 589/454/430 586/451/427
f 171/459/422 592/460/433 589/454/430
f 172/461/421 332/85/85 592/460/433
f 592/460/433 333/84/84 591/455/431
f 591/455/431 334/81/81 590/453/429
f 590/453/429 54/83/83 361/462/434
f 587/450/426 361/462/434 360/463/435
f 359/456/432 587/450/426 360/463/435
f 593/464/436 597/465/437 596/466/438
f 594/467/439 598/468/440 597/465/437
f 596/466/438 600/469/441 599/470/442
f 597/465/437 601/471/443 600/469/441
f 57/472/444 593/464/436 356/473/445
f 343/474/446 594/467/439 593/464/436
f 342/475/447 595/476/448 594/467/439
f 341/477/449 197/478/450 595/476/448
f 197/478/450 598/468/440 595/476/448
f 198/479/451 601/471/443 598/468/440
f 601/471/443 28/480/452 338/481/453
f 600/469/441 338/481/453 339/482/454
f 599/470/442 339/482/454 340/483/455
f 358/484/456 340/483/455 56/485/23
f 357/486/457 599/470/442 358/484/456
f 356/473/445 596/466/438 357/486/457
f 602/487/458 606/488/459 605/489/460
f 604/490/461 606/488/459 603/491/462
f 605/489/460 609/492/463 608/493/464
f 607/494/465 609/492/463 606/488/459
f 910/495/466 353/496/467 905/497/468
f 911/498/469 602/487/458 910/495/466
f 912/499/470 603/491/462 911/498/469
f 901/500/471 604/490/461 912/499/470
f 209/501/472 607/494/465 604/490/461
f 210/502/473 610/503/474 607/494/465
f 610/503/474 27/504/475 196/505/476
f 609/492/463 196/505/476 195/506/477
f 608/493/464 195/506/477 194/507/478
f 608/493/464 55/508/479 355/509/480
f 354/510/481 608/493/464 355/509/480
f 353/496/467 605/489/460 354/510/481
f 611/511/482 615/512/483 614/513/484
f 612/514/485 616/515/486 615/512/483
f 614/513/484 618/516/487 617/517/488
f 615/512/483 619/518/489 618/516/487
f 904/519/490 611/511/482 260/520/491
f 913/521/492 612/514/485 611/511/482
f 914/522/493 613/523/494 612/514/485
f 915/524/495 208/525/496 613/523/494
f 613/523/494 207/526/497 616/515/486
f 616/515/486 206/527/498 619/518/489
f 619/518/489 28/528/452 199/529/499
f 618/516/487 199/529/499 198/530/451
f 617/517/488 198/530/451 197/531/450
f 262/532/500 197/531/450 42/533/501
f 261/534/502 617/517/488 262/532/500
f 260/520/491 614/513/484 261/534/502
f 620/535/503 624/536/504 623/537/505
f 621/538/506 625/539/507 624/536/504
f 623/537/505 627/540/508 626/541/509
f 624/536/504 628/542/510 627/540/508
f 903/543/511 620/535/503 257/544/512
f 916/545/513 621/538/506 620/535/503
f 917/546/514 622/547/515 621/538/506
f 918/548/516 214/549/517 622/547/515
f 622/547/515 213/550/518 625/539/507
f 625/539/507 212/551/519 628/542/510
f 628/542/510 26/552/520 193/553/521
f 627/540/508 193/553/521 192/554/522
f 626/541/509 192/554/522 191/555/523
f 259/556/524 191/555/523 41/557/525
f 623/537/505 259/556/524 258/558/526
f 620/535/503 258/558/526 257/544/512
f 630/559/527 632/560/528 629/561/529
f 631/562/530 633/563/531 630/559/527
f 633/563/531 635/564/532 632/560/528
f 634/565/533 636/566/534 633/563/531
f 919/567/535 203/15/15 899/13/13
f 920/568/536 629/561/529 919/567/535
f 921/569/537 630/559/527 920/568/536
f 903/543/511 631/562/530 921/569/537
f 257/544/512 634/565/533 631/562/530
f 258/558/526 637/570/538 634/565/533
f 637/570/538 41/557/525 253/571/539
f 637/570/538 252/572/540 636/566/534
f 636/566/534 251/573/541 635/564/532
f 635/564/532 25/18/18 205/574/542
f 632/560/528 205/574/542 204/16/16
f 629/561/529 204/16/16 203/15/15
f 639/575/543 641/576/544 638/577/545
f 640/578/546 642/579/547 639/575/543
f 642/579/547 644/580/548 641/576/544
f 643/581/549 645/582/550 642/579/547
f 922/583/551 209/584/472 901/585/471
f 923/586/552 638/577/545 922/583/551
f 924/587/553 639/575/543 923/586/552
f 924/587/553 260/520/491 640/578/546
f 640/578/546 261/534/502 643/581/549
f 643/581/549 262/532/500 646/588/554
f 646/588/554 42/533/501 256/589/555
f 645/582/550 256/589/555 255/590/556
f 645/582/550 254/591/557 644/580/548
f 644/580/548 27/592/475 211/593/558
f 641/576/544 211/593/558 210/594/473
f 638/577/545 210/594/473 209/584/472
f 647/595/559 651/596/560 650/597/561
f 648/598/562 652/599/563 651/596/560
f 650/597/561 654/600/564 653/601/565
f 651/596/560 655/602/566 654/600/564
f 55/603/479 647/595/559 350/604/567
f 194/605/478 648/598/562 647/595/559
f 195/606/477 649/607/568 648/598/562
f 27/608/475 649/607/568 196/609/476
f 254/610/557 652/599/563 649/607/568
f 652/599/563 256/611/555 655/602/566
f 256/611/555 341/477/449 655/602/566
f 654/600/564 341/477/449 342/475/447
f 654/600/564 343/474/446 653/601/565
f 653/601/565 57/472/444 352/612/569
f 351/613/570 653/601/565 352/612/569
f 350/604/567 650/597/561 351/613/570
f 657/614/571 659/615/572 656/616/573
f 658/617/574 660/618/575 657/614/571
f 660/618/575 662/619/576 659/615/572
f 661/620/577 663/621/578 660/618/575
f 19/230/222 656/616/573 242/622/579
f 150/327/307 656/616/573 151/329/309
f 149/326/306 657/614/571 150/327/307
f 23/429/405 658/617/574 149/326/306
f 248/623/580 661/620/577 658/617/574
f 249/624/581 664/625/582 661/620/577
f 250/626/583 266/444/420 664/625/582
f 663/621/578 266/444/420 267/442/418
f 662/619/576 267/442/418 268/441/417
f 244/627/584 268/441/417 38/440/416
f 243/628/585 662/619/576 244/627/584
f 656/616/573 243/628/585 242/622/579
f 665/629/586 669/630/587 668/631/588
f 666/632/589 670/633/590 669/630/587
f 668/631/588 672/634/591 671/635/592
f 669/630/587 673/636/593 672/634/591
f 3/637/594 665/629/586 215/638/595
f 73/639/596 666/632/589 665/629/586
f 72/640/597 667/641/598 666/632/589
f 71/642/599 245/643/600 667/641/598
f 667/641/598 246/644/601 670/633/590
f 670/633/590 247/645/602 673/636/593
f 673/636/593 39/342/322 269/404/380
f 672/634/591 269/404/380 270/403/379
f 671/635/592 270/403/379 271/400/376
f 217/646/603 271/400/376 29/402/378
f 216/647/604 671/635/592 217/646/603
f 215/638/595 668/631/588 216/647/604
f 674/648/605 678/649/606 677/650/607
f 675/651/608 679/652/609 678/649/606
f 677/650/607 681/653/610 680/654/611
f 678/649/606 682/655/612 681/653/610
f 10/306/286 674/648/605 227/656/613
f 100/234/226 675/651/608 674/648/605
f 99/232/224 676/657/614 675/651/608
f 98/231/223 242/622/579 676/657/614
f 676/657/614 243/628/585 679/652/609
f 679/652/609 244/627/584 682/655/612
f 682/655/612 38/440/416 272/364/344
f 681/653/610 272/364/344 273/362/342
f 680/654/611 273/362/342 274/361/341
f 229/658/615 274/361/341 33/360/340
f 228/659/616 680/654/611 229/658/615
f 227/656/613 677/650/607 228/659/616
f 683/660/617 687/661/618 686/662/619
f 685/663/620 687/661/618 684/664/621
f 686/662/619 690/665/622 689/666/623
f 688/667/624 690/665/622 687/661/618
f 21/668/625 683/660/617 245/643/600
f 169/669/626 684/664/621 683/660/617
f 167/670/627 684/664/621 168/671/628
f 17/672/629 685/663/620 167/670/627
f 239/673/630 688/667/624 685/663/620
f 240/674/631 691/675/632 688/667/624
f 241/676/633 275/344/324 691/675/632
f 691/675/632 276/343/323 690/665/622
f 690/665/622 277/340/320 689/666/623
f 247/645/602 277/340/320 39/342/322
f 246/644/601 689/666/623 247/645/602
f 245/643/600 686/662/619 246/644/601
f 693/677/634 695/678/635 692/679/636
f 694/680/637 696/681/638 693/677/634
f 696/681/638 698/682/639 695/678/635
f 697/683/640 699/684/641 696/681/638
f 97/685/642 230/686/643 9/687/644
f 96/688/645 692/679/636 97/685/642
f 95/689/646 693/677/634 96/688/645
f 15/690/647 694/680/637 95/689/646
f 236/691/648 697/683/640 694/680/637
f 237/692/649 700/693/650 697/683/640
f 238/694/651 278/291/271 700/693/650
f 700/693/650 279/290/270 699/684/641
f 699/684/641 280/289/269 698/682/639
f 698/682/639 34/182/178 232/695/652
f 695/678/635 232/695/652 231/696/653
f 692/679/636 231/696/653 230/686/643
f 701/697/654 705/698/655 704/699/656
f 702/700/657 706/701/658 705/698/655
f 704/699/656 708/702/659 707/703/660
f 705/698/655 709/704/661 708/702/659
f 8/42/42 701/697/654 224/705/662
f 76/41/41 702/700/657 701/697/654
f 75/706/663 703/707/664 702/700/657
f 74/40/40 233/708/665 703/707/664
f 703/707/664 234/709/666 706/701/658
f 706/701/658 235/710/667 709/704/661
f 709/704/661 35/153/149 281/273/259
f 708/702/659 281/273/259 282/272/258
f 707/703/660 282/272/258 283/269/257
f 226/711/668 283/269/257 32/271/62
f 225/712/669 707/703/660 226/711/668
f 224/705/662 704/699/656 225/712/669
f 711/713/670 713/714/671 710/715/672
f 712/716/673 714/717/674 711/713/670
f 714/717/674 716/718/675 713/714/671
f 715/719/676 717/720/677 714/717/674
f 145/721/678 239/673/630 17/672/629
f 144/722/679 710/715/672 145/721/678
f 143/723/680 711/713/670 144/722/679
f 9/687/644 712/716/673 143/723/680
f 230/686/643 715/719/676 712/716/673
f 231/696/653 718/724/681 715/719/676
f 232/695/652 284/181/177 718/724/681
f 718/724/681 285/180/176 717/720/677
f 717/720/677 286/177/173 716/718/675
f 716/718/675 37/179/175 241/676/633
f 713/714/671 241/676/633 240/674/631
f 710/715/672 240/674/631 239/673/630
f 719/725/682 723/726/683 722/727/684
f 720/728/685 724/729/686 723/726/683
f 722/727/684 726/730/687 725/731/688
f 723/726/683 727/732/689 726/730/687
f 13/38/38 719/725/682 233/708/665
f 121/310/290 720/728/685 719/725/682
f 120/308/288 721/733/690 720/728/685
f 119/307/287 227/656/613 721/733/690
f 721/733/690 228/659/616 724/729/686
f 724/729/686 229/658/615 727/732/689
f 727/732/689 33/360/340 287/158/154
f 726/730/687 287/158/154 288/156/152
f 725/731/688 288/156/152 289/155/151
f 235/710/667 289/155/151 35/153/149
f 234/709/666 725/731/688 235/710/667
f 233/708/665 722/727/684 234/709/666
f 729/734/691 731/735/692 728/736/693
f 730/737/694 732/738/695 729/734/691
f 732/738/695 734/739/696 731/735/692
f 733/740/697 735/741/698 732/738/695
f 175/427/403 248/623/580 23/429/405
f 174/426/402 728/736/693 175/427/403
f 173/425/401 729/734/691 174/426/402
f 4/742/699 730/737/694 173/425/401
f 67/743/700 733/740/697 730/737/694
f 66/744/701 736/745/702 733/740/697
f 65/746/703 290/135/135 736/745/702
f 736/745/702 291/132/132 735/741/698
f 735/741/698 292/131/131 734/739/696
f 734/739/696 40/129/129 250/626/583
f 731/735/692 250/626/583 249/624/581
f 728/736/693 249/624/581 248/623/580
f 738/747/704 740/748/705 737/749/706
f 739/750/707 741/751/708 738/747/704
f 741/751/708 743/752/709 740/748/705
f 742/753/710 744/754/711 741/751/708
f 127/755/712 236/691/648 15/690/647
f 126/756/713 737/749/706 127/755/712
f 125/757/714 738/747/704 126/756/713
f 7/758/715 739/750/707 125/757/714
f 82/759/716 742/753/710 739/750/707
f 81/760/717 745/761/718 742/753/710
f 80/762/719 293/110/110 745/761/718
f 745/761/718 294/108/108 744/754/711
f 744/754/711 295/105/105 743/752/709
f 743/752/709 36/107/107 238/694/651
f 740/748/705 238/694/651 237/692/649
f 737/749/706 237/692/649 236/691/648
f 746/763/720 750/764/721 749/765/722
f 747/766/723 751/767/724 750/764/721
f 749/765/722 753/768/725 752/769/726
f 750/764/721 754/770/727 753/768/725
f 45/771/47 746/763/720 347/772/728
f 307/773/45 747/766/723 746/763/720
f 306/774/44 748/775/729 747/766/723
f 305/776/43 224/777/662 748/775/729
f 748/775/729 225/778/669 751/767/724
f 751/767/724 226/779/668 754/770/727
f 754/770/727 32/62/62 344/61/61
f 753/768/725 344/61/61 345/60/60
f 753/768/725 346/57/57 752/769/726
f 752/769/726 58/59/59 349/780/730
f 348/781/731 752/769/726 349/780/730
f 347/772/728 749/765/722 348/781/731
f 756/782/732 758/783/733 755/784/734
f 757/785/735 759/786/736 756/782/732
f 759/786/736 761/787/737 758/783/733
f 760/788/738 762/789/739 759/786/736
f 79/790/740 82/791/716 7/792/715
f 78/793/741 755/784/734 79/790/740
f 77/794/742 756/782/732 78/793/741
f 77/794/742 347/772/728 757/785/735
f 757/785/735 348/781/731 760/788/738
f 760/788/738 349/780/730 763/795/743
f 349/780/730 296/796/744 763/795/743
f 763/795/743 297/797/745 762/789/739
f 762/789/739 298/798/746 761/787/737
f 761/787/737 31/799/747 80/800/719
f 758/783/733 80/800/719 81/801/717
f 755/784/734 81/801/717 82/791/716
f 764/802/748 768/803/749 767/804/750
f 765/805/751 769/806/752 768/803/749
f 767/804/750 771/807/753 770/808/754
f 768/803/749 772/809/755 771/807/753
f 26/810/520 764/802/748 193/811/521
f 336/812/756 764/802/748 335/813/757
f 337/814/758 765/805/751 336/812/756
f 337/814/758 350/604/567 766/815/759
f 766/815/759 351/613/570 769/806/752
f 769/806/752 352/612/569 772/809/755
f 772/809/755 57/472/444 263/816/760
f 771/807/753 263/816/760 264/817/761
f 770/808/754 264/817/761 265/818/762
f 770/808/754 41/819/525 191/820/523
f 192/821/522 770/808/754 191/820/523
f 193/811/521 767/804/750 192/821/522
f 774/822/763 776/823/764 773/824/765
f 775/825/766 777/826/767 774/822/763
f 777/826/767 779/827/768 776/823/764
f 778/828/769 780/829/770 777/826/767
f 925/830/771 214/549/517 902/831/772
f 926/832/773 773/824/765 925/830/771
f 927/833/774 774/822/763 926/832/773
f 905/497/468 775/825/766 927/833/774
f 353/496/467 778/828/769 775/825/766
f 778/828/769 355/509/480 781/834/775
f 355/509/480 337/835/758 781/834/775
f 781/834/775 336/836/756 780/829/770
f 780/829/770 335/837/757 779/827/768
f 779/827/768 26/552/520 212/551/519
f 776/823/764 212/551/519 213/550/518
f 773/824/765 213/550/518 214/549/517
f 783/838/776 785/839/777 782/840/778
f 784/841/779 786/842/780 783/838/776
f 786/842/780 788/843/781 785/839/777
f 787/844/782 789/845/783 786/842/780
f 265/818/762 253/846/539 41/819/525
f 264/817/761 782/840/778 265/818/762
f 263/816/760 783/838/776 264/817/761
f 57/472/444 784/841/779 263/816/760
f 356/473/445 787/844/782 784/841/779
f 357/486/457 790/847/784 787/844/782
f 790/847/784 56/485/23 200/848/21
f 789/845/783 200/848/21 201/849/20
f 788/843/781 201/849/20 202/850/19
f 788/843/781 25/851/18 251/852/541
f 785/839/777 251/852/541 252/853/540
f 782/840/778 252/853/540 253/846/539
f 792/854/785 794/855/786 791/856/787
f 793/857/788 795/858/789 792/854/785
f 795/858/789 797/859/790 794/855/786
f 796/860/791 798/861/792 795/858/789
f 20/190/186 791/856/787 154/346/326
f 165/862/793 791/856/787 166/863/794
f 164/864/795 792/854/785 165/862/793
f 52/390/366 793/857/788 164/864/795
f 359/456/432 796/860/791 793/857/788
f 360/463/435 799/865/796 796/860/791
f 361/462/434 188/866/797 799/865/796
f 799/865/796 189/867/798 798/861/792
f 798/861/792 190/868/799 797/859/790
f 152/348/328 190/868/799 24/349/329
f 153/347/327 797/859/790 152/348/328
f 154/346/326 794/855/786 153/347/327
f 801/869/800 803/870/801 800/871/802
f 801/869/800 805/872/803 804/873/804
f 804/873/804 806/874/805 803/870/801
f 804/873/804 808/875/806 807/876/807
f 70/877/808 73/639/596 3/637/594
f 70/877/808 801/869/800 800/871/802
f 69/878/809 802/879/810 801/869/800
f 68/880/811 362/421/397 802/879/810
f 802/879/810 363/431/407 805/872/803
f 805/872/803 364/430/406 808/875/806
f 364/430/406 182/881/812 808/875/806
f 808/875/806 183/882/813 807/876/807
f 807/876/807 184/883/814 806/874/805
f 806/874/805 21/668/625 71/642/599
f 803/870/801 71/642/599 72/640/597
f 800/871/802 72/640/597 73/639/596
f 809/884/815 813/885/816 812/886/817
f 810/887/818 814/888/819 813/885/816
f 812/886/817 816/889/820 815/890/821
f 813/885/816 817/891/822 816/889/820
f 11/296/276 809/884/815 103/187/183
f 115/892/823 810/887/818 809/884/815
f 114/893/824 811/894/825 810/887/818
f 113/895/826 365/380/360 811/894/825
f 811/894/825 366/391/367 814/888/819
f 814/888/819 367/389/365 817/891/822
f 817/891/822 52/390/366 164/864/795
f 817/891/822 165/862/793 816/889/820
f 816/889/820 166/863/794 815/890/821
f 101/189/185 166/863/794 20/190/186
f 102/188/184 815/890/821 101/189/185
f 103/187/183 812/886/817 102/188/184
f 818/896/827 822/897/828 821/898/829
f 820/899/830 822/897/828 819/900/831
f 821/898/829 825/901/832 824/902/833
f 822/897/828 826/903/834 825/901/832
f 184/883/814 169/669/626 21/668/625
f 183/882/813 818/896/827 184/883/814
f 182/881/812 819/900/831 183/882/813
f 53/323/303 820/899/830 182/881/812
f 368/322/302 823/904/835 820/899/830
f 369/331/311 826/903/834 823/904/835
f 370/330/310 155/905/836 826/903/834
f 825/901/832 155/905/836 156/906/837
f 824/902/833 156/906/837 157/907/838
f 167/670/627 157/907/838 17/672/629
f 168/671/628 824/902/833 167/670/627
f 818/896/827 168/671/628 169/669/626
f 827/908/839 831/909/840 830/910/841
f 828/911/842 832/912/843 831/909/840
f 830/910/841 834/913/844 833/914/845
f 831/909/840 835/915/846 834/913/844
f 9/687/644 827/908/839 97/685/642
f 118/916/847 828/911/842 827/908/839
f 117/917/848 829/918/849 828/911/842
f 116/919/850 371/305/285 829/918/849
f 829/918/849 372/312/292 832/912/843
f 832/912/843 373/311/291 835/915/846
f 835/915/846 50/33/33 140/920/851
f 834/913/844 140/920/851 141/921/852
f 833/914/845 141/921/852 142/922/853
f 95/689/646 142/922/853 15/690/647
f 96/688/645 833/914/845 95/689/646
f 97/685/642 830/910/841 96/688/645
f 836/923/854 840/924/855 839/925/856
f 838/926/857 840/924/855 837/927/858
f 840/924/855 842/928/859 839/925/856
f 841/929/860 843/930/861 840/924/855
f 5/114/114 836/923/854 91/115/115
f 88/931/862 837/927/858 836/923/854
f 87/932/863 838/926/857 837/927/858
f 46/251/70 838/926/857 86/933/864
f 374/250/241 841/929/860 838/926/857
f 375/260/248 844/934/865 841/929/860
f 376/259/247 131/935/866 844/934/865
f 844/934/865 132/936/867 843/930/861
f 843/930/861 133/937/868 842/928/859
f 842/928/859 14/119/119 89/117/117
f 839/925/856 89/117/117 90/116/116
f 91/115/115 839/925/856 90/116/116
f 845/938/869 849/939/870 848/940/871
f 846/941/872 850/942/873 849/939/870
f 848/940/871 852/943/874 851/944/875
f 849/939/870 853/945/876 852/943/874
f 17/672/629 845/938/869 145/721/678
f 157/907/838 846/941/872 845/938/869
f 156/906/837 847/946/877 846/941/872
f 155/905/836 377/226/218 847/946/877
f 847/946/877 378/240/232 850/942/873
f 850/942/873 379/238/230 853/945/876
f 853/945/876 48/239/231 116/919/850
f 852/943/874 116/919/850 117/917/848
f 851/944/875 117/917/848 118/916/847
f 143/723/680 118/916/847 9/687/644
f 144/722/679 851/944/875 143/723/680
f 145/721/678 848/940/871 144/722/679
f 854/947/878 858/948/879 857/949/880
f 855/950/881 859/951/882 858/948/879
f 857/949/880 861/952/883 860/953/884
f 858/948/879 862/954/885 861/952/883
f 133/937/868 124/293/273 14/119/119
f 132/936/867 854/947/878 133/937/868
f 131/935/866 855/950/881 132/936/867
f 49/203/199 856/955/886 131/935/866
f 380/202/198 859/951/882 856/955/886
f 859/951/882 382/214/206 862/954/885
f 862/954/885 47/215/207 113/895/826
f 861/952/883 113/895/826 114/893/824
f 860/953/884 114/893/824 115/892/823
f 122/295/275 115/892/823 11/296/276
f 123/294/274 860/953/884 122/295/275
f 124/293/273 857/949/880 123/294/274
f 864/956/887 866/957/888 863/958/889
f 865/959/890 867/960/891 864/956/887
f 867/960/891 869/961/892 866/957/888
f 868/962/893 870/963/894 867/960/891
f 24/349/329 863/958/889 178/406/382
f 189/867/798 863/958/889 190/868/799
f 188/866/797 864/956/887 189/867/798
f 54/83/83 865/959/890 188/866/797
f 383/82/82 868/962/893 865/959/890
f 384/96/96 871/964/895 868/962/893
f 385/94/94 301/965/896 871/964/895
f 871/964/895 300/966/897 870/963/894
f 870/963/894 299/967/898 869/961/892
f 176/408/384 299/967/898 1/409/385
f 177/407/383 869/961/892 176/408/384
f 178/406/382 866/957/888 177/407/383
f 872/968/899 876/969/900 875/970/901
f 874/971/902 876/969/900 873/972/903
f 875/970/901 879/973/904 878/974/905
f 876/969/900 880/975/906 879/973/904
f 31/799/747 872/968/899 223/976/111
f 297/797/745 872/968/899 298/798/746
f 296/796/744 873/972/903 297/797/745
f 58/59/59 874/971/902 296/796/744
f 386/58/58 877/977/907 874/971/902
f 387/72/72 880/975/906 877/977/907
f 388/71/71 86/978/864 880/975/906
f 879/973/904 86/978/864 87/979/863
f 878/974/905 87/979/863 88/980/862
f 221/981/113 88/980/862 5/982/114
f 222/983/112 878/974/905 221/981/113
f 223/976/111 875/970/901 222/983/112
f 881/984/908 885/985/909 884/986/910
f 882/987/911 886/988/912 885/985/909
f 885/985/909 887/989/913 884/986/910
f 886/988/912 888/990/914 885/985/909
f 15/690/647 881/984/908 127/755/712
f 142/922/853 882/987/911 881/984/908
f 141/921/852 883/991/915 882/987/911
f 140/920/851 389/34/34 883/991/915
f 883/991/915 390/48/48 886/988/912
f 886/988/912 391/46/46 889/992/916
f 889/992/916 45/47/47 77/993/742
f 889/992/916 78/994/741 888/990/914
f 888/990/914 79/995/740 887/989/913
f 887/989/913 7/758/715 125/757/714
f 126/756/713 887/989/913 125/757/714
f 127/755/712 884/986/910 126/756/713
f 890/996/917 894/997/918 893/998/919
f 892/999/920 894/997/918 891/1000/921
f 893/998/919 897/1001/922 896/1002/923
f 894/997/918 898/1003/924 897/1001/922
f 900/1004/925 890/996/917 208/525/496
f 929/1005/926 890/996/917 928/1006/927
f 930/1007/928 891/1000/921 929/1005/926
f 906/8/8 892/999/920 930/1007/928
f 392/9/9 895/1008/929 892/999/920
f 393/24/24 898/1003/924 895/1008/929
f 898/1003/924 56/23/23 340/1009/455
f 897/1001/922 340/1009/455 339/1010/454
f 896/1002/923 339/1010/454 338/1011/453
f 206/527/498 338/1011/453 28/528/452
f 207/526/497 896/1002/923 206/527/498
f 208/525/496 893/998/919 207/526/497
f 44/422/398 930/1007/928 304/420/396
f 304/420/396 929/1005/926 303/423/399
f 302/424/400 929/1005/926 928/1006/927
f 4/742/699 928/1006/927 900/1004/925
f 43/95/95 927/833/774 301/965/896
f 301/965/896 926/832/773 300/966/897
f 300/966/897 925/830/771 299/967/898
f 299/967/898 902/831/772 1/409/385
f 220/1012/930 904/519/490 924/587/553
f 220/1012/930 923/586/552 219/136/136
f 219/136/136 922/583/551 218/137/137
f 218/137/137 901/585/471 2/138/138
f 29/402/378 921/569/537 217/646/603
f 217/646/603 920/568/536 216/647/604
f 216/647/604 919/567/535 215/638/595
f 215/638/595 899/13/13 3/637/594
f 61/410/386 902/831/772 918/548/516
f 60/411/387 918/548/516 917/546/514
f 59/401/377 917/546/514 916/545/513
f 29/402/378 916/545/513 903/543/511
f 67/743/700 900/1004/925 915/524/495
f 66/744/701 915/524/495 914/522/493
f 65/746/703 914/522/493 913/521/492
f 30/134/134 913/521/492 904/519/490
f 2/1013/138 912/499/470 64/91/91
f 64/91/91 911/498/469 63/92/92
f 62/93/93 911/498/469 910/495/466
f 62/93/93 905/497/468 43/95/95
f 3/637/594 909/11/11 70/877/808
f 69/878/809 909/11/11 908/12/12
f 68/880/811 908/12/12 907/10/10
f 44/422/398 907/10/10 906/8/8
f 395/1/1 396/4/4 399/2/2
f 396/4/4 397/14/14 400/5/5
f 398/3/3 399/2/2 402/6/6
f 400/5/5 403/17/17 402/6/6
f 906/8/8 907/10/10 395/1/1
f 907/10/10 908/12/12 396/4/4
f 909/11/11 397/14/14 396/4/4
f 899/13/13 203/15/15 397/14/14
f 203/15/15 204/16/16 400/5/5
f 204/16/16 205/574/542 403/17/17
f 403/17/17 205/574/542 25/18/18
f 402/6/6 403/17/17 202/19/19
f 401/7/7 402/6/6 201/20/20
f 394/22/22 401/7/7 200/21/21
f 398/3/3 401/7/7 394/22/22
f 392/9/9 395/1/1 398/3/3
f 404/25/25 405/28/28 408/26/26
f 405/28/28 406/39/39 409/29/29
f 407/27/27 408/26/26 411/30/30
f 408/26/26 409/29/29 412/32/32
f 50/33/33 322/35/35 404/25/25
f 322/35/35 321/37/37 405/28/28
f 320/36/36 406/39/39 405/28/28
f 13/38/38 74/40/40 406/39/39
f 74/40/40 75/706/663 409/29/29
f 409/29/29 75/706/663 76/41/41
f 412/32/32 76/41/41 8/42/42
f 411/30/30 412/32/32 305/43/43
f 410/31/31 411/30/30 306/44/44
f 391/46/46 410/31/31 307/45/45
f 390/48/48 407/27/27 410/31/31
f 389/34/34 404/25/25 407/27/27
f 414/49/49 417/53/53 416/50/50
f 415/52/52 418/55/55 417/53/53
f 417/53/53 420/56/56 419/54/54
f 418/55/55 421/65/65 420/56/56
f 346/57/57 413/51/51 386/58/58
f 345/60/60 414/49/49 413/51/51
f 344/61/61 415/52/52 414/49/49
f 32/62/62 83/63/63 415/52/52
f 83/63/63 84/64/64 418/55/55
f 84/64/64 85/66/66 421/65/65
f 85/66/66 6/1014/242 308/67/67
f 421/65/65 308/67/67 309/68/68
f 420/56/56 309/68/68 310/69/69
f 419/54/54 310/69/69 46/70/70
f 416/50/50 419/54/54 388/71/71
f 413/51/51 416/50/50 387/72/72
f 423/73/73 426/77/77 425/74/74
f 424/76/76 427/79/79 426/77/77
f 426/77/77 429/80/80 428/78/78
f 427/79/79 430/89/89 429/80/80
f 334/81/81 422/75/75 383/82/82
f 333/84/84 423/73/73 422/75/75
f 332/85/85 424/76/76 423/73/73
f 22/86/86 92/87/87 424/76/76
f 92/87/87 93/88/88 427/79/79
f 93/88/88 94/90/90 430/89/89
f 94/90/90 2/1013/138 64/91/91
f 430/89/89 64/91/91 63/92/92
f 428/78/78 429/80/80 63/92/92
f 385/94/94 428/78/78 62/93/93
f 384/96/96 425/74/74 428/78/78
f 422/75/75 425/74/74 384/96/96
f 431/97/97 432/100/100 435/98/98
f 432/100/100 433/109/109 436/101/101
f 434/99/99 435/98/98 438/102/102
f 435/98/98 436/101/101 439/104/104
f 295/105/105 431/97/97 137/106/106
f 294/108/108 432/100/100 431/97/97
f 294/108/108 293/110/110 433/109/109
f 293/110/110 31/1015/747 223/111/111
f 433/109/109 223/111/111 222/112/112
f 436/101/101 222/112/112 221/113/113
f 439/104/104 221/113/113 5/114/114
f 438/102/102 439/104/104 91/115/115
f 437/103/103 438/102/102 90/116/116
f 139/118/118 437/103/103 89/117/117
f 138/120/120 434/99/99 437/103/103
f 137/106/106 431/97/97 434/99/99
f 440/121/121 441/124/124 444/122/122
f 441/124/124 442/133/133 445/125/125
f 443/123/123 444/122/122 447/126/126
f 444/122/122 445/125/125 448/128/128
f 40/129/129 292/131/131 440/121/121
f 292/131/131 291/132/132 441/124/124
f 291/132/132 290/135/135 442/133/133
f 30/134/134 220/1012/930 442/133/133
f 442/133/133 220/1012/930 219/136/136
f 445/125/125 219/136/136 218/137/137
f 448/128/128 218/137/137 2/138/138
f 447/126/126 448/128/128 94/139/90
f 446/127/127 447/126/126 93/140/88
f 187/142/139 446/127/127 92/141/87
f 186/144/140 443/123/123 446/127/127
f 185/130/130 440/121/121 443/123/123
f 449/145/141 450/148/144 453/146/142
f 450/148/144 451/157/153 454/149/145
f 452/147/143 453/146/142 456/150/146
f 453/146/142 454/149/145 457/152/148
f 35/153/149 289/155/151 449/145/141
f 289/155/151 288/156/152 450/148/144
f 288/156/152 287/158/154 451/157/153
f 287/158/154 33/360/340 107/159/155
f 451/157/153 107/159/155 108/160/156
f 454/149/145 108/160/156 109/161/157
f 457/152/148 109/161/157 12/162/158
f 456/150/146 457/152/148 106/163/159
f 455/151/147 456/150/146 105/164/160
f 136/166/162 455/151/147 104/165/161
f 135/168/164 452/147/143 455/151/147
f 134/154/150 449/145/141 452/147/143
f 459/169/165 462/173/169 461/170/166
f 460/172/168 463/175/171 462/173/169
f 462/173/169 465/176/172 464/174/170
f 463/175/171 466/185/181 465/176/172
f 286/177/173 458/171/167 158/178/174
f 285/180/176 459/169/165 458/171/167
f 284/181/177 460/172/168 459/169/165
f 34/182/178 110/183/179 460/172/168
f 110/183/179 111/184/180 463/175/171
f 111/184/180 112/186/182 466/185/181
f 112/186/182 11/296/276 103/187/183
f 466/185/181 103/187/183 102/188/184
f 465/176/172 102/188/184 101/189/185
f 464/174/170 101/189/185 20/190/186
f 461/170/166 464/174/170 160/191/187
f 458/171/167 461/170/166 159/192/188
f 468/193/189 471/197/193 470/194/190
f 469/196/192 472/199/195 471/197/193
f 471/197/193 474/200/196 473/198/194
f 472/199/195 475/209/202 474/200/196
f 319/201/197 467/195/191 380/202/198
f 318/204/200 468/193/189 467/195/191
f 317/205/201 469/196/192 468/193/189
f 16/206/163 104/207/161 469/196/192
f 104/207/161 105/208/160 472/199/195
f 105/208/160 106/210/159 475/209/202
f 106/210/159 12/382/158 311/211/203
f 475/209/202 311/211/203 312/212/204
f 474/200/196 312/212/204 313/213/205
f 382/214/206 473/198/194 313/213/205
f 470/194/190 473/198/194 382/214/206
f 467/195/191 470/194/190 381/216/208
f 477/217/209 480/221/213 479/218/210
f 478/220/212 481/223/215 480/221/213
f 480/221/213 483/224/216 482/222/214
f 481/223/215 484/233/225 483/224/216
f 325/225/217 476/219/211 377/226/218
f 324/228/220 477/217/209 476/219/211
f 323/229/221 478/220/212 477/217/209
f 19/230/222 98/231/223 478/220/212
f 98/231/223 99/232/224 481/223/215
f 99/232/224 100/234/226 484/233/225
f 100/234/226 10/306/286 314/235/227
f 484/233/225 314/235/227 315/236/228
f 483/224/216 315/236/228 316/237/229
f 379/238/230 482/222/214 316/237/229
f 378/240/232 479/218/210 482/222/214
f 377/226/218 476/219/211 479/218/210
f 486/241/233 489/245/237 488/242/234
f 487/244/236 490/247/239 489/245/237
f 489/245/237 492/248/240 491/246/238
f 490/247/239 493/257/245 492/248/240
f 310/249/69 485/243/235 374/250/241
f 309/252/68 486/241/233 485/243/235
f 308/253/67 487/244/236 486/241/233
f 6/254/242 128/255/243 487/244/236
f 128/255/243 129/256/244 490/247/239
f 129/256/244 130/258/246 493/257/245
f 130/258/246 16/206/163 317/205/201
f 493/257/245 317/205/201 318/204/200
f 492/248/240 318/204/200 319/201/197
f 491/246/238 319/201/197 49/203/199
f 488/242/234 491/246/238 376/259/247
f 485/243/235 488/242/234 375/260/248
f 495/261/249 498/265/253 497/262/250
f 496/264/252 499/267/255 498/265/253
f 498/265/253 501/268/256 500/266/254
f 499/267/255 502/274/260 501/268/256
f 283/269/257 494/263/251 83/270/63
f 282/272/258 495/261/249 494/263/251
f 281/273/259 496/264/252 495/261/249
f 281/273/259 35/153/149 134/154/150
f 134/154/150 135/168/164 499/267/255
f 135/168/164 136/166/162 502/274/260
f 502/274/260 136/166/162 16/167/163
f 502/274/260 130/275/246 129/276/244
f 501/268/256 129/276/244 128/277/243
f 500/266/254 128/277/243 6/278/242
f 497/262/250 500/266/254 85/279/66
f 494/263/251 497/262/250 84/280/64
f 504/281/261 507/285/265 506/282/262
f 505/284/264 508/292/272 507/285/265
f 507/285/265 510/288/268 509/286/266
f 507/285/265 508/292/272 511/287/267
f 280/289/269 503/283/263 110/183/179
f 279/290/270 504/281/261 503/283/263
f 278/291/271 505/284/264 504/281/261
f 36/107/107 137/106/106 505/284/264
f 505/284/264 137/106/106 138/120/120
f 508/292/272 138/120/120 139/118/118
f 511/287/267 139/118/118 14/119/119
f 510/288/268 511/287/267 124/293/273
f 510/288/268 123/294/274 122/295/275
f 509/286/266 122/295/275 11/296/276
f 506/282/262 509/286/266 112/186/182
f 503/283/263 506/282/262 111/184/180
f 512/297/277 513/301/281 516/298/278
f 514/300/280 517/304/284 516/298/278
f 515/299/279 516/298/278 519/302/282
f 517/304/284 520/309/289 519/302/282
f 48/239/231 316/237/229 512/297/277
f 316/237/229 315/236/228 513/301/281
f 314/235/227 514/300/280 513/301/281
f 10/306/286 119/307/287 514/300/280
f 119/307/287 120/308/288 517/304/284
f 120/308/288 121/310/290 520/309/289
f 121/310/290 13/38/38 320/36/36
f 520/309/289 320/36/36 321/37/37
f 518/303/283 519/302/282 321/37/37
f 373/311/291 518/303/283 322/35/35
f 372/312/292 515/299/279 518/303/283
f 371/305/285 512/297/277 515/299/279
f 522/313/293 525/317/297 524/314/294
f 523/316/296 526/319/299 525/317/297
f 525/317/297 528/320/300 527/318/298
f 526/319/299 529/328/308 528/320/300
f 331/321/301 521/315/295 368/322/302
f 330/324/304 522/313/293 521/315/295
f 329/325/305 523/316/296 522/313/293
f 329/325/305 23/429/405 149/326/306
f 523/316/296 149/326/306 150/327/307
f 150/327/307 151/329/309 529/328/308
f 151/329/309 19/230/222 323/229/221
f 529/328/308 323/229/221 324/228/220
f 528/320/300 324/228/220 325/225/217
f 527/318/298 325/225/217 51/227/219
f 524/314/294 527/318/298 370/330/310
f 521/315/295 524/314/294 369/331/311
f 531/332/312 534/336/316 533/333/313
f 532/335/315 535/338/318 534/336/316
f 534/336/316 537/339/319 536/337/317
f 535/338/318 538/345/325 537/339/319
f 277/340/320 530/334/314 179/341/321
f 276/343/323 531/332/312 530/334/314
f 275/344/324 532/335/315 531/332/312
f 37/179/175 158/178/174 532/335/315
f 158/178/174 159/192/188 535/338/318
f 159/192/188 160/191/187 538/345/325
f 160/191/187 20/190/186 154/346/326
f 538/345/325 154/346/326 153/347/327
f 537/339/319 153/347/327 152/348/328
f 536/337/317 152/348/328 24/349/329
f 533/333/313 536/337/317 181/350/330
f 530/334/314 533/333/313 180/351/331
f 539/352/332 540/355/335 543/353/333
f 540/355/335 541/363/343 544/356/336
f 542/354/334 543/353/333 546/357/337
f 543/353/333 544/356/336 547/359/339
f 33/360/340 274/361/341 539/352/332
f 274/361/341 273/362/342 540/355/335
f 273/362/342 272/364/344 541/363/343
f 272/364/344 38/440/416 161/365/345
f 541/363/343 161/365/345 162/366/346
f 544/356/336 162/366/346 163/367/347
f 547/359/339 163/367/347 18/368/348
f 546/357/337 547/359/339 148/369/349
f 545/358/338 546/357/337 147/370/350
f 109/161/157 545/358/338 146/371/351
f 108/160/156 542/354/334 545/358/338
f 107/159/155 539/352/332 542/354/334
f 548/372/352 549/375/355 552/373/353
f 549/375/355 550/381/361 553/376/356
f 551/374/354 552/373/353 555/377/357
f 552/373/353 553/376/356 556/379/359
f 47/215/207 313/213/205 548/372/352
f 313/213/205 312/212/204 549/375/355
f 312/212/204 311/211/203 550/381/361
f 12/382/158 146/383/351 550/381/361
f 146/383/351 147/384/350 553/376/356
f 147/384/350 148/385/349 556/379/359
f 148/385/349 18/457/348 326/386/362
f 555/377/357 556/379/359 326/386/362
f 554/378/358 555/377/357 327/387/363
f 367/389/365 554/378/358 328/388/364
f 366/391/367 551/374/354 554/378/358
f 365/380/360 548/372/352 551/374/354
f 558/392/368 561/396/372 560/393/369
f 559/395/371 562/398/374 561/396/372
f 561/396/372 564/399/375 563/397/373
f 562/398/374 565/405/381 564/399/375
f 271/400/376 557/394/370 59/401/377
f 270/403/379 558/392/368 557/394/370
f 269/404/380 559/395/371 558/392/368
f 39/342/322 179/341/321 559/395/371
f 179/341/321 180/351/331 562/398/374
f 180/351/331 181/350/330 565/405/381
f 181/350/330 24/349/329 178/406/382
f 565/405/381 178/406/382 177/407/383
f 564/399/375 177/407/383 176/408/384
f 563/397/373 176/408/384 1/409/385
f 560/393/369 563/397/373 61/410/386
f 557/394/370 560/393/369 60/411/387
f 567/412/388 570/416/392 569/413/389
f 568/415/391 571/418/394 570/416/392
f 570/416/392 573/419/395 572/417/393
f 571/418/394 574/428/404 573/419/395
f 304/420/396 566/414/390 362/421/397
f 303/423/399 567/412/388 566/414/390
f 302/424/400 568/415/391 567/412/388
f 302/424/400 4/742/699 173/425/401
f 568/415/391 173/425/401 174/426/402
f 571/418/394 174/426/402 175/427/403
f 574/428/404 175/427/403 23/429/405
f 574/428/404 329/325/305 330/324/304
f 573/419/395 330/324/304 331/321/301
f 572/417/393 331/321/301 53/323/303
f 569/413/389 572/417/393 364/430/406
f 566/414/390 569/413/389 363/431/407
f 575/432/408 576/435/411 579/433/409
f 576/435/411 577/443/419 580/436/412
f 578/434/410 579/433/409 582/437/413
f 579/433/409 580/436/412 583/439/415
f 38/440/416 268/441/417 575/432/408
f 268/441/417 267/442/418 576/435/411
f 267/442/418 266/444/420 577/443/419
f 266/444/420 40/129/129 185/130/130
f 577/443/419 185/130/130 186/144/140
f 580/436/412 186/144/140 187/142/139
f 583/439/415 187/142/139 22/143/86
f 582/437/413 583/439/415 172/445/421
f 581/438/414 582/437/413 171/446/422
f 163/367/347 581/438/414 170/447/423
f 162/366/346 578/434/410 581/438/414
f 161/365/345 575/432/408 578/434/410
f 584/448/424 585/452/428 588/449/425
f 586/451/427 589/454/430 588/449/425
f 588/449/425 591/455/431 590/453/429
f 589/454/430 592/460/433 591/455/431
f 52/390/366 328/388/364 584/448/424
f 328/388/364 327/387/363 585/452/428
f 326/386/362 586/451/427 585/452/428
f 18/457/348 170/458/423 586/451/427
f 170/458/423 171/459/422 589/454/430
f 171/459/422 172/461/421 592/460/433
f 172/461/421 22/86/86 332/85/85
f 592/460/433 332/85/85 333/84/84
f 591/455/431 333/84/84 334/81/81
f 590/453/429 334/81/81 54/83/83
f 587/450/426 590/453/429 361/462/434
f 359/456/432 584/448/424 587/450/426
f 593/464/436 594/467/439 597/465/437
f 594/467/439 595/476/448 598/468/440
f 596/466/438 597/465/437 600/469/441
f 597/465/437 598/468/440 601/471/443
f 57/472/444 343/474/446 593/464/436
f 343/474/446 342/475/447 594/467/439
f 342/475/447 341/477/449 595/476/448
f 341/477/449 42/1016/501 197/478/450
f 197/478/450 198/479/451 598/468/440
f 198/479/451 199/1017/499 601/471/443
f 601/471/443 199/1017/499 28/480/452
f 600/469/441 601/471/443 338/481/453
f 599/470/442 600/469/441 339/482/454
f 358/484/456 599/470/442 340/483/455
f 357/486/457 596/466/438 599/470/442
f 356/473/445 593/464/436 596/466/438
f 602/487/458 603/491/462 606/488/459
f 604/490/461 607/494/465 606/488/459
f 605/489/460 606/488/459 609/492/463
f 607/494/465 610/503/474 609/492/463
f 910/495/466 602/487/458 353/496/467
f 911/498/469 603/491/462 602/487/458
f 912/499/470 604/490/461 603/491/462
f 901/500/471 209/501/472 604/490/461
f 209/501/472 210/502/473 607/494/465
f 210/502/473 211/1018/558 610/503/474
f 610/503/474 211/1018/558 27/504/475
f 609/492/463 610/503/474 196/505/476
f 608/493/464 609/492/463 195/506/477
f 608/493/464 194/507/478 55/508/479
f 354/510/481 605/489/460 608/493/464
f 353/496/467 602/487/458 605/489/460
f 611/511/482 612/514/485 615/512/483
f 612/514/485 613/523/494 616/515/486
f 614/513/484 615/512/483 618/516/487
f 615/512/483 616/515/486 619/518/489
f 904/519/490 913/521/492 611/511/482
f 913/521/492 914/522/493 612/514/485
f 914/522/493 915/524/495 613/523/494
f 915/524/495 900/1004/925 208/525/496
f 613/523/494 208/525/496 207/526/497
f 616/515/486 207/526/497 206/527/498
f 619/518/489 206/527/498 28/528/452
f 618/516/487 619/518/489 199/529/499
f 617/517/488 618/516/487 198/530/451
f 262/532/500 617/517/488 197/531/450
f 261/534/502 614/513/484 617/517/488
f 260/520/491 611/511/482 614/513/484
f 620/535/503 621/538/506 624/536/504
f 621/538/506 622/547/515 625/539/507
f 623/537/505 624/536/504 627/540/508
f 624/536/504 625/539/507 628/542/510
f 903/543/511 916/545/513 620/535/503
f 916/545/513 917/546/514 621/538/506
f 917/546/514 918/548/516 622/547/515
f 918/548/516 902/831/772 214/549/517
f 622/547/515 214/549/517 213/550/518
f 625/539/507 213/550/518 212/551/519
f 628/542/510 212/551/519 26/552/520
f 627/540/508 628/542/510 193/553/521
f 626/541/509 627/540/508 192/554/522
f 259/556/524 626/541/509 191/555/523
f 623/537/505 626/541/509 259/556/524
f 620/535/503 623/537/505 258/558/526
f 630/559/527 633/563/531 632/560/528
f 631/562/530 634/565/533 633/563/531
f 633/563/531 636/566/534 635/564/532
f 634/565/533 637/570/538 636/566/534
f 919/567/535 629/561/529 203/15/15
f 920/568/536 630/559/527 629/561/529
f 921/569/537 631/562/530 630/559/527
f 903/543/511 257/544/512 631/562/530
f 257/544/512 258/558/526 634/565/533
f 258/558/526 259/556/524 637/570/538
f 637/570/538 259/556/524 41/557/525
f 637/570/538 253/571/539 252/572/540
f 636/566/534 252/572/540 251/573/541
f 635/564/532 251/573/541 25/18/18
f 632/560/528 635/564/532 205/574/542
f 629/561/529 632/560/528 204/16/16
f 639/575/543 642/579/547 641/576/544
f 640/578/546 643/581/549 642/579/547
f 642/579/547 645/582/550 644/580/548
f 643/581/549 646/588/554 645/582/550
f 922/583/551 638/577/545 209/584/472
f 923/586/552 639/575/543 638/577/545
f 924/587/553 640/578/546 639/575/543
f 924/587/553 904/519/490 260/520/491
f 640/578/546 260/520/491 261/534/502
f 643/581/549 261/534/502 262/532/500
f 646/588/554 262/532/500 42/533/501
f 645/582/550 646/588/554 256/589/555
f 645/582/550 255/590/556 254/591/557
f 644/580/548 254/591/557 27/592/475
f 641/576/544 644/580/548 211/593/558
f 638/577/545 641/576/544 210/594/473
f 647/595/559 648/598/562 651/596/560
f 648/598/562 649/607/568 652/599/563
f 650/597/561 651/596/560 654/600/564
f 651/596/560 652/599/563 655/602/566
f 55/603/479 194/605/478 647/595/559
f 194/605/478 195/606/477 648/598/562
f 195/606/477 196/609/476 649/607/568
f 27/608/475 254/610/557 649/607/568
f 254/610/557 255/1019/556 652/599/563
f 652/599/563 255/1019/556 256/611/555
f 256/611/555 42/1016/501 341/477/449
f 654/600/564 655/602/566 341/477/449
f 654/600/564 342/475/447 343/474/446
f 653/601/565 343/474/446 57/472/444
f 351/613/570 650/597/561 653/601/565
f 350/604/567 647/595/559 650/597/561
f 657/614/571 660/618/575 659/615/572
f 658/617/574 661/620/577 660/618/575
f 660/618/575 663/621/578 662/619/576
f 661/620/577 664/625/582 663/621/578
f 19/230/222 151/329/309 656/616/573
f 150/327/307 657/614/571 656/616/573
f 149/326/306 658/617/574 657/614/571
f 23/429/405 248/623/580 658/617/574
f 248/623/580 249/624/581 661/620/577
f 249/624/581 250/626/583 664/625/582
f 250/626/583 40/129/129 266/444/420
f 663/621/578 664/625/582 266/444/420
f 662/619/576 663/621/578 267/442/418
f 244/627/584 662/619/576 268/441/417
f 243/628/585 659/615/572 662/619/576
f 656/616/573 659/615/572 243/628/585
f 665/629/586 666/632/589 669/630/587
f 666/632/589 667/641/598 670/633/590
f 668/631/588 669/630/587 672/634/591
f 669/630/587 670/633/590 673/636/593
f 3/637/594 73/639/596 665/629/586
f 73/639/596 72/640/597 666/632/589
f 72/640/597 71/642/599 667/641/598
f 71/642/599 21/668/625 245/643/600
f 667/641/598 245/643/600 246/644/601
f 670/633/590 246/644/601 247/645/602
f 673/636/593 247/645/602 39/342/322
f 672/634/591 673/636/593 269/404/380
f 671/635/592 672/634/591 270/403/379
f 217/646/603 671/635/592 271/400/376
f 216/647/604 668/631/588 671/635/592
f 215/638/595 665/629/586 668/631/588
f 674/648/605 675/651/608 678/649/606
f 675/651/608 676/657/614 679/652/609
f 677/650/607 678/649/606 681/653/610
f 678/649/606 679/652/609 682/655/612
f 10/306/286 100/234/226 674/648/605
f 100/234/226 99/232/224 675/651/608
f 99/232/224 98/231/223 676/657/614
f 98/231/223 19/230/222 242/622/579
f 676/657/614 242/622/579 243/628/585
f 679/652/609 243/628/585 244/627/584
f 682/655/612 244/627/584 38/440/416
f 681/653/610 682/655/612 272/364/344
f 680/654/611 681/653/610 273/362/342
f 229/658/615 680/654/611 274/361/341
f 228/659/616 677/650/607 680/654/611
f 227/656/613 674/648/605 677/650/607
f 683/660/617 684/664/621 687/661/618
f 685/663/620 688/667/624 687/661/618
f 686/662/619 687/661/618 690/665/622
f 688/667/624 691/675/632 690/665/622
f 21/668/625 169/669/626 683/660/617
f 169/669/626 168/671/628 684/664/621
f 167/670/627 685/663/620 684/664/621
f 17/672/629 239/673/630 685/663/620
f 239/673/630 240/674/631 688/667/624
f 240/674/631 241/676/633 691/675/632
f 241/676/633 37/179/175 275/344/324
f 691/675/632 275/344/324 276/343/323
f 690/665/622 276/343/323 277/340/320
f 247/645/602 689/666/623 277/340/320
f 246/644/601 686/662/619 689/666/623
f 245/643/600 683/660/617 686/662/619
f 693/677/634 696/681/638 695/678/635
f 694/680/637 697/683/640 696/681/638
f 696/681/638 699/684/641 698/682/639
f 697/683/640 700/693/650 699/684/641
f 97/685/642 692/679/636 230/686/643
f 96/688/645 693/677/634 692/679/636
f 95/689/646 694/680/637 693/677/634
f 15/690/647 236/691/648 694/680/637
f 236/691/648 237/692/649 697/683/640
f 237/692/649 238/694/651 700/693/650
f 238/694/651 36/107/107 278/291/271
f 700/693/650 278/291/271 279/290/270
f 699/684/641 279/290/270 280/289/269
f 698/682/639 280/289/269 34/182/178
f 695/678/635 698/682/639 232/695/652
f 692/679/636 695/678/635 231/696/653
f 701/697/654 702/700/657 705/698/655
f 702/700/657 703/707/664 706/701/658
f 704/699/656 705/698/655 708/702/659
f 705/698/655 706/701/658 709/704/661
f 8/42/42 76/41/41 701/697/654
f 76/41/41 75/706/663 702/700/657
f 75/706/663 74/40/40 703/707/664
f 74/40/40 13/38/38 233/708/665
f 703/707/664 233/708/665 234/709/666
f 706/701/658 234/709/666 235/710/667
f 709/704/661 235/710/667 35/153/149
f 708/702/659 709/704/661 281/273/259
f 707/703/660 708/702/659 282/272/258
f 226/711/668 707/703/660 283/269/257
f 225/712/669 704/699/656 707/703/660
f 224/705/662 701/697/654 704/699/656
f 711/713/670 714/717/674 713/714/671
f 712/716/673 715/719/676 714/717/674
f 714/717/674 717/720/677 716/718/675
f 715/719/676 718/724/681 717/720/677
f 145/721/678 710/715/672 239/673/630
f 144/722/679 711/713/670 710/715/672
f 143/723/680 712/716/673 711/713/670
f 9/687/644 230/686/643 712/716/673
f 230/686/643 231/696/653 715/719/676
f 231/696/653 232/695/652 718/724/681
f 232/695/652 34/182/178 284/181/177
f 718/724/681 284/181/177 285/180/176
f 717/720/677 285/180/176 286/177/173
f 716/718/675 286/177/173 37/179/175
f 713/714/671 716/718/675 241/676/633
f 710/715/672 713/714/671 240/674/631
f 719/725/682 720/728/685 723/726/683
f 720/728/685 721/733/690 724/729/686
f 722/727/684 723/726/683 726/730/687
f 723/726/683 724/729/686 727/732/689
f 13/38/38 121/310/290 719/725/682
f 121/310/290 120/308/288 720/728/685
f 120/308/288 119/307/287 721/733/690
f 119/307/287 10/306/286 227/656/613
f 721/733/690 227/656/613 228/659/616
f 724/729/686 228/659/616 229/658/615
f 727/732/689 229/658/615 33/360/340
f 726/730/687 727/732/689 287/158/154
f 725/731/688 726/730/687 288/156/152
f 235/710/667 725/731/688 289/155/151
f 234/709/666 722/727/684 725/731/688
f 233/708/665 719/725/682 722/727/684
f 729/734/691 732/738/695 731/735/692
f 730/737/694 733/740/697 732/738/695
f 732/738/695 735/741/698 734/739/696
f 733/740/697 736/745/702 735/741/698
f 175/427/403 728/736/693 248/623/580
f 174/426/402 729/734/691 728/736/693
f 173/425/401 730/737/694 729/734/691
f 4/742/699 67/743/700 730/737/694
f 67/743/700 66/744/701 733/740/697
f 66/744/701 65/746/703 736/745/702
f 65/746/703 30/134/134 290/135/135
f 736/745/702 290/135/135 291/132/132
f 735/741/698 291/132/132 292/131/131
f 734/739/696 292/131/131 40/129/129
f 731/735/692 734/739/696 250/626/583
f 728/736/693 731/735/692 249/624/581
f 738/747/704 741/751/708 740/748/705
f 739/750/707 742/753/710 741/751/708
f 741/751/708 744/754/711 743/752/709
f 742/753/710 745/761/718 744/754/711
f 127/755/712 737/749/706 236/691/648
f 126/756/713 738/747/704 737/749/706
f 125/757/714 739/750/707 738/747/704
f 7/758/715 82/759/716 739/750/707
f 82/759/716 81/760/717 742/753/710
f 81/760/717 80/762/719 745/761/718
f 80/762/719 31/1015/747 293/110/110
f 745/761/718 293/110/110 294/108/108
f 744/754/711 294/108/108 295/105/105
f 743/752/709 295/105/105 36/107/107
f 740/748/705 743/752/709 238/694/651
f 737/749/706 740/748/705 237/692/649
f 746/763/720 747/766/723 750/764/721
f 747/766/723 748/775/729 751/767/724
f 749/765/722 750/764/721 753/768/725
f 750/764/721 751/767/724 754/770/727
f 45/771/47 307/773/45 746/763/720
f 307/773/45 306/774/44 747/766/723
f 306/774/44 305/776/43 748/775/729
f 305/776/43 8/1020/42 224/777/662
f 748/775/729 224/777/662 225/778/669
f 751/767/724 225/778/669 226/779/668
f 754/770/727 226/779/668 32/62/62
f 753/768/725 754/770/727 344/61/61
f 753/768/725 345/60/60 346/57/57
f 752/769/726 346/57/57 58/59/59
f 348/781/731 749/765/722 752/769/726
f 347/772/728 746/763/720 749/765/722
f 756/782/732 759/786/736 758/783/733
f 757/785/735 760/788/738 759/786/736
f 759/786/736 762/789/739 761/787/737
f 760/788/738 763/795/743 762/789/739
f 79/790/740 755/784/734 82/791/716
f 78/793/741 756/782/732 755/784/734
f 77/794/742 757/785/735 756/782/732
f 77/794/742 45/771/47 347/772/728
f 757/785/735 347/772/728 348/781/731
f 760/788/738 348/781/731 349/780/730
f 349/780/730 58/59/59 296/796/744
f 763/795/743 296/796/744 297/797/745
f 762/789/739 297/797/745 298/798/746
f 761/787/737 298/798/746 31/799/747
f 758/783/733 761/787/737 80/800/719
f 755/784/734 758/783/733 81/801/717
f 764/802/748 765/805/751 768/803/749
f 765/805/751 766/815/759 769/806/752
f 767/804/750 768/803/749 771/807/753
f 768/803/749 769/806/752 772/809/755
f 26/810/520 335/813/757 764/802/748
f 336/812/756 765/805/751 764/802/748
f 337/814/758 766/815/759 765/805/751
f 337/814/758 55/603/479 350/604/567
f 766/815/759 350/604/567 351/613/570
f 769/806/752 351/613/570 352/612/569
f 772/809/755 352/612/569 57/472/444
f 771/807/753 772/809/755 263/816/760
f 770/808/754 771/807/753 264/817/761
f 770/808/754 265/818/762 41/819/525
f 192/821/522 767/804/750 770/808/754
f 193/811/521 764/802/748 767/804/750
f 774/822/763 777/826/767 776/823/764
f 775/825/766 778/828/769 777/826/767
f 777/826/767 780/829/770 779/827/768
f 778/828/769 781/834/775 780/829/770
f 925/830/771 773/824/765 214/549/517
f 926/832/773 774/822/763 773/824/765
f 927/833/774 775/825/766 774/822/763
f 905/497/468 353/496/467 775/825/766
f 353/496/467 354/510/481 778/828/769
f 778/828/769 354/510/481 355/509/480
f 355/509/480 55/508/479 337/835/758
f 781/834/775 337/835/758 336/836/756
f 780/829/770 336/836/756 335/837/757
f 779/827/768 335/837/757 26/552/520
f 776/823/764 779/827/768 212/551/519
f 773/824/765 776/823/764 213/550/518
f 783/838/776 786/842/780 785/839/777
f 784/841/779 787/844/782 786/842/780
f 786/842/780 789/845/783 788/843/781
f 787/844/782 790/847/784 789/845/783
f 265/818/762 782/840/778 253/846/539
f 264/817/761 783/838/776 782/840/778
f 263/816/760 784/841/779 783/838/776
f 57/472/444 356/473/445 784/841/779
f 356/473/445 357/486/457 787/844/782
f 357/486/457 358/484/456 790/847/784
f 790/847/784 358/484/456 56/485/23
f 789/845/783 790/847/784 200/848/21
f 788/843/781 789/845/783 201/849/20
f 788/843/781 202/850/19 25/851/18
f 785/839/777 788/843/781 251/852/541
f 782/840/778 785/839/777 252/853/540
f 792/854/785 795/858/789 794/855/786
f 793/857/788 796/860/791 795/858/789
f 795/858/789 798/861/792 797/859/790
f 796/860/791 799/865/796 798/861/792
f 20/190/186 166/863/794 791/856/787
f 165/862/793 792/854/785 791/856/787
f 164/864/795 793/857/788 792/854/785
f 52/390/366 359/456/432 793/857/788
f 359/456/432 360/463/435 796/860/791
f 360/463/435 361/462/434 799/865/796
f 361/462/434 54/83/83 188/866/797
f 799/865/796 188/866/797 189/867/798
f 798/861/792 189/867/798 190/868/799
f 152/348/328 797/859/790 190/868/799
f 153/347/327 794/855/786 797/859/790
f 154/346/326 791/856/787 794/855/786
f 801/869/800 804/873/804 803/870/801
f 801/869/800 802/879/810 805/872/803
f 804/873/804 807/876/807 806/874/805
f 804/873/804 805/872/803 808/875/806
f 70/877/808 800/871/802 73/639/596
f 70/877/808 69/878/809 801/869/800
f 69/878/809 68/880/811 802/879/810
f 68/880/811 44/422/398 362/421/397
f 802/879/810 362/421/397 363/431/407
f 805/872/803 363/431/407 364/430/406
f 364/430/406 53/323/303 182/881/812
f 808/875/806 182/881/812 183/882/813
f 807/876/807 183/882/813 184/883/814
f 806/874/805 184/883/814 21/668/625
f 803/870/801 806/874/805 71/642/599
f 800/871/802 803/870/801 72/640/597
f 809/884/815 810/887/818 813/885/816
f 810/887/818 811/894/825 814/888/819
f 812/886/817 813/885/816 816/889/820
f 813/885/816 814/888/819 817/891/822
f 11/296/276 115/892/823 809/884/815
f 115/892/823 114/893/824 810/887/818
f 114/893/824 113/895/826 811/894/825
f 113/895/826 47/215/207 365/380/360
f 811/894/825 365/380/360 366/391/367
f 814/888/819 366/391/367 367/389/365
f 817/891/822 367/389/365 52/390/366
f 817/891/822 164/864/795 165/862/793
f 816/889/820 165/862/793 166/863/794
f 101/189/185 815/890/821 166/863/794
f 102/188/184 812/886/817 815/890/821
f 103/187/183 809/884/815 812/886/817
f 818/896/827 819/900/831 822/897/828
f 820/899/830 823/904/835 822/897/828
f 821/898/829 822/897/828 825/901/832
f 822/897/828 823/904/835 826/903/834
f 184/883/814 818/896/827 169/669/626
f 183/882/813 819/900/831 818/896/827
f 182/881/812 820/899/830 819/900/831
f 53/323/303 368/322/302 820/899/830
f 368/322/302 369/331/311 823/904/835
f 369/331/311 370/330/310 826/903/834
f 370/330/310 51/227/219 155/905/836
f 825/901/832 826/903/834 155/905/836
f 824/902/833 825/901/832 156/906/837
f 167/670/627 824/902/833 157/907/838
f 168/671/628 821/898/829 824/902/833
f 818/896/827 821/898/829 168/671/628
f 827/908/839 828/911/842 831/909/840
f 828/911/842 829/918/849 832/912/843
f 830/910/841 831/909/840 834/913/844
f 831/909/840 832/912/843 835/915/846
f 9/687/644 118/916/847 827/908/839
f 118/916/847 117/917/848 828/911/842
f 117/917/848 116/919/850 829/918/849
f 116/919/850 48/239/231 371/305/285
f 829/918/849 371/305/285 372/312/292
f 832/912/843 372/312/292 373/311/291
f 835/915/846 373/311/291 50/33/33
f 834/913/844 835/915/846 140/920/851
f 833/914/845 834/913/844 141/921/852
f 95/689/646 833/914/845 142/922/853
f 96/688/645 830/910/841 833/914/845
f 97/685/642 827/908/839 830/910/841
f 836/923/854 837/927/858 840/924/855
f 838/926/857 841/929/860 840/924/855
f 840/924/855 843/930/861 842/928/859
f 841/929/860 844/934/865 843/930/861
f 5/114/114 88/931/862 836/923/854
f 88/931/862 87/932/863 837/927/858
f 87/932/863 86/933/864 838/926/857
f 46/251/70 374/250/241 838/926/857
f 374/250/241 375/260/248 841/929/860
f 375/260/248 376/259/247 844/934/865
f 376/259/247 49/203/199 131/935/866
f 844/934/865 131/935/866 132/936/867
f 843/930/861 132/936/867 133/937/868
f 842/928/859 133/937/868 14/119/119
f 839/925/856 842/928/859 89/117/117
f 91/115/115 836/923/854 839/925/856
f 845/938/869 846/941/872 849/939/870
f 846/941/872 847/946/877 850/942/873
f 848/940/871 849/939/870 852/943/874
f 849/939/870 850/942/873 853/945/876
f 17/672/629 157/907/838 845/938/869
f 157/907/838 156/906/837 846/941/872
f 156/906/837 155/905/836 847/946/877
f 155/905/836 51/227/219 377/226/218
f 847/946/877 377/226/218 378/240/232
f 850/942/873 378/240/232 379/238/230
f 853/945/876 379/238/230 48/239/231
f 852/943/874 853/945/876 116/919/850
f 851/944/875 852/943/874 117/917/848
f 143/723/680 851/944/875 118/916/847
f 144/722/679 848/940/871 851/944/875
f 145/721/678 845/938/869 848/940/871
f 854/947/878 855/950/881 858/948/879
f 855/950/881 856/955/886 859/951/882
f 857/949/880 858/948/879 861/952/883
f 858/948/879 859/951/882 862/954/885
f 133/937/868 854/947/878 124/293/273
f 132/936/867 855/950/881 854/947/878
f 131/935/866 856/955/886 855/950/881
f 49/203/199 380/202/198 856/955/886
f 380/202/198 381/216/208 859/951/882
f 859/951/882 381/216/208 382/214/206
f 862/954/885 382/214/206 47/215/207
f 861/952/883 862/954/885 113/895/826
f 860/953/884 861/952/883 114/893/824
f 122/295/275 860/953/884 115/892/823
f 123/294/274 857/949/880 860/953/884
f 124/293/273 854/947/878 857/949/880
f 864/956/887 867/960/891 866/957/888
f 865/959/890 868/962/893 867/960/891
f 867/960/891 870/963/894 869/961/892
f 868/962/893 871/964/895 870/963/894
f 24/349/329 190/868/799 863/958/889
f 189/867/798 864/956/887 863/958/889
f 188/866/797 865/959/890 864/956/887
f 54/83/83 383/82/82 865/959/890
f 383/82/82 384/96/96 868/962/893
f 384/96/96 385/94/94 871/964/895
f 385/94/94 43/95/95 301/965/896
f 871/964/895 301/965/896 300/966/897
f 870/963/894 300/966/897 299/967/898
f 176/408/384 869/961/892 299/967/898
f 177/407/383 866/957/888 869/961/892
f 178/406/382 863/958/889 866/957/888
f 872/968/899 873/972/903 876/969/900
f 874/971/902 877/977/907 876/969/900
f 875/970/901 876/969/900 879/973/904
f 876/969/900 877/977/907 880/975/906
f 31/799/747 298/798/746 872/968/899
f 297/797/745 873/972/903 872/968/899
f 296/796/744 874/971/902 873/972/903
f 58/59/59 386/58/58 874/971/902
f 386/58/58 387/72/72 877/977/907
f 387/72/72 388/71/71 880/975/906
f 388/71/71 46/70/70 86/978/864
f 879/973/904 880/975/906 86/978/864
f 878/974/905 879/973/904 87/979/863
f 221/981/113 878/974/905 88/980/862
f 222/983/112 875/970/901 878/974/905
f 223/976/111 872/968/899 875/970/901
f 881/984/908 882/987/911 885/985/909
f 882/987/911 883/991/915 886/988/912
f 885/985/909 888/990/914 887/989/913
f 886/988/912 889/992/916 888/990/914
f 15/690/647 142/922/853 881/984/908
f 142/922/853 141/921/852 882/987/911
f 141/921/852 140/920/851 883/991/915
f 140/920/851 50/33/33 389/34/34
f 883/991/915 389/34/34 390/48/48
f 886/988/912 390/48/48 391/46/46
f 889/992/916 391/46/46 45/47/47
f 889/992/916 77/993/742 78/994/741
f 888/990/914 78/994/741 79/995/740
f 887/989/913 79/995/740 7/758/715
f 126/756/713 884/986/910 887/989/913
f 127/755/712 881/984/908 884/986/910
f 890/996/917 891/1000/921 894/997/918
f 892/999/920 895/1008/929 894/997/918
f 893/998/919 894/997/918 897/1001/922
f 894/997/918 895/1008/929 898/1003/924
f 900/1004/925 928/1006/927 890/996/917
f 929/1005/926 891/1000/921 890/996/917
f 930/1007/928 892/999/920 891/1000/921
f 906/8/8 392/9/9 892/999/920
f 392/9/9 393/24/24 895/1008/929
f 393/24/24 394/22/22 898/1003/924
f 898/1003/924 394/22/22 56/23/23
f 897/1001/922 898/1003/924 340/1009/455
f 896/1002/923 897/1001/922 339/1010/454
f 206/527/498 896/1002/923 338/1011/453
f 207/526/497 893/998/919 896/1002/923
f 208/525/496 890/996/917 893/998/919
f 44/422/398 906/8/8 930/1007/928
f 304/420/396 930/1007/928 929/1005/926
f 302/424/400 303/423/399 929/1005/926
f 4/742/699 302/424/400 928/1006/927
f 43/95/95 905/497/468 927/833/774
f 301/965/896 927/833/774 926/832/773
f 300/966/897 926/832/773 925/830/771
f 299/967/898 925/830/771 902/831/772
f 220/1012/930 30/134/134 904/519/490
f 220/1012/930 924/587/553 923/586/552
f 219/136/136 923/586/552 922/583/551
f 218/137/137 922/583/551 901/585/471
f 29/402/378 903/543/511 921/569/537
f 217/646/603 921/569/537 920/568/536
f 216/647/604 920/568/536 919/567/535
f 215/638/595 919/567/535 899/13/13
f 61/410/386 1/409/385 902/831/772
f 60/411/387 61/410/386 918/548/516
f 59/401/377 60/411/387 917/546/514
f 29/402/378 59/401/377 916/545/513
f 67/743/700 4/742/699 900/1004/925
f 66/744/701 67/743/700 915/524/495
f 65/746/703 66/744/701 914/522/493
f 30/134/134 65/746/703 913/521/492
f 2/1013/138 901/500/471 912/499/470
f 64/91/91 912/499/470 911/498/469
f 62/93/93 63/92/92 911/498/469
f 62/93/93 910/495/466 905/497/468
f 3/637/594 899/13/13 909/11/11
f 69/878/809 70/877/808 909/11/11
f 68/880/811 69/878/809 908/12/12
f 44/422/398 68/880/811 907/10/10
